block,period,structure,n_lines,max_share_on_one_leg,model_expected_return,model_sd,model_p_full_loss,model_p_positive,model_exp_log_growth_2pct,realised_return,realised_ci_lo,realised_ci_hi,delta_star_pp,vs_singles_f0.01,vs_singles_f0.02,vs_singles_f0.05,maxdd_f2pct,p_below_half_f5pct
tennis_atp|HIGH_P|N5|SYNTH_M0,development,SINGLES,5,0.2,0.0,0.195639,0.0002,0.55388,-8e-06,0.00047,-0.0249507,0.0261503,0.0,SAME,SAME,SAME,0.0558,0.0
tennis_atp|HIGH_P|N5|SYNTH_M0,development,ACC_2,1,1.0,0.0,0.501012,0.204763,0.795237,-5.6e-05,0.04015,-0.0246723,0.0999753,0.0,NO_DIFFERENCE_DETECTED,NO_DIFFERENCE_DETECTED,NO_DIFFERENCE_DETECTED,0.151,0.006
tennis_atp|HIGH_P|N5|SYNTH_M0,development,ACC_3,1,1.0,0.0,0.710005,0.329938,0.670062,-0.000111,0.03193,-0.0573959,0.1241258,0.0,NO_DIFFERENCE_DETECTED,NO_DIFFERENCE_DETECTED,NO_DIFFERENCE_DETECTED,0.1202,0.126
tennis_atp|HIGH_P|N5|SYNTH_M0,development,ACC_4,1,1.0,0.0,0.940986,0.452532,0.547468,-0.000192,0.03361,-0.0915257,0.1594634,0.0,NO_DIFFERENCE_DETECTED,NO_DIFFERENCE_DETECTED,NO_DIFFERENCE_DETECTED,0.2333,0.278
tennis_atp|HIGH_P|N5|SYNTH_M0,development,ACC_5,1,1.0,0.0,1.208735,0.566098,0.433902,-0.000314,0.03997,-0.1155819,0.2097364,0.0,NO_DIFFERENCE_DETECTED,NO_DIFFERENCE_DETECTED,NO_DIFFERENCE_DETECTED,0.3798,0.482
tennis_atp|HIGH_P|N5|SYNTH_M0,development,DBL12+SINGLES,4,0.25,0.0,0.246798,0.002431,0.544346,-1.3e-05,0.00159,-0.031419,0.0346699,0.0,NO_DIFFERENCE_DETECTED,NO_DIFFERENCE_DETECTED,NO_DIFFERENCE_DETECTED,0.0702,0.002
tennis_atp|HIGH_P|N5|SYNTH_M0,development,2DBL+SINGLE,3,0.333,-0.0,0.337836,0.019282,0.5198,-2.4e-05,0.01126,-0.033294,0.0539239,0.0,NO_DIFFERENCE_DETECTED,NO_DIFFERENCE_DETECTED,NO_DIFFERENCE_DETECTED,0.0942,0.0
tennis_atp|HIGH_P|N5|SYNTH_M0,development,TBL123+SINGLES,3,0.333,-0.0,0.339067,0.018348,0.507053,-2.4e-05,-0.0008,-0.0460053,0.044919,0.0,NO_DIFFERENCE_DETECTED,NO_DIFFERENCE_DETECTED,NO_DIFFERENCE_DETECTED,0.1102,0.036
tennis_atp|HIGH_P|N5|SYNTH_M0,development,RR_TREBLES,10,0.6,0.0,0.617919,0.038686,0.437315,-8.1e-05,0.00819,-0.0708091,0.0904682,0.0,NO_DIFFERENCE_DETECTED,NO_DIFFERENCE_DETECTED,NO_DIFFERENCE_DETECTED,0.193,0.184
tennis_atp|HIGH_P|N5|SYNTH_M0,development,RR_DOUBLES,10,0.4,0.0,0.396428,0.004282,0.483011,-3.3e-05,0.00243,-0.0498521,0.0548947,0.0,NO_DIFFERENCE_DETECTED,NO_DIFFERENCE_DETECTED,NO_DIFFERENCE_DETECTED,0.1188,0.036
tennis_atp|HIGH_P|N5|SYNTH_M0,development,FULL_COVER,26,0.577,0.0,0.599209,0.004282,0.434265,-7.6e-05,0.00948,-0.0707069,0.0893088,0.0,NO_DIFFERENCE_DETECTED,NO_DIFFERENCE_DETECTED,NO_DIFFERENCE_DETECTED,0.1902,0.18
tennis_atp|HIGH_P|N5|SYNTH_M0,development,FULL_COVER+SINGLES,31,0.516,0.0,0.532399,0.0002,0.435005,-6e-05,0.00802,-0.0651761,0.0795907,0.0,NO_DIFFERENCE_DETECTED,NO_DIFFERENCE_DETECTED,NO_DIFFERENCE_DETECTED,0.1691,0.088
tennis_atp|HIGH_P|N5|SYNTH_M0,holdout,SINGLES,5,0.2,-0.0,0.19101,0.000159,0.550035,-8e-06,-0.0152,-0.0471283,0.0164662,0.0,SAME,SAME,SAME,0.105,0.0
tennis_atp|HIGH_P|N5|SYNTH_M0,holdout,ACC_2,1,1.0,0.0,0.473788,0.188454,0.811546,-5.1e-05,0.02085,-0.0622435,0.0963761,0.0,NO_DIFFERENCE_DETECTED,NO_DIFFERENCE_DETECTED,NO_DIFFERENCE_DETECTED,0.1325,0.014
tennis_atp|HIGH_P|N5|SYNTH_M0,holdout,ACC_3,1,1.0,0.0,0.679343,0.311853,0.688147,-0.000102,-0.03868,-0.1549268,0.0665737,0.0,NO_DIFFERENCE_DETECTED,NO_DIFFERENCE_DETECTED,NO_DIFFERENCE_DETECTED,0.2799,0.342
tennis_atp|HIGH_P|N5|SYNTH_M0,holdout,ACC_4,1,1.0,0.0,0.906571,0.435672,0.564328,-0.000179,-0.10765,-0.260183,0.0416175,0.0,NO_DIFFERENCE_DETECTED,NO_DIFFERENCE_DETECTED,NO_DIFFERENCE_DETECTED,0.452,0.798
tennis_atp|HIGH_P|N5|SYNTH_M0,holdout,ACC_5,1,1.0,0.0,1.167094,0.550751,0.449249,-0.000293,-0.04689,-0.2324756,0.1416865,0.0,NO_DIFFERENCE_DETECTED,NO_DIFFERENCE_DETECTED,NO_DIFFERENCE_DETECTED,0.4878,0.624
tennis_atp|HIGH_P|N5|SYNTH_M0,holdout,DBL12+SINGLES,4,0.25,-0.0,0.240697,0.002086,0.5389,-1.2e-05,-0.01458,-0.0538923,0.0238371,0.0,NO_DIFFERENCE_DETECTED,NO_DIFFERENCE_DETECTED,NO_DIFFERENCE_DETECTED,0.1176,0.0
tennis_atp|HIGH_P|N5|SYNTH_M0,holdout,2DBL+SINGLE,3,0.333,-0.0,0.32929,0.016994,0.516931,-2.3e-05,-0.03161,-0.0932362,0.0230582,0.0,NO_DIFFERENCE_DETECTED,NO_DIFFERENCE_DETECTED,NO_DIFFERENCE_DETECTED,0.1834,0.034
tennis_atp|HIGH_P|N5|SYNTH_M0,holdout,TBL123+SINGLES,3,0.333,-0.0,0.329807,0.01666,0.512018,-2.3e-05,-0.02163,-0.0737046,0.0342324,0.0,NO_DIFFERENCE_DETECTED,NO_DIFFERENCE_DETECTED,NO_DIFFERENCE_DETECTED,0.1437,0.014
tennis_atp|HIGH_P|N5|SYNTH_M0,holdout,RR_TREBLES,10,0.6,0.0,0.601722,0.034321,0.450273,-7.7e-05,-0.03902,-0.137168,0.0685602,0.0,NO_DIFFERENCE_DETECTED,NO_DIFFERENCE_DETECTED,NO_DIFFERENCE_DETECTED,0.3028,0.284
tennis_atp|HIGH_P|N5|SYNTH_M0,holdout,RR_DOUBLES,10,0.4,0.0,0.386787,0.003607,0.491171,-3.2e-05,-0.02872,-0.0951041,0.0365151,0.0,NO_DIFFERENCE_DETECTED,NO_DIFFERENCE_DETECTED,NO_DIFFERENCE_DETECTED,0.2063,0.044
tennis_atp|HIGH_P|N5|SYNTH_M0,holdout,FULL_COVER,26,0.577,0.0,0.583211,0.003607,0.449249,-7.2e-05,-0.03658,-0.1334425,0.0629405,0.0,NO_DIFFERENCE_DETECTED,NO_DIFFERENCE_DETECTED,NO_DIFFERENCE_DETECTED,0.295,0.23
tennis_atp|HIGH_P|N5|SYNTH_M0,holdout,FULL_COVER+SINGLES,31,0.516,0.0,0.51836,0.000159,0.449526,-5.7e-05,-0.03313,-0.119472,0.0558043,0.0,NO_DIFFERENCE_DETECTED,NO_DIFFERENCE_DETECTED,NO_DIFFERENCE_DETECTED,0.2671,0.19
tennis_atp|HIGH_P|N5|SYNTH_M0,all,SINGLES,5,0.2,0.0,0.193856,0.000184,0.552399,-8e-06,-0.00557,-0.025771,0.0149898,0.0,SAME,SAME,SAME,0.105,0.002
tennis_atp|HIGH_P|N5|SYNTH_M0,all,ACC_2,1,1.0,0.0,0.490525,0.198481,0.801519,-5.4e-05,0.03272,-0.017467,0.082528,0.0,NO_DIFFERENCE_DETECTED,NO_DIFFERENCE_DETECTED,NO_DIFFERENCE_DETECTED,0.151,0.038
tennis_atp|HIGH_P|N5|SYNTH_M0,all,ACC_3,1,1.0,0.0,0.698194,0.322971,0.677029,-0.000107,0.00473,-0.0703625,0.0744549,0.0,NO_DIFFERENCE_DETECTED,NO_DIFFERENCE_DETECTED,NO_DIFFERENCE_DETECTED,0.336,0.398
tennis_atp|HIGH_P|N5|SYNTH_M0,all,ACC_4,1,1.0,0.0,0.927729,0.446038,0.553962,-0.000187,-0.02081,-0.1102863,0.0759884,0.0,NO_DIFFERENCE_DETECTED,NO_DIFFERENCE_DETECTED,NO_DIFFERENCE_DETECTED,0.4685,0.774
tennis_atp|HIGH_P|N5|SYNTH_M0,all,ACC_5,1,1.0,0.0,1.192694,0.560186,0.439814,-0.000305,0.00651,-0.1173726,0.1361595,0.0,NO_DIFFERENCE_DETECTED,NO_DIFFERENCE_DETECTED,NO_DIFFERENCE_DETECTED,0.4878,0.728
tennis_atp|HIGH_P|N5|SYNTH_M0,all,DBL12+SINGLES,4,0.25,0.0,0.244448,0.002298,0.542248,-1.3e-05,-0.00464,-0.0325204,0.0195971,0.0,NO_DIFFERENCE_DETECTED,NO_DIFFERENCE_DETECTED,NO_DIFFERENCE_DETECTED,0.1176,0.014
tennis_atp|HIGH_P|N5|SYNTH_M0,all,2DBL+SINGLE,3,0.333,-0.0,0.334544,0.018401,0.518695,-2.4e-05,-0.00525,-0.0394667,0.0294182,0.0,NO_DIFFERENCE_DETECTED,NO_DIFFERENCE_DETECTED,NO_DIFFERENCE_DETECTED,0.1834,0.104
tennis_atp|HIGH_P|N5|SYNTH_M0,all,TBL123+SINGLES,3,0.333,-0.0,0.3355,0.017698,0.508966,-2.4e-05,-0.00882,-0.0429881,0.0265165,0.0,NO_DIFFERENCE_DETECTED,NO_DIFFERENCE_DETECTED,NO_DIFFERENCE_DETECTED,0.1437,0.116
tennis_atp|HIGH_P|N5|SYNTH_M0,all,RR_TREBLES,10,0.6,0.0,0.61168,0.037005,0.442307,-7.9e-05,-0.01,-0.0740566,0.0550377,0.0,NO_DIFFERENCE_DETECTED,NO_DIFFERENCE_DETECTED,NO_DIFFERENCE_DETECTED,0.3028,0.482
tennis_atp|HIGH_P|N5|SYNTH_M0,all,RR_DOUBLES,10,0.4,0.0,0.392714,0.004022,0.486154,-3.3e-05,-0.00957,-0.0519405,0.0312911,0.0,NO_DIFFERENCE_DETECTED,NO_DIFFERENCE_DETECTED,NO_DIFFERENCE_DETECTED,0.2063,0.198
tennis_atp|HIGH_P|N5|SYNTH_M0,all,FULL_COVER,26,0.577,0.0,0.593047,0.004022,0.440037,-7.4e-05,-0.00826,-0.0669865,0.0557844,0.0,NO_DIFFERENCE_DETECTED,NO_DIFFERENCE_DETECTED,NO_DIFFERENCE_DETECTED,0.295,0.424
tennis_atp|HIGH_P|N5|SYNTH_M0,all,FULL_COVER+SINGLES,31,0.516,0.0,0.526991,0.000184,0.440598,-5.9e-05,-0.00783,-0.0620279,0.0461091,0.0,NO_DIFFERENCE_DETECTED,NO_DIFFERENCE_DETECTED,NO_DIFFERENCE_DETECTED,0.2671,0.348
tennis_atp|HIGH_P|N5|SYNTH_M5,development,SINGLES,5,0.2,-0.047619,0.186323,0.0002,0.445773,-0.00096,-0.04718,-0.0713817,-0.022714,0.0,SAME,SAME,SAME,0.2078,0.252
tennis_atp|HIGH_P|N5|SYNTH_M5,development,ACC_2,1,1.0,-0.092971,0.454432,0.204763,0.598076,-0.001907,-0.05655,-0.1153491,-0.00229,0.0,NO_DIFFERENCE_DETECTED,NO_DIFFERENCE_DETECTED,NO_DIFFERENCE_DETECTED,0.2997,0.646
tennis_atp|HIGH_P|N5|SYNTH_M5,development,ACC_3,1,1.0,-0.136162,0.613329,0.329938,0.581174,-0.00281,-0.10858,-0.1857432,-0.0289379,0.0,NO_DIFFERENCE_DETECTED,NO_DIFFERENCE_DETECTED,SINGLES_BETTER,0.4382,0.962
tennis_atp|HIGH_P|N5|SYNTH_M5,development,ACC_4,1,1.0,-0.177298,0.774152,0.452532,0.501865,-0.003683,-0.14965,-0.2525959,-0.0461066,0.0,SINGLES_BETTER,SINGLES_BETTER,SINGLES_BETTER,0.5417,0.984
tennis_atp|HIGH_P|N5|SYNTH_M5,development,ACC_5,1,1.0,-0.216474,0.947075,0.566098,0.414066,-0.004534,-0.18515,-0.3070353,-0.0521399,0.0,SINGLES_BETTER,SINGLES_BETTER,SINGLES_BETTER,0.633,0.994
tennis_atp|HIGH_P|N5|SYNTH_M5,development,DBL12+SINGLES,4,0.25,-0.058957,0.232152,0.002431,0.43516,-0.001191,-0.0579,-0.0892117,-0.0266287,0.0,SINGLES_BETTER,SINGLES_BETTER,SINGLES_BETTER,0.2493,0.568
tennis_atp|HIGH_P|N5|SYNTH_M5,development,2DBL+SINGLE,3,0.333,-0.077853,0.310785,0.019282,0.434646,-0.001579,-0.06798,-0.1088905,-0.0286896,0.0,SINGLES_BETTER,SINGLES_BETTER,SINGLES_BETTER,0.2904,0.782
tennis_atp|HIGH_P|N5|SYNTH_M5,development,TBL123+SINGLES,3,0.333,-0.077133,0.308529,0.018348,0.43662,-0.001564,-0.07884,-0.1201296,-0.0373616,0.0,SINGLES_BETTER,SINGLES_BETTER,SINGLES_BETTER,0.3242,0.89
tennis_atp|HIGH_P|N5|SYNTH_M5,development,RR_TREBLES,10,0.6,-0.136162,0.533782,0.038686,0.414066,-0.002788,-0.12909,-0.1973299,-0.0580126,0.0,SINGLES_BETTER,SINGLES_BETTER,SINGLES_BETTER,0.4784,0.984
tennis_atp|HIGH_P|N5|SYNTH_M5,development,RR_DOUBLES,10,0.4,-0.092971,0.359572,0.004282,0.418834,-0.001889,-0.09077,-0.1381878,-0.0431794,0.0,SINGLES_BETTER,SINGLES_BETTER,SINGLES_BETTER,0.364,0.958
tennis_atp|HIGH_P|N5|SYNTH_M5,development,FULL_COVER,26,0.577,-0.13055,0.513641,0.004282,0.414066,-0.002671,-0.1226,-0.1912706,-0.054177,0.0,SINGLES_BETTER,SINGLES_BETTER,SINGLES_BETTER,0.4612,0.984
tennis_atp|HIGH_P|N5|SYNTH_M5,development,FULL_COVER+SINGLES,31,0.516,-0.117174,0.459277,0.0002,0.414066,-0.002391,-0.11044,-0.1736845,-0.0487663,0.0,SINGLES_BETTER,SINGLES_BETTER,SINGLES_BETTER,0.4259,0.984
tennis_atp|HIGH_P|N5|SYNTH_M5,holdout,SINGLES,5,0.2,-0.047619,0.181914,0.000159,0.439454,-0.00096,-0.0621,-0.0925031,-0.031937,0.0,SAME,SAME,SAME,0.1911,0.04
tennis_atp|HIGH_P|N5|SYNTH_M5,holdout,ACC_2,1,1.0,-0.092971,0.42974,0.188454,0.618175,-0.001903,-0.07405,-0.1494272,-0.0055545,0.0,NO_DIFFERENCE_DETECTED,NO_DIFFERENCE_DETECTED,NO_DIFFERENCE_DETECTED,0.2427,0.42
tennis_atp|HIGH_P|N5|SYNTH_M5,holdout,ACC_3,1,1.0,-0.136162,0.586842,0.311853,0.592355,-0.002803,-0.16958,-0.269994,-0.0786535,0.0,SINGLES_BETTER,SINGLES_BETTER,SINGLES_BETTER,0.4385,0.972
tennis_atp|HIGH_P|N5|SYNTH_M5,holdout,ACC_4,1,1.0,-0.177298,0.745838,0.435672,0.512912,-0.003674,-0.26586,-0.3913507,-0.1430587,0.0,SINGLES_BETTER,SINGLES_BETTER,SINGLES_BETTER,0.5845,0.998
tennis_atp|HIGH_P|N5|SYNTH_M5,holdout,ACC_5,1,1.0,-0.216474,0.914448,0.550751,0.416724,-0.004521,-0.25321,-0.3986246,-0.1054587,0.0,SINGLES_BETTER,SINGLES_BETTER,SINGLES_BETTER,0.6163,0.994
tennis_atp|HIGH_P|N5|SYNTH_M5,holdout,DBL12+SINGLES,4,0.25,-0.058957,0.226561,0.002086,0.430233,-0.001191,-0.07308,-0.1100616,-0.0367224,0.0,SINGLES_BETTER,SINGLES_BETTER,SINGLES_BETTER,0.2215,0.172
tennis_atp|HIGH_P|N5|SYNTH_M5,holdout,2DBL+SINGLE,3,0.333,-0.077853,0.303025,0.016994,0.431015,-0.001578,-0.10676,-0.1635592,-0.0561013,0.0,SINGLES_BETTER,SINGLES_BETTER,SINGLES_BETTER,0.3028,0.78
tennis_atp|HIGH_P|N5|SYNTH_M5,holdout,TBL123+SINGLES,3,0.333,-0.077133,0.300531,0.01666,0.43314,-0.001563,-0.09659,-0.1435343,-0.0457986,0.0,SINGLES_BETTER,SINGLES_BETTER,SINGLES_BETTER,0.2726,0.718
tennis_atp|HIGH_P|N5|SYNTH_M5,holdout,RR_TREBLES,10,0.6,-0.136162,0.51979,0.034321,0.416724,-0.002784,-0.16987,-0.2546533,-0.0769375,0.0,SINGLES_BETTER,SINGLES_BETTER,SINGLES_BETTER,0.4557,0.976
tennis_atp|HIGH_P|N5|SYNTH_M5,holdout,RR_DOUBLES,10,0.4,-0.092971,0.350827,0.003607,0.417748,-0.001887,-0.11902,-0.1792327,-0.0598502,0.0,SINGLES_BETTER,SINGLES_BETTER,SINGLES_BETTER,0.3399,0.864
tennis_atp|HIGH_P|N5|SYNTH_M5,holdout,FULL_COVER,26,0.577,-0.13055,0.499983,0.003607,0.416724,-0.002668,-0.16212,-0.2453177,-0.076641,0.0,SINGLES_BETTER,SINGLES_BETTER,SINGLES_BETTER,0.441,0.982
tennis_atp|HIGH_P|N5|SYNTH_M5,holdout,FULL_COVER+SINGLES,31,0.516,-0.117174,0.447227,0.000159,0.416724,-0.002389,-0.14599,-0.2204107,-0.0692501,0.0,SINGLES_BETTER,SINGLES_BETTER,SINGLES_BETTER,0.4063,0.962
tennis_atp|HIGH_P|N5|SYNTH_M5,all,SINGLES,5,0.2,-0.047619,0.184625,0.000184,0.443339,-0.00096,-0.05292,-0.0721629,-0.033343,0.0,SAME,SAME,SAME,0.3454,0.97
tennis_atp|HIGH_P|N5|SYNTH_M5,all,ACC_2,1,1.0,-0.092971,0.444921,0.198481,0.605819,-0.001906,-0.06329,-0.1088136,-0.0181152,0.0,NO_DIFFERENCE_DETECTED,NO_DIFFERENCE_DETECTED,NO_DIFFERENCE_DETECTED,0.4504,0.97
tennis_atp|HIGH_P|N5|SYNTH_M5,all,ACC_3,1,1.0,-0.136162,0.603126,0.322971,0.585481,-0.002807,-0.13208,-0.1969442,-0.0718454,0.0,SINGLES_BETTER,SINGLES_BETTER,SINGLES_BETTER,0.6828,1.0
tennis_atp|HIGH_P|N5|SYNTH_M5,all,ACC_4,1,1.0,-0.177298,0.763245,0.446038,0.50612,-0.00368,-0.19442,-0.2680303,-0.1147817,0.0,SINGLES_BETTER,SINGLES_BETTER,SINGLES_BETTER,0.806,1.0
tennis_atp|HIGH_P|N5|SYNTH_M5,all,ACC_5,1,1.0,-0.216474,0.934507,0.560186,0.41509,-0.004529,-0.21137,-0.3084384,-0.1097893,0.0,SINGLES_BETTER,SINGLES_BETTER,SINGLES_BETTER,0.8354,1.0
tennis_atp|HIGH_P|N5|SYNTH_M5,all,DBL12+SINGLES,4,0.25,-0.058957,0.229998,0.002298,0.433262,-0.001191,-0.06375,-0.0899138,-0.0408873,0.0,SINGLES_BETTER,SINGLES_BETTER,SINGLES_BETTER,0.4006,0.998
tennis_atp|HIGH_P|N5|SYNTH_M5,all,2DBL+SINGLE,3,0.333,-0.077853,0.307796,0.018401,0.433247,-0.001578,-0.08292,-0.1143501,-0.0512662,0.0,SINGLES_BETTER,SINGLES_BETTER,SINGLES_BETTER,0.488,0.998
tennis_atp|HIGH_P|N5|SYNTH_M5,all,TBL123+SINGLES,3,0.333,-0.077133,0.305448,0.017698,0.43528,-0.001564,-0.08568,-0.1172215,-0.0535936,0.0,SINGLES_BETTER,SINGLES_BETTER,SINGLES_BETTER,0.4974,1.0
tennis_atp|HIGH_P|N5|SYNTH_M5,all,RR_TREBLES,10,0.6,-0.136162,0.528392,0.037005,0.41509,-0.002786,-0.1448,-0.2001353,-0.0886188,0.0,SINGLES_BETTER,SINGLES_BETTER,SINGLES_BETTER,0.6938,1.0
tennis_atp|HIGH_P|N5|SYNTH_M5,all,RR_DOUBLES,10,0.4,-0.092971,0.356203,0.004022,0.418415,-0.001888,-0.10165,-0.1400821,-0.0645886,0.0,SINGLES_BETTER,SINGLES_BETTER,SINGLES_BETTER,0.5598,1.0
tennis_atp|HIGH_P|N5|SYNTH_M5,all,FULL_COVER,26,0.577,-0.13055,0.50838,0.004022,0.41509,-0.002669,-0.13783,-0.1881575,-0.0827579,0.0,SINGLES_BETTER,SINGLES_BETTER,SINGLES_BETTER,0.6763,1.0
tennis_atp|HIGH_P|N5|SYNTH_M5,all,FULL_COVER+SINGLES,31,0.516,-0.117174,0.454635,0.000184,0.41509,-0.00239,-0.12413,-0.1708394,-0.0778781,0.0,SINGLES_BETTER,SINGLES_BETTER,SINGLES_BETTER,0.6368,1.0
tennis_atp|HIGH_P|N5|SYNTH_EDGE3,development,SINGLES,5,0.2,0.03,0.201508,0.0002,0.617833,0.000591,0.03048,0.0043007,0.0569348,2.425,SAME,SAME,SAME,0.0385,0.0
tennis_atp|HIGH_P|N5|SYNTH_EDGE3,development,ACC_2,1,1.0,0.0609,0.531523,0.204763,0.795237,0.001154,0.1035,0.0347251,0.1669637,2.58,STRUCTURE_BETTER,STRUCTURE_BETTER,STRUCTURE_BETTER,0.1016,0.0
tennis_atp|HIGH_P|N5|SYNTH_EDGE3,development,ACC_3,1,1.0,0.092727,0.775841,0.329938,0.670062,0.001721,0.12762,0.0300089,0.2283626,2.524,STRUCTURE_BETTER,STRUCTURE_BETTER,NO_DIFFERENCE_DETECTED,0.1089,0.018
tennis_atp|HIGH_P|N5|SYNTH_EDGE3,development,ACC_4,1,1.0,0.125509,1.059088,0.452532,0.547468,0.002265,0.16333,0.0224958,0.3049862,2.473,STRUCTURE_BETTER,NO_DIFFERENCE_DETECTED,NO_DIFFERENCE_DETECTED,0.1803,0.032
tennis_atp|HIGH_P|N5|SYNTH_EDGE3,development,ACC_5,1,1.0,0.159274,1.401255,0.566098,0.433902,0.002763,0.20562,0.0252829,0.4024161,2.425,NO_DIFFERENCE_DETECTED,NO_DIFFERENCE_DETECTED,NO_DIFFERENCE_DETECTED,0.341,0.12
tennis_atp|HIGH_P|N5|SYNTH_EDGE3,development,DBL12+SINGLES,4,0.25,0.037725,0.25623,0.002431,0.612857,0.00074,0.03967,0.0054681,0.074193,2.425,STRUCTURE_BETTER,STRUCTURE_BETTER,STRUCTURE_BETTER,0.0484,0.0
tennis_atp|HIGH_P|N5|SYNTH_EDGE3,development,2DBL+SINGLE,3,0.333,0.0506,0.355523,0.019282,0.569723,0.000985,0.06277,0.0160272,0.1073408,2.425,STRUCTURE_BETTER,STRUCTURE_BETTER,STRUCTURE_BETTER,0.067,0.0
tennis_atp|HIGH_P|N5|SYNTH_EDGE3,development,TBL123+SINGLES,3,0.333,0.050909,0.359839,0.018348,0.539898,0.00099,0.05075,0.0025126,0.099296,2.425,NO_DIFFERENCE_DETECTED,NO_DIFFERENCE_DETECTED,NO_DIFFERENCE_DETECTED,0.0835,0.0
tennis_atp|HIGH_P|N5|SYNTH_EDGE3,development,RR_TREBLES,10,0.6,0.092727,0.675217,0.038686,0.457529,0.001757,0.10168,0.015352,0.191584,2.425,STRUCTURE_BETTER,STRUCTURE_BETTER,NO_DIFFERENCE_DETECTED,0.1517,0.006
tennis_atp|HIGH_P|N5|SYNTH_EDGE3,development,RR_DOUBLES,10,0.4,0.0609,0.42057,0.004282,0.543931,0.00118,0.06348,0.0080119,0.1191378,2.425,STRUCTURE_BETTER,STRUCTURE_BETTER,NO_DIFFERENCE_DETECTED,0.0896,0.0
tennis_atp|HIGH_P|N5|SYNTH_EDGE3,development,FULL_COVER,26,0.577,0.08935,0.658457,0.004282,0.440058,0.001694,0.09991,0.0115329,0.1874862,2.425,STRUCTURE_BETTER,STRUCTURE_BETTER,NO_DIFFERENCE_DETECTED,0.1493,0.014
tennis_atp|HIGH_P|N5|SYNTH_EDGE3,development,FULL_COVER+SINGLES,31,0.516,0.079777,0.582942,0.0002,0.444045,0.001523,0.08871,0.008638,0.1670693,2.425,STRUCTURE_BETTER,STRUCTURE_BETTER,NO_DIFFERENCE_DETECTED,0.1319,0.0
tennis_atp|HIGH_P|N5|SYNTH_EDGE3,holdout,SINGLES,5,0.2,0.03,0.19674,0.000159,0.608651,0.000592,0.01434,-0.0185421,0.0469602,2.444,SAME,SAME,SAME,0.0609,0.0
tennis_atp|HIGH_P|N5|SYNTH_EDGE3,holdout,ACC_2,1,1.0,0.0609,0.502642,0.188454,0.811546,0.00116,0.08302,-0.0051342,0.1631454,2.607,NO_DIFFERENCE_DETECTED,NO_DIFFERENCE_DETECTED,NO_DIFFERENCE_DETECTED,0.0905,0.0
tennis_atp|HIGH_P|N5|SYNTH_EDGE3,holdout,ACC_3,1,1.0,0.092727,0.742337,0.311853,0.688147,0.001732,0.05046,-0.0765657,0.1654739,2.548,NO_DIFFERENCE_DETECTED,NO_DIFFERENCE_DETECTED,NO_DIFFERENCE_DETECTED,0.2298,0.052
tennis_atp|HIGH_P|N5|SYNTH_EDGE3,holdout,ACC_4,1,1.0,0.125509,1.020354,0.435672,0.564328,0.002282,0.00435,-0.1673295,0.1723497,2.494,NO_DIFFERENCE_DETECTED,NO_DIFFERENCE_DETECTED,NO_DIFFERENCE_DETECTED,0.3838,0.346
tennis_atp|HIGH_P|N5|SYNTH_EDGE3,holdout,ACC_5,1,1.0,0.159274,1.352981,0.550751,0.449249,0.00279,0.10492,-0.1102289,0.3235276,2.444,NO_DIFFERENCE_DETECTED,NO_DIFFERENCE_DETECTED,NO_DIFFERENCE_DETECTED,0.3937,0.2
tennis_atp|HIGH_P|N5|SYNTH_EDGE3,holdout,DBL12+SINGLES,4,0.25,0.037725,0.249793,0.002086,0.602999,0.000741,0.02286,-0.0178479,0.062653,2.444,NO_DIFFERENCE_DETECTED,NO_DIFFERENCE_DETECTED,NO_DIFFERENCE_DETECTED,0.0629,0.0
tennis_atp|HIGH_P|N5|SYNTH_EDGE3,holdout,2DBL+SINGLE,3,0.333,0.0506,0.34646,0.016994,0.558287,0.000986,0.01722,-0.0478453,0.0744368,2.444,NO_DIFFERENCE_DETECTED,NO_DIFFERENCE_DETECTED,NO_DIFFERENCE_DETECTED,0.1184,0.0
tennis_atp|HIGH_P|N5|SYNTH_EDGE3,holdout,TBL123+SINGLES,3,0.333,0.050909,0.349705,0.01666,0.537972,0.000992,0.02782,-0.0273996,0.0869019,2.444,NO_DIFFERENCE_DETECTED,NO_DIFFERENCE_DETECTED,NO_DIFFERENCE_DETECTED,0.0813,0.0
tennis_atp|HIGH_P|N5|SYNTH_EDGE3,holdout,RR_TREBLES,10,0.6,0.092727,0.657518,0.034321,0.464089,0.001762,0.05009,-0.0571602,0.1676446,2.444,NO_DIFFERENCE_DETECTED,NO_DIFFERENCE_DETECTED,NO_DIFFERENCE_DETECTED,0.2077,0.03
tennis_atp|HIGH_P|N5|SYNTH_EDGE3,holdout,RR_DOUBLES,10,0.4,0.0609,0.410342,0.003607,0.543314,0.001182,0.03043,-0.0399959,0.0996389,2.444,NO_DIFFERENCE_DETECTED,NO_DIFFERENCE_DETECTED,NO_DIFFERENCE_DETECTED,0.1298,0.004
tennis_atp|HIGH_P|N5|SYNTH_EDGE3,holdout,FULL_COVER,26,0.577,0.08935,0.640832,0.003607,0.451003,0.001699,0.04932,-0.0569851,0.1585455,2.444,NO_DIFFERENCE_DETECTED,NO_DIFFERENCE_DETECTED,NO_DIFFERENCE_DETECTED,0.2043,0.02
tennis_atp|HIGH_P|N5|SYNTH_EDGE3,holdout,FULL_COVER+SINGLES,31,0.516,0.079777,0.567523,0.000159,0.452961,0.001526,0.04368,-0.0510057,0.1410448,2.444,NO_DIFFERENCE_DETECTED,NO_DIFFERENCE_DETECTED,NO_DIFFERENCE_DETECTED,0.1823,0.006
tennis_atp|HIGH_P|N5|SYNTH_EDGE3,all,SINGLES,5,0.2,0.03,0.199672,0.000184,0.614296,0.000591,0.02426,0.0034558,0.0454395,2.432,SAME,SAME,SAME,0.0609,0.0
tennis_atp|HIGH_P|N5|SYNTH_EDGE3,all,ACC_2,1,1.0,0.0609,0.520398,0.198481,0.801519,0.001157,0.09561,0.0423692,0.1484539,2.591,STRUCTURE_BETTER,STRUCTURE_BETTER,STRUCTURE_BETTER,0.1016,0.0
tennis_atp|HIGH_P|N5|SYNTH_EDGE3,all,ACC_3,1,1.0,0.092727,0.762935,0.322971,0.677029,0.001725,0.09789,0.01584,0.1740859,2.534,STRUCTURE_BETTER,STRUCTURE_BETTER,NO_DIFFERENCE_DETECTED,0.2298,0.018
tennis_atp|HIGH_P|N5|SYNTH_EDGE3,all,ACC_4,1,1.0,0.125509,1.044167,0.446038,0.553962,0.002271,0.10209,0.0013806,0.2110344,2.481,NO_DIFFERENCE_DETECTED,NO_DIFFERENCE_DETECTED,NO_DIFFERENCE_DETECTED,0.3838,0.156
tennis_atp|HIGH_P|N5|SYNTH_EDGE3,all,ACC_5,1,1.0,0.159274,1.38266,0.560186,0.439814,0.002773,0.16683,0.023207,0.3171202,2.433,STRUCTURE_BETTER,NO_DIFFERENCE_DETECTED,NO_DIFFERENCE_DETECTED,0.3937,0.184
tennis_atp|HIGH_P|N5|SYNTH_EDGE3,all,DBL12+SINGLES,4,0.25,0.037725,0.25375,0.002298,0.60906,0.000741,0.0332,0.0044245,0.0583635,2.432,STRUCTURE_BETTER,STRUCTURE_BETTER,STRUCTURE_BETTER,0.0629,0.0
tennis_atp|HIGH_P|N5|SYNTH_EDGE3,all,2DBL+SINGLE,3,0.333,0.0506,0.352032,0.018401,0.565318,0.000985,0.04523,0.0091614,0.081598,2.432,STRUCTURE_BETTER,STRUCTURE_BETTER,STRUCTURE_BETTER,0.1184,0.0
tennis_atp|HIGH_P|N5|SYNTH_EDGE3,all,TBL123+SINGLES,3,0.333,0.050909,0.355935,0.017698,0.539156,0.000991,0.04192,0.0059296,0.0797594,2.432,NO_DIFFERENCE_DETECTED,NO_DIFFERENCE_DETECTED,NO_DIFFERENCE_DETECTED,0.0835,0.0
tennis_atp|HIGH_P|N5|SYNTH_EDGE3,all,RR_TREBLES,10,0.6,0.092727,0.668399,0.037005,0.460056,0.001759,0.0818,0.0118033,0.1528682,2.432,STRUCTURE_BETTER,STRUCTURE_BETTER,NO_DIFFERENCE_DETECTED,0.2077,0.014
tennis_atp|HIGH_P|N5|SYNTH_EDGE3,all,RR_DOUBLES,10,0.4,0.0609,0.41663,0.004022,0.543693,0.001181,0.05075,0.0057963,0.0940967,2.432,STRUCTURE_BETTER,STRUCTURE_BETTER,NO_DIFFERENCE_DETECTED,0.1298,0.0
tennis_atp|HIGH_P|N5|SYNTH_EDGE3,all,FULL_COVER,26,0.577,0.08935,0.651668,0.004022,0.444274,0.001696,0.08042,0.0162066,0.1506283,2.432,STRUCTURE_BETTER,STRUCTURE_BETTER,STRUCTURE_BETTER,0.2043,0.014
tennis_atp|HIGH_P|N5|SYNTH_EDGE3,all,FULL_COVER+SINGLES,31,0.516,0.079777,0.577003,0.000184,0.447479,0.001524,0.07136,0.0120987,0.1306262,2.432,STRUCTURE_BETTER,STRUCTURE_BETTER,NO_DIFFERENCE_DETECTED,0.1823,0.002
tennis_atp|HIGH_P|N3|SYNTH_M0,development,SINGLES,3,0.333,-0.0,0.249368,0.005212,0.603105,-1.3e-05,0.02354,0.0005852,0.0465965,0.0,SAME,SAME,SAME,0.0615,0.0
tennis_atp|HIGH_P|N3|SYNTH_M0,development,ACC_2,1,1.0,0.0,0.57939,0.252783,0.747217,-7.4e-05,0.05001,-0.0052689,0.1036611,0.0,NO_DIFFERENCE_DETECTED,NO_DIFFERENCE_DETECTED,NO_DIFFERENCE_DETECTED,0.2267,0.02
tennis_atp|HIGH_P|N3|SYNTH_M0,development,ACC_3,1,1.0,0.0,0.827508,0.396895,0.603105,-0.000148,0.07045,-0.0056862,0.1503467,0.0,NO_DIFFERENCE_DETECTED,NO_DIFFERENCE_DETECTED,NO_DIFFERENCE_DETECTED,0.2205,0.108
tennis_atp|HIGH_P|N3|SYNTH_M0,development,DBL12+SINGLES,2,0.5,-0.0,0.383281,0.057213,0.603105,-3.2e-05,0.03632,0.0011056,0.0692826,0.0,NO_DIFFERENCE_DETECTED,NO_DIFFERENCE_DETECTED,NO_DIFFERENCE_DETECTED,0.1022,0.0
tennis_atp|HIGH_P|N3|SYNTH_M0,development,RR_DOUBLES,3,0.667,-0.0,0.511597,0.073528,0.603105,-5.6e-05,0.04681,-0.0022688,0.0962319,0.0,NO_DIFFERENCE_DETECTED,NO_DIFFERENCE_DETECTED,NO_DIFFERENCE_DETECTED,0.1244,0.018
tennis_atp|HIGH_P|N3|SYNTH_M0,development,FULL_COVER,4,0.75,0.0,0.58699,0.073528,0.603105,-7.4e-05,0.05272,-0.0047887,0.1048211,0.0,NO_DIFFERENCE_DETECTED,NO_DIFFERENCE_DETECTED,NO_DIFFERENCE_DETECTED,0.1435,0.03
tennis_atp|HIGH_P|N3|SYNTH_M0,development,FULL_COVER+SINGLES,7,0.571,0.0,0.438719,0.005212,0.603105,-4.1e-05,0.04021,-0.0019428,0.0818952,0.0,NO_DIFFERENCE_DETECTED,NO_DIFFERENCE_DETECTED,NO_DIFFERENCE_DETECTED,0.1058,0.008
tennis_atp|HIGH_P|N3|SYNTH_M0,holdout,SINGLES,3,0.333,-0.0,0.242968,0.00484,0.617395,-1.3e-05,0.00415,-0.0262501,0.0323572,0.0,SAME,SAME,SAME,0.1295,0.0
tennis_atp|HIGH_P|N3|SYNTH_M0,holdout,ACC_2,1,1.0,0.0,0.558899,0.240208,0.759792,-7e-05,-0.01406,-0.0806767,0.0531029,0.0,NO_DIFFERENCE_DETECTED,NO_DIFFERENCE_DETECTED,NO_DIFFERENCE_DETECTED,0.2345,0.32
tennis_atp|HIGH_P|N3|SYNTH_M0,holdout,ACC_3,1,1.0,0.0,0.803359,0.382605,0.617395,-0.000141,-0.00182,-0.0969284,0.0951758,0.0,NO_DIFFERENCE_DETECTED,NO_DIFFERENCE_DETECTED,NO_DIFFERENCE_DETECTED,0.3414,0.442
tennis_atp|HIGH_P|N3|SYNTH_M0,holdout,DBL12+SINGLES,2,0.5,0.0,0.373126,0.053423,0.617909,-3e-05,0.00837,-0.0347991,0.050553,0.0,NO_DIFFERENCE_DETECTED,NO_DIFFERENCE_DETECTED,NO_DIFFERENCE_DETECTED,0.1679,0.014
tennis_atp|HIGH_P|N3|SYNTH_M0,holdout,RR_DOUBLES,3,0.667,-0.0,0.497996,0.06872,0.617395,-5.3e-05,0.00498,-0.0550494,0.0619699,0.0,NO_DIFFERENCE_DETECTED,NO_DIFFERENCE_DETECTED,NO_DIFFERENCE_DETECTED,0.2365,0.116
tennis_atp|HIGH_P|N3|SYNTH_M0,holdout,FULL_COVER,4,0.75,0.0,0.570976,0.06872,0.617395,-7e-05,0.00328,-0.0688141,0.0702191,0.0,NO_DIFFERENCE_DETECTED,NO_DIFFERENCE_DETECTED,NO_DIFFERENCE_DETECTED,0.2633,0.224
tennis_atp|HIGH_P|N3|SYNTH_M0,holdout,FULL_COVER+SINGLES,7,0.571,0.0,0.427047,0.00484,0.617395,-3.9e-05,0.00365,-0.0456745,0.0525098,0.0,NO_DIFFERENCE_DETECTED,NO_DIFFERENCE_DETECTED,NO_DIFFERENCE_DETECTED,0.2082,0.082
tennis_atp|HIGH_P|N3|SYNTH_M0,all,SINGLES,3,0.333,-0.0,0.246836,0.005065,0.608758,-1.3e-05,0.01587,-0.0005874,0.0334636,0.0,SAME,SAME,SAME,0.1295,0.0
tennis_atp|HIGH_P|N3|SYNTH_M0,all,ACC_2,1,1.0,0.0,0.571284,0.247809,0.752191,-7.2e-05,0.02467,-0.0178939,0.0657731,0.0,NO_DIFFERENCE_DETECTED,NO_DIFFERENCE_DETECTED,NO_DIFFERENCE_DETECTED,0.2345,0.18
tennis_atp|HIGH_P|N3|SYNTH_M0,all,ACC_3,1,1.0,0.0,0.817954,0.391242,0.608758,-0.000145,0.04186,-0.0183206,0.0998491,0.0,NO_DIFFERENCE_DETECTED,NO_DIFFERENCE_DETECTED,NO_DIFFERENCE_DETECTED,0.3414,0.296
tennis_atp|HIGH_P|N3|SYNTH_M0,all,DBL12+SINGLES,2,0.5,0.0,0.379263,0.055713,0.608962,-3.1e-05,0.02526,-0.0021965,0.0531394,0.0,NO_DIFFERENCE_DETECTED,NO_DIFFERENCE_DETECTED,NO_DIFFERENCE_DETECTED,0.1679,0.008
tennis_atp|HIGH_P|N3|SYNTH_M0,all,RR_DOUBLES,3,0.667,-0.0,0.506217,0.071626,0.608758,-5.5e-05,0.03026,-0.0077932,0.067632,0.0,NO_DIFFERENCE_DETECTED,NO_DIFFERENCE_DETECTED,NO_DIFFERENCE_DETECTED,0.2365,0.052
tennis_atp|HIGH_P|N3|SYNTH_M0,all,FULL_COVER,4,0.75,0.0,0.580655,0.071626,0.608758,-7.3e-05,0.03316,-0.0103173,0.074856,0.0,NO_DIFFERENCE_DETECTED,NO_DIFFERENCE_DETECTED,NO_DIFFERENCE_DETECTED,0.2633,0.126
tennis_atp|HIGH_P|N3|SYNTH_M0,all,FULL_COVER+SINGLES,7,0.571,0.0,0.434102,0.005065,0.608758,-4e-05,0.02575,-0.0062779,0.0574602,0.0,NO_DIFFERENCE_DETECTED,NO_DIFFERENCE_DETECTED,NO_DIFFERENCE_DETECTED,0.2082,0.038
tennis_atp|HIGH_P|N3|SYNTH_M5,development,SINGLES,3,0.333,-0.047619,0.237494,0.005212,0.554419,-0.000965,-0.0252,-0.0470617,-0.0032415,0.0,SAME,SAME,SAME,0.2168,0.392
tennis_atp|HIGH_P|N3|SYNTH_M5,development,ACC_2,1,1.0,-0.092971,0.525524,0.252783,0.639226,-0.001922,-0.04761,-0.0977496,0.0010532,0.0,NO_DIFFERENCE_DETECTED,NO_DIFFERENCE_DETECTED,NO_DIFFERENCE_DETECTED,0.4244,0.884
tennis_atp|HIGH_P|N3|SYNTH_M5,development,ACC_3,1,1.0,-0.136162,0.714832,0.396895,0.554419,-0.002838,-0.07531,-0.1410744,-0.0062872,0.0,SINGLES_BETTER,SINGLES_BETTER,SINGLES_BETTER,0.5249,0.976
tennis_atp|HIGH_P|N3|SYNTH_M5,development,DBL12+SINGLES,2,0.5,-0.070295,0.355144,0.057213,0.554419,-0.001434,-0.03684,-0.0695026,-0.0059783,0.0,NO_DIFFERENCE_DETECTED,SINGLES_BETTER,SINGLES_BETTER,0.304,0.722
tennis_atp|HIGH_P|N3|SYNTH_M5,development,RR_DOUBLES,3,0.667,-0.092971,0.464034,0.073528,0.554419,-0.001907,-0.05051,-0.0950284,-0.0056853,0.0,SINGLES_BETTER,SINGLES_BETTER,SINGLES_BETTER,0.3889,0.886
tennis_atp|HIGH_P|N3|SYNTH_M5,development,FULL_COVER,4,0.75,-0.103768,0.523584,0.073528,0.554419,-0.002137,-0.05671,-0.1079756,-0.0103171,0.0,SINGLES_BETTER,SINGLES_BETTER,SINGLES_BETTER,0.425,0.95
tennis_atp|HIGH_P|N3|SYNTH_M5,development,FULL_COVER+SINGLES,7,0.571,-0.079704,0.397675,0.005212,0.554419,-0.001629,-0.04321,-0.0813209,-0.0055178,0.0,SINGLES_BETTER,SINGLES_BETTER,SINGLES_BETTER,0.3423,0.85
tennis_atp|HIGH_P|N3|SYNTH_M5,holdout,SINGLES,3,0.333,-0.047619,0.231398,0.00484,0.564168,-0.000964,-0.04367,-0.0726192,-0.0168026,0.0,SAME,SAME,SAME,0.2442,0.472
tennis_atp|HIGH_P|N3|SYNTH_M5,holdout,ACC_2,1,1.0,-0.092971,0.506938,0.240208,0.64874,-0.001919,-0.10572,-0.1661467,-0.0448046,0.0,SINGLES_BETTER,SINGLES_BETTER,SINGLES_BETTER,0.4739,0.988
tennis_atp|HIGH_P|N3|SYNTH_M5,holdout,ACC_3,1,1.0,-0.136162,0.693972,0.382605,0.564168,-0.002833,-0.13773,-0.2198928,-0.053946,0.0,SINGLES_BETTER,SINGLES_BETTER,SINGLES_BETTER,0.5753,0.998
tennis_atp|HIGH_P|N3|SYNTH_M5,holdout,DBL12+SINGLES,2,0.5,-0.070295,0.345886,0.053423,0.564168,-0.001433,-0.062,-0.1016004,-0.0233097,0.0,SINGLES_BETTER,SINGLES_BETTER,SINGLES_BETTER,0.3327,0.858
tennis_atp|HIGH_P|N3|SYNTH_M5,holdout,RR_DOUBLES,3,0.667,-0.092971,0.451697,0.06872,0.564168,-0.001905,-0.08846,-0.1429019,-0.036762,0.0,SINGLES_BETTER,SINGLES_BETTER,SINGLES_BETTER,0.4247,0.97
tennis_atp|HIGH_P|N3|SYNTH_M5,holdout,FULL_COVER,4,0.75,-0.103768,0.509313,0.06872,0.564168,-0.002134,-0.10077,-0.1649939,-0.0410036,0.0,SINGLES_BETTER,SINGLES_BETTER,SINGLES_BETTER,0.4641,0.986
tennis_atp|HIGH_P|N3|SYNTH_M5,holdout,FULL_COVER+SINGLES,7,0.571,-0.079704,0.387112,0.00484,0.564168,-0.001628,-0.0763,-0.1210709,-0.0320436,0.0,SINGLES_BETTER,SINGLES_BETTER,SINGLES_BETTER,0.3784,0.932
tennis_atp|HIGH_P|N3|SYNTH_M5,all,SINGLES,3,0.333,-0.047619,0.235082,0.005065,0.558276,-0.000965,-0.03251,-0.0481785,-0.0157489,0.0,SAME,SAME,SAME,0.3918,0.968
tennis_atp|HIGH_P|N3|SYNTH_M5,all,ACC_2,1,1.0,-0.092971,0.518171,0.247809,0.64299,-0.001921,-0.0706,-0.1092008,-0.0333124,0.0,SINGLES_BETTER,SINGLES_BETTER,SINGLES_BETTER,0.6626,1.0
tennis_atp|HIGH_P|N3|SYNTH_M5,all,ACC_3,1,1.0,-0.136162,0.70658,0.391242,0.558276,-0.002836,-0.1,-0.1519884,-0.049909,0.0,SINGLES_BETTER,SINGLES_BETTER,SINGLES_BETTER,0.795,1.0
tennis_atp|HIGH_P|N3|SYNTH_M5,all,DBL12+SINGLES,2,0.5,-0.070295,0.351482,0.055713,0.558276,-0.001434,-0.04679,-0.0721726,-0.0209493,0.0,SINGLES_BETTER,SINGLES_BETTER,SINGLES_BETTER,0.5143,0.996
tennis_atp|HIGH_P|N3|SYNTH_M5,all,RR_DOUBLES,3,0.667,-0.092971,0.459153,0.071626,0.558276,-0.001907,-0.06552,-0.1000392,-0.0316263,0.0,SINGLES_BETTER,SINGLES_BETTER,SINGLES_BETTER,0.6388,1.0
tennis_atp|HIGH_P|N3|SYNTH_M5,all,FULL_COVER,4,0.75,-0.103768,0.517938,0.071626,0.558276,-0.002135,-0.07414,-0.1128904,-0.0369818,0.0,SINGLES_BETTER,SINGLES_BETTER,SINGLES_BETTER,0.6857,1.0
tennis_atp|HIGH_P|N3|SYNTH_M5,all,FULL_COVER+SINGLES,7,0.571,-0.079704,0.393497,0.005065,0.558276,-0.001629,-0.0563,-0.0852392,-0.0276122,0.0,SINGLES_BETTER,SINGLES_BETTER,SINGLES_BETTER,0.5814,1.0
tennis_atp|HIGH_P|N3|SYNTH_EDGE3,development,SINGLES,3,0.333,0.03,0.256849,0.005212,0.603105,0.000586,0.05424,0.0306028,0.0779944,2.431,SAME,SAME,SAME,0.0514,0.0
tennis_atp|HIGH_P|N3|SYNTH_EDGE3,development,ACC_2,1,1.0,0.0609,0.614675,0.252783,0.747217,0.001134,0.11396,0.0553102,0.1708741,2.496,STRUCTURE_BETTER,STRUCTURE_BETTER,STRUCTURE_BETTER,0.1805,0.0
tennis_atp|HIGH_P|N3|SYNTH_EDGE3,development,ACC_3,1,1.0,0.092727,0.90424,0.396895,0.603105,0.001676,0.16971,0.0865135,0.2570149,2.431,STRUCTURE_BETTER,STRUCTURE_BETTER,STRUCTURE_BETTER,0.1742,0.006
tennis_atp|HIGH_P|N3|SYNTH_EDGE3,development,DBL12+SINGLES,2,0.5,0.04545,0.401625,0.057213,0.604831,0.000874,0.08363,0.0466164,0.118244,2.431,STRUCTURE_BETTER,STRUCTURE_BETTER,STRUCTURE_BETTER,0.0738,0.0
tennis_atp|HIGH_P|N3|SYNTH_EDGE3,development,RR_DOUBLES,3,0.667,0.0609,0.542753,0.073528,0.603105,0.001154,0.11056,0.0584931,0.1629924,2.431,STRUCTURE_BETTER,STRUCTURE_BETTER,STRUCTURE_BETTER,0.1089,0.0
tennis_atp|HIGH_P|N3|SYNTH_EDGE3,development,FULL_COVER,4,0.75,0.068857,0.629249,0.073528,0.603105,0.001291,0.12535,0.0637472,0.1812584,2.431,STRUCTURE_BETTER,STRUCTURE_BETTER,STRUCTURE_BETTER,0.122,0.0
tennis_atp|HIGH_P|N3|SYNTH_EDGE3,development,FULL_COVER+SINGLES,7,0.571,0.052204,0.465895,0.005212,0.603105,0.000997,0.09487,0.050056,0.1392406,2.431,STRUCTURE_BETTER,STRUCTURE_BETTER,STRUCTURE_BETTER,0.0922,0.0
tennis_atp|HIGH_P|N3|SYNTH_EDGE3,holdout,SINGLES,3,0.333,0.03,0.250257,0.00484,0.617395,0.000586,0.03427,0.0029624,0.063328,2.449,SAME,SAME,SAME,0.0874,0.0
tennis_atp|HIGH_P|N3|SYNTH_EDGE3,holdout,ACC_2,1,1.0,0.0609,0.592936,0.240208,0.759792,0.001139,0.04599,-0.0246899,0.1172369,2.515,NO_DIFFERENCE_DETECTED,NO_DIFFERENCE_DETECTED,NO_DIFFERENCE_DETECTED,0.1583,0.038
tennis_atp|HIGH_P|N3|SYNTH_EDGE3,holdout,ACC_3,1,1.0,0.092727,0.877852,0.382605,0.617395,0.001685,0.09074,-0.0131893,0.1967281,2.449,NO_DIFFERENCE_DETECTED,NO_DIFFERENCE_DETECTED,NO_DIFFERENCE_DETECTED,0.2492,0.076
tennis_atp|HIGH_P|N3|SYNTH_EDGE3,holdout,DBL12+SINGLES,2,0.5,0.04545,0.39088,0.053423,0.618428,0.000876,0.05386,0.0085198,0.0980754,2.449,STRUCTURE_BETTER,NO_DIFFERENCE_DETECTED,NO_DIFFERENCE_DETECTED,0.1055,0.0
tennis_atp|HIGH_P|N3|SYNTH_EDGE3,holdout,RR_DOUBLES,3,0.667,0.0609,0.528324,0.06872,0.617395,0.001157,0.06618,0.0024981,0.1266439,2.449,NO_DIFFERENCE_DETECTED,NO_DIFFERENCE_DETECTED,NO_DIFFERENCE_DETECTED,0.162,0.004
tennis_atp|HIGH_P|N3|SYNTH_EDGE3,holdout,FULL_COVER,4,0.75,0.068857,0.612072,0.06872,0.617395,0.001295,0.07232,-0.0050258,0.1440345,2.449,NO_DIFFERENCE_DETECTED,NO_DIFFERENCE_DETECTED,NO_DIFFERENCE_DETECTED,0.1843,0.01
tennis_atp|HIGH_P|N3|SYNTH_EDGE3,holdout,FULL_COVER+SINGLES,7,0.571,0.052204,0.453487,0.00484,0.617395,0.000999,0.05601,0.0036803,0.1079746,2.449,NO_DIFFERENCE_DETECTED,NO_DIFFERENCE_DETECTED,NO_DIFFERENCE_DETECTED,0.1425,0.002
tennis_atp|HIGH_P|N3|SYNTH_EDGE3,all,SINGLES,3,0.333,0.03,0.254241,0.005065,0.608758,0.000586,0.04634,0.029395,0.0644676,2.438,SAME,SAME,SAME,0.0874,0.0
tennis_atp|HIGH_P|N3|SYNTH_EDGE3,all,ACC_2,1,1.0,0.0609,0.606075,0.247809,0.752191,0.001136,0.08707,0.0419164,0.1306786,2.504,STRUCTURE_BETTER,STRUCTURE_BETTER,NO_DIFFERENCE_DETECTED,0.1805,0.008
tennis_atp|HIGH_P|N3|SYNTH_EDGE3,all,ACC_3,1,1.0,0.092727,0.893801,0.391242,0.608758,0.00168,0.13847,0.0727076,0.2018348,2.438,STRUCTURE_BETTER,STRUCTURE_BETTER,STRUCTURE_BETTER,0.2492,0.016
tennis_atp|HIGH_P|N3|SYNTH_EDGE3,all,DBL12+SINGLES,2,0.5,0.04545,0.397374,0.055713,0.61021,0.000875,0.07185,0.0431857,0.1010172,2.438,STRUCTURE_BETTER,STRUCTURE_BETTER,STRUCTURE_BETTER,0.1055,0.0
tennis_atp|HIGH_P|N3|SYNTH_EDGE3,all,RR_DOUBLES,3,0.667,0.0609,0.537045,0.071626,0.608758,0.001155,0.09301,0.0526322,0.1326508,2.438,STRUCTURE_BETTER,STRUCTURE_BETTER,STRUCTURE_BETTER,0.162,0.0
tennis_atp|HIGH_P|N3|SYNTH_EDGE3,all,FULL_COVER,4,0.75,0.068857,0.622454,0.071626,0.608758,0.001293,0.10437,0.0577497,0.1490894,2.438,STRUCTURE_BETTER,STRUCTURE_BETTER,STRUCTURE_BETTER,0.1843,0.004
tennis_atp|HIGH_P|N3|SYNTH_EDGE3,all,FULL_COVER+SINGLES,7,0.571,0.052204,0.460986,0.005065,0.608758,0.000998,0.0795,0.0454357,0.1132157,2.438,STRUCTURE_BETTER,STRUCTURE_BETTER,STRUCTURE_BETTER,0.1425,0.0
tennis_wta|HIGH_P|N5|SYNTH_M0,development,SINGLES,5,0.2,0.0,0.20327,0.000199,0.52079,-9e-06,-0.00896,-0.040022,0.0188395,0.0,SAME,SAME,SAME,0.0814,0.0
tennis_wta|HIGH_P|N5|SYNTH_M0,development,ACC_2,1,1.0,0.0,0.539436,0.226708,0.773292,-6.2e-05,-0.02183,-0.097987,0.056411,0.0,NO_DIFFERENCE_DETECTED,NO_DIFFERENCE_DETECTED,NO_DIFFERENCE_DETECTED,0.2901,0.216
tennis_wta|HIGH_P|N5|SYNTH_M0,development,ACC_3,1,1.0,0.0,0.756259,0.358958,0.641042,-0.000121,-0.03367,-0.1418703,0.0761769,0.0,NO_DIFFERENCE_DETECTED,NO_DIFFERENCE_DETECTED,NO_DIFFERENCE_DETECTED,0.3507,0.43
tennis_wta|HIGH_P|N5|SYNTH_M0,development,ACC_4,1,1.0,0.0,0.992744,0.484876,0.515124,-0.000206,-0.03179,-0.1649902,0.1111077,0.0,NO_DIFFERENCE_DETECTED,NO_DIFFERENCE_DETECTED,NO_DIFFERENCE_DETECTED,0.3426,0.582
tennis_wta|HIGH_P|N5|SYNTH_M0,development,ACC_5,1,1.0,0.0,1.260983,0.596484,0.403516,-0.00033,-0.07455,-0.2362397,0.0904723,0.0,NO_DIFFERENCE_DETECTED,NO_DIFFERENCE_DETECTED,NO_DIFFERENCE_DETECTED,0.4543,0.832
tennis_wta|HIGH_P|N5|SYNTH_M0,development,DBL12+SINGLES,4,0.25,0.0,0.256633,0.002479,0.502498,-1.4e-05,-0.01749,-0.0558244,0.0197054,0.0,NO_DIFFERENCE_DETECTED,SINGLES_BETTER,SINGLES_BETTER,0.1199,0.002
tennis_wta|HIGH_P|N5|SYNTH_M0,development,2DBL+SINGLE,3,0.333,0.0,0.351399,0.020365,0.485577,-2.6e-05,-0.02856,-0.0796941,0.0251852,0.0,NO_DIFFERENCE_DETECTED,NO_DIFFERENCE_DETECTED,NO_DIFFERENCE_DETECTED,0.1675,0.106
tennis_wta|HIGH_P|N5|SYNTH_M0,development,TBL123+SINGLES,3,0.333,0.0,0.353208,0.019082,0.481104,-2.6e-05,-0.02323,-0.0752993,0.0275422,0.0,NO_DIFFERENCE_DETECTED,NO_DIFFERENCE_DETECTED,NO_DIFFERENCE_DETECTED,0.1618,0.068
tennis_wta|HIGH_P|N5|SYNTH_M0,development,RR_TREBLES,10,0.6,0.0,0.642756,0.041011,0.407332,-8.5e-05,-0.03307,-0.121055,0.0546178,0.0,NO_DIFFERENCE_DETECTED,NO_DIFFERENCE_DETECTED,NO_DIFFERENCE_DETECTED,0.2526,0.378
tennis_wta|HIGH_P|N5|SYNTH_M0,development,RR_DOUBLES,10,0.4,0.0,0.412013,0.004414,0.442842,-3.5e-05,-0.01977,-0.0772004,0.0349217,0.0,NO_DIFFERENCE_DETECTED,NO_DIFFERENCE_DETECTED,NO_DIFFERENCE_DETECTED,0.1642,0.098
tennis_wta|HIGH_P|N5|SYNTH_M0,development,FULL_COVER,26,0.577,0.0,0.623392,0.004414,0.40377,-8e-05,-0.03289,-0.1173945,0.0508908,0.0,NO_DIFFERENCE_DETECTED,NO_DIFFERENCE_DETECTED,NO_DIFFERENCE_DETECTED,0.2484,0.36
tennis_wta|HIGH_P|N5|SYNTH_M0,development,FULL_COVER+SINGLES,31,0.516,0.0,0.553803,0.000199,0.404365,-6.3e-05,-0.02903,-0.1054511,0.0473511,0.0,NO_DIFFERENCE_DETECTED,NO_DIFFERENCE_DETECTED,NO_DIFFERENCE_DETECTED,0.2232,0.274
tennis_wta|HIGH_P|N5|SYNTH_M0,holdout,SINGLES,5,0.2,0.0,0.19863,0.000201,0.532865,-8e-06,-0.00074,-0.0321981,0.0296679,0.0,SAME,SAME,SAME,0.039,0.0
tennis_wta|HIGH_P|N5|SYNTH_M0,holdout,ACC_2,1,1.0,0.0,0.516942,0.212993,0.787007,-5.9e-05,-0.00189,-0.0982795,0.0928698,0.0,NO_DIFFERENCE_DETECTED,NO_DIFFERENCE_DETECTED,NO_DIFFERENCE_DETECTED,0.1467,0.026
tennis_wta|HIGH_P|N5|SYNTH_M0,holdout,ACC_3,1,1.0,0.0,0.728567,0.340778,0.659222,-0.000115,0.00605,-0.1220344,0.1367874,0.0,NO_DIFFERENCE_DETECTED,NO_DIFFERENCE_DETECTED,NO_DIFFERENCE_DETECTED,0.1228,0.114
tennis_wta|HIGH_P|N5|SYNTH_M0,holdout,ACC_4,1,1.0,0.0,0.958795,0.463685,0.536315,-0.000197,0.00469,-0.1696206,0.1862532,0.0,NO_DIFFERENCE_DETECTED,NO_DIFFERENCE_DETECTED,NO_DIFFERENCE_DETECTED,0.2394,0.216
tennis_wta|HIGH_P|N5|SYNTH_M0,holdout,ACC_5,1,1.0,-0.0,1.226625,0.578552,0.421448,-0.000318,-0.08756,-0.2754665,0.1299551,0.0,NO_DIFFERENCE_DETECTED,NO_DIFFERENCE_DETECTED,NO_DIFFERENCE_DETECTED,0.3196,0.692
tennis_wta|HIGH_P|N5|SYNTH_M0,holdout,DBL12+SINGLES,4,0.25,-0.0,0.250698,0.002383,0.520369,-1.3e-05,-0.00314,-0.0433414,0.0368122,0.0,NO_DIFFERENCE_DETECTED,NO_DIFFERENCE_DETECTED,NO_DIFFERENCE_DETECTED,0.055,0.0
tennis_wta|HIGH_P|N5|SYNTH_M0,holdout,2DBL+SINGLE,3,0.333,-0.0,0.343071,0.019244,0.497854,-2.5e-05,0.00438,-0.0517039,0.058161,0.0,NO_DIFFERENCE_DETECTED,NO_DIFFERENCE_DETECTED,NO_DIFFERENCE_DETECTED,0.0744,0.0
tennis_wta|HIGH_P|N5|SYNTH_M0,holdout,TBL123+SINGLES,3,0.333,-0.0,0.344692,0.018088,0.486938,-2.5e-05,-0.00393,-0.0594763,0.0523789,0.0,NO_DIFFERENCE_DETECTED,NO_DIFFERENCE_DETECTED,NO_DIFFERENCE_DETECTED,0.0842,0.002
tennis_wta|HIGH_P|N5|SYNTH_M0,holdout,RR_TREBLES,10,0.6,0.0,0.627315,0.038888,0.430322,-8.2e-05,-0.03095,-0.1437636,0.0805525,0.0,NO_DIFFERENCE_DETECTED,NO_DIFFERENCE_DETECTED,NO_DIFFERENCE_DETECTED,0.154,0.112
tennis_wta|HIGH_P|N5|SYNTH_M0,holdout,RR_DOUBLES,10,0.4,0.0,0.402479,0.004274,0.470892,-3.4e-05,-0.01137,-0.0797621,0.0520673,0.0,NO_DIFFERENCE_DETECTED,NO_DIFFERENCE_DETECTED,NO_DIFFERENCE_DETECTED,0.0887,0.002
tennis_wta|HIGH_P|N5|SYNTH_M0,holdout,FULL_COVER,26,0.577,0.0,0.608303,0.004274,0.42243,-7.7e-05,-0.03069,-0.12556,0.0745123,0.0,NO_DIFFERENCE_DETECTED,NO_DIFFERENCE_DETECTED,NO_DIFFERENCE_DETECTED,0.1513,0.128
tennis_wta|HIGH_P|N5|SYNTH_M0,holdout,FULL_COVER+SINGLES,31,0.516,0.0,0.540484,0.000201,0.42402,-6.1e-05,-0.02586,-0.1144017,0.0673895,0.0,NO_DIFFERENCE_DETECTED,NO_DIFFERENCE_DETECTED,NO_DIFFERENCE_DETECTED,0.1333,0.052
tennis_wta|HIGH_P|N5|SYNTH_M0,all,SINGLES,5,0.2,0.0,0.201472,0.0002,0.525469,-8e-06,-0.00578,-0.0267555,0.015648,0.0,SAME,SAME,SAME,0.0902,0.0
tennis_wta|HIGH_P|N5|SYNTH_M0,all,ACC_2,1,1.0,0.0,0.53072,0.221393,0.778607,-6.1e-05,-0.0141,-0.0759779,0.0446777,0.0,NO_DIFFERENCE_DETECTED,NO_DIFFERENCE_DETECTED,NO_DIFFERENCE_DETECTED,0.2901,0.336
tennis_wta|HIGH_P|N5|SYNTH_M0,all,ACC_3,1,1.0,0.0,0.745529,0.351913,0.648087,-0.000119,-0.01828,-0.1007657,0.0678491,0.0,NO_DIFFERENCE_DETECTED,NO_DIFFERENCE_DETECTED,NO_DIFFERENCE_DETECTED,0.3507,0.55
tennis_wta|HIGH_P|N5|SYNTH_M0,all,ACC_4,1,1.0,0.0,0.979589,0.476665,0.523335,-0.000203,-0.01766,-0.1210973,0.0988247,0.0,NO_DIFFERENCE_DETECTED,NO_DIFFERENCE_DETECTED,NO_DIFFERENCE_DETECTED,0.3426,0.694
tennis_wta|HIGH_P|N5|SYNTH_M0,all,ACC_5,1,1.0,0.0,1.247669,0.589535,0.410465,-0.000325,-0.07959,-0.204136,0.0446003,0.0,NO_DIFFERENCE_DETECTED,NO_DIFFERENCE_DETECTED,NO_DIFFERENCE_DETECTED,0.5545,0.922
tennis_wta|HIGH_P|N5|SYNTH_M0,all,DBL12+SINGLES,4,0.25,0.0,0.254333,0.002442,0.509423,-1.3e-05,-0.01193,-0.0403521,0.014656,0.0,NO_DIFFERENCE_DETECTED,NO_DIFFERENCE_DETECTED,NO_DIFFERENCE_DETECTED,0.1352,0.032
tennis_wta|HIGH_P|N5|SYNTH_M0,all,2DBL+SINGLE,3,0.333,-0.0,0.348172,0.019931,0.490335,-2.5e-05,-0.0158,-0.0540715,0.0196165,0.0,NO_DIFFERENCE_DETECTED,NO_DIFFERENCE_DETECTED,NO_DIFFERENCE_DETECTED,0.1945,0.154
tennis_wta|HIGH_P|N5|SYNTH_M0,all,TBL123+SINGLES,3,0.333,0.0,0.349908,0.018697,0.483365,-2.5e-05,-0.01575,-0.0553935,0.020547,0.0,NO_DIFFERENCE_DETECTED,NO_DIFFERENCE_DETECTED,NO_DIFFERENCE_DETECTED,0.1784,0.122
tennis_wta|HIGH_P|N5|SYNTH_M0,all,RR_TREBLES,10,0.6,0.0,0.636773,0.040188,0.416241,-8.4e-05,-0.03225,-0.0997335,0.0389829,0.0,NO_DIFFERENCE_DETECTED,NO_DIFFERENCE_DETECTED,NO_DIFFERENCE_DETECTED,0.3048,0.594
tennis_wta|HIGH_P|N5|SYNTH_M0,all,RR_DOUBLES,10,0.4,0.0,0.408318,0.00436,0.453712,-3.4e-05,-0.01651,-0.0602108,0.0277534,0.0,NO_DIFFERENCE_DETECTED,NO_DIFFERENCE_DETECTED,NO_DIFFERENCE_DETECTED,0.1847,0.21
tennis_wta|HIGH_P|N5|SYNTH_M0,all,FULL_COVER,26,0.577,0.0,0.617545,0.00436,0.411001,-7.9e-05,-0.03204,-0.0942405,0.033975,0.0,NO_DIFFERENCE_DETECTED,NO_DIFFERENCE_DETECTED,NO_DIFFERENCE_DETECTED,0.2985,0.614
tennis_wta|HIGH_P|N5|SYNTH_M0,all,FULL_COVER+SINGLES,31,0.516,0.0,0.548642,0.0002,0.411981,-6.2e-05,-0.0278,-0.089233,0.0292149,0.0,NO_DIFFERENCE_DETECTED,NO_DIFFERENCE_DETECTED,NO_DIFFERENCE_DETECTED,0.2661,0.496
tennis_wta|HIGH_P|N5|SYNTH_M5,development,SINGLES,5,0.2,-0.047619,0.193591,0.000199,0.423631,-0.000961,-0.05616,-0.0857353,-0.0296766,0.0,SAME,SAME,SAME,0.2143,0.166
tennis_wta|HIGH_P|N5|SYNTH_M5,development,ACC_2,1,1.0,-0.092971,0.489285,0.226708,0.735465,-0.001913,-0.11277,-0.1818477,-0.0418041,0.0,NO_DIFFERENCE_DETECTED,NO_DIFFERENCE_DETECTED,NO_DIFFERENCE_DETECTED,0.4192,0.928
tennis_wta|HIGH_P|N5|SYNTH_M5,development,ACC_3,1,1.0,-0.136162,0.653285,0.358958,0.641042,-0.002818,-0.16525,-0.2587153,-0.0703579,0.0,SINGLES_BETTER,SINGLES_BETTER,SINGLES_BETTER,0.5312,0.998
tennis_wta|HIGH_P|N5|SYNTH_M5,development,ACC_4,1,1.0,-0.177298,0.816733,0.484876,0.515124,-0.003693,-0.20345,-0.3130353,-0.085889,0.0,SINGLES_BETTER,SINGLES_BETTER,SINGLES_BETTER,0.5988,0.998
tennis_wta|HIGH_P|N5|SYNTH_M5,development,ACC_5,1,1.0,-0.216474,0.988013,0.596484,0.403516,-0.004544,-0.27488,-0.4015739,-0.1455864,0.0,SINGLES_BETTER,SINGLES_BETTER,SINGLES_BETTER,0.6892,1.0
tennis_wta|HIGH_P|N5|SYNTH_M5,development,DBL12+SINGLES,4,0.25,-0.058957,0.241204,0.002479,0.416729,-0.001192,-0.07537,-0.1116489,-0.0406032,0.0,SINGLES_BETTER,SINGLES_BETTER,SINGLES_BETTER,0.2755,0.666
tennis_wta|HIGH_P|N5|SYNTH_M5,development,2DBL+SINGLE,3,0.333,-0.077853,0.323009,0.020365,0.415671,-0.00158,-0.1043,-0.1513321,-0.0548604,0.0,SINGLES_BETTER,SINGLES_BETTER,SINGLES_BETTER,0.3596,0.966
tennis_wta|HIGH_P|N5|SYNTH_M5,development,TBL123+SINGLES,3,0.333,-0.077133,0.32075,0.019082,0.41872,-0.001565,-0.09827,-0.1459,-0.0518224,0.0,SINGLES_BETTER,SINGLES_BETTER,SINGLES_BETTER,0.3449,0.926
tennis_wta|HIGH_P|N5|SYNTH_M5,development,RR_TREBLES,10,0.6,-0.136162,0.555237,0.041011,0.403516,-0.002791,-0.16473,-0.2407343,-0.0889815,0.0,SINGLES_BETTER,SINGLES_BETTER,SINGLES_BETTER,0.507,1.0
tennis_wta|HIGH_P|N5|SYNTH_M5,development,RR_DOUBLES,10,0.4,-0.092971,0.373708,0.004414,0.407524,-0.00189,-0.1109,-0.1629936,-0.0612955,0.0,SINGLES_BETTER,SINGLES_BETTER,SINGLES_BETTER,0.3793,0.962
tennis_wta|HIGH_P|N5|SYNTH_M5,development,FULL_COVER,26,0.577,-0.13055,0.534347,0.004414,0.403516,-0.002674,-0.15866,-0.23106,-0.0865669,0.0,SINGLES_BETTER,SINGLES_BETTER,SINGLES_BETTER,0.4929,0.992
tennis_wta|HIGH_P|N5|SYNTH_M5,development,FULL_COVER+SINGLES,31,0.516,-0.117174,0.477716,0.000199,0.403516,-0.002394,-0.14213,-0.2081928,-0.0754521,0.0,SINGLES_BETTER,SINGLES_BETTER,SINGLES_BETTER,0.4555,0.99
tennis_wta|HIGH_P|N5|SYNTH_M5,holdout,SINGLES,5,0.2,-0.047619,0.189171,0.000201,0.449011,-0.00096,-0.04833,-0.0782839,-0.0193639,0.0,SAME,SAME,SAME,0.1197,0.0
tennis_wta|HIGH_P|N5|SYNTH_M5,holdout,ACC_2,1,1.0,-0.092971,0.468882,0.212993,0.70475,-0.00191,-0.09468,-0.1821129,-0.0087348,0.0,NO_DIFFERENCE_DETECTED,NO_DIFFERENCE_DETECTED,NO_DIFFERENCE_DETECTED,0.2308,0.49
tennis_wta|HIGH_P|N5|SYNTH_M5,holdout,ACC_3,1,1.0,-0.136162,0.629364,0.340778,0.630517,-0.002813,-0.13094,-0.2415803,-0.0180003,0.0,NO_DIFFERENCE_DETECTED,NO_DIFFERENCE_DETECTED,NO_DIFFERENCE_DETECTED,0.3015,0.758
tennis_wta|HIGH_P|N5|SYNTH_M5,holdout,ACC_4,1,1.0,-0.177298,0.788803,0.463685,0.522807,-0.003687,-0.17344,-0.3168448,-0.0240665,0.0,SINGLES_BETTER,SINGLES_BETTER,SINGLES_BETTER,0.3873,0.894
tennis_wta|HIGH_P|N5|SYNTH_M5,holdout,ACC_5,1,1.0,-0.216474,0.961093,0.578552,0.421448,-0.004536,-0.28508,-0.4323091,-0.1146506,0.0,SINGLES_BETTER,SINGLES_BETTER,SINGLES_BETTER,0.5351,0.994
tennis_wta|HIGH_P|N5|SYNTH_M5,holdout,DBL12+SINGLES,4,0.25,-0.058957,0.235732,0.002383,0.437066,-0.001191,-0.06193,-0.0992064,-0.0243235,0.0,SINGLES_BETTER,SINGLES_BETTER,SINGLES_BETTER,0.1508,0.01
tennis_wta|HIGH_P|N5|SYNTH_M5,holdout,2DBL+SINGLE,3,0.333,-0.077853,0.315539,0.019244,0.437779,-0.001579,-0.07393,-0.1254367,-0.0247942,0.0,SINGLES_BETTER,SINGLES_BETTER,SINGLES_BETTER,0.1793,0.094
tennis_wta|HIGH_P|N5|SYNTH_M5,holdout,TBL123+SINGLES,3,0.333,-0.077133,0.313378,0.018088,0.440398,-0.001564,-0.08106,-0.1317059,-0.0306251,0.0,SINGLES_BETTER,SINGLES_BETTER,SINGLES_BETTER,0.1937,0.166
tennis_wta|HIGH_P|N5|SYNTH_M5,holdout,RR_TREBLES,10,0.6,-0.136162,0.541898,0.038888,0.421448,-0.002788,-0.1629,-0.2603508,-0.0665781,0.0,SINGLES_BETTER,SINGLES_BETTER,SINGLES_BETTER,0.351,0.91
tennis_wta|HIGH_P|N5|SYNTH_M5,holdout,RR_DOUBLES,10,0.4,-0.092971,0.365061,0.004274,0.430322,-0.001889,-0.10328,-0.1653171,-0.0457439,0.0,SINGLES_BETTER,SINGLES_BETTER,SINGLES_BETTER,0.239,0.452
tennis_wta|HIGH_P|N5|SYNTH_M5,holdout,FULL_COVER,26,0.577,-0.13055,0.521438,0.004274,0.421448,-0.002671,-0.15653,-0.2376792,-0.0664045,0.0,SINGLES_BETTER,SINGLES_BETTER,SINGLES_BETTER,0.3398,0.88
tennis_wta|HIGH_P|N5|SYNTH_M5,holdout,FULL_COVER+SINGLES,31,0.516,-0.117174,0.466255,0.000201,0.421448,-0.002392,-0.13908,-0.2160458,-0.0585192,0.0,SINGLES_BETTER,SINGLES_BETTER,SINGLES_BETTER,0.3081,0.822
tennis_wta|HIGH_P|N5|SYNTH_M5,all,SINGLES,5,0.2,-0.047619,0.191878,0.0002,0.433466,-0.00096,-0.05312,-0.0731005,-0.0327162,0.0,SAME,SAME,SAME,0.3064,0.858
tennis_wta|HIGH_P|N5|SYNTH_M5,all,ACC_2,1,1.0,-0.092971,0.481379,0.221393,0.723563,-0.001911,-0.10576,-0.1618847,-0.0524465,0.0,SINGLES_BETTER,SINGLES_BETTER,SINGLES_BETTER,0.5434,0.998
tennis_wta|HIGH_P|N5|SYNTH_M5,all,ACC_3,1,1.0,-0.136162,0.644016,0.351913,0.636964,-0.002816,-0.15195,-0.2232076,-0.0775518,0.0,SINGLES_BETTER,SINGLES_BETTER,SINGLES_BETTER,0.6551,1.0
tennis_wta|HIGH_P|N5|SYNTH_M5,all,ACC_4,1,1.0,-0.177298,0.80591,0.476665,0.518101,-0.00369,-0.19182,-0.2769245,-0.0959942,0.0,SINGLES_BETTER,SINGLES_BETTER,SINGLES_BETTER,0.7477,1.0
tennis_wta|HIGH_P|N5|SYNTH_M5,all,ACC_5,1,1.0,-0.216474,0.977582,0.589535,0.410465,-0.004541,-0.27883,-0.3764197,-0.1815284,0.0,SINGLES_BETTER,SINGLES_BETTER,SINGLES_BETTER,0.8546,1.0
tennis_wta|HIGH_P|N5|SYNTH_M5,all,DBL12+SINGLES,4,0.25,-0.058957,0.239084,0.002442,0.42461,-0.001192,-0.07016,-0.0968845,-0.0453432,0.0,SINGLES_BETTER,SINGLES_BETTER,SINGLES_BETTER,0.3826,0.99
tennis_wta|HIGH_P|N5|SYNTH_M5,all,2DBL+SINGLE,3,0.333,-0.077853,0.320114,0.019931,0.424238,-0.00158,-0.09253,-0.1280527,-0.0599771,0.0,SINGLES_BETTER,SINGLES_BETTER,SINGLES_BETTER,0.4718,1.0
tennis_wta|HIGH_P|N5|SYNTH_M5,all,TBL123+SINGLES,3,0.333,-0.077133,0.317893,0.018697,0.42712,-0.001565,-0.0916,-0.1275131,-0.0584236,0.0,SINGLES_BETTER,SINGLES_BETTER,SINGLES_BETTER,0.4692,0.998
tennis_wta|HIGH_P|N5|SYNTH_M5,all,RR_TREBLES,10,0.6,-0.136162,0.550068,0.040188,0.410465,-0.00279,-0.16402,-0.2223159,-0.1024875,0.0,SINGLES_BETTER,SINGLES_BETTER,SINGLES_BETTER,0.678,1.0
tennis_wta|HIGH_P|N5|SYNTH_M5,all,RR_DOUBLES,10,0.4,-0.092971,0.370357,0.00436,0.416358,-0.00189,-0.10795,-0.1475835,-0.0677974,0.0,SINGLES_BETTER,SINGLES_BETTER,SINGLES_BETTER,0.5253,1.0
tennis_wta|HIGH_P|N5|SYNTH_M5,all,FULL_COVER,26,0.577,-0.13055,0.529345,0.00436,0.410465,-0.002673,-0.15783,-0.2112929,-0.1012254,0.0,SINGLES_BETTER,SINGLES_BETTER,SINGLES_BETTER,0.6632,1.0
tennis_wta|HIGH_P|N5|SYNTH_M5,all,FULL_COVER+SINGLES,31,0.516,-0.117174,0.473275,0.0002,0.410465,-0.002393,-0.14094,-0.193698,-0.0915988,0.0,SINGLES_BETTER,SINGLES_BETTER,SINGLES_BETTER,0.6212,1.0
tennis_wta|HIGH_P|N5|SYNTH_EDGE3,development,SINGLES,5,0.2,0.03,0.209368,0.000199,0.602348,0.000591,0.02077,-0.0112227,0.0494047,2.402,SAME,SAME,SAME,0.0527,0.0
tennis_wta|HIGH_P|N5|SYNTH_EDGE3,development,ACC_2,1,1.0,0.0609,0.572288,0.226708,0.773292,0.001147,0.03774,-0.0430545,0.1207464,2.548,NO_DIFFERENCE_DETECTED,NO_DIFFERENCE_DETECTED,NO_DIFFERENCE_DETECTED,0.2158,0.026
tennis_wta|HIGH_P|N5|SYNTH_EDGE3,development,ACC_3,1,1.0,0.092727,0.826385,0.358958,0.641042,0.001709,0.05594,-0.0622985,0.1759676,2.494,NO_DIFFERENCE_DETECTED,NO_DIFFERENCE_DETECTED,NO_DIFFERENCE_DETECTED,0.2642,0.112
tennis_wta|HIGH_P|N5|SYNTH_EDGE3,development,ACC_4,1,1.0,0.125509,1.117342,0.484876,0.515124,0.002247,0.08972,-0.0601891,0.2505615,2.446,NO_DIFFERENCE_DETECTED,NO_DIFFERENCE_DETECTED,NO_DIFFERENCE_DETECTED,0.2652,0.15
tennis_wta|HIGH_P|N5|SYNTH_EDGE3,development,ACC_5,1,1.0,0.159274,1.461825,0.596484,0.403516,0.00274,0.07286,-0.1145925,0.2641562,2.403,NO_DIFFERENCE_DETECTED,NO_DIFFERENCE_DETECTED,NO_DIFFERENCE_DETECTED,0.3168,0.36
tennis_wta|HIGH_P|N5|SYNTH_EDGE3,development,DBL12+SINGLES,4,0.25,0.037725,0.26658,0.002479,0.592267,0.00074,0.01954,-0.0200824,0.0580351,2.402,NO_DIFFERENCE_DETECTED,NO_DIFFERENCE_DETECTED,NO_DIFFERENCE_DETECTED,0.0798,0.0
tennis_wta|HIGH_P|N5|SYNTH_EDGE3,development,2DBL+SINGLE,3,0.333,0.0506,0.369965,0.020365,0.546296,0.000983,0.02066,-0.0328588,0.0777766,2.403,NO_DIFFERENCE_DETECTED,NO_DIFFERENCE_DETECTED,NO_DIFFERENCE_DETECTED,0.1199,0.0
tennis_wta|HIGH_P|N5|SYNTH_EDGE3,development,TBL123+SINGLES,3,0.333,0.050909,0.375309,0.019082,0.521817,0.000989,0.02627,-0.0291599,0.0803214,2.403,NO_DIFFERENCE_DETECTED,NO_DIFFERENCE_DETECTED,NO_DIFFERENCE_DETECTED,0.1134,0.0
tennis_wta|HIGH_P|N5|SYNTH_EDGE3,development,RR_TREBLES,10,0.6,0.092727,0.702357,0.041011,0.42012,0.001752,0.05659,-0.0395531,0.1524094,2.403,NO_DIFFERENCE_DETECTED,NO_DIFFERENCE_DETECTED,NO_DIFFERENCE_DETECTED,0.1695,0.032
tennis_wta|HIGH_P|N5|SYNTH_EDGE3,development,RR_DOUBLES,10,0.4,0.0609,0.437104,0.004414,0.510651,0.001178,0.03993,-0.0210019,0.0979484,2.402,NO_DIFFERENCE_DETECTED,NO_DIFFERENCE_DETECTED,NO_DIFFERENCE_DETECTED,0.1082,0.0
tennis_wta|HIGH_P|N5|SYNTH_EDGE3,development,FULL_COVER,26,0.577,0.08935,0.68505,0.004414,0.410441,0.001689,0.05315,-0.0398613,0.1452034,2.403,NO_DIFFERENCE_DETECTED,NO_DIFFERENCE_DETECTED,NO_DIFFERENCE_DETECTED,0.1659,0.026
tennis_wta|HIGH_P|N5|SYNTH_EDGE3,development,FULL_COVER+SINGLES,31,0.516,0.079777,0.606398,0.000199,0.412532,0.001519,0.04792,-0.0356171,0.1313767,2.403,NO_DIFFERENCE_DETECTED,NO_DIFFERENCE_DETECTED,NO_DIFFERENCE_DETECTED,0.1481,0.012
tennis_wta|HIGH_P|N5|SYNTH_EDGE3,holdout,SINGLES,5,0.2,0.03,0.204589,0.000201,0.591532,0.000591,0.02923,-0.003164,0.060558,2.418,SAME,SAME,SAME,0.0307,0.0
tennis_wta|HIGH_P|N5|SYNTH_EDGE3,holdout,ACC_2,1,1.0,0.0609,0.548424,0.212993,0.787007,0.001151,0.0589,-0.0433647,0.1594256,2.567,NO_DIFFERENCE_DETECTED,NO_DIFFERENCE_DETECTED,NO_DIFFERENCE_DETECTED,0.1181,0.002
tennis_wta|HIGH_P|N5|SYNTH_EDGE3,holdout,ACC_3,1,1.0,0.092727,0.796125,0.340778,0.659222,0.001716,0.09933,-0.0406233,0.2421983,2.513,NO_DIFFERENCE_DETECTED,NO_DIFFERENCE_DETECTED,NO_DIFFERENCE_DETECTED,0.0903,0.012
tennis_wta|HIGH_P|N5|SYNTH_EDGE3,holdout,ACC_4,1,1.0,0.125509,1.079132,0.463685,0.536315,0.002259,0.13079,-0.0654007,0.3351385,2.465,NO_DIFFERENCE_DETECTED,NO_DIFFERENCE_DETECTED,NO_DIFFERENCE_DETECTED,0.1983,0.032
tennis_wta|HIGH_P|N5|SYNTH_EDGE3,holdout,ACC_5,1,1.0,0.159274,1.421995,0.578552,0.421448,0.002757,0.05776,-0.1600671,0.3099277,2.418,NO_DIFFERENCE_DETECTED,NO_DIFFERENCE_DETECTED,NO_DIFFERENCE_DETECTED,0.2168,0.304
tennis_wta|HIGH_P|N5|SYNTH_EDGE3,holdout,DBL12+SINGLES,4,0.25,0.037725,0.26034,0.002383,0.585512,0.00074,0.03447,-0.006946,0.0758137,2.418,NO_DIFFERENCE_DETECTED,NO_DIFFERENCE_DETECTED,NO_DIFFERENCE_DETECTED,0.0397,0.0
tennis_wta|HIGH_P|N5|SYNTH_EDGE3,holdout,2DBL+SINGLE,3,0.333,0.0506,0.361073,0.019244,0.549163,0.000984,0.05528,-0.0036964,0.1120097,2.418,NO_DIFFERENCE_DETECTED,NO_DIFFERENCE_DETECTED,NO_DIFFERENCE_DETECTED,0.051,0.0
tennis_wta|HIGH_P|N5|SYNTH_EDGE3,holdout,TBL123+SINGLES,3,0.333,0.050909,0.366,0.018088,0.523133,0.00099,0.04699,-0.0115621,0.1068518,2.418,NO_DIFFERENCE_DETECTED,NO_DIFFERENCE_DETECTED,NO_DIFFERENCE_DETECTED,0.0511,0.0
tennis_wta|HIGH_P|N5|SYNTH_EDGE3,holdout,RR_TREBLES,10,0.6,0.092727,0.685484,0.038888,0.444426,0.001755,0.0589,-0.0643674,0.1807489,2.418,NO_DIFFERENCE_DETECTED,NO_DIFFERENCE_DETECTED,NO_DIFFERENCE_DETECTED,0.1004,0.016
tennis_wta|HIGH_P|N5|SYNTH_EDGE3,holdout,RR_DOUBLES,10,0.4,0.0609,0.42699,0.004274,0.524219,0.001179,0.04884,-0.0237196,0.1161382,2.418,NO_DIFFERENCE_DETECTED,NO_DIFFERENCE_DETECTED,NO_DIFFERENCE_DETECTED,0.064,0.0
tennis_wta|HIGH_P|N5|SYNTH_EDGE3,holdout,FULL_COVER,26,0.577,0.08935,0.668449,0.004274,0.431724,0.001693,0.05536,-0.0490131,0.1710092,2.418,NO_DIFFERENCE_DETECTED,NO_DIFFERENCE_DETECTED,NO_DIFFERENCE_DETECTED,0.0988,0.006
tennis_wta|HIGH_P|N5|SYNTH_EDGE3,holdout,FULL_COVER+SINGLES,31,0.516,0.079777,0.591793,0.000201,0.433681,0.001522,0.05115,-0.0456563,0.1531568,2.418,NO_DIFFERENCE_DETECTED,NO_DIFFERENCE_DETECTED,NO_DIFFERENCE_DETECTED,0.0879,0.0
tennis_wta|HIGH_P|N5|SYNTH_EDGE3,all,SINGLES,5,0.2,0.03,0.207516,0.0002,0.598156,0.000591,0.02405,0.0024418,0.0461174,2.408,SAME,SAME,SAME,0.0527,0.0
tennis_wta|HIGH_P|N5|SYNTH_EDGE3,all,ACC_2,1,1.0,0.0609,0.563041,0.221393,0.778607,0.001149,0.04594,-0.0197049,0.1082986,2.556,NO_DIFFERENCE_DETECTED,NO_DIFFERENCE_DETECTED,NO_DIFFERENCE_DETECTED,0.2158,0.028
tennis_wta|HIGH_P|N5|SYNTH_EDGE3,all,ACC_3,1,1.0,0.092727,0.814659,0.351913,0.648087,0.001712,0.07275,-0.0173825,0.1668676,2.501,NO_DIFFERENCE_DETECTED,NO_DIFFERENCE_DETECTED,NO_DIFFERENCE_DETECTED,0.2642,0.072
tennis_wta|HIGH_P|N5|SYNTH_EDGE3,all,ACC_4,1,1.0,0.125509,1.102536,0.476665,0.523335,0.002252,0.10564,-0.0107872,0.2367369,2.453,NO_DIFFERENCE_DETECTED,NO_DIFFERENCE_DETECTED,NO_DIFFERENCE_DETECTED,0.2652,0.162
tennis_wta|HIGH_P|N5|SYNTH_EDGE3,all,ACC_5,1,1.0,0.159274,1.446391,0.589535,0.410465,0.002747,0.06701,-0.0773755,0.210978,2.409,NO_DIFFERENCE_DETECTED,NO_DIFFERENCE_DETECTED,NO_DIFFERENCE_DETECTED,0.3168,0.468
tennis_wta|HIGH_P|N5|SYNTH_EDGE3,all,DBL12+SINGLES,4,0.25,0.037725,0.264162,0.002442,0.58965,0.00074,0.02532,-0.0042764,0.0526646,2.408,NO_DIFFERENCE_DETECTED,NO_DIFFERENCE_DETECTED,NO_DIFFERENCE_DETECTED,0.0798,0.0
tennis_wta|HIGH_P|N5|SYNTH_EDGE3,all,2DBL+SINGLE,3,0.333,0.0506,0.36652,0.019931,0.547407,0.000984,0.03408,-0.0061882,0.0715419,2.408,NO_DIFFERENCE_DETECTED,NO_DIFFERENCE_DETECTED,NO_DIFFERENCE_DETECTED,0.1199,0.0
tennis_wta|HIGH_P|N5|SYNTH_EDGE3,all,TBL123+SINGLES,3,0.333,0.050909,0.371702,0.018697,0.522327,0.000989,0.0343,-0.0076182,0.0727471,2.408,NO_DIFFERENCE_DETECTED,NO_DIFFERENCE_DETECTED,NO_DIFFERENCE_DETECTED,0.1134,0.0
tennis_wta|HIGH_P|N5|SYNTH_EDGE3,all,RR_TREBLES,10,0.6,0.092727,0.695819,0.040188,0.429538,0.001753,0.05749,-0.0162544,0.1353247,2.409,NO_DIFFERENCE_DETECTED,NO_DIFFERENCE_DETECTED,NO_DIFFERENCE_DETECTED,0.1695,0.028
tennis_wta|HIGH_P|N5|SYNTH_EDGE3,all,RR_DOUBLES,10,0.4,0.0609,0.433185,0.00436,0.515909,0.001179,0.04338,-0.0029777,0.0903436,2.408,NO_DIFFERENCE_DETECTED,NO_DIFFERENCE_DETECTED,NO_DIFFERENCE_DETECTED,0.1082,0.002
tennis_wta|HIGH_P|N5|SYNTH_EDGE3,all,FULL_COVER,26,0.577,0.08935,0.678617,0.00436,0.418688,0.00169,0.05401,-0.0144078,0.1264382,2.409,NO_DIFFERENCE_DETECTED,NO_DIFFERENCE_DETECTED,NO_DIFFERENCE_DETECTED,0.1659,0.036
tennis_wta|HIGH_P|N5|SYNTH_EDGE3,all,FULL_COVER+SINGLES,31,0.516,0.079777,0.600739,0.0002,0.420727,0.00152,0.04917,-0.0181915,0.1116516,2.409,NO_DIFFERENCE_DETECTED,NO_DIFFERENCE_DETECTED,NO_DIFFERENCE_DETECTED,0.1481,0.03
tennis_wta|HIGH_P|N3|SYNTH_M0,development,SINGLES,3,0.333,0.0,0.254158,0.004927,0.592527,-1.3e-05,-0.0106,-0.0366398,0.0167161,0.0,SAME,SAME,SAME,0.1722,0.048
tennis_wta|HIGH_P|N3|SYNTH_M0,development,ACC_2,1,1.0,0.0,0.593302,0.260493,0.739507,-7.5e-05,-0.00298,-0.0708189,0.0593898,0.0,NO_DIFFERENCE_DETECTED,NO_DIFFERENCE_DETECTED,NO_DIFFERENCE_DETECTED,0.3045,0.352
tennis_wta|HIGH_P|N3|SYNTH_M0,development,ACC_3,1,1.0,0.0,0.841478,0.407473,0.592527,-0.000149,-0.04492,-0.1375986,0.0426055,0.0,NO_DIFFERENCE_DETECTED,NO_DIFFERENCE_DETECTED,NO_DIFFERENCE_DETECTED,0.5382,0.834
tennis_wta|HIGH_P|N3|SYNTH_M0,development,DBL12+SINGLES,2,0.5,0.0,0.390461,0.05706,0.592527,-3.2e-05,-0.01868,-0.0610963,0.0206832,0.0,NO_DIFFERENCE_DETECTED,NO_DIFFERENCE_DETECTED,NO_DIFFERENCE_DETECTED,0.2688,0.284
tennis_wta|HIGH_P|N3|SYNTH_M0,development,RR_DOUBLES,3,0.667,-0.0,0.521133,0.073487,0.592527,-5.7e-05,-0.0279,-0.0814308,0.0285554,0.0,NO_DIFFERENCE_DETECTED,NO_DIFFERENCE_DETECTED,NO_DIFFERENCE_DETECTED,0.3533,0.556
tennis_wta|HIGH_P|N3|SYNTH_M0,development,FULL_COVER,4,0.75,0.0,0.597667,0.073487,0.592527,-7.5e-05,-0.03215,-0.0977998,0.0313146,0.0,NO_DIFFERENCE_DETECTED,NO_DIFFERENCE_DETECTED,NO_DIFFERENCE_DETECTED,0.4046,0.688
tennis_wta|HIGH_P|N3|SYNTH_M0,development,FULL_COVER+SINGLES,7,0.571,0.0,0.44688,0.004927,0.592527,-4.2e-05,-0.02292,-0.0703684,0.0245334,0.0,NO_DIFFERENCE_DETECTED,NO_DIFFERENCE_DETECTED,NO_DIFFERENCE_DETECTED,0.3078,0.422
tennis_wta|HIGH_P|N3|SYNTH_M0,holdout,SINGLES,3,0.333,0.0,0.257494,0.005564,0.585982,-1.4e-05,0.01869,-0.010579,0.0482954,0.0,SAME,SAME,SAME,0.047,0.0
tennis_wta|HIGH_P|N3|SYNTH_M0,holdout,ACC_2,1,1.0,0.0,0.597371,0.263098,0.736902,-7.7e-05,0.01935,-0.0532028,0.0907375,0.0,NO_DIFFERENCE_DETECTED,NO_DIFFERENCE_DETECTED,NO_DIFFERENCE_DETECTED,0.1815,0.098
tennis_wta|HIGH_P|N3|SYNTH_M0,holdout,ACC_3,1,1.0,0.0,0.85656,0.414018,0.585982,-0.000156,0.03268,-0.0743267,0.1364603,0.0,NO_DIFFERENCE_DETECTED,NO_DIFFERENCE_DETECTED,NO_DIFFERENCE_DETECTED,0.2258,0.27
tennis_wta|HIGH_P|N3|SYNTH_M0,holdout,DBL12+SINGLES,2,0.5,0.0,0.395925,0.06083,0.585982,-3.3e-05,0.02265,-0.0244928,0.072772,0.0,NO_DIFFERENCE_DETECTED,NO_DIFFERENCE_DETECTED,NO_DIFFERENCE_DETECTED,0.0706,0.006
tennis_wta|HIGH_P|N3|SYNTH_M0,holdout,RR_DOUBLES,3,0.667,-0.0,0.528603,0.077955,0.585982,-5.9e-05,0.03071,-0.0340557,0.0944208,0.0,NO_DIFFERENCE_DETECTED,NO_DIFFERENCE_DETECTED,NO_DIFFERENCE_DETECTED,0.0999,0.018
tennis_wta|HIGH_P|N3|SYNTH_M0,holdout,FULL_COVER,4,0.75,0.0,0.606794,0.077955,0.585982,-7.8e-05,0.0312,-0.0401545,0.1056513,0.0,NO_DIFFERENCE_DETECTED,NO_DIFFERENCE_DETECTED,NO_DIFFERENCE_DETECTED,0.1329,0.076
tennis_wta|HIGH_P|N3|SYNTH_M0,holdout,FULL_COVER+SINGLES,7,0.571,0.0,0.45331,0.005564,0.585982,-4.3e-05,0.02584,-0.029296,0.0793539,0.0,NO_DIFFERENCE_DETECTED,NO_DIFFERENCE_DETECTED,NO_DIFFERENCE_DETECTED,0.0874,0.012
tennis_wta|HIGH_P|N3|SYNTH_M0,all,SINGLES,3,0.333,0.0,0.255576,0.005198,0.589745,-1.4e-05,0.00185,-0.019236,0.0211385,0.0,SAME,SAME,SAME,0.1722,0.022
tennis_wta|HIGH_P|N3|SYNTH_M0,all,ACC_2,1,1.0,0.0,0.595032,0.2616,0.7384,-7.6e-05,0.00651,-0.0423188,0.0537129,0.0,NO_DIFFERENCE_DETECTED,NO_DIFFERENCE_DETECTED,NO_DIFFERENCE_DETECTED,0.3045,0.374
tennis_wta|HIGH_P|N3|SYNTH_M0,all,ACC_3,1,1.0,0.0,0.847889,0.410255,0.589745,-0.000152,-0.01193,-0.0800475,0.0566204,0.0,NO_DIFFERENCE_DETECTED,NO_DIFFERENCE_DETECTED,NO_DIFFERENCE_DETECTED,0.5382,0.774
tennis_wta|HIGH_P|N3|SYNTH_M0,all,DBL12+SINGLES,2,0.5,0.0,0.392783,0.058663,0.589745,-3.2e-05,-0.00112,-0.0335373,0.0304448,0.0,NO_DIFFERENCE_DETECTED,NO_DIFFERENCE_DETECTED,NO_DIFFERENCE_DETECTED,0.2688,0.244
tennis_wta|HIGH_P|N3|SYNTH_M0,all,RR_DOUBLES,3,0.667,-0.0,0.524308,0.075386,0.589745,-5.8e-05,-0.00299,-0.0455868,0.0389746,0.0,NO_DIFFERENCE_DETECTED,NO_DIFFERENCE_DETECTED,NO_DIFFERENCE_DETECTED,0.3533,0.44
tennis_wta|HIGH_P|N3|SYNTH_M0,all,FULL_COVER,4,0.75,0.0,0.601547,0.075386,0.589745,-7.6e-05,-0.00522,-0.0521519,0.0430865,0.0,NO_DIFFERENCE_DETECTED,NO_DIFFERENCE_DETECTED,NO_DIFFERENCE_DETECTED,0.4046,0.518
tennis_wta|HIGH_P|N3|SYNTH_M0,all,FULL_COVER+SINGLES,7,0.571,0.0,0.449613,0.005198,0.589745,-4.2e-05,-0.00219,-0.0375346,0.0342676,0.0,NO_DIFFERENCE_DETECTED,NO_DIFFERENCE_DETECTED,NO_DIFFERENCE_DETECTED,0.3078,0.304
tennis_wta|HIGH_P|N3|SYNTH_M5,development,SINGLES,3,0.333,-0.047619,0.242056,0.004927,0.592527,-0.000965,-0.05771,-0.0825141,-0.0316989,0.0,SAME,SAME,SAME,0.3658,0.942
tennis_wta|HIGH_P|N3|SYNTH_M5,development,ACC_2,1,1.0,-0.092971,0.538143,0.260493,0.718504,-0.001923,-0.09567,-0.1572053,-0.0391022,0.0,NO_DIFFERENCE_DETECTED,NO_DIFFERENCE_DETECTED,NO_DIFFERENCE_DETECTED,0.5403,0.992
tennis_wta|HIGH_P|N3|SYNTH_M5,development,ACC_3,1,1.0,-0.136162,0.7269,0.407473,0.592527,-0.002839,-0.17496,-0.2550252,-0.0993582,0.0,SINGLES_BETTER,SINGLES_BETTER,SINGLES_BETTER,0.7676,1.0
tennis_wta|HIGH_P|N3|SYNTH_M5,development,DBL12+SINGLES,2,0.5,-0.070295,0.3617,0.05706,0.592527,-0.001434,-0.08802,-0.1276673,-0.0513929,0.0,SINGLES_BETTER,SINGLES_BETTER,SINGLES_BETTER,0.5112,1.0
tennis_wta|HIGH_P|N3|SYNTH_M5,development,RR_DOUBLES,3,0.667,-0.092971,0.472683,0.073487,0.592527,-0.001908,-0.11828,-0.1668307,-0.06707,0.0,SINGLES_BETTER,SINGLES_BETTER,SINGLES_BETTER,0.6133,1.0
tennis_wta|HIGH_P|N3|SYNTH_M5,development,FULL_COVER,4,0.75,-0.103768,0.533116,0.073487,0.592527,-0.002137,-0.13245,-0.1909873,-0.0758311,0.0,SINGLES_BETTER,SINGLES_BETTER,SINGLES_BETTER,0.6589,1.0
tennis_wta|HIGH_P|N3|SYNTH_M5,development,FULL_COVER+SINGLES,7,0.571,-0.079704,0.405084,0.004927,0.592527,-0.00163,-0.10042,-0.1433223,-0.0576802,0.0,SINGLES_BETTER,SINGLES_BETTER,SINGLES_BETTER,0.5538,1.0
tennis_wta|HIGH_P|N3|SYNTH_M5,holdout,SINGLES,3,0.333,-0.047619,0.245232,0.005564,0.572344,-0.000966,-0.02982,-0.0576943,-0.0016234,0.0,SAME,SAME,SAME,0.1677,0.076
tennis_wta|HIGH_P|N3|SYNTH_M5,holdout,ACC_2,1,1.0,-0.092971,0.541833,0.263098,0.694337,-0.001925,-0.07542,-0.141227,-0.0106689,0.0,NO_DIFFERENCE_DETECTED,NO_DIFFERENCE_DETECTED,NO_DIFFERENCE_DETECTED,0.3863,0.874
tennis_wta|HIGH_P|N3|SYNTH_M5,holdout,ACC_3,1,1.0,-0.136162,0.739929,0.414018,0.572344,-0.002844,-0.10794,-0.2003686,-0.0182829,0.0,SINGLES_BETTER,SINGLES_BETTER,SINGLES_BETTER,0.4974,0.962
tennis_wta|HIGH_P|N3|SYNTH_M5,holdout,DBL12+SINGLES,2,0.5,-0.070295,0.366897,0.06083,0.572344,-0.001435,-0.04917,-0.0934068,-0.0027353,0.0,SINGLES_BETTER,SINGLES_BETTER,SINGLES_BETTER,0.2616,0.514
tennis_wta|HIGH_P|N3|SYNTH_M5,holdout,RR_DOUBLES,3,0.667,-0.092971,0.479459,0.077955,0.572344,-0.00191,-0.06512,-0.12386,-0.007328,0.0,SINGLES_BETTER,SINGLES_BETTER,SINGLES_BETTER,0.3348,0.788
tennis_wta|HIGH_P|N3|SYNTH_M5,holdout,FULL_COVER,4,0.75,-0.103768,0.541239,0.077955,0.572344,-0.00214,-0.07582,-0.1393922,-0.0094562,0.0,SINGLES_BETTER,SINGLES_BETTER,SINGLES_BETTER,0.3792,0.88
tennis_wta|HIGH_P|N3|SYNTH_M5,holdout,FULL_COVER+SINGLES,7,0.571,-0.079704,0.410888,0.005564,0.572344,-0.001631,-0.05611,-0.1060346,-0.0076156,0.0,SINGLES_BETTER,SINGLES_BETTER,SINGLES_BETTER,0.2951,0.696
tennis_wta|HIGH_P|N3|SYNTH_M5,all,SINGLES,3,0.333,-0.047619,0.243406,0.005198,0.583948,-0.000965,-0.04586,-0.0659391,-0.0274871,0.0,SAME,SAME,SAME,0.4571,0.994
tennis_wta|HIGH_P|N3|SYNTH_M5,all,ACC_2,1,1.0,-0.092971,0.539712,0.2616,0.708231,-0.001924,-0.08706,-0.1313549,-0.0442513,0.0,SINGLES_BETTER,SINGLES_BETTER,SINGLES_BETTER,0.7028,0.998
tennis_wta|HIGH_P|N3|SYNTH_M5,all,ACC_3,1,1.0,-0.136162,0.732438,0.410255,0.583948,-0.002841,-0.14647,-0.2053104,-0.0872515,0.0,SINGLES_BETTER,SINGLES_BETTER,SINGLES_BETTER,0.8702,1.0
tennis_wta|HIGH_P|N3|SYNTH_M5,all,DBL12+SINGLES,2,0.5,-0.070295,0.363909,0.058663,0.583948,-0.001435,-0.0715,-0.101438,-0.0426584,0.0,SINGLES_BETTER,SINGLES_BETTER,SINGLES_BETTER,0.6232,1.0
tennis_wta|HIGH_P|N3|SYNTH_M5,all,RR_DOUBLES,3,0.667,-0.092971,0.475563,0.075386,0.583948,-0.001909,-0.09568,-0.1343191,-0.0576194,0.0,SINGLES_BETTER,SINGLES_BETTER,SINGLES_BETTER,0.727,1.0
tennis_wta|HIGH_P|N3|SYNTH_M5,all,FULL_COVER,4,0.75,-0.103768,0.536569,0.075386,0.583948,-0.002138,-0.10838,-0.1503048,-0.0653265,0.0,SINGLES_BETTER,SINGLES_BETTER,SINGLES_BETTER,0.7728,1.0
tennis_wta|HIGH_P|N3|SYNTH_M5,all,FULL_COVER+SINGLES,7,0.571,-0.079704,0.407551,0.005198,0.583948,-0.00163,-0.08158,-0.1135323,-0.0485104,0.0,SINGLES_BETTER,SINGLES_BETTER,SINGLES_BETTER,0.669,1.0
tennis_wta|HIGH_P|N3|SYNTH_EDGE3,development,SINGLES,3,0.333,0.03,0.261783,0.004927,0.592527,0.000586,0.01908,-0.007739,0.0472176,2.425,SAME,SAME,SAME,0.0696,0.0
tennis_wta|HIGH_P|N3|SYNTH_EDGE3,development,ACC_2,1,1.0,0.0609,0.629435,0.260493,0.739507,0.001133,0.05774,-0.0142317,0.1239067,2.489,NO_DIFFERENCE_DETECTED,NO_DIFFERENCE_DETECTED,NO_DIFFERENCE_DETECTED,0.1835,0.038
tennis_wta|HIGH_P|N3|SYNTH_EDGE3,development,ACC_3,1,1.0,0.092727,0.919505,0.407473,0.592527,0.001675,0.04364,-0.0576307,0.1392832,2.425,NO_DIFFERENCE_DETECTED,NO_DIFFERENCE_DETECTED,NO_DIFFERENCE_DETECTED,0.2691,0.282
tennis_wta|HIGH_P|N3|SYNTH_EDGE3,development,DBL12+SINGLES,2,0.5,0.04545,0.409215,0.05706,0.592527,0.000874,0.02616,-0.0182261,0.0676873,2.425,NO_DIFFERENCE_DETECTED,NO_DIFFERENCE_DETECTED,NO_DIFFERENCE_DETECTED,0.1438,0.01
tennis_wta|HIGH_P|N3|SYNTH_EDGE3,development,RR_DOUBLES,3,0.667,0.0609,0.55287,0.073487,0.592527,0.001154,0.0313,-0.02549,0.0911944,2.425,NO_DIFFERENCE_DETECTED,NO_DIFFERENCE_DETECTED,NO_DIFFERENCE_DETECTED,0.1676,0.05
tennis_wta|HIGH_P|N3|SYNTH_EDGE3,development,FULL_COVER,4,0.75,0.068857,0.640687,0.073487,0.592527,0.001291,0.03439,-0.035994,0.1024217,2.425,NO_DIFFERENCE_DETECTED,NO_DIFFERENCE_DETECTED,NO_DIFFERENCE_DETECTED,0.1914,0.102
tennis_wta|HIGH_P|N3|SYNTH_EDGE3,development,FULL_COVER+SINGLES,7,0.571,0.052204,0.474553,0.004927,0.592527,0.000997,0.02783,-0.0226439,0.0784093,2.425,NO_DIFFERENCE_DETECTED,NO_DIFFERENCE_DETECTED,NO_DIFFERENCE_DETECTED,0.1379,0.026
tennis_wta|HIGH_P|N3|SYNTH_EDGE3,holdout,SINGLES,3,0.333,0.03,0.265219,0.005564,0.585982,0.000585,0.04925,0.0191036,0.0797443,2.41,SAME,SAME,SAME,0.0377,0.0
tennis_wta|HIGH_P|N3|SYNTH_EDGE3,holdout,ACC_2,1,1.0,0.0609,0.633751,0.263098,0.736902,0.001131,0.08143,0.0044571,0.1571634,2.48,NO_DIFFERENCE_DETECTED,NO_DIFFERENCE_DETECTED,NO_DIFFERENCE_DETECTED,0.1517,0.01
tennis_wta|HIGH_P|N3|SYNTH_EDGE3,holdout,ACC_3,1,1.0,0.092727,0.935986,0.414018,0.585982,0.001667,0.12843,0.0115082,0.2418408,2.41,NO_DIFFERENCE_DETECTED,NO_DIFFERENCE_DETECTED,NO_DIFFERENCE_DETECTED,0.1679,0.048
tennis_wta|HIGH_P|N3|SYNTH_EDGE3,holdout,DBL12+SINGLES,2,0.5,0.04545,0.414849,0.06083,0.585982,0.000872,0.06908,0.0194761,0.1217112,2.41,NO_DIFFERENCE_DETECTED,NO_DIFFERENCE_DETECTED,NO_DIFFERENCE_DETECTED,0.0602,0.0
tennis_wta|HIGH_P|N3|SYNTH_EDGE3,holdout,RR_DOUBLES,3,0.667,0.0609,0.560795,0.077955,0.585982,0.001151,0.09348,0.0247703,0.1610711,2.41,STRUCTURE_BETTER,STRUCTURE_BETTER,NO_DIFFERENCE_DETECTED,0.0823,0.0
tennis_wta|HIGH_P|N3|SYNTH_EDGE3,holdout,FULL_COVER,4,0.75,0.068857,0.650486,0.077955,0.585982,0.001287,0.10222,0.0256691,0.1820598,2.41,STRUCTURE_BETTER,STRUCTURE_BETTER,NO_DIFFERENCE_DETECTED,0.104,0.0
tennis_wta|HIGH_P|N3|SYNTH_EDGE3,holdout,FULL_COVER+SINGLES,7,0.571,0.052204,0.481398,0.005564,0.585982,0.000995,0.07952,0.0209333,0.1363689,2.41,STRUCTURE_BETTER,NO_DIFFERENCE_DETECTED,NO_DIFFERENCE_DETECTED,0.072,0.0
tennis_wta|HIGH_P|N3|SYNTH_EDGE3,all,SINGLES,3,0.333,0.03,0.263243,0.005198,0.589745,0.000585,0.03191,0.0101869,0.0517727,2.419,SAME,SAME,SAME,0.0696,0.0
tennis_wta|HIGH_P|N3|SYNTH_EDGE3,all,ACC_2,1,1.0,0.0609,0.631269,0.2616,0.7384,0.001132,0.06781,0.016004,0.117884,2.485,NO_DIFFERENCE_DETECTED,NO_DIFFERENCE_DETECTED,NO_DIFFERENCE_DETECTED,0.1835,0.03
tennis_wta|HIGH_P|N3|SYNTH_EDGE3,all,ACC_3,1,1.0,0.092727,0.926511,0.410255,0.589745,0.001672,0.07969,0.0052569,0.1545977,2.419,NO_DIFFERENCE_DETECTED,NO_DIFFERENCE_DETECTED,NO_DIFFERENCE_DETECTED,0.2691,0.132
tennis_wta|HIGH_P|N3|SYNTH_EDGE3,all,DBL12+SINGLES,2,0.5,0.04545,0.41161,0.058663,0.589745,0.000873,0.0444,0.0103476,0.0772309,2.419,NO_DIFFERENCE_DETECTED,NO_DIFFERENCE_DETECTED,NO_DIFFERENCE_DETECTED,0.1438,0.006
tennis_wta|HIGH_P|N3|SYNTH_EDGE3,all,RR_DOUBLES,3,0.667,0.0609,0.556239,0.075386,0.589745,0.001153,0.05773,0.012537,0.1022481,2.419,STRUCTURE_BETTER,NO_DIFFERENCE_DETECTED,NO_DIFFERENCE_DETECTED,0.1676,0.01
tennis_wta|HIGH_P|N3|SYNTH_EDGE3,all,FULL_COVER,4,0.75,0.068857,0.644853,0.075386,0.589745,0.001289,0.06322,0.0129648,0.1150376,2.419,NO_DIFFERENCE_DETECTED,NO_DIFFERENCE_DETECTED,NO_DIFFERENCE_DETECTED,0.1914,0.02
tennis_wta|HIGH_P|N3|SYNTH_EDGE3,all,FULL_COVER+SINGLES,7,0.571,0.052204,0.477463,0.005198,0.589745,0.000996,0.0498,0.0123093,0.0884964,2.419,NO_DIFFERENCE_DETECTED,NO_DIFFERENCE_DETECTED,NO_DIFFERENCE_DETECTED,0.1379,0.004
nba|HIGH_P|N5|SYNTH_M0,development,SINGLES,5,0.2,-0.0,0.217913,0.000272,0.515346,-1e-05,-0.01566,-0.0511688,0.0229255,0.0,SAME,SAME,SAME,0.0902,0.0
nba|HIGH_P|N5|SYNTH_M0,development,ACC_2,1,1.0,0.0,0.590094,0.258047,0.741953,-7.2e-05,0.01942,-0.0721108,0.1112248,0.0,NO_DIFFERENCE_DETECTED,NO_DIFFERENCE_DETECTED,NO_DIFFERENCE_DETECTED,0.1045,0.038
nba|HIGH_P|N5|SYNTH_M0,development,ACC_3,1,1.0,0.0,0.820978,0.398648,0.601352,-0.000139,0.00086,-0.1297496,0.1355418,0.0,NO_DIFFERENCE_DETECTED,NO_DIFFERENCE_DETECTED,NO_DIFFERENCE_DETECTED,0.2244,0.26
nba|HIGH_P|N5|SYNTH_M0,development,ACC_4,1,1.0,0.0,1.079886,0.530863,0.469137,-0.000239,-0.04186,-0.2174867,0.1294607,0.0,NO_DIFFERENCE_DETECTED,NO_DIFFERENCE_DETECTED,NO_DIFFERENCE_DETECTED,0.3509,0.602
nba|HIGH_P|N5|SYNTH_M0,development,ACC_5,1,1.0,0.0,1.381845,0.646304,0.353696,-0.000386,-0.03111,-0.2502927,0.2017195,0.0,NO_DIFFERENCE_DETECTED,NO_DIFFERENCE_DETECTED,NO_DIFFERENCE_DETECTED,0.3419,0.65
nba|HIGH_P|N5|SYNTH_M0,development,DBL12+SINGLES,4,0.25,0.0,0.275521,0.003235,0.49644,-1.5e-05,-0.01502,-0.0618331,0.0325248,0.0,NO_DIFFERENCE_DETECTED,NO_DIFFERENCE_DETECTED,NO_DIFFERENCE_DETECTED,0.1007,0.0
nba|HIGH_P|N5|SYNTH_M0,development,2DBL+SINGLE,3,0.333,-0.0,0.377964,0.025748,0.465396,-2.9e-05,-0.0171,-0.0767598,0.0444264,0.0,NO_DIFFERENCE_DETECTED,NO_DIFFERENCE_DETECTED,NO_DIFFERENCE_DETECTED,0.1331,0.03
nba|HIGH_P|N5|SYNTH_M0,development,TBL123+SINGLES,3,0.333,-0.0,0.380445,0.023918,0.449256,-2.9e-05,-0.01331,-0.0761513,0.0466561,0.0,NO_DIFFERENCE_DETECTED,NO_DIFFERENCE_DETECTED,NO_DIFFERENCE_DETECTED,0.118,0.034
nba|HIGH_P|N5|SYNTH_M0,development,RR_TREBLES,10,0.6,0.0,0.69281,0.051354,0.356045,-9.7e-05,-0.02939,-0.1394751,0.0879131,0.0,NO_DIFFERENCE_DETECTED,NO_DIFFERENCE_DETECTED,NO_DIFFERENCE_DETECTED,0.2138,0.32
nba|HIGH_P|N5|SYNTH_M0,development,RR_DOUBLES,10,0.4,0.0,0.442313,0.005806,0.420913,-4e-05,-0.02506,-0.0992582,0.0421476,0.0,NO_DIFFERENCE_DETECTED,NO_DIFFERENCE_DETECTED,NO_DIFFERENCE_DETECTED,0.158,0.09
nba|HIGH_P|N5|SYNTH_M0,development,FULL_COVER,26,0.577,0.0,0.672599,0.005806,0.353696,-9.2e-05,-0.02813,-0.1354085,0.0739445,0.0,NO_DIFFERENCE_DETECTED,NO_DIFFERENCE_DETECTED,NO_DIFFERENCE_DETECTED,0.2077,0.296
nba|HIGH_P|N5|SYNTH_M0,development,FULL_COVER+SINGLES,31,0.516,0.0,0.5971,0.000272,0.354035,-7.2e-05,-0.02612,-0.1211217,0.0702735,0.0,NO_DIFFERENCE_DETECTED,NO_DIFFERENCE_DETECTED,NO_DIFFERENCE_DETECTED,0.1885,0.23
nba|HIGH_P|N5|SYNTH_M0,holdout,SINGLES,5,0.2,0.0,0.214997,0.000276,0.520686,-9e-06,0.04509,0.0005292,0.0871995,0.0,SAME,SAME,SAME,0.0197,0.0
nba|HIGH_P|N5|SYNTH_M0,holdout,ACC_2,1,1.0,0.0,0.587331,0.256393,0.743607,-7.2e-05,0.15455,0.0488262,0.2512592,0.0,STRUCTURE_BETTER,STRUCTURE_BETTER,STRUCTURE_BETTER,0.0455,0.0
nba|HIGH_P|N5|SYNTH_M0,holdout,ACC_3,1,1.0,0.0,0.815484,0.394798,0.605202,-0.000138,0.2379,0.0648722,0.3943201,0.0,STRUCTURE_BETTER,STRUCTURE_BETTER,STRUCTURE_BETTER,0.1057,0.002
nba|HIGH_P|N5|SYNTH_M0,holdout,ACC_4,1,1.0,0.0,1.070415,0.524145,0.475855,-0.000236,0.29763,0.0682783,0.5279025,0.0,STRUCTURE_BETTER,STRUCTURE_BETTER,STRUCTURE_BETTER,0.1005,0.002
nba|HIGH_P|N5|SYNTH_M0,holdout,ACC_5,1,1.0,0.0,1.361155,0.635881,0.364119,-0.000378,0.29744,-0.0125334,0.6064055,0.0,NO_DIFFERENCE_DETECTED,NO_DIFFERENCE_DETECTED,NO_DIFFERENCE_DETECTED,0.1148,0.018
nba|HIGH_P|N5|SYNTH_M0,holdout,DBL12+SINGLES,4,0.25,0.0,0.271894,0.003203,0.504703,-1.5e-05,0.05906,0.003945,0.1115676,0.0,STRUCTURE_BETTER,STRUCTURE_BETTER,STRUCTURE_BETTER,0.0218,0.0
nba|HIGH_P|N5|SYNTH_M0,holdout,2DBL+SINGLE,3,0.333,0.0,0.373027,0.025058,0.481336,-2.9e-05,0.07988,0.0024933,0.155593,0.0,NO_DIFFERENCE_DETECTED,NO_DIFFERENCE_DETECTED,NO_DIFFERENCE_DETECTED,0.0382,0.0
nba|HIGH_P|N5|SYNTH_M0,holdout,TBL123+SINGLES,3,0.333,-0.0,0.375606,0.023183,0.472848,-2.9e-05,0.08761,0.0117309,0.1626612,0.0,STRUCTURE_BETTER,STRUCTURE_BETTER,STRUCTURE_BETTER,0.0324,0.0
nba|HIGH_P|N5|SYNTH_M0,holdout,RR_TREBLES,10,0.6,0.0,0.683202,0.050386,0.367434,-9.5e-05,0.14796,-8.58e-05,0.3028274,0.0,STRUCTURE_BETTER,NO_DIFFERENCE_DETECTED,NO_DIFFERENCE_DETECTED,0.0665,0.0
nba|HIGH_P|N5|SYNTH_M0,holdout,RR_DOUBLES,10,0.4,0.0,0.436338,0.005781,0.43798,-3.9e-05,0.09322,0.001721,0.1858776,0.0,NO_DIFFERENCE_DETECTED,NO_DIFFERENCE_DETECTED,NO_DIFFERENCE_DETECTED,0.0416,0.0
nba|HIGH_P|N5|SYNTH_M0,holdout,FULL_COVER,26,0.577,0.0,0.663229,0.005781,0.364119,-9e-05,0.14538,0.0045936,0.2965516,0.0,NO_DIFFERENCE_DETECTED,NO_DIFFERENCE_DETECTED,NO_DIFFERENCE_DETECTED,0.0637,0.0
nba|HIGH_P|N5|SYNTH_M0,holdout,FULL_COVER+SINGLES,31,0.516,0.0,0.588819,0.000276,0.364529,-7.1e-05,0.1292,0.002521,0.2569481,0.0,NO_DIFFERENCE_DETECTED,NO_DIFFERENCE_DETECTED,NO_DIFFERENCE_DETECTED,0.0566,0.0
nba|HIGH_P|N5|SYNTH_M0,all,SINGLES,5,0.2,0.0,0.216909,0.000274,0.517185,-1e-05,0.00525,-0.0207291,0.0335337,0.0,SAME,SAME,SAME,0.0902,0.0
nba|HIGH_P|N5|SYNTH_M0,all,ACC_2,1,1.0,0.0,0.589143,0.257477,0.742523,-7.2e-05,0.06594,-0.0055667,0.1354527,0.0,NO_DIFFERENCE_DETECTED,NO_DIFFERENCE_DETECTED,NO_DIFFERENCE_DETECTED,0.1045,0.004
nba|HIGH_P|N5|SYNTH_M0,all,ACC_3,1,1.0,0.0,0.819087,0.397322,0.602678,-0.000139,0.08247,-0.0253251,0.1842123,0.0,NO_DIFFERENCE_DETECTED,NO_DIFFERENCE_DETECTED,NO_DIFFERENCE_DETECTED,0.2244,0.036
nba|HIGH_P|N5|SYNTH_M0,all,ACC_4,1,1.0,0.0,1.076625,0.52855,0.47145,-0.000238,0.07501,-0.0675782,0.2164392,0.0,NO_DIFFERENCE_DETECTED,NO_DIFFERENCE_DETECTED,NO_DIFFERENCE_DETECTED,0.3509,0.232
nba|HIGH_P|N5|SYNTH_M0,all,ACC_5,1,1.0,0.0,1.374722,0.642716,0.357284,-0.000384,0.082,-0.0973118,0.2661368,0.0,NO_DIFFERENCE_DETECTED,NO_DIFFERENCE_DETECTED,NO_DIFFERENCE_DETECTED,0.3419,0.402
nba|HIGH_P|N5|SYNTH_M0,all,DBL12+SINGLES,4,0.25,0.0,0.274273,0.003224,0.499285,-1.5e-05,0.01048,-0.0257356,0.0451018,0.0,NO_DIFFERENCE_DETECTED,NO_DIFFERENCE_DETECTED,NO_DIFFERENCE_DETECTED,0.1007,0.0
nba|HIGH_P|N5|SYNTH_M0,all,2DBL+SINGLE,3,0.333,-0.0,0.376264,0.02551,0.470883,-2.9e-05,0.01629,-0.0325482,0.065783,0.0,NO_DIFFERENCE_DETECTED,NO_DIFFERENCE_DETECTED,NO_DIFFERENCE_DETECTED,0.1331,0.004
nba|HIGH_P|N5|SYNTH_M0,all,TBL123+SINGLES,3,0.333,-0.0,0.378779,0.023665,0.457378,-2.9e-05,0.02143,-0.028367,0.0695103,0.0,NO_DIFFERENCE_DETECTED,NO_DIFFERENCE_DETECTED,NO_DIFFERENCE_DETECTED,0.118,0.006
nba|HIGH_P|N5|SYNTH_M0,all,RR_TREBLES,10,0.6,0.0,0.689502,0.051021,0.359966,-9.7e-05,0.03166,-0.0579785,0.1217878,0.0,NO_DIFFERENCE_DETECTED,NO_DIFFERENCE_DETECTED,NO_DIFFERENCE_DETECTED,0.2138,0.118
nba|HIGH_P|N5|SYNTH_M0,all,RR_DOUBLES,10,0.4,0.0,0.440256,0.005798,0.426789,-3.9e-05,0.01566,-0.0395092,0.0744702,0.0,NO_DIFFERENCE_DETECTED,NO_DIFFERENCE_DETECTED,NO_DIFFERENCE_DETECTED,0.158,0.018
nba|HIGH_P|N5|SYNTH_M0,all,FULL_COVER,26,0.577,0.0,0.669373,0.005798,0.357284,-9.1e-05,0.0316,-0.0595653,0.1212714,0.0,NO_DIFFERENCE_DETECTED,NO_DIFFERENCE_DETECTED,NO_DIFFERENCE_DETECTED,0.2077,0.092
nba|HIGH_P|N5|SYNTH_M0,all,FULL_COVER+SINGLES,31,0.516,0.0,0.594249,0.000274,0.357647,-7.2e-05,0.02735,-0.0523225,0.1027441,0.0,NO_DIFFERENCE_DETECTED,NO_DIFFERENCE_DETECTED,NO_DIFFERENCE_DETECTED,0.1885,0.08
nba|HIGH_P|N5|SYNTH_M5,development,SINGLES,5,0.2,-0.047619,0.207536,0.000272,0.388292,-0.000962,-0.06253,-0.0963512,-0.0257852,0.0,SAME,SAME,SAME,0.1904,0.128
nba|HIGH_P|N5|SYNTH_M5,development,ACC_2,1,1.0,-0.092971,0.535233,0.258047,0.741953,-0.001921,-0.07535,-0.1583771,0.0079137,0.0,NO_DIFFERENCE_DETECTED,NO_DIFFERENCE_DETECTED,NO_DIFFERENCE_DETECTED,0.2422,0.532
nba|HIGH_P|N5|SYNTH_M5,development,ACC_3,1,1.0,-0.136162,0.709192,0.398648,0.601352,-0.002831,-0.13542,-0.248245,-0.0190763,0.0,NO_DIFFERENCE_DETECTED,NO_DIFFERENCE_DETECTED,NO_DIFFERENCE_DETECTED,0.4174,0.902
nba|HIGH_P|N5|SYNTH_M5,development,ACC_4,1,1.0,-0.177298,0.888424,0.530863,0.469137,-0.003715,-0.21174,-0.3562244,-0.0707899,0.0,SINGLES_BETTER,SINGLES_BETTER,SINGLES_BETTER,0.5377,0.984
nba|HIGH_P|N5|SYNTH_M5,development,ACC_5,1,1.0,-0.216474,1.082712,0.646304,0.353696,-0.004579,-0.24085,-0.4125847,-0.0584213,0.0,SINGLES_BETTER,SINGLES_BETTER,SINGLES_BETTER,0.5911,0.996
nba|HIGH_P|N5|SYNTH_M5,development,DBL12+SINGLES,4,0.25,-0.058957,0.258844,0.003235,0.373632,-0.001193,-0.07348,-0.117543,-0.0287901,0.0,SINGLES_BETTER,SINGLES_BETTER,SINGLES_BETTER,0.221,0.33
nba|HIGH_P|N5|SYNTH_M5,development,2DBL+SINGLE,3,0.333,-0.077853,0.347398,0.025748,0.373163,-0.001583,-0.09336,-0.1482912,-0.0372642,0.0,SINGLES_BETTER,SINGLES_BETTER,SINGLES_BETTER,0.2757,0.696
nba|HIGH_P|N5|SYNTH_M5,development,TBL123+SINGLES,3,0.333,-0.077133,0.345235,0.023918,0.3823,-0.001568,-0.08984,-0.1469074,-0.0353778,0.0,SINGLES_BETTER,SINGLES_BETTER,SINGLES_BETTER,0.2657,0.612
nba|HIGH_P|N5|SYNTH_M5,development,RR_TREBLES,10,0.6,-0.136162,0.598475,0.051354,0.353696,-0.0028,-0.16155,-0.2566463,-0.0602198,0.0,SINGLES_BETTER,SINGLES_BETTER,SINGLES_BETTER,0.4317,0.964
nba|HIGH_P|N5|SYNTH_M5,development,RR_DOUBLES,10,0.4,-0.092971,0.401191,0.005806,0.356308,-0.001894,-0.1157,-0.1830007,-0.0547414,0.0,SINGLES_BETTER,SINGLES_BETTER,SINGLES_BETTER,0.3277,0.866
nba|HIGH_P|N5|SYNTH_M5,development,FULL_COVER,26,0.577,-0.13055,0.576394,0.005806,0.353696,-0.002682,-0.15492,-0.2469268,-0.0673176,0.0,SINGLES_BETTER,SINGLES_BETTER,SINGLES_BETTER,0.419,0.982
nba|HIGH_P|N5|SYNTH_M5,development,FULL_COVER+SINGLES,31,0.516,-0.117174,0.514924,0.000272,0.353696,-0.0024,-0.14002,-0.2218824,-0.0568843,0.0,SINGLES_BETTER,SINGLES_BETTER,SINGLES_BETTER,0.3866,0.942
nba|HIGH_P|N5|SYNTH_M5,holdout,SINGLES,5,0.2,-0.047619,0.204759,0.000276,0.411523,-0.000961,-0.00468,-0.0471151,0.0354281,0.0,SAME,SAME,SAME,0.0451,0.0
nba|HIGH_P|N5|SYNTH_M5,holdout,ACC_2,1,1.0,-0.092971,0.532726,0.256393,0.743607,-0.00192,0.04721,-0.0486838,0.134929,0.0,NO_DIFFERENCE_DETECTED,NO_DIFFERENCE_DETECTED,NO_DIFFERENCE_DETECTED,0.0703,0.0
nba|HIGH_P|N5|SYNTH_M5,holdout,ACC_3,1,1.0,-0.136162,0.704446,0.394798,0.605202,-0.00283,0.06935,-0.0801234,0.2044661,0.0,NO_DIFFERENCE_DETECTED,NO_DIFFERENCE_DETECTED,NO_DIFFERENCE_DETECTED,0.1227,0.004
nba|HIGH_P|N5|SYNTH_M5,holdout,ACC_4,1,1.0,-0.177298,0.880633,0.524145,0.475855,-0.003713,0.06756,-0.1211248,0.2570091,0.0,NO_DIFFERENCE_DETECTED,NO_DIFFERENCE_DETECTED,NO_DIFFERENCE_DETECTED,0.1825,0.042
nba|HIGH_P|N5|SYNTH_M5,holdout,ACC_5,1,1.0,-0.216474,1.0665,0.635881,0.364119,-0.004574,0.01658,-0.2262941,0.2586607,0.0,NO_DIFFERENCE_DETECTED,NO_DIFFERENCE_DETECTED,NO_DIFFERENCE_DETECTED,0.2004,0.214
nba|HIGH_P|N5|SYNTH_M5,holdout,DBL12+SINGLES,4,0.25,-0.058957,0.255383,0.003203,0.39311,-0.001193,-0.00446,-0.0563912,0.0449522,0.0,NO_DIFFERENCE_DETECTED,NO_DIFFERENCE_DETECTED,NO_DIFFERENCE_DETECTED,0.0527,0.0
nba|HIGH_P|N5|SYNTH_M5,holdout,2DBL+SINGLE,3,0.333,-0.077853,0.342759,0.025058,0.387984,-0.001582,-0.00508,-0.076016,0.0643877,0.0,NO_DIFFERENCE_DETECTED,NO_DIFFERENCE_DETECTED,NO_DIFFERENCE_DETECTED,0.0817,0.0
nba|HIGH_P|N5|SYNTH_M5,holdout,TBL123+SINGLES,3,0.333,-0.077133,0.34064,0.023183,0.394503,-0.001568,-0.00072,-0.0709131,0.067022,0.0,NO_DIFFERENCE_DETECTED,NO_DIFFERENCE_DETECTED,NO_DIFFERENCE_DETECTED,0.0641,0.0
nba|HIGH_P|N5|SYNTH_M5,holdout,RR_TREBLES,10,0.6,-0.136162,0.590175,0.050386,0.364119,-0.002798,-0.00835,-0.1362365,0.1254313,0.0,NO_DIFFERENCE_DETECTED,NO_DIFFERENCE_DETECTED,NO_DIFFERENCE_DETECTED,0.1337,0.028
nba|HIGH_P|N5|SYNTH_M5,holdout,RR_DOUBLES,10,0.4,-0.092971,0.395771,0.005781,0.367434,-0.001893,-0.00842,-0.0914096,0.0756259,0.0,NO_DIFFERENCE_DETECTED,NO_DIFFERENCE_DETECTED,NO_DIFFERENCE_DETECTED,0.0908,0.0
nba|HIGH_P|N5|SYNTH_M5,holdout,FULL_COVER,26,0.577,-0.13055,0.568374,0.005781,0.364119,-0.002681,-0.00603,-0.1265176,0.123165,0.0,NO_DIFFERENCE_DETECTED,NO_DIFFERENCE_DETECTED,NO_DIFFERENCE_DETECTED,0.1272,0.004
nba|HIGH_P|N5|SYNTH_M5,holdout,FULL_COVER+SINGLES,31,0.516,-0.117174,0.507794,0.000276,0.364119,-0.002399,-0.00581,-0.1150278,0.1043042,0.0,NO_DIFFERENCE_DETECTED,NO_DIFFERENCE_DETECTED,NO_DIFFERENCE_DETECTED,0.1143,0.002
nba|HIGH_P|N5|SYNTH_M5,all,SINGLES,5,0.2,-0.047619,0.20658,0.000274,0.39629,-0.000962,-0.04262,-0.0673611,-0.0156822,0.0,SAME,SAME,SAME,0.2106,0.182
nba|HIGH_P|N5|SYNTH_M5,all,ACC_2,1,1.0,-0.092971,0.53437,0.257477,0.742523,-0.001921,-0.03316,-0.0980197,0.0298891,0.0,NO_DIFFERENCE_DETECTED,NO_DIFFERENCE_DETECTED,NO_DIFFERENCE_DETECTED,0.2422,0.42
nba|HIGH_P|N5|SYNTH_M5,all,ACC_3,1,1.0,-0.136162,0.707558,0.397322,0.602678,-0.002831,-0.06493,-0.1580392,0.0229671,0.0,NO_DIFFERENCE_DETECTED,NO_DIFFERENCE_DETECTED,NO_DIFFERENCE_DETECTED,0.4174,0.742
nba|HIGH_P|N5|SYNTH_M5,all,ACC_4,1,1.0,-0.177298,0.885742,0.52855,0.47145,-0.003714,-0.11559,-0.2328943,0.0007676,0.0,NO_DIFFERENCE_DETECTED,NO_DIFFERENCE_DETECTED,SINGLES_BETTER,0.5377,0.96
nba|HIGH_P|N5|SYNTH_M5,all,ACC_5,1,1.0,-0.216474,1.077131,0.642716,0.357284,-0.004577,-0.15223,-0.2927202,-0.0079487,0.0,NO_DIFFERENCE_DETECTED,NO_DIFFERENCE_DETECTED,SINGLES_BETTER,0.6307,0.99
nba|HIGH_P|N5|SYNTH_M5,all,DBL12+SINGLES,4,0.25,-0.058957,0.257653,0.003224,0.380337,-0.001193,-0.04972,-0.0838071,-0.017221,0.0,NO_DIFFERENCE_DETECTED,NO_DIFFERENCE_DETECTED,NO_DIFFERENCE_DETECTED,0.2423,0.432
nba|HIGH_P|N5|SYNTH_M5,all,2DBL+SINGLE,3,0.333,-0.077853,0.345801,0.02551,0.378265,-0.001583,-0.06297,-0.107786,-0.0176942,0.0,SINGLES_BETTER,SINGLES_BETTER,SINGLES_BETTER,0.2998,0.702
nba|HIGH_P|N5|SYNTH_M5,all,TBL123+SINGLES,3,0.333,-0.077133,0.343653,0.023665,0.386501,-0.001568,-0.05915,-0.1044665,-0.0156022,0.0,NO_DIFFERENCE_DETECTED,NO_DIFFERENCE_DETECTED,NO_DIFFERENCE_DETECTED,0.2854,0.624
nba|HIGH_P|N5|SYNTH_M5,all,RR_TREBLES,10,0.6,-0.136162,0.595618,0.051021,0.357284,-0.002799,-0.10881,-0.1862464,-0.0309575,0.0,SINGLES_BETTER,SINGLES_BETTER,SINGLES_BETTER,0.4723,0.968
nba|HIGH_P|N5|SYNTH_M5,all,RR_DOUBLES,10,0.4,-0.092971,0.399325,0.005798,0.360138,-0.001894,-0.07877,-0.1288065,-0.0254239,0.0,SINGLES_BETTER,SINGLES_BETTER,SINGLES_BETTER,0.3611,0.868
nba|HIGH_P|N5|SYNTH_M5,all,FULL_COVER,26,0.577,-0.13055,0.573633,0.005798,0.357284,-0.002682,-0.10366,-0.1817699,-0.0268785,0.0,SINGLES_BETTER,SINGLES_BETTER,SINGLES_BETTER,0.4578,0.958
nba|HIGH_P|N5|SYNTH_M5,all,FULL_COVER+SINGLES,31,0.516,-0.117174,0.51247,0.000274,0.357284,-0.0024,-0.09382,-0.1622437,-0.028987,0.0,SINGLES_BETTER,SINGLES_BETTER,SINGLES_BETTER,0.4234,0.934
nba|HIGH_P|N5|SYNTH_EDGE3,development,SINGLES,5,0.2,0.03,0.22445,0.000272,0.603372,0.00059,0.01387,-0.0227038,0.0536133,2.348,SAME,SAME,SAME,0.0572,0.0
nba|HIGH_P|N5|SYNTH_EDGE3,development,ACC_2,1,1.0,0.0609,0.626031,0.258047,0.741953,0.001136,0.0815,-0.0156023,0.1788984,2.5,NO_DIFFERENCE_DETECTED,NO_DIFFERENCE_DETECTED,NO_DIFFERENCE_DETECTED,0.0852,0.004
nba|HIGH_P|N5|SYNTH_EDGE3,development,ACC_3,1,1.0,0.092727,0.897105,0.398648,0.601352,0.001687,0.09367,-0.0490539,0.2408372,2.447,NO_DIFFERENCE_DETECTED,NO_DIFFERENCE_DETECTED,NO_DIFFERENCE_DETECTED,0.1731,0.05
nba|HIGH_P|N5|SYNTH_EDGE3,development,ACC_4,1,1.0,0.125509,1.215421,0.530863,0.469137,0.002207,0.07839,-0.1192744,0.271218,2.396,NO_DIFFERENCE_DETECTED,NO_DIFFERENCE_DETECTED,NO_DIFFERENCE_DETECTED,0.2823,0.266
nba|HIGH_P|N5|SYNTH_EDGE3,development,ACC_5,1,1.0,0.159274,1.601937,0.646304,0.353696,0.002665,0.12321,-0.1308837,0.3931223,2.348,NO_DIFFERENCE_DETECTED,NO_DIFFERENCE_DETECTED,NO_DIFFERENCE_DETECTED,0.274,0.324
nba|HIGH_P|N5|SYNTH_EDGE3,development,DBL12+SINGLES,4,0.25,0.037725,0.286277,0.003235,0.601266,0.000738,0.02241,-0.0261601,0.0717575,2.348,NO_DIFFERENCE_DETECTED,NO_DIFFERENCE_DETECTED,NO_DIFFERENCE_DETECTED,0.0721,0.0
nba|HIGH_P|N5|SYNTH_EDGE3,development,2DBL+SINGLE,3,0.333,0.0506,0.397954,0.025748,0.547447,0.000979,0.03246,-0.0297546,0.0973048,2.348,NO_DIFFERENCE_DETECTED,NO_DIFFERENCE_DETECTED,NO_DIFFERENCE_DETECTED,0.0909,0.0
nba|HIGH_P|N5|SYNTH_EDGE3,development,TBL123+SINGLES,3,0.333,0.050909,0.404428,0.023918,0.508946,0.000984,0.03722,-0.0307103,0.1008752,2.348,NO_DIFFERENCE_DETECTED,NO_DIFFERENCE_DETECTED,NO_DIFFERENCE_DETECTED,0.0956,0.0
nba|HIGH_P|N5|SYNTH_EDGE3,development,RR_TREBLES,10,0.6,0.092727,0.757052,0.051354,0.380458,0.001737,0.06061,-0.0596813,0.188792,2.348,NO_DIFFERENCE_DETECTED,NO_DIFFERENCE_DETECTED,NO_DIFFERENCE_DETECTED,0.1419,0.044
nba|HIGH_P|N5|SYNTH_EDGE3,development,RR_DOUBLES,10,0.4,0.0609,0.46925,0.005806,0.506956,0.001173,0.03432,-0.0444031,0.1056144,2.348,NO_DIFFERENCE_DETECTED,NO_DIFFERENCE_DETECTED,NO_DIFFERENCE_DETECTED,0.0996,0.008
nba|HIGH_P|N5|SYNTH_EDGE3,development,FULL_COVER,26,0.577,0.08935,0.739229,0.005806,0.358969,0.001675,0.05864,-0.059207,0.1710564,2.348,NO_DIFFERENCE_DETECTED,NO_DIFFERENCE_DETECTED,NO_DIFFERENCE_DETECTED,0.1418,0.048
nba|HIGH_P|N5|SYNTH_EDGE3,development,FULL_COVER+SINGLES,31,0.516,0.079777,0.653917,0.000272,0.362588,0.001508,0.05142,-0.0529828,0.1569246,2.348,NO_DIFFERENCE_DETECTED,NO_DIFFERENCE_DETECTED,NO_DIFFERENCE_DETECTED,0.1279,0.028
nba|HIGH_P|N5|SYNTH_EDGE3,holdout,SINGLES,5,0.2,0.03,0.221447,0.000276,0.634606,0.00059,0.07644,0.0305451,0.1198154,2.357,SAME,SAME,SAME,0.0154,0.0
nba|HIGH_P|N5|SYNTH_EDGE3,holdout,ACC_2,1,1.0,0.0609,0.623099,0.256393,0.743607,0.001136,0.22486,0.1126997,0.3274609,2.502,STRUCTURE_BETTER,STRUCTURE_BETTER,STRUCTURE_BETTER,0.0396,0.0
nba|HIGH_P|N5|SYNTH_EDGE3,holdout,ACC_3,1,1.0,0.092727,0.891102,0.394798,0.605202,0.001689,0.35269,0.1636146,0.5236112,2.45,STRUCTURE_BETTER,STRUCTURE_BETTER,STRUCTURE_BETTER,0.095,0.002
nba|HIGH_P|N5|SYNTH_EDGE3,holdout,ACC_4,1,1.0,0.125509,1.204762,0.524145,0.475855,0.002209,0.46049,0.2023567,0.7196677,2.401,STRUCTURE_BETTER,STRUCTURE_BETTER,STRUCTURE_BETTER,0.0875,0.0
nba|HIGH_P|N5|SYNTH_EDGE3,holdout,ACC_5,1,1.0,0.159274,1.577952,0.635881,0.364119,0.002676,0.50409,0.1447444,0.8622642,2.358,STRUCTURE_BETTER,STRUCTURE_BETTER,STRUCTURE_BETTER,0.1066,0.008
nba|HIGH_P|N5|SYNTH_EDGE3,holdout,DBL12+SINGLES,4,0.25,0.037725,0.282547,0.003203,0.617729,0.000738,0.09975,0.0424719,0.1543602,2.358,STRUCTURE_BETTER,STRUCTURE_BETTER,STRUCTURE_BETTER,0.0189,0.0
nba|HIGH_P|N5|SYNTH_EDGE3,holdout,2DBL+SINGLE,3,0.333,0.0506,0.392823,0.025058,0.547378,0.00098,0.13513,0.0534699,0.2149298,2.358,STRUCTURE_BETTER,STRUCTURE_BETTER,STRUCTURE_BETTER,0.0334,0.0
nba|HIGH_P|N5|SYNTH_EDGE3,holdout,TBL123+SINGLES,3,0.333,0.050909,0.399428,0.023183,0.507817,0.000985,0.14612,0.0648039,0.2261114,2.358,STRUCTURE_BETTER,STRUCTURE_BETTER,STRUCTURE_BETTER,0.0255,0.0
nba|HIGH_P|N5|SYNTH_EDGE3,holdout,RR_TREBLES,10,0.6,0.092727,0.746553,0.050386,0.400997,0.00174,0.25441,0.0926333,0.4236347,2.358,STRUCTURE_BETTER,STRUCTURE_BETTER,STRUCTURE_BETTER,0.0568,0.0
nba|HIGH_P|N5|SYNTH_EDGE3,holdout,RR_DOUBLES,10,0.4,0.0609,0.462911,0.005781,0.513703,0.001174,0.1598,0.0627258,0.2580975,2.358,STRUCTURE_BETTER,STRUCTURE_BETTER,STRUCTURE_BETTER,0.0339,0.0
nba|HIGH_P|N5|SYNTH_EDGE3,holdout,FULL_COVER,26,0.577,0.08935,0.728922,0.005781,0.371489,0.001677,0.24918,0.0939139,0.4151663,2.358,STRUCTURE_BETTER,STRUCTURE_BETTER,STRUCTURE_BETTER,0.0547,0.0
nba|HIGH_P|N5|SYNTH_EDGE3,holdout,FULL_COVER+SINGLES,31,0.516,0.079777,0.644839,0.000276,0.373664,0.00151,0.22131,0.082589,0.3612327,2.358,STRUCTURE_BETTER,STRUCTURE_BETTER,STRUCTURE_BETTER,0.0482,0.0
nba|HIGH_P|N5|SYNTH_EDGE3,all,SINGLES,5,0.2,0.03,0.223416,0.000274,0.614125,0.00059,0.03541,0.008649,0.0645397,2.351,SAME,SAME,SAME,0.0572,0.0
nba|HIGH_P|N5|SYNTH_EDGE3,all,ACC_2,1,1.0,0.0609,0.625022,0.257477,0.742523,0.001136,0.13086,0.0549943,0.2046018,2.501,STRUCTURE_BETTER,STRUCTURE_BETTER,STRUCTURE_BETTER,0.0852,0.0
nba|HIGH_P|N5|SYNTH_EDGE3,all,ACC_3,1,1.0,0.092727,0.895038,0.397322,0.602678,0.001688,0.18284,0.0650536,0.2940207,2.448,STRUCTURE_BETTER,STRUCTURE_BETTER,STRUCTURE_BETTER,0.1731,0.002
nba|HIGH_P|N5|SYNTH_EDGE3,all,ACC_4,1,1.0,0.125509,1.211751,0.52855,0.47145,0.002207,0.20993,0.049449,0.3691131,2.397,STRUCTURE_BETTER,STRUCTURE_BETTER,STRUCTURE_BETTER,0.2823,0.038
nba|HIGH_P|N5|SYNTH_EDGE3,all,ACC_5,1,1.0,0.159274,1.59368,0.642716,0.357284,0.002669,0.25433,0.046463,0.4677996,2.351,STRUCTURE_BETTER,STRUCTURE_BETTER,NO_DIFFERENCE_DETECTED,0.274,0.108
nba|HIGH_P|N5|SYNTH_EDGE3,all,DBL12+SINGLES,4,0.25,0.037725,0.284993,0.003224,0.606934,0.000738,0.04903,0.011449,0.0851366,2.351,STRUCTURE_BETTER,STRUCTURE_BETTER,STRUCTURE_BETTER,0.0721,0.0
nba|HIGH_P|N5|SYNTH_EDGE3,all,2DBL+SINGLE,3,0.333,0.0506,0.396188,0.02551,0.547423,0.00098,0.0678,0.0164737,0.1193984,2.351,STRUCTURE_BETTER,STRUCTURE_BETTER,STRUCTURE_BETTER,0.0909,0.0
nba|HIGH_P|N5|SYNTH_EDGE3,all,TBL123+SINGLES,3,0.333,0.050909,0.402707,0.023665,0.508557,0.000985,0.07471,0.0224061,0.1258285,2.351,STRUCTURE_BETTER,STRUCTURE_BETTER,STRUCTURE_BETTER,0.0956,0.0
nba|HIGH_P|N5|SYNTH_EDGE3,all,RR_TREBLES,10,0.6,0.092727,0.753438,0.051021,0.387528,0.001738,0.12733,0.0293723,0.2258078,2.351,STRUCTURE_BETTER,STRUCTURE_BETTER,STRUCTURE_BETTER,0.1419,0.002
nba|HIGH_P|N5|SYNTH_EDGE3,all,RR_DOUBLES,10,0.4,0.0609,0.467068,0.005798,0.509279,0.001173,0.07751,0.0189847,0.1399054,2.351,STRUCTURE_BETTER,STRUCTURE_BETTER,STRUCTURE_BETTER,0.0996,0.0
nba|HIGH_P|N5|SYNTH_EDGE3,all,FULL_COVER,26,0.577,0.08935,0.735681,0.005798,0.36328,0.001676,0.12424,0.024084,0.2230278,2.351,STRUCTURE_BETTER,STRUCTURE_BETTER,STRUCTURE_BETTER,0.1418,0.002
nba|HIGH_P|N5|SYNTH_EDGE3,all,FULL_COVER+SINGLES,31,0.516,0.079777,0.650792,0.000274,0.366401,0.001509,0.10991,0.0230934,0.1925655,2.351,STRUCTURE_BETTER,STRUCTURE_BETTER,STRUCTURE_BETTER,0.1279,0.002
nba|HIGH_P|N3|SYNTH_M0,development,SINGLES,3,0.333,-0.0,0.279822,0.007159,0.536198,-1.6e-05,-0.00266,-0.0261105,0.0212312,0.0,SAME,SAME,SAME,0.1526,0.104
nba|HIGH_P|N3|SYNTH_M0,development,ACC_2,1,1.0,0.0,0.664158,0.304659,0.695341,-9.2e-05,0.02138,-0.0322324,0.074278,0.0,NO_DIFFERENCE_DETECTED,NO_DIFFERENCE_DETECTED,NO_DIFFERENCE_DETECTED,0.289,0.258
nba|HIGH_P|N3|SYNTH_M0,development,ACC_3,1,1.0,0.0,0.941409,0.463802,0.536198,-0.000182,0.00826,-0.0714199,0.0865351,0.0,NO_DIFFERENCE_DETECTED,NO_DIFFERENCE_DETECTED,NO_DIFFERENCE_DETECTED,0.417,0.67
nba|HIGH_P|N3|SYNTH_M0,development,DBL12+SINGLES,2,0.5,0.0,0.43192,0.073329,0.536198,-3.8e-05,-0.00045,-0.0357634,0.0343923,0.0,NO_DIFFERENCE_DETECTED,NO_DIFFERENCE_DETECTED,NO_DIFFERENCE_DETECTED,0.2,0.282
nba|HIGH_P|N3|SYNTH_M0,development,RR_DOUBLES,3,0.667,-0.0,0.576112,0.094931,0.536198,-6.8e-05,-0.00157,-0.0514642,0.0475414,0.0,NO_DIFFERENCE_DETECTED,NO_DIFFERENCE_DETECTED,NO_DIFFERENCE_DETECTED,0.2988,0.464
nba|HIGH_P|N3|SYNTH_M0,development,FULL_COVER,4,0.75,0.0,0.662803,0.094931,0.536198,-9e-05,0.00089,-0.0555739,0.0582981,0.0,NO_DIFFERENCE_DETECTED,NO_DIFFERENCE_DETECTED,NO_DIFFERENCE_DETECTED,0.3272,0.512
nba|HIGH_P|N3|SYNTH_M0,development,FULL_COVER+SINGLES,7,0.571,0.0,0.494095,0.007159,0.536198,-5e-05,-0.00063,-0.0426941,0.0414677,0.0,NO_DIFFERENCE_DETECTED,NO_DIFFERENCE_DETECTED,NO_DIFFERENCE_DETECTED,0.256,0.368
nba|HIGH_P|N3|SYNTH_M0,holdout,SINGLES,3,0.333,-0.0,0.269464,0.006011,0.557988,-1.5e-05,0.0261,-0.0096819,0.0604864,0.0,SAME,SAME,SAME,0.0901,0.0
nba|HIGH_P|N3|SYNTH_M0,holdout,ACC_2,1,1.0,0.0,0.638918,0.289098,0.710902,-8.5e-05,0.0503,-0.0338019,0.1314828,0.0,NO_DIFFERENCE_DETECTED,NO_DIFFERENCE_DETECTED,NO_DIFFERENCE_DETECTED,0.1916,0.03
nba|HIGH_P|N3|SYNTH_M0,holdout,ACC_3,1,1.0,0.0,0.899664,0.442012,0.557988,-0.000167,0.11911,-0.0039205,0.2344121,0.0,NO_DIFFERENCE_DETECTED,STRUCTURE_BETTER,NO_DIFFERENCE_DETECTED,0.2671,0.022
nba|HIGH_P|N3|SYNTH_M0,holdout,DBL12+SINGLES,2,0.5,-0.0,0.415145,0.065735,0.557988,-3.5e-05,0.04098,-0.0164613,0.094347,0.0,NO_DIFFERENCE_DETECTED,NO_DIFFERENCE_DETECTED,NO_DIFFERENCE_DETECTED,0.1254,0.002
nba|HIGH_P|N3|SYNTH_M0,holdout,RR_DOUBLES,3,0.667,-0.0,0.553704,0.085302,0.557988,-6.3e-05,0.06325,-0.0125995,0.1414798,0.0,NO_DIFFERENCE_DETECTED,NO_DIFFERENCE_DETECTED,NO_DIFFERENCE_DETECTED,0.1764,0.002
nba|HIGH_P|N3|SYNTH_M0,holdout,FULL_COVER,4,0.75,0.0,0.636067,0.085302,0.557988,-8.3e-05,0.07721,-0.0072126,0.1582833,0.0,STRUCTURE_BETTER,NO_DIFFERENCE_DETECTED,NO_DIFFERENCE_DETECTED,0.1999,0.008
nba|HIGH_P|N3|SYNTH_M0,holdout,FULL_COVER+SINGLES,7,0.571,0.0,0.47484,0.006011,0.557988,-4.6e-05,0.05531,-0.0081502,0.1219097,0.0,NO_DIFFERENCE_DETECTED,NO_DIFFERENCE_DETECTED,NO_DIFFERENCE_DETECTED,0.1543,0.0
nba|HIGH_P|N3|SYNTH_M0,all,SINGLES,3,0.333,-0.0,0.277006,0.006847,0.542121,-1.6e-05,0.00516,-0.0151087,0.0251012,0.0,SAME,SAME,SAME,0.1526,0.048
nba|HIGH_P|N3|SYNTH_M0,all,ACC_2,1,1.0,0.0,0.657298,0.300429,0.699571,-9e-05,0.02924,-0.0159212,0.0720844,0.0,NO_DIFFERENCE_DETECTED,NO_DIFFERENCE_DETECTED,NO_DIFFERENCE_DETECTED,0.289,0.23
nba|HIGH_P|N3|SYNTH_M0,all,ACC_3,1,1.0,0.0,0.930063,0.457879,0.542121,-0.000178,0.03839,-0.0252682,0.1055023,0.0,NO_DIFFERENCE_DETECTED,NO_DIFFERENCE_DETECTED,NO_DIFFERENCE_DETECTED,0.417,0.456
nba|HIGH_P|N3|SYNTH_M0,all,DBL12+SINGLES,2,0.5,0.0,0.427361,0.071265,0.542121,-3.8e-05,0.01081,-0.0217733,0.0424126,0.0,NO_DIFFERENCE_DETECTED,NO_DIFFERENCE_DETECTED,NO_DIFFERENCE_DETECTED,0.2,0.17
nba|HIGH_P|N3|SYNTH_M0,all,RR_DOUBLES,3,0.667,-0.0,0.570022,0.092314,0.542121,-6.7e-05,0.01604,-0.0261192,0.054592,0.0,NO_DIFFERENCE_DETECTED,NO_DIFFERENCE_DETECTED,NO_DIFFERENCE_DETECTED,0.2988,0.26
nba|HIGH_P|N3|SYNTH_M0,all,FULL_COVER,4,0.75,0.0,0.655536,0.092314,0.542121,-8.8e-05,0.02163,-0.0238799,0.0720737,0.0,NO_DIFFERENCE_DETECTED,NO_DIFFERENCE_DETECTED,NO_DIFFERENCE_DETECTED,0.3272,0.328
nba|HIGH_P|N3|SYNTH_M0,all,FULL_COVER+SINGLES,7,0.571,0.0,0.488862,0.006847,0.542121,-4.9e-05,0.01457,-0.0189049,0.0495763,0.0,NO_DIFFERENCE_DETECTED,NO_DIFFERENCE_DETECTED,NO_DIFFERENCE_DETECTED,0.256,0.194
nba|HIGH_P|N3|SYNTH_M5,development,SINGLES,3,0.333,-0.047619,0.266497,0.007159,0.536198,-0.000967,-0.05015,-0.0724862,-0.0273989,0.0,SAME,SAME,SAME,0.4505,0.998
nba|HIGH_P|N3|SYNTH_M5,development,ACC_2,1,1.0,-0.092971,0.602411,0.304659,0.695341,-0.001937,-0.07358,-0.1222062,-0.0255982,0.0,NO_DIFFERENCE_DETECTED,NO_DIFFERENCE_DETECTED,NO_DIFFERENCE_DETECTED,0.624,0.992
nba|HIGH_P|N3|SYNTH_M5,development,ACC_3,1,1.0,-0.136162,0.813224,0.463802,0.536198,-0.002864,-0.12903,-0.1978576,-0.0614102,0.0,SINGLES_BETTER,SINGLES_BETTER,SINGLES_BETTER,0.8091,1.0
nba|HIGH_P|N3|SYNTH_M5,development,DBL12+SINGLES,2,0.5,-0.070295,0.399854,0.073329,0.536198,-0.00144,-0.07121,-0.1041036,-0.0392115,0.0,SINGLES_BETTER,SINGLES_BETTER,SINGLES_BETTER,0.5769,0.998
nba|HIGH_P|N3|SYNTH_M5,development,RR_DOUBLES,3,0.667,-0.092971,0.522551,0.094931,0.536198,-0.001917,-0.0944,-0.1396501,-0.049849,0.0,SINGLES_BETTER,SINGLES_BETTER,SINGLES_BETTER,0.6839,1.0
nba|HIGH_P|N3|SYNTH_M5,development,FULL_COVER,4,0.75,-0.103768,0.591148,0.094931,0.536198,-0.002149,-0.10305,-0.1535225,-0.0517837,0.0,SINGLES_BETTER,SINGLES_BETTER,SINGLES_BETTER,0.7208,1.0
nba|HIGH_P|N3|SYNTH_M5,development,FULL_COVER+SINGLES,7,0.571,-0.079704,0.447793,0.007159,0.536198,-0.001637,-0.08038,-0.1184049,-0.0423463,0.0,SINGLES_BETTER,SINGLES_BETTER,SINGLES_BETTER,0.6231,0.996
nba|HIGH_P|N3|SYNTH_M5,holdout,SINGLES,3,0.333,-0.047619,0.256632,0.006011,0.557988,-0.000966,-0.02276,-0.0568399,0.009987,0.0,SAME,SAME,SAME,0.1463,0.008
nba|HIGH_P|N3|SYNTH_M5,holdout,ACC_2,1,1.0,-0.092971,0.579518,0.289098,0.710902,-0.001931,-0.04735,-0.1236298,0.0262882,0.0,NO_DIFFERENCE_DETECTED,NO_DIFFERENCE_DETECTED,NO_DIFFERENCE_DETECTED,0.2549,0.496
nba|HIGH_P|N3|SYNTH_M5,holdout,ACC_3,1,1.0,-0.136162,0.777163,0.442012,0.557988,-0.002852,-0.03327,-0.1395491,0.0663316,0.0,NO_DIFFERENCE_DETECTED,NO_DIFFERENCE_DETECTED,NO_DIFFERENCE_DETECTED,0.3144,0.526
nba|HIGH_P|N3|SYNTH_M5,holdout,DBL12+SINGLES,2,0.5,-0.070295,0.384309,0.065735,0.557988,-0.001437,-0.0324,-0.0855479,0.0167231,0.0,NO_DIFFERENCE_DETECTED,NO_DIFFERENCE_DETECTED,NO_DIFFERENCE_DETECTED,0.2045,0.162
nba|HIGH_P|N3|SYNTH_M5,holdout,RR_DOUBLES,3,0.667,-0.092971,0.502226,0.085302,0.557988,-0.001913,-0.0356,-0.1043987,0.0353559,0.0,NO_DIFFERENCE_DETECTED,NO_DIFFERENCE_DETECTED,NO_DIFFERENCE_DETECTED,0.246,0.358
nba|HIGH_P|N3|SYNTH_M5,holdout,FULL_COVER,4,0.75,-0.103768,0.567335,0.085302,0.557988,-0.002144,-0.03502,-0.1102737,0.0372799,0.0,NO_DIFFERENCE_DETECTED,NO_DIFFERENCE_DETECTED,NO_DIFFERENCE_DETECTED,0.2585,0.364
nba|HIGH_P|N3|SYNTH_M5,holdout,FULL_COVER+SINGLES,7,0.571,-0.079704,0.430384,0.006011,0.557988,-0.001633,-0.02977,-0.0873866,0.0304475,0.0,NO_DIFFERENCE_DETECTED,NO_DIFFERENCE_DETECTED,NO_DIFFERENCE_DETECTED,0.2116,0.246
nba|HIGH_P|N3|SYNTH_M5,all,SINGLES,3,0.333,-0.047619,0.263816,0.006847,0.542121,-0.000967,-0.04271,-0.0620083,-0.0237131,0.0,SAME,SAME,SAME,0.5305,1.0
nba|HIGH_P|N3|SYNTH_M5,all,ACC_2,1,1.0,-0.092971,0.596189,0.300429,0.699571,-0.001935,-0.06645,-0.1074115,-0.0275879,0.0,NO_DIFFERENCE_DETECTED,NO_DIFFERENCE_DETECTED,NO_DIFFERENCE_DETECTED,0.6927,0.998
nba|HIGH_P|N3|SYNTH_M5,all,ACC_3,1,1.0,-0.136162,0.803423,0.457879,0.542121,-0.002861,-0.103,-0.15799,-0.0450255,0.0,SINGLES_BETTER,SINGLES_BETTER,SINGLES_BETTER,0.86,1.0
nba|HIGH_P|N3|SYNTH_M5,all,DBL12+SINGLES,2,0.5,-0.070295,0.395629,0.071265,0.542121,-0.001439,-0.06066,-0.0906731,-0.0312421,0.0,SINGLES_BETTER,SINGLES_BETTER,SINGLES_BETTER,0.663,0.998
nba|HIGH_P|N3|SYNTH_M5,all,RR_DOUBLES,3,0.667,-0.092971,0.517027,0.092314,0.542121,-0.001916,-0.07842,-0.1166614,-0.0434539,0.0,SINGLES_BETTER,SINGLES_BETTER,SINGLES_BETTER,0.7609,0.998
nba|HIGH_P|N3|SYNTH_M5,all,FULL_COVER,4,0.75,-0.103768,0.584676,0.092314,0.542121,-0.002148,-0.08456,-0.1251332,-0.0395597,0.0,SINGLES_BETTER,SINGLES_BETTER,SINGLES_BETTER,0.7902,1.0
nba|HIGH_P|N3|SYNTH_M5,all,FULL_COVER+SINGLES,7,0.571,-0.079704,0.443062,0.006847,0.542121,-0.001636,-0.06662,-0.0970174,-0.0348574,0.0,SINGLES_BETTER,SINGLES_BETTER,SINGLES_BETTER,0.7024,1.0
nba|HIGH_P|N3|SYNTH_EDGE3,development,SINGLES,3,0.333,0.03,0.288216,0.007159,0.536198,0.000583,0.02726,0.0031062,0.0518681,2.35,SAME,SAME,SAME,0.1238,0.0
nba|HIGH_P|N3|SYNTH_EDGE3,development,ACC_2,1,1.0,0.0609,0.704606,0.304659,0.695341,0.001114,0.08358,0.0267047,0.1397015,2.416,STRUCTURE_BETTER,STRUCTURE_BETTER,STRUCTURE_BETTER,0.1449,0.018
nba|HIGH_P|N3|SYNTH_EDGE3,development,ACC_3,1,1.0,0.092727,1.028703,0.463802,0.536198,0.001636,0.10175,0.0146846,0.1872862,2.35,STRUCTURE_BETTER,NO_DIFFERENCE_DETECTED,NO_DIFFERENCE_DETECTED,0.3726,0.15
nba|HIGH_P|N3|SYNTH_EDGE3,development,DBL12+SINGLES,2,0.5,0.04545,0.452836,0.073329,0.537271,0.000867,0.04532,0.0082514,0.0820916,2.35,STRUCTURE_BETTER,STRUCTURE_BETTER,NO_DIFFERENCE_DETECTED,0.1638,0.002
nba|HIGH_P|N3|SYNTH_EDGE3,development,RR_DOUBLES,3,0.667,0.0609,0.611198,0.094931,0.536198,0.001141,0.05923,0.0063016,0.1113367,2.35,STRUCTURE_BETTER,STRUCTURE_BETTER,NO_DIFFERENCE_DETECTED,0.2588,0.034
nba|HIGH_P|N3|SYNTH_EDGE3,development,FULL_COVER,4,0.75,0.068857,0.710564,0.094931,0.536198,0.001273,0.06986,0.0094706,0.1313636,2.35,STRUCTURE_BETTER,NO_DIFFERENCE_DETECTED,NO_DIFFERENCE_DETECTED,0.2887,0.038
nba|HIGH_P|N3|SYNTH_EDGE3,development,FULL_COVER+SINGLES,7,0.571,0.052204,0.524757,0.007159,0.536198,0.000987,0.0516,0.00695,0.0962615,2.35,STRUCTURE_BETTER,STRUCTURE_BETTER,NO_DIFFERENCE_DETECTED,0.2217,0.012
nba|HIGH_P|N3|SYNTH_EDGE3,holdout,SINGLES,3,0.333,0.03,0.277548,0.006011,0.557988,0.000584,0.05688,0.0200276,0.092301,2.383,SAME,SAME,SAME,0.0706,0.0
nba|HIGH_P|N3|SYNTH_EDGE3,holdout,ACC_2,1,1.0,0.0609,0.677828,0.289098,0.710902,0.001122,0.11426,0.0250396,0.2003901,2.445,NO_DIFFERENCE_DETECTED,NO_DIFFERENCE_DETECTED,NO_DIFFERENCE_DETECTED,0.1723,0.0
nba|HIGH_P|N3|SYNTH_EDGE3,holdout,ACC_3,1,1.0,0.092727,0.983087,0.442012,0.557988,0.001654,0.22289,0.0884429,0.3488755,2.383,STRUCTURE_BETTER,STRUCTURE_BETTER,STRUCTURE_BETTER,0.2332,0.0
nba|HIGH_P|N3|SYNTH_EDGE3,holdout,DBL12+SINGLES,2,0.5,0.04545,0.43526,0.065735,0.558704,0.00087,0.08844,0.0282385,0.1443677,2.383,STRUCTURE_BETTER,STRUCTURE_BETTER,STRUCTURE_BETTER,0.0993,0.0
nba|HIGH_P|N3|SYNTH_EDGE3,holdout,RR_DOUBLES,3,0.667,0.0609,0.587424,0.085302,0.557988,0.001147,0.128,0.0475331,0.210996,2.383,STRUCTURE_BETTER,STRUCTURE_BETTER,STRUCTURE_BETTER,0.1454,0.0
nba|HIGH_P|N3|SYNTH_EDGE3,holdout,FULL_COVER,4,0.75,0.068857,0.681878,0.085302,0.557988,0.001281,0.15172,0.0611777,0.2386359,2.383,STRUCTURE_BETTER,STRUCTURE_BETTER,STRUCTURE_BETTER,0.168,0.0
nba|HIGH_P|N3|SYNTH_EDGE3,holdout,FULL_COVER+SINGLES,7,0.571,0.052204,0.504277,0.006011,0.557988,0.000992,0.11108,0.0436663,0.1819138,2.383,STRUCTURE_BETTER,STRUCTURE_BETTER,STRUCTURE_BETTER,0.1273,0.0
nba|HIGH_P|N3|SYNTH_EDGE3,all,SINGLES,3,0.333,0.03,0.285317,0.006847,0.542121,0.000583,0.03531,0.014438,0.0558543,2.359,SAME,SAME,SAME,0.1238,0.0
nba|HIGH_P|N3|SYNTH_EDGE3,all,ACC_2,1,1.0,0.0609,0.697328,0.300429,0.699571,0.001116,0.09192,0.0440092,0.1373743,2.424,STRUCTURE_BETTER,STRUCTURE_BETTER,STRUCTURE_BETTER,0.1723,0.01
nba|HIGH_P|N3|SYNTH_EDGE3,all,ACC_3,1,1.0,0.092727,1.016305,0.457879,0.542121,0.001641,0.13468,0.0651158,0.2080122,2.359,STRUCTURE_BETTER,STRUCTURE_BETTER,STRUCTURE_BETTER,0.3726,0.056
nba|HIGH_P|N3|SYNTH_EDGE3,all,DBL12+SINGLES,2,0.5,0.04545,0.448059,0.071265,0.543096,0.000867,0.05704,0.0228654,0.0900959,2.359,STRUCTURE_BETTER,STRUCTURE_BETTER,STRUCTURE_BETTER,0.1638,0.0
nba|HIGH_P|N3|SYNTH_EDGE3,all,RR_DOUBLES,3,0.667,0.0609,0.604736,0.092314,0.542121,0.001142,0.07792,0.0331901,0.1188167,2.359,STRUCTURE_BETTER,STRUCTURE_BETTER,STRUCTURE_BETTER,0.2588,0.0
nba|HIGH_P|N3|SYNTH_EDGE3,all,FULL_COVER,4,0.75,0.068857,0.702767,0.092314,0.542121,0.001275,0.09211,0.0433293,0.1461776,2.359,STRUCTURE_BETTER,STRUCTURE_BETTER,STRUCTURE_BETTER,0.2887,0.016
nba|HIGH_P|N3|SYNTH_EDGE3,all,FULL_COVER+SINGLES,7,0.571,0.052204,0.519191,0.006847,0.542121,0.000988,0.06777,0.0322573,0.1050541,2.359,STRUCTURE_BETTER,STRUCTURE_BETTER,STRUCTURE_BETTER,0.2217,0.0
football|HIGH_P|N3|SYNTH_M0,development,SINGLES,3,0.333,-0.0,0.305049,0.010121,0.480995,-1.9e-05,-0.04738,-0.1644179,0.0593205,0.0,SAME,SAME,SAME,0.0538,0.0
football|HIGH_P|N3|SYNTH_M0,development,ACC_2,1,1.0,-0.0,0.741866,0.353819,0.646181,-0.000112,-0.02032,-0.2539325,0.2095914,0.0,NO_DIFFERENCE_DETECTED,NO_DIFFERENCE_DETECTED,NO_DIFFERENCE_DETECTED,0.1166,0.01
football|HIGH_P|N3|SYNTH_M0,development,ACC_3,1,1.0,-0.0,1.044272,0.519005,0.480995,-0.00022,-0.01053,-0.332036,0.292123,0.0,NO_DIFFERENCE_DETECTED,NO_DIFFERENCE_DETECTED,NO_DIFFERENCE_DETECTED,0.0961,0.05
football|HIGH_P|N3|SYNTH_M0,development,DBL12+SINGLES,2,0.5,-0.0,0.473822,0.091488,0.480995,-4.5e-05,-0.05275,-0.2227569,0.097019,0.0,NO_DIFFERENCE_DETECTED,NO_DIFFERENCE_DETECTED,NO_DIFFERENCE_DETECTED,0.0648,0.0
football|HIGH_P|N3|SYNTH_M0,development,RR_DOUBLES,3,0.667,-0.0,0.630866,0.120183,0.480995,-8e-05,-0.04225,-0.2474666,0.1570986,0.0,NO_DIFFERENCE_DETECTED,NO_DIFFERENCE_DETECTED,NO_DIFFERENCE_DETECTED,0.0668,0.006
football|HIGH_P|N3|SYNTH_M0,development,FULL_COVER,4,0.75,-0.0,0.728282,0.120183,0.480995,-0.000107,-0.03432,-0.2586003,0.1946111,0.0,NO_DIFFERENCE_DETECTED,NO_DIFFERENCE_DETECTED,NO_DIFFERENCE_DETECTED,0.0736,0.008
football|HIGH_P|N3|SYNTH_M0,development,FULL_COVER+SINGLES,7,0.571,0.0,0.541146,0.010121,0.480995,-5.9e-05,-0.03992,-0.2260116,0.1291822,0.0,NO_DIFFERENCE_DETECTED,NO_DIFFERENCE_DETECTED,NO_DIFFERENCE_DETECTED,0.0594,0.002
football|HIGH_P|N3|SYNTH_M0,holdout,SINGLES,3,0.333,-0.0,0.314204,0.01148,0.462649,-2e-05,-0.14662,-0.3246498,0.0367519,0.0,INSUFFICIENT_DAYS,INSUFFICIENT_DAYS,INSUFFICIENT_DAYS,0.034,0.0
football|HIGH_P|N3|SYNTH_M0,holdout,ACC_2,1,1.0,-0.0,0.763284,0.366611,0.633389,-0.000119,-0.17848,-0.6076566,0.2588666,0.0,INSUFFICIENT_DAYS,INSUFFICIENT_DAYS,INSUFFICIENT_DAYS,0.0652,0.0
football|HIGH_P|N3|SYNTH_M0,holdout,ACC_3,1,1.0,-0.0,1.083156,0.537351,0.462649,-0.000236,-0.43063,-1.0,0.1590676,0.0,INSUFFICIENT_DAYS,INSUFFICIENT_DAYS,INSUFFICIENT_DAYS,0.0925,0.0
football|HIGH_P|N3|SYNTH_M0,holdout,DBL12+SINGLES,2,0.5,-0.0,0.488861,0.099412,0.462649,-4.8e-05,-0.27566,-0.5915069,0.0477103,0.0,INSUFFICIENT_DAYS,INSUFFICIENT_DAYS,INSUFFICIENT_DAYS,0.0615,0.0
football|HIGH_P|N3|SYNTH_M0,holdout,RR_DOUBLES,3,0.667,-0.0,0.650976,0.13014,0.462649,-8.5e-05,-0.30766,-0.6697185,0.0733517,0.0,INSUFFICIENT_DAYS,INSUFFICIENT_DAYS,INSUFFICIENT_DAYS,0.0664,0.0
football|HIGH_P|N3|SYNTH_M0,holdout,FULL_COVER,4,0.75,-0.0,0.752536,0.13014,0.462649,-0.000114,-0.3384,-0.7250738,0.1065993,0.0,INSUFFICIENT_DAYS,INSUFFICIENT_DAYS,INSUFFICIENT_DAYS,0.073,0.0
football|HIGH_P|N3|SYNTH_M0,holdout,FULL_COVER+SINGLES,7,0.571,-0.0,0.55844,0.01148,0.462649,-6.3e-05,-0.25621,-0.5558889,0.0768844,0.0,INSUFFICIENT_DAYS,INSUFFICIENT_DAYS,INSUFFICIENT_DAYS,0.0555,0.0
football|HIGH_P|N3|SYNTH_M0,all,SINGLES,3,0.333,-0.0,0.306986,0.010408,0.477114,-1.9e-05,-0.06837,-0.1673641,0.0270816,0.0,SAME,SAME,SAME,0.0762,0.0
football|HIGH_P|N3|SYNTH_M0,all,ACC_2,1,1.0,-0.0,0.746397,0.356525,0.643475,-0.000114,-0.05378,-0.2526802,0.1526253,0.0,NO_DIFFERENCE_DETECTED,NO_DIFFERENCE_DETECTED,NO_DIFFERENCE_DETECTED,0.1166,0.034
football|HIGH_P|N3|SYNTH_M0,all,ACC_3,1,1.0,-0.0,1.052497,0.522886,0.477114,-0.000223,-0.09939,-0.3673699,0.1668662,0.0,NO_DIFFERENCE_DETECTED,NO_DIFFERENCE_DETECTED,NO_DIFFERENCE_DETECTED,0.1538,0.254
football|HIGH_P|N3|SYNTH_M0,all,DBL12+SINGLES,2,0.5,-0.0,0.477003,0.093165,0.477114,-4.6e-05,-0.09991,-0.254631,0.0476055,0.0,NO_DIFFERENCE_DETECTED,NO_DIFFERENCE_DETECTED,NO_DIFFERENCE_DETECTED,0.1086,0.03
football|HIGH_P|N3|SYNTH_M0,all,RR_DOUBLES,3,0.667,-0.0,0.63512,0.12229,0.477114,-8.1e-05,-0.09839,-0.273135,0.0867819,0.0,NO_DIFFERENCE_DETECTED,NO_DIFFERENCE_DETECTED,NO_DIFFERENCE_DETECTED,0.1115,0.048
football|HIGH_P|N3|SYNTH_M0,all,FULL_COVER,4,0.75,-0.0,0.733413,0.12229,0.477114,-0.000108,-0.09864,-0.2924469,0.1016287,0.0,NO_DIFFERENCE_DETECTED,NO_DIFFERENCE_DETECTED,NO_DIFFERENCE_DETECTED,0.1221,0.088
football|HIGH_P|N3|SYNTH_M0,all,FULL_COVER+SINGLES,7,0.571,0.0,0.544804,0.010408,0.477114,-6e-05,-0.08567,-0.2365244,0.0630705,0.0,NO_DIFFERENCE_DETECTED,NO_DIFFERENCE_DETECTED,NO_DIFFERENCE_DETECTED,0.0971,0.028
football|HIGH_P|N3|SYNTH_M5,development,SINGLES,3,0.333,-0.047619,0.290523,0.010121,0.480995,-0.00097,-0.09275,-0.2042075,0.0088767,0.0,SAME,SAME,SAME,0.0835,0.0
football|HIGH_P|N3|SYNTH_M5,development,ACC_2,1,1.0,-0.092971,0.672895,0.353819,0.646181,-0.001954,-0.1114,-0.3232948,0.0971351,0.0,NO_DIFFERENCE_DETECTED,NO_DIFFERENCE_DETECTED,NO_DIFFERENCE_DETECTED,0.1453,0.024
football|HIGH_P|N3|SYNTH_M5,development,ACC_3,1,1.0,-0.136162,0.902081,0.519005,0.480995,-0.002892,-0.14526,-0.4229876,0.1161844,0.0,NO_DIFFERENCE_DETECTED,NO_DIFFERENCE_DETECTED,NO_DIFFERENCE_DETECTED,0.1485,0.152
football|HIGH_P|N3|SYNTH_M5,development,DBL12+SINGLES,2,0.5,-0.070295,0.43819,0.091488,0.480995,-0.001446,-0.12008,-0.2776714,0.0190513,0.0,NO_DIFFERENCE_DETECTED,NO_DIFFERENCE_DETECTED,NO_DIFFERENCE_DETECTED,0.1097,0.006
football|HIGH_P|N3|SYNTH_M5,development,RR_DOUBLES,3,0.667,-0.092971,0.572214,0.120183,0.480995,-0.001927,-0.13129,-0.31743,0.0495226,0.0,NO_DIFFERENCE_DETECTED,NO_DIFFERENCE_DETECTED,NO_DIFFERENCE_DETECTED,0.124,0.024
football|HIGH_P|N3|SYNTH_M5,development,FULL_COVER,4,0.75,-0.103768,0.649466,0.120183,0.480995,-0.002163,-0.13478,-0.3348028,0.0697251,0.0,NO_DIFFERENCE_DETECTED,NO_DIFFERENCE_DETECTED,NO_DIFFERENCE_DETECTED,0.1301,0.05
football|HIGH_P|N3|SYNTH_M5,development,FULL_COVER+SINGLES,7,0.571,-0.079704,0.490327,0.010121,0.480995,-0.001644,-0.11677,-0.2859619,0.0360563,0.0,NO_DIFFERENCE_DETECTED,NO_DIFFERENCE_DETECTED,NO_DIFFERENCE_DETECTED,0.1102,0.008
football|HIGH_P|N3|SYNTH_M5,holdout,SINGLES,3,0.333,-0.047619,0.299242,0.01148,0.462649,-0.000971,-0.18726,-0.3568093,-0.0126173,0.0,INSUFFICIENT_DAYS,INSUFFICIENT_DAYS,INSUFFICIENT_DAYS,0.0406,0.0
football|HIGH_P|N3|SYNTH_M5,holdout,ACC_2,1,1.0,-0.092971,0.692321,0.366611,0.633389,-0.001959,-0.25485,-0.6441329,0.1418291,0.0,INSUFFICIENT_DAYS,INSUFFICIENT_DAYS,INSUFFICIENT_DAYS,0.0732,0.0
football|HIGH_P|N3|SYNTH_M5,holdout,ACC_3,1,1.0,-0.136162,0.935671,0.537351,0.462649,-0.002904,-0.50815,-1.0,0.0012462,0.0,INSUFFICIENT_DAYS,INSUFFICIENT_DAYS,INSUFFICIENT_DAYS,0.1076,0.0
football|HIGH_P|N3|SYNTH_M5,holdout,DBL12+SINGLES,2,0.5,-0.070295,0.452168,0.099412,0.462649,-0.001448,-0.32878,-0.6186207,-0.0270482,0.0,INSUFFICIENT_DAYS,INSUFFICIENT_DAYS,INSUFFICIENT_DAYS,0.0705,0.0
football|HIGH_P|N3|SYNTH_M5,holdout,RR_DOUBLES,3,0.667,-0.092971,0.590455,0.13014,0.462649,-0.001932,-0.37202,-0.700425,-0.0264384,0.0,INSUFFICIENT_DAYS,INSUFFICIENT_DAYS,INSUFFICIENT_DAYS,0.0795,0.0
football|HIGH_P|N3|SYNTH_M5,holdout,FULL_COVER,4,0.75,-0.103768,0.67106,0.13014,0.462649,-0.002169,-0.40606,-0.7506338,-0.0085963,0.0,INSUFFICIENT_DAYS,INSUFFICIENT_DAYS,INSUFFICIENT_DAYS,0.0866,0.0
football|HIGH_P|N3|SYNTH_M5,holdout,FULL_COVER+SINGLES,7,0.571,-0.079704,0.505953,0.01148,0.462649,-0.001647,-0.31229,-0.584071,-0.01029,0.0,INSUFFICIENT_DAYS,INSUFFICIENT_DAYS,INSUFFICIENT_DAYS,0.0671,0.0
football|HIGH_P|N3|SYNTH_M5,all,SINGLES,3,0.333,-0.047619,0.292367,0.010408,0.477114,-0.00097,-0.11274,-0.2070134,-0.0218271,0.0,SAME,SAME,SAME,0.1152,0.004
football|HIGH_P|N3|SYNTH_M5,all,ACC_2,1,1.0,-0.092971,0.677004,0.356525,0.643475,-0.001955,-0.14175,-0.3221589,0.0454651,0.0,NO_DIFFERENCE_DETECTED,NO_DIFFERENCE_DETECTED,NO_DIFFERENCE_DETECTED,0.1473,0.14
football|HIGH_P|N3|SYNTH_M5,all,ACC_3,1,1.0,-0.136162,0.909187,0.522886,0.477114,-0.002895,-0.22202,-0.4535104,0.0079829,0.0,NO_DIFFERENCE_DETECTED,NO_DIFFERENCE_DETECTED,NO_DIFFERENCE_DETECTED,0.2236,0.518
football|HIGH_P|N3|SYNTH_M5,all,DBL12+SINGLES,2,0.5,-0.070295,0.441147,0.093165,0.477114,-0.001446,-0.16422,-0.308213,-0.0269982,0.0,SINGLES_BETTER,NO_DIFFERENCE_DETECTED,SINGLES_BETTER,0.1644,0.1
football|HIGH_P|N3|SYNTH_M5,all,RR_DOUBLES,3,0.667,-0.092971,0.576072,0.12229,0.477114,-0.001928,-0.18221,-0.3407121,-0.0142568,0.0,NO_DIFFERENCE_DETECTED,NO_DIFFERENCE_DETECTED,NO_DIFFERENCE_DETECTED,0.1828,0.206
football|HIGH_P|N3|SYNTH_M5,all,FULL_COVER,4,0.75,-0.103768,0.654034,0.12229,0.477114,-0.002164,-0.19217,-0.3651627,-0.0128194,0.0,NO_DIFFERENCE_DETECTED,NO_DIFFERENCE_DETECTED,NO_DIFFERENCE_DETECTED,0.193,0.298
football|HIGH_P|N3|SYNTH_M5,all,FULL_COVER+SINGLES,7,0.571,-0.079704,0.493633,0.010408,0.477114,-0.001645,-0.15813,-0.2951983,-0.0230522,0.0,NO_DIFFERENCE_DETECTED,NO_DIFFERENCE_DETECTED,NO_DIFFERENCE_DETECTED,0.1602,0.088
football|HIGH_P|N3|SYNTH_EDGE3,development,SINGLES,3,0.333,0.03,0.3142,0.010121,0.480995,0.00058,-0.0188,-0.1393505,0.0911001,2.274,SAME,SAME,SAME,0.0382,0.0
football|HIGH_P|N3|SYNTH_EDGE3,development,ACC_2,1,1.0,0.0609,0.787046,0.353819,0.646181,0.001091,0.03934,-0.208497,0.2832556,2.334,NO_DIFFERENCE_DETECTED,NO_DIFFERENCE_DETECTED,NO_DIFFERENCE_DETECTED,0.0995,0.002
football|HIGH_P|N3|SYNTH_EDGE3,development,ACC_3,1,1.0,0.092727,1.141104,0.519005,0.480995,0.001591,0.08122,-0.2700977,0.4119377,2.274,NO_DIFFERENCE_DETECTED,NO_DIFFERENCE_DETECTED,NO_DIFFERENCE_DETECTED,0.0961,0.016
football|HIGH_P|N3|SYNTH_EDGE3,development,DBL12+SINGLES,2,0.5,0.04545,0.497076,0.091488,0.480995,0.000859,-0.0092,-0.1878765,0.147925,2.274,NO_DIFFERENCE_DETECTED,NO_DIFFERENCE_DETECTED,NO_DIFFERENCE_DETECTED,0.0479,0.0
football|HIGH_P|N3|SYNTH_EDGE3,development,RR_DOUBLES,3,0.667,0.0609,0.669285,0.120183,0.480995,0.001127,0.01608,-0.2016373,0.227566,2.274,NO_DIFFERENCE_DETECTED,NO_DIFFERENCE_DETECTED,NO_DIFFERENCE_DETECTED,0.0641,0.0
football|HIGH_P|N3|SYNTH_EDGE3,development,FULL_COVER,4,0.75,0.068857,0.780823,0.120183,0.480995,0.001254,0.03237,-0.2080889,0.2775483,2.274,NO_DIFFERENCE_DETECTED,NO_DIFFERENCE_DETECTED,NO_DIFFERENCE_DETECTED,0.0722,0.004
football|HIGH_P|N3|SYNTH_EDGE3,development,FULL_COVER+SINGLES,7,0.571,0.052204,0.574805,0.010121,0.480995,0.000977,0.01044,-0.1863429,0.1895935,2.274,NO_DIFFERENCE_DETECTED,NO_DIFFERENCE_DETECTED,NO_DIFFERENCE_DETECTED,0.0576,0.0
football|HIGH_P|N3|SYNTH_EDGE3,holdout,SINGLES,3,0.333,0.03,0.32363,0.01148,0.462649,0.000579,-0.12102,-0.3043893,0.0678544,2.244,INSUFFICIENT_DAYS,INSUFFICIENT_DAYS,INSUFFICIENT_DAYS,0.0315,0.0
football|HIGH_P|N3|SYNTH_EDGE3,holdout,ACC_2,1,1.0,0.0609,0.809768,0.366611,0.633389,0.001084,-0.12844,-0.5837628,0.3355316,2.31,INSUFFICIENT_DAYS,INSUFFICIENT_DAYS,INSUFFICIENT_DAYS,0.0599,0.0
football|HIGH_P|N3|SYNTH_EDGE3,holdout,ACC_3,1,1.0,0.092727,1.183593,0.537351,0.462649,0.001572,-0.37783,-1.0,0.2665445,2.244,INSUFFICIENT_DAYS,INSUFFICIENT_DAYS,INSUFFICIENT_DAYS,0.0822,0.0
football|HIGH_P|N3|SYNTH_EDGE3,holdout,DBL12+SINGLES,2,0.5,0.04545,0.512806,0.099412,0.462649,0.000856,-0.24124,-0.5690603,0.095161,2.244,INSUFFICIENT_DAYS,INSUFFICIENT_DAYS,INSUFFICIENT_DAYS,0.059,0.0
football|HIGH_P|N3|SYNTH_EDGE3,holdout,RR_DOUBLES,3,0.667,0.0609,0.690621,0.13014,0.462649,0.001121,-0.26549,-0.6496044,0.1387188,2.244,INSUFFICIENT_DAYS,INSUFFICIENT_DAYS,INSUFFICIENT_DAYS,0.0624,0.0
football|HIGH_P|N3|SYNTH_EDGE3,holdout,FULL_COVER,4,0.75,0.068857,0.806853,0.13014,0.462649,0.001246,-0.29358,-0.7083079,0.1830655,2.244,INSUFFICIENT_DAYS,INSUFFICIENT_DAYS,INSUFFICIENT_DAYS,0.0663,0.0
football|HIGH_P|N3|SYNTH_EDGE3,holdout,FULL_COVER+SINGLES,7,0.571,0.052204,0.593208,0.01148,0.462649,0.000973,-0.21962,-0.5366744,0.1343966,2.244,INSUFFICIENT_DAYS,INSUFFICIENT_DAYS,INSUFFICIENT_DAYS,0.0515,0.0
football|HIGH_P|N3|SYNTH_EDGE3,all,SINGLES,3,0.333,0.03,0.316195,0.010408,0.477114,0.00058,-0.04043,-0.142385,0.057894,2.268,SAME,SAME,SAME,0.0543,0.0
football|HIGH_P|N3|SYNTH_EDGE3,all,ACC_2,1,1.0,0.0609,0.791852,0.356525,0.643475,0.00109,0.00385,-0.2071684,0.2228202,2.329,NO_DIFFERENCE_DETECTED,NO_DIFFERENCE_DETECTED,NO_DIFFERENCE_DETECTED,0.0995,0.016
football|HIGH_P|N3|SYNTH_EDGE3,all,ACC_3,1,1.0,0.092727,1.150092,0.522886,0.477114,0.001587,-0.01588,-0.308708,0.2750662,2.268,NO_DIFFERENCE_DETECTED,NO_DIFFERENCE_DETECTED,NO_DIFFERENCE_DETECTED,0.1385,0.144
football|HIGH_P|N3|SYNTH_EDGE3,all,DBL12+SINGLES,2,0.5,0.04545,0.500403,0.093165,0.477114,0.000858,-0.05828,-0.2216205,0.0966524,2.268,NO_DIFFERENCE_DETECTED,NO_DIFFERENCE_DETECTED,NO_DIFFERENCE_DETECTED,0.0834,0.014
football|HIGH_P|N3|SYNTH_EDGE3,all,RR_DOUBLES,3,0.667,0.0609,0.673799,0.12229,0.477114,0.001126,-0.04348,-0.228869,0.1529669,2.268,NO_DIFFERENCE_DETECTED,NO_DIFFERENCE_DETECTED,NO_DIFFERENCE_DETECTED,0.0983,0.026
football|HIGH_P|N3|SYNTH_EDGE3,all,FULL_COVER,4,0.75,0.068857,0.786329,0.12229,0.477114,0.001252,-0.03658,-0.2441955,0.1775731,2.268,NO_DIFFERENCE_DETECTED,NO_DIFFERENCE_DETECTED,NO_DIFFERENCE_DETECTED,0.1084,0.042
football|HIGH_P|N3|SYNTH_EDGE3,all,FULL_COVER+SINGLES,7,0.571,0.052204,0.578698,0.010408,0.477114,0.000976,-0.03823,-0.1981891,0.1194829,2.268,NO_DIFFERENCE_DETECTED,NO_DIFFERENCE_DETECTED,NO_DIFFERENCE_DETECTED,0.0853,0.01
football|ASOF-FB|HIGH_P|N3|REAL,development,SINGLES,3,0.333,-0.043957,0.296246,0.011086,0.471049,-0.000897,-0.10865,-0.2192163,-0.0095992,0.0,SAME,SAME,SAME,0.0979,0.0
football|ASOF-FB|HIGH_P|N3|REAL,development,ACC_2,1,1.0,-0.085629,0.697193,0.366292,0.633708,-0.001813,-0.00988,-0.2251697,0.190077,0.0,NO_DIFFERENCE_DETECTED,NO_DIFFERENCE_DETECTED,NO_DIFFERENCE_DETECTED,0.1015,0.002
football|ASOF-FB|HIGH_P|N3|REAL,development,ACC_3,1,1.0,-0.126116,0.931558,0.528951,0.471049,-0.002702,-0.2359,-0.5023677,0.0388286,0.0,NO_DIFFERENCE_DETECTED,NO_DIFFERENCE_DETECTED,NO_DIFFERENCE_DETECTED,0.2157,0.378
football|ASOF-FB|HIGH_P|N3|REAL,development,DBL12+SINGLES,2,0.5,-0.06497,0.448742,0.095537,0.471049,-0.001341,-0.14149,-0.2955238,0.0060268,0.0,NO_DIFFERENCE_DETECTED,NO_DIFFERENCE_DETECTED,NO_DIFFERENCE_DETECTED,0.1286,0.014
football|ASOF-FB|HIGH_P|N3|REAL,development,RR_DOUBLES,3,0.667,-0.085967,0.586466,0.126476,0.471049,-0.00179,-0.1779,-0.3523284,-0.0020301,0.0,NO_DIFFERENCE_DETECTED,NO_DIFFERENCE_DETECTED,NO_DIFFERENCE_DETECTED,0.1612,0.066
football|ASOF-FB|HIGH_P|N3|REAL,development,FULL_COVER,4,0.75,-0.096005,0.667148,0.126476,0.471049,-0.002012,-0.1924,-0.3956781,0.0125268,0.0,NO_DIFFERENCE_DETECTED,NO_DIFFERENCE_DETECTED,NO_DIFFERENCE_DETECTED,0.175,0.118
football|ASOF-FB|HIGH_P|N3|REAL,development,FULL_COVER+SINGLES,7,0.571,-0.073699,0.502561,0.011086,0.471049,-0.001526,-0.15651,-0.317304,-0.0061712,0.0,NO_DIFFERENCE_DETECTED,NO_DIFFERENCE_DETECTED,NO_DIFFERENCE_DETECTED,0.1425,0.026
football|ASOF-FB|HIGH_P|N3|REAL,holdout,SINGLES,3,0.333,-0.041555,0.308413,0.012813,0.447671,-0.000851,-0.08067,-0.2413833,0.07035,0.0,INSUFFICIENT_DAYS,INSUFFICIENT_DAYS,INSUFFICIENT_DAYS,0.0237,0.0
football|ASOF-FB|HIGH_P|N3|REAL,holdout,ACC_2,1,1.0,-0.082463,0.724412,0.382363,0.617637,-0.001758,-0.13342,-0.5752048,0.3219992,0.0,INSUFFICIENT_DAYS,INSUFFICIENT_DAYS,INSUFFICIENT_DAYS,0.0551,0.0
football|ASOF-FB|HIGH_P|N3|REAL,holdout,ACC_3,1,1.0,-0.119524,0.98308,0.552329,0.447671,-0.002589,-0.42334,-1.0,0.1782152,0.0,INSUFFICIENT_DAYS,INSUFFICIENT_DAYS,INSUFFICIENT_DAYS,0.1045,0.0
football|ASOF-FB|HIGH_P|N3|REAL,holdout,DBL12+SINGLES,2,0.5,-0.061411,0.468666,0.105608,0.447671,-0.001273,-0.16421,-0.3892427,0.09789,0.0,INSUFFICIENT_DAYS,INSUFFICIENT_DAYS,INSUFFICIENT_DAYS,0.044,0.0
football|ASOF-FB|HIGH_P|N3|REAL,holdout,RR_DOUBLES,3,0.667,-0.081372,0.613463,0.139082,0.447671,-0.001705,-0.22002,-0.5367006,0.1173209,0.0,INSUFFICIENT_DAYS,INSUFFICIENT_DAYS,INSUFFICIENT_DAYS,0.0574,0.0
football|ASOF-FB|HIGH_P|N3|REAL,holdout,FULL_COVER,4,0.75,-0.09091,0.699607,0.139082,0.447671,-0.001919,-0.27085,-0.6172441,0.142588,0.0,INSUFFICIENT_DAYS,INSUFFICIENT_DAYS,INSUFFICIENT_DAYS,0.069,0.0
football|ASOF-FB|HIGH_P|N3|REAL,holdout,FULL_COVER+SINGLES,7,0.571,-0.069758,0.525717,0.012813,0.447671,-0.001452,-0.18934,-0.4522096,0.0989498,0.0,INSUFFICIENT_DAYS,INSUFFICIENT_DAYS,INSUFFICIENT_DAYS,0.0495,0.0
football|ASOF-FB|HIGH_P|N3|REAL,all,SINGLES,3,0.333,-0.043495,0.298586,0.011418,0.466554,-0.000888,-0.10327,-0.1945561,-0.0149872,0.0,SAME,SAME,SAME,0.1065,0.002
football|ASOF-FB|HIGH_P|N3|REAL,all,ACC_2,1,1.0,-0.08502,0.702427,0.369383,0.630617,-0.001803,-0.03364,-0.2278809,0.147878,0.0,NO_DIFFERENCE_DETECTED,NO_DIFFERENCE_DETECTED,NO_DIFFERENCE_DETECTED,0.1072,0.014
football|ASOF-FB|HIGH_P|N3|REAL,all,ACC_3,1,1.0,-0.124849,0.941466,0.533446,0.466554,-0.00268,-0.27194,-0.5173628,-0.0223904,0.0,NO_DIFFERENCE_DETECTED,SINGLES_BETTER,SINGLES_BETTER,0.2638,0.67
football|ASOF-FB|HIGH_P|N3|REAL,all,DBL12+SINGLES,2,0.5,-0.064285,0.452573,0.097474,0.466554,-0.001328,-0.14586,-0.2767053,-0.0264001,0.0,NO_DIFFERENCE_DETECTED,NO_DIFFERENCE_DETECTED,NO_DIFFERENCE_DETECTED,0.1483,0.046
football|ASOF-FB|HIGH_P|N3|REAL,all,RR_DOUBLES,3,0.667,-0.085084,0.591658,0.1289,0.466554,-0.001774,-0.186,-0.342295,-0.0274144,0.0,NO_DIFFERENCE_DETECTED,SINGLES_BETTER,SINGLES_BETTER,0.1862,0.226
football|ASOF-FB|HIGH_P|N3|REAL,all,FULL_COVER,4,0.75,-0.095025,0.67339,0.1289,0.466554,-0.001994,-0.20748,-0.3811292,-0.0334092,0.0,NO_DIFFERENCE_DETECTED,SINGLES_BETTER,SINGLES_BETTER,0.2061,0.33
football|ASOF-FB|HIGH_P|N3|REAL,all,FULL_COVER+SINGLES,7,0.571,-0.072941,0.507014,0.011418,0.466554,-0.001512,-0.16282,-0.2938513,-0.0204063,0.0,NO_DIFFERENCE_DETECTED,SINGLES_BETTER,SINGLES_BETTER,0.1645,0.106
tennis_atp|CLOSE-DIAG|HIGH_P|N5|REAL,development,SINGLES,5,0.2,-0.035154,0.195093,0.000218,0.450669,-0.000711,-0.03907,-0.0674793,-0.0129889,0.0,SAME,SAME,SAME,0.1408,0.004
tennis_atp|CLOSE-DIAG|HIGH_P|N5|REAL,development,ACC_2,1,1.0,-0.061712,0.50091,0.224084,0.775916,-0.001289,-0.03286,-0.1047074,0.0385239,0.0,NO_DIFFERENCE_DETECTED,NO_DIFFERENCE_DETECTED,NO_DIFFERENCE_DETECTED,0.1854,0.22
tennis_atp|CLOSE-DIAG|HIGH_P|N5|REAL,development,ACC_3,1,1.0,-0.095853,0.675496,0.354212,0.645788,-0.002016,-0.07751,-0.1761251,0.0251189,0.0,NO_DIFFERENCE_DETECTED,NO_DIFFERENCE_DETECTED,NO_DIFFERENCE_DETECTED,0.3098,0.714
tennis_atp|CLOSE-DIAG|HIGH_P|N5|REAL,development,ACC_4,1,1.0,-0.128855,0.855822,0.479258,0.520742,-0.002736,-0.07585,-0.2052266,0.0512938,0.0,NO_DIFFERENCE_DETECTED,NO_DIFFERENCE_DETECTED,NO_DIFFERENCE_DETECTED,0.3546,0.76
tennis_atp|CLOSE-DIAG|HIGH_P|N5|REAL,development,ACC_5,1,1.0,-0.163636,1.048421,0.592404,0.407596,-0.00351,-0.21122,-0.3564672,-0.0605119,0.0,SINGLES_BETTER,SINGLES_BETTER,SINGLES_BETTER,0.5861,0.99
tennis_atp|CLOSE-DIAG|HIGH_P|N5|REAL,development,DBL12+SINGLES,4,0.25,-0.043686,0.244122,0.002615,0.440433,-0.000886,-0.05176,-0.0877612,-0.0168324,0.0,SINGLES_BETTER,SINGLES_BETTER,SINGLES_BETTER,0.1821,0.142
tennis_atp|CLOSE-DIAG|HIGH_P|N5|REAL,development,2DBL+SINGLE,3,0.333,-0.057787,0.32865,0.020838,0.433263,-0.001179,-0.07292,-0.1196888,-0.0253535,0.0,SINGLES_BETTER,SINGLES_BETTER,SINGLES_BETTER,0.248,0.582
tennis_atp|CLOSE-DIAG|HIGH_P|N5|REAL,development,TBL123+SINGLES,3,0.333,-0.05749,0.327776,0.019618,0.437895,-0.001173,-0.06738,-0.1157312,-0.0167674,0.0,SINGLES_BETTER,SINGLES_BETTER,SINGLES_BETTER,0.232,0.456
tennis_atp|CLOSE-DIAG|HIGH_P|N5|REAL,development,RR_TREBLES,10,0.6,-0.101733,0.573912,0.041862,0.407596,-0.002105,-0.12259,-0.2017594,-0.0416542,0.0,SINGLES_BETTER,SINGLES_BETTER,SINGLES_BETTER,0.3837,0.938
tennis_atp|CLOSE-DIAG|HIGH_P|N5|REAL,development,RR_DOUBLES,10,0.4,-0.069049,0.381382,0.00465,0.416969,-0.001412,-0.08035,-0.139853,-0.0251519,0.0,SINGLES_BETTER,SINGLES_BETTER,SINGLES_BETTER,0.2695,0.674
tennis_atp|CLOSE-DIAG|HIGH_P|N5|REAL,development,FULL_COVER,26,0.577,-0.097604,0.553344,0.00465,0.407596,-0.002018,-0.11801,-0.1953981,-0.0364419,0.0,SINGLES_BETTER,SINGLES_BETTER,SINGLES_BETTER,0.373,0.91
tennis_atp|CLOSE-DIAG|HIGH_P|N5|REAL,development,FULL_COVER+SINGLES,31,0.516,-0.087531,0.493849,0.000218,0.407596,-0.001803,-0.10528,-0.1744901,-0.0350337,0.0,SINGLES_BETTER,SINGLES_BETTER,SINGLES_BETTER,0.3399,0.884
tennis_atp|CLOSE-DIAG|HIGH_P|N5|REAL,holdout,SINGLES,5,0.2,-0.0384,0.192516,0.000177,0.443151,-0.000776,-0.03636,-0.0718946,-0.0017978,0.0,SAME,SAME,SAME,0.1126,0.0
tennis_atp|CLOSE-DIAG|HIGH_P|N5|REAL,holdout,ACC_2,1,1.0,-0.068812,0.47992,0.212147,0.787853,-0.001426,-0.06829,-0.160052,0.0103752,0.0,NO_DIFFERENCE_DETECTED,NO_DIFFERENCE_DETECTED,NO_DIFFERENCE_DETECTED,0.1829,0.18
tennis_atp|CLOSE-DIAG|HIGH_P|N5|REAL,holdout,ACC_3,1,1.0,-0.107688,0.649389,0.343314,0.656686,-0.002245,-0.1218,-0.2450644,-0.0016454,0.0,NO_DIFFERENCE_DETECTED,NO_DIFFERENCE_DETECTED,NO_DIFFERENCE_DETECTED,0.3245,0.626
tennis_atp|CLOSE-DIAG|HIGH_P|N5|REAL,holdout,ACC_4,1,1.0,-0.144469,0.822999,0.470994,0.529006,-0.003036,-0.17448,-0.3268353,-0.0228898,0.0,SINGLES_BETTER,SINGLES_BETTER,SINGLES_BETTER,0.4055,0.876
tennis_atp|CLOSE-DIAG|HIGH_P|N5|REAL,holdout,ACC_5,1,1.0,-0.177664,1.012807,0.587251,0.412749,-0.003774,-0.16104,-0.3450697,0.0315884,0.0,NO_DIFFERENCE_DETECTED,NO_DIFFERENCE_DETECTED,NO_DIFFERENCE_DETECTED,0.4025,0.796
tennis_atp|CLOSE-DIAG|HIGH_P|N5|REAL,holdout,DBL12+SINGLES,4,0.25,-0.047689,0.240518,0.002305,0.435226,-0.000966,-0.03908,-0.0825005,0.0027223,0.0,NO_DIFFERENCE_DETECTED,NO_DIFFERENCE_DETECTED,NO_DIFFERENCE_DETECTED,0.1245,0.0
tennis_atp|CLOSE-DIAG|HIGH_P|N5|REAL,holdout,2DBL+SINGLE,3,0.333,-0.062998,0.322807,0.018978,0.429187,-0.001282,-0.05957,-0.1208797,0.0006844,0.0,NO_DIFFERENCE_DETECTED,NO_DIFFERENCE_DETECTED,NO_DIFFERENCE_DETECTED,0.1769,0.036
tennis_atp|CLOSE-DIAG|HIGH_P|N5|REAL,holdout,TBL123+SINGLES,3,0.333,-0.062591,0.321308,0.018299,0.43393,-0.001274,-0.05375,-0.1118537,0.005484,0.0,NO_DIFFERENCE_DETECTED,NO_DIFFERENCE_DETECTED,NO_DIFFERENCE_DETECTED,0.1627,0.014
tennis_atp|CLOSE-DIAG|HIGH_P|N5|REAL,holdout,RR_TREBLES,10,0.6,-0.110785,0.56169,0.038195,0.412749,-0.002283,-0.1084,-0.2141071,-0.0027228,0.0,SINGLES_BETTER,SINGLES_BETTER,SINGLES_BETTER,0.2924,0.496
tennis_atp|CLOSE-DIAG|HIGH_P|N5|REAL,holdout,RR_DOUBLES,10,0.4,-0.075308,0.374987,0.004011,0.415633,-0.001536,-0.07278,-0.1431065,-0.0065322,0.0,SINGLES_BETTER,SINGLES_BETTER,SINGLES_BETTER,0.2101,0.126
tennis_atp|CLOSE-DIAG|HIGH_P|N5|REAL,holdout,FULL_COVER,26,0.577,-0.10627,0.541132,0.004011,0.412749,-0.002188,-0.1029,-0.2018759,-0.0030607,0.0,NO_DIFFERENCE_DETECTED,SINGLES_BETTER,SINGLES_BETTER,0.2794,0.522
tennis_atp|CLOSE-DIAG|HIGH_P|N5|REAL,holdout,FULL_COVER+SINGLES,31,0.516,-0.095323,0.483284,0.000177,0.412749,-0.001957,-0.09216,-0.180513,-0.003157,0.0,NO_DIFFERENCE_DETECTED,NO_DIFFERENCE_DETECTED,SINGLES_BETTER,0.2546,0.308
tennis_atp|CLOSE-DIAG|HIGH_P|N5|REAL,all,SINGLES,5,0.2,-0.036382,0.194118,0.000202,0.447824,-0.000736,-0.03804,-0.0597196,-0.0172701,0.0,SAME,SAME,SAME,0.2166,0.264
tennis_atp|CLOSE-DIAG|HIGH_P|N5|REAL,all,ACC_2,1,1.0,-0.064398,0.492968,0.219567,0.780433,-0.001341,-0.04626,-0.1027605,0.0080821,0.0,NO_DIFFERENCE_DETECTED,NO_DIFFERENCE_DETECTED,NO_DIFFERENCE_DETECTED,0.3192,0.65
tennis_atp|CLOSE-DIAG|HIGH_P|N5|REAL,all,ACC_3,1,1.0,-0.100331,0.665618,0.350088,0.649912,-0.002103,-0.09427,-0.169822,-0.0180459,0.0,NO_DIFFERENCE_DETECTED,NO_DIFFERENCE_DETECTED,NO_DIFFERENCE_DETECTED,0.5186,0.952
tennis_atp|CLOSE-DIAG|HIGH_P|N5|REAL,all,ACC_4,1,1.0,-0.134763,0.843403,0.476131,0.523869,-0.00285,-0.11317,-0.2071887,-0.0109756,0.0,NO_DIFFERENCE_DETECTED,SINGLES_BETTER,SINGLES_BETTER,0.5652,0.974
tennis_atp|CLOSE-DIAG|HIGH_P|N5|REAL,all,ACC_5,1,1.0,-0.168944,1.034946,0.590454,0.409546,-0.00361,-0.19223,-0.302312,-0.0635013,0.0,SINGLES_BETTER,SINGLES_BETTER,SINGLES_BETTER,0.7214,0.998
tennis_atp|CLOSE-DIAG|HIGH_P|N5|REAL,all,DBL12+SINGLES,4,0.25,-0.0452,0.242758,0.002498,0.438463,-0.000917,-0.04696,-0.0745899,-0.0203926,0.0,SINGLES_BETTER,SINGLES_BETTER,SINGLES_BETTER,0.261,0.61
tennis_atp|CLOSE-DIAG|HIGH_P|N5|REAL,all,2DBL+SINGLE,3,0.333,-0.059759,0.326439,0.020134,0.431721,-0.001218,-0.06787,-0.1064452,-0.0299094,0.0,SINGLES_BETTER,SINGLES_BETTER,SINGLES_BETTER,0.3537,0.916
tennis_atp|CLOSE-DIAG|HIGH_P|N5|REAL,all,TBL123+SINGLES,3,0.333,-0.05942,0.325329,0.019119,0.436395,-0.001211,-0.06222,-0.0978754,-0.0248244,0.0,SINGLES_BETTER,SINGLES_BETTER,SINGLES_BETTER,0.3323,0.854
tennis_atp|CLOSE-DIAG|HIGH_P|N5|REAL,all,RR_TREBLES,10,0.6,-0.105158,0.569287,0.040475,0.409546,-0.002173,-0.11722,-0.1785186,-0.0519586,0.0,SINGLES_BETTER,SINGLES_BETTER,SINGLES_BETTER,0.5322,0.998
tennis_atp|CLOSE-DIAG|HIGH_P|N5|REAL,all,RR_DOUBLES,10,0.4,-0.071418,0.378962,0.004408,0.416464,-0.001459,-0.07749,-0.1229597,-0.0351874,0.0,SINGLES_BETTER,SINGLES_BETTER,SINGLES_BETTER,0.3933,0.948
tennis_atp|CLOSE-DIAG|HIGH_P|N5|REAL,all,FULL_COVER,26,0.577,-0.100883,0.548723,0.004408,0.409546,-0.002082,-0.11229,-0.1743503,-0.0490615,0.0,SINGLES_BETTER,SINGLES_BETTER,SINGLES_BETTER,0.5164,1.0
tennis_atp|CLOSE-DIAG|HIGH_P|N5|REAL,all,FULL_COVER+SINGLES,31,0.516,-0.09048,0.489852,0.000202,0.409546,-0.001861,-0.10032,-0.1562373,-0.0436524,0.0,SINGLES_BETTER,SINGLES_BETTER,SINGLES_BETTER,0.4767,0.988
tennis_atp|CLOSE-DIAG|HIGH_P|N3|REAL,development,SINGLES,3,0.333,-0.034839,0.250518,0.005679,0.579912,-0.00071,-0.01331,-0.0384388,0.0119147,0.0,SAME,SAME,SAME,0.1193,0.072
tennis_atp|CLOSE-DIAG|HIGH_P|N3|REAL,development,ACC_2,1,1.0,-0.066011,0.569844,0.271815,0.728185,-0.00139,-0.02458,-0.0801073,0.0312158,0.0,NO_DIFFERENCE_DETECTED,NO_DIFFERENCE_DETECTED,NO_DIFFERENCE_DETECTED,0.2438,0.578
tennis_atp|CLOSE-DIAG|HIGH_P|N3|REAL,development,ACC_3,1,1.0,-0.100827,0.776463,0.420088,0.579912,-0.002146,-0.03212,-0.1110409,0.0487497,0.0,NO_DIFFERENCE_DETECTED,NO_DIFFERENCE_DETECTED,NO_DIFFERENCE_DETECTED,0.3219,0.728
tennis_atp|CLOSE-DIAG|HIGH_P|N3|REAL,development,DBL12+SINGLES,2,0.5,-0.051669,0.377886,0.061682,0.579912,-0.001064,-0.01941,-0.0594692,0.0194335,0.0,NO_DIFFERENCE_DETECTED,NO_DIFFERENCE_DETECTED,NO_DIFFERENCE_DETECTED,0.1705,0.32
tennis_atp|CLOSE-DIAG|HIGH_P|N3|REAL,development,RR_DOUBLES,3,0.667,-0.068433,0.496306,0.079671,0.579912,-0.001421,-0.02518,-0.0772802,0.0267954,0.0,NO_DIFFERENCE_DETECTED,NO_DIFFERENCE_DETECTED,NO_DIFFERENCE_DETECTED,0.2213,0.564
tennis_atp|CLOSE-DIAG|HIGH_P|N3|REAL,development,FULL_COVER,4,0.75,-0.076531,0.562825,0.079671,0.579912,-0.001598,-0.02692,-0.0850756,0.030136,0.0,NO_DIFFERENCE_DETECTED,NO_DIFFERENCE_DETECTED,NO_DIFFERENCE_DETECTED,0.2457,0.638
tennis_atp|CLOSE-DIAG|HIGH_P|N3|REAL,development,FULL_COVER+SINGLES,7,0.571,-0.058663,0.425346,0.005679,0.579912,-0.001212,-0.02108,-0.0650035,0.021954,0.0,NO_DIFFERENCE_DETECTED,NO_DIFFERENCE_DETECTED,NO_DIFFERENCE_DETECTED,0.1882,0.392
tennis_atp|CLOSE-DIAG|HIGH_P|N3|REAL,holdout,SINGLES,3,0.333,-0.039351,0.247797,0.005664,0.583724,-0.0008,-0.03318,-0.0651709,-0.0007461,0.0,SAME,SAME,SAME,0.2057,0.104
tennis_atp|CLOSE-DIAG|HIGH_P|N3|REAL,holdout,ACC_2,1,1.0,-0.073916,0.558064,0.267015,0.732985,-0.001546,-0.04605,-0.1187836,0.0266084,0.0,NO_DIFFERENCE_DETECTED,NO_DIFFERENCE_DETECTED,NO_DIFFERENCE_DETECTED,0.2692,0.546
tennis_atp|CLOSE-DIAG|HIGH_P|N3|REAL,holdout,ACC_3,1,1.0,-0.113367,0.760326,0.416276,0.583724,-0.002393,-0.07795,-0.1732076,0.0151649,0.0,NO_DIFFERENCE_DETECTED,NO_DIFFERENCE_DETECTED,NO_DIFFERENCE_DETECTED,0.4341,0.868
tennis_atp|CLOSE-DIAG|HIGH_P|N3|REAL,holdout,DBL12+SINGLES,2,0.5,-0.058306,0.372938,0.060703,0.583724,-0.001196,-0.04267,-0.092478,0.0045741,0.0,NO_DIFFERENCE_DETECTED,NO_DIFFERENCE_DETECTED,NO_DIFFERENCE_DETECTED,0.2599,0.406
tennis_atp|CLOSE-DIAG|HIGH_P|N3|REAL,holdout,RR_DOUBLES,3,0.667,-0.077118,0.488535,0.078446,0.583724,-0.001594,-0.06013,-0.1266523,0.0059946,0.0,NO_DIFFERENCE_DETECTED,NO_DIFFERENCE_DETECTED,NO_DIFFERENCE_DETECTED,0.3453,0.68
tennis_atp|CLOSE-DIAG|HIGH_P|N3|REAL,holdout,FULL_COVER,4,0.75,-0.08618,0.553049,0.078446,0.583724,-0.00179,-0.06459,-0.1395046,0.0078342,0.0,NO_DIFFERENCE_DETECTED,NO_DIFFERENCE_DETECTED,NO_DIFFERENCE_DETECTED,0.3681,0.732
tennis_atp|CLOSE-DIAG|HIGH_P|N3|REAL,holdout,FULL_COVER+SINGLES,7,0.571,-0.06611,0.418675,0.005664,0.583724,-0.00136,-0.05113,-0.1096274,0.0048638,0.0,NO_DIFFERENCE_DETECTED,NO_DIFFERENCE_DETECTED,NO_DIFFERENCE_DETECTED,0.3019,0.526
tennis_atp|CLOSE-DIAG|HIGH_P|N3|REAL,all,SINGLES,3,0.333,-0.036587,0.249464,0.005673,0.581389,-0.000745,-0.02101,-0.0413915,-0.0008933,0.0,SAME,SAME,SAME,0.2721,0.578
tennis_atp|CLOSE-DIAG|HIGH_P|N3|REAL,all,ACC_2,1,1.0,-0.069074,0.565279,0.269955,0.730045,-0.001451,-0.0329,-0.0757506,0.0114606,0.0,NO_DIFFERENCE_DETECTED,NO_DIFFERENCE_DETECTED,NO_DIFFERENCE_DETECTED,0.4173,0.882
tennis_atp|CLOSE-DIAG|HIGH_P|N3|REAL,all,ACC_3,1,1.0,-0.105687,0.77021,0.418611,0.581389,-0.002242,-0.04988,-0.1088471,0.0144989,0.0,NO_DIFFERENCE_DETECTED,NO_DIFFERENCE_DETECTED,NO_DIFFERENCE_DETECTED,0.5706,0.976
tennis_atp|CLOSE-DIAG|HIGH_P|N3|REAL,all,DBL12+SINGLES,2,0.5,-0.054241,0.375968,0.061303,0.581389,-0.001115,-0.02842,-0.057968,0.0019914,0.0,NO_DIFFERENCE_DETECTED,NO_DIFFERENCE_DETECTED,NO_DIFFERENCE_DETECTED,0.36,0.834
tennis_atp|CLOSE-DIAG|HIGH_P|N3|REAL,all,RR_DOUBLES,3,0.667,-0.071798,0.493295,0.079196,0.581389,-0.001488,-0.03873,-0.077761,0.0002927,0.0,NO_DIFFERENCE_DETECTED,NO_DIFFERENCE_DETECTED,SINGLES_BETTER,0.4561,0.914
tennis_atp|CLOSE-DIAG|HIGH_P|N3|REAL,all,FULL_COVER,4,0.75,-0.080271,0.559037,0.079196,0.581389,-0.001673,-0.04151,-0.0857452,0.0038483,0.0,NO_DIFFERENCE_DETECTED,NO_DIFFERENCE_DETECTED,NO_DIFFERENCE_DETECTED,0.4858,0.95
tennis_atp|CLOSE-DIAG|HIGH_P|N3|REAL,all,FULL_COVER+SINGLES,7,0.571,-0.061549,0.422761,0.005673,0.581389,-0.001269,-0.03273,-0.0680762,0.0005428,0.0,NO_DIFFERENCE_DETECTED,NO_DIFFERENCE_DETECTED,SINGLES_BETTER,0.4008,0.856
tennis_wta|CLOSE-DIAG|HIGH_P|N5|REAL,development,SINGLES,5,0.2,-0.041355,0.203972,0.000261,0.404323,-0.000836,-0.03286,-0.0631382,-0.0027946,0.0,SAME,SAME,SAME,0.1095,0.0
tennis_wta|CLOSE-DIAG|HIGH_P|N5|REAL,development,ACC_2,1,1.0,-0.073247,0.540184,0.254358,0.745642,-0.001527,-0.0196,-0.1042803,0.060476,0.0,NO_DIFFERENCE_DETECTED,NO_DIFFERENCE_DETECTED,NO_DIFFERENCE_DETECTED,0.1901,0.112
tennis_wta|CLOSE-DIAG|HIGH_P|N5|REAL,development,ACC_3,1,1.0,-0.112532,0.718357,0.392782,0.607218,-0.002361,-0.08782,-0.1997537,0.0259351,0.0,NO_DIFFERENCE_DETECTED,NO_DIFFERENCE_DETECTED,NO_DIFFERENCE_DETECTED,0.3626,0.632
tennis_wta|CLOSE-DIAG|HIGH_P|N5|REAL,development,ACC_4,1,1.0,-0.151681,0.896345,0.520085,0.479915,-0.003205,-0.1405,-0.2793277,0.0041876,0.0,NO_DIFFERENCE_DETECTED,NO_DIFFERENCE_DETECTED,SINGLES_BETTER,0.4552,0.868
tennis_wta|CLOSE-DIAG|HIGH_P|N5|REAL,development,ACC_5,1,1.0,-0.190265,1.084014,0.630561,0.369439,-0.004055,-0.20385,-0.3696029,-0.0340962,0.0,SINGLES_BETTER,SINGLES_BETTER,SINGLES_BETTER,0.5065,0.982
tennis_wta|CLOSE-DIAG|HIGH_P|N5|REAL,development,DBL12+SINGLES,4,0.25,-0.051341,0.25512,0.003013,0.395293,-0.001041,-0.04517,-0.0868145,-0.0060928,0.0,SINGLES_BETTER,SINGLES_BETTER,SINGLES_BETTER,0.1456,0.004
tennis_wta|CLOSE-DIAG|HIGH_P|N5|REAL,development,2DBL+SINGLE,3,0.333,-0.067829,0.342811,0.024096,0.386522,-0.001382,-0.05894,-0.1104937,-0.003864,0.0,SINGLES_BETTER,SINGLES_BETTER,SINGLES_BETTER,0.1897,0.138
tennis_wta|CLOSE-DIAG|HIGH_P|N5|REAL,development,TBL123+SINGLES,3,0.333,-0.067405,0.341968,0.022051,0.39491,-0.001373,-0.06833,-0.1222478,-0.0139397,0.0,SINGLES_BETTER,SINGLES_BETTER,SINGLES_BETTER,0.2106,0.234
tennis_wta|CLOSE-DIAG|HIGH_P|N5|REAL,development,RR_TREBLES,10,0.6,-0.118973,0.594599,0.048652,0.369439,-0.002455,-0.11164,-0.2052773,-0.0176114,0.0,SINGLES_BETTER,SINGLES_BETTER,SINGLES_BETTER,0.3225,0.766
tennis_wta|CLOSE-DIAG|HIGH_P|N5|REAL,development,RR_DOUBLES,10,0.4,-0.080989,0.396593,0.005503,0.378004,-0.001653,-0.0702,-0.1314641,-0.0078068,0.0,SINGLES_BETTER,SINGLES_BETTER,SINGLES_BETTER,0.2173,0.306
tennis_wta|CLOSE-DIAG|HIGH_P|N5|REAL,development,FULL_COVER,26,0.577,-0.114106,0.573038,0.005503,0.369439,-0.002352,-0.10789,-0.1958282,-0.0177157,0.0,SINGLES_BETTER,SINGLES_BETTER,SINGLES_BETTER,0.3124,0.766
tennis_wta|CLOSE-DIAG|HIGH_P|N5|REAL,development,FULL_COVER+SINGLES,31,0.516,-0.102372,0.51161,0.000261,0.369439,-0.002103,-0.09579,-0.1761508,-0.018192,0.0,SINGLES_BETTER,SINGLES_BETTER,SINGLES_BETTER,0.2824,0.65
tennis_wta|CLOSE-DIAG|HIGH_P|N5|REAL,holdout,SINGLES,5,0.2,-0.038344,0.191664,0.000192,0.443039,-0.000775,-0.01182,-0.0509006,0.023823,0.0,SAME,SAME,SAME,0.0354,0.0
tennis_wta|CLOSE-DIAG|HIGH_P|N5|REAL,holdout,ACC_2,1,1.0,-0.064792,0.49241,0.219426,0.780574,-0.001349,-0.03352,-0.1377284,0.0628852,0.0,NO_DIFFERENCE_DETECTED,NO_DIFFERENCE_DETECTED,NO_DIFFERENCE_DETECTED,0.0863,0.018
tennis_wta|CLOSE-DIAG|HIGH_P|N5|REAL,holdout,ACC_3,1,1.0,-0.101055,0.658524,0.346332,0.653668,-0.002115,0.03892,-0.0853943,0.1646205,0.0,NO_DIFFERENCE_DETECTED,NO_DIFFERENCE_DETECTED,NO_DIFFERENCE_DETECTED,0.0805,0.006
tennis_wta|CLOSE-DIAG|HIGH_P|N5|REAL,holdout,ACC_4,1,1.0,-0.139413,0.827256,0.470012,0.529988,-0.002937,-0.10052,-0.2646571,0.07439,0.0,NO_DIFFERENCE_DETECTED,NO_DIFFERENCE_DETECTED,NO_DIFFERENCE_DETECTED,0.2421,0.448
tennis_wta|CLOSE-DIAG|HIGH_P|N5|REAL,holdout,ACC_5,1,1.0,-0.177412,1.008374,0.584626,0.415374,-0.003768,-0.07191,-0.277495,0.1549685,0.0,NO_DIFFERENCE_DETECTED,NO_DIFFERENCE_DETECTED,NO_DIFFERENCE_DETECTED,0.2171,0.402
tennis_wta|CLOSE-DIAG|HIGH_P|N5|REAL,holdout,DBL12+SINGLES,4,0.25,-0.047652,0.239614,0.002347,0.445026,-0.000965,-0.01509,-0.0613495,0.0321302,0.0,NO_DIFFERENCE_DETECTED,NO_DIFFERENCE_DETECTED,NO_DIFFERENCE_DETECTED,0.045,0.0
tennis_wta|CLOSE-DIAG|HIGH_P|N5|REAL,holdout,2DBL+SINGLE,3,0.333,-0.062972,0.321529,0.019354,0.438899,-0.001282,-0.02359,-0.0873635,0.0370111,0.0,NO_DIFFERENCE_DETECTED,NO_DIFFERENCE_DETECTED,NO_DIFFERENCE_DETECTED,0.0661,0.0
tennis_wta|CLOSE-DIAG|HIGH_P|N5|REAL,holdout,TBL123+SINGLES,3,0.333,-0.062674,0.320807,0.018167,0.440307,-0.001276,-0.01407,-0.0792882,0.0490545,0.0,NO_DIFFERENCE_DETECTED,NO_DIFFERENCE_DETECTED,NO_DIFFERENCE_DETECTED,0.0638,0.0
tennis_wta|CLOSE-DIAG|HIGH_P|N5|REAL,holdout,RR_TREBLES,10,0.6,-0.110626,0.559033,0.038868,0.415374,-0.00228,-0.04244,-0.1597315,0.0798582,0.0,NO_DIFFERENCE_DETECTED,NO_DIFFERENCE_DETECTED,NO_DIFFERENCE_DETECTED,0.1228,0.046
tennis_wta|CLOSE-DIAG|HIGH_P|N5|REAL,holdout,RR_DOUBLES,10,0.4,-0.0752,0.373255,0.004192,0.421586,-0.001534,-0.02613,-0.0988246,0.0470421,0.0,NO_DIFFERENCE_DETECTED,NO_DIFFERENCE_DETECTED,NO_DIFFERENCE_DETECTED,0.0767,0.0
tennis_wta|CLOSE-DIAG|HIGH_P|N5|REAL,holdout,FULL_COVER,26,0.577,-0.106118,0.538568,0.004192,0.415374,-0.002185,-0.04048,-0.1550329,0.0728521,0.0,NO_DIFFERENCE_DETECTED,NO_DIFFERENCE_DETECTED,NO_DIFFERENCE_DETECTED,0.1184,0.028
tennis_wta|CLOSE-DIAG|HIGH_P|N5|REAL,holdout,FULL_COVER+SINGLES,31,0.516,-0.095187,0.480997,0.000192,0.415374,-0.001954,-0.03586,-0.1366888,0.0641364,0.0,NO_DIFFERENCE_DETECTED,NO_DIFFERENCE_DETECTED,NO_DIFFERENCE_DETECTED,0.1053,0.022
tennis_wta|CLOSE-DIAG|HIGH_P|N5|REAL,all,SINGLES,5,0.2,-0.040224,0.19935,0.000235,0.418862,-0.000813,-0.02496,-0.0483658,-0.0015141,0.0,SAME,SAME,SAME,0.141,0.002
tennis_wta|CLOSE-DIAG|HIGH_P|N5|REAL,all,ACC_2,1,1.0,-0.070072,0.522244,0.24124,0.75876,-0.00146,-0.02483,-0.0890965,0.0386626,0.0,NO_DIFFERENCE_DETECTED,NO_DIFFERENCE_DETECTED,NO_DIFFERENCE_DETECTED,0.2361,0.282
tennis_wta|CLOSE-DIAG|HIGH_P|N5|REAL,all,ACC_3,1,1.0,-0.108222,0.695888,0.375339,0.624661,-0.002269,-0.04022,-0.1268502,0.042571,0.0,NO_DIFFERENCE_DETECTED,NO_DIFFERENCE_DETECTED,NO_DIFFERENCE_DETECTED,0.3799,0.552
tennis_wta|CLOSE-DIAG|HIGH_P|N5|REAL,all,ACC_4,1,1.0,-0.147074,0.8704,0.501281,0.498719,-0.003104,-0.12548,-0.2335737,-0.0146646,0.0,SINGLES_BETTER,SINGLES_BETTER,SINGLES_BETTER,0.5871,0.96
tennis_wta|CLOSE-DIAG|HIGH_P|N5|REAL,all,ACC_5,1,1.0,-0.185438,1.055609,0.613311,0.386689,-0.003947,-0.1543,-0.294282,-0.0145613,0.0,SINGLES_BETTER,SINGLES_BETTER,SINGLES_BETTER,0.6137,0.98
tennis_wta|CLOSE-DIAG|HIGH_P|N5|REAL,all,DBL12+SINGLES,4,0.25,-0.049956,0.249297,0.002763,0.413969,-0.001012,-0.03388,-0.065772,-0.0031575,0.0,SINGLES_BETTER,SINGLES_BETTER,SINGLES_BETTER,0.184,0.076
tennis_wta|CLOSE-DIAG|HIGH_P|N5|REAL,all,2DBL+SINGLE,3,0.333,-0.066005,0.334819,0.022315,0.406191,-0.001344,-0.04567,-0.0859163,-0.0055476,0.0,SINGLES_BETTER,SINGLES_BETTER,SINGLES_BETTER,0.2432,0.356
tennis_wta|CLOSE-DIAG|HIGH_P|N5|REAL,all,TBL123+SINGLES,3,0.333,-0.065628,0.334022,0.020593,0.411958,-0.001336,-0.04795,-0.0893695,-0.0049739,0.0,SINGLES_BETTER,SINGLES_BETTER,SINGLES_BETTER,0.2545,0.39
tennis_wta|CLOSE-DIAG|HIGH_P|N5|REAL,all,RR_TREBLES,10,0.6,-0.115839,0.581243,0.044978,0.386689,-0.002389,-0.08565,-0.1518665,-0.0114071,0.0,SINGLES_BETTER,SINGLES_BETTER,SINGLES_BETTER,0.4057,0.884
tennis_wta|CLOSE-DIAG|HIGH_P|N5|REAL,all,RR_DOUBLES,10,0.4,-0.078815,0.387829,0.005011,0.39437,-0.001609,-0.05365,-0.1002627,-0.0070304,0.0,SINGLES_BETTER,SINGLES_BETTER,SINGLES_BETTER,0.2773,0.532
tennis_wta|CLOSE-DIAG|HIGH_P|N5|REAL,all,FULL_COVER,26,0.577,-0.111107,0.560093,0.005011,0.386689,-0.002289,-0.08257,-0.1487234,-0.0076557,0.0,SINGLES_BETTER,SINGLES_BETTER,SINGLES_BETTER,0.3938,0.872
tennis_wta|CLOSE-DIAG|HIGH_P|N5|REAL,all,FULL_COVER+SINGLES,31,0.516,-0.099674,0.500114,0.000235,0.386689,-0.002047,-0.07328,-0.1351223,-0.0086512,0.0,SINGLES_BETTER,SINGLES_BETTER,SINGLES_BETTER,0.358,0.782
tennis_wta|CLOSE-DIAG|HIGH_P|N3|REAL,development,SINGLES,3,0.333,-0.040049,0.259292,0.006347,0.556282,-0.000815,-0.0182,-0.046144,0.007624,0.0,SAME,SAME,SAME,0.1553,0.058
tennis_wta|CLOSE-DIAG|HIGH_P|N3|REAL,development,ACC_2,1,1.0,-0.076252,0.592699,0.291303,0.708697,-0.0016,-0.02819,-0.0908472,0.0364096,0.0,NO_DIFFERENCE_DETECTED,NO_DIFFERENCE_DETECTED,NO_DIFFERENCE_DETECTED,0.2611,0.506
tennis_wta|CLOSE-DIAG|HIGH_P|N3|REAL,development,ACC_3,1,1.0,-0.11537,0.798943,0.443718,0.556282,-0.002443,-0.06387,-0.1503865,0.0259832,0.0,NO_DIFFERENCE_DETECTED,NO_DIFFERENCE_DETECTED,NO_DIFFERENCE_DETECTED,0.4552,0.87
tennis_wta|CLOSE-DIAG|HIGH_P|N3|REAL,development,DBL12+SINGLES,2,0.5,-0.05931,0.39061,0.06698,0.556282,-0.001219,-0.02978,-0.0727574,0.0125021,0.0,NO_DIFFERENCE_DETECTED,NO_DIFFERENCE_DETECTED,NO_DIFFERENCE_DETECTED,0.2389,0.386
tennis_wta|CLOSE-DIAG|HIGH_P|N3|REAL,development,RR_DOUBLES,3,0.667,-0.078484,0.51159,0.087152,0.556282,-0.001625,-0.04173,-0.0972752,0.0150839,0.0,NO_DIFFERENCE_DETECTED,NO_DIFFERENCE_DETECTED,NO_DIFFERENCE_DETECTED,0.314,0.618
tennis_wta|CLOSE-DIAG|HIGH_P|N3|REAL,development,FULL_COVER,4,0.75,-0.087706,0.57963,0.087152,0.556282,-0.001825,-0.04727,-0.1150725,0.0161616,0.0,NO_DIFFERENCE_DETECTED,NO_DIFFERENCE_DETECTED,NO_DIFFERENCE_DETECTED,0.3517,0.724
tennis_wta|CLOSE-DIAG|HIGH_P|N3|REAL,development,FULL_COVER+SINGLES,7,0.571,-0.067281,0.43842,0.006347,0.556282,-0.001386,-0.03481,-0.0837305,0.0123405,0.0,NO_DIFFERENCE_DETECTED,NO_DIFFERENCE_DETECTED,NO_DIFFERENCE_DETECTED,0.2727,0.508
tennis_wta|CLOSE-DIAG|HIGH_P|N3|REAL,holdout,SINGLES,3,0.333,-0.039075,0.256328,0.006523,0.564638,-0.000796,-0.02215,-0.058327,0.0126384,0.0,SAME,SAME,SAME,0.113,0.018
tennis_wta|CLOSE-DIAG|HIGH_P|N3|REAL,holdout,ACC_2,1,1.0,-0.073802,0.581754,0.283286,0.716714,-0.00155,-0.06086,-0.1421469,0.0209103,0.0,NO_DIFFERENCE_DETECTED,NO_DIFFERENCE_DETECTED,NO_DIFFERENCE_DETECTED,0.2761,0.6
tennis_wta|CLOSE-DIAG|HIGH_P|N3|REAL,holdout,ACC_3,1,1.0,-0.112607,0.791357,0.435362,0.564638,-0.002387,-0.05011,-0.1588597,0.0603859,0.0,NO_DIFFERENCE_DETECTED,NO_DIFFERENCE_DETECTED,NO_DIFFERENCE_DETECTED,0.2747,0.658
tennis_wta|CLOSE-DIAG|HIGH_P|N3|REAL,holdout,DBL12+SINGLES,2,0.5,-0.057865,0.386178,0.066915,0.564638,-0.001189,-0.03849,-0.0959794,0.0161092,0.0,NO_DIFFERENCE_DETECTED,NO_DIFFERENCE_DETECTED,NO_DIFFERENCE_DETECTED,0.1858,0.244
tennis_wta|CLOSE-DIAG|HIGH_P|N3|REAL,holdout,RR_DOUBLES,3,0.667,-0.076589,0.506134,0.086578,0.564638,-0.001587,-0.04135,-0.1126629,0.0289392,0.0,NO_DIFFERENCE_DETECTED,NO_DIFFERENCE_DETECTED,NO_DIFFERENCE_DETECTED,0.2107,0.384
tennis_wta|CLOSE-DIAG|HIGH_P|N3|REAL,holdout,FULL_COVER,4,0.75,-0.085593,0.573645,0.086578,0.564638,-0.001783,-0.04354,-0.1242309,0.0350075,0.0,NO_DIFFERENCE_DETECTED,NO_DIFFERENCE_DETECTED,NO_DIFFERENCE_DETECTED,0.2265,0.452
tennis_wta|CLOSE-DIAG|HIGH_P|N3|REAL,holdout,FULL_COVER+SINGLES,7,0.571,-0.065657,0.433743,0.006523,0.564638,-0.001353,-0.03437,-0.0955595,0.0254275,0.0,NO_DIFFERENCE_DETECTED,NO_DIFFERENCE_DETECTED,NO_DIFFERENCE_DETECTED,0.1787,0.248
tennis_wta|CLOSE-DIAG|HIGH_P|N3|REAL,all,SINGLES,3,0.333,-0.039653,0.258087,0.006419,0.55968,-0.000807,-0.01981,-0.0419484,0.001798,0.0,SAME,SAME,SAME,0.2295,0.388
tennis_wta|CLOSE-DIAG|HIGH_P|N3|REAL,all,ACC_2,1,1.0,-0.075256,0.588248,0.288043,0.711957,-0.001579,-0.04148,-0.0917518,0.0064575,0.0,NO_DIFFERENCE_DETECTED,NO_DIFFERENCE_DETECTED,NO_DIFFERENCE_DETECTED,0.4192,0.918
tennis_wta|CLOSE-DIAG|HIGH_P|N3|REAL,all,ACC_3,1,1.0,-0.114247,0.795858,0.44032,0.55968,-0.00242,-0.05828,-0.1301071,0.0095292,0.0,NO_DIFFERENCE_DETECTED,NO_DIFFERENCE_DETECTED,NO_DIFFERENCE_DETECTED,0.5554,0.96
tennis_wta|CLOSE-DIAG|HIGH_P|N3|REAL,all,DBL12+SINGLES,2,0.5,-0.058723,0.388808,0.066954,0.55968,-0.001207,-0.03333,-0.067032,0.0007156,0.0,SINGLES_BETTER,SINGLES_BETTER,SINGLES_BETTER,0.3527,0.79
tennis_wta|CLOSE-DIAG|HIGH_P|N3|REAL,all,RR_DOUBLES,3,0.667,-0.077713,0.509371,0.086919,0.55968,-0.001609,-0.04158,-0.0862315,0.0015187,0.0,NO_DIFFERENCE_DETECTED,SINGLES_BETTER,SINGLES_BETTER,0.422,0.894
tennis_wta|CLOSE-DIAG|HIGH_P|N3|REAL,all,FULL_COVER,4,0.75,-0.086847,0.577197,0.086919,0.55968,-0.001808,-0.04575,-0.0952571,0.0023135,0.0,NO_DIFFERENCE_DETECTED,NO_DIFFERENCE_DETECTED,SINGLES_BETTER,0.4577,0.922
tennis_wta|CLOSE-DIAG|HIGH_P|N3|REAL,all,FULL_COVER+SINGLES,7,0.571,-0.066621,0.436518,0.006419,0.55968,-0.001373,-0.03463,-0.0716068,0.0021682,0.0,NO_DIFFERENCE_DETECTED,NO_DIFFERENCE_DETECTED,SINGLES_BETTER,0.3681,0.832
tennis_atp|CLOSE-DIAG|POS_EV|N2|REAL,development,SINGLES,2,0.5,0.014537,0.549333,0.123705,0.411126,0.000229,0.06755,-0.0891348,0.2177525,0.898,SAME,SAME,SAME,0.0588,0.0
tennis_atp|CLOSE-DIAG|POS_EV|N2|REAL,development,ACC_2,1,1.0,0.029268,1.255337,0.588874,0.411126,0.000264,0.19813,-0.1549768,0.5623111,0.898,NO_DIFFERENCE_DETECTED,NO_DIFFERENCE_DETECTED,NO_DIFFERENCE_DETECTED,0.1492,0.026
tennis_atp|CLOSE-DIAG|POS_EV|N2|REAL,development,DBL12+SINGLES,1,1.0,0.029268,1.255337,0.588874,0.411126,0.000264,0.19813,-0.1516592,0.5580921,0.898,NO_DIFFERENCE_DETECTED,NO_DIFFERENCE_DETECTED,NO_DIFFERENCE_DETECTED,0.1492,0.012
tennis_atp|CLOSE-DIAG|POS_EV|N2|REAL,development,RR_DOUBLES,1,1.0,0.029268,1.255337,0.588874,0.411126,0.000264,0.19813,-0.1475804,0.5629624,0.898,NO_DIFFERENCE_DETECTED,NO_DIFFERENCE_DETECTED,NO_DIFFERENCE_DETECTED,0.1492,0.032
tennis_atp|CLOSE-DIAG|POS_EV|N2|REAL,development,FULL_COVER,1,1.0,0.029268,1.255337,0.588874,0.411126,0.000264,0.19813,-0.1546375,0.5642001,0.898,NO_DIFFERENCE_DETECTED,NO_DIFFERENCE_DETECTED,NO_DIFFERENCE_DETECTED,0.1492,0.016
tennis_atp|CLOSE-DIAG|POS_EV|N2|REAL,development,FULL_COVER+SINGLES,3,0.667,0.019448,0.762379,0.123705,0.411126,0.000271,0.11108,-0.0928129,0.3242456,0.898,NO_DIFFERENCE_DETECTED,NO_DIFFERENCE_DETECTED,NO_DIFFERENCE_DETECTED,0.0891,0.004
tennis_atp|CLOSE-DIAG|POS_EV|N2|REAL,holdout,SINGLES,2,0.5,0.01487,0.587112,0.158598,0.365733,0.000227,-0.08471,-0.4006103,0.2108824,0.874,INSUFFICIENT_DAYS,INSUFFICIENT_DAYS,INSUFFICIENT_DAYS,0.0396,0.0
tennis_atp|CLOSE-DIAG|POS_EV|N2|REAL,holdout,ACC_2,1,1.0,0.029932,1.37795,0.634267,0.365733,0.000216,-0.03885,-0.6602331,0.6332853,0.873,INSUFFICIENT_DAYS,INSUFFICIENT_DAYS,INSUFFICIENT_DAYS,0.0428,0.01
tennis_atp|CLOSE-DIAG|POS_EV|N2|REAL,holdout,DBL12+SINGLES,1,1.0,0.029932,1.37795,0.634267,0.365733,0.000216,-0.03885,-0.6602331,0.6013126,0.873,INSUFFICIENT_DAYS,INSUFFICIENT_DAYS,INSUFFICIENT_DAYS,0.0428,0.008
tennis_atp|CLOSE-DIAG|POS_EV|N2|REAL,holdout,RR_DOUBLES,1,1.0,0.029932,1.37795,0.634267,0.365733,0.000216,-0.03885,-0.6675882,0.5887079,0.873,INSUFFICIENT_DAYS,INSUFFICIENT_DAYS,INSUFFICIENT_DAYS,0.0428,0.004
tennis_atp|CLOSE-DIAG|POS_EV|N2|REAL,holdout,FULL_COVER,1,1.0,0.029932,1.37795,0.634267,0.365733,0.000216,-0.03885,-0.6602331,0.6062351,0.873,INSUFFICIENT_DAYS,INSUFFICIENT_DAYS,INSUFFICIENT_DAYS,0.0428,0.004
tennis_atp|CLOSE-DIAG|POS_EV|N2|REAL,holdout,FULL_COVER+SINGLES,3,0.667,0.019891,0.821684,0.158598,0.365733,0.000261,-0.06942,-0.470466,0.3448935,0.873,INSUFFICIENT_DAYS,INSUFFICIENT_DAYS,INSUFFICIENT_DAYS,0.0396,0.002
tennis_atp|CLOSE-DIAG|POS_EV|N2|REAL,all,SINGLES,2,0.5,0.014621,0.558778,0.132428,0.399778,0.000229,0.02949,-0.1115625,0.1683879,0.892,SAME,SAME,SAME,0.0865,0.0
tennis_atp|CLOSE-DIAG|POS_EV|N2|REAL,all,ACC_2,1,1.0,0.029434,1.28599,0.600222,0.399778,0.000252,0.13888,-0.1437582,0.4341271,0.891,NO_DIFFERENCE_DETECTED,NO_DIFFERENCE_DETECTED,NO_DIFFERENCE_DETECTED,0.1827,0.05
tennis_atp|CLOSE-DIAG|POS_EV|N2|REAL,all,DBL12+SINGLES,1,1.0,0.029434,1.28599,0.600222,0.399778,0.000252,0.13888,-0.1763417,0.456304,0.891,NO_DIFFERENCE_DETECTED,NO_DIFFERENCE_DETECTED,NO_DIFFERENCE_DETECTED,0.1827,0.058
tennis_atp|CLOSE-DIAG|POS_EV|N2|REAL,all,RR_DOUBLES,1,1.0,0.029434,1.28599,0.600222,0.399778,0.000252,0.13888,-0.1656941,0.4720008,0.891,NO_DIFFERENCE_DETECTED,NO_DIFFERENCE_DETECTED,NO_DIFFERENCE_DETECTED,0.1827,0.072
tennis_atp|CLOSE-DIAG|POS_EV|N2|REAL,all,FULL_COVER,1,1.0,0.029434,1.28599,0.600222,0.399778,0.000252,0.13888,-0.1735921,0.4720862,0.891,NO_DIFFERENCE_DETECTED,NO_DIFFERENCE_DETECTED,NO_DIFFERENCE_DETECTED,0.1827,0.072
tennis_atp|CLOSE-DIAG|POS_EV|N2|REAL,all,FULL_COVER+SINGLES,3,0.667,0.019559,0.777205,0.132428,0.399778,0.000268,0.06595,-0.1207257,0.2539454,0.891,NO_DIFFERENCE_DETECTED,NO_DIFFERENCE_DETECTED,NO_DIFFERENCE_DETECTED,0.1165,0.006
tennis_atp|CLOSE-DIAG|POS_EV|N3|REAL,development,SINGLES,3,0.333,0.018013,0.443598,0.041897,0.572933,0.000321,-0.01333,-0.2551742,0.230053,1.125,INSUFFICIENT_DAYS,INSUFFICIENT_DAYS,INSUFFICIENT_DAYS,0.0213,0.0
tennis_atp|CLOSE-DIAG|POS_EV|N3|REAL,development,ACC_2,1,1.0,0.034751,1.117136,0.535247,0.464753,0.000443,0.16876,-0.4639909,0.768037,1.144,INSUFFICIENT_DAYS,INSUFFICIENT_DAYS,INSUFFICIENT_DAYS,0.0588,0.0
tennis_atp|CLOSE-DIAG|POS_EV|N3|REAL,development,ACC_3,1,1.0,0.054729,1.765925,0.731764,0.268236,0.000479,0.02445,-1.0,1.0489055,1.12,INSUFFICIENT_DAYS,INSUFFICIENT_DAYS,INSUFFICIENT_DAYS,0.0961,0.0
tennis_atp|CLOSE-DIAG|POS_EV|N3|REAL,development,DBL12+SINGLES,2,0.5,0.027119,0.712505,0.228904,0.425675,0.00044,-0.09289,-0.5542022,0.3566667,1.124,INSUFFICIENT_DAYS,INSUFFICIENT_DAYS,INSUFFICIENT_DAYS,0.0453,0.0
tennis_atp|CLOSE-DIAG|POS_EV|N3|REAL,development,RR_DOUBLES,3,0.667,0.036256,0.962706,0.284792,0.305179,0.00054,-0.05975,-0.5949698,0.542197,1.122,INSUFFICIENT_DAYS,INSUFFICIENT_DAYS,INSUFFICIENT_DAYS,0.0544,0.0
tennis_atp|CLOSE-DIAG|POS_EV|N3|REAL,development,FULL_COVER,4,0.75,0.040874,1.14482,0.284792,0.268236,0.000556,-0.0387,-0.681,0.6891083,1.122,INSUFFICIENT_DAYS,INSUFFICIENT_DAYS,INSUFFICIENT_DAYS,0.0649,0.0
tennis_atp|CLOSE-DIAG|POS_EV|N3|REAL,development,FULL_COVER+SINGLES,7,0.571,0.031077,0.828242,0.041897,0.27991,0.000484,-0.02783,-0.4678677,0.497796,1.122,INSUFFICIENT_DAYS,INSUFFICIENT_DAYS,INSUFFICIENT_DAYS,0.0458,0.0
tennis_atp|CLOSE-DIAG|POS_EV|N3|REAL,all,SINGLES,3,0.333,0.017854,0.442653,0.041686,0.585626,0.000318,-0.05778,-0.2891736,0.1894653,1.117,INSUFFICIENT_DAYS,INSUFFICIENT_DAYS,INSUFFICIENT_DAYS,0.032,0.0
tennis_atp|CLOSE-DIAG|POS_EV|N3|REAL,all,ACC_2,1,1.0,0.034367,1.118266,0.536179,0.463821,0.000435,0.07137,-0.5259917,0.6737321,1.131,INSUFFICIENT_DAYS,INSUFFICIENT_DAYS,INSUFFICIENT_DAYS,0.0776,0.0
tennis_atp|CLOSE-DIAG|POS_EV|N3|REAL,all,ACC_3,1,1.0,0.054251,1.760145,0.73107,0.26893,0.000474,-0.06092,-1.0,0.9213783,1.112,INSUFFICIENT_DAYS,INSUFFICIENT_DAYS,INSUFFICIENT_DAYS,0.1142,0.0
tennis_atp|CLOSE-DIAG|POS_EV|N3|REAL,all,DBL12+SINGLES,2,0.5,0.026877,0.711196,0.227599,0.427999,0.000436,-0.16848,-0.6169251,0.2755773,1.116,INSUFFICIENT_DAYS,INSUFFICIENT_DAYS,INSUFFICIENT_DAYS,0.0644,0.0
tennis_atp|CLOSE-DIAG|POS_EV|N3|REAL,all,RR_DOUBLES,3,0.667,0.035937,0.96027,0.283955,0.302794,0.000534,-0.1381,-0.6257034,0.4917873,1.115,INSUFFICIENT_DAYS,INSUFFICIENT_DAYS,INSUFFICIENT_DAYS,0.0733,0.0
tennis_atp|CLOSE-DIAG|POS_EV|N3|REAL,all,FULL_COVER,4,0.75,0.040516,1.14166,0.283955,0.26893,0.000551,-0.1188,-0.7225964,0.5268547,1.114,INSUFFICIENT_DAYS,INSUFFICIENT_DAYS,INSUFFICIENT_DAYS,0.0836,0.0
tennis_atp|CLOSE-DIAG|POS_EV|N3|REAL,all,FULL_COVER+SINGLES,7,0.571,0.030804,0.82612,0.041686,0.279631,0.000479,-0.09265,-0.5150391,0.3931638,1.115,INSUFFICIENT_DAYS,INSUFFICIENT_DAYS,INSUFFICIENT_DAYS,0.0612,0.0
tennis_wta|CLOSE-DIAG|POS_EV|N2|REAL,development,SINGLES,2,0.5,0.012789,0.538911,0.124036,0.427151,0.000196,0.01744,-0.1477064,0.1731395,0.8,SAME,SAME,SAME,0.0501,0.0
tennis_wta|CLOSE-DIAG|POS_EV|N2|REAL,development,ACC_2,1,1.0,0.025728,1.232296,0.579788,0.420212,0.000203,0.02666,-0.3087992,0.4033016,0.8,NO_DIFFERENCE_DETECTED,NO_DIFFERENCE_DETECTED,NO_DIFFERENCE_DETECTED,0.1358,0.082
tennis_wta|CLOSE-DIAG|POS_EV|N2|REAL,development,DBL12+SINGLES,1,1.0,0.025728,1.232296,0.579788,0.420212,0.000203,0.02666,-0.3200022,0.3993566,0.8,NO_DIFFERENCE_DETECTED,NO_DIFFERENCE_DETECTED,NO_DIFFERENCE_DETECTED,0.1358,0.046
tennis_wta|CLOSE-DIAG|POS_EV|N2|REAL,development,RR_DOUBLES,1,1.0,0.025728,1.232296,0.579788,0.420212,0.000203,0.02666,-0.3338449,0.378446,0.8,NO_DIFFERENCE_DETECTED,NO_DIFFERENCE_DETECTED,NO_DIFFERENCE_DETECTED,0.1358,0.056
tennis_wta|CLOSE-DIAG|POS_EV|N2|REAL,development,FULL_COVER,1,1.0,0.025728,1.232296,0.579788,0.420212,0.000203,0.02666,-0.320243,0.3903363,0.8,NO_DIFFERENCE_DETECTED,NO_DIFFERENCE_DETECTED,NO_DIFFERENCE_DETECTED,0.1358,0.08
tennis_wta|CLOSE-DIAG|POS_EV|N2|REAL,development,FULL_COVER+SINGLES,3,0.667,0.017102,0.747783,0.124036,0.420212,0.000228,0.02051,-0.1956629,0.2405971,0.8,NO_DIFFERENCE_DETECTED,NO_DIFFERENCE_DETECTED,NO_DIFFERENCE_DETECTED,0.0714,0.0
tennis_wta|CLOSE-DIAG|POS_EV|N2|REAL,holdout,SINGLES,2,0.5,0.017569,0.583774,0.149918,0.376651,0.000283,0.03068,-0.212767,0.2625057,1.039,INSUFFICIENT_DAYS,INSUFFICIENT_DAYS,INSUFFICIENT_DAYS,0.0462,0.0
tennis_wta|CLOSE-DIAG|POS_EV|N2|REAL,holdout,ACC_2,1,1.0,0.035448,1.362091,0.629387,0.370613,0.000337,0.09574,-0.4447993,0.6555385,1.039,INSUFFICIENT_DAYS,INSUFFICIENT_DAYS,INSUFFICIENT_DAYS,0.1142,0.002
tennis_wta|CLOSE-DIAG|POS_EV|N2|REAL,holdout,DBL12+SINGLES,1,1.0,0.035448,1.362091,0.629387,0.370613,0.000337,0.09574,-0.4774858,0.6535068,1.039,INSUFFICIENT_DAYS,INSUFFICIENT_DAYS,INSUFFICIENT_DAYS,0.1142,0.01
tennis_wta|CLOSE-DIAG|POS_EV|N2|REAL,holdout,RR_DOUBLES,1,1.0,0.035448,1.362091,0.629387,0.370613,0.000337,0.09574,-0.490685,0.6792798,1.039,INSUFFICIENT_DAYS,INSUFFICIENT_DAYS,INSUFFICIENT_DAYS,0.1142,0.012
tennis_wta|CLOSE-DIAG|POS_EV|N2|REAL,holdout,FULL_COVER,1,1.0,0.035448,1.362091,0.629387,0.370613,0.000337,0.09574,-0.4321273,0.6763298,1.039,INSUFFICIENT_DAYS,INSUFFICIENT_DAYS,INSUFFICIENT_DAYS,0.1142,0.008
tennis_wta|CLOSE-DIAG|POS_EV|N2|REAL,holdout,FULL_COVER+SINGLES,3,0.667,0.023529,0.815966,0.149918,0.370613,0.000337,0.05237,-0.2876753,0.3901514,1.039,INSUFFICIENT_DAYS,INSUFFICIENT_DAYS,INSUFFICIENT_DAYS,0.0667,0.0
tennis_wta|CLOSE-DIAG|POS_EV|N2|REAL,all,SINGLES,2,0.5,0.014407,0.554095,0.132796,0.410058,0.000225,0.02192,-0.1183981,0.1530904,0.884,SAME,SAME,SAME,0.0501,0.0
tennis_wta|CLOSE-DIAG|POS_EV|N2|REAL,all,ACC_2,1,1.0,0.029018,1.276226,0.596575,0.403425,0.000249,0.05004,-0.248098,0.3587112,0.884,NO_DIFFERENCE_DETECTED,NO_DIFFERENCE_DETECTED,NO_DIFFERENCE_DETECTED,0.1358,0.128
tennis_wta|CLOSE-DIAG|POS_EV|N2|REAL,all,DBL12+SINGLES,1,1.0,0.029018,1.276226,0.596575,0.403425,0.000249,0.05004,-0.2434305,0.362257,0.884,NO_DIFFERENCE_DETECTED,NO_DIFFERENCE_DETECTED,NO_DIFFERENCE_DETECTED,0.1358,0.126
tennis_wta|CLOSE-DIAG|POS_EV|N2|REAL,all,RR_DOUBLES,1,1.0,0.029018,1.276226,0.596575,0.403425,0.000249,0.05004,-0.2351124,0.3544865,0.884,NO_DIFFERENCE_DETECTED,NO_DIFFERENCE_DETECTED,NO_DIFFERENCE_DETECTED,0.1358,0.142
tennis_wta|CLOSE-DIAG|POS_EV|N2|REAL,all,FULL_COVER,1,1.0,0.029018,1.276226,0.596575,0.403425,0.000249,0.05004,-0.2438453,0.3672543,0.884,NO_DIFFERENCE_DETECTED,NO_DIFFERENCE_DETECTED,NO_DIFFERENCE_DETECTED,0.1358,0.126
tennis_wta|CLOSE-DIAG|POS_EV|N2|REAL,all,FULL_COVER+SINGLES,3,0.667,0.019277,0.770861,0.132796,0.403425,0.000265,0.03129,-0.1537595,0.2141642,0.884,NO_DIFFERENCE_DETECTED,NO_DIFFERENCE_DETECTED,NO_DIFFERENCE_DETECTED,0.0714,0.006
tennis_wta|CLOSE-DIAG|POS_EV|N3|REAL,development,SINGLES,3,0.333,0.012061,0.42033,0.03846,0.487942,0.000205,-0.226,-0.618,0.004,0.78,INSUFFICIENT_DAYS,INSUFFICIENT_DAYS,INSUFFICIENT_DAYS,0.0229,0.0
tennis_wta|CLOSE-DIAG|POS_EV|N3|REAL,development,ACC_2,1,1.0,0.023429,1.055095,0.502248,0.497752,0.000235,-0.25856,-1.0,0.50752,0.796,INSUFFICIENT_DAYS,INSUFFICIENT_DAYS,INSUFFICIENT_DAYS,0.0439,0.0
tennis_wta|CLOSE-DIAG|POS_EV|N3|REAL,development,ACC_3,1,1.0,0.036722,1.646022,0.699427,0.300573,0.00018,-1.0,-1.0,-1.0,0.782,INSUFFICIENT_DAYS,INSUFFICIENT_DAYS,INSUFFICIENT_DAYS,0.0961,0.0
tennis_wta|CLOSE-DIAG|POS_EV|N3|REAL,development,DBL12+SINGLES,2,0.5,0.018164,0.674852,0.205253,0.366926,0.000269,-0.30728,-0.6598,-0.08524,0.781,INSUFFICIENT_DAYS,INSUFFICIENT_DAYS,INSUFFICIENT_DAYS,0.0305,0.0
tennis_wta|CLOSE-DIAG|POS_EV|N3|REAL,development,RR_DOUBLES,3,0.667,0.024301,0.90564,0.257826,0.382357,0.000319,-0.43729,-0.7259733,-0.2412,0.781,INSUFFICIENT_DAYS,INSUFFICIENT_DAYS,INSUFFICIENT_DAYS,0.0431,0.0
tennis_wta|CLOSE-DIAG|POS_EV|N3|REAL,development,FULL_COVER,4,0.75,0.027406,1.073554,0.257826,0.300573,0.000313,-0.57797,-0.79448,-0.4309,0.781,INSUFFICIENT_DAYS,INSUFFICIENT_DAYS,INSUFFICIENT_DAYS,0.0565,0.0
tennis_wta|CLOSE-DIAG|POS_EV|N3|REAL,development,FULL_COVER+SINGLES,7,0.571,0.02083,0.779129,0.03846,0.351048,0.000293,-0.42713,-0.7143714,-0.2436571,0.781,INSUFFICIENT_DAYS,INSUFFICIENT_DAYS,INSUFFICIENT_DAYS,0.0421,0.0
tennis_wta|CLOSE-DIAG|POS_EV|N3|REAL,all,SINGLES,3,0.333,0.011546,0.430614,0.042575,0.514232,0.000193,-0.17167,-0.5122222,0.0411111,0.735,INSUFFICIENT_DAYS,INSUFFICIENT_DAYS,INSUFFICIENT_DAYS,0.0229,0.0
tennis_wta|CLOSE-DIAG|POS_EV|N3|REAL,all,ACC_2,1,1.0,0.023952,1.097693,0.521838,0.478162,0.000228,0.06787,-0.7013333,0.9678667,0.797,INSUFFICIENT_DAYS,INSUFFICIENT_DAYS,INSUFFICIENT_DAYS,0.0439,0.0
tennis_wta|CLOSE-DIAG|POS_EV|N3|REAL,all,ACC_3,1,1.0,0.035117,1.702372,0.7143,0.2857,0.000113,-1.0,-1.0,-1.0,0.736,INSUFFICIENT_DAYS,INSUFFICIENT_DAYS,INSUFFICIENT_DAYS,0.1142,0.0
tennis_wta|CLOSE-DIAG|POS_EV|N3|REAL,all,DBL12+SINGLES,2,0.5,0.017394,0.694607,0.216925,0.36914,0.000249,-0.19773,-0.5671667,0.0926667,0.735,INSUFFICIENT_DAYS,INSUFFICIENT_DAYS,INSUFFICIENT_DAYS,0.0305,0.0
tennis_wta|CLOSE-DIAG|POS_EV|N3|REAL,all,RR_DOUBLES,3,0.667,0.023251,0.929892,0.273908,0.370931,0.000289,-0.38108,-0.6440444,-0.1964667,0.735,INSUFFICIENT_DAYS,INSUFFICIENT_DAYS,INSUFFICIENT_DAYS,0.045,0.0
tennis_wta|CLOSE-DIAG|POS_EV|N3|REAL,all,FULL_COVER,4,0.75,0.026218,1.104439,0.273908,0.2857,0.000277,-0.53581,-0.7331617,-0.3955108,0.736,INSUFFICIENT_DAYS,INSUFFICIENT_DAYS,INSUFFICIENT_DAYS,0.0627,0.0
tennis_wta|CLOSE-DIAG|POS_EV|N3|REAL,all,FULL_COVER+SINGLES,7,0.571,0.01993,0.800133,0.042575,0.327763,0.000268,-0.37975,-0.6391143,-0.2055857,0.735,INSUFFICIENT_DAYS,INSUFFICIENT_DAYS,INSUFFICIENT_DAYS,0.0448,0.0
