date,sport,competition,event,market,selection,bookmaker,available_odds,estimated_probability,fair_odds,confidence,uncertainty,historical_statistical_support,current_context,expected_payout,ev_value_indicator,risk,recommended_stake,grade,reason,model_version,price_timestamp,research_grade,money_decision,money_qualified,money_rejection_reason,kickoff_time
2026-10-10,football,Scottish Premiership,Rangers v Kilmarnock,1x2,away,Betfred (UK),17.0,0.06554777833636258,15.256047197640118,High,0.006897690444746623,9,,0.0,0.11431223171816385,adequate,0.0,B,net EV/edge below Grade A thresholds; paper trade only,daily-engine-v1.1.0-odds-api,2026-09-30T13:26:33.683134+00:00,B,PAPER_ONLY,False,kickoff is 240.6h away -- outside the configured 24h money-event horizon; estimated probability 6.6% is below the 50% money-qualification floor,2026-10-10T14:00:00Z
2026-10-10,football,Premier League,Arsenal v Leeds United,1x2,away,Betfair,9.2,0.12027917296295627,8.313991320076513,High,0.007997240399161495,20,,0.0,0.1065683912591977,adequate,0.0,B,net EV/edge below Grade A thresholds; paper trade only,daily-engine-v1.1.0-odds-api,2026-09-30T13:26:33.683134+00:00,B,PAPER_ONLY,False,kickoff is 238.1h away -- outside the configured 24h money-event horizon; estimated probability 12.0% is below the 50% money-qualification floor,2026-10-10T11:30:00Z
2026-10-10,football,Premier League,Chelsea v Bournemouth,1x2,away,Betfair,4.9,0.22334718062452769,4.477334333049473,High,0.008075723085146272,20,,0.0,0.0944011850601858,adequate,0.0,B,net EV/edge below Grade A thresholds; paper trade only,daily-engine-v1.1.0-odds-api,2026-09-30T13:26:33.683134+00:00,B,PAPER_ONLY,False,kickoff is 240.6h away -- outside the configured 24h money-event horizon; estimated probability 22.3% is below the 50% money-qualification floor,2026-10-10T14:00:00Z
2026-10-17,football,Premier League,Manchester City v Ipswich Town,1x2,away,Paddy Power,13.0,0.0839386196510864,11.913467294992111,High,0.007851403608236733,14,,0.0,0.09120205546412319,adequate,0.0,B,net EV/edge below Grade A thresholds; paper trade only,daily-engine-v1.1.0-odds-api,2026-09-30T13:26:33.683134+00:00,B,PAPER_ONLY,False,kickoff is 408.6h away -- outside the configured 24h money-event horizon; estimated probability 8.4% is below the 50% money-qualification floor,2026-10-17T14:00:00Z
2026-10-10,football,Premier League,Arsenal v Leeds United,1x2,draw,Betfair,5.6,0.1892877173303421,5.282962962962963,High,0.00804282302276348,20,,0.0,0.060011217049915744,adequate,0.0,B,net EV/edge below Grade A thresholds; paper trade only,daily-engine-v1.1.0-odds-api,2026-09-30T13:26:33.683134+00:00,B,PAPER_ONLY,False,kickoff is 238.1h away -- outside the configured 24h money-event horizon; estimated probability 18.9% is below the 50% money-qualification floor,2026-10-10T11:30:00Z
2026-10-17,football,Premier League,Manchester City v Ipswich Town,1x2,draw,Betfair,7.2,0.14612691892403268,6.843366077675751,High,0.005761093983862497,14,,0.0,0.05211381625303524,adequate,0.0,B,net EV/edge below Grade A thresholds; paper trade only,daily-engine-v1.1.0-odds-api,2026-09-30T13:26:33.683134+00:00,B,PAPER_ONLY,False,kickoff is 408.6h away -- outside the configured 24h money-event horizon; estimated probability 14.6% is below the 50% money-qualification floor,2026-10-17T14:00:00Z
2026-10-18,football,Premier League,Nottingham Forest v Arsenal,1x2,home,Betfair,6.2,0.167823431426985,5.9586435070306045,High,0.007418223959006017,14,,0.0,0.04050527484730704,adequate,0.0,B,net EV/edge below Grade A thresholds; paper trade only,daily-engine-v1.1.0-odds-api,2026-09-30T13:26:33.683134+00:00,B,PAPER_ONLY,False,kickoff is 434.1h away -- outside the configured 24h money-event horizon; estimated probability 16.8% is below the 50% money-qualification floor,2026-10-18T15:30:00Z
2026-10-09,football,Championship,West Ham United v Queens Park Rangers,1x2,away,Betfair,6.0,0.17191011235955056,5.816993464052287,High,0.009162607083809572,17,,0.0,0.03146067415730336,adequate,0.0,B,net EV/edge below Grade A thresholds; paper trade only,daily-engine-v1.1.0-odds-api,2026-09-30T13:26:33.683134+00:00,B,PAPER_ONLY,False,kickoff is 221.6h away -- outside the configured 24h money-event horizon; estimated probability 17.2% is below the 50% money-qualification floor,2026-10-09T19:00:00Z
2026-10-19,football,Premier League,Tottenham Hotspur v Coventry City,1x2,away,Betfair,6.4,0.159143811355126,6.28362480127186,High,0.005570928499429051,15,,0.0,0.018520392672806474,adequate,0.0,C,net EV 1.85% is below Grade B threshold; watchlist only,daily-engine-v1.1.0-odds-api,2026-09-30T13:26:33.683134+00:00,C,REJECT,False,"kickoff is 461.6h away -- outside the configured 24h money-event horizon; research grade 'C' is not in the actionable set ['A', 'A+', 'B']; estimated probability 15.9% is below the 50% money-qualification floor; net EV 1.85% is below the 2.00% money-qualification value floor",2026-10-19T19:00:00Z
2026-10-10,football,Premier League,Manchester United v Tottenham Hotspur,1x2,draw,Betfair,4.4,0.2312549531691226,4.324231703131023,High,0.004354373173858716,20,,0.0,0.01752179394413944,adequate,0.0,C,net EV 1.75% is below Grade B threshold; watchlist only,daily-engine-v1.1.0-odds-api,2026-09-30T13:26:33.683134+00:00,C,REJECT,False,"kickoff is 243.1h away -- outside the configured 24h money-event horizon; research grade 'C' is not in the actionable set ['A', 'A+', 'B']; estimated probability 23.1% is below the 50% money-qualification floor; net EV 1.75% is below the 2.00% money-qualification value floor",2026-10-10T16:30:00Z
2026-10-18,football,Premier League,Brighton and Hove Albion v Crystal Palace,1x2,away,Betfred (UK),5.5,0.1844096991223358,5.4227082672946,High,0.006875115181329111,15,,0.0,0.014253345172846932,adequate,0.0,C,net EV 1.43% is below Grade B threshold; watchlist only,daily-engine-v1.1.0-odds-api,2026-09-30T13:26:33.683134+00:00,C,REJECT,False,"kickoff is 431.6h away -- outside the configured 24h money-event horizon; research grade 'C' is not in the actionable set ['A', 'A+', 'B']; estimated probability 18.4% is below the 50% money-qualification floor; net EV 1.43% is below the 2.00% money-qualification value floor",2026-10-18T13:00:00Z
2026-10-18,football,Premier League,Bournemouth v Sunderland,1x2,away,Betfair,3.85,0.2632003534179744,3.7993869955484203,High,0.004793030149025172,15,,0.0,0.013321360659201309,adequate,0.0,C,net EV 1.33% is below Grade B threshold; watchlist only,daily-engine-v1.1.0-odds-api,2026-09-30T13:26:33.683134+00:00,C,REJECT,False,"kickoff is 431.6h away -- outside the configured 24h money-event horizon; research grade 'C' is not in the actionable set ['A', 'A+', 'B']; estimated probability 26.3% is below the 50% money-qualification floor; net EV 1.33% is below the 2.00% money-qualification value floor",2026-10-18T13:00:00Z
2026-10-11,football,Premier League,Crystal Palace v Nottingham Forest,1x2,away,Betfair,2.84,0.3553854565336249,2.813846153846154,High,0.004996936966624921,20,,0.0,0.009294696555494752,adequate,0.0,C,net EV 0.93% is below Grade B threshold; watchlist only,daily-engine-v1.1.0-odds-api,2026-09-30T13:26:33.683134+00:00,C,REJECT,False,"kickoff is 263.6h away -- outside the configured 24h money-event horizon; research grade 'C' is not in the actionable set ['A', 'A+', 'B']; estimated probability 35.5% is below the 50% money-qualification floor; net EV 0.93% is below the 2.00% money-qualification value floor",2026-10-11T13:00:00Z
2026-10-10,football,Scottish Premiership,Hearts v St Mirren,1x2,away,Betfred (UK),6.5,0.15520088057237205,6.443262411347518,High,0.005566183058171156,9,,0.0,0.008805723720418324,adequate,0.0,C,net EV 0.88% is below Grade B threshold; watchlist only,daily-engine-v1.1.0-odds-api,2026-09-30T13:26:33.683134+00:00,C,REJECT,False,"kickoff is 240.6h away -- outside the configured 24h money-event horizon; research grade 'C' is not in the actionable set ['A', 'A+', 'B']; estimated probability 15.5% is below the 50% money-qualification floor; net EV 0.88% is below the 2.00% money-qualification value floor",2026-10-10T14:00:00Z
2026-10-10,football,Championship,Preston North End v Millwall,1x2,draw,Betfair,3.65,0.27536846569822926,3.6314978821717365,High,0.005575455817380073,15,,0.0,0.005094899798536723,adequate,0.0,C,net EV 0.51% is below Grade B threshold; watchlist only,daily-engine-v1.1.0-odds-api,2026-09-30T13:26:33.683134+00:00,C,REJECT,False,"kickoff is 240.6h away -- outside the configured 24h money-event horizon; research grade 'C' is not in the actionable set ['A', 'A+', 'B']; estimated probability 27.5% is below the 50% money-qualification floor; net EV 0.51% is below the 2.00% money-qualification value floor",2026-10-10T14:00:00Z
2026-10-10,football,Premier League,Aston Villa v Brentford,1x2,home,Betfair,2.76,0.3638253638253638,2.7485714285714287,High,0.0048248891033723425,19,,0.0,0.004158004158003936,adequate,0.0,C,net EV 0.42% is below Grade B threshold; watchlist only,daily-engine-v1.1.0-odds-api,2026-09-30T13:26:33.683134+00:00,C,REJECT,False,"kickoff is 240.6h away -- outside the configured 24h money-event horizon; research grade 'C' is not in the actionable set ['A', 'A+', 'B']; estimated probability 36.4% is below the 50% money-qualification floor; net EV 0.42% is below the 2.00% money-qualification value floor",2026-10-10T14:00:00Z
2026-10-10,football,Premier League,Sunderland v Brighton and Hove Albion,1x2,home,Betfair,3.1,0.3229892988918353,3.0960778063885215,High,0.004463209437938128,20,,0.0,0.0012668265646894605,adequate,0.0,C,net EV 0.13% is below Grade B threshold; watchlist only,daily-engine-v1.1.0-odds-api,2026-09-30T13:26:33.683134+00:00,C,REJECT,False,"kickoff is 240.6h away -- outside the configured 24h money-event horizon; research grade 'C' is not in the actionable set ['A', 'A+', 'B']; estimated probability 32.3% is below the 50% money-qualification floor; net EV 0.13% is below the 2.00% money-qualification value floor",2026-10-10T14:00:00Z
2026-10-11,football,Premier League,Hull City v Everton,1x2,home,Betfair,3.85,0.25994236311239194,3.8470066518847004,High,0.007781842235259629,19,,0.0,0.0007780979827090029,adequate,0.0,C,net EV 0.08% is below Grade B threshold; watchlist only,daily-engine-v1.1.0-odds-api,2026-09-30T13:26:33.683134+00:00,C,REJECT,False,"kickoff is 263.6h away -- outside the configured 24h money-event horizon; research grade 'C' is not in the actionable set ['A', 'A+', 'B']; estimated probability 26.0% is below the 50% money-qualification floor; net EV 0.08% is below the 2.00% money-qualification value floor",2026-10-11T13:00:00Z
2026-10-11,football,Premier League,Liverpool v Manchester City,1x2,draw,Betfair,3.9,0.25645660859652963,3.8992951106721137,High,0.0038080137909400702,20,,0.0,0.00018077352646550526,adequate,0.0,C,net EV 0.02% is below Grade B threshold; watchlist only,daily-engine-v1.1.0-odds-api,2026-09-30T13:26:33.683134+00:00,C,REJECT,False,"kickoff is 266.1h away -- outside the configured 24h money-event horizon; research grade 'C' is not in the actionable set ['A', 'A+', 'B']; estimated probability 25.6% is below the 50% money-qualification floor; net EV 0.02% is below the 2.00% money-qualification value floor",2026-10-11T15:30:00Z
2026-10-10,football,Championship,Bolton Wanderers v Stoke City,1x2,draw,Betfred (UK),3.6,0.2776473122912852,3.60169162722123,High,0.007030630441182066,15,,0.0,-0.00046967575137324413,adequate,0.0,Reject,net EV -0.05% is below the minimum Grade C floor,daily-engine-v1.1.0-odds-api,2026-09-30T13:26:33.683134+00:00,Reject,REJECT,False,"kickoff is 240.6h away -- outside the configured 24h money-event horizon; research grade 'Reject' is not in the actionable set ['A', 'A+', 'B']; estimated probability 27.8% is below the 50% money-qualification floor; net EV -0.05% is below the 2.00% money-qualification value floor",2026-10-10T14:00:00Z
2026-10-10,football,Premier League,Ipswich Town v Fulham,1x2,home,Betfair,2.82,0.35439136005005345,2.8217392203319016,High,0.005129895745137006,20,,0.0,-0.0006163646588492888,adequate,0.0,Reject,net EV -0.06% is below the minimum Grade C floor,daily-engine-v1.1.0-odds-api,2026-09-30T13:26:33.683134+00:00,Reject,REJECT,False,"kickoff is 240.6h away -- outside the configured 24h money-event horizon; research grade 'Reject' is not in the actionable set ['A', 'A+', 'B']; estimated probability 35.4% is below the 50% money-qualification floor; net EV -0.06% is below the 2.00% money-qualification value floor",2026-10-10T14:00:00Z
2026-10-10,football,Premier League,Aston Villa v Brentford,1x2,away,Betfair,2.7,0.36909349016426696,2.7093406593406586,High,0.006492955241620036,19,,0.0,-0.003447576556479204,adequate,0.0,Reject,net EV -0.34% is below the minimum Grade C floor,daily-engine-v1.1.0-odds-api,2026-09-30T13:26:33.683134+00:00,Reject,REJECT,False,"kickoff is 240.6h away -- outside the configured 24h money-event horizon; research grade 'Reject' is not in the actionable set ['A', 'A+', 'B']; estimated probability 36.9% is below the 50% money-qualification floor; net EV -0.34% is below the 2.00% money-qualification value floor",2026-10-10T14:00:00Z
2026-10-10,football,Championship,Derby County v Wrexham AFC,1x2,draw,Betfred (UK),3.5,0.2845881332633253,3.513849957597193,High,0.007792961211809835,14,,0.0,-0.003941533578361356,adequate,0.0,Reject,net EV -0.39% is below the minimum Grade C floor,daily-engine-v1.1.0-odds-api,2026-09-30T13:26:33.683134+00:00,Reject,REJECT,False,"kickoff is 240.6h away -- outside the configured 24h money-event horizon; research grade 'Reject' is not in the actionable set ['A', 'A+', 'B']; estimated probability 28.5% is below the 50% money-qualification floor; net EV -0.39% is below the 2.00% money-qualification value floor",2026-10-10T14:00:00Z
2026-10-12,football,Premier League,Coventry City v Newcastle United,1x2,away,Betfair,2.26,0.44072887464957955,2.2689686506133575,High,0.006240422685188344,19,,0.0,-0.003952743291950278,adequate,0.0,Reject,net EV -0.40% is below the minimum Grade C floor,daily-engine-v1.1.0-odds-api,2026-09-30T13:26:33.683134+00:00,Reject,REJECT,False,"kickoff is 293.6h away -- outside the configured 24h money-event horizon; research grade 'Reject' is not in the actionable set ['A', 'A+', 'B']; estimated probability 44.1% is below the 50% money-qualification floor; net EV -0.40% is below the 2.00% money-qualification value floor",2026-10-12T19:00:00Z
2026-10-10,football,Championship,Blackburn Rovers v Cardiff City,1x2,draw,Betfred (UK),3.75,0.26553739395091797,3.765947933438107,High,0.008965294454171305,14,,0.0,-0.004234772684057586,adequate,0.0,Reject,net EV -0.42% is below the minimum Grade C floor,daily-engine-v1.1.0-odds-api,2026-09-30T13:26:33.683134+00:00,Reject,REJECT,False,"kickoff is 240.6h away -- outside the configured 24h money-event horizon; research grade 'Reject' is not in the actionable set ['A', 'A+', 'B']; estimated probability 26.6% is below the 50% money-qualification floor; net EV -0.42% is below the 2.00% money-qualification value floor",2026-10-10T14:00:00Z
2026-10-17,football,Premier League,Everton v Chelsea,1x2,away,Betfair,2.42,0.41124124204737633,2.431662726776797,High,0.007450366381679786,14,,0.0,-0.004796194245349272,adequate,0.0,Reject,net EV -0.48% is below the minimum Grade C floor,daily-engine-v1.1.0-odds-api,2026-09-30T13:26:33.683134+00:00,Reject,REJECT,False,"kickoff is 406.1h away -- outside the configured 24h money-event horizon; research grade 'Reject' is not in the actionable set ['A', 'A+', 'B']; estimated probability 41.1% is below the 50% money-qualification floor; net EV -0.48% is below the 2.00% money-qualification value floor",2026-10-17T11:30:00Z
2026-10-11,football,Scottish Premiership,Motherwell v Celtic,1x2,home,Betfred (UK),5.0,0.19899653213310706,5.025213199851687,High,0.0064176523333054165,9,,0.0,-0.005017339334464688,adequate,0.0,Reject,net EV -0.50% is below the minimum Grade C floor,daily-engine-v1.1.0-odds-api,2026-09-30T13:26:33.683134+00:00,Reject,REJECT,False,"kickoff is 261.6h away -- outside the configured 24h money-event horizon; research grade 'Reject' is not in the actionable set ['A', 'A+', 'B']; estimated probability 19.9% is below the 50% money-qualification floor; net EV -0.50% is below the 2.00% money-qualification value floor",2026-10-11T11:00:00Z
2026-10-11,football,Premier League,Liverpool v Manchester City,1x2,away,Betfair,2.66,0.3737270030904528,2.675749923689541,High,0.005914374908431662,20,,0.0,-0.005886171779395433,adequate,0.0,Reject,net EV -0.59% is below the minimum Grade C floor,daily-engine-v1.1.0-odds-api,2026-09-30T13:26:33.683134+00:00,Reject,REJECT,False,"kickoff is 266.1h away -- outside the configured 24h money-event horizon; research grade 'Reject' is not in the actionable set ['A', 'A+', 'B']; estimated probability 37.4% is below the 50% money-qualification floor; net EV -0.59% is below the 2.00% money-qualification value floor",2026-10-11T15:30:00Z
2026-10-10,football,Premier League,Manchester United v Tottenham Hotspur,1x2,away,Betfair,4.6,0.2158566366842284,4.632704443842867,High,0.004597001755405822,20,,0.0,-0.007059471252549465,adequate,0.0,Reject,net EV -0.71% is below the minimum Grade C floor,daily-engine-v1.1.0-odds-api,2026-09-30T13:26:33.683134+00:00,Reject,REJECT,False,"kickoff is 243.1h away -- outside the configured 24h money-event horizon; research grade 'Reject' is not in the actionable set ['A', 'A+', 'B']; estimated probability 21.6% is below the 50% money-qualification floor; net EV -0.71% is below the 2.00% money-qualification value floor",2026-10-10T16:30:00Z
2026-10-10,football,Premier League,Chelsea v Bournemouth,1x2,draw,Betfair,4.3,0.23089671349532137,4.330940812720848,High,0.00604523467351387,20,,0.0,-0.007144131970118095,adequate,0.0,Reject,net EV -0.71% is below the minimum Grade C floor,daily-engine-v1.1.0-odds-api,2026-09-30T13:26:33.683134+00:00,Reject,REJECT,False,"kickoff is 240.6h away -- outside the configured 24h money-event horizon; research grade 'Reject' is not in the actionable set ['A', 'A+', 'B']; estimated probability 23.1% is below the 50% money-qualification floor; net EV -0.71% is below the 2.00% money-qualification value floor",2026-10-10T14:00:00Z
2026-10-17,football,Premier League,Newcastle United v Aston Villa,1x2,away,Betfair,3.35,0.2962752836523859,3.375239364122188,High,0.006824747988750801,14,,0.0,-0.0074777997645071315,adequate,0.0,Reject,net EV -0.75% is below the minimum Grade C floor,daily-engine-v1.1.0-odds-api,2026-09-30T13:26:33.683134+00:00,Reject,REJECT,False,"kickoff is 411.1h away -- outside the configured 24h money-event horizon; research grade 'Reject' is not in the actionable set ['A', 'A+', 'B']; estimated probability 29.6% is below the 50% money-qualification floor; net EV -0.75% is below the 2.00% money-qualification value floor",2026-10-17T16:30:00Z
2026-10-10,football,Premier League,Ipswich Town v Fulham,1x2,away,Betfair,2.64,0.37564925501084884,2.662057721826494,High,0.00489638402859543,20,,0.0,-0.008285966771359066,adequate,0.0,Reject,net EV -0.83% is below the minimum Grade C floor,daily-engine-v1.1.0-odds-api,2026-09-30T13:26:33.683134+00:00,Reject,REJECT,False,"kickoff is 240.6h away -- outside the configured 24h money-event horizon; research grade 'Reject' is not in the actionable set ['A', 'A+', 'B']; estimated probability 37.6% is below the 50% money-qualification floor; net EV -0.83% is below the 2.00% money-qualification value floor",2026-10-10T14:00:00Z
2026-10-10,football,Championship,Sheffield United v Lincoln City,1x2,home,Betfair,2.1,0.4717467621333228,2.1197813748160605,High,0.009021155027923835,15,,0.0,-0.009331799520022166,adequate,0.0,Reject,net EV -0.93% is below the minimum Grade C floor,daily-engine-v1.1.0-odds-api,2026-09-30T13:26:33.683134+00:00,Reject,REJECT,False,"kickoff is 240.6h away -- outside the configured 24h money-event horizon; research grade 'Reject' is not in the actionable set ['A', 'A+', 'B']; estimated probability 47.2% is below the 50% money-qualification floor; net EV -0.93% is below the 2.00% money-qualification value floor",2026-10-10T14:00:00Z
2026-10-17,football,Premier League,Brentford v Liverpool,1x2,draw,Betfair,3.9,0.25389863067577934,3.9385797289981013,High,0.006260028841728786,14,,0.0,-0.009795340364460614,adequate,0.0,Reject,net EV -0.98% is below the minimum Grade C floor,daily-engine-v1.1.0-odds-api,2026-09-30T13:26:33.683134+00:00,Reject,REJECT,False,"kickoff is 408.6h away -- outside the configured 24h money-event horizon; research grade 'Reject' is not in the actionable set ['A', 'A+', 'B']; estimated probability 25.4% is below the 50% money-qualification floor; net EV -0.98% is below the 2.00% money-qualification value floor",2026-10-17T14:00:00Z
2026-10-10,football,Premier League,Ipswich Town v Fulham,1x2,draw,Betfair,3.65,0.2711736551043984,3.687673862031372,High,0.005684710457228608,20,,0.0,-0.01021615886894589,adequate,0.0,Reject,net EV -1.02% is below the minimum Grade C floor,daily-engine-v1.1.0-odds-api,2026-09-30T13:26:33.683134+00:00,Reject,REJECT,False,"kickoff is 240.6h away -- outside the configured 24h money-event horizon; research grade 'Reject' is not in the actionable set ['A', 'A+', 'B']; estimated probability 27.1% is below the 50% money-qualification floor; net EV -1.02% is below the 2.00% money-qualification value floor",2026-10-10T14:00:00Z
2026-10-10,football,Championship,West Bromwich Albion v Birmingham City,1x2,home,Betfair,2.4,0.41185551096017287,2.428035982008996,High,0.006411071788827709,17,,0.0,-0.0115467736955851,adequate,0.0,Reject,net EV -1.15% is below the minimum Grade C floor,daily-engine-v1.1.0-odds-api,2026-09-30T13:26:33.683134+00:00,Reject,REJECT,False,"kickoff is 238.1h away -- outside the configured 24h money-event horizon; research grade 'Reject' is not in the actionable set ['A', 'A+', 'B']; estimated probability 41.2% is below the 50% money-qualification floor; net EV -1.15% is below the 2.00% money-qualification value floor",2026-10-10T11:30:00Z
2026-10-11,football,Championship,Southampton v Portsmouth,1x2,home,Betfair,1.66,0.5951725617153032,1.6801849821805852,High,0.008294421004172648,14,,0.0,-0.01201354755259676,adequate,0.0,Reject,net EV -1.20% is below the minimum Grade C floor,daily-engine-v1.1.0-odds-api,2026-09-30T13:26:33.683134+00:00,Reject,REJECT,False,"kickoff is 261.6h away -- outside the configured 24h money-event horizon; research grade 'Reject' is not in the actionable set ['A', 'A+', 'B']; net EV -1.20% is below the 2.00% money-qualification value floor",2026-10-11T11:00:00Z
2026-10-12,football,Premier League,Coventry City v Newcastle United,1x2,draw,Betfred (UK),3.75,0.26345909283594743,3.7956556717618666,High,0.005241994423932273,19,,0.0,-0.012028401865197047,adequate,0.0,Reject,net EV -1.20% is below the minimum Grade C floor,daily-engine-v1.1.0-odds-api,2026-09-30T13:26:33.683134+00:00,Reject,REJECT,False,"kickoff is 293.6h away -- outside the configured 24h money-event horizon; research grade 'Reject' is not in the actionable set ['A', 'A+', 'B']; estimated probability 26.3% is below the 50% money-qualification floor; net EV -1.20% is below the 2.00% money-qualification value floor",2026-10-12T19:00:00Z
2026-10-11,football,Premier League,Liverpool v Manchester City,1x2,home,Betfair,2.66,0.37113402061855666,2.6944444444444446,High,0.005621784403451136,20,,0.0,-0.012783505154639219,adequate,0.0,Reject,net EV -1.28% is below the minimum Grade C floor,daily-engine-v1.1.0-odds-api,2026-09-30T13:26:33.683134+00:00,Reject,REJECT,False,"kickoff is 266.1h away -- outside the configured 24h money-event horizon; research grade 'Reject' is not in the actionable set ['A', 'A+', 'B']; estimated probability 37.1% is below the 50% money-qualification floor; net EV -1.28% is below the 2.00% money-qualification value floor",2026-10-11T15:30:00Z
2026-10-10,football,Premier League,Sunderland v Brighton and Hove Albion,1x2,draw,Betfred (UK),3.6,0.27418099758773634,3.647225769831134,High,0.004249768600740121,20,,0.0,-0.012948408684149149,adequate,0.0,Reject,net EV -1.29% is below the minimum Grade C floor,daily-engine-v1.1.0-odds-api,2026-09-30T13:26:33.683134+00:00,Reject,REJECT,False,"kickoff is 240.6h away -- outside the configured 24h money-event horizon; research grade 'Reject' is not in the actionable set ['A', 'A+', 'B']; estimated probability 27.4% is below the 50% money-qualification floor; net EV -1.29% is below the 2.00% money-qualification value floor",2026-10-10T14:00:00Z
2026-10-18,football,Premier League,Leeds United v Manchester United,1x2,away,Betfair,2.42,0.40783289817232377,2.4519846350832264,High,0.0076797329135637965,15,,0.0,-0.01304438642297645,adequate,0.0,Reject,net EV -1.30% is below the minimum Grade C floor,daily-engine-v1.1.0-odds-api,2026-09-30T13:26:33.683134+00:00,Reject,REJECT,False,"kickoff is 431.6h away -- outside the configured 24h money-event horizon; research grade 'Reject' is not in the actionable set ['A', 'A+', 'B']; estimated probability 40.8% is below the 50% money-qualification floor; net EV -1.30% is below the 2.00% money-qualification value floor",2026-10-18T13:00:00Z
2026-10-18,football,Premier League,Bournemouth v Sunderland,1x2,draw,Betfair,3.75,0.2631578947368421,3.8000000000000003,High,0.0038764826143177123,15,,0.0,-0.013157894736842257,adequate,0.0,Reject,net EV -1.32% is below the minimum Grade C floor,daily-engine-v1.1.0-odds-api,2026-09-30T13:26:33.683134+00:00,Reject,REJECT,False,"kickoff is 431.6h away -- outside the configured 24h money-event horizon; research grade 'Reject' is not in the actionable set ['A', 'A+', 'B']; estimated probability 26.3% is below the 50% money-qualification floor; net EV -1.32% is below the 2.00% money-qualification value floor",2026-10-18T13:00:00Z
2026-10-10,football,Premier League,Sunderland v Brighton and Hove Albion,1x2,away,Betfair,2.46,0.4011514757061015,2.4928239344995884,High,0.004305663080614291,20,,0.0,-0.013167369762990377,adequate,0.0,Reject,net EV -1.32% is below the minimum Grade C floor,daily-engine-v1.1.0-odds-api,2026-09-30T13:26:33.683134+00:00,Reject,REJECT,False,"kickoff is 240.6h away -- outside the configured 24h money-event horizon; research grade 'Reject' is not in the actionable set ['A', 'A+', 'B']; estimated probability 40.1% is below the 50% money-qualification floor; net EV -1.32% is below the 2.00% money-qualification value floor",2026-10-10T14:00:00Z
2026-10-10,football,Championship,Watford v Burnley,1x2,away,Betfair,2.4,0.4110535405872193,2.4327731092436977,High,0.009029383432132401,15,,0.0,-0.013471502590673645,adequate,0.0,Reject,net EV -1.35% is below the minimum Grade C floor,daily-engine-v1.1.0-odds-api,2026-09-30T13:26:33.683134+00:00,Reject,REJECT,False,"kickoff is 240.6h away -- outside the configured 24h money-event horizon; research grade 'Reject' is not in the actionable set ['A', 'A+', 'B']; estimated probability 41.1% is below the 50% money-qualification floor; net EV -1.35% is below the 2.00% money-qualification value floor",2026-10-10T14:00:00Z
2026-10-18,football,Premier League,Brighton and Hove Albion v Crystal Palace,1x2,home,Betfair,1.65,0.597119775201967,1.674705882352941,High,0.01108511631082848,15,,0.0,-0.014752370916754465,adequate,0.0,Reject,net EV -1.48% is below the minimum Grade C floor,daily-engine-v1.1.0-odds-api,2026-09-30T13:26:33.683134+00:00,Reject,REJECT,False,"kickoff is 431.6h away -- outside the configured 24h money-event horizon; research grade 'Reject' is not in the actionable set ['A', 'A+', 'B']; net EV -1.48% is below the 2.00% money-qualification value floor",2026-10-18T13:00:00Z
2026-10-17,football,Premier League,Fulham v Hull City,1x2,away,Betfred (UK),5.0,0.19703812764902612,5.075159878606076,High,0.004503701007820161,14,,0.0,-0.014809361754869466,adequate,0.0,Reject,net EV -1.48% is below the minimum Grade C floor,daily-engine-v1.1.0-odds-api,2026-09-30T13:26:33.683134+00:00,Reject,REJECT,False,"kickoff is 408.6h away -- outside the configured 24h money-event horizon; research grade 'Reject' is not in the actionable set ['A', 'A+', 'B']; estimated probability 19.7% is below the 50% money-qualification floor; net EV -1.48% is below the 2.00% money-qualification value floor",2026-10-17T14:00:00Z
2026-10-17,football,Premier League,Everton v Chelsea,1x2,home,Casumo,2.95,0.3337762149414638,2.9960193543910116,High,0.006416320923887644,14,,0.0,-0.015360165922681746,adequate,0.0,Reject,net EV -1.54% is below the minimum Grade C floor,daily-engine-v1.1.0-odds-api,2026-09-30T13:26:33.683134+00:00,Reject,REJECT,False,"kickoff is 406.1h away -- outside the configured 24h money-event horizon; research grade 'Reject' is not in the actionable set ['A', 'A+', 'B']; estimated probability 33.4% is below the 50% money-qualification floor; net EV -1.54% is below the 2.00% money-qualification value floor",2026-10-17T11:30:00Z
2026-10-12,football,Premier League,Coventry City v Newcastle United,1x2,home,Betfair,3.3,0.29829545454545453,3.3523809523809525,High,0.005332250405491534,19,,0.0,-0.015625,adequate,0.0,Reject,net EV -1.56% is below the minimum Grade C floor,daily-engine-v1.1.0-odds-api,2026-09-30T13:26:33.683134+00:00,Reject,REJECT,False,"kickoff is 293.6h away -- outside the configured 24h money-event horizon; research grade 'Reject' is not in the actionable set ['A', 'A+', 'B']; estimated probability 29.8% is below the 50% money-qualification floor; net EV -1.56% is below the 2.00% money-qualification value floor",2026-10-12T19:00:00Z
2026-10-11,football,Premier League,Crystal Palace v Nottingham Forest,1x2,home,Betfair,2.74,0.3591307297504571,2.784501344941583,High,0.003316208038178555,20,,0.0,-0.01598180048374742,adequate,0.0,Reject,net EV -1.60% is below the minimum Grade C floor,daily-engine-v1.1.0-odds-api,2026-09-30T13:26:33.683134+00:00,Reject,REJECT,False,"kickoff is 263.6h away -- outside the configured 24h money-event horizon; research grade 'Reject' is not in the actionable set ['A', 'A+', 'B']; estimated probability 35.9% is below the 50% money-qualification floor; net EV -1.60% is below the 2.00% money-qualification value floor",2026-10-11T13:00:00Z
2026-10-19,football,Premier League,Tottenham Hotspur v Coventry City,1x2,draw,Betfair,4.7,0.2092526690391459,4.77891156462585,High,0.00485749899519304,15,,0.0,-0.016512455516014213,adequate,0.0,Reject,net EV -1.65% is below the minimum Grade C floor,daily-engine-v1.1.0-odds-api,2026-09-30T13:26:33.683134+00:00,Reject,REJECT,False,"kickoff is 461.6h away -- outside the configured 24h money-event horizon; research grade 'Reject' is not in the actionable set ['A', 'A+', 'B']; estimated probability 20.9% is below the 50% money-qualification floor; net EV -1.65% is below the 2.00% money-qualification value floor",2026-10-19T19:00:00Z
2026-10-09,football,Championship,West Ham United v Queens Park Rangers,1x2,draw,Betfair,4.6,0.21361238432932628,4.681376518218624,High,0.0035153655918422127,17,,0.0,-0.01738303208509917,adequate,0.0,Reject,net EV -1.74% is below the minimum Grade C floor,daily-engine-v1.1.0-odds-api,2026-09-30T13:26:33.683134+00:00,Reject,REJECT,False,"kickoff is 221.6h away -- outside the configured 24h money-event horizon; research grade 'Reject' is not in the actionable set ['A', 'A+', 'B']; estimated probability 21.4% is below the 50% money-qualification floor; net EV -1.74% is below the 2.00% money-qualification value floor",2026-10-09T19:00:00Z
2026-10-10,football,Championship,Middlesbrough v Wolverhampton Wanderers,1x2,draw,Betfair,3.85,0.2552028074757202,3.9184521905980176,High,0.005949647098304067,15,,0.0,-0.01746919121847712,adequate,0.0,Reject,net EV -1.75% is below the minimum Grade C floor,daily-engine-v1.1.0-odds-api,2026-09-30T13:26:33.683134+00:00,Reject,REJECT,False,"kickoff is 240.6h away -- outside the configured 24h money-event horizon; research grade 'Reject' is not in the actionable set ['A', 'A+', 'B']; estimated probability 25.5% is below the 50% money-qualification floor; net EV -1.75% is below the 2.00% money-qualification value floor",2026-10-10T14:00:00Z
2026-10-10,football,Scottish Premiership,Dundee United v Hibernian,1x2,draw,Betfred (UK),3.75,0.26200355660936575,3.8167420814479636,High,0.006013119496843788,9,,0.0,-0.01748666271487853,adequate,0.0,Reject,net EV -1.75% is below the minimum Grade C floor,daily-engine-v1.1.0-odds-api,2026-09-30T13:26:33.683134+00:00,Reject,REJECT,False,"kickoff is 240.6h away -- outside the configured 24h money-event horizon; research grade 'Reject' is not in the actionable set ['A', 'A+', 'B']; estimated probability 26.2% is below the 50% money-qualification floor; net EV -1.75% is below the 2.00% money-qualification value floor",2026-10-10T14:00:00Z
2026-10-10,football,Championship,Watford v Burnley,1x2,draw,Betfair,3.65,0.26897133220910624,3.717868338557994,High,0.005076605325285021,15,,0.0,-0.018254637436762144,adequate,0.0,Reject,net EV -1.83% is below the minimum Grade C floor,daily-engine-v1.1.0-odds-api,2026-09-30T13:26:33.683134+00:00,Reject,REJECT,False,"kickoff is 240.6h away -- outside the configured 24h money-event horizon; research grade 'Reject' is not in the actionable set ['A', 'A+', 'B']; estimated probability 26.9% is below the 50% money-qualification floor; net EV -1.83% is below the 2.00% money-qualification value floor",2026-10-10T14:00:00Z
2026-10-18,football,Premier League,Brighton and Hove Albion v Crystal Palace,1x2,draw,Betfred (UK),4.5,0.21809784468012317,4.585098039215686,High,0.005321227955416135,15,,0.0,-0.018559698939445757,adequate,0.0,Reject,net EV -1.86% is below the minimum Grade C floor,daily-engine-v1.1.0-odds-api,2026-09-30T13:26:33.683134+00:00,Reject,REJECT,False,"kickoff is 431.6h away -- outside the configured 24h money-event horizon; research grade 'Reject' is not in the actionable set ['A', 'A+', 'B']; estimated probability 21.8% is below the 50% money-qualification floor; net EV -1.86% is below the 2.00% money-qualification value floor",2026-10-18T13:00:00Z
2026-10-17,football,Premier League,Newcastle United v Aston Villa,1x2,draw,Betfair,3.9,0.2515372104724045,3.975554941242808,High,0.0035979081011340494,14,,0.0,-0.01900487915762239,adequate,0.0,Reject,net EV -1.90% is below the minimum Grade C floor,daily-engine-v1.1.0-odds-api,2026-09-30T13:26:33.683134+00:00,Reject,REJECT,False,"kickoff is 411.1h away -- outside the configured 24h money-event horizon; research grade 'Reject' is not in the actionable set ['A', 'A+', 'B']; estimated probability 25.2% is below the 50% money-qualification floor; net EV -1.90% is below the 2.00% money-qualification value floor",2026-10-17T16:30:00Z
2026-10-17,football,Premier League,Fulham v Hull City,1x2,draw,Betfair,4.1,0.23924956938551256,4.179735840563455,High,0.0031341812220347658,14,,0.0,-0.01907676551939863,adequate,0.0,Reject,net EV -1.91% is below the minimum Grade C floor,daily-engine-v1.1.0-odds-api,2026-09-30T13:26:33.683134+00:00,Reject,REJECT,False,"kickoff is 408.6h away -- outside the configured 24h money-event horizon; research grade 'Reject' is not in the actionable set ['A', 'A+', 'B']; estimated probability 23.9% is below the 50% money-qualification floor; net EV -1.91% is below the 2.00% money-qualification value floor",2026-10-17T14:00:00Z
2026-10-10,football,Championship,Preston North End v Millwall,over_under_2_5,over,William Hill,1.91,0.5134408602150538,1.9476439790575917,Medium,0.010461743735875911,4,,0.0,-0.019327956989247386,adequate,0.0,Reject,net EV -1.93% is below the minimum Grade C floor,daily-engine-v1.1.0-odds-api,2026-09-30T13:26:33.683134+00:00,Reject,REJECT,False,"kickoff is 240.6h away -- outside the configured 24h money-event horizon; research grade 'Reject' is not in the actionable set ['A', 'A+', 'B']; estimated probability 51.3% is below the 60% money-qualification floor (the stricter Medium-confidence floor); net EV -1.93% is below the 5.00% money-qualification value floor (the stricter Medium-confidence floor)",2026-10-10T14:00:00Z
2026-10-17,football,Premier League,Fulham v Hull City,1x2,home,Betfair,1.74,0.5634687289832704,1.774721379488817,High,0.005443537909112147,14,,0.0,-0.01956441156910954,adequate,0.0,Reject,net EV -1.96% is below the minimum Grade C floor,daily-engine-v1.1.0-odds-api,2026-09-30T13:26:33.683134+00:00,Reject,REJECT,False,"kickoff is 408.6h away -- outside the configured 24h money-event horizon; research grade 'Reject' is not in the actionable set ['A', 'A+', 'B']; net EV -1.96% is below the 2.00% money-qualification value floor",2026-10-17T14:00:00Z
2026-10-10,football,Scottish Premiership,Rangers v Kilmarnock,1x2,draw,Betfred (UK),8.0,0.12235585289454348,8.172882427307206,High,0.006595638398213458,9,,0.0,-0.021153176843652144,adequate,0.0,Reject,net EV -2.12% is below the minimum Grade C floor,daily-engine-v1.1.0-odds-api,2026-09-30T13:26:33.683134+00:00,Reject,REJECT,False,"kickoff is 240.6h away -- outside the configured 24h money-event horizon; research grade 'Reject' is not in the actionable set ['A', 'A+', 'B']; estimated probability 12.2% is below the 50% money-qualification floor; net EV -2.12% is below the 2.00% money-qualification value floor",2026-10-10T14:00:00Z
2026-10-11,football,Championship,Southampton v Portsmouth,1x2,draw,Betfair,4.4,0.2224544192684109,4.495302917733506,High,0.004364616534211463,14,,0.0,-0.021200555218992,adequate,0.0,Reject,net EV -2.12% is below the minimum Grade C floor,daily-engine-v1.1.0-odds-api,2026-09-30T13:26:33.683134+00:00,Reject,REJECT,False,"kickoff is 261.6h away -- outside the configured 24h money-event horizon; research grade 'Reject' is not in the actionable set ['A', 'A+', 'B']; estimated probability 22.2% is below the 50% money-qualification floor; net EV -2.12% is below the 2.00% money-qualification value floor",2026-10-11T11:00:00Z
2026-10-10,football,Premier League,Manchester United v Tottenham Hotspur,1x2,home,Betfair,1.77,0.5529345945222444,1.8085321662031952,High,0.005318307865774394,20,,0.0,-0.021305767695627476,adequate,0.0,Reject,net EV -2.13% is below the minimum Grade C floor,daily-engine-v1.1.0-odds-api,2026-09-30T13:26:33.683134+00:00,Reject,REJECT,False,"kickoff is 243.1h away -- outside the configured 24h money-event horizon; research grade 'Reject' is not in the actionable set ['A', 'A+', 'B']; net EV -2.13% is below the 2.00% money-qualification value floor",2026-10-10T16:30:00Z
2026-10-10,football,Championship,West Bromwich Albion v Birmingham City,1x2,draw,Betfred (UK),3.6,0.27184466019417475,3.678571428571429,High,0.004121843597243936,17,,0.0,-0.021359223300970842,adequate,0.0,Reject,net EV -2.14% is below the minimum Grade C floor,daily-engine-v1.1.0-odds-api,2026-09-30T13:26:33.683134+00:00,Reject,REJECT,False,"kickoff is 238.1h away -- outside the configured 24h money-event horizon; research grade 'Reject' is not in the actionable set ['A', 'A+', 'B']; estimated probability 27.2% is below the 50% money-qualification floor; net EV -2.14% is below the 2.00% money-qualification value floor",2026-10-10T11:30:00Z
2026-10-18,football,Premier League,Leeds United v Manchester United,1x2,draw,Casumo,3.8,0.2573529411764706,3.8857142857142852,High,0.006001786551969454,15,,0.0,-0.022058823529411797,adequate,0.0,Reject,net EV -2.21% is below the minimum Grade C floor,daily-engine-v1.1.0-odds-api,2026-09-30T13:26:33.683134+00:00,Reject,REJECT,False,"kickoff is 431.6h away -- outside the configured 24h money-event horizon; research grade 'Reject' is not in the actionable set ['A', 'A+', 'B']; estimated probability 25.7% is below the 50% money-qualification floor; net EV -2.21% is below the 2.00% money-qualification value floor",2026-10-18T13:00:00Z
2026-10-11,football,Premier League,Hull City v Everton,1x2,draw,Betfair,3.45,0.28333463065307074,3.5293956043956047,High,0.0062526432202050985,19,,0.0,-0.02249552424690593,adequate,0.0,Reject,net EV -2.25% is below the minimum Grade C floor,daily-engine-v1.1.0-odds-api,2026-09-30T13:26:33.683134+00:00,Reject,REJECT,False,"kickoff is 263.6h away -- outside the configured 24h money-event horizon; research grade 'Reject' is not in the actionable set ['A', 'A+', 'B']; estimated probability 28.3% is below the 50% money-qualification floor; net EV -2.25% is below the 2.00% money-qualification value floor",2026-10-11T13:00:00Z
2026-10-11,football,Premier League,Crystal Palace v Nottingham Forest,1x2,draw,Betfred (UK),3.4,0.28744334420739626,3.478946443367565,High,0.006486589611546573,20,,0.0,-0.02269262969485275,adequate,0.0,Reject,net EV -2.27% is below the minimum Grade C floor,daily-engine-v1.1.0-odds-api,2026-09-30T13:26:33.683134+00:00,Reject,REJECT,False,"kickoff is 263.6h away -- outside the configured 24h money-event horizon; research grade 'Reject' is not in the actionable set ['A', 'A+', 'B']; estimated probability 28.7% is below the 50% money-qualification floor; net EV -2.27% is below the 2.00% money-qualification value floor",2026-10-11T13:00:00Z
2026-10-11,football,Premier League,Hull City v Everton,1x2,away,Betfair,2.14,0.4564841498559078,2.1906565656565657,High,0.005258824248679601,19,,0.0,-0.02312391930835722,adequate,0.0,Reject,net EV -2.31% is below the minimum Grade C floor,daily-engine-v1.1.0-odds-api,2026-09-30T13:26:33.683134+00:00,Reject,REJECT,False,"kickoff is 263.6h away -- outside the configured 24h money-event horizon; research grade 'Reject' is not in the actionable set ['A', 'A+', 'B']; estimated probability 45.6% is below the 50% money-qualification floor; net EV -2.31% is below the 2.00% money-qualification value floor",2026-10-11T13:00:00Z
2026-10-18,football,Premier League,Nottingham Forest v Arsenal,1x2,draw,Casumo,4.1,0.23806460998733053,4.200540349332976,High,0.006830154659178782,14,,0.0,-0.023935099051944908,adequate,0.0,Reject,net EV -2.39% is below the minimum Grade C floor,daily-engine-v1.1.0-odds-api,2026-09-30T13:26:33.683134+00:00,Reject,REJECT,False,"kickoff is 434.1h away -- outside the configured 24h money-event horizon; research grade 'Reject' is not in the actionable set ['A', 'A+', 'B']; estimated probability 23.8% is below the 50% money-qualification floor; net EV -2.39% is below the 2.00% money-qualification value floor",2026-10-18T15:30:00Z
2026-10-11,football,Championship,Southampton v Portsmouth,1x2,away,Betfred (UK),5.5,0.17746039462760707,5.635060161443102,High,0.006730631055673146,14,,0.0,-0.023967829548161124,adequate,0.0,Reject,net EV -2.40% is below the minimum Grade C floor,daily-engine-v1.1.0-odds-api,2026-09-30T13:26:33.683134+00:00,Reject,REJECT,False,"kickoff is 261.6h away -- outside the configured 24h money-event horizon; research grade 'Reject' is not in the actionable set ['A', 'A+', 'B']; estimated probability 17.7% is below the 50% money-qualification floor; net EV -2.40% is below the 2.00% money-qualification value floor",2026-10-11T11:00:00Z
2026-10-10,football,Championship,Swansea City v Norwich City,1x2,draw,Betfred (UK),3.6,0.2707581227436823,3.693333333333334,High,0.006807371413637023,17,,0.0,-0.02527075812274382,adequate,0.0,Reject,net EV -2.53% is below the minimum Grade C floor,daily-engine-v1.1.0-odds-api,2026-09-30T13:26:33.683134+00:00,Reject,REJECT,False,"kickoff is 238.1h away -- outside the configured 24h money-event horizon; research grade 'Reject' is not in the actionable set ['A', 'A+', 'B']; estimated probability 27.1% is below the 50% money-qualification floor; net EV -2.53% is below the 2.00% money-qualification value floor",2026-10-10T11:30:00Z
2026-10-10,football,Premier League,Aston Villa v Brentford,1x2,draw,Betfair,3.65,0.2669404517453799,3.7461538461538457,High,0.005099462044146018,19,,0.0,-0.02566735112936336,adequate,0.0,Reject,net EV -2.57% is below the minimum Grade C floor,daily-engine-v1.1.0-odds-api,2026-09-30T13:26:33.683134+00:00,Reject,REJECT,False,"kickoff is 240.6h away -- outside the configured 24h money-event horizon; research grade 'Reject' is not in the actionable set ['A', 'A+', 'B']; estimated probability 26.7% is below the 50% money-qualification floor; net EV -2.57% is below the 2.00% money-qualification value floor",2026-10-10T14:00:00Z
2026-10-10,football,Championship,Bolton Wanderers v Stoke City,1x2,home,Betfair,2.62,0.3717935294733536,2.689664883131512,High,0.004183543396057263,15,,0.0,-0.025900952779813524,adequate,0.0,Reject,net EV -2.59% is below the minimum Grade C floor,daily-engine-v1.1.0-odds-api,2026-09-30T13:26:33.683134+00:00,Reject,REJECT,False,"kickoff is 240.6h away -- outside the configured 24h money-event horizon; research grade 'Reject' is not in the actionable set ['A', 'A+', 'B']; estimated probability 37.2% is below the 50% money-qualification floor; net EV -2.59% is below the 2.00% money-qualification value floor",2026-10-10T14:00:00Z
2026-10-10,football,Championship,Middlesbrough v Wolverhampton Wanderers,1x2,home,Betfair,2.24,0.4339526597098498,2.3043988269794724,High,0.0045357571103327105,15,,0.0,-0.027946042249936354,adequate,0.0,Reject,net EV -2.79% is below the minimum Grade C floor,daily-engine-v1.1.0-odds-api,2026-09-30T13:26:33.683134+00:00,Reject,REJECT,False,"kickoff is 240.6h away -- outside the configured 24h money-event horizon; research grade 'Reject' is not in the actionable set ['A', 'A+', 'B']; estimated probability 43.4% is below the 50% money-qualification floor; net EV -2.79% is below the 2.00% money-qualification value floor",2026-10-10T14:00:00Z
2026-10-10,football,Championship,Middlesbrough v Wolverhampton Wanderers,1x2,away,888sport,3.1,0.31356579282260116,3.189123376623377,High,0.008067794563546535,15,,0.0,-0.027946042249936354,adequate,0.0,Reject,net EV -2.79% is below the minimum Grade C floor,daily-engine-v1.1.0-odds-api,2026-09-30T13:26:33.683134+00:00,Reject,REJECT,False,"kickoff is 240.6h away -- outside the configured 24h money-event horizon; research grade 'Reject' is not in the actionable set ['A', 'A+', 'B']; estimated probability 31.4% is below the 50% money-qualification floor; net EV -2.79% is below the 2.00% money-qualification value floor",2026-10-10T14:00:00Z
2026-10-10,football,Championship,Preston North End v Millwall,1x2,away,Casumo,2.55,0.38118811881188125,2.623376623376623,High,0.007432869024278218,15,,0.0,-0.027970297029702773,adequate,0.0,Reject,net EV -2.80% is below the minimum Grade C floor,daily-engine-v1.1.0-odds-api,2026-09-30T13:26:33.683134+00:00,Reject,REJECT,False,"kickoff is 240.6h away -- outside the configured 24h money-event horizon; research grade 'Reject' is not in the actionable set ['A', 'A+', 'B']; estimated probability 38.1% is below the 50% money-qualification floor; net EV -2.80% is below the 2.00% money-qualification value floor",2026-10-10T14:00:00Z
2026-10-17,football,Premier League,Brentford v Liverpool,1x2,home,Betfair,2.8,0.34705294016209687,2.881404777994197,High,0.00755422772140586,14,,0.0,-0.028251767546128792,adequate,0.0,Reject,net EV -2.83% is below the minimum Grade C floor,daily-engine-v1.1.0-odds-api,2026-09-30T13:26:33.683134+00:00,Reject,REJECT,False,"kickoff is 408.6h away -- outside the configured 24h money-event horizon; research grade 'Reject' is not in the actionable set ['A', 'A+', 'B']; estimated probability 34.7% is below the 50% money-qualification floor; net EV -2.83% is below the 2.00% money-qualification value floor",2026-10-17T14:00:00Z
2026-10-10,football,Premier League,Chelsea v Bournemouth,1x2,home,Betfair,1.77,0.5488595251411218,1.8219598170276479,High,0.00855560728313552,20,,0.0,-0.02851864050021441,adequate,0.0,Reject,net EV -2.85% is below the minimum Grade C floor,daily-engine-v1.1.0-odds-api,2026-09-30T13:26:33.683134+00:00,Reject,REJECT,False,"kickoff is 240.6h away -- outside the configured 24h money-event horizon; research grade 'Reject' is not in the actionable set ['A', 'A+', 'B']; net EV -2.85% is below the 2.00% money-qualification value floor",2026-10-10T14:00:00Z
2026-10-10,football,Scottish Premiership,Hearts v St Mirren,1x2,draw,Ladbrokes,4.8,0.20229885057471264,4.943181818181818,High,0.0031823233386127116,9,,0.0,-0.028965517241379413,adequate,0.0,Reject,net EV -2.90% is below the minimum Grade C floor,daily-engine-v1.1.0-odds-api,2026-09-30T13:26:33.683134+00:00,Reject,REJECT,False,"kickoff is 240.6h away -- outside the configured 24h money-event horizon; research grade 'Reject' is not in the actionable set ['A', 'A+', 'B']; estimated probability 20.2% is below the 50% money-qualification floor; net EV -2.90% is below the 2.00% money-qualification value floor",2026-10-10T14:00:00Z
2026-10-17,football,Premier League,Everton v Chelsea,1x2,draw,Betfred (UK),3.75,0.2588016585663506,3.863962872338485,High,0.0032362581100840717,14,,0.0,-0.02949378037618522,adequate,0.0,Reject,net EV -2.95% is below the minimum Grade C floor,daily-engine-v1.1.0-odds-api,2026-09-30T13:26:33.683134+00:00,Reject,REJECT,False,"kickoff is 406.1h away -- outside the configured 24h money-event horizon; research grade 'Reject' is not in the actionable set ['A', 'A+', 'B']; estimated probability 25.9% is below the 50% money-qualification floor; net EV -2.95% is below the 2.00% money-qualification value floor",2026-10-17T11:30:00Z
2026-10-10,football,Premier League,Aston Villa v Brentford,over_under_2_5,over,William Hill,1.73,0.5607835632168194,1.783219169734052,Medium,0.011297366525574464,4,,0.0,-0.02984443563490241,adequate,0.0,Reject,net EV -2.98% is below the minimum Grade C floor,daily-engine-v1.1.0-odds-api,2026-09-30T13:26:33.683134+00:00,Reject,REJECT,False,"kickoff is 240.6h away -- outside the configured 24h money-event horizon; research grade 'Reject' is not in the actionable set ['A', 'A+', 'B']; estimated probability 56.1% is below the 60% money-qualification floor (the stricter Medium-confidence floor); net EV -2.98% is below the 5.00% money-qualification value floor (the stricter Medium-confidence floor)",2026-10-10T14:00:00Z
2026-10-10,football,Championship,Charlton Athletic v Bristol City,1x2,home,Unibet (UK),3.2,0.3029259896729776,3.3011363636363638,High,0.006173397382102175,17,,0.0,-0.030636833046471468,adequate,0.0,Reject,net EV -3.06% is below the minimum Grade C floor,daily-engine-v1.1.0-odds-api,2026-09-30T13:26:33.683134+00:00,Reject,REJECT,False,"kickoff is 238.1h away -- outside the configured 24h money-event horizon; research grade 'Reject' is not in the actionable set ['A', 'A+', 'B']; estimated probability 30.3% is below the 50% money-qualification floor; net EV -3.06% is below the 2.00% money-qualification value floor",2026-10-10T11:30:00Z
2026-10-17,football,Premier League,Fulham v Hull City,over_under_2_5,under,Casumo,2.25,0.4308197179164921,2.3211565265307446,Medium,0.010765734117824523,4,,0.0,-0.030655634687892785,adequate,0.0,Reject,net EV -3.07% is below the minimum Grade C floor,daily-engine-v1.1.0-odds-api,2026-09-30T13:26:33.683134+00:00,Reject,REJECT,False,"kickoff is 408.6h away -- outside the configured 24h money-event horizon; research grade 'Reject' is not in the actionable set ['A', 'A+', 'B']; estimated probability 43.1% is below the 60% money-qualification floor (the stricter Medium-confidence floor); net EV -3.07% is below the 5.00% money-qualification value floor (the stricter Medium-confidence floor)",2026-10-17T14:00:00Z
2026-10-17,football,Premier League,Newcastle United v Aston Villa,1x2,home,Betfred (UK),2.15,0.4506631915321697,2.218952021797451,High,0.006077193743034443,14,,0.0,-0.031074138205835156,adequate,0.0,Reject,net EV -3.11% is below the minimum Grade C floor,daily-engine-v1.1.0-odds-api,2026-09-30T13:26:33.683134+00:00,Reject,REJECT,False,"kickoff is 411.1h away -- outside the configured 24h money-event horizon; research grade 'Reject' is not in the actionable set ['A', 'A+', 'B']; estimated probability 45.1% is below the 50% money-qualification floor; net EV -3.11% is below the 2.00% money-qualification value floor",2026-10-17T16:30:00Z
2026-10-10,football,Championship,Watford v Burnley,1x2,home,Unibet (UK),3.0,0.3229706390328152,3.0962566844919786,High,0.005712355131845388,15,,0.0,-0.031088082901554404,adequate,0.0,Reject,net EV -3.11% is below the minimum Grade C floor,daily-engine-v1.1.0-odds-api,2026-09-30T13:26:33.683134+00:00,Reject,REJECT,False,"kickoff is 240.6h away -- outside the configured 24h money-event horizon; research grade 'Reject' is not in the actionable set ['A', 'A+', 'B']; estimated probability 32.3% is below the 50% money-qualification floor; net EV -3.11% is below the 2.00% money-qualification value floor",2026-10-10T14:00:00Z
2026-10-19,football,Premier League,Tottenham Hotspur v Coventry City,1x2,home,Betfair,1.53,0.633259911894273,1.579130434782609,High,0.006558684530904949,15,,0.0,-0.031112334801762287,adequate,0.0,Reject,net EV -3.11% is below the minimum Grade C floor,daily-engine-v1.1.0-odds-api,2026-09-30T13:26:33.683134+00:00,Reject,REJECT,False,"kickoff is 461.6h away -- outside the configured 24h money-event horizon; research grade 'Reject' is not in the actionable set ['A', 'A+', 'B']; net EV -3.11% is below the 2.00% money-qualification value floor",2026-10-19T19:00:00Z
2026-10-11,football,Scottish Premiership,Motherwell v Celtic,1x2,draw,Coral,4.6,0.21043311443960747,4.752103786816269,High,0.006147496662802152,9,,0.0,-0.03200767357780576,adequate,0.0,Reject,net EV -3.20% is below the minimum Grade C floor,daily-engine-v1.1.0-odds-api,2026-09-30T13:26:33.683134+00:00,Reject,REJECT,False,"kickoff is 261.6h away -- outside the configured 24h money-event horizon; research grade 'Reject' is not in the actionable set ['A', 'A+', 'B']; estimated probability 21.0% is below the 50% money-qualification floor; net EV -3.20% is below the 2.00% money-qualification value floor",2026-10-11T11:00:00Z
2026-10-10,football,Championship,Sheffield United v Lincoln City,1x2,away,Betfred (UK),3.75,0.25808281338627337,3.874725274725275,High,0.007795797923843809,15,,0.0,-0.03218944980147487,adequate,0.0,Reject,net EV -3.22% is below the minimum Grade C floor,daily-engine-v1.1.0-odds-api,2026-09-30T13:26:33.683134+00:00,Reject,REJECT,False,"kickoff is 240.6h away -- outside the configured 24h money-event horizon; research grade 'Reject' is not in the actionable set ['A', 'A+', 'B']; estimated probability 25.8% is below the 50% money-qualification floor; net EV -3.22% is below the 2.00% money-qualification value floor",2026-10-10T14:00:00Z
2026-10-10,football,Championship,Charlton Athletic v Bristol City,1x2,draw,Betfred (UK),3.4,0.28399311531841653,3.521212121212121,High,0.005656108132629116,17,,0.0,-0.03442340791738385,adequate,0.0,Reject,net EV -3.44% is below the minimum Grade C floor,daily-engine-v1.1.0-odds-api,2026-09-30T13:26:33.683134+00:00,Reject,REJECT,False,"kickoff is 238.1h away -- outside the configured 24h money-event horizon; research grade 'Reject' is not in the actionable set ['A', 'A+', 'B']; estimated probability 28.4% is below the 50% money-qualification floor; net EV -3.44% is below the 2.00% money-qualification value floor",2026-10-10T11:30:00Z
2026-10-09,football,Championship,West Ham United v Queens Park Rangers,1x2,home,Coral,1.57,0.6148340923877684,1.6264550264550264,High,0.009964171459193913,17,,0.0,-0.03471047495120355,adequate,0.0,Reject,net EV -3.47% is below the minimum Grade C floor,daily-engine-v1.1.0-odds-api,2026-09-30T13:26:33.683134+00:00,Reject,REJECT,False,"kickoff is 221.6h away -- outside the configured 24h money-event horizon; research grade 'Reject' is not in the actionable set ['A', 'A+', 'B']; net EV -3.47% is below the 2.00% money-qualification value floor",2026-10-09T19:00:00Z
2026-10-18,football,Premier League,Nottingham Forest v Arsenal,1x2,away,William Hill,1.62,0.5955024986118822,1.6792540792540795,High,0.010478234304259969,14,,0.0,-0.03528595224875075,adequate,0.0,Reject,net EV -3.53% is below the minimum Grade C floor,daily-engine-v1.1.0-odds-api,2026-09-30T13:26:33.683134+00:00,Reject,REJECT,False,"kickoff is 434.1h away -- outside the configured 24h money-event horizon; research grade 'Reject' is not in the actionable set ['A', 'A+', 'B']; net EV -3.53% is below the 2.00% money-qualification value floor",2026-10-18T15:30:00Z
2026-10-18,football,Premier League,Leeds United v Manchester United,1x2,home,Betfair,2.88,0.33488372093023255,2.986111111111111,High,0.004067297981237484,15,,0.0,-0.03553488372093028,adequate,0.0,Reject,net EV -3.55% is below the minimum Grade C floor,daily-engine-v1.1.0-odds-api,2026-09-30T13:26:33.683134+00:00,Reject,REJECT,False,"kickoff is 431.6h away -- outside the configured 24h money-event horizon; research grade 'Reject' is not in the actionable set ['A', 'A+', 'B']; estimated probability 33.5% is below the 50% money-qualification floor; net EV -3.55% is below the 2.00% money-qualification value floor",2026-10-18T13:00:00Z
2026-10-10,football,Championship,Preston North End v Millwall,1x2,home,Betfair,2.76,0.3493748929611234,2.862254901960785,High,0.006333006847727352,15,,0.0,-0.03572529542729952,adequate,0.0,Reject,net EV -3.57% is below the minimum Grade C floor,daily-engine-v1.1.0-odds-api,2026-09-30T13:26:33.683134+00:00,Reject,REJECT,False,"kickoff is 240.6h away -- outside the configured 24h money-event horizon; research grade 'Reject' is not in the actionable set ['A', 'A+', 'B']; estimated probability 34.9% is below the 50% money-qualification floor; net EV -3.57% is below the 2.00% money-qualification value floor",2026-10-10T14:00:00Z
2026-10-18,football,Premier League,Leeds United v Manchester United,over_under_2_5,over,William Hill,1.67,0.5769737987173823,1.733180955916904,Medium,0.00996941262685538,4,,0.0,-0.036453756141971605,adequate,0.0,Reject,net EV -3.65% is below the minimum Grade C floor,daily-engine-v1.1.0-odds-api,2026-09-30T13:26:33.683134+00:00,Reject,REJECT,False,"kickoff is 431.6h away -- outside the configured 24h money-event horizon; research grade 'Reject' is not in the actionable set ['A', 'A+', 'B']; estimated probability 57.7% is below the 60% money-qualification floor (the stricter Medium-confidence floor); net EV -3.65% is below the 5.00% money-qualification value floor (the stricter Medium-confidence floor)",2026-10-18T13:00:00Z
2026-10-10,football,Scottish Premiership,Dundee United v Hibernian,1x2,away,Betfred (UK),2.5,0.38529934795494963,2.5953846153846154,High,0.003128091928046882,9,,0.0,-0.036751630112625944,adequate,0.0,Reject,net EV -3.68% is below the minimum Grade C floor,daily-engine-v1.1.0-odds-api,2026-09-30T13:26:33.683134+00:00,Reject,REJECT,False,"kickoff is 240.6h away -- outside the configured 24h money-event horizon; research grade 'Reject' is not in the actionable set ['A', 'A+', 'B']; estimated probability 38.5% is below the 50% money-qualification floor; net EV -3.68% is below the 2.00% money-qualification value floor",2026-10-10T14:00:00Z
2026-10-17,football,Premier League,Brentford v Liverpool,1x2,away,Casumo,2.45,0.39285714285714285,2.5454545454545454,High,0.006085197318257271,14,,0.0,-0.03749999999999998,adequate,0.0,Reject,net EV -3.75% is below the minimum Grade C floor,daily-engine-v1.1.0-odds-api,2026-09-30T13:26:33.683134+00:00,Reject,REJECT,False,"kickoff is 408.6h away -- outside the configured 24h money-event horizon; research grade 'Reject' is not in the actionable set ['A', 'A+', 'B']; estimated probability 39.3% is below the 50% money-qualification floor; net EV -3.75% is below the 2.00% money-qualification value floor",2026-10-17T14:00:00Z
2026-10-18,football,Premier League,Nottingham Forest v Arsenal,over_under_2_5,under,Casumo,1.96,0.49074074074074076,2.0377358490566038,Medium,0.009283950268680109,4,,0.0,-0.03814814814814821,adequate,0.0,Reject,net EV -3.81% is below the minimum Grade C floor,daily-engine-v1.1.0-odds-api,2026-09-30T13:26:33.683134+00:00,Reject,REJECT,False,"kickoff is 434.1h away -- outside the configured 24h money-event horizon; research grade 'Reject' is not in the actionable set ['A', 'A+', 'B']; estimated probability 49.1% is below the 60% money-qualification floor (the stricter Medium-confidence floor); net EV -3.81% is below the 5.00% money-qualification value floor (the stricter Medium-confidence floor)",2026-10-18T15:30:00Z
2026-10-11,football,Premier League,Hull City v Everton,over_under_2_5,over,Casumo,2.2,0.4368901108794869,2.288905093289793,Medium,0.01191869766712656,4,,0.0,-0.03884175606512874,adequate,0.0,Reject,net EV -3.88% is below the minimum Grade C floor,daily-engine-v1.1.0-odds-api,2026-09-30T13:26:33.683134+00:00,Reject,REJECT,False,"kickoff is 263.6h away -- outside the configured 24h money-event horizon; research grade 'Reject' is not in the actionable set ['A', 'A+', 'B']; estimated probability 43.7% is below the 60% money-qualification floor (the stricter Medium-confidence floor); net EV -3.88% is below the 5.00% money-qualification value floor (the stricter Medium-confidence floor)",2026-10-11T13:00:00Z
2026-10-10,football,Championship,Bolton Wanderers v Stoke City,over_under_2_5,over,William Hill,1.85,0.5195091731153813,1.9248938262306743,Medium,0.009893107359777114,4,,0.0,-0.038908029736544614,adequate,0.0,Reject,net EV -3.89% is below the minimum Grade C floor,daily-engine-v1.1.0-odds-api,2026-09-30T13:26:33.683134+00:00,Reject,REJECT,False,"kickoff is 240.6h away -- outside the configured 24h money-event horizon; research grade 'Reject' is not in the actionable set ['A', 'A+', 'B']; estimated probability 52.0% is below the 60% money-qualification floor (the stricter Medium-confidence floor); net EV -3.89% is below the 5.00% money-qualification value floor (the stricter Medium-confidence floor)",2026-10-10T14:00:00Z
2026-10-10,football,Premier League,Arsenal v Leeds United,over_under_2_5,over,Casumo,1.76,0.545378904249872,1.8335876070883699,Medium,0.0061295416192082884,4,,0.0,-0.04013312852022527,adequate,0.0,Reject,net EV -4.01% is below the minimum Grade C floor,daily-engine-v1.1.0-odds-api,2026-09-30T13:26:33.683134+00:00,Reject,REJECT,False,"kickoff is 238.1h away -- outside the configured 24h money-event horizon; research grade 'Reject' is not in the actionable set ['A', 'A+', 'B']; estimated probability 54.5% is below the 60% money-qualification floor (the stricter Medium-confidence floor); net EV -4.01% is below the 5.00% money-qualification value floor (the stricter Medium-confidence floor)",2026-10-10T11:30:00Z
2026-10-10,football,Championship,Swansea City v Norwich City,1x2,home,Betfair,2.62,0.36623967361995785,2.7304524114383275,High,0.008758561058262787,17,,0.0,-0.040452055115710484,adequate,0.0,Reject,net EV -4.05% is below the minimum Grade C floor,daily-engine-v1.1.0-odds-api,2026-09-30T13:26:33.683134+00:00,Reject,REJECT,False,"kickoff is 238.1h away -- outside the configured 24h money-event horizon; research grade 'Reject' is not in the actionable set ['A', 'A+', 'B']; estimated probability 36.6% is below the 50% money-qualification floor; net EV -4.05% is below the 2.00% money-qualification value floor",2026-10-10T11:30:00Z
2026-10-10,football,Scottish Premiership,Rangers v Kilmarnock,1x2,home,Coral,1.18,0.812096368769094,1.2313809523809522,High,0.011831494711520096,9,,0.0,-0.04172628485246918,adequate,0.0,Reject,net EV -4.17% is below the minimum Grade C floor,daily-engine-v1.1.0-odds-api,2026-09-30T13:26:33.683134+00:00,Reject,REJECT,False,"kickoff is 240.6h away -- outside the configured 24h money-event horizon; research grade 'Reject' is not in the actionable set ['A', 'A+', 'B']; odds 1.18 are below the configured payout floor of 1.33; net EV -4.17% is below the 2.00% money-qualification value floor",2026-10-10T14:00:00Z
2026-10-11,football,Premier League,Hull City v Everton,over_under_2_5,under,LeoVegas,1.7,0.5631098891205131,1.7758523146553844,Medium,0.011918697667126575,4,,0.0,-0.042713188495127785,adequate,0.0,Reject,net EV -4.27% is below the minimum Grade C floor,daily-engine-v1.1.0-odds-api,2026-09-30T13:26:33.683134+00:00,Reject,REJECT,False,"kickoff is 263.6h away -- outside the configured 24h money-event horizon; research grade 'Reject' is not in the actionable set ['A', 'A+', 'B']; estimated probability 56.3% is below the 60% money-qualification floor (the stricter Medium-confidence floor); net EV -4.27% is below the 5.00% money-qualification value floor (the stricter Medium-confidence floor)",2026-10-11T13:00:00Z
2026-10-18,football,Premier League,Bournemouth v Sunderland,1x2,home,Betfair,2.02,0.47297297297297297,2.1142857142857143,High,0.006298910231605777,15,,0.0,-0.04459459459459453,adequate,0.0,Reject,net EV -4.46% is below the minimum Grade C floor,daily-engine-v1.1.0-odds-api,2026-09-30T13:26:33.683134+00:00,Reject,REJECT,False,"kickoff is 431.6h away -- outside the configured 24h money-event horizon; research grade 'Reject' is not in the actionable set ['A', 'A+', 'B']; estimated probability 47.3% is below the 50% money-qualification floor; net EV -4.46% is below the 2.00% money-qualification value floor",2026-10-18T13:00:00Z
2026-10-10,football,Premier League,Arsenal v Leeds United,1x2,home,Unibet (UK),1.4,0.6822901216256304,1.4656521739130435,High,0.013305523124135101,20,,0.0,-0.044793829724117495,adequate,0.0,Reject,net EV -4.48% is below the minimum Grade C floor,daily-engine-v1.1.0-odds-api,2026-09-30T13:26:33.683134+00:00,Reject,REJECT,False,"kickoff is 238.1h away -- outside the configured 24h money-event horizon; research grade 'Reject' is not in the actionable set ['A', 'A+', 'B']; net EV -4.48% is below the 2.00% money-qualification value floor",2026-10-10T11:30:00Z
2026-10-11,football,Scottish Premiership,Motherwell v Celtic,1x2,away,Betfred (UK),1.62,0.5888816959792843,1.6981339491916863,High,0.00899231866413401,9,,0.0,-0.046011652513559376,adequate,0.0,Reject,net EV -4.60% is below the minimum Grade C floor,daily-engine-v1.1.0-odds-api,2026-09-30T13:26:33.683134+00:00,Reject,REJECT,False,"kickoff is 261.6h away -- outside the configured 24h money-event horizon; research grade 'Reject' is not in the actionable set ['A', 'A+', 'B']; net EV -4.60% is below the 2.00% money-qualification value floor",2026-10-11T11:00:00Z
2026-10-10,football,Premier League,Sunderland v Brighton and Hove Albion,over_under_2_5,over,Grosvenor,1.88,0.5074123989218329,1.9707835325365206,Medium,0.009943212058132913,4,,0.0,-0.046064690026954236,adequate,0.0,Reject,net EV -4.61% is below the minimum Grade C floor,daily-engine-v1.1.0-odds-api,2026-09-30T13:26:33.683134+00:00,Reject,REJECT,False,"kickoff is 240.6h away -- outside the configured 24h money-event horizon; research grade 'Reject' is not in the actionable set ['A', 'A+', 'B']; estimated probability 50.7% is below the 60% money-qualification floor (the stricter Medium-confidence floor); net EV -4.61% is below the 5.00% money-qualification value floor (the stricter Medium-confidence floor)",2026-10-10T14:00:00Z
2026-10-10,football,Scottish Premiership,Falkirk F.C. v Dundee FC,1x2,draw,Betfred (UK),3.6,0.26497838171710936,3.7738927738927734,High,0.006818136809134885,9,,0.0,-0.04607782581840625,adequate,0.0,Reject,net EV -4.61% is below the minimum Grade C floor,daily-engine-v1.1.0-odds-api,2026-09-30T13:26:33.683134+00:00,Reject,REJECT,False,"kickoff is 240.6h away -- outside the configured 24h money-event horizon; research grade 'Reject' is not in the actionable set ['A', 'A+', 'B']; estimated probability 26.5% is below the 50% money-qualification floor; net EV -4.61% is below the 2.00% money-qualification value floor",2026-10-10T14:00:00Z
2026-10-10,football,Championship,Derby County v Wrexham AFC,over_under_2_5,over,William Hill,2.05,0.46524064171123,2.1494252873563218,Medium,0.006455145740141427,4,,0.0,-0.04625668449197856,adequate,0.0,Reject,net EV -4.63% is below the minimum Grade C floor,daily-engine-v1.1.0-odds-api,2026-09-30T13:26:33.683134+00:00,Reject,REJECT,False,"kickoff is 240.6h away -- outside the configured 24h money-event horizon; research grade 'Reject' is not in the actionable set ['A', 'A+', 'B']; estimated probability 46.5% is below the 60% money-qualification floor (the stricter Medium-confidence floor); net EV -4.63% is below the 5.00% money-qualification value floor (the stricter Medium-confidence floor)",2026-10-10T14:00:00Z
2026-10-17,football,Premier League,Manchester City v Ipswich Town,1x2,home,Betfair,1.24,0.7684124906888318,1.3013843633691653,High,0.01213756465666746,14,,0.0,-0.04716851154584861,adequate,0.0,Reject,net EV -4.72% is below the minimum Grade C floor,daily-engine-v1.1.0-odds-api,2026-09-30T13:26:33.683134+00:00,Reject,REJECT,False,"kickoff is 408.6h away -- outside the configured 24h money-event horizon; research grade 'Reject' is not in the actionable set ['A', 'A+', 'B']; odds 1.24 are below the configured payout floor of 1.33; net EV -4.72% is below the 2.00% money-qualification value floor",2026-10-17T14:00:00Z
2026-10-10,football,Scottish Premiership,Hearts v St Mirren,1x2,home,Ladbrokes,1.48,0.6430868167202572,1.555,High,0.005992337086817337,9,,0.0,-0.04823151125401931,adequate,0.0,Reject,net EV -4.82% is below the minimum Grade C floor,daily-engine-v1.1.0-odds-api,2026-09-30T13:26:33.683134+00:00,Reject,REJECT,False,"kickoff is 240.6h away -- outside the configured 24h money-event horizon; research grade 'Reject' is not in the actionable set ['A', 'A+', 'B']; net EV -4.82% is below the 2.00% money-qualification value floor",2026-10-10T14:00:00Z
2026-10-10,football,Premier League,Ipswich Town v Fulham,over_under_2_5,over,William Hill,1.75,0.5434213533334719,1.8401926863303575,Medium,0.00784942252316893,4,,0.0,-0.04901263166642422,adequate,0.0,Reject,net EV -4.90% is below the minimum Grade C floor,daily-engine-v1.1.0-odds-api,2026-09-30T13:26:33.683134+00:00,Reject,REJECT,False,"kickoff is 240.6h away -- outside the configured 24h money-event horizon; research grade 'Reject' is not in the actionable set ['A', 'A+', 'B']; estimated probability 54.3% is below the 60% money-qualification floor (the stricter Medium-confidence floor); net EV -4.90% is below the 5.00% money-qualification value floor (the stricter Medium-confidence floor)",2026-10-10T14:00:00Z
2026-10-17,football,Premier League,Fulham v Hull City,over_under_2_5,over,William Hill,1.67,0.5691802820835079,1.7569125837238402,Medium,0.010765734117824482,4,,0.0,-0.04946892892054183,adequate,0.0,Reject,net EV -4.95% is below the minimum Grade C floor,daily-engine-v1.1.0-odds-api,2026-09-30T13:26:33.683134+00:00,Reject,REJECT,False,"kickoff is 408.6h away -- outside the configured 24h money-event horizon; research grade 'Reject' is not in the actionable set ['A', 'A+', 'B']; estimated probability 56.9% is below the 60% money-qualification floor (the stricter Medium-confidence floor); net EV -4.95% is below the 5.00% money-qualification value floor (the stricter Medium-confidence floor)",2026-10-17T14:00:00Z
2026-10-10,football,Championship,Sheffield United v Lincoln City,1x2,draw,Betfred (UK),3.5,0.27149321266968324,3.6833333333333336,High,0.004186390200137593,15,,0.0,-0.049773755656108754,adequate,0.0,Reject,net EV -4.98% is below the minimum Grade C floor,daily-engine-v1.1.0-odds-api,2026-09-30T13:26:33.683134+00:00,Reject,REJECT,False,"kickoff is 240.6h away -- outside the configured 24h money-event horizon; research grade 'Reject' is not in the actionable set ['A', 'A+', 'B']; estimated probability 27.1% is below the 50% money-qualification floor; net EV -4.98% is below the 2.00% money-qualification value floor",2026-10-10T14:00:00Z
2026-10-10,football,Championship,Charlton Athletic v Bristol City,1x2,away,Betfred (UK),2.3,0.41308089500860584,2.4208333333333334,High,0.006168160543410371,17,,0.0,-0.04991394148020667,adequate,0.0,Reject,net EV -4.99% is below the minimum Grade C floor,daily-engine-v1.1.0-odds-api,2026-09-30T13:26:33.683134+00:00,Reject,REJECT,False,"kickoff is 238.1h away -- outside the configured 24h money-event horizon; research grade 'Reject' is not in the actionable set ['A', 'A+', 'B']; estimated probability 41.3% is below the 50% money-qualification floor; net EV -4.99% is below the 2.00% money-qualification value floor",2026-10-10T11:30:00Z
2026-10-10,football,Championship,Derby County v Wrexham AFC,1x2,home,Betfair,2.72,0.34890033800933806,2.8661479828467114,High,0.005899805608434426,14,,0.0,-0.05099108061460045,adequate,0.0,Reject,net EV -5.10% is below the minimum Grade C floor,daily-engine-v1.1.0-odds-api,2026-09-30T13:26:33.683134+00:00,Reject,REJECT,False,"kickoff is 240.6h away -- outside the configured 24h money-event horizon; research grade 'Reject' is not in the actionable set ['A', 'A+', 'B']; estimated probability 34.9% is below the 50% money-qualification floor; net EV -5.10% is below the 2.00% money-qualification value floor",2026-10-10T14:00:00Z
2026-10-17,football,Premier League,Newcastle United v Aston Villa,over_under_2_5,over,Casumo,1.61,0.589374412672842,1.6967143101190139,Medium,0.0014486473207359638,4,,0.0,-0.051107195596724386,adequate,0.0,Reject,net EV -5.11% is below the minimum Grade C floor,daily-engine-v1.1.0-odds-api,2026-09-30T13:26:33.683134+00:00,Reject,REJECT,False,"kickoff is 411.1h away -- outside the configured 24h money-event horizon; research grade 'Reject' is not in the actionable set ['A', 'A+', 'B']; estimated probability 58.9% is below the 60% money-qualification floor (the stricter Medium-confidence floor); net EV -5.11% is below the 5.00% money-qualification value floor (the stricter Medium-confidence floor)",2026-10-17T16:30:00Z
2026-10-10,football,Championship,Derby County v Wrexham AFC,1x2,away,Betfred (UK),2.6,0.3648101120333719,2.741152087112439,High,0.005760700167745387,14,,0.0,-0.05149370871323311,adequate,0.0,Reject,net EV -5.15% is below the minimum Grade C floor,daily-engine-v1.1.0-odds-api,2026-09-30T13:26:33.683134+00:00,Reject,REJECT,False,"kickoff is 240.6h away -- outside the configured 24h money-event horizon; research grade 'Reject' is not in the actionable set ['A', 'A+', 'B']; estimated probability 36.5% is below the 50% money-qualification floor; net EV -5.15% is below the 2.00% money-qualification value floor",2026-10-10T14:00:00Z
2026-10-11,football,Premier League,Crystal Palace v Nottingham Forest,over_under_2_5,under,LeoVegas,1.75,0.5419238135773569,1.8452778323188692,Medium,0.008440017532073874,4,,0.0,-0.051633326239625466,adequate,0.0,Reject,net EV -5.16% is below the minimum Grade C floor,daily-engine-v1.1.0-odds-api,2026-09-30T13:26:33.683134+00:00,Reject,REJECT,False,"kickoff is 263.6h away -- outside the configured 24h money-event horizon; research grade 'Reject' is not in the actionable set ['A', 'A+', 'B']; estimated probability 54.2% is below the 60% money-qualification floor (the stricter Medium-confidence floor); net EV -5.16% is below the 5.00% money-qualification value floor (the stricter Medium-confidence floor)",2026-10-11T13:00:00Z
2026-10-11,football,Premier League,Crystal Palace v Nottingham Forest,over_under_2_5,over,Casumo,2.07,0.45807618642264314,2.1830429732868755,Medium,0.008440017532073947,4,,0.0,-0.0517822941051288,adequate,0.0,Reject,net EV -5.18% is below the minimum Grade C floor,daily-engine-v1.1.0-odds-api,2026-09-30T13:26:33.683134+00:00,Reject,REJECT,False,"kickoff is 263.6h away -- outside the configured 24h money-event horizon; research grade 'Reject' is not in the actionable set ['A', 'A+', 'B']; estimated probability 45.8% is below the 60% money-qualification floor (the stricter Medium-confidence floor); net EV -5.18% is below the 5.00% money-qualification value floor (the stricter Medium-confidence floor)",2026-10-11T13:00:00Z
2026-10-10,football,Championship,Swansea City v Norwich City,1x2,away,Betfair,2.64,0.35915492957746475,2.7843137254901964,High,0.005337742908557545,17,,0.0,-0.051830985915492955,adequate,0.0,Reject,net EV -5.18% is below the minimum Grade C floor,daily-engine-v1.1.0-odds-api,2026-09-30T13:26:33.683134+00:00,Reject,REJECT,False,"kickoff is 238.1h away -- outside the configured 24h money-event horizon; research grade 'Reject' is not in the actionable set ['A', 'A+', 'B']; estimated probability 35.9% is below the 50% money-qualification floor; net EV -5.18% is below the 2.00% money-qualification value floor",2026-10-10T11:30:00Z
2026-10-12,football,Premier League,Coventry City v Newcastle United,over_under_2_5,over,Casumo,1.7,0.557593201754386,1.7934221523032299,Medium,0.004099550271873993,4,,0.0,-0.052091557017543866,adequate,0.0,Reject,net EV -5.21% is below the minimum Grade C floor,daily-engine-v1.1.0-odds-api,2026-09-30T13:26:33.683134+00:00,Reject,REJECT,False,"kickoff is 293.6h away -- outside the configured 24h money-event horizon; research grade 'Reject' is not in the actionable set ['A', 'A+', 'B']; estimated probability 55.8% is below the 60% money-qualification floor (the stricter Medium-confidence floor); net EV -5.21% is below the 5.00% money-qualification value floor (the stricter Medium-confidence floor)",2026-10-12T19:00:00Z
2026-10-18,football,Premier League,Bournemouth v Sunderland,over_under_2_5,over,Casumo,1.81,0.5235135135135134,1.910170366546206,Medium,0.0035402374578578657,4,,0.0,-0.05244054054054076,adequate,0.0,Reject,net EV -5.24% is below the minimum Grade C floor,daily-engine-v1.1.0-odds-api,2026-09-30T13:26:33.683134+00:00,Reject,REJECT,False,"kickoff is 431.6h away -- outside the configured 24h money-event horizon; research grade 'Reject' is not in the actionable set ['A', 'A+', 'B']; estimated probability 52.4% is below the 60% money-qualification floor (the stricter Medium-confidence floor); net EV -5.24% is below the 5.00% money-qualification value floor (the stricter Medium-confidence floor)",2026-10-18T13:00:00Z
2026-10-10,football,Championship,Blackburn Rovers v Cardiff City,over_under_2_5,under,LeoVegas,2.2,0.4306435850900461,2.3221058773948844,Medium,0.004355493144595566,4,,0.0,-0.052584112801898564,adequate,0.0,Reject,net EV -5.26% is below the minimum Grade C floor,daily-engine-v1.1.0-odds-api,2026-09-30T13:26:33.683134+00:00,Reject,REJECT,False,"kickoff is 240.6h away -- outside the configured 24h money-event horizon; research grade 'Reject' is not in the actionable set ['A', 'A+', 'B']; estimated probability 43.1% is below the 60% money-qualification floor (the stricter Medium-confidence floor); net EV -5.26% is below the 5.00% money-qualification value floor (the stricter Medium-confidence floor)",2026-10-10T14:00:00Z
2026-10-10,football,Championship,Swansea City v Norwich City,over_under_2_5,over,William Hill,1.73,0.547505376344086,1.826466082721238,Medium,0.006651198752076208,4,,0.0,-0.0528156989247312,adequate,0.0,Reject,net EV -5.28% is below the minimum Grade C floor,daily-engine-v1.1.0-odds-api,2026-09-30T13:26:33.683134+00:00,Reject,REJECT,False,"kickoff is 238.1h away -- outside the configured 24h money-event horizon; research grade 'Reject' is not in the actionable set ['A', 'A+', 'B']; estimated probability 54.8% is below the 60% money-qualification floor (the stricter Medium-confidence floor); net EV -5.28% is below the 5.00% money-qualification value floor (the stricter Medium-confidence floor)",2026-10-10T11:30:00Z
2026-10-10,football,Championship,West Bromwich Albion v Birmingham City,1x2,away,Betfred (UK),3.0,0.31568877551020413,3.167676767676767,High,0.00540001199364278,17,,0.0,-0.0529336734693876,adequate,0.0,Reject,net EV -5.29% is below the minimum Grade C floor,daily-engine-v1.1.0-odds-api,2026-09-30T13:26:33.683134+00:00,Reject,REJECT,False,"kickoff is 238.1h away -- outside the configured 24h money-event horizon; research grade 'Reject' is not in the actionable set ['A', 'A+', 'B']; estimated probability 31.6% is below the 50% money-qualification floor; net EV -5.29% is below the 2.00% money-qualification value floor",2026-10-10T11:30:00Z
2026-10-11,football,Premier League,Liverpool v Manchester City,over_under_2_5,over,Casumo,1.6,0.5918367346938775,1.6896551724137931,Medium,0.002169398475168279,3,,0.0,-0.05306122448979589,adequate,0.0,Reject,net EV -5.31% is below the minimum Grade C floor,daily-engine-v1.1.0-odds-api,2026-09-30T13:26:33.683134+00:00,Reject,REJECT,False,"kickoff is 266.1h away -- outside the configured 24h money-event horizon; research grade 'Reject' is not in the actionable set ['A', 'A+', 'B']; estimated probability 59.2% is below the 60% money-qualification floor (the stricter Medium-confidence floor); net EV -5.31% is below the 5.00% money-qualification value floor (the stricter Medium-confidence floor)",2026-10-11T15:30:00Z
2026-10-11,football,Premier League,Liverpool v Manchester City,over_under_2_5,under,Casumo,2.32,0.40816326530612246,2.4499999999999997,Medium,0.002169398475168233,3,,0.0,-0.053061224489796,adequate,0.0,Reject,net EV -5.31% is below the minimum Grade C floor,daily-engine-v1.1.0-odds-api,2026-09-30T13:26:33.683134+00:00,Reject,REJECT,False,"kickoff is 266.1h away -- outside the configured 24h money-event horizon; research grade 'Reject' is not in the actionable set ['A', 'A+', 'B']; estimated probability 40.8% is below the 60% money-qualification floor (the stricter Medium-confidence floor); net EV -5.31% is below the 5.00% money-qualification value floor (the stricter Medium-confidence floor)",2026-10-11T15:30:00Z
2026-10-10,football,Championship,Blackburn Rovers v Cardiff City,1x2,home,Casumo,2.63,0.3600178774873351,2.777639841052556,High,0.010586939744902931,14,,0.0,-0.053152982208308774,adequate,0.0,Reject,net EV -5.32% is below the minimum Grade C floor,daily-engine-v1.1.0-odds-api,2026-09-30T13:26:33.683134+00:00,Reject,REJECT,False,"kickoff is 240.6h away -- outside the configured 24h money-event horizon; research grade 'Reject' is not in the actionable set ['A', 'A+', 'B']; estimated probability 36.0% is below the 50% money-qualification floor; net EV -5.32% is below the 2.00% money-qualification value floor",2026-10-10T14:00:00Z
2026-10-12,football,Premier League,Coventry City v Newcastle United,over_under_2_5,under,Casumo,2.14,0.442406798245614,2.260363095606915,Medium,0.004099550271874064,4,,0.0,-0.05324945175438589,adequate,0.0,Reject,net EV -5.32% is below the minimum Grade C floor,daily-engine-v1.1.0-odds-api,2026-09-30T13:26:33.683134+00:00,Reject,REJECT,False,"kickoff is 293.6h away -- outside the configured 24h money-event horizon; research grade 'Reject' is not in the actionable set ['A', 'A+', 'B']; estimated probability 44.2% is below the 60% money-qualification floor (the stricter Medium-confidence floor); net EV -5.32% is below the 5.00% money-qualification value floor (the stricter Medium-confidence floor)",2026-10-12T19:00:00Z
2026-10-10,football,Championship,Derby County v Wrexham AFC,over_under_2_5,under,LeoVegas,1.77,0.5347593582887701,1.8699999999999999,Medium,0.006455145740141431,4,,0.0,-0.05347593582887694,adequate,0.0,Reject,net EV -5.35% is below the minimum Grade C floor,daily-engine-v1.1.0-odds-api,2026-09-30T13:26:33.683134+00:00,Reject,REJECT,False,"kickoff is 240.6h away -- outside the configured 24h money-event horizon; research grade 'Reject' is not in the actionable set ['A', 'A+', 'B']; estimated probability 53.5% is below the 60% money-qualification floor (the stricter Medium-confidence floor); net EV -5.35% is below the 5.00% money-qualification value floor (the stricter Medium-confidence floor)",2026-10-10T14:00:00Z
2026-10-10,football,Premier League,Sunderland v Brighton and Hove Albion,over_under_2_5,under,LeoVegas,1.92,0.4925876010781671,2.030095759233926,Medium,0.009943212058132863,4,,0.0,-0.054231805929919163,adequate,0.0,Reject,net EV -5.42% is below the minimum Grade C floor,daily-engine-v1.1.0-odds-api,2026-09-30T13:26:33.683134+00:00,Reject,REJECT,False,"kickoff is 240.6h away -- outside the configured 24h money-event horizon; research grade 'Reject' is not in the actionable set ['A', 'A+', 'B']; estimated probability 49.3% is below the 60% money-qualification floor (the stricter Medium-confidence floor); net EV -5.42% is below the 5.00% money-qualification value floor (the stricter Medium-confidence floor)",2026-10-10T14:00:00Z
2026-10-18,football,Premier League,Brighton and Hove Albion v Crystal Palace,over_under_2_5,under,Casumo,2.4,0.393939393939394,2.5384615384615383,Medium,0.004967932410461679,3,,0.0,-0.05454545454545445,adequate,0.0,Reject,net EV -5.45% is below the minimum Grade C floor,daily-engine-v1.1.0-odds-api,2026-09-30T13:26:33.683134+00:00,Reject,REJECT,False,"kickoff is 431.6h away -- outside the configured 24h money-event horizon; research grade 'Reject' is not in the actionable set ['A', 'A+', 'B']; estimated probability 39.4% is below the 60% money-qualification floor (the stricter Medium-confidence floor); net EV -5.45% is below the 5.00% money-qualification value floor (the stricter Medium-confidence floor)",2026-10-18T13:00:00Z
2026-10-18,football,Premier League,Brighton and Hove Albion v Crystal Palace,over_under_2_5,over,Casumo,1.56,0.606060606060606,1.6500000000000004,Medium,0.004967932410461653,3,,0.0,-0.054545454545454675,adequate,0.0,Reject,net EV -5.45% is below the minimum Grade C floor,daily-engine-v1.1.0-odds-api,2026-09-30T13:26:33.683134+00:00,Reject,REJECT,False,"kickoff is 431.6h away -- outside the configured 24h money-event horizon; research grade 'Reject' is not in the actionable set ['A', 'A+', 'B']; net EV -5.45% is below the 5.00% money-qualification value floor (the stricter Medium-confidence floor)",2026-10-18T13:00:00Z
2026-10-17,football,Premier League,Everton v Chelsea,over_under_2_5,under,Casumo,2.25,0.42015792937047597,2.3800574262594623,Medium,0.004405642091247837,4,,0.0,-0.054644658916429,adequate,0.0,Reject,net EV -5.46% is below the minimum Grade C floor,daily-engine-v1.1.0-odds-api,2026-09-30T13:26:33.683134+00:00,Reject,REJECT,False,"kickoff is 406.1h away -- outside the configured 24h money-event horizon; research grade 'Reject' is not in the actionable set ['A', 'A+', 'B']; estimated probability 42.0% is below the 60% money-qualification floor (the stricter Medium-confidence floor); net EV -5.46% is below the 5.00% money-qualification value floor (the stricter Medium-confidence floor)",2026-10-17T11:30:00Z
2026-10-11,football,Scottish Premiership,Aberdeen v St Johnstone,1x2,away,BoyleSports,3.2,0.29539892810193147,3.3852526359030533,Medium,0.004973188785087359,3,,0.0,-0.0547234300738193,adequate,0.0,Reject,net EV -5.47% is below the minimum Grade C floor,daily-engine-v1.1.0-odds-api,2026-09-30T13:26:33.683134+00:00,Reject,REJECT,False,"kickoff is 263.6h away -- outside the configured 24h money-event horizon; research grade 'Reject' is not in the actionable set ['A', 'A+', 'B']; estimated probability 29.5% is below the 60% money-qualification floor (the stricter Medium-confidence floor); Medium-confidence candidates require odds inside the preferred range 1.40-2.50; odds are 3.20; net EV -5.47% is below the 5.00% money-qualification value floor (the stricter Medium-confidence floor)",2026-10-11T13:00:00Z
2026-10-17,football,Premier League,Everton v Chelsea,over_under_2_5,over,Casumo,1.63,0.579842070629524,1.7246075278986195,Medium,0.004405642091247848,4,,0.0,-0.05485742487387596,adequate,0.0,Reject,net EV -5.49% is below the minimum Grade C floor,daily-engine-v1.1.0-odds-api,2026-09-30T13:26:33.683134+00:00,Reject,REJECT,False,"kickoff is 406.1h away -- outside the configured 24h money-event horizon; research grade 'Reject' is not in the actionable set ['A', 'A+', 'B']; estimated probability 58.0% is below the 60% money-qualification floor (the stricter Medium-confidence floor); net EV -5.49% is below the 5.00% money-qualification value floor (the stricter Medium-confidence floor)",2026-10-17T11:30:00Z
2026-10-10,football,Premier League,Ipswich Town v Fulham,over_under_2_5,under,Casumo,2.07,0.45657864666652814,2.1902031715696313,Medium,0.007849422523168914,4,,0.0,-0.05488220140028682,adequate,0.0,Reject,net EV -5.49% is below the minimum Grade C floor,daily-engine-v1.1.0-odds-api,2026-09-30T13:26:33.683134+00:00,Reject,REJECT,False,"kickoff is 240.6h away -- outside the configured 24h money-event horizon; research grade 'Reject' is not in the actionable set ['A', 'A+', 'B']; estimated probability 45.7% is below the 60% money-qualification floor (the stricter Medium-confidence floor); net EV -5.49% is below the 5.00% money-qualification value floor (the stricter Medium-confidence floor)",2026-10-10T14:00:00Z
2026-10-11,football,Championship,Southampton v Portsmouth,over_under_2_5,under,William Hill,2.2,0.429516733786974,2.328197998674405,Medium,0.003840890353858741,4,,0.0,-0.05506318566865698,adequate,0.0,Reject,net EV -5.51% is below the minimum Grade C floor,daily-engine-v1.1.0-odds-api,2026-09-30T13:26:33.683134+00:00,Reject,REJECT,False,"kickoff is 261.6h away -- outside the configured 24h money-event horizon; research grade 'Reject' is not in the actionable set ['A', 'A+', 'B']; estimated probability 43.0% is below the 60% money-qualification floor (the stricter Medium-confidence floor); net EV -5.51% is below the 5.00% money-qualification value floor (the stricter Medium-confidence floor)",2026-10-11T11:00:00Z
2026-10-17,football,Premier League,Newcastle United v Aston Villa,over_under_2_5,under,Grosvenor,2.3,0.410625587327158,2.435308541070699,Medium,0.0014486473207359785,4,,0.0,-0.055561149147536626,adequate,0.0,Reject,net EV -5.56% is below the minimum Grade C floor,daily-engine-v1.1.0-odds-api,2026-09-30T13:26:33.683134+00:00,Reject,REJECT,False,"kickoff is 411.1h away -- outside the configured 24h money-event horizon; research grade 'Reject' is not in the actionable set ['A', 'A+', 'B']; estimated probability 41.1% is below the 60% money-qualification floor (the stricter Medium-confidence floor); net EV -5.56% is below the 5.00% money-qualification value floor (the stricter Medium-confidence floor)",2026-10-17T16:30:00Z
2026-10-10,football,Premier League,Aston Villa v Brentford,over_under_2_5,under,Casumo,2.15,0.43921643678318045,2.2767818238406474,Medium,0.01129736652557449,4,,0.0,-0.05568466091616209,adequate,0.0,Reject,net EV -5.57% is below the minimum Grade C floor,daily-engine-v1.1.0-odds-api,2026-09-30T13:26:33.683134+00:00,Reject,REJECT,False,"kickoff is 240.6h away -- outside the configured 24h money-event horizon; research grade 'Reject' is not in the actionable set ['A', 'A+', 'B']; estimated probability 43.9% is below the 60% money-qualification floor (the stricter Medium-confidence floor); net EV -5.57% is below the 5.00% money-qualification value floor (the stricter Medium-confidence floor)",2026-10-10T14:00:00Z
2026-10-10,football,Championship,Bolton Wanderers v Stoke City,1x2,away,888sport,2.7,0.3497000947069347,2.859593163216177,High,0.006896024301871523,15,,0.0,-0.055809744291276275,adequate,0.0,Reject,net EV -5.58% is below the minimum Grade C floor,daily-engine-v1.1.0-odds-api,2026-09-30T13:26:33.683134+00:00,Reject,REJECT,False,"kickoff is 240.6h away -- outside the configured 24h money-event horizon; research grade 'Reject' is not in the actionable set ['A', 'A+', 'B']; estimated probability 35.0% is below the 50% money-qualification floor; net EV -5.58% is below the 2.00% money-qualification value floor",2026-10-10T14:00:00Z
2026-10-10,football,Scottish Premiership,Falkirk F.C. v Dundee FC,1x2,away,William Hill,3.4,0.27754795035727714,3.6029810298102984,High,0.006211183207676383,9,,0.0,-0.056336968785257846,adequate,0.0,Reject,net EV -5.63% is below the minimum Grade C floor,daily-engine-v1.1.0-odds-api,2026-09-30T13:26:33.683134+00:00,Reject,REJECT,False,"kickoff is 240.6h away -- outside the configured 24h money-event horizon; research grade 'Reject' is not in the actionable set ['A', 'A+', 'B']; estimated probability 27.8% is below the 50% money-qualification floor; net EV -5.63% is below the 2.00% money-qualification value floor",2026-10-10T14:00:00Z
2026-10-18,football,Premier League,Leeds United v Manchester United,over_under_2_5,under,Casumo,2.23,0.4230262012826177,2.3639197689599243,Medium,0.009969412626855407,4,,0.0,-0.05665157113976249,adequate,0.0,Reject,net EV -5.67% is below the minimum Grade C floor,daily-engine-v1.1.0-odds-api,2026-09-30T13:26:33.683134+00:00,Reject,REJECT,False,"kickoff is 431.6h away -- outside the configured 24h money-event horizon; research grade 'Reject' is not in the actionable set ['A', 'A+', 'B']; estimated probability 42.3% is below the 60% money-qualification floor (the stricter Medium-confidence floor); net EV -5.67% is below the 5.00% money-qualification value floor (the stricter Medium-confidence floor)",2026-10-18T13:00:00Z
2026-10-10,football,Championship,Charlton Athletic v Bristol City,over_under_2_5,over,William Hill,2.05,0.4598930481283422,2.174418604651163,Medium,0.003228001670190649,4,,0.0,-0.05721925133689859,adequate,0.0,Reject,net EV -5.72% is below the minimum Grade C floor,daily-engine-v1.1.0-odds-api,2026-09-30T13:26:33.683134+00:00,Reject,REJECT,False,"kickoff is 238.1h away -- outside the configured 24h money-event horizon; research grade 'Reject' is not in the actionable set ['A', 'A+', 'B']; estimated probability 46.0% is below the 60% money-qualification floor (the stricter Medium-confidence floor); net EV -5.72% is below the 5.00% money-qualification value floor (the stricter Medium-confidence floor)",2026-10-10T11:30:00Z
2026-10-19,football,Premier League,Tottenham Hotspur v Coventry City,over_under_2_5,over,Casumo,1.57,0.6002564069105902,1.6659547294910466,Medium,0.0017634621829718344,4,,0.0,-0.057597441150373296,adequate,0.0,Reject,net EV -5.76% is below the minimum Grade C floor,daily-engine-v1.1.0-odds-api,2026-09-30T13:26:33.683134+00:00,Reject,REJECT,False,"kickoff is 461.6h away -- outside the configured 24h money-event horizon; research grade 'Reject' is not in the actionable set ['A', 'A+', 'B']; net EV -5.76% is below the 5.00% money-qualification value floor (the stricter Medium-confidence floor)",2026-10-19T19:00:00Z
2026-10-18,football,Premier League,Nottingham Forest v Arsenal,over_under_2_5,over,William Hill,1.85,0.5092592592592593,1.9636363636363634,Medium,0.009283950268680109,4,,0.0,-0.05787037037037024,adequate,0.0,Reject,net EV -5.79% is below the minimum Grade C floor,daily-engine-v1.1.0-odds-api,2026-09-30T13:26:33.683134+00:00,Reject,REJECT,False,"kickoff is 434.1h away -- outside the configured 24h money-event horizon; research grade 'Reject' is not in the actionable set ['A', 'A+', 'B']; estimated probability 50.9% is below the 60% money-qualification floor (the stricter Medium-confidence floor); net EV -5.79% is below the 5.00% money-qualification value floor (the stricter Medium-confidence floor)",2026-10-18T15:30:00Z
2026-10-10,football,Championship,Blackburn Rovers v Cardiff City,1x2,away,Unibet (UK),2.5,0.3764514705604479,2.6563848947415045,High,0.0044777235134760285,14,,0.0,-0.05887132359888014,adequate,0.0,Reject,net EV -5.89% is below the minimum Grade C floor,daily-engine-v1.1.0-odds-api,2026-09-30T13:26:33.683134+00:00,Reject,REJECT,False,"kickoff is 240.6h away -- outside the configured 24h money-event horizon; research grade 'Reject' is not in the actionable set ['A', 'A+', 'B']; estimated probability 37.6% is below the 50% money-qualification floor; net EV -5.89% is below the 2.00% money-qualification value floor",2026-10-10T14:00:00Z
2026-10-10,football,Championship,Sheffield United v Lincoln City,over_under_2_5,under,LeoVegas,1.88,0.5,2.0,Medium,0.0029178753496780065,4,,0.0,-0.06000000000000005,adequate,0.0,Reject,net EV -6.00% is below the minimum Grade C floor,daily-engine-v1.1.0-odds-api,2026-09-30T13:26:33.683134+00:00,Reject,REJECT,False,"kickoff is 240.6h away -- outside the configured 24h money-event horizon; research grade 'Reject' is not in the actionable set ['A', 'A+', 'B']; estimated probability 50.0% is below the 60% money-qualification floor (the stricter Medium-confidence floor); net EV -6.00% is below the 5.00% money-qualification value floor (the stricter Medium-confidence floor)",2026-10-10T14:00:00Z
2026-10-19,football,Premier League,Tottenham Hotspur v Coventry City,over_under_2_5,under,Grosvenor,2.35,0.39974359308940965,2.501603571107974,Medium,0.0017634621829718511,4,,0.0,-0.060602556239887306,adequate,0.0,Reject,net EV -6.06% is below the minimum Grade C floor,daily-engine-v1.1.0-odds-api,2026-09-30T13:26:33.683134+00:00,Reject,REJECT,False,"kickoff is 461.6h away -- outside the configured 24h money-event horizon; research grade 'Reject' is not in the actionable set ['A', 'A+', 'B']; estimated probability 40.0% is below the 60% money-qualification floor (the stricter Medium-confidence floor); net EV -6.06% is below the 5.00% money-qualification value floor (the stricter Medium-confidence floor)",2026-10-19T19:00:00Z
2026-10-10,football,Scottish Premiership,Falkirk F.C. v Dundee FC,over_under_2_5,over,William Hill,1.73,0.5428954423592494,1.8419753086419752,Low,0.006702412868632657,2,,0.0,-0.06079088471849864,adequate,0.0,Reject,data quality is insufficient,daily-engine-v1.1.0-odds-api,2026-09-30T13:26:33.683134+00:00,Reject,REJECT,False,"kickoff is 240.6h away -- outside the configured 24h money-event horizon; research grade 'Reject' is not in the actionable set ['A', 'A+', 'B']; confidence 'Low' is not eligible for real-money qualification (requires one of ['High'], or ['Medium'] with every other requirement strong); data quality did not pass the mechanical data-quality check",2026-10-10T14:00:00Z
2026-10-09,football,Championship,West Ham United v Queens Park Rangers,over_under_2_5,under,William Hill,2.38,0.3944020356234097,2.5354838709677416,Low,0.0,1,,0.0,-0.06132315521628495,adequate,0.0,Reject,data quality is insufficient,daily-engine-v1.1.0-odds-api,2026-09-30T13:26:33.683134+00:00,Reject,REJECT,False,"kickoff is 221.6h away -- outside the configured 24h money-event horizon; research grade 'Reject' is not in the actionable set ['A', 'A+', 'B']; confidence 'Low' is not eligible for real-money qualification (requires one of ['High'], or ['Medium'] with every other requirement strong); data quality did not pass the mechanical data-quality check",2026-10-09T19:00:00Z
2026-10-09,football,Championship,West Ham United v Queens Park Rangers,over_under_2_5,over,William Hill,1.55,0.6055979643765903,1.6512605042016808,Low,0.0,1,,0.0,-0.06132315521628501,adequate,0.0,Reject,data quality is insufficient,daily-engine-v1.1.0-odds-api,2026-09-30T13:26:33.683134+00:00,Reject,REJECT,False,"kickoff is 221.6h away -- outside the configured 24h money-event horizon; research grade 'Reject' is not in the actionable set ['A', 'A+', 'B']; confidence 'Low' is not eligible for real-money qualification (requires one of ['High'], or ['Medium'] with every other requirement strong); data quality did not pass the mechanical data-quality check",2026-10-09T19:00:00Z
2026-10-10,football,Scottish Premiership,Falkirk F.C. v Dundee FC,over_under_2_5,under,LeoVegas,2.05,0.4571045576407507,2.187683284457478,Low,0.006702412868632712,2,,0.0,-0.06293565683646118,adequate,0.0,Reject,data quality is insufficient,daily-engine-v1.1.0-odds-api,2026-09-30T13:26:33.683134+00:00,Reject,REJECT,False,"kickoff is 240.6h away -- outside the configured 24h money-event horizon; research grade 'Reject' is not in the actionable set ['A', 'A+', 'B']; confidence 'Low' is not eligible for real-money qualification (requires one of ['High'], or ['Medium'] with every other requirement strong); data quality did not pass the mechanical data-quality check",2026-10-10T14:00:00Z
2026-10-10,football,Championship,Bolton Wanderers v Stoke City,over_under_2_5,under,Casumo,1.95,0.48049082688461875,2.0812051844647015,Medium,0.009893107359777114,4,,0.0,-0.06304288757499343,adequate,0.0,Reject,net EV -6.30% is below the minimum Grade C floor,daily-engine-v1.1.0-odds-api,2026-09-30T13:26:33.683134+00:00,Reject,REJECT,False,"kickoff is 240.6h away -- outside the configured 24h money-event horizon; research grade 'Reject' is not in the actionable set ['A', 'A+', 'B']; estimated probability 48.0% is below the 60% money-qualification floor (the stricter Medium-confidence floor); net EV -6.30% is below the 5.00% money-qualification value floor (the stricter Medium-confidence floor)",2026-10-10T14:00:00Z
2026-10-10,football,Championship,Swansea City v Norwich City,over_under_2_5,under,Casumo,2.07,0.452494623655914,2.2099710089824627,Medium,0.006651198752076243,4,,0.0,-0.06333612903225816,adequate,0.0,Reject,net EV -6.33% is below the minimum Grade C floor,daily-engine-v1.1.0-odds-api,2026-09-30T13:26:33.683134+00:00,Reject,REJECT,False,"kickoff is 238.1h away -- outside the configured 24h money-event horizon; research grade 'Reject' is not in the actionable set ['A', 'A+', 'B']; estimated probability 45.2% is below the 60% money-qualification floor (the stricter Medium-confidence floor); net EV -6.33% is below the 5.00% money-qualification value floor (the stricter Medium-confidence floor)",2026-10-10T11:30:00Z
2026-10-10,football,Championship,Middlesbrough v Wolverhampton Wanderers,over_under_2_5,under,LeoVegas,2.3,0.40679608349765417,2.4582340896744808,Medium,0.00419868090025155,4,,0.0,-0.06436900795539546,adequate,0.0,Reject,net EV -6.44% is below the minimum Grade C floor,daily-engine-v1.1.0-odds-api,2026-09-30T13:26:33.683134+00:00,Reject,REJECT,False,"kickoff is 240.6h away -- outside the configured 24h money-event horizon; research grade 'Reject' is not in the actionable set ['A', 'A+', 'B']; estimated probability 40.7% is below the 60% money-qualification floor (the stricter Medium-confidence floor); net EV -6.44% is below the 5.00% money-qualification value floor (the stricter Medium-confidence floor)",2026-10-10T14:00:00Z
2026-10-11,football,Championship,Southampton v Portsmouth,over_under_2_5,over,Grosvenor,1.64,0.5704832662130259,1.7528997943063012,Medium,0.0038408903538587587,4,,0.0,-0.06440744341063753,adequate,0.0,Reject,net EV -6.44% is below the minimum Grade C floor,daily-engine-v1.1.0-odds-api,2026-09-30T13:26:33.683134+00:00,Reject,REJECT,False,"kickoff is 261.6h away -- outside the configured 24h money-event horizon; research grade 'Reject' is not in the actionable set ['A', 'A+', 'B']; estimated probability 57.0% is below the 60% money-qualification floor (the stricter Medium-confidence floor); net EV -6.44% is below the 5.00% money-qualification value floor (the stricter Medium-confidence floor)",2026-10-11T11:00:00Z
2026-10-10,football,Scottish Premiership,Dundee United v Hibernian,1x2,home,LeoVegas,2.65,0.35269709543568467,2.8352941176470585,High,0.004619254302532945,9,,0.0,-0.06535269709543556,adequate,0.0,Reject,net EV -6.54% is below the minimum Grade C floor,daily-engine-v1.1.0-odds-api,2026-09-30T13:26:33.683134+00:00,Reject,REJECT,False,"kickoff is 240.6h away -- outside the configured 24h money-event horizon; research grade 'Reject' is not in the actionable set ['A', 'A+', 'B']; estimated probability 35.3% is below the 50% money-qualification floor; net EV -6.54% is below the 2.00% money-qualification value floor",2026-10-10T14:00:00Z
2026-10-10,football,Championship,Charlton Athletic v Bristol City,over_under_2_5,under,LeoVegas,1.73,0.5401069518716577,1.8514851485148518,Medium,0.003228001670190631,4,,0.0,-0.0656149732620322,adequate,0.0,Reject,net EV -6.56% is below the minimum Grade C floor,daily-engine-v1.1.0-odds-api,2026-09-30T13:26:33.683134+00:00,Reject,REJECT,False,"kickoff is 238.1h away -- outside the configured 24h money-event horizon; research grade 'Reject' is not in the actionable set ['A', 'A+', 'B']; estimated probability 54.0% is below the 60% money-qualification floor (the stricter Medium-confidence floor); net EV -6.56% is below the 5.00% money-qualification value floor (the stricter Medium-confidence floor)",2026-10-10T11:30:00Z
2026-10-18,football,Premier League,Bournemouth v Sunderland,over_under_2_5,under,Casumo,1.96,0.4764864864864865,2.098695405558707,Medium,0.003540237457857852,4,,0.0,-0.06608648648648646,adequate,0.0,Reject,net EV -6.61% is below the minimum Grade C floor,daily-engine-v1.1.0-odds-api,2026-09-30T13:26:33.683134+00:00,Reject,REJECT,False,"kickoff is 431.6h away -- outside the configured 24h money-event horizon; research grade 'Reject' is not in the actionable set ['A', 'A+', 'B']; estimated probability 47.6% is below the 60% money-qualification floor (the stricter Medium-confidence floor); net EV -6.61% is below the 5.00% money-qualification value floor (the stricter Medium-confidence floor)",2026-10-18T13:00:00Z
2026-10-10,football,Championship,Blackburn Rovers v Cardiff City,over_under_2_5,over,Casumo,1.64,0.5693564149099539,1.7563690753500234,Medium,0.004355493144595586,4,,0.0,-0.06625547954767563,adequate,0.0,Reject,net EV -6.63% is below the minimum Grade C floor,daily-engine-v1.1.0-odds-api,2026-09-30T13:26:33.683134+00:00,Reject,REJECT,False,"kickoff is 240.6h away -- outside the configured 24h money-event horizon; research grade 'Reject' is not in the actionable set ['A', 'A+', 'B']; estimated probability 56.9% is below the 60% money-qualification floor (the stricter Medium-confidence floor); net EV -6.63% is below the 5.00% money-qualification value floor (the stricter Medium-confidence floor)",2026-10-10T14:00:00Z
2026-10-10,football,Scottish Premiership,Rangers v Kilmarnock,over_under_2_5,under,William Hill,3.3,0.28260869565217395,3.538461538461538,Low,0.0,1,,0.0,-0.06739130434782603,adequate,0.0,Reject,data quality is insufficient,daily-engine-v1.1.0-odds-api,2026-09-30T13:26:33.683134+00:00,Reject,REJECT,False,"kickoff is 240.6h away -- outside the configured 24h money-event horizon; research grade 'Reject' is not in the actionable set ['A', 'A+', 'B']; confidence 'Low' is not eligible for real-money qualification (requires one of ['High'], or ['Medium'] with every other requirement strong); data quality did not pass the mechanical data-quality check",2026-10-10T14:00:00Z
2026-10-10,football,Scottish Premiership,Rangers v Kilmarnock,over_under_2_5,over,William Hill,1.3,0.717391304347826,1.393939393939394,Low,0.0,1,,0.0,-0.06739130434782609,adequate,0.0,Reject,data quality is insufficient,daily-engine-v1.1.0-odds-api,2026-09-30T13:26:33.683134+00:00,Reject,REJECT,False,"kickoff is 240.6h away -- outside the configured 24h money-event horizon; research grade 'Reject' is not in the actionable set ['A', 'A+', 'B']; confidence 'Low' is not eligible for real-money qualification (requires one of ['High'], or ['Medium'] with every other requirement strong); data quality did not pass the mechanical data-quality check; odds 1.30 are below the configured payout floor of 1.33",2026-10-10T14:00:00Z
2026-10-10,football,Premier League,Arsenal v Leeds United,over_under_2_5,under,LeoVegas,2.05,0.454621095750128,2.199633957482754,Medium,0.006129541619208221,4,,0.0,-0.06802675371223771,adequate,0.0,Reject,net EV -6.80% is below the minimum Grade C floor,daily-engine-v1.1.0-odds-api,2026-09-30T13:26:33.683134+00:00,Reject,REJECT,False,"kickoff is 238.1h away -- outside the configured 24h money-event horizon; research grade 'Reject' is not in the actionable set ['A', 'A+', 'B']; estimated probability 45.5% is below the 60% money-qualification floor (the stricter Medium-confidence floor); net EV -6.80% is below the 5.00% money-qualification value floor (the stricter Medium-confidence floor)",2026-10-10T11:30:00Z
2026-10-10,football,Championship,Middlesbrough v Wolverhampton Wanderers,over_under_2_5,over,Casumo,1.57,0.5932039165023457,1.685760953663639,Medium,0.004198680900251606,4,,0.0,-0.06866985109131718,adequate,0.0,Reject,net EV -6.87% is below the minimum Grade C floor,daily-engine-v1.1.0-odds-api,2026-09-30T13:26:33.683134+00:00,Reject,REJECT,False,"kickoff is 240.6h away -- outside the configured 24h money-event horizon; research grade 'Reject' is not in the actionable set ['A', 'A+', 'B']; estimated probability 59.3% is below the 60% money-qualification floor (the stricter Medium-confidence floor); net EV -6.87% is below the 5.00% money-qualification value floor (the stricter Medium-confidence floor)",2026-10-10T14:00:00Z
2026-10-17,football,Premier League,Manchester City v Ipswich Town,over_under_2_5,over,William Hill,1.35,0.6896551724137931,1.45,Low,0.0,1,,0.0,-0.0689655172413792,adequate,0.0,Reject,data quality is insufficient,daily-engine-v1.1.0-odds-api,2026-09-30T13:26:33.683134+00:00,Reject,REJECT,False,"kickoff is 408.6h away -- outside the configured 24h money-event horizon; research grade 'Reject' is not in the actionable set ['A', 'A+', 'B']; confidence 'Low' is not eligible for real-money qualification (requires one of ['High'], or ['Medium'] with every other requirement strong); data quality did not pass the mechanical data-quality check",2026-10-17T14:00:00Z
2026-10-17,football,Premier League,Manchester City v Ipswich Town,over_under_2_5,under,William Hill,3.0,0.3103448275862069,3.2222222222222223,Low,0.0,1,,0.0,-0.06896551724137934,adequate,0.0,Reject,data quality is insufficient,daily-engine-v1.1.0-odds-api,2026-09-30T13:26:33.683134+00:00,Reject,REJECT,False,"kickoff is 408.6h away -- outside the configured 24h money-event horizon; research grade 'Reject' is not in the actionable set ['A', 'A+', 'B']; confidence 'Low' is not eligible for real-money qualification (requires one of ['High'], or ['Medium'] with every other requirement strong); data quality did not pass the mechanical data-quality check",2026-10-17T14:00:00Z
2026-10-11,football,Scottish Premiership,Aberdeen v St Johnstone,1x2,draw,LeoVegas,3.35,0.2778240933722384,3.599399849962491,Medium,0.0013435013018621427,3,,0.0,-0.06928928720300132,adequate,0.0,Reject,net EV -6.93% is below the minimum Grade C floor,daily-engine-v1.1.0-odds-api,2026-09-30T13:26:33.683134+00:00,Reject,REJECT,False,"kickoff is 263.6h away -- outside the configured 24h money-event horizon; research grade 'Reject' is not in the actionable set ['A', 'A+', 'B']; estimated probability 27.8% is below the 60% money-qualification floor (the stricter Medium-confidence floor); Medium-confidence candidates require odds inside the preferred range 1.40-2.50; odds are 3.35; net EV -6.93% is below the 5.00% money-qualification value floor (the stricter Medium-confidence floor)",2026-10-11T13:00:00Z
2026-10-10,football,Championship,West Bromwich Albion v Birmingham City,over_under_2_5,under,Casumo,1.97,0.4724114194623578,2.116798957015223,Medium,0.0005615535106151537,4,,0.0,-0.06934950365915504,adequate,0.0,Reject,net EV -6.93% is below the minimum Grade C floor,daily-engine-v1.1.0-odds-api,2026-09-30T13:26:33.683134+00:00,Reject,REJECT,False,"kickoff is 238.1h away -- outside the configured 24h money-event horizon; research grade 'Reject' is not in the actionable set ['A', 'A+', 'B']; estimated probability 47.2% is below the 60% money-qualification floor (the stricter Medium-confidence floor); net EV -6.93% is below the 5.00% money-qualification value floor (the stricter Medium-confidence floor)",2026-10-10T11:30:00Z
2026-10-11,football,Scottish Premiership,Aberdeen v St Johnstone,1x2,home,LeoVegas,2.18,0.42683790069774497,2.3428097607202085,Medium,0.00363173626403841,3,,0.0,-0.06949337647891596,adequate,0.0,Reject,net EV -6.95% is below the minimum Grade C floor,daily-engine-v1.1.0-odds-api,2026-09-30T13:26:33.683134+00:00,Reject,REJECT,False,"kickoff is 263.6h away -- outside the configured 24h money-event horizon; research grade 'Reject' is not in the actionable set ['A', 'A+', 'B']; estimated probability 42.7% is below the 60% money-qualification floor (the stricter Medium-confidence floor); net EV -6.95% is below the 5.00% money-qualification value floor (the stricter Medium-confidence floor)",2026-10-11T13:00:00Z
2026-10-10,football,Championship,Preston North End v Millwall,over_under_2_5,under,Grosvenor,1.91,0.4865591397849462,2.0552486187845305,Medium,0.010461743735875896,4,,0.0,-0.07067204301075275,adequate,0.0,Reject,net EV -7.07% is below the minimum Grade C floor,daily-engine-v1.1.0-odds-api,2026-09-30T13:26:33.683134+00:00,Reject,REJECT,False,"kickoff is 240.6h away -- outside the configured 24h money-event horizon; research grade 'Reject' is not in the actionable set ['A', 'A+', 'B']; estimated probability 48.7% is below the 60% money-qualification floor (the stricter Medium-confidence floor); net EV -7.07% is below the 5.00% money-qualification value floor (the stricter Medium-confidence floor)",2026-10-10T14:00:00Z
2026-10-11,football,Scottish Premiership,Motherwell v Celtic,over_under_2_5,under,William Hill,2.62,0.35467980295566504,2.819444444444444,Low,0.0,1,,0.0,-0.07073891625615758,adequate,0.0,Reject,data quality is insufficient,daily-engine-v1.1.0-odds-api,2026-09-30T13:26:33.683134+00:00,Reject,REJECT,False,"kickoff is 261.6h away -- outside the configured 24h money-event horizon; research grade 'Reject' is not in the actionable set ['A', 'A+', 'B']; confidence 'Low' is not eligible for real-money qualification (requires one of ['High'], or ['Medium'] with every other requirement strong); data quality did not pass the mechanical data-quality check",2026-10-11T11:00:00Z
2026-10-11,football,Scottish Premiership,Motherwell v Celtic,over_under_2_5,over,William Hill,1.44,0.645320197044335,1.549618320610687,Low,0.0,1,,0.0,-0.07073891625615769,adequate,0.0,Reject,data quality is insufficient,daily-engine-v1.1.0-odds-api,2026-09-30T13:26:33.683134+00:00,Reject,REJECT,False,"kickoff is 261.6h away -- outside the configured 24h money-event horizon; research grade 'Reject' is not in the actionable set ['A', 'A+', 'B']; confidence 'Low' is not eligible for real-money qualification (requires one of ['High'], or ['Medium'] with every other requirement strong); data quality did not pass the mechanical data-quality check",2026-10-11T11:00:00Z
2026-10-10,football,Championship,West Bromwich Albion v Birmingham City,over_under_2_5,over,Casumo,1.76,0.5275885805376422,1.8954163090128755,Medium,0.0005615535106152647,4,,0.0,-0.07144409825374964,adequate,0.0,Reject,net EV -7.14% is below the minimum Grade C floor,daily-engine-v1.1.0-odds-api,2026-09-30T13:26:33.683134+00:00,Reject,REJECT,False,"kickoff is 238.1h away -- outside the configured 24h money-event horizon; research grade 'Reject' is not in the actionable set ['A', 'A+', 'B']; estimated probability 52.8% is below the 60% money-qualification floor (the stricter Medium-confidence floor); net EV -7.14% is below the 5.00% money-qualification value floor (the stricter Medium-confidence floor)",2026-10-10T11:30:00Z
2026-10-10,football,Championship,Watford v Burnley,over_under_2_5,over,Grosvenor,1.76,0.5269543737285672,1.8976975044809046,Medium,7.2653298459735e-05,4,,0.0,-0.07256030223772164,adequate,0.0,Reject,net EV -7.26% is below the minimum Grade C floor,daily-engine-v1.1.0-odds-api,2026-09-30T13:26:33.683134+00:00,Reject,REJECT,False,"kickoff is 240.6h away -- outside the configured 24h money-event horizon; research grade 'Reject' is not in the actionable set ['A', 'A+', 'B']; estimated probability 52.7% is below the 60% money-qualification floor (the stricter Medium-confidence floor); net EV -7.26% is below the 5.00% money-qualification value floor (the stricter Medium-confidence floor)",2026-10-10T14:00:00Z
2026-10-11,football,Scottish Premiership,Aberdeen v St Johnstone,over_under_2_5,over,LeoVegas,1.88,0.4932614555256065,2.0273224043715845,Low,0.0,1,,0.0,-0.0726684636118598,adequate,0.0,Reject,data quality is insufficient,daily-engine-v1.1.0-odds-api,2026-09-30T13:26:33.683134+00:00,Reject,REJECT,False,"kickoff is 263.6h away -- outside the configured 24h money-event horizon; research grade 'Reject' is not in the actionable set ['A', 'A+', 'B']; confidence 'Low' is not eligible for real-money qualification (requires one of ['High'], or ['Medium'] with every other requirement strong); data quality did not pass the mechanical data-quality check",2026-10-11T13:00:00Z
2026-10-11,football,Scottish Premiership,Aberdeen v St Johnstone,over_under_2_5,under,LeoVegas,1.83,0.5067385444743935,1.973404255319149,Low,0.0,1,,0.0,-0.07266846361185991,adequate,0.0,Reject,data quality is insufficient,daily-engine-v1.1.0-odds-api,2026-09-30T13:26:33.683134+00:00,Reject,REJECT,False,"kickoff is 263.6h away -- outside the configured 24h money-event horizon; research grade 'Reject' is not in the actionable set ['A', 'A+', 'B']; confidence 'Low' is not eligible for real-money qualification (requires one of ['High'], or ['Medium'] with every other requirement strong); data quality did not pass the mechanical data-quality check",2026-10-11T13:00:00Z
2026-10-10,football,Championship,Watford v Burnley,over_under_2_5,under,Grosvenor,1.96,0.4730456262714327,2.113960989095377,Medium,7.2653298459735e-05,4,,0.0,-0.07283057250799196,adequate,0.0,Reject,net EV -7.28% is below the minimum Grade C floor,daily-engine-v1.1.0-odds-api,2026-09-30T13:26:33.683134+00:00,Reject,REJECT,False,"kickoff is 240.6h away -- outside the configured 24h money-event horizon; research grade 'Reject' is not in the actionable set ['A', 'A+', 'B']; estimated probability 47.3% is below the 60% money-qualification floor (the stricter Medium-confidence floor); net EV -7.28% is below the 5.00% money-qualification value floor (the stricter Medium-confidence floor)",2026-10-10T14:00:00Z
2026-10-17,football,Premier League,Brentford v Liverpool,over_under_2_5,under,William Hill,2.3,0.4025974025974026,2.4838709677419355,Low,0.0,1,,0.0,-0.074025974025974,adequate,0.0,Reject,data quality is insufficient,daily-engine-v1.1.0-odds-api,2026-09-30T13:26:33.683134+00:00,Reject,REJECT,False,"kickoff is 408.6h away -- outside the configured 24h money-event horizon; research grade 'Reject' is not in the actionable set ['A', 'A+', 'B']; confidence 'Low' is not eligible for real-money qualification (requires one of ['High'], or ['Medium'] with every other requirement strong); data quality did not pass the mechanical data-quality check",2026-10-17T14:00:00Z
2026-10-17,football,Premier League,Brentford v Liverpool,over_under_2_5,over,William Hill,1.55,0.5974025974025974,1.673913043478261,Low,0.0,1,,0.0,-0.07402597402597405,adequate,0.0,Reject,data quality is insufficient,daily-engine-v1.1.0-odds-api,2026-09-30T13:26:33.683134+00:00,Reject,REJECT,False,"kickoff is 408.6h away -- outside the configured 24h money-event horizon; research grade 'Reject' is not in the actionable set ['A', 'A+', 'B']; confidence 'Low' is not eligible for real-money qualification (requires one of ['High'], or ['Medium'] with every other requirement strong); data quality did not pass the mechanical data-quality check",2026-10-17T14:00:00Z
2026-10-10,football,Championship,Sheffield United v Lincoln City,over_under_2_5,over,William Hill,1.85,0.5,2.0,Medium,0.0029178753496780065,4,,0.0,-0.07499999999999996,adequate,0.0,Reject,net EV -7.50% is below the minimum Grade C floor,daily-engine-v1.1.0-odds-api,2026-09-30T13:26:33.683134+00:00,Reject,REJECT,False,"kickoff is 240.6h away -- outside the configured 24h money-event horizon; research grade 'Reject' is not in the actionable set ['A', 'A+', 'B']; estimated probability 50.0% is below the 60% money-qualification floor (the stricter Medium-confidence floor); net EV -7.50% is below the 5.00% money-qualification value floor (the stricter Medium-confidence floor)",2026-10-10T14:00:00Z
2026-10-10,football,Scottish Premiership,Falkirk F.C. v Dundee FC,1x2,home,William Hill,2.05,0.451165096678235,2.2164835164835166,High,0.006798607711466316,9,,0.0,-0.07511155180961832,adequate,0.0,Reject,net EV -7.51% is below the minimum Grade C floor,daily-engine-v1.1.0-odds-api,2026-09-30T13:26:33.683134+00:00,Reject,REJECT,False,"kickoff is 240.6h away -- outside the configured 24h money-event horizon; research grade 'Reject' is not in the actionable set ['A', 'A+', 'B']; estimated probability 45.1% is below the 50% money-qualification floor; net EV -7.51% is below the 2.00% money-qualification value floor",2026-10-10T14:00:00Z
2026-10-10,football,Scottish Premiership,Dundee United v Hibernian,over_under_2_5,over,William Hill,1.57,0.5890052356020942,1.697777777777778,Low,0.0,2,,0.0,-0.07526178010471213,adequate,0.0,Reject,data quality is insufficient,daily-engine-v1.1.0-odds-api,2026-09-30T13:26:33.683134+00:00,Reject,REJECT,False,"kickoff is 240.6h away -- outside the configured 24h money-event horizon; research grade 'Reject' is not in the actionable set ['A', 'A+', 'B']; confidence 'Low' is not eligible for real-money qualification (requires one of ['High'], or ['Medium'] with every other requirement strong); data quality did not pass the mechanical data-quality check",2026-10-10T14:00:00Z
2026-10-10,football,Scottish Premiership,Dundee United v Hibernian,over_under_2_5,under,William Hill,2.25,0.4109947643979057,2.4331210191082806,Low,0.0,2,,0.0,-0.07526178010471218,adequate,0.0,Reject,data quality is insufficient,daily-engine-v1.1.0-odds-api,2026-09-30T13:26:33.683134+00:00,Reject,REJECT,False,"kickoff is 240.6h away -- outside the configured 24h money-event horizon; research grade 'Reject' is not in the actionable set ['A', 'A+', 'B']; confidence 'Low' is not eligible for real-money qualification (requires one of ['High'], or ['Medium'] with every other requirement strong); data quality did not pass the mechanical data-quality check",2026-10-10T14:00:00Z
2026-10-10,football,Scottish Premiership,Hearts v St Mirren,over_under_2_5,under,William Hill,2.5,0.36548223350253806,2.736111111111111,Low,0.0,1,,0.0,-0.08629441624365486,adequate,0.0,Reject,data quality is insufficient,daily-engine-v1.1.0-odds-api,2026-09-30T13:26:33.683134+00:00,Reject,REJECT,False,"kickoff is 240.6h away -- outside the configured 24h money-event horizon; research grade 'Reject' is not in the actionable set ['A', 'A+', 'B']; confidence 'Low' is not eligible for real-money qualification (requires one of ['High'], or ['Medium'] with every other requirement strong); data quality did not pass the mechanical data-quality check",2026-10-10T14:00:00Z
2026-10-10,football,Scottish Premiership,Hearts v St Mirren,over_under_2_5,over,William Hill,1.44,0.6345177664974618,1.5760000000000003,Low,0.0,1,,0.0,-0.08629441624365497,adequate,0.0,Reject,data quality is insufficient,daily-engine-v1.1.0-odds-api,2026-09-30T13:26:33.683134+00:00,Reject,REJECT,False,"kickoff is 240.6h away -- outside the configured 24h money-event horizon; research grade 'Reject' is not in the actionable set ['A', 'A+', 'B']; confidence 'Low' is not eligible for real-money qualification (requires one of ['High'], or ['Medium'] with every other requirement strong); data quality did not pass the mechanical data-quality check",2026-10-10T14:00:00Z
2026-10-10,football,Premier League,Chelsea v Bournemouth,over_under_2_5,under,William Hill,2.62,0.34825870646766166,2.871428571428572,Low,0.0,1,,0.0,-0.08756218905472646,adequate,0.0,Reject,data quality is insufficient,daily-engine-v1.1.0-odds-api,2026-09-30T13:26:33.683134+00:00,Reject,REJECT,False,"kickoff is 240.6h away -- outside the configured 24h money-event horizon; research grade 'Reject' is not in the actionable set ['A', 'A+', 'B']; confidence 'Low' is not eligible for real-money qualification (requires one of ['High'], or ['Medium'] with every other requirement strong); data quality did not pass the mechanical data-quality check",2026-10-10T14:00:00Z
2026-10-10,football,Premier League,Chelsea v Bournemouth,over_under_2_5,over,William Hill,1.4,0.6517412935323382,1.5343511450381682,Low,0.0,1,,0.0,-0.08756218905472651,adequate,0.0,Reject,data quality is insufficient,daily-engine-v1.1.0-odds-api,2026-09-30T13:26:33.683134+00:00,Reject,REJECT,False,"kickoff is 240.6h away -- outside the configured 24h money-event horizon; research grade 'Reject' is not in the actionable set ['A', 'A+', 'B']; confidence 'Low' is not eligible for real-money qualification (requires one of ['High'], or ['Medium'] with every other requirement strong); data quality did not pass the mechanical data-quality check",2026-10-10T14:00:00Z
2026-10-10,football,Premier League,Manchester United v Tottenham Hotspur,over_under_2_5,over,William Hill,1.44,0.6298200514138818,1.5877551020408163,Low,0.0,1,,0.0,-0.09305912596401028,adequate,0.0,Reject,data quality is insufficient,daily-engine-v1.1.0-odds-api,2026-09-30T13:26:33.683134+00:00,Reject,REJECT,False,"kickoff is 243.1h away -- outside the configured 24h money-event horizon; research grade 'Reject' is not in the actionable set ['A', 'A+', 'B']; confidence 'Low' is not eligible for real-money qualification (requires one of ['High'], or ['Medium'] with every other requirement strong); data quality did not pass the mechanical data-quality check",2026-10-10T16:30:00Z
2026-10-10,football,Premier League,Manchester United v Tottenham Hotspur,over_under_2_5,under,William Hill,2.45,0.3701799485861182,2.7013888888888893,Low,0.0,1,,0.0,-0.09305912596401045,adequate,0.0,Reject,data quality is insufficient,daily-engine-v1.1.0-odds-api,2026-09-30T13:26:33.683134+00:00,Reject,REJECT,False,"kickoff is 243.1h away -- outside the configured 24h money-event horizon; research grade 'Reject' is not in the actionable set ['A', 'A+', 'B']; confidence 'Low' is not eligible for real-money qualification (requires one of ['High'], or ['Medium'] with every other requirement strong); data quality did not pass the mechanical data-quality check",2026-10-10T16:30:00Z
