prediction_id,event_key,event_name,event_start_original,event_start_current,start_time_status,start_time_source,start_observed_at,n_start_observations,invalid_start_observations,eligibility,exclusion_reason,start_time_rule
bd5f7921242f7ae2,tennis|tennis_wta_singapore_open|c65df584ad7862e7b88cc738c1844268,Talia Gibson v Viktória Morvayová,2026-09-24T05:00:00+00:00,2026-09-24T05:00:00+00:00,LEDGER_ONLY,unified_ledger.event_start,2026-09-23T20:05:58.003468+00:00,1,0,EXCLUDED,EVENT_STARTED,est-1
bb21001094a42161,tennis|tennis_wta_singapore_open|1c144e78b89011322a38085acf85a1e9,Xinyu Wang v Joanna Garland,2026-09-24T06:10:00+00:00,2026-09-24T06:10:00+00:00,LEDGER_ONLY,unified_ledger.event_start,2026-09-23T20:05:58.003468+00:00,1,0,EXCLUDED,EVENT_STARTED,est-1
b86f41d426222208,tennis|tennis_wta_singapore_open|b3211154731c06416842ea2d56d255e2,Tatiana Prozorova v Alexandra Eala,2026-09-24T10:30:00+00:00,2026-09-24T10:30:00+00:00,LEDGER_ONLY,unified_ledger.event_start,2026-09-23T20:05:58.003468+00:00,1,0,EXCLUDED,EVENT_STARTED,est-1
0f74694fdc7b5923,tennis|tennis_wta_singapore_open|e6170a66ea1bedf7465820889622b9ae,Maria Sakkari v Nao Hibino,2026-09-24T11:40:00+00:00,2026-09-24T11:40:00+00:00,LEDGER_ONLY,unified_ledger.event_start,2026-09-23T20:05:58.003468+00:00,1,0,EXCLUDED,EVENT_STARTED,est-1
a1772eac2b9a262e,tennis|tennis_wta_singapore_open|f0731c18d689ed876e51dc1a9bf12170,Elise Mertens v Maja Chwalinska,2026-09-25T03:00:00+00:00,2026-09-25T03:00:00+00:00,LEDGER_ONLY,unified_ledger.event_start,2026-09-23T20:05:58.003468+00:00,1,0,EXCLUDED,EVENT_STARTED,est-1
2a72cc520e872b49,tennis|tennis_wta_singapore_open|019e16123376050b7a03b6e497b7bbcd,Mirra Andreeva v Leylah Fernandez,2026-09-25T03:00:00+00:00,2026-09-25T03:00:00+00:00,LEDGER_ONLY,unified_ledger.event_start,2026-09-23T20:05:58.003468+00:00,1,0,EXCLUDED,EVENT_STARTED,est-1
b3e2e99ebd422e2e,tennis|tennis_wta_singapore_open|4b9798f2942c776f60e433fb4b9cd90a,Xinyu Wang v Tatiana Prozorova,2026-09-25T06:30:00+00:00,2026-09-25T06:30:00+00:00,LEDGER_ONLY,unified_ledger.event_start,2026-09-24T15:55:14.493291+00:00,1,0,EXCLUDED,EVENT_STARTED,est-1
64b72857afccc33d,tennis|tennis_wta_singapore_open|f8fd133da68433a0a2f53b76b80e903d,Maria Sakkari v Talia Gibson,2026-09-25T12:00:00+00:00,2026-09-25T12:00:00+00:00,LEDGER_ONLY,unified_ledger.event_start,2026-09-24T19:28:06.025329+00:00,1,0,EXCLUDED,EVENT_STARTED,est-1
3d6ec003b8ef55e1,tennis|tennis_wta_singapore_open|fc6f0c9af77a5fa7e183f85d576cac79,Leylah Fernandez v Maja Chwalinska,2026-09-26T10:00:00+00:00,2026-09-26T10:00:00+00:00,LEDGER_ONLY,unified_ledger.event_start,2026-09-25T19:29:06.140163+00:00,1,0,EXCLUDED,EVENT_STARTED,est-1
f81233fab144841e,tennis|tennis_wta_singapore_open|4cf827b985faae04b7886aebea6cf96e,Leylah Fernandez v Talia Gibson,2026-09-27T09:00:00+00:00,2026-09-27T09:00:00+00:00,LEDGER_ONLY,unified_ledger.event_start,2026-09-26T18:42:05.297583+00:00,1,0,EXCLUDED,EVENT_STARTED,est-1
e88636b0c87f3133,tennis|tennis_atp_china_open|f3149a5c4e24243211d462d3becfe39d,Alex de Minaur v Mariano Navone,2026-09-30T02:00:00+00:00,2026-10-01T03:00:00+00:00,RESCHEDULED,tennis_predictions/exchange_probability_snapshots.csv|tennis_predictions/probability_snapshots.csv,2026-09-30T20:16:17.495727+00:00,7,0,EXCLUDED,EVENT_STARTED,est-1
f76245b6aa7205c0,tennis|tennis_atp_china_open|8e1b1ccdaf9bc406f149cfba186e0337,Alexander Bublik v Jakub Mensik,2026-09-30T02:00:00+00:00,2026-10-01T12:10:00+00:00,RESCHEDULED,tennis_predictions/exchange_probability_snapshots.csv|tennis_predictions/probability_snapshots.csv,2026-09-30T20:16:17.495727+00:00,7,0,EXCLUDED,EVENT_STARTED,est-1
990dd803693d7233,tennis|tennis_atp_china_open|baf8f73b47a664fcede53262ff09e26d,Alexander Zverev v Cameron Norrie,2026-09-30T02:00:00+00:00,2026-10-01T07:00:00+00:00,RESCHEDULED,tennis_predictions/exchange_probability_snapshots.csv|tennis_predictions/probability_snapshots.csv,2026-09-30T20:16:17.495727+00:00,7,0,EXCLUDED,EVENT_STARTED,est-1
10c8c71d4a2f1521,tennis|tennis_atp_china_open|ef3f453a337c9dae404be4cbf6772441,Tallon Griekspoor v Andrey Rublev,2026-09-30T02:00:00+00:00,2026-10-01T08:00:00+00:00,RESCHEDULED,tennis_predictions/exchange_probability_snapshots.csv|tennis_predictions/probability_snapshots.csv,2026-09-30T20:16:17.495727+00:00,7,0,EXCLUDED,EVENT_STARTED,est-1
94c234627eb38d36,tennis|tennis_atp_china_open|e16bcc00525542f000cc3fc617c7abc4,Juan Manuel Cerundolo v Bu Yunchaokete,2026-09-30T02:00:00+00:00,2026-09-30T06:15:00+00:00,RESCHEDULED,tennis_predictions/exchange_probability_snapshots.csv|tennis_predictions/probability_snapshots.csv,2026-09-29T20:11:50.324947+00:00,3,0,EXCLUDED,EVENT_STARTED,est-1
c6d6e023a3268598,tennis|tennis_atp_china_open|cd50cbdecb590b3b66ff69dac64b1c7d,Karen Khachanov v Felix Auger-Aliassime,2026-09-30T02:00:00+00:00,2026-09-30T03:00:00+00:00,RESCHEDULED,tennis_predictions/exchange_probability_snapshots.csv|tennis_predictions/probability_snapshots.csv,2026-09-29T20:11:50.324947+00:00,3,0,EXCLUDED,EVENT_STARTED,est-1
018c9d3a0228786a,tennis|tennis_atp_china_open|8385aac113ecfb54b50592228c73e06f,Roman Safiullin v Flavio Cobolli,2026-09-30T02:00:00+00:00,2026-10-01T04:10:00+00:00,RESCHEDULED,tennis_predictions/exchange_probability_snapshots.csv|tennis_predictions/probability_snapshots.csv,2026-09-30T20:16:17.495727+00:00,7,0,EXCLUDED,EVENT_STARTED,est-1
7202f2615dfea79c,tennis|tennis_atp_china_open|726e426c5068e86e57b7f81891e0136e,Learner Tien v Hubert Hurkacz,2026-09-30T02:00:00+00:00,2026-10-01T11:00:00+00:00,RESCHEDULED,tennis_predictions/exchange_probability_snapshots.csv|tennis_predictions/probability_snapshots.csv,2026-09-30T20:16:17.495727+00:00,7,0,EXCLUDED,EVENT_STARTED,est-1
302daebd1d5c53c1,tennis|tennis_atp_china_open|0c39522d563ce8eb6ce47ba0d07b50d8,Ignacio Buse v Quentin Halys,2026-09-30T02:00:00+00:00,2026-10-01T04:10:00+00:00,RESCHEDULED,tennis_predictions/exchange_probability_snapshots.csv|tennis_predictions/probability_snapshots.csv,2026-09-30T20:16:17.495727+00:00,7,0,EXCLUDED,EVENT_STARTED,est-1
248a03f45a0b0384,tennis|tennis_atp_china_open|35b54ab48cccdd5228a9cbb1b90e93f9,Jan-Lennard Struff v Thiago Agustin Tirante,2026-09-30T02:00:00+00:00,2026-09-30T05:00:00+00:00,RESCHEDULED,tennis_predictions/exchange_probability_snapshots.csv|tennis_predictions/probability_snapshots.csv,2026-09-29T20:11:50.324947+00:00,3,0,EXCLUDED,EVENT_STARTED,est-1
118df79f6804e299,tennis|tennis_atp_china_open|c1bae50988ffee351524f95dacfa76f7,Juncheng Shang v Sebastian Baez,2026-09-30T02:00:00+00:00,2026-10-01T05:40:00+00:00,RESCHEDULED,tennis_predictions/exchange_probability_snapshots.csv|tennis_predictions/probability_snapshots.csv,2026-09-30T20:16:17.495727+00:00,7,0,EXCLUDED,EVENT_STARTED,est-1
8e73e6f3a36ed0da,tennis|tennis_atp_china_open|1b9a358b39f42e7ac16354a717729f4f,Nuno Borges v Novak Djokovic,2026-09-30T02:00:00+00:00,2026-09-30T11:00:00+00:00,RESCHEDULED,tennis_predictions/exchange_probability_snapshots.csv|tennis_predictions/probability_snapshots.csv,2026-09-29T20:11:50.324947+00:00,3,0,EXCLUDED,EVENT_STARTED,est-1
570b11ecc46a15a5,tennis|tennis_wta_china_open|dd870a99aafe250eeb6eb9e769dccbea,Viktorija Golubic v Alina Korneeva,2026-09-30T02:00:00+00:00,2026-09-30T02:00:00+00:00,LEDGER_ONLY,unified_ledger.event_start,2026-09-28T21:21:52.936610+00:00,1,0,EXCLUDED,EVENT_STARTED,est-1
970873b36d358f2b,tennis|tennis_wta_china_open|7b7d3040c0a9c64be8117d3301393f49,Janice Tjen v Anhelina Kalinina,2026-09-30T02:00:00+00:00,2026-09-30T03:00:00+00:00,RESCHEDULED,tennis_predictions/exchange_probability_snapshots.csv|tennis_predictions/probability_snapshots.csv,2026-09-29T20:11:50.324947+00:00,3,0,EXCLUDED,EVENT_STARTED,est-1
39d82f8735af7f6b,tennis|tennis_wta_china_open|8a371753095dc91ecfc727a9bf51b90c,Anna Bondár v Renata Zarazua,2026-09-30T02:00:00+00:00,2026-09-30T13:00:00+00:00,RESCHEDULED,tennis_predictions/exchange_probability_snapshots.csv|tennis_predictions/probability_snapshots.csv,2026-09-30T12:54:22.695202+00:00,5,0,EXCLUDED,EVENT_STARTED,est-1
836f4c8bfb9203be,tennis|tennis_wta_china_open|f987a5ce8a5a3b88fa7c8a8804858cbe,Caty McNally v Dayana Yastremska,2026-09-30T02:00:00+00:00,2026-09-30T03:00:00+00:00,RESCHEDULED,tennis_predictions/exchange_probability_snapshots.csv|tennis_predictions/probability_snapshots.csv,2026-09-29T20:11:50.324947+00:00,3,0,EXCLUDED,EVENT_STARTED,est-1
47488b5b98a5ef91,tennis|tennis_wta_china_open|7dc77d55cdf748e75a18b1dbcd1aae68,Darja Vidmanova v Maria Timofeeva,2026-09-30T02:00:00+00:00,2026-09-30T03:00:00+00:00,RESCHEDULED,tennis_predictions/exchange_probability_snapshots.csv|tennis_predictions/probability_snapshots.csv,2026-09-29T20:11:50.324947+00:00,3,0,EXCLUDED,EVENT_STARTED,est-1
b72e1241b292c0dc,tennis|tennis_wta_china_open|32e7c1cc65b0c3a18b06e9e009cd3e35,Elena Gabriela Ruse v Lilli Tagger,2026-09-30T02:00:00+00:00,2026-09-30T03:00:00+00:00,RESCHEDULED,tennis_predictions/exchange_probability_snapshots.csv|tennis_predictions/probability_snapshots.csv,2026-09-29T20:11:50.324947+00:00,3,0,EXCLUDED,EVENT_STARTED,est-1
9fcbe7e8b00086bb,tennis|tennis_wta_china_open|025d305a5487d45a414b2e270fa4754b,Petra Marcinko v Magdalena Frech,2026-09-30T02:00:00+00:00,2026-09-30T02:00:00+00:00,LEDGER_ONLY,unified_ledger.event_start,2026-09-28T21:21:52.936610+00:00,1,0,EXCLUDED,EVENT_STARTED,est-1
3f19d75250cc58b7,tennis|tennis_wta_china_open|3d7ca27dc89b58d3883de95847cfc74e,Maya Joint v Sinja Kraus,2026-09-30T02:00:00+00:00,2026-09-30T03:00:00+00:00,RESCHEDULED,tennis_predictions/exchange_probability_snapshots.csv|tennis_predictions/probability_snapshots.csv,2026-09-29T20:11:50.324947+00:00,3,0,EXCLUDED,EVENT_STARTED,est-1
fc4fda3e9b6c59e1,tennis|tennis_wta_china_open|2ef1631ed3c54fa2c2d6903629201493,Mayar Sherif v Polina Kudermetova,2026-09-30T02:00:00+00:00,2026-09-30T04:15:00+00:00,RESCHEDULED,tennis_predictions/exchange_probability_snapshots.csv|tennis_predictions/probability_snapshots.csv,2026-09-29T20:11:50.324947+00:00,3,0,EXCLUDED,EVENT_STARTED,est-1
28488ff5abb7554e,tennis|tennis_wta_china_open|018b47464f16ca78f46bd6e72e2227a2,Oleksandra Oliynykova v Yue Yuan,2026-09-30T02:00:00+00:00,2026-09-30T05:25:00+00:00,RESCHEDULED,tennis_predictions/exchange_probability_snapshots.csv|tennis_predictions/probability_snapshots.csv,2026-09-29T20:11:50.324947+00:00,3,0,EXCLUDED,EVENT_STARTED,est-1
6d67bfc497b0d25c,tennis|tennis_wta_china_open|9d98e83d4b96d041dcae01896cf15d92,Xinyu Gao v Panna Udvardy,2026-09-30T02:00:00+00:00,2026-10-01T08:00:00+00:00,RESCHEDULED,tennis_predictions/exchange_probability_snapshots.csv|tennis_predictions/probability_snapshots.csv,2026-09-30T20:16:17.495727+00:00,7,0,EXCLUDED,EVENT_STARTED,est-1
9bd51c1d07e66c75,tennis|tennis_wta_china_open|0a5724597a812c45faf15e4bb13f4f0e,Taylah Preston v Tamara Korpatsch,2026-09-30T02:00:00+00:00,2026-09-30T08:30:00+00:00,RESCHEDULED,tennis_predictions/exchange_probability_snapshots.csv|tennis_predictions/probability_snapshots.csv,2026-09-29T20:11:50.324947+00:00,3,0,EXCLUDED,EVENT_STARTED,est-1
bc953242e8ebd575,tennis|tennis_wta_china_open|08940f5da7dc81ecbf2ab4828f6a4c0c,Yuliia Starodubtseva v Alina Charaeva,2026-10-01T04:00:00+00:00,2026-10-01T03:00:00+00:00,RESCHEDULED,tennis_predictions/exchange_probability_snapshots.csv|tennis_predictions/probability_snapshots.csv,2026-09-30T20:16:17.495727+00:00,7,0,EXCLUDED,EVENT_STARTED,est-1
4f203c8e6eaf4fdb,tennis|tennis_wta_china_open|cdd2c64d6e5bb4cbd7521e202aff68d7,Alycia Parks v Lin Zhu,2026-10-01T04:00:00+00:00,2026-10-01T09:00:00+00:00,RESCHEDULED,tennis_predictions/exchange_probability_snapshots.csv|tennis_predictions/probability_snapshots.csv,2026-09-30T20:16:17.495727+00:00,7,0,EXCLUDED,EVENT_STARTED,est-1
b0de82088c8ca6f1,tennis|tennis_wta_china_open|c61cca87a103a35f8e1889747b27f171,Aoi Ito v Kimberly Birrell,2026-10-01T04:00:00+00:00,2026-10-01T04:10:00+00:00,RESCHEDULED,tennis_predictions/exchange_probability_snapshots.csv|tennis_predictions/probability_snapshots.csv,2026-09-30T20:16:17.495727+00:00,7,0,EXCLUDED,EVENT_STARTED,est-1
a02deac1f4ebb391,tennis|tennis_wta_china_open|53f873d1a51975238b8a55de03609702,Sofia Kenin v Ashlyn Krueger,2026-10-01T04:00:00+00:00,2026-10-01T03:00:00+00:00,RESCHEDULED,tennis_predictions/exchange_probability_snapshots.csv|tennis_predictions/probability_snapshots.csv,2026-09-30T20:16:17.495727+00:00,7,0,EXCLUDED,EVENT_STARTED,est-1
6c01431d7e35a779,tennis|tennis_wta_china_open|a4aa67d29f120efed0e3f1eab2c7a88c,Paula Badosa v Daria Kasatkina,2026-10-01T04:00:00+00:00,2026-10-01T04:10:00+00:00,RESCHEDULED,tennis_predictions/exchange_probability_snapshots.csv|tennis_predictions/probability_snapshots.csv,2026-09-30T20:16:17.495727+00:00,7,0,EXCLUDED,EVENT_STARTED,est-1
3239736eda27b679,tennis|tennis_wta_china_open|8962aea3dd981eb3eb6cccc3b2fd3829,Magda Linette v Katerina Siniakova,2026-10-01T04:00:00+00:00,2026-10-01T05:20:00+00:00,RESCHEDULED,tennis_predictions/exchange_probability_snapshots.csv|tennis_predictions/probability_snapshots.csv,2026-09-30T20:16:17.495727+00:00,7,0,EXCLUDED,EVENT_STARTED,est-1
6d63d0e3d38c1e59,tennis|tennis_wta_china_open|15acf15b8d85ca13f4d7fc2da619fe2f,Lanlana Tararudee v Maria Camila Osorio Serrano,2026-10-01T04:00:00+00:00,2026-10-01T06:50:00+00:00,RESCHEDULED,tennis_predictions/exchange_probability_snapshots.csv|tennis_predictions/probability_snapshots.csv,2026-09-30T20:16:17.495727+00:00,7,0,EXCLUDED,EVENT_STARTED,est-1
23fc85e598be4e28,tennis|tennis_atp_japan_open|124680a13038b2d61621ea996617ac43,Alejandro Davidovich Fokina v Matteo Berrettini,2026-09-30T02:00:00+00:00,2026-10-01T06:50:00+00:00,RESCHEDULED,tennis_predictions/exchange_probability_snapshots.csv|tennis_predictions/probability_snapshots.csv,2026-09-30T20:16:17.495727+00:00,7,0,EXCLUDED,EVENT_STARTED,est-1
99c81ef1cc8db14b,tennis|tennis_atp_japan_open|65d2de2fdc31755b2b993f5176bbb836,Alejandro Tabilo v Tommy Paul,2026-09-30T02:00:00+00:00,2026-09-30T03:15:00+00:00,RESCHEDULED,tennis_predictions/exchange_probability_snapshots.csv|tennis_predictions/probability_snapshots.csv,2026-09-29T20:11:50.324947+00:00,3,0,EXCLUDED,EVENT_STARTED,est-1
f8a49590b3961582,tennis|tennis_atp_japan_open|d700980c8b97f7b97b85b0698f5b3824,Carlos Alcaraz v Alex Michelsen,2026-09-30T02:00:00+00:00,2026-10-01T07:00:00+00:00,RESCHEDULED,tennis_predictions/exchange_probability_snapshots.csv|tennis_predictions/probability_snapshots.csv,2026-09-30T20:16:17.495727+00:00,7,0,EXCLUDED,EVENT_STARTED,est-1
f310a5f6bc84e309,tennis|tennis_atp_japan_open|8b509584519687ab6a46dc6b1f989a58,Valentin Vacherot v Alexander Blockx,2026-09-30T02:00:00+00:00,2026-09-30T02:00:00+00:00,UNCHANGED,tennis_predictions/exchange_probability_snapshots.csv|tennis_predictions/probability_snapshots.csv,2026-09-29T20:11:50.324947+00:00,3,0,EXCLUDED,EVENT_STARTED,est-1
35e1e89f42ef6234,tennis|tennis_atp_japan_open|94cdbcf900c531f58cb48d03b93e7b26,Lorenzo Musetti v Arthur Fery,2026-09-30T02:00:00+00:00,2026-10-01T02:00:00+00:00,RESCHEDULED,tennis_predictions/exchange_probability_snapshots.csv|tennis_predictions/probability_snapshots.csv,2026-09-29T20:11:50.324947+00:00,3,0,EXCLUDED,EVENT_STARTED,est-1
6c2f86d7e16c1125,tennis|tennis_atp_japan_open|bd73b6ff3eb4b9510110ca40bfc63f72,Brandon Nakashima v Ugo Humbert,2026-09-30T02:00:00+00:00,2026-10-01T02:00:00+00:00,RESCHEDULED,tennis_predictions/exchange_probability_snapshots.csv|tennis_predictions/probability_snapshots.csv,2026-09-30T20:16:17.495727+00:00,7,0,EXCLUDED,EVENT_STARTED,est-1
717a216c0bf9dd42,tennis|tennis_atp_japan_open|6b7d41a4a1150f4e15713dc6958fda96,Luciano Darderi v Casper Ruud,2026-09-30T02:00:00+00:00,2026-10-01T02:00:00+00:00,RESCHEDULED,tennis_predictions/exchange_probability_snapshots.csv|tennis_predictions/probability_snapshots.csv,2026-09-30T20:16:17.495727+00:00,7,0,EXCLUDED,EVENT_STARTED,est-1
63a854763b339d8e,tennis|tennis_atp_japan_open|f4c24c41c66d5ecb136d40ee73c7d089,Denis Shapovalov v Sho Shimabukuro,2026-09-30T02:00:00+00:00,2026-10-01T05:40:00+00:00,RESCHEDULED,tennis_predictions/exchange_probability_snapshots.csv|tennis_predictions/probability_snapshots.csv,2026-09-30T20:16:17.495727+00:00,7,0,EXCLUDED,EVENT_STARTED,est-1
151b441460d9820a,tennis|tennis_atp_japan_open|150be9ac3e148ecdc824890bed898996,Kei Nishikori v Frances Tiafoe,2026-09-30T02:00:00+00:00,2026-10-01T03:10:00+00:00,RESCHEDULED,tennis_predictions/exchange_probability_snapshots.csv|tennis_predictions/probability_snapshots.csv,2026-09-30T20:16:17.495727+00:00,7,0,EXCLUDED,EVENT_STARTED,est-1
1e9ff1efb29e5b24,tennis|tennis_atp_japan_open|38ffa72914becb0a7541e73396596e3d,Holger Rune v Kyrian Jacquet,2026-09-30T02:00:00+00:00,2026-10-01T03:10:00+00:00,RESCHEDULED,tennis_predictions/exchange_probability_snapshots.csv|tennis_predictions/probability_snapshots.csv,2026-09-30T20:16:17.495727+00:00,7,0,EXCLUDED,EVENT_STARTED,est-1
f8bf45d0820d1816,tennis|tennis_atp_japan_open|0bff2782ee07c23760cbe4d2877ea6b4,Jiri Lehecka v Zizou Bergs,2026-09-30T02:00:00+00:00,2026-09-30T02:00:00+00:00,UNCHANGED,tennis_predictions/exchange_probability_snapshots.csv|tennis_predictions/probability_snapshots.csv,2026-09-29T20:11:50.324947+00:00,3,0,EXCLUDED,EVENT_STARTED,est-1
da4f059a3138fb08,tennis|tennis_atp_japan_open|7e213fd4c70141d87eab30382aa14fdc,Matteo Arnaldi v Rei Sakamoto,2026-09-30T02:00:00+00:00,2026-09-30T08:15:00+00:00,RESCHEDULED,tennis_predictions/exchange_probability_snapshots.csv|tennis_predictions/probability_snapshots.csv,2026-09-29T20:11:50.324947+00:00,3,0,EXCLUDED,EVENT_STARTED,est-1
141191390bddd2f8,tennis|tennis_wta_china_open|08940f5da7dc81ecbf2ab4828f6a4c0c,Yuliia Starodubtseva v Alina Charaeva,2026-09-30T02:00:00+00:00,2026-10-01T03:00:00+00:00,RESCHEDULED,tennis_predictions/exchange_probability_snapshots.csv|tennis_predictions/probability_snapshots.csv,2026-09-30T20:16:17.495727+00:00,7,0,EXCLUDED,EVENT_STARTED,est-1
100e9bc4f4a73a0c,tennis|tennis_wta_china_open|dd870a99aafe250eeb6eb9e769dccbea,Viktorija Golubic v Alina Korneeva,2026-09-30T02:00:00+00:00,2026-09-30T02:00:00+00:00,LEDGER_ONLY,unified_ledger.event_start,2026-09-29T08:31:15.574336+00:00,1,0,EXCLUDED,EVENT_STARTED,est-1
403e54da6a9cb960,tennis|tennis_wta_china_open|7b7d3040c0a9c64be8117d3301393f49,Janice Tjen v Anhelina Kalinina,2026-09-30T02:00:00+00:00,2026-09-30T03:00:00+00:00,RESCHEDULED,tennis_predictions/exchange_probability_snapshots.csv|tennis_predictions/probability_snapshots.csv,2026-09-29T20:11:50.324947+00:00,3,0,EXCLUDED,EVENT_STARTED,est-1
10aed912d24ec9c6,tennis|tennis_wta_china_open|8a371753095dc91ecfc727a9bf51b90c,Anna Bondár v Renata Zarazua,2026-09-30T02:00:00+00:00,2026-09-30T13:00:00+00:00,RESCHEDULED,tennis_predictions/exchange_probability_snapshots.csv|tennis_predictions/probability_snapshots.csv,2026-09-30T12:54:22.695202+00:00,5,0,EXCLUDED,EVENT_STARTED,est-1
71b5ed80c465bb83,tennis|tennis_wta_china_open|c61cca87a103a35f8e1889747b27f171,Aoi Ito v Kimberly Birrell,2026-09-30T02:00:00+00:00,2026-10-01T04:10:00+00:00,RESCHEDULED,tennis_predictions/exchange_probability_snapshots.csv|tennis_predictions/probability_snapshots.csv,2026-09-30T20:16:17.495727+00:00,7,0,EXCLUDED,EVENT_STARTED,est-1
d4a3ef8d546b9b7f,tennis|tennis_wta_china_open|53f873d1a51975238b8a55de03609702,Sofia Kenin v Ashlyn Krueger,2026-09-30T02:00:00+00:00,2026-10-01T03:00:00+00:00,RESCHEDULED,tennis_predictions/exchange_probability_snapshots.csv|tennis_predictions/probability_snapshots.csv,2026-09-30T20:16:17.495727+00:00,7,0,EXCLUDED,EVENT_STARTED,est-1
eb801319641b91ab,tennis|tennis_wta_china_open|f987a5ce8a5a3b88fa7c8a8804858cbe,Caty McNally v Dayana Yastremska,2026-09-30T02:00:00+00:00,2026-09-30T03:00:00+00:00,RESCHEDULED,tennis_predictions/exchange_probability_snapshots.csv|tennis_predictions/probability_snapshots.csv,2026-09-29T20:11:50.324947+00:00,3,0,EXCLUDED,EVENT_STARTED,est-1
6a7cca8e712a9d05,tennis|tennis_wta_china_open|a4aa67d29f120efed0e3f1eab2c7a88c,Paula Badosa v Daria Kasatkina,2026-09-30T02:00:00+00:00,2026-10-01T04:10:00+00:00,RESCHEDULED,tennis_predictions/exchange_probability_snapshots.csv|tennis_predictions/probability_snapshots.csv,2026-09-30T20:16:17.495727+00:00,7,0,EXCLUDED,EVENT_STARTED,est-1
5f3545a03c4597b7,tennis|tennis_wta_china_open|7dc77d55cdf748e75a18b1dbcd1aae68,Darja Vidmanova v Maria Timofeeva,2026-09-30T02:00:00+00:00,2026-09-30T03:00:00+00:00,RESCHEDULED,tennis_predictions/exchange_probability_snapshots.csv|tennis_predictions/probability_snapshots.csv,2026-09-29T20:11:50.324947+00:00,3,0,EXCLUDED,EVENT_STARTED,est-1
574c53fed42c36b0,tennis|tennis_wta_china_open|32e7c1cc65b0c3a18b06e9e009cd3e35,Elena Gabriela Ruse v Lilli Tagger,2026-09-30T02:00:00+00:00,2026-09-30T03:00:00+00:00,RESCHEDULED,tennis_predictions/exchange_probability_snapshots.csv|tennis_predictions/probability_snapshots.csv,2026-09-29T20:11:50.324947+00:00,3,0,EXCLUDED,EVENT_STARTED,est-1
a8c287d7938cdb90,tennis|tennis_wta_china_open|025d305a5487d45a414b2e270fa4754b,Petra Marcinko v Magdalena Frech,2026-09-30T02:00:00+00:00,2026-09-30T02:00:00+00:00,LEDGER_ONLY,unified_ledger.event_start,2026-09-29T08:31:15.574336+00:00,1,0,EXCLUDED,EVENT_STARTED,est-1
41f91817ef5278e2,tennis|tennis_wta_china_open|3d7ca27dc89b58d3883de95847cfc74e,Maya Joint v Sinja Kraus,2026-09-30T02:00:00+00:00,2026-09-30T03:00:00+00:00,RESCHEDULED,tennis_predictions/exchange_probability_snapshots.csv|tennis_predictions/probability_snapshots.csv,2026-09-29T20:11:50.324947+00:00,3,0,EXCLUDED,EVENT_STARTED,est-1
902a973a82c9a0ff,tennis|tennis_wta_china_open|2ef1631ed3c54fa2c2d6903629201493,Mayar Sherif v Polina Kudermetova,2026-09-30T02:00:00+00:00,2026-09-30T04:15:00+00:00,RESCHEDULED,tennis_predictions/exchange_probability_snapshots.csv|tennis_predictions/probability_snapshots.csv,2026-09-29T20:11:50.324947+00:00,3,0,EXCLUDED,EVENT_STARTED,est-1
07a83cb460621eb6,tennis|tennis_wta_china_open|018b47464f16ca78f46bd6e72e2227a2,Oleksandra Oliynykova v Yue Yuan,2026-09-30T02:00:00+00:00,2026-09-30T05:25:00+00:00,RESCHEDULED,tennis_predictions/exchange_probability_snapshots.csv|tennis_predictions/probability_snapshots.csv,2026-09-29T20:11:50.324947+00:00,3,0,EXCLUDED,EVENT_STARTED,est-1
796da617a7e68e25,tennis|tennis_wta_china_open|9d98e83d4b96d041dcae01896cf15d92,Xinyu Gao v Panna Udvardy,2026-09-30T02:00:00+00:00,2026-10-01T08:00:00+00:00,RESCHEDULED,tennis_predictions/exchange_probability_snapshots.csv|tennis_predictions/probability_snapshots.csv,2026-09-30T20:16:17.495727+00:00,7,0,EXCLUDED,EVENT_STARTED,est-1
f001ef9dc2132e2a,tennis|tennis_wta_china_open|0a5724597a812c45faf15e4bb13f4f0e,Taylah Preston v Tamara Korpatsch,2026-09-30T02:00:00+00:00,2026-09-30T08:30:00+00:00,RESCHEDULED,tennis_predictions/exchange_probability_snapshots.csv|tennis_predictions/probability_snapshots.csv,2026-09-29T20:11:50.324947+00:00,3,0,EXCLUDED,EVENT_STARTED,est-1
1b788f3a97da541a,tennis|tennis_wta_china_open|cdd2c64d6e5bb4cbd7521e202aff68d7,Alycia Parks v Lin Zhu,2026-10-01T04:00:00+00:00,2026-10-01T09:00:00+00:00,RESCHEDULED,tennis_predictions/exchange_probability_snapshots.csv|tennis_predictions/probability_snapshots.csv,2026-09-30T20:16:17.495727+00:00,7,0,EXCLUDED,EVENT_STARTED,est-1
8dcbe1695c1952d0,tennis|tennis_wta_china_open|8962aea3dd981eb3eb6cccc3b2fd3829,Magda Linette v Katerina Siniakova,2026-10-01T04:00:00+00:00,2026-10-01T05:20:00+00:00,RESCHEDULED,tennis_predictions/exchange_probability_snapshots.csv|tennis_predictions/probability_snapshots.csv,2026-09-30T20:16:17.495727+00:00,7,0,EXCLUDED,EVENT_STARTED,est-1
35f57a164e2e854b,tennis|tennis_wta_china_open|15acf15b8d85ca13f4d7fc2da619fe2f,Lanlana Tararudee v Maria Camila Osorio Serrano,2026-10-01T04:00:00+00:00,2026-10-01T06:50:00+00:00,RESCHEDULED,tennis_predictions/exchange_probability_snapshots.csv|tennis_predictions/probability_snapshots.csv,2026-09-30T20:16:17.495727+00:00,7,0,EXCLUDED,EVENT_STARTED,est-1
f3e73900ce20f080,tennis|tennis_atp_china_open|cd50cbdecb590b3b66ff69dac64b1c7d,Karen Khachanov v Felix Auger-Aliassime,2026-09-30T03:00:00+00:00,2026-09-30T03:00:00+00:00,UNCHANGED,tennis_predictions/exchange_probability_snapshots.csv|tennis_predictions/probability_snapshots.csv,2026-09-29T20:11:50.324947+00:00,3,0,EXCLUDED,EVENT_STARTED,est-1
00ba087d487968bb,tennis|tennis_atp_china_open|35b54ab48cccdd5228a9cbb1b90e93f9,Jan-Lennard Struff v Thiago Agustin Tirante,2026-09-30T05:00:00+00:00,2026-09-30T05:00:00+00:00,UNCHANGED,tennis_predictions/exchange_probability_snapshots.csv|tennis_predictions/probability_snapshots.csv,2026-09-29T20:11:50.324947+00:00,3,0,EXCLUDED,EVENT_STARTED,est-1
9f6473ee946f85a9,tennis|tennis_atp_china_open|e16bcc00525542f000cc3fc617c7abc4,Juan Manuel Cerundolo v Bu Yunchaokete,2026-09-30T06:15:00+00:00,2026-09-30T06:15:00+00:00,UNCHANGED,tennis_predictions/exchange_probability_snapshots.csv|tennis_predictions/probability_snapshots.csv,2026-09-29T20:11:50.324947+00:00,3,0,EXCLUDED,EVENT_STARTED,est-1
eb71b99b08b99028,tennis|tennis_atp_china_open|cc2d916c71c7c424e48b2025e02ead52,Zhizhen Zhang v Arthur Gea,2026-09-30T09:00:00+00:00,2026-09-30T09:00:00+00:00,UNCHANGED,tennis_predictions/exchange_probability_snapshots.csv|tennis_predictions/probability_snapshots.csv,2026-09-29T20:11:50.324947+00:00,3,0,EXCLUDED,EVENT_STARTED,est-1
7621bbe383afe3e5,tennis|tennis_atp_china_open|1b9a358b39f42e7ac16354a717729f4f,Nuno Borges v Novak Djokovic,2026-09-30T11:00:00+00:00,2026-09-30T11:00:00+00:00,UNCHANGED,tennis_predictions/exchange_probability_snapshots.csv|tennis_predictions/probability_snapshots.csv,2026-09-29T20:11:50.324947+00:00,3,0,EXCLUDED,EVENT_STARTED,est-1
33f43c3f2ca059e8,tennis|tennis_atp_china_open|c83a68420401e6b8f8010e3050bed2ea,Alex Molcan v Arthur Rinderknech,2026-10-01T02:00:00+00:00,2026-10-01T03:00:00+00:00,RESCHEDULED,tennis_predictions/exchange_probability_snapshots.csv|tennis_predictions/probability_snapshots.csv,2026-09-30T20:16:17.495727+00:00,7,0,EXCLUDED,EVENT_STARTED,est-1
856e0cced52d1d67,tennis|tennis_atp_china_open|f3149a5c4e24243211d462d3becfe39d,Alex de Minaur v Mariano Navone,2026-10-01T02:00:00+00:00,2026-10-01T03:00:00+00:00,RESCHEDULED,tennis_predictions/exchange_probability_snapshots.csv|tennis_predictions/probability_snapshots.csv,2026-09-30T20:16:17.495727+00:00,7,0,EXCLUDED,EVENT_STARTED,est-1
b8d39fc2b30b412e,tennis|tennis_atp_china_open|8e1b1ccdaf9bc406f149cfba186e0337,Alexander Bublik v Jakub Mensik,2026-10-01T02:00:00+00:00,2026-10-01T12:10:00+00:00,RESCHEDULED,tennis_predictions/exchange_probability_snapshots.csv|tennis_predictions/probability_snapshots.csv,2026-09-30T20:16:17.495727+00:00,7,0,EXCLUDED,EVENT_STARTED,est-1
d8a56c0c6f39868e,tennis|tennis_atp_china_open|baf8f73b47a664fcede53262ff09e26d,Alexander Zverev v Cameron Norrie,2026-10-01T02:00:00+00:00,2026-10-01T07:00:00+00:00,RESCHEDULED,tennis_predictions/exchange_probability_snapshots.csv|tennis_predictions/probability_snapshots.csv,2026-09-30T20:16:17.495727+00:00,7,0,EXCLUDED,EVENT_STARTED,est-1
28f679098416c079,tennis|tennis_atp_china_open|ef3f453a337c9dae404be4cbf6772441,Tallon Griekspoor v Andrey Rublev,2026-10-01T02:00:00+00:00,2026-10-01T08:00:00+00:00,RESCHEDULED,tennis_predictions/exchange_probability_snapshots.csv|tennis_predictions/probability_snapshots.csv,2026-09-30T20:16:17.495727+00:00,7,0,EXCLUDED,EVENT_STARTED,est-1
80698cbad2885edd,tennis|tennis_atp_china_open|0538a6a69f027f97e7fc87dac711046e,Botic van de Zandschulp v Francisco Cerundolo,2026-10-01T02:00:00+00:00,2026-10-01T04:30:00+00:00,RESCHEDULED,tennis_predictions/exchange_probability_snapshots.csv|tennis_predictions/probability_snapshots.csv,2026-09-30T20:16:17.495727+00:00,7,0,EXCLUDED,EVENT_STARTED,est-1
8a189816861d6bc0,tennis|tennis_atp_china_open|d66f1937da5272c6644a583eaa98d7ce,Daniil Medvedev v Pablo Carreno Busta,2026-10-01T02:00:00+00:00,2026-10-02T07:00:00+00:00,RESCHEDULED,tennis_predictions/exchange_probability_snapshots.csv|tennis_predictions/probability_snapshots.csv,2026-10-01T20:28:17.957003+00:00,11,0,EXCLUDED,EVENT_STARTED,est-1
80663958a1927e96,tennis|tennis_atp_china_open|8385aac113ecfb54b50592228c73e06f,Roman Safiullin v Flavio Cobolli,2026-10-01T02:00:00+00:00,2026-10-01T04:10:00+00:00,RESCHEDULED,tennis_predictions/exchange_probability_snapshots.csv|tennis_predictions/probability_snapshots.csv,2026-09-30T20:16:17.495727+00:00,7,0,EXCLUDED,EVENT_STARTED,est-1
37b84c5fa9c33cd0,tennis|tennis_atp_china_open|726e426c5068e86e57b7f81891e0136e,Learner Tien v Hubert Hurkacz,2026-10-01T02:00:00+00:00,2026-10-01T11:00:00+00:00,RESCHEDULED,tennis_predictions/exchange_probability_snapshots.csv|tennis_predictions/probability_snapshots.csv,2026-09-30T20:16:17.495727+00:00,7,0,EXCLUDED,EVENT_STARTED,est-1
e2090217da4cba41,tennis|tennis_atp_china_open|0c39522d563ce8eb6ce47ba0d07b50d8,Ignacio Buse v Quentin Halys,2026-10-01T02:00:00+00:00,2026-10-01T04:10:00+00:00,RESCHEDULED,tennis_predictions/exchange_probability_snapshots.csv|tennis_predictions/probability_snapshots.csv,2026-09-30T20:16:17.495727+00:00,7,0,EXCLUDED,EVENT_STARTED,est-1
06acc45663befb45,tennis|tennis_atp_china_open|c1bae50988ffee351524f95dacfa76f7,Juncheng Shang v Sebastian Baez,2026-10-01T02:00:00+00:00,2026-10-01T05:40:00+00:00,RESCHEDULED,tennis_predictions/exchange_probability_snapshots.csv|tennis_predictions/probability_snapshots.csv,2026-09-30T20:16:17.495727+00:00,7,0,EXCLUDED,EVENT_STARTED,est-1
48c1b236b8e26dc0,tennis|tennis_atp_japan_open|de4c813cd2aaa6863d98ebc68a30defc,Tomas Martin Etcheverry v Stefanos Tsitsipas,2026-09-30T03:15:00+00:00,2026-10-01T03:10:00+00:00,RESCHEDULED,tennis_predictions/exchange_probability_snapshots.csv|tennis_predictions/probability_snapshots.csv,2026-09-30T20:16:17.495727+00:00,7,0,EXCLUDED,EVENT_STARTED,est-1
3bcb1cf1488d50fe,tennis|tennis_atp_japan_open|a85db81434b7d74d5946fa1c53960914,Arthur Fils v Luca Van Assche,2026-09-30T07:00:00+00:00,2026-09-30T07:00:00+00:00,UNCHANGED,tennis_predictions/exchange_probability_snapshots.csv|tennis_predictions/probability_snapshots.csv,2026-09-29T20:11:50.324947+00:00,3,0,EXCLUDED,EVENT_STARTED,est-1
fd60922ea91cacde,tennis|tennis_atp_japan_open|07374dce8b25328307e583cea38d3b07,Adolfo Daniel Vallejo v Rafael Jodar,2026-10-01T02:00:00+00:00,2026-10-01T08:10:00+00:00,RESCHEDULED,tennis_predictions/exchange_probability_snapshots.csv|tennis_predictions/probability_snapshots.csv,2026-09-30T20:16:17.495727+00:00,7,0,EXCLUDED,EVENT_STARTED,est-1
94f539619ad59e51,tennis|tennis_atp_japan_open|bd913db5c5606c52b283feaa80665f42,Taylor Fritz v Jaume Munar,2026-10-01T02:00:00+00:00,2026-10-01T02:00:00+00:00,UNCHANGED,tennis_predictions/exchange_probability_snapshots.csv|tennis_predictions/probability_snapshots.csv,2026-09-30T20:16:17.495727+00:00,7,0,EXCLUDED,EVENT_STARTED,est-1
68eb90f1c93d9100,tennis|tennis_wta_china_open|dc54c4deb3249abab085252c654c1754,Aliaksandra Sasnovich v Talia Gibson,2026-09-30T04:30:00+00:00,2026-09-30T04:30:00+00:00,UNCHANGED,tennis_predictions/exchange_probability_snapshots.csv|tennis_predictions/probability_snapshots.csv,2026-09-29T20:11:50.324947+00:00,3,0,EXCLUDED,EVENT_STARTED,est-1
457f772c5b646ff7,tennis|tennis_wta_china_open|c91ca7289161efc89f8baceaaef3511a,Daria Snigur v Katarzyna Kawa,2026-09-30T04:30:00+00:00,2026-09-30T04:30:00+00:00,UNCHANGED,tennis_predictions/exchange_probability_snapshots.csv|tennis_predictions/probability_snapshots.csv,2026-09-29T20:11:50.324947+00:00,3,0,EXCLUDED,EVENT_STARTED,est-1
9fd7c8b5045b59e7,tennis|tennis_wta_china_open|6917febba0fb68f0dd74b8d0314ce397,Viktorija Golubic v Elvina Kalieva,2026-09-30T04:30:00+00:00,2026-09-30T04:30:00+00:00,UNCHANGED,tennis_predictions/exchange_probability_snapshots.csv|tennis_predictions/probability_snapshots.csv,2026-09-29T20:11:50.324947+00:00,3,0,EXCLUDED,EVENT_STARTED,est-1
cb04639bd402e869,tennis|tennis_wta_china_open|083228b0301672d5d40b1ae787e6ad55,Zhuoxuan Bai v Linda Fruhvirtova,2026-09-30T06:00:00+00:00,2026-09-30T06:00:00+00:00,UNCHANGED,tennis_predictions/exchange_probability_snapshots.csv|tennis_predictions/probability_snapshots.csv,2026-09-29T20:11:50.324947+00:00,3,0,EXCLUDED,EVENT_STARTED,est-1
a2d67f6fd7b93a33,tennis|tennis_wta_china_open|167387816ebcf2e890f7e946c8136043,Maddison Inglis v Zeynep Sonmez,2026-09-30T06:00:00+00:00,2026-09-30T06:00:00+00:00,UNCHANGED,tennis_predictions/exchange_probability_snapshots.csv|tennis_predictions/probability_snapshots.csv,2026-09-29T20:11:50.324947+00:00,3,0,EXCLUDED,EVENT_STARTED,est-1
80bd507dd6f7b1bb,tennis|tennis_wta_china_open|34351b07c4a28db399a1fe7fc17686d8,Mai Hontama v Katie Boulter,2026-09-30T07:00:00+00:00,2026-09-30T07:00:00+00:00,UNCHANGED,tennis_predictions/exchange_probability_snapshots.csv|tennis_predictions/probability_snapshots.csv,2026-09-29T20:11:50.324947+00:00,3,0,EXCLUDED,EVENT_STARTED,est-1
b6bc3f9f403cdc79,tennis|tennis_wta_china_open|bbf4905139196211ba48e7371d25ae32,Elsa Jacquemot v Magdalena Frech,2026-09-30T11:00:00+00:00,2026-09-30T11:00:00+00:00,UNCHANGED,tennis_predictions/exchange_probability_snapshots.csv|tennis_predictions/probability_snapshots.csv,2026-09-29T20:11:50.324947+00:00,3,0,EXCLUDED,EVENT_STARTED,est-1
66100799f85347c3,tennis|tennis_wta_china_open|1b26a19876c9aaf7be957f87c1e4e7a2,Yushan Shao v Anastasia Zakharova,2026-10-01T04:00:00+00:00,2026-10-01T06:00:00+00:00,RESCHEDULED,tennis_predictions/exchange_probability_snapshots.csv|tennis_predictions/probability_snapshots.csv,2026-09-30T20:16:17.495727+00:00,7,0,EXCLUDED,EVENT_STARTED,est-1
761f82d05ef5c802,tennis|tennis_wta_china_open|fb9eebaf5bf935bd7f96b48cea43933d,Sonay Kartal v Andrea Lazaro Garcia,2026-10-01T04:00:00+00:00,2026-10-01T04:30:00+00:00,RESCHEDULED,tennis_predictions/exchange_probability_snapshots.csv|tennis_predictions/probability_snapshots.csv,2026-09-30T20:16:17.495727+00:00,7,0,EXCLUDED,EVENT_STARTED,est-1
2447a0ef0a99ab69,tennis|tennis_wta_china_open|8e6bcabf08e118f69eedc8e1f8690acb,Eva Lys v Sun Xinran,2026-10-01T04:00:00+00:00,2026-10-01T11:00:00+00:00,RESCHEDULED,tennis_predictions/exchange_probability_snapshots.csv|tennis_predictions/probability_snapshots.csv,2026-09-30T20:16:17.495727+00:00,7,0,EXCLUDED,EVENT_STARTED,est-1
e7d7d4e47432b0ec,tennis|tennis_wta_china_open|742769b918276508629b9c2a4283d38b,Marina Bassols Ribera v Kamilla Rakhimova,2026-10-01T04:00:00+00:00,2026-10-01T07:30:00+00:00,RESCHEDULED,tennis_predictions/exchange_probability_snapshots.csv|tennis_predictions/probability_snapshots.csv,2026-09-30T20:16:17.495727+00:00,7,0,EXCLUDED,EVENT_STARTED,est-1
b47b3bbfa4cd2c00,tennis|tennis_wta_china_open|3d3077abdfe48b002d129ce81ad27117,Katie Volynets v Robin Montgomery,2026-10-01T04:00:00+00:00,2026-10-01T03:00:00+00:00,RESCHEDULED,tennis_predictions/exchange_probability_snapshots.csv|tennis_predictions/probability_snapshots.csv,2026-09-30T20:16:17.495727+00:00,7,0,EXCLUDED,EVENT_STARTED,est-1
f3d8bd9c8bb01803,tennis|tennis_wta_china_open|abf71bada16395da8f34ce3e4ea92668,Qinwen Zheng v Shi Han,2026-10-01T04:00:00+00:00,2026-10-01T03:00:00+00:00,RESCHEDULED,tennis_predictions/exchange_probability_snapshots.csv|tennis_predictions/probability_snapshots.csv,2026-09-30T20:16:17.495727+00:00,7,0,EXCLUDED,EVENT_STARTED,est-1
c2b11109982ea171,tennis|tennis_wta_china_open|d335a62e23f27b87cc79d2e6c6589617,Harriet Dart v Yihan Qu,2026-10-01T04:00:00+00:00,2026-10-01T07:30:00+00:00,RESCHEDULED,tennis_predictions/exchange_probability_snapshots.csv|tennis_predictions/probability_snapshots.csv,2026-09-30T20:16:17.495727+00:00,7,0,EXCLUDED,EVENT_STARTED,est-1
21bcb59acd9670f6,tennis|tennis_wta_china_open|982ff3992a464e7e52910a12f402a08b,Yu Jun Lin v Storm Hunter,2026-10-01T04:00:00+00:00,2026-10-01T06:00:00+00:00,RESCHEDULED,tennis_predictions/exchange_probability_snapshots.csv|tennis_predictions/probability_snapshots.csv,2026-09-30T20:16:17.495727+00:00,7,0,EXCLUDED,EVENT_STARTED,est-1
c514288e9038e2e9,tennis|tennis_atp_japan_open|876850ae0404e0d4705053ed074268f6,Jaime Faria v Arthur Fery,2026-10-01T02:00:00+00:00,2026-10-01T02:00:00+00:00,UNCHANGED,tennis_predictions/exchange_probability_snapshots.csv|tennis_predictions/probability_snapshots.csv,2026-09-30T20:16:17.495727+00:00,5,0,EXCLUDED,EVENT_STARTED,est-1
cff7f27954a10c97,tennis|tennis_wta_china_open|1dbc787f80eec3ade10434e51f7e8ff5,Ekaterina Alexandrova v Aliaksandra Sasnovich,2026-10-02T04:00:00+00:00,2026-10-02T04:30:00+00:00,RESCHEDULED,tennis_predictions/exchange_probability_snapshots.csv|tennis_predictions/probability_snapshots.csv,2026-10-01T20:28:17.957003+00:00,9,0,EXCLUDED,EVENT_STARTED,est-1
cef4e891f700c242,tennis|tennis_wta_china_open|2380d192906d145f72f594e7106b0471,Anastasia Potapova v Sinja Kraus,2026-10-02T04:00:00+00:00,2026-10-02T03:00:00+00:00,RESCHEDULED,tennis_predictions/exchange_probability_snapshots.csv|tennis_predictions/probability_snapshots.csv,2026-10-01T20:28:17.957003+00:00,9,0,EXCLUDED,EVENT_STARTED,est-1
f45942b601601aa2,tennis|tennis_wta_china_open|c7bfd02f55913334369753aa2e15ffd0,Clara Tauson v Polina Kudermetova,2026-10-02T04:00:00+00:00,2026-10-02T06:00:00+00:00,RESCHEDULED,tennis_predictions/exchange_probability_snapshots.csv|tennis_predictions/probability_snapshots.csv,2026-10-01T20:28:17.957003+00:00,9,0,EXCLUDED,EVENT_STARTED,est-1
bc6f7f03d40fc036,tennis|tennis_wta_china_open|06d011dc5546735580a1b8dc0a943f3f,Jasmine Paolini v Daria Snigur,2026-10-02T04:00:00+00:00,2026-10-02T06:00:00+00:00,RESCHEDULED,tennis_predictions/exchange_probability_snapshots.csv|tennis_predictions/probability_snapshots.csv,2026-10-01T20:28:17.957003+00:00,9,0,EXCLUDED,EVENT_STARTED,est-1
45e525ab9491f277,tennis|tennis_wta_china_open|0bc9f29150b8a51f3142b18376c56028,Dayana Yastremska v Maja Chwalinska,2026-10-02T04:00:00+00:00,2026-10-02T04:30:00+00:00,RESCHEDULED,tennis_predictions/exchange_probability_snapshots.csv|tennis_predictions/probability_snapshots.csv,2026-10-01T20:28:17.957003+00:00,9,0,EXCLUDED,EVENT_STARTED,est-1
aae644f00e4a6ab7,tennis|tennis_wta_china_open|a761717bbb7fdd5111fab1c9044a8360,Janice Tjen v Diana Shnaider,2026-10-02T04:00:00+00:00,2026-10-02T03:00:00+00:00,RESCHEDULED,tennis_predictions/exchange_probability_snapshots.csv|tennis_predictions/probability_snapshots.csv,2026-10-01T20:28:17.957003+00:00,9,0,EXCLUDED,EVENT_STARTED,est-1
9ada3b0076db3553,tennis|tennis_wta_china_open|177a8fed2e48f09f37d171f340187e81,Taylah Preston v Diane Parry,2026-10-02T04:00:00+00:00,2026-10-02T04:30:00+00:00,RESCHEDULED,tennis_predictions/exchange_probability_snapshots.csv|tennis_predictions/probability_snapshots.csv,2026-10-01T20:28:17.957003+00:00,9,0,EXCLUDED,EVENT_STARTED,est-1
66b8d6ecab7cde25,tennis|tennis_wta_china_open|c28011197ff658cb74359f160ce3a8c0,Linda Noskova v Elena Gabriela Ruse,2026-10-02T04:00:00+00:00,2026-10-02T04:30:00+00:00,RESCHEDULED,tennis_predictions/exchange_probability_snapshots.csv|tennis_predictions/probability_snapshots.csv,2026-10-01T20:28:17.957003+00:00,9,0,EXCLUDED,EVENT_STARTED,est-1
180c792925c85e89,tennis|tennis_wta_china_open|89255a6b6bc525c2a25cb4950252e042,Karolina Muchova v Katie Boulter,2026-10-02T04:00:00+00:00,2026-10-02T07:00:00+00:00,RESCHEDULED,tennis_predictions/exchange_probability_snapshots.csv|tennis_predictions/probability_snapshots.csv,2026-10-01T20:28:17.957003+00:00,9,0,EXCLUDED,EVENT_STARTED,est-1
11a82663b19cd075,tennis|tennis_wta_china_open|bcac7e4c1b1ca7bc85a4860550ff4af6,Linda Fruhvirtova v Liudmila Samsonova,2026-10-02T04:00:00+00:00,2026-10-02T03:00:00+00:00,RESCHEDULED,tennis_predictions/exchange_probability_snapshots.csv|tennis_predictions/probability_snapshots.csv,2026-10-01T20:28:17.957003+00:00,9,0,EXCLUDED,EVENT_STARTED,est-1
3c5c2a92f7c49360,tennis|tennis_wta_china_open|7449c032f470f787af442e344e67fa30,Sara Bejlek v Maddison Inglis,2026-10-02T04:00:00+00:00,2026-10-02T07:30:00+00:00,RESCHEDULED,tennis_predictions/exchange_probability_snapshots.csv|tennis_predictions/probability_snapshots.csv,2026-10-01T20:28:17.957003+00:00,9,0,EXCLUDED,EVENT_STARTED,est-1
b3cf18ee47cb8522,tennis|tennis_wta_china_open|8958206624b4a33ec8d4b659f80725c8,Maria Timofeeva v Naomi Osaka,2026-10-02T04:00:00+00:00,2026-10-02T08:30:00+00:00,RESCHEDULED,tennis_predictions/exchange_probability_snapshots.csv|tennis_predictions/probability_snapshots.csv,2026-10-01T20:28:17.957003+00:00,9,0,EXCLUDED,EVENT_STARTED,est-1
80eea4f6b6b3885b,tennis|tennis_wta_china_open|e4249631b25378db4350945e30d1e9a1,Yue Yuan v Mirra Andreeva,2026-10-02T04:00:00+00:00,2026-10-02T03:00:00+00:00,RESCHEDULED,tennis_predictions/exchange_probability_snapshots.csv|tennis_predictions/probability_snapshots.csv,2026-10-01T20:28:17.957003+00:00,9,0,EXCLUDED,EVENT_STARTED,est-1
7665b91ee1f6e89e,tennis|tennis_wta_china_open|ef4ff818626aa7b2551f510cb801c425,Viktorija Golubic v Peyton Stearns,2026-10-02T04:00:00+00:00,2026-10-02T03:00:00+00:00,RESCHEDULED,tennis_predictions/exchange_probability_snapshots.csv|tennis_predictions/probability_snapshots.csv,2026-10-01T20:28:17.957003+00:00,9,0,EXCLUDED,EVENT_STARTED,est-1
d9a7b1043d19b30b,tennis|tennis_atp_china_open|4deffc5f47794803f6891c113e45383e,Bu Yunchaokete v Novak Djokovic,2026-10-02T03:00:00+00:00,2026-10-02T12:30:00+00:00,RESCHEDULED,tennis_predictions/exchange_probability_snapshots.csv|tennis_predictions/probability_snapshots.csv,2026-10-01T20:28:17.957003+00:00,7,0,EXCLUDED,EVENT_STARTED,est-1
19a0e17c3be366ba,tennis|tennis_wta_china_open|b37042990194a603e165f3ffaa66d3e4,Renata Zarazua v Aryna Sabalenka,2026-10-02T04:00:00+00:00,2026-10-02T11:00:00+00:00,RESCHEDULED,tennis_predictions/exchange_probability_snapshots.csv|tennis_predictions/probability_snapshots.csv,2026-10-01T20:28:17.957003+00:00,7,0,EXCLUDED,EVENT_STARTED,est-1
5b844a521aa250aa,tennis|tennis_wta_china_open|3dde5244cfdab55db5832aaac7db3017,Nikola Bartunkova v Magdalena Frech,2026-10-02T04:00:00+00:00,2026-10-02T07:30:00+00:00,RESCHEDULED,tennis_predictions/exchange_probability_snapshots.csv|tennis_predictions/probability_snapshots.csv,2026-10-01T20:28:17.957003+00:00,7,0,EXCLUDED,EVENT_STARTED,est-1
051d9af1a2042867,tennis|tennis_atp_china_open|c768c4868b4560919153aa8e1fe365d5,Alex Molcan v Karen Khachanov,2026-10-02T05:00:00+00:00,2026-10-02T05:00:00+00:00,UNCHANGED,tennis_predictions/exchange_probability_snapshots.csv|tennis_predictions/probability_snapshots.csv,2026-10-01T20:28:17.957003+00:00,5,0,EXCLUDED,EVENT_STARTED,est-1
5b90ff64061f1e69,tennis|tennis_atp_china_open|5f4504b72130e8d059ce2358912bc609,Alex de Minaur v Quentin Halys,2026-10-03T03:00:00+00:00,2026-10-03T03:00:00+00:00,UNCHANGED,tennis_predictions/exchange_probability_snapshots.csv|tennis_predictions/probability_snapshots.csv,2026-10-02T20:07:08.313165+00:00,9,0,EXCLUDED,EVENT_STARTED,est-1
c116f1447c7ccaf3,tennis|tennis_atp_china_open|a71ce248f6b65793058c9b68a0439a8e,Alexander Zverev v Juncheng Shang,2026-10-03T03:00:00+00:00,2026-10-03T11:00:00+00:00,RESCHEDULED,tennis_predictions/exchange_probability_snapshots.csv|tennis_predictions/probability_snapshots.csv,2026-10-02T20:07:08.313165+00:00,9,0,EXCLUDED,EVENT_STARTED,est-1
ad28df786e306113,tennis|tennis_atp_china_open|fab68d601d3c902595fb337427fca585,Andrey Rublev v Roman Safiullin,2026-10-03T03:00:00+00:00,2026-10-03T05:00:00+00:00,RESCHEDULED,tennis_predictions/exchange_probability_snapshots.csv|tennis_predictions/probability_snapshots.csv,2026-10-02T20:07:08.313165+00:00,9,0,EXCLUDED,EVENT_STARTED,est-1
e8ec74d9f520f314,tennis|tennis_atp_japan_open|e128a1db3b815333a76c9a9f1e3a968a,Jaume Munar v Jaime Faria,2026-10-02T02:00:00+00:00,2026-10-02T02:00:00+00:00,UNCHANGED,tennis_predictions/exchange_probability_snapshots.csv|tennis_predictions/probability_snapshots.csv,2026-10-01T20:28:17.957003+00:00,5,0,EXCLUDED,EVENT_STARTED,est-1
441c5ea08c0de913,tennis|tennis_atp_japan_open|a512d0211986889f728215eacc8a963b,Valentin Vacherot v Stefanos Tsitsipas,2026-10-02T03:10:00+00:00,2026-10-02T03:10:00+00:00,UNCHANGED,tennis_predictions/exchange_probability_snapshots.csv|tennis_predictions/probability_snapshots.csv,2026-10-01T20:28:17.957003+00:00,5,0,EXCLUDED,EVENT_STARTED,est-1
fc9afe5492db64a2,tennis|tennis_atp_japan_open|435f3a90c7a66fdf4f84a79ca37e05e1,Kyrian Jacquet v Luciano Darderi,2026-10-02T07:00:00+00:00,2026-10-02T07:00:00+00:00,UNCHANGED,tennis_predictions/exchange_probability_snapshots.csv|tennis_predictions/probability_snapshots.csv,2026-10-01T20:28:17.957003+00:00,5,0,EXCLUDED,EVENT_STARTED,est-1
990f7bed94f370da,tennis|tennis_atp_japan_open|908dd14275f11b8588bccce4d87aae14,Arthur Fils v Frances Tiafoe,2026-10-02T08:10:00+00:00,2026-10-02T08:10:00+00:00,UNCHANGED,tennis_predictions/exchange_probability_snapshots.csv|tennis_predictions/probability_snapshots.csv,2026-10-01T20:28:17.957003+00:00,5,0,EXCLUDED,EVENT_STARTED,est-1
0e0003f07019152a,tennis|tennis_atp_japan_open|7b880c1411425677c923489ced32b94e,Matteo Berrettini v Adolfo Daniel Vallejo,2026-10-03T02:00:00+00:00,2026-10-03T07:00:00+00:00,RESCHEDULED,tennis_predictions/exchange_probability_snapshots.csv|tennis_predictions/probability_snapshots.csv,2026-10-02T20:07:08.313165+00:00,9,0,EXCLUDED,EVENT_STARTED,est-1
561827b97c9082c2,tennis|tennis_atp_japan_open|268a9759aa1b6d1e5477d1e887d1f376,Denis Shapovalov v Alejandro Tabilo,2026-10-03T02:00:00+00:00,2026-10-03T02:00:00+00:00,UNCHANGED,tennis_predictions/exchange_probability_snapshots.csv|tennis_predictions/probability_snapshots.csv,2026-10-02T20:07:08.313165+00:00,9,0,EXCLUDED,EVENT_STARTED,est-1
8c54a6cca21351e5,tennis|tennis_atp_japan_open|cfbbe35bd317e3fda613e84e1d6f42d4,Carlos Alcaraz v Matteo Arnaldi,2026-10-03T02:00:00+00:00,2026-10-03T03:30:00+00:00,RESCHEDULED,tennis_predictions/exchange_probability_snapshots.csv|tennis_predictions/probability_snapshots.csv,2026-10-02T20:07:08.313165+00:00,9,0,EXCLUDED,EVENT_STARTED,est-1
9b889312d9dc8123,tennis|tennis_atp_japan_open|66032d788e59686d66161167437ec068,Ugo Humbert v Jiri Lehecka,2026-10-03T02:00:00+00:00,2026-10-03T08:10:00+00:00,RESCHEDULED,tennis_predictions/exchange_probability_snapshots.csv|tennis_predictions/probability_snapshots.csv,2026-10-02T20:07:08.313165+00:00,9,0,EXCLUDED,EVENT_STARTED,est-1
12abba88d6f682bd,tennis|tennis_wta_china_open|3a1b590508385c6acada556aec2f0676,Elena Rybakina v Alina Charaeva,2026-10-03T04:00:00+00:00,2026-10-03T12:30:00+00:00,RESCHEDULED,tennis_predictions/exchange_probability_snapshots.csv|tennis_predictions/probability_snapshots.csv,2026-10-03T11:54:36.513622+00:00,11,0,EXCLUDED,EVENT_STARTED,est-1
e735fdac662dd9f0,tennis|tennis_wta_china_open|657bc17d8194a0c05f205cb6436f9051,Belinda Bencic v Anastasia Zakharova,2026-10-03T04:00:00+00:00,2026-10-03T06:10:00+00:00,RESCHEDULED,tennis_predictions/exchange_probability_snapshots.csv|tennis_predictions/probability_snapshots.csv,2026-10-02T20:07:08.313165+00:00,9,0,EXCLUDED,EVENT_STARTED,est-1
f3154511859f90cf,tennis|tennis_wta_china_open|d9e7e7e626da14e6c7e3fc511b56e194,Ashlyn Krueger v Ann Li,2026-10-03T04:00:00+00:00,2026-10-03T03:00:00+00:00,RESCHEDULED,tennis_predictions/exchange_probability_snapshots.csv|tennis_predictions/probability_snapshots.csv,2026-10-02T20:07:08.313165+00:00,9,0,EXCLUDED,EVENT_STARTED,est-1
45f5629e7319674c,tennis|tennis_wta_china_open|ecfecd80927a50500f83832f5cb4bdcc,Qinwen Zheng v Anna Kalinskaya,2026-10-03T04:00:00+00:00,2026-10-03T06:10:00+00:00,RESCHEDULED,tennis_predictions/exchange_probability_snapshots.csv|tennis_predictions/probability_snapshots.csv,2026-10-02T20:07:08.313165+00:00,9,0,EXCLUDED,EVENT_STARTED,est-1
5fbcafd464750966,tennis|tennis_wta_china_open|e303eb0e6c5680aa21e6700e8a764253,Coco Gauff v Maria Camila Osorio Serrano,2026-10-03T04:00:00+00:00,2026-10-03T03:00:00+00:00,RESCHEDULED,tennis_predictions/exchange_probability_snapshots.csv|tennis_predictions/probability_snapshots.csv,2026-10-02T20:07:08.313165+00:00,9,0,EXCLUDED,EVENT_STARTED,est-1
7dc15a3edd425311,tennis|tennis_wta_china_open|c666871f9f247e6d225d808cf0a40c51,Sun Xinran v Cristina Bucsa,2026-10-03T04:00:00+00:00,2026-10-03T06:30:00+00:00,RESCHEDULED,tennis_predictions/exchange_probability_snapshots.csv|tennis_predictions/probability_snapshots.csv,2026-10-02T20:07:08.313165+00:00,9,0,EXCLUDED,EVENT_STARTED,est-1
4e810ef4b4a6f7a6,tennis|tennis_wta_china_open|ec364c645968d3b9192abc7859203a77,Donna Vekic v Lin Zhu,2026-10-03T04:00:00+00:00,2026-10-03T03:00:00+00:00,RESCHEDULED,tennis_predictions/exchange_probability_snapshots.csv|tennis_predictions/probability_snapshots.csv,2026-10-02T20:07:08.313165+00:00,9,0,EXCLUDED,EVENT_STARTED,est-1
3c6fa2d279002d88,tennis|tennis_wta_china_open|44fcdd07c482fa1615fc60d12fa24698,Katerina Siniakova v Elina Svitolina,2026-10-03T04:00:00+00:00,2026-10-03T04:10:00+00:00,RESCHEDULED,tennis_predictions/exchange_probability_snapshots.csv|tennis_predictions/probability_snapshots.csv,2026-10-02T20:07:08.313165+00:00,9,0,EXCLUDED,EVENT_STARTED,est-1
195061137baf4069,tennis|tennis_wta_china_open|dbd8d0ad3c5bc6bfbf4cba388c0affe4,Katie Volynets v Elise Mertens,2026-10-03T04:00:00+00:00,2026-10-03T03:00:00+00:00,RESCHEDULED,tennis_predictions/exchange_probability_snapshots.csv|tennis_predictions/probability_snapshots.csv,2026-10-02T20:07:08.313165+00:00,9,0,EXCLUDED,EVENT_STARTED,est-1
2fa353ce073d7770,tennis|tennis_wta_china_open|b3093f7932ea06973dff88f56a7b5505,Iva Jović v Harriet Dart,2026-10-03T04:00:00+00:00,2026-10-03T05:20:00+00:00,RESCHEDULED,tennis_predictions/exchange_probability_snapshots.csv|tennis_predictions/probability_snapshots.csv,2026-10-02T20:07:08.313165+00:00,9,0,EXCLUDED,EVENT_STARTED,est-1
aa44fa120031b742,tennis|tennis_wta_china_open|49a219b3e9fe502b903f289a5b49c773,Jelena Ostapenko v Paula Badosa,2026-10-03T04:00:00+00:00,2026-10-03T04:10:00+00:00,RESCHEDULED,tennis_predictions/exchange_probability_snapshots.csv|tennis_predictions/probability_snapshots.csv,2026-10-02T20:07:08.313165+00:00,9,0,EXCLUDED,EVENT_STARTED,est-1
94cfed5b1ba3a87f,tennis|tennis_wta_china_open|39032a3e8201f3579fb82fa4026abf11,Kamilla Rakhimova v Leylah Fernandez,2026-10-03T04:00:00+00:00,2026-10-03T05:20:00+00:00,RESCHEDULED,tennis_predictions/exchange_probability_snapshots.csv|tennis_predictions/probability_snapshots.csv,2026-10-02T20:07:08.313165+00:00,9,0,EXCLUDED,EVENT_STARTED,est-1
e63460cd6d5ab08a,tennis|tennis_wta_china_open|79657d5f6b239c5710a9d3ea165a4f51,Marie Bouzkova v Kimberly Birrell,2026-10-03T04:00:00+00:00,2026-10-03T06:30:00+00:00,RESCHEDULED,tennis_predictions/exchange_probability_snapshots.csv|tennis_predictions/probability_snapshots.csv,2026-10-02T20:07:08.313165+00:00,9,0,EXCLUDED,EVENT_STARTED,est-1
750394d957106835,tennis|tennis_wta_china_open|0642ea82817d319579dab471f14fc8f4,Maria Sakkari v Storm Hunter,2026-10-03T04:00:00+00:00,2026-10-03T04:10:00+00:00,RESCHEDULED,tennis_predictions/exchange_probability_snapshots.csv|tennis_predictions/probability_snapshots.csv,2026-10-02T20:07:08.313165+00:00,9,0,EXCLUDED,EVENT_STARTED,est-1
b2c0630e4e440d73,tennis|tennis_wta_china_open|98247d9182513d3430cff642b77bbca1,Sonay Kartal v Xinyu Wang,2026-10-03T04:00:00+00:00,2026-10-03T11:00:00+00:00,RESCHEDULED,tennis_predictions/exchange_probability_snapshots.csv|tennis_predictions/probability_snapshots.csv,2026-10-02T20:07:08.313165+00:00,9,0,EXCLUDED,EVENT_STARTED,est-1
12061ad092a11cdf,tennis|tennis_atp_china_open|74e207143d73fada6963397830c5c2d9,Hubert Hurkacz v Arthur Gea,2026-10-02T11:00:00+00:00,2026-10-02T11:00:00+00:00,UNCHANGED,tennis_predictions/exchange_probability_snapshots.csv|tennis_predictions/probability_snapshots.csv|unified_ledger.event_start,2026-10-01T20:28:17.957003+00:00,3,0,EXCLUDED,EVENT_STARTED,est-1
4ee587cd0e01226e,tennis|tennis_atp_china_open|33518edfa1e26f2c0e3ae617afe0ab1b,Francisco Cerundolo v Jakub Mensik,2026-10-03T03:00:00+00:00,2026-10-03T12:00:00+00:00,RESCHEDULED,tennis_predictions/exchange_probability_snapshots.csv|tennis_predictions/probability_snapshots.csv,2026-10-03T11:54:36.513622+00:00,9,0,EXCLUDED,EVENT_STARTED,est-1
20fbfef53f425026,tennis|tennis_wta_china_open|6bf6841c79aa53815b86f5fd0463dbe3,Xinyu Gao v Iga Swiatek,2026-10-03T04:00:00+00:00,2026-10-03T05:00:00+00:00,RESCHEDULED,tennis_predictions/exchange_probability_snapshots.csv|tennis_predictions/probability_snapshots.csv,2026-10-02T20:07:08.313165+00:00,7,0,EXCLUDED,EVENT_STARTED,est-1
8b7b9714c869fcd7,tennis|tennis_atp_china_open|84fefb7009232a1bafbed2450065664a,Daniil Medvedev v Jan-Lennard Struff,2026-10-03T09:00:00+00:00,2026-10-03T09:00:00+00:00,UNCHANGED,tennis_predictions/exchange_probability_snapshots.csv|tennis_predictions/probability_snapshots.csv,2026-10-02T20:07:08.313165+00:00,5,0,EXCLUDED,EVENT_STARTED,est-1
850a838e3adb3d64,tennis|tennis_atp_japan_open|2ef03d744d19f6f72feffe902dd58fb3,Valentin Vacherot v Arthur Fils,2026-10-04T02:00:00+00:00,2026-10-04T07:00:00+00:00,RESCHEDULED,tennis_predictions/exchange_probability_snapshots.csv|tennis_predictions/probability_snapshots.csv,2026-10-03T18:49:02.686162+00:00,9,0,EXCLUDED,EVENT_STARTED,est-1
1a7181925c76b629,tennis|tennis_atp_japan_open|5357c574f469ea94b1ae1dd036711f7f,Jaume Munar v Kyrian Jacquet,2026-10-04T02:00:00+00:00,2026-10-04T02:00:00+00:00,UNCHANGED,tennis_predictions/exchange_probability_snapshots.csv|tennis_predictions/probability_snapshots.csv,2026-10-03T18:49:02.686162+00:00,9,0,EXCLUDED,EVENT_STARTED,est-1
1ffbb8f4bfb9adfc,tennis|tennis_wta_china_open|e2954e055ea3f8716333b8ff13e39708,Daria Snigur v Taylah Preston,2026-10-04T03:00:00+00:00,2026-10-04T05:20:00+00:00,RESCHEDULED,tennis_predictions/exchange_probability_snapshots.csv|tennis_predictions/probability_snapshots.csv,2026-10-03T18:49:02.686162+00:00,9,0,EXCLUDED,EVENT_STARTED,est-1
3a312342697b5dd2,tennis|tennis_wta_china_open|3df5911c366dc0b476572540e9a85b6d,Ekaterina Alexandrova v Diana Shnaider,2026-10-04T03:00:00+00:00,2026-10-04T04:10:00+00:00,RESCHEDULED,tennis_predictions/exchange_probability_snapshots.csv|tennis_predictions/probability_snapshots.csv,2026-10-03T18:49:02.686162+00:00,9,0,EXCLUDED,EVENT_STARTED,est-1
9fe67e4d93ff45b2,tennis|tennis_wta_china_open|5dcb61ea08af6d8049acffbcb7735ce2,Karolina Muchova v Liudmila Samsonova,2026-10-04T03:00:00+00:00,2026-10-04T13:00:00+00:00,RESCHEDULED,tennis_predictions/exchange_probability_snapshots.csv|tennis_predictions/probability_snapshots.csv,2026-10-04T12:45:58.026306+00:00,11,0,EXCLUDED,EVENT_STARTED,est-1
9d5f47da1dff9d45,tennis|tennis_wta_china_open|914790a88c70778d0830ef9368dd70f6,Polina Kudermetova v Mirra Andreeva,2026-10-04T03:00:00+00:00,2026-10-04T05:00:00+00:00,RESCHEDULED,tennis_predictions/exchange_probability_snapshots.csv|tennis_predictions/probability_snapshots.csv,2026-10-03T18:49:02.686162+00:00,9,0,EXCLUDED,EVENT_STARTED,est-1
620fd6d4af233ba2,tennis|tennis_wta_china_open|fad08200c67499089c261f6170814604,Sara Bejlek v Naomi Osaka,2026-10-04T03:00:00+00:00,2026-10-04T11:00:00+00:00,RESCHEDULED,tennis_predictions/exchange_probability_snapshots.csv|tennis_predictions/probability_snapshots.csv,2026-10-03T18:49:02.686162+00:00,9,0,EXCLUDED,EVENT_STARTED,est-1
812f5c3f6fd72342,tennis|tennis_wta_china_open|984b276e5c976125c744389eaaadece8,Sinja Kraus v Dayana Yastremska,2026-10-04T04:00:00+00:00,2026-10-04T03:00:00+00:00,RESCHEDULED,tennis_predictions/exchange_probability_snapshots.csv|tennis_predictions/probability_snapshots.csv,2026-10-03T18:49:02.686162+00:00,9,0,EXCLUDED,EVENT_STARTED,est-1
11cccff19bdfcfa6,tennis|tennis_wta_china_open|7079fae92b1e1fbd3acdd13e50cd0e8a,Linda Noskova v Viktorija Golubic,2026-10-04T04:00:00+00:00,2026-10-04T06:30:00+00:00,RESCHEDULED,tennis_predictions/exchange_probability_snapshots.csv|tennis_predictions/probability_snapshots.csv,2026-10-03T18:49:02.686162+00:00,9,0,EXCLUDED,EVENT_STARTED,est-1
72b7806f3bdc89b4,tennis|tennis_atp_china_open|69ec18acddec63da011d8f44d376b90c,Hubert Hurkacz v Karen Khachanov,2026-10-04T03:00:00+00:00,2026-10-04T05:00:00+00:00,RESCHEDULED,tennis_predictions/exchange_probability_snapshots.csv|tennis_predictions/probability_snapshots.csv,2026-10-03T18:49:02.686162+00:00,7,0,EXCLUDED,EVENT_STARTED,est-1
2030851e38bbb593,tennis|tennis_wta_china_open|86d5be8c100a0589e1b1b737111770ae,Nikola Bartunkova v Aryna Sabalenka,2026-10-04T03:00:00+00:00,2026-10-04T03:00:00+00:00,UNCHANGED,tennis_predictions/exchange_probability_snapshots.csv|tennis_predictions/probability_snapshots.csv,2026-10-03T18:49:02.686162+00:00,7,0,EXCLUDED,EVENT_STARTED,est-1
f6859ffe7fda32fd,tennis|tennis_atp_china_open|e9d8fec90ecda0bc0721e481e8cdaa69,Alex de Minaur v Andrey Rublev,2026-10-04T06:10:00+00:00,2026-10-04T06:10:00+00:00,UNCHANGED,tennis_predictions/exchange_probability_snapshots.csv|tennis_predictions/probability_snapshots.csv,2026-10-03T18:49:02.686162+00:00,5,0,EXCLUDED,EVENT_STARTED,est-1
43b9f324e3ff42b7,tennis|tennis_atp_japan_open|d29e017ede49b7615b809bfefcffea6c,Carlos Alcaraz v Denis Shapovalov,2026-10-04T04:00:00+00:00,2026-10-04T04:00:00+00:00,UNCHANGED,tennis_predictions/exchange_probability_snapshots.csv|tennis_predictions/probability_snapshots.csv,2026-10-03T18:49:02.686162+00:00,5,0,EXCLUDED,EVENT_STARTED,est-1
29aa35de56d61117,tennis|tennis_wta_china_open|7148ceef90fc0bed3564c4d4289389a8,Donna Vekic v Iga Swiatek,2026-10-05T04:00:00+00:00,2026-10-05T03:00:00+00:00,RESCHEDULED,tennis_predictions/exchange_probability_snapshots.csv|tennis_predictions/probability_snapshots.csv,2026-10-04T18:46:03.882660+00:00,9,0,EXCLUDED,EVENT_STARTED,est-1
e52979e017c26cab,tennis|tennis_wta_china_open|2518a6f43be7c8a70b242d12cbb3f8ff,Jelena Ostapenko v Elise Mertens,2026-10-05T04:00:00+00:00,2026-10-05T08:30:00+00:00,RESCHEDULED,tennis_predictions/exchange_probability_snapshots.csv|tennis_predictions/probability_snapshots.csv,2026-10-04T18:46:03.882660+00:00,9,0,EXCLUDED,EVENT_STARTED,est-1
04c99dbca108dc0d,tennis|tennis_atp_china_open|503668639586796c463e08dc29b69bfb,Daniil Medvedev v Francisco Cerundolo,2026-10-04T08:30:00+00:00,2026-10-04T08:30:00+00:00,UNCHANGED,tennis_predictions/exchange_probability_snapshots.csv|tennis_predictions/probability_snapshots.csv|unified_ledger.event_start,2026-10-03T18:49:02.686162+00:00,3,0,EXCLUDED,EVENT_STARTED,est-1
9e619d46d9722270,tennis|tennis_atp_china_open|305b3ecd1828799e8cf4ddc17a43e582,Alexander Zverev v Novak Djokovic,2026-10-04T11:00:00+00:00,2026-10-04T11:00:00+00:00,UNCHANGED,tennis_predictions/exchange_probability_snapshots.csv|tennis_predictions/probability_snapshots.csv|unified_ledger.event_start,2026-10-03T18:49:02.686162+00:00,3,0,EXCLUDED,EVENT_STARTED,est-1
2f26ac05ef14161a,tennis|tennis_atp_japan_open|8df898f639928a81d8b621732f0c3d95,Jiri Lehecka v Adolfo Daniel Vallejo,2026-10-04T08:10:00+00:00,2026-10-04T08:10:00+00:00,UNCHANGED,tennis_predictions/exchange_probability_snapshots.csv|tennis_predictions/probability_snapshots.csv|unified_ledger.event_start,2026-10-03T18:49:02.686162+00:00,3,0,EXCLUDED,EVENT_STARTED,est-1
da40b23c97dd0c37,tennis|tennis_wta_china_open|10911eaa50b035ec14ce0d680a6a7522,Alina Charaeva v Sonay Kartal,2026-10-05T04:00:00+00:00,2026-10-05T06:00:00+00:00,RESCHEDULED,tennis_predictions/exchange_probability_snapshots.csv|tennis_predictions/probability_snapshots.csv,2026-10-04T18:46:03.882660+00:00,7,0,EXCLUDED,EVENT_STARTED,est-1
4e2e07a3ca1c669e,tennis|tennis_wta_china_open|85440a822df78988232b37cad4521ba8,Belinda Bencic v Ann Li,2026-10-05T04:00:00+00:00,2026-10-05T07:00:00+00:00,RESCHEDULED,tennis_predictions/exchange_probability_snapshots.csv|tennis_predictions/probability_snapshots.csv,2026-10-04T18:46:03.882660+00:00,7,0,EXCLUDED,EVENT_STARTED,est-1
9f5dfc411b6b7b41,tennis|tennis_wta_china_open|74753a8978f7138d98be8ca5264742d7,Coco Gauff v Sun Xinran,2026-10-05T04:00:00+00:00,2026-10-05T12:30:00+00:00,RESCHEDULED,tennis_predictions/exchange_probability_snapshots.csv|tennis_predictions/probability_snapshots.csv,2026-10-04T18:46:03.882660+00:00,7,0,EXCLUDED,EVENT_STARTED,est-1
9143b4a5979e5234,tennis|tennis_wta_china_open|1474ac5f2265d300c1a48ea91b323c09,Maria Sakkari v Elina Svitolina,2026-10-05T04:00:00+00:00,2026-10-05T08:30:00+00:00,RESCHEDULED,tennis_predictions/exchange_probability_snapshots.csv|tennis_predictions/probability_snapshots.csv,2026-10-04T18:46:03.882660+00:00,7,0,EXCLUDED,EVENT_STARTED,est-1
05cc93312b5d346f,tennis|tennis_wta_china_open|7bc9edc3231f3cc910824bd36c6e2386,Iva Jović v Kamilla Rakhimova,2026-10-05T04:00:00+00:00,2026-10-05T04:30:00+00:00,RESCHEDULED,tennis_predictions/exchange_probability_snapshots.csv|tennis_predictions/probability_snapshots.csv,2026-10-04T18:46:03.882660+00:00,7,0,EXCLUDED,EVENT_STARTED,est-1
f5abce11c182344b,tennis|tennis_wta_china_open|2fff13d64b68dd5cb7c7269617427ba2,Marie Bouzkova v Qinwen Zheng,2026-10-05T04:00:00+00:00,2026-10-05T04:30:00+00:00,RESCHEDULED,tennis_predictions/exchange_probability_snapshots.csv|tennis_predictions/probability_snapshots.csv,2026-10-04T18:46:03.882660+00:00,7,0,EXCLUDED,EVENT_STARTED,est-1
39d88e8a750b3724,tennis|tennis_atp_china_open|d5f176ea16c34ec6c13647efacd2bb99,Alex de Minaur v Hubert Hurkacz,2026-10-05T07:00:00+00:00,2026-10-05T07:00:00+00:00,UNCHANGED,tennis_predictions/exchange_probability_snapshots.csv|tennis_predictions/probability_snapshots.csv,2026-10-04T18:46:03.882660+00:00,5,0,EXCLUDED,EVENT_STARTED,est-1
653cd15059fba699,tennis|tennis_atp_japan_open|c927d344ac31cc74267be66b1129b3c4,Carlos Alcaraz v Jaume Munar,2026-10-05T07:00:00+00:00,2026-10-05T07:00:00+00:00,UNCHANGED,tennis_predictions/exchange_probability_snapshots.csv|tennis_predictions/probability_snapshots.csv,2026-10-04T18:46:03.882660+00:00,5,0,EXCLUDED,EVENT_STARTED,est-1
28a4e5d9ed22674f,tennis|tennis_atp_japan_open|4bfb84fc62ffc5b65c9d7213ee0caf6f,Jiri Lehecka v Valentin Vacherot,2026-10-05T09:00:00+00:00,2026-10-05T09:00:00+00:00,UNCHANGED,tennis_predictions/exchange_probability_snapshots.csv|tennis_predictions/probability_snapshots.csv,2026-10-04T18:46:03.882660+00:00,5,0,EXCLUDED,EVENT_STARTED,est-1
7691e7b556fee11f,tennis|tennis_wta_china_open|8e342ed13dfa9c4efd0c536a65900b4b,Daria Snigur v Mirra Andreeva,2026-10-06T04:00:00+00:00,2026-10-06T03:00:00+00:00,RESCHEDULED,tennis_predictions/exchange_probability_snapshots.csv|tennis_predictions/probability_snapshots.csv,2026-10-05T22:10:04.450686+00:00,9,0,EXCLUDED,EVENT_STARTED,est-1
7fa669969475c708,tennis|tennis_wta_china_open|e1232bdc32dea0beecfa1f5e1dc6f00d,Linda Noskova v Ekaterina Alexandrova,2026-10-06T04:00:00+00:00,2026-10-06T04:10:00+00:00,RESCHEDULED,tennis_predictions/exchange_probability_snapshots.csv|tennis_predictions/probability_snapshots.csv,2026-10-05T22:10:04.450686+00:00,9,0,EXCLUDED,EVENT_STARTED,est-1
38b3729bec2d2323,tennis|tennis_wta_china_open|bd4d71c36db8e457d45721651426c225,Sinja Kraus v Nikola Bartunkova,2026-10-06T04:00:00+00:00,2026-10-06T08:10:00+00:00,RESCHEDULED,tennis_predictions/exchange_probability_snapshots.csv|tennis_predictions/probability_snapshots.csv,2026-10-05T22:10:04.450686+00:00,9,0,EXCLUDED,EVENT_STARTED,est-1
60b84e443c9e7acf,tennis|tennis_atp_china_open|5b6e5bc4378ca36adad672d8515b2c2c,Novak Djokovic v Daniil Medvedev,2026-10-05T11:00:00+00:00,2026-10-05T11:00:00+00:00,UNCHANGED,tennis_predictions/exchange_probability_snapshots.csv|tennis_predictions/probability_snapshots.csv|unified_ledger.event_start,2026-10-04T18:46:03.882660+00:00,3,0,EXCLUDED,EVENT_STARTED,est-1
5f61de66768b513c,tennis|tennis_wta_china_open|66c01266795342d3ed47ac9fb23b438b,Karolina Muchova v Naomi Osaka,2026-10-06T03:00:00+00:00,2026-10-06T07:00:00+00:00,RESCHEDULED,tennis_predictions/exchange_probability_snapshots.csv|tennis_predictions/probability_snapshots.csv,2026-10-05T22:10:04.450686+00:00,7,0,EXCLUDED,EVENT_STARTED,est-1
2e87717176af1f90,tennis|tennis_atp_china_open|d77588347c84136dd9fe6fb7a54b40b4,Novak Djokovic v Alex de Minaur,2026-10-06T11:00:00+00:00,2026-10-06T11:00:00+00:00,UNCHANGED,tennis_predictions/exchange_probability_snapshots.csv|tennis_predictions/probability_snapshots.csv,2026-10-05T22:10:04.450686+00:00,5,0,EXCLUDED,EVENT_STARTED,est-1
e9eac34f0f156728,tennis|tennis_atp_japan_open|c1bfe7c3313fc6b8cd0f91167146ab48,Carlos Alcaraz v Jiri Lehecka,2026-10-06T09:00:00+00:00,2026-10-06T09:00:00+00:00,UNCHANGED,tennis_predictions/exchange_probability_snapshots.csv|tennis_predictions/probability_snapshots.csv,2026-10-05T22:10:04.450686+00:00,5,0,EXCLUDED,EVENT_STARTED,est-1
ebecde6d412cbff2,tennis|tennis_wta_china_open|8ddf5799d5cf59e20a7340e60481d105,Alina Charaeva v Qinwen Zheng,2026-10-07T03:00:00+00:00,2026-10-07T11:00:00+00:00,RESCHEDULED,tennis_predictions/exchange_probability_snapshots.csv|tennis_predictions/probability_snapshots.csv,2026-10-06T20:31:16.467442+00:00,9,0,EXCLUDED,EVENT_STARTED,est-1
ed31e09e99b1e28d,tennis|tennis_wta_china_open|020e257e15a4271205631c42fc05f671,Ann Li v Elina Svitolina,2026-10-07T03:00:00+00:00,2026-10-07T12:30:00+00:00,RESCHEDULED,tennis_predictions/exchange_probability_snapshots.csv|tennis_predictions/probability_snapshots.csv,2026-10-06T20:31:16.467442+00:00,9,0,EXCLUDED,EVENT_STARTED,est-1
612be0d9c6ba8c88,tennis|tennis_wta_china_open|b0713dc2ab30dc84cdb96e7dc4957c1d,Iva Jović v Iga Swiatek,2026-10-07T03:00:00+00:00,2026-10-07T05:00:00+00:00,RESCHEDULED,tennis_predictions/exchange_probability_snapshots.csv|tennis_predictions/probability_snapshots.csv,2026-10-06T20:31:16.467442+00:00,9,0,EXCLUDED,EVENT_STARTED,est-1
cbd6130e56c66cc9,tennis|tennis_atp_shanghai_masters|791964bea0ff62114832d025fcec6b9d,Adolfo Daniel Vallejo v Valentin Royer,2026-10-07T04:00:00+00:00,2026-10-08T05:10:00+00:00,RESCHEDULED,tennis_predictions/exchange_probability_snapshots.csv|tennis_predictions/probability_snapshots.csv,2026-10-07T13:44:17.371444+00:00,9,0,EXCLUDED,EVENT_STARTED,est-1
1b3f29e8030e3844,tennis|tennis_atp_shanghai_masters|24468f2798418b3734b62f8235a96196,Aleksandar Kovacevic v Matteo Berrettini,2026-10-07T04:00:00+00:00,2026-10-07T04:00:00+00:00,UNCHANGED,tennis_predictions/exchange_probability_snapshots.csv|tennis_predictions/probability_snapshots.csv,2026-10-06T20:31:16.467442+00:00,7,0,EXCLUDED,EVENT_STARTED,est-1
17fef1b423820c03,tennis|tennis_atp_shanghai_masters|1487c11ccf669ab9d00607993033871f,Arthur Fery v Marin Cilic,2026-10-07T04:00:00+00:00,2026-10-07T11:10:00+00:00,RESCHEDULED,tennis_predictions/exchange_probability_snapshots.csv|tennis_predictions/probability_snapshots.csv,2026-10-06T20:31:16.467442+00:00,7,0,EXCLUDED,EVENT_STARTED,est-1
2fa51a8f4f52af6c,tennis|tennis_atp_shanghai_masters|8564e24052e05067cc7396a94ca6b79f,Arthur Gea v Jaime Faria,2026-10-07T04:00:00+00:00,2026-10-07T04:00:00+00:00,UNCHANGED,tennis_predictions/exchange_probability_snapshots.csv|tennis_predictions/probability_snapshots.csv,2026-10-06T20:31:16.467442+00:00,7,0,EXCLUDED,EVENT_STARTED,est-1
967d9afb9cb8cbd9,tennis|tennis_atp_shanghai_masters|790f5e853b0ee965cff9ae0f2521a4a4,Botic van de Zandschulp v Daniel Merida Aguilar,2026-10-07T04:00:00+00:00,2026-10-08T07:30:00+00:00,RESCHEDULED,tennis_predictions/exchange_probability_snapshots.csv|tennis_predictions/probability_snapshots.csv,2026-10-07T13:44:17.371444+00:00,9,0,EXCLUDED,EVENT_STARTED,est-1
ff723be06eae2c01,tennis|tennis_atp_shanghai_masters|e239b6153731e9f0b84f346eb587f9f7,Luca Van Assche v Bu Yunchaokete,2026-10-07T04:00:00+00:00,2026-10-08T10:00:00+00:00,RESCHEDULED,tennis_predictions/exchange_probability_snapshots.csv|tennis_predictions/probability_snapshots.csv,2026-10-07T13:44:17.371444+00:00,9,0,EXCLUDED,EVENT_STARTED,est-1
c8d1c6e890ddc245,tennis|tennis_atp_shanghai_masters|6330b92e3c299cc0b3db77e4e0a4b83c,Fabian Marozsan v Zachary Svajda,2026-10-07T04:00:00+00:00,2026-10-08T06:20:00+00:00,RESCHEDULED,tennis_predictions/exchange_probability_snapshots.csv|tennis_predictions/probability_snapshots.csv,2026-10-07T13:44:17.371444+00:00,9,0,EXCLUDED,EVENT_STARTED,est-1
7684633136ecd896,tennis|tennis_atp_shanghai_masters|333980ed121c08c335b86c91a1de3a48,Nuno Borges v Facundo Diaz Acosta,2026-10-07T04:00:00+00:00,2026-10-08T04:00:00+00:00,RESCHEDULED,tennis_predictions/exchange_probability_snapshots.csv|tennis_predictions/probability_snapshots.csv,2026-10-07T13:44:17.371444+00:00,9,0,EXCLUDED,EVENT_STARTED,est-1
6146cb2caf279fb8,tennis|tennis_atp_shanghai_masters|fd28d05a1e60816704c0dc6a7eb12b72,Thiago Agustin Tirante v Hamad Medjedovic,2026-10-07T04:00:00+00:00,2026-10-08T05:10:00+00:00,RESCHEDULED,tennis_predictions/exchange_probability_snapshots.csv|tennis_predictions/probability_snapshots.csv,2026-10-07T13:44:17.371444+00:00,9,0,EXCLUDED,EVENT_STARTED,est-1
10fbd44aaa7a6caf,tennis|tennis_atp_shanghai_masters|4ed151cdcdb29939aae76add155bbc56,Martin Landaluce v Jan-Lennard Struff,2026-10-07T04:00:00+00:00,2026-10-08T06:20:00+00:00,RESCHEDULED,tennis_predictions/exchange_probability_snapshots.csv|tennis_predictions/probability_snapshots.csv,2026-10-07T13:44:17.371444+00:00,9,0,EXCLUDED,EVENT_STARTED,est-1
e93332b64eea19ea,tennis|tennis_atp_shanghai_masters|e891a02e881883be43d898107660ddcf,Jaume Munar v Jenson Brooksby,2026-10-07T04:00:00+00:00,2026-10-08T04:00:00+00:00,RESCHEDULED,tennis_predictions/exchange_probability_snapshots.csv|tennis_predictions/probability_snapshots.csv,2026-10-07T13:44:17.371444+00:00,9,0,EXCLUDED,EVENT_STARTED,est-1
d752e6db7b6d96da,tennis|tennis_atp_shanghai_masters|f8c8d214822b7274556c6080c45b21b3,Yannick Hanfmann v Kamil Majchrzak,2026-10-07T04:00:00+00:00,2026-10-07T05:10:00+00:00,RESCHEDULED,tennis_predictions/exchange_probability_snapshots.csv|tennis_predictions/probability_snapshots.csv,2026-10-06T20:31:16.467442+00:00,7,0,EXCLUDED,EVENT_STARTED,est-1
e092c1fff379ddfd,tennis|tennis_atp_shanghai_masters|469d64661302be8270a740c26c2307d4,Marcos Giron v Sebastian Baez,2026-10-07T04:00:00+00:00,2026-10-08T06:20:00+00:00,RESCHEDULED,tennis_predictions/exchange_probability_snapshots.csv|tennis_predictions/probability_snapshots.csv,2026-10-07T13:44:17.371444+00:00,9,0,EXCLUDED,EVENT_STARTED,est-1
a7e0c03e2b8088ee,tennis|tennis_atp_shanghai_masters|7aa5316e991e75b643af8f08eef61311,Mariano Navone v Pablo Carreno Busta,2026-10-07T04:00:00+00:00,2026-10-08T05:10:00+00:00,RESCHEDULED,tennis_predictions/exchange_probability_snapshots.csv|tennis_predictions/probability_snapshots.csv,2026-10-07T13:44:17.371444+00:00,9,0,EXCLUDED,EVENT_STARTED,est-1
7d37dab12832bea0,tennis|tennis_atp_shanghai_masters|09891c53a582f50d3153736a7cf7e307,Sho Shimabukuro v Miomir Kecmanovic,2026-10-07T04:00:00+00:00,2026-10-07T04:00:00+00:00,UNCHANGED,tennis_predictions/exchange_probability_snapshots.csv|tennis_predictions/probability_snapshots.csv,2026-10-06T20:31:16.467442+00:00,7,0,EXCLUDED,EVENT_STARTED,est-1
5b45b4da2a40c23e,tennis|tennis_atp_shanghai_masters|02f6a0ddcd015fe9b206546eb4298936,Zhizhen Zhang v Tomas Machac,2026-10-07T04:00:00+00:00,2026-10-07T05:10:00+00:00,RESCHEDULED,tennis_predictions/exchange_probability_snapshots.csv|tennis_predictions/probability_snapshots.csv,2026-10-06T20:31:16.467442+00:00,7,0,EXCLUDED,EVENT_STARTED,est-1
a837441e9ad6e2de,tennis|tennis_atp_shanghai_masters|df1352ed67512cd95822357e152abc7c,Vit Kopriva v Zizou Bergs,2026-10-07T04:00:00+00:00,2026-10-08T11:20:00+00:00,RESCHEDULED,tennis_predictions/exchange_probability_snapshots.csv|tennis_predictions/probability_snapshots.csv,2026-10-08T11:06:57.256299+00:00,11,0,EXCLUDED,EVENT_STARTED,est-1
ecb7c08702da3a92,tennis|tennis_wta_china_open|64e1b6c212f584a22df9d6376314746c,Coco Gauff v Elise Mertens,2026-10-07T03:00:00+00:00,2026-10-07T06:15:00+00:00,RESCHEDULED,tennis_predictions/exchange_probability_snapshots.csv|tennis_predictions/probability_snapshots.csv,2026-10-06T20:31:16.467442+00:00,7,0,EXCLUDED,EVENT_STARTED,est-1
c9dbcba3613509ef,tennis|tennis_atp_shanghai_masters|ff12f67489673ffd2bc90d9a6f686b15,Holger Rune v Daniel Altmaier,2026-10-07T07:30:00+00:00,2026-10-07T07:30:00+00:00,UNCHANGED,tennis_predictions/exchange_probability_snapshots.csv|tennis_predictions/probability_snapshots.csv,2026-10-06T20:31:16.467442+00:00,5,0,EXCLUDED,EVENT_STARTED,est-1
17e33c37a1fce505,tennis|tennis_atp_shanghai_masters|4955d590a659f419a3c243ac01adcba5,Cameron Norrie v Denis Shapovalov,2026-10-08T04:00:00+00:00,2026-10-08T04:00:00+00:00,UNCHANGED,tennis_predictions/exchange_probability_snapshots.csv|tennis_predictions/probability_snapshots.csv,2026-10-06T20:31:16.467442+00:00,5,0,EXCLUDED,EVENT_STARTED,est-1
7f330f960a405e3d,tennis|tennis_atp_shanghai_masters|2ba2d49f6e9fb8fc7d0417ca0b590f77,Hubert Hurkacz v James Duckworth,2026-10-08T04:00:00+00:00,2026-10-08T05:10:00+00:00,RESCHEDULED,tennis_predictions/exchange_probability_snapshots.csv|tennis_predictions/probability_snapshots.csv,2026-10-07T13:44:17.371444+00:00,7,0,EXCLUDED,EVENT_STARTED,est-1
25dabcd5d855acea,tennis|tennis_wta_china_open|051deb589943d3da84223da452227ca8,Ekaterina Alexandrova v Mirra Andreeva,2026-10-08T03:00:00+00:00,2026-10-08T11:00:00+00:00,RESCHEDULED,tennis_predictions/exchange_probability_snapshots.csv|tennis_predictions/probability_snapshots.csv,2026-10-07T13:44:17.371444+00:00,7,0,EXCLUDED,EVENT_STARTED,est-1
e04fb71bff70530d,tennis|tennis_wta_china_open|0b76ddef0404c0c940c69d1134ea109c,Karolina Muchova v Nikola Bartunkova,2026-10-08T03:00:00+00:00,2026-10-08T07:00:00+00:00,RESCHEDULED,tennis_predictions/exchange_probability_snapshots.csv|tennis_predictions/probability_snapshots.csv,2026-10-07T13:44:17.371444+00:00,7,0,EXCLUDED,EVENT_STARTED,est-1
f9b19dff054da8c2,tennis|tennis_atp_shanghai_masters|24468f2798418b3734b62f8235a96196,Aleksandar Kovacevic v Matteo Berrettini,2026-10-07T04:00:00+00:00,2026-10-07T04:00:00+00:00,UNCHANGED,tennis_predictions/exchange_probability_snapshots.csv|tennis_predictions/probability_snapshots.csv|unified_ledger.event_start,2026-10-06T20:31:16.467442+00:00,7,0,EXCLUDED,EVENT_STARTED,est-1
711e029d3d257d06,tennis|tennis_atp_shanghai_masters|8564e24052e05067cc7396a94ca6b79f,Arthur Gea v Jaime Faria,2026-10-07T04:00:00+00:00,2026-10-07T04:00:00+00:00,UNCHANGED,tennis_predictions/exchange_probability_snapshots.csv|tennis_predictions/probability_snapshots.csv|unified_ledger.event_start,2026-10-06T20:31:16.467442+00:00,7,0,EXCLUDED,EVENT_STARTED,est-1
bae1b1ab139c1403,tennis|tennis_atp_shanghai_masters|09891c53a582f50d3153736a7cf7e307,Sho Shimabukuro v Miomir Kecmanovic,2026-10-07T04:00:00+00:00,2026-10-07T04:00:00+00:00,UNCHANGED,tennis_predictions/exchange_probability_snapshots.csv|tennis_predictions/probability_snapshots.csv|unified_ledger.event_start,2026-10-06T20:31:16.467442+00:00,7,0,EXCLUDED,EVENT_STARTED,est-1
bc1b136905b89e4c,tennis|tennis_atp_shanghai_masters|7fc5b0c8f64ed28733a5d1fed9aa6dc3,Adrian Mannarino v Nikoloz Basilashvili,2026-10-07T05:10:00+00:00,2026-10-07T05:10:00+00:00,UNCHANGED,tennis_predictions/exchange_probability_snapshots.csv|tennis_predictions/probability_snapshots.csv|unified_ledger.event_start,2026-10-06T20:31:16.467442+00:00,3,0,EXCLUDED,EVENT_STARTED,est-1
817ce1609c1aa9cb,tennis|tennis_atp_shanghai_masters|f8c8d214822b7274556c6080c45b21b3,Yannick Hanfmann v Kamil Majchrzak,2026-10-07T05:10:00+00:00,2026-10-07T05:10:00+00:00,UNCHANGED,tennis_predictions/exchange_probability_snapshots.csv|tennis_predictions/probability_snapshots.csv|unified_ledger.event_start,2026-10-06T20:31:16.467442+00:00,7,0,EXCLUDED,EVENT_STARTED,est-1
9f0109976b02f622,tennis|tennis_atp_shanghai_masters|02f6a0ddcd015fe9b206546eb4298936,Zhizhen Zhang v Tomas Machac,2026-10-07T05:10:00+00:00,2026-10-07T05:10:00+00:00,UNCHANGED,tennis_predictions/exchange_probability_snapshots.csv|tennis_predictions/probability_snapshots.csv|unified_ledger.event_start,2026-10-06T20:31:16.467442+00:00,7,0,EXCLUDED,EVENT_STARTED,est-1
0d42a7f7bbb01cc7,tennis|tennis_atp_shanghai_masters|507be88ef0977554d7488381d6733e26,Alex Molcan v Federico Cinà,2026-10-07T06:00:00+00:00,2026-10-07T06:00:00+00:00,UNCHANGED,tennis_predictions/exchange_probability_snapshots.csv|tennis_predictions/probability_snapshots.csv|unified_ledger.event_start,2026-10-06T20:31:16.467442+00:00,3,0,EXCLUDED,EVENT_STARTED,est-1
bd9f2ea688f01b01,tennis|tennis_atp_shanghai_masters|c59f211898a59a8fec6d1feb7a4e6d1b,Marco Trungelliti v Rei Sakamoto,2026-10-07T06:20:00+00:00,2026-10-07T06:20:00+00:00,UNCHANGED,tennis_predictions/exchange_probability_snapshots.csv|tennis_predictions/probability_snapshots.csv|unified_ledger.event_start,2026-10-06T20:31:16.467442+00:00,3,0,EXCLUDED,EVENT_STARTED,est-1
b9d29e245c5466ae,tennis|tennis_atp_shanghai_masters|9af7d82bea534ce15e7c15b8867672e0,Mattia Bellucci v Yi Zhou,2026-10-07T06:20:00+00:00,2026-10-07T06:20:00+00:00,UNCHANGED,tennis_predictions/exchange_probability_snapshots.csv|tennis_predictions/probability_snapshots.csv|unified_ledger.event_start,2026-10-06T20:31:16.467442+00:00,3,0,EXCLUDED,EVENT_STARTED,est-1
523c0691f49963e3,tennis|tennis_atp_shanghai_masters|031b22614da140f4b89c1f323b3454c5,Rinky Hijikata v Roman Safiullin,2026-10-07T07:10:00+00:00,2026-10-07T07:10:00+00:00,UNCHANGED,tennis_predictions/exchange_probability_snapshots.csv|tennis_predictions/probability_snapshots.csv|unified_ledger.event_start,2026-10-06T20:31:16.467442+00:00,3,0,EXCLUDED,EVENT_STARTED,est-1
ea0145ccca41bf89,tennis|tennis_atp_shanghai_masters|dd1e20c942328c79a159efcf2c81a089,Quentin Halys v Chak Lam Coleman Wong,2026-10-07T07:30:00+00:00,2026-10-07T07:30:00+00:00,UNCHANGED,tennis_predictions/exchange_probability_snapshots.csv|tennis_predictions/probability_snapshots.csv|unified_ledger.event_start,2026-10-06T20:31:16.467442+00:00,3,0,EXCLUDED,EVENT_STARTED,est-1
f2d652e17c649e5c,tennis|tennis_atp_shanghai_masters|ff12f67489673ffd2bc90d9a6f686b15,Holger Rune v Daniel Altmaier,2026-10-07T07:30:00+00:00,2026-10-07T07:30:00+00:00,UNCHANGED,tennis_predictions/exchange_probability_snapshots.csv|tennis_predictions/probability_snapshots.csv|unified_ledger.event_start,2026-10-06T20:31:16.467442+00:00,5,0,EXCLUDED,EVENT_STARTED,est-1
7b535fccb30dac80,tennis|tennis_atp_shanghai_masters|3dc431db5cfd1e1235264096d0e92ad1,Wu Yibing v Michael Zheng,2026-10-07T10:00:00+00:00,2026-10-07T10:00:00+00:00,UNCHANGED,tennis_predictions/exchange_probability_snapshots.csv|tennis_predictions/probability_snapshots.csv|unified_ledger.event_start,2026-10-06T20:31:16.467442+00:00,3,0,EXCLUDED,EVENT_STARTED,est-1
91e88bcb913ae06c,tennis|tennis_atp_shanghai_masters|1487c11ccf669ab9d00607993033871f,Arthur Fery v Marin Cilic,2026-10-07T11:10:00+00:00,2026-10-07T11:10:00+00:00,UNCHANGED,tennis_predictions/exchange_probability_snapshots.csv|tennis_predictions/probability_snapshots.csv|unified_ledger.event_start,2026-10-06T20:31:16.467442+00:00,7,0,EXCLUDED,EVENT_STARTED,est-1
430de430aeea386e,tennis|tennis_atp_shanghai_masters|791964bea0ff62114832d025fcec6b9d,Adolfo Daniel Vallejo v Valentin Royer,2026-10-08T04:00:00+00:00,2026-10-08T05:10:00+00:00,RESCHEDULED,tennis_predictions/exchange_probability_snapshots.csv|tennis_predictions/probability_snapshots.csv,2026-10-07T13:44:17.371444+00:00,9,0,EXCLUDED,EVENT_STARTED,est-1
41eda56f90b17714,tennis|tennis_atp_shanghai_masters|178d12455d95a9b449d926abe4656de0,Bernard Tomic v Matteo Arnaldi,2026-10-08T04:00:00+00:00,2026-10-08T05:10:00+00:00,RESCHEDULED,tennis_predictions/exchange_probability_snapshots.csv|tennis_predictions/probability_snapshots.csv,2026-10-07T13:44:17.371444+00:00,5,0,EXCLUDED,EVENT_STARTED,est-1
5ca6cd5ca23b0740,tennis|tennis_atp_shanghai_masters|790f5e853b0ee965cff9ae0f2521a4a4,Botic van de Zandschulp v Daniel Merida Aguilar,2026-10-08T04:00:00+00:00,2026-10-08T07:30:00+00:00,RESCHEDULED,tennis_predictions/exchange_probability_snapshots.csv|tennis_predictions/probability_snapshots.csv,2026-10-07T13:44:17.371444+00:00,9,0,EXCLUDED,EVENT_STARTED,est-1
8fbd68a5c81b3d0c,tennis|tennis_atp_shanghai_masters|e239b6153731e9f0b84f346eb587f9f7,Luca Van Assche v Bu Yunchaokete,2026-10-08T04:00:00+00:00,2026-10-08T10:00:00+00:00,RESCHEDULED,tennis_predictions/exchange_probability_snapshots.csv|tennis_predictions/probability_snapshots.csv,2026-10-07T13:44:17.371444+00:00,9,0,EXCLUDED,EVENT_STARTED,est-1
c0fdb151f4e58f5a,tennis|tennis_atp_shanghai_masters|e4ee78c7ad5031e88f5b5c2cc49f68cb,Cameron Norrie v Dalibor Svrcina,2026-10-08T04:00:00+00:00,2026-10-08T11:20:00+00:00,RESCHEDULED,tennis_predictions/exchange_probability_snapshots.csv|tennis_predictions/probability_snapshots.csv,2026-10-08T11:06:57.256299+00:00,7,0,EXCLUDED,EVENT_STARTED,est-1
2a0feae95f4d9da3,tennis|tennis_atp_shanghai_masters|6330b92e3c299cc0b3db77e4e0a4b83c,Fabian Marozsan v Zachary Svajda,2026-10-08T04:00:00+00:00,2026-10-08T06:20:00+00:00,RESCHEDULED,tennis_predictions/exchange_probability_snapshots.csv|tennis_predictions/probability_snapshots.csv,2026-10-07T13:44:17.371444+00:00,9,0,EXCLUDED,EVENT_STARTED,est-1
8f8a5b249920509f,tennis|tennis_atp_shanghai_masters|333980ed121c08c335b86c91a1de3a48,Nuno Borges v Facundo Diaz Acosta,2026-10-08T04:00:00+00:00,2026-10-08T04:00:00+00:00,UNCHANGED,tennis_predictions/exchange_probability_snapshots.csv|tennis_predictions/probability_snapshots.csv,2026-10-07T13:44:17.371444+00:00,9,0,EXCLUDED,EVENT_STARTED,est-1
ad8dd337c45f4c93,tennis|tennis_atp_shanghai_masters|fd28d05a1e60816704c0dc6a7eb12b72,Thiago Agustin Tirante v Hamad Medjedovic,2026-10-08T04:00:00+00:00,2026-10-08T05:10:00+00:00,RESCHEDULED,tennis_predictions/exchange_probability_snapshots.csv|tennis_predictions/probability_snapshots.csv,2026-10-07T13:44:17.371444+00:00,9,0,EXCLUDED,EVENT_STARTED,est-1
1ceae3d6de133eb3,tennis|tennis_atp_shanghai_masters|2ba2d49f6e9fb8fc7d0417ca0b590f77,Hubert Hurkacz v James Duckworth,2026-10-08T04:00:00+00:00,2026-10-08T05:10:00+00:00,RESCHEDULED,tennis_predictions/exchange_probability_snapshots.csv|tennis_predictions/probability_snapshots.csv,2026-10-07T13:44:17.371444+00:00,7,0,EXCLUDED,EVENT_STARTED,est-1
2cec787e94d092e1,tennis|tennis_atp_shanghai_masters|4ed151cdcdb29939aae76add155bbc56,Martin Landaluce v Jan-Lennard Struff,2026-10-08T04:00:00+00:00,2026-10-08T06:20:00+00:00,RESCHEDULED,tennis_predictions/exchange_probability_snapshots.csv|tennis_predictions/probability_snapshots.csv,2026-10-07T13:44:17.371444+00:00,9,0,EXCLUDED,EVENT_STARTED,est-1
87a1c5aee4751eaa,tennis|tennis_atp_shanghai_masters|e891a02e881883be43d898107660ddcf,Jaume Munar v Jenson Brooksby,2026-10-08T04:00:00+00:00,2026-10-08T04:00:00+00:00,UNCHANGED,tennis_predictions/exchange_probability_snapshots.csv|tennis_predictions/probability_snapshots.csv,2026-10-07T13:44:17.371444+00:00,9,0,EXCLUDED,EVENT_STARTED,est-1
65224f139089edb0,tennis|tennis_atp_shanghai_masters|42be07567c4f51b78a693eb640738bc5,Juan Manuel Cerundolo v Nicolas Mejia,2026-10-08T04:00:00+00:00,2026-10-08T06:20:00+00:00,RESCHEDULED,tennis_predictions/exchange_probability_snapshots.csv|tennis_predictions/probability_snapshots.csv,2026-10-07T13:44:17.371444+00:00,5,0,EXCLUDED,EVENT_STARTED,est-1
68a9ba068b44fc7a,tennis|tennis_atp_shanghai_masters|92596d91796dc3550ab6ffe4c7c772e0,Kimmer Coppejans v Stefanos Tsitsipas,2026-10-08T04:00:00+00:00,2026-10-08T04:00:00+00:00,UNCHANGED,tennis_predictions/exchange_probability_snapshots.csv|tennis_predictions/probability_snapshots.csv,2026-10-07T13:44:17.371444+00:00,5,0,EXCLUDED,EVENT_STARTED,est-1
5ba2086c1db4ba54,tennis|tennis_atp_shanghai_masters|469d64661302be8270a740c26c2307d4,Marcos Giron v Sebastian Baez,2026-10-08T04:00:00+00:00,2026-10-08T06:20:00+00:00,RESCHEDULED,tennis_predictions/exchange_probability_snapshots.csv|tennis_predictions/probability_snapshots.csv,2026-10-07T13:44:17.371444+00:00,9,0,EXCLUDED,EVENT_STARTED,est-1
c6470efe9ce12560,tennis|tennis_atp_shanghai_masters|7aa5316e991e75b643af8f08eef61311,Mariano Navone v Pablo Carreno Busta,2026-10-08T04:00:00+00:00,2026-10-08T05:10:00+00:00,RESCHEDULED,tennis_predictions/exchange_probability_snapshots.csv|tennis_predictions/probability_snapshots.csv,2026-10-07T13:44:17.371444+00:00,9,0,EXCLUDED,EVENT_STARTED,est-1
b0b3daf18541a206,tennis|tennis_atp_shanghai_masters|1c8fbf9838f67d1a2e3e9db46c5eb3a6,Pavel Kotov v Tallon Griekspoor,2026-10-08T04:00:00+00:00,2026-10-08T04:00:00+00:00,UNCHANGED,tennis_predictions/exchange_probability_snapshots.csv|tennis_predictions/probability_snapshots.csv,2026-10-07T13:44:17.371444+00:00,5,0,EXCLUDED,EVENT_STARTED,est-1
b923b3e98618ed52,tennis|tennis_atp_shanghai_masters|df1352ed67512cd95822357e152abc7c,Vit Kopriva v Zizou Bergs,2026-10-08T04:00:00+00:00,2026-10-08T11:20:00+00:00,RESCHEDULED,tennis_predictions/exchange_probability_snapshots.csv|tennis_predictions/probability_snapshots.csv,2026-10-08T11:06:57.256299+00:00,11,0,EXCLUDED,EVENT_STARTED,est-1
6313fc5b44d6bc17,tennis|tennis_atp_shanghai_masters|56cdd8c0fca7ffb399f13d3e090c9dc1,Camilo Ugo Carabelli v Ilia Simakin,2026-10-08T04:00:00+00:00,2026-10-08T04:00:00+00:00,UNCHANGED,tennis_predictions/exchange_probability_snapshots.csv|tennis_predictions/probability_snapshots.csv|unified_ledger.event_start,2026-10-07T13:44:17.371444+00:00,3,0,EXCLUDED,EVENT_STARTED,est-1
d00a25abecc39b80,tennis|tennis_atp_shanghai_masters|f9f1baac19e915d28a83329e53af0ac8,Adrian Mannarino v Flavio Cobolli,2026-10-09T04:00:00+00:00,2026-10-09T04:00:00+00:00,UNCHANGED,tennis_predictions/exchange_probability_snapshots.csv|tennis_predictions/probability_snapshots.csv,2026-10-08T20:48:02.367725+00:00,7,0,EXCLUDED,EVENT_STARTED,est-1
c981108d23de5d37,tennis|tennis_atp_shanghai_masters|4e2c5a5395b42d51415ecd6dcbb351fa,Quentin Halys v Alexander Blockx,2026-10-09T04:00:00+00:00,2026-10-09T05:10:00+00:00,RESCHEDULED,tennis_predictions/exchange_probability_snapshots.csv|tennis_predictions/probability_snapshots.csv,2026-10-08T20:48:02.367725+00:00,7,0,EXCLUDED,EVENT_STARTED,est-1
a749bfabc06afd43,tennis|tennis_atp_shanghai_masters|7a32c48cac88a3d55ff9303c25cb94f2,Alexander Bublik v Tomas Machac,2026-10-09T04:00:00+00:00,2026-10-09T07:30:00+00:00,RESCHEDULED,tennis_predictions/exchange_probability_snapshots.csv|tennis_predictions/probability_snapshots.csv,2026-10-08T20:48:02.367725+00:00,7,0,EXCLUDED,EVENT_STARTED,est-1
cf2606c1e680dcaf,tennis|tennis_atp_shanghai_masters|9e9da1a2604439de365a38815946c567,Alexander Zverev v Wu Yibing,2026-10-09T04:00:00+00:00,2026-10-09T05:10:00+00:00,RESCHEDULED,tennis_predictions/exchange_probability_snapshots.csv|tennis_predictions/probability_snapshots.csv,2026-10-08T20:48:02.367725+00:00,7,0,EXCLUDED,EVENT_STARTED,est-1
02ec3c957a9d2e06,tennis|tennis_atp_shanghai_masters|09f619967e342f686cf7f54e12a2c3b8,Rei Sakamoto v Andrey Rublev,2026-10-09T04:00:00+00:00,2026-10-09T04:00:00+00:00,UNCHANGED,tennis_predictions/exchange_probability_snapshots.csv|tennis_predictions/probability_snapshots.csv,2026-10-08T20:48:02.367725+00:00,7,0,EXCLUDED,EVENT_STARTED,est-1
33e0e062c5b4c47e,tennis|tennis_atp_shanghai_masters|eb1e0b228ed44a2ea7cd0398f92f30f5,Arthur Gea v Ugo Humbert,2026-10-09T04:00:00+00:00,2026-10-09T04:00:00+00:00,UNCHANGED,tennis_predictions/exchange_probability_snapshots.csv|tennis_predictions/probability_snapshots.csv,2026-10-08T20:48:02.367725+00:00,7,0,EXCLUDED,EVENT_STARTED,est-1
beac8c5809aa62d1,tennis|tennis_atp_shanghai_masters|42f0f2c2a0b4f7cf927b8b00a6089279,Matteo Berrettini v Brandon Nakashima,2026-10-09T04:00:00+00:00,2026-10-09T05:10:00+00:00,RESCHEDULED,tennis_predictions/exchange_probability_snapshots.csv|tennis_predictions/probability_snapshots.csv,2026-10-08T20:48:02.367725+00:00,7,0,EXCLUDED,EVENT_STARTED,est-1
6b7ac9a167a4e6f3,tennis|tennis_atp_shanghai_masters|39b35a80c6dcdf3022287f85ce86188f,Yannick Hanfmann v Frances Tiafoe,2026-10-09T04:00:00+00:00,2026-10-09T05:10:00+00:00,RESCHEDULED,tennis_predictions/exchange_probability_snapshots.csv|tennis_predictions/probability_snapshots.csv,2026-10-08T20:48:02.367725+00:00,7,0,EXCLUDED,EVENT_STARTED,est-1
375db5cea442f5dd,tennis|tennis_atp_shanghai_masters|9195be0514275073aba14213083da83a,Francisco Cerundolo v Roman Safiullin,2026-10-09T04:00:00+00:00,2026-10-09T07:30:00+00:00,RESCHEDULED,tennis_predictions/exchange_probability_snapshots.csv|tennis_predictions/probability_snapshots.csv,2026-10-08T20:48:02.367725+00:00,7,0,EXCLUDED,EVENT_STARTED,est-1
0ece2709056c82be,tennis|tennis_atp_shanghai_masters|6f099b10621643e85800f00fb324d82c,Miomir Kecmanovic v Jakub Mensik,2026-10-09T04:00:00+00:00,2026-10-09T07:30:00+00:00,RESCHEDULED,tennis_predictions/exchange_probability_snapshots.csv|tennis_predictions/probability_snapshots.csv,2026-10-08T20:48:02.367725+00:00,7,0,EXCLUDED,EVENT_STARTED,est-1
3db2f088a23bf56e,tennis|tennis_atp_shanghai_masters|28d2881b2a6fd12a3dd67402513f1793,Yi Zhou v Lorenzo Musetti,2026-10-09T04:00:00+00:00,2026-10-09T11:10:00+00:00,RESCHEDULED,tennis_predictions/exchange_probability_snapshots.csv|tennis_predictions/probability_snapshots.csv,2026-10-08T20:48:02.367725+00:00,7,0,EXCLUDED,EVENT_STARTED,est-1
684323953149cb75,tennis|tennis_wta_china_open|ffe256b7d5ecc81af36b822714191ded,Elise Mertens v Iga Swiatek,2026-10-09T04:00:00+00:00,2026-10-09T11:00:00+00:00,RESCHEDULED,tennis_predictions/exchange_probability_snapshots.csv|tennis_predictions/probability_snapshots.csv,2026-10-08T20:48:02.367725+00:00,7,0,EXCLUDED,EVENT_STARTED,est-1
fe9866615a5e51ee,tennis|tennis_atp_shanghai_masters|1c50f0f54375e316e823480ca6ccf537,Ben Shelton v Daniel Altmaier,2026-10-09T04:00:00+00:00,2026-10-09T04:00:00+00:00,UNCHANGED,tennis_predictions/exchange_probability_snapshots.csv|tennis_predictions/probability_snapshots.csv,2026-10-08T20:48:02.367725+00:00,5,0,EXCLUDED,EVENT_STARTED,est-1
a5ba40432df2cde2,tennis|tennis_atp_shanghai_masters|d7318a67a9f28a8d0dd1ebb4b2d0d1e5,Alejandro Davidovich Fokina v Jenson Brooksby,2026-10-09T06:20:00+00:00,2026-10-09T06:20:00+00:00,UNCHANGED,tennis_predictions/exchange_probability_snapshots.csv|tennis_predictions/probability_snapshots.csv,2026-10-08T20:48:02.367725+00:00,5,0,EXCLUDED,EVENT_STARTED,est-1
f53784b7e69768f4,tennis|tennis_atp_shanghai_masters|7fa3afd6824f6f399b190a8b95e17b57,Alex de Minaur v Alex Molcan,2026-10-09T06:20:00+00:00,2026-10-09T06:20:00+00:00,UNCHANGED,tennis_predictions/exchange_probability_snapshots.csv|tennis_predictions/probability_snapshots.csv,2026-10-08T20:48:02.367725+00:00,5,0,EXCLUDED,EVENT_STARTED,est-1
0fd25504e28bcd13,tennis|tennis_atp_shanghai_masters|bd351fd9f9a56cd0cc2878d9ec9cda89,Karen Khachanov v Arthur Fery,2026-10-09T06:20:00+00:00,2026-10-09T06:20:00+00:00,UNCHANGED,tennis_predictions/exchange_probability_snapshots.csv|tennis_predictions/probability_snapshots.csv,2026-10-08T20:48:02.367725+00:00,5,0,EXCLUDED,EVENT_STARTED,est-1
ece96c5171209580,tennis|tennis_atp_shanghai_masters|fd5bcb456e544631851e4ef71ef8ad43,Novak Djokovic v Hubert Hurkacz,2026-10-09T10:00:00+00:00,2026-10-09T10:00:00+00:00,UNCHANGED,tennis_predictions/exchange_probability_snapshots.csv|tennis_predictions/probability_snapshots.csv,2026-10-08T20:48:02.367725+00:00,5,0,EXCLUDED,EVENT_STARTED,est-1
236a8c6d89af19dc,tennis|tennis_atp_shanghai_masters|28d2881b2a6fd12a3dd67402513f1793,Yi Zhou v Lorenzo Musetti,2026-10-09T11:10:00+00:00,2026-10-09T11:10:00+00:00,UNCHANGED,tennis_predictions/exchange_probability_snapshots.csv|tennis_predictions/probability_snapshots.csv,2026-10-08T20:48:02.367725+00:00,7,0,EXCLUDED,EVENT_STARTED,est-1
2c84bd7d776f76cb,tennis|tennis_atp_shanghai_masters|2432e144409714e5088f29c941e9a174,Tommy Paul v Adolfo Daniel Vallejo,2026-10-10T04:00:00+00:00,2026-10-10T07:30:00+00:00,RESCHEDULED,tennis_predictions/exchange_probability_snapshots.csv|tennis_predictions/probability_snapshots.csv,2026-10-09T15:16:32.961666+00:00,9,0,ELIGIBLE,,est-1
4a91ad53dfb3ef61,tennis|tennis_atp_shanghai_masters|0ba9530b1d1041cc4c380ad01c4274f7,Alejandro Tabilo v Pablo Carreno Busta,2026-10-10T04:00:00+00:00,2026-10-10T05:10:00+00:00,RESCHEDULED,tennis_predictions/exchange_probability_snapshots.csv|tennis_predictions/probability_snapshots.csv,2026-10-09T15:16:32.961666+00:00,9,0,ELIGIBLE,,est-1
9496341526f073cf,tennis|tennis_atp_shanghai_masters|055b1621c396157741db4c035bdfbf97,Arthur Fils v Pavel Kotov,2026-10-10T04:00:00+00:00,2026-10-10T06:20:00+00:00,RESCHEDULED,tennis_predictions/exchange_probability_snapshots.csv|tennis_predictions/probability_snapshots.csv,2026-10-09T15:16:32.961666+00:00,9,0,ELIGIBLE,,est-1
347dd11fe3cd95e8,tennis|tennis_atp_shanghai_masters|ab66ba3701bc01f34a870505b2ed3664,Camilo Ugo Carabelli v Felix Auger-Aliassime,2026-10-10T04:00:00+00:00,2026-10-10T04:00:00+00:00,UNCHANGED,tennis_predictions/exchange_probability_snapshots.csv|tennis_predictions/probability_snapshots.csv,2026-10-09T15:16:32.961666+00:00,9,0,ELIGIBLE,,est-1
5ed824f6b290d08a,tennis|tennis_atp_shanghai_masters|14d23eb588c1738ee5f06755abbca7d6,Juan Manuel Cerundolo v Carlos Alcaraz,2026-10-10T04:00:00+00:00,2026-10-10T10:00:00+00:00,RESCHEDULED,tennis_predictions/exchange_probability_snapshots.csv|tennis_predictions/probability_snapshots.csv,2026-10-09T15:16:32.961666+00:00,9,0,ELIGIBLE,,est-1
52d28e234fc76cf0,tennis|tennis_atp_shanghai_masters|0a4906a9969f8d393827e3f7139c07b3,Jiri Lehecka v Nuno Borges,2026-10-10T04:00:00+00:00,2026-10-10T04:00:00+00:00,UNCHANGED,tennis_predictions/exchange_probability_snapshots.csv|tennis_predictions/probability_snapshots.csv,2026-10-09T15:16:32.961666+00:00,9,0,ELIGIBLE,,est-1
4b69dc68bae87d5a,tennis|tennis_atp_shanghai_masters|4d08f2ba5bba7246b62dd126b7d80b12,Learner Tien v Zachary Svajda,2026-10-10T04:00:00+00:00,2026-10-10T06:20:00+00:00,RESCHEDULED,tennis_predictions/exchange_probability_snapshots.csv|tennis_predictions/probability_snapshots.csv,2026-10-09T15:16:32.961666+00:00,9,0,ELIGIBLE,,est-1
ecca3421bb2dce26,tennis|tennis_atp_shanghai_masters|83a3dfc3ecec15d3a3b663da0aefae6c,Luciano Darderi v Stefanos Tsitsipas,2026-10-10T04:00:00+00:00,2026-10-10T07:30:00+00:00,RESCHEDULED,tennis_predictions/exchange_probability_snapshots.csv|tennis_predictions/probability_snapshots.csv,2026-10-09T15:16:32.961666+00:00,9,0,ELIGIBLE,,est-1
f7ef4a34f00671c6,tennis|tennis_atp_shanghai_masters|26d5d67b3a435622bd6308bcdbe7b10e,Matteo Arnaldi v Taylor Fritz,2026-10-10T04:00:00+00:00,2026-10-10T05:10:00+00:00,RESCHEDULED,tennis_predictions/exchange_probability_snapshots.csv|tennis_predictions/probability_snapshots.csv,2026-10-09T15:16:32.961666+00:00,9,0,ELIGIBLE,,est-1
259e798e376776c3,tennis|tennis_atp_shanghai_masters|065609858b049e7674a0b4ed0a6be527,Thiago Agustin Tirante v Rafael Jodar,2026-10-10T04:00:00+00:00,2026-10-10T04:00:00+00:00,UNCHANGED,tennis_predictions/exchange_probability_snapshots.csv|tennis_predictions/probability_snapshots.csv,2026-10-09T15:16:32.961666+00:00,9,0,ELIGIBLE,,est-1
77a24b9f909e8737,tennis|tennis_atp_shanghai_masters|e6e26f542ae70879e6846cf1721d2f08,Sebastian Baez v Valentin Vacherot,2026-10-10T04:00:00+00:00,2026-10-10T11:10:00+00:00,RESCHEDULED,tennis_predictions/exchange_probability_snapshots.csv|tennis_predictions/probability_snapshots.csv,2026-10-09T15:16:32.961666+00:00,9,0,ELIGIBLE,,est-1
b9007e479bc38463,tennis|tennis_wta_china_open|10ff295353bc42df59a57a02170e241d,Qinwen Zheng v Elina Svitolina,2026-10-09T07:00:00+00:00,2026-10-09T07:00:00+00:00,UNCHANGED,tennis_predictions/exchange_probability_snapshots.csv|tennis_predictions/probability_snapshots.csv,2026-10-08T20:48:02.367725+00:00,5,0,EXCLUDED,EVENT_STARTED,est-1
212d831df7955a82,nhl|100868f90e5446c13a23eb2b7710724d,Utah Mammoth @ Boston Bruins,2026-10-08T23:00:00+00:00,2026-10-08T23:00:00+00:00,LEDGER_ONLY,unified_ledger.event_start,2026-10-08T11:06:59.309716+00:00,1,0,EXCLUDED,EVENT_STARTED,est-1
293b2c2b37ce7480,nhl|841087bae12b56c16406af177d78ea01,Dallas Stars @ Buffalo Sabres,2026-10-08T23:00:00+00:00,2026-10-08T23:00:00+00:00,LEDGER_ONLY,unified_ledger.event_start,2026-10-08T11:06:59.309716+00:00,1,0,EXCLUDED,EVENT_STARTED,est-1
67982687c0faa6ca,nhl|fb3c9515a5d3d97871d8e1a16b66bbad,Nashville Predators @ Montréal Canadiens,2026-10-08T23:00:00+00:00,2026-10-08T23:00:00+00:00,LEDGER_ONLY,unified_ledger.event_start,2026-10-08T11:06:59.309716+00:00,1,0,EXCLUDED,EVENT_STARTED,est-1
82a8674b417f40cc,nhl|89c5018d1ea1a2a1b79d4e805e10be46,Vancouver Canucks @ Carolina Hurricanes,2026-10-08T23:10:00+00:00,2026-10-08T23:10:00+00:00,LEDGER_ONLY,unified_ledger.event_start,2026-10-08T11:06:59.309716+00:00,1,0,EXCLUDED,EVENT_STARTED,est-1
a1ed316237b3f213,nhl|3b702ab811bcab589f06bf21e93f1543,Minnesota Wild @ Tampa Bay Lightning,2026-10-08T23:10:00+00:00,2026-10-08T23:10:00+00:00,LEDGER_ONLY,unified_ledger.event_start,2026-10-08T11:06:59.309716+00:00,1,0,EXCLUDED,EVENT_STARTED,est-1
4639cc464c947d1b,nhl|9f6db651fe2d7363616cc72625c4972d,Philadelphia Flyers @ Ottawa Senators,2026-10-08T23:10:00+00:00,2026-10-08T23:10:00+00:00,LEDGER_ONLY,unified_ledger.event_start,2026-10-08T11:06:59.309716+00:00,1,0,EXCLUDED,EVENT_STARTED,est-1
b10ce9d89982d70d,nhl|456511627961686e38a6c7699142504c,Chicago Blackhawks @ New York Islanders,2026-10-08T23:40:00+00:00,2026-10-08T23:40:00+00:00,LEDGER_ONLY,unified_ledger.event_start,2026-10-08T11:06:59.309716+00:00,1,0,EXCLUDED,EVENT_STARTED,est-1
3878b1c2074ec8df,nhl|01d78cd04d7c4fb958e1d02bace05ec4,San Jose Sharks @ St Louis Blues,2026-10-09T00:10:00+00:00,2026-10-09T00:10:00+00:00,LEDGER_ONLY,unified_ledger.event_start,2026-10-08T11:06:59.309716+00:00,1,0,EXCLUDED,EVENT_STARTED,est-1
5bb546cdf83cbd1e,nhl|3b439dd85f763c0f6ac04f3ade1e6117,Colorado Avalanche @ Calgary Flames,2026-10-09T01:10:00+00:00,2026-10-09T01:10:00+00:00,LEDGER_ONLY,unified_ledger.event_start,2026-10-08T11:06:59.309716+00:00,1,0,EXCLUDED,EVENT_STARTED,est-1
cafdf07d5b68ab60,nhl|a46280b902edb2cb0a859b0efcd01e8e,Toronto Maple Leafs @ Vegas Golden Knights,2026-10-09T02:10:00+00:00,2026-10-09T02:10:00+00:00,LEDGER_ONLY,unified_ledger.event_start,2026-10-08T11:06:59.309716+00:00,1,0,EXCLUDED,EVENT_STARTED,est-1
1e451c33d89e0f44,nfl|259b5df9aa0d10257f56de78523495e0,Tampa Bay Buccaneers @ Dallas Cowboys,2026-10-09T00:15:00+00:00,2026-10-09T00:15:00+00:00,LEDGER_ONLY,unified_ledger.event_start,2026-10-08T11:06:59.309716+00:00,1,0,EXCLUDED,EVENT_STARTED,est-1
24562dadf4634989,football|2. Bundesliga|1. FC Heidenheim v 1. FC Kaiserslautern|2026-10-09T16:30:00+00:00,1. FC Heidenheim v 1. FC Kaiserslautern,2026-10-09T16:30:00+00:00,2026-10-09T16:30:00+00:00,LEDGER_ONLY,unified_ledger.event_start,2026-10-08T14:28:00.276280+00:00,1,0,ELIGIBLE,,est-1
51e32a2b21f5b41b,football|2. Bundesliga|1. FC Heidenheim v 1. FC Kaiserslautern|2026-10-09T16:30:00+00:00,1. FC Heidenheim v 1. FC Kaiserslautern,2026-10-09T16:30:00+00:00,2026-10-09T16:30:00+00:00,LEDGER_ONLY,unified_ledger.event_start,2026-10-08T14:28:00.276280+00:00,1,0,ELIGIBLE,,est-1
90969ad19c4715d6,football|2. Bundesliga|1. FC Heidenheim v 1. FC Kaiserslautern|2026-10-09T16:30:00+00:00,1. FC Heidenheim v 1. FC Kaiserslautern,2026-10-09T16:30:00+00:00,2026-10-09T16:30:00+00:00,LEDGER_ONLY,unified_ledger.event_start,2026-10-08T14:28:00.276280+00:00,1,0,ELIGIBLE,,est-1
7bd9607f423a6800,football|2. Bundesliga|1. FC Heidenheim v 1. FC Kaiserslautern|2026-10-09T16:30:00+00:00,1. FC Heidenheim v 1. FC Kaiserslautern,2026-10-09T16:30:00+00:00,2026-10-09T16:30:00+00:00,LEDGER_ONLY,unified_ledger.event_start,2026-10-08T14:28:00.276280+00:00,1,0,ELIGIBLE,,est-1
57b9b1e9489ab21a,football|2. Bundesliga|1. FC Heidenheim v 1. FC Kaiserslautern|2026-10-09T16:30:00+00:00,1. FC Heidenheim v 1. FC Kaiserslautern,2026-10-09T16:30:00+00:00,2026-10-09T16:30:00+00:00,LEDGER_ONLY,unified_ledger.event_start,2026-10-08T14:28:00.276280+00:00,1,0,ELIGIBLE,,est-1
8e6a5f0ec6781ddf,football|2. Bundesliga|1. FC Heidenheim v 1. FC Kaiserslautern|2026-10-09T16:30:00+00:00,1. FC Heidenheim v 1. FC Kaiserslautern,2026-10-09T16:30:00+00:00,2026-10-09T16:30:00+00:00,LEDGER_ONLY,unified_ledger.event_start,2026-10-08T14:28:00.276280+00:00,1,0,ELIGIBLE,,est-1
247d43434d526369,football|2. Bundesliga|1. FC Magdeburg v Hannover 96|2026-10-10T11:00:00+00:00,1. FC Magdeburg v Hannover 96,2026-10-10T11:00:00+00:00,2026-10-10T11:00:00+00:00,LEDGER_ONLY,unified_ledger.event_start,2026-10-08T14:28:00.276280+00:00,1,0,ELIGIBLE,,est-1
0bdaa9336c7f0102,football|2. Bundesliga|1. FC Magdeburg v Hannover 96|2026-10-10T11:00:00+00:00,1. FC Magdeburg v Hannover 96,2026-10-10T11:00:00+00:00,2026-10-10T11:00:00+00:00,LEDGER_ONLY,unified_ledger.event_start,2026-10-08T14:28:00.276280+00:00,1,0,ELIGIBLE,,est-1
b653967a571b2b3f,football|2. Bundesliga|1. FC Magdeburg v Hannover 96|2026-10-10T11:00:00+00:00,1. FC Magdeburg v Hannover 96,2026-10-10T11:00:00+00:00,2026-10-10T11:00:00+00:00,LEDGER_ONLY,unified_ledger.event_start,2026-10-08T14:28:00.276280+00:00,1,0,ELIGIBLE,,est-1
14cb7967c5096af2,football|2. Bundesliga|1. FC Magdeburg v Hannover 96|2026-10-10T11:00:00+00:00,1. FC Magdeburg v Hannover 96,2026-10-10T11:00:00+00:00,2026-10-10T11:00:00+00:00,LEDGER_ONLY,unified_ledger.event_start,2026-10-08T14:28:00.276280+00:00,1,0,ELIGIBLE,,est-1
c644dd974f861d8e,football|2. Bundesliga|1. FC Magdeburg v Hannover 96|2026-10-10T11:00:00+00:00,1. FC Magdeburg v Hannover 96,2026-10-10T11:00:00+00:00,2026-10-10T11:00:00+00:00,LEDGER_ONLY,unified_ledger.event_start,2026-10-08T14:28:00.276280+00:00,1,0,ELIGIBLE,,est-1
d0ff7201f0a15758,football|2. Bundesliga|1. FC Magdeburg v Hannover 96|2026-10-10T11:00:00+00:00,1. FC Magdeburg v Hannover 96,2026-10-10T11:00:00+00:00,2026-10-10T11:00:00+00:00,LEDGER_ONLY,unified_ledger.event_start,2026-10-08T14:28:00.276280+00:00,1,0,ELIGIBLE,,est-1
34d719bd0fed3ee4,football|2. Bundesliga|Eintracht Braunschweig v Holstein Kiel|2026-10-09T16:30:00+00:00,Eintracht Braunschweig v Holstein Kiel,2026-10-09T16:30:00+00:00,2026-10-09T16:30:00+00:00,LEDGER_ONLY,unified_ledger.event_start,2026-10-08T14:28:00.276280+00:00,1,0,ELIGIBLE,,est-1
802548f5974ecb20,football|2. Bundesliga|Eintracht Braunschweig v Holstein Kiel|2026-10-09T16:30:00+00:00,Eintracht Braunschweig v Holstein Kiel,2026-10-09T16:30:00+00:00,2026-10-09T16:30:00+00:00,LEDGER_ONLY,unified_ledger.event_start,2026-10-08T14:28:00.276280+00:00,1,0,ELIGIBLE,,est-1
d7604de35bd23464,football|2. Bundesliga|Eintracht Braunschweig v Holstein Kiel|2026-10-09T16:30:00+00:00,Eintracht Braunschweig v Holstein Kiel,2026-10-09T16:30:00+00:00,2026-10-09T16:30:00+00:00,LEDGER_ONLY,unified_ledger.event_start,2026-10-08T14:28:00.276280+00:00,1,0,ELIGIBLE,,est-1
495cfaa604e0aa17,football|2. Bundesliga|Eintracht Braunschweig v Holstein Kiel|2026-10-09T16:30:00+00:00,Eintracht Braunschweig v Holstein Kiel,2026-10-09T16:30:00+00:00,2026-10-09T16:30:00+00:00,LEDGER_ONLY,unified_ledger.event_start,2026-10-08T14:28:00.276280+00:00,1,0,ELIGIBLE,,est-1
af49ade08fcfe5f1,football|2. Bundesliga|Eintracht Braunschweig v Holstein Kiel|2026-10-09T16:30:00+00:00,Eintracht Braunschweig v Holstein Kiel,2026-10-09T16:30:00+00:00,2026-10-09T16:30:00+00:00,LEDGER_ONLY,unified_ledger.event_start,2026-10-08T14:28:00.276280+00:00,1,0,ELIGIBLE,,est-1
e9c0d0820723adc8,football|2. Bundesliga|Eintracht Braunschweig v Holstein Kiel|2026-10-09T16:30:00+00:00,Eintracht Braunschweig v Holstein Kiel,2026-10-09T16:30:00+00:00,2026-10-09T16:30:00+00:00,LEDGER_ONLY,unified_ledger.event_start,2026-10-08T14:28:00.276280+00:00,1,0,ELIGIBLE,,est-1
125f3d31b3231d3e,football|2. Bundesliga|SV Darmstadt 98 v FC Energie Cottbus|2026-10-10T11:00:00+00:00,SV Darmstadt 98 v FC Energie Cottbus,2026-10-10T11:00:00+00:00,2026-10-10T11:00:00+00:00,LEDGER_ONLY,unified_ledger.event_start,2026-10-08T14:28:00.276280+00:00,1,0,ELIGIBLE,,est-1
75e1f052040a9ad0,football|2. Bundesliga|SV Darmstadt 98 v FC Energie Cottbus|2026-10-10T11:00:00+00:00,SV Darmstadt 98 v FC Energie Cottbus,2026-10-10T11:00:00+00:00,2026-10-10T11:00:00+00:00,LEDGER_ONLY,unified_ledger.event_start,2026-10-08T14:28:00.276280+00:00,1,0,ELIGIBLE,,est-1
0558501478e53ced,football|2. Bundesliga|SV Darmstadt 98 v FC Energie Cottbus|2026-10-10T11:00:00+00:00,SV Darmstadt 98 v FC Energie Cottbus,2026-10-10T11:00:00+00:00,2026-10-10T11:00:00+00:00,LEDGER_ONLY,unified_ledger.event_start,2026-10-08T14:28:00.276280+00:00,1,0,ELIGIBLE,,est-1
919157bbfc0ec351,football|2. Bundesliga|SV Darmstadt 98 v FC Energie Cottbus|2026-10-10T11:00:00+00:00,SV Darmstadt 98 v FC Energie Cottbus,2026-10-10T11:00:00+00:00,2026-10-10T11:00:00+00:00,LEDGER_ONLY,unified_ledger.event_start,2026-10-08T14:28:00.276280+00:00,1,0,ELIGIBLE,,est-1
7ea0e55eaf5d08c5,football|2. Bundesliga|SV Darmstadt 98 v FC Energie Cottbus|2026-10-10T11:00:00+00:00,SV Darmstadt 98 v FC Energie Cottbus,2026-10-10T11:00:00+00:00,2026-10-10T11:00:00+00:00,LEDGER_ONLY,unified_ledger.event_start,2026-10-08T14:28:00.276280+00:00,1,0,ELIGIBLE,,est-1
3e8a918a48863cb0,football|2. Bundesliga|SV Darmstadt 98 v FC Energie Cottbus|2026-10-10T11:00:00+00:00,SV Darmstadt 98 v FC Energie Cottbus,2026-10-10T11:00:00+00:00,2026-10-10T11:00:00+00:00,LEDGER_ONLY,unified_ledger.event_start,2026-10-08T14:28:00.276280+00:00,1,0,ELIGIBLE,,est-1
a2dad8ac905cc99c,football|2. Bundesliga|VfL Osnabrück v Dynamo Dresden|2026-10-10T11:00:00+00:00,VfL Osnabrück v Dynamo Dresden,2026-10-10T11:00:00+00:00,2026-10-10T11:00:00+00:00,LEDGER_ONLY,unified_ledger.event_start,2026-10-08T14:28:00.276280+00:00,1,0,ELIGIBLE,,est-1
82a6dfdb3cc6f629,football|2. Bundesliga|VfL Osnabrück v Dynamo Dresden|2026-10-10T11:00:00+00:00,VfL Osnabrück v Dynamo Dresden,2026-10-10T11:00:00+00:00,2026-10-10T11:00:00+00:00,LEDGER_ONLY,unified_ledger.event_start,2026-10-08T14:28:00.276280+00:00,1,0,ELIGIBLE,,est-1
0bea273e5686df64,football|2. Bundesliga|VfL Osnabrück v Dynamo Dresden|2026-10-10T11:00:00+00:00,VfL Osnabrück v Dynamo Dresden,2026-10-10T11:00:00+00:00,2026-10-10T11:00:00+00:00,LEDGER_ONLY,unified_ledger.event_start,2026-10-08T14:28:00.276280+00:00,1,0,ELIGIBLE,,est-1
2c6e714be779ba82,football|2. Bundesliga|VfL Osnabrück v Dynamo Dresden|2026-10-10T11:00:00+00:00,VfL Osnabrück v Dynamo Dresden,2026-10-10T11:00:00+00:00,2026-10-10T11:00:00+00:00,LEDGER_ONLY,unified_ledger.event_start,2026-10-08T14:28:00.276280+00:00,1,0,ELIGIBLE,,est-1
7c9f956a9935bf6e,football|2. Bundesliga|VfL Osnabrück v Dynamo Dresden|2026-10-10T11:00:00+00:00,VfL Osnabrück v Dynamo Dresden,2026-10-10T11:00:00+00:00,2026-10-10T11:00:00+00:00,LEDGER_ONLY,unified_ledger.event_start,2026-10-08T14:28:00.276280+00:00,1,0,ELIGIBLE,,est-1
d6d55c47f6425c39,football|2. Bundesliga|VfL Osnabrück v Dynamo Dresden|2026-10-10T11:00:00+00:00,VfL Osnabrück v Dynamo Dresden,2026-10-10T11:00:00+00:00,2026-10-10T11:00:00+00:00,LEDGER_ONLY,unified_ledger.event_start,2026-10-08T14:28:00.276280+00:00,1,0,ELIGIBLE,,est-1
511dbb1e30bcddc8,football|Belgian Pro League|Cercle Brugge KSV v Anderlecht|2026-10-10T14:00:00+00:00,Cercle Brugge KSV v Anderlecht,2026-10-10T14:00:00+00:00,2026-10-10T14:00:00+00:00,LEDGER_ONLY,unified_ledger.event_start,2026-10-08T14:28:00.276280+00:00,1,0,ELIGIBLE,,est-1
a12d1d26b3d3baaa,football|Belgian Pro League|Cercle Brugge KSV v Anderlecht|2026-10-10T14:00:00+00:00,Cercle Brugge KSV v Anderlecht,2026-10-10T14:00:00+00:00,2026-10-10T14:00:00+00:00,LEDGER_ONLY,unified_ledger.event_start,2026-10-08T14:28:00.276280+00:00,1,0,ELIGIBLE,,est-1
a816e137d11e58c7,football|Belgian Pro League|Cercle Brugge KSV v Anderlecht|2026-10-10T14:00:00+00:00,Cercle Brugge KSV v Anderlecht,2026-10-10T14:00:00+00:00,2026-10-10T14:00:00+00:00,LEDGER_ONLY,unified_ledger.event_start,2026-10-08T14:28:00.276280+00:00,1,0,ELIGIBLE,,est-1
b60bfb51354fb8fa,football|Belgian Pro League|Cercle Brugge KSV v Anderlecht|2026-10-10T14:00:00+00:00,Cercle Brugge KSV v Anderlecht,2026-10-10T14:00:00+00:00,2026-10-10T14:00:00+00:00,LEDGER_ONLY,unified_ledger.event_start,2026-10-08T14:28:00.276280+00:00,1,0,ELIGIBLE,,est-1
76bed0374bd611c1,football|Belgian Pro League|Cercle Brugge KSV v Anderlecht|2026-10-10T14:00:00+00:00,Cercle Brugge KSV v Anderlecht,2026-10-10T14:00:00+00:00,2026-10-10T14:00:00+00:00,LEDGER_ONLY,unified_ledger.event_start,2026-10-08T14:28:00.276280+00:00,1,0,ELIGIBLE,,est-1
f62dc345ec09d4e3,football|Belgian Pro League|Cercle Brugge KSV v Anderlecht|2026-10-10T14:00:00+00:00,Cercle Brugge KSV v Anderlecht,2026-10-10T14:00:00+00:00,2026-10-10T14:00:00+00:00,LEDGER_ONLY,unified_ledger.event_start,2026-10-08T14:28:00.276280+00:00,1,0,ELIGIBLE,,est-1
20bdcd3bb0a9cffe,football|Belgian Pro League|SK Beveren v Lommel SK|2026-10-09T18:45:00+00:00,SK Beveren v Lommel SK,2026-10-09T18:45:00+00:00,2026-10-09T18:45:00+00:00,LEDGER_ONLY,unified_ledger.event_start,2026-10-08T14:28:00.276280+00:00,1,0,ELIGIBLE,,est-1
70ba890bf66e780b,football|Belgian Pro League|SK Beveren v Lommel SK|2026-10-09T18:45:00+00:00,SK Beveren v Lommel SK,2026-10-09T18:45:00+00:00,2026-10-09T18:45:00+00:00,LEDGER_ONLY,unified_ledger.event_start,2026-10-08T14:28:00.276280+00:00,1,0,ELIGIBLE,,est-1
183ffa3cceab7345,football|Belgian Pro League|SK Beveren v Lommel SK|2026-10-09T18:45:00+00:00,SK Beveren v Lommel SK,2026-10-09T18:45:00+00:00,2026-10-09T18:45:00+00:00,LEDGER_ONLY,unified_ledger.event_start,2026-10-08T14:28:00.276280+00:00,1,0,ELIGIBLE,,est-1
b273758a56bfe4f6,football|Belgian Pro League|SK Beveren v Lommel SK|2026-10-09T18:45:00+00:00,SK Beveren v Lommel SK,2026-10-09T18:45:00+00:00,2026-10-09T18:45:00+00:00,LEDGER_ONLY,unified_ledger.event_start,2026-10-08T14:28:00.276280+00:00,1,0,ELIGIBLE,,est-1
03431a34008e3447,football|Belgian Pro League|SK Beveren v Lommel SK|2026-10-09T18:45:00+00:00,SK Beveren v Lommel SK,2026-10-09T18:45:00+00:00,2026-10-09T18:45:00+00:00,LEDGER_ONLY,unified_ledger.event_start,2026-10-08T14:28:00.276280+00:00,1,0,ELIGIBLE,,est-1
530199457b1b7197,football|Belgian Pro League|SK Beveren v Lommel SK|2026-10-09T18:45:00+00:00,SK Beveren v Lommel SK,2026-10-09T18:45:00+00:00,2026-10-09T18:45:00+00:00,LEDGER_ONLY,unified_ledger.event_start,2026-10-08T14:28:00.276280+00:00,1,0,ELIGIBLE,,est-1
9aec14b8793a81aa,football|Bundesliga|Augsburg v Bayern Munich|2026-10-10T13:30:00+00:00,Augsburg v Bayern Munich,2026-10-10T13:30:00+00:00,2026-10-10T13:30:00+00:00,LEDGER_ONLY,unified_ledger.event_start,2026-10-08T14:28:00.276280+00:00,1,0,ELIGIBLE,,est-1
374d611cd2d5fd78,football|Bundesliga|Augsburg v Bayern Munich|2026-10-10T13:30:00+00:00,Augsburg v Bayern Munich,2026-10-10T13:30:00+00:00,2026-10-10T13:30:00+00:00,LEDGER_ONLY,unified_ledger.event_start,2026-10-08T14:28:00.276280+00:00,1,0,ELIGIBLE,,est-1
b43ac985d8d93dc1,football|Bundesliga|Augsburg v Bayern Munich|2026-10-10T13:30:00+00:00,Augsburg v Bayern Munich,2026-10-10T13:30:00+00:00,2026-10-10T13:30:00+00:00,LEDGER_ONLY,unified_ledger.event_start,2026-10-08T14:28:00.276280+00:00,1,0,ELIGIBLE,,est-1
8c3b49b74a1b9caa,football|Bundesliga|Augsburg v Bayern Munich|2026-10-10T13:30:00+00:00,Augsburg v Bayern Munich,2026-10-10T13:30:00+00:00,2026-10-10T13:30:00+00:00,LEDGER_ONLY,unified_ledger.event_start,2026-10-08T14:28:00.276280+00:00,1,0,ELIGIBLE,,est-1
c7098ae28639c4ab,football|Bundesliga|Augsburg v Bayern Munich|2026-10-10T13:30:00+00:00,Augsburg v Bayern Munich,2026-10-10T13:30:00+00:00,2026-10-10T13:30:00+00:00,LEDGER_ONLY,unified_ledger.event_start,2026-10-08T14:28:00.276280+00:00,1,0,ELIGIBLE,,est-1
665c6c0c0ce97836,football|Bundesliga|Augsburg v Bayern Munich|2026-10-10T13:30:00+00:00,Augsburg v Bayern Munich,2026-10-10T13:30:00+00:00,2026-10-10T13:30:00+00:00,LEDGER_ONLY,unified_ledger.event_start,2026-10-08T14:28:00.276280+00:00,1,0,ELIGIBLE,,est-1
c4d2ecf83191c99d,football|Bundesliga|Borussia Dortmund v Werder Bremen|2026-10-09T18:30:00+00:00,Borussia Dortmund v Werder Bremen,2026-10-09T18:30:00+00:00,2026-10-09T18:30:00+00:00,LEDGER_ONLY,unified_ledger.event_start,2026-10-08T14:28:00.276280+00:00,1,0,ELIGIBLE,,est-1
6f0f945ef530f3b5,football|Bundesliga|Borussia Dortmund v Werder Bremen|2026-10-09T18:30:00+00:00,Borussia Dortmund v Werder Bremen,2026-10-09T18:30:00+00:00,2026-10-09T18:30:00+00:00,LEDGER_ONLY,unified_ledger.event_start,2026-10-08T14:28:00.276280+00:00,1,0,ELIGIBLE,,est-1
09e41d857749ebd3,football|Bundesliga|Borussia Dortmund v Werder Bremen|2026-10-09T18:30:00+00:00,Borussia Dortmund v Werder Bremen,2026-10-09T18:30:00+00:00,2026-10-09T18:30:00+00:00,LEDGER_ONLY,unified_ledger.event_start,2026-10-08T14:28:00.276280+00:00,1,0,ELIGIBLE,,est-1
7d7da56476e951e8,football|Bundesliga|Borussia Dortmund v Werder Bremen|2026-10-09T18:30:00+00:00,Borussia Dortmund v Werder Bremen,2026-10-09T18:30:00+00:00,2026-10-09T18:30:00+00:00,LEDGER_ONLY,unified_ledger.event_start,2026-10-08T14:28:00.276280+00:00,1,0,ELIGIBLE,,est-1
880ca666624f9e24,football|Bundesliga|Borussia Dortmund v Werder Bremen|2026-10-09T18:30:00+00:00,Borussia Dortmund v Werder Bremen,2026-10-09T18:30:00+00:00,2026-10-09T18:30:00+00:00,LEDGER_ONLY,unified_ledger.event_start,2026-10-08T14:28:00.276280+00:00,1,0,ELIGIBLE,,est-1
8b609dab1150f460,football|Bundesliga|Borussia Dortmund v Werder Bremen|2026-10-09T18:30:00+00:00,Borussia Dortmund v Werder Bremen,2026-10-09T18:30:00+00:00,2026-10-09T18:30:00+00:00,LEDGER_ONLY,unified_ledger.event_start,2026-10-08T14:28:00.276280+00:00,1,0,ELIGIBLE,,est-1
c7d3b1a63cd73f00,football|Bundesliga|FSV Mainz 05 v Bayer Leverkusen|2026-10-10T13:30:00+00:00,FSV Mainz 05 v Bayer Leverkusen,2026-10-10T13:30:00+00:00,2026-10-10T13:30:00+00:00,LEDGER_ONLY,unified_ledger.event_start,2026-10-08T14:28:00.276280+00:00,1,0,ELIGIBLE,,est-1
876a2d3893044b79,football|Bundesliga|FSV Mainz 05 v Bayer Leverkusen|2026-10-10T13:30:00+00:00,FSV Mainz 05 v Bayer Leverkusen,2026-10-10T13:30:00+00:00,2026-10-10T13:30:00+00:00,LEDGER_ONLY,unified_ledger.event_start,2026-10-08T14:28:00.276280+00:00,1,0,ELIGIBLE,,est-1
984a892f6a40b055,football|Bundesliga|FSV Mainz 05 v Bayer Leverkusen|2026-10-10T13:30:00+00:00,FSV Mainz 05 v Bayer Leverkusen,2026-10-10T13:30:00+00:00,2026-10-10T13:30:00+00:00,LEDGER_ONLY,unified_ledger.event_start,2026-10-08T14:28:00.276280+00:00,1,0,ELIGIBLE,,est-1
0dfb1eeea63e603e,football|Bundesliga|FSV Mainz 05 v Bayer Leverkusen|2026-10-10T13:30:00+00:00,FSV Mainz 05 v Bayer Leverkusen,2026-10-10T13:30:00+00:00,2026-10-10T13:30:00+00:00,LEDGER_ONLY,unified_ledger.event_start,2026-10-08T14:28:00.276280+00:00,1,0,ELIGIBLE,,est-1
2207d9bbde79f58f,football|Bundesliga|FSV Mainz 05 v Bayer Leverkusen|2026-10-10T13:30:00+00:00,FSV Mainz 05 v Bayer Leverkusen,2026-10-10T13:30:00+00:00,2026-10-10T13:30:00+00:00,LEDGER_ONLY,unified_ledger.event_start,2026-10-08T14:28:00.276280+00:00,1,0,ELIGIBLE,,est-1
18acd2406fadbf64,football|Bundesliga|FSV Mainz 05 v Bayer Leverkusen|2026-10-10T13:30:00+00:00,FSV Mainz 05 v Bayer Leverkusen,2026-10-10T13:30:00+00:00,2026-10-10T13:30:00+00:00,LEDGER_ONLY,unified_ledger.event_start,2026-10-08T14:28:00.276280+00:00,1,0,ELIGIBLE,,est-1
0c40bb22c0405972,football|Bundesliga|SC Paderborn v VfB Stuttgart|2026-10-10T13:30:00+00:00,SC Paderborn v VfB Stuttgart,2026-10-10T13:30:00+00:00,2026-10-10T13:30:00+00:00,LEDGER_ONLY,unified_ledger.event_start,2026-10-08T14:28:00.276280+00:00,1,0,ELIGIBLE,,est-1
7276103052086b95,football|Bundesliga|SC Paderborn v VfB Stuttgart|2026-10-10T13:30:00+00:00,SC Paderborn v VfB Stuttgart,2026-10-10T13:30:00+00:00,2026-10-10T13:30:00+00:00,LEDGER_ONLY,unified_ledger.event_start,2026-10-08T14:28:00.276280+00:00,1,0,ELIGIBLE,,est-1
f77ea80527b365d9,football|Bundesliga|SC Paderborn v VfB Stuttgart|2026-10-10T13:30:00+00:00,SC Paderborn v VfB Stuttgart,2026-10-10T13:30:00+00:00,2026-10-10T13:30:00+00:00,LEDGER_ONLY,unified_ledger.event_start,2026-10-08T14:28:00.276280+00:00,1,0,ELIGIBLE,,est-1
14f824db8c8ae65f,football|Bundesliga|SC Paderborn v VfB Stuttgart|2026-10-10T13:30:00+00:00,SC Paderborn v VfB Stuttgart,2026-10-10T13:30:00+00:00,2026-10-10T13:30:00+00:00,LEDGER_ONLY,unified_ledger.event_start,2026-10-08T14:28:00.276280+00:00,1,0,ELIGIBLE,,est-1
bf9599015dba99f7,football|Bundesliga|SC Paderborn v VfB Stuttgart|2026-10-10T13:30:00+00:00,SC Paderborn v VfB Stuttgart,2026-10-10T13:30:00+00:00,2026-10-10T13:30:00+00:00,LEDGER_ONLY,unified_ledger.event_start,2026-10-08T14:28:00.276280+00:00,1,0,ELIGIBLE,,est-1
dd946ae177380f6c,football|Bundesliga|SC Paderborn v VfB Stuttgart|2026-10-10T13:30:00+00:00,SC Paderborn v VfB Stuttgart,2026-10-10T13:30:00+00:00,2026-10-10T13:30:00+00:00,LEDGER_ONLY,unified_ledger.event_start,2026-10-08T14:28:00.276280+00:00,1,0,ELIGIBLE,,est-1
2343b7ced372d037,football|Bundesliga|TSG Hoffenheim v Hamburger SV|2026-10-10T13:30:00+00:00,TSG Hoffenheim v Hamburger SV,2026-10-10T13:30:00+00:00,2026-10-10T13:30:00+00:00,LEDGER_ONLY,unified_ledger.event_start,2026-10-08T14:28:00.276280+00:00,1,0,ELIGIBLE,,est-1
21fcb78969a29cb6,football|Bundesliga|TSG Hoffenheim v Hamburger SV|2026-10-10T13:30:00+00:00,TSG Hoffenheim v Hamburger SV,2026-10-10T13:30:00+00:00,2026-10-10T13:30:00+00:00,LEDGER_ONLY,unified_ledger.event_start,2026-10-08T14:28:00.276280+00:00,1,0,ELIGIBLE,,est-1
2408f217ec20deb0,football|Bundesliga|TSG Hoffenheim v Hamburger SV|2026-10-10T13:30:00+00:00,TSG Hoffenheim v Hamburger SV,2026-10-10T13:30:00+00:00,2026-10-10T13:30:00+00:00,LEDGER_ONLY,unified_ledger.event_start,2026-10-08T14:28:00.276280+00:00,1,0,ELIGIBLE,,est-1
dad34e8eda171699,football|Bundesliga|TSG Hoffenheim v Hamburger SV|2026-10-10T13:30:00+00:00,TSG Hoffenheim v Hamburger SV,2026-10-10T13:30:00+00:00,2026-10-10T13:30:00+00:00,LEDGER_ONLY,unified_ledger.event_start,2026-10-08T14:28:00.276280+00:00,1,0,ELIGIBLE,,est-1
3f734e5605b33042,football|Bundesliga|TSG Hoffenheim v Hamburger SV|2026-10-10T13:30:00+00:00,TSG Hoffenheim v Hamburger SV,2026-10-10T13:30:00+00:00,2026-10-10T13:30:00+00:00,LEDGER_ONLY,unified_ledger.event_start,2026-10-08T14:28:00.276280+00:00,1,0,ELIGIBLE,,est-1
297e65b40ca3d8fc,football|Bundesliga|TSG Hoffenheim v Hamburger SV|2026-10-10T13:30:00+00:00,TSG Hoffenheim v Hamburger SV,2026-10-10T13:30:00+00:00,2026-10-10T13:30:00+00:00,LEDGER_ONLY,unified_ledger.event_start,2026-10-08T14:28:00.276280+00:00,1,0,ELIGIBLE,,est-1
d9e9a5a391583c84,football|Bundesliga|Union Berlin v Elversberg|2026-10-10T13:30:00+00:00,Union Berlin v Elversberg,2026-10-10T13:30:00+00:00,2026-10-10T13:30:00+00:00,LEDGER_ONLY,unified_ledger.event_start,2026-10-08T14:28:00.276280+00:00,1,0,ELIGIBLE,,est-1
5b92398965f70f03,football|Bundesliga|Union Berlin v Elversberg|2026-10-10T13:30:00+00:00,Union Berlin v Elversberg,2026-10-10T13:30:00+00:00,2026-10-10T13:30:00+00:00,LEDGER_ONLY,unified_ledger.event_start,2026-10-08T14:28:00.276280+00:00,1,0,ELIGIBLE,,est-1
06927dcdb3eb6fa7,football|Bundesliga|Union Berlin v Elversberg|2026-10-10T13:30:00+00:00,Union Berlin v Elversberg,2026-10-10T13:30:00+00:00,2026-10-10T13:30:00+00:00,LEDGER_ONLY,unified_ledger.event_start,2026-10-08T14:28:00.276280+00:00,1,0,ELIGIBLE,,est-1
a35966c0112d1885,football|Bundesliga|Union Berlin v Elversberg|2026-10-10T13:30:00+00:00,Union Berlin v Elversberg,2026-10-10T13:30:00+00:00,2026-10-10T13:30:00+00:00,LEDGER_ONLY,unified_ledger.event_start,2026-10-08T14:28:00.276280+00:00,1,0,ELIGIBLE,,est-1
4545b77606177a69,football|Bundesliga|Union Berlin v Elversberg|2026-10-10T13:30:00+00:00,Union Berlin v Elversberg,2026-10-10T13:30:00+00:00,2026-10-10T13:30:00+00:00,LEDGER_ONLY,unified_ledger.event_start,2026-10-08T14:28:00.276280+00:00,1,0,ELIGIBLE,,est-1
436a51805fc63b6f,football|Bundesliga|Union Berlin v Elversberg|2026-10-10T13:30:00+00:00,Union Berlin v Elversberg,2026-10-10T13:30:00+00:00,2026-10-10T13:30:00+00:00,LEDGER_ONLY,unified_ledger.event_start,2026-10-08T14:28:00.276280+00:00,1,0,ELIGIBLE,,est-1
4b95ad907cac8465,football|Championship|Blackburn Rovers v Cardiff City|2026-10-10T14:00:00+00:00,Blackburn Rovers v Cardiff City,2026-10-10T14:00:00+00:00,2026-10-10T14:00:00+00:00,LEDGER_ONLY,unified_ledger.event_start,2026-10-08T14:28:00.276280+00:00,1,0,ELIGIBLE,,est-1
40f4bc817af8e722,football|Championship|Blackburn Rovers v Cardiff City|2026-10-10T14:00:00+00:00,Blackburn Rovers v Cardiff City,2026-10-10T14:00:00+00:00,2026-10-10T14:00:00+00:00,LEDGER_ONLY,unified_ledger.event_start,2026-10-08T14:28:00.276280+00:00,1,0,ELIGIBLE,,est-1
30f707d1d39dd65f,football|Championship|Blackburn Rovers v Cardiff City|2026-10-10T14:00:00+00:00,Blackburn Rovers v Cardiff City,2026-10-10T14:00:00+00:00,2026-10-10T14:00:00+00:00,LEDGER_ONLY,unified_ledger.event_start,2026-10-08T14:28:00.276280+00:00,1,0,ELIGIBLE,,est-1
115944c5f64b0dcc,football|Championship|Blackburn Rovers v Cardiff City|2026-10-10T14:00:00+00:00,Blackburn Rovers v Cardiff City,2026-10-10T14:00:00+00:00,2026-10-10T14:00:00+00:00,LEDGER_ONLY,unified_ledger.event_start,2026-10-08T14:28:00.276280+00:00,1,0,ELIGIBLE,,est-1
88d2ae838435d6c3,football|Championship|Blackburn Rovers v Cardiff City|2026-10-10T14:00:00+00:00,Blackburn Rovers v Cardiff City,2026-10-10T14:00:00+00:00,2026-10-10T14:00:00+00:00,LEDGER_ONLY,unified_ledger.event_start,2026-10-08T14:28:00.276280+00:00,1,0,ELIGIBLE,,est-1
f2e8c24038dcd817,football|Championship|Blackburn Rovers v Cardiff City|2026-10-10T14:00:00+00:00,Blackburn Rovers v Cardiff City,2026-10-10T14:00:00+00:00,2026-10-10T14:00:00+00:00,LEDGER_ONLY,unified_ledger.event_start,2026-10-08T14:28:00.276280+00:00,1,0,ELIGIBLE,,est-1
0a58f5aea0eeccfb,football|Championship|Blackburn Rovers v Cardiff City|2026-10-10T14:00:00+00:00,Blackburn Rovers v Cardiff City,2026-10-10T14:00:00+00:00,2026-10-10T14:00:00+00:00,LEDGER_ONLY,unified_ledger.event_start,2026-10-08T14:28:00.276280+00:00,1,0,ELIGIBLE,,est-1
8e6a9fee96c48112,football|Championship|Bolton Wanderers v Stoke City|2026-10-10T14:00:00+00:00,Bolton Wanderers v Stoke City,2026-10-10T14:00:00+00:00,2026-10-10T14:00:00+00:00,LEDGER_ONLY,unified_ledger.event_start,2026-10-08T14:28:00.276280+00:00,1,0,ELIGIBLE,,est-1
e248d0ec3682c460,football|Championship|Bolton Wanderers v Stoke City|2026-10-10T14:00:00+00:00,Bolton Wanderers v Stoke City,2026-10-10T14:00:00+00:00,2026-10-10T14:00:00+00:00,LEDGER_ONLY,unified_ledger.event_start,2026-10-08T14:28:00.276280+00:00,1,0,ELIGIBLE,,est-1
99fd3416f464c360,football|Championship|Bolton Wanderers v Stoke City|2026-10-10T14:00:00+00:00,Bolton Wanderers v Stoke City,2026-10-10T14:00:00+00:00,2026-10-10T14:00:00+00:00,LEDGER_ONLY,unified_ledger.event_start,2026-10-08T14:28:00.276280+00:00,1,0,ELIGIBLE,,est-1
3ccf6da62a1f1970,football|Championship|Bolton Wanderers v Stoke City|2026-10-10T14:00:00+00:00,Bolton Wanderers v Stoke City,2026-10-10T14:00:00+00:00,2026-10-10T14:00:00+00:00,LEDGER_ONLY,unified_ledger.event_start,2026-10-08T14:28:00.276280+00:00,1,0,ELIGIBLE,,est-1
3274d2628f69ba56,football|Championship|Bolton Wanderers v Stoke City|2026-10-10T14:00:00+00:00,Bolton Wanderers v Stoke City,2026-10-10T14:00:00+00:00,2026-10-10T14:00:00+00:00,LEDGER_ONLY,unified_ledger.event_start,2026-10-08T14:28:00.276280+00:00,1,0,ELIGIBLE,,est-1
c1d93876d687572c,football|Championship|Bolton Wanderers v Stoke City|2026-10-10T14:00:00+00:00,Bolton Wanderers v Stoke City,2026-10-10T14:00:00+00:00,2026-10-10T14:00:00+00:00,LEDGER_ONLY,unified_ledger.event_start,2026-10-08T14:28:00.276280+00:00,1,0,ELIGIBLE,,est-1
d7b4ad2356e0f7e3,football|Championship|Bolton Wanderers v Stoke City|2026-10-10T14:00:00+00:00,Bolton Wanderers v Stoke City,2026-10-10T14:00:00+00:00,2026-10-10T14:00:00+00:00,LEDGER_ONLY,unified_ledger.event_start,2026-10-08T14:28:00.276280+00:00,1,0,ELIGIBLE,,est-1
41a82e582e880822,football|Championship|Charlton Athletic v Bristol City|2026-10-10T11:30:00+00:00,Charlton Athletic v Bristol City,2026-10-10T11:30:00+00:00,2026-10-10T11:30:00+00:00,LEDGER_ONLY,unified_ledger.event_start,2026-10-08T14:28:00.276280+00:00,1,0,ELIGIBLE,,est-1
30bd0a69cbef2a32,football|Championship|Charlton Athletic v Bristol City|2026-10-10T11:30:00+00:00,Charlton Athletic v Bristol City,2026-10-10T11:30:00+00:00,2026-10-10T11:30:00+00:00,LEDGER_ONLY,unified_ledger.event_start,2026-10-08T14:28:00.276280+00:00,1,0,ELIGIBLE,,est-1
1321155f4c25c951,football|Championship|Charlton Athletic v Bristol City|2026-10-10T11:30:00+00:00,Charlton Athletic v Bristol City,2026-10-10T11:30:00+00:00,2026-10-10T11:30:00+00:00,LEDGER_ONLY,unified_ledger.event_start,2026-10-08T14:28:00.276280+00:00,1,0,ELIGIBLE,,est-1
6395ddb22ef1d4ee,football|Championship|Charlton Athletic v Bristol City|2026-10-10T11:30:00+00:00,Charlton Athletic v Bristol City,2026-10-10T11:30:00+00:00,2026-10-10T11:30:00+00:00,LEDGER_ONLY,unified_ledger.event_start,2026-10-08T14:28:00.276280+00:00,1,0,ELIGIBLE,,est-1
061d78f9ec812498,football|Championship|Charlton Athletic v Bristol City|2026-10-10T11:30:00+00:00,Charlton Athletic v Bristol City,2026-10-10T11:30:00+00:00,2026-10-10T11:30:00+00:00,LEDGER_ONLY,unified_ledger.event_start,2026-10-08T14:28:00.276280+00:00,1,0,ELIGIBLE,,est-1
09ad42090b54e8ae,football|Championship|Charlton Athletic v Bristol City|2026-10-10T11:30:00+00:00,Charlton Athletic v Bristol City,2026-10-10T11:30:00+00:00,2026-10-10T11:30:00+00:00,LEDGER_ONLY,unified_ledger.event_start,2026-10-08T14:28:00.276280+00:00,1,0,ELIGIBLE,,est-1
69b0f80350eb9053,football|Championship|Charlton Athletic v Bristol City|2026-10-10T11:30:00+00:00,Charlton Athletic v Bristol City,2026-10-10T11:30:00+00:00,2026-10-10T11:30:00+00:00,LEDGER_ONLY,unified_ledger.event_start,2026-10-08T14:28:00.276280+00:00,1,0,ELIGIBLE,,est-1
b2f5ac0c899e80c4,football|Championship|Derby County v Wrexham AFC|2026-10-10T14:00:00+00:00,Derby County v Wrexham AFC,2026-10-10T14:00:00+00:00,2026-10-10T14:00:00+00:00,LEDGER_ONLY,unified_ledger.event_start,2026-10-08T14:28:00.276280+00:00,1,0,ELIGIBLE,,est-1
8512c0bfb2913e4c,football|Championship|Derby County v Wrexham AFC|2026-10-10T14:00:00+00:00,Derby County v Wrexham AFC,2026-10-10T14:00:00+00:00,2026-10-10T14:00:00+00:00,LEDGER_ONLY,unified_ledger.event_start,2026-10-08T14:28:00.276280+00:00,1,0,ELIGIBLE,,est-1
6dcb67e9d1b9ddd3,football|Championship|Derby County v Wrexham AFC|2026-10-10T14:00:00+00:00,Derby County v Wrexham AFC,2026-10-10T14:00:00+00:00,2026-10-10T14:00:00+00:00,LEDGER_ONLY,unified_ledger.event_start,2026-10-08T14:28:00.276280+00:00,1,0,ELIGIBLE,,est-1
b9bbbc54da677767,football|Championship|Derby County v Wrexham AFC|2026-10-10T14:00:00+00:00,Derby County v Wrexham AFC,2026-10-10T14:00:00+00:00,2026-10-10T14:00:00+00:00,LEDGER_ONLY,unified_ledger.event_start,2026-10-08T14:28:00.276280+00:00,1,0,ELIGIBLE,,est-1
261a76857aa53701,football|Championship|Derby County v Wrexham AFC|2026-10-10T14:00:00+00:00,Derby County v Wrexham AFC,2026-10-10T14:00:00+00:00,2026-10-10T14:00:00+00:00,LEDGER_ONLY,unified_ledger.event_start,2026-10-08T14:28:00.276280+00:00,1,0,ELIGIBLE,,est-1
0df5efa0b8df7f8f,football|Championship|Derby County v Wrexham AFC|2026-10-10T14:00:00+00:00,Derby County v Wrexham AFC,2026-10-10T14:00:00+00:00,2026-10-10T14:00:00+00:00,LEDGER_ONLY,unified_ledger.event_start,2026-10-08T14:28:00.276280+00:00,1,0,ELIGIBLE,,est-1
523c5b33aff0549d,football|Championship|Derby County v Wrexham AFC|2026-10-10T14:00:00+00:00,Derby County v Wrexham AFC,2026-10-10T14:00:00+00:00,2026-10-10T14:00:00+00:00,LEDGER_ONLY,unified_ledger.event_start,2026-10-08T14:28:00.276280+00:00,1,0,ELIGIBLE,,est-1
89cd354178a955ad,football|Championship|Middlesbrough v Wolverhampton Wanderers|2026-10-10T14:00:00+00:00,Middlesbrough v Wolverhampton Wanderers,2026-10-10T14:00:00+00:00,2026-10-10T14:00:00+00:00,LEDGER_ONLY,unified_ledger.event_start,2026-10-08T14:28:00.276280+00:00,1,0,ELIGIBLE,,est-1
152f7522e1d84b65,football|Championship|Middlesbrough v Wolverhampton Wanderers|2026-10-10T14:00:00+00:00,Middlesbrough v Wolverhampton Wanderers,2026-10-10T14:00:00+00:00,2026-10-10T14:00:00+00:00,LEDGER_ONLY,unified_ledger.event_start,2026-10-08T14:28:00.276280+00:00,1,0,ELIGIBLE,,est-1
05d755fc49982082,football|Championship|Middlesbrough v Wolverhampton Wanderers|2026-10-10T14:00:00+00:00,Middlesbrough v Wolverhampton Wanderers,2026-10-10T14:00:00+00:00,2026-10-10T14:00:00+00:00,LEDGER_ONLY,unified_ledger.event_start,2026-10-08T14:28:00.276280+00:00,1,0,ELIGIBLE,,est-1
02682606bea1af4b,football|Championship|Middlesbrough v Wolverhampton Wanderers|2026-10-10T14:00:00+00:00,Middlesbrough v Wolverhampton Wanderers,2026-10-10T14:00:00+00:00,2026-10-10T14:00:00+00:00,LEDGER_ONLY,unified_ledger.event_start,2026-10-08T14:28:00.276280+00:00,1,0,ELIGIBLE,,est-1
a05c93ea7f93e8c8,football|Championship|Middlesbrough v Wolverhampton Wanderers|2026-10-10T14:00:00+00:00,Middlesbrough v Wolverhampton Wanderers,2026-10-10T14:00:00+00:00,2026-10-10T14:00:00+00:00,LEDGER_ONLY,unified_ledger.event_start,2026-10-08T14:28:00.276280+00:00,1,0,ELIGIBLE,,est-1
fd6d97521abf1002,football|Championship|Middlesbrough v Wolverhampton Wanderers|2026-10-10T14:00:00+00:00,Middlesbrough v Wolverhampton Wanderers,2026-10-10T14:00:00+00:00,2026-10-10T14:00:00+00:00,LEDGER_ONLY,unified_ledger.event_start,2026-10-08T14:28:00.276280+00:00,1,0,ELIGIBLE,,est-1
05585f0b356831f7,football|Championship|Middlesbrough v Wolverhampton Wanderers|2026-10-10T14:00:00+00:00,Middlesbrough v Wolverhampton Wanderers,2026-10-10T14:00:00+00:00,2026-10-10T14:00:00+00:00,LEDGER_ONLY,unified_ledger.event_start,2026-10-08T14:28:00.276280+00:00,1,0,ELIGIBLE,,est-1
e090e032924862fa,football|Championship|Preston North End v Millwall|2026-10-10T14:00:00+00:00,Preston North End v Millwall,2026-10-10T14:00:00+00:00,2026-10-10T14:00:00+00:00,LEDGER_ONLY,unified_ledger.event_start,2026-10-08T14:28:00.276280+00:00,1,0,ELIGIBLE,,est-1
d8c1431d1f74ed29,football|Championship|Preston North End v Millwall|2026-10-10T14:00:00+00:00,Preston North End v Millwall,2026-10-10T14:00:00+00:00,2026-10-10T14:00:00+00:00,LEDGER_ONLY,unified_ledger.event_start,2026-10-08T14:28:00.276280+00:00,1,0,ELIGIBLE,,est-1
ad2789f3475521e7,football|Championship|Preston North End v Millwall|2026-10-10T14:00:00+00:00,Preston North End v Millwall,2026-10-10T14:00:00+00:00,2026-10-10T14:00:00+00:00,LEDGER_ONLY,unified_ledger.event_start,2026-10-08T14:28:00.276280+00:00,1,0,ELIGIBLE,,est-1
f796eea4c7e93065,football|Championship|Preston North End v Millwall|2026-10-10T14:00:00+00:00,Preston North End v Millwall,2026-10-10T14:00:00+00:00,2026-10-10T14:00:00+00:00,LEDGER_ONLY,unified_ledger.event_start,2026-10-08T14:28:00.276280+00:00,1,0,ELIGIBLE,,est-1
18a8161fd38d288d,football|Championship|Preston North End v Millwall|2026-10-10T14:00:00+00:00,Preston North End v Millwall,2026-10-10T14:00:00+00:00,2026-10-10T14:00:00+00:00,LEDGER_ONLY,unified_ledger.event_start,2026-10-08T14:28:00.276280+00:00,1,0,ELIGIBLE,,est-1
e064a47c763a5e1b,football|Championship|Preston North End v Millwall|2026-10-10T14:00:00+00:00,Preston North End v Millwall,2026-10-10T14:00:00+00:00,2026-10-10T14:00:00+00:00,LEDGER_ONLY,unified_ledger.event_start,2026-10-08T14:28:00.276280+00:00,1,0,ELIGIBLE,,est-1
8ad6ad5c8bd7ff5b,football|Championship|Preston North End v Millwall|2026-10-10T14:00:00+00:00,Preston North End v Millwall,2026-10-10T14:00:00+00:00,2026-10-10T14:00:00+00:00,LEDGER_ONLY,unified_ledger.event_start,2026-10-08T14:28:00.276280+00:00,1,0,ELIGIBLE,,est-1
abe58e63b44f3762,football|Championship|Sheffield United v Lincoln City|2026-10-10T14:00:00+00:00,Sheffield United v Lincoln City,2026-10-10T14:00:00+00:00,2026-10-10T14:00:00+00:00,LEDGER_ONLY,unified_ledger.event_start,2026-10-08T14:28:00.276280+00:00,1,0,ELIGIBLE,,est-1
4107159a1c479035,football|Championship|Sheffield United v Lincoln City|2026-10-10T14:00:00+00:00,Sheffield United v Lincoln City,2026-10-10T14:00:00+00:00,2026-10-10T14:00:00+00:00,LEDGER_ONLY,unified_ledger.event_start,2026-10-08T14:28:00.276280+00:00,1,0,ELIGIBLE,,est-1
1e0a8ac8c8930fe1,football|Championship|Sheffield United v Lincoln City|2026-10-10T14:00:00+00:00,Sheffield United v Lincoln City,2026-10-10T14:00:00+00:00,2026-10-10T14:00:00+00:00,LEDGER_ONLY,unified_ledger.event_start,2026-10-08T14:28:00.276280+00:00,1,0,ELIGIBLE,,est-1
ba46a4a0265f7bf9,football|Championship|Sheffield United v Lincoln City|2026-10-10T14:00:00+00:00,Sheffield United v Lincoln City,2026-10-10T14:00:00+00:00,2026-10-10T14:00:00+00:00,LEDGER_ONLY,unified_ledger.event_start,2026-10-08T14:28:00.276280+00:00,1,0,ELIGIBLE,,est-1
430f073fffe1e8c6,football|Championship|Sheffield United v Lincoln City|2026-10-10T14:00:00+00:00,Sheffield United v Lincoln City,2026-10-10T14:00:00+00:00,2026-10-10T14:00:00+00:00,LEDGER_ONLY,unified_ledger.event_start,2026-10-08T14:28:00.276280+00:00,1,0,ELIGIBLE,,est-1
5a3a2e273a245a7c,football|Championship|Sheffield United v Lincoln City|2026-10-10T14:00:00+00:00,Sheffield United v Lincoln City,2026-10-10T14:00:00+00:00,2026-10-10T14:00:00+00:00,LEDGER_ONLY,unified_ledger.event_start,2026-10-08T14:28:00.276280+00:00,1,0,ELIGIBLE,,est-1
0fc3fa8df8abbdf1,football|Championship|Sheffield United v Lincoln City|2026-10-10T14:00:00+00:00,Sheffield United v Lincoln City,2026-10-10T14:00:00+00:00,2026-10-10T14:00:00+00:00,LEDGER_ONLY,unified_ledger.event_start,2026-10-08T14:28:00.276280+00:00,1,0,ELIGIBLE,,est-1
41c508e7a5188b7c,football|Championship|Swansea City v Norwich City|2026-10-10T11:30:00+00:00,Swansea City v Norwich City,2026-10-10T11:30:00+00:00,2026-10-10T11:30:00+00:00,LEDGER_ONLY,unified_ledger.event_start,2026-10-08T14:28:00.276280+00:00,1,0,ELIGIBLE,,est-1
d183b161ffcb4f41,football|Championship|Swansea City v Norwich City|2026-10-10T11:30:00+00:00,Swansea City v Norwich City,2026-10-10T11:30:00+00:00,2026-10-10T11:30:00+00:00,LEDGER_ONLY,unified_ledger.event_start,2026-10-08T14:28:00.276280+00:00,1,0,ELIGIBLE,,est-1
4bc10378724df598,football|Championship|Swansea City v Norwich City|2026-10-10T11:30:00+00:00,Swansea City v Norwich City,2026-10-10T11:30:00+00:00,2026-10-10T11:30:00+00:00,LEDGER_ONLY,unified_ledger.event_start,2026-10-08T14:28:00.276280+00:00,1,0,ELIGIBLE,,est-1
49e4eb3e07923928,football|Championship|Swansea City v Norwich City|2026-10-10T11:30:00+00:00,Swansea City v Norwich City,2026-10-10T11:30:00+00:00,2026-10-10T11:30:00+00:00,LEDGER_ONLY,unified_ledger.event_start,2026-10-08T14:28:00.276280+00:00,1,0,ELIGIBLE,,est-1
69500ae76f9a4751,football|Championship|Swansea City v Norwich City|2026-10-10T11:30:00+00:00,Swansea City v Norwich City,2026-10-10T11:30:00+00:00,2026-10-10T11:30:00+00:00,LEDGER_ONLY,unified_ledger.event_start,2026-10-08T14:28:00.276280+00:00,1,0,ELIGIBLE,,est-1
ac9a6d92905d42d0,football|Championship|Swansea City v Norwich City|2026-10-10T11:30:00+00:00,Swansea City v Norwich City,2026-10-10T11:30:00+00:00,2026-10-10T11:30:00+00:00,LEDGER_ONLY,unified_ledger.event_start,2026-10-08T14:28:00.276280+00:00,1,0,ELIGIBLE,,est-1
1ecb9585cf25fb9c,football|Championship|Swansea City v Norwich City|2026-10-10T11:30:00+00:00,Swansea City v Norwich City,2026-10-10T11:30:00+00:00,2026-10-10T11:30:00+00:00,LEDGER_ONLY,unified_ledger.event_start,2026-10-08T14:28:00.276280+00:00,1,0,ELIGIBLE,,est-1
9e815cdf0034e187,football|Championship|Watford v Burnley|2026-10-10T14:00:00+00:00,Watford v Burnley,2026-10-10T14:00:00+00:00,2026-10-10T14:00:00+00:00,LEDGER_ONLY,unified_ledger.event_start,2026-10-08T14:28:00.276280+00:00,1,0,ELIGIBLE,,est-1
1a2b8810f37793c5,football|Championship|Watford v Burnley|2026-10-10T14:00:00+00:00,Watford v Burnley,2026-10-10T14:00:00+00:00,2026-10-10T14:00:00+00:00,LEDGER_ONLY,unified_ledger.event_start,2026-10-08T14:28:00.276280+00:00,1,0,ELIGIBLE,,est-1
52dcd0823d6c1635,football|Championship|Watford v Burnley|2026-10-10T14:00:00+00:00,Watford v Burnley,2026-10-10T14:00:00+00:00,2026-10-10T14:00:00+00:00,LEDGER_ONLY,unified_ledger.event_start,2026-10-08T14:28:00.276280+00:00,1,0,ELIGIBLE,,est-1
fa9ca03d90006235,football|Championship|Watford v Burnley|2026-10-10T14:00:00+00:00,Watford v Burnley,2026-10-10T14:00:00+00:00,2026-10-10T14:00:00+00:00,LEDGER_ONLY,unified_ledger.event_start,2026-10-08T14:28:00.276280+00:00,1,0,ELIGIBLE,,est-1
80a7dcb85caec699,football|Championship|Watford v Burnley|2026-10-10T14:00:00+00:00,Watford v Burnley,2026-10-10T14:00:00+00:00,2026-10-10T14:00:00+00:00,LEDGER_ONLY,unified_ledger.event_start,2026-10-08T14:28:00.276280+00:00,1,0,ELIGIBLE,,est-1
fa9a91d333748a33,football|Championship|Watford v Burnley|2026-10-10T14:00:00+00:00,Watford v Burnley,2026-10-10T14:00:00+00:00,2026-10-10T14:00:00+00:00,LEDGER_ONLY,unified_ledger.event_start,2026-10-08T14:28:00.276280+00:00,1,0,ELIGIBLE,,est-1
670d8b30e554ad01,football|Championship|Watford v Burnley|2026-10-10T14:00:00+00:00,Watford v Burnley,2026-10-10T14:00:00+00:00,2026-10-10T14:00:00+00:00,LEDGER_ONLY,unified_ledger.event_start,2026-10-08T14:28:00.276280+00:00,1,0,ELIGIBLE,,est-1
31c5f926bee68174,football|Championship|West Bromwich Albion v Birmingham City|2026-10-10T11:30:00+00:00,West Bromwich Albion v Birmingham City,2026-10-10T11:30:00+00:00,2026-10-10T11:30:00+00:00,LEDGER_ONLY,unified_ledger.event_start,2026-10-08T14:28:00.276280+00:00,1,0,ELIGIBLE,,est-1
f14fd5de1c6d4a62,football|Championship|West Bromwich Albion v Birmingham City|2026-10-10T11:30:00+00:00,West Bromwich Albion v Birmingham City,2026-10-10T11:30:00+00:00,2026-10-10T11:30:00+00:00,LEDGER_ONLY,unified_ledger.event_start,2026-10-08T14:28:00.276280+00:00,1,0,ELIGIBLE,,est-1
477314c487e7d1f0,football|Championship|West Bromwich Albion v Birmingham City|2026-10-10T11:30:00+00:00,West Bromwich Albion v Birmingham City,2026-10-10T11:30:00+00:00,2026-10-10T11:30:00+00:00,LEDGER_ONLY,unified_ledger.event_start,2026-10-08T14:28:00.276280+00:00,1,0,ELIGIBLE,,est-1
b72facf3d2ab2c99,football|Championship|West Bromwich Albion v Birmingham City|2026-10-10T11:30:00+00:00,West Bromwich Albion v Birmingham City,2026-10-10T11:30:00+00:00,2026-10-10T11:30:00+00:00,LEDGER_ONLY,unified_ledger.event_start,2026-10-08T14:28:00.276280+00:00,1,0,ELIGIBLE,,est-1
469bf6f5bfd14f98,football|Championship|West Bromwich Albion v Birmingham City|2026-10-10T11:30:00+00:00,West Bromwich Albion v Birmingham City,2026-10-10T11:30:00+00:00,2026-10-10T11:30:00+00:00,LEDGER_ONLY,unified_ledger.event_start,2026-10-08T14:28:00.276280+00:00,1,0,ELIGIBLE,,est-1
21e64ac1867957c6,football|Championship|West Bromwich Albion v Birmingham City|2026-10-10T11:30:00+00:00,West Bromwich Albion v Birmingham City,2026-10-10T11:30:00+00:00,2026-10-10T11:30:00+00:00,LEDGER_ONLY,unified_ledger.event_start,2026-10-08T14:28:00.276280+00:00,1,0,ELIGIBLE,,est-1
60fdab24cb95e8b7,football|Championship|West Bromwich Albion v Birmingham City|2026-10-10T11:30:00+00:00,West Bromwich Albion v Birmingham City,2026-10-10T11:30:00+00:00,2026-10-10T11:30:00+00:00,LEDGER_ONLY,unified_ledger.event_start,2026-10-08T14:28:00.276280+00:00,1,0,ELIGIBLE,,est-1
c23891c52eef0e60,football|Championship|West Ham United v Queens Park Rangers|2026-10-09T19:00:00+00:00,West Ham United v Queens Park Rangers,2026-10-09T19:00:00+00:00,2026-10-09T19:00:00+00:00,LEDGER_ONLY,unified_ledger.event_start,2026-10-08T14:28:00.276280+00:00,1,0,ELIGIBLE,,est-1
e2fc9b01db17cb91,football|Championship|West Ham United v Queens Park Rangers|2026-10-09T19:00:00+00:00,West Ham United v Queens Park Rangers,2026-10-09T19:00:00+00:00,2026-10-09T19:00:00+00:00,LEDGER_ONLY,unified_ledger.event_start,2026-10-08T14:28:00.276280+00:00,1,0,ELIGIBLE,,est-1
af9bfc8e1c9e1f24,football|Championship|West Ham United v Queens Park Rangers|2026-10-09T19:00:00+00:00,West Ham United v Queens Park Rangers,2026-10-09T19:00:00+00:00,2026-10-09T19:00:00+00:00,LEDGER_ONLY,unified_ledger.event_start,2026-10-08T14:28:00.276280+00:00,1,0,ELIGIBLE,,est-1
4ef513192b06af42,football|Championship|West Ham United v Queens Park Rangers|2026-10-09T19:00:00+00:00,West Ham United v Queens Park Rangers,2026-10-09T19:00:00+00:00,2026-10-09T19:00:00+00:00,LEDGER_ONLY,unified_ledger.event_start,2026-10-08T14:28:00.276280+00:00,1,0,ELIGIBLE,,est-1
dae9860f9c58b76a,football|Championship|West Ham United v Queens Park Rangers|2026-10-09T19:00:00+00:00,West Ham United v Queens Park Rangers,2026-10-09T19:00:00+00:00,2026-10-09T19:00:00+00:00,LEDGER_ONLY,unified_ledger.event_start,2026-10-08T14:28:00.276280+00:00,1,0,ELIGIBLE,,est-1
445eea790a440b8b,football|Championship|West Ham United v Queens Park Rangers|2026-10-09T19:00:00+00:00,West Ham United v Queens Park Rangers,2026-10-09T19:00:00+00:00,2026-10-09T19:00:00+00:00,LEDGER_ONLY,unified_ledger.event_start,2026-10-08T14:28:00.276280+00:00,1,0,ELIGIBLE,,est-1
6173fbfdcc9bd0d1,football|Championship|West Ham United v Queens Park Rangers|2026-10-09T19:00:00+00:00,West Ham United v Queens Park Rangers,2026-10-09T19:00:00+00:00,2026-10-09T19:00:00+00:00,LEDGER_ONLY,unified_ledger.event_start,2026-10-08T14:28:00.276280+00:00,1,0,ELIGIBLE,,est-1
91ad0b92e82e368b,football|Eredivisie|PSV Eindhoven v Heerenveen|2026-10-09T18:00:00+00:00,PSV Eindhoven v Heerenveen,2026-10-09T18:00:00+00:00,2026-10-09T18:00:00+00:00,LEDGER_ONLY,unified_ledger.event_start,2026-10-08T14:28:00.276280+00:00,1,0,ELIGIBLE,,est-1
61379a8a3c3a99e0,football|Eredivisie|PSV Eindhoven v Heerenveen|2026-10-09T18:00:00+00:00,PSV Eindhoven v Heerenveen,2026-10-09T18:00:00+00:00,2026-10-09T18:00:00+00:00,LEDGER_ONLY,unified_ledger.event_start,2026-10-08T14:28:00.276280+00:00,1,0,ELIGIBLE,,est-1
ab7d307f098cc6df,football|Eredivisie|PSV Eindhoven v Heerenveen|2026-10-09T18:00:00+00:00,PSV Eindhoven v Heerenveen,2026-10-09T18:00:00+00:00,2026-10-09T18:00:00+00:00,LEDGER_ONLY,unified_ledger.event_start,2026-10-08T14:28:00.276280+00:00,1,0,ELIGIBLE,,est-1
fca672e4f16648bc,football|Eredivisie|PSV Eindhoven v Heerenveen|2026-10-09T18:00:00+00:00,PSV Eindhoven v Heerenveen,2026-10-09T18:00:00+00:00,2026-10-09T18:00:00+00:00,LEDGER_ONLY,unified_ledger.event_start,2026-10-08T14:28:00.276280+00:00,1,0,ELIGIBLE,,est-1
e124544c2c85e9ac,football|Eredivisie|PSV Eindhoven v Heerenveen|2026-10-09T18:00:00+00:00,PSV Eindhoven v Heerenveen,2026-10-09T18:00:00+00:00,2026-10-09T18:00:00+00:00,LEDGER_ONLY,unified_ledger.event_start,2026-10-08T14:28:00.276280+00:00,1,0,ELIGIBLE,,est-1
03a24b3811b2d0ce,football|Eredivisie|PSV Eindhoven v Heerenveen|2026-10-09T18:00:00+00:00,PSV Eindhoven v Heerenveen,2026-10-09T18:00:00+00:00,2026-10-09T18:00:00+00:00,LEDGER_ONLY,unified_ledger.event_start,2026-10-08T14:28:00.276280+00:00,1,0,ELIGIBLE,,est-1
dc081075bf5c8e4e,football|La Liga|Alavés v Atlético Madrid|2026-10-10T14:15:00+00:00,Alavés v Atlético Madrid,2026-10-10T14:15:00+00:00,2026-10-10T14:15:00+00:00,LEDGER_ONLY,unified_ledger.event_start,2026-10-08T14:28:00.276280+00:00,1,0,ELIGIBLE,,est-1
5aecc0accbfa8ca9,football|La Liga|Alavés v Atlético Madrid|2026-10-10T14:15:00+00:00,Alavés v Atlético Madrid,2026-10-10T14:15:00+00:00,2026-10-10T14:15:00+00:00,LEDGER_ONLY,unified_ledger.event_start,2026-10-08T14:28:00.276280+00:00,1,0,ELIGIBLE,,est-1
da6963ff9cd334cc,football|La Liga|Alavés v Atlético Madrid|2026-10-10T14:15:00+00:00,Alavés v Atlético Madrid,2026-10-10T14:15:00+00:00,2026-10-10T14:15:00+00:00,LEDGER_ONLY,unified_ledger.event_start,2026-10-08T14:28:00.276280+00:00,1,0,ELIGIBLE,,est-1
adefa8cdad315c90,football|La Liga|Alavés v Atlético Madrid|2026-10-10T14:15:00+00:00,Alavés v Atlético Madrid,2026-10-10T14:15:00+00:00,2026-10-10T14:15:00+00:00,LEDGER_ONLY,unified_ledger.event_start,2026-10-08T14:28:00.276280+00:00,1,0,ELIGIBLE,,est-1
91b53590b438e157,football|La Liga|Alavés v Atlético Madrid|2026-10-10T14:15:00+00:00,Alavés v Atlético Madrid,2026-10-10T14:15:00+00:00,2026-10-10T14:15:00+00:00,LEDGER_ONLY,unified_ledger.event_start,2026-10-08T14:28:00.276280+00:00,1,0,ELIGIBLE,,est-1
1cdb3fabaee53a8e,football|La Liga|Alavés v Atlético Madrid|2026-10-10T14:15:00+00:00,Alavés v Atlético Madrid,2026-10-10T14:15:00+00:00,2026-10-10T14:15:00+00:00,LEDGER_ONLY,unified_ledger.event_start,2026-10-08T14:28:00.276280+00:00,1,0,ELIGIBLE,,est-1
49575b5c3b2372e6,football|La Liga|Málaga v Espanyol|2026-10-09T19:00:00+00:00,Málaga v Espanyol,2026-10-09T19:00:00+00:00,2026-10-09T19:00:00+00:00,LEDGER_ONLY,unified_ledger.event_start,2026-10-08T14:28:00.276280+00:00,1,0,ELIGIBLE,,est-1
b0620dc3b359e106,football|La Liga|Málaga v Espanyol|2026-10-09T19:00:00+00:00,Málaga v Espanyol,2026-10-09T19:00:00+00:00,2026-10-09T19:00:00+00:00,LEDGER_ONLY,unified_ledger.event_start,2026-10-08T14:28:00.276280+00:00,1,0,ELIGIBLE,,est-1
d68b157daacc6bfc,football|La Liga|Málaga v Espanyol|2026-10-09T19:00:00+00:00,Málaga v Espanyol,2026-10-09T19:00:00+00:00,2026-10-09T19:00:00+00:00,LEDGER_ONLY,unified_ledger.event_start,2026-10-08T14:28:00.276280+00:00,1,0,ELIGIBLE,,est-1
dd6a8cfacbe0d1b8,football|La Liga|Málaga v Espanyol|2026-10-09T19:00:00+00:00,Málaga v Espanyol,2026-10-09T19:00:00+00:00,2026-10-09T19:00:00+00:00,LEDGER_ONLY,unified_ledger.event_start,2026-10-08T14:28:00.276280+00:00,1,0,ELIGIBLE,,est-1
0cfdd15dd5388db2,football|La Liga|Málaga v Espanyol|2026-10-09T19:00:00+00:00,Málaga v Espanyol,2026-10-09T19:00:00+00:00,2026-10-09T19:00:00+00:00,LEDGER_ONLY,unified_ledger.event_start,2026-10-08T14:28:00.276280+00:00,1,0,ELIGIBLE,,est-1
5d9b96170c99451e,football|La Liga|Málaga v Espanyol|2026-10-09T19:00:00+00:00,Málaga v Espanyol,2026-10-09T19:00:00+00:00,2026-10-09T19:00:00+00:00,LEDGER_ONLY,unified_ledger.event_start,2026-10-08T14:28:00.276280+00:00,1,0,ELIGIBLE,,est-1
324308cc7f84332f,football|La Liga|Rayo Vallecano v Athletic Bilbao|2026-10-10T12:00:00+00:00,Rayo Vallecano v Athletic Bilbao,2026-10-10T12:00:00+00:00,2026-10-10T12:00:00+00:00,LEDGER_ONLY,unified_ledger.event_start,2026-10-08T14:28:00.276280+00:00,1,0,ELIGIBLE,,est-1
f2fbf9f26281970b,football|La Liga|Rayo Vallecano v Athletic Bilbao|2026-10-10T12:00:00+00:00,Rayo Vallecano v Athletic Bilbao,2026-10-10T12:00:00+00:00,2026-10-10T12:00:00+00:00,LEDGER_ONLY,unified_ledger.event_start,2026-10-08T14:28:00.276280+00:00,1,0,ELIGIBLE,,est-1
b1c6e63a1206c00c,football|La Liga|Rayo Vallecano v Athletic Bilbao|2026-10-10T12:00:00+00:00,Rayo Vallecano v Athletic Bilbao,2026-10-10T12:00:00+00:00,2026-10-10T12:00:00+00:00,LEDGER_ONLY,unified_ledger.event_start,2026-10-08T14:28:00.276280+00:00,1,0,ELIGIBLE,,est-1
5130aa3d765f6266,football|La Liga|Rayo Vallecano v Athletic Bilbao|2026-10-10T12:00:00+00:00,Rayo Vallecano v Athletic Bilbao,2026-10-10T12:00:00+00:00,2026-10-10T12:00:00+00:00,LEDGER_ONLY,unified_ledger.event_start,2026-10-08T14:28:00.276280+00:00,1,0,ELIGIBLE,,est-1
e4885fb6dc72e165,football|La Liga|Rayo Vallecano v Athletic Bilbao|2026-10-10T12:00:00+00:00,Rayo Vallecano v Athletic Bilbao,2026-10-10T12:00:00+00:00,2026-10-10T12:00:00+00:00,LEDGER_ONLY,unified_ledger.event_start,2026-10-08T14:28:00.276280+00:00,1,0,ELIGIBLE,,est-1
27f006217506f139,football|La Liga|Rayo Vallecano v Athletic Bilbao|2026-10-10T12:00:00+00:00,Rayo Vallecano v Athletic Bilbao,2026-10-10T12:00:00+00:00,2026-10-10T12:00:00+00:00,LEDGER_ONLY,unified_ledger.event_start,2026-10-08T14:28:00.276280+00:00,1,0,ELIGIBLE,,est-1
8284f47f566a383f,football|League One|Bradford City v Leyton Orient|2026-10-10T14:00:00+00:00,Bradford City v Leyton Orient,2026-10-10T14:00:00+00:00,2026-10-10T14:00:00+00:00,LEDGER_ONLY,unified_ledger.event_start,2026-10-08T14:28:00.276280+00:00,1,0,ELIGIBLE,,est-1
36cf6fbcafc18d8b,football|League One|Bradford City v Leyton Orient|2026-10-10T14:00:00+00:00,Bradford City v Leyton Orient,2026-10-10T14:00:00+00:00,2026-10-10T14:00:00+00:00,LEDGER_ONLY,unified_ledger.event_start,2026-10-08T14:28:00.276280+00:00,1,0,ELIGIBLE,,est-1
5be2fb4bc455107b,football|League One|Bradford City v Leyton Orient|2026-10-10T14:00:00+00:00,Bradford City v Leyton Orient,2026-10-10T14:00:00+00:00,2026-10-10T14:00:00+00:00,LEDGER_ONLY,unified_ledger.event_start,2026-10-08T14:28:00.276280+00:00,1,0,ELIGIBLE,,est-1
687a382799de6173,football|League One|Bradford City v Leyton Orient|2026-10-10T14:00:00+00:00,Bradford City v Leyton Orient,2026-10-10T14:00:00+00:00,2026-10-10T14:00:00+00:00,LEDGER_ONLY,unified_ledger.event_start,2026-10-08T14:28:00.276280+00:00,1,0,ELIGIBLE,,est-1
cfd68e60554bdb4b,football|League One|Bradford City v Leyton Orient|2026-10-10T14:00:00+00:00,Bradford City v Leyton Orient,2026-10-10T14:00:00+00:00,2026-10-10T14:00:00+00:00,LEDGER_ONLY,unified_ledger.event_start,2026-10-08T14:28:00.276280+00:00,1,0,ELIGIBLE,,est-1
0ce3767d199436b0,football|League One|Bradford City v Leyton Orient|2026-10-10T14:00:00+00:00,Bradford City v Leyton Orient,2026-10-10T14:00:00+00:00,2026-10-10T14:00:00+00:00,LEDGER_ONLY,unified_ledger.event_start,2026-10-08T14:28:00.276280+00:00,1,0,ELIGIBLE,,est-1
168a695ca7f526b4,football|League One|Cambridge United v Blackpool|2026-10-10T14:00:00+00:00,Cambridge United v Blackpool,2026-10-10T14:00:00+00:00,2026-10-10T14:00:00+00:00,LEDGER_ONLY,unified_ledger.event_start,2026-10-08T14:28:00.276280+00:00,1,0,ELIGIBLE,,est-1
12529a63e42b5552,football|League One|Cambridge United v Blackpool|2026-10-10T14:00:00+00:00,Cambridge United v Blackpool,2026-10-10T14:00:00+00:00,2026-10-10T14:00:00+00:00,LEDGER_ONLY,unified_ledger.event_start,2026-10-08T14:28:00.276280+00:00,1,0,ELIGIBLE,,est-1
9b949e38e0c9cab9,football|League One|Cambridge United v Blackpool|2026-10-10T14:00:00+00:00,Cambridge United v Blackpool,2026-10-10T14:00:00+00:00,2026-10-10T14:00:00+00:00,LEDGER_ONLY,unified_ledger.event_start,2026-10-08T14:28:00.276280+00:00,1,0,ELIGIBLE,,est-1
684b4bb9cca28e62,football|League One|Cambridge United v Blackpool|2026-10-10T14:00:00+00:00,Cambridge United v Blackpool,2026-10-10T14:00:00+00:00,2026-10-10T14:00:00+00:00,LEDGER_ONLY,unified_ledger.event_start,2026-10-08T14:28:00.276280+00:00,1,0,ELIGIBLE,,est-1
033549646e8cce39,football|League One|Cambridge United v Blackpool|2026-10-10T14:00:00+00:00,Cambridge United v Blackpool,2026-10-10T14:00:00+00:00,2026-10-10T14:00:00+00:00,LEDGER_ONLY,unified_ledger.event_start,2026-10-08T14:28:00.276280+00:00,1,0,ELIGIBLE,,est-1
f9bdfa0e75de375d,football|League One|Cambridge United v Blackpool|2026-10-10T14:00:00+00:00,Cambridge United v Blackpool,2026-10-10T14:00:00+00:00,2026-10-10T14:00:00+00:00,LEDGER_ONLY,unified_ledger.event_start,2026-10-08T14:28:00.276280+00:00,1,0,ELIGIBLE,,est-1
11c56f060dc96a24,football|League One|Doncaster Rovers v Burton Albion|2026-10-10T14:00:00+00:00,Doncaster Rovers v Burton Albion,2026-10-10T14:00:00+00:00,2026-10-10T14:00:00+00:00,LEDGER_ONLY,unified_ledger.event_start,2026-10-08T14:28:00.276280+00:00,1,0,ELIGIBLE,,est-1
e79bff369d224120,football|League One|Doncaster Rovers v Burton Albion|2026-10-10T14:00:00+00:00,Doncaster Rovers v Burton Albion,2026-10-10T14:00:00+00:00,2026-10-10T14:00:00+00:00,LEDGER_ONLY,unified_ledger.event_start,2026-10-08T14:28:00.276280+00:00,1,0,ELIGIBLE,,est-1
b021281f19fb38ec,football|League One|Doncaster Rovers v Burton Albion|2026-10-10T14:00:00+00:00,Doncaster Rovers v Burton Albion,2026-10-10T14:00:00+00:00,2026-10-10T14:00:00+00:00,LEDGER_ONLY,unified_ledger.event_start,2026-10-08T14:28:00.276280+00:00,1,0,ELIGIBLE,,est-1
7fd0a311a580633a,football|League One|Doncaster Rovers v Burton Albion|2026-10-10T14:00:00+00:00,Doncaster Rovers v Burton Albion,2026-10-10T14:00:00+00:00,2026-10-10T14:00:00+00:00,LEDGER_ONLY,unified_ledger.event_start,2026-10-08T14:28:00.276280+00:00,1,0,ELIGIBLE,,est-1
a6b0cf8f47861bc6,football|League One|Doncaster Rovers v Burton Albion|2026-10-10T14:00:00+00:00,Doncaster Rovers v Burton Albion,2026-10-10T14:00:00+00:00,2026-10-10T14:00:00+00:00,LEDGER_ONLY,unified_ledger.event_start,2026-10-08T14:28:00.276280+00:00,1,0,ELIGIBLE,,est-1
51d45ac5c58f0c7a,football|League One|Doncaster Rovers v Burton Albion|2026-10-10T14:00:00+00:00,Doncaster Rovers v Burton Albion,2026-10-10T14:00:00+00:00,2026-10-10T14:00:00+00:00,LEDGER_ONLY,unified_ledger.event_start,2026-10-08T14:28:00.276280+00:00,1,0,ELIGIBLE,,est-1
55691f5368b33279,football|League One|Huddersfield Town v Sheffield Wednesday|2026-10-10T14:00:00+00:00,Huddersfield Town v Sheffield Wednesday,2026-10-10T14:00:00+00:00,2026-10-10T14:00:00+00:00,LEDGER_ONLY,unified_ledger.event_start,2026-10-08T14:28:00.276280+00:00,1,0,ELIGIBLE,,est-1
80fe14af6e4f2cff,football|League One|Huddersfield Town v Sheffield Wednesday|2026-10-10T14:00:00+00:00,Huddersfield Town v Sheffield Wednesday,2026-10-10T14:00:00+00:00,2026-10-10T14:00:00+00:00,LEDGER_ONLY,unified_ledger.event_start,2026-10-08T14:28:00.276280+00:00,1,0,ELIGIBLE,,est-1
2f0bc162756268b7,football|League One|Huddersfield Town v Sheffield Wednesday|2026-10-10T14:00:00+00:00,Huddersfield Town v Sheffield Wednesday,2026-10-10T14:00:00+00:00,2026-10-10T14:00:00+00:00,LEDGER_ONLY,unified_ledger.event_start,2026-10-08T14:28:00.276280+00:00,1,0,ELIGIBLE,,est-1
eee0e1a72504e459,football|League One|Huddersfield Town v Sheffield Wednesday|2026-10-10T14:00:00+00:00,Huddersfield Town v Sheffield Wednesday,2026-10-10T14:00:00+00:00,2026-10-10T14:00:00+00:00,LEDGER_ONLY,unified_ledger.event_start,2026-10-08T14:28:00.276280+00:00,1,0,ELIGIBLE,,est-1
b58368dcbf6365a2,football|League One|Huddersfield Town v Sheffield Wednesday|2026-10-10T14:00:00+00:00,Huddersfield Town v Sheffield Wednesday,2026-10-10T14:00:00+00:00,2026-10-10T14:00:00+00:00,LEDGER_ONLY,unified_ledger.event_start,2026-10-08T14:28:00.276280+00:00,1,0,ELIGIBLE,,est-1
a535d8ef40171e7f,football|League One|Huddersfield Town v Sheffield Wednesday|2026-10-10T14:00:00+00:00,Huddersfield Town v Sheffield Wednesday,2026-10-10T14:00:00+00:00,2026-10-10T14:00:00+00:00,LEDGER_ONLY,unified_ledger.event_start,2026-10-08T14:28:00.276280+00:00,1,0,ELIGIBLE,,est-1
7a5fd0897be56a90,football|League One|Leicester City v Peterborough United|2026-10-10T14:00:00+00:00,Leicester City v Peterborough United,2026-10-10T14:00:00+00:00,2026-10-10T14:00:00+00:00,LEDGER_ONLY,unified_ledger.event_start,2026-10-08T14:28:00.276280+00:00,1,0,ELIGIBLE,,est-1
afdb2856193d193b,football|League One|Leicester City v Peterborough United|2026-10-10T14:00:00+00:00,Leicester City v Peterborough United,2026-10-10T14:00:00+00:00,2026-10-10T14:00:00+00:00,LEDGER_ONLY,unified_ledger.event_start,2026-10-08T14:28:00.276280+00:00,1,0,ELIGIBLE,,est-1
5f2f35edc4c2df25,football|League One|Leicester City v Peterborough United|2026-10-10T14:00:00+00:00,Leicester City v Peterborough United,2026-10-10T14:00:00+00:00,2026-10-10T14:00:00+00:00,LEDGER_ONLY,unified_ledger.event_start,2026-10-08T14:28:00.276280+00:00,1,0,ELIGIBLE,,est-1
c27816b0570970ea,football|League One|Leicester City v Peterborough United|2026-10-10T14:00:00+00:00,Leicester City v Peterborough United,2026-10-10T14:00:00+00:00,2026-10-10T14:00:00+00:00,LEDGER_ONLY,unified_ledger.event_start,2026-10-08T14:28:00.276280+00:00,1,0,ELIGIBLE,,est-1
69fe45d7590a5f86,football|League One|Leicester City v Peterborough United|2026-10-10T14:00:00+00:00,Leicester City v Peterborough United,2026-10-10T14:00:00+00:00,2026-10-10T14:00:00+00:00,LEDGER_ONLY,unified_ledger.event_start,2026-10-08T14:28:00.276280+00:00,1,0,ELIGIBLE,,est-1
849cbba829a22486,football|League One|Leicester City v Peterborough United|2026-10-10T14:00:00+00:00,Leicester City v Peterborough United,2026-10-10T14:00:00+00:00,2026-10-10T14:00:00+00:00,LEDGER_ONLY,unified_ledger.event_start,2026-10-08T14:28:00.276280+00:00,1,0,ELIGIBLE,,est-1
c33963df90a850bf,football|League One|Mansfield Town v Bromley FC|2026-10-10T14:00:00+00:00,Mansfield Town v Bromley FC,2026-10-10T14:00:00+00:00,2026-10-10T14:00:00+00:00,LEDGER_ONLY,unified_ledger.event_start,2026-10-08T14:28:00.276280+00:00,1,0,ELIGIBLE,,est-1
3288c362ed8d18c7,football|League One|Mansfield Town v Bromley FC|2026-10-10T14:00:00+00:00,Mansfield Town v Bromley FC,2026-10-10T14:00:00+00:00,2026-10-10T14:00:00+00:00,LEDGER_ONLY,unified_ledger.event_start,2026-10-08T14:28:00.276280+00:00,1,0,ELIGIBLE,,est-1
daac7b731d2d00ba,football|League One|Mansfield Town v Bromley FC|2026-10-10T14:00:00+00:00,Mansfield Town v Bromley FC,2026-10-10T14:00:00+00:00,2026-10-10T14:00:00+00:00,LEDGER_ONLY,unified_ledger.event_start,2026-10-08T14:28:00.276280+00:00,1,0,ELIGIBLE,,est-1
66ad63ea6aa88bbd,football|League One|Mansfield Town v Bromley FC|2026-10-10T14:00:00+00:00,Mansfield Town v Bromley FC,2026-10-10T14:00:00+00:00,2026-10-10T14:00:00+00:00,LEDGER_ONLY,unified_ledger.event_start,2026-10-08T14:28:00.276280+00:00,1,0,ELIGIBLE,,est-1
f58f626524c5243a,football|League One|Mansfield Town v Bromley FC|2026-10-10T14:00:00+00:00,Mansfield Town v Bromley FC,2026-10-10T14:00:00+00:00,2026-10-10T14:00:00+00:00,LEDGER_ONLY,unified_ledger.event_start,2026-10-08T14:28:00.276280+00:00,1,0,ELIGIBLE,,est-1
7ffe488a4c2485d8,football|League One|Mansfield Town v Bromley FC|2026-10-10T14:00:00+00:00,Mansfield Town v Bromley FC,2026-10-10T14:00:00+00:00,2026-10-10T14:00:00+00:00,LEDGER_ONLY,unified_ledger.event_start,2026-10-08T14:28:00.276280+00:00,1,0,ELIGIBLE,,est-1
749ee198e48fce15,football|League One|Milton Keynes Dons v Reading|2026-10-10T14:00:00+00:00,Milton Keynes Dons v Reading,2026-10-10T14:00:00+00:00,2026-10-10T14:00:00+00:00,LEDGER_ONLY,unified_ledger.event_start,2026-10-08T14:28:00.276280+00:00,1,0,ELIGIBLE,,est-1
05a2146c83b64e00,football|League One|Milton Keynes Dons v Reading|2026-10-10T14:00:00+00:00,Milton Keynes Dons v Reading,2026-10-10T14:00:00+00:00,2026-10-10T14:00:00+00:00,LEDGER_ONLY,unified_ledger.event_start,2026-10-08T14:28:00.276280+00:00,1,0,ELIGIBLE,,est-1
c7e1f718b7e5f0d4,football|League One|Milton Keynes Dons v Reading|2026-10-10T14:00:00+00:00,Milton Keynes Dons v Reading,2026-10-10T14:00:00+00:00,2026-10-10T14:00:00+00:00,LEDGER_ONLY,unified_ledger.event_start,2026-10-08T14:28:00.276280+00:00,1,0,ELIGIBLE,,est-1
d6f52b1c4708961c,football|League One|Milton Keynes Dons v Reading|2026-10-10T14:00:00+00:00,Milton Keynes Dons v Reading,2026-10-10T14:00:00+00:00,2026-10-10T14:00:00+00:00,LEDGER_ONLY,unified_ledger.event_start,2026-10-08T14:28:00.276280+00:00,1,0,ELIGIBLE,,est-1
6ff034eb4f6a4f82,football|League One|Milton Keynes Dons v Reading|2026-10-10T14:00:00+00:00,Milton Keynes Dons v Reading,2026-10-10T14:00:00+00:00,2026-10-10T14:00:00+00:00,LEDGER_ONLY,unified_ledger.event_start,2026-10-08T14:28:00.276280+00:00,1,0,ELIGIBLE,,est-1
55181876d506287a,football|League One|Milton Keynes Dons v Reading|2026-10-10T14:00:00+00:00,Milton Keynes Dons v Reading,2026-10-10T14:00:00+00:00,2026-10-10T14:00:00+00:00,LEDGER_ONLY,unified_ledger.event_start,2026-10-08T14:28:00.276280+00:00,1,0,ELIGIBLE,,est-1
421aa2a04f57a230,football|League One|Notts County v Oxford United|2026-10-10T11:30:00+00:00,Notts County v Oxford United,2026-10-10T11:30:00+00:00,2026-10-10T11:30:00+00:00,LEDGER_ONLY,unified_ledger.event_start,2026-10-08T14:28:00.276280+00:00,1,0,ELIGIBLE,,est-1
750e0a42ecdd71ee,football|League One|Notts County v Oxford United|2026-10-10T11:30:00+00:00,Notts County v Oxford United,2026-10-10T11:30:00+00:00,2026-10-10T11:30:00+00:00,LEDGER_ONLY,unified_ledger.event_start,2026-10-08T14:28:00.276280+00:00,1,0,ELIGIBLE,,est-1
2ade129584d72de3,football|League One|Notts County v Oxford United|2026-10-10T11:30:00+00:00,Notts County v Oxford United,2026-10-10T11:30:00+00:00,2026-10-10T11:30:00+00:00,LEDGER_ONLY,unified_ledger.event_start,2026-10-08T14:28:00.276280+00:00,1,0,ELIGIBLE,,est-1
dfd5dbd989b713a9,football|League One|Notts County v Oxford United|2026-10-10T11:30:00+00:00,Notts County v Oxford United,2026-10-10T11:30:00+00:00,2026-10-10T11:30:00+00:00,LEDGER_ONLY,unified_ledger.event_start,2026-10-08T14:28:00.276280+00:00,1,0,ELIGIBLE,,est-1
8486c06c046074b3,football|League One|Notts County v Oxford United|2026-10-10T11:30:00+00:00,Notts County v Oxford United,2026-10-10T11:30:00+00:00,2026-10-10T11:30:00+00:00,LEDGER_ONLY,unified_ledger.event_start,2026-10-08T14:28:00.276280+00:00,1,0,ELIGIBLE,,est-1
fa99bcb04ef18884,football|League One|Notts County v Oxford United|2026-10-10T11:30:00+00:00,Notts County v Oxford United,2026-10-10T11:30:00+00:00,2026-10-10T11:30:00+00:00,LEDGER_ONLY,unified_ledger.event_start,2026-10-08T14:28:00.276280+00:00,1,0,ELIGIBLE,,est-1
40280ebdbc11179e,football|League One|Plymouth Argyle v Wimbledon|2026-10-10T11:30:00+00:00,Plymouth Argyle v Wimbledon,2026-10-10T11:30:00+00:00,2026-10-10T11:30:00+00:00,LEDGER_ONLY,unified_ledger.event_start,2026-10-08T14:28:00.276280+00:00,1,0,ELIGIBLE,,est-1
242f9ede057244d2,football|League One|Plymouth Argyle v Wimbledon|2026-10-10T11:30:00+00:00,Plymouth Argyle v Wimbledon,2026-10-10T11:30:00+00:00,2026-10-10T11:30:00+00:00,LEDGER_ONLY,unified_ledger.event_start,2026-10-08T14:28:00.276280+00:00,1,0,ELIGIBLE,,est-1
f6adcc3c4d9ba17d,football|League One|Plymouth Argyle v Wimbledon|2026-10-10T11:30:00+00:00,Plymouth Argyle v Wimbledon,2026-10-10T11:30:00+00:00,2026-10-10T11:30:00+00:00,LEDGER_ONLY,unified_ledger.event_start,2026-10-08T14:28:00.276280+00:00,1,0,ELIGIBLE,,est-1
ed918628acf6231e,football|League One|Plymouth Argyle v Wimbledon|2026-10-10T11:30:00+00:00,Plymouth Argyle v Wimbledon,2026-10-10T11:30:00+00:00,2026-10-10T11:30:00+00:00,LEDGER_ONLY,unified_ledger.event_start,2026-10-08T14:28:00.276280+00:00,1,0,ELIGIBLE,,est-1
4c7ce349b79b6c33,football|League One|Plymouth Argyle v Wimbledon|2026-10-10T11:30:00+00:00,Plymouth Argyle v Wimbledon,2026-10-10T11:30:00+00:00,2026-10-10T11:30:00+00:00,LEDGER_ONLY,unified_ledger.event_start,2026-10-08T14:28:00.276280+00:00,1,0,ELIGIBLE,,est-1
d81e4cbcab66916e,football|League One|Plymouth Argyle v Wimbledon|2026-10-10T11:30:00+00:00,Plymouth Argyle v Wimbledon,2026-10-10T11:30:00+00:00,2026-10-10T11:30:00+00:00,LEDGER_ONLY,unified_ledger.event_start,2026-10-08T14:28:00.276280+00:00,1,0,ELIGIBLE,,est-1
25dfc5eec11be6e2,football|League One|Stevenage v Wigan Athletic|2026-10-10T14:00:00+00:00,Stevenage v Wigan Athletic,2026-10-10T14:00:00+00:00,2026-10-10T14:00:00+00:00,LEDGER_ONLY,unified_ledger.event_start,2026-10-08T14:28:00.276280+00:00,1,0,ELIGIBLE,,est-1
6e3ffcf4466910ee,football|League One|Stevenage v Wigan Athletic|2026-10-10T14:00:00+00:00,Stevenage v Wigan Athletic,2026-10-10T14:00:00+00:00,2026-10-10T14:00:00+00:00,LEDGER_ONLY,unified_ledger.event_start,2026-10-08T14:28:00.276280+00:00,1,0,ELIGIBLE,,est-1
9913f3de5227b437,football|League One|Stevenage v Wigan Athletic|2026-10-10T14:00:00+00:00,Stevenage v Wigan Athletic,2026-10-10T14:00:00+00:00,2026-10-10T14:00:00+00:00,LEDGER_ONLY,unified_ledger.event_start,2026-10-08T14:28:00.276280+00:00,1,0,ELIGIBLE,,est-1
4a1ba90a287421e0,football|League One|Stevenage v Wigan Athletic|2026-10-10T14:00:00+00:00,Stevenage v Wigan Athletic,2026-10-10T14:00:00+00:00,2026-10-10T14:00:00+00:00,LEDGER_ONLY,unified_ledger.event_start,2026-10-08T14:28:00.276280+00:00,1,0,ELIGIBLE,,est-1
775c464caf0659bf,football|League One|Stevenage v Wigan Athletic|2026-10-10T14:00:00+00:00,Stevenage v Wigan Athletic,2026-10-10T14:00:00+00:00,2026-10-10T14:00:00+00:00,LEDGER_ONLY,unified_ledger.event_start,2026-10-08T14:28:00.276280+00:00,1,0,ELIGIBLE,,est-1
9dadf110b0cdc13b,football|League One|Stevenage v Wigan Athletic|2026-10-10T14:00:00+00:00,Stevenage v Wigan Athletic,2026-10-10T14:00:00+00:00,2026-10-10T14:00:00+00:00,LEDGER_ONLY,unified_ledger.event_start,2026-10-08T14:28:00.276280+00:00,1,0,ELIGIBLE,,est-1
c72acc5f498256cb,football|League One|Stockport County FC v Barnsley|2026-10-10T14:00:00+00:00,Stockport County FC v Barnsley,2026-10-10T14:00:00+00:00,2026-10-10T14:00:00+00:00,LEDGER_ONLY,unified_ledger.event_start,2026-10-08T14:28:00.276280+00:00,1,0,ELIGIBLE,,est-1
e7f8d53d1a411fa3,football|League One|Stockport County FC v Barnsley|2026-10-10T14:00:00+00:00,Stockport County FC v Barnsley,2026-10-10T14:00:00+00:00,2026-10-10T14:00:00+00:00,LEDGER_ONLY,unified_ledger.event_start,2026-10-08T14:28:00.276280+00:00,1,0,ELIGIBLE,,est-1
3b1fe6f0e291e5e4,football|League One|Stockport County FC v Barnsley|2026-10-10T14:00:00+00:00,Stockport County FC v Barnsley,2026-10-10T14:00:00+00:00,2026-10-10T14:00:00+00:00,LEDGER_ONLY,unified_ledger.event_start,2026-10-08T14:28:00.276280+00:00,1,0,ELIGIBLE,,est-1
e468ac93fec12ffd,football|League One|Stockport County FC v Barnsley|2026-10-10T14:00:00+00:00,Stockport County FC v Barnsley,2026-10-10T14:00:00+00:00,2026-10-10T14:00:00+00:00,LEDGER_ONLY,unified_ledger.event_start,2026-10-08T14:28:00.276280+00:00,1,0,ELIGIBLE,,est-1
7ee97e1c4bbb2a29,football|League One|Stockport County FC v Barnsley|2026-10-10T14:00:00+00:00,Stockport County FC v Barnsley,2026-10-10T14:00:00+00:00,2026-10-10T14:00:00+00:00,LEDGER_ONLY,unified_ledger.event_start,2026-10-08T14:28:00.276280+00:00,1,0,ELIGIBLE,,est-1
2fe1a59514595c23,football|League One|Stockport County FC v Barnsley|2026-10-10T14:00:00+00:00,Stockport County FC v Barnsley,2026-10-10T14:00:00+00:00,2026-10-10T14:00:00+00:00,LEDGER_ONLY,unified_ledger.event_start,2026-10-08T14:28:00.276280+00:00,1,0,ELIGIBLE,,est-1
9cdb1fc29caab49a,football|League One|Wycombe Wanderers v Luton|2026-10-10T14:00:00+00:00,Wycombe Wanderers v Luton,2026-10-10T14:00:00+00:00,2026-10-10T14:00:00+00:00,LEDGER_ONLY,unified_ledger.event_start,2026-10-08T14:28:00.276280+00:00,1,0,ELIGIBLE,,est-1
be46f44934cab466,football|League One|Wycombe Wanderers v Luton|2026-10-10T14:00:00+00:00,Wycombe Wanderers v Luton,2026-10-10T14:00:00+00:00,2026-10-10T14:00:00+00:00,LEDGER_ONLY,unified_ledger.event_start,2026-10-08T14:28:00.276280+00:00,1,0,ELIGIBLE,,est-1
ade06c86d5be55c4,football|League One|Wycombe Wanderers v Luton|2026-10-10T14:00:00+00:00,Wycombe Wanderers v Luton,2026-10-10T14:00:00+00:00,2026-10-10T14:00:00+00:00,LEDGER_ONLY,unified_ledger.event_start,2026-10-08T14:28:00.276280+00:00,1,0,ELIGIBLE,,est-1
1746bc319203a5b0,football|League One|Wycombe Wanderers v Luton|2026-10-10T14:00:00+00:00,Wycombe Wanderers v Luton,2026-10-10T14:00:00+00:00,2026-10-10T14:00:00+00:00,LEDGER_ONLY,unified_ledger.event_start,2026-10-08T14:28:00.276280+00:00,1,0,ELIGIBLE,,est-1
091155adcc9cd46e,football|League One|Wycombe Wanderers v Luton|2026-10-10T14:00:00+00:00,Wycombe Wanderers v Luton,2026-10-10T14:00:00+00:00,2026-10-10T14:00:00+00:00,LEDGER_ONLY,unified_ledger.event_start,2026-10-08T14:28:00.276280+00:00,1,0,ELIGIBLE,,est-1
86e48cfa835881f9,football|League One|Wycombe Wanderers v Luton|2026-10-10T14:00:00+00:00,Wycombe Wanderers v Luton,2026-10-10T14:00:00+00:00,2026-10-10T14:00:00+00:00,LEDGER_ONLY,unified_ledger.event_start,2026-10-08T14:28:00.276280+00:00,1,0,ELIGIBLE,,est-1
3ca08ab39ec002c3,football|League Two|Bristol Rovers v Barnet|2026-10-10T14:00:00+00:00,Bristol Rovers v Barnet,2026-10-10T14:00:00+00:00,2026-10-10T14:00:00+00:00,LEDGER_ONLY,unified_ledger.event_start,2026-10-08T14:28:00.276280+00:00,1,0,ELIGIBLE,,est-1
6656fe5af0b064f3,football|League Two|Bristol Rovers v Barnet|2026-10-10T14:00:00+00:00,Bristol Rovers v Barnet,2026-10-10T14:00:00+00:00,2026-10-10T14:00:00+00:00,LEDGER_ONLY,unified_ledger.event_start,2026-10-08T14:28:00.276280+00:00,1,0,ELIGIBLE,,est-1
89dfe7b775edca10,football|League Two|Bristol Rovers v Barnet|2026-10-10T14:00:00+00:00,Bristol Rovers v Barnet,2026-10-10T14:00:00+00:00,2026-10-10T14:00:00+00:00,LEDGER_ONLY,unified_ledger.event_start,2026-10-08T14:28:00.276280+00:00,1,0,ELIGIBLE,,est-1
b0a2deff6d90c165,football|League Two|Bristol Rovers v Barnet|2026-10-10T14:00:00+00:00,Bristol Rovers v Barnet,2026-10-10T14:00:00+00:00,2026-10-10T14:00:00+00:00,LEDGER_ONLY,unified_ledger.event_start,2026-10-08T14:28:00.276280+00:00,1,0,ELIGIBLE,,est-1
7f6aabca26e6146a,football|League Two|Bristol Rovers v Barnet|2026-10-10T14:00:00+00:00,Bristol Rovers v Barnet,2026-10-10T14:00:00+00:00,2026-10-10T14:00:00+00:00,LEDGER_ONLY,unified_ledger.event_start,2026-10-08T14:28:00.276280+00:00,1,0,ELIGIBLE,,est-1
db430f4607588214,football|League Two|Bristol Rovers v Barnet|2026-10-10T14:00:00+00:00,Bristol Rovers v Barnet,2026-10-10T14:00:00+00:00,2026-10-10T14:00:00+00:00,LEDGER_ONLY,unified_ledger.event_start,2026-10-08T14:28:00.276280+00:00,1,0,ELIGIBLE,,est-1
36d8e8c59ac5b994,football|League Two|Cheltenham Town v Salford City|2026-10-10T14:00:00+00:00,Cheltenham Town v Salford City,2026-10-10T14:00:00+00:00,2026-10-10T14:00:00+00:00,LEDGER_ONLY,unified_ledger.event_start,2026-10-08T14:28:00.276280+00:00,1,0,ELIGIBLE,,est-1
68b6d612bcf5879f,football|League Two|Cheltenham Town v Salford City|2026-10-10T14:00:00+00:00,Cheltenham Town v Salford City,2026-10-10T14:00:00+00:00,2026-10-10T14:00:00+00:00,LEDGER_ONLY,unified_ledger.event_start,2026-10-08T14:28:00.276280+00:00,1,0,ELIGIBLE,,est-1
a5635e116abb67b6,football|League Two|Cheltenham Town v Salford City|2026-10-10T14:00:00+00:00,Cheltenham Town v Salford City,2026-10-10T14:00:00+00:00,2026-10-10T14:00:00+00:00,LEDGER_ONLY,unified_ledger.event_start,2026-10-08T14:28:00.276280+00:00,1,0,ELIGIBLE,,est-1
db6289f3123a6e10,football|League Two|Cheltenham Town v Salford City|2026-10-10T14:00:00+00:00,Cheltenham Town v Salford City,2026-10-10T14:00:00+00:00,2026-10-10T14:00:00+00:00,LEDGER_ONLY,unified_ledger.event_start,2026-10-08T14:28:00.276280+00:00,1,0,ELIGIBLE,,est-1
18069222813c9d66,football|League Two|Cheltenham Town v Salford City|2026-10-10T14:00:00+00:00,Cheltenham Town v Salford City,2026-10-10T14:00:00+00:00,2026-10-10T14:00:00+00:00,LEDGER_ONLY,unified_ledger.event_start,2026-10-08T14:28:00.276280+00:00,1,0,ELIGIBLE,,est-1
57eb100acf6731c5,football|League Two|Cheltenham Town v Salford City|2026-10-10T14:00:00+00:00,Cheltenham Town v Salford City,2026-10-10T14:00:00+00:00,2026-10-10T14:00:00+00:00,LEDGER_ONLY,unified_ledger.event_start,2026-10-08T14:28:00.276280+00:00,1,0,ELIGIBLE,,est-1
d3273352d8e65d6a,football|League Two|Crawley Town v Chesterfield FC|2026-10-10T14:00:00+00:00,Crawley Town v Chesterfield FC,2026-10-10T14:00:00+00:00,2026-10-10T14:00:00+00:00,LEDGER_ONLY,unified_ledger.event_start,2026-10-08T14:28:00.276280+00:00,1,0,ELIGIBLE,,est-1
cd8ba6f5be241d0b,football|League Two|Crawley Town v Chesterfield FC|2026-10-10T14:00:00+00:00,Crawley Town v Chesterfield FC,2026-10-10T14:00:00+00:00,2026-10-10T14:00:00+00:00,LEDGER_ONLY,unified_ledger.event_start,2026-10-08T14:28:00.276280+00:00,1,0,ELIGIBLE,,est-1
44389e6b930267d1,football|League Two|Crawley Town v Chesterfield FC|2026-10-10T14:00:00+00:00,Crawley Town v Chesterfield FC,2026-10-10T14:00:00+00:00,2026-10-10T14:00:00+00:00,LEDGER_ONLY,unified_ledger.event_start,2026-10-08T14:28:00.276280+00:00,1,0,ELIGIBLE,,est-1
d9b8ec65b4a6a9c9,football|League Two|Crawley Town v Chesterfield FC|2026-10-10T14:00:00+00:00,Crawley Town v Chesterfield FC,2026-10-10T14:00:00+00:00,2026-10-10T14:00:00+00:00,LEDGER_ONLY,unified_ledger.event_start,2026-10-08T14:28:00.276280+00:00,1,0,ELIGIBLE,,est-1
80b93e9bdeb7cc73,football|League Two|Crawley Town v Chesterfield FC|2026-10-10T14:00:00+00:00,Crawley Town v Chesterfield FC,2026-10-10T14:00:00+00:00,2026-10-10T14:00:00+00:00,LEDGER_ONLY,unified_ledger.event_start,2026-10-08T14:28:00.276280+00:00,1,0,ELIGIBLE,,est-1
995d5b774dadd6b0,football|League Two|Crawley Town v Chesterfield FC|2026-10-10T14:00:00+00:00,Crawley Town v Chesterfield FC,2026-10-10T14:00:00+00:00,2026-10-10T14:00:00+00:00,LEDGER_ONLY,unified_ledger.event_start,2026-10-08T14:28:00.276280+00:00,1,0,ELIGIBLE,,est-1
1762694711574dde,football|League Two|Fleetwood Town v Walsall|2026-10-10T14:00:00+00:00,Fleetwood Town v Walsall,2026-10-10T14:00:00+00:00,2026-10-10T14:00:00+00:00,LEDGER_ONLY,unified_ledger.event_start,2026-10-08T14:28:00.276280+00:00,1,0,ELIGIBLE,,est-1
d2627a22cf86cbdf,football|League Two|Fleetwood Town v Walsall|2026-10-10T14:00:00+00:00,Fleetwood Town v Walsall,2026-10-10T14:00:00+00:00,2026-10-10T14:00:00+00:00,LEDGER_ONLY,unified_ledger.event_start,2026-10-08T14:28:00.276280+00:00,1,0,ELIGIBLE,,est-1
c67704b76c2bdebe,football|League Two|Fleetwood Town v Walsall|2026-10-10T14:00:00+00:00,Fleetwood Town v Walsall,2026-10-10T14:00:00+00:00,2026-10-10T14:00:00+00:00,LEDGER_ONLY,unified_ledger.event_start,2026-10-08T14:28:00.276280+00:00,1,0,ELIGIBLE,,est-1
1cd2e377af5506fc,football|League Two|Fleetwood Town v Walsall|2026-10-10T14:00:00+00:00,Fleetwood Town v Walsall,2026-10-10T14:00:00+00:00,2026-10-10T14:00:00+00:00,LEDGER_ONLY,unified_ledger.event_start,2026-10-08T14:28:00.276280+00:00,1,0,ELIGIBLE,,est-1
fbe227a8745697ef,football|League Two|Fleetwood Town v Walsall|2026-10-10T14:00:00+00:00,Fleetwood Town v Walsall,2026-10-10T14:00:00+00:00,2026-10-10T14:00:00+00:00,LEDGER_ONLY,unified_ledger.event_start,2026-10-08T14:28:00.276280+00:00,1,0,ELIGIBLE,,est-1
65b70cb7690de137,football|League Two|Fleetwood Town v Walsall|2026-10-10T14:00:00+00:00,Fleetwood Town v Walsall,2026-10-10T14:00:00+00:00,2026-10-10T14:00:00+00:00,LEDGER_ONLY,unified_ledger.event_start,2026-10-08T14:28:00.276280+00:00,1,0,ELIGIBLE,,est-1
9f356d95a7aad6ce,football|League Two|Newport County v Colchester United|2026-10-10T14:00:00+00:00,Newport County v Colchester United,2026-10-10T14:00:00+00:00,2026-10-10T14:00:00+00:00,LEDGER_ONLY,unified_ledger.event_start,2026-10-08T14:28:00.276280+00:00,1,0,ELIGIBLE,,est-1
a21251711981316e,football|League Two|Newport County v Colchester United|2026-10-10T14:00:00+00:00,Newport County v Colchester United,2026-10-10T14:00:00+00:00,2026-10-10T14:00:00+00:00,LEDGER_ONLY,unified_ledger.event_start,2026-10-08T14:28:00.276280+00:00,1,0,ELIGIBLE,,est-1
986e20474ca81833,football|League Two|Newport County v Colchester United|2026-10-10T14:00:00+00:00,Newport County v Colchester United,2026-10-10T14:00:00+00:00,2026-10-10T14:00:00+00:00,LEDGER_ONLY,unified_ledger.event_start,2026-10-08T14:28:00.276280+00:00,1,0,ELIGIBLE,,est-1
a57064e8d41aa805,football|League Two|Newport County v Colchester United|2026-10-10T14:00:00+00:00,Newport County v Colchester United,2026-10-10T14:00:00+00:00,2026-10-10T14:00:00+00:00,LEDGER_ONLY,unified_ledger.event_start,2026-10-08T14:28:00.276280+00:00,1,0,ELIGIBLE,,est-1
dc9a43c68f815cd6,football|League Two|Newport County v Colchester United|2026-10-10T14:00:00+00:00,Newport County v Colchester United,2026-10-10T14:00:00+00:00,2026-10-10T14:00:00+00:00,LEDGER_ONLY,unified_ledger.event_start,2026-10-08T14:28:00.276280+00:00,1,0,ELIGIBLE,,est-1
7d3205ffe4232897,football|League Two|Newport County v Colchester United|2026-10-10T14:00:00+00:00,Newport County v Colchester United,2026-10-10T14:00:00+00:00,2026-10-10T14:00:00+00:00,LEDGER_ONLY,unified_ledger.event_start,2026-10-08T14:28:00.276280+00:00,1,0,ELIGIBLE,,est-1
3d6ef526101a0e4c,football|League Two|Oldham Athletic v Accrington Stanley|2026-10-10T11:30:00+00:00,Oldham Athletic v Accrington Stanley,2026-10-10T11:30:00+00:00,2026-10-10T11:30:00+00:00,LEDGER_ONLY,unified_ledger.event_start,2026-10-08T14:28:00.276280+00:00,1,0,ELIGIBLE,,est-1
9a9c5412a439f2b8,football|League Two|Oldham Athletic v Accrington Stanley|2026-10-10T11:30:00+00:00,Oldham Athletic v Accrington Stanley,2026-10-10T11:30:00+00:00,2026-10-10T11:30:00+00:00,LEDGER_ONLY,unified_ledger.event_start,2026-10-08T14:28:00.276280+00:00,1,0,ELIGIBLE,,est-1
0e812d85af8d99ea,football|League Two|Oldham Athletic v Accrington Stanley|2026-10-10T11:30:00+00:00,Oldham Athletic v Accrington Stanley,2026-10-10T11:30:00+00:00,2026-10-10T11:30:00+00:00,LEDGER_ONLY,unified_ledger.event_start,2026-10-08T14:28:00.276280+00:00,1,0,ELIGIBLE,,est-1
04883bac3e11c63f,football|League Two|Oldham Athletic v Accrington Stanley|2026-10-10T11:30:00+00:00,Oldham Athletic v Accrington Stanley,2026-10-10T11:30:00+00:00,2026-10-10T11:30:00+00:00,LEDGER_ONLY,unified_ledger.event_start,2026-10-08T14:28:00.276280+00:00,1,0,ELIGIBLE,,est-1
f8abea034d1d0700,football|League Two|Oldham Athletic v Accrington Stanley|2026-10-10T11:30:00+00:00,Oldham Athletic v Accrington Stanley,2026-10-10T11:30:00+00:00,2026-10-10T11:30:00+00:00,LEDGER_ONLY,unified_ledger.event_start,2026-10-08T14:28:00.276280+00:00,1,0,ELIGIBLE,,est-1
858b97b81e1ed3e4,football|League Two|Oldham Athletic v Accrington Stanley|2026-10-10T11:30:00+00:00,Oldham Athletic v Accrington Stanley,2026-10-10T11:30:00+00:00,2026-10-10T11:30:00+00:00,LEDGER_ONLY,unified_ledger.event_start,2026-10-08T14:28:00.276280+00:00,1,0,ELIGIBLE,,est-1
062e8205d76668ca,football|League Two|Port Vale v Grimsby Town|2026-10-10T14:00:00+00:00,Port Vale v Grimsby Town,2026-10-10T14:00:00+00:00,2026-10-10T14:00:00+00:00,LEDGER_ONLY,unified_ledger.event_start,2026-10-08T14:28:00.276280+00:00,1,0,ELIGIBLE,,est-1
8d7746990811bf84,football|League Two|Port Vale v Grimsby Town|2026-10-10T14:00:00+00:00,Port Vale v Grimsby Town,2026-10-10T14:00:00+00:00,2026-10-10T14:00:00+00:00,LEDGER_ONLY,unified_ledger.event_start,2026-10-08T14:28:00.276280+00:00,1,0,ELIGIBLE,,est-1
8dc5b8d29bf794dd,football|League Two|Port Vale v Grimsby Town|2026-10-10T14:00:00+00:00,Port Vale v Grimsby Town,2026-10-10T14:00:00+00:00,2026-10-10T14:00:00+00:00,LEDGER_ONLY,unified_ledger.event_start,2026-10-08T14:28:00.276280+00:00,1,0,ELIGIBLE,,est-1
68e72012202bc4ed,football|League Two|Port Vale v Grimsby Town|2026-10-10T14:00:00+00:00,Port Vale v Grimsby Town,2026-10-10T14:00:00+00:00,2026-10-10T14:00:00+00:00,LEDGER_ONLY,unified_ledger.event_start,2026-10-08T14:28:00.276280+00:00,1,0,ELIGIBLE,,est-1
97b32d86428c58d8,football|League Two|Port Vale v Grimsby Town|2026-10-10T14:00:00+00:00,Port Vale v Grimsby Town,2026-10-10T14:00:00+00:00,2026-10-10T14:00:00+00:00,LEDGER_ONLY,unified_ledger.event_start,2026-10-08T14:28:00.276280+00:00,1,0,ELIGIBLE,,est-1
617cab857a04ea4e,football|League Two|Port Vale v Grimsby Town|2026-10-10T14:00:00+00:00,Port Vale v Grimsby Town,2026-10-10T14:00:00+00:00,2026-10-10T14:00:00+00:00,LEDGER_ONLY,unified_ledger.event_start,2026-10-08T14:28:00.276280+00:00,1,0,ELIGIBLE,,est-1
e650f9e479a7a701,football|League Two|Rotherham United v Gillingham|2026-10-10T14:00:00+00:00,Rotherham United v Gillingham,2026-10-10T14:00:00+00:00,2026-10-10T14:00:00+00:00,LEDGER_ONLY,unified_ledger.event_start,2026-10-08T14:28:00.276280+00:00,1,0,ELIGIBLE,,est-1
6b7de5b38fd7125e,football|League Two|Rotherham United v Gillingham|2026-10-10T14:00:00+00:00,Rotherham United v Gillingham,2026-10-10T14:00:00+00:00,2026-10-10T14:00:00+00:00,LEDGER_ONLY,unified_ledger.event_start,2026-10-08T14:28:00.276280+00:00,1,0,ELIGIBLE,,est-1
87b674b46b13f668,football|League Two|Rotherham United v Gillingham|2026-10-10T14:00:00+00:00,Rotherham United v Gillingham,2026-10-10T14:00:00+00:00,2026-10-10T14:00:00+00:00,LEDGER_ONLY,unified_ledger.event_start,2026-10-08T14:28:00.276280+00:00,1,0,ELIGIBLE,,est-1
15f2be0792a81367,football|League Two|Rotherham United v Gillingham|2026-10-10T14:00:00+00:00,Rotherham United v Gillingham,2026-10-10T14:00:00+00:00,2026-10-10T14:00:00+00:00,LEDGER_ONLY,unified_ledger.event_start,2026-10-08T14:28:00.276280+00:00,1,0,ELIGIBLE,,est-1
166abf3a4dd38eee,football|League Two|Rotherham United v Gillingham|2026-10-10T14:00:00+00:00,Rotherham United v Gillingham,2026-10-10T14:00:00+00:00,2026-10-10T14:00:00+00:00,LEDGER_ONLY,unified_ledger.event_start,2026-10-08T14:28:00.276280+00:00,1,0,ELIGIBLE,,est-1
bf5d812c01b68a45,football|League Two|Rotherham United v Gillingham|2026-10-10T14:00:00+00:00,Rotherham United v Gillingham,2026-10-10T14:00:00+00:00,2026-10-10T14:00:00+00:00,LEDGER_ONLY,unified_ledger.event_start,2026-10-08T14:28:00.276280+00:00,1,0,ELIGIBLE,,est-1
83ad7a60e7500c71,football|League Two|Shrewsbury Town v Exeter City|2026-10-10T14:00:00+00:00,Shrewsbury Town v Exeter City,2026-10-10T14:00:00+00:00,2026-10-10T14:00:00+00:00,LEDGER_ONLY,unified_ledger.event_start,2026-10-08T14:28:00.276280+00:00,1,0,ELIGIBLE,,est-1
c40faf969a73c566,football|League Two|Shrewsbury Town v Exeter City|2026-10-10T14:00:00+00:00,Shrewsbury Town v Exeter City,2026-10-10T14:00:00+00:00,2026-10-10T14:00:00+00:00,LEDGER_ONLY,unified_ledger.event_start,2026-10-08T14:28:00.276280+00:00,1,0,ELIGIBLE,,est-1
12870d14f144af3d,football|League Two|Shrewsbury Town v Exeter City|2026-10-10T14:00:00+00:00,Shrewsbury Town v Exeter City,2026-10-10T14:00:00+00:00,2026-10-10T14:00:00+00:00,LEDGER_ONLY,unified_ledger.event_start,2026-10-08T14:28:00.276280+00:00,1,0,ELIGIBLE,,est-1
863c541645807fc5,football|League Two|Shrewsbury Town v Exeter City|2026-10-10T14:00:00+00:00,Shrewsbury Town v Exeter City,2026-10-10T14:00:00+00:00,2026-10-10T14:00:00+00:00,LEDGER_ONLY,unified_ledger.event_start,2026-10-08T14:28:00.276280+00:00,1,0,ELIGIBLE,,est-1
f95c686d6602b7c1,football|League Two|Shrewsbury Town v Exeter City|2026-10-10T14:00:00+00:00,Shrewsbury Town v Exeter City,2026-10-10T14:00:00+00:00,2026-10-10T14:00:00+00:00,LEDGER_ONLY,unified_ledger.event_start,2026-10-08T14:28:00.276280+00:00,1,0,ELIGIBLE,,est-1
17f838f82c867ce3,football|League Two|Shrewsbury Town v Exeter City|2026-10-10T14:00:00+00:00,Shrewsbury Town v Exeter City,2026-10-10T14:00:00+00:00,2026-10-10T14:00:00+00:00,LEDGER_ONLY,unified_ledger.event_start,2026-10-08T14:28:00.276280+00:00,1,0,ELIGIBLE,,est-1
849a2360d36d45ac,football|League Two|Swindon Town v Crewe Alexandra|2026-10-10T11:30:00+00:00,Swindon Town v Crewe Alexandra,2026-10-10T11:30:00+00:00,2026-10-10T11:30:00+00:00,LEDGER_ONLY,unified_ledger.event_start,2026-10-08T14:28:00.276280+00:00,1,0,ELIGIBLE,,est-1
5a6793e663bb56f4,football|League Two|Swindon Town v Crewe Alexandra|2026-10-10T11:30:00+00:00,Swindon Town v Crewe Alexandra,2026-10-10T11:30:00+00:00,2026-10-10T11:30:00+00:00,LEDGER_ONLY,unified_ledger.event_start,2026-10-08T14:28:00.276280+00:00,1,0,ELIGIBLE,,est-1
5e4e7b73027470a5,football|League Two|Swindon Town v Crewe Alexandra|2026-10-10T11:30:00+00:00,Swindon Town v Crewe Alexandra,2026-10-10T11:30:00+00:00,2026-10-10T11:30:00+00:00,LEDGER_ONLY,unified_ledger.event_start,2026-10-08T14:28:00.276280+00:00,1,0,ELIGIBLE,,est-1
35b4a5d973720ed3,football|League Two|Swindon Town v Crewe Alexandra|2026-10-10T11:30:00+00:00,Swindon Town v Crewe Alexandra,2026-10-10T11:30:00+00:00,2026-10-10T11:30:00+00:00,LEDGER_ONLY,unified_ledger.event_start,2026-10-08T14:28:00.276280+00:00,1,0,ELIGIBLE,,est-1
e21089b943833078,football|League Two|Swindon Town v Crewe Alexandra|2026-10-10T11:30:00+00:00,Swindon Town v Crewe Alexandra,2026-10-10T11:30:00+00:00,2026-10-10T11:30:00+00:00,LEDGER_ONLY,unified_ledger.event_start,2026-10-08T14:28:00.276280+00:00,1,0,ELIGIBLE,,est-1
d619ecd9e1c957b0,football|League Two|Swindon Town v Crewe Alexandra|2026-10-10T11:30:00+00:00,Swindon Town v Crewe Alexandra,2026-10-10T11:30:00+00:00,2026-10-10T11:30:00+00:00,LEDGER_ONLY,unified_ledger.event_start,2026-10-08T14:28:00.276280+00:00,1,0,ELIGIBLE,,est-1
b5cb55b462f8bffe,football|League Two|Tranmere Rovers v Rochdale|2026-10-10T14:00:00+00:00,Tranmere Rovers v Rochdale,2026-10-10T14:00:00+00:00,2026-10-10T14:00:00+00:00,LEDGER_ONLY,unified_ledger.event_start,2026-10-08T14:28:00.276280+00:00,1,0,ELIGIBLE,,est-1
21391970ce063065,football|League Two|Tranmere Rovers v Rochdale|2026-10-10T14:00:00+00:00,Tranmere Rovers v Rochdale,2026-10-10T14:00:00+00:00,2026-10-10T14:00:00+00:00,LEDGER_ONLY,unified_ledger.event_start,2026-10-08T14:28:00.276280+00:00,1,0,ELIGIBLE,,est-1
16bc4459c7db6fc4,football|League Two|Tranmere Rovers v Rochdale|2026-10-10T14:00:00+00:00,Tranmere Rovers v Rochdale,2026-10-10T14:00:00+00:00,2026-10-10T14:00:00+00:00,LEDGER_ONLY,unified_ledger.event_start,2026-10-08T14:28:00.276280+00:00,1,0,ELIGIBLE,,est-1
0da15e1980ac9f8e,football|League Two|Tranmere Rovers v Rochdale|2026-10-10T14:00:00+00:00,Tranmere Rovers v Rochdale,2026-10-10T14:00:00+00:00,2026-10-10T14:00:00+00:00,LEDGER_ONLY,unified_ledger.event_start,2026-10-08T14:28:00.276280+00:00,1,0,ELIGIBLE,,est-1
f3a783e331772445,football|League Two|Tranmere Rovers v Rochdale|2026-10-10T14:00:00+00:00,Tranmere Rovers v Rochdale,2026-10-10T14:00:00+00:00,2026-10-10T14:00:00+00:00,LEDGER_ONLY,unified_ledger.event_start,2026-10-08T14:28:00.276280+00:00,1,0,ELIGIBLE,,est-1
b4c87ebb8a2293f6,football|League Two|Tranmere Rovers v Rochdale|2026-10-10T14:00:00+00:00,Tranmere Rovers v Rochdale,2026-10-10T14:00:00+00:00,2026-10-10T14:00:00+00:00,LEDGER_ONLY,unified_ledger.event_start,2026-10-08T14:28:00.276280+00:00,1,0,ELIGIBLE,,est-1
0c4bab6467fd2a56,football|League Two|York City v Northampton Town|2026-10-10T14:00:00+00:00,York City v Northampton Town,2026-10-10T14:00:00+00:00,2026-10-10T14:00:00+00:00,LEDGER_ONLY,unified_ledger.event_start,2026-10-08T14:28:00.276280+00:00,1,0,ELIGIBLE,,est-1
66cd1eed30a60ef2,football|League Two|York City v Northampton Town|2026-10-10T14:00:00+00:00,York City v Northampton Town,2026-10-10T14:00:00+00:00,2026-10-10T14:00:00+00:00,LEDGER_ONLY,unified_ledger.event_start,2026-10-08T14:28:00.276280+00:00,1,0,ELIGIBLE,,est-1
62b3c41b2b0b167d,football|League Two|York City v Northampton Town|2026-10-10T14:00:00+00:00,York City v Northampton Town,2026-10-10T14:00:00+00:00,2026-10-10T14:00:00+00:00,LEDGER_ONLY,unified_ledger.event_start,2026-10-08T14:28:00.276280+00:00,1,0,ELIGIBLE,,est-1
03feff1d05721b71,football|League Two|York City v Northampton Town|2026-10-10T14:00:00+00:00,York City v Northampton Town,2026-10-10T14:00:00+00:00,2026-10-10T14:00:00+00:00,LEDGER_ONLY,unified_ledger.event_start,2026-10-08T14:28:00.276280+00:00,1,0,ELIGIBLE,,est-1
64d611a94741eacf,football|League Two|York City v Northampton Town|2026-10-10T14:00:00+00:00,York City v Northampton Town,2026-10-10T14:00:00+00:00,2026-10-10T14:00:00+00:00,LEDGER_ONLY,unified_ledger.event_start,2026-10-08T14:28:00.276280+00:00,1,0,ELIGIBLE,,est-1
a781cb79679351f4,football|League Two|York City v Northampton Town|2026-10-10T14:00:00+00:00,York City v Northampton Town,2026-10-10T14:00:00+00:00,2026-10-10T14:00:00+00:00,LEDGER_ONLY,unified_ledger.event_start,2026-10-08T14:28:00.276280+00:00,1,0,ELIGIBLE,,est-1
2dd0cde952d4690c,football|Ligue 1|RC Lens v Lyon|2026-10-09T18:45:00+00:00,RC Lens v Lyon,2026-10-09T18:45:00+00:00,2026-10-09T18:45:00+00:00,LEDGER_ONLY,unified_ledger.event_start,2026-10-08T14:28:00.276280+00:00,1,0,ELIGIBLE,,est-1
b8314fd01e5bc971,football|Ligue 1|RC Lens v Lyon|2026-10-09T18:45:00+00:00,RC Lens v Lyon,2026-10-09T18:45:00+00:00,2026-10-09T18:45:00+00:00,LEDGER_ONLY,unified_ledger.event_start,2026-10-08T14:28:00.276280+00:00,1,0,ELIGIBLE,,est-1
b9801afda6c603bc,football|Ligue 1|RC Lens v Lyon|2026-10-09T18:45:00+00:00,RC Lens v Lyon,2026-10-09T18:45:00+00:00,2026-10-09T18:45:00+00:00,LEDGER_ONLY,unified_ledger.event_start,2026-10-08T14:28:00.276280+00:00,1,0,ELIGIBLE,,est-1
7d7c59e3d505837b,football|Ligue 1|RC Lens v Lyon|2026-10-09T18:45:00+00:00,RC Lens v Lyon,2026-10-09T18:45:00+00:00,2026-10-09T18:45:00+00:00,LEDGER_ONLY,unified_ledger.event_start,2026-10-08T14:28:00.276280+00:00,1,0,ELIGIBLE,,est-1
c37b1422eb54da01,football|Ligue 1|RC Lens v Lyon|2026-10-09T18:45:00+00:00,RC Lens v Lyon,2026-10-09T18:45:00+00:00,2026-10-09T18:45:00+00:00,LEDGER_ONLY,unified_ledger.event_start,2026-10-08T14:28:00.276280+00:00,1,0,ELIGIBLE,,est-1
8c14eeef34a8892b,football|Ligue 1|RC Lens v Lyon|2026-10-09T18:45:00+00:00,RC Lens v Lyon,2026-10-09T18:45:00+00:00,2026-10-09T18:45:00+00:00,LEDGER_ONLY,unified_ledger.event_start,2026-10-08T14:28:00.276280+00:00,1,0,ELIGIBLE,,est-1
55f59346792e0939,football|Ligue 2|Clermont v Red Star|2026-10-10T12:00:00+00:00,Clermont v Red Star,2026-10-10T12:00:00+00:00,2026-10-10T12:00:00+00:00,LEDGER_ONLY,unified_ledger.event_start,2026-10-08T14:28:00.276280+00:00,1,0,ELIGIBLE,,est-1
1621a226095c03f9,football|Ligue 2|Clermont v Red Star|2026-10-10T12:00:00+00:00,Clermont v Red Star,2026-10-10T12:00:00+00:00,2026-10-10T12:00:00+00:00,LEDGER_ONLY,unified_ledger.event_start,2026-10-08T14:28:00.276280+00:00,1,0,ELIGIBLE,,est-1
32f903a2ef1cb237,football|Ligue 2|Clermont v Red Star|2026-10-10T12:00:00+00:00,Clermont v Red Star,2026-10-10T12:00:00+00:00,2026-10-10T12:00:00+00:00,LEDGER_ONLY,unified_ledger.event_start,2026-10-08T14:28:00.276280+00:00,1,0,ELIGIBLE,,est-1
9a53c1025a1af2c7,football|Ligue 2|Clermont v Red Star|2026-10-10T12:00:00+00:00,Clermont v Red Star,2026-10-10T12:00:00+00:00,2026-10-10T12:00:00+00:00,LEDGER_ONLY,unified_ledger.event_start,2026-10-08T14:28:00.276280+00:00,1,0,ELIGIBLE,,est-1
90d58824e4943f92,football|Ligue 2|Clermont v Red Star|2026-10-10T12:00:00+00:00,Clermont v Red Star,2026-10-10T12:00:00+00:00,2026-10-10T12:00:00+00:00,LEDGER_ONLY,unified_ledger.event_start,2026-10-08T14:28:00.276280+00:00,1,0,ELIGIBLE,,est-1
41868d5148d0b0d3,football|Ligue 2|Clermont v Red Star|2026-10-10T12:00:00+00:00,Clermont v Red Star,2026-10-10T12:00:00+00:00,2026-10-10T12:00:00+00:00,LEDGER_ONLY,unified_ledger.event_start,2026-10-08T14:28:00.276280+00:00,1,0,ELIGIBLE,,est-1
055bbe205c48f094,football|Ligue 2|Montpellier v Grenoble|2026-10-09T18:00:00+00:00,Montpellier v Grenoble,2026-10-09T18:00:00+00:00,2026-10-09T18:00:00+00:00,LEDGER_ONLY,unified_ledger.event_start,2026-10-08T14:28:00.276280+00:00,1,0,ELIGIBLE,,est-1
61cfb4d033b21e3d,football|Ligue 2|Montpellier v Grenoble|2026-10-09T18:00:00+00:00,Montpellier v Grenoble,2026-10-09T18:00:00+00:00,2026-10-09T18:00:00+00:00,LEDGER_ONLY,unified_ledger.event_start,2026-10-08T14:28:00.276280+00:00,1,0,ELIGIBLE,,est-1
700f1f7e82ccc4ea,football|Ligue 2|Montpellier v Grenoble|2026-10-09T18:00:00+00:00,Montpellier v Grenoble,2026-10-09T18:00:00+00:00,2026-10-09T18:00:00+00:00,LEDGER_ONLY,unified_ledger.event_start,2026-10-08T14:28:00.276280+00:00,1,0,ELIGIBLE,,est-1
d09a92b3ae253e90,football|Ligue 2|Montpellier v Grenoble|2026-10-09T18:00:00+00:00,Montpellier v Grenoble,2026-10-09T18:00:00+00:00,2026-10-09T18:00:00+00:00,LEDGER_ONLY,unified_ledger.event_start,2026-10-08T14:28:00.276280+00:00,1,0,ELIGIBLE,,est-1
1f4cfba92f7d1bab,football|Ligue 2|Montpellier v Grenoble|2026-10-09T18:00:00+00:00,Montpellier v Grenoble,2026-10-09T18:00:00+00:00,2026-10-09T18:00:00+00:00,LEDGER_ONLY,unified_ledger.event_start,2026-10-08T14:28:00.276280+00:00,1,0,ELIGIBLE,,est-1
1e203ac7b0c62182,football|Ligue 2|Montpellier v Grenoble|2026-10-09T18:00:00+00:00,Montpellier v Grenoble,2026-10-09T18:00:00+00:00,2026-10-09T18:00:00+00:00,LEDGER_ONLY,unified_ledger.event_start,2026-10-08T14:28:00.276280+00:00,1,0,ELIGIBLE,,est-1
2a0cd45aebbd6592,football|Ligue 2|Nancy v Guingamp|2026-10-09T18:00:00+00:00,Nancy v Guingamp,2026-10-09T18:00:00+00:00,2026-10-09T18:00:00+00:00,LEDGER_ONLY,unified_ledger.event_start,2026-10-08T14:28:00.276280+00:00,1,0,ELIGIBLE,,est-1
2c0f565657ac997a,football|Ligue 2|Nancy v Guingamp|2026-10-09T18:00:00+00:00,Nancy v Guingamp,2026-10-09T18:00:00+00:00,2026-10-09T18:00:00+00:00,LEDGER_ONLY,unified_ledger.event_start,2026-10-08T14:28:00.276280+00:00,1,0,ELIGIBLE,,est-1
2007592725f651fc,football|Ligue 2|Nancy v Guingamp|2026-10-09T18:00:00+00:00,Nancy v Guingamp,2026-10-09T18:00:00+00:00,2026-10-09T18:00:00+00:00,LEDGER_ONLY,unified_ledger.event_start,2026-10-08T14:28:00.276280+00:00,1,0,ELIGIBLE,,est-1
4f8a9d2bc707ac69,football|Ligue 2|Nancy v Guingamp|2026-10-09T18:00:00+00:00,Nancy v Guingamp,2026-10-09T18:00:00+00:00,2026-10-09T18:00:00+00:00,LEDGER_ONLY,unified_ledger.event_start,2026-10-08T14:28:00.276280+00:00,1,0,ELIGIBLE,,est-1
d79c911bfd90eb73,football|Ligue 2|Nancy v Guingamp|2026-10-09T18:00:00+00:00,Nancy v Guingamp,2026-10-09T18:00:00+00:00,2026-10-09T18:00:00+00:00,LEDGER_ONLY,unified_ledger.event_start,2026-10-08T14:28:00.276280+00:00,1,0,ELIGIBLE,,est-1
6244a1c1c79cb5a9,football|Ligue 2|Nancy v Guingamp|2026-10-09T18:00:00+00:00,Nancy v Guingamp,2026-10-09T18:00:00+00:00,2026-10-09T18:00:00+00:00,LEDGER_ONLY,unified_ledger.event_start,2026-10-08T14:28:00.276280+00:00,1,0,ELIGIBLE,,est-1
11ab1db3ab69e586,football|Ligue 2|Nantes v Stade de Reims|2026-10-10T12:00:00+00:00,Nantes v Stade de Reims,2026-10-10T12:00:00+00:00,2026-10-10T12:00:00+00:00,LEDGER_ONLY,unified_ledger.event_start,2026-10-08T14:28:00.276280+00:00,1,0,ELIGIBLE,,est-1
6ead3966cd849385,football|Ligue 2|Nantes v Stade de Reims|2026-10-10T12:00:00+00:00,Nantes v Stade de Reims,2026-10-10T12:00:00+00:00,2026-10-10T12:00:00+00:00,LEDGER_ONLY,unified_ledger.event_start,2026-10-08T14:28:00.276280+00:00,1,0,ELIGIBLE,,est-1
fe610e91cd0a6d65,football|Ligue 2|Nantes v Stade de Reims|2026-10-10T12:00:00+00:00,Nantes v Stade de Reims,2026-10-10T12:00:00+00:00,2026-10-10T12:00:00+00:00,LEDGER_ONLY,unified_ledger.event_start,2026-10-08T14:28:00.276280+00:00,1,0,ELIGIBLE,,est-1
e5b1f423b195d22d,football|Ligue 2|Nantes v Stade de Reims|2026-10-10T12:00:00+00:00,Nantes v Stade de Reims,2026-10-10T12:00:00+00:00,2026-10-10T12:00:00+00:00,LEDGER_ONLY,unified_ledger.event_start,2026-10-08T14:28:00.276280+00:00,1,0,ELIGIBLE,,est-1
a78f04db2bf7655c,football|Ligue 2|Nantes v Stade de Reims|2026-10-10T12:00:00+00:00,Nantes v Stade de Reims,2026-10-10T12:00:00+00:00,2026-10-10T12:00:00+00:00,LEDGER_ONLY,unified_ledger.event_start,2026-10-08T14:28:00.276280+00:00,1,0,ELIGIBLE,,est-1
73d61c32df7a6364,football|Ligue 2|Nantes v Stade de Reims|2026-10-10T12:00:00+00:00,Nantes v Stade de Reims,2026-10-10T12:00:00+00:00,2026-10-10T12:00:00+00:00,LEDGER_ONLY,unified_ledger.event_start,2026-10-08T14:28:00.276280+00:00,1,0,ELIGIBLE,,est-1
6f2a0c37e9f0de68,football|Ligue 2|Pau FC v Stade Lavallois|2026-10-09T18:00:00+00:00,Pau FC v Stade Lavallois,2026-10-09T18:00:00+00:00,2026-10-09T18:00:00+00:00,LEDGER_ONLY,unified_ledger.event_start,2026-10-08T14:28:00.276280+00:00,1,0,ELIGIBLE,,est-1
1c2ddb659b5faa2b,football|Ligue 2|Pau FC v Stade Lavallois|2026-10-09T18:00:00+00:00,Pau FC v Stade Lavallois,2026-10-09T18:00:00+00:00,2026-10-09T18:00:00+00:00,LEDGER_ONLY,unified_ledger.event_start,2026-10-08T14:28:00.276280+00:00,1,0,ELIGIBLE,,est-1
4f8ea92422d76b07,football|Ligue 2|Pau FC v Stade Lavallois|2026-10-09T18:00:00+00:00,Pau FC v Stade Lavallois,2026-10-09T18:00:00+00:00,2026-10-09T18:00:00+00:00,LEDGER_ONLY,unified_ledger.event_start,2026-10-08T14:28:00.276280+00:00,1,0,ELIGIBLE,,est-1
457c53ad3cd4eda9,football|Ligue 2|Pau FC v Stade Lavallois|2026-10-09T18:00:00+00:00,Pau FC v Stade Lavallois,2026-10-09T18:00:00+00:00,2026-10-09T18:00:00+00:00,LEDGER_ONLY,unified_ledger.event_start,2026-10-08T14:28:00.276280+00:00,1,0,ELIGIBLE,,est-1
1d46b08bcd8f5b4b,football|Ligue 2|Pau FC v Stade Lavallois|2026-10-09T18:00:00+00:00,Pau FC v Stade Lavallois,2026-10-09T18:00:00+00:00,2026-10-09T18:00:00+00:00,LEDGER_ONLY,unified_ledger.event_start,2026-10-08T14:28:00.276280+00:00,1,0,ELIGIBLE,,est-1
a685cee3fe6fab26,football|Ligue 2|Pau FC v Stade Lavallois|2026-10-09T18:00:00+00:00,Pau FC v Stade Lavallois,2026-10-09T18:00:00+00:00,2026-10-09T18:00:00+00:00,LEDGER_ONLY,unified_ledger.event_start,2026-10-08T14:28:00.276280+00:00,1,0,ELIGIBLE,,est-1
5c6a270c1f0d13a8,football|Ligue 2|Sochaux v Boulogne|2026-10-09T18:00:00+00:00,Sochaux v Boulogne,2026-10-09T18:00:00+00:00,2026-10-09T18:00:00+00:00,LEDGER_ONLY,unified_ledger.event_start,2026-10-08T14:28:00.276280+00:00,1,0,ELIGIBLE,,est-1
a7bab8549a4af955,football|Ligue 2|Sochaux v Boulogne|2026-10-09T18:00:00+00:00,Sochaux v Boulogne,2026-10-09T18:00:00+00:00,2026-10-09T18:00:00+00:00,LEDGER_ONLY,unified_ledger.event_start,2026-10-08T14:28:00.276280+00:00,1,0,ELIGIBLE,,est-1
3576b7ae93c69055,football|Ligue 2|Sochaux v Boulogne|2026-10-09T18:00:00+00:00,Sochaux v Boulogne,2026-10-09T18:00:00+00:00,2026-10-09T18:00:00+00:00,LEDGER_ONLY,unified_ledger.event_start,2026-10-08T14:28:00.276280+00:00,1,0,ELIGIBLE,,est-1
9dbf87dd75411d69,football|Ligue 2|Sochaux v Boulogne|2026-10-09T18:00:00+00:00,Sochaux v Boulogne,2026-10-09T18:00:00+00:00,2026-10-09T18:00:00+00:00,LEDGER_ONLY,unified_ledger.event_start,2026-10-08T14:28:00.276280+00:00,1,0,ELIGIBLE,,est-1
ba2b01f559f82efe,football|Ligue 2|Sochaux v Boulogne|2026-10-09T18:00:00+00:00,Sochaux v Boulogne,2026-10-09T18:00:00+00:00,2026-10-09T18:00:00+00:00,LEDGER_ONLY,unified_ledger.event_start,2026-10-08T14:28:00.276280+00:00,1,0,ELIGIBLE,,est-1
9f5476ca501588aa,football|Ligue 2|Sochaux v Boulogne|2026-10-09T18:00:00+00:00,Sochaux v Boulogne,2026-10-09T18:00:00+00:00,2026-10-09T18:00:00+00:00,LEDGER_ONLY,unified_ledger.event_start,2026-10-08T14:28:00.276280+00:00,1,0,ELIGIBLE,,est-1
771feb22decd5027,football|Ligue 2|USL Dunkerque v Annecy FC|2026-10-09T18:00:00+00:00,USL Dunkerque v Annecy FC,2026-10-09T18:00:00+00:00,2026-10-09T18:00:00+00:00,LEDGER_ONLY,unified_ledger.event_start,2026-10-08T14:28:00.276280+00:00,1,0,ELIGIBLE,,est-1
894fa091897a3f66,football|Ligue 2|USL Dunkerque v Annecy FC|2026-10-09T18:00:00+00:00,USL Dunkerque v Annecy FC,2026-10-09T18:00:00+00:00,2026-10-09T18:00:00+00:00,LEDGER_ONLY,unified_ledger.event_start,2026-10-08T14:28:00.276280+00:00,1,0,ELIGIBLE,,est-1
05a7169e3c38a33f,football|Ligue 2|USL Dunkerque v Annecy FC|2026-10-09T18:00:00+00:00,USL Dunkerque v Annecy FC,2026-10-09T18:00:00+00:00,2026-10-09T18:00:00+00:00,LEDGER_ONLY,unified_ledger.event_start,2026-10-08T14:28:00.276280+00:00,1,0,ELIGIBLE,,est-1
dbed0994f03d33c3,football|Ligue 2|USL Dunkerque v Annecy FC|2026-10-09T18:00:00+00:00,USL Dunkerque v Annecy FC,2026-10-09T18:00:00+00:00,2026-10-09T18:00:00+00:00,LEDGER_ONLY,unified_ledger.event_start,2026-10-08T14:28:00.276280+00:00,1,0,ELIGIBLE,,est-1
45c9985d91ffaf43,football|Ligue 2|USL Dunkerque v Annecy FC|2026-10-09T18:00:00+00:00,USL Dunkerque v Annecy FC,2026-10-09T18:00:00+00:00,2026-10-09T18:00:00+00:00,LEDGER_ONLY,unified_ledger.event_start,2026-10-08T14:28:00.276280+00:00,1,0,ELIGIBLE,,est-1
835a0102ce45a910,football|Ligue 2|USL Dunkerque v Annecy FC|2026-10-09T18:00:00+00:00,USL Dunkerque v Annecy FC,2026-10-09T18:00:00+00:00,2026-10-09T18:00:00+00:00,LEDGER_ONLY,unified_ledger.event_start,2026-10-08T14:28:00.276280+00:00,1,0,ELIGIBLE,,est-1
0cbee2a42c46e6cd,football|Premier League|Arsenal v Leeds United|2026-10-10T11:30:00+00:00,Arsenal v Leeds United,2026-10-10T11:30:00+00:00,2026-10-10T11:30:00+00:00,LEDGER_ONLY,unified_ledger.event_start,2026-10-08T14:28:00.276280+00:00,1,0,ELIGIBLE,,est-1
e0449ae358a63b50,football|Premier League|Arsenal v Leeds United|2026-10-10T11:30:00+00:00,Arsenal v Leeds United,2026-10-10T11:30:00+00:00,2026-10-10T11:30:00+00:00,LEDGER_ONLY,unified_ledger.event_start,2026-10-08T14:28:00.276280+00:00,1,0,ELIGIBLE,,est-1
43902ccbcab878c4,football|Premier League|Arsenal v Leeds United|2026-10-10T11:30:00+00:00,Arsenal v Leeds United,2026-10-10T11:30:00+00:00,2026-10-10T11:30:00+00:00,LEDGER_ONLY,unified_ledger.event_start,2026-10-08T14:28:00.276280+00:00,1,0,ELIGIBLE,,est-1
7539243c64426eb6,football|Premier League|Arsenal v Leeds United|2026-10-10T11:30:00+00:00,Arsenal v Leeds United,2026-10-10T11:30:00+00:00,2026-10-10T11:30:00+00:00,LEDGER_ONLY,unified_ledger.event_start,2026-10-08T14:28:00.276280+00:00,1,0,ELIGIBLE,,est-1
ae8565069cb0d31b,football|Premier League|Arsenal v Leeds United|2026-10-10T11:30:00+00:00,Arsenal v Leeds United,2026-10-10T11:30:00+00:00,2026-10-10T11:30:00+00:00,LEDGER_ONLY,unified_ledger.event_start,2026-10-08T14:28:00.276280+00:00,1,0,ELIGIBLE,,est-1
e3ca66889f861ff1,football|Premier League|Arsenal v Leeds United|2026-10-10T11:30:00+00:00,Arsenal v Leeds United,2026-10-10T11:30:00+00:00,2026-10-10T11:30:00+00:00,LEDGER_ONLY,unified_ledger.event_start,2026-10-08T14:28:00.276280+00:00,1,0,ELIGIBLE,,est-1
53d537c44033e2df,football|Premier League|Arsenal v Leeds United|2026-10-10T11:30:00+00:00,Arsenal v Leeds United,2026-10-10T11:30:00+00:00,2026-10-10T11:30:00+00:00,LEDGER_ONLY,unified_ledger.event_start,2026-10-08T14:28:00.276280+00:00,1,0,ELIGIBLE,,est-1
3b6377d27a036def,football|Premier League|Aston Villa v Brentford|2026-10-10T14:00:00+00:00,Aston Villa v Brentford,2026-10-10T14:00:00+00:00,2026-10-10T14:00:00+00:00,LEDGER_ONLY,unified_ledger.event_start,2026-10-08T14:28:00.276280+00:00,1,0,ELIGIBLE,,est-1
cf8afc01155cdf48,football|Premier League|Aston Villa v Brentford|2026-10-10T14:00:00+00:00,Aston Villa v Brentford,2026-10-10T14:00:00+00:00,2026-10-10T14:00:00+00:00,LEDGER_ONLY,unified_ledger.event_start,2026-10-08T14:28:00.276280+00:00,1,0,ELIGIBLE,,est-1
5a5ede5fdcb31a4e,football|Premier League|Aston Villa v Brentford|2026-10-10T14:00:00+00:00,Aston Villa v Brentford,2026-10-10T14:00:00+00:00,2026-10-10T14:00:00+00:00,LEDGER_ONLY,unified_ledger.event_start,2026-10-08T14:28:00.276280+00:00,1,0,ELIGIBLE,,est-1
9ecd9f132846c65d,football|Premier League|Aston Villa v Brentford|2026-10-10T14:00:00+00:00,Aston Villa v Brentford,2026-10-10T14:00:00+00:00,2026-10-10T14:00:00+00:00,LEDGER_ONLY,unified_ledger.event_start,2026-10-08T14:28:00.276280+00:00,1,0,ELIGIBLE,,est-1
3ce418fd7de2d795,football|Premier League|Aston Villa v Brentford|2026-10-10T14:00:00+00:00,Aston Villa v Brentford,2026-10-10T14:00:00+00:00,2026-10-10T14:00:00+00:00,LEDGER_ONLY,unified_ledger.event_start,2026-10-08T14:28:00.276280+00:00,1,0,ELIGIBLE,,est-1
02d95c250592c7cd,football|Premier League|Aston Villa v Brentford|2026-10-10T14:00:00+00:00,Aston Villa v Brentford,2026-10-10T14:00:00+00:00,2026-10-10T14:00:00+00:00,LEDGER_ONLY,unified_ledger.event_start,2026-10-08T14:28:00.276280+00:00,1,0,ELIGIBLE,,est-1
8a5fee079f6efd6c,football|Premier League|Aston Villa v Brentford|2026-10-10T14:00:00+00:00,Aston Villa v Brentford,2026-10-10T14:00:00+00:00,2026-10-10T14:00:00+00:00,LEDGER_ONLY,unified_ledger.event_start,2026-10-08T14:28:00.276280+00:00,1,0,ELIGIBLE,,est-1
101977ff37b9994d,football|Premier League|Chelsea v Bournemouth|2026-10-10T14:00:00+00:00,Chelsea v Bournemouth,2026-10-10T14:00:00+00:00,2026-10-10T14:00:00+00:00,LEDGER_ONLY,unified_ledger.event_start,2026-10-08T14:28:00.276280+00:00,1,0,ELIGIBLE,,est-1
c66140e7f3aed89e,football|Premier League|Chelsea v Bournemouth|2026-10-10T14:00:00+00:00,Chelsea v Bournemouth,2026-10-10T14:00:00+00:00,2026-10-10T14:00:00+00:00,LEDGER_ONLY,unified_ledger.event_start,2026-10-08T14:28:00.276280+00:00,1,0,ELIGIBLE,,est-1
f8cbf74c2d64671b,football|Premier League|Chelsea v Bournemouth|2026-10-10T14:00:00+00:00,Chelsea v Bournemouth,2026-10-10T14:00:00+00:00,2026-10-10T14:00:00+00:00,LEDGER_ONLY,unified_ledger.event_start,2026-10-08T14:28:00.276280+00:00,1,0,ELIGIBLE,,est-1
3b82545dff05f873,football|Premier League|Chelsea v Bournemouth|2026-10-10T14:00:00+00:00,Chelsea v Bournemouth,2026-10-10T14:00:00+00:00,2026-10-10T14:00:00+00:00,LEDGER_ONLY,unified_ledger.event_start,2026-10-08T14:28:00.276280+00:00,1,0,ELIGIBLE,,est-1
1fc6e6c9845bbc3a,football|Premier League|Chelsea v Bournemouth|2026-10-10T14:00:00+00:00,Chelsea v Bournemouth,2026-10-10T14:00:00+00:00,2026-10-10T14:00:00+00:00,LEDGER_ONLY,unified_ledger.event_start,2026-10-08T14:28:00.276280+00:00,1,0,ELIGIBLE,,est-1
15f7952bbe62c753,football|Premier League|Chelsea v Bournemouth|2026-10-10T14:00:00+00:00,Chelsea v Bournemouth,2026-10-10T14:00:00+00:00,2026-10-10T14:00:00+00:00,LEDGER_ONLY,unified_ledger.event_start,2026-10-08T14:28:00.276280+00:00,1,0,ELIGIBLE,,est-1
2c4e509d24d7d649,football|Premier League|Chelsea v Bournemouth|2026-10-10T14:00:00+00:00,Chelsea v Bournemouth,2026-10-10T14:00:00+00:00,2026-10-10T14:00:00+00:00,LEDGER_ONLY,unified_ledger.event_start,2026-10-08T14:28:00.276280+00:00,1,0,ELIGIBLE,,est-1
dcc2c6bd410920b1,football|Premier League|Ipswich Town v Fulham|2026-10-10T14:00:00+00:00,Ipswich Town v Fulham,2026-10-10T14:00:00+00:00,2026-10-10T14:00:00+00:00,LEDGER_ONLY,unified_ledger.event_start,2026-10-08T14:28:00.276280+00:00,1,0,ELIGIBLE,,est-1
f3fa840292ee784f,football|Premier League|Ipswich Town v Fulham|2026-10-10T14:00:00+00:00,Ipswich Town v Fulham,2026-10-10T14:00:00+00:00,2026-10-10T14:00:00+00:00,LEDGER_ONLY,unified_ledger.event_start,2026-10-08T14:28:00.276280+00:00,1,0,ELIGIBLE,,est-1
e4f9ce15f3db6401,football|Premier League|Ipswich Town v Fulham|2026-10-10T14:00:00+00:00,Ipswich Town v Fulham,2026-10-10T14:00:00+00:00,2026-10-10T14:00:00+00:00,LEDGER_ONLY,unified_ledger.event_start,2026-10-08T14:28:00.276280+00:00,1,0,ELIGIBLE,,est-1
386f40692cfeb5b3,football|Premier League|Ipswich Town v Fulham|2026-10-10T14:00:00+00:00,Ipswich Town v Fulham,2026-10-10T14:00:00+00:00,2026-10-10T14:00:00+00:00,LEDGER_ONLY,unified_ledger.event_start,2026-10-08T14:28:00.276280+00:00,1,0,ELIGIBLE,,est-1
53c7b6160310c333,football|Premier League|Ipswich Town v Fulham|2026-10-10T14:00:00+00:00,Ipswich Town v Fulham,2026-10-10T14:00:00+00:00,2026-10-10T14:00:00+00:00,LEDGER_ONLY,unified_ledger.event_start,2026-10-08T14:28:00.276280+00:00,1,0,ELIGIBLE,,est-1
f3b9088c542a7893,football|Premier League|Ipswich Town v Fulham|2026-10-10T14:00:00+00:00,Ipswich Town v Fulham,2026-10-10T14:00:00+00:00,2026-10-10T14:00:00+00:00,LEDGER_ONLY,unified_ledger.event_start,2026-10-08T14:28:00.276280+00:00,1,0,ELIGIBLE,,est-1
6aa747684634ead5,football|Premier League|Ipswich Town v Fulham|2026-10-10T14:00:00+00:00,Ipswich Town v Fulham,2026-10-10T14:00:00+00:00,2026-10-10T14:00:00+00:00,LEDGER_ONLY,unified_ledger.event_start,2026-10-08T14:28:00.276280+00:00,1,0,ELIGIBLE,,est-1
96eea79ef8a50bea,football|Premier League|Sunderland v Brighton and Hove Albion|2026-10-10T14:00:00+00:00,Sunderland v Brighton and Hove Albion,2026-10-10T14:00:00+00:00,2026-10-10T14:00:00+00:00,LEDGER_ONLY,unified_ledger.event_start,2026-10-08T14:28:00.276280+00:00,1,0,ELIGIBLE,,est-1
436dfe89da84b447,football|Premier League|Sunderland v Brighton and Hove Albion|2026-10-10T14:00:00+00:00,Sunderland v Brighton and Hove Albion,2026-10-10T14:00:00+00:00,2026-10-10T14:00:00+00:00,LEDGER_ONLY,unified_ledger.event_start,2026-10-08T14:28:00.276280+00:00,1,0,ELIGIBLE,,est-1
f737f188e654b4e2,football|Premier League|Sunderland v Brighton and Hove Albion|2026-10-10T14:00:00+00:00,Sunderland v Brighton and Hove Albion,2026-10-10T14:00:00+00:00,2026-10-10T14:00:00+00:00,LEDGER_ONLY,unified_ledger.event_start,2026-10-08T14:28:00.276280+00:00,1,0,ELIGIBLE,,est-1
2dc9eb08c6984210,football|Premier League|Sunderland v Brighton and Hove Albion|2026-10-10T14:00:00+00:00,Sunderland v Brighton and Hove Albion,2026-10-10T14:00:00+00:00,2026-10-10T14:00:00+00:00,LEDGER_ONLY,unified_ledger.event_start,2026-10-08T14:28:00.276280+00:00,1,0,ELIGIBLE,,est-1
6a88f87bb673fe37,football|Premier League|Sunderland v Brighton and Hove Albion|2026-10-10T14:00:00+00:00,Sunderland v Brighton and Hove Albion,2026-10-10T14:00:00+00:00,2026-10-10T14:00:00+00:00,LEDGER_ONLY,unified_ledger.event_start,2026-10-08T14:28:00.276280+00:00,1,0,ELIGIBLE,,est-1
a5edc3ca31853b6a,football|Premier League|Sunderland v Brighton and Hove Albion|2026-10-10T14:00:00+00:00,Sunderland v Brighton and Hove Albion,2026-10-10T14:00:00+00:00,2026-10-10T14:00:00+00:00,LEDGER_ONLY,unified_ledger.event_start,2026-10-08T14:28:00.276280+00:00,1,0,ELIGIBLE,,est-1
adfb8be0f6a023d7,football|Premier League|Sunderland v Brighton and Hove Albion|2026-10-10T14:00:00+00:00,Sunderland v Brighton and Hove Albion,2026-10-10T14:00:00+00:00,2026-10-10T14:00:00+00:00,LEDGER_ONLY,unified_ledger.event_start,2026-10-08T14:28:00.276280+00:00,1,0,ELIGIBLE,,est-1
0db2ea53ba016dff,football|Primeira Liga|Braga v Sporting Lisbon|2026-10-09T19:15:00+00:00,Braga v Sporting Lisbon,2026-10-09T19:15:00+00:00,2026-10-09T19:15:00+00:00,LEDGER_ONLY,unified_ledger.event_start,2026-10-08T14:28:00.276280+00:00,1,0,ELIGIBLE,,est-1
668197ed117df143,football|Primeira Liga|Braga v Sporting Lisbon|2026-10-09T19:15:00+00:00,Braga v Sporting Lisbon,2026-10-09T19:15:00+00:00,2026-10-09T19:15:00+00:00,LEDGER_ONLY,unified_ledger.event_start,2026-10-08T14:28:00.276280+00:00,1,0,ELIGIBLE,,est-1
58fcf7a72ffdaae5,football|Primeira Liga|Braga v Sporting Lisbon|2026-10-09T19:15:00+00:00,Braga v Sporting Lisbon,2026-10-09T19:15:00+00:00,2026-10-09T19:15:00+00:00,LEDGER_ONLY,unified_ledger.event_start,2026-10-08T14:28:00.276280+00:00,1,0,ELIGIBLE,,est-1
35a2f62d5682cef6,football|Primeira Liga|Braga v Sporting Lisbon|2026-10-09T19:15:00+00:00,Braga v Sporting Lisbon,2026-10-09T19:15:00+00:00,2026-10-09T19:15:00+00:00,LEDGER_ONLY,unified_ledger.event_start,2026-10-08T14:28:00.276280+00:00,1,0,ELIGIBLE,,est-1
83347176bcfc27c2,football|Primeira Liga|Braga v Sporting Lisbon|2026-10-09T19:15:00+00:00,Braga v Sporting Lisbon,2026-10-09T19:15:00+00:00,2026-10-09T19:15:00+00:00,LEDGER_ONLY,unified_ledger.event_start,2026-10-08T14:28:00.276280+00:00,1,0,ELIGIBLE,,est-1
2cb1bbab6400430f,football|Primeira Liga|Braga v Sporting Lisbon|2026-10-09T19:15:00+00:00,Braga v Sporting Lisbon,2026-10-09T19:15:00+00:00,2026-10-09T19:15:00+00:00,LEDGER_ONLY,unified_ledger.event_start,2026-10-08T14:28:00.276280+00:00,1,0,ELIGIBLE,,est-1
92a027860c7303b7,football|Primeira Liga|Moreirense FC v Gil Vicente|2026-10-09T17:45:00+00:00,Moreirense FC v Gil Vicente,2026-10-09T17:45:00+00:00,2026-10-09T17:45:00+00:00,LEDGER_ONLY,unified_ledger.event_start,2026-10-08T14:28:00.276280+00:00,1,0,ELIGIBLE,,est-1
2b59d7f69de44e4d,football|Primeira Liga|Moreirense FC v Gil Vicente|2026-10-09T17:45:00+00:00,Moreirense FC v Gil Vicente,2026-10-09T17:45:00+00:00,2026-10-09T17:45:00+00:00,LEDGER_ONLY,unified_ledger.event_start,2026-10-08T14:28:00.276280+00:00,1,0,ELIGIBLE,,est-1
b571f1c3794e4478,football|Primeira Liga|Moreirense FC v Gil Vicente|2026-10-09T17:45:00+00:00,Moreirense FC v Gil Vicente,2026-10-09T17:45:00+00:00,2026-10-09T17:45:00+00:00,LEDGER_ONLY,unified_ledger.event_start,2026-10-08T14:28:00.276280+00:00,1,0,ELIGIBLE,,est-1
7fb2a2305921e4ea,football|Primeira Liga|Moreirense FC v Gil Vicente|2026-10-09T17:45:00+00:00,Moreirense FC v Gil Vicente,2026-10-09T17:45:00+00:00,2026-10-09T17:45:00+00:00,LEDGER_ONLY,unified_ledger.event_start,2026-10-08T14:28:00.276280+00:00,1,0,ELIGIBLE,,est-1
e90659503519e3ea,football|Primeira Liga|Moreirense FC v Gil Vicente|2026-10-09T17:45:00+00:00,Moreirense FC v Gil Vicente,2026-10-09T17:45:00+00:00,2026-10-09T17:45:00+00:00,LEDGER_ONLY,unified_ledger.event_start,2026-10-08T14:28:00.276280+00:00,1,0,ELIGIBLE,,est-1
2562bbae77f28ada,football|Primeira Liga|Moreirense FC v Gil Vicente|2026-10-09T17:45:00+00:00,Moreirense FC v Gil Vicente,2026-10-09T17:45:00+00:00,2026-10-09T17:45:00+00:00,LEDGER_ONLY,unified_ledger.event_start,2026-10-08T14:28:00.276280+00:00,1,0,ELIGIBLE,,est-1
0ff68768ea895047,football|Scottish Premiership|Dundee United v Hibernian|2026-10-10T14:00:00+00:00,Dundee United v Hibernian,2026-10-10T14:00:00+00:00,2026-10-10T14:00:00+00:00,LEDGER_ONLY,unified_ledger.event_start,2026-10-08T14:28:00.276280+00:00,1,0,ELIGIBLE,,est-1
b2a7d2e564a84804,football|Scottish Premiership|Dundee United v Hibernian|2026-10-10T14:00:00+00:00,Dundee United v Hibernian,2026-10-10T14:00:00+00:00,2026-10-10T14:00:00+00:00,LEDGER_ONLY,unified_ledger.event_start,2026-10-08T14:28:00.276280+00:00,1,0,ELIGIBLE,,est-1
8d82c246e93333ce,football|Scottish Premiership|Dundee United v Hibernian|2026-10-10T14:00:00+00:00,Dundee United v Hibernian,2026-10-10T14:00:00+00:00,2026-10-10T14:00:00+00:00,LEDGER_ONLY,unified_ledger.event_start,2026-10-08T14:28:00.276280+00:00,1,0,ELIGIBLE,,est-1
573ae1507a57c8ca,football|Scottish Premiership|Dundee United v Hibernian|2026-10-10T14:00:00+00:00,Dundee United v Hibernian,2026-10-10T14:00:00+00:00,2026-10-10T14:00:00+00:00,LEDGER_ONLY,unified_ledger.event_start,2026-10-08T14:28:00.276280+00:00,1,0,ELIGIBLE,,est-1
10a9096f7f39e0ef,football|Scottish Premiership|Dundee United v Hibernian|2026-10-10T14:00:00+00:00,Dundee United v Hibernian,2026-10-10T14:00:00+00:00,2026-10-10T14:00:00+00:00,LEDGER_ONLY,unified_ledger.event_start,2026-10-08T14:28:00.276280+00:00,1,0,ELIGIBLE,,est-1
39165b149f7b0457,football|Scottish Premiership|Dundee United v Hibernian|2026-10-10T14:00:00+00:00,Dundee United v Hibernian,2026-10-10T14:00:00+00:00,2026-10-10T14:00:00+00:00,LEDGER_ONLY,unified_ledger.event_start,2026-10-08T14:28:00.276280+00:00,1,0,ELIGIBLE,,est-1
1c290b3333fae3b9,football|Scottish Premiership|Dundee United v Hibernian|2026-10-10T14:00:00+00:00,Dundee United v Hibernian,2026-10-10T14:00:00+00:00,2026-10-10T14:00:00+00:00,LEDGER_ONLY,unified_ledger.event_start,2026-10-08T14:28:00.276280+00:00,1,0,ELIGIBLE,,est-1
8f6a1c23c191a378,football|Scottish Premiership|Falkirk F.C. v Dundee FC|2026-10-10T14:00:00+00:00,Falkirk F.C. v Dundee FC,2026-10-10T14:00:00+00:00,2026-10-10T14:00:00+00:00,LEDGER_ONLY,unified_ledger.event_start,2026-10-08T14:28:00.276280+00:00,1,0,ELIGIBLE,,est-1
0302d96143ff4fcd,football|Scottish Premiership|Falkirk F.C. v Dundee FC|2026-10-10T14:00:00+00:00,Falkirk F.C. v Dundee FC,2026-10-10T14:00:00+00:00,2026-10-10T14:00:00+00:00,LEDGER_ONLY,unified_ledger.event_start,2026-10-08T14:28:00.276280+00:00,1,0,ELIGIBLE,,est-1
f29a230ec8ba3501,football|Scottish Premiership|Falkirk F.C. v Dundee FC|2026-10-10T14:00:00+00:00,Falkirk F.C. v Dundee FC,2026-10-10T14:00:00+00:00,2026-10-10T14:00:00+00:00,LEDGER_ONLY,unified_ledger.event_start,2026-10-08T14:28:00.276280+00:00,1,0,ELIGIBLE,,est-1
24f7521a7aeaec4d,football|Scottish Premiership|Falkirk F.C. v Dundee FC|2026-10-10T14:00:00+00:00,Falkirk F.C. v Dundee FC,2026-10-10T14:00:00+00:00,2026-10-10T14:00:00+00:00,LEDGER_ONLY,unified_ledger.event_start,2026-10-08T14:28:00.276280+00:00,1,0,ELIGIBLE,,est-1
59af197c45014bd3,football|Scottish Premiership|Falkirk F.C. v Dundee FC|2026-10-10T14:00:00+00:00,Falkirk F.C. v Dundee FC,2026-10-10T14:00:00+00:00,2026-10-10T14:00:00+00:00,LEDGER_ONLY,unified_ledger.event_start,2026-10-08T14:28:00.276280+00:00,1,0,ELIGIBLE,,est-1
cd1790650b54292f,football|Scottish Premiership|Falkirk F.C. v Dundee FC|2026-10-10T14:00:00+00:00,Falkirk F.C. v Dundee FC,2026-10-10T14:00:00+00:00,2026-10-10T14:00:00+00:00,LEDGER_ONLY,unified_ledger.event_start,2026-10-08T14:28:00.276280+00:00,1,0,ELIGIBLE,,est-1
6bb9ef8f54136ccb,football|Scottish Premiership|Falkirk F.C. v Dundee FC|2026-10-10T14:00:00+00:00,Falkirk F.C. v Dundee FC,2026-10-10T14:00:00+00:00,2026-10-10T14:00:00+00:00,LEDGER_ONLY,unified_ledger.event_start,2026-10-08T14:28:00.276280+00:00,1,0,ELIGIBLE,,est-1
2ef02b6c381bd525,football|Scottish Premiership|Hearts v St Mirren|2026-10-10T14:00:00+00:00,Hearts v St Mirren,2026-10-10T14:00:00+00:00,2026-10-10T14:00:00+00:00,LEDGER_ONLY,unified_ledger.event_start,2026-10-08T14:28:00.276280+00:00,1,0,ELIGIBLE,,est-1
97d1b87b058c6731,football|Scottish Premiership|Hearts v St Mirren|2026-10-10T14:00:00+00:00,Hearts v St Mirren,2026-10-10T14:00:00+00:00,2026-10-10T14:00:00+00:00,LEDGER_ONLY,unified_ledger.event_start,2026-10-08T14:28:00.276280+00:00,1,0,ELIGIBLE,,est-1
bbcf665396e50d98,football|Scottish Premiership|Hearts v St Mirren|2026-10-10T14:00:00+00:00,Hearts v St Mirren,2026-10-10T14:00:00+00:00,2026-10-10T14:00:00+00:00,LEDGER_ONLY,unified_ledger.event_start,2026-10-08T14:28:00.276280+00:00,1,0,ELIGIBLE,,est-1
fe1ce8fb4c9f603c,football|Scottish Premiership|Hearts v St Mirren|2026-10-10T14:00:00+00:00,Hearts v St Mirren,2026-10-10T14:00:00+00:00,2026-10-10T14:00:00+00:00,LEDGER_ONLY,unified_ledger.event_start,2026-10-08T14:28:00.276280+00:00,1,0,ELIGIBLE,,est-1
cd8d0e7959af8827,football|Scottish Premiership|Hearts v St Mirren|2026-10-10T14:00:00+00:00,Hearts v St Mirren,2026-10-10T14:00:00+00:00,2026-10-10T14:00:00+00:00,LEDGER_ONLY,unified_ledger.event_start,2026-10-08T14:28:00.276280+00:00,1,0,ELIGIBLE,,est-1
3206c26c12b624b7,football|Scottish Premiership|Hearts v St Mirren|2026-10-10T14:00:00+00:00,Hearts v St Mirren,2026-10-10T14:00:00+00:00,2026-10-10T14:00:00+00:00,LEDGER_ONLY,unified_ledger.event_start,2026-10-08T14:28:00.276280+00:00,1,0,ELIGIBLE,,est-1
dc97620c0e266fee,football|Scottish Premiership|Hearts v St Mirren|2026-10-10T14:00:00+00:00,Hearts v St Mirren,2026-10-10T14:00:00+00:00,2026-10-10T14:00:00+00:00,LEDGER_ONLY,unified_ledger.event_start,2026-10-08T14:28:00.276280+00:00,1,0,ELIGIBLE,,est-1
96f192653657c8e6,football|Scottish Premiership|Rangers v Kilmarnock|2026-10-10T14:00:00+00:00,Rangers v Kilmarnock,2026-10-10T14:00:00+00:00,2026-10-10T14:00:00+00:00,LEDGER_ONLY,unified_ledger.event_start,2026-10-08T14:28:00.276280+00:00,1,0,ELIGIBLE,,est-1
f1e21890242b9633,football|Scottish Premiership|Rangers v Kilmarnock|2026-10-10T14:00:00+00:00,Rangers v Kilmarnock,2026-10-10T14:00:00+00:00,2026-10-10T14:00:00+00:00,LEDGER_ONLY,unified_ledger.event_start,2026-10-08T14:28:00.276280+00:00,1,0,ELIGIBLE,,est-1
77f053a46bd7e1f0,football|Scottish Premiership|Rangers v Kilmarnock|2026-10-10T14:00:00+00:00,Rangers v Kilmarnock,2026-10-10T14:00:00+00:00,2026-10-10T14:00:00+00:00,LEDGER_ONLY,unified_ledger.event_start,2026-10-08T14:28:00.276280+00:00,1,0,ELIGIBLE,,est-1
f79a9000ecc21720,football|Scottish Premiership|Rangers v Kilmarnock|2026-10-10T14:00:00+00:00,Rangers v Kilmarnock,2026-10-10T14:00:00+00:00,2026-10-10T14:00:00+00:00,LEDGER_ONLY,unified_ledger.event_start,2026-10-08T14:28:00.276280+00:00,1,0,ELIGIBLE,,est-1
1f9d80f3a9424415,football|Scottish Premiership|Rangers v Kilmarnock|2026-10-10T14:00:00+00:00,Rangers v Kilmarnock,2026-10-10T14:00:00+00:00,2026-10-10T14:00:00+00:00,LEDGER_ONLY,unified_ledger.event_start,2026-10-08T14:28:00.276280+00:00,1,0,ELIGIBLE,,est-1
554d9e3c59dd8644,football|Scottish Premiership|Rangers v Kilmarnock|2026-10-10T14:00:00+00:00,Rangers v Kilmarnock,2026-10-10T14:00:00+00:00,2026-10-10T14:00:00+00:00,LEDGER_ONLY,unified_ledger.event_start,2026-10-08T14:28:00.276280+00:00,1,0,ELIGIBLE,,est-1
721c606f5c373282,football|Scottish Premiership|Rangers v Kilmarnock|2026-10-10T14:00:00+00:00,Rangers v Kilmarnock,2026-10-10T14:00:00+00:00,2026-10-10T14:00:00+00:00,LEDGER_ONLY,unified_ledger.event_start,2026-10-08T14:28:00.276280+00:00,1,0,ELIGIBLE,,est-1
5fc299670f270098,football|Segunda Division|AD Ceuta FC v Sabadell FC|2026-10-10T14:15:00+00:00,AD Ceuta FC v Sabadell FC,2026-10-10T14:15:00+00:00,2026-10-10T14:15:00+00:00,LEDGER_ONLY,unified_ledger.event_start,2026-10-08T14:28:00.276280+00:00,1,0,ELIGIBLE,,est-1
b25c600c4694053c,football|Segunda Division|AD Ceuta FC v Sabadell FC|2026-10-10T14:15:00+00:00,AD Ceuta FC v Sabadell FC,2026-10-10T14:15:00+00:00,2026-10-10T14:15:00+00:00,LEDGER_ONLY,unified_ledger.event_start,2026-10-08T14:28:00.276280+00:00,1,0,ELIGIBLE,,est-1
7fe4c8c9a6df6998,football|Segunda Division|AD Ceuta FC v Sabadell FC|2026-10-10T14:15:00+00:00,AD Ceuta FC v Sabadell FC,2026-10-10T14:15:00+00:00,2026-10-10T14:15:00+00:00,LEDGER_ONLY,unified_ledger.event_start,2026-10-08T14:28:00.276280+00:00,1,0,ELIGIBLE,,est-1
f62bfe1cf2264c9a,football|Segunda Division|AD Ceuta FC v Sabadell FC|2026-10-10T14:15:00+00:00,AD Ceuta FC v Sabadell FC,2026-10-10T14:15:00+00:00,2026-10-10T14:15:00+00:00,LEDGER_ONLY,unified_ledger.event_start,2026-10-08T14:28:00.276280+00:00,1,0,ELIGIBLE,,est-1
79cb7ed57a4cfd23,football|Segunda Division|AD Ceuta FC v Sabadell FC|2026-10-10T14:15:00+00:00,AD Ceuta FC v Sabadell FC,2026-10-10T14:15:00+00:00,2026-10-10T14:15:00+00:00,LEDGER_ONLY,unified_ledger.event_start,2026-10-08T14:28:00.276280+00:00,1,0,ELIGIBLE,,est-1
75cf943c3dd68ebc,football|Segunda Division|AD Ceuta FC v Sabadell FC|2026-10-10T14:15:00+00:00,AD Ceuta FC v Sabadell FC,2026-10-10T14:15:00+00:00,2026-10-10T14:15:00+00:00,LEDGER_ONLY,unified_ledger.event_start,2026-10-08T14:28:00.276280+00:00,1,0,ELIGIBLE,,est-1
08bfd9004b514296,football|Serie A|Genoa v Fiorentina|2026-10-10T13:00:00+00:00,Genoa v Fiorentina,2026-10-10T13:00:00+00:00,2026-10-10T13:00:00+00:00,LEDGER_ONLY,unified_ledger.event_start,2026-10-08T14:28:00.276280+00:00,1,0,ELIGIBLE,,est-1
f6de07fd5063fa45,football|Serie A|Genoa v Fiorentina|2026-10-10T13:00:00+00:00,Genoa v Fiorentina,2026-10-10T13:00:00+00:00,2026-10-10T13:00:00+00:00,LEDGER_ONLY,unified_ledger.event_start,2026-10-08T14:28:00.276280+00:00,1,0,ELIGIBLE,,est-1
8f69f215d9d5727a,football|Serie A|Genoa v Fiorentina|2026-10-10T13:00:00+00:00,Genoa v Fiorentina,2026-10-10T13:00:00+00:00,2026-10-10T13:00:00+00:00,LEDGER_ONLY,unified_ledger.event_start,2026-10-08T14:28:00.276280+00:00,1,0,ELIGIBLE,,est-1
53eb8c93cf28dea9,football|Serie A|Genoa v Fiorentina|2026-10-10T13:00:00+00:00,Genoa v Fiorentina,2026-10-10T13:00:00+00:00,2026-10-10T13:00:00+00:00,LEDGER_ONLY,unified_ledger.event_start,2026-10-08T14:28:00.276280+00:00,1,0,ELIGIBLE,,est-1
67888915b0d8ffff,football|Serie A|Genoa v Fiorentina|2026-10-10T13:00:00+00:00,Genoa v Fiorentina,2026-10-10T13:00:00+00:00,2026-10-10T13:00:00+00:00,LEDGER_ONLY,unified_ledger.event_start,2026-10-08T14:28:00.276280+00:00,1,0,ELIGIBLE,,est-1
e5b71f3d595cb707,football|Serie A|Genoa v Fiorentina|2026-10-10T13:00:00+00:00,Genoa v Fiorentina,2026-10-10T13:00:00+00:00,2026-10-10T13:00:00+00:00,LEDGER_ONLY,unified_ledger.event_start,2026-10-08T14:28:00.276280+00:00,1,0,ELIGIBLE,,est-1
f88ca4f688d903c1,football|Serie B|Avellino v Sampdoria|2026-10-09T18:30:00+00:00,Avellino v Sampdoria,2026-10-09T18:30:00+00:00,2026-10-09T18:30:00+00:00,LEDGER_ONLY,unified_ledger.event_start,2026-10-08T14:28:00.276280+00:00,1,0,ELIGIBLE,,est-1
d4a4003dd667b801,football|Serie B|Avellino v Sampdoria|2026-10-09T18:30:00+00:00,Avellino v Sampdoria,2026-10-09T18:30:00+00:00,2026-10-09T18:30:00+00:00,LEDGER_ONLY,unified_ledger.event_start,2026-10-08T14:28:00.276280+00:00,1,0,ELIGIBLE,,est-1
58d640e7d9974530,football|Serie B|Avellino v Sampdoria|2026-10-09T18:30:00+00:00,Avellino v Sampdoria,2026-10-09T18:30:00+00:00,2026-10-09T18:30:00+00:00,LEDGER_ONLY,unified_ledger.event_start,2026-10-08T14:28:00.276280+00:00,1,0,ELIGIBLE,,est-1
b8fadc132a338759,football|Serie B|Avellino v Sampdoria|2026-10-09T18:30:00+00:00,Avellino v Sampdoria,2026-10-09T18:30:00+00:00,2026-10-09T18:30:00+00:00,LEDGER_ONLY,unified_ledger.event_start,2026-10-08T14:28:00.276280+00:00,1,0,ELIGIBLE,,est-1
b7972b0dca9931c9,football|Serie B|Avellino v Sampdoria|2026-10-09T18:30:00+00:00,Avellino v Sampdoria,2026-10-09T18:30:00+00:00,2026-10-09T18:30:00+00:00,LEDGER_ONLY,unified_ledger.event_start,2026-10-08T14:28:00.276280+00:00,1,0,ELIGIBLE,,est-1
281f7c38a4569a56,football|Serie B|Avellino v Sampdoria|2026-10-09T18:30:00+00:00,Avellino v Sampdoria,2026-10-09T18:30:00+00:00,2026-10-09T18:30:00+00:00,LEDGER_ONLY,unified_ledger.event_start,2026-10-08T14:28:00.276280+00:00,1,0,ELIGIBLE,,est-1
e00ac53d87cc673b,football|Serie B|Benevento v Cesena FC|2026-10-10T13:00:00+00:00,Benevento v Cesena FC,2026-10-10T13:00:00+00:00,2026-10-10T13:00:00+00:00,LEDGER_ONLY,unified_ledger.event_start,2026-10-08T14:28:00.276280+00:00,1,0,ELIGIBLE,,est-1
d9cde34234e2cc5f,football|Serie B|Benevento v Cesena FC|2026-10-10T13:00:00+00:00,Benevento v Cesena FC,2026-10-10T13:00:00+00:00,2026-10-10T13:00:00+00:00,LEDGER_ONLY,unified_ledger.event_start,2026-10-08T14:28:00.276280+00:00,1,0,ELIGIBLE,,est-1
5b7092de7c6d29dc,football|Serie B|Benevento v Cesena FC|2026-10-10T13:00:00+00:00,Benevento v Cesena FC,2026-10-10T13:00:00+00:00,2026-10-10T13:00:00+00:00,LEDGER_ONLY,unified_ledger.event_start,2026-10-08T14:28:00.276280+00:00,1,0,ELIGIBLE,,est-1
5861eec19f99cb63,football|Serie B|Benevento v Cesena FC|2026-10-10T13:00:00+00:00,Benevento v Cesena FC,2026-10-10T13:00:00+00:00,2026-10-10T13:00:00+00:00,LEDGER_ONLY,unified_ledger.event_start,2026-10-08T14:28:00.276280+00:00,1,0,ELIGIBLE,,est-1
2d4253c9fd557e56,football|Serie B|Benevento v Cesena FC|2026-10-10T13:00:00+00:00,Benevento v Cesena FC,2026-10-10T13:00:00+00:00,2026-10-10T13:00:00+00:00,LEDGER_ONLY,unified_ledger.event_start,2026-10-08T14:28:00.276280+00:00,1,0,ELIGIBLE,,est-1
ee51c18688e5f7f2,football|Serie B|Benevento v Cesena FC|2026-10-10T13:00:00+00:00,Benevento v Cesena FC,2026-10-10T13:00:00+00:00,2026-10-10T13:00:00+00:00,LEDGER_ONLY,unified_ledger.event_start,2026-10-08T14:28:00.276280+00:00,1,0,ELIGIBLE,,est-1
e78b5c162ece5158,football|Serie B|Empoli v Palermo|2026-10-10T13:00:00+00:00,Empoli v Palermo,2026-10-10T13:00:00+00:00,2026-10-10T13:00:00+00:00,LEDGER_ONLY,unified_ledger.event_start,2026-10-08T14:28:00.276280+00:00,1,0,ELIGIBLE,,est-1
220520734ca7b972,football|Serie B|Empoli v Palermo|2026-10-10T13:00:00+00:00,Empoli v Palermo,2026-10-10T13:00:00+00:00,2026-10-10T13:00:00+00:00,LEDGER_ONLY,unified_ledger.event_start,2026-10-08T14:28:00.276280+00:00,1,0,ELIGIBLE,,est-1
23c4f65b481b903c,football|Serie B|Empoli v Palermo|2026-10-10T13:00:00+00:00,Empoli v Palermo,2026-10-10T13:00:00+00:00,2026-10-10T13:00:00+00:00,LEDGER_ONLY,unified_ledger.event_start,2026-10-08T14:28:00.276280+00:00,1,0,ELIGIBLE,,est-1
018982d11867295e,football|Serie B|Empoli v Palermo|2026-10-10T13:00:00+00:00,Empoli v Palermo,2026-10-10T13:00:00+00:00,2026-10-10T13:00:00+00:00,LEDGER_ONLY,unified_ledger.event_start,2026-10-08T14:28:00.276280+00:00,1,0,ELIGIBLE,,est-1
68bdd31a64ebce3a,football|Serie B|Empoli v Palermo|2026-10-10T13:00:00+00:00,Empoli v Palermo,2026-10-10T13:00:00+00:00,2026-10-10T13:00:00+00:00,LEDGER_ONLY,unified_ledger.event_start,2026-10-08T14:28:00.276280+00:00,1,0,ELIGIBLE,,est-1
019e58f83891016c,football|Serie B|Empoli v Palermo|2026-10-10T13:00:00+00:00,Empoli v Palermo,2026-10-10T13:00:00+00:00,2026-10-10T13:00:00+00:00,LEDGER_ONLY,unified_ledger.event_start,2026-10-08T14:28:00.276280+00:00,1,0,ELIGIBLE,,est-1
da10596e1091e5b4,football|Serie B|Südtirol v Ascoli|2026-10-10T13:00:00+00:00,Südtirol v Ascoli,2026-10-10T13:00:00+00:00,2026-10-10T13:00:00+00:00,LEDGER_ONLY,unified_ledger.event_start,2026-10-08T14:28:00.276280+00:00,1,0,ELIGIBLE,,est-1
a5a523bd175c6da3,football|Serie B|Südtirol v Ascoli|2026-10-10T13:00:00+00:00,Südtirol v Ascoli,2026-10-10T13:00:00+00:00,2026-10-10T13:00:00+00:00,LEDGER_ONLY,unified_ledger.event_start,2026-10-08T14:28:00.276280+00:00,1,0,ELIGIBLE,,est-1
3b99037032536f76,football|Serie B|Südtirol v Ascoli|2026-10-10T13:00:00+00:00,Südtirol v Ascoli,2026-10-10T13:00:00+00:00,2026-10-10T13:00:00+00:00,LEDGER_ONLY,unified_ledger.event_start,2026-10-08T14:28:00.276280+00:00,1,0,ELIGIBLE,,est-1
99b9c4a3d02b94da,football|Serie B|Südtirol v Ascoli|2026-10-10T13:00:00+00:00,Südtirol v Ascoli,2026-10-10T13:00:00+00:00,2026-10-10T13:00:00+00:00,LEDGER_ONLY,unified_ledger.event_start,2026-10-08T14:28:00.276280+00:00,1,0,ELIGIBLE,,est-1
463fc96860d4cf63,football|Serie B|Südtirol v Ascoli|2026-10-10T13:00:00+00:00,Südtirol v Ascoli,2026-10-10T13:00:00+00:00,2026-10-10T13:00:00+00:00,LEDGER_ONLY,unified_ledger.event_start,2026-10-08T14:28:00.276280+00:00,1,0,ELIGIBLE,,est-1
30349199363efeec,football|Serie B|Südtirol v Ascoli|2026-10-10T13:00:00+00:00,Südtirol v Ascoli,2026-10-10T13:00:00+00:00,2026-10-10T13:00:00+00:00,LEDGER_ONLY,unified_ledger.event_start,2026-10-08T14:28:00.276280+00:00,1,0,ELIGIBLE,,est-1
238951aac9960928,football|Serie B|Virtus Entella v Juve Stabia|2026-10-10T13:00:00+00:00,Virtus Entella v Juve Stabia,2026-10-10T13:00:00+00:00,2026-10-10T13:00:00+00:00,LEDGER_ONLY,unified_ledger.event_start,2026-10-08T14:28:00.276280+00:00,1,0,ELIGIBLE,,est-1
f4415620cf53c481,football|Serie B|Virtus Entella v Juve Stabia|2026-10-10T13:00:00+00:00,Virtus Entella v Juve Stabia,2026-10-10T13:00:00+00:00,2026-10-10T13:00:00+00:00,LEDGER_ONLY,unified_ledger.event_start,2026-10-08T14:28:00.276280+00:00,1,0,ELIGIBLE,,est-1
5ba36f053f8c0080,football|Serie B|Virtus Entella v Juve Stabia|2026-10-10T13:00:00+00:00,Virtus Entella v Juve Stabia,2026-10-10T13:00:00+00:00,2026-10-10T13:00:00+00:00,LEDGER_ONLY,unified_ledger.event_start,2026-10-08T14:28:00.276280+00:00,1,0,ELIGIBLE,,est-1
f7c814604f3f5bb6,football|Serie B|Virtus Entella v Juve Stabia|2026-10-10T13:00:00+00:00,Virtus Entella v Juve Stabia,2026-10-10T13:00:00+00:00,2026-10-10T13:00:00+00:00,LEDGER_ONLY,unified_ledger.event_start,2026-10-08T14:28:00.276280+00:00,1,0,ELIGIBLE,,est-1
b83c8f746ab3e19c,football|Serie B|Virtus Entella v Juve Stabia|2026-10-10T13:00:00+00:00,Virtus Entella v Juve Stabia,2026-10-10T13:00:00+00:00,2026-10-10T13:00:00+00:00,LEDGER_ONLY,unified_ledger.event_start,2026-10-08T14:28:00.276280+00:00,1,0,ELIGIBLE,,est-1
da4a1846fc9a4be0,football|Serie B|Virtus Entella v Juve Stabia|2026-10-10T13:00:00+00:00,Virtus Entella v Juve Stabia,2026-10-10T13:00:00+00:00,2026-10-10T13:00:00+00:00,LEDGER_ONLY,unified_ledger.event_start,2026-10-08T14:28:00.276280+00:00,1,0,ELIGIBLE,,est-1
46d9a0c700573cfb,tennis|tennis_atp_shanghai_masters|e0c5ded7e6d646cff787232a176cf72a,Botic van de Zandschulp v Alex Michelsen,2026-10-10T04:00:00+00:00,2026-10-10T09:00:00+00:00,RESCHEDULED,tennis_predictions/exchange_probability_snapshots.csv|tennis_predictions/probability_snapshots.csv,2026-10-09T15:16:32.961666+00:00,7,0,ELIGIBLE,,est-1
0dda3c86d4b1135c,tennis|tennis_atp_shanghai_masters|16b8670ad9de7b11f2d10124fe4f2917,Bu Yunchaokete v Casper Ruud,2026-10-10T04:00:00+00:00,2026-10-10T05:10:00+00:00,RESCHEDULED,tennis_predictions/exchange_probability_snapshots.csv|tennis_predictions/probability_snapshots.csv,2026-10-09T15:16:32.961666+00:00,7,0,ELIGIBLE,,est-1
c20bb71aa6af8de6,tennis|tennis_atp_shanghai_masters|450360a425a5b30032be061533efc51a,Dalibor Svrcina v Tomas Martin Etcheverry,2026-10-10T04:00:00+00:00,2026-10-10T05:10:00+00:00,RESCHEDULED,tennis_predictions/exchange_probability_snapshots.csv|tennis_predictions/probability_snapshots.csv,2026-10-09T15:16:32.961666+00:00,7,0,ELIGIBLE,,est-1
2e1ee83095fbc246,tennis|tennis_atp_shanghai_masters|53f263949a01c4a81c3836741dc47fcb,Daniil Medvedev v Jan-Lennard Struff,2026-10-10T04:00:00+00:00,2026-10-10T04:00:00+00:00,UNCHANGED,tennis_predictions/exchange_probability_snapshots.csv|tennis_predictions/probability_snapshots.csv,2026-10-09T15:16:32.961666+00:00,7,0,ELIGIBLE,,est-1
a7538d962d40a571,tennis|tennis_atp_shanghai_masters|df311e3a27f098a8d7a759065ff2fb00,Ignacio Buse v Zizou Bergs,2026-10-10T04:00:00+00:00,2026-10-10T07:30:00+00:00,RESCHEDULED,tennis_predictions/exchange_probability_snapshots.csv|tennis_predictions/probability_snapshots.csv,2026-10-09T15:16:32.961666+00:00,7,0,ELIGIBLE,,est-1
b1ac958129c0428e,tennis|tennis_wta_china_open|758ed266322f4a6a8b6e3f87814d6088,Mirra Andreeva v Nikola Bartunkova,2026-10-10T06:00:00+00:00,2026-10-10T07:00:00+00:00,RESCHEDULED,tennis_predictions/exchange_probability_snapshots.csv|tennis_predictions/probability_snapshots.csv,2026-10-09T15:16:32.961666+00:00,7,0,ELIGIBLE,,est-1
3bfd23a1667e6c6e,football|Belgian Pro League|Genk v KV Kortrijk|2026-10-10T18:45:00+00:00,Genk v KV Kortrijk,2026-10-10T18:45:00+00:00,2026-10-10T18:45:00+00:00,LEDGER_ONLY,unified_ledger.event_start,2026-10-09T06:16:33.795932+00:00,1,0,ELIGIBLE,,est-1
b84f363d60d8e865,football|Belgian Pro League|Genk v KV Kortrijk|2026-10-10T18:45:00+00:00,Genk v KV Kortrijk,2026-10-10T18:45:00+00:00,2026-10-10T18:45:00+00:00,LEDGER_ONLY,unified_ledger.event_start,2026-10-09T06:16:33.795932+00:00,1,0,ELIGIBLE,,est-1
8865f44fb1cc56cc,football|Belgian Pro League|Genk v KV Kortrijk|2026-10-10T18:45:00+00:00,Genk v KV Kortrijk,2026-10-10T18:45:00+00:00,2026-10-10T18:45:00+00:00,LEDGER_ONLY,unified_ledger.event_start,2026-10-09T06:16:33.795932+00:00,1,0,ELIGIBLE,,est-1
e669ffd85cdc396f,football|Belgian Pro League|Genk v KV Kortrijk|2026-10-10T18:45:00+00:00,Genk v KV Kortrijk,2026-10-10T18:45:00+00:00,2026-10-10T18:45:00+00:00,LEDGER_ONLY,unified_ledger.event_start,2026-10-09T06:16:33.795932+00:00,1,0,ELIGIBLE,,est-1
0849d3b24940276f,football|Belgian Pro League|Genk v KV Kortrijk|2026-10-10T18:45:00+00:00,Genk v KV Kortrijk,2026-10-10T18:45:00+00:00,2026-10-10T18:45:00+00:00,LEDGER_ONLY,unified_ledger.event_start,2026-10-09T06:16:33.795932+00:00,1,0,ELIGIBLE,,est-1
a8cd1df9e8661196,football|Belgian Pro League|Genk v KV Kortrijk|2026-10-10T18:45:00+00:00,Genk v KV Kortrijk,2026-10-10T18:45:00+00:00,2026-10-10T18:45:00+00:00,LEDGER_ONLY,unified_ledger.event_start,2026-10-09T06:16:33.795932+00:00,1,0,ELIGIBLE,,est-1
8cf25523187317a3,football|Belgian Pro League|RAAL La Louvière v Club Brugge|2026-10-10T16:15:00+00:00,RAAL La Louvière v Club Brugge,2026-10-10T16:15:00+00:00,2026-10-10T16:15:00+00:00,LEDGER_ONLY,unified_ledger.event_start,2026-10-09T06:16:33.795932+00:00,1,0,ELIGIBLE,,est-1
abc2ecc84295d859,football|Belgian Pro League|RAAL La Louvière v Club Brugge|2026-10-10T16:15:00+00:00,RAAL La Louvière v Club Brugge,2026-10-10T16:15:00+00:00,2026-10-10T16:15:00+00:00,LEDGER_ONLY,unified_ledger.event_start,2026-10-09T06:16:33.795932+00:00,1,0,ELIGIBLE,,est-1
20d94ed0965632f9,football|Belgian Pro League|RAAL La Louvière v Club Brugge|2026-10-10T16:15:00+00:00,RAAL La Louvière v Club Brugge,2026-10-10T16:15:00+00:00,2026-10-10T16:15:00+00:00,LEDGER_ONLY,unified_ledger.event_start,2026-10-09T06:16:33.795932+00:00,1,0,ELIGIBLE,,est-1
f45cd1f9982effd0,football|Belgian Pro League|RAAL La Louvière v Club Brugge|2026-10-10T16:15:00+00:00,RAAL La Louvière v Club Brugge,2026-10-10T16:15:00+00:00,2026-10-10T16:15:00+00:00,LEDGER_ONLY,unified_ledger.event_start,2026-10-09T06:16:33.795932+00:00,1,0,ELIGIBLE,,est-1
39ed2a711aa28dee,football|Belgian Pro League|RAAL La Louvière v Club Brugge|2026-10-10T16:15:00+00:00,RAAL La Louvière v Club Brugge,2026-10-10T16:15:00+00:00,2026-10-10T16:15:00+00:00,LEDGER_ONLY,unified_ledger.event_start,2026-10-09T06:16:33.795932+00:00,1,0,ELIGIBLE,,est-1
b3b037863e557bf7,football|Belgian Pro League|RAAL La Louvière v Club Brugge|2026-10-10T16:15:00+00:00,RAAL La Louvière v Club Brugge,2026-10-10T16:15:00+00:00,2026-10-10T16:15:00+00:00,LEDGER_ONLY,unified_ledger.event_start,2026-10-09T06:16:33.795932+00:00,1,0,ELIGIBLE,,est-1
8482e5e373b30c90,football|Belgian Pro League|SV Zulte-Waregem v Gent|2026-10-10T18:45:00+00:00,SV Zulte-Waregem v Gent,2026-10-10T18:45:00+00:00,2026-10-10T18:45:00+00:00,LEDGER_ONLY,unified_ledger.event_start,2026-10-09T06:16:33.795932+00:00,1,0,ELIGIBLE,,est-1
1409e76d096e0f5d,football|Belgian Pro League|SV Zulte-Waregem v Gent|2026-10-10T18:45:00+00:00,SV Zulte-Waregem v Gent,2026-10-10T18:45:00+00:00,2026-10-10T18:45:00+00:00,LEDGER_ONLY,unified_ledger.event_start,2026-10-09T06:16:33.795932+00:00,1,0,ELIGIBLE,,est-1
5b5d18f7b776e55a,football|Belgian Pro League|SV Zulte-Waregem v Gent|2026-10-10T18:45:00+00:00,SV Zulte-Waregem v Gent,2026-10-10T18:45:00+00:00,2026-10-10T18:45:00+00:00,LEDGER_ONLY,unified_ledger.event_start,2026-10-09T06:16:33.795932+00:00,1,0,ELIGIBLE,,est-1
73dc4ffb5b67256b,football|Belgian Pro League|SV Zulte-Waregem v Gent|2026-10-10T18:45:00+00:00,SV Zulte-Waregem v Gent,2026-10-10T18:45:00+00:00,2026-10-10T18:45:00+00:00,LEDGER_ONLY,unified_ledger.event_start,2026-10-09T06:16:33.795932+00:00,1,0,ELIGIBLE,,est-1
8817a2c82966f546,football|Belgian Pro League|SV Zulte-Waregem v Gent|2026-10-10T18:45:00+00:00,SV Zulte-Waregem v Gent,2026-10-10T18:45:00+00:00,2026-10-10T18:45:00+00:00,LEDGER_ONLY,unified_ledger.event_start,2026-10-09T06:16:33.795932+00:00,1,0,ELIGIBLE,,est-1
d902c830ec21acbe,football|Belgian Pro League|SV Zulte-Waregem v Gent|2026-10-10T18:45:00+00:00,SV Zulte-Waregem v Gent,2026-10-10T18:45:00+00:00,2026-10-10T18:45:00+00:00,LEDGER_ONLY,unified_ledger.event_start,2026-10-09T06:16:33.795932+00:00,1,0,ELIGIBLE,,est-1
d6518e0955f36080,football|Bundesliga|RB Leipzig v Eintracht Frankfurt|2026-10-10T16:30:00+00:00,RB Leipzig v Eintracht Frankfurt,2026-10-10T16:30:00+00:00,2026-10-10T16:30:00+00:00,LEDGER_ONLY,unified_ledger.event_start,2026-10-09T06:16:33.795932+00:00,1,0,ELIGIBLE,,est-1
05f6f61805c7c957,football|Bundesliga|RB Leipzig v Eintracht Frankfurt|2026-10-10T16:30:00+00:00,RB Leipzig v Eintracht Frankfurt,2026-10-10T16:30:00+00:00,2026-10-10T16:30:00+00:00,LEDGER_ONLY,unified_ledger.event_start,2026-10-09T06:16:33.795932+00:00,1,0,ELIGIBLE,,est-1
db7fcdb08f9b4e16,football|Bundesliga|RB Leipzig v Eintracht Frankfurt|2026-10-10T16:30:00+00:00,RB Leipzig v Eintracht Frankfurt,2026-10-10T16:30:00+00:00,2026-10-10T16:30:00+00:00,LEDGER_ONLY,unified_ledger.event_start,2026-10-09T06:16:33.795932+00:00,1,0,ELIGIBLE,,est-1
6ea2d4ade743eb53,football|Bundesliga|RB Leipzig v Eintracht Frankfurt|2026-10-10T16:30:00+00:00,RB Leipzig v Eintracht Frankfurt,2026-10-10T16:30:00+00:00,2026-10-10T16:30:00+00:00,LEDGER_ONLY,unified_ledger.event_start,2026-10-09T06:16:33.795932+00:00,1,0,ELIGIBLE,,est-1
05d94a081f879fb8,football|Bundesliga|RB Leipzig v Eintracht Frankfurt|2026-10-10T16:30:00+00:00,RB Leipzig v Eintracht Frankfurt,2026-10-10T16:30:00+00:00,2026-10-10T16:30:00+00:00,LEDGER_ONLY,unified_ledger.event_start,2026-10-09T06:16:33.795932+00:00,1,0,ELIGIBLE,,est-1
e8c38270e46ce235,football|Bundesliga|RB Leipzig v Eintracht Frankfurt|2026-10-10T16:30:00+00:00,RB Leipzig v Eintracht Frankfurt,2026-10-10T16:30:00+00:00,2026-10-10T16:30:00+00:00,LEDGER_ONLY,unified_ledger.event_start,2026-10-09T06:16:33.795932+00:00,1,0,ELIGIBLE,,est-1
663348b79ebb24eb,football|Eredivisie|Ajax v NEC Nijmegen|2026-10-10T19:00:00+00:00,Ajax v NEC Nijmegen,2026-10-10T19:00:00+00:00,2026-10-10T19:00:00+00:00,LEDGER_ONLY,unified_ledger.event_start,2026-10-09T06:16:33.795932+00:00,1,0,ELIGIBLE,,est-1
a15a51f7730f4fca,football|Eredivisie|Ajax v NEC Nijmegen|2026-10-10T19:00:00+00:00,Ajax v NEC Nijmegen,2026-10-10T19:00:00+00:00,2026-10-10T19:00:00+00:00,LEDGER_ONLY,unified_ledger.event_start,2026-10-09T06:16:33.795932+00:00,1,0,ELIGIBLE,,est-1
f782e549f003edff,football|Eredivisie|Ajax v NEC Nijmegen|2026-10-10T19:00:00+00:00,Ajax v NEC Nijmegen,2026-10-10T19:00:00+00:00,2026-10-10T19:00:00+00:00,LEDGER_ONLY,unified_ledger.event_start,2026-10-09T06:16:33.795932+00:00,1,0,ELIGIBLE,,est-1
abc53cfb40d227d1,football|Eredivisie|Ajax v NEC Nijmegen|2026-10-10T19:00:00+00:00,Ajax v NEC Nijmegen,2026-10-10T19:00:00+00:00,2026-10-10T19:00:00+00:00,LEDGER_ONLY,unified_ledger.event_start,2026-10-09T06:16:33.795932+00:00,1,0,ELIGIBLE,,est-1
59d2c5ae7da1436d,football|Eredivisie|Ajax v NEC Nijmegen|2026-10-10T19:00:00+00:00,Ajax v NEC Nijmegen,2026-10-10T19:00:00+00:00,2026-10-10T19:00:00+00:00,LEDGER_ONLY,unified_ledger.event_start,2026-10-09T06:16:33.795932+00:00,1,0,ELIGIBLE,,est-1
81e36b57c163eda5,football|Eredivisie|Ajax v NEC Nijmegen|2026-10-10T19:00:00+00:00,Ajax v NEC Nijmegen,2026-10-10T19:00:00+00:00,2026-10-10T19:00:00+00:00,LEDGER_ONLY,unified_ledger.event_start,2026-10-09T06:16:33.795932+00:00,1,0,ELIGIBLE,,est-1
60979f01e6b40167,football|Eredivisie|Feyenoord v AZ Alkmaar|2026-10-10T16:45:00+00:00,Feyenoord v AZ Alkmaar,2026-10-10T16:45:00+00:00,2026-10-10T16:45:00+00:00,LEDGER_ONLY,unified_ledger.event_start,2026-10-09T06:16:33.795932+00:00,1,0,ELIGIBLE,,est-1
46730352947c0bbf,football|Eredivisie|Feyenoord v AZ Alkmaar|2026-10-10T16:45:00+00:00,Feyenoord v AZ Alkmaar,2026-10-10T16:45:00+00:00,2026-10-10T16:45:00+00:00,LEDGER_ONLY,unified_ledger.event_start,2026-10-09T06:16:33.795932+00:00,1,0,ELIGIBLE,,est-1
82822d92ad6f68c3,football|Eredivisie|Feyenoord v AZ Alkmaar|2026-10-10T16:45:00+00:00,Feyenoord v AZ Alkmaar,2026-10-10T16:45:00+00:00,2026-10-10T16:45:00+00:00,LEDGER_ONLY,unified_ledger.event_start,2026-10-09T06:16:33.795932+00:00,1,0,ELIGIBLE,,est-1
967b1aa4b96de134,football|Eredivisie|Feyenoord v AZ Alkmaar|2026-10-10T16:45:00+00:00,Feyenoord v AZ Alkmaar,2026-10-10T16:45:00+00:00,2026-10-10T16:45:00+00:00,LEDGER_ONLY,unified_ledger.event_start,2026-10-09T06:16:33.795932+00:00,1,0,ELIGIBLE,,est-1
6c319b7117d06044,football|Eredivisie|Feyenoord v AZ Alkmaar|2026-10-10T16:45:00+00:00,Feyenoord v AZ Alkmaar,2026-10-10T16:45:00+00:00,2026-10-10T16:45:00+00:00,LEDGER_ONLY,unified_ledger.event_start,2026-10-09T06:16:33.795932+00:00,1,0,ELIGIBLE,,est-1
6ac0c627d36294f1,football|Eredivisie|Feyenoord v AZ Alkmaar|2026-10-10T16:45:00+00:00,Feyenoord v AZ Alkmaar,2026-10-10T16:45:00+00:00,2026-10-10T16:45:00+00:00,LEDGER_ONLY,unified_ledger.event_start,2026-10-09T06:16:33.795932+00:00,1,0,ELIGIBLE,,est-1
ee1dde2284890851,football|Eredivisie|Fortuna Sittard v FC Twente Enschede|2026-10-10T18:00:00+00:00,Fortuna Sittard v FC Twente Enschede,2026-10-10T18:00:00+00:00,2026-10-10T18:00:00+00:00,LEDGER_ONLY,unified_ledger.event_start,2026-10-09T06:16:33.795932+00:00,1,0,ELIGIBLE,,est-1
f4a320699fdba4bd,football|Eredivisie|Fortuna Sittard v FC Twente Enschede|2026-10-10T18:00:00+00:00,Fortuna Sittard v FC Twente Enschede,2026-10-10T18:00:00+00:00,2026-10-10T18:00:00+00:00,LEDGER_ONLY,unified_ledger.event_start,2026-10-09T06:16:33.795932+00:00,1,0,ELIGIBLE,,est-1
a4416843a2e3a94f,football|Eredivisie|Fortuna Sittard v FC Twente Enschede|2026-10-10T18:00:00+00:00,Fortuna Sittard v FC Twente Enschede,2026-10-10T18:00:00+00:00,2026-10-10T18:00:00+00:00,LEDGER_ONLY,unified_ledger.event_start,2026-10-09T06:16:33.795932+00:00,1,0,ELIGIBLE,,est-1
1a2bf88fc95afdc2,football|Eredivisie|Fortuna Sittard v FC Twente Enschede|2026-10-10T18:00:00+00:00,Fortuna Sittard v FC Twente Enschede,2026-10-10T18:00:00+00:00,2026-10-10T18:00:00+00:00,LEDGER_ONLY,unified_ledger.event_start,2026-10-09T06:16:33.795932+00:00,1,0,ELIGIBLE,,est-1
83b4d3ef5c6edb45,football|Eredivisie|Fortuna Sittard v FC Twente Enschede|2026-10-10T18:00:00+00:00,Fortuna Sittard v FC Twente Enschede,2026-10-10T18:00:00+00:00,2026-10-10T18:00:00+00:00,LEDGER_ONLY,unified_ledger.event_start,2026-10-09T06:16:33.795932+00:00,1,0,ELIGIBLE,,est-1
54410c0a705eb07a,football|Eredivisie|Fortuna Sittard v FC Twente Enschede|2026-10-10T18:00:00+00:00,Fortuna Sittard v FC Twente Enschede,2026-10-10T18:00:00+00:00,2026-10-10T18:00:00+00:00,LEDGER_ONLY,unified_ledger.event_start,2026-10-09T06:16:33.795932+00:00,1,0,ELIGIBLE,,est-1
e74b104020ba0302,football|Eredivisie|Go Ahead Eagles v Sparta Rotterdam|2026-10-10T14:30:00+00:00,Go Ahead Eagles v Sparta Rotterdam,2026-10-10T14:30:00+00:00,2026-10-10T14:30:00+00:00,LEDGER_ONLY,unified_ledger.event_start,2026-10-09T06:16:33.795932+00:00,1,0,ELIGIBLE,,est-1
388e44715472bb56,football|Eredivisie|Go Ahead Eagles v Sparta Rotterdam|2026-10-10T14:30:00+00:00,Go Ahead Eagles v Sparta Rotterdam,2026-10-10T14:30:00+00:00,2026-10-10T14:30:00+00:00,LEDGER_ONLY,unified_ledger.event_start,2026-10-09T06:16:33.795932+00:00,1,0,ELIGIBLE,,est-1
87d47c8c947c8fe3,football|Eredivisie|Go Ahead Eagles v Sparta Rotterdam|2026-10-10T14:30:00+00:00,Go Ahead Eagles v Sparta Rotterdam,2026-10-10T14:30:00+00:00,2026-10-10T14:30:00+00:00,LEDGER_ONLY,unified_ledger.event_start,2026-10-09T06:16:33.795932+00:00,1,0,ELIGIBLE,,est-1
4ee079297bfcfc32,football|Eredivisie|Go Ahead Eagles v Sparta Rotterdam|2026-10-10T14:30:00+00:00,Go Ahead Eagles v Sparta Rotterdam,2026-10-10T14:30:00+00:00,2026-10-10T14:30:00+00:00,LEDGER_ONLY,unified_ledger.event_start,2026-10-09T06:16:33.795932+00:00,1,0,ELIGIBLE,,est-1
dd06caad3790919b,football|Eredivisie|Go Ahead Eagles v Sparta Rotterdam|2026-10-10T14:30:00+00:00,Go Ahead Eagles v Sparta Rotterdam,2026-10-10T14:30:00+00:00,2026-10-10T14:30:00+00:00,LEDGER_ONLY,unified_ledger.event_start,2026-10-09T06:16:33.795932+00:00,1,0,ELIGIBLE,,est-1
e43d8032c8011c93,football|Eredivisie|Go Ahead Eagles v Sparta Rotterdam|2026-10-10T14:30:00+00:00,Go Ahead Eagles v Sparta Rotterdam,2026-10-10T14:30:00+00:00,2026-10-10T14:30:00+00:00,LEDGER_ONLY,unified_ledger.event_start,2026-10-09T06:16:33.795932+00:00,1,0,ELIGIBLE,,est-1
5f7fb9bc11325382,football|La Liga|Barcelona v Getafe|2026-10-10T16:30:00+00:00,Barcelona v Getafe,2026-10-10T16:30:00+00:00,2026-10-10T16:30:00+00:00,LEDGER_ONLY,unified_ledger.event_start,2026-10-09T06:16:33.795932+00:00,1,0,ELIGIBLE,,est-1
391a8fa37f9af68f,football|La Liga|Barcelona v Getafe|2026-10-10T16:30:00+00:00,Barcelona v Getafe,2026-10-10T16:30:00+00:00,2026-10-10T16:30:00+00:00,LEDGER_ONLY,unified_ledger.event_start,2026-10-09T06:16:33.795932+00:00,1,0,ELIGIBLE,,est-1
7c7c79e79c3afa69,football|La Liga|Barcelona v Getafe|2026-10-10T16:30:00+00:00,Barcelona v Getafe,2026-10-10T16:30:00+00:00,2026-10-10T16:30:00+00:00,LEDGER_ONLY,unified_ledger.event_start,2026-10-09T06:16:33.795932+00:00,1,0,ELIGIBLE,,est-1
91414f9c6f3d47ed,football|La Liga|Barcelona v Getafe|2026-10-10T16:30:00+00:00,Barcelona v Getafe,2026-10-10T16:30:00+00:00,2026-10-10T16:30:00+00:00,LEDGER_ONLY,unified_ledger.event_start,2026-10-09T06:16:33.795932+00:00,1,0,ELIGIBLE,,est-1
fce9abcb92d36a2d,football|La Liga|Barcelona v Getafe|2026-10-10T16:30:00+00:00,Barcelona v Getafe,2026-10-10T16:30:00+00:00,2026-10-10T16:30:00+00:00,LEDGER_ONLY,unified_ledger.event_start,2026-10-09T06:16:33.795932+00:00,1,0,ELIGIBLE,,est-1
99017fa0978bfa00,football|La Liga|Barcelona v Getafe|2026-10-10T16:30:00+00:00,Barcelona v Getafe,2026-10-10T16:30:00+00:00,2026-10-10T16:30:00+00:00,LEDGER_ONLY,unified_ledger.event_start,2026-10-09T06:16:33.795932+00:00,1,0,ELIGIBLE,,est-1
cbd1379cc1391b62,football|La Liga|Real Madrid v Villarreal|2026-10-10T19:00:00+00:00,Real Madrid v Villarreal,2026-10-10T19:00:00+00:00,2026-10-10T19:00:00+00:00,LEDGER_ONLY,unified_ledger.event_start,2026-10-09T06:16:33.795932+00:00,1,0,ELIGIBLE,,est-1
c0eac3901e4786b5,football|La Liga|Real Madrid v Villarreal|2026-10-10T19:00:00+00:00,Real Madrid v Villarreal,2026-10-10T19:00:00+00:00,2026-10-10T19:00:00+00:00,LEDGER_ONLY,unified_ledger.event_start,2026-10-09T06:16:33.795932+00:00,1,0,ELIGIBLE,,est-1
0ab08e868ed52940,football|La Liga|Real Madrid v Villarreal|2026-10-10T19:00:00+00:00,Real Madrid v Villarreal,2026-10-10T19:00:00+00:00,2026-10-10T19:00:00+00:00,LEDGER_ONLY,unified_ledger.event_start,2026-10-09T06:16:33.795932+00:00,1,0,ELIGIBLE,,est-1
c858f5b0f5c6b7d9,football|La Liga|Real Madrid v Villarreal|2026-10-10T19:00:00+00:00,Real Madrid v Villarreal,2026-10-10T19:00:00+00:00,2026-10-10T19:00:00+00:00,LEDGER_ONLY,unified_ledger.event_start,2026-10-09T06:16:33.795932+00:00,1,0,ELIGIBLE,,est-1
eac8a9358444a90b,football|La Liga|Real Madrid v Villarreal|2026-10-10T19:00:00+00:00,Real Madrid v Villarreal,2026-10-10T19:00:00+00:00,2026-10-10T19:00:00+00:00,LEDGER_ONLY,unified_ledger.event_start,2026-10-09T06:16:33.795932+00:00,1,0,ELIGIBLE,,est-1
34d10151bea5c275,football|La Liga|Real Madrid v Villarreal|2026-10-10T19:00:00+00:00,Real Madrid v Villarreal,2026-10-10T19:00:00+00:00,2026-10-10T19:00:00+00:00,LEDGER_ONLY,unified_ledger.event_start,2026-10-09T06:16:33.795932+00:00,1,0,ELIGIBLE,,est-1
c3ee715654546f42,football|Ligue 1|AS Monaco v Toulouse|2026-10-10T18:45:00+00:00,AS Monaco v Toulouse,2026-10-10T18:45:00+00:00,2026-10-10T18:45:00+00:00,LEDGER_ONLY,unified_ledger.event_start,2026-10-09T06:16:33.795932+00:00,1,0,ELIGIBLE,,est-1
67dd536d67d9bb10,football|Ligue 1|AS Monaco v Toulouse|2026-10-10T18:45:00+00:00,AS Monaco v Toulouse,2026-10-10T18:45:00+00:00,2026-10-10T18:45:00+00:00,LEDGER_ONLY,unified_ledger.event_start,2026-10-09T06:16:33.795932+00:00,1,0,ELIGIBLE,,est-1
dd466e49638a0f22,football|Ligue 1|AS Monaco v Toulouse|2026-10-10T18:45:00+00:00,AS Monaco v Toulouse,2026-10-10T18:45:00+00:00,2026-10-10T18:45:00+00:00,LEDGER_ONLY,unified_ledger.event_start,2026-10-09T06:16:33.795932+00:00,1,0,ELIGIBLE,,est-1
bcb3b802bc21e17d,football|Ligue 1|AS Monaco v Toulouse|2026-10-10T18:45:00+00:00,AS Monaco v Toulouse,2026-10-10T18:45:00+00:00,2026-10-10T18:45:00+00:00,LEDGER_ONLY,unified_ledger.event_start,2026-10-09T06:16:33.795932+00:00,1,0,ELIGIBLE,,est-1
0ec05ec1062e99b5,football|Ligue 1|AS Monaco v Toulouse|2026-10-10T18:45:00+00:00,AS Monaco v Toulouse,2026-10-10T18:45:00+00:00,2026-10-10T18:45:00+00:00,LEDGER_ONLY,unified_ledger.event_start,2026-10-09T06:16:33.795932+00:00,1,0,ELIGIBLE,,est-1
c86255ac9290e017,football|Ligue 1|AS Monaco v Toulouse|2026-10-10T18:45:00+00:00,AS Monaco v Toulouse,2026-10-10T18:45:00+00:00,2026-10-10T18:45:00+00:00,LEDGER_ONLY,unified_ledger.event_start,2026-10-09T06:16:33.795932+00:00,1,0,ELIGIBLE,,est-1
cb8d018e3bcee08d,football|Ligue 1|Brest v Angers|2026-10-10T18:45:00+00:00,Brest v Angers,2026-10-10T18:45:00+00:00,2026-10-10T18:45:00+00:00,LEDGER_ONLY,unified_ledger.event_start,2026-10-09T06:16:33.795932+00:00,1,0,ELIGIBLE,,est-1
4a6fe7887b64682c,football|Ligue 1|Brest v Angers|2026-10-10T18:45:00+00:00,Brest v Angers,2026-10-10T18:45:00+00:00,2026-10-10T18:45:00+00:00,LEDGER_ONLY,unified_ledger.event_start,2026-10-09T06:16:33.795932+00:00,1,0,ELIGIBLE,,est-1
cdc52a351bf35d0a,football|Ligue 1|Brest v Angers|2026-10-10T18:45:00+00:00,Brest v Angers,2026-10-10T18:45:00+00:00,2026-10-10T18:45:00+00:00,LEDGER_ONLY,unified_ledger.event_start,2026-10-09T06:16:33.795932+00:00,1,0,ELIGIBLE,,est-1
2982ac702be0f7b9,football|Ligue 1|Brest v Angers|2026-10-10T18:45:00+00:00,Brest v Angers,2026-10-10T18:45:00+00:00,2026-10-10T18:45:00+00:00,LEDGER_ONLY,unified_ledger.event_start,2026-10-09T06:16:33.795932+00:00,1,0,ELIGIBLE,,est-1
5c2303860969b406,football|Ligue 1|Brest v Angers|2026-10-10T18:45:00+00:00,Brest v Angers,2026-10-10T18:45:00+00:00,2026-10-10T18:45:00+00:00,LEDGER_ONLY,unified_ledger.event_start,2026-10-09T06:16:33.795932+00:00,1,0,ELIGIBLE,,est-1
5f724a3e5d7a4519,football|Ligue 1|Brest v Angers|2026-10-10T18:45:00+00:00,Brest v Angers,2026-10-10T18:45:00+00:00,2026-10-10T18:45:00+00:00,LEDGER_ONLY,unified_ledger.event_start,2026-10-09T06:16:33.795932+00:00,1,0,ELIGIBLE,,est-1
98d257e3e8bf52e0,football|Ligue 1|Lille v Le Havre|2026-10-10T15:15:00+00:00,Lille v Le Havre,2026-10-10T15:15:00+00:00,2026-10-10T15:15:00+00:00,LEDGER_ONLY,unified_ledger.event_start,2026-10-09T06:16:33.795932+00:00,1,0,ELIGIBLE,,est-1
bf78e359d673ff98,football|Ligue 1|Lille v Le Havre|2026-10-10T15:15:00+00:00,Lille v Le Havre,2026-10-10T15:15:00+00:00,2026-10-10T15:15:00+00:00,LEDGER_ONLY,unified_ledger.event_start,2026-10-09T06:16:33.795932+00:00,1,0,ELIGIBLE,,est-1
c035fdf86224f552,football|Ligue 1|Lille v Le Havre|2026-10-10T15:15:00+00:00,Lille v Le Havre,2026-10-10T15:15:00+00:00,2026-10-10T15:15:00+00:00,LEDGER_ONLY,unified_ledger.event_start,2026-10-09T06:16:33.795932+00:00,1,0,ELIGIBLE,,est-1
73467243d809ab96,football|Ligue 1|Lille v Le Havre|2026-10-10T15:15:00+00:00,Lille v Le Havre,2026-10-10T15:15:00+00:00,2026-10-10T15:15:00+00:00,LEDGER_ONLY,unified_ledger.event_start,2026-10-09T06:16:33.795932+00:00,1,0,ELIGIBLE,,est-1
be2d859204899c8c,football|Ligue 1|Lille v Le Havre|2026-10-10T15:15:00+00:00,Lille v Le Havre,2026-10-10T15:15:00+00:00,2026-10-10T15:15:00+00:00,LEDGER_ONLY,unified_ledger.event_start,2026-10-09T06:16:33.795932+00:00,1,0,ELIGIBLE,,est-1
2ef464955ccbaf0b,football|Ligue 1|Lille v Le Havre|2026-10-10T15:15:00+00:00,Lille v Le Havre,2026-10-10T15:15:00+00:00,2026-10-10T15:15:00+00:00,LEDGER_ONLY,unified_ledger.event_start,2026-10-09T06:16:33.795932+00:00,1,0,ELIGIBLE,,est-1
9b94f4c59d86e33a,football|Ligue 1|Lorient v Paris FC|2026-10-10T18:45:00+00:00,Lorient v Paris FC,2026-10-10T18:45:00+00:00,2026-10-10T18:45:00+00:00,LEDGER_ONLY,unified_ledger.event_start,2026-10-09T06:16:33.795932+00:00,1,0,ELIGIBLE,,est-1
0b4a19bfb300f241,football|Ligue 1|Lorient v Paris FC|2026-10-10T18:45:00+00:00,Lorient v Paris FC,2026-10-10T18:45:00+00:00,2026-10-10T18:45:00+00:00,LEDGER_ONLY,unified_ledger.event_start,2026-10-09T06:16:33.795932+00:00,1,0,ELIGIBLE,,est-1
bedc2edcd0bdab29,football|Ligue 1|Lorient v Paris FC|2026-10-10T18:45:00+00:00,Lorient v Paris FC,2026-10-10T18:45:00+00:00,2026-10-10T18:45:00+00:00,LEDGER_ONLY,unified_ledger.event_start,2026-10-09T06:16:33.795932+00:00,1,0,ELIGIBLE,,est-1
5c7ecb959bded8dc,football|Ligue 1|Lorient v Paris FC|2026-10-10T18:45:00+00:00,Lorient v Paris FC,2026-10-10T18:45:00+00:00,2026-10-10T18:45:00+00:00,LEDGER_ONLY,unified_ledger.event_start,2026-10-09T06:16:33.795932+00:00,1,0,ELIGIBLE,,est-1
7bee1f0f84a582d1,football|Ligue 1|Lorient v Paris FC|2026-10-10T18:45:00+00:00,Lorient v Paris FC,2026-10-10T18:45:00+00:00,2026-10-10T18:45:00+00:00,LEDGER_ONLY,unified_ledger.event_start,2026-10-09T06:16:33.795932+00:00,1,0,ELIGIBLE,,est-1
3ae3c9fdf9147a9b,football|Ligue 1|Lorient v Paris FC|2026-10-10T18:45:00+00:00,Lorient v Paris FC,2026-10-10T18:45:00+00:00,2026-10-10T18:45:00+00:00,LEDGER_ONLY,unified_ledger.event_start,2026-10-09T06:16:33.795932+00:00,1,0,ELIGIBLE,,est-1
9da96c0661375816,football|Ligue 1|Paris Saint Germain v Le Mans FC|2026-10-10T18:45:00+00:00,Paris Saint Germain v Le Mans FC,2026-10-10T18:45:00+00:00,2026-10-10T18:45:00+00:00,LEDGER_ONLY,unified_ledger.event_start,2026-10-09T06:16:33.795932+00:00,1,0,ELIGIBLE,,est-1
e5c711801e7d65ce,football|Ligue 1|Paris Saint Germain v Le Mans FC|2026-10-10T18:45:00+00:00,Paris Saint Germain v Le Mans FC,2026-10-10T18:45:00+00:00,2026-10-10T18:45:00+00:00,LEDGER_ONLY,unified_ledger.event_start,2026-10-09T06:16:33.795932+00:00,1,0,ELIGIBLE,,est-1
cafd92003ec08991,football|Ligue 1|Paris Saint Germain v Le Mans FC|2026-10-10T18:45:00+00:00,Paris Saint Germain v Le Mans FC,2026-10-10T18:45:00+00:00,2026-10-10T18:45:00+00:00,LEDGER_ONLY,unified_ledger.event_start,2026-10-09T06:16:33.795932+00:00,1,0,ELIGIBLE,,est-1
9d9c3a67ed6ab4ff,football|Ligue 1|Paris Saint Germain v Le Mans FC|2026-10-10T18:45:00+00:00,Paris Saint Germain v Le Mans FC,2026-10-10T18:45:00+00:00,2026-10-10T18:45:00+00:00,LEDGER_ONLY,unified_ledger.event_start,2026-10-09T06:16:33.795932+00:00,1,0,ELIGIBLE,,est-1
47a244a6938b6db9,football|Ligue 1|Paris Saint Germain v Le Mans FC|2026-10-10T18:45:00+00:00,Paris Saint Germain v Le Mans FC,2026-10-10T18:45:00+00:00,2026-10-10T18:45:00+00:00,LEDGER_ONLY,unified_ledger.event_start,2026-10-09T06:16:33.795932+00:00,1,0,ELIGIBLE,,est-1
ced533a716f42331,football|Ligue 1|Paris Saint Germain v Le Mans FC|2026-10-10T18:45:00+00:00,Paris Saint Germain v Le Mans FC,2026-10-10T18:45:00+00:00,2026-10-10T18:45:00+00:00,LEDGER_ONLY,unified_ledger.event_start,2026-10-09T06:16:33.795932+00:00,1,0,ELIGIBLE,,est-1
8086cacb8e6c8b4e,football|Premier League|Manchester United v Tottenham Hotspur|2026-10-10T16:30:00+00:00,Manchester United v Tottenham Hotspur,2026-10-10T16:30:00+00:00,2026-10-10T16:30:00+00:00,LEDGER_ONLY,unified_ledger.event_start,2026-10-09T06:16:33.795932+00:00,1,0,ELIGIBLE,,est-1
873e321455d865a9,football|Premier League|Manchester United v Tottenham Hotspur|2026-10-10T16:30:00+00:00,Manchester United v Tottenham Hotspur,2026-10-10T16:30:00+00:00,2026-10-10T16:30:00+00:00,LEDGER_ONLY,unified_ledger.event_start,2026-10-09T06:16:33.795932+00:00,1,0,ELIGIBLE,,est-1
5cc3f9aa080e5226,football|Premier League|Manchester United v Tottenham Hotspur|2026-10-10T16:30:00+00:00,Manchester United v Tottenham Hotspur,2026-10-10T16:30:00+00:00,2026-10-10T16:30:00+00:00,LEDGER_ONLY,unified_ledger.event_start,2026-10-09T06:16:33.795932+00:00,1,0,ELIGIBLE,,est-1
563cf000840b67af,football|Premier League|Manchester United v Tottenham Hotspur|2026-10-10T16:30:00+00:00,Manchester United v Tottenham Hotspur,2026-10-10T16:30:00+00:00,2026-10-10T16:30:00+00:00,LEDGER_ONLY,unified_ledger.event_start,2026-10-09T06:16:33.795932+00:00,1,0,ELIGIBLE,,est-1
9cbd623e94fad982,football|Premier League|Manchester United v Tottenham Hotspur|2026-10-10T16:30:00+00:00,Manchester United v Tottenham Hotspur,2026-10-10T16:30:00+00:00,2026-10-10T16:30:00+00:00,LEDGER_ONLY,unified_ledger.event_start,2026-10-09T06:16:33.795932+00:00,1,0,ELIGIBLE,,est-1
7ed53a53d1df033a,football|Premier League|Manchester United v Tottenham Hotspur|2026-10-10T16:30:00+00:00,Manchester United v Tottenham Hotspur,2026-10-10T16:30:00+00:00,2026-10-10T16:30:00+00:00,LEDGER_ONLY,unified_ledger.event_start,2026-10-09T06:16:33.795932+00:00,1,0,ELIGIBLE,,est-1
f49c0905f9cd6899,football|Premier League|Manchester United v Tottenham Hotspur|2026-10-10T16:30:00+00:00,Manchester United v Tottenham Hotspur,2026-10-10T16:30:00+00:00,2026-10-10T16:30:00+00:00,LEDGER_ONLY,unified_ledger.event_start,2026-10-09T06:16:33.795932+00:00,1,0,ELIGIBLE,,est-1
c64b4be5461b148b,football|Primeira Liga|Académico de Viseu v Estoril|2026-10-10T19:30:00+00:00,Académico de Viseu v Estoril,2026-10-10T19:30:00+00:00,2026-10-10T19:30:00+00:00,LEDGER_ONLY,unified_ledger.event_start,2026-10-09T06:16:33.795932+00:00,1,0,ELIGIBLE,,est-1
ff2f9f0dc53fb857,football|Primeira Liga|Académico de Viseu v Estoril|2026-10-10T19:30:00+00:00,Académico de Viseu v Estoril,2026-10-10T19:30:00+00:00,2026-10-10T19:30:00+00:00,LEDGER_ONLY,unified_ledger.event_start,2026-10-09T06:16:33.795932+00:00,1,0,ELIGIBLE,,est-1
6a613daa4bfbf657,football|Primeira Liga|Académico de Viseu v Estoril|2026-10-10T19:30:00+00:00,Académico de Viseu v Estoril,2026-10-10T19:30:00+00:00,2026-10-10T19:30:00+00:00,LEDGER_ONLY,unified_ledger.event_start,2026-10-09T06:16:33.795932+00:00,1,0,ELIGIBLE,,est-1
f6e5c2d1315279dc,football|Primeira Liga|Académico de Viseu v Estoril|2026-10-10T19:30:00+00:00,Académico de Viseu v Estoril,2026-10-10T19:30:00+00:00,2026-10-10T19:30:00+00:00,LEDGER_ONLY,unified_ledger.event_start,2026-10-09T06:16:33.795932+00:00,1,0,ELIGIBLE,,est-1
4437371fd1e888d8,football|Primeira Liga|Académico de Viseu v Estoril|2026-10-10T19:30:00+00:00,Académico de Viseu v Estoril,2026-10-10T19:30:00+00:00,2026-10-10T19:30:00+00:00,LEDGER_ONLY,unified_ledger.event_start,2026-10-09T06:16:33.795932+00:00,1,0,ELIGIBLE,,est-1
6de4c2f635093c43,football|Primeira Liga|Académico de Viseu v Estoril|2026-10-10T19:30:00+00:00,Académico de Viseu v Estoril,2026-10-10T19:30:00+00:00,2026-10-10T19:30:00+00:00,LEDGER_ONLY,unified_ledger.event_start,2026-10-09T06:16:33.795932+00:00,1,0,ELIGIBLE,,est-1
a1eb018fdd1c91f2,football|Primeira Liga|CS Maritimo v FC Porto|2026-10-10T17:00:00+00:00,CS Maritimo v FC Porto,2026-10-10T17:00:00+00:00,2026-10-10T17:00:00+00:00,LEDGER_ONLY,unified_ledger.event_start,2026-10-09T06:16:33.795932+00:00,1,0,ELIGIBLE,,est-1
788fa701c8dccdb5,football|Primeira Liga|CS Maritimo v FC Porto|2026-10-10T17:00:00+00:00,CS Maritimo v FC Porto,2026-10-10T17:00:00+00:00,2026-10-10T17:00:00+00:00,LEDGER_ONLY,unified_ledger.event_start,2026-10-09T06:16:33.795932+00:00,1,0,ELIGIBLE,,est-1
5dc78ad44b7e3058,football|Primeira Liga|CS Maritimo v FC Porto|2026-10-10T17:00:00+00:00,CS Maritimo v FC Porto,2026-10-10T17:00:00+00:00,2026-10-10T17:00:00+00:00,LEDGER_ONLY,unified_ledger.event_start,2026-10-09T06:16:33.795932+00:00,1,0,ELIGIBLE,,est-1
f047f9f5cd10014f,football|Primeira Liga|CS Maritimo v FC Porto|2026-10-10T17:00:00+00:00,CS Maritimo v FC Porto,2026-10-10T17:00:00+00:00,2026-10-10T17:00:00+00:00,LEDGER_ONLY,unified_ledger.event_start,2026-10-09T06:16:33.795932+00:00,1,0,ELIGIBLE,,est-1
0f93f262683c956a,football|Primeira Liga|CS Maritimo v FC Porto|2026-10-10T17:00:00+00:00,CS Maritimo v FC Porto,2026-10-10T17:00:00+00:00,2026-10-10T17:00:00+00:00,LEDGER_ONLY,unified_ledger.event_start,2026-10-09T06:16:33.795932+00:00,1,0,ELIGIBLE,,est-1
f5b7a6e0b416d21a,football|Primeira Liga|CS Maritimo v FC Porto|2026-10-10T17:00:00+00:00,CS Maritimo v FC Porto,2026-10-10T17:00:00+00:00,2026-10-10T17:00:00+00:00,LEDGER_ONLY,unified_ledger.event_start,2026-10-09T06:16:33.795932+00:00,1,0,ELIGIBLE,,est-1
9d3cb78611e4ab9f,football|Primeira Liga|Casa Pia v Santa Clara|2026-10-10T14:30:00+00:00,Casa Pia v Santa Clara,2026-10-10T14:30:00+00:00,2026-10-10T14:30:00+00:00,LEDGER_ONLY,unified_ledger.event_start,2026-10-09T06:16:33.795932+00:00,1,0,ELIGIBLE,,est-1
31ab3e82ac8d0a81,football|Primeira Liga|Casa Pia v Santa Clara|2026-10-10T14:30:00+00:00,Casa Pia v Santa Clara,2026-10-10T14:30:00+00:00,2026-10-10T14:30:00+00:00,LEDGER_ONLY,unified_ledger.event_start,2026-10-09T06:16:33.795932+00:00,1,0,ELIGIBLE,,est-1
37655a082248f814,football|Primeira Liga|Casa Pia v Santa Clara|2026-10-10T14:30:00+00:00,Casa Pia v Santa Clara,2026-10-10T14:30:00+00:00,2026-10-10T14:30:00+00:00,LEDGER_ONLY,unified_ledger.event_start,2026-10-09T06:16:33.795932+00:00,1,0,ELIGIBLE,,est-1
5b7f46f89d7f1310,football|Primeira Liga|Casa Pia v Santa Clara|2026-10-10T14:30:00+00:00,Casa Pia v Santa Clara,2026-10-10T14:30:00+00:00,2026-10-10T14:30:00+00:00,LEDGER_ONLY,unified_ledger.event_start,2026-10-09T06:16:33.795932+00:00,1,0,ELIGIBLE,,est-1
84db23bd2401e57b,football|Primeira Liga|Casa Pia v Santa Clara|2026-10-10T14:30:00+00:00,Casa Pia v Santa Clara,2026-10-10T14:30:00+00:00,2026-10-10T14:30:00+00:00,LEDGER_ONLY,unified_ledger.event_start,2026-10-09T06:16:33.795932+00:00,1,0,ELIGIBLE,,est-1
e48dddc2fee655e6,football|Primeira Liga|Casa Pia v Santa Clara|2026-10-10T14:30:00+00:00,Casa Pia v Santa Clara,2026-10-10T14:30:00+00:00,2026-10-10T14:30:00+00:00,LEDGER_ONLY,unified_ledger.event_start,2026-10-09T06:16:33.795932+00:00,1,0,ELIGIBLE,,est-1
69988295290fc2ee,football|Serie A|Inter Milan v Parma|2026-10-10T16:00:00+00:00,Inter Milan v Parma,2026-10-10T16:00:00+00:00,2026-10-10T16:00:00+00:00,LEDGER_ONLY,unified_ledger.event_start,2026-10-09T06:16:33.795932+00:00,1,0,ELIGIBLE,,est-1
004e7fa4a6f13b23,football|Serie A|Inter Milan v Parma|2026-10-10T16:00:00+00:00,Inter Milan v Parma,2026-10-10T16:00:00+00:00,2026-10-10T16:00:00+00:00,LEDGER_ONLY,unified_ledger.event_start,2026-10-09T06:16:33.795932+00:00,1,0,ELIGIBLE,,est-1
32593a7831ed86bf,football|Serie A|Inter Milan v Parma|2026-10-10T16:00:00+00:00,Inter Milan v Parma,2026-10-10T16:00:00+00:00,2026-10-10T16:00:00+00:00,LEDGER_ONLY,unified_ledger.event_start,2026-10-09T06:16:33.795932+00:00,1,0,ELIGIBLE,,est-1
60ed65ba66995da3,football|Serie A|Inter Milan v Parma|2026-10-10T16:00:00+00:00,Inter Milan v Parma,2026-10-10T16:00:00+00:00,2026-10-10T16:00:00+00:00,LEDGER_ONLY,unified_ledger.event_start,2026-10-09T06:16:33.795932+00:00,1,0,ELIGIBLE,,est-1
50f75505de404791,football|Serie A|Inter Milan v Parma|2026-10-10T16:00:00+00:00,Inter Milan v Parma,2026-10-10T16:00:00+00:00,2026-10-10T16:00:00+00:00,LEDGER_ONLY,unified_ledger.event_start,2026-10-09T06:16:33.795932+00:00,1,0,ELIGIBLE,,est-1
218c8636365c66a0,football|Serie A|Inter Milan v Parma|2026-10-10T16:00:00+00:00,Inter Milan v Parma,2026-10-10T16:00:00+00:00,2026-10-10T16:00:00+00:00,LEDGER_ONLY,unified_ledger.event_start,2026-10-09T06:16:33.795932+00:00,1,0,ELIGIBLE,,est-1
740cbfec7ab929a1,football|Serie A|Napoli v Frosinone|2026-10-10T18:45:00+00:00,Napoli v Frosinone,2026-10-10T18:45:00+00:00,2026-10-10T18:45:00+00:00,LEDGER_ONLY,unified_ledger.event_start,2026-10-09T06:16:33.795932+00:00,1,0,ELIGIBLE,,est-1
c150d1050b896fd5,football|Serie A|Napoli v Frosinone|2026-10-10T18:45:00+00:00,Napoli v Frosinone,2026-10-10T18:45:00+00:00,2026-10-10T18:45:00+00:00,LEDGER_ONLY,unified_ledger.event_start,2026-10-09T06:16:33.795932+00:00,1,0,ELIGIBLE,,est-1
14a2272dc48eb776,football|Serie A|Napoli v Frosinone|2026-10-10T18:45:00+00:00,Napoli v Frosinone,2026-10-10T18:45:00+00:00,2026-10-10T18:45:00+00:00,LEDGER_ONLY,unified_ledger.event_start,2026-10-09T06:16:33.795932+00:00,1,0,ELIGIBLE,,est-1
399d930a67cd9cea,football|Serie A|Napoli v Frosinone|2026-10-10T18:45:00+00:00,Napoli v Frosinone,2026-10-10T18:45:00+00:00,2026-10-10T18:45:00+00:00,LEDGER_ONLY,unified_ledger.event_start,2026-10-09T06:16:33.795932+00:00,1,0,ELIGIBLE,,est-1
4bfe5a3896a4d37c,football|Serie A|Napoli v Frosinone|2026-10-10T18:45:00+00:00,Napoli v Frosinone,2026-10-10T18:45:00+00:00,2026-10-10T18:45:00+00:00,LEDGER_ONLY,unified_ledger.event_start,2026-10-09T06:16:33.795932+00:00,1,0,ELIGIBLE,,est-1
8b87dfbeaf0d6564,football|Serie A|Napoli v Frosinone|2026-10-10T18:45:00+00:00,Napoli v Frosinone,2026-10-10T18:45:00+00:00,2026-10-10T18:45:00+00:00,LEDGER_ONLY,unified_ledger.event_start,2026-10-09T06:16:33.795932+00:00,1,0,ELIGIBLE,,est-1
2196ed5e2cc6756d,tennis|tennis_atp_shanghai_masters|52d52225f4c13f3a96b8bff7a3a53de9,Karen Khachanov v Adrian Mannarino,2026-10-11T04:00:00+00:00,2026-10-11T04:00:00+00:00,UNCHANGED,tennis_predictions/exchange_probability_snapshots.csv|tennis_predictions/probability_snapshots.csv,2026-10-09T15:16:32.961666+00:00,5,0,ELIGIBLE,,est-1
b3c79821d8d7b7af,tennis|tennis_atp_shanghai_masters|bd69690bbcda67d0a8bcaa6f591baa47,Alejandro Davidovich Fokina v Frances Tiafoe,2026-10-11T04:00:00+00:00,2026-10-11T04:00:00+00:00,UNCHANGED,tennis_predictions/exchange_probability_snapshots.csv|tennis_predictions/probability_snapshots.csv,2026-10-09T15:16:32.961666+00:00,5,0,ELIGIBLE,,est-1
b1a387afedf01d88,tennis|tennis_atp_shanghai_masters|ed0f82f195d0edeb15e0672bf51496a0,Alex de Minaur v Rei Sakamoto,2026-10-11T04:00:00+00:00,2026-10-11T04:00:00+00:00,UNCHANGED,tennis_predictions/exchange_probability_snapshots.csv|tennis_predictions/probability_snapshots.csv,2026-10-09T15:16:32.961666+00:00,5,0,ELIGIBLE,,est-1
68f21d392c41eedc,tennis|tennis_atp_shanghai_masters|e6003c91bfcfdd647a80a0852a7460c8,Alexander Zverev v Quentin Halys,2026-10-11T04:00:00+00:00,2026-10-11T04:00:00+00:00,UNCHANGED,tennis_predictions/exchange_probability_snapshots.csv|tennis_predictions/probability_snapshots.csv,2026-10-09T15:16:32.961666+00:00,5,0,ELIGIBLE,,est-1
62a48c6532166ab6,tennis|tennis_atp_shanghai_masters|e9d3e24e28821a6cf2331d48f2a9ccaf,Ben Shelton v Arthur Gea,2026-10-11T04:00:00+00:00,2026-10-11T04:00:00+00:00,UNCHANGED,tennis_predictions/exchange_probability_snapshots.csv|tennis_predictions/probability_snapshots.csv,2026-10-09T15:16:32.961666+00:00,5,0,ELIGIBLE,,est-1
cc1e33be6fe91e19,tennis|tennis_atp_shanghai_masters|83fc3ac10a670054d814b0753ad75430,Francisco Cerundolo v Jakub Mensik,2026-10-11T04:00:00+00:00,2026-10-11T04:00:00+00:00,UNCHANGED,tennis_predictions/exchange_probability_snapshots.csv|tennis_predictions/probability_snapshots.csv,2026-10-09T15:16:32.961666+00:00,5,0,ELIGIBLE,,est-1
5889971acef3ba8d,tennis|tennis_wta_china_open|4e6e552efb6c99dec55161f2fad0fad7,Qinwen Zheng v Elise Mertens,2026-10-10T11:00:00+00:00,2026-10-10T11:00:00+00:00,UNCHANGED,tennis_predictions/exchange_probability_snapshots.csv|tennis_predictions/probability_snapshots.csv,2026-10-09T15:16:32.961666+00:00,5,0,ELIGIBLE,,est-1
ef6ddea3841eee6c,nhl|1eb386b963ae5a82eba436c25e50cf24,Pittsburgh Penguins @ Columbus Blue Jackets,2026-10-09T23:10:00+00:00,2026-10-09T23:10:00+00:00,LEDGER_ONLY,unified_ledger.event_start,2026-10-09T13:37:53.246578+00:00,1,0,ELIGIBLE,,est-1
a269c7a6eaee80e5,nhl|30e778f30fcb48f94af24793f5bd201a,Seattle Kraken @ Detroit Red Wings,2026-10-09T23:10:00+00:00,2026-10-09T23:10:00+00:00,LEDGER_ONLY,unified_ledger.event_start,2026-10-09T13:37:53.246578+00:00,1,0,ELIGIBLE,,est-1
f42e90a25f6833bc,nhl|86ba05a73a0355958b629023b20ba955,New York Rangers @ Washington Capitals,2026-10-09T23:10:00+00:00,2026-10-09T23:10:00+00:00,LEDGER_ONLY,unified_ledger.event_start,2026-10-09T13:37:53.246578+00:00,1,0,ELIGIBLE,,est-1
d967c0f11d9e2fe0,nhl|48ce8ebb422982764994cd25c5f253c7,Anaheim Ducks @ Winnipeg Jets,2026-10-10T00:10:00+00:00,2026-10-10T00:10:00+00:00,LEDGER_ONLY,unified_ledger.event_start,2026-10-09T13:37:53.246578+00:00,1,0,ELIGIBLE,,est-1
776dbcef9b28c1e9,nhl|4951992db982c394e261970cbfb52332,Minnesota Wild @ Florida Panthers,2026-10-10T22:10:00+00:00,2026-10-10T22:10:00+00:00,LEDGER_ONLY,unified_ledger.event_start,2026-10-09T13:37:53.246578+00:00,1,0,ELIGIBLE,,est-1
90efe502bb3c11b9,tennis|tennis_atp_shanghai_masters|52d52225f4c13f3a96b8bff7a3a53de9,Karen Khachanov v Adrian Mannarino,2026-10-11T04:00:00+00:00,2026-10-11T04:00:00+00:00,UNCHANGED,tennis_predictions/exchange_probability_snapshots.csv|tennis_predictions/probability_snapshots.csv|unified_ledger.event_start,2026-10-09T15:16:32.961666+00:00,5,0,ELIGIBLE,,est-1
eaaf4cf7d6ff2c56,tennis|tennis_atp_shanghai_masters|97b9d913872cac78c1809329d557d089,Alexander Bublik v Brandon Nakashima,2026-10-11T04:00:00+00:00,2026-10-11T04:00:00+00:00,UNCHANGED,tennis_predictions/exchange_probability_snapshots.csv|tennis_predictions/probability_snapshots.csv|unified_ledger.event_start,2026-10-09T15:16:32.961666+00:00,3,0,ELIGIBLE,,est-1
b22d2b597f3383ad,tennis|tennis_atp_shanghai_masters|7af1a6a9a980efbcc4cfa5a9ffed7fda,Hubert Hurkacz v Yi Zhou,2026-10-11T04:00:00+00:00,2026-10-11T04:00:00+00:00,UNCHANGED,tennis_predictions/exchange_probability_snapshots.csv|tennis_predictions/probability_snapshots.csv|unified_ledger.event_start,2026-10-09T15:16:32.961666+00:00,3,0,ELIGIBLE,,est-1
