scan_timestamp_utc,sport_key,event_id,player_a,player_b,bookmaker,market,odds_a,odds_b,last_update
2026-09-29T13:13:46.945822+00:00,tennis_atp_china_open,cd50cbdecb590b3b66ff69dac64b1c7d,Karen Khachanov,Felix Auger-Aliassime,betfair_ex_uk,h2h,2.46,1.66,2026-09-29T13:13:37+00:00
2026-09-29T13:13:46.945822+00:00,tennis_atp_china_open,cd50cbdecb590b3b66ff69dac64b1c7d,Karen Khachanov,Felix Auger-Aliassime,betano_uk,h2h,2.25,1.57,2026-09-29T13:13:04+00:00
2026-09-29T13:13:46.945822+00:00,tennis_atp_china_open,cd50cbdecb590b3b66ff69dac64b1c7d,Karen Khachanov,Felix Auger-Aliassime,betvictor,h2h,2.25,1.57,2026-09-29T13:13:06+00:00
2026-09-29T13:13:46.945822+00:00,tennis_atp_china_open,cd50cbdecb590b3b66ff69dac64b1c7d,Karen Khachanov,Felix Auger-Aliassime,betway,h2h,2.25,1.65,2026-09-29T13:12:52+00:00
2026-09-29T13:13:46.945822+00:00,tennis_atp_china_open,cd50cbdecb590b3b66ff69dac64b1c7d,Karen Khachanov,Felix Auger-Aliassime,boylesports,h2h,2.3,1.62,2026-09-29T13:11:47+00:00
2026-09-29T13:13:46.945822+00:00,tennis_atp_china_open,cd50cbdecb590b3b66ff69dac64b1c7d,Karen Khachanov,Felix Auger-Aliassime,casumo,h2h,2.4,1.56,2026-09-29T13:12:52+00:00
2026-09-29T13:13:46.945822+00:00,tennis_atp_china_open,cd50cbdecb590b3b66ff69dac64b1c7d,Karen Khachanov,Felix Auger-Aliassime,coral,h2h,2.25,1.57,2026-09-29T13:12:36+00:00
2026-09-29T13:13:46.945822+00:00,tennis_atp_china_open,cd50cbdecb590b3b66ff69dac64b1c7d,Karen Khachanov,Felix Auger-Aliassime,grosvenor,h2h,2.4,1.56,2026-09-29T13:13:22+00:00
2026-09-29T13:13:46.945822+00:00,tennis_atp_china_open,cd50cbdecb590b3b66ff69dac64b1c7d,Karen Khachanov,Felix Auger-Aliassime,ladbrokes_uk,h2h,2.25,1.57,2026-09-29T13:13:22+00:00
2026-09-29T13:13:46.945822+00:00,tennis_atp_china_open,cd50cbdecb590b3b66ff69dac64b1c7d,Karen Khachanov,Felix Auger-Aliassime,leovegas,h2h,2.25,1.57,2026-09-29T13:12:52+00:00
2026-09-29T13:13:46.945822+00:00,tennis_atp_china_open,cd50cbdecb590b3b66ff69dac64b1c7d,Karen Khachanov,Felix Auger-Aliassime,livescorebet,h2h,2.4,1.57,2026-09-29T13:12:37+00:00
2026-09-29T13:13:46.945822+00:00,tennis_atp_china_open,cd50cbdecb590b3b66ff69dac64b1c7d,Karen Khachanov,Felix Auger-Aliassime,matchbook,h2h,2.46,1.66,2026-09-29T13:13:39+00:00
2026-09-29T13:13:46.945822+00:00,tennis_atp_china_open,cd50cbdecb590b3b66ff69dac64b1c7d,Karen Khachanov,Felix Auger-Aliassime,paddypower,h2h,2.25,1.57,2026-09-29T13:12:24+00:00
2026-09-29T13:13:46.945822+00:00,tennis_atp_china_open,cd50cbdecb590b3b66ff69dac64b1c7d,Karen Khachanov,Felix Auger-Aliassime,skybet,h2h,2.25,1.57,2026-09-29T13:12:46+00:00
2026-09-29T13:13:46.945822+00:00,tennis_atp_china_open,cd50cbdecb590b3b66ff69dac64b1c7d,Karen Khachanov,Felix Auger-Aliassime,smarkets,h2h,2.42,1.64,2026-09-29T13:13:38+00:00
2026-09-29T13:13:46.945822+00:00,tennis_atp_china_open,cd50cbdecb590b3b66ff69dac64b1c7d,Karen Khachanov,Felix Auger-Aliassime,sport888,h2h,2.3,1.61,2026-09-29T13:13:36+00:00
2026-09-29T13:13:46.945822+00:00,tennis_atp_china_open,cd50cbdecb590b3b66ff69dac64b1c7d,Karen Khachanov,Felix Auger-Aliassime,unibet_uk,h2h,2.38,1.58,2026-09-29T13:13:38+00:00
2026-09-29T13:13:46.945822+00:00,tennis_atp_china_open,cd50cbdecb590b3b66ff69dac64b1c7d,Karen Khachanov,Felix Auger-Aliassime,virginbet,h2h,2.4,1.57,2026-09-29T13:12:37+00:00
2026-09-29T13:13:46.945822+00:00,tennis_atp_china_open,cd50cbdecb590b3b66ff69dac64b1c7d,Karen Khachanov,Felix Auger-Aliassime,williamhill,h2h,2.3,1.62,2026-09-29T13:13:22+00:00
2026-09-29T13:13:46.945822+00:00,tennis_atp_china_open,35b54ab48cccdd5228a9cbb1b90e93f9,Jan-Lennard Struff,Thiago Agustin Tirante,betfair_ex_uk,h2h,2.6,1.59,2026-09-29T13:13:37+00:00
2026-09-29T13:13:46.945822+00:00,tennis_atp_china_open,35b54ab48cccdd5228a9cbb1b90e93f9,Jan-Lennard Struff,Thiago Agustin Tirante,betano_uk,h2h,2.38,1.53,2026-09-29T13:13:04+00:00
2026-09-29T13:13:46.945822+00:00,tennis_atp_china_open,35b54ab48cccdd5228a9cbb1b90e93f9,Jan-Lennard Struff,Thiago Agustin Tirante,betvictor,h2h,2.38,1.53,2026-09-29T13:13:06+00:00
2026-09-29T13:13:46.945822+00:00,tennis_atp_china_open,35b54ab48cccdd5228a9cbb1b90e93f9,Jan-Lennard Struff,Thiago Agustin Tirante,betway,h2h,2.4,1.55,2026-09-29T13:12:52+00:00
2026-09-29T13:13:46.945822+00:00,tennis_atp_china_open,35b54ab48cccdd5228a9cbb1b90e93f9,Jan-Lennard Struff,Thiago Agustin Tirante,boylesports,h2h,2.38,1.57,2026-09-29T13:11:47+00:00
2026-09-29T13:13:46.945822+00:00,tennis_atp_china_open,35b54ab48cccdd5228a9cbb1b90e93f9,Jan-Lennard Struff,Thiago Agustin Tirante,casumo,h2h,2.5,1.53,2026-09-29T13:12:52+00:00
2026-09-29T13:13:46.945822+00:00,tennis_atp_china_open,35b54ab48cccdd5228a9cbb1b90e93f9,Jan-Lennard Struff,Thiago Agustin Tirante,coral,h2h,2.37,1.55,2026-09-29T13:12:36+00:00
2026-09-29T13:13:46.945822+00:00,tennis_atp_china_open,35b54ab48cccdd5228a9cbb1b90e93f9,Jan-Lennard Struff,Thiago Agustin Tirante,grosvenor,h2h,2.5,1.53,2026-09-29T13:13:22+00:00
2026-09-29T13:13:46.945822+00:00,tennis_atp_china_open,35b54ab48cccdd5228a9cbb1b90e93f9,Jan-Lennard Struff,Thiago Agustin Tirante,ladbrokes_uk,h2h,2.37,1.55,2026-09-29T13:13:22+00:00
2026-09-29T13:13:46.945822+00:00,tennis_atp_china_open,35b54ab48cccdd5228a9cbb1b90e93f9,Jan-Lennard Struff,Thiago Agustin Tirante,leovegas,h2h,2.35,1.53,2026-09-29T13:12:52+00:00
2026-09-29T13:13:46.945822+00:00,tennis_atp_china_open,35b54ab48cccdd5228a9cbb1b90e93f9,Jan-Lennard Struff,Thiago Agustin Tirante,livescorebet,h2h,2.5,1.53,2026-09-29T13:12:37+00:00
2026-09-29T13:13:46.945822+00:00,tennis_atp_china_open,35b54ab48cccdd5228a9cbb1b90e93f9,Jan-Lennard Struff,Thiago Agustin Tirante,matchbook,h2h,2.58,1.59,2026-09-29T13:13:39+00:00
2026-09-29T13:13:46.945822+00:00,tennis_atp_china_open,35b54ab48cccdd5228a9cbb1b90e93f9,Jan-Lennard Struff,Thiago Agustin Tirante,paddypower,h2h,2.38,1.53,2026-09-29T13:12:24+00:00
2026-09-29T13:13:46.945822+00:00,tennis_atp_china_open,35b54ab48cccdd5228a9cbb1b90e93f9,Jan-Lennard Struff,Thiago Agustin Tirante,skybet,h2h,2.38,1.53,2026-09-29T13:12:46+00:00
2026-09-29T13:13:46.945822+00:00,tennis_atp_china_open,35b54ab48cccdd5228a9cbb1b90e93f9,Jan-Lennard Struff,Thiago Agustin Tirante,smarkets,h2h,2.54,1.58,2026-09-29T13:13:38+00:00
2026-09-29T13:13:46.945822+00:00,tennis_atp_china_open,35b54ab48cccdd5228a9cbb1b90e93f9,Jan-Lennard Struff,Thiago Agustin Tirante,sport888,h2h,2.38,1.57,2026-09-29T13:13:36+00:00
2026-09-29T13:13:46.945822+00:00,tennis_atp_china_open,35b54ab48cccdd5228a9cbb1b90e93f9,Jan-Lennard Struff,Thiago Agustin Tirante,unibet_uk,h2h,2.4,1.56,2026-09-29T13:13:38+00:00
2026-09-29T13:13:46.945822+00:00,tennis_atp_china_open,35b54ab48cccdd5228a9cbb1b90e93f9,Jan-Lennard Struff,Thiago Agustin Tirante,virginbet,h2h,2.5,1.53,2026-09-29T13:12:37+00:00
2026-09-29T13:13:46.945822+00:00,tennis_atp_china_open,35b54ab48cccdd5228a9cbb1b90e93f9,Jan-Lennard Struff,Thiago Agustin Tirante,williamhill,h2h,2.38,1.57,2026-09-29T13:13:22+00:00
2026-09-29T13:13:46.945822+00:00,tennis_atp_china_open,e16bcc00525542f000cc3fc617c7abc4,Juan Manuel Cerundolo,Bu Yunchaokete,betfair_ex_uk,h2h,2.44,1.68,2026-09-29T13:13:37+00:00
2026-09-29T13:13:46.945822+00:00,tennis_atp_china_open,e16bcc00525542f000cc3fc617c7abc4,Juan Manuel Cerundolo,Bu Yunchaokete,betano_uk,h2h,2.2,1.6,2026-09-29T13:13:04+00:00
2026-09-29T13:13:46.945822+00:00,tennis_atp_china_open,e16bcc00525542f000cc3fc617c7abc4,Juan Manuel Cerundolo,Bu Yunchaokete,betvictor,h2h,2.2,1.6,2026-09-29T13:13:06+00:00
2026-09-29T13:13:46.945822+00:00,tennis_atp_china_open,e16bcc00525542f000cc3fc617c7abc4,Juan Manuel Cerundolo,Bu Yunchaokete,betway,h2h,2.25,1.65,2026-09-29T13:12:53+00:00
2026-09-29T13:13:46.945822+00:00,tennis_atp_china_open,e16bcc00525542f000cc3fc617c7abc4,Juan Manuel Cerundolo,Bu Yunchaokete,boylesports,h2h,2.25,1.67,2026-09-29T13:11:47+00:00
2026-09-29T13:13:46.945822+00:00,tennis_atp_china_open,e16bcc00525542f000cc3fc617c7abc4,Juan Manuel Cerundolo,Bu Yunchaokete,casumo,h2h,2.25,1.64,2026-09-29T13:12:52+00:00
2026-09-29T13:13:46.945822+00:00,tennis_atp_china_open,e16bcc00525542f000cc3fc617c7abc4,Juan Manuel Cerundolo,Bu Yunchaokete,coral,h2h,2.15,1.65,2026-09-29T13:12:36+00:00
2026-09-29T13:13:46.945822+00:00,tennis_atp_china_open,e16bcc00525542f000cc3fc617c7abc4,Juan Manuel Cerundolo,Bu Yunchaokete,grosvenor,h2h,2.25,1.64,2026-09-29T13:13:22+00:00
2026-09-29T13:13:46.945822+00:00,tennis_atp_china_open,e16bcc00525542f000cc3fc617c7abc4,Juan Manuel Cerundolo,Bu Yunchaokete,ladbrokes_uk,h2h,2.15,1.65,2026-09-29T13:13:22+00:00
2026-09-29T13:13:46.945822+00:00,tennis_atp_china_open,e16bcc00525542f000cc3fc617c7abc4,Juan Manuel Cerundolo,Bu Yunchaokete,leovegas,h2h,2.18,1.6,2026-09-29T13:12:52+00:00
2026-09-29T13:13:46.945822+00:00,tennis_atp_china_open,e16bcc00525542f000cc3fc617c7abc4,Juan Manuel Cerundolo,Bu Yunchaokete,livescorebet,h2h,2.25,1.64,2026-09-29T13:12:37+00:00
2026-09-29T13:13:46.945822+00:00,tennis_atp_china_open,e16bcc00525542f000cc3fc617c7abc4,Juan Manuel Cerundolo,Bu Yunchaokete,matchbook,h2h,2.44,1.68,2026-09-29T13:13:39+00:00
2026-09-29T13:13:46.945822+00:00,tennis_atp_china_open,e16bcc00525542f000cc3fc617c7abc4,Juan Manuel Cerundolo,Bu Yunchaokete,paddypower,h2h,2.25,1.57,2026-09-29T13:12:24+00:00
2026-09-29T13:13:46.945822+00:00,tennis_atp_china_open,e16bcc00525542f000cc3fc617c7abc4,Juan Manuel Cerundolo,Bu Yunchaokete,skybet,h2h,2.25,1.57,2026-09-29T13:12:46+00:00
2026-09-29T13:13:46.945822+00:00,tennis_atp_china_open,e16bcc00525542f000cc3fc617c7abc4,Juan Manuel Cerundolo,Bu Yunchaokete,smarkets,h2h,2.4,1.65,2026-09-29T13:13:38+00:00
2026-09-29T13:13:46.945822+00:00,tennis_atp_china_open,e16bcc00525542f000cc3fc617c7abc4,Juan Manuel Cerundolo,Bu Yunchaokete,sport888,h2h,2.2,1.67,2026-09-29T13:13:36+00:00
2026-09-29T13:13:46.945822+00:00,tennis_atp_china_open,e16bcc00525542f000cc3fc617c7abc4,Juan Manuel Cerundolo,Bu Yunchaokete,unibet_uk,h2h,2.2,1.65,2026-09-29T13:13:38+00:00
2026-09-29T13:13:46.945822+00:00,tennis_atp_china_open,e16bcc00525542f000cc3fc617c7abc4,Juan Manuel Cerundolo,Bu Yunchaokete,virginbet,h2h,2.25,1.64,2026-09-29T13:12:37+00:00
2026-09-29T13:13:46.945822+00:00,tennis_atp_china_open,e16bcc00525542f000cc3fc617c7abc4,Juan Manuel Cerundolo,Bu Yunchaokete,williamhill,h2h,2.2,1.67,2026-09-29T13:13:22+00:00
2026-09-29T13:13:46.945822+00:00,tennis_atp_china_open,cc2d916c71c7c424e48b2025e02ead52,Zhizhen Zhang,Arthur Gea,betfair_ex_uk,h2h,3.65,1.34,2026-09-29T13:13:37+00:00
2026-09-29T13:13:46.945822+00:00,tennis_atp_china_open,cc2d916c71c7c424e48b2025e02ead52,Zhizhen Zhang,Arthur Gea,betano_uk,h2h,3.2,1.3,2026-09-29T13:13:04+00:00
2026-09-29T13:13:46.945822+00:00,tennis_atp_china_open,cc2d916c71c7c424e48b2025e02ead52,Zhizhen Zhang,Arthur Gea,betvictor,h2h,3.2,1.3,2026-09-29T13:13:06+00:00
2026-09-29T13:13:46.945822+00:00,tennis_atp_china_open,cc2d916c71c7c424e48b2025e02ead52,Zhizhen Zhang,Arthur Gea,betway,h2h,3.5,1.3,2026-09-29T13:12:53+00:00
2026-09-29T13:13:46.945822+00:00,tennis_atp_china_open,cc2d916c71c7c424e48b2025e02ead52,Zhizhen Zhang,Arthur Gea,boylesports,h2h,3.25,1.33,2026-09-29T13:11:47+00:00
2026-09-29T13:13:46.945822+00:00,tennis_atp_china_open,cc2d916c71c7c424e48b2025e02ead52,Zhizhen Zhang,Arthur Gea,casumo,h2h,3.55,1.29,2026-09-29T13:12:52+00:00
2026-09-29T13:13:46.945822+00:00,tennis_atp_china_open,cc2d916c71c7c424e48b2025e02ead52,Zhizhen Zhang,Arthur Gea,coral,h2h,3.2,1.33,2026-09-29T13:12:36+00:00
2026-09-29T13:13:46.945822+00:00,tennis_atp_china_open,cc2d916c71c7c424e48b2025e02ead52,Zhizhen Zhang,Arthur Gea,grosvenor,h2h,3.55,1.29,2026-09-29T13:13:22+00:00
2026-09-29T13:13:46.945822+00:00,tennis_atp_china_open,cc2d916c71c7c424e48b2025e02ead52,Zhizhen Zhang,Arthur Gea,ladbrokes_uk,h2h,3.2,1.33,2026-09-29T13:13:22+00:00
2026-09-29T13:13:46.945822+00:00,tennis_atp_china_open,cc2d916c71c7c424e48b2025e02ead52,Zhizhen Zhang,Arthur Gea,leovegas,h2h,3.25,1.3,2026-09-29T13:12:52+00:00
2026-09-29T13:13:46.945822+00:00,tennis_atp_china_open,cc2d916c71c7c424e48b2025e02ead52,Zhizhen Zhang,Arthur Gea,livescorebet,h2h,3.55,1.29,2026-09-29T13:12:37+00:00
2026-09-29T13:13:46.945822+00:00,tennis_atp_china_open,cc2d916c71c7c424e48b2025e02ead52,Zhizhen Zhang,Arthur Gea,matchbook,h2h,3.55,1.34,2026-09-29T13:13:39+00:00
2026-09-29T13:13:46.945822+00:00,tennis_atp_china_open,cc2d916c71c7c424e48b2025e02ead52,Zhizhen Zhang,Arthur Gea,paddypower,h2h,3.25,1.29,2026-09-29T13:12:24+00:00
2026-09-29T13:13:46.945822+00:00,tennis_atp_china_open,cc2d916c71c7c424e48b2025e02ead52,Zhizhen Zhang,Arthur Gea,skybet,h2h,3.25,1.29,2026-09-29T13:12:46+00:00
2026-09-29T13:13:46.945822+00:00,tennis_atp_china_open,cc2d916c71c7c424e48b2025e02ead52,Zhizhen Zhang,Arthur Gea,smarkets,h2h,3.55,1.33,2026-09-29T13:13:38+00:00
2026-09-29T13:13:46.945822+00:00,tennis_atp_china_open,cc2d916c71c7c424e48b2025e02ead52,Zhizhen Zhang,Arthur Gea,sport888,h2h,3.1,1.36,2026-09-29T13:13:36+00:00
2026-09-29T13:13:46.945822+00:00,tennis_atp_china_open,cc2d916c71c7c424e48b2025e02ead52,Zhizhen Zhang,Arthur Gea,unibet_uk,h2h,3.35,1.29,2026-09-29T13:13:38+00:00
2026-09-29T13:13:46.945822+00:00,tennis_atp_china_open,cc2d916c71c7c424e48b2025e02ead52,Zhizhen Zhang,Arthur Gea,virginbet,h2h,3.55,1.29,2026-09-29T13:12:37+00:00
2026-09-29T13:13:46.945822+00:00,tennis_atp_china_open,cc2d916c71c7c424e48b2025e02ead52,Zhizhen Zhang,Arthur Gea,williamhill,h2h,3.1,1.36,2026-09-29T13:13:22+00:00
2026-09-29T13:13:46.945822+00:00,tennis_atp_china_open,1b9a358b39f42e7ac16354a717729f4f,Nuno Borges,Novak Djokovic,betfair_ex_uk,h2h,3.2,1.44,2026-09-29T13:13:37+00:00
2026-09-29T13:13:46.945822+00:00,tennis_atp_china_open,1b9a358b39f42e7ac16354a717729f4f,Nuno Borges,Novak Djokovic,betano_uk,h2h,2.75,1.4,2026-09-29T13:13:04+00:00
2026-09-29T13:13:46.945822+00:00,tennis_atp_china_open,1b9a358b39f42e7ac16354a717729f4f,Nuno Borges,Novak Djokovic,betvictor,h2h,2.75,1.4,2026-09-29T13:13:06+00:00
2026-09-29T13:13:46.945822+00:00,tennis_atp_china_open,1b9a358b39f42e7ac16354a717729f4f,Nuno Borges,Novak Djokovic,betway,h2h,3.0,1.38,2026-09-29T13:12:53+00:00
2026-09-29T13:13:46.945822+00:00,tennis_atp_china_open,1b9a358b39f42e7ac16354a717729f4f,Nuno Borges,Novak Djokovic,boylesports,h2h,2.88,1.44,2026-09-29T13:11:47+00:00
2026-09-29T13:13:46.945822+00:00,tennis_atp_china_open,1b9a358b39f42e7ac16354a717729f4f,Nuno Borges,Novak Djokovic,casumo,h2h,2.88,1.42,2026-09-29T13:12:52+00:00
2026-09-29T13:13:46.945822+00:00,tennis_atp_china_open,1b9a358b39f42e7ac16354a717729f4f,Nuno Borges,Novak Djokovic,coral,h2h,2.87,1.4,2026-09-29T13:12:36+00:00
2026-09-29T13:13:46.945822+00:00,tennis_atp_china_open,1b9a358b39f42e7ac16354a717729f4f,Nuno Borges,Novak Djokovic,grosvenor,h2h,2.88,1.42,2026-09-29T13:13:22+00:00
2026-09-29T13:13:46.945822+00:00,tennis_atp_china_open,1b9a358b39f42e7ac16354a717729f4f,Nuno Borges,Novak Djokovic,ladbrokes_uk,h2h,2.87,1.4,2026-09-29T13:13:22+00:00
2026-09-29T13:13:46.945822+00:00,tennis_atp_china_open,1b9a358b39f42e7ac16354a717729f4f,Nuno Borges,Novak Djokovic,leovegas,h2h,2.7,1.4,2026-09-29T13:12:52+00:00
2026-09-29T13:13:46.945822+00:00,tennis_atp_china_open,1b9a358b39f42e7ac16354a717729f4f,Nuno Borges,Novak Djokovic,livescorebet,h2h,2.88,1.42,2026-09-29T13:12:37+00:00
2026-09-29T13:13:46.945822+00:00,tennis_atp_china_open,1b9a358b39f42e7ac16354a717729f4f,Nuno Borges,Novak Djokovic,matchbook,h2h,3.2,1.44,2026-09-29T13:13:39+00:00
2026-09-29T13:13:46.945822+00:00,tennis_atp_china_open,1b9a358b39f42e7ac16354a717729f4f,Nuno Borges,Novak Djokovic,paddypower,h2h,2.88,1.36,2026-09-29T13:12:24+00:00
2026-09-29T13:13:46.945822+00:00,tennis_atp_china_open,1b9a358b39f42e7ac16354a717729f4f,Nuno Borges,Novak Djokovic,skybet,h2h,2.88,1.36,2026-09-29T13:12:46+00:00
2026-09-29T13:13:46.945822+00:00,tennis_atp_china_open,1b9a358b39f42e7ac16354a717729f4f,Nuno Borges,Novak Djokovic,smarkets,h2h,3.1,1.42,2026-09-29T13:13:38+00:00
2026-09-29T13:13:46.945822+00:00,tennis_atp_china_open,1b9a358b39f42e7ac16354a717729f4f,Nuno Borges,Novak Djokovic,sport888,h2h,2.75,1.44,2026-09-29T13:13:36+00:00
2026-09-29T13:13:46.945822+00:00,tennis_atp_china_open,1b9a358b39f42e7ac16354a717729f4f,Nuno Borges,Novak Djokovic,unibet_uk,h2h,2.75,1.42,2026-09-29T13:13:38+00:00
2026-09-29T13:13:46.945822+00:00,tennis_atp_china_open,1b9a358b39f42e7ac16354a717729f4f,Nuno Borges,Novak Djokovic,virginbet,h2h,2.88,1.42,2026-09-29T13:12:37+00:00
2026-09-29T13:13:46.945822+00:00,tennis_atp_china_open,1b9a358b39f42e7ac16354a717729f4f,Nuno Borges,Novak Djokovic,williamhill,h2h,2.75,1.44,2026-09-29T13:13:22+00:00
2026-09-29T13:13:46.945822+00:00,tennis_atp_china_open,c83a68420401e6b8f8010e3050bed2ea,Alex Molcan,Arthur Rinderknech,betfair_ex_uk,h2h,2.56,1.42,2026-09-29T13:13:37+00:00
2026-09-29T13:13:46.945822+00:00,tennis_atp_china_open,c83a68420401e6b8f8010e3050bed2ea,Alex Molcan,Arthur Rinderknech,betano_uk,h2h,2.25,1.57,2026-09-29T13:13:04+00:00
2026-09-29T13:13:46.945822+00:00,tennis_atp_china_open,c83a68420401e6b8f8010e3050bed2ea,Alex Molcan,Arthur Rinderknech,betfair_sb_uk,h2h,2.25,1.62,2026-09-29T13:12:52+00:00
2026-09-29T13:13:46.945822+00:00,tennis_atp_china_open,c83a68420401e6b8f8010e3050bed2ea,Alex Molcan,Arthur Rinderknech,betvictor,h2h,2.25,1.57,2026-09-29T13:13:06+00:00
2026-09-29T13:13:46.945822+00:00,tennis_atp_china_open,c83a68420401e6b8f8010e3050bed2ea,Alex Molcan,Arthur Rinderknech,boylesports,h2h,2.3,1.62,2026-09-29T13:11:47+00:00
2026-09-29T13:13:46.945822+00:00,tennis_atp_china_open,c83a68420401e6b8f8010e3050bed2ea,Alex Molcan,Arthur Rinderknech,casumo,h2h,2.5,1.53,2026-09-29T13:12:52+00:00
2026-09-29T13:13:46.945822+00:00,tennis_atp_china_open,c83a68420401e6b8f8010e3050bed2ea,Alex Molcan,Arthur Rinderknech,grosvenor,h2h,2.5,1.53,2026-09-29T13:13:22+00:00
2026-09-29T13:13:46.945822+00:00,tennis_atp_china_open,c83a68420401e6b8f8010e3050bed2ea,Alex Molcan,Arthur Rinderknech,leovegas,h2h,2.25,1.57,2026-09-29T13:12:53+00:00
2026-09-29T13:13:46.945822+00:00,tennis_atp_china_open,c83a68420401e6b8f8010e3050bed2ea,Alex Molcan,Arthur Rinderknech,livescorebet,h2h,2.5,1.53,2026-09-29T13:12:37+00:00
2026-09-29T13:13:46.945822+00:00,tennis_atp_china_open,c83a68420401e6b8f8010e3050bed2ea,Alex Molcan,Arthur Rinderknech,paddypower,h2h,2.25,1.57,2026-09-29T13:12:24+00:00
2026-09-29T13:13:46.945822+00:00,tennis_atp_china_open,c83a68420401e6b8f8010e3050bed2ea,Alex Molcan,Arthur Rinderknech,skybet,h2h,2.25,1.57,2026-09-29T13:12:46+00:00
2026-09-29T13:13:46.945822+00:00,tennis_atp_china_open,c83a68420401e6b8f8010e3050bed2ea,Alex Molcan,Arthur Rinderknech,smarkets,h2h,2.34,1.51,2026-09-29T13:13:38+00:00
2026-09-29T13:13:46.945822+00:00,tennis_atp_china_open,c83a68420401e6b8f8010e3050bed2ea,Alex Molcan,Arthur Rinderknech,sport888,h2h,2.3,1.61,2026-09-29T13:13:36+00:00
2026-09-29T13:13:46.945822+00:00,tennis_atp_china_open,c83a68420401e6b8f8010e3050bed2ea,Alex Molcan,Arthur Rinderknech,unibet_uk,h2h,2.31,1.58,2026-09-29T13:13:38+00:00
2026-09-29T13:13:46.945822+00:00,tennis_atp_china_open,c83a68420401e6b8f8010e3050bed2ea,Alex Molcan,Arthur Rinderknech,virginbet,h2h,2.5,1.53,2026-09-29T13:12:37+00:00
2026-09-29T13:13:46.945822+00:00,tennis_atp_china_open,c83a68420401e6b8f8010e3050bed2ea,Alex Molcan,Arthur Rinderknech,williamhill,h2h,2.3,1.62,2026-09-29T13:13:22+00:00
2026-09-29T13:13:46.945822+00:00,tennis_atp_china_open,f3149a5c4e24243211d462d3becfe39d,Alex de Minaur,Mariano Navone,betfair_ex_uk,h2h,1.25,4.8,2026-09-29T13:13:37+00:00
2026-09-29T13:13:46.945822+00:00,tennis_atp_china_open,f3149a5c4e24243211d462d3becfe39d,Alex de Minaur,Mariano Navone,betano_uk,h2h,1.2,4.0,2026-09-29T13:13:04+00:00
2026-09-29T13:13:46.945822+00:00,tennis_atp_china_open,f3149a5c4e24243211d462d3becfe39d,Alex de Minaur,Mariano Navone,betfair_sb_uk,h2h,1.22,4.0,2026-09-29T13:12:52+00:00
2026-09-29T13:13:46.945822+00:00,tennis_atp_china_open,f3149a5c4e24243211d462d3becfe39d,Alex de Minaur,Mariano Navone,betvictor,h2h,1.2,4.0,2026-09-29T13:13:06+00:00
2026-09-29T13:13:46.945822+00:00,tennis_atp_china_open,f3149a5c4e24243211d462d3becfe39d,Alex de Minaur,Mariano Navone,betway,h2h,1.22,4.25,2026-09-29T13:12:52+00:00
2026-09-29T13:13:46.945822+00:00,tennis_atp_china_open,f3149a5c4e24243211d462d3becfe39d,Alex de Minaur,Mariano Navone,boylesports,h2h,1.2,4.5,2026-09-29T13:11:47+00:00
2026-09-29T13:13:46.945822+00:00,tennis_atp_china_open,f3149a5c4e24243211d462d3becfe39d,Alex de Minaur,Mariano Navone,casumo,h2h,1.18,4.8,2026-09-29T13:12:52+00:00
2026-09-29T13:13:46.945822+00:00,tennis_atp_china_open,f3149a5c4e24243211d462d3becfe39d,Alex de Minaur,Mariano Navone,coral,h2h,1.22,4.2,2026-09-29T13:12:36+00:00
2026-09-29T13:13:46.945822+00:00,tennis_atp_china_open,f3149a5c4e24243211d462d3becfe39d,Alex de Minaur,Mariano Navone,grosvenor,h2h,1.18,4.8,2026-09-29T13:13:22+00:00
2026-09-29T13:13:46.945822+00:00,tennis_atp_china_open,f3149a5c4e24243211d462d3becfe39d,Alex de Minaur,Mariano Navone,ladbrokes_uk,h2h,1.22,4.2,2026-09-29T13:13:22+00:00
2026-09-29T13:13:46.945822+00:00,tennis_atp_china_open,f3149a5c4e24243211d462d3becfe39d,Alex de Minaur,Mariano Navone,leovegas,h2h,1.2,4.15,2026-09-29T13:12:53+00:00
2026-09-29T13:13:46.945822+00:00,tennis_atp_china_open,f3149a5c4e24243211d462d3becfe39d,Alex de Minaur,Mariano Navone,livescorebet,h2h,1.18,4.8,2026-09-29T13:12:37+00:00
2026-09-29T13:13:46.945822+00:00,tennis_atp_china_open,f3149a5c4e24243211d462d3becfe39d,Alex de Minaur,Mariano Navone,matchbook,h2h,1.25,4.8,2026-09-29T13:13:39+00:00
2026-09-29T13:13:46.945822+00:00,tennis_atp_china_open,f3149a5c4e24243211d462d3becfe39d,Alex de Minaur,Mariano Navone,paddypower,h2h,1.2,4.0,2026-09-29T13:12:24+00:00
2026-09-29T13:13:46.945822+00:00,tennis_atp_china_open,f3149a5c4e24243211d462d3becfe39d,Alex de Minaur,Mariano Navone,skybet,h2h,1.2,4.0,2026-09-29T13:12:46+00:00
2026-09-29T13:13:46.945822+00:00,tennis_atp_china_open,f3149a5c4e24243211d462d3becfe39d,Alex de Minaur,Mariano Navone,smarkets,h2h,1.23,4.6,2026-09-29T13:13:38+00:00
2026-09-29T13:13:46.945822+00:00,tennis_atp_china_open,f3149a5c4e24243211d462d3becfe39d,Alex de Minaur,Mariano Navone,sport888,h2h,1.22,4.2,2026-09-29T13:13:36+00:00
2026-09-29T13:13:46.945822+00:00,tennis_atp_china_open,f3149a5c4e24243211d462d3becfe39d,Alex de Minaur,Mariano Navone,virginbet,h2h,1.18,4.8,2026-09-29T13:12:37+00:00
2026-09-29T13:13:46.945822+00:00,tennis_atp_china_open,f3149a5c4e24243211d462d3becfe39d,Alex de Minaur,Mariano Navone,williamhill,h2h,1.22,4.2,2026-09-29T13:13:22+00:00
2026-09-29T13:13:46.945822+00:00,tennis_atp_china_open,8e1b1ccdaf9bc406f149cfba186e0337,Alexander Bublik,Jakub Mensik,betfair_ex_uk,h2h,2.46,1.66,2026-09-29T13:13:37+00:00
2026-09-29T13:13:46.945822+00:00,tennis_atp_china_open,8e1b1ccdaf9bc406f149cfba186e0337,Alexander Bublik,Jakub Mensik,betano_uk,h2h,2.25,1.57,2026-09-29T13:13:04+00:00
2026-09-29T13:13:46.945822+00:00,tennis_atp_china_open,8e1b1ccdaf9bc406f149cfba186e0337,Alexander Bublik,Jakub Mensik,betfair_sb_uk,h2h,2.25,1.62,2026-09-29T13:12:52+00:00
2026-09-29T13:13:46.945822+00:00,tennis_atp_china_open,8e1b1ccdaf9bc406f149cfba186e0337,Alexander Bublik,Jakub Mensik,betvictor,h2h,2.25,1.57,2026-09-29T13:13:06+00:00
2026-09-29T13:13:46.945822+00:00,tennis_atp_china_open,8e1b1ccdaf9bc406f149cfba186e0337,Alexander Bublik,Jakub Mensik,betway,h2h,2.3,1.6,2026-09-29T13:12:52+00:00
2026-09-29T13:13:46.945822+00:00,tennis_atp_china_open,8e1b1ccdaf9bc406f149cfba186e0337,Alexander Bublik,Jakub Mensik,boylesports,h2h,2.38,1.62,2026-09-29T13:11:47+00:00
2026-09-29T13:13:46.945822+00:00,tennis_atp_china_open,8e1b1ccdaf9bc406f149cfba186e0337,Alexander Bublik,Jakub Mensik,casumo,h2h,2.38,1.57,2026-09-29T13:12:52+00:00
2026-09-29T13:13:46.945822+00:00,tennis_atp_china_open,8e1b1ccdaf9bc406f149cfba186e0337,Alexander Bublik,Jakub Mensik,coral,h2h,2.3,1.55,2026-09-29T13:12:36+00:00
2026-09-29T13:13:46.945822+00:00,tennis_atp_china_open,8e1b1ccdaf9bc406f149cfba186e0337,Alexander Bublik,Jakub Mensik,grosvenor,h2h,2.38,1.57,2026-09-29T13:13:22+00:00
2026-09-29T13:13:46.945822+00:00,tennis_atp_china_open,8e1b1ccdaf9bc406f149cfba186e0337,Alexander Bublik,Jakub Mensik,ladbrokes_uk,h2h,2.3,1.55,2026-09-29T13:13:22+00:00
2026-09-29T13:13:46.945822+00:00,tennis_atp_china_open,8e1b1ccdaf9bc406f149cfba186e0337,Alexander Bublik,Jakub Mensik,leovegas,h2h,2.3,1.55,2026-09-29T13:12:53+00:00
2026-09-29T13:13:46.945822+00:00,tennis_atp_china_open,8e1b1ccdaf9bc406f149cfba186e0337,Alexander Bublik,Jakub Mensik,livescorebet,h2h,2.38,1.58,2026-09-29T13:12:37+00:00
2026-09-29T13:13:46.945822+00:00,tennis_atp_china_open,8e1b1ccdaf9bc406f149cfba186e0337,Alexander Bublik,Jakub Mensik,matchbook,h2h,2.46,1.66,2026-09-29T13:13:39+00:00
2026-09-29T13:13:46.945822+00:00,tennis_atp_china_open,8e1b1ccdaf9bc406f149cfba186e0337,Alexander Bublik,Jakub Mensik,paddypower,h2h,2.25,1.57,2026-09-29T13:12:24+00:00
2026-09-29T13:13:46.945822+00:00,tennis_atp_china_open,8e1b1ccdaf9bc406f149cfba186e0337,Alexander Bublik,Jakub Mensik,skybet,h2h,2.25,1.57,2026-09-29T13:12:46+00:00
2026-09-29T13:13:46.945822+00:00,tennis_atp_china_open,8e1b1ccdaf9bc406f149cfba186e0337,Alexander Bublik,Jakub Mensik,smarkets,h2h,2.4,1.64,2026-09-29T13:13:38+00:00
2026-09-29T13:13:46.945822+00:00,tennis_atp_china_open,8e1b1ccdaf9bc406f149cfba186e0337,Alexander Bublik,Jakub Mensik,sport888,h2h,2.3,1.61,2026-09-29T13:13:36+00:00
2026-09-29T13:13:46.945822+00:00,tennis_atp_china_open,8e1b1ccdaf9bc406f149cfba186e0337,Alexander Bublik,Jakub Mensik,unibet_uk,h2h,2.34,1.55,2026-09-29T13:13:38+00:00
2026-09-29T13:13:46.945822+00:00,tennis_atp_china_open,8e1b1ccdaf9bc406f149cfba186e0337,Alexander Bublik,Jakub Mensik,virginbet,h2h,2.38,1.58,2026-09-29T13:12:37+00:00
2026-09-29T13:13:46.945822+00:00,tennis_atp_china_open,8e1b1ccdaf9bc406f149cfba186e0337,Alexander Bublik,Jakub Mensik,williamhill,h2h,2.3,1.62,2026-09-29T13:13:22+00:00
2026-09-29T13:13:46.945822+00:00,tennis_atp_china_open,baf8f73b47a664fcede53262ff09e26d,Alexander Zverev,Cameron Norrie,betfair_ex_uk,h2h,1.1,10.0,2026-09-29T13:13:37+00:00
2026-09-29T13:13:46.945822+00:00,tennis_atp_china_open,baf8f73b47a664fcede53262ff09e26d,Alexander Zverev,Cameron Norrie,betano_uk,h2h,1.07,7.0,2026-09-29T13:13:04+00:00
2026-09-29T13:13:46.945822+00:00,tennis_atp_china_open,baf8f73b47a664fcede53262ff09e26d,Alexander Zverev,Cameron Norrie,betfair_sb_uk,h2h,1.06,9.0,2026-09-29T13:12:52+00:00
2026-09-29T13:13:46.945822+00:00,tennis_atp_china_open,baf8f73b47a664fcede53262ff09e26d,Alexander Zverev,Cameron Norrie,betvictor,h2h,1.07,7.0,2026-09-29T13:13:06+00:00
2026-09-29T13:13:46.945822+00:00,tennis_atp_china_open,baf8f73b47a664fcede53262ff09e26d,Alexander Zverev,Cameron Norrie,betway,h2h,1.07,8.5,2026-09-29T13:12:52+00:00
2026-09-29T13:13:46.945822+00:00,tennis_atp_china_open,baf8f73b47a664fcede53262ff09e26d,Alexander Zverev,Cameron Norrie,boylesports,h2h,1.1,7.5,2026-09-29T13:11:47+00:00
2026-09-29T13:13:46.945822+00:00,tennis_atp_china_open,baf8f73b47a664fcede53262ff09e26d,Alexander Zverev,Cameron Norrie,casumo,h2h,1.05,10.0,2026-09-29T13:12:52+00:00
2026-09-29T13:13:46.945822+00:00,tennis_atp_china_open,baf8f73b47a664fcede53262ff09e26d,Alexander Zverev,Cameron Norrie,coral,h2h,1.07,8.5,2026-09-29T13:12:36+00:00
2026-09-29T13:13:46.945822+00:00,tennis_atp_china_open,baf8f73b47a664fcede53262ff09e26d,Alexander Zverev,Cameron Norrie,grosvenor,h2h,1.05,10.0,2026-09-29T13:13:22+00:00
2026-09-29T13:13:46.945822+00:00,tennis_atp_china_open,baf8f73b47a664fcede53262ff09e26d,Alexander Zverev,Cameron Norrie,ladbrokes_uk,h2h,1.07,8.5,2026-09-29T13:13:22+00:00
2026-09-29T13:13:46.945822+00:00,tennis_atp_china_open,baf8f73b47a664fcede53262ff09e26d,Alexander Zverev,Cameron Norrie,leovegas,h2h,1.05,7.6,2026-09-29T13:12:53+00:00
2026-09-29T13:13:46.945822+00:00,tennis_atp_china_open,baf8f73b47a664fcede53262ff09e26d,Alexander Zverev,Cameron Norrie,livescorebet,h2h,1.05,10.0,2026-09-29T13:12:37+00:00
2026-09-29T13:13:46.945822+00:00,tennis_atp_china_open,baf8f73b47a664fcede53262ff09e26d,Alexander Zverev,Cameron Norrie,matchbook,h2h,1.1,10.0,2026-09-29T13:13:39+00:00
2026-09-29T13:13:46.945822+00:00,tennis_atp_china_open,baf8f73b47a664fcede53262ff09e26d,Alexander Zverev,Cameron Norrie,paddypower,h2h,1.05,8.5,2026-09-29T13:12:24+00:00
2026-09-29T13:13:46.945822+00:00,tennis_atp_china_open,baf8f73b47a664fcede53262ff09e26d,Alexander Zverev,Cameron Norrie,skybet,h2h,1.05,8.5,2026-09-29T13:12:46+00:00
2026-09-29T13:13:46.945822+00:00,tennis_atp_china_open,baf8f73b47a664fcede53262ff09e26d,Alexander Zverev,Cameron Norrie,smarkets,h2h,1.09,9.6,2026-09-29T13:13:38+00:00
2026-09-29T13:13:46.945822+00:00,tennis_atp_china_open,baf8f73b47a664fcede53262ff09e26d,Alexander Zverev,Cameron Norrie,sport888,h2h,1.05,10.0,2026-09-29T13:13:36+00:00
2026-09-29T13:13:46.945822+00:00,tennis_atp_china_open,baf8f73b47a664fcede53262ff09e26d,Alexander Zverev,Cameron Norrie,unibet_uk,h2h,1.06,7.5,2026-09-29T13:13:38+00:00
2026-09-29T13:13:46.945822+00:00,tennis_atp_china_open,baf8f73b47a664fcede53262ff09e26d,Alexander Zverev,Cameron Norrie,virginbet,h2h,1.05,10.0,2026-09-29T13:12:38+00:00
2026-09-29T13:13:46.945822+00:00,tennis_atp_china_open,baf8f73b47a664fcede53262ff09e26d,Alexander Zverev,Cameron Norrie,williamhill,h2h,1.05,10.0,2026-09-29T13:13:22+00:00
2026-09-29T13:13:46.945822+00:00,tennis_atp_china_open,ef3f453a337c9dae404be4cbf6772441,Tallon Griekspoor,Andrey Rublev,betfair_ex_uk,h2h,2.74,1.56,2026-09-29T13:13:37+00:00
2026-09-29T13:13:46.945822+00:00,tennis_atp_china_open,ef3f453a337c9dae404be4cbf6772441,Tallon Griekspoor,Andrey Rublev,betano_uk,h2h,2.5,1.45,2026-09-29T13:13:04+00:00
2026-09-29T13:13:46.945822+00:00,tennis_atp_china_open,ef3f453a337c9dae404be4cbf6772441,Tallon Griekspoor,Andrey Rublev,betfair_sb_uk,h2h,2.5,1.53,2026-09-29T13:12:52+00:00
2026-09-29T13:13:46.945822+00:00,tennis_atp_china_open,ef3f453a337c9dae404be4cbf6772441,Tallon Griekspoor,Andrey Rublev,betvictor,h2h,2.5,1.45,2026-09-29T13:13:06+00:00
2026-09-29T13:13:46.945822+00:00,tennis_atp_china_open,ef3f453a337c9dae404be4cbf6772441,Tallon Griekspoor,Andrey Rublev,betway,h2h,2.6,1.5,2026-09-29T13:12:52+00:00
2026-09-29T13:13:46.945822+00:00,tennis_atp_china_open,ef3f453a337c9dae404be4cbf6772441,Tallon Griekspoor,Andrey Rublev,boylesports,h2h,2.62,1.5,2026-09-29T13:11:47+00:00
2026-09-29T13:13:46.945822+00:00,tennis_atp_china_open,ef3f453a337c9dae404be4cbf6772441,Tallon Griekspoor,Andrey Rublev,casumo,h2h,2.7,1.47,2026-09-29T13:12:52+00:00
2026-09-29T13:13:46.945822+00:00,tennis_atp_china_open,ef3f453a337c9dae404be4cbf6772441,Tallon Griekspoor,Andrey Rublev,coral,h2h,2.6,1.48,2026-09-29T13:12:36+00:00
2026-09-29T13:13:46.945822+00:00,tennis_atp_china_open,ef3f453a337c9dae404be4cbf6772441,Tallon Griekspoor,Andrey Rublev,grosvenor,h2h,2.7,1.47,2026-09-29T13:13:22+00:00
2026-09-29T13:13:46.945822+00:00,tennis_atp_china_open,ef3f453a337c9dae404be4cbf6772441,Tallon Griekspoor,Andrey Rublev,ladbrokes_uk,h2h,2.6,1.48,2026-09-29T13:13:22+00:00
2026-09-29T13:13:46.945822+00:00,tennis_atp_china_open,ef3f453a337c9dae404be4cbf6772441,Tallon Griekspoor,Andrey Rublev,leovegas,h2h,2.5,1.47,2026-09-29T13:12:53+00:00
2026-09-29T13:13:46.945822+00:00,tennis_atp_china_open,ef3f453a337c9dae404be4cbf6772441,Tallon Griekspoor,Andrey Rublev,livescorebet,h2h,2.7,1.47,2026-09-29T13:12:37+00:00
2026-09-29T13:13:46.945822+00:00,tennis_atp_china_open,ef3f453a337c9dae404be4cbf6772441,Tallon Griekspoor,Andrey Rublev,matchbook,h2h,2.72,1.56,2026-09-29T13:13:39+00:00
2026-09-29T13:13:46.945822+00:00,tennis_atp_china_open,ef3f453a337c9dae404be4cbf6772441,Tallon Griekspoor,Andrey Rublev,paddypower,h2h,2.5,1.5,2026-09-29T13:12:24+00:00
2026-09-29T13:13:46.945822+00:00,tennis_atp_china_open,ef3f453a337c9dae404be4cbf6772441,Tallon Griekspoor,Andrey Rublev,skybet,h2h,2.5,1.5,2026-09-29T13:12:46+00:00
2026-09-29T13:13:46.945822+00:00,tennis_atp_china_open,ef3f453a337c9dae404be4cbf6772441,Tallon Griekspoor,Andrey Rublev,smarkets,h2h,2.7,1.53,2026-09-29T13:13:38+00:00
2026-09-29T13:13:46.945822+00:00,tennis_atp_china_open,ef3f453a337c9dae404be4cbf6772441,Tallon Griekspoor,Andrey Rublev,sport888,h2h,2.6,1.5,2026-09-29T13:13:36+00:00
2026-09-29T13:13:46.945822+00:00,tennis_atp_china_open,ef3f453a337c9dae404be4cbf6772441,Tallon Griekspoor,Andrey Rublev,unibet_uk,h2h,2.55,1.48,2026-09-29T13:13:38+00:00
2026-09-29T13:13:46.945822+00:00,tennis_atp_china_open,ef3f453a337c9dae404be4cbf6772441,Tallon Griekspoor,Andrey Rublev,virginbet,h2h,2.7,1.47,2026-09-29T13:12:38+00:00
2026-09-29T13:13:46.945822+00:00,tennis_atp_china_open,ef3f453a337c9dae404be4cbf6772441,Tallon Griekspoor,Andrey Rublev,williamhill,h2h,2.6,1.5,2026-09-29T13:13:22+00:00
2026-09-29T13:13:46.945822+00:00,tennis_atp_china_open,0538a6a69f027f97e7fc87dac711046e,Botic van de Zandschulp,Francisco Cerundolo,betfair_ex_uk,h2h,1.95,1.76,2026-09-29T13:13:37+00:00
2026-09-29T13:13:46.945822+00:00,tennis_atp_china_open,0538a6a69f027f97e7fc87dac711046e,Botic van de Zandschulp,Francisco Cerundolo,betano_uk,h2h,2.1,1.67,2026-09-29T13:13:04+00:00
2026-09-29T13:13:46.945822+00:00,tennis_atp_china_open,0538a6a69f027f97e7fc87dac711046e,Botic van de Zandschulp,Francisco Cerundolo,betfair_sb_uk,h2h,2.2,1.67,2026-09-29T13:12:52+00:00
2026-09-29T13:13:46.945822+00:00,tennis_atp_china_open,0538a6a69f027f97e7fc87dac711046e,Botic van de Zandschulp,Francisco Cerundolo,betvictor,h2h,2.1,1.67,2026-09-29T13:13:06+00:00
2026-09-29T13:13:46.945822+00:00,tennis_atp_china_open,0538a6a69f027f97e7fc87dac711046e,Botic van de Zandschulp,Francisco Cerundolo,boylesports,h2h,2.2,1.67,2026-09-29T13:11:47+00:00
2026-09-29T13:13:46.945822+00:00,tennis_atp_china_open,0538a6a69f027f97e7fc87dac711046e,Botic van de Zandschulp,Francisco Cerundolo,casumo,h2h,2.12,1.72,2026-09-29T13:12:52+00:00
2026-09-29T13:13:46.945822+00:00,tennis_atp_china_open,0538a6a69f027f97e7fc87dac711046e,Botic van de Zandschulp,Francisco Cerundolo,grosvenor,h2h,2.12,1.72,2026-09-29T13:13:22+00:00
2026-09-29T13:13:46.945822+00:00,tennis_atp_china_open,0538a6a69f027f97e7fc87dac711046e,Botic van de Zandschulp,Francisco Cerundolo,leovegas,h2h,2.15,1.62,2026-09-29T13:12:53+00:00
2026-09-29T13:13:46.945822+00:00,tennis_atp_china_open,0538a6a69f027f97e7fc87dac711046e,Botic van de Zandschulp,Francisco Cerundolo,livescorebet,h2h,2.12,1.72,2026-09-29T13:12:37+00:00
2026-09-29T13:13:46.945822+00:00,tennis_atp_china_open,0538a6a69f027f97e7fc87dac711046e,Botic van de Zandschulp,Francisco Cerundolo,paddypower,h2h,2.2,1.62,2026-09-29T13:12:24+00:00
2026-09-29T13:13:46.945822+00:00,tennis_atp_china_open,0538a6a69f027f97e7fc87dac711046e,Botic van de Zandschulp,Francisco Cerundolo,skybet,h2h,2.2,1.62,2026-09-29T13:12:46+00:00
2026-09-29T13:13:46.945822+00:00,tennis_atp_china_open,0538a6a69f027f97e7fc87dac711046e,Botic van de Zandschulp,Francisco Cerundolo,smarkets,h2h,2.04,1.58,2026-09-29T13:13:38+00:00
2026-09-29T13:13:46.945822+00:00,tennis_atp_china_open,0538a6a69f027f97e7fc87dac711046e,Botic van de Zandschulp,Francisco Cerundolo,sport888,h2h,2.2,1.67,2026-09-29T13:13:36+00:00
2026-09-29T13:13:46.945822+00:00,tennis_atp_china_open,0538a6a69f027f97e7fc87dac711046e,Botic van de Zandschulp,Francisco Cerundolo,virginbet,h2h,2.12,1.72,2026-09-29T13:12:38+00:00
2026-09-29T13:13:46.945822+00:00,tennis_atp_china_open,0538a6a69f027f97e7fc87dac711046e,Botic van de Zandschulp,Francisco Cerundolo,williamhill,h2h,2.2,1.67,2026-09-29T13:13:22+00:00
2026-09-29T13:13:46.945822+00:00,tennis_atp_china_open,d66f1937da5272c6644a583eaa98d7ce,Daniil Medvedev,Pablo Carreno Busta,betfair_ex_uk,h2h,1.06,1.12,2026-09-29T13:13:37+00:00
2026-09-29T13:13:46.945822+00:00,tennis_atp_china_open,d66f1937da5272c6644a583eaa98d7ce,Daniil Medvedev,Pablo Carreno Busta,betano_uk,h2h,1.25,3.6,2026-09-29T13:13:04+00:00
2026-09-29T13:13:46.945822+00:00,tennis_atp_china_open,d66f1937da5272c6644a583eaa98d7ce,Daniil Medvedev,Pablo Carreno Busta,betfair_sb_uk,h2h,1.29,3.5,2026-09-29T13:12:52+00:00
2026-09-29T13:13:46.945822+00:00,tennis_atp_china_open,d66f1937da5272c6644a583eaa98d7ce,Daniil Medvedev,Pablo Carreno Busta,betvictor,h2h,1.25,3.6,2026-09-29T13:13:06+00:00
2026-09-29T13:13:46.945822+00:00,tennis_atp_china_open,d66f1937da5272c6644a583eaa98d7ce,Daniil Medvedev,Pablo Carreno Busta,boylesports,h2h,1.29,3.75,2026-09-29T13:11:47+00:00
2026-09-29T13:13:46.945822+00:00,tennis_atp_china_open,d66f1937da5272c6644a583eaa98d7ce,Daniil Medvedev,Pablo Carreno Busta,casumo,h2h,1.27,3.75,2026-09-29T13:12:52+00:00
2026-09-29T13:13:46.945822+00:00,tennis_atp_china_open,d66f1937da5272c6644a583eaa98d7ce,Daniil Medvedev,Pablo Carreno Busta,grosvenor,h2h,1.27,3.75,2026-09-29T13:13:22+00:00
2026-09-29T13:13:46.945822+00:00,tennis_atp_china_open,d66f1937da5272c6644a583eaa98d7ce,Daniil Medvedev,Pablo Carreno Busta,leovegas,h2h,1.24,3.65,2026-09-29T13:12:53+00:00
2026-09-29T13:13:46.945822+00:00,tennis_atp_china_open,d66f1937da5272c6644a583eaa98d7ce,Daniil Medvedev,Pablo Carreno Busta,livescorebet,h2h,1.27,3.75,2026-09-29T13:12:37+00:00
2026-09-29T13:13:46.945822+00:00,tennis_atp_china_open,d66f1937da5272c6644a583eaa98d7ce,Daniil Medvedev,Pablo Carreno Busta,paddypower,h2h,1.25,3.5,2026-09-29T13:12:24+00:00
2026-09-29T13:13:46.945822+00:00,tennis_atp_china_open,d66f1937da5272c6644a583eaa98d7ce,Daniil Medvedev,Pablo Carreno Busta,skybet,h2h,1.25,3.5,2026-09-29T13:12:46+00:00
2026-09-29T13:13:46.945822+00:00,tennis_atp_china_open,d66f1937da5272c6644a583eaa98d7ce,Daniil Medvedev,Pablo Carreno Busta,smarkets,h2h,1.21,3.35,2026-09-29T13:13:38+00:00
2026-09-29T13:13:46.945822+00:00,tennis_atp_china_open,d66f1937da5272c6644a583eaa98d7ce,Daniil Medvedev,Pablo Carreno Busta,sport888,h2h,1.29,3.6,2026-09-29T13:13:36+00:00
2026-09-29T13:13:46.945822+00:00,tennis_atp_china_open,d66f1937da5272c6644a583eaa98d7ce,Daniil Medvedev,Pablo Carreno Busta,unibet_uk,h2h,1.25,3.7,2026-09-29T13:13:38+00:00
2026-09-29T13:13:46.945822+00:00,tennis_atp_china_open,d66f1937da5272c6644a583eaa98d7ce,Daniil Medvedev,Pablo Carreno Busta,virginbet,h2h,1.27,3.75,2026-09-29T13:12:38+00:00
2026-09-29T13:13:46.945822+00:00,tennis_atp_china_open,d66f1937da5272c6644a583eaa98d7ce,Daniil Medvedev,Pablo Carreno Busta,williamhill,h2h,1.29,3.6,2026-09-29T13:13:22+00:00
2026-09-29T13:13:46.945822+00:00,tennis_atp_china_open,8385aac113ecfb54b50592228c73e06f,Roman Safiullin,Flavio Cobolli,betfair_ex_uk,h2h,2.2,1.8,2026-09-29T13:13:37+00:00
2026-09-29T13:13:46.945822+00:00,tennis_atp_china_open,8385aac113ecfb54b50592228c73e06f,Roman Safiullin,Flavio Cobolli,betano_uk,h2h,2.0,1.73,2026-09-29T13:13:04+00:00
2026-09-29T13:13:46.945822+00:00,tennis_atp_china_open,8385aac113ecfb54b50592228c73e06f,Roman Safiullin,Flavio Cobolli,betfair_sb_uk,h2h,2.1,1.73,2026-09-29T13:12:52+00:00
2026-09-29T13:13:46.945822+00:00,tennis_atp_china_open,8385aac113ecfb54b50592228c73e06f,Roman Safiullin,Flavio Cobolli,betvictor,h2h,2.0,1.73,2026-09-29T13:13:06+00:00
2026-09-29T13:13:46.945822+00:00,tennis_atp_china_open,8385aac113ecfb54b50592228c73e06f,Roman Safiullin,Flavio Cobolli,betway,h2h,2.0,1.8,2026-09-29T13:12:52+00:00
2026-09-29T13:13:46.945822+00:00,tennis_atp_china_open,8385aac113ecfb54b50592228c73e06f,Roman Safiullin,Flavio Cobolli,boylesports,h2h,2.05,1.8,2026-09-29T13:11:47+00:00
2026-09-29T13:13:46.945822+00:00,tennis_atp_china_open,8385aac113ecfb54b50592228c73e06f,Roman Safiullin,Flavio Cobolli,casumo,h2h,2.06,1.77,2026-09-29T13:12:52+00:00
2026-09-29T13:13:46.945822+00:00,tennis_atp_china_open,8385aac113ecfb54b50592228c73e06f,Roman Safiullin,Flavio Cobolli,coral,h2h,2.0,1.75,2026-09-29T13:12:36+00:00
2026-09-29T13:13:46.945822+00:00,tennis_atp_china_open,8385aac113ecfb54b50592228c73e06f,Roman Safiullin,Flavio Cobolli,grosvenor,h2h,2.06,1.77,2026-09-29T13:13:22+00:00
2026-09-29T13:13:46.945822+00:00,tennis_atp_china_open,8385aac113ecfb54b50592228c73e06f,Roman Safiullin,Flavio Cobolli,ladbrokes_uk,h2h,2.0,1.75,2026-09-29T13:13:22+00:00
2026-09-29T13:13:46.945822+00:00,tennis_atp_china_open,8385aac113ecfb54b50592228c73e06f,Roman Safiullin,Flavio Cobolli,leovegas,h2h,1.98,1.75,2026-09-29T13:12:53+00:00
2026-09-29T13:13:46.945822+00:00,tennis_atp_china_open,8385aac113ecfb54b50592228c73e06f,Roman Safiullin,Flavio Cobolli,livescorebet,h2h,2.06,1.77,2026-09-29T13:12:37+00:00
2026-09-29T13:13:46.945822+00:00,tennis_atp_china_open,8385aac113ecfb54b50592228c73e06f,Roman Safiullin,Flavio Cobolli,matchbook,h2h,2.2,1.79,2026-09-29T13:13:39+00:00
2026-09-29T13:13:46.945822+00:00,tennis_atp_china_open,8385aac113ecfb54b50592228c73e06f,Roman Safiullin,Flavio Cobolli,paddypower,h2h,2.1,1.67,2026-09-29T13:12:24+00:00
2026-09-29T13:13:46.945822+00:00,tennis_atp_china_open,8385aac113ecfb54b50592228c73e06f,Roman Safiullin,Flavio Cobolli,skybet,h2h,2.1,1.67,2026-09-29T13:12:46+00:00
2026-09-29T13:13:46.945822+00:00,tennis_atp_china_open,8385aac113ecfb54b50592228c73e06f,Roman Safiullin,Flavio Cobolli,smarkets,h2h,2.18,1.78,2026-09-29T13:13:38+00:00
2026-09-29T13:13:46.945822+00:00,tennis_atp_china_open,8385aac113ecfb54b50592228c73e06f,Roman Safiullin,Flavio Cobolli,sport888,h2h,2.0,1.8,2026-09-29T13:13:36+00:00
2026-09-29T13:13:46.945822+00:00,tennis_atp_china_open,8385aac113ecfb54b50592228c73e06f,Roman Safiullin,Flavio Cobolli,unibet_uk,h2h,1.99,1.76,2026-09-29T13:13:38+00:00
2026-09-29T13:13:46.945822+00:00,tennis_atp_china_open,8385aac113ecfb54b50592228c73e06f,Roman Safiullin,Flavio Cobolli,virginbet,h2h,2.06,1.77,2026-09-29T13:12:38+00:00
2026-09-29T13:13:46.945822+00:00,tennis_atp_china_open,8385aac113ecfb54b50592228c73e06f,Roman Safiullin,Flavio Cobolli,williamhill,h2h,2.0,1.8,2026-09-29T13:13:22+00:00
2026-09-29T13:13:46.945822+00:00,tennis_atp_china_open,726e426c5068e86e57b7f81891e0136e,Learner Tien,Hubert Hurkacz,betfair_ex_uk,h2h,1.65,2.5,2026-09-29T13:13:37+00:00
2026-09-29T13:13:46.945822+00:00,tennis_atp_china_open,726e426c5068e86e57b7f81891e0136e,Learner Tien,Hubert Hurkacz,betano_uk,h2h,1.57,2.25,2026-09-29T13:13:04+00:00
2026-09-29T13:13:46.945822+00:00,tennis_atp_china_open,726e426c5068e86e57b7f81891e0136e,Learner Tien,Hubert Hurkacz,betvictor,h2h,1.57,2.25,2026-09-29T13:13:06+00:00
2026-09-29T13:13:46.945822+00:00,tennis_atp_china_open,726e426c5068e86e57b7f81891e0136e,Learner Tien,Hubert Hurkacz,betway,h2h,1.6,2.3,2026-09-29T13:12:52+00:00
2026-09-29T13:13:46.945822+00:00,tennis_atp_china_open,726e426c5068e86e57b7f81891e0136e,Learner Tien,Hubert Hurkacz,boylesports,h2h,1.62,2.3,2026-09-29T13:11:47+00:00
2026-09-29T13:13:46.945822+00:00,tennis_atp_china_open,726e426c5068e86e57b7f81891e0136e,Learner Tien,Hubert Hurkacz,casumo,h2h,1.63,2.28,2026-09-29T13:12:52+00:00
2026-09-29T13:13:46.945822+00:00,tennis_atp_china_open,726e426c5068e86e57b7f81891e0136e,Learner Tien,Hubert Hurkacz,coral,h2h,1.6,2.2,2026-09-29T13:12:36+00:00
2026-09-29T13:13:46.945822+00:00,tennis_atp_china_open,726e426c5068e86e57b7f81891e0136e,Learner Tien,Hubert Hurkacz,grosvenor,h2h,1.63,2.28,2026-09-29T13:13:22+00:00
2026-09-29T13:13:46.945822+00:00,tennis_atp_china_open,726e426c5068e86e57b7f81891e0136e,Learner Tien,Hubert Hurkacz,ladbrokes_uk,h2h,1.6,2.2,2026-09-29T13:13:22+00:00
2026-09-29T13:13:46.945822+00:00,tennis_atp_china_open,726e426c5068e86e57b7f81891e0136e,Learner Tien,Hubert Hurkacz,leovegas,h2h,1.6,2.2,2026-09-29T13:12:53+00:00
2026-09-29T13:13:46.945822+00:00,tennis_atp_china_open,726e426c5068e86e57b7f81891e0136e,Learner Tien,Hubert Hurkacz,livescorebet,h2h,1.63,2.28,2026-09-29T13:12:37+00:00
2026-09-29T13:13:46.945822+00:00,tennis_atp_china_open,726e426c5068e86e57b7f81891e0136e,Learner Tien,Hubert Hurkacz,matchbook,h2h,1.64,2.5,2026-09-29T13:13:39+00:00
2026-09-29T13:13:46.945822+00:00,tennis_atp_china_open,726e426c5068e86e57b7f81891e0136e,Learner Tien,Hubert Hurkacz,paddypower,h2h,1.57,2.25,2026-09-29T13:12:24+00:00
2026-09-29T13:13:46.945822+00:00,tennis_atp_china_open,726e426c5068e86e57b7f81891e0136e,Learner Tien,Hubert Hurkacz,skybet,h2h,1.57,2.25,2026-09-29T13:12:46+00:00
2026-09-29T13:13:46.945822+00:00,tennis_atp_china_open,726e426c5068e86e57b7f81891e0136e,Learner Tien,Hubert Hurkacz,smarkets,h2h,1.64,2.48,2026-09-29T13:13:38+00:00
2026-09-29T13:13:46.945822+00:00,tennis_atp_china_open,726e426c5068e86e57b7f81891e0136e,Learner Tien,Hubert Hurkacz,sport888,h2h,1.61,2.3,2026-09-29T13:13:36+00:00
2026-09-29T13:13:46.945822+00:00,tennis_atp_china_open,726e426c5068e86e57b7f81891e0136e,Learner Tien,Hubert Hurkacz,unibet_uk,h2h,1.6,2.25,2026-09-29T13:13:38+00:00
2026-09-29T13:13:46.945822+00:00,tennis_atp_china_open,726e426c5068e86e57b7f81891e0136e,Learner Tien,Hubert Hurkacz,virginbet,h2h,1.63,2.28,2026-09-29T13:12:38+00:00
2026-09-29T13:13:46.945822+00:00,tennis_atp_china_open,726e426c5068e86e57b7f81891e0136e,Learner Tien,Hubert Hurkacz,williamhill,h2h,1.62,2.3,2026-09-29T13:13:22+00:00
2026-09-29T13:13:46.945822+00:00,tennis_atp_china_open,0c39522d563ce8eb6ce47ba0d07b50d8,Ignacio Buse,Quentin Halys,betfair_ex_uk,h2h,2.12,1.85,2026-09-29T13:13:37+00:00
2026-09-29T13:13:46.945822+00:00,tennis_atp_china_open,0c39522d563ce8eb6ce47ba0d07b50d8,Ignacio Buse,Quentin Halys,betano_uk,h2h,1.95,1.75,2026-09-29T13:13:04+00:00
2026-09-29T13:13:46.945822+00:00,tennis_atp_china_open,0c39522d563ce8eb6ce47ba0d07b50d8,Ignacio Buse,Quentin Halys,betvictor,h2h,1.95,1.75,2026-09-29T13:13:06+00:00
2026-09-29T13:13:46.945822+00:00,tennis_atp_china_open,0c39522d563ce8eb6ce47ba0d07b50d8,Ignacio Buse,Quentin Halys,betway,h2h,2.0,1.8,2026-09-29T13:12:52+00:00
2026-09-29T13:13:46.945822+00:00,tennis_atp_china_open,0c39522d563ce8eb6ce47ba0d07b50d8,Ignacio Buse,Quentin Halys,boylesports,h2h,2.0,1.83,2026-09-29T13:11:47+00:00
2026-09-29T13:13:46.945822+00:00,tennis_atp_china_open,0c39522d563ce8eb6ce47ba0d07b50d8,Ignacio Buse,Quentin Halys,casumo,h2h,1.97,1.82,2026-09-29T13:12:52+00:00
2026-09-29T13:13:46.945822+00:00,tennis_atp_china_open,0c39522d563ce8eb6ce47ba0d07b50d8,Ignacio Buse,Quentin Halys,coral,h2h,1.95,1.8,2026-09-29T13:12:36+00:00
2026-09-29T13:13:46.945822+00:00,tennis_atp_china_open,0c39522d563ce8eb6ce47ba0d07b50d8,Ignacio Buse,Quentin Halys,grosvenor,h2h,1.97,1.82,2026-09-29T13:13:22+00:00
2026-09-29T13:13:46.945822+00:00,tennis_atp_china_open,0c39522d563ce8eb6ce47ba0d07b50d8,Ignacio Buse,Quentin Halys,ladbrokes_uk,h2h,1.95,1.8,2026-09-29T13:13:22+00:00
2026-09-29T13:13:46.945822+00:00,tennis_atp_china_open,0c39522d563ce8eb6ce47ba0d07b50d8,Ignacio Buse,Quentin Halys,leovegas,h2h,1.95,1.75,2026-09-29T13:12:53+00:00
2026-09-29T13:13:46.945822+00:00,tennis_atp_china_open,0c39522d563ce8eb6ce47ba0d07b50d8,Ignacio Buse,Quentin Halys,livescorebet,h2h,1.98,1.82,2026-09-29T13:12:37+00:00
2026-09-29T13:13:46.945822+00:00,tennis_atp_china_open,0c39522d563ce8eb6ce47ba0d07b50d8,Ignacio Buse,Quentin Halys,matchbook,h2h,2.12,1.85,2026-09-29T13:13:39+00:00
2026-09-29T13:13:46.945822+00:00,tennis_atp_china_open,0c39522d563ce8eb6ce47ba0d07b50d8,Ignacio Buse,Quentin Halys,paddypower,h2h,2.0,1.73,2026-09-29T13:12:24+00:00
2026-09-29T13:13:46.945822+00:00,tennis_atp_china_open,0c39522d563ce8eb6ce47ba0d07b50d8,Ignacio Buse,Quentin Halys,skybet,h2h,2.0,1.73,2026-09-29T13:12:46+00:00
2026-09-29T13:13:46.945822+00:00,tennis_atp_china_open,0c39522d563ce8eb6ce47ba0d07b50d8,Ignacio Buse,Quentin Halys,smarkets,h2h,2.1,1.83,2026-09-29T13:13:38+00:00
2026-09-29T13:13:46.945822+00:00,tennis_atp_china_open,0c39522d563ce8eb6ce47ba0d07b50d8,Ignacio Buse,Quentin Halys,sport888,h2h,2.0,1.8,2026-09-29T13:13:36+00:00
2026-09-29T13:13:46.945822+00:00,tennis_atp_china_open,0c39522d563ce8eb6ce47ba0d07b50d8,Ignacio Buse,Quentin Halys,unibet_uk,h2h,1.97,1.78,2026-09-29T13:13:38+00:00
2026-09-29T13:13:46.945822+00:00,tennis_atp_china_open,0c39522d563ce8eb6ce47ba0d07b50d8,Ignacio Buse,Quentin Halys,virginbet,h2h,1.98,1.82,2026-09-29T13:12:38+00:00
2026-09-29T13:13:46.945822+00:00,tennis_atp_china_open,0c39522d563ce8eb6ce47ba0d07b50d8,Ignacio Buse,Quentin Halys,williamhill,h2h,2.0,1.8,2026-09-29T13:13:22+00:00
2026-09-29T13:13:46.945822+00:00,tennis_atp_china_open,c1bae50988ffee351524f95dacfa76f7,Juncheng Shang,Sebastian Baez,betfair_ex_uk,h2h,1.69,2.38,2026-09-29T13:13:37+00:00
2026-09-29T13:13:46.945822+00:00,tennis_atp_china_open,c1bae50988ffee351524f95dacfa76f7,Juncheng Shang,Sebastian Baez,betano_uk,h2h,1.61,2.2,2026-09-29T13:13:04+00:00
2026-09-29T13:13:46.945822+00:00,tennis_atp_china_open,c1bae50988ffee351524f95dacfa76f7,Juncheng Shang,Sebastian Baez,betfair_sb_uk,h2h,1.62,2.25,2026-09-29T13:12:52+00:00
2026-09-29T13:13:46.945822+00:00,tennis_atp_china_open,c1bae50988ffee351524f95dacfa76f7,Juncheng Shang,Sebastian Baez,betvictor,h2h,1.61,2.2,2026-09-29T13:13:06+00:00
2026-09-29T13:13:46.945822+00:00,tennis_atp_china_open,c1bae50988ffee351524f95dacfa76f7,Juncheng Shang,Sebastian Baez,betway,h2h,1.65,2.25,2026-09-29T13:12:52+00:00
2026-09-29T13:13:46.945822+00:00,tennis_atp_china_open,c1bae50988ffee351524f95dacfa76f7,Juncheng Shang,Sebastian Baez,boylesports,h2h,1.67,2.2,2026-09-29T13:11:47+00:00
2026-09-29T13:13:46.945822+00:00,tennis_atp_china_open,c1bae50988ffee351524f95dacfa76f7,Juncheng Shang,Sebastian Baez,casumo,h2h,1.68,2.18,2026-09-29T13:12:52+00:00
2026-09-29T13:13:46.945822+00:00,tennis_atp_china_open,c1bae50988ffee351524f95dacfa76f7,Juncheng Shang,Sebastian Baez,coral,h2h,1.65,2.15,2026-09-29T13:12:36+00:00
2026-09-29T13:13:46.945822+00:00,tennis_atp_china_open,c1bae50988ffee351524f95dacfa76f7,Juncheng Shang,Sebastian Baez,grosvenor,h2h,1.68,2.18,2026-09-29T13:13:22+00:00
2026-09-29T13:13:46.945822+00:00,tennis_atp_china_open,c1bae50988ffee351524f95dacfa76f7,Juncheng Shang,Sebastian Baez,ladbrokes_uk,h2h,1.65,2.15,2026-09-29T13:13:22+00:00
2026-09-29T13:13:46.945822+00:00,tennis_atp_china_open,c1bae50988ffee351524f95dacfa76f7,Juncheng Shang,Sebastian Baez,leovegas,h2h,1.62,2.15,2026-09-29T13:12:52+00:00
2026-09-29T13:13:46.945822+00:00,tennis_atp_china_open,c1bae50988ffee351524f95dacfa76f7,Juncheng Shang,Sebastian Baez,livescorebet,h2h,1.68,2.18,2026-09-29T13:12:37+00:00
2026-09-29T13:13:46.945822+00:00,tennis_atp_china_open,c1bae50988ffee351524f95dacfa76f7,Juncheng Shang,Sebastian Baez,matchbook,h2h,1.69,2.4,2026-09-29T13:13:39+00:00
2026-09-29T13:13:46.945822+00:00,tennis_atp_china_open,c1bae50988ffee351524f95dacfa76f7,Juncheng Shang,Sebastian Baez,paddypower,h2h,1.57,2.25,2026-09-29T13:12:24+00:00
2026-09-29T13:13:46.945822+00:00,tennis_atp_china_open,c1bae50988ffee351524f95dacfa76f7,Juncheng Shang,Sebastian Baez,skybet,h2h,1.57,2.25,2026-09-29T13:12:46+00:00
2026-09-29T13:13:46.945822+00:00,tennis_atp_china_open,c1bae50988ffee351524f95dacfa76f7,Juncheng Shang,Sebastian Baez,smarkets,h2h,1.67,2.36,2026-09-29T13:13:38+00:00
2026-09-29T13:13:46.945822+00:00,tennis_atp_china_open,c1bae50988ffee351524f95dacfa76f7,Juncheng Shang,Sebastian Baez,sport888,h2h,1.67,2.2,2026-09-29T13:13:36+00:00
2026-09-29T13:13:46.945822+00:00,tennis_atp_china_open,c1bae50988ffee351524f95dacfa76f7,Juncheng Shang,Sebastian Baez,unibet_uk,h2h,1.65,2.14,2026-09-29T13:13:38+00:00
2026-09-29T13:13:46.945822+00:00,tennis_atp_china_open,c1bae50988ffee351524f95dacfa76f7,Juncheng Shang,Sebastian Baez,virginbet,h2h,1.68,2.18,2026-09-29T13:12:38+00:00
2026-09-29T13:13:46.945822+00:00,tennis_atp_china_open,c1bae50988ffee351524f95dacfa76f7,Juncheng Shang,Sebastian Baez,williamhill,h2h,1.67,2.2,2026-09-29T13:13:22+00:00
2026-09-29T13:13:46.945822+00:00,tennis_atp_japan_open,8b509584519687ab6a46dc6b1f989a58,Valentin Vacherot,Alexander Blockx,betfair_ex_uk,h2h,2.28,1.76,2026-09-29T13:13:36+00:00
2026-09-29T13:13:46.945822+00:00,tennis_atp_japan_open,8b509584519687ab6a46dc6b1f989a58,Valentin Vacherot,Alexander Blockx,betano_uk,h2h,2.1,1.67,2026-09-29T13:13:04+00:00
2026-09-29T13:13:46.945822+00:00,tennis_atp_japan_open,8b509584519687ab6a46dc6b1f989a58,Valentin Vacherot,Alexander Blockx,betfair_sb_uk,h2h,2.1,1.73,2026-09-29T13:12:46+00:00
2026-09-29T13:13:46.945822+00:00,tennis_atp_japan_open,8b509584519687ab6a46dc6b1f989a58,Valentin Vacherot,Alexander Blockx,betvictor,h2h,2.1,1.67,2026-09-29T13:07:21+00:00
2026-09-29T13:13:46.945822+00:00,tennis_atp_japan_open,8b509584519687ab6a46dc6b1f989a58,Valentin Vacherot,Alexander Blockx,betway,h2h,2.1,1.73,2026-09-29T13:12:53+00:00
2026-09-29T13:13:46.945822+00:00,tennis_atp_japan_open,8b509584519687ab6a46dc6b1f989a58,Valentin Vacherot,Alexander Blockx,boylesports,h2h,2.15,1.73,2026-09-29T13:13:23+00:00
2026-09-29T13:13:46.945822+00:00,tennis_atp_japan_open,8b509584519687ab6a46dc6b1f989a58,Valentin Vacherot,Alexander Blockx,casumo,h2h,2.17,1.68,2026-09-29T13:13:22+00:00
2026-09-29T13:13:46.945822+00:00,tennis_atp_japan_open,8b509584519687ab6a46dc6b1f989a58,Valentin Vacherot,Alexander Blockx,coral,h2h,2.15,1.65,2026-09-29T13:13:37+00:00
2026-09-29T13:13:46.945822+00:00,tennis_atp_japan_open,8b509584519687ab6a46dc6b1f989a58,Valentin Vacherot,Alexander Blockx,grosvenor,h2h,2.17,1.68,2026-09-29T13:12:53+00:00
2026-09-29T13:13:46.945822+00:00,tennis_atp_japan_open,8b509584519687ab6a46dc6b1f989a58,Valentin Vacherot,Alexander Blockx,ladbrokes_uk,h2h,2.15,1.65,2026-09-29T13:13:36+00:00
2026-09-29T13:13:46.945822+00:00,tennis_atp_japan_open,8b509584519687ab6a46dc6b1f989a58,Valentin Vacherot,Alexander Blockx,leovegas,h2h,2.08,1.67,2026-09-29T13:13:23+00:00
2026-09-29T13:13:46.945822+00:00,tennis_atp_japan_open,8b509584519687ab6a46dc6b1f989a58,Valentin Vacherot,Alexander Blockx,livescorebet,h2h,2.17,1.68,2026-09-29T13:13:21+00:00
2026-09-29T13:13:46.945822+00:00,tennis_atp_japan_open,8b509584519687ab6a46dc6b1f989a58,Valentin Vacherot,Alexander Blockx,matchbook,h2h,2.28,1.76,2026-09-29T13:13:38+00:00
2026-09-29T13:13:46.945822+00:00,tennis_atp_japan_open,8b509584519687ab6a46dc6b1f989a58,Valentin Vacherot,Alexander Blockx,paddypower,h2h,2.1,1.67,2026-09-29T13:12:21+00:00
2026-09-29T13:13:46.945822+00:00,tennis_atp_japan_open,8b509584519687ab6a46dc6b1f989a58,Valentin Vacherot,Alexander Blockx,skybet,h2h,2.1,1.67,2026-09-29T13:13:21+00:00
2026-09-29T13:13:46.945822+00:00,tennis_atp_japan_open,8b509584519687ab6a46dc6b1f989a58,Valentin Vacherot,Alexander Blockx,sport888,h2h,2.1,1.73,2026-09-29T13:13:37+00:00
2026-09-29T13:13:46.945822+00:00,tennis_atp_japan_open,8b509584519687ab6a46dc6b1f989a58,Valentin Vacherot,Alexander Blockx,unibet_uk,h2h,2.11,1.7,2026-09-29T13:12:54+00:00
2026-09-29T13:13:46.945822+00:00,tennis_atp_japan_open,8b509584519687ab6a46dc6b1f989a58,Valentin Vacherot,Alexander Blockx,virginbet,h2h,2.17,1.68,2026-09-29T13:13:22+00:00
2026-09-29T13:13:46.945822+00:00,tennis_atp_japan_open,8b509584519687ab6a46dc6b1f989a58,Valentin Vacherot,Alexander Blockx,williamhill,h2h,2.1,1.73,2026-09-29T13:13:22+00:00
2026-09-29T13:13:46.945822+00:00,tennis_atp_japan_open,0bff2782ee07c23760cbe4d2877ea6b4,Jiri Lehecka,Zizou Bergs,betfair_ex_uk,h2h,1.41,3.35,2026-09-29T13:13:36+00:00
2026-09-29T13:13:46.945822+00:00,tennis_atp_japan_open,0bff2782ee07c23760cbe4d2877ea6b4,Jiri Lehecka,Zizou Bergs,betano_uk,h2h,1.36,2.9,2026-09-29T13:13:04+00:00
2026-09-29T13:13:46.945822+00:00,tennis_atp_japan_open,0bff2782ee07c23760cbe4d2877ea6b4,Jiri Lehecka,Zizou Bergs,betfair_sb_uk,h2h,1.36,3.0,2026-09-29T13:12:46+00:00
2026-09-29T13:13:46.945822+00:00,tennis_atp_japan_open,0bff2782ee07c23760cbe4d2877ea6b4,Jiri Lehecka,Zizou Bergs,betvictor,h2h,1.36,2.9,2026-09-29T13:07:21+00:00
2026-09-29T13:13:46.945822+00:00,tennis_atp_japan_open,0bff2782ee07c23760cbe4d2877ea6b4,Jiri Lehecka,Zizou Bergs,betway,h2h,1.35,3.2,2026-09-29T13:12:53+00:00
2026-09-29T13:13:46.945822+00:00,tennis_atp_japan_open,0bff2782ee07c23760cbe4d2877ea6b4,Jiri Lehecka,Zizou Bergs,boylesports,h2h,1.36,3.1,2026-09-29T13:13:23+00:00
2026-09-29T13:13:46.945822+00:00,tennis_atp_japan_open,0bff2782ee07c23760cbe4d2877ea6b4,Jiri Lehecka,Zizou Bergs,casumo,h2h,1.34,3.25,2026-09-29T13:13:22+00:00
2026-09-29T13:13:46.945822+00:00,tennis_atp_japan_open,0bff2782ee07c23760cbe4d2877ea6b4,Jiri Lehecka,Zizou Bergs,coral,h2h,1.35,3.0,2026-09-29T13:13:37+00:00
2026-09-29T13:13:46.945822+00:00,tennis_atp_japan_open,0bff2782ee07c23760cbe4d2877ea6b4,Jiri Lehecka,Zizou Bergs,grosvenor,h2h,1.34,3.25,2026-09-29T13:12:53+00:00
2026-09-29T13:13:46.945822+00:00,tennis_atp_japan_open,0bff2782ee07c23760cbe4d2877ea6b4,Jiri Lehecka,Zizou Bergs,ladbrokes_uk,h2h,1.35,3.0,2026-09-29T13:13:36+00:00
2026-09-29T13:13:46.945822+00:00,tennis_atp_japan_open,0bff2782ee07c23760cbe4d2877ea6b4,Jiri Lehecka,Zizou Bergs,leovegas,h2h,1.35,3.0,2026-09-29T13:13:23+00:00
2026-09-29T13:13:46.945822+00:00,tennis_atp_japan_open,0bff2782ee07c23760cbe4d2877ea6b4,Jiri Lehecka,Zizou Bergs,livescorebet,h2h,1.34,3.25,2026-09-29T13:13:21+00:00
2026-09-29T13:13:46.945822+00:00,tennis_atp_japan_open,0bff2782ee07c23760cbe4d2877ea6b4,Jiri Lehecka,Zizou Bergs,matchbook,h2h,1.4,3.4,2026-09-29T13:13:37+00:00
2026-09-29T13:13:46.945822+00:00,tennis_atp_japan_open,0bff2782ee07c23760cbe4d2877ea6b4,Jiri Lehecka,Zizou Bergs,paddypower,h2h,1.33,3.0,2026-09-29T13:12:21+00:00
2026-09-29T13:13:46.945822+00:00,tennis_atp_japan_open,0bff2782ee07c23760cbe4d2877ea6b4,Jiri Lehecka,Zizou Bergs,skybet,h2h,1.33,3.0,2026-09-29T13:13:21+00:00
2026-09-29T13:13:46.945822+00:00,tennis_atp_japan_open,0bff2782ee07c23760cbe4d2877ea6b4,Jiri Lehecka,Zizou Bergs,sport888,h2h,1.36,3.1,2026-09-29T13:13:37+00:00
2026-09-29T13:13:46.945822+00:00,tennis_atp_japan_open,0bff2782ee07c23760cbe4d2877ea6b4,Jiri Lehecka,Zizou Bergs,unibet_uk,h2h,1.37,3.05,2026-09-29T13:12:54+00:00
2026-09-29T13:13:46.945822+00:00,tennis_atp_japan_open,0bff2782ee07c23760cbe4d2877ea6b4,Jiri Lehecka,Zizou Bergs,virginbet,h2h,1.34,3.25,2026-09-29T13:13:22+00:00
2026-09-29T13:13:46.945822+00:00,tennis_atp_japan_open,0bff2782ee07c23760cbe4d2877ea6b4,Jiri Lehecka,Zizou Bergs,williamhill,h2h,1.36,3.1,2026-09-29T13:13:22+00:00
2026-09-29T13:13:46.945822+00:00,tennis_atp_japan_open,65d2de2fdc31755b2b993f5176bbb836,Alejandro Tabilo,Tommy Paul,betfair_ex_uk,h2h,3.35,1.4,2026-09-29T13:13:36+00:00
2026-09-29T13:13:46.945822+00:00,tennis_atp_japan_open,65d2de2fdc31755b2b993f5176bbb836,Alejandro Tabilo,Tommy Paul,betano_uk,h2h,3.0,1.33,2026-09-29T13:13:04+00:00
2026-09-29T13:13:46.945822+00:00,tennis_atp_japan_open,65d2de2fdc31755b2b993f5176bbb836,Alejandro Tabilo,Tommy Paul,betfair_sb_uk,h2h,3.0,1.36,2026-09-29T13:12:46+00:00
2026-09-29T13:13:46.945822+00:00,tennis_atp_japan_open,65d2de2fdc31755b2b993f5176bbb836,Alejandro Tabilo,Tommy Paul,betvictor,h2h,3.0,1.33,2026-09-29T13:07:21+00:00
2026-09-29T13:13:46.945822+00:00,tennis_atp_japan_open,65d2de2fdc31755b2b993f5176bbb836,Alejandro Tabilo,Tommy Paul,betway,h2h,3.0,1.38,2026-09-29T13:12:54+00:00
2026-09-29T13:13:46.945822+00:00,tennis_atp_japan_open,65d2de2fdc31755b2b993f5176bbb836,Alejandro Tabilo,Tommy Paul,boylesports,h2h,3.2,1.36,2026-09-29T13:13:23+00:00
2026-09-29T13:13:46.945822+00:00,tennis_atp_japan_open,65d2de2fdc31755b2b993f5176bbb836,Alejandro Tabilo,Tommy Paul,casumo,h2h,3.2,1.36,2026-09-29T13:13:22+00:00
2026-09-29T13:13:46.945822+00:00,tennis_atp_japan_open,65d2de2fdc31755b2b993f5176bbb836,Alejandro Tabilo,Tommy Paul,coral,h2h,3.1,1.35,2026-09-29T13:13:37+00:00
2026-09-29T13:13:46.945822+00:00,tennis_atp_japan_open,65d2de2fdc31755b2b993f5176bbb836,Alejandro Tabilo,Tommy Paul,grosvenor,h2h,3.2,1.36,2026-09-29T13:12:53+00:00
2026-09-29T13:13:46.945822+00:00,tennis_atp_japan_open,65d2de2fdc31755b2b993f5176bbb836,Alejandro Tabilo,Tommy Paul,ladbrokes_uk,h2h,3.1,1.35,2026-09-29T13:13:36+00:00
2026-09-29T13:13:46.945822+00:00,tennis_atp_japan_open,65d2de2fdc31755b2b993f5176bbb836,Alejandro Tabilo,Tommy Paul,leovegas,h2h,3.1,1.33,2026-09-29T13:13:23+00:00
2026-09-29T13:13:46.945822+00:00,tennis_atp_japan_open,65d2de2fdc31755b2b993f5176bbb836,Alejandro Tabilo,Tommy Paul,livescorebet,h2h,3.2,1.36,2026-09-29T13:13:21+00:00
2026-09-29T13:13:46.945822+00:00,tennis_atp_japan_open,65d2de2fdc31755b2b993f5176bbb836,Alejandro Tabilo,Tommy Paul,matchbook,h2h,3.4,1.4,2026-09-29T13:13:38+00:00
2026-09-29T13:13:46.945822+00:00,tennis_atp_japan_open,65d2de2fdc31755b2b993f5176bbb836,Alejandro Tabilo,Tommy Paul,paddypower,h2h,3.0,1.33,2026-09-29T13:12:21+00:00
2026-09-29T13:13:46.945822+00:00,tennis_atp_japan_open,65d2de2fdc31755b2b993f5176bbb836,Alejandro Tabilo,Tommy Paul,skybet,h2h,3.0,1.33,2026-09-29T13:13:21+00:00
2026-09-29T13:13:46.945822+00:00,tennis_atp_japan_open,65d2de2fdc31755b2b993f5176bbb836,Alejandro Tabilo,Tommy Paul,sport888,h2h,3.1,1.36,2026-09-29T13:13:37+00:00
2026-09-29T13:13:46.945822+00:00,tennis_atp_japan_open,65d2de2fdc31755b2b993f5176bbb836,Alejandro Tabilo,Tommy Paul,unibet_uk,h2h,3.25,1.33,2026-09-29T13:12:54+00:00
2026-09-29T13:13:46.945822+00:00,tennis_atp_japan_open,65d2de2fdc31755b2b993f5176bbb836,Alejandro Tabilo,Tommy Paul,virginbet,h2h,3.2,1.36,2026-09-29T13:13:22+00:00
2026-09-29T13:13:46.945822+00:00,tennis_atp_japan_open,65d2de2fdc31755b2b993f5176bbb836,Alejandro Tabilo,Tommy Paul,williamhill,h2h,3.1,1.36,2026-09-29T13:13:22+00:00
2026-09-29T13:13:46.945822+00:00,tennis_atp_japan_open,de4c813cd2aaa6863d98ebc68a30defc,Tomas Martin Etcheverry,Stefanos Tsitsipas,betfair_ex_uk,h2h,3.45,1.37,2026-09-29T13:13:36+00:00
2026-09-29T13:13:46.945822+00:00,tennis_atp_japan_open,de4c813cd2aaa6863d98ebc68a30defc,Tomas Martin Etcheverry,Stefanos Tsitsipas,betano_uk,h2h,3.0,1.33,2026-09-29T13:13:04+00:00
2026-09-29T13:13:46.945822+00:00,tennis_atp_japan_open,de4c813cd2aaa6863d98ebc68a30defc,Tomas Martin Etcheverry,Stefanos Tsitsipas,betfair_sb_uk,h2h,3.25,1.33,2026-09-29T13:12:46+00:00
2026-09-29T13:13:46.945822+00:00,tennis_atp_japan_open,de4c813cd2aaa6863d98ebc68a30defc,Tomas Martin Etcheverry,Stefanos Tsitsipas,betvictor,h2h,3.0,1.33,2026-09-29T13:07:21+00:00
2026-09-29T13:13:46.945822+00:00,tennis_atp_japan_open,de4c813cd2aaa6863d98ebc68a30defc,Tomas Martin Etcheverry,Stefanos Tsitsipas,betway,h2h,3.2,1.35,2026-09-29T13:12:54+00:00
2026-09-29T13:13:46.945822+00:00,tennis_atp_japan_open,de4c813cd2aaa6863d98ebc68a30defc,Tomas Martin Etcheverry,Stefanos Tsitsipas,boylesports,h2h,3.4,1.33,2026-09-29T13:13:23+00:00
2026-09-29T13:13:46.945822+00:00,tennis_atp_japan_open,de4c813cd2aaa6863d98ebc68a30defc,Tomas Martin Etcheverry,Stefanos Tsitsipas,casumo,h2h,3.25,1.35,2026-09-29T13:13:22+00:00
2026-09-29T13:13:46.945822+00:00,tennis_atp_japan_open,de4c813cd2aaa6863d98ebc68a30defc,Tomas Martin Etcheverry,Stefanos Tsitsipas,coral,h2h,3.0,1.35,2026-09-29T13:13:37+00:00
2026-09-29T13:13:46.945822+00:00,tennis_atp_japan_open,de4c813cd2aaa6863d98ebc68a30defc,Tomas Martin Etcheverry,Stefanos Tsitsipas,grosvenor,h2h,3.25,1.35,2026-09-29T13:12:53+00:00
2026-09-29T13:13:46.945822+00:00,tennis_atp_japan_open,de4c813cd2aaa6863d98ebc68a30defc,Tomas Martin Etcheverry,Stefanos Tsitsipas,ladbrokes_uk,h2h,3.0,1.35,2026-09-29T13:13:36+00:00
2026-09-29T13:13:46.945822+00:00,tennis_atp_japan_open,de4c813cd2aaa6863d98ebc68a30defc,Tomas Martin Etcheverry,Stefanos Tsitsipas,leovegas,h2h,3.15,1.3,2026-09-29T13:13:23+00:00
2026-09-29T13:13:46.945822+00:00,tennis_atp_japan_open,de4c813cd2aaa6863d98ebc68a30defc,Tomas Martin Etcheverry,Stefanos Tsitsipas,livescorebet,h2h,3.25,1.35,2026-09-29T13:13:21+00:00
2026-09-29T13:13:46.945822+00:00,tennis_atp_japan_open,de4c813cd2aaa6863d98ebc68a30defc,Tomas Martin Etcheverry,Stefanos Tsitsipas,matchbook,h2h,3.45,1.38,2026-09-29T13:13:38+00:00
2026-09-29T13:13:46.945822+00:00,tennis_atp_japan_open,de4c813cd2aaa6863d98ebc68a30defc,Tomas Martin Etcheverry,Stefanos Tsitsipas,paddypower,h2h,3.2,1.3,2026-09-29T13:12:21+00:00
2026-09-29T13:13:46.945822+00:00,tennis_atp_japan_open,de4c813cd2aaa6863d98ebc68a30defc,Tomas Martin Etcheverry,Stefanos Tsitsipas,skybet,h2h,3.2,1.3,2026-09-29T13:13:21+00:00
2026-09-29T13:13:46.945822+00:00,tennis_atp_japan_open,de4c813cd2aaa6863d98ebc68a30defc,Tomas Martin Etcheverry,Stefanos Tsitsipas,sport888,h2h,3.1,1.36,2026-09-29T13:13:37+00:00
2026-09-29T13:13:46.945822+00:00,tennis_atp_japan_open,de4c813cd2aaa6863d98ebc68a30defc,Tomas Martin Etcheverry,Stefanos Tsitsipas,unibet_uk,h2h,3.25,1.33,2026-09-29T13:12:54+00:00
2026-09-29T13:13:46.945822+00:00,tennis_atp_japan_open,de4c813cd2aaa6863d98ebc68a30defc,Tomas Martin Etcheverry,Stefanos Tsitsipas,virginbet,h2h,3.25,1.35,2026-09-29T13:13:22+00:00
2026-09-29T13:13:46.945822+00:00,tennis_atp_japan_open,de4c813cd2aaa6863d98ebc68a30defc,Tomas Martin Etcheverry,Stefanos Tsitsipas,williamhill,h2h,3.1,1.36,2026-09-29T13:13:22+00:00
2026-09-29T13:13:46.945822+00:00,tennis_atp_japan_open,a85db81434b7d74d5946fa1c53960914,Arthur Fils,Luca Van Assche,betfair_ex_uk,h2h,1.19,5.7,2026-09-29T13:13:36+00:00
2026-09-29T13:13:46.945822+00:00,tennis_atp_japan_open,a85db81434b7d74d5946fa1c53960914,Arthur Fils,Luca Van Assche,betano_uk,h2h,1.17,4.5,2026-09-29T13:13:04+00:00
2026-09-29T13:13:46.945822+00:00,tennis_atp_japan_open,a85db81434b7d74d5946fa1c53960914,Arthur Fils,Luca Van Assche,betfair_sb_uk,h2h,1.2,4.5,2026-09-29T13:12:46+00:00
2026-09-29T13:13:46.945822+00:00,tennis_atp_japan_open,a85db81434b7d74d5946fa1c53960914,Arthur Fils,Luca Van Assche,betvictor,h2h,1.17,4.5,2026-09-29T13:07:21+00:00
2026-09-29T13:13:46.945822+00:00,tennis_atp_japan_open,a85db81434b7d74d5946fa1c53960914,Arthur Fils,Luca Van Assche,betway,h2h,1.15,5.25,2026-09-29T13:12:54+00:00
2026-09-29T13:13:46.945822+00:00,tennis_atp_japan_open,a85db81434b7d74d5946fa1c53960914,Arthur Fils,Luca Van Assche,boylesports,h2h,1.14,5.5,2026-09-29T13:13:23+00:00
2026-09-29T13:13:46.945822+00:00,tennis_atp_japan_open,a85db81434b7d74d5946fa1c53960914,Arthur Fils,Luca Van Assche,casumo,h2h,1.18,4.9,2026-09-29T13:13:22+00:00
2026-09-29T13:13:46.945822+00:00,tennis_atp_japan_open,a85db81434b7d74d5946fa1c53960914,Arthur Fils,Luca Van Assche,coral,h2h,1.15,5.0,2026-09-29T13:13:37+00:00
2026-09-29T13:13:46.945822+00:00,tennis_atp_japan_open,a85db81434b7d74d5946fa1c53960914,Arthur Fils,Luca Van Assche,grosvenor,h2h,1.18,4.9,2026-09-29T13:12:53+00:00
2026-09-29T13:13:46.945822+00:00,tennis_atp_japan_open,a85db81434b7d74d5946fa1c53960914,Arthur Fils,Luca Van Assche,ladbrokes_uk,h2h,1.15,5.0,2026-09-29T13:13:36+00:00
2026-09-29T13:13:46.945822+00:00,tennis_atp_japan_open,a85db81434b7d74d5946fa1c53960914,Arthur Fils,Luca Van Assche,leovegas,h2h,1.14,4.95,2026-09-29T13:13:23+00:00
2026-09-29T13:13:46.945822+00:00,tennis_atp_japan_open,a85db81434b7d74d5946fa1c53960914,Arthur Fils,Luca Van Assche,livescorebet,h2h,1.18,4.9,2026-09-29T13:13:21+00:00
2026-09-29T13:13:46.945822+00:00,tennis_atp_japan_open,a85db81434b7d74d5946fa1c53960914,Arthur Fils,Luca Van Assche,matchbook,h2h,1.18,5.8,2026-09-29T13:13:38+00:00
2026-09-29T13:13:46.945822+00:00,tennis_atp_japan_open,a85db81434b7d74d5946fa1c53960914,Arthur Fils,Luca Van Assche,paddypower,h2h,1.17,4.5,2026-09-29T13:12:21+00:00
2026-09-29T13:13:46.945822+00:00,tennis_atp_japan_open,a85db81434b7d74d5946fa1c53960914,Arthur Fils,Luca Van Assche,skybet,h2h,1.17,4.5,2026-09-29T13:13:21+00:00
2026-09-29T13:13:46.945822+00:00,tennis_atp_japan_open,a85db81434b7d74d5946fa1c53960914,Arthur Fils,Luca Van Assche,sport888,h2h,1.17,5.0,2026-09-29T13:13:37+00:00
2026-09-29T13:13:46.945822+00:00,tennis_atp_japan_open,a85db81434b7d74d5946fa1c53960914,Arthur Fils,Luca Van Assche,unibet_uk,h2h,1.14,5.5,2026-09-29T13:12:54+00:00
2026-09-29T13:13:46.945822+00:00,tennis_atp_japan_open,a85db81434b7d74d5946fa1c53960914,Arthur Fils,Luca Van Assche,virginbet,h2h,1.18,4.9,2026-09-29T13:13:22+00:00
2026-09-29T13:13:46.945822+00:00,tennis_atp_japan_open,a85db81434b7d74d5946fa1c53960914,Arthur Fils,Luca Van Assche,williamhill,h2h,1.17,5.0,2026-09-29T13:13:22+00:00
2026-09-29T13:13:46.945822+00:00,tennis_atp_japan_open,7e213fd4c70141d87eab30382aa14fdc,Matteo Arnaldi,Rei Sakamoto,betfair_ex_uk,h2h,2.2,1.8,2026-09-29T13:13:36+00:00
2026-09-29T13:13:46.945822+00:00,tennis_atp_japan_open,7e213fd4c70141d87eab30382aa14fdc,Matteo Arnaldi,Rei Sakamoto,betano_uk,h2h,2.0,1.73,2026-09-29T13:13:04+00:00
2026-09-29T13:13:46.945822+00:00,tennis_atp_japan_open,7e213fd4c70141d87eab30382aa14fdc,Matteo Arnaldi,Rei Sakamoto,betfair_sb_uk,h2h,2.0,1.8,2026-09-29T13:12:46+00:00
2026-09-29T13:13:46.945822+00:00,tennis_atp_japan_open,7e213fd4c70141d87eab30382aa14fdc,Matteo Arnaldi,Rei Sakamoto,betvictor,h2h,2.0,1.73,2026-09-29T13:07:21+00:00
2026-09-29T13:13:46.945822+00:00,tennis_atp_japan_open,7e213fd4c70141d87eab30382aa14fdc,Matteo Arnaldi,Rei Sakamoto,betway,h2h,2.05,1.75,2026-09-29T13:12:54+00:00
2026-09-29T13:13:46.945822+00:00,tennis_atp_japan_open,7e213fd4c70141d87eab30382aa14fdc,Matteo Arnaldi,Rei Sakamoto,boylesports,h2h,2.05,1.8,2026-09-29T13:13:23+00:00
2026-09-29T13:13:46.945822+00:00,tennis_atp_japan_open,7e213fd4c70141d87eab30382aa14fdc,Matteo Arnaldi,Rei Sakamoto,casumo,h2h,2.14,1.71,2026-09-29T13:13:22+00:00
2026-09-29T13:13:46.945822+00:00,tennis_atp_japan_open,7e213fd4c70141d87eab30382aa14fdc,Matteo Arnaldi,Rei Sakamoto,coral,h2h,2.0,1.73,2026-09-29T13:13:37+00:00
2026-09-29T13:13:46.945822+00:00,tennis_atp_japan_open,7e213fd4c70141d87eab30382aa14fdc,Matteo Arnaldi,Rei Sakamoto,grosvenor,h2h,2.14,1.71,2026-09-29T13:12:54+00:00
2026-09-29T13:13:46.945822+00:00,tennis_atp_japan_open,7e213fd4c70141d87eab30382aa14fdc,Matteo Arnaldi,Rei Sakamoto,ladbrokes_uk,h2h,2.0,1.73,2026-09-29T13:13:36+00:00
2026-09-29T13:13:46.945822+00:00,tennis_atp_japan_open,7e213fd4c70141d87eab30382aa14fdc,Matteo Arnaldi,Rei Sakamoto,leovegas,h2h,2.0,1.72,2026-09-29T13:13:23+00:00
2026-09-29T13:13:46.945822+00:00,tennis_atp_japan_open,7e213fd4c70141d87eab30382aa14fdc,Matteo Arnaldi,Rei Sakamoto,livescorebet,h2h,2.14,1.71,2026-09-29T13:13:21+00:00
2026-09-29T13:13:46.945822+00:00,tennis_atp_japan_open,7e213fd4c70141d87eab30382aa14fdc,Matteo Arnaldi,Rei Sakamoto,matchbook,h2h,2.2,1.8,2026-09-29T13:13:38+00:00
2026-09-29T13:13:46.945822+00:00,tennis_atp_japan_open,7e213fd4c70141d87eab30382aa14fdc,Matteo Arnaldi,Rei Sakamoto,paddypower,h2h,2.0,1.73,2026-09-29T13:12:21+00:00
2026-09-29T13:13:46.945822+00:00,tennis_atp_japan_open,7e213fd4c70141d87eab30382aa14fdc,Matteo Arnaldi,Rei Sakamoto,skybet,h2h,2.0,1.73,2026-09-29T13:13:21+00:00
2026-09-29T13:13:46.945822+00:00,tennis_atp_japan_open,7e213fd4c70141d87eab30382aa14fdc,Matteo Arnaldi,Rei Sakamoto,sport888,h2h,2.1,1.73,2026-09-29T13:13:37+00:00
2026-09-29T13:13:46.945822+00:00,tennis_atp_japan_open,7e213fd4c70141d87eab30382aa14fdc,Matteo Arnaldi,Rei Sakamoto,unibet_uk,h2h,1.99,1.76,2026-09-29T13:12:54+00:00
2026-09-29T13:13:46.945822+00:00,tennis_atp_japan_open,7e213fd4c70141d87eab30382aa14fdc,Matteo Arnaldi,Rei Sakamoto,virginbet,h2h,2.14,1.71,2026-09-29T13:13:22+00:00
2026-09-29T13:13:46.945822+00:00,tennis_atp_japan_open,7e213fd4c70141d87eab30382aa14fdc,Matteo Arnaldi,Rei Sakamoto,williamhill,h2h,2.1,1.73,2026-09-29T13:13:22+00:00
2026-09-29T13:13:46.945822+00:00,tennis_atp_japan_open,07374dce8b25328307e583cea38d3b07,Adolfo Daniel Vallejo,Rafael Jodar,betfair_ex_uk,h2h,3.85,1.06,2026-09-29T13:13:36+00:00
2026-09-29T13:13:46.945822+00:00,tennis_atp_japan_open,07374dce8b25328307e583cea38d3b07,Adolfo Daniel Vallejo,Rafael Jodar,betano_uk,h2h,5.0,1.14,2026-09-29T13:13:04+00:00
2026-09-29T13:13:46.945822+00:00,tennis_atp_japan_open,07374dce8b25328307e583cea38d3b07,Adolfo Daniel Vallejo,Rafael Jodar,betfair_sb_uk,h2h,5.5,1.14,2026-09-29T13:11:17+00:00
2026-09-29T13:13:46.945822+00:00,tennis_atp_japan_open,07374dce8b25328307e583cea38d3b07,Adolfo Daniel Vallejo,Rafael Jodar,betvictor,h2h,5.0,1.14,2026-09-29T13:07:21+00:00
2026-09-29T13:13:46.945822+00:00,tennis_atp_japan_open,07374dce8b25328307e583cea38d3b07,Adolfo Daniel Vallejo,Rafael Jodar,boylesports,h2h,5.5,1.14,2026-09-29T13:13:23+00:00
2026-09-29T13:13:46.945822+00:00,tennis_atp_japan_open,07374dce8b25328307e583cea38d3b07,Adolfo Daniel Vallejo,Rafael Jodar,casumo,h2h,6.25,1.12,2026-09-29T13:13:22+00:00
2026-09-29T13:13:46.945822+00:00,tennis_atp_japan_open,07374dce8b25328307e583cea38d3b07,Adolfo Daniel Vallejo,Rafael Jodar,grosvenor,h2h,6.25,1.12,2026-09-29T13:12:54+00:00
2026-09-29T13:13:46.945822+00:00,tennis_atp_japan_open,07374dce8b25328307e583cea38d3b07,Adolfo Daniel Vallejo,Rafael Jodar,leovegas,h2h,4.95,1.14,2026-09-29T13:13:23+00:00
2026-09-29T13:13:46.945822+00:00,tennis_atp_japan_open,07374dce8b25328307e583cea38d3b07,Adolfo Daniel Vallejo,Rafael Jodar,livescorebet,h2h,6.25,1.12,2026-09-29T13:13:21+00:00
2026-09-29T13:13:46.945822+00:00,tennis_atp_japan_open,07374dce8b25328307e583cea38d3b07,Adolfo Daniel Vallejo,Rafael Jodar,paddypower,h2h,5.5,1.12,2026-09-29T13:12:21+00:00
2026-09-29T13:13:46.945822+00:00,tennis_atp_japan_open,07374dce8b25328307e583cea38d3b07,Adolfo Daniel Vallejo,Rafael Jodar,skybet,h2h,5.5,1.13,2026-09-29T13:13:21+00:00
2026-09-29T13:13:46.945822+00:00,tennis_atp_japan_open,07374dce8b25328307e583cea38d3b07,Adolfo Daniel Vallejo,Rafael Jodar,sport888,h2h,5.0,1.17,2026-09-29T13:13:37+00:00
2026-09-29T13:13:46.945822+00:00,tennis_atp_japan_open,07374dce8b25328307e583cea38d3b07,Adolfo Daniel Vallejo,Rafael Jodar,unibet_uk,h2h,5.25,1.14,2026-09-29T13:12:54+00:00
2026-09-29T13:13:46.945822+00:00,tennis_atp_japan_open,07374dce8b25328307e583cea38d3b07,Adolfo Daniel Vallejo,Rafael Jodar,virginbet,h2h,6.25,1.12,2026-09-29T13:13:22+00:00
2026-09-29T13:13:46.945822+00:00,tennis_atp_japan_open,07374dce8b25328307e583cea38d3b07,Adolfo Daniel Vallejo,Rafael Jodar,williamhill,h2h,5.0,1.17,2026-09-29T13:13:22+00:00
2026-09-29T13:13:46.945822+00:00,tennis_atp_japan_open,124680a13038b2d61621ea996617ac43,Alejandro Davidovich Fokina,Matteo Berrettini,betfair_ex_uk,h2h,1.74,2.26,2026-09-29T13:13:36+00:00
2026-09-29T13:13:46.945822+00:00,tennis_atp_japan_open,124680a13038b2d61621ea996617ac43,Alejandro Davidovich Fokina,Matteo Berrettini,betano_uk,h2h,1.61,2.2,2026-09-29T13:13:04+00:00
2026-09-29T13:13:46.945822+00:00,tennis_atp_japan_open,124680a13038b2d61621ea996617ac43,Alejandro Davidovich Fokina,Matteo Berrettini,betfair_sb_uk,h2h,1.62,2.25,2026-09-29T13:12:46+00:00
2026-09-29T13:13:46.945822+00:00,tennis_atp_japan_open,124680a13038b2d61621ea996617ac43,Alejandro Davidovich Fokina,Matteo Berrettini,betvictor,h2h,1.61,2.2,2026-09-29T13:07:21+00:00
2026-09-29T13:13:46.945822+00:00,tennis_atp_japan_open,124680a13038b2d61621ea996617ac43,Alejandro Davidovich Fokina,Matteo Berrettini,betway,h2h,1.65,2.25,2026-09-29T13:12:53+00:00
2026-09-29T13:13:46.945822+00:00,tennis_atp_japan_open,124680a13038b2d61621ea996617ac43,Alejandro Davidovich Fokina,Matteo Berrettini,boylesports,h2h,1.67,2.2,2026-09-29T13:13:23+00:00
2026-09-29T13:13:46.945822+00:00,tennis_atp_japan_open,124680a13038b2d61621ea996617ac43,Alejandro Davidovich Fokina,Matteo Berrettini,casumo,h2h,1.64,2.25,2026-09-29T13:13:22+00:00
2026-09-29T13:13:46.945822+00:00,tennis_atp_japan_open,124680a13038b2d61621ea996617ac43,Alejandro Davidovich Fokina,Matteo Berrettini,coral,h2h,1.65,2.15,2026-09-29T13:13:37+00:00
2026-09-29T13:13:46.945822+00:00,tennis_atp_japan_open,124680a13038b2d61621ea996617ac43,Alejandro Davidovich Fokina,Matteo Berrettini,grosvenor,h2h,1.64,2.25,2026-09-29T13:12:54+00:00
2026-09-29T13:13:46.945822+00:00,tennis_atp_japan_open,124680a13038b2d61621ea996617ac43,Alejandro Davidovich Fokina,Matteo Berrettini,ladbrokes_uk,h2h,1.65,2.15,2026-09-29T13:13:36+00:00
2026-09-29T13:13:46.945822+00:00,tennis_atp_japan_open,124680a13038b2d61621ea996617ac43,Alejandro Davidovich Fokina,Matteo Berrettini,leovegas,h2h,1.62,2.15,2026-09-29T13:13:23+00:00
2026-09-29T13:13:46.945822+00:00,tennis_atp_japan_open,124680a13038b2d61621ea996617ac43,Alejandro Davidovich Fokina,Matteo Berrettini,livescorebet,h2h,1.64,2.25,2026-09-29T13:13:21+00:00
2026-09-29T13:13:46.945822+00:00,tennis_atp_japan_open,124680a13038b2d61621ea996617ac43,Alejandro Davidovich Fokina,Matteo Berrettini,matchbook,h2h,1.7,2.28,2026-09-29T13:13:37+00:00
2026-09-29T13:13:46.945822+00:00,tennis_atp_japan_open,124680a13038b2d61621ea996617ac43,Alejandro Davidovich Fokina,Matteo Berrettini,paddypower,h2h,1.57,2.25,2026-09-29T13:12:21+00:00
2026-09-29T13:13:46.945822+00:00,tennis_atp_japan_open,124680a13038b2d61621ea996617ac43,Alejandro Davidovich Fokina,Matteo Berrettini,skybet,h2h,1.57,2.25,2026-09-29T13:13:21+00:00
2026-09-29T13:13:46.945822+00:00,tennis_atp_japan_open,124680a13038b2d61621ea996617ac43,Alejandro Davidovich Fokina,Matteo Berrettini,sport888,h2h,1.67,2.2,2026-09-29T13:13:37+00:00
2026-09-29T13:13:46.945822+00:00,tennis_atp_japan_open,124680a13038b2d61621ea996617ac43,Alejandro Davidovich Fokina,Matteo Berrettini,unibet_uk,h2h,1.63,2.18,2026-09-29T13:12:54+00:00
2026-09-29T13:13:46.945822+00:00,tennis_atp_japan_open,124680a13038b2d61621ea996617ac43,Alejandro Davidovich Fokina,Matteo Berrettini,virginbet,h2h,1.64,2.25,2026-09-29T13:13:22+00:00
2026-09-29T13:13:46.945822+00:00,tennis_atp_japan_open,124680a13038b2d61621ea996617ac43,Alejandro Davidovich Fokina,Matteo Berrettini,williamhill,h2h,1.67,2.2,2026-09-29T13:13:22+00:00
2026-09-29T13:13:46.945822+00:00,tennis_atp_japan_open,d700980c8b97f7b97b85b0698f5b3824,Carlos Alcaraz,Alex Michelsen,betfair_ex_uk,h2h,1.19,5.6,2026-09-29T13:13:36+00:00
2026-09-29T13:13:46.945822+00:00,tennis_atp_japan_open,d700980c8b97f7b97b85b0698f5b3824,Carlos Alcaraz,Alex Michelsen,betano_uk,h2h,1.17,4.5,2026-09-29T13:13:04+00:00
2026-09-29T13:13:46.945822+00:00,tennis_atp_japan_open,d700980c8b97f7b97b85b0698f5b3824,Carlos Alcaraz,Alex Michelsen,betvictor,h2h,1.17,4.5,2026-09-29T13:07:21+00:00
2026-09-29T13:13:46.945822+00:00,tennis_atp_japan_open,d700980c8b97f7b97b85b0698f5b3824,Carlos Alcaraz,Alex Michelsen,betway,h2h,1.15,5.25,2026-09-29T13:12:53+00:00
2026-09-29T13:13:46.945822+00:00,tennis_atp_japan_open,d700980c8b97f7b97b85b0698f5b3824,Carlos Alcaraz,Alex Michelsen,boylesports,h2h,1.17,5.0,2026-09-29T13:13:23+00:00
2026-09-29T13:13:46.945822+00:00,tennis_atp_japan_open,d700980c8b97f7b97b85b0698f5b3824,Carlos Alcaraz,Alex Michelsen,casumo,h2h,1.17,5.1,2026-09-29T13:13:22+00:00
2026-09-29T13:13:46.945822+00:00,tennis_atp_japan_open,d700980c8b97f7b97b85b0698f5b3824,Carlos Alcaraz,Alex Michelsen,coral,h2h,1.18,4.6,2026-09-29T13:13:37+00:00
2026-09-29T13:13:46.945822+00:00,tennis_atp_japan_open,d700980c8b97f7b97b85b0698f5b3824,Carlos Alcaraz,Alex Michelsen,grosvenor,h2h,1.17,5.1,2026-09-29T13:12:54+00:00
2026-09-29T13:13:46.945822+00:00,tennis_atp_japan_open,d700980c8b97f7b97b85b0698f5b3824,Carlos Alcaraz,Alex Michelsen,ladbrokes_uk,h2h,1.18,4.6,2026-09-29T13:13:36+00:00
2026-09-29T13:13:46.945822+00:00,tennis_atp_japan_open,d700980c8b97f7b97b85b0698f5b3824,Carlos Alcaraz,Alex Michelsen,leovegas,h2h,1.16,4.6,2026-09-29T13:13:23+00:00
2026-09-29T13:13:46.945822+00:00,tennis_atp_japan_open,d700980c8b97f7b97b85b0698f5b3824,Carlos Alcaraz,Alex Michelsen,livescorebet,h2h,1.17,5.1,2026-09-29T13:13:21+00:00
2026-09-29T13:13:46.945822+00:00,tennis_atp_japan_open,d700980c8b97f7b97b85b0698f5b3824,Carlos Alcaraz,Alex Michelsen,matchbook,h2h,1.19,5.6,2026-09-29T13:13:37+00:00
2026-09-29T13:13:46.945822+00:00,tennis_atp_japan_open,d700980c8b97f7b97b85b0698f5b3824,Carlos Alcaraz,Alex Michelsen,paddypower,h2h,1.14,5.0,2026-09-29T13:12:21+00:00
2026-09-29T13:13:46.945822+00:00,tennis_atp_japan_open,d700980c8b97f7b97b85b0698f5b3824,Carlos Alcaraz,Alex Michelsen,skybet,h2h,1.14,5.0,2026-09-29T13:13:21+00:00
2026-09-29T13:13:46.945822+00:00,tennis_atp_japan_open,d700980c8b97f7b97b85b0698f5b3824,Carlos Alcaraz,Alex Michelsen,sport888,h2h,1.2,4.5,2026-09-29T13:13:37+00:00
2026-09-29T13:13:46.945822+00:00,tennis_atp_japan_open,d700980c8b97f7b97b85b0698f5b3824,Carlos Alcaraz,Alex Michelsen,unibet_uk,h2h,1.16,4.8,2026-09-29T13:12:54+00:00
2026-09-29T13:13:46.945822+00:00,tennis_atp_japan_open,d700980c8b97f7b97b85b0698f5b3824,Carlos Alcaraz,Alex Michelsen,virginbet,h2h,1.17,5.1,2026-09-29T13:13:22+00:00
2026-09-29T13:13:46.945822+00:00,tennis_atp_japan_open,d700980c8b97f7b97b85b0698f5b3824,Carlos Alcaraz,Alex Michelsen,williamhill,h2h,1.2,4.5,2026-09-29T13:13:22+00:00
2026-09-29T13:13:46.945822+00:00,tennis_atp_japan_open,94cdbcf900c531f58cb48d03b93e7b26,Lorenzo Musetti,Arthur Fery,betfair_ex_uk,h2h,1.45,2.96,2026-09-29T13:13:36+00:00
2026-09-29T13:13:46.945822+00:00,tennis_atp_japan_open,94cdbcf900c531f58cb48d03b93e7b26,Lorenzo Musetti,Arthur Fery,betano_uk,h2h,1.4,2.75,2026-09-29T13:13:04+00:00
2026-09-29T13:13:46.945822+00:00,tennis_atp_japan_open,94cdbcf900c531f58cb48d03b93e7b26,Lorenzo Musetti,Arthur Fery,betvictor,h2h,1.4,2.75,2026-09-29T13:07:21+00:00
2026-09-29T13:13:46.945822+00:00,tennis_atp_japan_open,94cdbcf900c531f58cb48d03b93e7b26,Lorenzo Musetti,Arthur Fery,betway,h2h,1.44,2.75,2026-09-29T13:12:53+00:00
2026-09-29T13:13:46.945822+00:00,tennis_atp_japan_open,94cdbcf900c531f58cb48d03b93e7b26,Lorenzo Musetti,Arthur Fery,boylesports,h2h,1.44,2.75,2026-09-29T13:13:23+00:00
2026-09-29T13:13:46.945822+00:00,tennis_atp_japan_open,94cdbcf900c531f58cb48d03b93e7b26,Lorenzo Musetti,Arthur Fery,casumo,h2h,1.38,3.0,2026-09-29T13:13:22+00:00
2026-09-29T13:13:46.945822+00:00,tennis_atp_japan_open,94cdbcf900c531f58cb48d03b93e7b26,Lorenzo Musetti,Arthur Fery,coral,h2h,1.4,2.75,2026-09-29T13:13:37+00:00
2026-09-29T13:13:46.945822+00:00,tennis_atp_japan_open,94cdbcf900c531f58cb48d03b93e7b26,Lorenzo Musetti,Arthur Fery,grosvenor,h2h,1.38,3.0,2026-09-29T13:12:54+00:00
2026-09-29T13:13:46.945822+00:00,tennis_atp_japan_open,94cdbcf900c531f58cb48d03b93e7b26,Lorenzo Musetti,Arthur Fery,ladbrokes_uk,h2h,1.4,2.75,2026-09-29T13:13:36+00:00
2026-09-29T13:13:46.945822+00:00,tennis_atp_japan_open,94cdbcf900c531f58cb48d03b93e7b26,Lorenzo Musetti,Arthur Fery,leovegas,h2h,1.4,2.75,2026-09-29T13:13:23+00:00
2026-09-29T13:13:46.945822+00:00,tennis_atp_japan_open,94cdbcf900c531f58cb48d03b93e7b26,Lorenzo Musetti,Arthur Fery,livescorebet,h2h,1.38,3.0,2026-09-29T13:13:21+00:00
2026-09-29T13:13:46.945822+00:00,tennis_atp_japan_open,94cdbcf900c531f58cb48d03b93e7b26,Lorenzo Musetti,Arthur Fery,matchbook,h2h,1.45,2.96,2026-09-29T13:13:37+00:00
2026-09-29T13:13:46.945822+00:00,tennis_atp_japan_open,94cdbcf900c531f58cb48d03b93e7b26,Lorenzo Musetti,Arthur Fery,paddypower,h2h,1.4,2.75,2026-09-29T13:12:21+00:00
2026-09-29T13:13:46.945822+00:00,tennis_atp_japan_open,94cdbcf900c531f58cb48d03b93e7b26,Lorenzo Musetti,Arthur Fery,skybet,h2h,1.4,2.75,2026-09-29T13:13:21+00:00
2026-09-29T13:13:46.945822+00:00,tennis_atp_japan_open,94cdbcf900c531f58cb48d03b93e7b26,Lorenzo Musetti,Arthur Fery,sport888,h2h,1.44,2.75,2026-09-29T13:13:37+00:00
2026-09-29T13:13:46.945822+00:00,tennis_atp_japan_open,94cdbcf900c531f58cb48d03b93e7b26,Lorenzo Musetti,Arthur Fery,unibet_uk,h2h,1.4,2.75,2026-09-29T13:12:54+00:00
2026-09-29T13:13:46.945822+00:00,tennis_atp_japan_open,94cdbcf900c531f58cb48d03b93e7b26,Lorenzo Musetti,Arthur Fery,virginbet,h2h,1.38,3.0,2026-09-29T13:13:22+00:00
2026-09-29T13:13:46.945822+00:00,tennis_atp_japan_open,94cdbcf900c531f58cb48d03b93e7b26,Lorenzo Musetti,Arthur Fery,williamhill,h2h,1.44,2.75,2026-09-29T13:13:22+00:00
2026-09-29T13:13:46.945822+00:00,tennis_atp_japan_open,bd73b6ff3eb4b9510110ca40bfc63f72,Brandon Nakashima,Ugo Humbert,betfair_ex_uk,h2h,1.44,3.1,2026-09-29T13:13:36+00:00
2026-09-29T13:13:46.945822+00:00,tennis_atp_japan_open,bd73b6ff3eb4b9510110ca40bfc63f72,Brandon Nakashima,Ugo Humbert,betano_uk,h2h,1.36,2.88,2026-09-29T13:13:04+00:00
2026-09-29T13:13:46.945822+00:00,tennis_atp_japan_open,bd73b6ff3eb4b9510110ca40bfc63f72,Brandon Nakashima,Ugo Humbert,betfair_sb_uk,h2h,1.36,3.0,2026-09-29T13:11:17+00:00
2026-09-29T13:13:46.945822+00:00,tennis_atp_japan_open,bd73b6ff3eb4b9510110ca40bfc63f72,Brandon Nakashima,Ugo Humbert,betvictor,h2h,1.36,2.88,2026-09-29T13:07:21+00:00
2026-09-29T13:13:46.945822+00:00,tennis_atp_japan_open,bd73b6ff3eb4b9510110ca40bfc63f72,Brandon Nakashima,Ugo Humbert,betway,h2h,1.4,2.9,2026-09-29T13:12:53+00:00
2026-09-29T13:13:46.945822+00:00,tennis_atp_japan_open,bd73b6ff3eb4b9510110ca40bfc63f72,Brandon Nakashima,Ugo Humbert,boylesports,h2h,1.4,3.0,2026-09-29T13:13:23+00:00
2026-09-29T13:13:46.945822+00:00,tennis_atp_japan_open,bd73b6ff3eb4b9510110ca40bfc63f72,Brandon Nakashima,Ugo Humbert,casumo,h2h,1.38,3.0,2026-09-29T13:13:22+00:00
2026-09-29T13:13:46.945822+00:00,tennis_atp_japan_open,bd73b6ff3eb4b9510110ca40bfc63f72,Brandon Nakashima,Ugo Humbert,coral,h2h,1.35,3.0,2026-09-29T13:13:37+00:00
2026-09-29T13:13:46.945822+00:00,tennis_atp_japan_open,bd73b6ff3eb4b9510110ca40bfc63f72,Brandon Nakashima,Ugo Humbert,grosvenor,h2h,1.38,3.0,2026-09-29T13:12:54+00:00
2026-09-29T13:13:46.945822+00:00,tennis_atp_japan_open,bd73b6ff3eb4b9510110ca40bfc63f72,Brandon Nakashima,Ugo Humbert,ladbrokes_uk,h2h,1.35,3.0,2026-09-29T13:13:36+00:00
2026-09-29T13:13:46.945822+00:00,tennis_atp_japan_open,bd73b6ff3eb4b9510110ca40bfc63f72,Brandon Nakashima,Ugo Humbert,leovegas,h2h,1.36,2.85,2026-09-29T13:13:23+00:00
2026-09-29T13:13:46.945822+00:00,tennis_atp_japan_open,bd73b6ff3eb4b9510110ca40bfc63f72,Brandon Nakashima,Ugo Humbert,livescorebet,h2h,1.38,3.0,2026-09-29T13:13:21+00:00
2026-09-29T13:13:46.945822+00:00,tennis_atp_japan_open,bd73b6ff3eb4b9510110ca40bfc63f72,Brandon Nakashima,Ugo Humbert,matchbook,h2h,1.43,3.15,2026-09-29T13:13:37+00:00
2026-09-29T13:13:46.945822+00:00,tennis_atp_japan_open,bd73b6ff3eb4b9510110ca40bfc63f72,Brandon Nakashima,Ugo Humbert,paddypower,h2h,1.33,3.0,2026-09-29T13:12:21+00:00
2026-09-29T13:13:46.945822+00:00,tennis_atp_japan_open,bd73b6ff3eb4b9510110ca40bfc63f72,Brandon Nakashima,Ugo Humbert,skybet,h2h,1.33,3.0,2026-09-29T13:13:21+00:00
2026-09-29T13:13:46.945822+00:00,tennis_atp_japan_open,bd73b6ff3eb4b9510110ca40bfc63f72,Brandon Nakashima,Ugo Humbert,sport888,h2h,1.36,3.1,2026-09-29T13:13:37+00:00
2026-09-29T13:13:46.945822+00:00,tennis_atp_japan_open,bd73b6ff3eb4b9510110ca40bfc63f72,Brandon Nakashima,Ugo Humbert,unibet_uk,h2h,1.37,2.9,2026-09-29T13:12:54+00:00
2026-09-29T13:13:46.945822+00:00,tennis_atp_japan_open,bd73b6ff3eb4b9510110ca40bfc63f72,Brandon Nakashima,Ugo Humbert,virginbet,h2h,1.38,3.0,2026-09-29T13:13:22+00:00
2026-09-29T13:13:46.945822+00:00,tennis_atp_japan_open,bd73b6ff3eb4b9510110ca40bfc63f72,Brandon Nakashima,Ugo Humbert,williamhill,h2h,1.36,3.1,2026-09-29T13:13:22+00:00
2026-09-29T13:13:46.945822+00:00,tennis_atp_japan_open,6b7d41a4a1150f4e15713dc6958fda96,Luciano Darderi,Casper Ruud,betfair_ex_uk,h2h,3.1,1.46,2026-09-29T13:13:36+00:00
2026-09-29T13:13:46.945822+00:00,tennis_atp_japan_open,6b7d41a4a1150f4e15713dc6958fda96,Luciano Darderi,Casper Ruud,betano_uk,h2h,2.75,1.4,2026-09-29T13:13:04+00:00
2026-09-29T13:13:46.945822+00:00,tennis_atp_japan_open,6b7d41a4a1150f4e15713dc6958fda96,Luciano Darderi,Casper Ruud,betvictor,h2h,2.75,1.4,2026-09-29T13:07:21+00:00
2026-09-29T13:13:46.945822+00:00,tennis_atp_japan_open,6b7d41a4a1150f4e15713dc6958fda96,Luciano Darderi,Casper Ruud,betway,h2h,2.75,1.45,2026-09-29T13:12:53+00:00
2026-09-29T13:13:46.945822+00:00,tennis_atp_japan_open,6b7d41a4a1150f4e15713dc6958fda96,Luciano Darderi,Casper Ruud,boylesports,h2h,2.88,1.44,2026-09-29T13:13:23+00:00
2026-09-29T13:13:46.945822+00:00,tennis_atp_japan_open,6b7d41a4a1150f4e15713dc6958fda96,Luciano Darderi,Casper Ruud,casumo,h2h,2.9,1.41,2026-09-29T13:13:22+00:00
2026-09-29T13:13:46.945822+00:00,tennis_atp_japan_open,6b7d41a4a1150f4e15713dc6958fda96,Luciano Darderi,Casper Ruud,coral,h2h,2.7,1.44,2026-09-29T13:13:37+00:00
2026-09-29T13:13:46.945822+00:00,tennis_atp_japan_open,6b7d41a4a1150f4e15713dc6958fda96,Luciano Darderi,Casper Ruud,grosvenor,h2h,2.9,1.41,2026-09-29T13:12:54+00:00
2026-09-29T13:13:46.945822+00:00,tennis_atp_japan_open,6b7d41a4a1150f4e15713dc6958fda96,Luciano Darderi,Casper Ruud,ladbrokes_uk,h2h,2.7,1.44,2026-09-29T13:13:36+00:00
2026-09-29T13:13:46.945822+00:00,tennis_atp_japan_open,6b7d41a4a1150f4e15713dc6958fda96,Luciano Darderi,Casper Ruud,leovegas,h2h,2.75,1.4,2026-09-29T13:13:23+00:00
2026-09-29T13:13:46.945822+00:00,tennis_atp_japan_open,6b7d41a4a1150f4e15713dc6958fda96,Luciano Darderi,Casper Ruud,livescorebet,h2h,2.9,1.41,2026-09-29T13:13:21+00:00
2026-09-29T13:13:46.945822+00:00,tennis_atp_japan_open,6b7d41a4a1150f4e15713dc6958fda96,Luciano Darderi,Casper Ruud,matchbook,h2h,3.1,1.46,2026-09-29T13:13:37+00:00
2026-09-29T13:13:46.945822+00:00,tennis_atp_japan_open,6b7d41a4a1150f4e15713dc6958fda96,Luciano Darderi,Casper Ruud,paddypower,h2h,2.88,1.36,2026-09-29T13:12:21+00:00
2026-09-29T13:13:46.945822+00:00,tennis_atp_japan_open,6b7d41a4a1150f4e15713dc6958fda96,Luciano Darderi,Casper Ruud,skybet,h2h,2.88,1.36,2026-09-29T13:13:21+00:00
2026-09-29T13:13:46.945822+00:00,tennis_atp_japan_open,6b7d41a4a1150f4e15713dc6958fda96,Luciano Darderi,Casper Ruud,sport888,h2h,2.75,1.44,2026-09-29T13:13:37+00:00
2026-09-29T13:13:46.945822+00:00,tennis_atp_japan_open,6b7d41a4a1150f4e15713dc6958fda96,Luciano Darderi,Casper Ruud,unibet_uk,h2h,2.83,1.4,2026-09-29T13:12:54+00:00
2026-09-29T13:13:46.945822+00:00,tennis_atp_japan_open,6b7d41a4a1150f4e15713dc6958fda96,Luciano Darderi,Casper Ruud,virginbet,h2h,2.9,1.41,2026-09-29T13:13:22+00:00
2026-09-29T13:13:46.945822+00:00,tennis_atp_japan_open,6b7d41a4a1150f4e15713dc6958fda96,Luciano Darderi,Casper Ruud,williamhill,h2h,2.75,1.44,2026-09-29T13:13:22+00:00
2026-09-29T13:13:46.945822+00:00,tennis_atp_japan_open,f4c24c41c66d5ecb136d40ee73c7d089,Denis Shapovalov,Sho Shimabukuro,betfair_ex_uk,h2h,1.3,3.85,2026-09-29T13:13:36+00:00
2026-09-29T13:13:46.945822+00:00,tennis_atp_japan_open,f4c24c41c66d5ecb136d40ee73c7d089,Denis Shapovalov,Sho Shimabukuro,betano_uk,h2h,1.25,3.5,2026-09-29T13:13:04+00:00
2026-09-29T13:13:46.945822+00:00,tennis_atp_japan_open,f4c24c41c66d5ecb136d40ee73c7d089,Denis Shapovalov,Sho Shimabukuro,betvictor,h2h,1.25,3.5,2026-09-29T13:07:21+00:00
2026-09-29T13:13:46.945822+00:00,tennis_atp_japan_open,f4c24c41c66d5ecb136d40ee73c7d089,Denis Shapovalov,Sho Shimabukuro,betway,h2h,1.29,3.75,2026-09-29T13:12:53+00:00
2026-09-29T13:13:46.945822+00:00,tennis_atp_japan_open,f4c24c41c66d5ecb136d40ee73c7d089,Denis Shapovalov,Sho Shimabukuro,boylesports,h2h,1.29,3.75,2026-09-29T13:13:23+00:00
2026-09-29T13:13:46.945822+00:00,tennis_atp_japan_open,f4c24c41c66d5ecb136d40ee73c7d089,Denis Shapovalov,Sho Shimabukuro,casumo,h2h,1.25,3.95,2026-09-29T13:13:22+00:00
2026-09-29T13:13:46.945822+00:00,tennis_atp_japan_open,f4c24c41c66d5ecb136d40ee73c7d089,Denis Shapovalov,Sho Shimabukuro,coral,h2h,1.25,3.7,2026-09-29T13:13:37+00:00
2026-09-29T13:13:46.945822+00:00,tennis_atp_japan_open,f4c24c41c66d5ecb136d40ee73c7d089,Denis Shapovalov,Sho Shimabukuro,grosvenor,h2h,1.25,3.95,2026-09-29T13:12:54+00:00
2026-09-29T13:13:46.945822+00:00,tennis_atp_japan_open,f4c24c41c66d5ecb136d40ee73c7d089,Denis Shapovalov,Sho Shimabukuro,ladbrokes_uk,h2h,1.25,3.7,2026-09-29T13:13:36+00:00
2026-09-29T13:13:46.945822+00:00,tennis_atp_japan_open,f4c24c41c66d5ecb136d40ee73c7d089,Denis Shapovalov,Sho Shimabukuro,leovegas,h2h,1.26,3.55,2026-09-29T13:13:23+00:00
2026-09-29T13:13:46.945822+00:00,tennis_atp_japan_open,f4c24c41c66d5ecb136d40ee73c7d089,Denis Shapovalov,Sho Shimabukuro,livescorebet,h2h,1.25,3.95,2026-09-29T13:13:21+00:00
2026-09-29T13:13:46.945822+00:00,tennis_atp_japan_open,f4c24c41c66d5ecb136d40ee73c7d089,Denis Shapovalov,Sho Shimabukuro,matchbook,h2h,1.3,3.9,2026-09-29T13:13:37+00:00
2026-09-29T13:13:46.945822+00:00,tennis_atp_japan_open,f4c24c41c66d5ecb136d40ee73c7d089,Denis Shapovalov,Sho Shimabukuro,paddypower,h2h,1.25,3.5,2026-09-29T13:12:21+00:00
2026-09-29T13:13:46.945822+00:00,tennis_atp_japan_open,f4c24c41c66d5ecb136d40ee73c7d089,Denis Shapovalov,Sho Shimabukuro,skybet,h2h,1.25,3.5,2026-09-29T13:13:21+00:00
2026-09-29T13:13:46.945822+00:00,tennis_atp_japan_open,f4c24c41c66d5ecb136d40ee73c7d089,Denis Shapovalov,Sho Shimabukuro,sport888,h2h,1.3,3.5,2026-09-29T13:13:37+00:00
2026-09-29T13:13:46.945822+00:00,tennis_atp_japan_open,f4c24c41c66d5ecb136d40ee73c7d089,Denis Shapovalov,Sho Shimabukuro,unibet_uk,h2h,1.25,3.7,2026-09-29T13:12:54+00:00
2026-09-29T13:13:46.945822+00:00,tennis_atp_japan_open,f4c24c41c66d5ecb136d40ee73c7d089,Denis Shapovalov,Sho Shimabukuro,virginbet,h2h,1.25,3.95,2026-09-29T13:13:22+00:00
2026-09-29T13:13:46.945822+00:00,tennis_atp_japan_open,f4c24c41c66d5ecb136d40ee73c7d089,Denis Shapovalov,Sho Shimabukuro,williamhill,h2h,1.3,3.5,2026-09-29T13:13:22+00:00
2026-09-29T13:13:46.945822+00:00,tennis_atp_japan_open,150be9ac3e148ecdc824890bed898996,Kei Nishikori,Frances Tiafoe,betfair_ex_uk,h2h,4.8,1.23,2026-09-29T13:13:36+00:00
2026-09-29T13:13:46.945822+00:00,tennis_atp_japan_open,150be9ac3e148ecdc824890bed898996,Kei Nishikori,Frances Tiafoe,betano_uk,h2h,4.0,1.2,2026-09-29T13:13:04+00:00
2026-09-29T13:13:46.945822+00:00,tennis_atp_japan_open,150be9ac3e148ecdc824890bed898996,Kei Nishikori,Frances Tiafoe,betfair_sb_uk,h2h,4.5,1.2,2026-09-29T13:11:17+00:00
2026-09-29T13:13:46.945822+00:00,tennis_atp_japan_open,150be9ac3e148ecdc824890bed898996,Kei Nishikori,Frances Tiafoe,betvictor,h2h,4.0,1.2,2026-09-29T13:07:21+00:00
2026-09-29T13:13:46.945822+00:00,tennis_atp_japan_open,150be9ac3e148ecdc824890bed898996,Kei Nishikori,Frances Tiafoe,betway,h2h,4.25,1.22,2026-09-29T13:12:53+00:00
2026-09-29T13:13:46.945822+00:00,tennis_atp_japan_open,150be9ac3e148ecdc824890bed898996,Kei Nishikori,Frances Tiafoe,boylesports,h2h,4.5,1.2,2026-09-29T13:13:23+00:00
2026-09-29T13:13:46.945822+00:00,tennis_atp_japan_open,150be9ac3e148ecdc824890bed898996,Kei Nishikori,Frances Tiafoe,casumo,h2h,4.8,1.19,2026-09-29T13:13:22+00:00
2026-09-29T13:13:46.945822+00:00,tennis_atp_japan_open,150be9ac3e148ecdc824890bed898996,Kei Nishikori,Frances Tiafoe,coral,h2h,4.33,1.2,2026-09-29T13:13:37+00:00
2026-09-29T13:13:46.945822+00:00,tennis_atp_japan_open,150be9ac3e148ecdc824890bed898996,Kei Nishikori,Frances Tiafoe,grosvenor,h2h,4.8,1.19,2026-09-29T13:12:54+00:00
2026-09-29T13:13:46.945822+00:00,tennis_atp_japan_open,150be9ac3e148ecdc824890bed898996,Kei Nishikori,Frances Tiafoe,ladbrokes_uk,h2h,4.33,1.2,2026-09-29T13:13:36+00:00
2026-09-29T13:13:46.945822+00:00,tennis_atp_japan_open,150be9ac3e148ecdc824890bed898996,Kei Nishikori,Frances Tiafoe,leovegas,h2h,4.3,1.18,2026-09-29T13:13:23+00:00
2026-09-29T13:13:46.945822+00:00,tennis_atp_japan_open,150be9ac3e148ecdc824890bed898996,Kei Nishikori,Frances Tiafoe,livescorebet,h2h,4.8,1.19,2026-09-29T13:13:21+00:00
2026-09-29T13:13:46.945822+00:00,tennis_atp_japan_open,150be9ac3e148ecdc824890bed898996,Kei Nishikori,Frances Tiafoe,matchbook,h2h,4.9,1.23,2026-09-29T13:13:37+00:00
2026-09-29T13:13:46.945822+00:00,tennis_atp_japan_open,150be9ac3e148ecdc824890bed898996,Kei Nishikori,Frances Tiafoe,paddypower,h2h,4.5,1.17,2026-09-29T13:12:21+00:00
2026-09-29T13:13:46.945822+00:00,tennis_atp_japan_open,150be9ac3e148ecdc824890bed898996,Kei Nishikori,Frances Tiafoe,skybet,h2h,4.5,1.17,2026-09-29T13:13:21+00:00
2026-09-29T13:13:46.945822+00:00,tennis_atp_japan_open,150be9ac3e148ecdc824890bed898996,Kei Nishikori,Frances Tiafoe,sport888,h2h,4.2,1.22,2026-09-29T13:13:37+00:00
2026-09-29T13:13:46.945822+00:00,tennis_atp_japan_open,150be9ac3e148ecdc824890bed898996,Kei Nishikori,Frances Tiafoe,unibet_uk,h2h,4.4,1.19,2026-09-29T13:12:54+00:00
2026-09-29T13:13:46.945822+00:00,tennis_atp_japan_open,150be9ac3e148ecdc824890bed898996,Kei Nishikori,Frances Tiafoe,virginbet,h2h,4.8,1.19,2026-09-29T13:13:22+00:00
2026-09-29T13:13:46.945822+00:00,tennis_atp_japan_open,150be9ac3e148ecdc824890bed898996,Kei Nishikori,Frances Tiafoe,williamhill,h2h,4.2,1.22,2026-09-29T13:13:22+00:00
2026-09-29T13:13:46.945822+00:00,tennis_atp_japan_open,38ffa72914becb0a7541e73396596e3d,Holger Rune,Kyrian Jacquet,betfair_ex_uk,h2h,1.13,2.6,2026-09-29T13:13:36+00:00
2026-09-29T13:13:46.945822+00:00,tennis_atp_japan_open,38ffa72914becb0a7541e73396596e3d,Holger Rune,Kyrian Jacquet,betano_uk,h2h,1.53,2.38,2026-09-29T13:13:04+00:00
2026-09-29T13:13:46.945822+00:00,tennis_atp_japan_open,38ffa72914becb0a7541e73396596e3d,Holger Rune,Kyrian Jacquet,betvictor,h2h,1.53,2.38,2026-09-29T13:07:21+00:00
2026-09-29T13:13:46.945822+00:00,tennis_atp_japan_open,38ffa72914becb0a7541e73396596e3d,Holger Rune,Kyrian Jacquet,betway,h2h,1.55,2.4,2026-09-29T13:12:53+00:00
2026-09-29T13:13:46.945822+00:00,tennis_atp_japan_open,38ffa72914becb0a7541e73396596e3d,Holger Rune,Kyrian Jacquet,boylesports,h2h,1.57,2.38,2026-09-29T13:13:23+00:00
2026-09-29T13:13:46.945822+00:00,tennis_atp_japan_open,38ffa72914becb0a7541e73396596e3d,Holger Rune,Kyrian Jacquet,casumo,h2h,1.56,2.43,2026-09-29T13:13:22+00:00
2026-09-29T13:13:46.945822+00:00,tennis_atp_japan_open,38ffa72914becb0a7541e73396596e3d,Holger Rune,Kyrian Jacquet,coral,h2h,1.55,2.3,2026-09-29T13:13:37+00:00
2026-09-29T13:13:46.945822+00:00,tennis_atp_japan_open,38ffa72914becb0a7541e73396596e3d,Holger Rune,Kyrian Jacquet,grosvenor,h2h,1.56,2.43,2026-09-29T13:12:54+00:00
2026-09-29T13:13:46.945822+00:00,tennis_atp_japan_open,38ffa72914becb0a7541e73396596e3d,Holger Rune,Kyrian Jacquet,ladbrokes_uk,h2h,1.55,2.3,2026-09-29T13:13:36+00:00
2026-09-29T13:13:46.945822+00:00,tennis_atp_japan_open,38ffa72914becb0a7541e73396596e3d,Holger Rune,Kyrian Jacquet,leovegas,h2h,1.53,2.35,2026-09-29T13:13:23+00:00
2026-09-29T13:13:46.945822+00:00,tennis_atp_japan_open,38ffa72914becb0a7541e73396596e3d,Holger Rune,Kyrian Jacquet,livescorebet,h2h,1.56,2.43,2026-09-29T13:13:21+00:00
2026-09-29T13:13:46.945822+00:00,tennis_atp_japan_open,38ffa72914becb0a7541e73396596e3d,Holger Rune,Kyrian Jacquet,matchbook,h2h,1.55,2.56,2026-09-29T13:13:37+00:00
2026-09-29T13:13:46.945822+00:00,tennis_atp_japan_open,38ffa72914becb0a7541e73396596e3d,Holger Rune,Kyrian Jacquet,paddypower,h2h,1.5,2.5,2026-09-29T13:12:21+00:00
2026-09-29T13:13:46.945822+00:00,tennis_atp_japan_open,38ffa72914becb0a7541e73396596e3d,Holger Rune,Kyrian Jacquet,skybet,h2h,1.5,2.5,2026-09-29T13:13:21+00:00
2026-09-29T13:13:46.945822+00:00,tennis_atp_japan_open,38ffa72914becb0a7541e73396596e3d,Holger Rune,Kyrian Jacquet,sport888,h2h,1.53,2.5,2026-09-29T13:13:37+00:00
2026-09-29T13:13:46.945822+00:00,tennis_atp_japan_open,38ffa72914becb0a7541e73396596e3d,Holger Rune,Kyrian Jacquet,unibet_uk,h2h,1.54,2.38,2026-09-29T13:12:54+00:00
2026-09-29T13:13:46.945822+00:00,tennis_atp_japan_open,38ffa72914becb0a7541e73396596e3d,Holger Rune,Kyrian Jacquet,virginbet,h2h,1.56,2.43,2026-09-29T13:13:22+00:00
2026-09-29T13:13:46.945822+00:00,tennis_atp_japan_open,38ffa72914becb0a7541e73396596e3d,Holger Rune,Kyrian Jacquet,williamhill,h2h,1.53,2.5,2026-09-29T13:13:22+00:00
2026-09-29T13:13:46.945822+00:00,tennis_atp_japan_open,bd913db5c5606c52b283feaa80665f42,Taylor Fritz,Jaume Munar,betfair_ex_uk,h2h,1.25,3.25,2026-09-29T13:13:36+00:00
2026-09-29T13:13:46.945822+00:00,tennis_atp_japan_open,bd913db5c5606c52b283feaa80665f42,Taylor Fritz,Jaume Munar,betano_uk,h2h,1.18,4.33,2026-09-29T13:13:04+00:00
2026-09-29T13:13:46.945822+00:00,tennis_atp_japan_open,bd913db5c5606c52b283feaa80665f42,Taylor Fritz,Jaume Munar,betvictor,h2h,1.18,4.33,2026-09-29T13:07:21+00:00
2026-09-29T13:13:46.945822+00:00,tennis_atp_japan_open,bd913db5c5606c52b283feaa80665f42,Taylor Fritz,Jaume Munar,boylesports,h2h,1.17,5.0,2026-09-29T13:13:23+00:00
2026-09-29T13:13:46.945822+00:00,tennis_atp_japan_open,bd913db5c5606c52b283feaa80665f42,Taylor Fritz,Jaume Munar,casumo,h2h,1.2,4.5,2026-09-29T13:13:22+00:00
2026-09-29T13:13:46.945822+00:00,tennis_atp_japan_open,bd913db5c5606c52b283feaa80665f42,Taylor Fritz,Jaume Munar,grosvenor,h2h,1.2,4.5,2026-09-29T13:12:54+00:00
2026-09-29T13:13:46.945822+00:00,tennis_atp_japan_open,bd913db5c5606c52b283feaa80665f42,Taylor Fritz,Jaume Munar,leovegas,h2h,1.16,4.6,2026-09-29T13:13:23+00:00
2026-09-29T13:13:46.945822+00:00,tennis_atp_japan_open,bd913db5c5606c52b283feaa80665f42,Taylor Fritz,Jaume Munar,livescorebet,h2h,1.2,4.5,2026-09-29T13:13:21+00:00
2026-09-29T13:13:46.945822+00:00,tennis_atp_japan_open,bd913db5c5606c52b283feaa80665f42,Taylor Fritz,Jaume Munar,paddypower,h2h,1.17,4.5,2026-09-29T13:12:21+00:00
2026-09-29T13:13:46.945822+00:00,tennis_atp_japan_open,bd913db5c5606c52b283feaa80665f42,Taylor Fritz,Jaume Munar,skybet,h2h,1.14,5.0,2026-09-29T13:13:21+00:00
2026-09-29T13:13:46.945822+00:00,tennis_atp_japan_open,bd913db5c5606c52b283feaa80665f42,Taylor Fritz,Jaume Munar,sport888,h2h,1.2,4.5,2026-09-29T13:13:37+00:00
2026-09-29T13:13:46.945822+00:00,tennis_atp_japan_open,bd913db5c5606c52b283feaa80665f42,Taylor Fritz,Jaume Munar,unibet_uk,h2h,1.17,4.7,2026-09-29T13:12:54+00:00
2026-09-29T13:13:46.945822+00:00,tennis_atp_japan_open,bd913db5c5606c52b283feaa80665f42,Taylor Fritz,Jaume Munar,virginbet,h2h,1.2,4.5,2026-09-29T13:13:22+00:00
2026-09-29T13:13:46.945822+00:00,tennis_atp_japan_open,bd913db5c5606c52b283feaa80665f42,Taylor Fritz,Jaume Munar,williamhill,h2h,1.2,4.5,2026-09-29T13:13:23+00:00
2026-09-29T13:13:46.945822+00:00,tennis_wta_china_open,7b7d3040c0a9c64be8117d3301393f49,Janice Tjen,Anhelina Kalinina,betfair_ex_uk,h2h,1.88,2.06,2026-09-29T13:13:38+00:00
2026-09-29T13:13:46.945822+00:00,tennis_wta_china_open,7b7d3040c0a9c64be8117d3301393f49,Janice Tjen,Anhelina Kalinina,betano_uk,h2h,1.8,1.91,2026-09-29T13:13:03+00:00
2026-09-29T13:13:46.945822+00:00,tennis_wta_china_open,7b7d3040c0a9c64be8117d3301393f49,Janice Tjen,Anhelina Kalinina,betfair_sb_uk,h2h,1.9,1.9,2026-09-29T13:12:52+00:00
2026-09-29T13:13:46.945822+00:00,tennis_wta_china_open,7b7d3040c0a9c64be8117d3301393f49,Janice Tjen,Anhelina Kalinina,betvictor,h2h,1.8,1.91,2026-09-29T13:09:19+00:00
2026-09-29T13:13:46.945822+00:00,tennis_wta_china_open,7b7d3040c0a9c64be8117d3301393f49,Janice Tjen,Anhelina Kalinina,betway,h2h,1.8,2.0,2026-09-29T13:12:37+00:00
2026-09-29T13:13:46.945822+00:00,tennis_wta_china_open,7b7d3040c0a9c64be8117d3301393f49,Janice Tjen,Anhelina Kalinina,boylesports,h2h,1.83,2.0,2026-09-29T13:12:22+00:00
2026-09-29T13:13:46.945822+00:00,tennis_wta_china_open,7b7d3040c0a9c64be8117d3301393f49,Janice Tjen,Anhelina Kalinina,casumo,h2h,1.91,1.88,2026-09-29T13:12:52+00:00
2026-09-29T13:13:46.945822+00:00,tennis_wta_china_open,7b7d3040c0a9c64be8117d3301393f49,Janice Tjen,Anhelina Kalinina,coral,h2h,1.8,1.91,2026-09-29T13:13:37+00:00
2026-09-29T13:13:46.945822+00:00,tennis_wta_china_open,7b7d3040c0a9c64be8117d3301393f49,Janice Tjen,Anhelina Kalinina,grosvenor,h2h,1.91,1.88,2026-09-29T13:12:52+00:00
2026-09-29T13:13:46.945822+00:00,tennis_wta_china_open,7b7d3040c0a9c64be8117d3301393f49,Janice Tjen,Anhelina Kalinina,ladbrokes_uk,h2h,1.8,1.91,2026-09-29T13:12:37+00:00
2026-09-29T13:13:46.945822+00:00,tennis_wta_china_open,7b7d3040c0a9c64be8117d3301393f49,Janice Tjen,Anhelina Kalinina,leovegas,h2h,1.8,1.93,2026-09-29T13:12:52+00:00
2026-09-29T13:13:46.945822+00:00,tennis_wta_china_open,7b7d3040c0a9c64be8117d3301393f49,Janice Tjen,Anhelina Kalinina,livescorebet,h2h,1.91,1.88,2026-09-29T13:12:52+00:00
2026-09-29T13:13:46.945822+00:00,tennis_wta_china_open,7b7d3040c0a9c64be8117d3301393f49,Janice Tjen,Anhelina Kalinina,matchbook,h2h,1.88,2.08,2026-09-29T13:13:37+00:00
2026-09-29T13:13:46.945822+00:00,tennis_wta_china_open,7b7d3040c0a9c64be8117d3301393f49,Janice Tjen,Anhelina Kalinina,paddypower,h2h,1.91,1.91,2026-09-29T13:12:21+00:00
2026-09-29T13:13:46.945822+00:00,tennis_wta_china_open,7b7d3040c0a9c64be8117d3301393f49,Janice Tjen,Anhelina Kalinina,skybet,h2h,1.91,1.91,2026-09-29T13:13:21+00:00
2026-09-29T13:13:46.945822+00:00,tennis_wta_china_open,7b7d3040c0a9c64be8117d3301393f49,Janice Tjen,Anhelina Kalinina,smarkets,h2h,1.86,2.04,2026-09-29T13:13:36+00:00
2026-09-29T13:13:46.945822+00:00,tennis_wta_china_open,7b7d3040c0a9c64be8117d3301393f49,Janice Tjen,Anhelina Kalinina,sport888,h2h,1.8,2.0,2026-09-29T13:12:52+00:00
2026-09-29T13:13:46.945822+00:00,tennis_wta_china_open,7b7d3040c0a9c64be8117d3301393f49,Janice Tjen,Anhelina Kalinina,unibet_uk,h2h,1.81,1.97,2026-09-29T13:11:33+00:00
2026-09-29T13:13:46.945822+00:00,tennis_wta_china_open,7b7d3040c0a9c64be8117d3301393f49,Janice Tjen,Anhelina Kalinina,virginbet,h2h,1.91,1.88,2026-09-29T13:12:55+00:00
2026-09-29T13:13:46.945822+00:00,tennis_wta_china_open,7b7d3040c0a9c64be8117d3301393f49,Janice Tjen,Anhelina Kalinina,williamhill,h2h,1.8,2.0,2026-09-29T13:12:53+00:00
2026-09-29T13:13:46.945822+00:00,tennis_wta_china_open,f987a5ce8a5a3b88fa7c8a8804858cbe,Caty McNally,Dayana Yastremska,betfair_ex_uk,h2h,1.54,2.68,2026-09-29T13:13:38+00:00
2026-09-29T13:13:46.945822+00:00,tennis_wta_china_open,f987a5ce8a5a3b88fa7c8a8804858cbe,Caty McNally,Dayana Yastremska,betano_uk,h2h,1.5,2.4,2026-09-29T13:13:03+00:00
2026-09-29T13:13:46.945822+00:00,tennis_wta_china_open,f987a5ce8a5a3b88fa7c8a8804858cbe,Caty McNally,Dayana Yastremska,betfair_sb_uk,h2h,1.53,2.5,2026-09-29T13:12:52+00:00
2026-09-29T13:13:46.945822+00:00,tennis_wta_china_open,f987a5ce8a5a3b88fa7c8a8804858cbe,Caty McNally,Dayana Yastremska,betvictor,h2h,1.5,2.4,2026-09-29T13:09:19+00:00
2026-09-29T13:13:46.945822+00:00,tennis_wta_china_open,f987a5ce8a5a3b88fa7c8a8804858cbe,Caty McNally,Dayana Yastremska,betway,h2h,1.5,2.6,2026-09-29T13:12:37+00:00
2026-09-29T13:13:46.945822+00:00,tennis_wta_china_open,f987a5ce8a5a3b88fa7c8a8804858cbe,Caty McNally,Dayana Yastremska,boylesports,h2h,1.53,2.5,2026-09-29T13:12:22+00:00
2026-09-29T13:13:46.945822+00:00,tennis_wta_china_open,f987a5ce8a5a3b88fa7c8a8804858cbe,Caty McNally,Dayana Yastremska,casumo,h2h,1.54,2.48,2026-09-29T13:12:52+00:00
2026-09-29T13:13:46.945822+00:00,tennis_wta_china_open,f987a5ce8a5a3b88fa7c8a8804858cbe,Caty McNally,Dayana Yastremska,coral,h2h,1.48,2.5,2026-09-29T13:13:37+00:00
2026-09-29T13:13:46.945822+00:00,tennis_wta_china_open,f987a5ce8a5a3b88fa7c8a8804858cbe,Caty McNally,Dayana Yastremska,grosvenor,h2h,1.54,2.48,2026-09-29T13:12:52+00:00
2026-09-29T13:13:46.945822+00:00,tennis_wta_china_open,f987a5ce8a5a3b88fa7c8a8804858cbe,Caty McNally,Dayana Yastremska,ladbrokes_uk,h2h,1.48,2.5,2026-09-29T13:12:37+00:00
2026-09-29T13:13:46.945822+00:00,tennis_wta_china_open,f987a5ce8a5a3b88fa7c8a8804858cbe,Caty McNally,Dayana Yastremska,leovegas,h2h,1.5,2.45,2026-09-29T13:12:52+00:00
2026-09-29T13:13:46.945822+00:00,tennis_wta_china_open,f987a5ce8a5a3b88fa7c8a8804858cbe,Caty McNally,Dayana Yastremska,livescorebet,h2h,1.54,2.48,2026-09-29T13:12:52+00:00
2026-09-29T13:13:46.945822+00:00,tennis_wta_china_open,f987a5ce8a5a3b88fa7c8a8804858cbe,Caty McNally,Dayana Yastremska,matchbook,h2h,1.55,2.68,2026-09-29T13:13:37+00:00
2026-09-29T13:13:46.945822+00:00,tennis_wta_china_open,f987a5ce8a5a3b88fa7c8a8804858cbe,Caty McNally,Dayana Yastremska,paddypower,h2h,1.53,2.5,2026-09-29T13:12:20+00:00
2026-09-29T13:13:46.945822+00:00,tennis_wta_china_open,f987a5ce8a5a3b88fa7c8a8804858cbe,Caty McNally,Dayana Yastremska,skybet,h2h,1.53,2.5,2026-09-29T13:13:21+00:00
2026-09-29T13:13:46.945822+00:00,tennis_wta_china_open,f987a5ce8a5a3b88fa7c8a8804858cbe,Caty McNally,Dayana Yastremska,smarkets,h2h,1.54,2.64,2026-09-29T13:13:36+00:00
2026-09-29T13:13:46.945822+00:00,tennis_wta_china_open,f987a5ce8a5a3b88fa7c8a8804858cbe,Caty McNally,Dayana Yastremska,sport888,h2h,1.53,2.5,2026-09-29T13:12:52+00:00
2026-09-29T13:13:46.945822+00:00,tennis_wta_china_open,f987a5ce8a5a3b88fa7c8a8804858cbe,Caty McNally,Dayana Yastremska,unibet_uk,h2h,1.52,2.47,2026-09-29T13:11:33+00:00
2026-09-29T13:13:46.945822+00:00,tennis_wta_china_open,f987a5ce8a5a3b88fa7c8a8804858cbe,Caty McNally,Dayana Yastremska,virginbet,h2h,1.54,2.48,2026-09-29T13:12:55+00:00
2026-09-29T13:13:46.945822+00:00,tennis_wta_china_open,f987a5ce8a5a3b88fa7c8a8804858cbe,Caty McNally,Dayana Yastremska,williamhill,h2h,1.53,2.5,2026-09-29T13:12:53+00:00
2026-09-29T13:13:46.945822+00:00,tennis_wta_china_open,7dc77d55cdf748e75a18b1dbcd1aae68,Darja Vidmanova,Maria Timofeeva,betfair_ex_uk,h2h,2.38,1.71,2026-09-29T13:13:38+00:00
2026-09-29T13:13:46.945822+00:00,tennis_wta_china_open,7dc77d55cdf748e75a18b1dbcd1aae68,Darja Vidmanova,Maria Timofeeva,betano_uk,h2h,2.2,1.6,2026-09-29T13:13:03+00:00
2026-09-29T13:13:46.945822+00:00,tennis_wta_china_open,7dc77d55cdf748e75a18b1dbcd1aae68,Darja Vidmanova,Maria Timofeeva,betfair_sb_uk,h2h,2.2,1.67,2026-09-29T13:12:52+00:00
2026-09-29T13:13:46.945822+00:00,tennis_wta_china_open,7dc77d55cdf748e75a18b1dbcd1aae68,Darja Vidmanova,Maria Timofeeva,betvictor,h2h,2.2,1.6,2026-09-29T13:09:19+00:00
2026-09-29T13:13:46.945822+00:00,tennis_wta_china_open,7dc77d55cdf748e75a18b1dbcd1aae68,Darja Vidmanova,Maria Timofeeva,betway,h2h,2.25,1.65,2026-09-29T13:12:37+00:00
2026-09-29T13:13:46.945822+00:00,tennis_wta_china_open,7dc77d55cdf748e75a18b1dbcd1aae68,Darja Vidmanova,Maria Timofeeva,boylesports,h2h,2.38,1.57,2026-09-29T13:12:22+00:00
2026-09-29T13:13:46.945822+00:00,tennis_wta_china_open,7dc77d55cdf748e75a18b1dbcd1aae68,Darja Vidmanova,Maria Timofeeva,casumo,h2h,2.38,1.56,2026-09-29T13:12:52+00:00
2026-09-29T13:13:46.945822+00:00,tennis_wta_china_open,7dc77d55cdf748e75a18b1dbcd1aae68,Darja Vidmanova,Maria Timofeeva,coral,h2h,2.25,1.57,2026-09-29T13:13:37+00:00
2026-09-29T13:13:46.945822+00:00,tennis_wta_china_open,7dc77d55cdf748e75a18b1dbcd1aae68,Darja Vidmanova,Maria Timofeeva,grosvenor,h2h,2.38,1.56,2026-09-29T13:12:52+00:00
2026-09-29T13:13:46.945822+00:00,tennis_wta_china_open,7dc77d55cdf748e75a18b1dbcd1aae68,Darja Vidmanova,Maria Timofeeva,ladbrokes_uk,h2h,2.25,1.57,2026-09-29T13:12:37+00:00
2026-09-29T13:13:46.945822+00:00,tennis_wta_china_open,7dc77d55cdf748e75a18b1dbcd1aae68,Darja Vidmanova,Maria Timofeeva,leovegas,h2h,2.25,1.57,2026-09-29T13:12:52+00:00
2026-09-29T13:13:46.945822+00:00,tennis_wta_china_open,7dc77d55cdf748e75a18b1dbcd1aae68,Darja Vidmanova,Maria Timofeeva,livescorebet,h2h,2.38,1.57,2026-09-29T13:12:52+00:00
2026-09-29T13:13:46.945822+00:00,tennis_wta_china_open,7dc77d55cdf748e75a18b1dbcd1aae68,Darja Vidmanova,Maria Timofeeva,matchbook,h2h,2.38,1.7,2026-09-29T13:13:37+00:00
2026-09-29T13:13:46.945822+00:00,tennis_wta_china_open,7dc77d55cdf748e75a18b1dbcd1aae68,Darja Vidmanova,Maria Timofeeva,paddypower,h2h,2.2,1.67,2026-09-29T13:12:21+00:00
2026-09-29T13:13:46.945822+00:00,tennis_wta_china_open,7dc77d55cdf748e75a18b1dbcd1aae68,Darja Vidmanova,Maria Timofeeva,skybet,h2h,2.2,1.67,2026-09-29T13:13:21+00:00
2026-09-29T13:13:46.945822+00:00,tennis_wta_china_open,7dc77d55cdf748e75a18b1dbcd1aae68,Darja Vidmanova,Maria Timofeeva,smarkets,h2h,2.34,1.67,2026-09-29T13:13:36+00:00
2026-09-29T13:13:46.945822+00:00,tennis_wta_china_open,7dc77d55cdf748e75a18b1dbcd1aae68,Darja Vidmanova,Maria Timofeeva,sport888,h2h,2.3,1.61,2026-09-29T13:12:52+00:00
2026-09-29T13:13:46.945822+00:00,tennis_wta_china_open,7dc77d55cdf748e75a18b1dbcd1aae68,Darja Vidmanova,Maria Timofeeva,unibet_uk,h2h,2.25,1.62,2026-09-29T13:11:33+00:00
2026-09-29T13:13:46.945822+00:00,tennis_wta_china_open,7dc77d55cdf748e75a18b1dbcd1aae68,Darja Vidmanova,Maria Timofeeva,virginbet,h2h,2.38,1.57,2026-09-29T13:12:55+00:00
2026-09-29T13:13:46.945822+00:00,tennis_wta_china_open,7dc77d55cdf748e75a18b1dbcd1aae68,Darja Vidmanova,Maria Timofeeva,williamhill,h2h,2.3,1.62,2026-09-29T13:12:53+00:00
2026-09-29T13:13:46.945822+00:00,tennis_wta_china_open,32e7c1cc65b0c3a18b06e9e009cd3e35,Elena Gabriela Ruse,Lilli Tagger,betfair_ex_uk,h2h,2.0,1.96,2026-09-29T13:13:38+00:00
2026-09-29T13:13:46.945822+00:00,tennis_wta_china_open,32e7c1cc65b0c3a18b06e9e009cd3e35,Elena Gabriela Ruse,Lilli Tagger,betano_uk,h2h,1.85,1.85,2026-09-29T13:13:03+00:00
2026-09-29T13:13:46.945822+00:00,tennis_wta_china_open,32e7c1cc65b0c3a18b06e9e009cd3e35,Elena Gabriela Ruse,Lilli Tagger,betfair_sb_uk,h2h,1.83,1.91,2026-09-29T13:12:52+00:00
2026-09-29T13:13:46.945822+00:00,tennis_wta_china_open,32e7c1cc65b0c3a18b06e9e009cd3e35,Elena Gabriela Ruse,Lilli Tagger,betvictor,h2h,1.85,1.85,2026-09-29T13:09:19+00:00
2026-09-29T13:13:46.945822+00:00,tennis_wta_china_open,32e7c1cc65b0c3a18b06e9e009cd3e35,Elena Gabriela Ruse,Lilli Tagger,betway,h2h,1.95,1.85,2026-09-29T13:12:37+00:00
2026-09-29T13:13:46.945822+00:00,tennis_wta_china_open,32e7c1cc65b0c3a18b06e9e009cd3e35,Elena Gabriela Ruse,Lilli Tagger,boylesports,h2h,1.91,1.91,2026-09-29T13:12:22+00:00
2026-09-29T13:13:46.945822+00:00,tennis_wta_china_open,32e7c1cc65b0c3a18b06e9e009cd3e35,Elena Gabriela Ruse,Lilli Tagger,casumo,h2h,1.95,1.83,2026-09-29T13:12:52+00:00
2026-09-29T13:13:46.945822+00:00,tennis_wta_china_open,32e7c1cc65b0c3a18b06e9e009cd3e35,Elena Gabriela Ruse,Lilli Tagger,coral,h2h,1.91,1.83,2026-09-29T13:13:37+00:00
2026-09-29T13:13:46.945822+00:00,tennis_wta_china_open,32e7c1cc65b0c3a18b06e9e009cd3e35,Elena Gabriela Ruse,Lilli Tagger,grosvenor,h2h,1.95,1.83,2026-09-29T13:12:52+00:00
2026-09-29T13:13:46.945822+00:00,tennis_wta_china_open,32e7c1cc65b0c3a18b06e9e009cd3e35,Elena Gabriela Ruse,Lilli Tagger,ladbrokes_uk,h2h,1.91,1.83,2026-09-29T13:12:37+00:00
2026-09-29T13:13:46.945822+00:00,tennis_wta_china_open,32e7c1cc65b0c3a18b06e9e009cd3e35,Elena Gabriela Ruse,Lilli Tagger,leovegas,h2h,1.85,1.85,2026-09-29T13:12:52+00:00
2026-09-29T13:13:46.945822+00:00,tennis_wta_china_open,32e7c1cc65b0c3a18b06e9e009cd3e35,Elena Gabriela Ruse,Lilli Tagger,livescorebet,h2h,1.96,1.84,2026-09-29T13:12:52+00:00
2026-09-29T13:13:46.945822+00:00,tennis_wta_china_open,32e7c1cc65b0c3a18b06e9e009cd3e35,Elena Gabriela Ruse,Lilli Tagger,matchbook,h2h,2.0,1.95,2026-09-29T13:13:37+00:00
2026-09-29T13:13:46.945822+00:00,tennis_wta_china_open,32e7c1cc65b0c3a18b06e9e009cd3e35,Elena Gabriela Ruse,Lilli Tagger,paddypower,h2h,1.83,1.91,2026-09-29T13:12:20+00:00
2026-09-29T13:13:46.945822+00:00,tennis_wta_china_open,32e7c1cc65b0c3a18b06e9e009cd3e35,Elena Gabriela Ruse,Lilli Tagger,skybet,h2h,1.83,1.91,2026-09-29T13:13:21+00:00
2026-09-29T13:13:46.945822+00:00,tennis_wta_china_open,32e7c1cc65b0c3a18b06e9e009cd3e35,Elena Gabriela Ruse,Lilli Tagger,smarkets,h2h,1.95,1.93,2026-09-29T13:13:36+00:00
2026-09-29T13:13:46.945822+00:00,tennis_wta_china_open,32e7c1cc65b0c3a18b06e9e009cd3e35,Elena Gabriela Ruse,Lilli Tagger,sport888,h2h,1.91,1.91,2026-09-29T13:12:52+00:00
2026-09-29T13:13:46.945822+00:00,tennis_wta_china_open,32e7c1cc65b0c3a18b06e9e009cd3e35,Elena Gabriela Ruse,Lilli Tagger,unibet_uk,h2h,1.89,1.88,2026-09-29T13:11:33+00:00
2026-09-29T13:13:46.945822+00:00,tennis_wta_china_open,32e7c1cc65b0c3a18b06e9e009cd3e35,Elena Gabriela Ruse,Lilli Tagger,virginbet,h2h,1.96,1.84,2026-09-29T13:12:55+00:00
2026-09-29T13:13:46.945822+00:00,tennis_wta_china_open,32e7c1cc65b0c3a18b06e9e009cd3e35,Elena Gabriela Ruse,Lilli Tagger,williamhill,h2h,1.91,1.91,2026-09-29T13:12:53+00:00
2026-09-29T13:13:46.945822+00:00,tennis_wta_china_open,3d7ca27dc89b58d3883de95847cfc74e,Maya Joint,Sinja Kraus,betfair_ex_uk,h2h,1.35,3.75,2026-09-29T13:13:38+00:00
2026-09-29T13:13:46.945822+00:00,tennis_wta_china_open,3d7ca27dc89b58d3883de95847cfc74e,Maya Joint,Sinja Kraus,betano_uk,h2h,1.3,3.2,2026-09-29T13:13:03+00:00
2026-09-29T13:13:46.945822+00:00,tennis_wta_china_open,3d7ca27dc89b58d3883de95847cfc74e,Maya Joint,Sinja Kraus,betfair_sb_uk,h2h,1.3,3.4,2026-09-29T13:12:52+00:00
2026-09-29T13:13:46.945822+00:00,tennis_wta_china_open,3d7ca27dc89b58d3883de95847cfc74e,Maya Joint,Sinja Kraus,betvictor,h2h,1.3,3.2,2026-09-29T13:09:19+00:00
2026-09-29T13:13:46.945822+00:00,tennis_wta_china_open,3d7ca27dc89b58d3883de95847cfc74e,Maya Joint,Sinja Kraus,betway,h2h,1.3,3.5,2026-09-29T13:12:37+00:00
2026-09-29T13:13:46.945822+00:00,tennis_wta_china_open,3d7ca27dc89b58d3883de95847cfc74e,Maya Joint,Sinja Kraus,boylesports,h2h,1.33,3.4,2026-09-29T13:12:22+00:00
2026-09-29T13:13:46.945822+00:00,tennis_wta_china_open,3d7ca27dc89b58d3883de95847cfc74e,Maya Joint,Sinja Kraus,casumo,h2h,1.3,3.5,2026-09-29T13:12:52+00:00
2026-09-29T13:13:46.945822+00:00,tennis_wta_china_open,3d7ca27dc89b58d3883de95847cfc74e,Maya Joint,Sinja Kraus,coral,h2h,1.3,3.4,2026-09-29T13:13:37+00:00
2026-09-29T13:13:46.945822+00:00,tennis_wta_china_open,3d7ca27dc89b58d3883de95847cfc74e,Maya Joint,Sinja Kraus,grosvenor,h2h,1.3,3.5,2026-09-29T13:12:52+00:00
2026-09-29T13:13:46.945822+00:00,tennis_wta_china_open,3d7ca27dc89b58d3883de95847cfc74e,Maya Joint,Sinja Kraus,ladbrokes_uk,h2h,1.3,3.4,2026-09-29T13:12:37+00:00
2026-09-29T13:13:46.945822+00:00,tennis_wta_china_open,3d7ca27dc89b58d3883de95847cfc74e,Maya Joint,Sinja Kraus,leovegas,h2h,1.3,3.25,2026-09-29T13:12:52+00:00
2026-09-29T13:13:46.945822+00:00,tennis_wta_china_open,3d7ca27dc89b58d3883de95847cfc74e,Maya Joint,Sinja Kraus,livescorebet,h2h,1.3,3.5,2026-09-29T13:12:52+00:00
2026-09-29T13:13:46.945822+00:00,tennis_wta_china_open,3d7ca27dc89b58d3883de95847cfc74e,Maya Joint,Sinja Kraus,matchbook,h2h,1.35,3.75,2026-09-29T13:13:37+00:00
2026-09-29T13:13:46.945822+00:00,tennis_wta_china_open,3d7ca27dc89b58d3883de95847cfc74e,Maya Joint,Sinja Kraus,paddypower,h2h,1.29,3.6,2026-09-29T13:12:21+00:00
2026-09-29T13:13:46.945822+00:00,tennis_wta_china_open,3d7ca27dc89b58d3883de95847cfc74e,Maya Joint,Sinja Kraus,skybet,h2h,1.3,3.5,2026-09-29T13:13:21+00:00
2026-09-29T13:13:46.945822+00:00,tennis_wta_china_open,3d7ca27dc89b58d3883de95847cfc74e,Maya Joint,Sinja Kraus,smarkets,h2h,1.34,3.65,2026-09-29T13:13:36+00:00
2026-09-29T13:13:46.945822+00:00,tennis_wta_china_open,3d7ca27dc89b58d3883de95847cfc74e,Maya Joint,Sinja Kraus,sport888,h2h,1.33,3.3,2026-09-29T13:12:52+00:00
2026-09-29T13:13:46.945822+00:00,tennis_wta_china_open,3d7ca27dc89b58d3883de95847cfc74e,Maya Joint,Sinja Kraus,unibet_uk,h2h,1.3,3.45,2026-09-29T13:11:33+00:00
2026-09-29T13:13:46.945822+00:00,tennis_wta_china_open,3d7ca27dc89b58d3883de95847cfc74e,Maya Joint,Sinja Kraus,virginbet,h2h,1.3,3.5,2026-09-29T13:12:55+00:00
2026-09-29T13:13:46.945822+00:00,tennis_wta_china_open,3d7ca27dc89b58d3883de95847cfc74e,Maya Joint,Sinja Kraus,williamhill,h2h,1.33,3.3,2026-09-29T13:12:53+00:00
2026-09-29T13:13:46.945822+00:00,tennis_wta_china_open,2ef1631ed3c54fa2c2d6903629201493,Mayar Sherif,Polina Kudermetova,betfair_ex_uk,h2h,2.5,1.62,2026-09-29T13:13:38+00:00
2026-09-29T13:13:46.945822+00:00,tennis_wta_china_open,2ef1631ed3c54fa2c2d6903629201493,Mayar Sherif,Polina Kudermetova,betano_uk,h2h,2.3,1.53,2026-09-29T13:13:03+00:00
2026-09-29T13:13:46.945822+00:00,tennis_wta_china_open,2ef1631ed3c54fa2c2d6903629201493,Mayar Sherif,Polina Kudermetova,betfair_sb_uk,h2h,2.25,1.62,2026-09-29T13:12:52+00:00
2026-09-29T13:13:46.945822+00:00,tennis_wta_china_open,2ef1631ed3c54fa2c2d6903629201493,Mayar Sherif,Polina Kudermetova,betvictor,h2h,2.3,1.53,2026-09-29T13:09:19+00:00
2026-09-29T13:13:46.945822+00:00,tennis_wta_china_open,2ef1631ed3c54fa2c2d6903629201493,Mayar Sherif,Polina Kudermetova,betway,h2h,2.4,1.55,2026-09-29T13:12:37+00:00
2026-09-29T13:13:46.945822+00:00,tennis_wta_china_open,2ef1631ed3c54fa2c2d6903629201493,Mayar Sherif,Polina Kudermetova,boylesports,h2h,2.38,1.57,2026-09-29T13:12:22+00:00
2026-09-29T13:13:46.945822+00:00,tennis_wta_china_open,2ef1631ed3c54fa2c2d6903629201493,Mayar Sherif,Polina Kudermetova,casumo,h2h,2.38,1.57,2026-09-29T13:12:52+00:00
2026-09-29T13:13:46.945822+00:00,tennis_wta_china_open,2ef1631ed3c54fa2c2d6903629201493,Mayar Sherif,Polina Kudermetova,coral,h2h,2.37,1.55,2026-09-29T13:13:37+00:00
2026-09-29T13:13:46.945822+00:00,tennis_wta_china_open,2ef1631ed3c54fa2c2d6903629201493,Mayar Sherif,Polina Kudermetova,grosvenor,h2h,2.38,1.57,2026-09-29T13:12:52+00:00
2026-09-29T13:13:46.945822+00:00,tennis_wta_china_open,2ef1631ed3c54fa2c2d6903629201493,Mayar Sherif,Polina Kudermetova,ladbrokes_uk,h2h,2.37,1.55,2026-09-29T13:12:37+00:00
2026-09-29T13:13:46.945822+00:00,tennis_wta_china_open,2ef1631ed3c54fa2c2d6903629201493,Mayar Sherif,Polina Kudermetova,leovegas,h2h,2.35,1.53,2026-09-29T13:12:52+00:00
2026-09-29T13:13:46.945822+00:00,tennis_wta_china_open,2ef1631ed3c54fa2c2d6903629201493,Mayar Sherif,Polina Kudermetova,livescorebet,h2h,2.38,1.58,2026-09-29T13:12:53+00:00
2026-09-29T13:13:46.945822+00:00,tennis_wta_china_open,2ef1631ed3c54fa2c2d6903629201493,Mayar Sherif,Polina Kudermetova,matchbook,h2h,2.5,1.62,2026-09-29T13:13:36+00:00
2026-09-29T13:13:46.945822+00:00,tennis_wta_china_open,2ef1631ed3c54fa2c2d6903629201493,Mayar Sherif,Polina Kudermetova,paddypower,h2h,2.3,1.62,2026-09-29T13:12:21+00:00
2026-09-29T13:13:46.945822+00:00,tennis_wta_china_open,2ef1631ed3c54fa2c2d6903629201493,Mayar Sherif,Polina Kudermetova,skybet,h2h,2.25,1.62,2026-09-29T13:13:21+00:00
2026-09-29T13:13:46.945822+00:00,tennis_wta_china_open,2ef1631ed3c54fa2c2d6903629201493,Mayar Sherif,Polina Kudermetova,smarkets,h2h,2.46,1.6,2026-09-29T13:13:36+00:00
2026-09-29T13:13:46.945822+00:00,tennis_wta_china_open,2ef1631ed3c54fa2c2d6903629201493,Mayar Sherif,Polina Kudermetova,sport888,h2h,2.38,1.57,2026-09-29T13:12:52+00:00
2026-09-29T13:13:46.945822+00:00,tennis_wta_china_open,2ef1631ed3c54fa2c2d6903629201493,Mayar Sherif,Polina Kudermetova,unibet_uk,h2h,2.4,1.55,2026-09-29T13:11:33+00:00
2026-09-29T13:13:46.945822+00:00,tennis_wta_china_open,2ef1631ed3c54fa2c2d6903629201493,Mayar Sherif,Polina Kudermetova,virginbet,h2h,2.38,1.58,2026-09-29T13:12:55+00:00
2026-09-29T13:13:46.945822+00:00,tennis_wta_china_open,2ef1631ed3c54fa2c2d6903629201493,Mayar Sherif,Polina Kudermetova,williamhill,h2h,2.38,1.57,2026-09-29T13:12:53+00:00
2026-09-29T13:13:46.945822+00:00,tennis_wta_china_open,dc54c4deb3249abab085252c654c1754,Aliaksandra Sasnovich,Talia Gibson,betfair_ex_uk,h2h,2.16,1.59,2026-09-29T13:13:38+00:00
2026-09-29T13:13:46.945822+00:00,tennis_wta_china_open,dc54c4deb3249abab085252c654c1754,Aliaksandra Sasnovich,Talia Gibson,betano_uk,h2h,2.2,1.6,2026-09-29T13:13:03+00:00
2026-09-29T13:13:46.945822+00:00,tennis_wta_china_open,dc54c4deb3249abab085252c654c1754,Aliaksandra Sasnovich,Talia Gibson,betfair_sb_uk,h2h,2.25,1.62,2026-09-29T13:12:52+00:00
2026-09-29T13:13:46.945822+00:00,tennis_wta_china_open,dc54c4deb3249abab085252c654c1754,Aliaksandra Sasnovich,Talia Gibson,betvictor,h2h,2.2,1.6,2026-09-29T13:09:19+00:00
2026-09-29T13:13:46.945822+00:00,tennis_wta_china_open,dc54c4deb3249abab085252c654c1754,Aliaksandra Sasnovich,Talia Gibson,betway,h2h,2.3,1.6,2026-09-29T13:12:37+00:00
2026-09-29T13:13:46.945822+00:00,tennis_wta_china_open,dc54c4deb3249abab085252c654c1754,Aliaksandra Sasnovich,Talia Gibson,boylesports,h2h,2.25,1.67,2026-09-29T13:12:22+00:00
2026-09-29T13:13:46.945822+00:00,tennis_wta_china_open,dc54c4deb3249abab085252c654c1754,Aliaksandra Sasnovich,Talia Gibson,casumo,h2h,2.28,1.63,2026-09-29T13:12:52+00:00
2026-09-29T13:13:46.945822+00:00,tennis_wta_china_open,dc54c4deb3249abab085252c654c1754,Aliaksandra Sasnovich,Talia Gibson,grosvenor,h2h,2.28,1.63,2026-09-29T13:12:52+00:00
2026-09-29T13:13:46.945822+00:00,tennis_wta_china_open,dc54c4deb3249abab085252c654c1754,Aliaksandra Sasnovich,Talia Gibson,leovegas,h2h,2.18,1.62,2026-09-29T13:12:52+00:00
2026-09-29T13:13:46.945822+00:00,tennis_wta_china_open,dc54c4deb3249abab085252c654c1754,Aliaksandra Sasnovich,Talia Gibson,livescorebet,h2h,2.28,1.63,2026-09-29T13:12:53+00:00
2026-09-29T13:13:46.945822+00:00,tennis_wta_china_open,dc54c4deb3249abab085252c654c1754,Aliaksandra Sasnovich,Talia Gibson,matchbook,h2h,2.16,1.59,2026-09-29T13:13:37+00:00
2026-09-29T13:13:46.945822+00:00,tennis_wta_china_open,dc54c4deb3249abab085252c654c1754,Aliaksandra Sasnovich,Talia Gibson,paddypower,h2h,2.25,1.62,2026-09-29T13:12:21+00:00
2026-09-29T13:13:46.945822+00:00,tennis_wta_china_open,dc54c4deb3249abab085252c654c1754,Aliaksandra Sasnovich,Talia Gibson,skybet,h2h,2.25,1.62,2026-09-29T13:13:21+00:00
2026-09-29T13:13:46.945822+00:00,tennis_wta_china_open,dc54c4deb3249abab085252c654c1754,Aliaksandra Sasnovich,Talia Gibson,smarkets,h2h,2.14,1.58,2026-09-29T13:13:36+00:00
2026-09-29T13:13:46.945822+00:00,tennis_wta_china_open,dc54c4deb3249abab085252c654c1754,Aliaksandra Sasnovich,Talia Gibson,sport888,h2h,2.2,1.67,2026-09-29T13:12:52+00:00
2026-09-29T13:13:46.945822+00:00,tennis_wta_china_open,dc54c4deb3249abab085252c654c1754,Aliaksandra Sasnovich,Talia Gibson,unibet_uk,h2h,2.21,1.64,2026-09-29T13:11:33+00:00
2026-09-29T13:13:46.945822+00:00,tennis_wta_china_open,dc54c4deb3249abab085252c654c1754,Aliaksandra Sasnovich,Talia Gibson,virginbet,h2h,2.28,1.63,2026-09-29T13:12:55+00:00
2026-09-29T13:13:46.945822+00:00,tennis_wta_china_open,dc54c4deb3249abab085252c654c1754,Aliaksandra Sasnovich,Talia Gibson,williamhill,h2h,2.2,1.67,2026-09-29T13:12:53+00:00
2026-09-29T13:13:46.945822+00:00,tennis_wta_china_open,c91ca7289161efc89f8baceaaef3511a,Daria Snigur,Katarzyna Kawa,betfair_ex_uk,h2h,1.03,4.4,2026-09-29T13:13:38+00:00
2026-09-29T13:13:46.945822+00:00,tennis_wta_china_open,c91ca7289161efc89f8baceaaef3511a,Daria Snigur,Katarzyna Kawa,betano_uk,h2h,1.15,4.75,2026-09-29T13:13:03+00:00
2026-09-29T13:13:46.945822+00:00,tennis_wta_china_open,c91ca7289161efc89f8baceaaef3511a,Daria Snigur,Katarzyna Kawa,betfair_sb_uk,h2h,1.17,5.0,2026-09-29T13:12:52+00:00
2026-09-29T13:13:46.945822+00:00,tennis_wta_china_open,c91ca7289161efc89f8baceaaef3511a,Daria Snigur,Katarzyna Kawa,betvictor,h2h,1.15,4.75,2026-09-29T13:09:19+00:00
2026-09-29T13:13:46.945822+00:00,tennis_wta_china_open,c91ca7289161efc89f8baceaaef3511a,Daria Snigur,Katarzyna Kawa,betway,h2h,1.15,5.25,2026-09-29T13:12:37+00:00
2026-09-29T13:13:46.945822+00:00,tennis_wta_china_open,c91ca7289161efc89f8baceaaef3511a,Daria Snigur,Katarzyna Kawa,boylesports,h2h,1.14,5.5,2026-09-29T13:12:22+00:00
2026-09-29T13:13:46.945822+00:00,tennis_wta_china_open,c91ca7289161efc89f8baceaaef3511a,Daria Snigur,Katarzyna Kawa,casumo,h2h,1.16,5.2,2026-09-29T13:12:52+00:00
2026-09-29T13:13:46.945822+00:00,tennis_wta_china_open,c91ca7289161efc89f8baceaaef3511a,Daria Snigur,Katarzyna Kawa,grosvenor,h2h,1.16,5.2,2026-09-29T13:12:52+00:00
2026-09-29T13:13:46.945822+00:00,tennis_wta_china_open,c91ca7289161efc89f8baceaaef3511a,Daria Snigur,Katarzyna Kawa,leovegas,h2h,1.14,5.0,2026-09-29T13:12:52+00:00
2026-09-29T13:13:46.945822+00:00,tennis_wta_china_open,c91ca7289161efc89f8baceaaef3511a,Daria Snigur,Katarzyna Kawa,livescorebet,h2h,1.16,5.2,2026-09-29T13:12:53+00:00
2026-09-29T13:13:46.945822+00:00,tennis_wta_china_open,c91ca7289161efc89f8baceaaef3511a,Daria Snigur,Katarzyna Kawa,matchbook,h2h,1.04,4.3,2026-09-29T13:13:37+00:00
2026-09-29T13:13:46.945822+00:00,tennis_wta_china_open,c91ca7289161efc89f8baceaaef3511a,Daria Snigur,Katarzyna Kawa,paddypower,h2h,1.14,5.5,2026-09-29T13:12:21+00:00
2026-09-29T13:13:46.945822+00:00,tennis_wta_china_open,c91ca7289161efc89f8baceaaef3511a,Daria Snigur,Katarzyna Kawa,skybet,h2h,1.14,5.5,2026-09-29T13:13:21+00:00
2026-09-29T13:13:46.945822+00:00,tennis_wta_china_open,c91ca7289161efc89f8baceaaef3511a,Daria Snigur,Katarzyna Kawa,smarkets,h2h,1.13,4.6,2026-09-29T13:13:36+00:00
2026-09-29T13:13:46.945822+00:00,tennis_wta_china_open,c91ca7289161efc89f8baceaaef3511a,Daria Snigur,Katarzyna Kawa,sport888,h2h,1.17,5.0,2026-09-29T13:12:52+00:00
2026-09-29T13:13:46.945822+00:00,tennis_wta_china_open,c91ca7289161efc89f8baceaaef3511a,Daria Snigur,Katarzyna Kawa,unibet_uk,h2h,1.15,5.25,2026-09-29T13:11:33+00:00
2026-09-29T13:13:46.945822+00:00,tennis_wta_china_open,c91ca7289161efc89f8baceaaef3511a,Daria Snigur,Katarzyna Kawa,virginbet,h2h,1.16,5.2,2026-09-29T13:12:55+00:00
2026-09-29T13:13:46.945822+00:00,tennis_wta_china_open,c91ca7289161efc89f8baceaaef3511a,Daria Snigur,Katarzyna Kawa,williamhill,h2h,1.17,5.0,2026-09-29T13:12:53+00:00
2026-09-29T13:13:46.945822+00:00,tennis_wta_china_open,6917febba0fb68f0dd74b8d0314ce397,Viktorija Golubic,Elvina Kalieva,betfair_ex_uk,h2h,1.26,2.48,2026-09-29T13:13:38+00:00
2026-09-29T13:13:46.945822+00:00,tennis_wta_china_open,6917febba0fb68f0dd74b8d0314ce397,Viktorija Golubic,Elvina Kalieva,betano_uk,h2h,1.45,2.5,2026-09-29T13:13:03+00:00
2026-09-29T13:13:46.945822+00:00,tennis_wta_china_open,6917febba0fb68f0dd74b8d0314ce397,Viktorija Golubic,Elvina Kalieva,betfair_sb_uk,h2h,1.5,2.63,2026-09-29T13:12:52+00:00
2026-09-29T13:13:46.945822+00:00,tennis_wta_china_open,6917febba0fb68f0dd74b8d0314ce397,Viktorija Golubic,Elvina Kalieva,betvictor,h2h,1.45,2.5,2026-09-29T13:09:19+00:00
2026-09-29T13:13:46.945822+00:00,tennis_wta_china_open,6917febba0fb68f0dd74b8d0314ce397,Viktorija Golubic,Elvina Kalieva,boylesports,h2h,1.5,2.62,2026-09-29T13:12:22+00:00
2026-09-29T13:13:46.945822+00:00,tennis_wta_china_open,6917febba0fb68f0dd74b8d0314ce397,Viktorija Golubic,Elvina Kalieva,casumo,h2h,1.51,2.55,2026-09-29T13:12:52+00:00
2026-09-29T13:13:46.945822+00:00,tennis_wta_china_open,6917febba0fb68f0dd74b8d0314ce397,Viktorija Golubic,Elvina Kalieva,grosvenor,h2h,1.51,2.55,2026-09-29T13:12:52+00:00
2026-09-29T13:13:46.945822+00:00,tennis_wta_china_open,6917febba0fb68f0dd74b8d0314ce397,Viktorija Golubic,Elvina Kalieva,leovegas,h2h,1.45,2.55,2026-09-29T13:12:52+00:00
2026-09-29T13:13:46.945822+00:00,tennis_wta_china_open,6917febba0fb68f0dd74b8d0314ce397,Viktorija Golubic,Elvina Kalieva,livescorebet,h2h,1.52,2.55,2026-09-29T13:12:53+00:00
2026-09-29T13:13:46.945822+00:00,tennis_wta_china_open,6917febba0fb68f0dd74b8d0314ce397,Viktorija Golubic,Elvina Kalieva,paddypower,h2h,1.44,2.62,2026-09-29T13:12:21+00:00
2026-09-29T13:13:46.945822+00:00,tennis_wta_china_open,6917febba0fb68f0dd74b8d0314ce397,Viktorija Golubic,Elvina Kalieva,skybet,h2h,1.5,2.63,2026-09-29T13:13:21+00:00
2026-09-29T13:13:46.945822+00:00,tennis_wta_china_open,6917febba0fb68f0dd74b8d0314ce397,Viktorija Golubic,Elvina Kalieva,smarkets,h2h,1.44,2.46,2026-09-29T13:13:36+00:00
2026-09-29T13:13:46.945822+00:00,tennis_wta_china_open,6917febba0fb68f0dd74b8d0314ce397,Viktorija Golubic,Elvina Kalieva,unibet_uk,h2h,1.48,2.6,2026-09-29T13:11:33+00:00
2026-09-29T13:13:46.945822+00:00,tennis_wta_china_open,6917febba0fb68f0dd74b8d0314ce397,Viktorija Golubic,Elvina Kalieva,virginbet,h2h,1.52,2.55,2026-09-29T13:12:55+00:00
2026-09-29T13:13:46.945822+00:00,tennis_wta_china_open,018b47464f16ca78f46bd6e72e2227a2,Oleksandra Oliynykova,Yue Yuan,betfair_ex_uk,h2h,2.72,1.56,2026-09-29T13:13:38+00:00
2026-09-29T13:13:46.945822+00:00,tennis_wta_china_open,018b47464f16ca78f46bd6e72e2227a2,Oleksandra Oliynykova,Yue Yuan,betano_uk,h2h,2.4,1.5,2026-09-29T13:13:03+00:00
2026-09-29T13:13:46.945822+00:00,tennis_wta_china_open,018b47464f16ca78f46bd6e72e2227a2,Oleksandra Oliynykova,Yue Yuan,betvictor,h2h,2.4,1.5,2026-09-29T13:09:19+00:00
2026-09-29T13:13:46.945822+00:00,tennis_wta_china_open,018b47464f16ca78f46bd6e72e2227a2,Oleksandra Oliynykova,Yue Yuan,betway,h2h,2.75,1.45,2026-09-29T13:12:37+00:00
2026-09-29T13:13:46.945822+00:00,tennis_wta_china_open,018b47464f16ca78f46bd6e72e2227a2,Oleksandra Oliynykova,Yue Yuan,boylesports,h2h,2.5,1.53,2026-09-29T13:12:22+00:00
2026-09-29T13:13:46.945822+00:00,tennis_wta_china_open,018b47464f16ca78f46bd6e72e2227a2,Oleksandra Oliynykova,Yue Yuan,casumo,h2h,2.7,1.45,2026-09-29T13:12:52+00:00
2026-09-29T13:13:46.945822+00:00,tennis_wta_china_open,018b47464f16ca78f46bd6e72e2227a2,Oleksandra Oliynykova,Yue Yuan,coral,h2h,2.5,1.48,2026-09-29T13:13:37+00:00
2026-09-29T13:13:46.945822+00:00,tennis_wta_china_open,018b47464f16ca78f46bd6e72e2227a2,Oleksandra Oliynykova,Yue Yuan,grosvenor,h2h,2.7,1.45,2026-09-29T13:12:52+00:00
2026-09-29T13:13:46.945822+00:00,tennis_wta_china_open,018b47464f16ca78f46bd6e72e2227a2,Oleksandra Oliynykova,Yue Yuan,ladbrokes_uk,h2h,2.5,1.48,2026-09-29T13:12:37+00:00
2026-09-29T13:13:46.945822+00:00,tennis_wta_china_open,018b47464f16ca78f46bd6e72e2227a2,Oleksandra Oliynykova,Yue Yuan,leovegas,h2h,2.5,1.47,2026-09-29T13:12:52+00:00
2026-09-29T13:13:46.945822+00:00,tennis_wta_china_open,018b47464f16ca78f46bd6e72e2227a2,Oleksandra Oliynykova,Yue Yuan,livescorebet,h2h,2.7,1.46,2026-09-29T13:12:53+00:00
2026-09-29T13:13:46.945822+00:00,tennis_wta_china_open,018b47464f16ca78f46bd6e72e2227a2,Oleksandra Oliynykova,Yue Yuan,matchbook,h2h,2.74,1.55,2026-09-29T13:13:36+00:00
2026-09-29T13:13:46.945822+00:00,tennis_wta_china_open,018b47464f16ca78f46bd6e72e2227a2,Oleksandra Oliynykova,Yue Yuan,paddypower,h2h,2.6,1.5,2026-09-29T13:12:21+00:00
2026-09-29T13:13:46.945822+00:00,tennis_wta_china_open,018b47464f16ca78f46bd6e72e2227a2,Oleksandra Oliynykova,Yue Yuan,skybet,h2h,2.63,1.5,2026-09-29T13:13:21+00:00
2026-09-29T13:13:46.945822+00:00,tennis_wta_china_open,018b47464f16ca78f46bd6e72e2227a2,Oleksandra Oliynykova,Yue Yuan,smarkets,h2h,2.7,1.52,2026-09-29T13:13:36+00:00
2026-09-29T13:13:46.945822+00:00,tennis_wta_china_open,018b47464f16ca78f46bd6e72e2227a2,Oleksandra Oliynykova,Yue Yuan,sport888,h2h,2.6,1.5,2026-09-29T13:12:52+00:00
2026-09-29T13:13:46.945822+00:00,tennis_wta_china_open,018b47464f16ca78f46bd6e72e2227a2,Oleksandra Oliynykova,Yue Yuan,unibet_uk,h2h,2.5,1.52,2026-09-29T13:11:33+00:00
2026-09-29T13:13:46.945822+00:00,tennis_wta_china_open,018b47464f16ca78f46bd6e72e2227a2,Oleksandra Oliynykova,Yue Yuan,virginbet,h2h,2.7,1.46,2026-09-29T13:12:55+00:00
2026-09-29T13:13:46.945822+00:00,tennis_wta_china_open,018b47464f16ca78f46bd6e72e2227a2,Oleksandra Oliynykova,Yue Yuan,williamhill,h2h,2.6,1.5,2026-09-29T13:12:53+00:00
2026-09-29T13:13:46.945822+00:00,tennis_wta_china_open,083228b0301672d5d40b1ae787e6ad55,Zhuoxuan Bai,Linda Fruhvirtova,betfair_ex_uk,h2h,1.7,1.99,2026-09-29T13:13:38+00:00
2026-09-29T13:13:46.945822+00:00,tennis_wta_china_open,083228b0301672d5d40b1ae787e6ad55,Zhuoxuan Bai,Linda Fruhvirtova,betano_uk,h2h,1.7,2.05,2026-09-29T13:13:03+00:00
2026-09-29T13:13:46.945822+00:00,tennis_wta_china_open,083228b0301672d5d40b1ae787e6ad55,Zhuoxuan Bai,Linda Fruhvirtova,betvictor,h2h,1.7,2.05,2026-09-29T13:09:19+00:00
2026-09-29T13:13:46.945822+00:00,tennis_wta_china_open,083228b0301672d5d40b1ae787e6ad55,Zhuoxuan Bai,Linda Fruhvirtova,betway,h2h,1.65,2.2,2026-09-29T13:12:37+00:00
2026-09-29T13:13:46.945822+00:00,tennis_wta_china_open,083228b0301672d5d40b1ae787e6ad55,Zhuoxuan Bai,Linda Fruhvirtova,boylesports,h2h,1.73,2.1,2026-09-29T13:12:22+00:00
2026-09-29T13:13:46.945822+00:00,tennis_wta_china_open,083228b0301672d5d40b1ae787e6ad55,Zhuoxuan Bai,Linda Fruhvirtova,leovegas,h2h,1.7,2.05,2026-09-29T13:12:52+00:00
2026-09-29T13:13:46.945822+00:00,tennis_wta_china_open,083228b0301672d5d40b1ae787e6ad55,Zhuoxuan Bai,Linda Fruhvirtova,matchbook,h2h,1.69,1.9,2026-09-29T13:13:37+00:00
2026-09-29T13:13:46.945822+00:00,tennis_wta_china_open,083228b0301672d5d40b1ae787e6ad55,Zhuoxuan Bai,Linda Fruhvirtova,paddypower,h2h,1.73,2.1,2026-09-29T13:12:21+00:00
2026-09-29T13:13:46.945822+00:00,tennis_wta_china_open,083228b0301672d5d40b1ae787e6ad55,Zhuoxuan Bai,Linda Fruhvirtova,skybet,h2h,1.73,2.1,2026-09-29T13:13:21+00:00
2026-09-29T13:13:46.945822+00:00,tennis_wta_china_open,083228b0301672d5d40b1ae787e6ad55,Zhuoxuan Bai,Linda Fruhvirtova,smarkets,h2h,1.66,2.0,2026-09-29T13:13:36+00:00
2026-09-29T13:13:46.945822+00:00,tennis_wta_china_open,083228b0301672d5d40b1ae787e6ad55,Zhuoxuan Bai,Linda Fruhvirtova,sport888,h2h,1.73,2.1,2026-09-29T13:12:52+00:00
2026-09-29T13:13:46.945822+00:00,tennis_wta_china_open,083228b0301672d5d40b1ae787e6ad55,Zhuoxuan Bai,Linda Fruhvirtova,unibet_uk,h2h,1.72,2.09,2026-09-29T13:11:33+00:00
2026-09-29T13:13:46.945822+00:00,tennis_wta_china_open,083228b0301672d5d40b1ae787e6ad55,Zhuoxuan Bai,Linda Fruhvirtova,williamhill,h2h,1.73,2.1,2026-09-29T13:12:53+00:00
2026-09-29T13:13:46.945822+00:00,tennis_wta_china_open,167387816ebcf2e890f7e946c8136043,Maddison Inglis,Zeynep Sonmez,betfair_ex_uk,h2h,2.56,1.28,2026-09-29T13:13:38+00:00
2026-09-29T13:13:46.945822+00:00,tennis_wta_china_open,167387816ebcf2e890f7e946c8136043,Maddison Inglis,Zeynep Sonmez,betano_uk,h2h,2.62,1.44,2026-09-29T13:13:03+00:00
2026-09-29T13:13:46.945822+00:00,tennis_wta_china_open,167387816ebcf2e890f7e946c8136043,Maddison Inglis,Zeynep Sonmez,betvictor,h2h,2.62,1.44,2026-09-29T13:09:19+00:00
2026-09-29T13:13:46.945822+00:00,tennis_wta_china_open,167387816ebcf2e890f7e946c8136043,Maddison Inglis,Zeynep Sonmez,betway,h2h,2.75,1.45,2026-09-29T13:12:37+00:00
2026-09-29T13:13:46.945822+00:00,tennis_wta_china_open,167387816ebcf2e890f7e946c8136043,Maddison Inglis,Zeynep Sonmez,boylesports,h2h,2.75,1.44,2026-09-29T13:12:22+00:00
2026-09-29T13:13:46.945822+00:00,tennis_wta_china_open,167387816ebcf2e890f7e946c8136043,Maddison Inglis,Zeynep Sonmez,casumo,h2h,2.85,1.42,2026-09-29T13:12:52+00:00
2026-09-29T13:13:46.945822+00:00,tennis_wta_china_open,167387816ebcf2e890f7e946c8136043,Maddison Inglis,Zeynep Sonmez,grosvenor,h2h,2.85,1.42,2026-09-29T13:12:52+00:00
2026-09-29T13:13:46.945822+00:00,tennis_wta_china_open,167387816ebcf2e890f7e946c8136043,Maddison Inglis,Zeynep Sonmez,leovegas,h2h,2.65,1.42,2026-09-29T13:12:52+00:00
2026-09-29T13:13:46.945822+00:00,tennis_wta_china_open,167387816ebcf2e890f7e946c8136043,Maddison Inglis,Zeynep Sonmez,livescorebet,h2h,2.85,1.42,2026-09-29T13:12:53+00:00
2026-09-29T13:13:46.945822+00:00,tennis_wta_china_open,167387816ebcf2e890f7e946c8136043,Maddison Inglis,Zeynep Sonmez,matchbook,h2h,2.42,1.27,2026-09-29T13:13:37+00:00
2026-09-29T13:13:46.945822+00:00,tennis_wta_china_open,167387816ebcf2e890f7e946c8136043,Maddison Inglis,Zeynep Sonmez,paddypower,h2h,2.8,1.4,2026-09-29T13:12:21+00:00
2026-09-29T13:13:46.945822+00:00,tennis_wta_china_open,167387816ebcf2e890f7e946c8136043,Maddison Inglis,Zeynep Sonmez,skybet,h2h,2.88,1.44,2026-09-29T13:13:21+00:00
2026-09-29T13:13:46.945822+00:00,tennis_wta_china_open,167387816ebcf2e890f7e946c8136043,Maddison Inglis,Zeynep Sonmez,smarkets,h2h,2.58,1.4,2026-09-29T13:13:36+00:00
2026-09-29T13:13:46.945822+00:00,tennis_wta_china_open,167387816ebcf2e890f7e946c8136043,Maddison Inglis,Zeynep Sonmez,sport888,h2h,2.75,1.44,2026-09-29T13:12:52+00:00
2026-09-29T13:13:46.945822+00:00,tennis_wta_china_open,167387816ebcf2e890f7e946c8136043,Maddison Inglis,Zeynep Sonmez,unibet_uk,h2h,2.75,1.44,2026-09-29T13:11:33+00:00
2026-09-29T13:13:46.945822+00:00,tennis_wta_china_open,167387816ebcf2e890f7e946c8136043,Maddison Inglis,Zeynep Sonmez,virginbet,h2h,2.85,1.42,2026-09-29T13:12:55+00:00
2026-09-29T13:13:46.945822+00:00,tennis_wta_china_open,167387816ebcf2e890f7e946c8136043,Maddison Inglis,Zeynep Sonmez,williamhill,h2h,2.75,1.44,2026-09-29T13:12:53+00:00
2026-09-29T13:13:46.945822+00:00,tennis_wta_china_open,34351b07c4a28db399a1fe7fc17686d8,Mai Hontama,Katie Boulter,betfair_ex_uk,h2h,2.8,1.25,2026-09-29T13:13:38+00:00
2026-09-29T13:13:46.945822+00:00,tennis_wta_china_open,34351b07c4a28db399a1fe7fc17686d8,Mai Hontama,Katie Boulter,betano_uk,h2h,2.6,1.45,2026-09-29T13:13:03+00:00
2026-09-29T13:13:46.945822+00:00,tennis_wta_china_open,34351b07c4a28db399a1fe7fc17686d8,Mai Hontama,Katie Boulter,betvictor,h2h,2.6,1.45,2026-09-29T13:09:19+00:00
2026-09-29T13:13:46.945822+00:00,tennis_wta_china_open,34351b07c4a28db399a1fe7fc17686d8,Mai Hontama,Katie Boulter,betway,h2h,2.75,1.45,2026-09-29T13:12:37+00:00
2026-09-29T13:13:46.945822+00:00,tennis_wta_china_open,34351b07c4a28db399a1fe7fc17686d8,Mai Hontama,Katie Boulter,boylesports,h2h,2.62,1.5,2026-09-29T13:12:23+00:00
2026-09-29T13:13:46.945822+00:00,tennis_wta_china_open,34351b07c4a28db399a1fe7fc17686d8,Mai Hontama,Katie Boulter,casumo,h2h,2.65,1.48,2026-09-29T13:12:52+00:00
2026-09-29T13:13:46.945822+00:00,tennis_wta_china_open,34351b07c4a28db399a1fe7fc17686d8,Mai Hontama,Katie Boulter,grosvenor,h2h,2.65,1.48,2026-09-29T13:12:52+00:00
2026-09-29T13:13:46.945822+00:00,tennis_wta_china_open,34351b07c4a28db399a1fe7fc17686d8,Mai Hontama,Katie Boulter,leovegas,h2h,2.5,1.47,2026-09-29T13:12:52+00:00
2026-09-29T13:13:46.945822+00:00,tennis_wta_china_open,34351b07c4a28db399a1fe7fc17686d8,Mai Hontama,Katie Boulter,livescorebet,h2h,2.65,1.48,2026-09-29T13:12:53+00:00
2026-09-29T13:13:46.945822+00:00,tennis_wta_china_open,34351b07c4a28db399a1fe7fc17686d8,Mai Hontama,Katie Boulter,matchbook,h2h,2.56,1.25,2026-09-29T13:13:37+00:00
2026-09-29T13:13:46.945822+00:00,tennis_wta_china_open,34351b07c4a28db399a1fe7fc17686d8,Mai Hontama,Katie Boulter,paddypower,h2h,2.62,1.44,2026-09-29T13:12:21+00:00
2026-09-29T13:13:46.945822+00:00,tennis_wta_china_open,34351b07c4a28db399a1fe7fc17686d8,Mai Hontama,Katie Boulter,skybet,h2h,2.63,1.44,2026-09-29T13:13:21+00:00
2026-09-29T13:13:46.945822+00:00,tennis_wta_china_open,34351b07c4a28db399a1fe7fc17686d8,Mai Hontama,Katie Boulter,smarkets,h2h,2.44,1.45,2026-09-29T13:13:36+00:00
2026-09-29T13:13:46.945822+00:00,tennis_wta_china_open,34351b07c4a28db399a1fe7fc17686d8,Mai Hontama,Katie Boulter,sport888,h2h,2.6,1.5,2026-09-29T13:12:52+00:00
2026-09-29T13:13:46.945822+00:00,tennis_wta_china_open,34351b07c4a28db399a1fe7fc17686d8,Mai Hontama,Katie Boulter,unibet_uk,h2h,2.55,1.5,2026-09-29T13:11:33+00:00
2026-09-29T13:13:46.945822+00:00,tennis_wta_china_open,34351b07c4a28db399a1fe7fc17686d8,Mai Hontama,Katie Boulter,virginbet,h2h,2.65,1.48,2026-09-29T13:12:55+00:00
2026-09-29T13:13:46.945822+00:00,tennis_wta_china_open,34351b07c4a28db399a1fe7fc17686d8,Mai Hontama,Katie Boulter,williamhill,h2h,2.6,1.5,2026-09-29T13:12:53+00:00
2026-09-29T13:13:46.945822+00:00,tennis_wta_china_open,0a5724597a812c45faf15e4bb13f4f0e,Taylah Preston,Tamara Korpatsch,betfair_ex_uk,h2h,1.51,2.9,2026-09-29T13:13:38+00:00
2026-09-29T13:13:46.945822+00:00,tennis_wta_china_open,0a5724597a812c45faf15e4bb13f4f0e,Taylah Preston,Tamara Korpatsch,betano_uk,h2h,1.44,2.6,2026-09-29T13:13:03+00:00
2026-09-29T13:13:46.945822+00:00,tennis_wta_china_open,0a5724597a812c45faf15e4bb13f4f0e,Taylah Preston,Tamara Korpatsch,betvictor,h2h,1.44,2.6,2026-09-29T13:09:19+00:00
2026-09-29T13:13:46.945822+00:00,tennis_wta_china_open,0a5724597a812c45faf15e4bb13f4f0e,Taylah Preston,Tamara Korpatsch,betway,h2h,1.44,2.75,2026-09-29T13:12:37+00:00
2026-09-29T13:13:46.945822+00:00,tennis_wta_china_open,0a5724597a812c45faf15e4bb13f4f0e,Taylah Preston,Tamara Korpatsch,boylesports,h2h,1.44,2.75,2026-09-29T13:12:23+00:00
2026-09-29T13:13:46.945822+00:00,tennis_wta_china_open,0a5724597a812c45faf15e4bb13f4f0e,Taylah Preston,Tamara Korpatsch,casumo,h2h,1.43,2.8,2026-09-29T13:12:52+00:00
2026-09-29T13:13:46.945822+00:00,tennis_wta_china_open,0a5724597a812c45faf15e4bb13f4f0e,Taylah Preston,Tamara Korpatsch,coral,h2h,1.4,2.75,2026-09-29T13:13:37+00:00
2026-09-29T13:13:46.945822+00:00,tennis_wta_china_open,0a5724597a812c45faf15e4bb13f4f0e,Taylah Preston,Tamara Korpatsch,grosvenor,h2h,1.43,2.8,2026-09-29T13:12:52+00:00
2026-09-29T13:13:46.945822+00:00,tennis_wta_china_open,0a5724597a812c45faf15e4bb13f4f0e,Taylah Preston,Tamara Korpatsch,ladbrokes_uk,h2h,1.4,2.75,2026-09-29T13:12:37+00:00
2026-09-29T13:13:46.945822+00:00,tennis_wta_china_open,0a5724597a812c45faf15e4bb13f4f0e,Taylah Preston,Tamara Korpatsch,leovegas,h2h,1.42,2.65,2026-09-29T13:12:52+00:00
2026-09-29T13:13:46.945822+00:00,tennis_wta_china_open,0a5724597a812c45faf15e4bb13f4f0e,Taylah Preston,Tamara Korpatsch,livescorebet,h2h,1.44,2.8,2026-09-29T13:12:53+00:00
2026-09-29T13:13:46.945822+00:00,tennis_wta_china_open,0a5724597a812c45faf15e4bb13f4f0e,Taylah Preston,Tamara Korpatsch,matchbook,h2h,1.51,2.9,2026-09-29T13:13:37+00:00
2026-09-29T13:13:46.945822+00:00,tennis_wta_china_open,0a5724597a812c45faf15e4bb13f4f0e,Taylah Preston,Tamara Korpatsch,paddypower,h2h,1.44,2.75,2026-09-29T13:12:21+00:00
2026-09-29T13:13:46.945822+00:00,tennis_wta_china_open,0a5724597a812c45faf15e4bb13f4f0e,Taylah Preston,Tamara Korpatsch,skybet,h2h,1.44,2.75,2026-09-29T13:13:21+00:00
2026-09-29T13:13:46.945822+00:00,tennis_wta_china_open,0a5724597a812c45faf15e4bb13f4f0e,Taylah Preston,Tamara Korpatsch,smarkets,h2h,1.47,2.88,2026-09-29T13:13:36+00:00
2026-09-29T13:13:46.945822+00:00,tennis_wta_china_open,0a5724597a812c45faf15e4bb13f4f0e,Taylah Preston,Tamara Korpatsch,sport888,h2h,1.44,2.75,2026-09-29T13:12:52+00:00
2026-09-29T13:13:46.945822+00:00,tennis_wta_china_open,0a5724597a812c45faf15e4bb13f4f0e,Taylah Preston,Tamara Korpatsch,unibet_uk,h2h,1.44,2.7,2026-09-29T13:11:33+00:00
2026-09-29T13:13:46.945822+00:00,tennis_wta_china_open,0a5724597a812c45faf15e4bb13f4f0e,Taylah Preston,Tamara Korpatsch,virginbet,h2h,1.44,2.8,2026-09-29T13:12:55+00:00
2026-09-29T13:13:46.945822+00:00,tennis_wta_china_open,0a5724597a812c45faf15e4bb13f4f0e,Taylah Preston,Tamara Korpatsch,williamhill,h2h,1.44,2.75,2026-09-29T13:12:53+00:00
2026-09-29T13:13:46.945822+00:00,tennis_wta_china_open,bbf4905139196211ba48e7371d25ae32,Elsa Jacquemot,Magdalena Frech,betfair_ex_uk,h2h,2.8,1.3,2026-09-29T13:13:38+00:00
2026-09-29T13:13:46.945822+00:00,tennis_wta_china_open,bbf4905139196211ba48e7371d25ae32,Elsa Jacquemot,Magdalena Frech,betano_uk,h2h,2.6,1.45,2026-09-29T13:13:03+00:00
2026-09-29T13:13:46.945822+00:00,tennis_wta_china_open,bbf4905139196211ba48e7371d25ae32,Elsa Jacquemot,Magdalena Frech,betvictor,h2h,2.6,1.45,2026-09-29T13:09:19+00:00
2026-09-29T13:13:46.945822+00:00,tennis_wta_china_open,bbf4905139196211ba48e7371d25ae32,Elsa Jacquemot,Magdalena Frech,betway,h2h,2.75,1.45,2026-09-29T13:12:37+00:00
2026-09-29T13:13:46.945822+00:00,tennis_wta_china_open,bbf4905139196211ba48e7371d25ae32,Elsa Jacquemot,Magdalena Frech,boylesports,h2h,2.62,1.5,2026-09-29T13:12:23+00:00
2026-09-29T13:13:46.945822+00:00,tennis_wta_china_open,bbf4905139196211ba48e7371d25ae32,Elsa Jacquemot,Magdalena Frech,casumo,h2h,2.6,1.5,2026-09-29T13:12:52+00:00
2026-09-29T13:13:46.945822+00:00,tennis_wta_china_open,bbf4905139196211ba48e7371d25ae32,Elsa Jacquemot,Magdalena Frech,grosvenor,h2h,2.6,1.5,2026-09-29T13:12:52+00:00
2026-09-29T13:13:46.945822+00:00,tennis_wta_china_open,bbf4905139196211ba48e7371d25ae32,Elsa Jacquemot,Magdalena Frech,leovegas,h2h,2.55,1.47,2026-09-29T13:12:52+00:00
2026-09-29T13:13:46.945822+00:00,tennis_wta_china_open,bbf4905139196211ba48e7371d25ae32,Elsa Jacquemot,Magdalena Frech,livescorebet,h2h,2.6,1.5,2026-09-29T13:12:53+00:00
2026-09-29T13:13:46.945822+00:00,tennis_wta_china_open,bbf4905139196211ba48e7371d25ae32,Elsa Jacquemot,Magdalena Frech,matchbook,h2h,2.56,1.27,2026-09-29T13:13:37+00:00
2026-09-29T13:13:46.945822+00:00,tennis_wta_china_open,bbf4905139196211ba48e7371d25ae32,Elsa Jacquemot,Magdalena Frech,paddypower,h2h,2.62,1.44,2026-09-29T13:12:21+00:00
2026-09-29T13:13:46.945822+00:00,tennis_wta_china_open,bbf4905139196211ba48e7371d25ae32,Elsa Jacquemot,Magdalena Frech,skybet,h2h,2.75,1.44,2026-09-29T13:13:21+00:00
2026-09-29T13:13:46.945822+00:00,tennis_wta_china_open,bbf4905139196211ba48e7371d25ae32,Elsa Jacquemot,Magdalena Frech,smarkets,h2h,2.54,1.44,2026-09-29T13:13:36+00:00
2026-09-29T13:13:46.945822+00:00,tennis_wta_china_open,bbf4905139196211ba48e7371d25ae32,Elsa Jacquemot,Magdalena Frech,unibet_uk,h2h,2.55,1.47,2026-09-29T13:11:33+00:00
2026-09-29T13:13:46.945822+00:00,tennis_wta_china_open,bbf4905139196211ba48e7371d25ae32,Elsa Jacquemot,Magdalena Frech,virginbet,h2h,2.6,1.5,2026-09-29T13:12:55+00:00
2026-09-29T13:13:46.945822+00:00,tennis_wta_china_open,8a371753095dc91ecfc727a9bf51b90c,Anna Bondár,Renata Zarazua,betfair_ex_uk,h2h,1.45,3.15,2026-09-29T13:13:38+00:00
2026-09-29T13:13:46.945822+00:00,tennis_wta_china_open,8a371753095dc91ecfc727a9bf51b90c,Anna Bondár,Renata Zarazua,betano_uk,h2h,1.4,2.75,2026-09-29T13:13:03+00:00
2026-09-29T13:13:46.945822+00:00,tennis_wta_china_open,8a371753095dc91ecfc727a9bf51b90c,Anna Bondár,Renata Zarazua,betvictor,h2h,1.4,2.75,2026-09-29T13:09:19+00:00
2026-09-29T13:13:46.945822+00:00,tennis_wta_china_open,8a371753095dc91ecfc727a9bf51b90c,Anna Bondár,Renata Zarazua,betway,h2h,1.44,2.75,2026-09-29T13:12:37+00:00
2026-09-29T13:13:46.945822+00:00,tennis_wta_china_open,8a371753095dc91ecfc727a9bf51b90c,Anna Bondár,Renata Zarazua,boylesports,h2h,1.4,2.88,2026-09-29T13:12:23+00:00
2026-09-29T13:13:46.945822+00:00,tennis_wta_china_open,8a371753095dc91ecfc727a9bf51b90c,Anna Bondár,Renata Zarazua,casumo,h2h,1.43,2.8,2026-09-29T13:12:52+00:00
2026-09-29T13:13:46.945822+00:00,tennis_wta_china_open,8a371753095dc91ecfc727a9bf51b90c,Anna Bondár,Renata Zarazua,coral,h2h,1.4,2.87,2026-09-29T13:13:37+00:00
2026-09-29T13:13:46.945822+00:00,tennis_wta_china_open,8a371753095dc91ecfc727a9bf51b90c,Anna Bondár,Renata Zarazua,grosvenor,h2h,1.43,2.8,2026-09-29T13:12:52+00:00
2026-09-29T13:13:46.945822+00:00,tennis_wta_china_open,8a371753095dc91ecfc727a9bf51b90c,Anna Bondár,Renata Zarazua,ladbrokes_uk,h2h,1.4,2.87,2026-09-29T13:12:37+00:00
2026-09-29T13:13:46.945822+00:00,tennis_wta_china_open,8a371753095dc91ecfc727a9bf51b90c,Anna Bondár,Renata Zarazua,leovegas,h2h,1.4,2.75,2026-09-29T13:12:52+00:00
2026-09-29T13:13:46.945822+00:00,tennis_wta_china_open,8a371753095dc91ecfc727a9bf51b90c,Anna Bondár,Renata Zarazua,livescorebet,h2h,1.44,2.8,2026-09-29T13:12:53+00:00
2026-09-29T13:13:46.945822+00:00,tennis_wta_china_open,8a371753095dc91ecfc727a9bf51b90c,Anna Bondár,Renata Zarazua,matchbook,h2h,1.45,3.15,2026-09-29T13:13:36+00:00
2026-09-29T13:13:46.945822+00:00,tennis_wta_china_open,8a371753095dc91ecfc727a9bf51b90c,Anna Bondár,Renata Zarazua,paddypower,h2h,1.36,3.1,2026-09-29T13:12:21+00:00
2026-09-29T13:13:46.945822+00:00,tennis_wta_china_open,8a371753095dc91ecfc727a9bf51b90c,Anna Bondár,Renata Zarazua,skybet,h2h,1.36,3.0,2026-09-29T13:13:21+00:00
2026-09-29T13:13:46.945822+00:00,tennis_wta_china_open,8a371753095dc91ecfc727a9bf51b90c,Anna Bondár,Renata Zarazua,smarkets,h2h,1.43,3.15,2026-09-29T13:13:36+00:00
2026-09-29T13:13:46.945822+00:00,tennis_wta_china_open,8a371753095dc91ecfc727a9bf51b90c,Anna Bondár,Renata Zarazua,sport888,h2h,1.4,2.9,2026-09-29T13:12:52+00:00
2026-09-29T13:13:46.945822+00:00,tennis_wta_china_open,8a371753095dc91ecfc727a9bf51b90c,Anna Bondár,Renata Zarazua,unibet_uk,h2h,1.42,2.75,2026-09-29T13:11:33+00:00
2026-09-29T13:13:46.945822+00:00,tennis_wta_china_open,8a371753095dc91ecfc727a9bf51b90c,Anna Bondár,Renata Zarazua,virginbet,h2h,1.44,2.8,2026-09-29T13:12:55+00:00
2026-09-29T13:13:46.945822+00:00,tennis_wta_china_open,8a371753095dc91ecfc727a9bf51b90c,Anna Bondár,Renata Zarazua,williamhill,h2h,1.4,2.9,2026-09-29T13:12:53+00:00
2026-09-29T13:13:46.945822+00:00,tennis_wta_china_open,08940f5da7dc81ecbf2ab4828f6a4c0c,Yuliia Starodubtseva,Alina Charaeva,betfair_ex_uk,h2h,1.69,2.32,2026-09-29T13:13:38+00:00
2026-09-29T13:13:46.945822+00:00,tennis_wta_china_open,08940f5da7dc81ecbf2ab4828f6a4c0c,Yuliia Starodubtseva,Alina Charaeva,betano_uk,h2h,1.57,2.25,2026-09-29T13:13:03+00:00
2026-09-29T13:13:46.945822+00:00,tennis_wta_china_open,08940f5da7dc81ecbf2ab4828f6a4c0c,Yuliia Starodubtseva,Alina Charaeva,betvictor,h2h,1.57,2.25,2026-09-29T13:09:19+00:00
2026-09-29T13:13:46.945822+00:00,tennis_wta_china_open,08940f5da7dc81ecbf2ab4828f6a4c0c,Yuliia Starodubtseva,Alina Charaeva,betway,h2h,1.65,2.25,2026-09-29T13:12:37+00:00
2026-09-29T13:13:46.945822+00:00,tennis_wta_china_open,08940f5da7dc81ecbf2ab4828f6a4c0c,Yuliia Starodubtseva,Alina Charaeva,boylesports,h2h,1.57,2.38,2026-09-29T13:12:23+00:00
2026-09-29T13:13:46.945822+00:00,tennis_wta_china_open,08940f5da7dc81ecbf2ab4828f6a4c0c,Yuliia Starodubtseva,Alina Charaeva,casumo,h2h,1.57,2.38,2026-09-29T13:12:52+00:00
2026-09-29T13:13:46.945822+00:00,tennis_wta_china_open,08940f5da7dc81ecbf2ab4828f6a4c0c,Yuliia Starodubtseva,Alina Charaeva,coral,h2h,1.57,2.25,2026-09-29T13:13:37+00:00
2026-09-29T13:13:46.945822+00:00,tennis_wta_china_open,08940f5da7dc81ecbf2ab4828f6a4c0c,Yuliia Starodubtseva,Alina Charaeva,grosvenor,h2h,1.57,2.38,2026-09-29T13:12:52+00:00
2026-09-29T13:13:46.945822+00:00,tennis_wta_china_open,08940f5da7dc81ecbf2ab4828f6a4c0c,Yuliia Starodubtseva,Alina Charaeva,ladbrokes_uk,h2h,1.57,2.25,2026-09-29T13:12:37+00:00
2026-09-29T13:13:46.945822+00:00,tennis_wta_china_open,08940f5da7dc81ecbf2ab4828f6a4c0c,Yuliia Starodubtseva,Alina Charaeva,leovegas,h2h,1.57,2.25,2026-09-29T13:12:52+00:00
2026-09-29T13:13:46.945822+00:00,tennis_wta_china_open,08940f5da7dc81ecbf2ab4828f6a4c0c,Yuliia Starodubtseva,Alina Charaeva,livescorebet,h2h,1.58,2.38,2026-09-29T13:12:53+00:00
2026-09-29T13:13:46.945822+00:00,tennis_wta_china_open,08940f5da7dc81ecbf2ab4828f6a4c0c,Yuliia Starodubtseva,Alina Charaeva,matchbook,h2h,1.69,2.32,2026-09-29T13:13:36+00:00
2026-09-29T13:13:46.945822+00:00,tennis_wta_china_open,08940f5da7dc81ecbf2ab4828f6a4c0c,Yuliia Starodubtseva,Alina Charaeva,paddypower,h2h,1.62,2.3,2026-09-29T13:12:21+00:00
2026-09-29T13:13:46.945822+00:00,tennis_wta_china_open,08940f5da7dc81ecbf2ab4828f6a4c0c,Yuliia Starodubtseva,Alina Charaeva,skybet,h2h,1.62,2.25,2026-09-29T13:13:21+00:00
2026-09-29T13:13:46.945822+00:00,tennis_wta_china_open,08940f5da7dc81ecbf2ab4828f6a4c0c,Yuliia Starodubtseva,Alina Charaeva,smarkets,h2h,1.58,2.18,2026-09-29T13:13:36+00:00
2026-09-29T13:13:46.945822+00:00,tennis_wta_china_open,08940f5da7dc81ecbf2ab4828f6a4c0c,Yuliia Starodubtseva,Alina Charaeva,sport888,h2h,1.67,2.2,2026-09-29T13:12:52+00:00
2026-09-29T13:13:46.945822+00:00,tennis_wta_china_open,08940f5da7dc81ecbf2ab4828f6a4c0c,Yuliia Starodubtseva,Alina Charaeva,unibet_uk,h2h,1.58,2.29,2026-09-29T13:11:34+00:00
2026-09-29T13:13:46.945822+00:00,tennis_wta_china_open,08940f5da7dc81ecbf2ab4828f6a4c0c,Yuliia Starodubtseva,Alina Charaeva,virginbet,h2h,1.58,2.38,2026-09-29T13:12:55+00:00
2026-09-29T13:13:46.945822+00:00,tennis_wta_china_open,cdd2c64d6e5bb4cbd7521e202aff68d7,Alycia Parks,Lin Zhu,betfair_ex_uk,h2h,1.92,2.0,2026-09-29T13:13:38+00:00
2026-09-29T13:13:46.945822+00:00,tennis_wta_china_open,cdd2c64d6e5bb4cbd7521e202aff68d7,Alycia Parks,Lin Zhu,betano_uk,h2h,1.8,1.91,2026-09-29T13:13:03+00:00
2026-09-29T13:13:46.945822+00:00,tennis_wta_china_open,cdd2c64d6e5bb4cbd7521e202aff68d7,Alycia Parks,Lin Zhu,betvictor,h2h,1.8,1.91,2026-09-29T13:09:19+00:00
2026-09-29T13:13:46.945822+00:00,tennis_wta_china_open,cdd2c64d6e5bb4cbd7521e202aff68d7,Alycia Parks,Lin Zhu,betway,h2h,1.85,1.95,2026-09-29T13:12:37+00:00
2026-09-29T13:13:46.945822+00:00,tennis_wta_china_open,cdd2c64d6e5bb4cbd7521e202aff68d7,Alycia Parks,Lin Zhu,boylesports,h2h,1.91,1.91,2026-09-29T13:12:23+00:00
2026-09-29T13:13:46.945822+00:00,tennis_wta_china_open,cdd2c64d6e5bb4cbd7521e202aff68d7,Alycia Parks,Lin Zhu,casumo,h2h,1.85,1.94,2026-09-29T13:12:52+00:00
2026-09-29T13:13:46.945822+00:00,tennis_wta_china_open,cdd2c64d6e5bb4cbd7521e202aff68d7,Alycia Parks,Lin Zhu,coral,h2h,1.83,1.91,2026-09-29T13:13:37+00:00
2026-09-29T13:13:46.945822+00:00,tennis_wta_china_open,cdd2c64d6e5bb4cbd7521e202aff68d7,Alycia Parks,Lin Zhu,grosvenor,h2h,1.85,1.94,2026-09-29T13:12:52+00:00
2026-09-29T13:13:46.945822+00:00,tennis_wta_china_open,cdd2c64d6e5bb4cbd7521e202aff68d7,Alycia Parks,Lin Zhu,ladbrokes_uk,h2h,1.83,1.91,2026-09-29T13:12:37+00:00
2026-09-29T13:13:46.945822+00:00,tennis_wta_china_open,cdd2c64d6e5bb4cbd7521e202aff68d7,Alycia Parks,Lin Zhu,leovegas,h2h,1.8,1.9,2026-09-29T13:12:52+00:00
2026-09-29T13:13:46.945822+00:00,tennis_wta_china_open,cdd2c64d6e5bb4cbd7521e202aff68d7,Alycia Parks,Lin Zhu,livescorebet,h2h,1.85,1.95,2026-09-29T13:12:53+00:00
2026-09-29T13:13:46.945822+00:00,tennis_wta_china_open,cdd2c64d6e5bb4cbd7521e202aff68d7,Alycia Parks,Lin Zhu,matchbook,h2h,1.92,2.0,2026-09-29T13:13:36+00:00
2026-09-29T13:13:46.945822+00:00,tennis_wta_china_open,cdd2c64d6e5bb4cbd7521e202aff68d7,Alycia Parks,Lin Zhu,paddypower,h2h,1.83,1.91,2026-09-29T13:12:21+00:00
2026-09-29T13:13:46.945822+00:00,tennis_wta_china_open,cdd2c64d6e5bb4cbd7521e202aff68d7,Alycia Parks,Lin Zhu,skybet,h2h,1.83,1.91,2026-09-29T13:13:21+00:00
2026-09-29T13:13:46.945822+00:00,tennis_wta_china_open,cdd2c64d6e5bb4cbd7521e202aff68d7,Alycia Parks,Lin Zhu,smarkets,h2h,1.81,1.85,2026-09-29T13:13:36+00:00
2026-09-29T13:13:46.945822+00:00,tennis_wta_china_open,cdd2c64d6e5bb4cbd7521e202aff68d7,Alycia Parks,Lin Zhu,sport888,h2h,1.85,1.95,2026-09-29T13:12:52+00:00
2026-09-29T13:13:46.945822+00:00,tennis_wta_china_open,cdd2c64d6e5bb4cbd7521e202aff68d7,Alycia Parks,Lin Zhu,unibet_uk,h2h,1.81,1.92,2026-09-29T13:11:33+00:00
2026-09-29T13:13:46.945822+00:00,tennis_wta_china_open,cdd2c64d6e5bb4cbd7521e202aff68d7,Alycia Parks,Lin Zhu,virginbet,h2h,1.85,1.95,2026-09-29T13:12:55+00:00
2026-09-29T13:13:46.945822+00:00,tennis_wta_china_open,cdd2c64d6e5bb4cbd7521e202aff68d7,Alycia Parks,Lin Zhu,williamhill,h2h,1.85,1.95,2026-09-29T13:12:53+00:00
2026-09-29T13:13:46.945822+00:00,tennis_wta_china_open,c61cca87a103a35f8e1889747b27f171,Aoi Ito,Kimberly Birrell,betfair_ex_uk,h2h,3.8,1.33,2026-09-29T13:13:38+00:00
2026-09-29T13:13:46.945822+00:00,tennis_wta_china_open,c61cca87a103a35f8e1889747b27f171,Aoi Ito,Kimberly Birrell,betano_uk,h2h,3.25,1.29,2026-09-29T13:13:03+00:00
2026-09-29T13:13:46.945822+00:00,tennis_wta_china_open,c61cca87a103a35f8e1889747b27f171,Aoi Ito,Kimberly Birrell,betvictor,h2h,3.25,1.29,2026-09-29T13:09:19+00:00
2026-09-29T13:13:46.945822+00:00,tennis_wta_china_open,c61cca87a103a35f8e1889747b27f171,Aoi Ito,Kimberly Birrell,betway,h2h,3.5,1.3,2026-09-29T13:12:37+00:00
2026-09-29T13:13:46.945822+00:00,tennis_wta_china_open,c61cca87a103a35f8e1889747b27f171,Aoi Ito,Kimberly Birrell,boylesports,h2h,3.6,1.3,2026-09-29T13:12:23+00:00
2026-09-29T13:13:46.945822+00:00,tennis_wta_china_open,c61cca87a103a35f8e1889747b27f171,Aoi Ito,Kimberly Birrell,casumo,h2h,3.75,1.27,2026-09-29T13:12:52+00:00
2026-09-29T13:13:46.945822+00:00,tennis_wta_china_open,c61cca87a103a35f8e1889747b27f171,Aoi Ito,Kimberly Birrell,coral,h2h,3.5,1.28,2026-09-29T13:13:37+00:00
2026-09-29T13:13:46.945822+00:00,tennis_wta_china_open,c61cca87a103a35f8e1889747b27f171,Aoi Ito,Kimberly Birrell,grosvenor,h2h,3.75,1.27,2026-09-29T13:12:52+00:00
2026-09-29T13:13:46.945822+00:00,tennis_wta_china_open,c61cca87a103a35f8e1889747b27f171,Aoi Ito,Kimberly Birrell,ladbrokes_uk,h2h,3.5,1.28,2026-09-29T13:12:37+00:00
2026-09-29T13:13:46.945822+00:00,tennis_wta_china_open,c61cca87a103a35f8e1889747b27f171,Aoi Ito,Kimberly Birrell,leovegas,h2h,3.35,1.28,2026-09-29T13:12:52+00:00
2026-09-29T13:13:46.945822+00:00,tennis_wta_china_open,c61cca87a103a35f8e1889747b27f171,Aoi Ito,Kimberly Birrell,livescorebet,h2h,3.75,1.27,2026-09-29T13:12:53+00:00
2026-09-29T13:13:46.945822+00:00,tennis_wta_china_open,c61cca87a103a35f8e1889747b27f171,Aoi Ito,Kimberly Birrell,matchbook,h2h,3.8,1.33,2026-09-29T13:13:36+00:00
2026-09-29T13:13:46.945822+00:00,tennis_wta_china_open,c61cca87a103a35f8e1889747b27f171,Aoi Ito,Kimberly Birrell,paddypower,h2h,3.6,1.25,2026-09-29T13:12:21+00:00
2026-09-29T13:13:46.945822+00:00,tennis_wta_china_open,c61cca87a103a35f8e1889747b27f171,Aoi Ito,Kimberly Birrell,skybet,h2h,3.75,1.25,2026-09-29T13:13:21+00:00
2026-09-29T13:13:46.945822+00:00,tennis_wta_china_open,c61cca87a103a35f8e1889747b27f171,Aoi Ito,Kimberly Birrell,smarkets,h2h,3.3,1.3,2026-09-29T13:13:36+00:00
2026-09-29T13:13:46.945822+00:00,tennis_wta_china_open,c61cca87a103a35f8e1889747b27f171,Aoi Ito,Kimberly Birrell,sport888,h2h,3.3,1.33,2026-09-29T13:12:52+00:00
2026-09-29T13:13:46.945822+00:00,tennis_wta_china_open,c61cca87a103a35f8e1889747b27f171,Aoi Ito,Kimberly Birrell,unibet_uk,h2h,3.45,1.28,2026-09-29T13:11:33+00:00
2026-09-29T13:13:46.945822+00:00,tennis_wta_china_open,c61cca87a103a35f8e1889747b27f171,Aoi Ito,Kimberly Birrell,virginbet,h2h,3.75,1.27,2026-09-29T13:12:55+00:00
2026-09-29T13:13:46.945822+00:00,tennis_wta_china_open,c61cca87a103a35f8e1889747b27f171,Aoi Ito,Kimberly Birrell,williamhill,h2h,3.3,1.33,2026-09-29T13:12:53+00:00
2026-09-29T13:13:46.945822+00:00,tennis_wta_china_open,53f873d1a51975238b8a55de03609702,Sofia Kenin,Ashlyn Krueger,betfair_ex_uk,h2h,2.36,1.72,2026-09-29T13:13:38+00:00
2026-09-29T13:13:46.945822+00:00,tennis_wta_china_open,53f873d1a51975238b8a55de03609702,Sofia Kenin,Ashlyn Krueger,betano_uk,h2h,2.2,1.6,2026-09-29T13:13:03+00:00
2026-09-29T13:13:46.945822+00:00,tennis_wta_china_open,53f873d1a51975238b8a55de03609702,Sofia Kenin,Ashlyn Krueger,betvictor,h2h,2.2,1.6,2026-09-29T13:09:19+00:00
2026-09-29T13:13:46.945822+00:00,tennis_wta_china_open,53f873d1a51975238b8a55de03609702,Sofia Kenin,Ashlyn Krueger,betway,h2h,2.25,1.65,2026-09-29T13:12:37+00:00
2026-09-29T13:13:46.945822+00:00,tennis_wta_china_open,53f873d1a51975238b8a55de03609702,Sofia Kenin,Ashlyn Krueger,boylesports,h2h,2.25,1.67,2026-09-29T13:12:23+00:00
2026-09-29T13:13:46.945822+00:00,tennis_wta_china_open,53f873d1a51975238b8a55de03609702,Sofia Kenin,Ashlyn Krueger,casumo,h2h,2.33,1.6,2026-09-29T13:12:52+00:00
2026-09-29T13:13:46.945822+00:00,tennis_wta_china_open,53f873d1a51975238b8a55de03609702,Sofia Kenin,Ashlyn Krueger,coral,h2h,2.15,1.65,2026-09-29T13:13:37+00:00
2026-09-29T13:13:46.945822+00:00,tennis_wta_china_open,53f873d1a51975238b8a55de03609702,Sofia Kenin,Ashlyn Krueger,grosvenor,h2h,2.33,1.6,2026-09-29T13:12:52+00:00
2026-09-29T13:13:46.945822+00:00,tennis_wta_china_open,53f873d1a51975238b8a55de03609702,Sofia Kenin,Ashlyn Krueger,ladbrokes_uk,h2h,2.15,1.65,2026-09-29T13:12:37+00:00
2026-09-29T13:13:46.945822+00:00,tennis_wta_china_open,53f873d1a51975238b8a55de03609702,Sofia Kenin,Ashlyn Krueger,leovegas,h2h,2.18,1.6,2026-09-29T13:12:52+00:00
2026-09-29T13:13:46.945822+00:00,tennis_wta_china_open,53f873d1a51975238b8a55de03609702,Sofia Kenin,Ashlyn Krueger,livescorebet,h2h,2.33,1.6,2026-09-29T13:12:53+00:00
2026-09-29T13:13:46.945822+00:00,tennis_wta_china_open,53f873d1a51975238b8a55de03609702,Sofia Kenin,Ashlyn Krueger,matchbook,h2h,2.36,1.69,2026-09-29T13:13:36+00:00
2026-09-29T13:13:46.945822+00:00,tennis_wta_china_open,53f873d1a51975238b8a55de03609702,Sofia Kenin,Ashlyn Krueger,paddypower,h2h,2.25,1.62,2026-09-29T13:12:21+00:00
2026-09-29T13:13:46.945822+00:00,tennis_wta_china_open,53f873d1a51975238b8a55de03609702,Sofia Kenin,Ashlyn Krueger,skybet,h2h,2.25,1.62,2026-09-29T13:13:21+00:00
2026-09-29T13:13:46.945822+00:00,tennis_wta_china_open,53f873d1a51975238b8a55de03609702,Sofia Kenin,Ashlyn Krueger,smarkets,h2h,2.16,1.57,2026-09-29T13:13:36+00:00
2026-09-29T13:13:46.945822+00:00,tennis_wta_china_open,53f873d1a51975238b8a55de03609702,Sofia Kenin,Ashlyn Krueger,sport888,h2h,2.1,1.73,2026-09-29T13:12:52+00:00
2026-09-29T13:13:46.945822+00:00,tennis_wta_china_open,53f873d1a51975238b8a55de03609702,Sofia Kenin,Ashlyn Krueger,unibet_uk,h2h,2.2,1.62,2026-09-29T13:11:34+00:00
2026-09-29T13:13:46.945822+00:00,tennis_wta_china_open,53f873d1a51975238b8a55de03609702,Sofia Kenin,Ashlyn Krueger,virginbet,h2h,2.33,1.6,2026-09-29T13:12:55+00:00
2026-09-29T13:13:46.945822+00:00,tennis_wta_china_open,a4aa67d29f120efed0e3f1eab2c7a88c,Paula Badosa,Daria Kasatkina,betfair_ex_uk,h2h,1.44,3.2,2026-09-29T13:13:38+00:00
2026-09-29T13:13:46.945822+00:00,tennis_wta_china_open,a4aa67d29f120efed0e3f1eab2c7a88c,Paula Badosa,Daria Kasatkina,betano_uk,h2h,1.4,2.75,2026-09-29T13:13:03+00:00
2026-09-29T13:13:46.945822+00:00,tennis_wta_china_open,a4aa67d29f120efed0e3f1eab2c7a88c,Paula Badosa,Daria Kasatkina,betvictor,h2h,1.4,2.75,2026-09-29T13:09:19+00:00
2026-09-29T13:13:46.945822+00:00,tennis_wta_china_open,a4aa67d29f120efed0e3f1eab2c7a88c,Paula Badosa,Daria Kasatkina,betway,h2h,1.4,2.9,2026-09-29T13:12:37+00:00
2026-09-29T13:13:46.945822+00:00,tennis_wta_china_open,a4aa67d29f120efed0e3f1eab2c7a88c,Paula Badosa,Daria Kasatkina,boylesports,h2h,1.4,3.0,2026-09-29T13:12:23+00:00
2026-09-29T13:13:46.945822+00:00,tennis_wta_china_open,a4aa67d29f120efed0e3f1eab2c7a88c,Paula Badosa,Daria Kasatkina,casumo,h2h,1.43,2.85,2026-09-29T13:12:52+00:00
2026-09-29T13:13:46.945822+00:00,tennis_wta_china_open,a4aa67d29f120efed0e3f1eab2c7a88c,Paula Badosa,Daria Kasatkina,coral,h2h,1.4,2.87,2026-09-29T13:13:37+00:00
2026-09-29T13:13:46.945822+00:00,tennis_wta_china_open,a4aa67d29f120efed0e3f1eab2c7a88c,Paula Badosa,Daria Kasatkina,grosvenor,h2h,1.43,2.85,2026-09-29T13:12:52+00:00
2026-09-29T13:13:46.945822+00:00,tennis_wta_china_open,a4aa67d29f120efed0e3f1eab2c7a88c,Paula Badosa,Daria Kasatkina,ladbrokes_uk,h2h,1.4,2.87,2026-09-29T13:12:37+00:00
2026-09-29T13:13:46.945822+00:00,tennis_wta_china_open,a4aa67d29f120efed0e3f1eab2c7a88c,Paula Badosa,Daria Kasatkina,leovegas,h2h,1.38,2.8,2026-09-29T13:12:52+00:00
2026-09-29T13:13:46.945822+00:00,tennis_wta_china_open,a4aa67d29f120efed0e3f1eab2c7a88c,Paula Badosa,Daria Kasatkina,livescorebet,h2h,1.43,2.85,2026-09-29T13:12:53+00:00
2026-09-29T13:13:46.945822+00:00,tennis_wta_china_open,a4aa67d29f120efed0e3f1eab2c7a88c,Paula Badosa,Daria Kasatkina,matchbook,h2h,1.44,3.15,2026-09-29T13:13:36+00:00
2026-09-29T13:13:46.945822+00:00,tennis_wta_china_open,a4aa67d29f120efed0e3f1eab2c7a88c,Paula Badosa,Daria Kasatkina,paddypower,h2h,1.4,2.88,2026-09-29T13:12:20+00:00
2026-09-29T13:13:46.945822+00:00,tennis_wta_china_open,a4aa67d29f120efed0e3f1eab2c7a88c,Paula Badosa,Daria Kasatkina,skybet,h2h,1.4,2.88,2026-09-29T13:13:21+00:00
2026-09-29T13:13:46.945822+00:00,tennis_wta_china_open,a4aa67d29f120efed0e3f1eab2c7a88c,Paula Badosa,Daria Kasatkina,smarkets,h2h,1.37,2.82,2026-09-29T13:13:36+00:00
2026-09-29T13:13:46.945822+00:00,tennis_wta_china_open,a4aa67d29f120efed0e3f1eab2c7a88c,Paula Badosa,Daria Kasatkina,sport888,h2h,1.4,2.9,2026-09-29T13:12:52+00:00
2026-09-29T13:13:46.945822+00:00,tennis_wta_china_open,a4aa67d29f120efed0e3f1eab2c7a88c,Paula Badosa,Daria Kasatkina,unibet_uk,h2h,1.4,2.83,2026-09-29T13:11:34+00:00
2026-09-29T13:13:46.945822+00:00,tennis_wta_china_open,a4aa67d29f120efed0e3f1eab2c7a88c,Paula Badosa,Daria Kasatkina,virginbet,h2h,1.43,2.85,2026-09-29T13:12:55+00:00
2026-09-29T13:13:46.945822+00:00,tennis_wta_china_open,a4aa67d29f120efed0e3f1eab2c7a88c,Paula Badosa,Daria Kasatkina,williamhill,h2h,1.4,2.9,2026-09-29T13:12:53+00:00
2026-09-29T13:13:46.945822+00:00,tennis_wta_china_open,8962aea3dd981eb3eb6cccc3b2fd3829,Magda Linette,Katerina Siniakova,betfair_ex_uk,h2h,2.6,1.61,2026-09-29T13:13:38+00:00
2026-09-29T13:13:46.945822+00:00,tennis_wta_china_open,8962aea3dd981eb3eb6cccc3b2fd3829,Magda Linette,Katerina Siniakova,betano_uk,h2h,2.38,1.53,2026-09-29T13:13:03+00:00
2026-09-29T13:13:46.945822+00:00,tennis_wta_china_open,8962aea3dd981eb3eb6cccc3b2fd3829,Magda Linette,Katerina Siniakova,betvictor,h2h,2.38,1.53,2026-09-29T13:09:19+00:00
2026-09-29T13:13:46.945822+00:00,tennis_wta_china_open,8962aea3dd981eb3eb6cccc3b2fd3829,Magda Linette,Katerina Siniakova,betway,h2h,2.4,1.55,2026-09-29T13:12:37+00:00
2026-09-29T13:13:46.945822+00:00,tennis_wta_china_open,8962aea3dd981eb3eb6cccc3b2fd3829,Magda Linette,Katerina Siniakova,boylesports,h2h,2.38,1.57,2026-09-29T13:12:23+00:00
2026-09-29T13:13:46.945822+00:00,tennis_wta_china_open,8962aea3dd981eb3eb6cccc3b2fd3829,Magda Linette,Katerina Siniakova,casumo,h2h,2.38,1.57,2026-09-29T13:12:52+00:00
2026-09-29T13:13:46.945822+00:00,tennis_wta_china_open,8962aea3dd981eb3eb6cccc3b2fd3829,Magda Linette,Katerina Siniakova,coral,h2h,2.37,1.53,2026-09-29T13:13:37+00:00
2026-09-29T13:13:46.945822+00:00,tennis_wta_china_open,8962aea3dd981eb3eb6cccc3b2fd3829,Magda Linette,Katerina Siniakova,grosvenor,h2h,2.38,1.57,2026-09-29T13:12:52+00:00
2026-09-29T13:13:46.945822+00:00,tennis_wta_china_open,8962aea3dd981eb3eb6cccc3b2fd3829,Magda Linette,Katerina Siniakova,ladbrokes_uk,h2h,2.37,1.53,2026-09-29T13:12:37+00:00
2026-09-29T13:13:46.945822+00:00,tennis_wta_china_open,8962aea3dd981eb3eb6cccc3b2fd3829,Magda Linette,Katerina Siniakova,leovegas,h2h,2.4,1.5,2026-09-29T13:12:52+00:00
2026-09-29T13:13:46.945822+00:00,tennis_wta_china_open,8962aea3dd981eb3eb6cccc3b2fd3829,Magda Linette,Katerina Siniakova,livescorebet,h2h,2.38,1.58,2026-09-29T13:12:53+00:00
2026-09-29T13:13:46.945822+00:00,tennis_wta_china_open,8962aea3dd981eb3eb6cccc3b2fd3829,Magda Linette,Katerina Siniakova,matchbook,h2h,2.6,1.61,2026-09-29T13:13:36+00:00
2026-09-29T13:13:46.945822+00:00,tennis_wta_china_open,8962aea3dd981eb3eb6cccc3b2fd3829,Magda Linette,Katerina Siniakova,paddypower,h2h,2.3,1.57,2026-09-29T13:12:20+00:00
2026-09-29T13:13:46.945822+00:00,tennis_wta_china_open,8962aea3dd981eb3eb6cccc3b2fd3829,Magda Linette,Katerina Siniakova,skybet,h2h,2.38,1.62,2026-09-29T13:13:21+00:00
2026-09-29T13:13:46.945822+00:00,tennis_wta_china_open,8962aea3dd981eb3eb6cccc3b2fd3829,Magda Linette,Katerina Siniakova,smarkets,h2h,2.42,1.49,2026-09-29T13:13:36+00:00
2026-09-29T13:13:46.945822+00:00,tennis_wta_china_open,8962aea3dd981eb3eb6cccc3b2fd3829,Magda Linette,Katerina Siniakova,sport888,h2h,2.38,1.57,2026-09-29T13:12:52+00:00
2026-09-29T13:13:46.945822+00:00,tennis_wta_china_open,8962aea3dd981eb3eb6cccc3b2fd3829,Magda Linette,Katerina Siniakova,unibet_uk,h2h,2.4,1.52,2026-09-29T13:11:34+00:00
2026-09-29T13:13:46.945822+00:00,tennis_wta_china_open,8962aea3dd981eb3eb6cccc3b2fd3829,Magda Linette,Katerina Siniakova,virginbet,h2h,2.38,1.58,2026-09-29T13:12:55+00:00
2026-09-29T13:13:46.945822+00:00,tennis_wta_china_open,8962aea3dd981eb3eb6cccc3b2fd3829,Magda Linette,Katerina Siniakova,williamhill,h2h,2.38,1.57,2026-09-29T13:12:53+00:00
2026-09-29T13:13:46.945822+00:00,tennis_wta_china_open,15acf15b8d85ca13f4d7fc2da619fe2f,Lanlana Tararudee,Maria Camila Osorio Serrano,betfair_ex_uk,h2h,1.94,2.06,2026-09-29T13:13:38+00:00
2026-09-29T13:13:46.945822+00:00,tennis_wta_china_open,15acf15b8d85ca13f4d7fc2da619fe2f,Lanlana Tararudee,Maria Camila Osorio Serrano,betano_uk,h2h,1.8,1.91,2026-09-29T13:13:03+00:00
2026-09-29T13:13:46.945822+00:00,tennis_wta_china_open,15acf15b8d85ca13f4d7fc2da619fe2f,Lanlana Tararudee,Maria Camila Osorio Serrano,betvictor,h2h,1.8,1.91,2026-09-29T13:09:19+00:00
2026-09-29T13:13:46.945822+00:00,tennis_wta_china_open,15acf15b8d85ca13f4d7fc2da619fe2f,Lanlana Tararudee,Maria Camila Osorio Serrano,betway,h2h,1.8,2.0,2026-09-29T13:12:37+00:00
2026-09-29T13:13:46.945822+00:00,tennis_wta_china_open,15acf15b8d85ca13f4d7fc2da619fe2f,Lanlana Tararudee,Maria Camila Osorio Serrano,boylesports,h2h,1.83,2.0,2026-09-29T13:12:23+00:00
2026-09-29T13:13:46.945822+00:00,tennis_wta_china_open,15acf15b8d85ca13f4d7fc2da619fe2f,Lanlana Tararudee,Maria Camila Osorio Serrano,casumo,h2h,1.87,1.93,2026-09-29T13:12:52+00:00
2026-09-29T13:13:46.945822+00:00,tennis_wta_china_open,15acf15b8d85ca13f4d7fc2da619fe2f,Lanlana Tararudee,Maria Camila Osorio Serrano,coral,h2h,1.8,1.91,2026-09-29T13:13:37+00:00
2026-09-29T13:13:46.945822+00:00,tennis_wta_china_open,15acf15b8d85ca13f4d7fc2da619fe2f,Lanlana Tararudee,Maria Camila Osorio Serrano,grosvenor,h2h,1.87,1.93,2026-09-29T13:12:52+00:00
2026-09-29T13:13:46.945822+00:00,tennis_wta_china_open,15acf15b8d85ca13f4d7fc2da619fe2f,Lanlana Tararudee,Maria Camila Osorio Serrano,ladbrokes_uk,h2h,1.8,1.91,2026-09-29T13:12:37+00:00
2026-09-29T13:13:46.945822+00:00,tennis_wta_china_open,15acf15b8d85ca13f4d7fc2da619fe2f,Lanlana Tararudee,Maria Camila Osorio Serrano,leovegas,h2h,1.75,1.95,2026-09-29T13:12:52+00:00
2026-09-29T13:13:46.945822+00:00,tennis_wta_china_open,15acf15b8d85ca13f4d7fc2da619fe2f,Lanlana Tararudee,Maria Camila Osorio Serrano,livescorebet,h2h,1.87,1.93,2026-09-29T13:12:53+00:00
2026-09-29T13:13:46.945822+00:00,tennis_wta_china_open,15acf15b8d85ca13f4d7fc2da619fe2f,Lanlana Tararudee,Maria Camila Osorio Serrano,matchbook,h2h,1.89,2.04,2026-09-29T13:13:36+00:00
2026-09-29T13:13:46.945822+00:00,tennis_wta_china_open,15acf15b8d85ca13f4d7fc2da619fe2f,Lanlana Tararudee,Maria Camila Osorio Serrano,paddypower,h2h,1.8,2.0,2026-09-29T13:12:20+00:00
2026-09-29T13:13:46.945822+00:00,tennis_wta_china_open,15acf15b8d85ca13f4d7fc2da619fe2f,Lanlana Tararudee,Maria Camila Osorio Serrano,skybet,h2h,1.8,2.0,2026-09-29T13:13:21+00:00
2026-09-29T13:13:46.945822+00:00,tennis_wta_china_open,15acf15b8d85ca13f4d7fc2da619fe2f,Lanlana Tararudee,Maria Camila Osorio Serrano,smarkets,h2h,1.78,1.92,2026-09-29T13:13:36+00:00
2026-09-29T13:13:46.945822+00:00,tennis_wta_china_open,15acf15b8d85ca13f4d7fc2da619fe2f,Lanlana Tararudee,Maria Camila Osorio Serrano,sport888,h2h,1.8,2.0,2026-09-29T13:12:52+00:00
2026-09-29T13:13:46.945822+00:00,tennis_wta_china_open,15acf15b8d85ca13f4d7fc2da619fe2f,Lanlana Tararudee,Maria Camila Osorio Serrano,unibet_uk,h2h,1.78,1.98,2026-09-29T13:11:33+00:00
2026-09-29T13:13:46.945822+00:00,tennis_wta_china_open,15acf15b8d85ca13f4d7fc2da619fe2f,Lanlana Tararudee,Maria Camila Osorio Serrano,virginbet,h2h,1.87,1.93,2026-09-29T13:12:55+00:00
2026-09-29T13:13:46.945822+00:00,tennis_wta_china_open,15acf15b8d85ca13f4d7fc2da619fe2f,Lanlana Tararudee,Maria Camila Osorio Serrano,williamhill,h2h,1.8,2.0,2026-09-29T13:12:53+00:00
2026-09-29T13:13:46.945822+00:00,tennis_wta_china_open,9d98e83d4b96d041dcae01896cf15d92,Xinyu Gao,Panna Udvardy,betfair_ex_uk,h2h,2.62,1.57,2026-09-29T13:13:38+00:00
2026-09-29T13:13:46.945822+00:00,tennis_wta_china_open,9d98e83d4b96d041dcae01896cf15d92,Xinyu Gao,Panna Udvardy,betano_uk,h2h,2.5,1.45,2026-09-29T13:13:03+00:00
2026-09-29T13:13:46.945822+00:00,tennis_wta_china_open,9d98e83d4b96d041dcae01896cf15d92,Xinyu Gao,Panna Udvardy,betvictor,h2h,2.5,1.45,2026-09-29T13:09:19+00:00
2026-09-29T13:13:46.945822+00:00,tennis_wta_china_open,9d98e83d4b96d041dcae01896cf15d92,Xinyu Gao,Panna Udvardy,betway,h2h,2.6,1.5,2026-09-29T13:12:37+00:00
2026-09-29T13:13:46.945822+00:00,tennis_wta_china_open,9d98e83d4b96d041dcae01896cf15d92,Xinyu Gao,Panna Udvardy,boylesports,h2h,2.62,1.5,2026-09-29T13:12:23+00:00
2026-09-29T13:13:46.945822+00:00,tennis_wta_china_open,9d98e83d4b96d041dcae01896cf15d92,Xinyu Gao,Panna Udvardy,casumo,h2h,2.63,1.49,2026-09-29T13:12:52+00:00
2026-09-29T13:13:46.945822+00:00,tennis_wta_china_open,9d98e83d4b96d041dcae01896cf15d92,Xinyu Gao,Panna Udvardy,coral,h2h,2.5,1.48,2026-09-29T13:13:37+00:00
2026-09-29T13:13:46.945822+00:00,tennis_wta_china_open,9d98e83d4b96d041dcae01896cf15d92,Xinyu Gao,Panna Udvardy,grosvenor,h2h,2.63,1.49,2026-09-29T13:12:52+00:00
2026-09-29T13:13:46.945822+00:00,tennis_wta_china_open,9d98e83d4b96d041dcae01896cf15d92,Xinyu Gao,Panna Udvardy,ladbrokes_uk,h2h,2.5,1.48,2026-09-29T13:12:37+00:00
2026-09-29T13:13:46.945822+00:00,tennis_wta_china_open,9d98e83d4b96d041dcae01896cf15d92,Xinyu Gao,Panna Udvardy,leovegas,h2h,2.5,1.47,2026-09-29T13:12:52+00:00
2026-09-29T13:13:46.945822+00:00,tennis_wta_china_open,9d98e83d4b96d041dcae01896cf15d92,Xinyu Gao,Panna Udvardy,livescorebet,h2h,2.63,1.49,2026-09-29T13:12:53+00:00
2026-09-29T13:13:46.945822+00:00,tennis_wta_china_open,9d98e83d4b96d041dcae01896cf15d92,Xinyu Gao,Panna Udvardy,matchbook,h2h,2.62,1.57,2026-09-29T13:13:36+00:00
2026-09-29T13:13:46.945822+00:00,tennis_wta_china_open,9d98e83d4b96d041dcae01896cf15d92,Xinyu Gao,Panna Udvardy,paddypower,h2h,2.62,1.44,2026-09-29T13:12:21+00:00
2026-09-29T13:13:46.945822+00:00,tennis_wta_china_open,9d98e83d4b96d041dcae01896cf15d92,Xinyu Gao,Panna Udvardy,skybet,h2h,2.63,1.44,2026-09-29T13:13:21+00:00
2026-09-29T13:13:46.945822+00:00,tennis_wta_china_open,9d98e83d4b96d041dcae01896cf15d92,Xinyu Gao,Panna Udvardy,smarkets,h2h,2.4,1.48,2026-09-29T13:13:36+00:00
2026-09-29T13:13:46.945822+00:00,tennis_wta_china_open,9d98e83d4b96d041dcae01896cf15d92,Xinyu Gao,Panna Udvardy,sport888,h2h,2.5,1.53,2026-09-29T13:12:52+00:00
2026-09-29T13:13:46.945822+00:00,tennis_wta_china_open,9d98e83d4b96d041dcae01896cf15d92,Xinyu Gao,Panna Udvardy,unibet_uk,h2h,2.55,1.47,2026-09-29T13:11:34+00:00
2026-09-29T13:13:46.945822+00:00,tennis_wta_china_open,9d98e83d4b96d041dcae01896cf15d92,Xinyu Gao,Panna Udvardy,virginbet,h2h,2.63,1.49,2026-09-29T13:12:55+00:00
2026-09-29T13:13:46.945822+00:00,tennis_wta_china_open,1b26a19876c9aaf7be957f87c1e4e7a2,Yushan Shao,Anastasia Zakharova,betfair_ex_uk,h2h,12.0,1.08,2026-09-29T13:13:38+00:00
2026-09-29T13:13:46.945822+00:00,tennis_wta_china_open,1b26a19876c9aaf7be957f87c1e4e7a2,Yushan Shao,Anastasia Zakharova,betano_uk,h2h,7.0,1.06,2026-09-29T13:13:03+00:00
2026-09-29T13:13:46.945822+00:00,tennis_wta_china_open,1b26a19876c9aaf7be957f87c1e4e7a2,Yushan Shao,Anastasia Zakharova,betvictor,h2h,7.0,1.06,2026-09-29T13:09:19+00:00
2026-09-29T13:13:46.945822+00:00,tennis_wta_china_open,1b26a19876c9aaf7be957f87c1e4e7a2,Yushan Shao,Anastasia Zakharova,betway,h2h,10.0,1.05,2026-09-29T13:12:37+00:00
2026-09-29T13:13:46.945822+00:00,tennis_wta_china_open,1b26a19876c9aaf7be957f87c1e4e7a2,Yushan Shao,Anastasia Zakharova,boylesports,h2h,11.0,1.06,2026-09-29T13:12:23+00:00
2026-09-29T13:13:46.945822+00:00,tennis_wta_china_open,1b26a19876c9aaf7be957f87c1e4e7a2,Yushan Shao,Anastasia Zakharova,casumo,h2h,10.0,1.05,2026-09-29T13:12:52+00:00
2026-09-29T13:13:46.945822+00:00,tennis_wta_china_open,1b26a19876c9aaf7be957f87c1e4e7a2,Yushan Shao,Anastasia Zakharova,coral,h2h,10.0,1.06,2026-09-29T13:13:37+00:00
2026-09-29T13:13:46.945822+00:00,tennis_wta_china_open,1b26a19876c9aaf7be957f87c1e4e7a2,Yushan Shao,Anastasia Zakharova,grosvenor,h2h,10.0,1.05,2026-09-29T13:12:52+00:00
2026-09-29T13:13:46.945822+00:00,tennis_wta_china_open,1b26a19876c9aaf7be957f87c1e4e7a2,Yushan Shao,Anastasia Zakharova,ladbrokes_uk,h2h,10.0,1.06,2026-09-29T13:12:37+00:00
2026-09-29T13:13:46.945822+00:00,tennis_wta_china_open,1b26a19876c9aaf7be957f87c1e4e7a2,Yushan Shao,Anastasia Zakharova,leovegas,h2h,8.25,1.04,2026-09-29T13:12:52+00:00
2026-09-29T13:13:46.945822+00:00,tennis_wta_china_open,1b26a19876c9aaf7be957f87c1e4e7a2,Yushan Shao,Anastasia Zakharova,livescorebet,h2h,10.0,1.05,2026-09-29T13:12:53+00:00
2026-09-29T13:13:46.945822+00:00,tennis_wta_china_open,1b26a19876c9aaf7be957f87c1e4e7a2,Yushan Shao,Anastasia Zakharova,matchbook,h2h,12.5,1.08,2026-09-29T13:13:37+00:00
2026-09-29T13:13:46.945822+00:00,tennis_wta_china_open,1b26a19876c9aaf7be957f87c1e4e7a2,Yushan Shao,Anastasia Zakharova,paddypower,h2h,8.5,1.07,2026-09-29T13:12:21+00:00
2026-09-29T13:13:46.945822+00:00,tennis_wta_china_open,1b26a19876c9aaf7be957f87c1e4e7a2,Yushan Shao,Anastasia Zakharova,skybet,h2h,8.5,1.07,2026-09-29T13:13:21+00:00
2026-09-29T13:13:46.945822+00:00,tennis_wta_china_open,1b26a19876c9aaf7be957f87c1e4e7a2,Yushan Shao,Anastasia Zakharova,smarkets,h2h,10.5,1.04,2026-09-29T13:13:36+00:00
2026-09-29T13:13:46.945822+00:00,tennis_wta_china_open,1b26a19876c9aaf7be957f87c1e4e7a2,Yushan Shao,Anastasia Zakharova,sport888,h2h,9.0,1.06,2026-09-29T13:12:52+00:00
2026-09-29T13:13:46.945822+00:00,tennis_wta_china_open,1b26a19876c9aaf7be957f87c1e4e7a2,Yushan Shao,Anastasia Zakharova,unibet_uk,h2h,8.5,1.05,2026-09-29T13:11:34+00:00
2026-09-29T13:13:46.945822+00:00,tennis_wta_china_open,1b26a19876c9aaf7be957f87c1e4e7a2,Yushan Shao,Anastasia Zakharova,virginbet,h2h,10.0,1.05,2026-09-29T13:12:55+00:00
2026-09-29T13:13:46.945822+00:00,tennis_wta_china_open,fb9eebaf5bf935bd7f96b48cea43933d,Sonay Kartal,Andrea Lazaro Garcia,betfair_ex_uk,h2h,1.2,2.74,2026-09-29T13:13:38+00:00
2026-09-29T13:13:46.945822+00:00,tennis_wta_china_open,fb9eebaf5bf935bd7f96b48cea43933d,Sonay Kartal,Andrea Lazaro Garcia,betano_uk,h2h,1.25,3.6,2026-09-29T13:13:03+00:00
2026-09-29T13:13:46.945822+00:00,tennis_wta_china_open,fb9eebaf5bf935bd7f96b48cea43933d,Sonay Kartal,Andrea Lazaro Garcia,betvictor,h2h,1.25,3.6,2026-09-29T13:09:19+00:00
2026-09-29T13:13:46.945822+00:00,tennis_wta_china_open,fb9eebaf5bf935bd7f96b48cea43933d,Sonay Kartal,Andrea Lazaro Garcia,boylesports,h2h,1.25,4.0,2026-09-29T13:12:23+00:00
2026-09-29T13:13:46.945822+00:00,tennis_wta_china_open,fb9eebaf5bf935bd7f96b48cea43933d,Sonay Kartal,Andrea Lazaro Garcia,leovegas,h2h,1.22,3.8,2026-09-29T13:12:52+00:00
2026-09-29T13:13:46.945822+00:00,tennis_wta_china_open,fb9eebaf5bf935bd7f96b48cea43933d,Sonay Kartal,Andrea Lazaro Garcia,paddypower,h2h,1.22,4.2,2026-09-29T13:12:21+00:00
2026-09-29T13:13:46.945822+00:00,tennis_wta_china_open,fb9eebaf5bf935bd7f96b48cea43933d,Sonay Kartal,Andrea Lazaro Garcia,skybet,h2h,1.22,4.33,2026-09-29T13:13:21+00:00
2026-09-29T13:13:46.945822+00:00,tennis_wta_china_open,fb9eebaf5bf935bd7f96b48cea43933d,Sonay Kartal,Andrea Lazaro Garcia,smarkets,h2h,1.2,3.45,2026-09-29T13:13:36+00:00
2026-09-29T13:13:46.945822+00:00,tennis_wta_china_open,fb9eebaf5bf935bd7f96b48cea43933d,Sonay Kartal,Andrea Lazaro Garcia,unibet_uk,h2h,1.23,3.9,2026-09-29T13:11:34+00:00
2026-09-29T13:13:46.945822+00:00,tennis_wta_china_open,8e6bcabf08e118f69eedc8e1f8690acb,Eva Lys,Sun Xinran,betfair_ex_uk,h2h,1.46,3.05,2026-09-29T13:13:38+00:00
2026-09-29T13:13:46.945822+00:00,tennis_wta_china_open,8e6bcabf08e118f69eedc8e1f8690acb,Eva Lys,Sun Xinran,betano_uk,h2h,1.4,2.75,2026-09-29T13:13:03+00:00
2026-09-29T13:13:46.945822+00:00,tennis_wta_china_open,8e6bcabf08e118f69eedc8e1f8690acb,Eva Lys,Sun Xinran,betvictor,h2h,1.4,2.75,2026-09-29T13:09:19+00:00
2026-09-29T13:13:46.945822+00:00,tennis_wta_china_open,8e6bcabf08e118f69eedc8e1f8690acb,Eva Lys,Sun Xinran,betway,h2h,1.44,2.75,2026-09-29T13:12:37+00:00
2026-09-29T13:13:46.945822+00:00,tennis_wta_china_open,8e6bcabf08e118f69eedc8e1f8690acb,Eva Lys,Sun Xinran,boylesports,h2h,1.44,2.88,2026-09-29T13:12:23+00:00
2026-09-29T13:13:46.945822+00:00,tennis_wta_china_open,8e6bcabf08e118f69eedc8e1f8690acb,Eva Lys,Sun Xinran,casumo,h2h,1.41,2.88,2026-09-29T13:12:52+00:00
2026-09-29T13:13:46.945822+00:00,tennis_wta_china_open,8e6bcabf08e118f69eedc8e1f8690acb,Eva Lys,Sun Xinran,coral,h2h,1.4,2.75,2026-09-29T13:13:37+00:00
2026-09-29T13:13:46.945822+00:00,tennis_wta_china_open,8e6bcabf08e118f69eedc8e1f8690acb,Eva Lys,Sun Xinran,grosvenor,h2h,1.41,2.88,2026-09-29T13:12:52+00:00
2026-09-29T13:13:46.945822+00:00,tennis_wta_china_open,8e6bcabf08e118f69eedc8e1f8690acb,Eva Lys,Sun Xinran,ladbrokes_uk,h2h,1.4,2.75,2026-09-29T13:12:37+00:00
2026-09-29T13:13:46.945822+00:00,tennis_wta_china_open,8e6bcabf08e118f69eedc8e1f8690acb,Eva Lys,Sun Xinran,leovegas,h2h,1.4,2.75,2026-09-29T13:12:52+00:00
2026-09-29T13:13:46.945822+00:00,tennis_wta_china_open,8e6bcabf08e118f69eedc8e1f8690acb,Eva Lys,Sun Xinran,livescorebet,h2h,1.41,2.88,2026-09-29T13:12:53+00:00
2026-09-29T13:13:46.945822+00:00,tennis_wta_china_open,8e6bcabf08e118f69eedc8e1f8690acb,Eva Lys,Sun Xinran,matchbook,h2h,1.46,3.1,2026-09-29T13:13:36+00:00
2026-09-29T13:13:46.945822+00:00,tennis_wta_china_open,8e6bcabf08e118f69eedc8e1f8690acb,Eva Lys,Sun Xinran,paddypower,h2h,1.4,2.88,2026-09-29T13:12:20+00:00
2026-09-29T13:13:46.945822+00:00,tennis_wta_china_open,8e6bcabf08e118f69eedc8e1f8690acb,Eva Lys,Sun Xinran,skybet,h2h,1.4,2.88,2026-09-29T13:13:21+00:00
2026-09-29T13:13:46.945822+00:00,tennis_wta_china_open,8e6bcabf08e118f69eedc8e1f8690acb,Eva Lys,Sun Xinran,smarkets,h2h,1.41,2.66,2026-09-29T13:13:36+00:00
2026-09-29T13:13:46.945822+00:00,tennis_wta_china_open,8e6bcabf08e118f69eedc8e1f8690acb,Eva Lys,Sun Xinran,sport888,h2h,1.44,2.75,2026-09-29T13:12:52+00:00
2026-09-29T13:13:46.945822+00:00,tennis_wta_china_open,8e6bcabf08e118f69eedc8e1f8690acb,Eva Lys,Sun Xinran,unibet_uk,h2h,1.4,2.8,2026-09-29T13:11:33+00:00
2026-09-29T13:13:46.945822+00:00,tennis_wta_china_open,8e6bcabf08e118f69eedc8e1f8690acb,Eva Lys,Sun Xinran,virginbet,h2h,1.41,2.88,2026-09-29T13:12:55+00:00
2026-09-29T13:13:46.945822+00:00,tennis_wta_china_open,8e6bcabf08e118f69eedc8e1f8690acb,Eva Lys,Sun Xinran,williamhill,h2h,1.44,2.75,2026-09-29T13:12:53+00:00
2026-09-29T13:13:46.945822+00:00,tennis_wta_china_open,742769b918276508629b9c2a4283d38b,Marina Bassols Ribera,Kamilla Rakhimova,betfair_ex_uk,h2h,2.6,1.2,2026-09-29T13:13:38+00:00
2026-09-29T13:13:46.945822+00:00,tennis_wta_china_open,742769b918276508629b9c2a4283d38b,Marina Bassols Ribera,Kamilla Rakhimova,betano_uk,h2h,3.2,1.3,2026-09-29T13:13:03+00:00
2026-09-29T13:13:46.945822+00:00,tennis_wta_china_open,742769b918276508629b9c2a4283d38b,Marina Bassols Ribera,Kamilla Rakhimova,betvictor,h2h,3.2,1.3,2026-09-29T13:09:19+00:00
2026-09-29T13:13:46.945822+00:00,tennis_wta_china_open,742769b918276508629b9c2a4283d38b,Marina Bassols Ribera,Kamilla Rakhimova,boylesports,h2h,3.4,1.33,2026-09-29T13:12:23+00:00
2026-09-29T13:13:46.945822+00:00,tennis_wta_china_open,742769b918276508629b9c2a4283d38b,Marina Bassols Ribera,Kamilla Rakhimova,leovegas,h2h,3.25,1.3,2026-09-29T13:12:52+00:00
2026-09-29T13:13:46.945822+00:00,tennis_wta_china_open,742769b918276508629b9c2a4283d38b,Marina Bassols Ribera,Kamilla Rakhimova,paddypower,h2h,3.5,1.3,2026-09-29T13:12:21+00:00
2026-09-29T13:13:46.945822+00:00,tennis_wta_china_open,742769b918276508629b9c2a4283d38b,Marina Bassols Ribera,Kamilla Rakhimova,skybet,h2h,3.5,1.3,2026-09-29T13:13:21+00:00
2026-09-29T13:13:46.945822+00:00,tennis_wta_china_open,742769b918276508629b9c2a4283d38b,Marina Bassols Ribera,Kamilla Rakhimova,smarkets,h2h,3.0,1.27,2026-09-29T13:13:36+00:00
2026-09-29T13:13:46.945822+00:00,tennis_wta_china_open,742769b918276508629b9c2a4283d38b,Marina Bassols Ribera,Kamilla Rakhimova,unibet_uk,h2h,3.3,1.3,2026-09-29T13:11:34+00:00
2026-09-29T13:13:46.945822+00:00,tennis_wta_china_open,3d3077abdfe48b002d129ce81ad27117,Katie Volynets,Robin Montgomery,betfair_ex_uk,h2h,1.46,2.04,2026-09-29T13:13:38+00:00
2026-09-29T13:13:46.945822+00:00,tennis_wta_china_open,3d3077abdfe48b002d129ce81ad27117,Katie Volynets,Robin Montgomery,betano_uk,h2h,1.7,2.05,2026-09-29T13:13:03+00:00
2026-09-29T13:13:46.945822+00:00,tennis_wta_china_open,3d3077abdfe48b002d129ce81ad27117,Katie Volynets,Robin Montgomery,betvictor,h2h,1.7,2.05,2026-09-29T13:09:19+00:00
2026-09-29T13:13:46.945822+00:00,tennis_wta_china_open,3d3077abdfe48b002d129ce81ad27117,Katie Volynets,Robin Montgomery,boylesports,h2h,1.73,2.1,2026-09-29T13:12:23+00:00
2026-09-29T13:13:46.945822+00:00,tennis_wta_china_open,3d3077abdfe48b002d129ce81ad27117,Katie Volynets,Robin Montgomery,leovegas,h2h,1.7,2.05,2026-09-29T13:12:52+00:00
2026-09-29T13:13:46.945822+00:00,tennis_wta_china_open,3d3077abdfe48b002d129ce81ad27117,Katie Volynets,Robin Montgomery,paddypower,h2h,1.73,2.1,2026-09-29T13:12:21+00:00
2026-09-29T13:13:46.945822+00:00,tennis_wta_china_open,3d3077abdfe48b002d129ce81ad27117,Katie Volynets,Robin Montgomery,skybet,h2h,1.73,2.1,2026-09-29T13:13:21+00:00
2026-09-29T13:13:46.945822+00:00,tennis_wta_china_open,3d3077abdfe48b002d129ce81ad27117,Katie Volynets,Robin Montgomery,smarkets,h2h,1.64,1.95,2026-09-29T13:13:36+00:00
2026-09-29T13:13:46.945822+00:00,tennis_wta_china_open,3d3077abdfe48b002d129ce81ad27117,Katie Volynets,Robin Montgomery,unibet_uk,h2h,1.72,2.06,2026-09-29T13:11:33+00:00
2026-09-29T13:13:46.945822+00:00,tennis_wta_china_open,abf71bada16395da8f34ce3e4ea92668,Qinwen Zheng,Shi Han,betfair_ex_uk,h2h,1.06,4.7,2026-09-29T13:13:38+00:00
2026-09-29T13:13:46.945822+00:00,tennis_wta_china_open,abf71bada16395da8f34ce3e4ea92668,Qinwen Zheng,Shi Han,betano_uk,h2h,1.1,6.0,2026-09-29T13:13:03+00:00
2026-09-29T13:13:46.945822+00:00,tennis_wta_china_open,abf71bada16395da8f34ce3e4ea92668,Qinwen Zheng,Shi Han,betvictor,h2h,1.1,6.0,2026-09-29T13:09:19+00:00
2026-09-29T13:13:46.945822+00:00,tennis_wta_china_open,abf71bada16395da8f34ce3e4ea92668,Qinwen Zheng,Shi Han,boylesports,h2h,1.08,8.5,2026-09-29T13:12:23+00:00
2026-09-29T13:13:46.945822+00:00,tennis_wta_china_open,abf71bada16395da8f34ce3e4ea92668,Qinwen Zheng,Shi Han,leovegas,h2h,1.08,6.6,2026-09-29T13:12:52+00:00
2026-09-29T13:13:46.945822+00:00,tennis_wta_china_open,abf71bada16395da8f34ce3e4ea92668,Qinwen Zheng,Shi Han,paddypower,h2h,1.08,8.0,2026-09-29T13:12:21+00:00
2026-09-29T13:13:46.945822+00:00,tennis_wta_china_open,abf71bada16395da8f34ce3e4ea92668,Qinwen Zheng,Shi Han,skybet,h2h,1.08,8.0,2026-09-29T13:13:21+00:00
2026-09-29T13:13:46.945822+00:00,tennis_wta_china_open,abf71bada16395da8f34ce3e4ea92668,Qinwen Zheng,Shi Han,smarkets,h2h,1.06,5.5,2026-09-29T13:13:36+00:00
2026-09-29T13:13:46.945822+00:00,tennis_wta_china_open,abf71bada16395da8f34ce3e4ea92668,Qinwen Zheng,Shi Han,sport888,h2h,1.1,7.0,2026-09-29T13:12:52+00:00
2026-09-29T13:13:46.945822+00:00,tennis_wta_china_open,abf71bada16395da8f34ce3e4ea92668,Qinwen Zheng,Shi Han,unibet_uk,h2h,1.08,6.5,2026-09-29T13:11:34+00:00
2026-09-29T20:11:50.324947+00:00,tennis_atp_china_open,cd50cbdecb590b3b66ff69dac64b1c7d,Karen Khachanov,Felix Auger-Aliassime,betfair_ex_uk,h2h,2.38,1.71,2026-09-29T20:11:47+00:00
2026-09-29T20:11:50.324947+00:00,tennis_atp_china_open,cd50cbdecb590b3b66ff69dac64b1c7d,Karen Khachanov,Felix Auger-Aliassime,betano_uk,h2h,2.25,1.57,2026-09-29T20:11:06+00:00
2026-09-29T20:11:50.324947+00:00,tennis_atp_china_open,cd50cbdecb590b3b66ff69dac64b1c7d,Karen Khachanov,Felix Auger-Aliassime,betfair_sb_uk,h2h,2.25,1.62,2026-09-29T20:11:13+00:00
2026-09-29T20:11:50.324947+00:00,tennis_atp_china_open,cd50cbdecb590b3b66ff69dac64b1c7d,Karen Khachanov,Felix Auger-Aliassime,betvictor,h2h,2.25,1.57,2026-09-29T20:05:02+00:00
2026-09-29T20:11:50.324947+00:00,tennis_atp_china_open,cd50cbdecb590b3b66ff69dac64b1c7d,Karen Khachanov,Felix Auger-Aliassime,betway,h2h,2.25,1.65,2026-09-29T20:10:55+00:00
2026-09-29T20:11:50.324947+00:00,tennis_atp_china_open,cd50cbdecb590b3b66ff69dac64b1c7d,Karen Khachanov,Felix Auger-Aliassime,boylesports,h2h,2.3,1.62,2026-09-29T20:11:31+00:00
2026-09-29T20:11:50.324947+00:00,tennis_atp_china_open,cd50cbdecb590b3b66ff69dac64b1c7d,Karen Khachanov,Felix Auger-Aliassime,casumo,h2h,2.32,1.61,2026-09-29T20:10:54+00:00
2026-09-29T20:11:50.324947+00:00,tennis_atp_china_open,cd50cbdecb590b3b66ff69dac64b1c7d,Karen Khachanov,Felix Auger-Aliassime,coral,h2h,2.25,1.57,2026-09-29T20:11:46+00:00
2026-09-29T20:11:50.324947+00:00,tennis_atp_china_open,cd50cbdecb590b3b66ff69dac64b1c7d,Karen Khachanov,Felix Auger-Aliassime,grosvenor,h2h,2.32,1.61,2026-09-29T20:11:13+00:00
2026-09-29T20:11:50.324947+00:00,tennis_atp_china_open,cd50cbdecb590b3b66ff69dac64b1c7d,Karen Khachanov,Felix Auger-Aliassime,ladbrokes_uk,h2h,2.25,1.57,2026-09-29T20:10:54+00:00
2026-09-29T20:11:50.324947+00:00,tennis_atp_china_open,cd50cbdecb590b3b66ff69dac64b1c7d,Karen Khachanov,Felix Auger-Aliassime,leovegas,h2h,2.3,1.6,2026-09-29T20:11:14+00:00
2026-09-29T20:11:50.324947+00:00,tennis_atp_china_open,cd50cbdecb590b3b66ff69dac64b1c7d,Karen Khachanov,Felix Auger-Aliassime,livescorebet,h2h,2.32,1.61,2026-09-29T20:11:13+00:00
2026-09-29T20:11:50.324947+00:00,tennis_atp_china_open,cd50cbdecb590b3b66ff69dac64b1c7d,Karen Khachanov,Felix Auger-Aliassime,matchbook,h2h,2.38,1.71,2026-09-29T20:11:47+00:00
2026-09-29T20:11:50.324947+00:00,tennis_atp_china_open,cd50cbdecb590b3b66ff69dac64b1c7d,Karen Khachanov,Felix Auger-Aliassime,paddypower,h2h,2.25,1.57,2026-09-29T20:10:37+00:00
2026-09-29T20:11:50.324947+00:00,tennis_atp_china_open,cd50cbdecb590b3b66ff69dac64b1c7d,Karen Khachanov,Felix Auger-Aliassime,skybet,h2h,2.25,1.57,2026-09-29T20:10:54+00:00
2026-09-29T20:11:50.324947+00:00,tennis_atp_china_open,cd50cbdecb590b3b66ff69dac64b1c7d,Karen Khachanov,Felix Auger-Aliassime,smarkets,h2h,2.34,1.68,2026-09-29T20:11:46+00:00
2026-09-29T20:11:50.324947+00:00,tennis_atp_china_open,cd50cbdecb590b3b66ff69dac64b1c7d,Karen Khachanov,Felix Auger-Aliassime,sport888,h2h,2.3,1.61,2026-09-29T20:11:14+00:00
2026-09-29T20:11:50.324947+00:00,tennis_atp_china_open,cd50cbdecb590b3b66ff69dac64b1c7d,Karen Khachanov,Felix Auger-Aliassime,unibet_uk,h2h,2.31,1.62,2026-09-29T20:11:48+00:00
2026-09-29T20:11:50.324947+00:00,tennis_atp_china_open,cd50cbdecb590b3b66ff69dac64b1c7d,Karen Khachanov,Felix Auger-Aliassime,virginbet,h2h,2.32,1.61,2026-09-29T20:10:54+00:00
2026-09-29T20:11:50.324947+00:00,tennis_atp_china_open,cd50cbdecb590b3b66ff69dac64b1c7d,Karen Khachanov,Felix Auger-Aliassime,williamhill,h2h,2.3,1.62,2026-09-29T20:11:46+00:00
2026-09-29T20:11:50.324947+00:00,tennis_atp_china_open,35b54ab48cccdd5228a9cbb1b90e93f9,Jan-Lennard Struff,Thiago Agustin Tirante,betfair_ex_uk,h2h,2.66,1.58,2026-09-29T20:11:47+00:00
2026-09-29T20:11:50.324947+00:00,tennis_atp_china_open,35b54ab48cccdd5228a9cbb1b90e93f9,Jan-Lennard Struff,Thiago Agustin Tirante,betano_uk,h2h,2.38,1.53,2026-09-29T20:11:06+00:00
2026-09-29T20:11:50.324947+00:00,tennis_atp_china_open,35b54ab48cccdd5228a9cbb1b90e93f9,Jan-Lennard Struff,Thiago Agustin Tirante,betfair_sb_uk,h2h,2.5,1.53,2026-09-29T20:11:13+00:00
2026-09-29T20:11:50.324947+00:00,tennis_atp_china_open,35b54ab48cccdd5228a9cbb1b90e93f9,Jan-Lennard Struff,Thiago Agustin Tirante,betvictor,h2h,2.38,1.53,2026-09-29T20:05:02+00:00
2026-09-29T20:11:50.324947+00:00,tennis_atp_china_open,35b54ab48cccdd5228a9cbb1b90e93f9,Jan-Lennard Struff,Thiago Agustin Tirante,betway,h2h,2.4,1.55,2026-09-29T20:10:55+00:00
2026-09-29T20:11:50.324947+00:00,tennis_atp_china_open,35b54ab48cccdd5228a9cbb1b90e93f9,Jan-Lennard Struff,Thiago Agustin Tirante,boylesports,h2h,2.38,1.57,2026-09-29T20:11:31+00:00
2026-09-29T20:11:50.324947+00:00,tennis_atp_china_open,35b54ab48cccdd5228a9cbb1b90e93f9,Jan-Lennard Struff,Thiago Agustin Tirante,casumo,h2h,2.5,1.53,2026-09-29T20:10:54+00:00
2026-09-29T20:11:50.324947+00:00,tennis_atp_china_open,35b54ab48cccdd5228a9cbb1b90e93f9,Jan-Lennard Struff,Thiago Agustin Tirante,coral,h2h,2.4,1.53,2026-09-29T20:11:46+00:00
2026-09-29T20:11:50.324947+00:00,tennis_atp_china_open,35b54ab48cccdd5228a9cbb1b90e93f9,Jan-Lennard Struff,Thiago Agustin Tirante,grosvenor,h2h,2.5,1.53,2026-09-29T20:11:13+00:00
2026-09-29T20:11:50.324947+00:00,tennis_atp_china_open,35b54ab48cccdd5228a9cbb1b90e93f9,Jan-Lennard Struff,Thiago Agustin Tirante,ladbrokes_uk,h2h,2.4,1.53,2026-09-29T20:10:54+00:00
2026-09-29T20:11:50.324947+00:00,tennis_atp_china_open,35b54ab48cccdd5228a9cbb1b90e93f9,Jan-Lennard Struff,Thiago Agustin Tirante,leovegas,h2h,2.4,1.55,2026-09-29T20:11:14+00:00
2026-09-29T20:11:50.324947+00:00,tennis_atp_china_open,35b54ab48cccdd5228a9cbb1b90e93f9,Jan-Lennard Struff,Thiago Agustin Tirante,livescorebet,h2h,2.5,1.53,2026-09-29T20:11:13+00:00
2026-09-29T20:11:50.324947+00:00,tennis_atp_china_open,35b54ab48cccdd5228a9cbb1b90e93f9,Jan-Lennard Struff,Thiago Agustin Tirante,matchbook,h2h,2.68,1.59,2026-09-29T20:11:47+00:00
2026-09-29T20:11:50.324947+00:00,tennis_atp_china_open,35b54ab48cccdd5228a9cbb1b90e93f9,Jan-Lennard Struff,Thiago Agustin Tirante,paddypower,h2h,2.5,1.5,2026-09-29T20:10:37+00:00
2026-09-29T20:11:50.324947+00:00,tennis_atp_china_open,35b54ab48cccdd5228a9cbb1b90e93f9,Jan-Lennard Struff,Thiago Agustin Tirante,skybet,h2h,2.38,1.53,2026-09-29T20:10:54+00:00
2026-09-29T20:11:50.324947+00:00,tennis_atp_china_open,35b54ab48cccdd5228a9cbb1b90e93f9,Jan-Lennard Struff,Thiago Agustin Tirante,smarkets,h2h,2.64,1.55,2026-09-29T20:11:46+00:00
2026-09-29T20:11:50.324947+00:00,tennis_atp_china_open,35b54ab48cccdd5228a9cbb1b90e93f9,Jan-Lennard Struff,Thiago Agustin Tirante,sport888,h2h,2.5,1.53,2026-09-29T20:11:14+00:00
2026-09-29T20:11:50.324947+00:00,tennis_atp_china_open,35b54ab48cccdd5228a9cbb1b90e93f9,Jan-Lennard Struff,Thiago Agustin Tirante,unibet_uk,h2h,2.4,1.56,2026-09-29T20:11:48+00:00
2026-09-29T20:11:50.324947+00:00,tennis_atp_china_open,35b54ab48cccdd5228a9cbb1b90e93f9,Jan-Lennard Struff,Thiago Agustin Tirante,virginbet,h2h,2.5,1.53,2026-09-29T20:10:54+00:00
2026-09-29T20:11:50.324947+00:00,tennis_atp_china_open,35b54ab48cccdd5228a9cbb1b90e93f9,Jan-Lennard Struff,Thiago Agustin Tirante,williamhill,h2h,2.5,1.53,2026-09-29T20:11:46+00:00
2026-09-29T20:11:50.324947+00:00,tennis_atp_china_open,e16bcc00525542f000cc3fc617c7abc4,Juan Manuel Cerundolo,Bu Yunchaokete,betfair_ex_uk,h2h,2.44,1.68,2026-09-29T20:11:47+00:00
2026-09-29T20:11:50.324947+00:00,tennis_atp_china_open,e16bcc00525542f000cc3fc617c7abc4,Juan Manuel Cerundolo,Bu Yunchaokete,betano_uk,h2h,2.25,1.57,2026-09-29T20:11:06+00:00
2026-09-29T20:11:50.324947+00:00,tennis_atp_china_open,e16bcc00525542f000cc3fc617c7abc4,Juan Manuel Cerundolo,Bu Yunchaokete,betfair_sb_uk,h2h,2.25,1.62,2026-09-29T20:11:13+00:00
2026-09-29T20:11:50.324947+00:00,tennis_atp_china_open,e16bcc00525542f000cc3fc617c7abc4,Juan Manuel Cerundolo,Bu Yunchaokete,betvictor,h2h,2.25,1.57,2026-09-29T20:05:02+00:00
2026-09-29T20:11:50.324947+00:00,tennis_atp_china_open,e16bcc00525542f000cc3fc617c7abc4,Juan Manuel Cerundolo,Bu Yunchaokete,betway,h2h,2.3,1.6,2026-09-29T20:10:55+00:00
2026-09-29T20:11:50.324947+00:00,tennis_atp_china_open,e16bcc00525542f000cc3fc617c7abc4,Juan Manuel Cerundolo,Bu Yunchaokete,boylesports,h2h,2.3,1.62,2026-09-29T20:11:31+00:00
2026-09-29T20:11:50.324947+00:00,tennis_atp_china_open,e16bcc00525542f000cc3fc617c7abc4,Juan Manuel Cerundolo,Bu Yunchaokete,casumo,h2h,2.28,1.63,2026-09-29T20:10:54+00:00
2026-09-29T20:11:50.324947+00:00,tennis_atp_china_open,e16bcc00525542f000cc3fc617c7abc4,Juan Manuel Cerundolo,Bu Yunchaokete,coral,h2h,2.25,1.57,2026-09-29T20:11:46+00:00
2026-09-29T20:11:50.324947+00:00,tennis_atp_china_open,e16bcc00525542f000cc3fc617c7abc4,Juan Manuel Cerundolo,Bu Yunchaokete,grosvenor,h2h,2.28,1.63,2026-09-29T20:11:13+00:00
2026-09-29T20:11:50.324947+00:00,tennis_atp_china_open,e16bcc00525542f000cc3fc617c7abc4,Juan Manuel Cerundolo,Bu Yunchaokete,ladbrokes_uk,h2h,2.25,1.57,2026-09-29T20:10:54+00:00
2026-09-29T20:11:50.324947+00:00,tennis_atp_china_open,e16bcc00525542f000cc3fc617c7abc4,Juan Manuel Cerundolo,Bu Yunchaokete,leovegas,h2h,2.3,1.6,2026-09-29T20:11:14+00:00
2026-09-29T20:11:50.324947+00:00,tennis_atp_china_open,e16bcc00525542f000cc3fc617c7abc4,Juan Manuel Cerundolo,Bu Yunchaokete,livescorebet,h2h,2.28,1.63,2026-09-29T20:11:13+00:00
2026-09-29T20:11:50.324947+00:00,tennis_atp_china_open,e16bcc00525542f000cc3fc617c7abc4,Juan Manuel Cerundolo,Bu Yunchaokete,matchbook,h2h,2.44,1.68,2026-09-29T20:11:47+00:00
2026-09-29T20:11:50.324947+00:00,tennis_atp_china_open,e16bcc00525542f000cc3fc617c7abc4,Juan Manuel Cerundolo,Bu Yunchaokete,paddypower,h2h,2.25,1.57,2026-09-29T20:10:37+00:00
2026-09-29T20:11:50.324947+00:00,tennis_atp_china_open,e16bcc00525542f000cc3fc617c7abc4,Juan Manuel Cerundolo,Bu Yunchaokete,skybet,h2h,2.25,1.57,2026-09-29T20:10:54+00:00
2026-09-29T20:11:50.324947+00:00,tennis_atp_china_open,e16bcc00525542f000cc3fc617c7abc4,Juan Manuel Cerundolo,Bu Yunchaokete,smarkets,h2h,2.42,1.65,2026-09-29T20:11:46+00:00
2026-09-29T20:11:50.324947+00:00,tennis_atp_china_open,e16bcc00525542f000cc3fc617c7abc4,Juan Manuel Cerundolo,Bu Yunchaokete,sport888,h2h,2.3,1.61,2026-09-29T20:11:14+00:00
2026-09-29T20:11:50.324947+00:00,tennis_atp_china_open,e16bcc00525542f000cc3fc617c7abc4,Juan Manuel Cerundolo,Bu Yunchaokete,unibet_uk,h2h,2.29,1.6,2026-09-29T20:11:48+00:00
2026-09-29T20:11:50.324947+00:00,tennis_atp_china_open,e16bcc00525542f000cc3fc617c7abc4,Juan Manuel Cerundolo,Bu Yunchaokete,virginbet,h2h,2.28,1.63,2026-09-29T20:10:54+00:00
2026-09-29T20:11:50.324947+00:00,tennis_atp_china_open,e16bcc00525542f000cc3fc617c7abc4,Juan Manuel Cerundolo,Bu Yunchaokete,williamhill,h2h,2.3,1.62,2026-09-29T20:11:46+00:00
2026-09-29T20:11:50.324947+00:00,tennis_atp_china_open,cc2d916c71c7c424e48b2025e02ead52,Zhizhen Zhang,Arthur Gea,betfair_ex_uk,h2h,4.0,1.31,2026-09-29T20:11:47+00:00
2026-09-29T20:11:50.324947+00:00,tennis_atp_china_open,cc2d916c71c7c424e48b2025e02ead52,Zhizhen Zhang,Arthur Gea,betano_uk,h2h,3.4,1.29,2026-09-29T20:11:06+00:00
2026-09-29T20:11:50.324947+00:00,tennis_atp_china_open,cc2d916c71c7c424e48b2025e02ead52,Zhizhen Zhang,Arthur Gea,betfair_sb_uk,h2h,3.5,1.29,2026-09-29T20:11:13+00:00
2026-09-29T20:11:50.324947+00:00,tennis_atp_china_open,cc2d916c71c7c424e48b2025e02ead52,Zhizhen Zhang,Arthur Gea,betvictor,h2h,3.4,1.29,2026-09-29T20:05:02+00:00
2026-09-29T20:11:50.324947+00:00,tennis_atp_china_open,cc2d916c71c7c424e48b2025e02ead52,Zhizhen Zhang,Arthur Gea,betway,h2h,3.75,1.29,2026-09-29T20:10:55+00:00
2026-09-29T20:11:50.324947+00:00,tennis_atp_china_open,cc2d916c71c7c424e48b2025e02ead52,Zhizhen Zhang,Arthur Gea,boylesports,h2h,3.6,1.3,2026-09-29T20:11:31+00:00
2026-09-29T20:11:50.324947+00:00,tennis_atp_china_open,cc2d916c71c7c424e48b2025e02ead52,Zhizhen Zhang,Arthur Gea,casumo,h2h,3.3,1.33,2026-09-29T20:10:54+00:00
2026-09-29T20:11:50.324947+00:00,tennis_atp_china_open,cc2d916c71c7c424e48b2025e02ead52,Zhizhen Zhang,Arthur Gea,coral,h2h,3.5,1.28,2026-09-29T20:11:46+00:00
2026-09-29T20:11:50.324947+00:00,tennis_atp_china_open,cc2d916c71c7c424e48b2025e02ead52,Zhizhen Zhang,Arthur Gea,grosvenor,h2h,3.3,1.33,2026-09-29T20:11:13+00:00
2026-09-29T20:11:50.324947+00:00,tennis_atp_china_open,cc2d916c71c7c424e48b2025e02ead52,Zhizhen Zhang,Arthur Gea,ladbrokes_uk,h2h,3.5,1.28,2026-09-29T20:10:54+00:00
2026-09-29T20:11:50.324947+00:00,tennis_atp_china_open,cc2d916c71c7c424e48b2025e02ead52,Zhizhen Zhang,Arthur Gea,leovegas,h2h,3.5,1.26,2026-09-29T20:11:14+00:00
2026-09-29T20:11:50.324947+00:00,tennis_atp_china_open,cc2d916c71c7c424e48b2025e02ead52,Zhizhen Zhang,Arthur Gea,livescorebet,h2h,3.3,1.33,2026-09-29T20:11:13+00:00
2026-09-29T20:11:50.324947+00:00,tennis_atp_china_open,cc2d916c71c7c424e48b2025e02ead52,Zhizhen Zhang,Arthur Gea,matchbook,h2h,4.0,1.31,2026-09-29T20:11:47+00:00
2026-09-29T20:11:50.324947+00:00,tennis_atp_china_open,cc2d916c71c7c424e48b2025e02ead52,Zhizhen Zhang,Arthur Gea,paddypower,h2h,3.5,1.25,2026-09-29T20:10:37+00:00
2026-09-29T20:11:50.324947+00:00,tennis_atp_china_open,cc2d916c71c7c424e48b2025e02ead52,Zhizhen Zhang,Arthur Gea,skybet,h2h,3.5,1.25,2026-09-29T20:10:54+00:00
2026-09-29T20:11:50.324947+00:00,tennis_atp_china_open,cc2d916c71c7c424e48b2025e02ead52,Zhizhen Zhang,Arthur Gea,smarkets,h2h,4.0,1.29,2026-09-29T20:11:46+00:00
2026-09-29T20:11:50.324947+00:00,tennis_atp_china_open,cc2d916c71c7c424e48b2025e02ead52,Zhizhen Zhang,Arthur Gea,sport888,h2h,3.6,1.29,2026-09-29T20:11:14+00:00
2026-09-29T20:11:50.324947+00:00,tennis_atp_china_open,cc2d916c71c7c424e48b2025e02ead52,Zhizhen Zhang,Arthur Gea,unibet_uk,h2h,3.6,1.28,2026-09-29T20:11:48+00:00
2026-09-29T20:11:50.324947+00:00,tennis_atp_china_open,cc2d916c71c7c424e48b2025e02ead52,Zhizhen Zhang,Arthur Gea,virginbet,h2h,3.3,1.33,2026-09-29T20:10:54+00:00
2026-09-29T20:11:50.324947+00:00,tennis_atp_china_open,cc2d916c71c7c424e48b2025e02ead52,Zhizhen Zhang,Arthur Gea,williamhill,h2h,3.6,1.29,2026-09-29T20:11:46+00:00
2026-09-29T20:11:50.324947+00:00,tennis_atp_china_open,1b9a358b39f42e7ac16354a717729f4f,Nuno Borges,Novak Djokovic,betfair_ex_uk,h2h,3.3,1.42,2026-09-29T20:11:47+00:00
2026-09-29T20:11:50.324947+00:00,tennis_atp_china_open,1b9a358b39f42e7ac16354a717729f4f,Nuno Borges,Novak Djokovic,betano_uk,h2h,2.75,1.4,2026-09-29T20:11:06+00:00
2026-09-29T20:11:50.324947+00:00,tennis_atp_china_open,1b9a358b39f42e7ac16354a717729f4f,Nuno Borges,Novak Djokovic,betfair_sb_uk,h2h,2.88,1.4,2026-09-29T20:11:13+00:00
2026-09-29T20:11:50.324947+00:00,tennis_atp_china_open,1b9a358b39f42e7ac16354a717729f4f,Nuno Borges,Novak Djokovic,betvictor,h2h,2.75,1.4,2026-09-29T20:05:02+00:00
2026-09-29T20:11:50.324947+00:00,tennis_atp_china_open,1b9a358b39f42e7ac16354a717729f4f,Nuno Borges,Novak Djokovic,betway,h2h,3.0,1.38,2026-09-29T20:10:55+00:00
2026-09-29T20:11:50.324947+00:00,tennis_atp_china_open,1b9a358b39f42e7ac16354a717729f4f,Nuno Borges,Novak Djokovic,boylesports,h2h,2.88,1.44,2026-09-29T20:11:31+00:00
2026-09-29T20:11:50.324947+00:00,tennis_atp_china_open,1b9a358b39f42e7ac16354a717729f4f,Nuno Borges,Novak Djokovic,casumo,h2h,2.88,1.42,2026-09-29T20:10:54+00:00
2026-09-29T20:11:50.324947+00:00,tennis_atp_china_open,1b9a358b39f42e7ac16354a717729f4f,Nuno Borges,Novak Djokovic,coral,h2h,2.87,1.4,2026-09-29T20:11:46+00:00
2026-09-29T20:11:50.324947+00:00,tennis_atp_china_open,1b9a358b39f42e7ac16354a717729f4f,Nuno Borges,Novak Djokovic,grosvenor,h2h,2.88,1.42,2026-09-29T20:11:13+00:00
2026-09-29T20:11:50.324947+00:00,tennis_atp_china_open,1b9a358b39f42e7ac16354a717729f4f,Nuno Borges,Novak Djokovic,ladbrokes_uk,h2h,2.87,1.4,2026-09-29T20:10:54+00:00
2026-09-29T20:11:50.324947+00:00,tennis_atp_china_open,1b9a358b39f42e7ac16354a717729f4f,Nuno Borges,Novak Djokovic,leovegas,h2h,2.75,1.4,2026-09-29T20:11:14+00:00
2026-09-29T20:11:50.324947+00:00,tennis_atp_china_open,1b9a358b39f42e7ac16354a717729f4f,Nuno Borges,Novak Djokovic,livescorebet,h2h,2.88,1.42,2026-09-29T20:11:13+00:00
2026-09-29T20:11:50.324947+00:00,tennis_atp_china_open,1b9a358b39f42e7ac16354a717729f4f,Nuno Borges,Novak Djokovic,matchbook,h2h,3.3,1.42,2026-09-29T20:11:47+00:00
2026-09-29T20:11:50.324947+00:00,tennis_atp_china_open,1b9a358b39f42e7ac16354a717729f4f,Nuno Borges,Novak Djokovic,paddypower,h2h,2.88,1.36,2026-09-29T20:10:37+00:00
2026-09-29T20:11:50.324947+00:00,tennis_atp_china_open,1b9a358b39f42e7ac16354a717729f4f,Nuno Borges,Novak Djokovic,skybet,h2h,2.88,1.36,2026-09-29T20:10:54+00:00
2026-09-29T20:11:50.324947+00:00,tennis_atp_china_open,1b9a358b39f42e7ac16354a717729f4f,Nuno Borges,Novak Djokovic,smarkets,h2h,3.2,1.41,2026-09-29T20:11:46+00:00
2026-09-29T20:11:50.324947+00:00,tennis_atp_china_open,1b9a358b39f42e7ac16354a717729f4f,Nuno Borges,Novak Djokovic,sport888,h2h,2.75,1.44,2026-09-29T20:11:14+00:00
2026-09-29T20:11:50.324947+00:00,tennis_atp_china_open,1b9a358b39f42e7ac16354a717729f4f,Nuno Borges,Novak Djokovic,unibet_uk,h2h,2.88,1.4,2026-09-29T20:11:48+00:00
2026-09-29T20:11:50.324947+00:00,tennis_atp_china_open,1b9a358b39f42e7ac16354a717729f4f,Nuno Borges,Novak Djokovic,virginbet,h2h,2.88,1.42,2026-09-29T20:10:54+00:00
2026-09-29T20:11:50.324947+00:00,tennis_atp_china_open,1b9a358b39f42e7ac16354a717729f4f,Nuno Borges,Novak Djokovic,williamhill,h2h,2.75,1.44,2026-09-29T20:11:46+00:00
2026-09-29T20:11:50.324947+00:00,tennis_atp_china_open,c83a68420401e6b8f8010e3050bed2ea,Alex Molcan,Arthur Rinderknech,betfair_ex_uk,h2h,1.1,1.57,2026-09-29T20:11:47+00:00
2026-09-29T20:11:50.324947+00:00,tennis_atp_china_open,c83a68420401e6b8f8010e3050bed2ea,Alex Molcan,Arthur Rinderknech,betano_uk,h2h,2.25,1.57,2026-09-29T20:11:06+00:00
2026-09-29T20:11:50.324947+00:00,tennis_atp_china_open,c83a68420401e6b8f8010e3050bed2ea,Alex Molcan,Arthur Rinderknech,betvictor,h2h,2.25,1.57,2026-09-29T20:05:02+00:00
2026-09-29T20:11:50.324947+00:00,tennis_atp_china_open,c83a68420401e6b8f8010e3050bed2ea,Alex Molcan,Arthur Rinderknech,betway,h2h,2.3,1.6,2026-09-29T20:10:55+00:00
2026-09-29T20:11:50.324947+00:00,tennis_atp_china_open,c83a68420401e6b8f8010e3050bed2ea,Alex Molcan,Arthur Rinderknech,boylesports,h2h,2.3,1.62,2026-09-29T20:11:31+00:00
2026-09-29T20:11:50.324947+00:00,tennis_atp_china_open,c83a68420401e6b8f8010e3050bed2ea,Alex Molcan,Arthur Rinderknech,casumo,h2h,2.5,1.53,2026-09-29T20:10:54+00:00
2026-09-29T20:11:50.324947+00:00,tennis_atp_china_open,c83a68420401e6b8f8010e3050bed2ea,Alex Molcan,Arthur Rinderknech,coral,h2h,2.2,1.6,2026-09-29T20:11:46+00:00
2026-09-29T20:11:50.324947+00:00,tennis_atp_china_open,c83a68420401e6b8f8010e3050bed2ea,Alex Molcan,Arthur Rinderknech,grosvenor,h2h,2.5,1.53,2026-09-29T20:11:13+00:00
2026-09-29T20:11:50.324947+00:00,tennis_atp_china_open,c83a68420401e6b8f8010e3050bed2ea,Alex Molcan,Arthur Rinderknech,ladbrokes_uk,h2h,2.2,1.6,2026-09-29T20:10:54+00:00
2026-09-29T20:11:50.324947+00:00,tennis_atp_china_open,c83a68420401e6b8f8010e3050bed2ea,Alex Molcan,Arthur Rinderknech,leovegas,h2h,2.25,1.57,2026-09-29T20:11:14+00:00
2026-09-29T20:11:50.324947+00:00,tennis_atp_china_open,c83a68420401e6b8f8010e3050bed2ea,Alex Molcan,Arthur Rinderknech,livescorebet,h2h,2.5,1.53,2026-09-29T20:11:13+00:00
2026-09-29T20:11:50.324947+00:00,tennis_atp_china_open,c83a68420401e6b8f8010e3050bed2ea,Alex Molcan,Arthur Rinderknech,matchbook,h2h,2.2,1.54,2026-09-29T20:11:47+00:00
2026-09-29T20:11:50.324947+00:00,tennis_atp_china_open,c83a68420401e6b8f8010e3050bed2ea,Alex Molcan,Arthur Rinderknech,paddypower,h2h,2.25,1.57,2026-09-29T20:10:37+00:00
2026-09-29T20:11:50.324947+00:00,tennis_atp_china_open,c83a68420401e6b8f8010e3050bed2ea,Alex Molcan,Arthur Rinderknech,skybet,h2h,2.25,1.57,2026-09-29T20:10:54+00:00
2026-09-29T20:11:50.324947+00:00,tennis_atp_china_open,c83a68420401e6b8f8010e3050bed2ea,Alex Molcan,Arthur Rinderknech,smarkets,h2h,2.18,1.51,2026-09-29T20:11:47+00:00
2026-09-29T20:11:50.324947+00:00,tennis_atp_china_open,c83a68420401e6b8f8010e3050bed2ea,Alex Molcan,Arthur Rinderknech,sport888,h2h,2.3,1.61,2026-09-29T20:11:14+00:00
2026-09-29T20:11:50.324947+00:00,tennis_atp_china_open,c83a68420401e6b8f8010e3050bed2ea,Alex Molcan,Arthur Rinderknech,unibet_uk,h2h,2.31,1.58,2026-09-29T20:11:48+00:00
2026-09-29T20:11:50.324947+00:00,tennis_atp_china_open,c83a68420401e6b8f8010e3050bed2ea,Alex Molcan,Arthur Rinderknech,virginbet,h2h,2.5,1.53,2026-09-29T20:10:54+00:00
2026-09-29T20:11:50.324947+00:00,tennis_atp_china_open,c83a68420401e6b8f8010e3050bed2ea,Alex Molcan,Arthur Rinderknech,williamhill,h2h,2.3,1.62,2026-09-29T20:11:46+00:00
2026-09-29T20:11:50.324947+00:00,tennis_atp_china_open,f3149a5c4e24243211d462d3becfe39d,Alex de Minaur,Mariano Navone,betfair_ex_uk,h2h,1.25,4.7,2026-09-29T20:11:47+00:00
2026-09-29T20:11:50.324947+00:00,tennis_atp_china_open,f3149a5c4e24243211d462d3becfe39d,Alex de Minaur,Mariano Navone,betano_uk,h2h,1.18,4.33,2026-09-29T20:11:06+00:00
2026-09-29T20:11:50.324947+00:00,tennis_atp_china_open,f3149a5c4e24243211d462d3becfe39d,Alex de Minaur,Mariano Navone,betvictor,h2h,1.18,4.33,2026-09-29T20:05:02+00:00
2026-09-29T20:11:50.324947+00:00,tennis_atp_china_open,f3149a5c4e24243211d462d3becfe39d,Alex de Minaur,Mariano Navone,betway,h2h,1.22,4.25,2026-09-29T20:10:55+00:00
2026-09-29T20:11:50.324947+00:00,tennis_atp_china_open,f3149a5c4e24243211d462d3becfe39d,Alex de Minaur,Mariano Navone,boylesports,h2h,1.2,4.5,2026-09-29T20:11:31+00:00
2026-09-29T20:11:50.324947+00:00,tennis_atp_china_open,f3149a5c4e24243211d462d3becfe39d,Alex de Minaur,Mariano Navone,casumo,h2h,1.18,4.8,2026-09-29T20:10:54+00:00
2026-09-29T20:11:50.324947+00:00,tennis_atp_china_open,f3149a5c4e24243211d462d3becfe39d,Alex de Minaur,Mariano Navone,coral,h2h,1.22,4.2,2026-09-29T20:11:46+00:00
2026-09-29T20:11:50.324947+00:00,tennis_atp_china_open,f3149a5c4e24243211d462d3becfe39d,Alex de Minaur,Mariano Navone,grosvenor,h2h,1.18,4.8,2026-09-29T20:11:13+00:00
2026-09-29T20:11:50.324947+00:00,tennis_atp_china_open,f3149a5c4e24243211d462d3becfe39d,Alex de Minaur,Mariano Navone,ladbrokes_uk,h2h,1.22,4.2,2026-09-29T20:10:54+00:00
2026-09-29T20:11:50.324947+00:00,tennis_atp_china_open,f3149a5c4e24243211d462d3becfe39d,Alex de Minaur,Mariano Navone,leovegas,h2h,1.2,4.15,2026-09-29T20:11:14+00:00
2026-09-29T20:11:50.324947+00:00,tennis_atp_china_open,f3149a5c4e24243211d462d3becfe39d,Alex de Minaur,Mariano Navone,livescorebet,h2h,1.18,4.8,2026-09-29T20:11:13+00:00
2026-09-29T20:11:50.324947+00:00,tennis_atp_china_open,f3149a5c4e24243211d462d3becfe39d,Alex de Minaur,Mariano Navone,matchbook,h2h,1.23,4.6,2026-09-29T20:11:47+00:00
2026-09-29T20:11:50.324947+00:00,tennis_atp_china_open,f3149a5c4e24243211d462d3becfe39d,Alex de Minaur,Mariano Navone,paddypower,h2h,1.2,4.0,2026-09-29T20:10:37+00:00
2026-09-29T20:11:50.324947+00:00,tennis_atp_china_open,f3149a5c4e24243211d462d3becfe39d,Alex de Minaur,Mariano Navone,skybet,h2h,1.2,4.0,2026-09-29T20:10:54+00:00
2026-09-29T20:11:50.324947+00:00,tennis_atp_china_open,f3149a5c4e24243211d462d3becfe39d,Alex de Minaur,Mariano Navone,smarkets,h2h,1.23,4.6,2026-09-29T20:11:47+00:00
2026-09-29T20:11:50.324947+00:00,tennis_atp_china_open,f3149a5c4e24243211d462d3becfe39d,Alex de Minaur,Mariano Navone,sport888,h2h,1.22,4.2,2026-09-29T20:11:14+00:00
2026-09-29T20:11:50.324947+00:00,tennis_atp_china_open,f3149a5c4e24243211d462d3becfe39d,Alex de Minaur,Mariano Navone,virginbet,h2h,1.18,4.8,2026-09-29T20:10:54+00:00
2026-09-29T20:11:50.324947+00:00,tennis_atp_china_open,f3149a5c4e24243211d462d3becfe39d,Alex de Minaur,Mariano Navone,williamhill,h2h,1.22,4.2,2026-09-29T20:11:46+00:00
2026-09-29T20:11:50.324947+00:00,tennis_atp_china_open,8e1b1ccdaf9bc406f149cfba186e0337,Alexander Bublik,Jakub Mensik,betfair_ex_uk,h2h,2.5,1.6,2026-09-29T20:11:47+00:00
2026-09-29T20:11:50.324947+00:00,tennis_atp_china_open,8e1b1ccdaf9bc406f149cfba186e0337,Alexander Bublik,Jakub Mensik,betano_uk,h2h,2.5,1.45,2026-09-29T20:11:06+00:00
2026-09-29T20:11:50.324947+00:00,tennis_atp_china_open,8e1b1ccdaf9bc406f149cfba186e0337,Alexander Bublik,Jakub Mensik,betfair_sb_uk,h2h,2.25,1.62,2026-09-29T20:11:13+00:00
2026-09-29T20:11:50.324947+00:00,tennis_atp_china_open,8e1b1ccdaf9bc406f149cfba186e0337,Alexander Bublik,Jakub Mensik,betvictor,h2h,2.5,1.45,2026-09-29T20:05:02+00:00
2026-09-29T20:11:50.324947+00:00,tennis_atp_china_open,8e1b1ccdaf9bc406f149cfba186e0337,Alexander Bublik,Jakub Mensik,betway,h2h,2.4,1.55,2026-09-29T20:10:55+00:00
2026-09-29T20:11:50.324947+00:00,tennis_atp_china_open,8e1b1ccdaf9bc406f149cfba186e0337,Alexander Bublik,Jakub Mensik,boylesports,h2h,2.38,1.62,2026-09-29T20:11:31+00:00
2026-09-29T20:11:50.324947+00:00,tennis_atp_china_open,8e1b1ccdaf9bc406f149cfba186e0337,Alexander Bublik,Jakub Mensik,casumo,h2h,2.38,1.57,2026-09-29T20:10:54+00:00
2026-09-29T20:11:50.324947+00:00,tennis_atp_china_open,8e1b1ccdaf9bc406f149cfba186e0337,Alexander Bublik,Jakub Mensik,coral,h2h,2.3,1.55,2026-09-29T20:11:46+00:00
2026-09-29T20:11:50.324947+00:00,tennis_atp_china_open,8e1b1ccdaf9bc406f149cfba186e0337,Alexander Bublik,Jakub Mensik,grosvenor,h2h,2.38,1.57,2026-09-29T20:11:13+00:00
2026-09-29T20:11:50.324947+00:00,tennis_atp_china_open,8e1b1ccdaf9bc406f149cfba186e0337,Alexander Bublik,Jakub Mensik,ladbrokes_uk,h2h,2.3,1.55,2026-09-29T20:10:54+00:00
2026-09-29T20:11:50.324947+00:00,tennis_atp_china_open,8e1b1ccdaf9bc406f149cfba186e0337,Alexander Bublik,Jakub Mensik,leovegas,h2h,2.3,1.55,2026-09-29T20:11:14+00:00
2026-09-29T20:11:50.324947+00:00,tennis_atp_china_open,8e1b1ccdaf9bc406f149cfba186e0337,Alexander Bublik,Jakub Mensik,livescorebet,h2h,2.38,1.58,2026-09-29T20:11:13+00:00
2026-09-29T20:11:50.324947+00:00,tennis_atp_china_open,8e1b1ccdaf9bc406f149cfba186e0337,Alexander Bublik,Jakub Mensik,matchbook,h2h,2.48,1.6,2026-09-29T20:11:47+00:00
2026-09-29T20:11:50.324947+00:00,tennis_atp_china_open,8e1b1ccdaf9bc406f149cfba186e0337,Alexander Bublik,Jakub Mensik,paddypower,h2h,2.25,1.57,2026-09-29T20:10:37+00:00
2026-09-29T20:11:50.324947+00:00,tennis_atp_china_open,8e1b1ccdaf9bc406f149cfba186e0337,Alexander Bublik,Jakub Mensik,skybet,h2h,2.25,1.57,2026-09-29T20:10:54+00:00
2026-09-29T20:11:50.324947+00:00,tennis_atp_china_open,8e1b1ccdaf9bc406f149cfba186e0337,Alexander Bublik,Jakub Mensik,smarkets,h2h,2.48,1.59,2026-09-29T20:11:46+00:00
2026-09-29T20:11:50.324947+00:00,tennis_atp_china_open,8e1b1ccdaf9bc406f149cfba186e0337,Alexander Bublik,Jakub Mensik,sport888,h2h,2.3,1.61,2026-09-29T20:11:14+00:00
2026-09-29T20:11:50.324947+00:00,tennis_atp_china_open,8e1b1ccdaf9bc406f149cfba186e0337,Alexander Bublik,Jakub Mensik,unibet_uk,h2h,2.34,1.55,2026-09-29T20:11:48+00:00
2026-09-29T20:11:50.324947+00:00,tennis_atp_china_open,8e1b1ccdaf9bc406f149cfba186e0337,Alexander Bublik,Jakub Mensik,virginbet,h2h,2.38,1.58,2026-09-29T20:10:54+00:00
2026-09-29T20:11:50.324947+00:00,tennis_atp_china_open,8e1b1ccdaf9bc406f149cfba186e0337,Alexander Bublik,Jakub Mensik,williamhill,h2h,2.3,1.62,2026-09-29T20:11:46+00:00
2026-09-29T20:11:50.324947+00:00,tennis_atp_china_open,baf8f73b47a664fcede53262ff09e26d,Alexander Zverev,Cameron Norrie,betfair_ex_uk,h2h,1.12,8.4,2026-09-29T20:11:47+00:00
2026-09-29T20:11:50.324947+00:00,tennis_atp_china_open,baf8f73b47a664fcede53262ff09e26d,Alexander Zverev,Cameron Norrie,betano_uk,h2h,1.08,6.5,2026-09-29T20:11:06+00:00
2026-09-29T20:11:50.324947+00:00,tennis_atp_china_open,baf8f73b47a664fcede53262ff09e26d,Alexander Zverev,Cameron Norrie,betvictor,h2h,1.08,6.5,2026-09-29T20:05:02+00:00
2026-09-29T20:11:50.324947+00:00,tennis_atp_china_open,baf8f73b47a664fcede53262ff09e26d,Alexander Zverev,Cameron Norrie,betway,h2h,1.1,7.0,2026-09-29T20:10:55+00:00
2026-09-29T20:11:50.324947+00:00,tennis_atp_china_open,baf8f73b47a664fcede53262ff09e26d,Alexander Zverev,Cameron Norrie,boylesports,h2h,1.1,7.5,2026-09-29T20:11:31+00:00
2026-09-29T20:11:50.324947+00:00,tennis_atp_china_open,baf8f73b47a664fcede53262ff09e26d,Alexander Zverev,Cameron Norrie,casumo,h2h,1.07,9.0,2026-09-29T20:10:54+00:00
2026-09-29T20:11:50.324947+00:00,tennis_atp_china_open,baf8f73b47a664fcede53262ff09e26d,Alexander Zverev,Cameron Norrie,coral,h2h,1.08,7.5,2026-09-29T20:11:46+00:00
2026-09-29T20:11:50.324947+00:00,tennis_atp_china_open,baf8f73b47a664fcede53262ff09e26d,Alexander Zverev,Cameron Norrie,grosvenor,h2h,1.07,9.0,2026-09-29T20:11:13+00:00
2026-09-29T20:11:50.324947+00:00,tennis_atp_china_open,baf8f73b47a664fcede53262ff09e26d,Alexander Zverev,Cameron Norrie,ladbrokes_uk,h2h,1.08,7.5,2026-09-29T20:10:54+00:00
2026-09-29T20:11:50.324947+00:00,tennis_atp_china_open,baf8f73b47a664fcede53262ff09e26d,Alexander Zverev,Cameron Norrie,leovegas,h2h,1.06,7.2,2026-09-29T20:11:14+00:00
2026-09-29T20:11:50.324947+00:00,tennis_atp_china_open,baf8f73b47a664fcede53262ff09e26d,Alexander Zverev,Cameron Norrie,livescorebet,h2h,1.07,9.0,2026-09-29T20:11:13+00:00
2026-09-29T20:11:50.324947+00:00,tennis_atp_china_open,baf8f73b47a664fcede53262ff09e26d,Alexander Zverev,Cameron Norrie,matchbook,h2h,1.1,8.2,2026-09-29T20:11:47+00:00
2026-09-29T20:11:50.324947+00:00,tennis_atp_china_open,baf8f73b47a664fcede53262ff09e26d,Alexander Zverev,Cameron Norrie,paddypower,h2h,1.08,6.5,2026-09-29T20:10:37+00:00
2026-09-29T20:11:50.324947+00:00,tennis_atp_china_open,baf8f73b47a664fcede53262ff09e26d,Alexander Zverev,Cameron Norrie,skybet,h2h,1.08,6.5,2026-09-29T20:10:54+00:00
2026-09-29T20:11:50.324947+00:00,tennis_atp_china_open,baf8f73b47a664fcede53262ff09e26d,Alexander Zverev,Cameron Norrie,smarkets,h2h,1.11,8.2,2026-09-29T20:11:46+00:00
2026-09-29T20:11:50.324947+00:00,tennis_atp_china_open,baf8f73b47a664fcede53262ff09e26d,Alexander Zverev,Cameron Norrie,sport888,h2h,1.06,9.0,2026-09-29T20:11:14+00:00
2026-09-29T20:11:50.324947+00:00,tennis_atp_china_open,baf8f73b47a664fcede53262ff09e26d,Alexander Zverev,Cameron Norrie,unibet_uk,h2h,1.07,7.0,2026-09-29T20:11:48+00:00
2026-09-29T20:11:50.324947+00:00,tennis_atp_china_open,baf8f73b47a664fcede53262ff09e26d,Alexander Zverev,Cameron Norrie,virginbet,h2h,1.07,9.0,2026-09-29T20:10:54+00:00
2026-09-29T20:11:50.324947+00:00,tennis_atp_china_open,baf8f73b47a664fcede53262ff09e26d,Alexander Zverev,Cameron Norrie,williamhill,h2h,1.06,9.0,2026-09-29T20:11:46+00:00
2026-09-29T20:11:50.324947+00:00,tennis_atp_china_open,ef3f453a337c9dae404be4cbf6772441,Tallon Griekspoor,Andrey Rublev,betfair_ex_uk,h2h,2.68,1.57,2026-09-29T20:11:47+00:00
2026-09-29T20:11:50.324947+00:00,tennis_atp_china_open,ef3f453a337c9dae404be4cbf6772441,Tallon Griekspoor,Andrey Rublev,betano_uk,h2h,2.5,1.45,2026-09-29T20:11:06+00:00
2026-09-29T20:11:50.324947+00:00,tennis_atp_china_open,ef3f453a337c9dae404be4cbf6772441,Tallon Griekspoor,Andrey Rublev,betfair_sb_uk,h2h,2.5,1.53,2026-09-29T20:11:13+00:00
2026-09-29T20:11:50.324947+00:00,tennis_atp_china_open,ef3f453a337c9dae404be4cbf6772441,Tallon Griekspoor,Andrey Rublev,betvictor,h2h,2.5,1.45,2026-09-29T20:05:02+00:00
2026-09-29T20:11:50.324947+00:00,tennis_atp_china_open,ef3f453a337c9dae404be4cbf6772441,Tallon Griekspoor,Andrey Rublev,betway,h2h,2.4,1.55,2026-09-29T20:10:55+00:00
2026-09-29T20:11:50.324947+00:00,tennis_atp_china_open,ef3f453a337c9dae404be4cbf6772441,Tallon Griekspoor,Andrey Rublev,boylesports,h2h,2.5,1.53,2026-09-29T20:11:31+00:00
2026-09-29T20:11:50.324947+00:00,tennis_atp_china_open,ef3f453a337c9dae404be4cbf6772441,Tallon Griekspoor,Andrey Rublev,casumo,h2h,2.48,1.53,2026-09-29T20:10:54+00:00
2026-09-29T20:11:50.324947+00:00,tennis_atp_china_open,ef3f453a337c9dae404be4cbf6772441,Tallon Griekspoor,Andrey Rublev,coral,h2h,2.4,1.53,2026-09-29T20:11:46+00:00
2026-09-29T20:11:50.324947+00:00,tennis_atp_china_open,ef3f453a337c9dae404be4cbf6772441,Tallon Griekspoor,Andrey Rublev,grosvenor,h2h,2.48,1.53,2026-09-29T20:11:13+00:00
2026-09-29T20:11:50.324947+00:00,tennis_atp_china_open,ef3f453a337c9dae404be4cbf6772441,Tallon Griekspoor,Andrey Rublev,ladbrokes_uk,h2h,2.4,1.53,2026-09-29T20:10:54+00:00
2026-09-29T20:11:50.324947+00:00,tennis_atp_china_open,ef3f453a337c9dae404be4cbf6772441,Tallon Griekspoor,Andrey Rublev,leovegas,h2h,2.45,1.5,2026-09-29T20:11:14+00:00
2026-09-29T20:11:50.324947+00:00,tennis_atp_china_open,ef3f453a337c9dae404be4cbf6772441,Tallon Griekspoor,Andrey Rublev,livescorebet,h2h,2.48,1.53,2026-09-29T20:11:13+00:00
2026-09-29T20:11:50.324947+00:00,tennis_atp_china_open,ef3f453a337c9dae404be4cbf6772441,Tallon Griekspoor,Andrey Rublev,matchbook,h2h,2.58,1.55,2026-09-29T20:11:47+00:00
2026-09-29T20:11:50.324947+00:00,tennis_atp_china_open,ef3f453a337c9dae404be4cbf6772441,Tallon Griekspoor,Andrey Rublev,paddypower,h2h,2.5,1.5,2026-09-29T20:10:37+00:00
2026-09-29T20:11:50.324947+00:00,tennis_atp_china_open,ef3f453a337c9dae404be4cbf6772441,Tallon Griekspoor,Andrey Rublev,skybet,h2h,2.5,1.5,2026-09-29T20:10:54+00:00
2026-09-29T20:11:50.324947+00:00,tennis_atp_china_open,ef3f453a337c9dae404be4cbf6772441,Tallon Griekspoor,Andrey Rublev,smarkets,h2h,2.58,1.55,2026-09-29T20:11:47+00:00
2026-09-29T20:11:50.324947+00:00,tennis_atp_china_open,ef3f453a337c9dae404be4cbf6772441,Tallon Griekspoor,Andrey Rublev,sport888,h2h,2.38,1.57,2026-09-29T20:11:14+00:00
2026-09-29T20:11:50.324947+00:00,tennis_atp_china_open,ef3f453a337c9dae404be4cbf6772441,Tallon Griekspoor,Andrey Rublev,unibet_uk,h2h,2.47,1.5,2026-09-29T20:11:48+00:00
2026-09-29T20:11:50.324947+00:00,tennis_atp_china_open,ef3f453a337c9dae404be4cbf6772441,Tallon Griekspoor,Andrey Rublev,virginbet,h2h,2.48,1.53,2026-09-29T20:10:54+00:00
2026-09-29T20:11:50.324947+00:00,tennis_atp_china_open,ef3f453a337c9dae404be4cbf6772441,Tallon Griekspoor,Andrey Rublev,williamhill,h2h,2.38,1.57,2026-09-29T20:11:46+00:00
2026-09-29T20:11:50.324947+00:00,tennis_atp_china_open,0538a6a69f027f97e7fc87dac711046e,Botic van de Zandschulp,Francisco Cerundolo,betfair_ex_uk,h2h,2.32,1.63,2026-09-29T20:11:47+00:00
2026-09-29T20:11:50.324947+00:00,tennis_atp_china_open,0538a6a69f027f97e7fc87dac711046e,Botic van de Zandschulp,Francisco Cerundolo,betano_uk,h2h,2.2,1.61,2026-09-29T20:11:06+00:00
2026-09-29T20:11:50.324947+00:00,tennis_atp_china_open,0538a6a69f027f97e7fc87dac711046e,Botic van de Zandschulp,Francisco Cerundolo,betvictor,h2h,2.2,1.61,2026-09-29T20:05:02+00:00
2026-09-29T20:11:50.324947+00:00,tennis_atp_china_open,0538a6a69f027f97e7fc87dac711046e,Botic van de Zandschulp,Francisco Cerundolo,betway,h2h,2.25,1.65,2026-09-29T20:10:55+00:00
2026-09-29T20:11:50.324947+00:00,tennis_atp_china_open,0538a6a69f027f97e7fc87dac711046e,Botic van de Zandschulp,Francisco Cerundolo,boylesports,h2h,2.25,1.67,2026-09-29T20:11:31+00:00
2026-09-29T20:11:50.324947+00:00,tennis_atp_china_open,0538a6a69f027f97e7fc87dac711046e,Botic van de Zandschulp,Francisco Cerundolo,casumo,h2h,2.3,1.61,2026-09-29T20:10:54+00:00
2026-09-29T20:11:50.324947+00:00,tennis_atp_china_open,0538a6a69f027f97e7fc87dac711046e,Botic van de Zandschulp,Francisco Cerundolo,coral,h2h,2.2,1.6,2026-09-29T20:11:46+00:00
2026-09-29T20:11:50.324947+00:00,tennis_atp_china_open,0538a6a69f027f97e7fc87dac711046e,Botic van de Zandschulp,Francisco Cerundolo,grosvenor,h2h,2.3,1.61,2026-09-29T20:11:13+00:00
2026-09-29T20:11:50.324947+00:00,tennis_atp_china_open,0538a6a69f027f97e7fc87dac711046e,Botic van de Zandschulp,Francisco Cerundolo,ladbrokes_uk,h2h,2.2,1.6,2026-09-29T20:10:54+00:00
2026-09-29T20:11:50.324947+00:00,tennis_atp_china_open,0538a6a69f027f97e7fc87dac711046e,Botic van de Zandschulp,Francisco Cerundolo,leovegas,h2h,2.25,1.57,2026-09-29T20:11:14+00:00
2026-09-29T20:11:50.324947+00:00,tennis_atp_china_open,0538a6a69f027f97e7fc87dac711046e,Botic van de Zandschulp,Francisco Cerundolo,livescorebet,h2h,2.3,1.61,2026-09-29T20:11:13+00:00
2026-09-29T20:11:50.324947+00:00,tennis_atp_china_open,0538a6a69f027f97e7fc87dac711046e,Botic van de Zandschulp,Francisco Cerundolo,matchbook,h2h,2.18,1.54,2026-09-29T20:11:47+00:00
2026-09-29T20:11:50.324947+00:00,tennis_atp_china_open,0538a6a69f027f97e7fc87dac711046e,Botic van de Zandschulp,Francisco Cerundolo,paddypower,h2h,2.25,1.57,2026-09-29T20:10:37+00:00
2026-09-29T20:11:50.324947+00:00,tennis_atp_china_open,0538a6a69f027f97e7fc87dac711046e,Botic van de Zandschulp,Francisco Cerundolo,skybet,h2h,2.25,1.57,2026-09-29T20:10:54+00:00
2026-09-29T20:11:50.324947+00:00,tennis_atp_china_open,0538a6a69f027f97e7fc87dac711046e,Botic van de Zandschulp,Francisco Cerundolo,smarkets,h2h,2.22,1.62,2026-09-29T20:11:47+00:00
2026-09-29T20:11:50.324947+00:00,tennis_atp_china_open,0538a6a69f027f97e7fc87dac711046e,Botic van de Zandschulp,Francisco Cerundolo,sport888,h2h,2.3,1.61,2026-09-29T20:11:14+00:00
2026-09-29T20:11:50.324947+00:00,tennis_atp_china_open,0538a6a69f027f97e7fc87dac711046e,Botic van de Zandschulp,Francisco Cerundolo,virginbet,h2h,2.3,1.61,2026-09-29T20:10:54+00:00
2026-09-29T20:11:50.324947+00:00,tennis_atp_china_open,0538a6a69f027f97e7fc87dac711046e,Botic van de Zandschulp,Francisco Cerundolo,williamhill,h2h,2.3,1.62,2026-09-29T20:11:46+00:00
2026-09-29T20:11:50.324947+00:00,tennis_atp_china_open,d66f1937da5272c6644a583eaa98d7ce,Daniil Medvedev,Pablo Carreno Busta,betfair_ex_uk,h2h,1.21,3.25,2026-09-29T20:11:47+00:00
2026-09-29T20:11:50.324947+00:00,tennis_atp_china_open,d66f1937da5272c6644a583eaa98d7ce,Daniil Medvedev,Pablo Carreno Busta,betano_uk,h2h,1.29,3.4,2026-09-29T20:11:06+00:00
2026-09-29T20:11:50.324947+00:00,tennis_atp_china_open,d66f1937da5272c6644a583eaa98d7ce,Daniil Medvedev,Pablo Carreno Busta,betfair_sb_uk,h2h,1.22,4.0,2026-09-29T20:11:13+00:00
2026-09-29T20:11:50.324947+00:00,tennis_atp_china_open,d66f1937da5272c6644a583eaa98d7ce,Daniil Medvedev,Pablo Carreno Busta,betvictor,h2h,1.29,3.4,2026-09-29T20:05:02+00:00
2026-09-29T20:11:50.324947+00:00,tennis_atp_china_open,d66f1937da5272c6644a583eaa98d7ce,Daniil Medvedev,Pablo Carreno Busta,betway,h2h,1.22,4.25,2026-09-29T20:10:55+00:00
2026-09-29T20:11:50.324947+00:00,tennis_atp_china_open,d66f1937da5272c6644a583eaa98d7ce,Daniil Medvedev,Pablo Carreno Busta,boylesports,h2h,1.22,4.2,2026-09-29T20:11:31+00:00
2026-09-29T20:11:50.324947+00:00,tennis_atp_china_open,d66f1937da5272c6644a583eaa98d7ce,Daniil Medvedev,Pablo Carreno Busta,casumo,h2h,1.23,4.2,2026-09-29T20:10:54+00:00
2026-09-29T20:11:50.324947+00:00,tennis_atp_china_open,d66f1937da5272c6644a583eaa98d7ce,Daniil Medvedev,Pablo Carreno Busta,coral,h2h,1.22,4.0,2026-09-29T20:11:46+00:00
2026-09-29T20:11:50.324947+00:00,tennis_atp_china_open,d66f1937da5272c6644a583eaa98d7ce,Daniil Medvedev,Pablo Carreno Busta,grosvenor,h2h,1.23,4.2,2026-09-29T20:11:13+00:00
2026-09-29T20:11:50.324947+00:00,tennis_atp_china_open,d66f1937da5272c6644a583eaa98d7ce,Daniil Medvedev,Pablo Carreno Busta,ladbrokes_uk,h2h,1.22,4.0,2026-09-29T20:10:54+00:00
2026-09-29T20:11:50.324947+00:00,tennis_atp_china_open,d66f1937da5272c6644a583eaa98d7ce,Daniil Medvedev,Pablo Carreno Busta,leovegas,h2h,1.2,4.0,2026-09-29T20:11:14+00:00
2026-09-29T20:11:50.324947+00:00,tennis_atp_china_open,d66f1937da5272c6644a583eaa98d7ce,Daniil Medvedev,Pablo Carreno Busta,livescorebet,h2h,1.23,4.2,2026-09-29T20:11:13+00:00
2026-09-29T20:11:50.324947+00:00,tennis_atp_china_open,d66f1937da5272c6644a583eaa98d7ce,Daniil Medvedev,Pablo Carreno Busta,matchbook,h2h,1.19,4.1,2026-09-29T20:11:47+00:00
2026-09-29T20:11:50.324947+00:00,tennis_atp_china_open,d66f1937da5272c6644a583eaa98d7ce,Daniil Medvedev,Pablo Carreno Busta,paddypower,h2h,1.2,4.0,2026-09-29T20:10:37+00:00
2026-09-29T20:11:50.324947+00:00,tennis_atp_china_open,d66f1937da5272c6644a583eaa98d7ce,Daniil Medvedev,Pablo Carreno Busta,skybet,h2h,1.2,4.0,2026-09-29T20:10:54+00:00
2026-09-29T20:11:50.324947+00:00,tennis_atp_china_open,d66f1937da5272c6644a583eaa98d7ce,Daniil Medvedev,Pablo Carreno Busta,smarkets,h2h,1.22,3.65,2026-09-29T20:11:47+00:00
2026-09-29T20:11:50.324947+00:00,tennis_atp_china_open,d66f1937da5272c6644a583eaa98d7ce,Daniil Medvedev,Pablo Carreno Busta,sport888,h2h,1.22,4.2,2026-09-29T20:11:14+00:00
2026-09-29T20:11:50.324947+00:00,tennis_atp_china_open,d66f1937da5272c6644a583eaa98d7ce,Daniil Medvedev,Pablo Carreno Busta,unibet_uk,h2h,1.21,4.1,2026-09-29T20:11:48+00:00
2026-09-29T20:11:50.324947+00:00,tennis_atp_china_open,d66f1937da5272c6644a583eaa98d7ce,Daniil Medvedev,Pablo Carreno Busta,virginbet,h2h,1.23,4.2,2026-09-29T20:10:54+00:00
2026-09-29T20:11:50.324947+00:00,tennis_atp_china_open,d66f1937da5272c6644a583eaa98d7ce,Daniil Medvedev,Pablo Carreno Busta,williamhill,h2h,1.22,4.2,2026-09-29T20:11:46+00:00
2026-09-29T20:11:50.324947+00:00,tennis_atp_china_open,8385aac113ecfb54b50592228c73e06f,Roman Safiullin,Flavio Cobolli,betfair_ex_uk,h2h,2.12,1.87,2026-09-29T20:11:47+00:00
2026-09-29T20:11:50.324947+00:00,tennis_atp_china_open,8385aac113ecfb54b50592228c73e06f,Roman Safiullin,Flavio Cobolli,betano_uk,h2h,2.0,1.73,2026-09-29T20:11:06+00:00
2026-09-29T20:11:50.324947+00:00,tennis_atp_china_open,8385aac113ecfb54b50592228c73e06f,Roman Safiullin,Flavio Cobolli,betvictor,h2h,2.0,1.73,2026-09-29T20:05:02+00:00
2026-09-29T20:11:50.324947+00:00,tennis_atp_china_open,8385aac113ecfb54b50592228c73e06f,Roman Safiullin,Flavio Cobolli,betway,h2h,2.0,1.8,2026-09-29T20:10:55+00:00
2026-09-29T20:11:50.324947+00:00,tennis_atp_china_open,8385aac113ecfb54b50592228c73e06f,Roman Safiullin,Flavio Cobolli,boylesports,h2h,2.05,1.8,2026-09-29T20:11:31+00:00
2026-09-29T20:11:50.324947+00:00,tennis_atp_china_open,8385aac113ecfb54b50592228c73e06f,Roman Safiullin,Flavio Cobolli,casumo,h2h,2.06,1.77,2026-09-29T20:10:54+00:00
2026-09-29T20:11:50.324947+00:00,tennis_atp_china_open,8385aac113ecfb54b50592228c73e06f,Roman Safiullin,Flavio Cobolli,coral,h2h,2.0,1.75,2026-09-29T20:11:46+00:00
2026-09-29T20:11:50.324947+00:00,tennis_atp_china_open,8385aac113ecfb54b50592228c73e06f,Roman Safiullin,Flavio Cobolli,grosvenor,h2h,2.06,1.77,2026-09-29T20:11:13+00:00
2026-09-29T20:11:50.324947+00:00,tennis_atp_china_open,8385aac113ecfb54b50592228c73e06f,Roman Safiullin,Flavio Cobolli,ladbrokes_uk,h2h,2.0,1.75,2026-09-29T20:10:54+00:00
2026-09-29T20:11:50.324947+00:00,tennis_atp_china_open,8385aac113ecfb54b50592228c73e06f,Roman Safiullin,Flavio Cobolli,leovegas,h2h,1.98,1.75,2026-09-29T20:11:14+00:00
2026-09-29T20:11:50.324947+00:00,tennis_atp_china_open,8385aac113ecfb54b50592228c73e06f,Roman Safiullin,Flavio Cobolli,livescorebet,h2h,2.06,1.77,2026-09-29T20:11:13+00:00
2026-09-29T20:11:50.324947+00:00,tennis_atp_china_open,8385aac113ecfb54b50592228c73e06f,Roman Safiullin,Flavio Cobolli,matchbook,h2h,2.12,1.81,2026-09-29T20:11:47+00:00
2026-09-29T20:11:50.324947+00:00,tennis_atp_china_open,8385aac113ecfb54b50592228c73e06f,Roman Safiullin,Flavio Cobolli,paddypower,h2h,2.1,1.67,2026-09-29T20:10:37+00:00
2026-09-29T20:11:50.324947+00:00,tennis_atp_china_open,8385aac113ecfb54b50592228c73e06f,Roman Safiullin,Flavio Cobolli,skybet,h2h,2.1,1.67,2026-09-29T20:10:54+00:00
2026-09-29T20:11:50.324947+00:00,tennis_atp_china_open,8385aac113ecfb54b50592228c73e06f,Roman Safiullin,Flavio Cobolli,smarkets,h2h,2.1,1.81,2026-09-29T20:11:47+00:00
2026-09-29T20:11:50.324947+00:00,tennis_atp_china_open,8385aac113ecfb54b50592228c73e06f,Roman Safiullin,Flavio Cobolli,sport888,h2h,2.0,1.8,2026-09-29T20:11:14+00:00
2026-09-29T20:11:50.324947+00:00,tennis_atp_china_open,8385aac113ecfb54b50592228c73e06f,Roman Safiullin,Flavio Cobolli,unibet_uk,h2h,1.99,1.76,2026-09-29T20:11:48+00:00
2026-09-29T20:11:50.324947+00:00,tennis_atp_china_open,8385aac113ecfb54b50592228c73e06f,Roman Safiullin,Flavio Cobolli,virginbet,h2h,2.06,1.77,2026-09-29T20:10:54+00:00
2026-09-29T20:11:50.324947+00:00,tennis_atp_china_open,8385aac113ecfb54b50592228c73e06f,Roman Safiullin,Flavio Cobolli,williamhill,h2h,2.0,1.8,2026-09-29T20:11:46+00:00
2026-09-29T20:11:50.324947+00:00,tennis_atp_china_open,726e426c5068e86e57b7f81891e0136e,Learner Tien,Hubert Hurkacz,betfair_ex_uk,h2h,1.6,2.62,2026-09-29T20:11:47+00:00
2026-09-29T20:11:50.324947+00:00,tennis_atp_china_open,726e426c5068e86e57b7f81891e0136e,Learner Tien,Hubert Hurkacz,betano_uk,h2h,1.53,2.3,2026-09-29T20:11:06+00:00
2026-09-29T20:11:50.324947+00:00,tennis_atp_china_open,726e426c5068e86e57b7f81891e0136e,Learner Tien,Hubert Hurkacz,betvictor,h2h,1.53,2.3,2026-09-29T20:05:02+00:00
2026-09-29T20:11:50.324947+00:00,tennis_atp_china_open,726e426c5068e86e57b7f81891e0136e,Learner Tien,Hubert Hurkacz,betway,h2h,1.55,2.4,2026-09-29T20:10:55+00:00
2026-09-29T20:11:50.324947+00:00,tennis_atp_china_open,726e426c5068e86e57b7f81891e0136e,Learner Tien,Hubert Hurkacz,boylesports,h2h,1.53,2.5,2026-09-29T20:11:31+00:00
2026-09-29T20:11:50.324947+00:00,tennis_atp_china_open,726e426c5068e86e57b7f81891e0136e,Learner Tien,Hubert Hurkacz,casumo,h2h,1.54,2.45,2026-09-29T20:10:54+00:00
2026-09-29T20:11:50.324947+00:00,tennis_atp_china_open,726e426c5068e86e57b7f81891e0136e,Learner Tien,Hubert Hurkacz,coral,h2h,1.53,2.4,2026-09-29T20:11:46+00:00
2026-09-29T20:11:50.324947+00:00,tennis_atp_china_open,726e426c5068e86e57b7f81891e0136e,Learner Tien,Hubert Hurkacz,grosvenor,h2h,1.54,2.45,2026-09-29T20:11:13+00:00
2026-09-29T20:11:50.324947+00:00,tennis_atp_china_open,726e426c5068e86e57b7f81891e0136e,Learner Tien,Hubert Hurkacz,ladbrokes_uk,h2h,1.53,2.4,2026-09-29T20:10:54+00:00
2026-09-29T20:11:50.324947+00:00,tennis_atp_china_open,726e426c5068e86e57b7f81891e0136e,Learner Tien,Hubert Hurkacz,leovegas,h2h,1.5,2.4,2026-09-29T20:11:14+00:00
2026-09-29T20:11:50.324947+00:00,tennis_atp_china_open,726e426c5068e86e57b7f81891e0136e,Learner Tien,Hubert Hurkacz,livescorebet,h2h,1.54,2.45,2026-09-29T20:11:13+00:00
2026-09-29T20:11:50.324947+00:00,tennis_atp_china_open,726e426c5068e86e57b7f81891e0136e,Learner Tien,Hubert Hurkacz,matchbook,h2h,1.57,2.58,2026-09-29T20:11:47+00:00
2026-09-29T20:11:50.324947+00:00,tennis_atp_china_open,726e426c5068e86e57b7f81891e0136e,Learner Tien,Hubert Hurkacz,paddypower,h2h,1.5,2.5,2026-09-29T20:10:37+00:00
2026-09-29T20:11:50.324947+00:00,tennis_atp_china_open,726e426c5068e86e57b7f81891e0136e,Learner Tien,Hubert Hurkacz,skybet,h2h,1.5,2.5,2026-09-29T20:10:54+00:00
2026-09-29T20:11:50.324947+00:00,tennis_atp_china_open,726e426c5068e86e57b7f81891e0136e,Learner Tien,Hubert Hurkacz,smarkets,h2h,1.56,2.6,2026-09-29T20:11:47+00:00
2026-09-29T20:11:50.324947+00:00,tennis_atp_china_open,726e426c5068e86e57b7f81891e0136e,Learner Tien,Hubert Hurkacz,sport888,h2h,1.53,2.5,2026-09-29T20:11:14+00:00
2026-09-29T20:11:50.324947+00:00,tennis_atp_china_open,726e426c5068e86e57b7f81891e0136e,Learner Tien,Hubert Hurkacz,unibet_uk,h2h,1.54,2.4,2026-09-29T20:11:48+00:00
2026-09-29T20:11:50.324947+00:00,tennis_atp_china_open,726e426c5068e86e57b7f81891e0136e,Learner Tien,Hubert Hurkacz,virginbet,h2h,1.54,2.45,2026-09-29T20:10:54+00:00
2026-09-29T20:11:50.324947+00:00,tennis_atp_china_open,726e426c5068e86e57b7f81891e0136e,Learner Tien,Hubert Hurkacz,williamhill,h2h,1.53,2.5,2026-09-29T20:11:46+00:00
2026-09-29T20:11:50.324947+00:00,tennis_atp_china_open,0c39522d563ce8eb6ce47ba0d07b50d8,Ignacio Buse,Quentin Halys,betfair_ex_uk,h2h,2.16,1.84,2026-09-29T20:11:47+00:00
2026-09-29T20:11:50.324947+00:00,tennis_atp_china_open,0c39522d563ce8eb6ce47ba0d07b50d8,Ignacio Buse,Quentin Halys,betano_uk,h2h,1.95,1.75,2026-09-29T20:11:06+00:00
2026-09-29T20:11:50.324947+00:00,tennis_atp_china_open,0c39522d563ce8eb6ce47ba0d07b50d8,Ignacio Buse,Quentin Halys,betvictor,h2h,1.95,1.75,2026-09-29T20:05:02+00:00
2026-09-29T20:11:50.324947+00:00,tennis_atp_china_open,0c39522d563ce8eb6ce47ba0d07b50d8,Ignacio Buse,Quentin Halys,betway,h2h,2.1,1.73,2026-09-29T20:10:55+00:00
2026-09-29T20:11:50.324947+00:00,tennis_atp_china_open,0c39522d563ce8eb6ce47ba0d07b50d8,Ignacio Buse,Quentin Halys,boylesports,h2h,2.05,1.8,2026-09-29T20:11:31+00:00
2026-09-29T20:11:50.324947+00:00,tennis_atp_china_open,0c39522d563ce8eb6ce47ba0d07b50d8,Ignacio Buse,Quentin Halys,casumo,h2h,1.97,1.82,2026-09-29T20:10:54+00:00
2026-09-29T20:11:50.324947+00:00,tennis_atp_china_open,0c39522d563ce8eb6ce47ba0d07b50d8,Ignacio Buse,Quentin Halys,coral,h2h,2.0,1.73,2026-09-29T20:11:46+00:00
2026-09-29T20:11:50.324947+00:00,tennis_atp_china_open,0c39522d563ce8eb6ce47ba0d07b50d8,Ignacio Buse,Quentin Halys,grosvenor,h2h,1.97,1.82,2026-09-29T20:11:13+00:00
2026-09-29T20:11:50.324947+00:00,tennis_atp_china_open,0c39522d563ce8eb6ce47ba0d07b50d8,Ignacio Buse,Quentin Halys,ladbrokes_uk,h2h,2.0,1.73,2026-09-29T20:10:54+00:00
2026-09-29T20:11:50.324947+00:00,tennis_atp_china_open,0c39522d563ce8eb6ce47ba0d07b50d8,Ignacio Buse,Quentin Halys,leovegas,h2h,2.0,1.72,2026-09-29T20:11:14+00:00
2026-09-29T20:11:50.324947+00:00,tennis_atp_china_open,0c39522d563ce8eb6ce47ba0d07b50d8,Ignacio Buse,Quentin Halys,livescorebet,h2h,1.98,1.82,2026-09-29T20:11:13+00:00
2026-09-29T20:11:50.324947+00:00,tennis_atp_china_open,0c39522d563ce8eb6ce47ba0d07b50d8,Ignacio Buse,Quentin Halys,matchbook,h2h,2.16,1.78,2026-09-29T20:11:47+00:00
2026-09-29T20:11:50.324947+00:00,tennis_atp_china_open,0c39522d563ce8eb6ce47ba0d07b50d8,Ignacio Buse,Quentin Halys,paddypower,h2h,2.0,1.73,2026-09-29T20:10:37+00:00
2026-09-29T20:11:50.324947+00:00,tennis_atp_china_open,0c39522d563ce8eb6ce47ba0d07b50d8,Ignacio Buse,Quentin Halys,skybet,h2h,2.0,1.73,2026-09-29T20:10:54+00:00
2026-09-29T20:11:50.324947+00:00,tennis_atp_china_open,0c39522d563ce8eb6ce47ba0d07b50d8,Ignacio Buse,Quentin Halys,smarkets,h2h,2.14,1.82,2026-09-29T20:11:47+00:00
2026-09-29T20:11:50.324947+00:00,tennis_atp_china_open,0c39522d563ce8eb6ce47ba0d07b50d8,Ignacio Buse,Quentin Halys,sport888,h2h,2.1,1.73,2026-09-29T20:11:14+00:00
2026-09-29T20:11:50.324947+00:00,tennis_atp_china_open,0c39522d563ce8eb6ce47ba0d07b50d8,Ignacio Buse,Quentin Halys,unibet_uk,h2h,2.0,1.75,2026-09-29T20:11:48+00:00
2026-09-29T20:11:50.324947+00:00,tennis_atp_china_open,0c39522d563ce8eb6ce47ba0d07b50d8,Ignacio Buse,Quentin Halys,virginbet,h2h,1.98,1.82,2026-09-29T20:10:54+00:00
2026-09-29T20:11:50.324947+00:00,tennis_atp_china_open,0c39522d563ce8eb6ce47ba0d07b50d8,Ignacio Buse,Quentin Halys,williamhill,h2h,2.1,1.73,2026-09-29T20:11:46+00:00
2026-09-29T20:11:50.324947+00:00,tennis_atp_china_open,c1bae50988ffee351524f95dacfa76f7,Juncheng Shang,Sebastian Baez,betfair_ex_uk,h2h,1.69,2.42,2026-09-29T20:11:47+00:00
2026-09-29T20:11:50.324947+00:00,tennis_atp_china_open,c1bae50988ffee351524f95dacfa76f7,Juncheng Shang,Sebastian Baez,betano_uk,h2h,1.61,2.2,2026-09-29T20:11:06+00:00
2026-09-29T20:11:50.324947+00:00,tennis_atp_china_open,c1bae50988ffee351524f95dacfa76f7,Juncheng Shang,Sebastian Baez,betvictor,h2h,1.61,2.2,2026-09-29T20:05:02+00:00
2026-09-29T20:11:50.324947+00:00,tennis_atp_china_open,c1bae50988ffee351524f95dacfa76f7,Juncheng Shang,Sebastian Baez,betway,h2h,1.65,2.25,2026-09-29T20:10:55+00:00
2026-09-29T20:11:50.324947+00:00,tennis_atp_china_open,c1bae50988ffee351524f95dacfa76f7,Juncheng Shang,Sebastian Baez,boylesports,h2h,1.67,2.2,2026-09-29T20:11:31+00:00
2026-09-29T20:11:50.324947+00:00,tennis_atp_china_open,c1bae50988ffee351524f95dacfa76f7,Juncheng Shang,Sebastian Baez,casumo,h2h,1.68,2.18,2026-09-29T20:10:54+00:00
2026-09-29T20:11:50.324947+00:00,tennis_atp_china_open,c1bae50988ffee351524f95dacfa76f7,Juncheng Shang,Sebastian Baez,coral,h2h,1.65,2.15,2026-09-29T20:11:46+00:00
2026-09-29T20:11:50.324947+00:00,tennis_atp_china_open,c1bae50988ffee351524f95dacfa76f7,Juncheng Shang,Sebastian Baez,grosvenor,h2h,1.68,2.18,2026-09-29T20:11:13+00:00
2026-09-29T20:11:50.324947+00:00,tennis_atp_china_open,c1bae50988ffee351524f95dacfa76f7,Juncheng Shang,Sebastian Baez,ladbrokes_uk,h2h,1.65,2.15,2026-09-29T20:10:54+00:00
2026-09-29T20:11:50.324947+00:00,tennis_atp_china_open,c1bae50988ffee351524f95dacfa76f7,Juncheng Shang,Sebastian Baez,leovegas,h2h,1.62,2.15,2026-09-29T20:11:14+00:00
2026-09-29T20:11:50.324947+00:00,tennis_atp_china_open,c1bae50988ffee351524f95dacfa76f7,Juncheng Shang,Sebastian Baez,livescorebet,h2h,1.68,2.18,2026-09-29T20:11:13+00:00
2026-09-29T20:11:50.324947+00:00,tennis_atp_china_open,c1bae50988ffee351524f95dacfa76f7,Juncheng Shang,Sebastian Baez,matchbook,h2h,1.64,2.4,2026-09-29T20:11:47+00:00
2026-09-29T20:11:50.324947+00:00,tennis_atp_china_open,c1bae50988ffee351524f95dacfa76f7,Juncheng Shang,Sebastian Baez,paddypower,h2h,1.57,2.25,2026-09-29T20:10:37+00:00
2026-09-29T20:11:50.324947+00:00,tennis_atp_china_open,c1bae50988ffee351524f95dacfa76f7,Juncheng Shang,Sebastian Baez,skybet,h2h,1.57,2.25,2026-09-29T20:10:54+00:00
2026-09-29T20:11:50.324947+00:00,tennis_atp_china_open,c1bae50988ffee351524f95dacfa76f7,Juncheng Shang,Sebastian Baez,smarkets,h2h,1.64,2.38,2026-09-29T20:11:47+00:00
2026-09-29T20:11:50.324947+00:00,tennis_atp_china_open,c1bae50988ffee351524f95dacfa76f7,Juncheng Shang,Sebastian Baez,sport888,h2h,1.67,2.2,2026-09-29T20:11:14+00:00
2026-09-29T20:11:50.324947+00:00,tennis_atp_china_open,c1bae50988ffee351524f95dacfa76f7,Juncheng Shang,Sebastian Baez,unibet_uk,h2h,1.65,2.14,2026-09-29T20:11:48+00:00
2026-09-29T20:11:50.324947+00:00,tennis_atp_china_open,c1bae50988ffee351524f95dacfa76f7,Juncheng Shang,Sebastian Baez,virginbet,h2h,1.68,2.18,2026-09-29T20:10:54+00:00
2026-09-29T20:11:50.324947+00:00,tennis_atp_china_open,c1bae50988ffee351524f95dacfa76f7,Juncheng Shang,Sebastian Baez,williamhill,h2h,1.67,2.2,2026-09-29T20:11:46+00:00
2026-09-29T20:11:50.324947+00:00,tennis_atp_japan_open,8b509584519687ab6a46dc6b1f989a58,Valentin Vacherot,Alexander Blockx,betfair_ex_uk,h2h,2.32,1.74,2026-09-29T20:11:45+00:00
2026-09-29T20:11:50.324947+00:00,tennis_atp_japan_open,8b509584519687ab6a46dc6b1f989a58,Valentin Vacherot,Alexander Blockx,betano_uk,h2h,2.1,1.67,2026-09-29T20:11:42+00:00
2026-09-29T20:11:50.324947+00:00,tennis_atp_japan_open,8b509584519687ab6a46dc6b1f989a58,Valentin Vacherot,Alexander Blockx,betfair_sb_uk,h2h,2.25,1.62,2026-09-29T20:10:54+00:00
2026-09-29T20:11:50.324947+00:00,tennis_atp_japan_open,8b509584519687ab6a46dc6b1f989a58,Valentin Vacherot,Alexander Blockx,betvictor,h2h,2.1,1.67,2026-09-29T20:05:41+00:00
2026-09-29T20:11:50.324947+00:00,tennis_atp_japan_open,8b509584519687ab6a46dc6b1f989a58,Valentin Vacherot,Alexander Blockx,betway,h2h,2.1,1.73,2026-09-29T20:11:13+00:00
2026-09-29T20:11:50.324947+00:00,tennis_atp_japan_open,8b509584519687ab6a46dc6b1f989a58,Valentin Vacherot,Alexander Blockx,boylesports,h2h,2.3,1.62,2026-09-29T20:11:34+00:00
2026-09-29T20:11:50.324947+00:00,tennis_atp_japan_open,8b509584519687ab6a46dc6b1f989a58,Valentin Vacherot,Alexander Blockx,casumo,h2h,2.14,1.71,2026-09-29T20:11:29+00:00
2026-09-29T20:11:50.324947+00:00,tennis_atp_japan_open,8b509584519687ab6a46dc6b1f989a58,Valentin Vacherot,Alexander Blockx,coral,h2h,2.15,1.65,2026-09-29T20:10:54+00:00
2026-09-29T20:11:50.324947+00:00,tennis_atp_japan_open,8b509584519687ab6a46dc6b1f989a58,Valentin Vacherot,Alexander Blockx,grosvenor,h2h,2.14,1.71,2026-09-29T20:11:14+00:00
2026-09-29T20:11:50.324947+00:00,tennis_atp_japan_open,8b509584519687ab6a46dc6b1f989a58,Valentin Vacherot,Alexander Blockx,ladbrokes_uk,h2h,2.15,1.65,2026-09-29T20:10:55+00:00
2026-09-29T20:11:50.324947+00:00,tennis_atp_japan_open,8b509584519687ab6a46dc6b1f989a58,Valentin Vacherot,Alexander Blockx,leovegas,h2h,2.15,1.67,2026-09-29T20:10:55+00:00
2026-09-29T20:11:50.324947+00:00,tennis_atp_japan_open,8b509584519687ab6a46dc6b1f989a58,Valentin Vacherot,Alexander Blockx,livescorebet,h2h,2.14,1.71,2026-09-29T20:11:13+00:00
2026-09-29T20:11:50.324947+00:00,tennis_atp_japan_open,8b509584519687ab6a46dc6b1f989a58,Valentin Vacherot,Alexander Blockx,matchbook,h2h,2.32,1.74,2026-09-29T20:11:46+00:00
2026-09-29T20:11:50.324947+00:00,tennis_atp_japan_open,8b509584519687ab6a46dc6b1f989a58,Valentin Vacherot,Alexander Blockx,paddypower,h2h,2.25,1.57,2026-09-29T20:10:38+00:00
2026-09-29T20:11:50.324947+00:00,tennis_atp_japan_open,8b509584519687ab6a46dc6b1f989a58,Valentin Vacherot,Alexander Blockx,skybet,h2h,2.25,1.57,2026-09-29T20:11:14+00:00
2026-09-29T20:11:50.324947+00:00,tennis_atp_japan_open,8b509584519687ab6a46dc6b1f989a58,Valentin Vacherot,Alexander Blockx,sport888,h2h,2.1,1.73,2026-09-29T20:11:12+00:00
2026-09-29T20:11:50.324947+00:00,tennis_atp_japan_open,8b509584519687ab6a46dc6b1f989a58,Valentin Vacherot,Alexander Blockx,unibet_uk,h2h,2.21,1.68,2026-09-29T20:11:18+00:00
2026-09-29T20:11:50.324947+00:00,tennis_atp_japan_open,8b509584519687ab6a46dc6b1f989a58,Valentin Vacherot,Alexander Blockx,virginbet,h2h,2.14,1.71,2026-09-29T20:10:53+00:00
2026-09-29T20:11:50.324947+00:00,tennis_atp_japan_open,8b509584519687ab6a46dc6b1f989a58,Valentin Vacherot,Alexander Blockx,williamhill,h2h,2.1,1.73,2026-09-29T20:10:53+00:00
2026-09-29T20:11:50.324947+00:00,tennis_atp_japan_open,0bff2782ee07c23760cbe4d2877ea6b4,Jiri Lehecka,Zizou Bergs,betfair_ex_uk,h2h,1.41,3.3,2026-09-29T20:11:45+00:00
2026-09-29T20:11:50.324947+00:00,tennis_atp_japan_open,0bff2782ee07c23760cbe4d2877ea6b4,Jiri Lehecka,Zizou Bergs,betano_uk,h2h,1.36,2.88,2026-09-29T20:11:42+00:00
2026-09-29T20:11:50.324947+00:00,tennis_atp_japan_open,0bff2782ee07c23760cbe4d2877ea6b4,Jiri Lehecka,Zizou Bergs,betfair_sb_uk,h2h,1.4,2.88,2026-09-29T20:10:54+00:00
2026-09-29T20:11:50.324947+00:00,tennis_atp_japan_open,0bff2782ee07c23760cbe4d2877ea6b4,Jiri Lehecka,Zizou Bergs,betvictor,h2h,1.36,2.88,2026-09-29T20:05:41+00:00
2026-09-29T20:11:50.324947+00:00,tennis_atp_japan_open,0bff2782ee07c23760cbe4d2877ea6b4,Jiri Lehecka,Zizou Bergs,betway,h2h,1.38,3.0,2026-09-29T20:11:13+00:00
2026-09-29T20:11:50.324947+00:00,tennis_atp_japan_open,0bff2782ee07c23760cbe4d2877ea6b4,Jiri Lehecka,Zizou Bergs,boylesports,h2h,1.4,3.0,2026-09-29T20:11:34+00:00
2026-09-29T20:11:50.324947+00:00,tennis_atp_japan_open,0bff2782ee07c23760cbe4d2877ea6b4,Jiri Lehecka,Zizou Bergs,casumo,h2h,1.36,3.1,2026-09-29T20:11:29+00:00
2026-09-29T20:11:50.324947+00:00,tennis_atp_japan_open,0bff2782ee07c23760cbe4d2877ea6b4,Jiri Lehecka,Zizou Bergs,coral,h2h,1.35,3.0,2026-09-29T20:10:54+00:00
2026-09-29T20:11:50.324947+00:00,tennis_atp_japan_open,0bff2782ee07c23760cbe4d2877ea6b4,Jiri Lehecka,Zizou Bergs,grosvenor,h2h,1.36,3.1,2026-09-29T20:11:14+00:00
2026-09-29T20:11:50.324947+00:00,tennis_atp_japan_open,0bff2782ee07c23760cbe4d2877ea6b4,Jiri Lehecka,Zizou Bergs,ladbrokes_uk,h2h,1.35,3.0,2026-09-29T20:10:54+00:00
2026-09-29T20:11:50.324947+00:00,tennis_atp_japan_open,0bff2782ee07c23760cbe4d2877ea6b4,Jiri Lehecka,Zizou Bergs,leovegas,h2h,1.36,3.05,2026-09-29T20:10:55+00:00
2026-09-29T20:11:50.324947+00:00,tennis_atp_japan_open,0bff2782ee07c23760cbe4d2877ea6b4,Jiri Lehecka,Zizou Bergs,livescorebet,h2h,1.37,3.1,2026-09-29T20:11:13+00:00
2026-09-29T20:11:50.324947+00:00,tennis_atp_japan_open,0bff2782ee07c23760cbe4d2877ea6b4,Jiri Lehecka,Zizou Bergs,matchbook,h2h,1.41,3.35,2026-09-29T20:11:46+00:00
2026-09-29T20:11:50.324947+00:00,tennis_atp_japan_open,0bff2782ee07c23760cbe4d2877ea6b4,Jiri Lehecka,Zizou Bergs,paddypower,h2h,1.36,2.88,2026-09-29T20:10:37+00:00
2026-09-29T20:11:50.324947+00:00,tennis_atp_japan_open,0bff2782ee07c23760cbe4d2877ea6b4,Jiri Lehecka,Zizou Bergs,skybet,h2h,1.36,2.88,2026-09-29T20:11:14+00:00
2026-09-29T20:11:50.324947+00:00,tennis_atp_japan_open,0bff2782ee07c23760cbe4d2877ea6b4,Jiri Lehecka,Zizou Bergs,sport888,h2h,1.36,3.1,2026-09-29T20:11:12+00:00
2026-09-29T20:11:50.324947+00:00,tennis_atp_japan_open,0bff2782ee07c23760cbe4d2877ea6b4,Jiri Lehecka,Zizou Bergs,unibet_uk,h2h,1.37,3.1,2026-09-29T20:11:17+00:00
2026-09-29T20:11:50.324947+00:00,tennis_atp_japan_open,0bff2782ee07c23760cbe4d2877ea6b4,Jiri Lehecka,Zizou Bergs,virginbet,h2h,1.37,3.1,2026-09-29T20:10:53+00:00
2026-09-29T20:11:50.324947+00:00,tennis_atp_japan_open,0bff2782ee07c23760cbe4d2877ea6b4,Jiri Lehecka,Zizou Bergs,williamhill,h2h,1.36,3.1,2026-09-29T20:10:53+00:00
2026-09-29T20:11:50.324947+00:00,tennis_atp_japan_open,65d2de2fdc31755b2b993f5176bbb836,Alejandro Tabilo,Tommy Paul,betfair_ex_uk,h2h,3.4,1.4,2026-09-29T20:11:45+00:00
2026-09-29T20:11:50.324947+00:00,tennis_atp_japan_open,65d2de2fdc31755b2b993f5176bbb836,Alejandro Tabilo,Tommy Paul,betano_uk,h2h,2.88,1.36,2026-09-29T20:11:42+00:00
2026-09-29T20:11:50.324947+00:00,tennis_atp_japan_open,65d2de2fdc31755b2b993f5176bbb836,Alejandro Tabilo,Tommy Paul,betfair_sb_uk,h2h,3.0,1.36,2026-09-29T20:10:55+00:00
2026-09-29T20:11:50.324947+00:00,tennis_atp_japan_open,65d2de2fdc31755b2b993f5176bbb836,Alejandro Tabilo,Tommy Paul,betvictor,h2h,2.88,1.36,2026-09-29T20:05:41+00:00
2026-09-29T20:11:50.324947+00:00,tennis_atp_japan_open,65d2de2fdc31755b2b993f5176bbb836,Alejandro Tabilo,Tommy Paul,betway,h2h,3.0,1.38,2026-09-29T20:11:13+00:00
2026-09-29T20:11:50.324947+00:00,tennis_atp_japan_open,65d2de2fdc31755b2b993f5176bbb836,Alejandro Tabilo,Tommy Paul,boylesports,h2h,3.0,1.4,2026-09-29T20:11:34+00:00
2026-09-29T20:11:50.324947+00:00,tennis_atp_japan_open,65d2de2fdc31755b2b993f5176bbb836,Alejandro Tabilo,Tommy Paul,casumo,h2h,3.15,1.36,2026-09-29T20:11:29+00:00
2026-09-29T20:11:50.324947+00:00,tennis_atp_japan_open,65d2de2fdc31755b2b993f5176bbb836,Alejandro Tabilo,Tommy Paul,coral,h2h,3.0,1.35,2026-09-29T20:10:54+00:00
2026-09-29T20:11:50.324947+00:00,tennis_atp_japan_open,65d2de2fdc31755b2b993f5176bbb836,Alejandro Tabilo,Tommy Paul,grosvenor,h2h,3.15,1.36,2026-09-29T20:11:14+00:00
2026-09-29T20:11:50.324947+00:00,tennis_atp_japan_open,65d2de2fdc31755b2b993f5176bbb836,Alejandro Tabilo,Tommy Paul,ladbrokes_uk,h2h,3.0,1.35,2026-09-29T20:10:55+00:00
2026-09-29T20:11:50.324947+00:00,tennis_atp_japan_open,65d2de2fdc31755b2b993f5176bbb836,Alejandro Tabilo,Tommy Paul,leovegas,h2h,3.05,1.38,2026-09-29T20:10:55+00:00
2026-09-29T20:11:50.324947+00:00,tennis_atp_japan_open,65d2de2fdc31755b2b993f5176bbb836,Alejandro Tabilo,Tommy Paul,livescorebet,h2h,3.15,1.36,2026-09-29T20:11:13+00:00
2026-09-29T20:11:50.324947+00:00,tennis_atp_japan_open,65d2de2fdc31755b2b993f5176bbb836,Alejandro Tabilo,Tommy Paul,matchbook,h2h,3.4,1.4,2026-09-29T20:11:46+00:00
2026-09-29T20:11:50.324947+00:00,tennis_atp_japan_open,65d2de2fdc31755b2b993f5176bbb836,Alejandro Tabilo,Tommy Paul,paddypower,h2h,3.0,1.33,2026-09-29T20:10:37+00:00
2026-09-29T20:11:50.324947+00:00,tennis_atp_japan_open,65d2de2fdc31755b2b993f5176bbb836,Alejandro Tabilo,Tommy Paul,skybet,h2h,3.0,1.33,2026-09-29T20:11:14+00:00
2026-09-29T20:11:50.324947+00:00,tennis_atp_japan_open,65d2de2fdc31755b2b993f5176bbb836,Alejandro Tabilo,Tommy Paul,sport888,h2h,2.9,1.4,2026-09-29T20:11:12+00:00
2026-09-29T20:11:50.324947+00:00,tennis_atp_japan_open,65d2de2fdc31755b2b993f5176bbb836,Alejandro Tabilo,Tommy Paul,unibet_uk,h2h,3.1,1.37,2026-09-29T20:11:18+00:00
2026-09-29T20:11:50.324947+00:00,tennis_atp_japan_open,65d2de2fdc31755b2b993f5176bbb836,Alejandro Tabilo,Tommy Paul,virginbet,h2h,3.15,1.36,2026-09-29T20:10:53+00:00
2026-09-29T20:11:50.324947+00:00,tennis_atp_japan_open,65d2de2fdc31755b2b993f5176bbb836,Alejandro Tabilo,Tommy Paul,williamhill,h2h,2.9,1.4,2026-09-29T20:10:54+00:00
2026-09-29T20:11:50.324947+00:00,tennis_atp_japan_open,de4c813cd2aaa6863d98ebc68a30defc,Tomas Martin Etcheverry,Stefanos Tsitsipas,betfair_ex_uk,h2h,3.55,1.37,2026-09-29T20:11:46+00:00
2026-09-29T20:11:50.324947+00:00,tennis_atp_japan_open,de4c813cd2aaa6863d98ebc68a30defc,Tomas Martin Etcheverry,Stefanos Tsitsipas,betano_uk,h2h,3.0,1.33,2026-09-29T20:11:42+00:00
2026-09-29T20:11:50.324947+00:00,tennis_atp_japan_open,de4c813cd2aaa6863d98ebc68a30defc,Tomas Martin Etcheverry,Stefanos Tsitsipas,betfair_sb_uk,h2h,3.25,1.33,2026-09-29T20:10:55+00:00
2026-09-29T20:11:50.324947+00:00,tennis_atp_japan_open,de4c813cd2aaa6863d98ebc68a30defc,Tomas Martin Etcheverry,Stefanos Tsitsipas,betvictor,h2h,3.1,1.33,2026-09-29T20:05:41+00:00
2026-09-29T20:11:50.324947+00:00,tennis_atp_japan_open,de4c813cd2aaa6863d98ebc68a30defc,Tomas Martin Etcheverry,Stefanos Tsitsipas,betway,h2h,3.5,1.3,2026-09-29T20:11:13+00:00
2026-09-29T20:11:50.324947+00:00,tennis_atp_japan_open,de4c813cd2aaa6863d98ebc68a30defc,Tomas Martin Etcheverry,Stefanos Tsitsipas,boylesports,h2h,3.4,1.33,2026-09-29T20:11:34+00:00
2026-09-29T20:11:50.324947+00:00,tennis_atp_japan_open,de4c813cd2aaa6863d98ebc68a30defc,Tomas Martin Etcheverry,Stefanos Tsitsipas,casumo,h2h,3.3,1.33,2026-09-29T20:11:29+00:00
2026-09-29T20:11:50.324947+00:00,tennis_atp_japan_open,de4c813cd2aaa6863d98ebc68a30defc,Tomas Martin Etcheverry,Stefanos Tsitsipas,coral,h2h,3.1,1.33,2026-09-29T20:10:54+00:00
2026-09-29T20:11:50.324947+00:00,tennis_atp_japan_open,de4c813cd2aaa6863d98ebc68a30defc,Tomas Martin Etcheverry,Stefanos Tsitsipas,grosvenor,h2h,3.3,1.33,2026-09-29T20:11:14+00:00
2026-09-29T20:11:50.324947+00:00,tennis_atp_japan_open,de4c813cd2aaa6863d98ebc68a30defc,Tomas Martin Etcheverry,Stefanos Tsitsipas,ladbrokes_uk,h2h,3.1,1.33,2026-09-29T20:10:54+00:00
2026-09-29T20:11:50.324947+00:00,tennis_atp_japan_open,de4c813cd2aaa6863d98ebc68a30defc,Tomas Martin Etcheverry,Stefanos Tsitsipas,leovegas,h2h,3.25,1.33,2026-09-29T20:10:55+00:00
2026-09-29T20:11:50.324947+00:00,tennis_atp_japan_open,de4c813cd2aaa6863d98ebc68a30defc,Tomas Martin Etcheverry,Stefanos Tsitsipas,livescorebet,h2h,3.3,1.33,2026-09-29T20:11:13+00:00
2026-09-29T20:11:50.324947+00:00,tennis_atp_japan_open,de4c813cd2aaa6863d98ebc68a30defc,Tomas Martin Etcheverry,Stefanos Tsitsipas,matchbook,h2h,3.6,1.37,2026-09-29T20:11:46+00:00
2026-09-29T20:11:50.324947+00:00,tennis_atp_japan_open,de4c813cd2aaa6863d98ebc68a30defc,Tomas Martin Etcheverry,Stefanos Tsitsipas,paddypower,h2h,3.2,1.3,2026-09-29T20:10:37+00:00
2026-09-29T20:11:50.324947+00:00,tennis_atp_japan_open,de4c813cd2aaa6863d98ebc68a30defc,Tomas Martin Etcheverry,Stefanos Tsitsipas,skybet,h2h,3.2,1.3,2026-09-29T20:11:14+00:00
2026-09-29T20:11:50.324947+00:00,tennis_atp_japan_open,de4c813cd2aaa6863d98ebc68a30defc,Tomas Martin Etcheverry,Stefanos Tsitsipas,sport888,h2h,3.3,1.33,2026-09-29T20:11:12+00:00
2026-09-29T20:11:50.324947+00:00,tennis_atp_japan_open,de4c813cd2aaa6863d98ebc68a30defc,Tomas Martin Etcheverry,Stefanos Tsitsipas,unibet_uk,h2h,3.25,1.34,2026-09-29T20:11:18+00:00
2026-09-29T20:11:50.324947+00:00,tennis_atp_japan_open,de4c813cd2aaa6863d98ebc68a30defc,Tomas Martin Etcheverry,Stefanos Tsitsipas,virginbet,h2h,3.3,1.33,2026-09-29T20:10:53+00:00
2026-09-29T20:11:50.324947+00:00,tennis_atp_japan_open,de4c813cd2aaa6863d98ebc68a30defc,Tomas Martin Etcheverry,Stefanos Tsitsipas,williamhill,h2h,3.3,1.33,2026-09-29T20:10:54+00:00
2026-09-29T20:11:50.324947+00:00,tennis_atp_japan_open,a85db81434b7d74d5946fa1c53960914,Arthur Fils,Luca Van Assche,betfair_ex_uk,h2h,1.16,6.4,2026-09-29T20:11:46+00:00
2026-09-29T20:11:50.324947+00:00,tennis_atp_japan_open,a85db81434b7d74d5946fa1c53960914,Arthur Fils,Luca Van Assche,betano_uk,h2h,1.14,5.0,2026-09-29T20:11:42+00:00
2026-09-29T20:11:50.324947+00:00,tennis_atp_japan_open,a85db81434b7d74d5946fa1c53960914,Arthur Fils,Luca Van Assche,betfair_sb_uk,h2h,1.17,5.0,2026-09-29T20:10:55+00:00
2026-09-29T20:11:50.324947+00:00,tennis_atp_japan_open,a85db81434b7d74d5946fa1c53960914,Arthur Fils,Luca Van Assche,betvictor,h2h,1.14,5.0,2026-09-29T20:05:41+00:00
2026-09-29T20:11:50.324947+00:00,tennis_atp_japan_open,a85db81434b7d74d5946fa1c53960914,Arthur Fils,Luca Van Assche,betway,h2h,1.12,6.0,2026-09-29T20:11:13+00:00
2026-09-29T20:11:50.324947+00:00,tennis_atp_japan_open,a85db81434b7d74d5946fa1c53960914,Arthur Fils,Luca Van Assche,boylesports,h2h,1.14,6.0,2026-09-29T20:11:34+00:00
2026-09-29T20:11:50.324947+00:00,tennis_atp_japan_open,a85db81434b7d74d5946fa1c53960914,Arthur Fils,Luca Van Assche,casumo,h2h,1.16,5.2,2026-09-29T20:11:29+00:00
2026-09-29T20:11:50.324947+00:00,tennis_atp_japan_open,a85db81434b7d74d5946fa1c53960914,Arthur Fils,Luca Van Assche,coral,h2h,1.14,5.25,2026-09-29T20:10:54+00:00
2026-09-29T20:11:50.324947+00:00,tennis_atp_japan_open,a85db81434b7d74d5946fa1c53960914,Arthur Fils,Luca Van Assche,grosvenor,h2h,1.16,5.2,2026-09-29T20:11:14+00:00
2026-09-29T20:11:50.324947+00:00,tennis_atp_japan_open,a85db81434b7d74d5946fa1c53960914,Arthur Fils,Luca Van Assche,ladbrokes_uk,h2h,1.14,5.25,2026-09-29T20:10:55+00:00
2026-09-29T20:11:50.324947+00:00,tennis_atp_japan_open,a85db81434b7d74d5946fa1c53960914,Arthur Fils,Luca Van Assche,leovegas,h2h,1.14,5.5,2026-09-29T20:10:55+00:00
2026-09-29T20:11:50.324947+00:00,tennis_atp_japan_open,a85db81434b7d74d5946fa1c53960914,Arthur Fils,Luca Van Assche,livescorebet,h2h,1.16,5.2,2026-09-29T20:11:13+00:00
2026-09-29T20:11:50.324947+00:00,tennis_atp_japan_open,a85db81434b7d74d5946fa1c53960914,Arthur Fils,Luca Van Assche,matchbook,h2h,1.17,6.4,2026-09-29T20:11:46+00:00
2026-09-29T20:11:50.324947+00:00,tennis_atp_japan_open,a85db81434b7d74d5946fa1c53960914,Arthur Fils,Luca Van Assche,paddypower,h2h,1.14,5.0,2026-09-29T20:10:37+00:00
2026-09-29T20:11:50.324947+00:00,tennis_atp_japan_open,a85db81434b7d74d5946fa1c53960914,Arthur Fils,Luca Van Assche,skybet,h2h,1.14,5.0,2026-09-29T20:11:15+00:00
2026-09-29T20:11:50.324947+00:00,tennis_atp_japan_open,a85db81434b7d74d5946fa1c53960914,Arthur Fils,Luca Van Assche,sport888,h2h,1.14,5.5,2026-09-29T20:11:12+00:00
2026-09-29T20:11:50.324947+00:00,tennis_atp_japan_open,a85db81434b7d74d5946fa1c53960914,Arthur Fils,Luca Van Assche,unibet_uk,h2h,1.14,5.5,2026-09-29T20:11:18+00:00
2026-09-29T20:11:50.324947+00:00,tennis_atp_japan_open,a85db81434b7d74d5946fa1c53960914,Arthur Fils,Luca Van Assche,virginbet,h2h,1.16,5.2,2026-09-29T20:10:53+00:00
2026-09-29T20:11:50.324947+00:00,tennis_atp_japan_open,a85db81434b7d74d5946fa1c53960914,Arthur Fils,Luca Van Assche,williamhill,h2h,1.14,5.5,2026-09-29T20:10:54+00:00
2026-09-29T20:11:50.324947+00:00,tennis_atp_japan_open,7e213fd4c70141d87eab30382aa14fdc,Matteo Arnaldi,Rei Sakamoto,betfair_ex_uk,h2h,2.24,1.78,2026-09-29T20:11:45+00:00
2026-09-29T20:11:50.324947+00:00,tennis_atp_japan_open,7e213fd4c70141d87eab30382aa14fdc,Matteo Arnaldi,Rei Sakamoto,betano_uk,h2h,2.05,1.7,2026-09-29T20:11:42+00:00
2026-09-29T20:11:50.324947+00:00,tennis_atp_japan_open,7e213fd4c70141d87eab30382aa14fdc,Matteo Arnaldi,Rei Sakamoto,betfair_sb_uk,h2h,2.2,1.67,2026-09-29T20:10:55+00:00
2026-09-29T20:11:50.324947+00:00,tennis_atp_japan_open,7e213fd4c70141d87eab30382aa14fdc,Matteo Arnaldi,Rei Sakamoto,betvictor,h2h,2.05,1.7,2026-09-29T20:05:41+00:00
2026-09-29T20:11:50.324947+00:00,tennis_atp_japan_open,7e213fd4c70141d87eab30382aa14fdc,Matteo Arnaldi,Rei Sakamoto,betway,h2h,2.1,1.73,2026-09-29T20:11:13+00:00
2026-09-29T20:11:50.324947+00:00,tennis_atp_japan_open,7e213fd4c70141d87eab30382aa14fdc,Matteo Arnaldi,Rei Sakamoto,boylesports,h2h,2.1,1.73,2026-09-29T20:11:34+00:00
2026-09-29T20:11:50.324947+00:00,tennis_atp_japan_open,7e213fd4c70141d87eab30382aa14fdc,Matteo Arnaldi,Rei Sakamoto,casumo,h2h,2.14,1.71,2026-09-29T20:11:29+00:00
2026-09-29T20:11:50.324947+00:00,tennis_atp_japan_open,7e213fd4c70141d87eab30382aa14fdc,Matteo Arnaldi,Rei Sakamoto,coral,h2h,2.0,1.73,2026-09-29T20:10:54+00:00
2026-09-29T20:11:50.324947+00:00,tennis_atp_japan_open,7e213fd4c70141d87eab30382aa14fdc,Matteo Arnaldi,Rei Sakamoto,grosvenor,h2h,2.14,1.71,2026-09-29T20:11:14+00:00
2026-09-29T20:11:50.324947+00:00,tennis_atp_japan_open,7e213fd4c70141d87eab30382aa14fdc,Matteo Arnaldi,Rei Sakamoto,ladbrokes_uk,h2h,2.0,1.73,2026-09-29T20:10:55+00:00
2026-09-29T20:11:50.324947+00:00,tennis_atp_japan_open,7e213fd4c70141d87eab30382aa14fdc,Matteo Arnaldi,Rei Sakamoto,leovegas,h2h,2.02,1.72,2026-09-29T20:10:55+00:00
2026-09-29T20:11:50.324947+00:00,tennis_atp_japan_open,7e213fd4c70141d87eab30382aa14fdc,Matteo Arnaldi,Rei Sakamoto,livescorebet,h2h,2.14,1.71,2026-09-29T20:11:13+00:00
2026-09-29T20:11:50.324947+00:00,tennis_atp_japan_open,7e213fd4c70141d87eab30382aa14fdc,Matteo Arnaldi,Rei Sakamoto,matchbook,h2h,2.24,1.78,2026-09-29T20:11:46+00:00
2026-09-29T20:11:50.324947+00:00,tennis_atp_japan_open,7e213fd4c70141d87eab30382aa14fdc,Matteo Arnaldi,Rei Sakamoto,paddypower,h2h,2.2,1.62,2026-09-29T20:10:37+00:00
2026-09-29T20:11:50.324947+00:00,tennis_atp_japan_open,7e213fd4c70141d87eab30382aa14fdc,Matteo Arnaldi,Rei Sakamoto,skybet,h2h,2.2,1.62,2026-09-29T20:11:15+00:00
2026-09-29T20:11:50.324947+00:00,tennis_atp_japan_open,7e213fd4c70141d87eab30382aa14fdc,Matteo Arnaldi,Rei Sakamoto,sport888,h2h,2.1,1.73,2026-09-29T20:11:12+00:00
2026-09-29T20:11:50.324947+00:00,tennis_atp_japan_open,7e213fd4c70141d87eab30382aa14fdc,Matteo Arnaldi,Rei Sakamoto,unibet_uk,h2h,2.05,1.75,2026-09-29T20:11:18+00:00
2026-09-29T20:11:50.324947+00:00,tennis_atp_japan_open,7e213fd4c70141d87eab30382aa14fdc,Matteo Arnaldi,Rei Sakamoto,virginbet,h2h,2.14,1.71,2026-09-29T20:10:54+00:00
2026-09-29T20:11:50.324947+00:00,tennis_atp_japan_open,7e213fd4c70141d87eab30382aa14fdc,Matteo Arnaldi,Rei Sakamoto,williamhill,h2h,2.1,1.73,2026-09-29T20:10:54+00:00
2026-09-29T20:11:50.324947+00:00,tennis_atp_japan_open,07374dce8b25328307e583cea38d3b07,Adolfo Daniel Vallejo,Rafael Jodar,betfair_ex_uk,h2h,3.85,1.13,2026-09-29T20:11:46+00:00
2026-09-29T20:11:50.324947+00:00,tennis_atp_japan_open,07374dce8b25328307e583cea38d3b07,Adolfo Daniel Vallejo,Rafael Jodar,betano_uk,h2h,5.0,1.14,2026-09-29T20:11:42+00:00
2026-09-29T20:11:50.324947+00:00,tennis_atp_japan_open,07374dce8b25328307e583cea38d3b07,Adolfo Daniel Vallejo,Rafael Jodar,betvictor,h2h,5.0,1.14,2026-09-29T20:05:41+00:00
2026-09-29T20:11:50.324947+00:00,tennis_atp_japan_open,07374dce8b25328307e583cea38d3b07,Adolfo Daniel Vallejo,Rafael Jodar,betway,h2h,6.0,1.12,2026-09-29T20:11:13+00:00
2026-09-29T20:11:50.324947+00:00,tennis_atp_japan_open,07374dce8b25328307e583cea38d3b07,Adolfo Daniel Vallejo,Rafael Jodar,boylesports,h2h,5.5,1.14,2026-09-29T20:11:34+00:00
2026-09-29T20:11:50.324947+00:00,tennis_atp_japan_open,07374dce8b25328307e583cea38d3b07,Adolfo Daniel Vallejo,Rafael Jodar,casumo,h2h,6.25,1.12,2026-09-29T20:11:29+00:00
2026-09-29T20:11:50.324947+00:00,tennis_atp_japan_open,07374dce8b25328307e583cea38d3b07,Adolfo Daniel Vallejo,Rafael Jodar,grosvenor,h2h,6.25,1.12,2026-09-29T20:11:14+00:00
2026-09-29T20:11:50.324947+00:00,tennis_atp_japan_open,07374dce8b25328307e583cea38d3b07,Adolfo Daniel Vallejo,Rafael Jodar,leovegas,h2h,4.95,1.14,2026-09-29T20:10:55+00:00
2026-09-29T20:11:50.324947+00:00,tennis_atp_japan_open,07374dce8b25328307e583cea38d3b07,Adolfo Daniel Vallejo,Rafael Jodar,livescorebet,h2h,6.25,1.12,2026-09-29T20:11:13+00:00
2026-09-29T20:11:50.324947+00:00,tennis_atp_japan_open,07374dce8b25328307e583cea38d3b07,Adolfo Daniel Vallejo,Rafael Jodar,paddypower,h2h,5.5,1.12,2026-09-29T20:10:37+00:00
2026-09-29T20:11:50.324947+00:00,tennis_atp_japan_open,07374dce8b25328307e583cea38d3b07,Adolfo Daniel Vallejo,Rafael Jodar,skybet,h2h,5.5,1.13,2026-09-29T20:11:15+00:00
2026-09-29T20:11:50.324947+00:00,tennis_atp_japan_open,07374dce8b25328307e583cea38d3b07,Adolfo Daniel Vallejo,Rafael Jodar,sport888,h2h,5.0,1.17,2026-09-29T20:11:12+00:00
2026-09-29T20:11:50.324947+00:00,tennis_atp_japan_open,07374dce8b25328307e583cea38d3b07,Adolfo Daniel Vallejo,Rafael Jodar,unibet_uk,h2h,5.25,1.14,2026-09-29T20:11:18+00:00
2026-09-29T20:11:50.324947+00:00,tennis_atp_japan_open,07374dce8b25328307e583cea38d3b07,Adolfo Daniel Vallejo,Rafael Jodar,virginbet,h2h,6.25,1.12,2026-09-29T20:10:54+00:00
2026-09-29T20:11:50.324947+00:00,tennis_atp_japan_open,07374dce8b25328307e583cea38d3b07,Adolfo Daniel Vallejo,Rafael Jodar,williamhill,h2h,5.0,1.17,2026-09-29T20:10:54+00:00
2026-09-29T20:11:50.324947+00:00,tennis_atp_japan_open,124680a13038b2d61621ea996617ac43,Alejandro Davidovich Fokina,Matteo Berrettini,betfair_ex_uk,h2h,1.74,2.28,2026-09-29T20:11:45+00:00
2026-09-29T20:11:50.324947+00:00,tennis_atp_japan_open,124680a13038b2d61621ea996617ac43,Alejandro Davidovich Fokina,Matteo Berrettini,betano_uk,h2h,1.61,2.2,2026-09-29T20:11:42+00:00
2026-09-29T20:11:50.324947+00:00,tennis_atp_japan_open,124680a13038b2d61621ea996617ac43,Alejandro Davidovich Fokina,Matteo Berrettini,betfair_sb_uk,h2h,1.62,2.25,2026-09-29T20:10:55+00:00
2026-09-29T20:11:50.324947+00:00,tennis_atp_japan_open,124680a13038b2d61621ea996617ac43,Alejandro Davidovich Fokina,Matteo Berrettini,betvictor,h2h,1.61,2.2,2026-09-29T20:05:41+00:00
2026-09-29T20:11:50.324947+00:00,tennis_atp_japan_open,124680a13038b2d61621ea996617ac43,Alejandro Davidovich Fokina,Matteo Berrettini,betway,h2h,1.65,2.25,2026-09-29T20:11:13+00:00
2026-09-29T20:11:50.324947+00:00,tennis_atp_japan_open,124680a13038b2d61621ea996617ac43,Alejandro Davidovich Fokina,Matteo Berrettini,boylesports,h2h,1.67,2.25,2026-09-29T20:11:34+00:00
2026-09-29T20:11:50.324947+00:00,tennis_atp_japan_open,124680a13038b2d61621ea996617ac43,Alejandro Davidovich Fokina,Matteo Berrettini,casumo,h2h,1.64,2.25,2026-09-29T20:11:29+00:00
2026-09-29T20:11:50.324947+00:00,tennis_atp_japan_open,124680a13038b2d61621ea996617ac43,Alejandro Davidovich Fokina,Matteo Berrettini,coral,h2h,1.6,2.2,2026-09-29T20:10:54+00:00
2026-09-29T20:11:50.324947+00:00,tennis_atp_japan_open,124680a13038b2d61621ea996617ac43,Alejandro Davidovich Fokina,Matteo Berrettini,grosvenor,h2h,1.64,2.25,2026-09-29T20:11:14+00:00
2026-09-29T20:11:50.324947+00:00,tennis_atp_japan_open,124680a13038b2d61621ea996617ac43,Alejandro Davidovich Fokina,Matteo Berrettini,ladbrokes_uk,h2h,1.6,2.2,2026-09-29T20:10:55+00:00
2026-09-29T20:11:50.324947+00:00,tennis_atp_japan_open,124680a13038b2d61621ea996617ac43,Alejandro Davidovich Fokina,Matteo Berrettini,leovegas,h2h,1.62,2.15,2026-09-29T20:10:55+00:00
2026-09-29T20:11:50.324947+00:00,tennis_atp_japan_open,124680a13038b2d61621ea996617ac43,Alejandro Davidovich Fokina,Matteo Berrettini,livescorebet,h2h,1.64,2.25,2026-09-29T20:11:13+00:00
2026-09-29T20:11:50.324947+00:00,tennis_atp_japan_open,124680a13038b2d61621ea996617ac43,Alejandro Davidovich Fokina,Matteo Berrettini,matchbook,h2h,1.72,2.26,2026-09-29T20:11:46+00:00
2026-09-29T20:11:50.324947+00:00,tennis_atp_japan_open,124680a13038b2d61621ea996617ac43,Alejandro Davidovich Fokina,Matteo Berrettini,paddypower,h2h,1.57,2.25,2026-09-29T20:10:38+00:00
2026-09-29T20:11:50.324947+00:00,tennis_atp_japan_open,124680a13038b2d61621ea996617ac43,Alejandro Davidovich Fokina,Matteo Berrettini,skybet,h2h,1.57,2.25,2026-09-29T20:11:15+00:00
2026-09-29T20:11:50.324947+00:00,tennis_atp_japan_open,124680a13038b2d61621ea996617ac43,Alejandro Davidovich Fokina,Matteo Berrettini,sport888,h2h,1.67,2.2,2026-09-29T20:11:12+00:00
2026-09-29T20:11:50.324947+00:00,tennis_atp_japan_open,124680a13038b2d61621ea996617ac43,Alejandro Davidovich Fokina,Matteo Berrettini,unibet_uk,h2h,1.63,2.18,2026-09-29T20:11:19+00:00
2026-09-29T20:11:50.324947+00:00,tennis_atp_japan_open,124680a13038b2d61621ea996617ac43,Alejandro Davidovich Fokina,Matteo Berrettini,virginbet,h2h,1.64,2.25,2026-09-29T20:10:54+00:00
2026-09-29T20:11:50.324947+00:00,tennis_atp_japan_open,124680a13038b2d61621ea996617ac43,Alejandro Davidovich Fokina,Matteo Berrettini,williamhill,h2h,1.67,2.2,2026-09-29T20:10:54+00:00
2026-09-29T20:11:50.324947+00:00,tennis_atp_japan_open,d700980c8b97f7b97b85b0698f5b3824,Carlos Alcaraz,Alex Michelsen,betfair_ex_uk,h2h,1.19,5.4,2026-09-29T20:11:45+00:00
2026-09-29T20:11:50.324947+00:00,tennis_atp_japan_open,d700980c8b97f7b97b85b0698f5b3824,Carlos Alcaraz,Alex Michelsen,betano_uk,h2h,1.17,4.5,2026-09-29T20:11:42+00:00
2026-09-29T20:11:50.324947+00:00,tennis_atp_japan_open,d700980c8b97f7b97b85b0698f5b3824,Carlos Alcaraz,Alex Michelsen,betvictor,h2h,1.17,4.5,2026-09-29T20:05:41+00:00
2026-09-29T20:11:50.324947+00:00,tennis_atp_japan_open,d700980c8b97f7b97b85b0698f5b3824,Carlos Alcaraz,Alex Michelsen,betway,h2h,1.15,5.25,2026-09-29T20:11:13+00:00
2026-09-29T20:11:50.324947+00:00,tennis_atp_japan_open,d700980c8b97f7b97b85b0698f5b3824,Carlos Alcaraz,Alex Michelsen,boylesports,h2h,1.17,5.0,2026-09-29T20:11:34+00:00
2026-09-29T20:11:50.324947+00:00,tennis_atp_japan_open,d700980c8b97f7b97b85b0698f5b3824,Carlos Alcaraz,Alex Michelsen,casumo,h2h,1.17,5.1,2026-09-29T20:11:29+00:00
2026-09-29T20:11:50.324947+00:00,tennis_atp_japan_open,d700980c8b97f7b97b85b0698f5b3824,Carlos Alcaraz,Alex Michelsen,coral,h2h,1.18,4.6,2026-09-29T20:10:54+00:00
2026-09-29T20:11:50.324947+00:00,tennis_atp_japan_open,d700980c8b97f7b97b85b0698f5b3824,Carlos Alcaraz,Alex Michelsen,grosvenor,h2h,1.17,5.1,2026-09-29T20:11:14+00:00
2026-09-29T20:11:50.324947+00:00,tennis_atp_japan_open,d700980c8b97f7b97b85b0698f5b3824,Carlos Alcaraz,Alex Michelsen,ladbrokes_uk,h2h,1.18,4.6,2026-09-29T20:10:55+00:00
2026-09-29T20:11:50.324947+00:00,tennis_atp_japan_open,d700980c8b97f7b97b85b0698f5b3824,Carlos Alcaraz,Alex Michelsen,leovegas,h2h,1.16,4.7,2026-09-29T20:10:55+00:00
2026-09-29T20:11:50.324947+00:00,tennis_atp_japan_open,d700980c8b97f7b97b85b0698f5b3824,Carlos Alcaraz,Alex Michelsen,livescorebet,h2h,1.17,5.1,2026-09-29T20:11:14+00:00
2026-09-29T20:11:50.324947+00:00,tennis_atp_japan_open,d700980c8b97f7b97b85b0698f5b3824,Carlos Alcaraz,Alex Michelsen,matchbook,h2h,1.18,5.5,2026-09-29T20:11:46+00:00
2026-09-29T20:11:50.324947+00:00,tennis_atp_japan_open,d700980c8b97f7b97b85b0698f5b3824,Carlos Alcaraz,Alex Michelsen,paddypower,h2h,1.14,5.0,2026-09-29T20:10:37+00:00
2026-09-29T20:11:50.324947+00:00,tennis_atp_japan_open,d700980c8b97f7b97b85b0698f5b3824,Carlos Alcaraz,Alex Michelsen,skybet,h2h,1.14,5.0,2026-09-29T20:11:15+00:00
2026-09-29T20:11:50.324947+00:00,tennis_atp_japan_open,d700980c8b97f7b97b85b0698f5b3824,Carlos Alcaraz,Alex Michelsen,sport888,h2h,1.17,5.0,2026-09-29T20:11:12+00:00
2026-09-29T20:11:50.324947+00:00,tennis_atp_japan_open,d700980c8b97f7b97b85b0698f5b3824,Carlos Alcaraz,Alex Michelsen,unibet_uk,h2h,1.16,4.8,2026-09-29T20:11:19+00:00
2026-09-29T20:11:50.324947+00:00,tennis_atp_japan_open,d700980c8b97f7b97b85b0698f5b3824,Carlos Alcaraz,Alex Michelsen,virginbet,h2h,1.17,5.1,2026-09-29T20:10:54+00:00
2026-09-29T20:11:50.324947+00:00,tennis_atp_japan_open,d700980c8b97f7b97b85b0698f5b3824,Carlos Alcaraz,Alex Michelsen,williamhill,h2h,1.17,5.0,2026-09-29T20:10:54+00:00
2026-09-29T20:11:50.324947+00:00,tennis_atp_japan_open,94cdbcf900c531f58cb48d03b93e7b26,Lorenzo Musetti,Arthur Fery,betfair_ex_uk,h2h,1.47,3.0,2026-09-29T20:11:45+00:00
2026-09-29T20:11:50.324947+00:00,tennis_atp_japan_open,94cdbcf900c531f58cb48d03b93e7b26,Lorenzo Musetti,Arthur Fery,betano_uk,h2h,1.4,2.75,2026-09-29T20:11:42+00:00
2026-09-29T20:11:50.324947+00:00,tennis_atp_japan_open,94cdbcf900c531f58cb48d03b93e7b26,Lorenzo Musetti,Arthur Fery,betvictor,h2h,1.4,2.75,2026-09-29T20:05:41+00:00
2026-09-29T20:11:50.324947+00:00,tennis_atp_japan_open,94cdbcf900c531f58cb48d03b93e7b26,Lorenzo Musetti,Arthur Fery,betway,h2h,1.44,2.75,2026-09-29T20:11:13+00:00
2026-09-29T20:11:50.324947+00:00,tennis_atp_japan_open,94cdbcf900c531f58cb48d03b93e7b26,Lorenzo Musetti,Arthur Fery,boylesports,h2h,1.44,2.75,2026-09-29T20:11:34+00:00
2026-09-29T20:11:50.324947+00:00,tennis_atp_japan_open,94cdbcf900c531f58cb48d03b93e7b26,Lorenzo Musetti,Arthur Fery,casumo,h2h,1.38,3.0,2026-09-29T20:11:29+00:00
2026-09-29T20:11:50.324947+00:00,tennis_atp_japan_open,94cdbcf900c531f58cb48d03b93e7b26,Lorenzo Musetti,Arthur Fery,coral,h2h,1.4,2.75,2026-09-29T20:10:54+00:00
2026-09-29T20:11:50.324947+00:00,tennis_atp_japan_open,94cdbcf900c531f58cb48d03b93e7b26,Lorenzo Musetti,Arthur Fery,grosvenor,h2h,1.38,3.0,2026-09-29T20:11:14+00:00
2026-09-29T20:11:50.324947+00:00,tennis_atp_japan_open,94cdbcf900c531f58cb48d03b93e7b26,Lorenzo Musetti,Arthur Fery,ladbrokes_uk,h2h,1.4,2.75,2026-09-29T20:10:55+00:00
2026-09-29T20:11:50.324947+00:00,tennis_atp_japan_open,94cdbcf900c531f58cb48d03b93e7b26,Lorenzo Musetti,Arthur Fery,leovegas,h2h,1.4,2.75,2026-09-29T20:10:55+00:00
2026-09-29T20:11:50.324947+00:00,tennis_atp_japan_open,94cdbcf900c531f58cb48d03b93e7b26,Lorenzo Musetti,Arthur Fery,livescorebet,h2h,1.38,3.0,2026-09-29T20:11:14+00:00
2026-09-29T20:11:50.324947+00:00,tennis_atp_japan_open,94cdbcf900c531f58cb48d03b93e7b26,Lorenzo Musetti,Arthur Fery,matchbook,h2h,1.45,2.96,2026-09-29T20:11:46+00:00
2026-09-29T20:11:50.324947+00:00,tennis_atp_japan_open,94cdbcf900c531f58cb48d03b93e7b26,Lorenzo Musetti,Arthur Fery,paddypower,h2h,1.4,2.75,2026-09-29T20:10:37+00:00
2026-09-29T20:11:50.324947+00:00,tennis_atp_japan_open,94cdbcf900c531f58cb48d03b93e7b26,Lorenzo Musetti,Arthur Fery,skybet,h2h,1.4,2.75,2026-09-29T20:11:15+00:00
2026-09-29T20:11:50.324947+00:00,tennis_atp_japan_open,94cdbcf900c531f58cb48d03b93e7b26,Lorenzo Musetti,Arthur Fery,sport888,h2h,1.44,2.75,2026-09-29T20:11:12+00:00
2026-09-29T20:11:50.324947+00:00,tennis_atp_japan_open,94cdbcf900c531f58cb48d03b93e7b26,Lorenzo Musetti,Arthur Fery,unibet_uk,h2h,1.4,2.75,2026-09-29T20:11:19+00:00
2026-09-29T20:11:50.324947+00:00,tennis_atp_japan_open,94cdbcf900c531f58cb48d03b93e7b26,Lorenzo Musetti,Arthur Fery,virginbet,h2h,1.38,3.0,2026-09-29T20:10:54+00:00
2026-09-29T20:11:50.324947+00:00,tennis_atp_japan_open,94cdbcf900c531f58cb48d03b93e7b26,Lorenzo Musetti,Arthur Fery,williamhill,h2h,1.44,2.75,2026-09-29T20:10:54+00:00
2026-09-29T20:11:50.324947+00:00,tennis_atp_japan_open,bd73b6ff3eb4b9510110ca40bfc63f72,Brandon Nakashima,Ugo Humbert,betfair_ex_uk,h2h,1.44,3.15,2026-09-29T20:11:45+00:00
2026-09-29T20:11:50.324947+00:00,tennis_atp_japan_open,bd73b6ff3eb4b9510110ca40bfc63f72,Brandon Nakashima,Ugo Humbert,betano_uk,h2h,1.36,2.88,2026-09-29T20:11:42+00:00
2026-09-29T20:11:50.324947+00:00,tennis_atp_japan_open,bd73b6ff3eb4b9510110ca40bfc63f72,Brandon Nakashima,Ugo Humbert,betvictor,h2h,1.36,2.88,2026-09-29T20:05:41+00:00
2026-09-29T20:11:50.324947+00:00,tennis_atp_japan_open,bd73b6ff3eb4b9510110ca40bfc63f72,Brandon Nakashima,Ugo Humbert,betway,h2h,1.38,3.0,2026-09-29T20:11:13+00:00
2026-09-29T20:11:50.324947+00:00,tennis_atp_japan_open,bd73b6ff3eb4b9510110ca40bfc63f72,Brandon Nakashima,Ugo Humbert,boylesports,h2h,1.4,3.0,2026-09-29T20:11:34+00:00
2026-09-29T20:11:50.324947+00:00,tennis_atp_japan_open,bd73b6ff3eb4b9510110ca40bfc63f72,Brandon Nakashima,Ugo Humbert,casumo,h2h,1.38,3.0,2026-09-29T20:11:29+00:00
2026-09-29T20:11:50.324947+00:00,tennis_atp_japan_open,bd73b6ff3eb4b9510110ca40bfc63f72,Brandon Nakashima,Ugo Humbert,coral,h2h,1.35,3.1,2026-09-29T20:10:54+00:00
2026-09-29T20:11:50.324947+00:00,tennis_atp_japan_open,bd73b6ff3eb4b9510110ca40bfc63f72,Brandon Nakashima,Ugo Humbert,grosvenor,h2h,1.38,3.0,2026-09-29T20:11:14+00:00
2026-09-29T20:11:50.324947+00:00,tennis_atp_japan_open,bd73b6ff3eb4b9510110ca40bfc63f72,Brandon Nakashima,Ugo Humbert,ladbrokes_uk,h2h,1.35,3.1,2026-09-29T20:10:55+00:00
2026-09-29T20:11:50.324947+00:00,tennis_atp_japan_open,bd73b6ff3eb4b9510110ca40bfc63f72,Brandon Nakashima,Ugo Humbert,leovegas,h2h,1.35,2.95,2026-09-29T20:10:55+00:00
2026-09-29T20:11:50.324947+00:00,tennis_atp_japan_open,bd73b6ff3eb4b9510110ca40bfc63f72,Brandon Nakashima,Ugo Humbert,livescorebet,h2h,1.38,3.0,2026-09-29T20:11:13+00:00
2026-09-29T20:11:50.324947+00:00,tennis_atp_japan_open,bd73b6ff3eb4b9510110ca40bfc63f72,Brandon Nakashima,Ugo Humbert,matchbook,h2h,1.4,3.2,2026-09-29T20:11:46+00:00
2026-09-29T20:11:50.324947+00:00,tennis_atp_japan_open,bd73b6ff3eb4b9510110ca40bfc63f72,Brandon Nakashima,Ugo Humbert,paddypower,h2h,1.33,3.0,2026-09-29T20:10:37+00:00
2026-09-29T20:11:50.324947+00:00,tennis_atp_japan_open,bd73b6ff3eb4b9510110ca40bfc63f72,Brandon Nakashima,Ugo Humbert,skybet,h2h,1.33,3.0,2026-09-29T20:11:15+00:00
2026-09-29T20:11:50.324947+00:00,tennis_atp_japan_open,bd73b6ff3eb4b9510110ca40bfc63f72,Brandon Nakashima,Ugo Humbert,sport888,h2h,1.36,3.1,2026-09-29T20:11:12+00:00
2026-09-29T20:11:50.324947+00:00,tennis_atp_japan_open,bd73b6ff3eb4b9510110ca40bfc63f72,Brandon Nakashima,Ugo Humbert,unibet_uk,h2h,1.37,2.95,2026-09-29T20:11:19+00:00
2026-09-29T20:11:50.324947+00:00,tennis_atp_japan_open,bd73b6ff3eb4b9510110ca40bfc63f72,Brandon Nakashima,Ugo Humbert,virginbet,h2h,1.38,3.0,2026-09-29T20:10:54+00:00
2026-09-29T20:11:50.324947+00:00,tennis_atp_japan_open,bd73b6ff3eb4b9510110ca40bfc63f72,Brandon Nakashima,Ugo Humbert,williamhill,h2h,1.36,3.1,2026-09-29T20:10:54+00:00
2026-09-29T20:11:50.324947+00:00,tennis_atp_japan_open,6b7d41a4a1150f4e15713dc6958fda96,Luciano Darderi,Casper Ruud,betfair_ex_uk,h2h,3.1,1.46,2026-09-29T20:11:45+00:00
2026-09-29T20:11:50.324947+00:00,tennis_atp_japan_open,6b7d41a4a1150f4e15713dc6958fda96,Luciano Darderi,Casper Ruud,betano_uk,h2h,2.75,1.4,2026-09-29T20:11:42+00:00
2026-09-29T20:11:50.324947+00:00,tennis_atp_japan_open,6b7d41a4a1150f4e15713dc6958fda96,Luciano Darderi,Casper Ruud,betvictor,h2h,2.75,1.4,2026-09-29T20:05:41+00:00
2026-09-29T20:11:50.324947+00:00,tennis_atp_japan_open,6b7d41a4a1150f4e15713dc6958fda96,Luciano Darderi,Casper Ruud,betway,h2h,2.75,1.44,2026-09-29T20:11:13+00:00
2026-09-29T20:11:50.324947+00:00,tennis_atp_japan_open,6b7d41a4a1150f4e15713dc6958fda96,Luciano Darderi,Casper Ruud,boylesports,h2h,2.88,1.44,2026-09-29T20:11:34+00:00
2026-09-29T20:11:50.324947+00:00,tennis_atp_japan_open,6b7d41a4a1150f4e15713dc6958fda96,Luciano Darderi,Casper Ruud,casumo,h2h,2.9,1.41,2026-09-29T20:11:29+00:00
2026-09-29T20:11:50.324947+00:00,tennis_atp_japan_open,6b7d41a4a1150f4e15713dc6958fda96,Luciano Darderi,Casper Ruud,coral,h2h,2.7,1.44,2026-09-29T20:10:54+00:00
2026-09-29T20:11:50.324947+00:00,tennis_atp_japan_open,6b7d41a4a1150f4e15713dc6958fda96,Luciano Darderi,Casper Ruud,grosvenor,h2h,2.9,1.41,2026-09-29T20:11:14+00:00
2026-09-29T20:11:50.324947+00:00,tennis_atp_japan_open,6b7d41a4a1150f4e15713dc6958fda96,Luciano Darderi,Casper Ruud,ladbrokes_uk,h2h,2.7,1.44,2026-09-29T20:10:55+00:00
2026-09-29T20:11:50.324947+00:00,tennis_atp_japan_open,6b7d41a4a1150f4e15713dc6958fda96,Luciano Darderi,Casper Ruud,leovegas,h2h,2.75,1.4,2026-09-29T20:10:55+00:00
2026-09-29T20:11:50.324947+00:00,tennis_atp_japan_open,6b7d41a4a1150f4e15713dc6958fda96,Luciano Darderi,Casper Ruud,livescorebet,h2h,2.9,1.41,2026-09-29T20:11:14+00:00
2026-09-29T20:11:50.324947+00:00,tennis_atp_japan_open,6b7d41a4a1150f4e15713dc6958fda96,Luciano Darderi,Casper Ruud,matchbook,h2h,3.05,1.45,2026-09-29T20:11:46+00:00
2026-09-29T20:11:50.324947+00:00,tennis_atp_japan_open,6b7d41a4a1150f4e15713dc6958fda96,Luciano Darderi,Casper Ruud,paddypower,h2h,2.88,1.36,2026-09-29T20:10:37+00:00
2026-09-29T20:11:50.324947+00:00,tennis_atp_japan_open,6b7d41a4a1150f4e15713dc6958fda96,Luciano Darderi,Casper Ruud,skybet,h2h,2.88,1.36,2026-09-29T20:11:15+00:00
2026-09-29T20:11:50.324947+00:00,tennis_atp_japan_open,6b7d41a4a1150f4e15713dc6958fda96,Luciano Darderi,Casper Ruud,sport888,h2h,2.75,1.44,2026-09-29T20:11:12+00:00
2026-09-29T20:11:50.324947+00:00,tennis_atp_japan_open,6b7d41a4a1150f4e15713dc6958fda96,Luciano Darderi,Casper Ruud,unibet_uk,h2h,2.83,1.4,2026-09-29T20:11:19+00:00
2026-09-29T20:11:50.324947+00:00,tennis_atp_japan_open,6b7d41a4a1150f4e15713dc6958fda96,Luciano Darderi,Casper Ruud,virginbet,h2h,2.9,1.41,2026-09-29T20:10:54+00:00
2026-09-29T20:11:50.324947+00:00,tennis_atp_japan_open,6b7d41a4a1150f4e15713dc6958fda96,Luciano Darderi,Casper Ruud,williamhill,h2h,2.75,1.44,2026-09-29T20:10:54+00:00
2026-09-29T20:11:50.324947+00:00,tennis_atp_japan_open,f4c24c41c66d5ecb136d40ee73c7d089,Denis Shapovalov,Sho Shimabukuro,betfair_ex_uk,h2h,1.31,4.0,2026-09-29T20:11:45+00:00
2026-09-29T20:11:50.324947+00:00,tennis_atp_japan_open,f4c24c41c66d5ecb136d40ee73c7d089,Denis Shapovalov,Sho Shimabukuro,betano_uk,h2h,1.29,3.4,2026-09-29T20:11:42+00:00
2026-09-29T20:11:50.324947+00:00,tennis_atp_japan_open,f4c24c41c66d5ecb136d40ee73c7d089,Denis Shapovalov,Sho Shimabukuro,betvictor,h2h,1.29,3.4,2026-09-29T20:05:41+00:00
2026-09-29T20:11:50.324947+00:00,tennis_atp_japan_open,f4c24c41c66d5ecb136d40ee73c7d089,Denis Shapovalov,Sho Shimabukuro,betway,h2h,1.29,3.75,2026-09-29T20:11:13+00:00
2026-09-29T20:11:50.324947+00:00,tennis_atp_japan_open,f4c24c41c66d5ecb136d40ee73c7d089,Denis Shapovalov,Sho Shimabukuro,boylesports,h2h,1.29,3.6,2026-09-29T20:11:34+00:00
2026-09-29T20:11:50.324947+00:00,tennis_atp_japan_open,f4c24c41c66d5ecb136d40ee73c7d089,Denis Shapovalov,Sho Shimabukuro,casumo,h2h,1.25,3.95,2026-09-29T20:11:29+00:00
2026-09-29T20:11:50.324947+00:00,tennis_atp_japan_open,f4c24c41c66d5ecb136d40ee73c7d089,Denis Shapovalov,Sho Shimabukuro,coral,h2h,1.28,3.5,2026-09-29T20:10:54+00:00
2026-09-29T20:11:50.324947+00:00,tennis_atp_japan_open,f4c24c41c66d5ecb136d40ee73c7d089,Denis Shapovalov,Sho Shimabukuro,grosvenor,h2h,1.25,3.95,2026-09-29T20:11:14+00:00
2026-09-29T20:11:50.324947+00:00,tennis_atp_japan_open,f4c24c41c66d5ecb136d40ee73c7d089,Denis Shapovalov,Sho Shimabukuro,ladbrokes_uk,h2h,1.28,3.5,2026-09-29T20:10:55+00:00
2026-09-29T20:11:50.324947+00:00,tennis_atp_japan_open,f4c24c41c66d5ecb136d40ee73c7d089,Denis Shapovalov,Sho Shimabukuro,leovegas,h2h,1.26,3.55,2026-09-29T20:10:55+00:00
2026-09-29T20:11:50.324947+00:00,tennis_atp_japan_open,f4c24c41c66d5ecb136d40ee73c7d089,Denis Shapovalov,Sho Shimabukuro,livescorebet,h2h,1.25,3.95,2026-09-29T20:11:14+00:00
2026-09-29T20:11:50.324947+00:00,tennis_atp_japan_open,f4c24c41c66d5ecb136d40ee73c7d089,Denis Shapovalov,Sho Shimabukuro,matchbook,h2h,1.29,3.9,2026-09-29T20:11:46+00:00
2026-09-29T20:11:50.324947+00:00,tennis_atp_japan_open,f4c24c41c66d5ecb136d40ee73c7d089,Denis Shapovalov,Sho Shimabukuro,paddypower,h2h,1.25,3.5,2026-09-29T20:10:37+00:00
2026-09-29T20:11:50.324947+00:00,tennis_atp_japan_open,f4c24c41c66d5ecb136d40ee73c7d089,Denis Shapovalov,Sho Shimabukuro,skybet,h2h,1.25,3.5,2026-09-29T20:11:15+00:00
2026-09-29T20:11:50.324947+00:00,tennis_atp_japan_open,f4c24c41c66d5ecb136d40ee73c7d089,Denis Shapovalov,Sho Shimabukuro,sport888,h2h,1.3,3.5,2026-09-29T20:11:12+00:00
2026-09-29T20:11:50.324947+00:00,tennis_atp_japan_open,f4c24c41c66d5ecb136d40ee73c7d089,Denis Shapovalov,Sho Shimabukuro,unibet_uk,h2h,1.27,3.6,2026-09-29T20:11:19+00:00
2026-09-29T20:11:50.324947+00:00,tennis_atp_japan_open,f4c24c41c66d5ecb136d40ee73c7d089,Denis Shapovalov,Sho Shimabukuro,virginbet,h2h,1.25,3.95,2026-09-29T20:10:54+00:00
2026-09-29T20:11:50.324947+00:00,tennis_atp_japan_open,f4c24c41c66d5ecb136d40ee73c7d089,Denis Shapovalov,Sho Shimabukuro,williamhill,h2h,1.3,3.5,2026-09-29T20:10:54+00:00
2026-09-29T20:11:50.324947+00:00,tennis_atp_japan_open,150be9ac3e148ecdc824890bed898996,Kei Nishikori,Frances Tiafoe,betfair_ex_uk,h2h,4.9,1.22,2026-09-29T20:11:45+00:00
2026-09-29T20:11:50.324947+00:00,tennis_atp_japan_open,150be9ac3e148ecdc824890bed898996,Kei Nishikori,Frances Tiafoe,betano_uk,h2h,3.75,1.22,2026-09-29T20:11:42+00:00
2026-09-29T20:11:50.324947+00:00,tennis_atp_japan_open,150be9ac3e148ecdc824890bed898996,Kei Nishikori,Frances Tiafoe,betvictor,h2h,3.75,1.22,2026-09-29T20:05:41+00:00
2026-09-29T20:11:50.324947+00:00,tennis_atp_japan_open,150be9ac3e148ecdc824890bed898996,Kei Nishikori,Frances Tiafoe,betway,h2h,4.25,1.22,2026-09-29T20:11:13+00:00
2026-09-29T20:11:50.324947+00:00,tennis_atp_japan_open,150be9ac3e148ecdc824890bed898996,Kei Nishikori,Frances Tiafoe,boylesports,h2h,4.33,1.22,2026-09-29T20:11:34+00:00
2026-09-29T20:11:50.324947+00:00,tennis_atp_japan_open,150be9ac3e148ecdc824890bed898996,Kei Nishikori,Frances Tiafoe,casumo,h2h,4.1,1.24,2026-09-29T20:11:29+00:00
2026-09-29T20:11:50.324947+00:00,tennis_atp_japan_open,150be9ac3e148ecdc824890bed898996,Kei Nishikori,Frances Tiafoe,coral,h2h,4.0,1.22,2026-09-29T20:10:54+00:00
2026-09-29T20:11:50.324947+00:00,tennis_atp_japan_open,150be9ac3e148ecdc824890bed898996,Kei Nishikori,Frances Tiafoe,grosvenor,h2h,4.1,1.24,2026-09-29T20:11:14+00:00
2026-09-29T20:11:50.324947+00:00,tennis_atp_japan_open,150be9ac3e148ecdc824890bed898996,Kei Nishikori,Frances Tiafoe,ladbrokes_uk,h2h,4.0,1.22,2026-09-29T20:10:55+00:00
2026-09-29T20:11:50.324947+00:00,tennis_atp_japan_open,150be9ac3e148ecdc824890bed898996,Kei Nishikori,Frances Tiafoe,leovegas,h2h,4.1,1.2,2026-09-29T20:10:55+00:00
2026-09-29T20:11:50.324947+00:00,tennis_atp_japan_open,150be9ac3e148ecdc824890bed898996,Kei Nishikori,Frances Tiafoe,livescorebet,h2h,4.1,1.24,2026-09-29T20:11:14+00:00
2026-09-29T20:11:50.324947+00:00,tennis_atp_japan_open,150be9ac3e148ecdc824890bed898996,Kei Nishikori,Frances Tiafoe,matchbook,h2h,4.7,1.22,2026-09-29T20:11:46+00:00
2026-09-29T20:11:50.324947+00:00,tennis_atp_japan_open,150be9ac3e148ecdc824890bed898996,Kei Nishikori,Frances Tiafoe,paddypower,h2h,4.5,1.17,2026-09-29T20:10:37+00:00
2026-09-29T20:11:50.324947+00:00,tennis_atp_japan_open,150be9ac3e148ecdc824890bed898996,Kei Nishikori,Frances Tiafoe,skybet,h2h,4.5,1.17,2026-09-29T20:11:15+00:00
2026-09-29T20:11:50.324947+00:00,tennis_atp_japan_open,150be9ac3e148ecdc824890bed898996,Kei Nishikori,Frances Tiafoe,sport888,h2h,4.2,1.22,2026-09-29T20:11:12+00:00
2026-09-29T20:11:50.324947+00:00,tennis_atp_japan_open,150be9ac3e148ecdc824890bed898996,Kei Nishikori,Frances Tiafoe,unibet_uk,h2h,4.1,1.21,2026-09-29T20:11:19+00:00
2026-09-29T20:11:50.324947+00:00,tennis_atp_japan_open,150be9ac3e148ecdc824890bed898996,Kei Nishikori,Frances Tiafoe,virginbet,h2h,4.1,1.24,2026-09-29T20:10:54+00:00
2026-09-29T20:11:50.324947+00:00,tennis_atp_japan_open,150be9ac3e148ecdc824890bed898996,Kei Nishikori,Frances Tiafoe,williamhill,h2h,4.2,1.22,2026-09-29T20:10:54+00:00
2026-09-29T20:11:50.324947+00:00,tennis_atp_japan_open,38ffa72914becb0a7541e73396596e3d,Holger Rune,Kyrian Jacquet,betfair_ex_uk,h2h,1.59,2.6,2026-09-29T20:11:45+00:00
2026-09-29T20:11:50.324947+00:00,tennis_atp_japan_open,38ffa72914becb0a7541e73396596e3d,Holger Rune,Kyrian Jacquet,betano_uk,h2h,1.53,2.38,2026-09-29T20:11:42+00:00
2026-09-29T20:11:50.324947+00:00,tennis_atp_japan_open,38ffa72914becb0a7541e73396596e3d,Holger Rune,Kyrian Jacquet,betvictor,h2h,1.53,2.38,2026-09-29T20:05:41+00:00
2026-09-29T20:11:50.324947+00:00,tennis_atp_japan_open,38ffa72914becb0a7541e73396596e3d,Holger Rune,Kyrian Jacquet,betway,h2h,1.55,2.4,2026-09-29T20:11:13+00:00
2026-09-29T20:11:50.324947+00:00,tennis_atp_japan_open,38ffa72914becb0a7541e73396596e3d,Holger Rune,Kyrian Jacquet,boylesports,h2h,1.57,2.38,2026-09-29T20:11:34+00:00
2026-09-29T20:11:50.324947+00:00,tennis_atp_japan_open,38ffa72914becb0a7541e73396596e3d,Holger Rune,Kyrian Jacquet,casumo,h2h,1.56,2.43,2026-09-29T20:11:29+00:00
2026-09-29T20:11:50.324947+00:00,tennis_atp_japan_open,38ffa72914becb0a7541e73396596e3d,Holger Rune,Kyrian Jacquet,coral,h2h,1.53,2.4,2026-09-29T20:10:54+00:00
2026-09-29T20:11:50.324947+00:00,tennis_atp_japan_open,38ffa72914becb0a7541e73396596e3d,Holger Rune,Kyrian Jacquet,grosvenor,h2h,1.56,2.43,2026-09-29T20:11:14+00:00
2026-09-29T20:11:50.324947+00:00,tennis_atp_japan_open,38ffa72914becb0a7541e73396596e3d,Holger Rune,Kyrian Jacquet,ladbrokes_uk,h2h,1.53,2.4,2026-09-29T20:10:54+00:00
2026-09-29T20:11:50.324947+00:00,tennis_atp_japan_open,38ffa72914becb0a7541e73396596e3d,Holger Rune,Kyrian Jacquet,leovegas,h2h,1.53,2.35,2026-09-29T20:10:55+00:00
2026-09-29T20:11:50.324947+00:00,tennis_atp_japan_open,38ffa72914becb0a7541e73396596e3d,Holger Rune,Kyrian Jacquet,livescorebet,h2h,1.56,2.43,2026-09-29T20:11:14+00:00
2026-09-29T20:11:50.324947+00:00,tennis_atp_japan_open,38ffa72914becb0a7541e73396596e3d,Holger Rune,Kyrian Jacquet,matchbook,h2h,1.56,2.56,2026-09-29T20:11:46+00:00
2026-09-29T20:11:50.324947+00:00,tennis_atp_japan_open,38ffa72914becb0a7541e73396596e3d,Holger Rune,Kyrian Jacquet,paddypower,h2h,1.5,2.5,2026-09-29T20:10:37+00:00
2026-09-29T20:11:50.324947+00:00,tennis_atp_japan_open,38ffa72914becb0a7541e73396596e3d,Holger Rune,Kyrian Jacquet,skybet,h2h,1.5,2.5,2026-09-29T20:11:15+00:00
2026-09-29T20:11:50.324947+00:00,tennis_atp_japan_open,38ffa72914becb0a7541e73396596e3d,Holger Rune,Kyrian Jacquet,sport888,h2h,1.53,2.5,2026-09-29T20:11:12+00:00
2026-09-29T20:11:50.324947+00:00,tennis_atp_japan_open,38ffa72914becb0a7541e73396596e3d,Holger Rune,Kyrian Jacquet,unibet_uk,h2h,1.54,2.38,2026-09-29T20:11:19+00:00
2026-09-29T20:11:50.324947+00:00,tennis_atp_japan_open,38ffa72914becb0a7541e73396596e3d,Holger Rune,Kyrian Jacquet,virginbet,h2h,1.56,2.43,2026-09-29T20:10:54+00:00
2026-09-29T20:11:50.324947+00:00,tennis_atp_japan_open,38ffa72914becb0a7541e73396596e3d,Holger Rune,Kyrian Jacquet,williamhill,h2h,1.53,2.5,2026-09-29T20:10:54+00:00
2026-09-29T20:11:50.324947+00:00,tennis_atp_japan_open,bd913db5c5606c52b283feaa80665f42,Taylor Fritz,Jaume Munar,betfair_ex_uk,h2h,1.26,3.25,2026-09-29T20:11:46+00:00
2026-09-29T20:11:50.324947+00:00,tennis_atp_japan_open,bd913db5c5606c52b283feaa80665f42,Taylor Fritz,Jaume Munar,betano_uk,h2h,1.2,4.0,2026-09-29T20:11:42+00:00
2026-09-29T20:11:50.324947+00:00,tennis_atp_japan_open,bd913db5c5606c52b283feaa80665f42,Taylor Fritz,Jaume Munar,betvictor,h2h,1.2,4.0,2026-09-29T20:05:41+00:00
2026-09-29T20:11:50.324947+00:00,tennis_atp_japan_open,bd913db5c5606c52b283feaa80665f42,Taylor Fritz,Jaume Munar,betway,h2h,1.2,4.5,2026-09-29T20:11:13+00:00
2026-09-29T20:11:50.324947+00:00,tennis_atp_japan_open,bd913db5c5606c52b283feaa80665f42,Taylor Fritz,Jaume Munar,boylesports,h2h,1.17,5.0,2026-09-29T20:11:34+00:00
2026-09-29T20:11:50.324947+00:00,tennis_atp_japan_open,bd913db5c5606c52b283feaa80665f42,Taylor Fritz,Jaume Munar,casumo,h2h,1.22,4.35,2026-09-29T20:11:29+00:00
2026-09-29T20:11:50.324947+00:00,tennis_atp_japan_open,bd913db5c5606c52b283feaa80665f42,Taylor Fritz,Jaume Munar,grosvenor,h2h,1.22,4.35,2026-09-29T20:11:14+00:00
2026-09-29T20:11:50.324947+00:00,tennis_atp_japan_open,bd913db5c5606c52b283feaa80665f42,Taylor Fritz,Jaume Munar,leovegas,h2h,1.18,4.25,2026-09-29T20:10:55+00:00
2026-09-29T20:11:50.324947+00:00,tennis_atp_japan_open,bd913db5c5606c52b283feaa80665f42,Taylor Fritz,Jaume Munar,livescorebet,h2h,1.22,4.35,2026-09-29T20:11:14+00:00
2026-09-29T20:11:50.324947+00:00,tennis_atp_japan_open,bd913db5c5606c52b283feaa80665f42,Taylor Fritz,Jaume Munar,paddypower,h2h,1.17,4.5,2026-09-29T20:10:37+00:00
2026-09-29T20:11:50.324947+00:00,tennis_atp_japan_open,bd913db5c5606c52b283feaa80665f42,Taylor Fritz,Jaume Munar,skybet,h2h,1.17,4.5,2026-09-29T20:11:15+00:00
2026-09-29T20:11:50.324947+00:00,tennis_atp_japan_open,bd913db5c5606c52b283feaa80665f42,Taylor Fritz,Jaume Munar,sport888,h2h,1.22,4.2,2026-09-29T20:11:12+00:00
2026-09-29T20:11:50.324947+00:00,tennis_atp_japan_open,bd913db5c5606c52b283feaa80665f42,Taylor Fritz,Jaume Munar,unibet_uk,h2h,1.19,4.4,2026-09-29T20:11:19+00:00
2026-09-29T20:11:50.324947+00:00,tennis_atp_japan_open,bd913db5c5606c52b283feaa80665f42,Taylor Fritz,Jaume Munar,virginbet,h2h,1.22,4.35,2026-09-29T20:10:54+00:00
2026-09-29T20:11:50.324947+00:00,tennis_atp_japan_open,bd913db5c5606c52b283feaa80665f42,Taylor Fritz,Jaume Munar,williamhill,h2h,1.22,4.2,2026-09-29T20:10:54+00:00
2026-09-29T20:11:50.324947+00:00,tennis_wta_china_open,7b7d3040c0a9c64be8117d3301393f49,Janice Tjen,Anhelina Kalinina,betfair_ex_uk,h2h,1.93,2.04,2026-09-29T20:11:31+00:00
2026-09-29T20:11:50.324947+00:00,tennis_wta_china_open,7b7d3040c0a9c64be8117d3301393f49,Janice Tjen,Anhelina Kalinina,betano_uk,h2h,1.8,1.9,2026-09-29T20:11:42+00:00
2026-09-29T20:11:50.324947+00:00,tennis_wta_china_open,7b7d3040c0a9c64be8117d3301393f49,Janice Tjen,Anhelina Kalinina,betfair_sb_uk,h2h,1.9,1.9,2026-09-29T20:11:46+00:00
2026-09-29T20:11:50.324947+00:00,tennis_wta_china_open,7b7d3040c0a9c64be8117d3301393f49,Janice Tjen,Anhelina Kalinina,betvictor,h2h,1.8,1.9,2026-09-29T20:08:02+00:00
2026-09-29T20:11:50.324947+00:00,tennis_wta_china_open,7b7d3040c0a9c64be8117d3301393f49,Janice Tjen,Anhelina Kalinina,betway,h2h,1.85,1.95,2026-09-29T20:11:14+00:00
2026-09-29T20:11:50.324947+00:00,tennis_wta_china_open,7b7d3040c0a9c64be8117d3301393f49,Janice Tjen,Anhelina Kalinina,boylesports,h2h,1.83,2.0,2026-09-29T20:11:14+00:00
2026-09-29T20:11:50.324947+00:00,tennis_wta_china_open,7b7d3040c0a9c64be8117d3301393f49,Janice Tjen,Anhelina Kalinina,casumo,h2h,1.91,1.88,2026-09-29T20:11:14+00:00
2026-09-29T20:11:50.324947+00:00,tennis_wta_china_open,7b7d3040c0a9c64be8117d3301393f49,Janice Tjen,Anhelina Kalinina,coral,h2h,1.8,1.91,2026-09-29T20:10:56+00:00
2026-09-29T20:11:50.324947+00:00,tennis_wta_china_open,7b7d3040c0a9c64be8117d3301393f49,Janice Tjen,Anhelina Kalinina,grosvenor,h2h,1.91,1.88,2026-09-29T20:11:15+00:00
2026-09-29T20:11:50.324947+00:00,tennis_wta_china_open,7b7d3040c0a9c64be8117d3301393f49,Janice Tjen,Anhelina Kalinina,ladbrokes_uk,h2h,1.8,1.91,2026-09-29T20:11:15+00:00
2026-09-29T20:11:50.324947+00:00,tennis_wta_china_open,7b7d3040c0a9c64be8117d3301393f49,Janice Tjen,Anhelina Kalinina,leovegas,h2h,1.83,1.95,2026-09-29T20:11:13+00:00
2026-09-29T20:11:50.324947+00:00,tennis_wta_china_open,7b7d3040c0a9c64be8117d3301393f49,Janice Tjen,Anhelina Kalinina,livescorebet,h2h,1.91,1.88,2026-09-29T20:11:13+00:00
2026-09-29T20:11:50.324947+00:00,tennis_wta_china_open,7b7d3040c0a9c64be8117d3301393f49,Janice Tjen,Anhelina Kalinina,matchbook,h2h,1.93,2.04,2026-09-29T20:11:46+00:00
2026-09-29T20:11:50.324947+00:00,tennis_wta_china_open,7b7d3040c0a9c64be8117d3301393f49,Janice Tjen,Anhelina Kalinina,paddypower,h2h,1.91,1.91,2026-09-29T20:10:04+00:00
2026-09-29T20:11:50.324947+00:00,tennis_wta_china_open,7b7d3040c0a9c64be8117d3301393f49,Janice Tjen,Anhelina Kalinina,skybet,h2h,1.91,1.91,2026-09-29T20:11:13+00:00
2026-09-29T20:11:50.324947+00:00,tennis_wta_china_open,7b7d3040c0a9c64be8117d3301393f49,Janice Tjen,Anhelina Kalinina,smarkets,h2h,1.9,2.0,2026-09-29T20:11:47+00:00
2026-09-29T20:11:50.324947+00:00,tennis_wta_china_open,7b7d3040c0a9c64be8117d3301393f49,Janice Tjen,Anhelina Kalinina,sport888,h2h,1.85,1.95,2026-09-29T20:10:55+00:00
2026-09-29T20:11:50.324947+00:00,tennis_wta_china_open,7b7d3040c0a9c64be8117d3301393f49,Janice Tjen,Anhelina Kalinina,unibet_uk,h2h,1.81,1.97,2026-09-29T20:11:47+00:00
2026-09-29T20:11:50.324947+00:00,tennis_wta_china_open,7b7d3040c0a9c64be8117d3301393f49,Janice Tjen,Anhelina Kalinina,virginbet,h2h,1.91,1.88,2026-09-29T20:10:55+00:00
2026-09-29T20:11:50.324947+00:00,tennis_wta_china_open,7b7d3040c0a9c64be8117d3301393f49,Janice Tjen,Anhelina Kalinina,williamhill,h2h,1.85,1.95,2026-09-29T20:10:57+00:00
2026-09-29T20:11:50.324947+00:00,tennis_wta_china_open,f987a5ce8a5a3b88fa7c8a8804858cbe,Caty McNally,Dayana Yastremska,betfair_ex_uk,h2h,1.51,2.92,2026-09-29T20:11:31+00:00
2026-09-29T20:11:50.324947+00:00,tennis_wta_china_open,f987a5ce8a5a3b88fa7c8a8804858cbe,Caty McNally,Dayana Yastremska,betano_uk,h2h,1.5,2.4,2026-09-29T20:11:42+00:00
2026-09-29T20:11:50.324947+00:00,tennis_wta_china_open,f987a5ce8a5a3b88fa7c8a8804858cbe,Caty McNally,Dayana Yastremska,betfair_sb_uk,h2h,1.44,2.75,2026-09-29T20:11:46+00:00
2026-09-29T20:11:50.324947+00:00,tennis_wta_china_open,f987a5ce8a5a3b88fa7c8a8804858cbe,Caty McNally,Dayana Yastremska,betvictor,h2h,1.5,2.4,2026-09-29T20:08:02+00:00
2026-09-29T20:11:50.324947+00:00,tennis_wta_china_open,f987a5ce8a5a3b88fa7c8a8804858cbe,Caty McNally,Dayana Yastremska,betway,h2h,1.45,2.75,2026-09-29T20:11:14+00:00
2026-09-29T20:11:50.324947+00:00,tennis_wta_china_open,f987a5ce8a5a3b88fa7c8a8804858cbe,Caty McNally,Dayana Yastremska,boylesports,h2h,1.5,2.62,2026-09-29T20:11:14+00:00
2026-09-29T20:11:50.324947+00:00,tennis_wta_china_open,f987a5ce8a5a3b88fa7c8a8804858cbe,Caty McNally,Dayana Yastremska,casumo,h2h,1.45,2.7,2026-09-29T20:11:14+00:00
2026-09-29T20:11:50.324947+00:00,tennis_wta_china_open,f987a5ce8a5a3b88fa7c8a8804858cbe,Caty McNally,Dayana Yastremska,coral,h2h,1.48,2.6,2026-09-29T20:10:56+00:00
2026-09-29T20:11:50.324947+00:00,tennis_wta_china_open,f987a5ce8a5a3b88fa7c8a8804858cbe,Caty McNally,Dayana Yastremska,grosvenor,h2h,1.45,2.7,2026-09-29T20:11:15+00:00
2026-09-29T20:11:50.324947+00:00,tennis_wta_china_open,f987a5ce8a5a3b88fa7c8a8804858cbe,Caty McNally,Dayana Yastremska,ladbrokes_uk,h2h,1.48,2.6,2026-09-29T20:11:15+00:00
2026-09-29T20:11:50.324947+00:00,tennis_wta_china_open,f987a5ce8a5a3b88fa7c8a8804858cbe,Caty McNally,Dayana Yastremska,leovegas,h2h,1.47,2.65,2026-09-29T20:11:14+00:00
2026-09-29T20:11:50.324947+00:00,tennis_wta_china_open,f987a5ce8a5a3b88fa7c8a8804858cbe,Caty McNally,Dayana Yastremska,livescorebet,h2h,1.46,2.7,2026-09-29T20:11:13+00:00
2026-09-29T20:11:50.324947+00:00,tennis_wta_china_open,f987a5ce8a5a3b88fa7c8a8804858cbe,Caty McNally,Dayana Yastremska,matchbook,h2h,1.51,2.92,2026-09-29T20:11:46+00:00
2026-09-29T20:11:50.324947+00:00,tennis_wta_china_open,f987a5ce8a5a3b88fa7c8a8804858cbe,Caty McNally,Dayana Yastremska,paddypower,h2h,1.44,2.75,2026-09-29T20:10:04+00:00
2026-09-29T20:11:50.324947+00:00,tennis_wta_china_open,f987a5ce8a5a3b88fa7c8a8804858cbe,Caty McNally,Dayana Yastremska,skybet,h2h,1.44,2.75,2026-09-29T20:11:13+00:00
2026-09-29T20:11:50.324947+00:00,tennis_wta_china_open,f987a5ce8a5a3b88fa7c8a8804858cbe,Caty McNally,Dayana Yastremska,smarkets,h2h,1.49,2.86,2026-09-29T20:11:47+00:00
2026-09-29T20:11:50.324947+00:00,tennis_wta_china_open,f987a5ce8a5a3b88fa7c8a8804858cbe,Caty McNally,Dayana Yastremska,sport888,h2h,1.5,2.6,2026-09-29T20:10:55+00:00
2026-09-29T20:11:50.324947+00:00,tennis_wta_china_open,f987a5ce8a5a3b88fa7c8a8804858cbe,Caty McNally,Dayana Yastremska,unibet_uk,h2h,1.45,2.7,2026-09-29T20:11:47+00:00
2026-09-29T20:11:50.324947+00:00,tennis_wta_china_open,f987a5ce8a5a3b88fa7c8a8804858cbe,Caty McNally,Dayana Yastremska,virginbet,h2h,1.46,2.7,2026-09-29T20:10:55+00:00
2026-09-29T20:11:50.324947+00:00,tennis_wta_china_open,f987a5ce8a5a3b88fa7c8a8804858cbe,Caty McNally,Dayana Yastremska,williamhill,h2h,1.5,2.6,2026-09-29T20:10:57+00:00
2026-09-29T20:11:50.324947+00:00,tennis_wta_china_open,7dc77d55cdf748e75a18b1dbcd1aae68,Darja Vidmanova,Maria Timofeeva,betfair_ex_uk,h2h,2.3,1.75,2026-09-29T20:11:31+00:00
2026-09-29T20:11:50.324947+00:00,tennis_wta_china_open,7dc77d55cdf748e75a18b1dbcd1aae68,Darja Vidmanova,Maria Timofeeva,betano_uk,h2h,2.2,1.6,2026-09-29T20:11:42+00:00
2026-09-29T20:11:50.324947+00:00,tennis_wta_china_open,7dc77d55cdf748e75a18b1dbcd1aae68,Darja Vidmanova,Maria Timofeeva,betfair_sb_uk,h2h,2.2,1.67,2026-09-29T20:11:46+00:00
2026-09-29T20:11:50.324947+00:00,tennis_wta_china_open,7dc77d55cdf748e75a18b1dbcd1aae68,Darja Vidmanova,Maria Timofeeva,betvictor,h2h,2.2,1.6,2026-09-29T20:08:02+00:00
2026-09-29T20:11:50.324947+00:00,tennis_wta_china_open,7dc77d55cdf748e75a18b1dbcd1aae68,Darja Vidmanova,Maria Timofeeva,betway,h2h,2.2,1.65,2026-09-29T20:11:14+00:00
2026-09-29T20:11:50.324947+00:00,tennis_wta_china_open,7dc77d55cdf748e75a18b1dbcd1aae68,Darja Vidmanova,Maria Timofeeva,boylesports,h2h,2.38,1.57,2026-09-29T20:11:14+00:00
2026-09-29T20:11:50.324947+00:00,tennis_wta_china_open,7dc77d55cdf748e75a18b1dbcd1aae68,Darja Vidmanova,Maria Timofeeva,casumo,h2h,2.28,1.62,2026-09-29T20:11:14+00:00
2026-09-29T20:11:50.324947+00:00,tennis_wta_china_open,7dc77d55cdf748e75a18b1dbcd1aae68,Darja Vidmanova,Maria Timofeeva,coral,h2h,2.15,1.65,2026-09-29T20:10:56+00:00
2026-09-29T20:11:50.324947+00:00,tennis_wta_china_open,7dc77d55cdf748e75a18b1dbcd1aae68,Darja Vidmanova,Maria Timofeeva,grosvenor,h2h,2.28,1.62,2026-09-29T20:11:15+00:00
2026-09-29T20:11:50.324947+00:00,tennis_wta_china_open,7dc77d55cdf748e75a18b1dbcd1aae68,Darja Vidmanova,Maria Timofeeva,ladbrokes_uk,h2h,2.15,1.65,2026-09-29T20:11:15+00:00
2026-09-29T20:11:50.324947+00:00,tennis_wta_china_open,7dc77d55cdf748e75a18b1dbcd1aae68,Darja Vidmanova,Maria Timofeeva,leovegas,h2h,2.25,1.62,2026-09-29T20:11:13+00:00
2026-09-29T20:11:50.324947+00:00,tennis_wta_china_open,7dc77d55cdf748e75a18b1dbcd1aae68,Darja Vidmanova,Maria Timofeeva,livescorebet,h2h,2.28,1.62,2026-09-29T20:11:13+00:00
2026-09-29T20:11:50.324947+00:00,tennis_wta_china_open,7dc77d55cdf748e75a18b1dbcd1aae68,Darja Vidmanova,Maria Timofeeva,matchbook,h2h,2.3,1.75,2026-09-29T20:11:46+00:00
2026-09-29T20:11:50.324947+00:00,tennis_wta_china_open,7dc77d55cdf748e75a18b1dbcd1aae68,Darja Vidmanova,Maria Timofeeva,paddypower,h2h,2.2,1.67,2026-09-29T20:10:04+00:00
2026-09-29T20:11:50.324947+00:00,tennis_wta_china_open,7dc77d55cdf748e75a18b1dbcd1aae68,Darja Vidmanova,Maria Timofeeva,skybet,h2h,2.2,1.67,2026-09-29T20:11:13+00:00
2026-09-29T20:11:50.324947+00:00,tennis_wta_china_open,7dc77d55cdf748e75a18b1dbcd1aae68,Darja Vidmanova,Maria Timofeeva,smarkets,h2h,2.28,1.72,2026-09-29T20:11:47+00:00
2026-09-29T20:11:50.324947+00:00,tennis_wta_china_open,7dc77d55cdf748e75a18b1dbcd1aae68,Darja Vidmanova,Maria Timofeeva,sport888,h2h,2.2,1.67,2026-09-29T20:10:55+00:00
2026-09-29T20:11:50.324947+00:00,tennis_wta_china_open,7dc77d55cdf748e75a18b1dbcd1aae68,Darja Vidmanova,Maria Timofeeva,unibet_uk,h2h,2.25,1.62,2026-09-29T20:11:47+00:00
2026-09-29T20:11:50.324947+00:00,tennis_wta_china_open,7dc77d55cdf748e75a18b1dbcd1aae68,Darja Vidmanova,Maria Timofeeva,virginbet,h2h,2.28,1.62,2026-09-29T20:10:55+00:00
2026-09-29T20:11:50.324947+00:00,tennis_wta_china_open,7dc77d55cdf748e75a18b1dbcd1aae68,Darja Vidmanova,Maria Timofeeva,williamhill,h2h,2.2,1.67,2026-09-29T20:10:57+00:00
2026-09-29T20:11:50.324947+00:00,tennis_wta_china_open,32e7c1cc65b0c3a18b06e9e009cd3e35,Elena Gabriela Ruse,Lilli Tagger,betfair_ex_uk,h2h,2.1,1.9,2026-09-29T20:11:31+00:00
2026-09-29T20:11:50.324947+00:00,tennis_wta_china_open,32e7c1cc65b0c3a18b06e9e009cd3e35,Elena Gabriela Ruse,Lilli Tagger,betano_uk,h2h,1.9,1.8,2026-09-29T20:11:42+00:00
2026-09-29T20:11:50.324947+00:00,tennis_wta_china_open,32e7c1cc65b0c3a18b06e9e009cd3e35,Elena Gabriela Ruse,Lilli Tagger,betfair_sb_uk,h2h,2.0,1.8,2026-09-29T20:11:46+00:00
2026-09-29T20:11:50.324947+00:00,tennis_wta_china_open,32e7c1cc65b0c3a18b06e9e009cd3e35,Elena Gabriela Ruse,Lilli Tagger,betvictor,h2h,1.9,1.8,2026-09-29T20:08:02+00:00
2026-09-29T20:11:50.324947+00:00,tennis_wta_china_open,32e7c1cc65b0c3a18b06e9e009cd3e35,Elena Gabriela Ruse,Lilli Tagger,betway,h2h,2.0,1.8,2026-09-29T20:11:14+00:00
2026-09-29T20:11:50.324947+00:00,tennis_wta_china_open,32e7c1cc65b0c3a18b06e9e009cd3e35,Elena Gabriela Ruse,Lilli Tagger,boylesports,h2h,1.91,1.91,2026-09-29T20:11:14+00:00
2026-09-29T20:11:50.324947+00:00,tennis_wta_china_open,32e7c1cc65b0c3a18b06e9e009cd3e35,Elena Gabriela Ruse,Lilli Tagger,casumo,h2h,1.95,1.83,2026-09-29T20:11:14+00:00
2026-09-29T20:11:50.324947+00:00,tennis_wta_china_open,32e7c1cc65b0c3a18b06e9e009cd3e35,Elena Gabriela Ruse,Lilli Tagger,coral,h2h,1.95,1.75,2026-09-29T20:10:55+00:00
2026-09-29T20:11:50.324947+00:00,tennis_wta_china_open,32e7c1cc65b0c3a18b06e9e009cd3e35,Elena Gabriela Ruse,Lilli Tagger,grosvenor,h2h,1.95,1.83,2026-09-29T20:11:15+00:00
2026-09-29T20:11:50.324947+00:00,tennis_wta_china_open,32e7c1cc65b0c3a18b06e9e009cd3e35,Elena Gabriela Ruse,Lilli Tagger,ladbrokes_uk,h2h,1.95,1.75,2026-09-29T20:11:15+00:00
2026-09-29T20:11:50.324947+00:00,tennis_wta_china_open,32e7c1cc65b0c3a18b06e9e009cd3e35,Elena Gabriela Ruse,Lilli Tagger,leovegas,h2h,2.0,1.8,2026-09-29T20:11:13+00:00
2026-09-29T20:11:50.324947+00:00,tennis_wta_china_open,32e7c1cc65b0c3a18b06e9e009cd3e35,Elena Gabriela Ruse,Lilli Tagger,livescorebet,h2h,1.96,1.84,2026-09-29T20:11:13+00:00
2026-09-29T20:11:50.324947+00:00,tennis_wta_china_open,32e7c1cc65b0c3a18b06e9e009cd3e35,Elena Gabriela Ruse,Lilli Tagger,matchbook,h2h,2.1,1.9,2026-09-29T20:11:46+00:00
2026-09-29T20:11:50.324947+00:00,tennis_wta_china_open,32e7c1cc65b0c3a18b06e9e009cd3e35,Elena Gabriela Ruse,Lilli Tagger,paddypower,h2h,2.0,1.8,2026-09-29T20:10:04+00:00
2026-09-29T20:11:50.324947+00:00,tennis_wta_china_open,32e7c1cc65b0c3a18b06e9e009cd3e35,Elena Gabriela Ruse,Lilli Tagger,skybet,h2h,2.0,1.8,2026-09-29T20:11:13+00:00
2026-09-29T20:11:50.324947+00:00,tennis_wta_china_open,32e7c1cc65b0c3a18b06e9e009cd3e35,Elena Gabriela Ruse,Lilli Tagger,smarkets,h2h,2.08,1.86,2026-09-29T20:11:47+00:00
2026-09-29T20:11:50.324947+00:00,tennis_wta_china_open,32e7c1cc65b0c3a18b06e9e009cd3e35,Elena Gabriela Ruse,Lilli Tagger,sport888,h2h,2.0,1.8,2026-09-29T20:10:55+00:00
2026-09-29T20:11:50.324947+00:00,tennis_wta_china_open,32e7c1cc65b0c3a18b06e9e009cd3e35,Elena Gabriela Ruse,Lilli Tagger,unibet_uk,h2h,1.99,1.8,2026-09-29T20:11:47+00:00
2026-09-29T20:11:50.324947+00:00,tennis_wta_china_open,32e7c1cc65b0c3a18b06e9e009cd3e35,Elena Gabriela Ruse,Lilli Tagger,virginbet,h2h,1.96,1.84,2026-09-29T20:10:55+00:00
2026-09-29T20:11:50.324947+00:00,tennis_wta_china_open,32e7c1cc65b0c3a18b06e9e009cd3e35,Elena Gabriela Ruse,Lilli Tagger,williamhill,h2h,2.0,1.8,2026-09-29T20:10:57+00:00
2026-09-29T20:11:50.324947+00:00,tennis_wta_china_open,3d7ca27dc89b58d3883de95847cfc74e,Maya Joint,Sinja Kraus,betfair_ex_uk,h2h,1.37,3.65,2026-09-29T20:11:31+00:00
2026-09-29T20:11:50.324947+00:00,tennis_wta_china_open,3d7ca27dc89b58d3883de95847cfc74e,Maya Joint,Sinja Kraus,betano_uk,h2h,1.3,3.2,2026-09-29T20:11:42+00:00
2026-09-29T20:11:50.324947+00:00,tennis_wta_china_open,3d7ca27dc89b58d3883de95847cfc74e,Maya Joint,Sinja Kraus,betfair_sb_uk,h2h,1.3,3.4,2026-09-29T20:11:46+00:00
2026-09-29T20:11:50.324947+00:00,tennis_wta_china_open,3d7ca27dc89b58d3883de95847cfc74e,Maya Joint,Sinja Kraus,betvictor,h2h,1.3,3.2,2026-09-29T20:08:02+00:00
2026-09-29T20:11:50.324947+00:00,tennis_wta_china_open,3d7ca27dc89b58d3883de95847cfc74e,Maya Joint,Sinja Kraus,betway,h2h,1.3,3.5,2026-09-29T20:11:14+00:00
2026-09-29T20:11:50.324947+00:00,tennis_wta_china_open,3d7ca27dc89b58d3883de95847cfc74e,Maya Joint,Sinja Kraus,boylesports,h2h,1.3,3.5,2026-09-29T20:11:14+00:00
2026-09-29T20:11:50.324947+00:00,tennis_wta_china_open,3d7ca27dc89b58d3883de95847cfc74e,Maya Joint,Sinja Kraus,casumo,h2h,1.3,3.5,2026-09-29T20:11:14+00:00
2026-09-29T20:11:50.324947+00:00,tennis_wta_china_open,3d7ca27dc89b58d3883de95847cfc74e,Maya Joint,Sinja Kraus,coral,h2h,1.3,3.4,2026-09-29T20:10:56+00:00
2026-09-29T20:11:50.324947+00:00,tennis_wta_china_open,3d7ca27dc89b58d3883de95847cfc74e,Maya Joint,Sinja Kraus,grosvenor,h2h,1.3,3.5,2026-09-29T20:11:15+00:00
2026-09-29T20:11:50.324947+00:00,tennis_wta_china_open,3d7ca27dc89b58d3883de95847cfc74e,Maya Joint,Sinja Kraus,ladbrokes_uk,h2h,1.3,3.4,2026-09-29T20:11:15+00:00
2026-09-29T20:11:50.324947+00:00,tennis_wta_china_open,3d7ca27dc89b58d3883de95847cfc74e,Maya Joint,Sinja Kraus,leovegas,h2h,1.3,3.4,2026-09-29T20:11:13+00:00
2026-09-29T20:11:50.324947+00:00,tennis_wta_china_open,3d7ca27dc89b58d3883de95847cfc74e,Maya Joint,Sinja Kraus,livescorebet,h2h,1.3,3.5,2026-09-29T20:11:13+00:00
2026-09-29T20:11:50.324947+00:00,tennis_wta_china_open,3d7ca27dc89b58d3883de95847cfc74e,Maya Joint,Sinja Kraus,matchbook,h2h,1.37,3.65,2026-09-29T20:11:46+00:00
2026-09-29T20:11:50.324947+00:00,tennis_wta_china_open,3d7ca27dc89b58d3883de95847cfc74e,Maya Joint,Sinja Kraus,paddypower,h2h,1.29,3.6,2026-09-29T20:10:04+00:00
2026-09-29T20:11:50.324947+00:00,tennis_wta_china_open,3d7ca27dc89b58d3883de95847cfc74e,Maya Joint,Sinja Kraus,skybet,h2h,1.3,3.5,2026-09-29T20:11:13+00:00
2026-09-29T20:11:50.324947+00:00,tennis_wta_china_open,3d7ca27dc89b58d3883de95847cfc74e,Maya Joint,Sinja Kraus,smarkets,h2h,1.34,3.65,2026-09-29T20:11:47+00:00
2026-09-29T20:11:50.324947+00:00,tennis_wta_china_open,3d7ca27dc89b58d3883de95847cfc74e,Maya Joint,Sinja Kraus,sport888,h2h,1.33,3.3,2026-09-29T20:10:55+00:00
2026-09-29T20:11:50.324947+00:00,tennis_wta_china_open,3d7ca27dc89b58d3883de95847cfc74e,Maya Joint,Sinja Kraus,unibet_uk,h2h,1.3,3.45,2026-09-29T20:11:47+00:00
2026-09-29T20:11:50.324947+00:00,tennis_wta_china_open,3d7ca27dc89b58d3883de95847cfc74e,Maya Joint,Sinja Kraus,virginbet,h2h,1.3,3.5,2026-09-29T20:10:55+00:00
2026-09-29T20:11:50.324947+00:00,tennis_wta_china_open,3d7ca27dc89b58d3883de95847cfc74e,Maya Joint,Sinja Kraus,williamhill,h2h,1.33,3.3,2026-09-29T20:10:57+00:00
2026-09-29T20:11:50.324947+00:00,tennis_wta_china_open,2ef1631ed3c54fa2c2d6903629201493,Mayar Sherif,Polina Kudermetova,betfair_ex_uk,h2h,2.78,1.55,2026-09-29T20:11:31+00:00
2026-09-29T20:11:50.324947+00:00,tennis_wta_china_open,2ef1631ed3c54fa2c2d6903629201493,Mayar Sherif,Polina Kudermetova,betano_uk,h2h,2.4,1.5,2026-09-29T20:11:42+00:00
2026-09-29T20:11:50.324947+00:00,tennis_wta_china_open,2ef1631ed3c54fa2c2d6903629201493,Mayar Sherif,Polina Kudermetova,betfair_sb_uk,h2h,2.63,1.5,2026-09-29T20:11:46+00:00
2026-09-29T20:11:50.324947+00:00,tennis_wta_china_open,2ef1631ed3c54fa2c2d6903629201493,Mayar Sherif,Polina Kudermetova,betvictor,h2h,2.4,1.5,2026-09-29T20:08:02+00:00
2026-09-29T20:11:50.324947+00:00,tennis_wta_china_open,2ef1631ed3c54fa2c2d6903629201493,Mayar Sherif,Polina Kudermetova,betway,h2h,2.6,1.5,2026-09-29T20:11:14+00:00
2026-09-29T20:11:50.324947+00:00,tennis_wta_china_open,2ef1631ed3c54fa2c2d6903629201493,Mayar Sherif,Polina Kudermetova,boylesports,h2h,2.38,1.57,2026-09-29T20:11:14+00:00
2026-09-29T20:11:50.324947+00:00,tennis_wta_china_open,2ef1631ed3c54fa2c2d6903629201493,Mayar Sherif,Polina Kudermetova,casumo,h2h,2.5,1.53,2026-09-29T20:11:14+00:00
2026-09-29T20:11:50.324947+00:00,tennis_wta_china_open,2ef1631ed3c54fa2c2d6903629201493,Mayar Sherif,Polina Kudermetova,coral,h2h,2.5,1.48,2026-09-29T20:10:55+00:00
2026-09-29T20:11:50.324947+00:00,tennis_wta_china_open,2ef1631ed3c54fa2c2d6903629201493,Mayar Sherif,Polina Kudermetova,grosvenor,h2h,2.5,1.53,2026-09-29T20:11:15+00:00
2026-09-29T20:11:50.324947+00:00,tennis_wta_china_open,2ef1631ed3c54fa2c2d6903629201493,Mayar Sherif,Polina Kudermetova,ladbrokes_uk,h2h,2.5,1.48,2026-09-29T20:11:15+00:00
2026-09-29T20:11:50.324947+00:00,tennis_wta_china_open,2ef1631ed3c54fa2c2d6903629201493,Mayar Sherif,Polina Kudermetova,leovegas,h2h,2.5,1.5,2026-09-29T20:11:14+00:00
2026-09-29T20:11:50.324947+00:00,tennis_wta_china_open,2ef1631ed3c54fa2c2d6903629201493,Mayar Sherif,Polina Kudermetova,livescorebet,h2h,2.5,1.53,2026-09-29T20:11:13+00:00
2026-09-29T20:11:50.324947+00:00,tennis_wta_china_open,2ef1631ed3c54fa2c2d6903629201493,Mayar Sherif,Polina Kudermetova,matchbook,h2h,2.78,1.55,2026-09-29T20:11:46+00:00
2026-09-29T20:11:50.324947+00:00,tennis_wta_china_open,2ef1631ed3c54fa2c2d6903629201493,Mayar Sherif,Polina Kudermetova,paddypower,h2h,2.6,1.5,2026-09-29T20:10:04+00:00
2026-09-29T20:11:50.324947+00:00,tennis_wta_china_open,2ef1631ed3c54fa2c2d6903629201493,Mayar Sherif,Polina Kudermetova,skybet,h2h,2.5,1.5,2026-09-29T20:11:13+00:00
2026-09-29T20:11:50.324947+00:00,tennis_wta_china_open,2ef1631ed3c54fa2c2d6903629201493,Mayar Sherif,Polina Kudermetova,smarkets,h2h,2.74,1.52,2026-09-29T20:11:47+00:00
2026-09-29T20:11:50.324947+00:00,tennis_wta_china_open,2ef1631ed3c54fa2c2d6903629201493,Mayar Sherif,Polina Kudermetova,sport888,h2h,2.5,1.53,2026-09-29T20:10:55+00:00
2026-09-29T20:11:50.324947+00:00,tennis_wta_china_open,2ef1631ed3c54fa2c2d6903629201493,Mayar Sherif,Polina Kudermetova,unibet_uk,h2h,2.5,1.52,2026-09-29T20:11:47+00:00
2026-09-29T20:11:50.324947+00:00,tennis_wta_china_open,2ef1631ed3c54fa2c2d6903629201493,Mayar Sherif,Polina Kudermetova,virginbet,h2h,2.5,1.53,2026-09-29T20:10:55+00:00
2026-09-29T20:11:50.324947+00:00,tennis_wta_china_open,2ef1631ed3c54fa2c2d6903629201493,Mayar Sherif,Polina Kudermetova,williamhill,h2h,2.5,1.53,2026-09-29T20:10:58+00:00
2026-09-29T20:11:50.324947+00:00,tennis_wta_china_open,dc54c4deb3249abab085252c654c1754,Aliaksandra Sasnovich,Talia Gibson,betfair_ex_uk,h2h,2.12,1.87,2026-09-29T20:11:31+00:00
2026-09-29T20:11:50.324947+00:00,tennis_wta_china_open,dc54c4deb3249abab085252c654c1754,Aliaksandra Sasnovich,Talia Gibson,betano_uk,h2h,1.95,1.75,2026-09-29T20:11:42+00:00
2026-09-29T20:11:50.324947+00:00,tennis_wta_china_open,dc54c4deb3249abab085252c654c1754,Aliaksandra Sasnovich,Talia Gibson,betfair_sb_uk,h2h,2.1,1.73,2026-09-29T20:11:46+00:00
2026-09-29T20:11:50.324947+00:00,tennis_wta_china_open,dc54c4deb3249abab085252c654c1754,Aliaksandra Sasnovich,Talia Gibson,betvictor,h2h,1.95,1.75,2026-09-29T20:08:02+00:00
2026-09-29T20:11:50.324947+00:00,tennis_wta_china_open,dc54c4deb3249abab085252c654c1754,Aliaksandra Sasnovich,Talia Gibson,betway,h2h,2.0,1.8,2026-09-29T20:11:14+00:00
2026-09-29T20:11:50.324947+00:00,tennis_wta_china_open,dc54c4deb3249abab085252c654c1754,Aliaksandra Sasnovich,Talia Gibson,boylesports,h2h,2.05,1.8,2026-09-29T20:11:14+00:00
2026-09-29T20:11:50.324947+00:00,tennis_wta_china_open,dc54c4deb3249abab085252c654c1754,Aliaksandra Sasnovich,Talia Gibson,casumo,h2h,2.12,1.72,2026-09-29T20:11:14+00:00
2026-09-29T20:11:50.324947+00:00,tennis_wta_china_open,dc54c4deb3249abab085252c654c1754,Aliaksandra Sasnovich,Talia Gibson,coral,h2h,2.0,1.75,2026-09-29T20:10:56+00:00
2026-09-29T20:11:50.324947+00:00,tennis_wta_china_open,dc54c4deb3249abab085252c654c1754,Aliaksandra Sasnovich,Talia Gibson,grosvenor,h2h,2.12,1.72,2026-09-29T20:11:15+00:00
2026-09-29T20:11:50.324947+00:00,tennis_wta_china_open,dc54c4deb3249abab085252c654c1754,Aliaksandra Sasnovich,Talia Gibson,ladbrokes_uk,h2h,2.0,1.75,2026-09-29T20:11:15+00:00
2026-09-29T20:11:50.324947+00:00,tennis_wta_china_open,dc54c4deb3249abab085252c654c1754,Aliaksandra Sasnovich,Talia Gibson,leovegas,h2h,2.0,1.8,2026-09-29T20:11:14+00:00
2026-09-29T20:11:50.324947+00:00,tennis_wta_china_open,dc54c4deb3249abab085252c654c1754,Aliaksandra Sasnovich,Talia Gibson,livescorebet,h2h,2.12,1.72,2026-09-29T20:11:13+00:00
2026-09-29T20:11:50.324947+00:00,tennis_wta_china_open,dc54c4deb3249abab085252c654c1754,Aliaksandra Sasnovich,Talia Gibson,matchbook,h2h,2.12,1.87,2026-09-29T20:11:46+00:00
2026-09-29T20:11:50.324947+00:00,tennis_wta_china_open,dc54c4deb3249abab085252c654c1754,Aliaksandra Sasnovich,Talia Gibson,paddypower,h2h,2.0,1.73,2026-09-29T20:10:04+00:00
2026-09-29T20:11:50.324947+00:00,tennis_wta_china_open,dc54c4deb3249abab085252c654c1754,Aliaksandra Sasnovich,Talia Gibson,skybet,h2h,2.1,1.73,2026-09-29T20:11:13+00:00
2026-09-29T20:11:50.324947+00:00,tennis_wta_china_open,dc54c4deb3249abab085252c654c1754,Aliaksandra Sasnovich,Talia Gibson,smarkets,h2h,2.1,1.84,2026-09-29T20:11:47+00:00
2026-09-29T20:11:50.324947+00:00,tennis_wta_china_open,dc54c4deb3249abab085252c654c1754,Aliaksandra Sasnovich,Talia Gibson,sport888,h2h,2.0,1.8,2026-09-29T20:10:55+00:00
2026-09-29T20:11:50.324947+00:00,tennis_wta_china_open,dc54c4deb3249abab085252c654c1754,Aliaksandra Sasnovich,Talia Gibson,unibet_uk,h2h,2.03,1.78,2026-09-29T20:11:47+00:00
2026-09-29T20:11:50.324947+00:00,tennis_wta_china_open,dc54c4deb3249abab085252c654c1754,Aliaksandra Sasnovich,Talia Gibson,virginbet,h2h,2.12,1.72,2026-09-29T20:10:55+00:00
2026-09-29T20:11:50.324947+00:00,tennis_wta_china_open,dc54c4deb3249abab085252c654c1754,Aliaksandra Sasnovich,Talia Gibson,williamhill,h2h,2.0,1.8,2026-09-29T20:10:57+00:00
2026-09-29T20:11:50.324947+00:00,tennis_wta_china_open,c91ca7289161efc89f8baceaaef3511a,Daria Snigur,Katarzyna Kawa,betfair_ex_uk,h2h,1.16,6.8,2026-09-29T20:11:31+00:00
2026-09-29T20:11:50.324947+00:00,tennis_wta_china_open,c91ca7289161efc89f8baceaaef3511a,Daria Snigur,Katarzyna Kawa,betano_uk,h2h,1.15,4.75,2026-09-29T20:11:42+00:00
2026-09-29T20:11:50.324947+00:00,tennis_wta_china_open,c91ca7289161efc89f8baceaaef3511a,Daria Snigur,Katarzyna Kawa,betfair_sb_uk,h2h,1.14,5.5,2026-09-29T20:11:46+00:00
2026-09-29T20:11:50.324947+00:00,tennis_wta_china_open,c91ca7289161efc89f8baceaaef3511a,Daria Snigur,Katarzyna Kawa,betvictor,h2h,1.15,4.75,2026-09-29T20:08:02+00:00
2026-09-29T20:11:50.324947+00:00,tennis_wta_china_open,c91ca7289161efc89f8baceaaef3511a,Daria Snigur,Katarzyna Kawa,betway,h2h,1.12,6.0,2026-09-29T20:11:14+00:00
2026-09-29T20:11:50.324947+00:00,tennis_wta_china_open,c91ca7289161efc89f8baceaaef3511a,Daria Snigur,Katarzyna Kawa,boylesports,h2h,1.12,6.5,2026-09-29T20:11:14+00:00
2026-09-29T20:11:50.324947+00:00,tennis_wta_china_open,c91ca7289161efc89f8baceaaef3511a,Daria Snigur,Katarzyna Kawa,casumo,h2h,1.16,5.2,2026-09-29T20:11:14+00:00
2026-09-29T20:11:50.324947+00:00,tennis_wta_china_open,c91ca7289161efc89f8baceaaef3511a,Daria Snigur,Katarzyna Kawa,coral,h2h,1.12,6.0,2026-09-29T20:10:56+00:00
2026-09-29T20:11:50.324947+00:00,tennis_wta_china_open,c91ca7289161efc89f8baceaaef3511a,Daria Snigur,Katarzyna Kawa,grosvenor,h2h,1.16,5.2,2026-09-29T20:11:15+00:00
2026-09-29T20:11:50.324947+00:00,tennis_wta_china_open,c91ca7289161efc89f8baceaaef3511a,Daria Snigur,Katarzyna Kawa,ladbrokes_uk,h2h,1.12,6.0,2026-09-29T20:11:15+00:00
2026-09-29T20:11:50.324947+00:00,tennis_wta_china_open,c91ca7289161efc89f8baceaaef3511a,Daria Snigur,Katarzyna Kawa,leovegas,h2h,1.14,5.7,2026-09-29T20:11:14+00:00
2026-09-29T20:11:50.324947+00:00,tennis_wta_china_open,c91ca7289161efc89f8baceaaef3511a,Daria Snigur,Katarzyna Kawa,livescorebet,h2h,1.16,5.2,2026-09-29T20:11:13+00:00
2026-09-29T20:11:50.324947+00:00,tennis_wta_china_open,c91ca7289161efc89f8baceaaef3511a,Daria Snigur,Katarzyna Kawa,matchbook,h2h,1.16,6.6,2026-09-29T20:11:46+00:00
2026-09-29T20:11:50.324947+00:00,tennis_wta_china_open,c91ca7289161efc89f8baceaaef3511a,Daria Snigur,Katarzyna Kawa,paddypower,h2h,1.12,6.0,2026-09-29T20:10:04+00:00
2026-09-29T20:11:50.324947+00:00,tennis_wta_china_open,c91ca7289161efc89f8baceaaef3511a,Daria Snigur,Katarzyna Kawa,skybet,h2h,1.13,6.0,2026-09-29T20:11:13+00:00
2026-09-29T20:11:50.324947+00:00,tennis_wta_china_open,c91ca7289161efc89f8baceaaef3511a,Daria Snigur,Katarzyna Kawa,smarkets,h2h,1.14,6.6,2026-09-29T20:11:47+00:00
2026-09-29T20:11:50.324947+00:00,tennis_wta_china_open,c91ca7289161efc89f8baceaaef3511a,Daria Snigur,Katarzyna Kawa,sport888,h2h,1.14,5.5,2026-09-29T20:10:55+00:00
2026-09-29T20:11:50.324947+00:00,tennis_wta_china_open,c91ca7289161efc89f8baceaaef3511a,Daria Snigur,Katarzyna Kawa,unibet_uk,h2h,1.14,5.75,2026-09-29T20:11:47+00:00
2026-09-29T20:11:50.324947+00:00,tennis_wta_china_open,c91ca7289161efc89f8baceaaef3511a,Daria Snigur,Katarzyna Kawa,virginbet,h2h,1.16,5.2,2026-09-29T20:10:55+00:00
2026-09-29T20:11:50.324947+00:00,tennis_wta_china_open,c91ca7289161efc89f8baceaaef3511a,Daria Snigur,Katarzyna Kawa,williamhill,h2h,1.14,5.5,2026-09-29T20:10:57+00:00
2026-09-29T20:11:50.324947+00:00,tennis_wta_china_open,6917febba0fb68f0dd74b8d0314ce397,Viktorija Golubic,Elvina Kalieva,betfair_ex_uk,h2h,1.56,2.72,2026-09-29T20:11:31+00:00
2026-09-29T20:11:50.324947+00:00,tennis_wta_china_open,6917febba0fb68f0dd74b8d0314ce397,Viktorija Golubic,Elvina Kalieva,betano_uk,h2h,1.45,2.5,2026-09-29T20:11:42+00:00
2026-09-29T20:11:50.324947+00:00,tennis_wta_china_open,6917febba0fb68f0dd74b8d0314ce397,Viktorija Golubic,Elvina Kalieva,betfair_sb_uk,h2h,1.53,2.5,2026-09-29T20:11:46+00:00
2026-09-29T20:11:50.324947+00:00,tennis_wta_china_open,6917febba0fb68f0dd74b8d0314ce397,Viktorija Golubic,Elvina Kalieva,betvictor,h2h,1.45,2.5,2026-09-29T20:08:02+00:00
2026-09-29T20:11:50.324947+00:00,tennis_wta_china_open,6917febba0fb68f0dd74b8d0314ce397,Viktorija Golubic,Elvina Kalieva,betway,h2h,1.45,2.75,2026-09-29T20:11:14+00:00
2026-09-29T20:11:50.324947+00:00,tennis_wta_china_open,6917febba0fb68f0dd74b8d0314ce397,Viktorija Golubic,Elvina Kalieva,boylesports,h2h,1.5,2.62,2026-09-29T20:11:14+00:00
2026-09-29T20:11:50.324947+00:00,tennis_wta_china_open,6917febba0fb68f0dd74b8d0314ce397,Viktorija Golubic,Elvina Kalieva,casumo,h2h,1.51,2.55,2026-09-29T20:11:14+00:00
2026-09-29T20:11:50.324947+00:00,tennis_wta_china_open,6917febba0fb68f0dd74b8d0314ce397,Viktorija Golubic,Elvina Kalieva,coral,h2h,1.48,2.6,2026-09-29T20:10:56+00:00
2026-09-29T20:11:50.324947+00:00,tennis_wta_china_open,6917febba0fb68f0dd74b8d0314ce397,Viktorija Golubic,Elvina Kalieva,grosvenor,h2h,1.51,2.55,2026-09-29T20:11:15+00:00
2026-09-29T20:11:50.324947+00:00,tennis_wta_china_open,6917febba0fb68f0dd74b8d0314ce397,Viktorija Golubic,Elvina Kalieva,ladbrokes_uk,h2h,1.48,2.6,2026-09-29T20:11:15+00:00
2026-09-29T20:11:50.324947+00:00,tennis_wta_china_open,6917febba0fb68f0dd74b8d0314ce397,Viktorija Golubic,Elvina Kalieva,leovegas,h2h,1.47,2.6,2026-09-29T20:11:14+00:00
2026-09-29T20:11:50.324947+00:00,tennis_wta_china_open,6917febba0fb68f0dd74b8d0314ce397,Viktorija Golubic,Elvina Kalieva,livescorebet,h2h,1.52,2.55,2026-09-29T20:11:13+00:00
2026-09-29T20:11:50.324947+00:00,tennis_wta_china_open,6917febba0fb68f0dd74b8d0314ce397,Viktorija Golubic,Elvina Kalieva,matchbook,h2h,1.56,2.74,2026-09-29T20:11:46+00:00
2026-09-29T20:11:50.324947+00:00,tennis_wta_china_open,6917febba0fb68f0dd74b8d0314ce397,Viktorija Golubic,Elvina Kalieva,paddypower,h2h,1.5,2.5,2026-09-29T20:10:04+00:00
2026-09-29T20:11:50.324947+00:00,tennis_wta_china_open,6917febba0fb68f0dd74b8d0314ce397,Viktorija Golubic,Elvina Kalieva,skybet,h2h,1.53,2.5,2026-09-29T20:11:13+00:00
2026-09-29T20:11:50.324947+00:00,tennis_wta_china_open,6917febba0fb68f0dd74b8d0314ce397,Viktorija Golubic,Elvina Kalieva,smarkets,h2h,1.53,2.7,2026-09-29T20:11:47+00:00
2026-09-29T20:11:50.324947+00:00,tennis_wta_china_open,6917febba0fb68f0dd74b8d0314ce397,Viktorija Golubic,Elvina Kalieva,sport888,h2h,1.5,2.6,2026-09-29T20:10:55+00:00
2026-09-29T20:11:50.324947+00:00,tennis_wta_china_open,6917febba0fb68f0dd74b8d0314ce397,Viktorija Golubic,Elvina Kalieva,unibet_uk,h2h,1.48,2.65,2026-09-29T20:11:47+00:00
2026-09-29T20:11:50.324947+00:00,tennis_wta_china_open,6917febba0fb68f0dd74b8d0314ce397,Viktorija Golubic,Elvina Kalieva,virginbet,h2h,1.52,2.55,2026-09-29T20:10:55+00:00
2026-09-29T20:11:50.324947+00:00,tennis_wta_china_open,6917febba0fb68f0dd74b8d0314ce397,Viktorija Golubic,Elvina Kalieva,williamhill,h2h,1.5,2.6,2026-09-29T20:10:58+00:00
2026-09-29T20:11:50.324947+00:00,tennis_wta_china_open,018b47464f16ca78f46bd6e72e2227a2,Oleksandra Oliynykova,Yue Yuan,betfair_ex_uk,h2h,2.76,1.55,2026-09-29T20:11:31+00:00
2026-09-29T20:11:50.324947+00:00,tennis_wta_china_open,018b47464f16ca78f46bd6e72e2227a2,Oleksandra Oliynykova,Yue Yuan,betano_uk,h2h,2.5,1.45,2026-09-29T20:11:42+00:00
2026-09-29T20:11:50.324947+00:00,tennis_wta_china_open,018b47464f16ca78f46bd6e72e2227a2,Oleksandra Oliynykova,Yue Yuan,betvictor,h2h,2.5,1.45,2026-09-29T20:08:02+00:00
2026-09-29T20:11:50.324947+00:00,tennis_wta_china_open,018b47464f16ca78f46bd6e72e2227a2,Oleksandra Oliynykova,Yue Yuan,betway,h2h,2.75,1.45,2026-09-29T20:11:14+00:00
2026-09-29T20:11:50.324947+00:00,tennis_wta_china_open,018b47464f16ca78f46bd6e72e2227a2,Oleksandra Oliynykova,Yue Yuan,boylesports,h2h,2.5,1.53,2026-09-29T20:11:14+00:00
2026-09-29T20:11:50.324947+00:00,tennis_wta_china_open,018b47464f16ca78f46bd6e72e2227a2,Oleksandra Oliynykova,Yue Yuan,casumo,h2h,2.7,1.45,2026-09-29T20:11:14+00:00
2026-09-29T20:11:50.324947+00:00,tennis_wta_china_open,018b47464f16ca78f46bd6e72e2227a2,Oleksandra Oliynykova,Yue Yuan,coral,h2h,2.5,1.48,2026-09-29T20:10:56+00:00
2026-09-29T20:11:50.324947+00:00,tennis_wta_china_open,018b47464f16ca78f46bd6e72e2227a2,Oleksandra Oliynykova,Yue Yuan,grosvenor,h2h,2.7,1.45,2026-09-29T20:11:15+00:00
2026-09-29T20:11:50.324947+00:00,tennis_wta_china_open,018b47464f16ca78f46bd6e72e2227a2,Oleksandra Oliynykova,Yue Yuan,ladbrokes_uk,h2h,2.5,1.48,2026-09-29T20:11:15+00:00
2026-09-29T20:11:50.324947+00:00,tennis_wta_china_open,018b47464f16ca78f46bd6e72e2227a2,Oleksandra Oliynykova,Yue Yuan,leovegas,h2h,2.55,1.5,2026-09-29T20:11:14+00:00
2026-09-29T20:11:50.324947+00:00,tennis_wta_china_open,018b47464f16ca78f46bd6e72e2227a2,Oleksandra Oliynykova,Yue Yuan,livescorebet,h2h,2.7,1.46,2026-09-29T20:11:13+00:00
2026-09-29T20:11:50.324947+00:00,tennis_wta_china_open,018b47464f16ca78f46bd6e72e2227a2,Oleksandra Oliynykova,Yue Yuan,matchbook,h2h,2.76,1.55,2026-09-29T20:11:46+00:00
2026-09-29T20:11:50.324947+00:00,tennis_wta_china_open,018b47464f16ca78f46bd6e72e2227a2,Oleksandra Oliynykova,Yue Yuan,paddypower,h2h,2.6,1.5,2026-09-29T20:10:04+00:00
2026-09-29T20:11:50.324947+00:00,tennis_wta_china_open,018b47464f16ca78f46bd6e72e2227a2,Oleksandra Oliynykova,Yue Yuan,skybet,h2h,2.63,1.5,2026-09-29T20:11:13+00:00
2026-09-29T20:11:50.324947+00:00,tennis_wta_china_open,018b47464f16ca78f46bd6e72e2227a2,Oleksandra Oliynykova,Yue Yuan,smarkets,h2h,2.72,1.53,2026-09-29T20:11:47+00:00
2026-09-29T20:11:50.324947+00:00,tennis_wta_china_open,018b47464f16ca78f46bd6e72e2227a2,Oleksandra Oliynykova,Yue Yuan,sport888,h2h,2.6,1.5,2026-09-29T20:10:55+00:00
2026-09-29T20:11:50.324947+00:00,tennis_wta_china_open,018b47464f16ca78f46bd6e72e2227a2,Oleksandra Oliynykova,Yue Yuan,unibet_uk,h2h,2.53,1.52,2026-09-29T20:11:47+00:00
2026-09-29T20:11:50.324947+00:00,tennis_wta_china_open,018b47464f16ca78f46bd6e72e2227a2,Oleksandra Oliynykova,Yue Yuan,virginbet,h2h,2.7,1.46,2026-09-29T20:10:55+00:00
2026-09-29T20:11:50.324947+00:00,tennis_wta_china_open,018b47464f16ca78f46bd6e72e2227a2,Oleksandra Oliynykova,Yue Yuan,williamhill,h2h,2.6,1.5,2026-09-29T20:10:58+00:00
2026-09-29T20:11:50.324947+00:00,tennis_wta_china_open,083228b0301672d5d40b1ae787e6ad55,Zhuoxuan Bai,Linda Fruhvirtova,betfair_ex_uk,h2h,1.66,2.46,2026-09-29T20:11:31+00:00
2026-09-29T20:11:50.324947+00:00,tennis_wta_china_open,083228b0301672d5d40b1ae787e6ad55,Zhuoxuan Bai,Linda Fruhvirtova,betano_uk,h2h,1.67,2.1,2026-09-29T20:11:42+00:00
2026-09-29T20:11:50.324947+00:00,tennis_wta_china_open,083228b0301672d5d40b1ae787e6ad55,Zhuoxuan Bai,Linda Fruhvirtova,betvictor,h2h,1.67,2.1,2026-09-29T20:08:02+00:00
2026-09-29T20:11:50.324947+00:00,tennis_wta_china_open,083228b0301672d5d40b1ae787e6ad55,Zhuoxuan Bai,Linda Fruhvirtova,betway,h2h,1.73,2.1,2026-09-29T20:11:14+00:00
2026-09-29T20:11:50.324947+00:00,tennis_wta_china_open,083228b0301672d5d40b1ae787e6ad55,Zhuoxuan Bai,Linda Fruhvirtova,boylesports,h2h,1.67,2.2,2026-09-29T20:11:14+00:00
2026-09-29T20:11:50.324947+00:00,tennis_wta_china_open,083228b0301672d5d40b1ae787e6ad55,Zhuoxuan Bai,Linda Fruhvirtova,casumo,h2h,1.66,2.2,2026-09-29T20:11:14+00:00
2026-09-29T20:11:50.324947+00:00,tennis_wta_china_open,083228b0301672d5d40b1ae787e6ad55,Zhuoxuan Bai,Linda Fruhvirtova,coral,h2h,1.65,2.15,2026-09-29T20:10:56+00:00
2026-09-29T20:11:50.324947+00:00,tennis_wta_china_open,083228b0301672d5d40b1ae787e6ad55,Zhuoxuan Bai,Linda Fruhvirtova,grosvenor,h2h,1.66,2.2,2026-09-29T20:11:15+00:00
2026-09-29T20:11:50.324947+00:00,tennis_wta_china_open,083228b0301672d5d40b1ae787e6ad55,Zhuoxuan Bai,Linda Fruhvirtova,ladbrokes_uk,h2h,1.65,2.15,2026-09-29T20:11:15+00:00
2026-09-29T20:11:50.324947+00:00,tennis_wta_china_open,083228b0301672d5d40b1ae787e6ad55,Zhuoxuan Bai,Linda Fruhvirtova,leovegas,h2h,1.65,2.2,2026-09-29T20:11:14+00:00
2026-09-29T20:11:50.324947+00:00,tennis_wta_china_open,083228b0301672d5d40b1ae787e6ad55,Zhuoxuan Bai,Linda Fruhvirtova,livescorebet,h2h,1.66,2.2,2026-09-29T20:11:13+00:00
2026-09-29T20:11:50.324947+00:00,tennis_wta_china_open,083228b0301672d5d40b1ae787e6ad55,Zhuoxuan Bai,Linda Fruhvirtova,matchbook,h2h,1.67,2.46,2026-09-29T20:11:46+00:00
2026-09-29T20:11:50.324947+00:00,tennis_wta_china_open,083228b0301672d5d40b1ae787e6ad55,Zhuoxuan Bai,Linda Fruhvirtova,paddypower,h2h,1.62,2.3,2026-09-29T20:10:04+00:00
2026-09-29T20:11:50.324947+00:00,tennis_wta_china_open,083228b0301672d5d40b1ae787e6ad55,Zhuoxuan Bai,Linda Fruhvirtova,skybet,h2h,1.62,2.38,2026-09-29T20:11:13+00:00
2026-09-29T20:11:50.324947+00:00,tennis_wta_china_open,083228b0301672d5d40b1ae787e6ad55,Zhuoxuan Bai,Linda Fruhvirtova,smarkets,h2h,1.64,2.42,2026-09-29T20:11:47+00:00
2026-09-29T20:11:50.324947+00:00,tennis_wta_china_open,083228b0301672d5d40b1ae787e6ad55,Zhuoxuan Bai,Linda Fruhvirtova,sport888,h2h,1.67,2.2,2026-09-29T20:10:55+00:00
2026-09-29T20:11:50.324947+00:00,tennis_wta_china_open,083228b0301672d5d40b1ae787e6ad55,Zhuoxuan Bai,Linda Fruhvirtova,unibet_uk,h2h,1.65,2.21,2026-09-29T20:11:47+00:00
2026-09-29T20:11:50.324947+00:00,tennis_wta_china_open,083228b0301672d5d40b1ae787e6ad55,Zhuoxuan Bai,Linda Fruhvirtova,virginbet,h2h,1.66,2.2,2026-09-29T20:10:55+00:00
2026-09-29T20:11:50.324947+00:00,tennis_wta_china_open,083228b0301672d5d40b1ae787e6ad55,Zhuoxuan Bai,Linda Fruhvirtova,williamhill,h2h,1.67,2.2,2026-09-29T20:10:58+00:00
2026-09-29T20:11:50.324947+00:00,tennis_wta_china_open,167387816ebcf2e890f7e946c8136043,Maddison Inglis,Zeynep Sonmez,betfair_ex_uk,h2h,2.96,1.49,2026-09-29T20:11:31+00:00
2026-09-29T20:11:50.324947+00:00,tennis_wta_china_open,167387816ebcf2e890f7e946c8136043,Maddison Inglis,Zeynep Sonmez,betano_uk,h2h,2.62,1.44,2026-09-29T20:11:42+00:00
2026-09-29T20:11:50.324947+00:00,tennis_wta_china_open,167387816ebcf2e890f7e946c8136043,Maddison Inglis,Zeynep Sonmez,betvictor,h2h,2.62,1.44,2026-09-29T20:08:02+00:00
2026-09-29T20:11:50.324947+00:00,tennis_wta_china_open,167387816ebcf2e890f7e946c8136043,Maddison Inglis,Zeynep Sonmez,betway,h2h,2.75,1.45,2026-09-29T20:11:14+00:00
2026-09-29T20:11:50.324947+00:00,tennis_wta_china_open,167387816ebcf2e890f7e946c8136043,Maddison Inglis,Zeynep Sonmez,boylesports,h2h,2.75,1.44,2026-09-29T20:11:14+00:00
2026-09-29T20:11:50.324947+00:00,tennis_wta_china_open,167387816ebcf2e890f7e946c8136043,Maddison Inglis,Zeynep Sonmez,casumo,h2h,2.85,1.43,2026-09-29T20:11:14+00:00
2026-09-29T20:11:50.324947+00:00,tennis_wta_china_open,167387816ebcf2e890f7e946c8136043,Maddison Inglis,Zeynep Sonmez,coral,h2h,2.62,1.44,2026-09-29T20:10:56+00:00
2026-09-29T20:11:50.324947+00:00,tennis_wta_china_open,167387816ebcf2e890f7e946c8136043,Maddison Inglis,Zeynep Sonmez,grosvenor,h2h,2.85,1.43,2026-09-29T20:11:15+00:00
2026-09-29T20:11:50.324947+00:00,tennis_wta_china_open,167387816ebcf2e890f7e946c8136043,Maddison Inglis,Zeynep Sonmez,ladbrokes_uk,h2h,2.62,1.44,2026-09-29T20:11:15+00:00
2026-09-29T20:11:50.324947+00:00,tennis_wta_china_open,167387816ebcf2e890f7e946c8136043,Maddison Inglis,Zeynep Sonmez,leovegas,h2h,2.7,1.45,2026-09-29T20:11:14+00:00
2026-09-29T20:11:50.324947+00:00,tennis_wta_china_open,167387816ebcf2e890f7e946c8136043,Maddison Inglis,Zeynep Sonmez,livescorebet,h2h,2.85,1.43,2026-09-29T20:11:13+00:00
2026-09-29T20:11:50.324947+00:00,tennis_wta_china_open,167387816ebcf2e890f7e946c8136043,Maddison Inglis,Zeynep Sonmez,matchbook,h2h,2.96,1.49,2026-09-29T20:11:46+00:00
2026-09-29T20:11:50.324947+00:00,tennis_wta_china_open,167387816ebcf2e890f7e946c8136043,Maddison Inglis,Zeynep Sonmez,paddypower,h2h,2.8,1.44,2026-09-29T20:10:04+00:00
2026-09-29T20:11:50.324947+00:00,tennis_wta_china_open,167387816ebcf2e890f7e946c8136043,Maddison Inglis,Zeynep Sonmez,skybet,h2h,2.75,1.44,2026-09-29T20:11:13+00:00
2026-09-29T20:11:50.324947+00:00,tennis_wta_china_open,167387816ebcf2e890f7e946c8136043,Maddison Inglis,Zeynep Sonmez,smarkets,h2h,2.9,1.48,2026-09-29T20:11:47+00:00
2026-09-29T20:11:50.324947+00:00,tennis_wta_china_open,167387816ebcf2e890f7e946c8136043,Maddison Inglis,Zeynep Sonmez,sport888,h2h,2.75,1.44,2026-09-29T20:10:55+00:00
2026-09-29T20:11:50.324947+00:00,tennis_wta_china_open,167387816ebcf2e890f7e946c8136043,Maddison Inglis,Zeynep Sonmez,unibet_uk,h2h,2.7,1.45,2026-09-29T20:11:47+00:00
2026-09-29T20:11:50.324947+00:00,tennis_wta_china_open,167387816ebcf2e890f7e946c8136043,Maddison Inglis,Zeynep Sonmez,virginbet,h2h,2.85,1.43,2026-09-29T20:10:55+00:00
2026-09-29T20:11:50.324947+00:00,tennis_wta_china_open,167387816ebcf2e890f7e946c8136043,Maddison Inglis,Zeynep Sonmez,williamhill,h2h,2.75,1.44,2026-09-29T20:10:58+00:00
2026-09-29T20:11:50.324947+00:00,tennis_wta_china_open,34351b07c4a28db399a1fe7fc17686d8,Mai Hontama,Katie Boulter,betfair_ex_uk,h2h,3.15,1.45,2026-09-29T20:11:31+00:00
2026-09-29T20:11:50.324947+00:00,tennis_wta_china_open,34351b07c4a28db399a1fe7fc17686d8,Mai Hontama,Katie Boulter,betano_uk,h2h,2.75,1.4,2026-09-29T20:11:42+00:00
2026-09-29T20:11:50.324947+00:00,tennis_wta_china_open,34351b07c4a28db399a1fe7fc17686d8,Mai Hontama,Katie Boulter,betvictor,h2h,2.75,1.4,2026-09-29T20:08:02+00:00
2026-09-29T20:11:50.324947+00:00,tennis_wta_china_open,34351b07c4a28db399a1fe7fc17686d8,Mai Hontama,Katie Boulter,betway,h2h,3.0,1.38,2026-09-29T20:11:14+00:00
2026-09-29T20:11:50.324947+00:00,tennis_wta_china_open,34351b07c4a28db399a1fe7fc17686d8,Mai Hontama,Katie Boulter,boylesports,h2h,3.0,1.4,2026-09-29T20:11:14+00:00
2026-09-29T20:11:50.324947+00:00,tennis_wta_china_open,34351b07c4a28db399a1fe7fc17686d8,Mai Hontama,Katie Boulter,casumo,h2h,2.85,1.42,2026-09-29T20:11:14+00:00
2026-09-29T20:11:50.324947+00:00,tennis_wta_china_open,34351b07c4a28db399a1fe7fc17686d8,Mai Hontama,Katie Boulter,coral,h2h,2.87,1.4,2026-09-29T20:10:56+00:00
2026-09-29T20:11:50.324947+00:00,tennis_wta_china_open,34351b07c4a28db399a1fe7fc17686d8,Mai Hontama,Katie Boulter,grosvenor,h2h,2.85,1.42,2026-09-29T20:11:15+00:00
2026-09-29T20:11:50.324947+00:00,tennis_wta_china_open,34351b07c4a28db399a1fe7fc17686d8,Mai Hontama,Katie Boulter,ladbrokes_uk,h2h,2.87,1.4,2026-09-29T20:11:15+00:00
2026-09-29T20:11:50.324947+00:00,tennis_wta_china_open,34351b07c4a28db399a1fe7fc17686d8,Mai Hontama,Katie Boulter,leovegas,h2h,2.9,1.4,2026-09-29T20:11:14+00:00
2026-09-29T20:11:50.324947+00:00,tennis_wta_china_open,34351b07c4a28db399a1fe7fc17686d8,Mai Hontama,Katie Boulter,livescorebet,h2h,2.85,1.42,2026-09-29T20:11:13+00:00
2026-09-29T20:11:50.324947+00:00,tennis_wta_china_open,34351b07c4a28db399a1fe7fc17686d8,Mai Hontama,Katie Boulter,matchbook,h2h,3.15,1.44,2026-09-29T20:11:46+00:00
2026-09-29T20:11:50.324947+00:00,tennis_wta_china_open,34351b07c4a28db399a1fe7fc17686d8,Mai Hontama,Katie Boulter,paddypower,h2h,3.0,1.36,2026-09-29T20:10:04+00:00
2026-09-29T20:11:50.324947+00:00,tennis_wta_china_open,34351b07c4a28db399a1fe7fc17686d8,Mai Hontama,Katie Boulter,skybet,h2h,3.0,1.36,2026-09-29T20:11:13+00:00
2026-09-29T20:11:50.324947+00:00,tennis_wta_china_open,34351b07c4a28db399a1fe7fc17686d8,Mai Hontama,Katie Boulter,smarkets,h2h,3.05,1.42,2026-09-29T20:11:47+00:00
2026-09-29T20:11:50.324947+00:00,tennis_wta_china_open,34351b07c4a28db399a1fe7fc17686d8,Mai Hontama,Katie Boulter,sport888,h2h,2.9,1.4,2026-09-29T20:10:55+00:00
2026-09-29T20:11:50.324947+00:00,tennis_wta_china_open,34351b07c4a28db399a1fe7fc17686d8,Mai Hontama,Katie Boulter,unibet_uk,h2h,2.9,1.4,2026-09-29T20:11:48+00:00
2026-09-29T20:11:50.324947+00:00,tennis_wta_china_open,34351b07c4a28db399a1fe7fc17686d8,Mai Hontama,Katie Boulter,virginbet,h2h,2.85,1.42,2026-09-29T20:10:55+00:00
2026-09-29T20:11:50.324947+00:00,tennis_wta_china_open,34351b07c4a28db399a1fe7fc17686d8,Mai Hontama,Katie Boulter,williamhill,h2h,2.9,1.4,2026-09-29T20:10:58+00:00
2026-09-29T20:11:50.324947+00:00,tennis_wta_china_open,0a5724597a812c45faf15e4bb13f4f0e,Taylah Preston,Tamara Korpatsch,betfair_ex_uk,h2h,1.48,3.0,2026-09-29T20:11:31+00:00
2026-09-29T20:11:50.324947+00:00,tennis_wta_china_open,0a5724597a812c45faf15e4bb13f4f0e,Taylah Preston,Tamara Korpatsch,betano_uk,h2h,1.44,2.62,2026-09-29T20:11:42+00:00
2026-09-29T20:11:50.324947+00:00,tennis_wta_china_open,0a5724597a812c45faf15e4bb13f4f0e,Taylah Preston,Tamara Korpatsch,betvictor,h2h,1.44,2.62,2026-09-29T20:08:02+00:00
2026-09-29T20:11:50.324947+00:00,tennis_wta_china_open,0a5724597a812c45faf15e4bb13f4f0e,Taylah Preston,Tamara Korpatsch,betway,h2h,1.44,2.75,2026-09-29T20:11:14+00:00
2026-09-29T20:11:50.324947+00:00,tennis_wta_china_open,0a5724597a812c45faf15e4bb13f4f0e,Taylah Preston,Tamara Korpatsch,boylesports,h2h,1.44,2.75,2026-09-29T20:11:14+00:00
2026-09-29T20:11:50.324947+00:00,tennis_wta_china_open,0a5724597a812c45faf15e4bb13f4f0e,Taylah Preston,Tamara Korpatsch,casumo,h2h,1.43,2.8,2026-09-29T20:11:14+00:00
2026-09-29T20:11:50.324947+00:00,tennis_wta_china_open,0a5724597a812c45faf15e4bb13f4f0e,Taylah Preston,Tamara Korpatsch,coral,h2h,1.4,2.75,2026-09-29T20:10:55+00:00
2026-09-29T20:11:50.324947+00:00,tennis_wta_china_open,0a5724597a812c45faf15e4bb13f4f0e,Taylah Preston,Tamara Korpatsch,grosvenor,h2h,1.43,2.8,2026-09-29T20:11:15+00:00
2026-09-29T20:11:50.324947+00:00,tennis_wta_china_open,0a5724597a812c45faf15e4bb13f4f0e,Taylah Preston,Tamara Korpatsch,ladbrokes_uk,h2h,1.4,2.75,2026-09-29T20:11:15+00:00
2026-09-29T20:11:50.324947+00:00,tennis_wta_china_open,0a5724597a812c45faf15e4bb13f4f0e,Taylah Preston,Tamara Korpatsch,leovegas,h2h,1.42,2.65,2026-09-29T20:11:14+00:00
2026-09-29T20:11:50.324947+00:00,tennis_wta_china_open,0a5724597a812c45faf15e4bb13f4f0e,Taylah Preston,Tamara Korpatsch,livescorebet,h2h,1.44,2.8,2026-09-29T20:11:13+00:00
2026-09-29T20:11:50.324947+00:00,tennis_wta_china_open,0a5724597a812c45faf15e4bb13f4f0e,Taylah Preston,Tamara Korpatsch,matchbook,h2h,1.48,2.96,2026-09-29T20:11:46+00:00
2026-09-29T20:11:50.324947+00:00,tennis_wta_china_open,0a5724597a812c45faf15e4bb13f4f0e,Taylah Preston,Tamara Korpatsch,paddypower,h2h,1.44,2.75,2026-09-29T20:10:04+00:00
2026-09-29T20:11:50.324947+00:00,tennis_wta_china_open,0a5724597a812c45faf15e4bb13f4f0e,Taylah Preston,Tamara Korpatsch,skybet,h2h,1.44,2.75,2026-09-29T20:11:13+00:00
2026-09-29T20:11:50.324947+00:00,tennis_wta_china_open,0a5724597a812c45faf15e4bb13f4f0e,Taylah Preston,Tamara Korpatsch,smarkets,h2h,1.47,2.94,2026-09-29T20:11:47+00:00
2026-09-29T20:11:50.324947+00:00,tennis_wta_china_open,0a5724597a812c45faf15e4bb13f4f0e,Taylah Preston,Tamara Korpatsch,sport888,h2h,1.44,2.75,2026-09-29T20:10:55+00:00
2026-09-29T20:11:50.324947+00:00,tennis_wta_china_open,0a5724597a812c45faf15e4bb13f4f0e,Taylah Preston,Tamara Korpatsch,unibet_uk,h2h,1.44,2.7,2026-09-29T20:11:48+00:00
2026-09-29T20:11:50.324947+00:00,tennis_wta_china_open,0a5724597a812c45faf15e4bb13f4f0e,Taylah Preston,Tamara Korpatsch,virginbet,h2h,1.44,2.8,2026-09-29T20:10:55+00:00
2026-09-29T20:11:50.324947+00:00,tennis_wta_china_open,0a5724597a812c45faf15e4bb13f4f0e,Taylah Preston,Tamara Korpatsch,williamhill,h2h,1.44,2.75,2026-09-29T20:10:58+00:00
2026-09-29T20:11:50.324947+00:00,tennis_wta_china_open,bbf4905139196211ba48e7371d25ae32,Elsa Jacquemot,Magdalena Frech,betfair_ex_uk,h2h,3.1,1.45,2026-09-29T20:11:31+00:00
2026-09-29T20:11:50.324947+00:00,tennis_wta_china_open,bbf4905139196211ba48e7371d25ae32,Elsa Jacquemot,Magdalena Frech,betano_uk,h2h,2.75,1.4,2026-09-29T20:11:42+00:00
2026-09-29T20:11:50.324947+00:00,tennis_wta_china_open,bbf4905139196211ba48e7371d25ae32,Elsa Jacquemot,Magdalena Frech,betvictor,h2h,2.75,1.4,2026-09-29T20:08:02+00:00
2026-09-29T20:11:50.324947+00:00,tennis_wta_china_open,bbf4905139196211ba48e7371d25ae32,Elsa Jacquemot,Magdalena Frech,betway,h2h,3.0,1.38,2026-09-29T20:11:14+00:00
2026-09-29T20:11:50.324947+00:00,tennis_wta_china_open,bbf4905139196211ba48e7371d25ae32,Elsa Jacquemot,Magdalena Frech,boylesports,h2h,3.0,1.4,2026-09-29T20:11:14+00:00
2026-09-29T20:11:50.324947+00:00,tennis_wta_china_open,bbf4905139196211ba48e7371d25ae32,Elsa Jacquemot,Magdalena Frech,casumo,h2h,2.85,1.42,2026-09-29T20:11:14+00:00
2026-09-29T20:11:50.324947+00:00,tennis_wta_china_open,bbf4905139196211ba48e7371d25ae32,Elsa Jacquemot,Magdalena Frech,coral,h2h,2.87,1.4,2026-09-29T20:10:56+00:00
2026-09-29T20:11:50.324947+00:00,tennis_wta_china_open,bbf4905139196211ba48e7371d25ae32,Elsa Jacquemot,Magdalena Frech,grosvenor,h2h,2.85,1.42,2026-09-29T20:11:15+00:00
2026-09-29T20:11:50.324947+00:00,tennis_wta_china_open,bbf4905139196211ba48e7371d25ae32,Elsa Jacquemot,Magdalena Frech,ladbrokes_uk,h2h,2.87,1.4,2026-09-29T20:11:15+00:00
2026-09-29T20:11:50.324947+00:00,tennis_wta_china_open,bbf4905139196211ba48e7371d25ae32,Elsa Jacquemot,Magdalena Frech,leovegas,h2h,2.85,1.38,2026-09-29T20:11:14+00:00
2026-09-29T20:11:50.324947+00:00,tennis_wta_china_open,bbf4905139196211ba48e7371d25ae32,Elsa Jacquemot,Magdalena Frech,livescorebet,h2h,2.85,1.42,2026-09-29T20:11:13+00:00
2026-09-29T20:11:50.324947+00:00,tennis_wta_china_open,bbf4905139196211ba48e7371d25ae32,Elsa Jacquemot,Magdalena Frech,matchbook,h2h,3.1,1.45,2026-09-29T20:11:46+00:00
2026-09-29T20:11:50.324947+00:00,tennis_wta_china_open,bbf4905139196211ba48e7371d25ae32,Elsa Jacquemot,Magdalena Frech,paddypower,h2h,3.0,1.36,2026-09-29T20:10:04+00:00
2026-09-29T20:11:50.324947+00:00,tennis_wta_china_open,bbf4905139196211ba48e7371d25ae32,Elsa Jacquemot,Magdalena Frech,skybet,h2h,3.0,1.36,2026-09-29T20:11:13+00:00
2026-09-29T20:11:50.324947+00:00,tennis_wta_china_open,bbf4905139196211ba48e7371d25ae32,Elsa Jacquemot,Magdalena Frech,smarkets,h2h,3.05,1.43,2026-09-29T20:11:47+00:00
2026-09-29T20:11:50.324947+00:00,tennis_wta_china_open,bbf4905139196211ba48e7371d25ae32,Elsa Jacquemot,Magdalena Frech,unibet_uk,h2h,2.95,1.4,2026-09-29T20:11:48+00:00
2026-09-29T20:11:50.324947+00:00,tennis_wta_china_open,bbf4905139196211ba48e7371d25ae32,Elsa Jacquemot,Magdalena Frech,virginbet,h2h,2.85,1.42,2026-09-29T20:10:55+00:00
2026-09-29T20:11:50.324947+00:00,tennis_wta_china_open,8a371753095dc91ecfc727a9bf51b90c,Anna Bondár,Renata Zarazua,betfair_ex_uk,h2h,1.45,3.15,2026-09-29T20:11:31+00:00
2026-09-29T20:11:50.324947+00:00,tennis_wta_china_open,8a371753095dc91ecfc727a9bf51b90c,Anna Bondár,Renata Zarazua,betano_uk,h2h,1.4,2.75,2026-09-29T20:11:42+00:00
2026-09-29T20:11:50.324947+00:00,tennis_wta_china_open,8a371753095dc91ecfc727a9bf51b90c,Anna Bondár,Renata Zarazua,betvictor,h2h,1.4,2.75,2026-09-29T20:08:02+00:00
2026-09-29T20:11:50.324947+00:00,tennis_wta_china_open,8a371753095dc91ecfc727a9bf51b90c,Anna Bondár,Renata Zarazua,betway,h2h,1.44,2.75,2026-09-29T20:11:14+00:00
2026-09-29T20:11:50.324947+00:00,tennis_wta_china_open,8a371753095dc91ecfc727a9bf51b90c,Anna Bondár,Renata Zarazua,boylesports,h2h,1.44,2.88,2026-09-29T20:11:14+00:00
2026-09-29T20:11:50.324947+00:00,tennis_wta_china_open,8a371753095dc91ecfc727a9bf51b90c,Anna Bondár,Renata Zarazua,casumo,h2h,1.43,2.8,2026-09-29T20:11:14+00:00
2026-09-29T20:11:50.324947+00:00,tennis_wta_china_open,8a371753095dc91ecfc727a9bf51b90c,Anna Bondár,Renata Zarazua,coral,h2h,1.4,2.87,2026-09-29T20:10:56+00:00
2026-09-29T20:11:50.324947+00:00,tennis_wta_china_open,8a371753095dc91ecfc727a9bf51b90c,Anna Bondár,Renata Zarazua,grosvenor,h2h,1.43,2.8,2026-09-29T20:11:15+00:00
2026-09-29T20:11:50.324947+00:00,tennis_wta_china_open,8a371753095dc91ecfc727a9bf51b90c,Anna Bondár,Renata Zarazua,ladbrokes_uk,h2h,1.4,2.87,2026-09-29T20:11:15+00:00
2026-09-29T20:11:50.324947+00:00,tennis_wta_china_open,8a371753095dc91ecfc727a9bf51b90c,Anna Bondár,Renata Zarazua,leovegas,h2h,1.38,2.8,2026-09-29T20:11:14+00:00
2026-09-29T20:11:50.324947+00:00,tennis_wta_china_open,8a371753095dc91ecfc727a9bf51b90c,Anna Bondár,Renata Zarazua,livescorebet,h2h,1.44,2.8,2026-09-29T20:11:13+00:00
2026-09-29T20:11:50.324947+00:00,tennis_wta_china_open,8a371753095dc91ecfc727a9bf51b90c,Anna Bondár,Renata Zarazua,matchbook,h2h,1.45,3.15,2026-09-29T20:11:46+00:00
2026-09-29T20:11:50.324947+00:00,tennis_wta_china_open,8a371753095dc91ecfc727a9bf51b90c,Anna Bondár,Renata Zarazua,paddypower,h2h,1.36,3.1,2026-09-29T20:10:04+00:00
2026-09-29T20:11:50.324947+00:00,tennis_wta_china_open,8a371753095dc91ecfc727a9bf51b90c,Anna Bondár,Renata Zarazua,skybet,h2h,1.36,3.0,2026-09-29T20:11:13+00:00
2026-09-29T20:11:50.324947+00:00,tennis_wta_china_open,8a371753095dc91ecfc727a9bf51b90c,Anna Bondár,Renata Zarazua,smarkets,h2h,1.43,3.15,2026-09-29T20:11:47+00:00
2026-09-29T20:11:50.324947+00:00,tennis_wta_china_open,8a371753095dc91ecfc727a9bf51b90c,Anna Bondár,Renata Zarazua,sport888,h2h,1.4,2.9,2026-09-29T20:10:55+00:00
2026-09-29T20:11:50.324947+00:00,tennis_wta_china_open,8a371753095dc91ecfc727a9bf51b90c,Anna Bondár,Renata Zarazua,unibet_uk,h2h,1.42,2.8,2026-09-29T20:11:48+00:00
2026-09-29T20:11:50.324947+00:00,tennis_wta_china_open,8a371753095dc91ecfc727a9bf51b90c,Anna Bondár,Renata Zarazua,virginbet,h2h,1.44,2.8,2026-09-29T20:10:55+00:00
2026-09-29T20:11:50.324947+00:00,tennis_wta_china_open,8a371753095dc91ecfc727a9bf51b90c,Anna Bondár,Renata Zarazua,williamhill,h2h,1.4,2.9,2026-09-29T20:10:58+00:00
2026-09-29T20:11:50.324947+00:00,tennis_wta_china_open,08940f5da7dc81ecbf2ab4828f6a4c0c,Yuliia Starodubtseva,Alina Charaeva,betfair_ex_uk,h2h,1.69,2.34,2026-09-29T20:11:31+00:00
2026-09-29T20:11:50.324947+00:00,tennis_wta_china_open,08940f5da7dc81ecbf2ab4828f6a4c0c,Yuliia Starodubtseva,Alina Charaeva,betano_uk,h2h,1.53,2.38,2026-09-29T20:11:42+00:00
2026-09-29T20:11:50.324947+00:00,tennis_wta_china_open,08940f5da7dc81ecbf2ab4828f6a4c0c,Yuliia Starodubtseva,Alina Charaeva,betvictor,h2h,1.53,2.38,2026-09-29T20:08:02+00:00
2026-09-29T20:11:50.324947+00:00,tennis_wta_china_open,08940f5da7dc81ecbf2ab4828f6a4c0c,Yuliia Starodubtseva,Alina Charaeva,betway,h2h,1.65,2.25,2026-09-29T20:11:14+00:00
2026-09-29T20:11:50.324947+00:00,tennis_wta_china_open,08940f5da7dc81ecbf2ab4828f6a4c0c,Yuliia Starodubtseva,Alina Charaeva,boylesports,h2h,1.57,2.38,2026-09-29T20:11:14+00:00
2026-09-29T20:11:50.324947+00:00,tennis_wta_china_open,08940f5da7dc81ecbf2ab4828f6a4c0c,Yuliia Starodubtseva,Alina Charaeva,casumo,h2h,1.57,2.38,2026-09-29T20:11:14+00:00
2026-09-29T20:11:50.324947+00:00,tennis_wta_china_open,08940f5da7dc81ecbf2ab4828f6a4c0c,Yuliia Starodubtseva,Alina Charaeva,coral,h2h,1.6,2.2,2026-09-29T20:10:56+00:00
2026-09-29T20:11:50.324947+00:00,tennis_wta_china_open,08940f5da7dc81ecbf2ab4828f6a4c0c,Yuliia Starodubtseva,Alina Charaeva,grosvenor,h2h,1.57,2.38,2026-09-29T20:11:15+00:00
2026-09-29T20:11:50.324947+00:00,tennis_wta_china_open,08940f5da7dc81ecbf2ab4828f6a4c0c,Yuliia Starodubtseva,Alina Charaeva,ladbrokes_uk,h2h,1.6,2.2,2026-09-29T20:11:15+00:00
2026-09-29T20:11:50.324947+00:00,tennis_wta_china_open,08940f5da7dc81ecbf2ab4828f6a4c0c,Yuliia Starodubtseva,Alina Charaeva,leovegas,h2h,1.6,2.2,2026-09-29T20:11:14+00:00
2026-09-29T20:11:50.324947+00:00,tennis_wta_china_open,08940f5da7dc81ecbf2ab4828f6a4c0c,Yuliia Starodubtseva,Alina Charaeva,livescorebet,h2h,1.58,2.38,2026-09-29T20:11:13+00:00
2026-09-29T20:11:50.324947+00:00,tennis_wta_china_open,08940f5da7dc81ecbf2ab4828f6a4c0c,Yuliia Starodubtseva,Alina Charaeva,matchbook,h2h,1.69,2.3,2026-09-29T20:11:46+00:00
2026-09-29T20:11:50.324947+00:00,tennis_wta_china_open,08940f5da7dc81ecbf2ab4828f6a4c0c,Yuliia Starodubtseva,Alina Charaeva,paddypower,h2h,1.62,2.3,2026-09-29T20:10:04+00:00
2026-09-29T20:11:50.324947+00:00,tennis_wta_china_open,08940f5da7dc81ecbf2ab4828f6a4c0c,Yuliia Starodubtseva,Alina Charaeva,skybet,h2h,1.62,2.25,2026-09-29T20:11:13+00:00
2026-09-29T20:11:50.324947+00:00,tennis_wta_china_open,08940f5da7dc81ecbf2ab4828f6a4c0c,Yuliia Starodubtseva,Alina Charaeva,smarkets,h2h,1.61,2.16,2026-09-29T20:11:47+00:00
2026-09-29T20:11:50.324947+00:00,tennis_wta_china_open,08940f5da7dc81ecbf2ab4828f6a4c0c,Yuliia Starodubtseva,Alina Charaeva,sport888,h2h,1.67,2.2,2026-09-29T20:10:55+00:00
2026-09-29T20:11:50.324947+00:00,tennis_wta_china_open,08940f5da7dc81ecbf2ab4828f6a4c0c,Yuliia Starodubtseva,Alina Charaeva,unibet_uk,h2h,1.6,2.25,2026-09-29T20:11:48+00:00
2026-09-29T20:11:50.324947+00:00,tennis_wta_china_open,08940f5da7dc81ecbf2ab4828f6a4c0c,Yuliia Starodubtseva,Alina Charaeva,virginbet,h2h,1.58,2.38,2026-09-29T20:10:55+00:00
2026-09-29T20:11:50.324947+00:00,tennis_wta_china_open,cdd2c64d6e5bb4cbd7521e202aff68d7,Alycia Parks,Lin Zhu,betfair_ex_uk,h2h,1.96,2.0,2026-09-29T20:11:31+00:00
2026-09-29T20:11:50.324947+00:00,tennis_wta_china_open,cdd2c64d6e5bb4cbd7521e202aff68d7,Alycia Parks,Lin Zhu,betano_uk,h2h,1.83,1.87,2026-09-29T20:11:42+00:00
2026-09-29T20:11:50.324947+00:00,tennis_wta_china_open,cdd2c64d6e5bb4cbd7521e202aff68d7,Alycia Parks,Lin Zhu,betvictor,h2h,1.83,1.87,2026-09-29T20:08:02+00:00
2026-09-29T20:11:50.324947+00:00,tennis_wta_china_open,cdd2c64d6e5bb4cbd7521e202aff68d7,Alycia Parks,Lin Zhu,betway,h2h,1.95,1.85,2026-09-29T20:11:14+00:00
2026-09-29T20:11:50.324947+00:00,tennis_wta_china_open,cdd2c64d6e5bb4cbd7521e202aff68d7,Alycia Parks,Lin Zhu,boylesports,h2h,1.91,1.91,2026-09-29T20:11:14+00:00
2026-09-29T20:11:50.324947+00:00,tennis_wta_china_open,cdd2c64d6e5bb4cbd7521e202aff68d7,Alycia Parks,Lin Zhu,casumo,h2h,1.85,1.94,2026-09-29T20:11:14+00:00
2026-09-29T20:11:50.324947+00:00,tennis_wta_china_open,cdd2c64d6e5bb4cbd7521e202aff68d7,Alycia Parks,Lin Zhu,coral,h2h,1.83,1.91,2026-09-29T20:10:56+00:00
2026-09-29T20:11:50.324947+00:00,tennis_wta_china_open,cdd2c64d6e5bb4cbd7521e202aff68d7,Alycia Parks,Lin Zhu,grosvenor,h2h,1.85,1.94,2026-09-29T20:11:15+00:00
2026-09-29T20:11:50.324947+00:00,tennis_wta_china_open,cdd2c64d6e5bb4cbd7521e202aff68d7,Alycia Parks,Lin Zhu,ladbrokes_uk,h2h,1.83,1.91,2026-09-29T20:11:15+00:00
2026-09-29T20:11:50.324947+00:00,tennis_wta_china_open,cdd2c64d6e5bb4cbd7521e202aff68d7,Alycia Parks,Lin Zhu,leovegas,h2h,1.83,1.88,2026-09-29T20:11:14+00:00
2026-09-29T20:11:50.324947+00:00,tennis_wta_china_open,cdd2c64d6e5bb4cbd7521e202aff68d7,Alycia Parks,Lin Zhu,livescorebet,h2h,1.85,1.95,2026-09-29T20:11:13+00:00
2026-09-29T20:11:50.324947+00:00,tennis_wta_china_open,cdd2c64d6e5bb4cbd7521e202aff68d7,Alycia Parks,Lin Zhu,matchbook,h2h,1.96,1.94,2026-09-29T20:11:46+00:00
2026-09-29T20:11:50.324947+00:00,tennis_wta_china_open,cdd2c64d6e5bb4cbd7521e202aff68d7,Alycia Parks,Lin Zhu,paddypower,h2h,1.83,1.91,2026-09-29T20:10:04+00:00
2026-09-29T20:11:50.324947+00:00,tennis_wta_china_open,cdd2c64d6e5bb4cbd7521e202aff68d7,Alycia Parks,Lin Zhu,skybet,h2h,1.83,1.91,2026-09-29T20:11:13+00:00
2026-09-29T20:11:50.324947+00:00,tennis_wta_china_open,cdd2c64d6e5bb4cbd7521e202aff68d7,Alycia Parks,Lin Zhu,smarkets,h2h,1.81,1.85,2026-09-29T20:11:47+00:00
2026-09-29T20:11:50.324947+00:00,tennis_wta_china_open,cdd2c64d6e5bb4cbd7521e202aff68d7,Alycia Parks,Lin Zhu,sport888,h2h,1.91,1.91,2026-09-29T20:10:55+00:00
2026-09-29T20:11:50.324947+00:00,tennis_wta_china_open,cdd2c64d6e5bb4cbd7521e202aff68d7,Alycia Parks,Lin Zhu,unibet_uk,h2h,1.81,1.92,2026-09-29T20:11:48+00:00
2026-09-29T20:11:50.324947+00:00,tennis_wta_china_open,cdd2c64d6e5bb4cbd7521e202aff68d7,Alycia Parks,Lin Zhu,virginbet,h2h,1.85,1.95,2026-09-29T20:10:55+00:00
2026-09-29T20:11:50.324947+00:00,tennis_wta_china_open,cdd2c64d6e5bb4cbd7521e202aff68d7,Alycia Parks,Lin Zhu,williamhill,h2h,1.91,1.91,2026-09-29T20:10:58+00:00
2026-09-29T20:11:50.324947+00:00,tennis_wta_china_open,c61cca87a103a35f8e1889747b27f171,Aoi Ito,Kimberly Birrell,betfair_ex_uk,h2h,3.7,1.33,2026-09-29T20:11:31+00:00
2026-09-29T20:11:50.324947+00:00,tennis_wta_china_open,c61cca87a103a35f8e1889747b27f171,Aoi Ito,Kimberly Birrell,betano_uk,h2h,3.25,1.29,2026-09-29T20:11:42+00:00
2026-09-29T20:11:50.324947+00:00,tennis_wta_china_open,c61cca87a103a35f8e1889747b27f171,Aoi Ito,Kimberly Birrell,betvictor,h2h,3.25,1.29,2026-09-29T20:08:03+00:00
2026-09-29T20:11:50.324947+00:00,tennis_wta_china_open,c61cca87a103a35f8e1889747b27f171,Aoi Ito,Kimberly Birrell,betway,h2h,3.5,1.3,2026-09-29T20:11:14+00:00
2026-09-29T20:11:50.324947+00:00,tennis_wta_china_open,c61cca87a103a35f8e1889747b27f171,Aoi Ito,Kimberly Birrell,boylesports,h2h,3.6,1.3,2026-09-29T20:11:14+00:00
2026-09-29T20:11:50.324947+00:00,tennis_wta_china_open,c61cca87a103a35f8e1889747b27f171,Aoi Ito,Kimberly Birrell,casumo,h2h,3.35,1.33,2026-09-29T20:11:14+00:00
2026-09-29T20:11:50.324947+00:00,tennis_wta_china_open,c61cca87a103a35f8e1889747b27f171,Aoi Ito,Kimberly Birrell,coral,h2h,3.5,1.28,2026-09-29T20:10:56+00:00
2026-09-29T20:11:50.324947+00:00,tennis_wta_china_open,c61cca87a103a35f8e1889747b27f171,Aoi Ito,Kimberly Birrell,grosvenor,h2h,3.35,1.33,2026-09-29T20:11:15+00:00
2026-09-29T20:11:50.324947+00:00,tennis_wta_china_open,c61cca87a103a35f8e1889747b27f171,Aoi Ito,Kimberly Birrell,ladbrokes_uk,h2h,3.5,1.28,2026-09-29T20:11:15+00:00
2026-09-29T20:11:50.324947+00:00,tennis_wta_china_open,c61cca87a103a35f8e1889747b27f171,Aoi Ito,Kimberly Birrell,leovegas,h2h,3.35,1.28,2026-09-29T20:11:14+00:00
2026-09-29T20:11:50.324947+00:00,tennis_wta_china_open,c61cca87a103a35f8e1889747b27f171,Aoi Ito,Kimberly Birrell,livescorebet,h2h,3.35,1.33,2026-09-29T20:11:13+00:00
2026-09-29T20:11:50.324947+00:00,tennis_wta_china_open,c61cca87a103a35f8e1889747b27f171,Aoi Ito,Kimberly Birrell,matchbook,h2h,3.7,1.33,2026-09-29T20:11:46+00:00
2026-09-29T20:11:50.324947+00:00,tennis_wta_china_open,c61cca87a103a35f8e1889747b27f171,Aoi Ito,Kimberly Birrell,paddypower,h2h,3.6,1.25,2026-09-29T20:10:04+00:00
2026-09-29T20:11:50.324947+00:00,tennis_wta_china_open,c61cca87a103a35f8e1889747b27f171,Aoi Ito,Kimberly Birrell,skybet,h2h,3.75,1.25,2026-09-29T20:11:13+00:00
2026-09-29T20:11:50.324947+00:00,tennis_wta_china_open,c61cca87a103a35f8e1889747b27f171,Aoi Ito,Kimberly Birrell,smarkets,h2h,3.3,1.3,2026-09-29T20:11:47+00:00
2026-09-29T20:11:50.324947+00:00,tennis_wta_china_open,c61cca87a103a35f8e1889747b27f171,Aoi Ito,Kimberly Birrell,sport888,h2h,3.5,1.3,2026-09-29T20:10:55+00:00
2026-09-29T20:11:50.324947+00:00,tennis_wta_china_open,c61cca87a103a35f8e1889747b27f171,Aoi Ito,Kimberly Birrell,unibet_uk,h2h,3.45,1.28,2026-09-29T20:11:48+00:00
2026-09-29T20:11:50.324947+00:00,tennis_wta_china_open,c61cca87a103a35f8e1889747b27f171,Aoi Ito,Kimberly Birrell,virginbet,h2h,3.35,1.33,2026-09-29T20:10:55+00:00
2026-09-29T20:11:50.324947+00:00,tennis_wta_china_open,c61cca87a103a35f8e1889747b27f171,Aoi Ito,Kimberly Birrell,williamhill,h2h,3.5,1.3,2026-09-29T20:10:58+00:00
2026-09-29T20:11:50.324947+00:00,tennis_wta_china_open,53f873d1a51975238b8a55de03609702,Sofia Kenin,Ashlyn Krueger,betfair_ex_uk,h2h,2.48,1.64,2026-09-29T20:11:31+00:00
2026-09-29T20:11:50.324947+00:00,tennis_wta_china_open,53f873d1a51975238b8a55de03609702,Sofia Kenin,Ashlyn Krueger,betano_uk,h2h,2.2,1.6,2026-09-29T20:11:42+00:00
2026-09-29T20:11:50.324947+00:00,tennis_wta_china_open,53f873d1a51975238b8a55de03609702,Sofia Kenin,Ashlyn Krueger,betvictor,h2h,2.2,1.6,2026-09-29T20:08:02+00:00
2026-09-29T20:11:50.324947+00:00,tennis_wta_china_open,53f873d1a51975238b8a55de03609702,Sofia Kenin,Ashlyn Krueger,betway,h2h,2.3,1.6,2026-09-29T20:11:14+00:00
2026-09-29T20:11:50.324947+00:00,tennis_wta_china_open,53f873d1a51975238b8a55de03609702,Sofia Kenin,Ashlyn Krueger,boylesports,h2h,2.3,1.62,2026-09-29T20:11:14+00:00
2026-09-29T20:11:50.324947+00:00,tennis_wta_china_open,53f873d1a51975238b8a55de03609702,Sofia Kenin,Ashlyn Krueger,casumo,h2h,2.33,1.6,2026-09-29T20:11:14+00:00
2026-09-29T20:11:50.324947+00:00,tennis_wta_china_open,53f873d1a51975238b8a55de03609702,Sofia Kenin,Ashlyn Krueger,coral,h2h,2.2,1.6,2026-09-29T20:10:56+00:00
2026-09-29T20:11:50.324947+00:00,tennis_wta_china_open,53f873d1a51975238b8a55de03609702,Sofia Kenin,Ashlyn Krueger,grosvenor,h2h,2.33,1.6,2026-09-29T20:11:15+00:00
2026-09-29T20:11:50.324947+00:00,tennis_wta_china_open,53f873d1a51975238b8a55de03609702,Sofia Kenin,Ashlyn Krueger,ladbrokes_uk,h2h,2.2,1.6,2026-09-29T20:11:15+00:00
2026-09-29T20:11:50.324947+00:00,tennis_wta_china_open,53f873d1a51975238b8a55de03609702,Sofia Kenin,Ashlyn Krueger,leovegas,h2h,2.25,1.57,2026-09-29T20:11:14+00:00
2026-09-29T20:11:50.324947+00:00,tennis_wta_china_open,53f873d1a51975238b8a55de03609702,Sofia Kenin,Ashlyn Krueger,livescorebet,h2h,2.33,1.6,2026-09-29T20:11:13+00:00
2026-09-29T20:11:50.324947+00:00,tennis_wta_china_open,53f873d1a51975238b8a55de03609702,Sofia Kenin,Ashlyn Krueger,matchbook,h2h,2.4,1.62,2026-09-29T20:11:46+00:00
2026-09-29T20:11:50.324947+00:00,tennis_wta_china_open,53f873d1a51975238b8a55de03609702,Sofia Kenin,Ashlyn Krueger,paddypower,h2h,2.3,1.62,2026-09-29T20:10:04+00:00
2026-09-29T20:11:50.324947+00:00,tennis_wta_china_open,53f873d1a51975238b8a55de03609702,Sofia Kenin,Ashlyn Krueger,skybet,h2h,2.25,1.62,2026-09-29T20:11:13+00:00
2026-09-29T20:11:50.324947+00:00,tennis_wta_china_open,53f873d1a51975238b8a55de03609702,Sofia Kenin,Ashlyn Krueger,smarkets,h2h,2.32,1.55,2026-09-29T20:11:47+00:00
2026-09-29T20:11:50.324947+00:00,tennis_wta_china_open,53f873d1a51975238b8a55de03609702,Sofia Kenin,Ashlyn Krueger,sport888,h2h,2.2,1.67,2026-09-29T20:10:55+00:00
2026-09-29T20:11:50.324947+00:00,tennis_wta_china_open,53f873d1a51975238b8a55de03609702,Sofia Kenin,Ashlyn Krueger,unibet_uk,h2h,2.24,1.6,2026-09-29T20:11:48+00:00
2026-09-29T20:11:50.324947+00:00,tennis_wta_china_open,53f873d1a51975238b8a55de03609702,Sofia Kenin,Ashlyn Krueger,virginbet,h2h,2.33,1.6,2026-09-29T20:10:55+00:00
2026-09-29T20:11:50.324947+00:00,tennis_wta_china_open,a4aa67d29f120efed0e3f1eab2c7a88c,Paula Badosa,Daria Kasatkina,betfair_ex_uk,h2h,1.44,3.1,2026-09-29T20:11:31+00:00
2026-09-29T20:11:50.324947+00:00,tennis_wta_china_open,a4aa67d29f120efed0e3f1eab2c7a88c,Paula Badosa,Daria Kasatkina,betano_uk,h2h,1.4,2.75,2026-09-29T20:11:42+00:00
2026-09-29T20:11:50.324947+00:00,tennis_wta_china_open,a4aa67d29f120efed0e3f1eab2c7a88c,Paula Badosa,Daria Kasatkina,betvictor,h2h,1.4,2.75,2026-09-29T20:08:02+00:00
2026-09-29T20:11:50.324947+00:00,tennis_wta_china_open,a4aa67d29f120efed0e3f1eab2c7a88c,Paula Badosa,Daria Kasatkina,betway,h2h,1.4,2.9,2026-09-29T20:11:14+00:00
2026-09-29T20:11:50.324947+00:00,tennis_wta_china_open,a4aa67d29f120efed0e3f1eab2c7a88c,Paula Badosa,Daria Kasatkina,boylesports,h2h,1.4,3.0,2026-09-29T20:11:14+00:00
2026-09-29T20:11:50.324947+00:00,tennis_wta_china_open,a4aa67d29f120efed0e3f1eab2c7a88c,Paula Badosa,Daria Kasatkina,casumo,h2h,1.43,2.85,2026-09-29T20:11:14+00:00
2026-09-29T20:11:50.324947+00:00,tennis_wta_china_open,a4aa67d29f120efed0e3f1eab2c7a88c,Paula Badosa,Daria Kasatkina,coral,h2h,1.4,2.87,2026-09-29T20:10:56+00:00
2026-09-29T20:11:50.324947+00:00,tennis_wta_china_open,a4aa67d29f120efed0e3f1eab2c7a88c,Paula Badosa,Daria Kasatkina,grosvenor,h2h,1.43,2.85,2026-09-29T20:11:15+00:00
2026-09-29T20:11:50.324947+00:00,tennis_wta_china_open,a4aa67d29f120efed0e3f1eab2c7a88c,Paula Badosa,Daria Kasatkina,ladbrokes_uk,h2h,1.4,2.87,2026-09-29T20:11:15+00:00
2026-09-29T20:11:50.324947+00:00,tennis_wta_china_open,a4aa67d29f120efed0e3f1eab2c7a88c,Paula Badosa,Daria Kasatkina,leovegas,h2h,1.38,2.8,2026-09-29T20:11:14+00:00
2026-09-29T20:11:50.324947+00:00,tennis_wta_china_open,a4aa67d29f120efed0e3f1eab2c7a88c,Paula Badosa,Daria Kasatkina,livescorebet,h2h,1.43,2.85,2026-09-29T20:11:13+00:00
2026-09-29T20:11:50.324947+00:00,tennis_wta_china_open,a4aa67d29f120efed0e3f1eab2c7a88c,Paula Badosa,Daria Kasatkina,matchbook,h2h,1.43,3.1,2026-09-29T20:11:46+00:00
2026-09-29T20:11:50.324947+00:00,tennis_wta_china_open,a4aa67d29f120efed0e3f1eab2c7a88c,Paula Badosa,Daria Kasatkina,paddypower,h2h,1.4,2.88,2026-09-29T20:10:04+00:00
2026-09-29T20:11:50.324947+00:00,tennis_wta_china_open,a4aa67d29f120efed0e3f1eab2c7a88c,Paula Badosa,Daria Kasatkina,skybet,h2h,1.4,2.88,2026-09-29T20:11:13+00:00
2026-09-29T20:11:50.324947+00:00,tennis_wta_china_open,a4aa67d29f120efed0e3f1eab2c7a88c,Paula Badosa,Daria Kasatkina,smarkets,h2h,1.37,2.8,2026-09-29T20:11:47+00:00
2026-09-29T20:11:50.324947+00:00,tennis_wta_china_open,a4aa67d29f120efed0e3f1eab2c7a88c,Paula Badosa,Daria Kasatkina,sport888,h2h,1.4,2.9,2026-09-29T20:10:55+00:00
2026-09-29T20:11:50.324947+00:00,tennis_wta_china_open,a4aa67d29f120efed0e3f1eab2c7a88c,Paula Badosa,Daria Kasatkina,unibet_uk,h2h,1.4,2.83,2026-09-29T20:11:48+00:00
2026-09-29T20:11:50.324947+00:00,tennis_wta_china_open,a4aa67d29f120efed0e3f1eab2c7a88c,Paula Badosa,Daria Kasatkina,virginbet,h2h,1.43,2.85,2026-09-29T20:10:55+00:00
2026-09-29T20:11:50.324947+00:00,tennis_wta_china_open,8962aea3dd981eb3eb6cccc3b2fd3829,Magda Linette,Katerina Siniakova,betfair_ex_uk,h2h,2.74,1.55,2026-09-29T20:11:31+00:00
2026-09-29T20:11:50.324947+00:00,tennis_wta_china_open,8962aea3dd981eb3eb6cccc3b2fd3829,Magda Linette,Katerina Siniakova,betano_uk,h2h,2.38,1.53,2026-09-29T20:11:42+00:00
2026-09-29T20:11:50.324947+00:00,tennis_wta_china_open,8962aea3dd981eb3eb6cccc3b2fd3829,Magda Linette,Katerina Siniakova,betvictor,h2h,2.38,1.53,2026-09-29T20:08:02+00:00
2026-09-29T20:11:50.324947+00:00,tennis_wta_china_open,8962aea3dd981eb3eb6cccc3b2fd3829,Magda Linette,Katerina Siniakova,betway,h2h,2.75,1.45,2026-09-29T20:11:14+00:00
2026-09-29T20:11:50.324947+00:00,tennis_wta_china_open,8962aea3dd981eb3eb6cccc3b2fd3829,Magda Linette,Katerina Siniakova,boylesports,h2h,2.62,1.5,2026-09-29T20:11:14+00:00
2026-09-29T20:11:50.324947+00:00,tennis_wta_china_open,8962aea3dd981eb3eb6cccc3b2fd3829,Magda Linette,Katerina Siniakova,casumo,h2h,2.6,1.5,2026-09-29T20:11:14+00:00
2026-09-29T20:11:50.324947+00:00,tennis_wta_china_open,8962aea3dd981eb3eb6cccc3b2fd3829,Magda Linette,Katerina Siniakova,coral,h2h,2.6,1.48,2026-09-29T20:10:55+00:00
2026-09-29T20:11:50.324947+00:00,tennis_wta_china_open,8962aea3dd981eb3eb6cccc3b2fd3829,Magda Linette,Katerina Siniakova,grosvenor,h2h,2.6,1.5,2026-09-29T20:11:15+00:00
2026-09-29T20:11:50.324947+00:00,tennis_wta_china_open,8962aea3dd981eb3eb6cccc3b2fd3829,Magda Linette,Katerina Siniakova,ladbrokes_uk,h2h,2.6,1.48,2026-09-29T20:11:15+00:00
2026-09-29T20:11:50.324947+00:00,tennis_wta_china_open,8962aea3dd981eb3eb6cccc3b2fd3829,Magda Linette,Katerina Siniakova,leovegas,h2h,2.55,1.45,2026-09-29T20:11:14+00:00
2026-09-29T20:11:50.324947+00:00,tennis_wta_china_open,8962aea3dd981eb3eb6cccc3b2fd3829,Magda Linette,Katerina Siniakova,livescorebet,h2h,2.6,1.5,2026-09-29T20:11:13+00:00
2026-09-29T20:11:50.324947+00:00,tennis_wta_china_open,8962aea3dd981eb3eb6cccc3b2fd3829,Magda Linette,Katerina Siniakova,matchbook,h2h,2.72,1.53,2026-09-29T20:11:46+00:00
2026-09-29T20:11:50.324947+00:00,tennis_wta_china_open,8962aea3dd981eb3eb6cccc3b2fd3829,Magda Linette,Katerina Siniakova,paddypower,h2h,2.6,1.5,2026-09-29T20:10:04+00:00
2026-09-29T20:11:50.324947+00:00,tennis_wta_china_open,8962aea3dd981eb3eb6cccc3b2fd3829,Magda Linette,Katerina Siniakova,skybet,h2h,2.63,1.5,2026-09-29T20:11:13+00:00
2026-09-29T20:11:50.324947+00:00,tennis_wta_china_open,8962aea3dd981eb3eb6cccc3b2fd3829,Magda Linette,Katerina Siniakova,smarkets,h2h,2.44,1.49,2026-09-29T20:11:47+00:00
2026-09-29T20:11:50.324947+00:00,tennis_wta_china_open,8962aea3dd981eb3eb6cccc3b2fd3829,Magda Linette,Katerina Siniakova,sport888,h2h,2.6,1.5,2026-09-29T20:10:55+00:00
2026-09-29T20:11:50.324947+00:00,tennis_wta_china_open,8962aea3dd981eb3eb6cccc3b2fd3829,Magda Linette,Katerina Siniakova,unibet_uk,h2h,2.55,1.48,2026-09-29T20:11:48+00:00
2026-09-29T20:11:50.324947+00:00,tennis_wta_china_open,8962aea3dd981eb3eb6cccc3b2fd3829,Magda Linette,Katerina Siniakova,virginbet,h2h,2.6,1.5,2026-09-29T20:10:55+00:00
2026-09-29T20:11:50.324947+00:00,tennis_wta_china_open,15acf15b8d85ca13f4d7fc2da619fe2f,Lanlana Tararudee,Maria Camila Osorio Serrano,betfair_ex_uk,h2h,1.91,2.04,2026-09-29T20:11:31+00:00
2026-09-29T20:11:50.324947+00:00,tennis_wta_china_open,15acf15b8d85ca13f4d7fc2da619fe2f,Lanlana Tararudee,Maria Camila Osorio Serrano,betano_uk,h2h,1.73,2.0,2026-09-29T20:11:42+00:00
2026-09-29T20:11:50.324947+00:00,tennis_wta_china_open,15acf15b8d85ca13f4d7fc2da619fe2f,Lanlana Tararudee,Maria Camila Osorio Serrano,betvictor,h2h,1.73,2.0,2026-09-29T20:08:02+00:00
2026-09-29T20:11:50.324947+00:00,tennis_wta_china_open,15acf15b8d85ca13f4d7fc2da619fe2f,Lanlana Tararudee,Maria Camila Osorio Serrano,betway,h2h,1.85,1.95,2026-09-29T20:11:14+00:00
2026-09-29T20:11:50.324947+00:00,tennis_wta_china_open,15acf15b8d85ca13f4d7fc2da619fe2f,Lanlana Tararudee,Maria Camila Osorio Serrano,boylesports,h2h,1.83,2.0,2026-09-29T20:11:14+00:00
2026-09-29T20:11:50.324947+00:00,tennis_wta_china_open,15acf15b8d85ca13f4d7fc2da619fe2f,Lanlana Tararudee,Maria Camila Osorio Serrano,casumo,h2h,1.87,1.93,2026-09-29T20:11:14+00:00
2026-09-29T20:11:50.324947+00:00,tennis_wta_china_open,15acf15b8d85ca13f4d7fc2da619fe2f,Lanlana Tararudee,Maria Camila Osorio Serrano,coral,h2h,1.8,1.91,2026-09-29T20:10:56+00:00
2026-09-29T20:11:50.324947+00:00,tennis_wta_china_open,15acf15b8d85ca13f4d7fc2da619fe2f,Lanlana Tararudee,Maria Camila Osorio Serrano,grosvenor,h2h,1.87,1.93,2026-09-29T20:11:15+00:00
2026-09-29T20:11:50.324947+00:00,tennis_wta_china_open,15acf15b8d85ca13f4d7fc2da619fe2f,Lanlana Tararudee,Maria Camila Osorio Serrano,ladbrokes_uk,h2h,1.8,1.91,2026-09-29T20:11:15+00:00
2026-09-29T20:11:50.324947+00:00,tennis_wta_china_open,15acf15b8d85ca13f4d7fc2da619fe2f,Lanlana Tararudee,Maria Camila Osorio Serrano,leovegas,h2h,1.83,1.95,2026-09-29T20:11:14+00:00
2026-09-29T20:11:50.324947+00:00,tennis_wta_china_open,15acf15b8d85ca13f4d7fc2da619fe2f,Lanlana Tararudee,Maria Camila Osorio Serrano,livescorebet,h2h,1.87,1.93,2026-09-29T20:11:13+00:00
2026-09-29T20:11:50.324947+00:00,tennis_wta_china_open,15acf15b8d85ca13f4d7fc2da619fe2f,Lanlana Tararudee,Maria Camila Osorio Serrano,matchbook,h2h,1.87,2.02,2026-09-29T20:11:46+00:00
2026-09-29T20:11:50.324947+00:00,tennis_wta_china_open,15acf15b8d85ca13f4d7fc2da619fe2f,Lanlana Tararudee,Maria Camila Osorio Serrano,paddypower,h2h,1.83,1.91,2026-09-29T20:10:04+00:00
2026-09-29T20:11:50.324947+00:00,tennis_wta_china_open,15acf15b8d85ca13f4d7fc2da619fe2f,Lanlana Tararudee,Maria Camila Osorio Serrano,skybet,h2h,1.83,1.91,2026-09-29T20:11:13+00:00
2026-09-29T20:11:50.324947+00:00,tennis_wta_china_open,15acf15b8d85ca13f4d7fc2da619fe2f,Lanlana Tararudee,Maria Camila Osorio Serrano,smarkets,h2h,1.75,1.92,2026-09-29T20:11:47+00:00
2026-09-29T20:11:50.324947+00:00,tennis_wta_china_open,15acf15b8d85ca13f4d7fc2da619fe2f,Lanlana Tararudee,Maria Camila Osorio Serrano,sport888,h2h,1.85,1.95,2026-09-29T20:10:55+00:00
2026-09-29T20:11:50.324947+00:00,tennis_wta_china_open,15acf15b8d85ca13f4d7fc2da619fe2f,Lanlana Tararudee,Maria Camila Osorio Serrano,unibet_uk,h2h,1.81,1.93,2026-09-29T20:11:48+00:00
2026-09-29T20:11:50.324947+00:00,tennis_wta_china_open,15acf15b8d85ca13f4d7fc2da619fe2f,Lanlana Tararudee,Maria Camila Osorio Serrano,virginbet,h2h,1.87,1.93,2026-09-29T20:10:55+00:00
2026-09-29T20:11:50.324947+00:00,tennis_wta_china_open,9d98e83d4b96d041dcae01896cf15d92,Xinyu Gao,Panna Udvardy,betfair_ex_uk,h2h,2.58,1.58,2026-09-29T20:11:31+00:00
2026-09-29T20:11:50.324947+00:00,tennis_wta_china_open,9d98e83d4b96d041dcae01896cf15d92,Xinyu Gao,Panna Udvardy,betano_uk,h2h,2.6,1.45,2026-09-29T20:11:42+00:00
2026-09-29T20:11:50.324947+00:00,tennis_wta_china_open,9d98e83d4b96d041dcae01896cf15d92,Xinyu Gao,Panna Udvardy,betvictor,h2h,2.6,1.45,2026-09-29T20:08:02+00:00
2026-09-29T20:11:50.324947+00:00,tennis_wta_china_open,9d98e83d4b96d041dcae01896cf15d92,Xinyu Gao,Panna Udvardy,betway,h2h,2.6,1.5,2026-09-29T20:11:14+00:00
2026-09-29T20:11:50.324947+00:00,tennis_wta_china_open,9d98e83d4b96d041dcae01896cf15d92,Xinyu Gao,Panna Udvardy,boylesports,h2h,2.5,1.53,2026-09-29T20:11:14+00:00
2026-09-29T20:11:50.324947+00:00,tennis_wta_china_open,9d98e83d4b96d041dcae01896cf15d92,Xinyu Gao,Panna Udvardy,casumo,h2h,2.63,1.49,2026-09-29T20:11:14+00:00
2026-09-29T20:11:50.324947+00:00,tennis_wta_china_open,9d98e83d4b96d041dcae01896cf15d92,Xinyu Gao,Panna Udvardy,coral,h2h,2.5,1.48,2026-09-29T20:10:55+00:00
2026-09-29T20:11:50.324947+00:00,tennis_wta_china_open,9d98e83d4b96d041dcae01896cf15d92,Xinyu Gao,Panna Udvardy,grosvenor,h2h,2.63,1.49,2026-09-29T20:11:15+00:00
2026-09-29T20:11:50.324947+00:00,tennis_wta_china_open,9d98e83d4b96d041dcae01896cf15d92,Xinyu Gao,Panna Udvardy,ladbrokes_uk,h2h,2.5,1.48,2026-09-29T20:11:15+00:00
2026-09-29T20:11:50.324947+00:00,tennis_wta_china_open,9d98e83d4b96d041dcae01896cf15d92,Xinyu Gao,Panna Udvardy,leovegas,h2h,2.5,1.47,2026-09-29T20:11:14+00:00
2026-09-29T20:11:50.324947+00:00,tennis_wta_china_open,9d98e83d4b96d041dcae01896cf15d92,Xinyu Gao,Panna Udvardy,livescorebet,h2h,2.63,1.49,2026-09-29T20:11:13+00:00
2026-09-29T20:11:50.324947+00:00,tennis_wta_china_open,9d98e83d4b96d041dcae01896cf15d92,Xinyu Gao,Panna Udvardy,matchbook,h2h,2.6,1.54,2026-09-29T20:11:46+00:00
2026-09-29T20:11:50.324947+00:00,tennis_wta_china_open,9d98e83d4b96d041dcae01896cf15d92,Xinyu Gao,Panna Udvardy,paddypower,h2h,2.4,1.57,2026-09-29T20:10:04+00:00
2026-09-29T20:11:50.324947+00:00,tennis_wta_china_open,9d98e83d4b96d041dcae01896cf15d92,Xinyu Gao,Panna Udvardy,skybet,h2h,2.38,1.57,2026-09-29T20:11:13+00:00
2026-09-29T20:11:50.324947+00:00,tennis_wta_china_open,9d98e83d4b96d041dcae01896cf15d92,Xinyu Gao,Panna Udvardy,smarkets,h2h,2.42,1.49,2026-09-29T20:11:47+00:00
2026-09-29T20:11:50.324947+00:00,tennis_wta_china_open,9d98e83d4b96d041dcae01896cf15d92,Xinyu Gao,Panna Udvardy,sport888,h2h,2.5,1.53,2026-09-29T20:10:55+00:00
2026-09-29T20:11:50.324947+00:00,tennis_wta_china_open,9d98e83d4b96d041dcae01896cf15d92,Xinyu Gao,Panna Udvardy,unibet_uk,h2h,2.55,1.47,2026-09-29T20:11:48+00:00
2026-09-29T20:11:50.324947+00:00,tennis_wta_china_open,9d98e83d4b96d041dcae01896cf15d92,Xinyu Gao,Panna Udvardy,virginbet,h2h,2.63,1.49,2026-09-29T20:10:55+00:00
2026-09-29T20:11:50.324947+00:00,tennis_wta_china_open,1b26a19876c9aaf7be957f87c1e4e7a2,Yushan Shao,Anastasia Zakharova,betfair_ex_uk,h2h,12.5,1.06,2026-09-29T20:11:31+00:00
2026-09-29T20:11:50.324947+00:00,tennis_wta_china_open,1b26a19876c9aaf7be957f87c1e4e7a2,Yushan Shao,Anastasia Zakharova,betano_uk,h2h,6.5,1.08,2026-09-29T20:11:42+00:00
2026-09-29T20:11:50.324947+00:00,tennis_wta_china_open,1b26a19876c9aaf7be957f87c1e4e7a2,Yushan Shao,Anastasia Zakharova,betvictor,h2h,6.5,1.08,2026-09-29T20:08:02+00:00
2026-09-29T20:11:50.324947+00:00,tennis_wta_china_open,1b26a19876c9aaf7be957f87c1e4e7a2,Yushan Shao,Anastasia Zakharova,betway,h2h,10.0,1.05,2026-09-29T20:11:14+00:00
2026-09-29T20:11:50.324947+00:00,tennis_wta_china_open,1b26a19876c9aaf7be957f87c1e4e7a2,Yushan Shao,Anastasia Zakharova,boylesports,h2h,11.0,1.06,2026-09-29T20:11:14+00:00
2026-09-29T20:11:50.324947+00:00,tennis_wta_china_open,1b26a19876c9aaf7be957f87c1e4e7a2,Yushan Shao,Anastasia Zakharova,casumo,h2h,10.0,1.05,2026-09-29T20:11:14+00:00
2026-09-29T20:11:50.324947+00:00,tennis_wta_china_open,1b26a19876c9aaf7be957f87c1e4e7a2,Yushan Shao,Anastasia Zakharova,coral,h2h,10.0,1.06,2026-09-29T20:10:56+00:00
2026-09-29T20:11:50.324947+00:00,tennis_wta_china_open,1b26a19876c9aaf7be957f87c1e4e7a2,Yushan Shao,Anastasia Zakharova,grosvenor,h2h,10.0,1.05,2026-09-29T20:11:15+00:00
2026-09-29T20:11:50.324947+00:00,tennis_wta_china_open,1b26a19876c9aaf7be957f87c1e4e7a2,Yushan Shao,Anastasia Zakharova,ladbrokes_uk,h2h,10.0,1.06,2026-09-29T20:11:15+00:00
2026-09-29T20:11:50.324947+00:00,tennis_wta_china_open,1b26a19876c9aaf7be957f87c1e4e7a2,Yushan Shao,Anastasia Zakharova,leovegas,h2h,8.5,1.04,2026-09-29T20:11:14+00:00
2026-09-29T20:11:50.324947+00:00,tennis_wta_china_open,1b26a19876c9aaf7be957f87c1e4e7a2,Yushan Shao,Anastasia Zakharova,livescorebet,h2h,10.0,1.05,2026-09-29T20:11:13+00:00
2026-09-29T20:11:50.324947+00:00,tennis_wta_china_open,1b26a19876c9aaf7be957f87c1e4e7a2,Yushan Shao,Anastasia Zakharova,matchbook,h2h,12.0,1.05,2026-09-29T20:11:46+00:00
2026-09-29T20:11:50.324947+00:00,tennis_wta_china_open,1b26a19876c9aaf7be957f87c1e4e7a2,Yushan Shao,Anastasia Zakharova,paddypower,h2h,8.5,1.07,2026-09-29T20:10:04+00:00
2026-09-29T20:11:50.324947+00:00,tennis_wta_china_open,1b26a19876c9aaf7be957f87c1e4e7a2,Yushan Shao,Anastasia Zakharova,skybet,h2h,8.5,1.07,2026-09-29T20:11:13+00:00
2026-09-29T20:11:50.324947+00:00,tennis_wta_china_open,1b26a19876c9aaf7be957f87c1e4e7a2,Yushan Shao,Anastasia Zakharova,smarkets,h2h,10.0,1.04,2026-09-29T20:11:47+00:00
2026-09-29T20:11:50.324947+00:00,tennis_wta_china_open,1b26a19876c9aaf7be957f87c1e4e7a2,Yushan Shao,Anastasia Zakharova,sport888,h2h,8.0,1.06,2026-09-29T20:10:55+00:00
2026-09-29T20:11:50.324947+00:00,tennis_wta_china_open,1b26a19876c9aaf7be957f87c1e4e7a2,Yushan Shao,Anastasia Zakharova,unibet_uk,h2h,8.5,1.05,2026-09-29T20:11:48+00:00
2026-09-29T20:11:50.324947+00:00,tennis_wta_china_open,1b26a19876c9aaf7be957f87c1e4e7a2,Yushan Shao,Anastasia Zakharova,virginbet,h2h,10.0,1.05,2026-09-29T20:10:55+00:00
2026-09-29T20:11:50.324947+00:00,tennis_wta_china_open,fb9eebaf5bf935bd7f96b48cea43933d,Sonay Kartal,Andrea Lazaro Garcia,betfair_ex_uk,h2h,1.32,2.78,2026-09-29T20:11:31+00:00
2026-09-29T20:11:50.324947+00:00,tennis_wta_china_open,fb9eebaf5bf935bd7f96b48cea43933d,Sonay Kartal,Andrea Lazaro Garcia,betano_uk,h2h,1.25,3.6,2026-09-29T20:11:42+00:00
2026-09-29T20:11:50.324947+00:00,tennis_wta_china_open,fb9eebaf5bf935bd7f96b48cea43933d,Sonay Kartal,Andrea Lazaro Garcia,betvictor,h2h,1.25,3.6,2026-09-29T20:08:02+00:00
2026-09-29T20:11:50.324947+00:00,tennis_wta_china_open,fb9eebaf5bf935bd7f96b48cea43933d,Sonay Kartal,Andrea Lazaro Garcia,betway,h2h,1.25,4.0,2026-09-29T20:11:14+00:00
2026-09-29T20:11:50.324947+00:00,tennis_wta_china_open,fb9eebaf5bf935bd7f96b48cea43933d,Sonay Kartal,Andrea Lazaro Garcia,boylesports,h2h,1.25,4.0,2026-09-29T20:11:14+00:00
2026-09-29T20:11:50.324947+00:00,tennis_wta_china_open,fb9eebaf5bf935bd7f96b48cea43933d,Sonay Kartal,Andrea Lazaro Garcia,leovegas,h2h,1.24,3.75,2026-09-29T20:11:14+00:00
2026-09-29T20:11:50.324947+00:00,tennis_wta_china_open,fb9eebaf5bf935bd7f96b48cea43933d,Sonay Kartal,Andrea Lazaro Garcia,matchbook,h2h,1.27,2.52,2026-09-29T20:11:46+00:00
2026-09-29T20:11:50.324947+00:00,tennis_wta_china_open,fb9eebaf5bf935bd7f96b48cea43933d,Sonay Kartal,Andrea Lazaro Garcia,paddypower,h2h,1.22,4.0,2026-09-29T20:10:04+00:00
2026-09-29T20:11:50.324947+00:00,tennis_wta_china_open,fb9eebaf5bf935bd7f96b48cea43933d,Sonay Kartal,Andrea Lazaro Garcia,skybet,h2h,1.22,4.0,2026-09-29T20:11:13+00:00
2026-09-29T20:11:50.324947+00:00,tennis_wta_china_open,fb9eebaf5bf935bd7f96b48cea43933d,Sonay Kartal,Andrea Lazaro Garcia,smarkets,h2h,1.2,3.4,2026-09-29T20:11:47+00:00
2026-09-29T20:11:50.324947+00:00,tennis_wta_china_open,fb9eebaf5bf935bd7f96b48cea43933d,Sonay Kartal,Andrea Lazaro Garcia,sport888,h2h,1.29,3.6,2026-09-29T20:10:55+00:00
2026-09-29T20:11:50.324947+00:00,tennis_wta_china_open,fb9eebaf5bf935bd7f96b48cea43933d,Sonay Kartal,Andrea Lazaro Garcia,unibet_uk,h2h,1.24,3.8,2026-09-29T20:11:48+00:00
2026-09-29T20:11:50.324947+00:00,tennis_wta_china_open,8e6bcabf08e118f69eedc8e1f8690acb,Eva Lys,Sun Xinran,betfair_ex_uk,h2h,1.47,3.05,2026-09-29T20:11:31+00:00
2026-09-29T20:11:50.324947+00:00,tennis_wta_china_open,8e6bcabf08e118f69eedc8e1f8690acb,Eva Lys,Sun Xinran,betano_uk,h2h,1.4,2.75,2026-09-29T20:11:42+00:00
2026-09-29T20:11:50.324947+00:00,tennis_wta_china_open,8e6bcabf08e118f69eedc8e1f8690acb,Eva Lys,Sun Xinran,betvictor,h2h,1.4,2.75,2026-09-29T20:08:02+00:00
2026-09-29T20:11:50.324947+00:00,tennis_wta_china_open,8e6bcabf08e118f69eedc8e1f8690acb,Eva Lys,Sun Xinran,betway,h2h,1.45,2.75,2026-09-29T20:11:14+00:00
2026-09-29T20:11:50.324947+00:00,tennis_wta_china_open,8e6bcabf08e118f69eedc8e1f8690acb,Eva Lys,Sun Xinran,boylesports,h2h,1.44,2.88,2026-09-29T20:11:14+00:00
2026-09-29T20:11:50.324947+00:00,tennis_wta_china_open,8e6bcabf08e118f69eedc8e1f8690acb,Eva Lys,Sun Xinran,casumo,h2h,1.41,2.88,2026-09-29T20:11:14+00:00
2026-09-29T20:11:50.324947+00:00,tennis_wta_china_open,8e6bcabf08e118f69eedc8e1f8690acb,Eva Lys,Sun Xinran,coral,h2h,1.4,2.75,2026-09-29T20:10:56+00:00
2026-09-29T20:11:50.324947+00:00,tennis_wta_china_open,8e6bcabf08e118f69eedc8e1f8690acb,Eva Lys,Sun Xinran,grosvenor,h2h,1.41,2.88,2026-09-29T20:11:15+00:00
2026-09-29T20:11:50.324947+00:00,tennis_wta_china_open,8e6bcabf08e118f69eedc8e1f8690acb,Eva Lys,Sun Xinran,ladbrokes_uk,h2h,1.4,2.75,2026-09-29T20:11:15+00:00
2026-09-29T20:11:50.324947+00:00,tennis_wta_china_open,8e6bcabf08e118f69eedc8e1f8690acb,Eva Lys,Sun Xinran,leovegas,h2h,1.4,2.75,2026-09-29T20:11:14+00:00
2026-09-29T20:11:50.324947+00:00,tennis_wta_china_open,8e6bcabf08e118f69eedc8e1f8690acb,Eva Lys,Sun Xinran,livescorebet,h2h,1.41,2.88,2026-09-29T20:11:13+00:00
2026-09-29T20:11:50.324947+00:00,tennis_wta_china_open,8e6bcabf08e118f69eedc8e1f8690acb,Eva Lys,Sun Xinran,matchbook,h2h,1.46,2.9,2026-09-29T20:11:46+00:00
2026-09-29T20:11:50.324947+00:00,tennis_wta_china_open,8e6bcabf08e118f69eedc8e1f8690acb,Eva Lys,Sun Xinran,paddypower,h2h,1.4,2.88,2026-09-29T20:10:04+00:00
2026-09-29T20:11:50.324947+00:00,tennis_wta_china_open,8e6bcabf08e118f69eedc8e1f8690acb,Eva Lys,Sun Xinran,skybet,h2h,1.4,2.88,2026-09-29T20:11:13+00:00
2026-09-29T20:11:50.324947+00:00,tennis_wta_china_open,8e6bcabf08e118f69eedc8e1f8690acb,Eva Lys,Sun Xinran,smarkets,h2h,1.39,2.72,2026-09-29T20:11:47+00:00
2026-09-29T20:11:50.324947+00:00,tennis_wta_china_open,8e6bcabf08e118f69eedc8e1f8690acb,Eva Lys,Sun Xinran,sport888,h2h,1.44,2.75,2026-09-29T20:10:55+00:00
2026-09-29T20:11:50.324947+00:00,tennis_wta_china_open,8e6bcabf08e118f69eedc8e1f8690acb,Eva Lys,Sun Xinran,unibet_uk,h2h,1.4,2.8,2026-09-29T20:11:48+00:00
2026-09-29T20:11:50.324947+00:00,tennis_wta_china_open,8e6bcabf08e118f69eedc8e1f8690acb,Eva Lys,Sun Xinran,virginbet,h2h,1.41,2.88,2026-09-29T20:10:55+00:00
2026-09-29T20:11:50.324947+00:00,tennis_wta_china_open,8e6bcabf08e118f69eedc8e1f8690acb,Eva Lys,Sun Xinran,williamhill,h2h,1.44,2.75,2026-09-29T20:10:58+00:00
2026-09-29T20:11:50.324947+00:00,tennis_wta_china_open,d335a62e23f27b87cc79d2e6c6589617,Harriet Dart,Yihan Qu,betfair_ex_uk,h2h,1.03,7.6,2026-09-29T20:11:31+00:00
2026-09-29T20:11:50.324947+00:00,tennis_wta_china_open,d335a62e23f27b87cc79d2e6c6589617,Harriet Dart,Yihan Qu,betano_uk,h2h,1.05,8.0,2026-09-29T20:11:42+00:00
2026-09-29T20:11:50.324947+00:00,tennis_wta_china_open,d335a62e23f27b87cc79d2e6c6589617,Harriet Dart,Yihan Qu,betvictor,h2h,1.05,8.0,2026-09-29T20:08:02+00:00
2026-09-29T20:11:50.324947+00:00,tennis_wta_china_open,d335a62e23f27b87cc79d2e6c6589617,Harriet Dart,Yihan Qu,boylesports,h2h,1.05,13.0,2026-09-29T20:11:14+00:00
2026-09-29T20:11:50.324947+00:00,tennis_wta_china_open,d335a62e23f27b87cc79d2e6c6589617,Harriet Dart,Yihan Qu,leovegas,h2h,1.04,8.5,2026-09-29T20:11:14+00:00
2026-09-29T20:11:50.324947+00:00,tennis_wta_china_open,d335a62e23f27b87cc79d2e6c6589617,Harriet Dart,Yihan Qu,paddypower,h2h,1.06,10.0,2026-09-29T20:10:04+00:00
2026-09-29T20:11:50.324947+00:00,tennis_wta_china_open,d335a62e23f27b87cc79d2e6c6589617,Harriet Dart,Yihan Qu,skybet,h2h,1.05,10.0,2026-09-29T20:11:13+00:00
2026-09-29T20:11:50.324947+00:00,tennis_wta_china_open,d335a62e23f27b87cc79d2e6c6589617,Harriet Dart,Yihan Qu,smarkets,h2h,1.03,6.8,2026-09-29T20:11:47+00:00
2026-09-29T20:11:50.324947+00:00,tennis_wta_china_open,d335a62e23f27b87cc79d2e6c6589617,Harriet Dart,Yihan Qu,sport888,h2h,1.05,10.0,2026-09-29T20:10:55+00:00
2026-09-29T20:11:50.324947+00:00,tennis_wta_china_open,d335a62e23f27b87cc79d2e6c6589617,Harriet Dart,Yihan Qu,unibet_uk,h2h,1.04,9.0,2026-09-29T20:11:48+00:00
2026-09-29T20:11:50.324947+00:00,tennis_wta_china_open,d335a62e23f27b87cc79d2e6c6589617,Harriet Dart,Yihan Qu,williamhill,h2h,1.05,10.0,2026-09-29T20:10:58+00:00
2026-09-29T20:11:50.324947+00:00,tennis_wta_china_open,742769b918276508629b9c2a4283d38b,Marina Bassols Ribera,Kamilla Rakhimova,betfair_ex_uk,h2h,2.96,1.32,2026-09-29T20:11:31+00:00
2026-09-29T20:11:50.324947+00:00,tennis_wta_china_open,742769b918276508629b9c2a4283d38b,Marina Bassols Ribera,Kamilla Rakhimova,betano_uk,h2h,3.1,1.33,2026-09-29T20:11:42+00:00
2026-09-29T20:11:50.324947+00:00,tennis_wta_china_open,742769b918276508629b9c2a4283d38b,Marina Bassols Ribera,Kamilla Rakhimova,betvictor,h2h,3.1,1.33,2026-09-29T20:08:03+00:00
2026-09-29T20:11:50.324947+00:00,tennis_wta_china_open,742769b918276508629b9c2a4283d38b,Marina Bassols Ribera,Kamilla Rakhimova,betway,h2h,3.5,1.3,2026-09-29T20:11:14+00:00
2026-09-29T20:11:50.324947+00:00,tennis_wta_china_open,742769b918276508629b9c2a4283d38b,Marina Bassols Ribera,Kamilla Rakhimova,boylesports,h2h,3.4,1.33,2026-09-29T20:11:14+00:00
2026-09-29T20:11:50.324947+00:00,tennis_wta_china_open,742769b918276508629b9c2a4283d38b,Marina Bassols Ribera,Kamilla Rakhimova,leovegas,h2h,3.25,1.3,2026-09-29T20:11:14+00:00
2026-09-29T20:11:50.324947+00:00,tennis_wta_china_open,742769b918276508629b9c2a4283d38b,Marina Bassols Ribera,Kamilla Rakhimova,matchbook,h2h,3.3,1.27,2026-09-29T20:11:46+00:00
2026-09-29T20:11:50.324947+00:00,tennis_wta_china_open,742769b918276508629b9c2a4283d38b,Marina Bassols Ribera,Kamilla Rakhimova,paddypower,h2h,3.5,1.3,2026-09-29T20:10:04+00:00
2026-09-29T20:11:50.324947+00:00,tennis_wta_china_open,742769b918276508629b9c2a4283d38b,Marina Bassols Ribera,Kamilla Rakhimova,skybet,h2h,3.5,1.3,2026-09-29T20:11:13+00:00
2026-09-29T20:11:50.324947+00:00,tennis_wta_china_open,742769b918276508629b9c2a4283d38b,Marina Bassols Ribera,Kamilla Rakhimova,smarkets,h2h,3.0,1.27,2026-09-29T20:11:47+00:00
2026-09-29T20:11:50.324947+00:00,tennis_wta_china_open,742769b918276508629b9c2a4283d38b,Marina Bassols Ribera,Kamilla Rakhimova,sport888,h2h,3.3,1.33,2026-09-29T20:10:55+00:00
2026-09-29T20:11:50.324947+00:00,tennis_wta_china_open,742769b918276508629b9c2a4283d38b,Marina Bassols Ribera,Kamilla Rakhimova,unibet_uk,h2h,3.3,1.3,2026-09-29T20:11:48+00:00
2026-09-29T20:11:50.324947+00:00,tennis_wta_china_open,3d3077abdfe48b002d129ce81ad27117,Katie Volynets,Robin Montgomery,betfair_ex_uk,h2h,1.59,2.04,2026-09-29T20:11:31+00:00
2026-09-29T20:11:50.324947+00:00,tennis_wta_china_open,3d3077abdfe48b002d129ce81ad27117,Katie Volynets,Robin Montgomery,betano_uk,h2h,1.7,2.05,2026-09-29T20:11:42+00:00
2026-09-29T20:11:50.324947+00:00,tennis_wta_china_open,3d3077abdfe48b002d129ce81ad27117,Katie Volynets,Robin Montgomery,betvictor,h2h,1.7,2.05,2026-09-29T20:08:02+00:00
2026-09-29T20:11:50.324947+00:00,tennis_wta_china_open,3d3077abdfe48b002d129ce81ad27117,Katie Volynets,Robin Montgomery,betway,h2h,1.75,2.05,2026-09-29T20:11:14+00:00
2026-09-29T20:11:50.324947+00:00,tennis_wta_china_open,3d3077abdfe48b002d129ce81ad27117,Katie Volynets,Robin Montgomery,boylesports,h2h,1.8,2.05,2026-09-29T20:11:14+00:00
2026-09-29T20:11:50.324947+00:00,tennis_wta_china_open,3d3077abdfe48b002d129ce81ad27117,Katie Volynets,Robin Montgomery,casumo,h2h,1.8,2.0,2026-09-29T20:11:14+00:00
2026-09-29T20:11:50.324947+00:00,tennis_wta_china_open,3d3077abdfe48b002d129ce81ad27117,Katie Volynets,Robin Montgomery,grosvenor,h2h,1.8,2.0,2026-09-29T20:11:15+00:00
2026-09-29T20:11:50.324947+00:00,tennis_wta_china_open,3d3077abdfe48b002d129ce81ad27117,Katie Volynets,Robin Montgomery,leovegas,h2h,1.7,2.05,2026-09-29T20:11:14+00:00
2026-09-29T20:11:50.324947+00:00,tennis_wta_china_open,3d3077abdfe48b002d129ce81ad27117,Katie Volynets,Robin Montgomery,livescorebet,h2h,1.8,2.0,2026-09-29T20:11:13+00:00
2026-09-29T20:11:50.324947+00:00,tennis_wta_china_open,3d3077abdfe48b002d129ce81ad27117,Katie Volynets,Robin Montgomery,matchbook,h2h,1.76,1.92,2026-09-29T20:11:46+00:00
2026-09-29T20:11:50.324947+00:00,tennis_wta_china_open,3d3077abdfe48b002d129ce81ad27117,Katie Volynets,Robin Montgomery,paddypower,h2h,1.8,2.0,2026-09-29T20:10:04+00:00
2026-09-29T20:11:50.324947+00:00,tennis_wta_china_open,3d3077abdfe48b002d129ce81ad27117,Katie Volynets,Robin Montgomery,skybet,h2h,1.73,2.1,2026-09-29T20:11:13+00:00
2026-09-29T20:11:50.324947+00:00,tennis_wta_china_open,3d3077abdfe48b002d129ce81ad27117,Katie Volynets,Robin Montgomery,smarkets,h2h,1.64,1.95,2026-09-29T20:11:47+00:00
2026-09-29T20:11:50.324947+00:00,tennis_wta_china_open,3d3077abdfe48b002d129ce81ad27117,Katie Volynets,Robin Montgomery,sport888,h2h,1.73,2.1,2026-09-29T20:10:55+00:00
2026-09-29T20:11:50.324947+00:00,tennis_wta_china_open,3d3077abdfe48b002d129ce81ad27117,Katie Volynets,Robin Montgomery,unibet_uk,h2h,1.72,2.06,2026-09-29T20:11:48+00:00
2026-09-29T20:11:50.324947+00:00,tennis_wta_china_open,3d3077abdfe48b002d129ce81ad27117,Katie Volynets,Robin Montgomery,virginbet,h2h,1.8,2.0,2026-09-29T20:10:55+00:00
2026-09-29T20:11:50.324947+00:00,tennis_wta_china_open,3d3077abdfe48b002d129ce81ad27117,Katie Volynets,Robin Montgomery,williamhill,h2h,1.73,2.1,2026-09-29T20:10:58+00:00
2026-09-29T20:11:50.324947+00:00,tennis_wta_china_open,abf71bada16395da8f34ce3e4ea92668,Qinwen Zheng,Shi Han,betfair_ex_uk,h2h,1.06,5.7,2026-09-29T20:11:31+00:00
2026-09-29T20:11:50.324947+00:00,tennis_wta_china_open,abf71bada16395da8f34ce3e4ea92668,Qinwen Zheng,Shi Han,betano_uk,h2h,1.1,6.0,2026-09-29T20:11:42+00:00
2026-09-29T20:11:50.324947+00:00,tennis_wta_china_open,abf71bada16395da8f34ce3e4ea92668,Qinwen Zheng,Shi Han,betvictor,h2h,1.1,6.0,2026-09-29T20:08:02+00:00
2026-09-29T20:11:50.324947+00:00,tennis_wta_china_open,abf71bada16395da8f34ce3e4ea92668,Qinwen Zheng,Shi Han,betway,h2h,1.1,7.0,2026-09-29T20:11:14+00:00
2026-09-29T20:11:50.324947+00:00,tennis_wta_china_open,abf71bada16395da8f34ce3e4ea92668,Qinwen Zheng,Shi Han,boylesports,h2h,1.08,8.5,2026-09-29T20:11:14+00:00
2026-09-29T20:11:50.324947+00:00,tennis_wta_china_open,abf71bada16395da8f34ce3e4ea92668,Qinwen Zheng,Shi Han,leovegas,h2h,1.07,6.7,2026-09-29T20:11:14+00:00
2026-09-29T20:11:50.324947+00:00,tennis_wta_china_open,abf71bada16395da8f34ce3e4ea92668,Qinwen Zheng,Shi Han,paddypower,h2h,1.08,8.0,2026-09-29T20:10:04+00:00
2026-09-29T20:11:50.324947+00:00,tennis_wta_china_open,abf71bada16395da8f34ce3e4ea92668,Qinwen Zheng,Shi Han,skybet,h2h,1.08,8.0,2026-09-29T20:11:13+00:00
2026-09-29T20:11:50.324947+00:00,tennis_wta_china_open,abf71bada16395da8f34ce3e4ea92668,Qinwen Zheng,Shi Han,smarkets,h2h,1.06,5.6,2026-09-29T20:11:47+00:00
2026-09-29T20:11:50.324947+00:00,tennis_wta_china_open,abf71bada16395da8f34ce3e4ea92668,Qinwen Zheng,Shi Han,sport888,h2h,1.08,7.5,2026-09-29T20:10:55+00:00
2026-09-29T20:11:50.324947+00:00,tennis_wta_china_open,abf71bada16395da8f34ce3e4ea92668,Qinwen Zheng,Shi Han,unibet_uk,h2h,1.08,6.5,2026-09-29T20:11:48+00:00
2026-09-29T20:11:50.324947+00:00,tennis_wta_china_open,982ff3992a464e7e52910a12f402a08b,Yu Jun Lin,Storm Hunter,betfair_ex_uk,h2h,10.0,1.02,2026-09-29T20:11:31+00:00
2026-09-29T20:11:50.324947+00:00,tennis_wta_china_open,982ff3992a464e7e52910a12f402a08b,Yu Jun Lin,Storm Hunter,betano_uk,h2h,8.5,1.04,2026-09-29T20:11:42+00:00
2026-09-29T20:11:50.324947+00:00,tennis_wta_china_open,982ff3992a464e7e52910a12f402a08b,Yu Jun Lin,Storm Hunter,betvictor,h2h,8.5,1.04,2026-09-29T20:08:02+00:00
2026-09-29T20:11:50.324947+00:00,tennis_wta_china_open,982ff3992a464e7e52910a12f402a08b,Yu Jun Lin,Storm Hunter,boylesports,h2h,13.0,1.05,2026-09-29T20:11:14+00:00
2026-09-29T20:11:50.324947+00:00,tennis_wta_china_open,982ff3992a464e7e52910a12f402a08b,Yu Jun Lin,Storm Hunter,leovegas,h2h,10.0,1.02,2026-09-29T20:11:14+00:00
2026-09-29T20:11:50.324947+00:00,tennis_wta_china_open,982ff3992a464e7e52910a12f402a08b,Yu Jun Lin,Storm Hunter,paddypower,h2h,12.0,1.05,2026-09-29T20:10:04+00:00
2026-09-29T20:11:50.324947+00:00,tennis_wta_china_open,982ff3992a464e7e52910a12f402a08b,Yu Jun Lin,Storm Hunter,skybet,h2h,12.0,1.05,2026-09-29T20:11:13+00:00
2026-09-29T20:11:50.324947+00:00,tennis_wta_china_open,982ff3992a464e7e52910a12f402a08b,Yu Jun Lin,Storm Hunter,smarkets,h2h,7.0,1.02,2026-09-29T20:11:47+00:00
2026-09-29T20:11:50.324947+00:00,tennis_wta_china_open,982ff3992a464e7e52910a12f402a08b,Yu Jun Lin,Storm Hunter,sport888,h2h,10.0,1.05,2026-09-29T20:10:55+00:00
2026-09-29T20:11:50.324947+00:00,tennis_wta_china_open,982ff3992a464e7e52910a12f402a08b,Yu Jun Lin,Storm Hunter,unibet_uk,h2h,10.0,1.03,2026-09-29T20:11:48+00:00
2026-09-30T12:54:22.695202+00:00,tennis_atp_china_open,1b9a358b39f42e7ac16354a717729f4f,Nuno Borges,Novak Djokovic,betfair_ex_uk,h2h,5.0,1.24,2026-09-30T12:54:09+00:00
2026-09-30T12:54:22.695202+00:00,tennis_atp_china_open,1b9a358b39f42e7ac16354a717729f4f,Nuno Borges,Novak Djokovic,betano_uk,h2h,7.5,1.07,2026-09-30T12:54:04+00:00
2026-09-30T12:54:22.695202+00:00,tennis_atp_china_open,1b9a358b39f42e7ac16354a717729f4f,Nuno Borges,Novak Djokovic,betfair_sb_uk,h2h,6.5,1.1,2026-09-30T12:53:54+00:00
2026-09-30T12:54:22.695202+00:00,tennis_atp_china_open,1b9a358b39f42e7ac16354a717729f4f,Nuno Borges,Novak Djokovic,betvictor,h2h,5.0,1.15,2026-09-30T12:52:27+00:00
2026-09-30T12:54:22.695202+00:00,tennis_atp_china_open,1b9a358b39f42e7ac16354a717729f4f,Nuno Borges,Novak Djokovic,betway,h2h,4.25,1.22,2026-09-30T12:53:39+00:00
2026-09-30T12:54:22.695202+00:00,tennis_atp_china_open,1b9a358b39f42e7ac16354a717729f4f,Nuno Borges,Novak Djokovic,boylesports,h2h,7.5,1.08,2026-09-30T12:54:10+00:00
2026-09-30T12:54:22.695202+00:00,tennis_atp_china_open,1b9a358b39f42e7ac16354a717729f4f,Nuno Borges,Novak Djokovic,casumo,h2h,4.9,1.17,2026-09-30T12:53:39+00:00
2026-09-30T12:54:22.695202+00:00,tennis_atp_china_open,1b9a358b39f42e7ac16354a717729f4f,Nuno Borges,Novak Djokovic,coral,h2h,5.0,1.15,2026-09-30T12:53:39+00:00
2026-09-30T12:54:22.695202+00:00,tennis_atp_china_open,1b9a358b39f42e7ac16354a717729f4f,Nuno Borges,Novak Djokovic,grosvenor,h2h,6.75,1.09,2026-09-30T12:53:44+00:00
2026-09-30T12:54:22.695202+00:00,tennis_atp_china_open,1b9a358b39f42e7ac16354a717729f4f,Nuno Borges,Novak Djokovic,ladbrokes_uk,h2h,5.0,1.15,2026-09-30T12:54:09+00:00
2026-09-30T12:54:22.695202+00:00,tennis_atp_china_open,1b9a358b39f42e7ac16354a717729f4f,Nuno Borges,Novak Djokovic,leovegas,h2h,6.8,1.09,2026-09-30T12:54:10+00:00
2026-09-30T12:54:22.695202+00:00,tennis_atp_china_open,1b9a358b39f42e7ac16354a717729f4f,Nuno Borges,Novak Djokovic,livescorebet,h2h,4.6,1.16,2026-09-30T12:53:38+00:00
2026-09-30T12:54:22.695202+00:00,tennis_atp_china_open,1b9a358b39f42e7ac16354a717729f4f,Nuno Borges,Novak Djokovic,matchbook,h2h,7.0,1.15,2026-09-30T12:54:09+00:00
2026-09-30T12:54:22.695202+00:00,tennis_atp_china_open,1b9a358b39f42e7ac16354a717729f4f,Nuno Borges,Novak Djokovic,paddypower,h2h,6.5,1.08,2026-09-30T12:54:09+00:00
2026-09-30T12:54:22.695202+00:00,tennis_atp_china_open,1b9a358b39f42e7ac16354a717729f4f,Nuno Borges,Novak Djokovic,skybet,h2h,3.5,1.25,2026-09-30T12:54:09+00:00
2026-09-30T12:54:22.695202+00:00,tennis_atp_china_open,1b9a358b39f42e7ac16354a717729f4f,Nuno Borges,Novak Djokovic,smarkets,h2h,4.0,1.19,2026-09-30T12:54:09+00:00
2026-09-30T12:54:22.695202+00:00,tennis_atp_china_open,1b9a358b39f42e7ac16354a717729f4f,Nuno Borges,Novak Djokovic,sport888,h2h,6.0,1.11,2026-09-30T12:54:10+00:00
2026-09-30T12:54:22.695202+00:00,tennis_atp_china_open,1b9a358b39f42e7ac16354a717729f4f,Nuno Borges,Novak Djokovic,unibet_uk,h2h,7.5,1.09,2026-09-30T12:53:55+00:00
2026-09-30T12:54:22.695202+00:00,tennis_atp_china_open,1b9a358b39f42e7ac16354a717729f4f,Nuno Borges,Novak Djokovic,virginbet,h2h,6.75,1.08,2026-09-30T12:54:10+00:00
2026-09-30T12:54:22.695202+00:00,tennis_atp_china_open,1b9a358b39f42e7ac16354a717729f4f,Nuno Borges,Novak Djokovic,williamhill,h2h,4.33,1.2,2026-09-30T12:53:54+00:00
2026-09-30T12:54:22.695202+00:00,tennis_atp_china_open,c83a68420401e6b8f8010e3050bed2ea,Alex Molcan,Arthur Rinderknech,betfair_ex_uk,h2h,2.48,1.65,2026-09-30T12:54:10+00:00
2026-09-30T12:54:22.695202+00:00,tennis_atp_china_open,c83a68420401e6b8f8010e3050bed2ea,Alex Molcan,Arthur Rinderknech,betano_uk,h2h,2.25,1.57,2026-09-30T12:54:04+00:00
2026-09-30T12:54:22.695202+00:00,tennis_atp_china_open,c83a68420401e6b8f8010e3050bed2ea,Alex Molcan,Arthur Rinderknech,betfair_sb_uk,h2h,2.25,1.62,2026-09-30T12:53:54+00:00
2026-09-30T12:54:22.695202+00:00,tennis_atp_china_open,c83a68420401e6b8f8010e3050bed2ea,Alex Molcan,Arthur Rinderknech,betvictor,h2h,2.25,1.57,2026-09-30T12:52:27+00:00
2026-09-30T12:54:22.695202+00:00,tennis_atp_china_open,c83a68420401e6b8f8010e3050bed2ea,Alex Molcan,Arthur Rinderknech,betway,h2h,2.3,1.6,2026-09-30T12:53:39+00:00
2026-09-30T12:54:22.695202+00:00,tennis_atp_china_open,c83a68420401e6b8f8010e3050bed2ea,Alex Molcan,Arthur Rinderknech,boylesports,h2h,2.3,1.62,2026-09-30T12:54:10+00:00
2026-09-30T12:54:22.695202+00:00,tennis_atp_china_open,c83a68420401e6b8f8010e3050bed2ea,Alex Molcan,Arthur Rinderknech,casumo,h2h,2.33,1.6,2026-09-30T12:53:39+00:00
2026-09-30T12:54:22.695202+00:00,tennis_atp_china_open,c83a68420401e6b8f8010e3050bed2ea,Alex Molcan,Arthur Rinderknech,coral,h2h,2.2,1.6,2026-09-30T12:53:39+00:00
2026-09-30T12:54:22.695202+00:00,tennis_atp_china_open,c83a68420401e6b8f8010e3050bed2ea,Alex Molcan,Arthur Rinderknech,grosvenor,h2h,2.33,1.6,2026-09-30T12:53:44+00:00
2026-09-30T12:54:22.695202+00:00,tennis_atp_china_open,c83a68420401e6b8f8010e3050bed2ea,Alex Molcan,Arthur Rinderknech,ladbrokes_uk,h2h,2.2,1.6,2026-09-30T12:54:09+00:00
2026-09-30T12:54:22.695202+00:00,tennis_atp_china_open,c83a68420401e6b8f8010e3050bed2ea,Alex Molcan,Arthur Rinderknech,leovegas,h2h,2.25,1.57,2026-09-30T12:54:10+00:00
2026-09-30T12:54:22.695202+00:00,tennis_atp_china_open,c83a68420401e6b8f8010e3050bed2ea,Alex Molcan,Arthur Rinderknech,livescorebet,h2h,2.33,1.6,2026-09-30T12:53:38+00:00
2026-09-30T12:54:22.695202+00:00,tennis_atp_china_open,c83a68420401e6b8f8010e3050bed2ea,Alex Molcan,Arthur Rinderknech,matchbook,h2h,2.5,1.65,2026-09-30T12:54:09+00:00
2026-09-30T12:54:22.695202+00:00,tennis_atp_china_open,c83a68420401e6b8f8010e3050bed2ea,Alex Molcan,Arthur Rinderknech,paddypower,h2h,2.25,1.57,2026-09-30T12:54:10+00:00
2026-09-30T12:54:22.695202+00:00,tennis_atp_china_open,c83a68420401e6b8f8010e3050bed2ea,Alex Molcan,Arthur Rinderknech,skybet,h2h,2.25,1.57,2026-09-30T12:54:09+00:00
2026-09-30T12:54:22.695202+00:00,tennis_atp_china_open,c83a68420401e6b8f8010e3050bed2ea,Alex Molcan,Arthur Rinderknech,smarkets,h2h,2.42,1.64,2026-09-30T12:54:09+00:00
2026-09-30T12:54:22.695202+00:00,tennis_atp_china_open,c83a68420401e6b8f8010e3050bed2ea,Alex Molcan,Arthur Rinderknech,sport888,h2h,2.3,1.61,2026-09-30T12:54:10+00:00
2026-09-30T12:54:22.695202+00:00,tennis_atp_china_open,c83a68420401e6b8f8010e3050bed2ea,Alex Molcan,Arthur Rinderknech,unibet_uk,h2h,2.29,1.6,2026-09-30T12:53:55+00:00
2026-09-30T12:54:22.695202+00:00,tennis_atp_china_open,c83a68420401e6b8f8010e3050bed2ea,Alex Molcan,Arthur Rinderknech,virginbet,h2h,2.33,1.6,2026-09-30T12:54:10+00:00
2026-09-30T12:54:22.695202+00:00,tennis_atp_china_open,c83a68420401e6b8f8010e3050bed2ea,Alex Molcan,Arthur Rinderknech,williamhill,h2h,2.3,1.62,2026-09-30T12:53:54+00:00
2026-09-30T12:54:22.695202+00:00,tennis_atp_china_open,f3149a5c4e24243211d462d3becfe39d,Alex de Minaur,Mariano Navone,betfair_ex_uk,h2h,1.25,4.9,2026-09-30T12:54:09+00:00
2026-09-30T12:54:22.695202+00:00,tennis_atp_china_open,f3149a5c4e24243211d462d3becfe39d,Alex de Minaur,Mariano Navone,betano_uk,h2h,1.18,4.33,2026-09-30T12:54:04+00:00
2026-09-30T12:54:22.695202+00:00,tennis_atp_china_open,f3149a5c4e24243211d462d3becfe39d,Alex de Minaur,Mariano Navone,betfair_sb_uk,h2h,1.22,4.0,2026-09-30T12:53:54+00:00
2026-09-30T12:54:22.695202+00:00,tennis_atp_china_open,f3149a5c4e24243211d462d3becfe39d,Alex de Minaur,Mariano Navone,betvictor,h2h,1.18,4.33,2026-09-30T12:52:27+00:00
2026-09-30T12:54:22.695202+00:00,tennis_atp_china_open,f3149a5c4e24243211d462d3becfe39d,Alex de Minaur,Mariano Navone,betway,h2h,1.22,4.25,2026-09-30T12:53:39+00:00
2026-09-30T12:54:22.695202+00:00,tennis_atp_china_open,f3149a5c4e24243211d462d3becfe39d,Alex de Minaur,Mariano Navone,boylesports,h2h,1.2,4.5,2026-09-30T12:54:10+00:00
2026-09-30T12:54:22.695202+00:00,tennis_atp_china_open,f3149a5c4e24243211d462d3becfe39d,Alex de Minaur,Mariano Navone,casumo,h2h,1.22,4.25,2026-09-30T12:53:39+00:00
2026-09-30T12:54:22.695202+00:00,tennis_atp_china_open,f3149a5c4e24243211d462d3becfe39d,Alex de Minaur,Mariano Navone,coral,h2h,1.2,4.2,2026-09-30T12:53:39+00:00
2026-09-30T12:54:22.695202+00:00,tennis_atp_china_open,f3149a5c4e24243211d462d3becfe39d,Alex de Minaur,Mariano Navone,grosvenor,h2h,1.22,4.25,2026-09-30T12:53:44+00:00
2026-09-30T12:54:22.695202+00:00,tennis_atp_china_open,f3149a5c4e24243211d462d3becfe39d,Alex de Minaur,Mariano Navone,ladbrokes_uk,h2h,1.2,4.2,2026-09-30T12:54:09+00:00
2026-09-30T12:54:22.695202+00:00,tennis_atp_china_open,f3149a5c4e24243211d462d3becfe39d,Alex de Minaur,Mariano Navone,leovegas,h2h,1.2,4.05,2026-09-30T12:54:10+00:00
2026-09-30T12:54:22.695202+00:00,tennis_atp_china_open,f3149a5c4e24243211d462d3becfe39d,Alex de Minaur,Mariano Navone,livescorebet,h2h,1.22,4.25,2026-09-30T12:53:38+00:00
2026-09-30T12:54:22.695202+00:00,tennis_atp_china_open,f3149a5c4e24243211d462d3becfe39d,Alex de Minaur,Mariano Navone,matchbook,h2h,1.25,4.9,2026-09-30T12:54:09+00:00
2026-09-30T12:54:22.695202+00:00,tennis_atp_china_open,f3149a5c4e24243211d462d3becfe39d,Alex de Minaur,Mariano Navone,paddypower,h2h,1.2,4.0,2026-09-30T12:54:09+00:00
2026-09-30T12:54:22.695202+00:00,tennis_atp_china_open,f3149a5c4e24243211d462d3becfe39d,Alex de Minaur,Mariano Navone,skybet,h2h,1.2,4.0,2026-09-30T12:54:09+00:00
2026-09-30T12:54:22.695202+00:00,tennis_atp_china_open,f3149a5c4e24243211d462d3becfe39d,Alex de Minaur,Mariano Navone,smarkets,h2h,1.23,4.6,2026-09-30T12:54:09+00:00
2026-09-30T12:54:22.695202+00:00,tennis_atp_china_open,f3149a5c4e24243211d462d3becfe39d,Alex de Minaur,Mariano Navone,sport888,h2h,1.25,4.0,2026-09-30T12:54:10+00:00
2026-09-30T12:54:22.695202+00:00,tennis_atp_china_open,f3149a5c4e24243211d462d3becfe39d,Alex de Minaur,Mariano Navone,virginbet,h2h,1.22,4.25,2026-09-30T12:54:10+00:00
2026-09-30T12:54:22.695202+00:00,tennis_atp_china_open,f3149a5c4e24243211d462d3becfe39d,Alex de Minaur,Mariano Navone,williamhill,h2h,1.25,4.0,2026-09-30T12:53:54+00:00
2026-09-30T12:54:22.695202+00:00,tennis_atp_china_open,8385aac113ecfb54b50592228c73e06f,Roman Safiullin,Flavio Cobolli,betfair_ex_uk,h2h,2.08,1.9,2026-09-30T12:54:09+00:00
2026-09-30T12:54:22.695202+00:00,tennis_atp_china_open,8385aac113ecfb54b50592228c73e06f,Roman Safiullin,Flavio Cobolli,betano_uk,h2h,2.0,1.73,2026-09-30T12:54:04+00:00
2026-09-30T12:54:22.695202+00:00,tennis_atp_china_open,8385aac113ecfb54b50592228c73e06f,Roman Safiullin,Flavio Cobolli,betvictor,h2h,2.0,1.73,2026-09-30T12:52:27+00:00
2026-09-30T12:54:22.695202+00:00,tennis_atp_china_open,8385aac113ecfb54b50592228c73e06f,Roman Safiullin,Flavio Cobolli,betway,h2h,1.95,1.85,2026-09-30T12:53:39+00:00
2026-09-30T12:54:22.695202+00:00,tennis_atp_china_open,8385aac113ecfb54b50592228c73e06f,Roman Safiullin,Flavio Cobolli,boylesports,h2h,2.0,1.83,2026-09-30T12:54:10+00:00
2026-09-30T12:54:22.695202+00:00,tennis_atp_china_open,8385aac113ecfb54b50592228c73e06f,Roman Safiullin,Flavio Cobolli,casumo,h2h,2.06,1.76,2026-09-30T12:53:39+00:00
2026-09-30T12:54:22.695202+00:00,tennis_atp_china_open,8385aac113ecfb54b50592228c73e06f,Roman Safiullin,Flavio Cobolli,coral,h2h,2.0,1.75,2026-09-30T12:53:39+00:00
2026-09-30T12:54:22.695202+00:00,tennis_atp_china_open,8385aac113ecfb54b50592228c73e06f,Roman Safiullin,Flavio Cobolli,grosvenor,h2h,2.06,1.76,2026-09-30T12:53:45+00:00
2026-09-30T12:54:22.695202+00:00,tennis_atp_china_open,8385aac113ecfb54b50592228c73e06f,Roman Safiullin,Flavio Cobolli,ladbrokes_uk,h2h,2.0,1.75,2026-09-30T12:54:09+00:00
2026-09-30T12:54:22.695202+00:00,tennis_atp_china_open,8385aac113ecfb54b50592228c73e06f,Roman Safiullin,Flavio Cobolli,leovegas,h2h,1.92,1.8,2026-09-30T12:54:10+00:00
2026-09-30T12:54:22.695202+00:00,tennis_atp_china_open,8385aac113ecfb54b50592228c73e06f,Roman Safiullin,Flavio Cobolli,livescorebet,h2h,2.06,1.76,2026-09-30T12:53:38+00:00
2026-09-30T12:54:22.695202+00:00,tennis_atp_china_open,8385aac113ecfb54b50592228c73e06f,Roman Safiullin,Flavio Cobolli,matchbook,h2h,2.08,1.89,2026-09-30T12:54:09+00:00
2026-09-30T12:54:22.695202+00:00,tennis_atp_china_open,8385aac113ecfb54b50592228c73e06f,Roman Safiullin,Flavio Cobolli,paddypower,h2h,2.0,1.73,2026-09-30T12:54:09+00:00
2026-09-30T12:54:22.695202+00:00,tennis_atp_china_open,8385aac113ecfb54b50592228c73e06f,Roman Safiullin,Flavio Cobolli,skybet,h2h,2.1,1.67,2026-09-30T12:54:09+00:00
2026-09-30T12:54:22.695202+00:00,tennis_atp_china_open,8385aac113ecfb54b50592228c73e06f,Roman Safiullin,Flavio Cobolli,smarkets,h2h,2.04,1.85,2026-09-30T12:54:09+00:00
2026-09-30T12:54:22.695202+00:00,tennis_atp_china_open,8385aac113ecfb54b50592228c73e06f,Roman Safiullin,Flavio Cobolli,sport888,h2h,1.95,1.85,2026-09-30T12:54:10+00:00
2026-09-30T12:54:22.695202+00:00,tennis_atp_china_open,8385aac113ecfb54b50592228c73e06f,Roman Safiullin,Flavio Cobolli,unibet_uk,h2h,1.98,1.8,2026-09-30T12:53:55+00:00
2026-09-30T12:54:22.695202+00:00,tennis_atp_china_open,8385aac113ecfb54b50592228c73e06f,Roman Safiullin,Flavio Cobolli,virginbet,h2h,2.06,1.76,2026-09-30T12:54:10+00:00
2026-09-30T12:54:22.695202+00:00,tennis_atp_china_open,8385aac113ecfb54b50592228c73e06f,Roman Safiullin,Flavio Cobolli,williamhill,h2h,1.95,1.85,2026-09-30T12:53:54+00:00
2026-09-30T12:54:22.695202+00:00,tennis_atp_china_open,0c39522d563ce8eb6ce47ba0d07b50d8,Ignacio Buse,Quentin Halys,betfair_ex_uk,h2h,2.18,1.82,2026-09-30T12:54:09+00:00
2026-09-30T12:54:22.695202+00:00,tennis_atp_china_open,0c39522d563ce8eb6ce47ba0d07b50d8,Ignacio Buse,Quentin Halys,betano_uk,h2h,2.05,1.7,2026-09-30T12:54:04+00:00
2026-09-30T12:54:22.695202+00:00,tennis_atp_china_open,0c39522d563ce8eb6ce47ba0d07b50d8,Ignacio Buse,Quentin Halys,betfair_sb_uk,h2h,2.0,1.8,2026-09-30T12:53:54+00:00
2026-09-30T12:54:22.695202+00:00,tennis_atp_china_open,0c39522d563ce8eb6ce47ba0d07b50d8,Ignacio Buse,Quentin Halys,betvictor,h2h,2.05,1.7,2026-09-30T12:52:27+00:00
2026-09-30T12:54:22.695202+00:00,tennis_atp_china_open,0c39522d563ce8eb6ce47ba0d07b50d8,Ignacio Buse,Quentin Halys,betway,h2h,2.1,1.73,2026-09-30T12:53:39+00:00
2026-09-30T12:54:22.695202+00:00,tennis_atp_china_open,0c39522d563ce8eb6ce47ba0d07b50d8,Ignacio Buse,Quentin Halys,boylesports,h2h,2.1,1.73,2026-09-30T12:54:10+00:00
2026-09-30T12:54:22.695202+00:00,tennis_atp_china_open,0c39522d563ce8eb6ce47ba0d07b50d8,Ignacio Buse,Quentin Halys,casumo,h2h,2.08,1.75,2026-09-30T12:53:39+00:00
2026-09-30T12:54:22.695202+00:00,tennis_atp_china_open,0c39522d563ce8eb6ce47ba0d07b50d8,Ignacio Buse,Quentin Halys,coral,h2h,2.0,1.73,2026-09-30T12:53:39+00:00
2026-09-30T12:54:22.695202+00:00,tennis_atp_china_open,0c39522d563ce8eb6ce47ba0d07b50d8,Ignacio Buse,Quentin Halys,grosvenor,h2h,2.08,1.75,2026-09-30T12:53:44+00:00
2026-09-30T12:54:22.695202+00:00,tennis_atp_china_open,0c39522d563ce8eb6ce47ba0d07b50d8,Ignacio Buse,Quentin Halys,ladbrokes_uk,h2h,2.0,1.73,2026-09-30T12:54:09+00:00
2026-09-30T12:54:22.695202+00:00,tennis_atp_china_open,0c39522d563ce8eb6ce47ba0d07b50d8,Ignacio Buse,Quentin Halys,leovegas,h2h,2.02,1.7,2026-09-30T12:54:10+00:00
2026-09-30T12:54:22.695202+00:00,tennis_atp_china_open,0c39522d563ce8eb6ce47ba0d07b50d8,Ignacio Buse,Quentin Halys,livescorebet,h2h,2.08,1.75,2026-09-30T12:53:38+00:00
2026-09-30T12:54:22.695202+00:00,tennis_atp_china_open,0c39522d563ce8eb6ce47ba0d07b50d8,Ignacio Buse,Quentin Halys,matchbook,h2h,2.18,1.82,2026-09-30T12:54:09+00:00
2026-09-30T12:54:22.695202+00:00,tennis_atp_china_open,0c39522d563ce8eb6ce47ba0d07b50d8,Ignacio Buse,Quentin Halys,paddypower,h2h,2.0,1.73,2026-09-30T12:54:09+00:00
2026-09-30T12:54:22.695202+00:00,tennis_atp_china_open,0c39522d563ce8eb6ce47ba0d07b50d8,Ignacio Buse,Quentin Halys,skybet,h2h,2.0,1.73,2026-09-30T12:54:09+00:00
2026-09-30T12:54:22.695202+00:00,tennis_atp_china_open,0c39522d563ce8eb6ce47ba0d07b50d8,Ignacio Buse,Quentin Halys,smarkets,h2h,2.16,1.8,2026-09-30T12:54:09+00:00
2026-09-30T12:54:22.695202+00:00,tennis_atp_china_open,0c39522d563ce8eb6ce47ba0d07b50d8,Ignacio Buse,Quentin Halys,sport888,h2h,2.1,1.73,2026-09-30T12:54:10+00:00
2026-09-30T12:54:22.695202+00:00,tennis_atp_china_open,0c39522d563ce8eb6ce47ba0d07b50d8,Ignacio Buse,Quentin Halys,unibet_uk,h2h,2.07,1.73,2026-09-30T12:53:55+00:00
2026-09-30T12:54:22.695202+00:00,tennis_atp_china_open,0c39522d563ce8eb6ce47ba0d07b50d8,Ignacio Buse,Quentin Halys,virginbet,h2h,2.08,1.75,2026-09-30T12:54:10+00:00
2026-09-30T12:54:22.695202+00:00,tennis_atp_china_open,0c39522d563ce8eb6ce47ba0d07b50d8,Ignacio Buse,Quentin Halys,williamhill,h2h,2.1,1.73,2026-09-30T12:53:54+00:00
2026-09-30T12:54:22.695202+00:00,tennis_atp_china_open,0538a6a69f027f97e7fc87dac711046e,Botic van de Zandschulp,Francisco Cerundolo,betfair_ex_uk,h2h,2.34,1.72,2026-09-30T12:54:10+00:00
2026-09-30T12:54:22.695202+00:00,tennis_atp_china_open,0538a6a69f027f97e7fc87dac711046e,Botic van de Zandschulp,Francisco Cerundolo,betano_uk,h2h,2.2,1.61,2026-09-30T12:54:04+00:00
2026-09-30T12:54:22.695202+00:00,tennis_atp_china_open,0538a6a69f027f97e7fc87dac711046e,Botic van de Zandschulp,Francisco Cerundolo,betvictor,h2h,2.2,1.61,2026-09-30T12:52:27+00:00
2026-09-30T12:54:22.695202+00:00,tennis_atp_china_open,0538a6a69f027f97e7fc87dac711046e,Botic van de Zandschulp,Francisco Cerundolo,betway,h2h,2.25,1.65,2026-09-30T12:53:39+00:00
2026-09-30T12:54:22.695202+00:00,tennis_atp_china_open,0538a6a69f027f97e7fc87dac711046e,Botic van de Zandschulp,Francisco Cerundolo,boylesports,h2h,2.2,1.67,2026-09-30T12:54:10+00:00
2026-09-30T12:54:22.695202+00:00,tennis_atp_china_open,0538a6a69f027f97e7fc87dac711046e,Botic van de Zandschulp,Francisco Cerundolo,casumo,h2h,2.28,1.63,2026-09-30T12:53:39+00:00
2026-09-30T12:54:22.695202+00:00,tennis_atp_china_open,0538a6a69f027f97e7fc87dac711046e,Botic van de Zandschulp,Francisco Cerundolo,coral,h2h,2.15,1.65,2026-09-30T12:53:39+00:00
2026-09-30T12:54:22.695202+00:00,tennis_atp_china_open,0538a6a69f027f97e7fc87dac711046e,Botic van de Zandschulp,Francisco Cerundolo,grosvenor,h2h,2.28,1.63,2026-09-30T12:53:45+00:00
2026-09-30T12:54:22.695202+00:00,tennis_atp_china_open,0538a6a69f027f97e7fc87dac711046e,Botic van de Zandschulp,Francisco Cerundolo,ladbrokes_uk,h2h,2.15,1.65,2026-09-30T12:54:09+00:00
2026-09-30T12:54:22.695202+00:00,tennis_atp_china_open,0538a6a69f027f97e7fc87dac711046e,Botic van de Zandschulp,Francisco Cerundolo,leovegas,h2h,2.18,1.62,2026-09-30T12:54:10+00:00
2026-09-30T12:54:22.695202+00:00,tennis_atp_china_open,0538a6a69f027f97e7fc87dac711046e,Botic van de Zandschulp,Francisco Cerundolo,livescorebet,h2h,2.28,1.63,2026-09-30T12:53:38+00:00
2026-09-30T12:54:22.695202+00:00,tennis_atp_china_open,0538a6a69f027f97e7fc87dac711046e,Botic van de Zandschulp,Francisco Cerundolo,matchbook,h2h,2.34,1.73,2026-09-30T12:54:09+00:00
2026-09-30T12:54:22.695202+00:00,tennis_atp_china_open,0538a6a69f027f97e7fc87dac711046e,Botic van de Zandschulp,Francisco Cerundolo,paddypower,h2h,2.2,1.62,2026-09-30T12:54:09+00:00
2026-09-30T12:54:22.695202+00:00,tennis_atp_china_open,0538a6a69f027f97e7fc87dac711046e,Botic van de Zandschulp,Francisco Cerundolo,skybet,h2h,2.2,1.62,2026-09-30T12:54:09+00:00
2026-09-30T12:54:22.695202+00:00,tennis_atp_china_open,0538a6a69f027f97e7fc87dac711046e,Botic van de Zandschulp,Francisco Cerundolo,smarkets,h2h,2.3,1.68,2026-09-30T12:54:09+00:00
2026-09-30T12:54:22.695202+00:00,tennis_atp_china_open,0538a6a69f027f97e7fc87dac711046e,Botic van de Zandschulp,Francisco Cerundolo,sport888,h2h,2.2,1.67,2026-09-30T12:54:10+00:00
2026-09-30T12:54:22.695202+00:00,tennis_atp_china_open,0538a6a69f027f97e7fc87dac711046e,Botic van de Zandschulp,Francisco Cerundolo,virginbet,h2h,2.28,1.63,2026-09-30T12:54:10+00:00
2026-09-30T12:54:22.695202+00:00,tennis_atp_china_open,0538a6a69f027f97e7fc87dac711046e,Botic van de Zandschulp,Francisco Cerundolo,williamhill,h2h,2.2,1.67,2026-09-30T12:53:54+00:00
2026-09-30T12:54:22.695202+00:00,tennis_atp_china_open,c1bae50988ffee351524f95dacfa76f7,Juncheng Shang,Sebastian Baez,betfair_ex_uk,h2h,1.7,2.4,2026-09-30T12:54:09+00:00
2026-09-30T12:54:22.695202+00:00,tennis_atp_china_open,c1bae50988ffee351524f95dacfa76f7,Juncheng Shang,Sebastian Baez,betano_uk,h2h,1.61,2.2,2026-09-30T12:54:04+00:00
2026-09-30T12:54:22.695202+00:00,tennis_atp_china_open,c1bae50988ffee351524f95dacfa76f7,Juncheng Shang,Sebastian Baez,betvictor,h2h,1.61,2.2,2026-09-30T12:52:27+00:00
2026-09-30T12:54:22.695202+00:00,tennis_atp_china_open,c1bae50988ffee351524f95dacfa76f7,Juncheng Shang,Sebastian Baez,betway,h2h,1.65,2.25,2026-09-30T12:53:39+00:00
2026-09-30T12:54:22.695202+00:00,tennis_atp_china_open,c1bae50988ffee351524f95dacfa76f7,Juncheng Shang,Sebastian Baez,boylesports,h2h,1.62,2.3,2026-09-30T12:54:10+00:00
2026-09-30T12:54:22.695202+00:00,tennis_atp_china_open,c1bae50988ffee351524f95dacfa76f7,Juncheng Shang,Sebastian Baez,casumo,h2h,1.63,2.28,2026-09-30T12:53:39+00:00
2026-09-30T12:54:22.695202+00:00,tennis_atp_china_open,c1bae50988ffee351524f95dacfa76f7,Juncheng Shang,Sebastian Baez,coral,h2h,1.6,2.2,2026-09-30T12:53:39+00:00
2026-09-30T12:54:22.695202+00:00,tennis_atp_china_open,c1bae50988ffee351524f95dacfa76f7,Juncheng Shang,Sebastian Baez,grosvenor,h2h,1.63,2.28,2026-09-30T12:53:45+00:00
2026-09-30T12:54:22.695202+00:00,tennis_atp_china_open,c1bae50988ffee351524f95dacfa76f7,Juncheng Shang,Sebastian Baez,ladbrokes_uk,h2h,1.6,2.2,2026-09-30T12:54:09+00:00
2026-09-30T12:54:22.695202+00:00,tennis_atp_china_open,c1bae50988ffee351524f95dacfa76f7,Juncheng Shang,Sebastian Baez,leovegas,h2h,1.6,2.2,2026-09-30T12:54:10+00:00
2026-09-30T12:54:22.695202+00:00,tennis_atp_china_open,c1bae50988ffee351524f95dacfa76f7,Juncheng Shang,Sebastian Baez,livescorebet,h2h,1.63,2.28,2026-09-30T12:53:38+00:00
2026-09-30T12:54:22.695202+00:00,tennis_atp_china_open,c1bae50988ffee351524f95dacfa76f7,Juncheng Shang,Sebastian Baez,matchbook,h2h,1.7,2.4,2026-09-30T12:54:09+00:00
2026-09-30T12:54:22.695202+00:00,tennis_atp_china_open,c1bae50988ffee351524f95dacfa76f7,Juncheng Shang,Sebastian Baez,paddypower,h2h,1.57,2.25,2026-09-30T12:54:10+00:00
2026-09-30T12:54:22.695202+00:00,tennis_atp_china_open,c1bae50988ffee351524f95dacfa76f7,Juncheng Shang,Sebastian Baez,skybet,h2h,1.57,2.25,2026-09-30T12:54:09+00:00
2026-09-30T12:54:22.695202+00:00,tennis_atp_china_open,c1bae50988ffee351524f95dacfa76f7,Juncheng Shang,Sebastian Baez,smarkets,h2h,1.66,2.38,2026-09-30T12:54:09+00:00
2026-09-30T12:54:22.695202+00:00,tennis_atp_china_open,c1bae50988ffee351524f95dacfa76f7,Juncheng Shang,Sebastian Baez,sport888,h2h,1.61,2.3,2026-09-30T12:54:10+00:00
2026-09-30T12:54:22.695202+00:00,tennis_atp_china_open,c1bae50988ffee351524f95dacfa76f7,Juncheng Shang,Sebastian Baez,unibet_uk,h2h,1.62,2.25,2026-09-30T12:53:56+00:00
2026-09-30T12:54:22.695202+00:00,tennis_atp_china_open,c1bae50988ffee351524f95dacfa76f7,Juncheng Shang,Sebastian Baez,virginbet,h2h,1.63,2.28,2026-09-30T12:54:10+00:00
2026-09-30T12:54:22.695202+00:00,tennis_atp_china_open,c1bae50988ffee351524f95dacfa76f7,Juncheng Shang,Sebastian Baez,williamhill,h2h,1.62,2.3,2026-09-30T12:53:54+00:00
2026-09-30T12:54:22.695202+00:00,tennis_atp_china_open,baf8f73b47a664fcede53262ff09e26d,Alexander Zverev,Cameron Norrie,betfair_ex_uk,h2h,1.12,8.6,2026-09-30T12:54:09+00:00
2026-09-30T12:54:22.695202+00:00,tennis_atp_china_open,baf8f73b47a664fcede53262ff09e26d,Alexander Zverev,Cameron Norrie,betano_uk,h2h,1.1,6.0,2026-09-30T12:54:04+00:00
2026-09-30T12:54:22.695202+00:00,tennis_atp_china_open,baf8f73b47a664fcede53262ff09e26d,Alexander Zverev,Cameron Norrie,betvictor,h2h,1.1,6.0,2026-09-30T12:52:27+00:00
2026-09-30T12:54:22.695202+00:00,tennis_atp_china_open,baf8f73b47a664fcede53262ff09e26d,Alexander Zverev,Cameron Norrie,betway,h2h,1.1,7.0,2026-09-30T12:53:39+00:00
2026-09-30T12:54:22.695202+00:00,tennis_atp_china_open,baf8f73b47a664fcede53262ff09e26d,Alexander Zverev,Cameron Norrie,boylesports,h2h,1.1,7.5,2026-09-30T12:54:10+00:00
2026-09-30T12:54:22.695202+00:00,tennis_atp_china_open,baf8f73b47a664fcede53262ff09e26d,Alexander Zverev,Cameron Norrie,casumo,h2h,1.09,7.5,2026-09-30T12:53:39+00:00
2026-09-30T12:54:22.695202+00:00,tennis_atp_china_open,baf8f73b47a664fcede53262ff09e26d,Alexander Zverev,Cameron Norrie,coral,h2h,1.1,7.0,2026-09-30T12:53:39+00:00
2026-09-30T12:54:22.695202+00:00,tennis_atp_china_open,baf8f73b47a664fcede53262ff09e26d,Alexander Zverev,Cameron Norrie,grosvenor,h2h,1.09,7.5,2026-09-30T12:53:45+00:00
2026-09-30T12:54:22.695202+00:00,tennis_atp_china_open,baf8f73b47a664fcede53262ff09e26d,Alexander Zverev,Cameron Norrie,ladbrokes_uk,h2h,1.1,7.0,2026-09-30T12:54:09+00:00
2026-09-30T12:54:22.695202+00:00,tennis_atp_china_open,baf8f73b47a664fcede53262ff09e26d,Alexander Zverev,Cameron Norrie,leovegas,h2h,1.07,6.8,2026-09-30T12:54:10+00:00
2026-09-30T12:54:22.695202+00:00,tennis_atp_china_open,baf8f73b47a664fcede53262ff09e26d,Alexander Zverev,Cameron Norrie,livescorebet,h2h,1.09,7.5,2026-09-30T12:53:38+00:00
2026-09-30T12:54:22.695202+00:00,tennis_atp_china_open,baf8f73b47a664fcede53262ff09e26d,Alexander Zverev,Cameron Norrie,matchbook,h2h,1.12,8.6,2026-09-30T12:54:09+00:00
2026-09-30T12:54:22.695202+00:00,tennis_atp_china_open,baf8f73b47a664fcede53262ff09e26d,Alexander Zverev,Cameron Norrie,paddypower,h2h,1.07,7.0,2026-09-30T12:54:10+00:00
2026-09-30T12:54:22.695202+00:00,tennis_atp_china_open,baf8f73b47a664fcede53262ff09e26d,Alexander Zverev,Cameron Norrie,skybet,h2h,1.07,7.0,2026-09-30T12:54:09+00:00
2026-09-30T12:54:22.695202+00:00,tennis_atp_china_open,baf8f73b47a664fcede53262ff09e26d,Alexander Zverev,Cameron Norrie,smarkets,h2h,1.11,8.2,2026-09-30T12:54:09+00:00
2026-09-30T12:54:22.695202+00:00,tennis_atp_china_open,baf8f73b47a664fcede53262ff09e26d,Alexander Zverev,Cameron Norrie,sport888,h2h,1.06,8.0,2026-09-30T12:54:10+00:00
2026-09-30T12:54:22.695202+00:00,tennis_atp_china_open,baf8f73b47a664fcede53262ff09e26d,Alexander Zverev,Cameron Norrie,unibet_uk,h2h,1.09,6.5,2026-09-30T12:53:56+00:00
2026-09-30T12:54:22.695202+00:00,tennis_atp_china_open,baf8f73b47a664fcede53262ff09e26d,Alexander Zverev,Cameron Norrie,virginbet,h2h,1.09,7.5,2026-09-30T12:54:10+00:00
2026-09-30T12:54:22.695202+00:00,tennis_atp_china_open,baf8f73b47a664fcede53262ff09e26d,Alexander Zverev,Cameron Norrie,williamhill,h2h,1.07,8.0,2026-09-30T12:53:54+00:00
2026-09-30T12:54:22.695202+00:00,tennis_atp_china_open,ef3f453a337c9dae404be4cbf6772441,Tallon Griekspoor,Andrey Rublev,betfair_ex_uk,h2h,2.6,1.61,2026-09-30T12:54:09+00:00
2026-09-30T12:54:22.695202+00:00,tennis_atp_china_open,ef3f453a337c9dae404be4cbf6772441,Tallon Griekspoor,Andrey Rublev,betano_uk,h2h,2.5,1.45,2026-09-30T12:54:04+00:00
2026-09-30T12:54:22.695202+00:00,tennis_atp_china_open,ef3f453a337c9dae404be4cbf6772441,Tallon Griekspoor,Andrey Rublev,betvictor,h2h,2.5,1.45,2026-09-30T12:52:27+00:00
2026-09-30T12:54:22.695202+00:00,tennis_atp_china_open,ef3f453a337c9dae404be4cbf6772441,Tallon Griekspoor,Andrey Rublev,betway,h2h,2.4,1.55,2026-09-30T12:53:39+00:00
2026-09-30T12:54:22.695202+00:00,tennis_atp_china_open,ef3f453a337c9dae404be4cbf6772441,Tallon Griekspoor,Andrey Rublev,boylesports,h2h,2.5,1.53,2026-09-30T12:54:10+00:00
2026-09-30T12:54:22.695202+00:00,tennis_atp_china_open,ef3f453a337c9dae404be4cbf6772441,Tallon Griekspoor,Andrey Rublev,casumo,h2h,2.48,1.54,2026-09-30T12:53:39+00:00
2026-09-30T12:54:22.695202+00:00,tennis_atp_china_open,ef3f453a337c9dae404be4cbf6772441,Tallon Griekspoor,Andrey Rublev,coral,h2h,2.4,1.53,2026-09-30T12:53:39+00:00
2026-09-30T12:54:22.695202+00:00,tennis_atp_china_open,ef3f453a337c9dae404be4cbf6772441,Tallon Griekspoor,Andrey Rublev,grosvenor,h2h,2.48,1.54,2026-09-30T12:53:45+00:00
2026-09-30T12:54:22.695202+00:00,tennis_atp_china_open,ef3f453a337c9dae404be4cbf6772441,Tallon Griekspoor,Andrey Rublev,ladbrokes_uk,h2h,2.4,1.53,2026-09-30T12:54:09+00:00
2026-09-30T12:54:22.695202+00:00,tennis_atp_china_open,ef3f453a337c9dae404be4cbf6772441,Tallon Griekspoor,Andrey Rublev,leovegas,h2h,2.4,1.5,2026-09-30T12:54:10+00:00
2026-09-30T12:54:22.695202+00:00,tennis_atp_china_open,ef3f453a337c9dae404be4cbf6772441,Tallon Griekspoor,Andrey Rublev,livescorebet,h2h,2.48,1.54,2026-09-30T12:53:38+00:00
2026-09-30T12:54:22.695202+00:00,tennis_atp_china_open,ef3f453a337c9dae404be4cbf6772441,Tallon Griekspoor,Andrey Rublev,matchbook,h2h,2.62,1.61,2026-09-30T12:54:09+00:00
2026-09-30T12:54:22.695202+00:00,tennis_atp_china_open,ef3f453a337c9dae404be4cbf6772441,Tallon Griekspoor,Andrey Rublev,paddypower,h2h,2.5,1.5,2026-09-30T12:54:09+00:00
2026-09-30T12:54:22.695202+00:00,tennis_atp_china_open,ef3f453a337c9dae404be4cbf6772441,Tallon Griekspoor,Andrey Rublev,skybet,h2h,2.5,1.5,2026-09-30T12:54:09+00:00
2026-09-30T12:54:22.695202+00:00,tennis_atp_china_open,ef3f453a337c9dae404be4cbf6772441,Tallon Griekspoor,Andrey Rublev,smarkets,h2h,2.58,1.58,2026-09-30T12:54:09+00:00
2026-09-30T12:54:22.695202+00:00,tennis_atp_china_open,ef3f453a337c9dae404be4cbf6772441,Tallon Griekspoor,Andrey Rublev,sport888,h2h,2.5,1.53,2026-09-30T12:54:10+00:00
2026-09-30T12:54:22.695202+00:00,tennis_atp_china_open,ef3f453a337c9dae404be4cbf6772441,Tallon Griekspoor,Andrey Rublev,unibet_uk,h2h,2.42,1.52,2026-09-30T12:53:56+00:00
2026-09-30T12:54:22.695202+00:00,tennis_atp_china_open,ef3f453a337c9dae404be4cbf6772441,Tallon Griekspoor,Andrey Rublev,virginbet,h2h,2.48,1.54,2026-09-30T12:54:10+00:00
2026-09-30T12:54:22.695202+00:00,tennis_atp_china_open,ef3f453a337c9dae404be4cbf6772441,Tallon Griekspoor,Andrey Rublev,williamhill,h2h,2.5,1.53,2026-09-30T12:53:54+00:00
2026-09-30T12:54:22.695202+00:00,tennis_atp_china_open,726e426c5068e86e57b7f81891e0136e,Learner Tien,Hubert Hurkacz,betfair_ex_uk,h2h,1.58,2.7,2026-09-30T12:54:09+00:00
2026-09-30T12:54:22.695202+00:00,tennis_atp_china_open,726e426c5068e86e57b7f81891e0136e,Learner Tien,Hubert Hurkacz,betano_uk,h2h,1.53,2.3,2026-09-30T12:54:04+00:00
2026-09-30T12:54:22.695202+00:00,tennis_atp_china_open,726e426c5068e86e57b7f81891e0136e,Learner Tien,Hubert Hurkacz,betvictor,h2h,1.53,2.3,2026-09-30T12:52:27+00:00
2026-09-30T12:54:22.695202+00:00,tennis_atp_china_open,726e426c5068e86e57b7f81891e0136e,Learner Tien,Hubert Hurkacz,betway,h2h,1.5,2.6,2026-09-30T12:53:39+00:00
2026-09-30T12:54:22.695202+00:00,tennis_atp_china_open,726e426c5068e86e57b7f81891e0136e,Learner Tien,Hubert Hurkacz,boylesports,h2h,1.53,2.5,2026-09-30T12:54:10+00:00
2026-09-30T12:54:22.695202+00:00,tennis_atp_china_open,726e426c5068e86e57b7f81891e0136e,Learner Tien,Hubert Hurkacz,casumo,h2h,1.54,2.48,2026-09-30T12:53:39+00:00
2026-09-30T12:54:22.695202+00:00,tennis_atp_china_open,726e426c5068e86e57b7f81891e0136e,Learner Tien,Hubert Hurkacz,coral,h2h,1.53,2.4,2026-09-30T12:53:39+00:00
2026-09-30T12:54:22.695202+00:00,tennis_atp_china_open,726e426c5068e86e57b7f81891e0136e,Learner Tien,Hubert Hurkacz,grosvenor,h2h,1.54,2.48,2026-09-30T12:53:45+00:00
2026-09-30T12:54:22.695202+00:00,tennis_atp_china_open,726e426c5068e86e57b7f81891e0136e,Learner Tien,Hubert Hurkacz,ladbrokes_uk,h2h,1.53,2.4,2026-09-30T12:54:09+00:00
2026-09-30T12:54:22.695202+00:00,tennis_atp_china_open,726e426c5068e86e57b7f81891e0136e,Learner Tien,Hubert Hurkacz,leovegas,h2h,1.5,2.4,2026-09-30T12:54:10+00:00
2026-09-30T12:54:22.695202+00:00,tennis_atp_china_open,726e426c5068e86e57b7f81891e0136e,Learner Tien,Hubert Hurkacz,livescorebet,h2h,1.54,2.48,2026-09-30T12:53:38+00:00
2026-09-30T12:54:22.695202+00:00,tennis_atp_china_open,726e426c5068e86e57b7f81891e0136e,Learner Tien,Hubert Hurkacz,matchbook,h2h,1.58,2.7,2026-09-30T12:54:09+00:00
2026-09-30T12:54:22.695202+00:00,tennis_atp_china_open,726e426c5068e86e57b7f81891e0136e,Learner Tien,Hubert Hurkacz,paddypower,h2h,1.5,2.5,2026-09-30T12:54:09+00:00
2026-09-30T12:54:22.695202+00:00,tennis_atp_china_open,726e426c5068e86e57b7f81891e0136e,Learner Tien,Hubert Hurkacz,skybet,h2h,1.5,2.5,2026-09-30T12:54:09+00:00
2026-09-30T12:54:22.695202+00:00,tennis_atp_china_open,726e426c5068e86e57b7f81891e0136e,Learner Tien,Hubert Hurkacz,smarkets,h2h,1.56,2.64,2026-09-30T12:54:09+00:00
2026-09-30T12:54:22.695202+00:00,tennis_atp_china_open,726e426c5068e86e57b7f81891e0136e,Learner Tien,Hubert Hurkacz,sport888,h2h,1.53,2.5,2026-09-30T12:54:10+00:00
2026-09-30T12:54:22.695202+00:00,tennis_atp_china_open,726e426c5068e86e57b7f81891e0136e,Learner Tien,Hubert Hurkacz,unibet_uk,h2h,1.54,2.4,2026-09-30T12:53:56+00:00
2026-09-30T12:54:22.695202+00:00,tennis_atp_china_open,726e426c5068e86e57b7f81891e0136e,Learner Tien,Hubert Hurkacz,virginbet,h2h,1.54,2.48,2026-09-30T12:54:10+00:00
2026-09-30T12:54:22.695202+00:00,tennis_atp_china_open,726e426c5068e86e57b7f81891e0136e,Learner Tien,Hubert Hurkacz,williamhill,h2h,1.53,2.5,2026-09-30T12:53:54+00:00
2026-09-30T12:54:22.695202+00:00,tennis_atp_china_open,8e1b1ccdaf9bc406f149cfba186e0337,Alexander Bublik,Jakub Mensik,betfair_ex_uk,h2h,2.54,1.64,2026-09-30T12:54:09+00:00
2026-09-30T12:54:22.695202+00:00,tennis_atp_china_open,8e1b1ccdaf9bc406f149cfba186e0337,Alexander Bublik,Jakub Mensik,betano_uk,h2h,2.25,1.57,2026-09-30T12:54:04+00:00
2026-09-30T12:54:22.695202+00:00,tennis_atp_china_open,8e1b1ccdaf9bc406f149cfba186e0337,Alexander Bublik,Jakub Mensik,betvictor,h2h,2.25,1.57,2026-09-30T12:52:27+00:00
2026-09-30T12:54:22.695202+00:00,tennis_atp_china_open,8e1b1ccdaf9bc406f149cfba186e0337,Alexander Bublik,Jakub Mensik,betway,h2h,2.3,1.6,2026-09-30T12:53:39+00:00
2026-09-30T12:54:22.695202+00:00,tennis_atp_china_open,8e1b1ccdaf9bc406f149cfba186e0337,Alexander Bublik,Jakub Mensik,boylesports,h2h,2.38,1.62,2026-09-30T12:54:10+00:00
2026-09-30T12:54:22.695202+00:00,tennis_atp_china_open,8e1b1ccdaf9bc406f149cfba186e0337,Alexander Bublik,Jakub Mensik,casumo,h2h,2.38,1.57,2026-09-30T12:53:39+00:00
2026-09-30T12:54:22.695202+00:00,tennis_atp_china_open,8e1b1ccdaf9bc406f149cfba186e0337,Alexander Bublik,Jakub Mensik,coral,h2h,2.3,1.55,2026-09-30T12:53:39+00:00
2026-09-30T12:54:22.695202+00:00,tennis_atp_china_open,8e1b1ccdaf9bc406f149cfba186e0337,Alexander Bublik,Jakub Mensik,grosvenor,h2h,2.38,1.57,2026-09-30T12:53:45+00:00
2026-09-30T12:54:22.695202+00:00,tennis_atp_china_open,8e1b1ccdaf9bc406f149cfba186e0337,Alexander Bublik,Jakub Mensik,ladbrokes_uk,h2h,2.3,1.55,2026-09-30T12:54:09+00:00
2026-09-30T12:54:22.695202+00:00,tennis_atp_china_open,8e1b1ccdaf9bc406f149cfba186e0337,Alexander Bublik,Jakub Mensik,leovegas,h2h,2.3,1.55,2026-09-30T12:54:10+00:00
2026-09-30T12:54:22.695202+00:00,tennis_atp_china_open,8e1b1ccdaf9bc406f149cfba186e0337,Alexander Bublik,Jakub Mensik,livescorebet,h2h,2.38,1.58,2026-09-30T12:53:38+00:00
2026-09-30T12:54:22.695202+00:00,tennis_atp_china_open,8e1b1ccdaf9bc406f149cfba186e0337,Alexander Bublik,Jakub Mensik,matchbook,h2h,2.54,1.64,2026-09-30T12:54:09+00:00
2026-09-30T12:54:22.695202+00:00,tennis_atp_china_open,8e1b1ccdaf9bc406f149cfba186e0337,Alexander Bublik,Jakub Mensik,paddypower,h2h,2.38,1.53,2026-09-30T12:54:09+00:00
2026-09-30T12:54:22.695202+00:00,tennis_atp_china_open,8e1b1ccdaf9bc406f149cfba186e0337,Alexander Bublik,Jakub Mensik,skybet,h2h,2.38,1.53,2026-09-30T12:54:09+00:00
2026-09-30T12:54:22.695202+00:00,tennis_atp_china_open,8e1b1ccdaf9bc406f149cfba186e0337,Alexander Bublik,Jakub Mensik,smarkets,h2h,2.52,1.61,2026-09-30T12:54:09+00:00
2026-09-30T12:54:22.695202+00:00,tennis_atp_china_open,8e1b1ccdaf9bc406f149cfba186e0337,Alexander Bublik,Jakub Mensik,sport888,h2h,2.38,1.57,2026-09-30T12:54:10+00:00
2026-09-30T12:54:22.695202+00:00,tennis_atp_china_open,8e1b1ccdaf9bc406f149cfba186e0337,Alexander Bublik,Jakub Mensik,unibet_uk,h2h,2.34,1.55,2026-09-30T12:53:56+00:00
2026-09-30T12:54:22.695202+00:00,tennis_atp_china_open,8e1b1ccdaf9bc406f149cfba186e0337,Alexander Bublik,Jakub Mensik,virginbet,h2h,2.38,1.58,2026-09-30T12:54:10+00:00
2026-09-30T12:54:22.695202+00:00,tennis_atp_china_open,8e1b1ccdaf9bc406f149cfba186e0337,Alexander Bublik,Jakub Mensik,williamhill,h2h,2.38,1.57,2026-09-30T12:53:54+00:00
2026-09-30T12:54:22.695202+00:00,tennis_atp_china_open,d66f1937da5272c6644a583eaa98d7ce,Daniil Medvedev,Pablo Carreno Busta,betfair_ex_uk,h2h,1.25,4.5,2026-09-30T12:54:10+00:00
2026-09-30T12:54:22.695202+00:00,tennis_atp_china_open,d66f1937da5272c6644a583eaa98d7ce,Daniil Medvedev,Pablo Carreno Busta,betfair_sb_uk,h2h,1.22,4.0,2026-09-30T12:53:54+00:00
2026-09-30T12:54:22.695202+00:00,tennis_atp_china_open,d66f1937da5272c6644a583eaa98d7ce,Daniil Medvedev,Pablo Carreno Busta,betvictor,h2h,1.29,3.4,2026-09-30T12:52:27+00:00
2026-09-30T12:54:22.695202+00:00,tennis_atp_china_open,d66f1937da5272c6644a583eaa98d7ce,Daniil Medvedev,Pablo Carreno Busta,betway,h2h,1.22,4.25,2026-09-30T12:53:39+00:00
2026-09-30T12:54:22.695202+00:00,tennis_atp_china_open,d66f1937da5272c6644a583eaa98d7ce,Daniil Medvedev,Pablo Carreno Busta,boylesports,h2h,1.22,4.2,2026-09-30T12:54:10+00:00
2026-09-30T12:54:22.695202+00:00,tennis_atp_china_open,d66f1937da5272c6644a583eaa98d7ce,Daniil Medvedev,Pablo Carreno Busta,casumo,h2h,1.24,4.1,2026-09-30T12:53:39+00:00
2026-09-30T12:54:22.695202+00:00,tennis_atp_china_open,d66f1937da5272c6644a583eaa98d7ce,Daniil Medvedev,Pablo Carreno Busta,coral,h2h,1.22,4.0,2026-09-30T12:53:39+00:00
2026-09-30T12:54:22.695202+00:00,tennis_atp_china_open,d66f1937da5272c6644a583eaa98d7ce,Daniil Medvedev,Pablo Carreno Busta,grosvenor,h2h,1.24,4.1,2026-09-30T12:53:45+00:00
2026-09-30T12:54:22.695202+00:00,tennis_atp_china_open,d66f1937da5272c6644a583eaa98d7ce,Daniil Medvedev,Pablo Carreno Busta,ladbrokes_uk,h2h,1.22,4.0,2026-09-30T12:54:09+00:00
2026-09-30T12:54:22.695202+00:00,tennis_atp_china_open,d66f1937da5272c6644a583eaa98d7ce,Daniil Medvedev,Pablo Carreno Busta,leovegas,h2h,1.22,3.95,2026-09-30T12:54:10+00:00
2026-09-30T12:54:22.695202+00:00,tennis_atp_china_open,d66f1937da5272c6644a583eaa98d7ce,Daniil Medvedev,Pablo Carreno Busta,livescorebet,h2h,1.24,4.1,2026-09-30T12:53:38+00:00
2026-09-30T12:54:22.695202+00:00,tennis_atp_china_open,d66f1937da5272c6644a583eaa98d7ce,Daniil Medvedev,Pablo Carreno Busta,matchbook,h2h,1.25,4.5,2026-09-30T12:54:09+00:00
2026-09-30T12:54:22.695202+00:00,tennis_atp_china_open,d66f1937da5272c6644a583eaa98d7ce,Daniil Medvedev,Pablo Carreno Busta,paddypower,h2h,1.2,4.0,2026-09-30T12:54:10+00:00
2026-09-30T12:54:22.695202+00:00,tennis_atp_china_open,d66f1937da5272c6644a583eaa98d7ce,Daniil Medvedev,Pablo Carreno Busta,skybet,h2h,1.2,4.0,2026-09-30T12:54:09+00:00
2026-09-30T12:54:22.695202+00:00,tennis_atp_china_open,d66f1937da5272c6644a583eaa98d7ce,Daniil Medvedev,Pablo Carreno Busta,smarkets,h2h,1.25,4.5,2026-09-30T12:54:09+00:00
2026-09-30T12:54:22.695202+00:00,tennis_atp_china_open,d66f1937da5272c6644a583eaa98d7ce,Daniil Medvedev,Pablo Carreno Busta,sport888,h2h,1.25,4.0,2026-09-30T12:54:10+00:00
2026-09-30T12:54:22.695202+00:00,tennis_atp_china_open,d66f1937da5272c6644a583eaa98d7ce,Daniil Medvedev,Pablo Carreno Busta,unibet_uk,h2h,1.22,4.0,2026-09-30T12:53:56+00:00
2026-09-30T12:54:22.695202+00:00,tennis_atp_china_open,d66f1937da5272c6644a583eaa98d7ce,Daniil Medvedev,Pablo Carreno Busta,virginbet,h2h,1.24,4.1,2026-09-30T12:54:10+00:00
2026-09-30T12:54:22.695202+00:00,tennis_atp_china_open,d66f1937da5272c6644a583eaa98d7ce,Daniil Medvedev,Pablo Carreno Busta,williamhill,h2h,1.25,4.0,2026-09-30T12:53:54+00:00
2026-09-30T12:54:22.695202+00:00,tennis_atp_japan_open,0bff2782ee07c23760cbe4d2877ea6b4,Jiri Lehecka,Zizou Bergs,betfair_ex_uk,h2h,1.16,6.8,2026-09-30T12:54:09+00:00
2026-09-30T12:54:22.695202+00:00,tennis_atp_japan_open,0bff2782ee07c23760cbe4d2877ea6b4,Jiri Lehecka,Zizou Bergs,boylesports,h2h,1.12,6.0,2026-09-30T12:53:39+00:00
2026-09-30T12:54:22.695202+00:00,tennis_atp_japan_open,0bff2782ee07c23760cbe4d2877ea6b4,Jiri Lehecka,Zizou Bergs,casumo,h2h,1.12,6.0,2026-09-30T12:54:09+00:00
2026-09-30T12:54:22.695202+00:00,tennis_atp_japan_open,0bff2782ee07c23760cbe4d2877ea6b4,Jiri Lehecka,Zizou Bergs,coral,h2h,1.1,6.5,2026-09-30T12:53:40+00:00
2026-09-30T12:54:22.695202+00:00,tennis_atp_japan_open,0bff2782ee07c23760cbe4d2877ea6b4,Jiri Lehecka,Zizou Bergs,grosvenor,h2h,1.11,6.0,2026-09-30T12:53:54+00:00
2026-09-30T12:54:22.695202+00:00,tennis_atp_japan_open,0bff2782ee07c23760cbe4d2877ea6b4,Jiri Lehecka,Zizou Bergs,ladbrokes_uk,h2h,1.1,6.5,2026-09-30T12:53:54+00:00
2026-09-30T12:54:22.695202+00:00,tennis_atp_japan_open,0bff2782ee07c23760cbe4d2877ea6b4,Jiri Lehecka,Zizou Bergs,livescorebet,h2h,1.1,6.0,2026-09-30T12:53:53+00:00
2026-09-30T12:54:22.695202+00:00,tennis_atp_japan_open,0bff2782ee07c23760cbe4d2877ea6b4,Jiri Lehecka,Zizou Bergs,matchbook,h2h,1.15,6.6,2026-09-30T12:54:09+00:00
2026-09-30T12:54:22.695202+00:00,tennis_atp_japan_open,0bff2782ee07c23760cbe4d2877ea6b4,Jiri Lehecka,Zizou Bergs,sport888,h2h,1.11,6.0,2026-09-30T12:53:53+00:00
2026-09-30T12:54:22.695202+00:00,tennis_atp_japan_open,0bff2782ee07c23760cbe4d2877ea6b4,Jiri Lehecka,Zizou Bergs,virginbet,h2h,1.1,6.0,2026-09-30T12:53:40+00:00
2026-09-30T12:54:22.695202+00:00,tennis_atp_japan_open,0bff2782ee07c23760cbe4d2877ea6b4,Jiri Lehecka,Zizou Bergs,williamhill,h2h,1.11,6.0,2026-09-30T12:53:53+00:00
2026-09-30T12:54:22.695202+00:00,tennis_atp_japan_open,876850ae0404e0d4705053ed074268f6,Jaime Faria,Arthur Fery,betfair_ex_uk,h2h,1.99,1.93,2026-09-30T12:54:09+00:00
2026-09-30T12:54:22.695202+00:00,tennis_atp_japan_open,876850ae0404e0d4705053ed074268f6,Jaime Faria,Arthur Fery,betano_uk,h2h,1.85,1.85,2026-09-30T12:54:06+00:00
2026-09-30T12:54:22.695202+00:00,tennis_atp_japan_open,876850ae0404e0d4705053ed074268f6,Jaime Faria,Arthur Fery,betvictor,h2h,1.85,1.85,2026-09-30T12:53:26+00:00
2026-09-30T12:54:22.695202+00:00,tennis_atp_japan_open,876850ae0404e0d4705053ed074268f6,Jaime Faria,Arthur Fery,betway,h2h,1.85,1.95,2026-09-30T12:53:54+00:00
2026-09-30T12:54:22.695202+00:00,tennis_atp_japan_open,876850ae0404e0d4705053ed074268f6,Jaime Faria,Arthur Fery,boylesports,h2h,1.91,1.91,2026-09-30T12:53:39+00:00
2026-09-30T12:54:22.695202+00:00,tennis_atp_japan_open,876850ae0404e0d4705053ed074268f6,Jaime Faria,Arthur Fery,casumo,h2h,1.88,1.91,2026-09-30T12:54:09+00:00
2026-09-30T12:54:22.695202+00:00,tennis_atp_japan_open,876850ae0404e0d4705053ed074268f6,Jaime Faria,Arthur Fery,coral,h2h,1.91,1.83,2026-09-30T12:53:40+00:00
2026-09-30T12:54:22.695202+00:00,tennis_atp_japan_open,876850ae0404e0d4705053ed074268f6,Jaime Faria,Arthur Fery,grosvenor,h2h,1.88,1.91,2026-09-30T12:53:54+00:00
2026-09-30T12:54:22.695202+00:00,tennis_atp_japan_open,876850ae0404e0d4705053ed074268f6,Jaime Faria,Arthur Fery,ladbrokes_uk,h2h,1.91,1.83,2026-09-30T12:53:54+00:00
2026-09-30T12:54:22.695202+00:00,tennis_atp_japan_open,876850ae0404e0d4705053ed074268f6,Jaime Faria,Arthur Fery,leovegas,h2h,1.83,1.88,2026-09-30T12:53:54+00:00
2026-09-30T12:54:22.695202+00:00,tennis_atp_japan_open,876850ae0404e0d4705053ed074268f6,Jaime Faria,Arthur Fery,livescorebet,h2h,1.89,1.91,2026-09-30T12:53:53+00:00
2026-09-30T12:54:22.695202+00:00,tennis_atp_japan_open,876850ae0404e0d4705053ed074268f6,Jaime Faria,Arthur Fery,matchbook,h2h,1.99,1.93,2026-09-30T12:54:09+00:00
2026-09-30T12:54:22.695202+00:00,tennis_atp_japan_open,876850ae0404e0d4705053ed074268f6,Jaime Faria,Arthur Fery,paddypower,h2h,1.83,1.83,2026-09-30T12:53:38+00:00
2026-09-30T12:54:22.695202+00:00,tennis_atp_japan_open,876850ae0404e0d4705053ed074268f6,Jaime Faria,Arthur Fery,skybet,h2h,1.83,1.83,2026-09-30T12:54:08+00:00
2026-09-30T12:54:22.695202+00:00,tennis_atp_japan_open,876850ae0404e0d4705053ed074268f6,Jaime Faria,Arthur Fery,sport888,h2h,1.85,1.95,2026-09-30T12:53:53+00:00
2026-09-30T12:54:22.695202+00:00,tennis_atp_japan_open,876850ae0404e0d4705053ed074268f6,Jaime Faria,Arthur Fery,unibet_uk,h2h,1.87,1.9,2026-09-30T12:53:41+00:00
2026-09-30T12:54:22.695202+00:00,tennis_atp_japan_open,876850ae0404e0d4705053ed074268f6,Jaime Faria,Arthur Fery,virginbet,h2h,1.89,1.91,2026-09-30T12:53:40+00:00
2026-09-30T12:54:22.695202+00:00,tennis_atp_japan_open,876850ae0404e0d4705053ed074268f6,Jaime Faria,Arthur Fery,williamhill,h2h,1.85,1.95,2026-09-30T12:53:53+00:00
2026-09-30T12:54:22.695202+00:00,tennis_atp_japan_open,bd73b6ff3eb4b9510110ca40bfc63f72,Brandon Nakashima,Ugo Humbert,betfair_ex_uk,h2h,1.44,3.15,2026-09-30T12:54:09+00:00
2026-09-30T12:54:22.695202+00:00,tennis_atp_japan_open,bd73b6ff3eb4b9510110ca40bfc63f72,Brandon Nakashima,Ugo Humbert,betano_uk,h2h,1.33,3.0,2026-09-30T12:54:06+00:00
2026-09-30T12:54:22.695202+00:00,tennis_atp_japan_open,bd73b6ff3eb4b9510110ca40bfc63f72,Brandon Nakashima,Ugo Humbert,betfair_sb_uk,h2h,1.36,3.0,2026-09-30T12:53:39+00:00
2026-09-30T12:54:22.695202+00:00,tennis_atp_japan_open,bd73b6ff3eb4b9510110ca40bfc63f72,Brandon Nakashima,Ugo Humbert,betvictor,h2h,1.33,3.0,2026-09-30T12:53:26+00:00
2026-09-30T12:54:22.695202+00:00,tennis_atp_japan_open,bd73b6ff3eb4b9510110ca40bfc63f72,Brandon Nakashima,Ugo Humbert,betway,h2h,1.38,3.0,2026-09-30T12:53:54+00:00
2026-09-30T12:54:22.695202+00:00,tennis_atp_japan_open,bd73b6ff3eb4b9510110ca40bfc63f72,Brandon Nakashima,Ugo Humbert,boylesports,h2h,1.36,3.1,2026-09-30T12:53:39+00:00
2026-09-30T12:54:22.695202+00:00,tennis_atp_japan_open,bd73b6ff3eb4b9510110ca40bfc63f72,Brandon Nakashima,Ugo Humbert,casumo,h2h,1.36,3.1,2026-09-30T12:54:09+00:00
2026-09-30T12:54:22.695202+00:00,tennis_atp_japan_open,bd73b6ff3eb4b9510110ca40bfc63f72,Brandon Nakashima,Ugo Humbert,coral,h2h,1.35,3.1,2026-09-30T12:53:40+00:00
2026-09-30T12:54:22.695202+00:00,tennis_atp_japan_open,bd73b6ff3eb4b9510110ca40bfc63f72,Brandon Nakashima,Ugo Humbert,grosvenor,h2h,1.36,3.1,2026-09-30T12:53:54+00:00
2026-09-30T12:54:22.695202+00:00,tennis_atp_japan_open,bd73b6ff3eb4b9510110ca40bfc63f72,Brandon Nakashima,Ugo Humbert,ladbrokes_uk,h2h,1.35,3.1,2026-09-30T12:53:54+00:00
2026-09-30T12:54:22.695202+00:00,tennis_atp_japan_open,bd73b6ff3eb4b9510110ca40bfc63f72,Brandon Nakashima,Ugo Humbert,leovegas,h2h,1.35,3.0,2026-09-30T12:53:54+00:00
2026-09-30T12:54:22.695202+00:00,tennis_atp_japan_open,bd73b6ff3eb4b9510110ca40bfc63f72,Brandon Nakashima,Ugo Humbert,livescorebet,h2h,1.37,3.1,2026-09-30T12:53:53+00:00
2026-09-30T12:54:22.695202+00:00,tennis_atp_japan_open,bd73b6ff3eb4b9510110ca40bfc63f72,Brandon Nakashima,Ugo Humbert,matchbook,h2h,1.44,3.2,2026-09-30T12:54:09+00:00
2026-09-30T12:54:22.695202+00:00,tennis_atp_japan_open,bd73b6ff3eb4b9510110ca40bfc63f72,Brandon Nakashima,Ugo Humbert,paddypower,h2h,1.33,3.0,2026-09-30T12:53:39+00:00
2026-09-30T12:54:22.695202+00:00,tennis_atp_japan_open,bd73b6ff3eb4b9510110ca40bfc63f72,Brandon Nakashima,Ugo Humbert,skybet,h2h,1.33,3.0,2026-09-30T12:54:08+00:00
2026-09-30T12:54:22.695202+00:00,tennis_atp_japan_open,bd73b6ff3eb4b9510110ca40bfc63f72,Brandon Nakashima,Ugo Humbert,sport888,h2h,1.36,3.1,2026-09-30T12:53:53+00:00
2026-09-30T12:54:22.695202+00:00,tennis_atp_japan_open,bd73b6ff3eb4b9510110ca40bfc63f72,Brandon Nakashima,Ugo Humbert,unibet_uk,h2h,1.35,3.1,2026-09-30T12:53:41+00:00
2026-09-30T12:54:22.695202+00:00,tennis_atp_japan_open,bd73b6ff3eb4b9510110ca40bfc63f72,Brandon Nakashima,Ugo Humbert,virginbet,h2h,1.37,3.1,2026-09-30T12:53:40+00:00
2026-09-30T12:54:22.695202+00:00,tennis_atp_japan_open,bd73b6ff3eb4b9510110ca40bfc63f72,Brandon Nakashima,Ugo Humbert,williamhill,h2h,1.36,3.1,2026-09-30T12:53:53+00:00
2026-09-30T12:54:22.695202+00:00,tennis_atp_japan_open,6b7d41a4a1150f4e15713dc6958fda96,Luciano Darderi,Casper Ruud,betfair_ex_uk,h2h,2.98,1.49,2026-09-30T12:54:09+00:00
2026-09-30T12:54:22.695202+00:00,tennis_atp_japan_open,6b7d41a4a1150f4e15713dc6958fda96,Luciano Darderi,Casper Ruud,betano_uk,h2h,2.75,1.4,2026-09-30T12:54:06+00:00
2026-09-30T12:54:22.695202+00:00,tennis_atp_japan_open,6b7d41a4a1150f4e15713dc6958fda96,Luciano Darderi,Casper Ruud,betfair_sb_uk,h2h,2.88,1.4,2026-09-30T12:53:39+00:00
2026-09-30T12:54:22.695202+00:00,tennis_atp_japan_open,6b7d41a4a1150f4e15713dc6958fda96,Luciano Darderi,Casper Ruud,betvictor,h2h,2.75,1.4,2026-09-30T12:53:26+00:00
2026-09-30T12:54:22.695202+00:00,tennis_atp_japan_open,6b7d41a4a1150f4e15713dc6958fda96,Luciano Darderi,Casper Ruud,betway,h2h,2.75,1.45,2026-09-30T12:53:54+00:00
2026-09-30T12:54:22.695202+00:00,tennis_atp_japan_open,6b7d41a4a1150f4e15713dc6958fda96,Luciano Darderi,Casper Ruud,boylesports,h2h,2.88,1.44,2026-09-30T12:53:39+00:00
2026-09-30T12:54:22.695202+00:00,tennis_atp_japan_open,6b7d41a4a1150f4e15713dc6958fda96,Luciano Darderi,Casper Ruud,casumo,h2h,2.8,1.43,2026-09-30T12:54:09+00:00
2026-09-30T12:54:22.695202+00:00,tennis_atp_japan_open,6b7d41a4a1150f4e15713dc6958fda96,Luciano Darderi,Casper Ruud,coral,h2h,2.7,1.44,2026-09-30T12:53:40+00:00
2026-09-30T12:54:22.695202+00:00,tennis_atp_japan_open,6b7d41a4a1150f4e15713dc6958fda96,Luciano Darderi,Casper Ruud,grosvenor,h2h,2.8,1.43,2026-09-30T12:53:54+00:00
2026-09-30T12:54:22.695202+00:00,tennis_atp_japan_open,6b7d41a4a1150f4e15713dc6958fda96,Luciano Darderi,Casper Ruud,ladbrokes_uk,h2h,2.7,1.44,2026-09-30T12:53:54+00:00
2026-09-30T12:54:22.695202+00:00,tennis_atp_japan_open,6b7d41a4a1150f4e15713dc6958fda96,Luciano Darderi,Casper Ruud,leovegas,h2h,2.75,1.4,2026-09-30T12:53:54+00:00
2026-09-30T12:54:22.695202+00:00,tennis_atp_japan_open,6b7d41a4a1150f4e15713dc6958fda96,Luciano Darderi,Casper Ruud,livescorebet,h2h,2.8,1.43,2026-09-30T12:53:53+00:00
2026-09-30T12:54:22.695202+00:00,tennis_atp_japan_open,6b7d41a4a1150f4e15713dc6958fda96,Luciano Darderi,Casper Ruud,matchbook,h2h,2.98,1.49,2026-09-30T12:54:09+00:00
2026-09-30T12:54:22.695202+00:00,tennis_atp_japan_open,6b7d41a4a1150f4e15713dc6958fda96,Luciano Darderi,Casper Ruud,paddypower,h2h,2.88,1.36,2026-09-30T12:53:38+00:00
2026-09-30T12:54:22.695202+00:00,tennis_atp_japan_open,6b7d41a4a1150f4e15713dc6958fda96,Luciano Darderi,Casper Ruud,skybet,h2h,2.88,1.36,2026-09-30T12:54:08+00:00
2026-09-30T12:54:22.695202+00:00,tennis_atp_japan_open,6b7d41a4a1150f4e15713dc6958fda96,Luciano Darderi,Casper Ruud,sport888,h2h,2.75,1.44,2026-09-30T12:53:53+00:00
2026-09-30T12:54:22.695202+00:00,tennis_atp_japan_open,6b7d41a4a1150f4e15713dc6958fda96,Luciano Darderi,Casper Ruud,unibet_uk,h2h,2.85,1.4,2026-09-30T12:53:41+00:00
2026-09-30T12:54:22.695202+00:00,tennis_atp_japan_open,6b7d41a4a1150f4e15713dc6958fda96,Luciano Darderi,Casper Ruud,virginbet,h2h,2.8,1.43,2026-09-30T12:53:40+00:00
2026-09-30T12:54:22.695202+00:00,tennis_atp_japan_open,6b7d41a4a1150f4e15713dc6958fda96,Luciano Darderi,Casper Ruud,williamhill,h2h,2.75,1.44,2026-09-30T12:53:53+00:00
2026-09-30T12:54:22.695202+00:00,tennis_atp_japan_open,bd913db5c5606c52b283feaa80665f42,Taylor Fritz,Jaume Munar,betfair_ex_uk,h2h,1.33,3.85,2026-09-30T12:54:09+00:00
2026-09-30T12:54:22.695202+00:00,tennis_atp_japan_open,bd913db5c5606c52b283feaa80665f42,Taylor Fritz,Jaume Munar,betano_uk,h2h,1.3,3.25,2026-09-30T12:54:06+00:00
2026-09-30T12:54:22.695202+00:00,tennis_atp_japan_open,bd913db5c5606c52b283feaa80665f42,Taylor Fritz,Jaume Munar,betfair_sb_uk,h2h,1.29,3.5,2026-09-30T12:53:39+00:00
2026-09-30T12:54:22.695202+00:00,tennis_atp_japan_open,bd913db5c5606c52b283feaa80665f42,Taylor Fritz,Jaume Munar,betvictor,h2h,1.3,3.25,2026-09-30T12:53:26+00:00
2026-09-30T12:54:22.695202+00:00,tennis_atp_japan_open,bd913db5c5606c52b283feaa80665f42,Taylor Fritz,Jaume Munar,betway,h2h,1.3,3.5,2026-09-30T12:53:54+00:00
2026-09-30T12:54:22.695202+00:00,tennis_atp_japan_open,bd913db5c5606c52b283feaa80665f42,Taylor Fritz,Jaume Munar,boylesports,h2h,1.25,4.0,2026-09-30T12:53:39+00:00
2026-09-30T12:54:22.695202+00:00,tennis_atp_japan_open,bd913db5c5606c52b283feaa80665f42,Taylor Fritz,Jaume Munar,casumo,h2h,1.29,3.6,2026-09-30T12:54:09+00:00
2026-09-30T12:54:22.695202+00:00,tennis_atp_japan_open,bd913db5c5606c52b283feaa80665f42,Taylor Fritz,Jaume Munar,coral,h2h,1.3,3.4,2026-09-30T12:53:40+00:00
2026-09-30T12:54:22.695202+00:00,tennis_atp_japan_open,bd913db5c5606c52b283feaa80665f42,Taylor Fritz,Jaume Munar,grosvenor,h2h,1.29,3.6,2026-09-30T12:53:54+00:00
2026-09-30T12:54:22.695202+00:00,tennis_atp_japan_open,bd913db5c5606c52b283feaa80665f42,Taylor Fritz,Jaume Munar,ladbrokes_uk,h2h,1.3,3.4,2026-09-30T12:53:54+00:00
2026-09-30T12:54:22.695202+00:00,tennis_atp_japan_open,bd913db5c5606c52b283feaa80665f42,Taylor Fritz,Jaume Munar,leovegas,h2h,1.3,3.25,2026-09-30T12:53:54+00:00
2026-09-30T12:54:22.695202+00:00,tennis_atp_japan_open,bd913db5c5606c52b283feaa80665f42,Taylor Fritz,Jaume Munar,livescorebet,h2h,1.29,3.6,2026-09-30T12:53:53+00:00
2026-09-30T12:54:22.695202+00:00,tennis_atp_japan_open,bd913db5c5606c52b283feaa80665f42,Taylor Fritz,Jaume Munar,matchbook,h2h,1.33,3.8,2026-09-30T12:54:09+00:00
2026-09-30T12:54:22.695202+00:00,tennis_atp_japan_open,bd913db5c5606c52b283feaa80665f42,Taylor Fritz,Jaume Munar,paddypower,h2h,1.25,3.5,2026-09-30T12:53:38+00:00
2026-09-30T12:54:22.695202+00:00,tennis_atp_japan_open,bd913db5c5606c52b283feaa80665f42,Taylor Fritz,Jaume Munar,skybet,h2h,1.2,4.0,2026-09-30T12:54:08+00:00
2026-09-30T12:54:22.695202+00:00,tennis_atp_japan_open,bd913db5c5606c52b283feaa80665f42,Taylor Fritz,Jaume Munar,sport888,h2h,1.33,3.3,2026-09-30T12:53:53+00:00
2026-09-30T12:54:22.695202+00:00,tennis_atp_japan_open,bd913db5c5606c52b283feaa80665f42,Taylor Fritz,Jaume Munar,unibet_uk,h2h,1.3,3.4,2026-09-30T12:53:41+00:00
2026-09-30T12:54:22.695202+00:00,tennis_atp_japan_open,bd913db5c5606c52b283feaa80665f42,Taylor Fritz,Jaume Munar,virginbet,h2h,1.29,3.6,2026-09-30T12:53:40+00:00
2026-09-30T12:54:22.695202+00:00,tennis_atp_japan_open,bd913db5c5606c52b283feaa80665f42,Taylor Fritz,Jaume Munar,williamhill,h2h,1.33,3.3,2026-09-30T12:53:53+00:00
2026-09-30T12:54:22.695202+00:00,tennis_atp_japan_open,150be9ac3e148ecdc824890bed898996,Kei Nishikori,Frances Tiafoe,betfair_ex_uk,h2h,4.7,1.25,2026-09-30T12:54:09+00:00
2026-09-30T12:54:22.695202+00:00,tennis_atp_japan_open,150be9ac3e148ecdc824890bed898996,Kei Nishikori,Frances Tiafoe,betano_uk,h2h,3.75,1.22,2026-09-30T12:54:06+00:00
2026-09-30T12:54:22.695202+00:00,tennis_atp_japan_open,150be9ac3e148ecdc824890bed898996,Kei Nishikori,Frances Tiafoe,betfair_sb_uk,h2h,4.0,1.22,2026-09-30T12:53:39+00:00
2026-09-30T12:54:22.695202+00:00,tennis_atp_japan_open,150be9ac3e148ecdc824890bed898996,Kei Nishikori,Frances Tiafoe,betvictor,h2h,3.75,1.22,2026-09-30T12:53:26+00:00
2026-09-30T12:54:22.695202+00:00,tennis_atp_japan_open,150be9ac3e148ecdc824890bed898996,Kei Nishikori,Frances Tiafoe,betway,h2h,4.25,1.22,2026-09-30T12:53:54+00:00
2026-09-30T12:54:22.695202+00:00,tennis_atp_japan_open,150be9ac3e148ecdc824890bed898996,Kei Nishikori,Frances Tiafoe,boylesports,h2h,4.33,1.22,2026-09-30T12:53:39+00:00
2026-09-30T12:54:22.695202+00:00,tennis_atp_japan_open,150be9ac3e148ecdc824890bed898996,Kei Nishikori,Frances Tiafoe,casumo,h2h,4.2,1.23,2026-09-30T12:54:09+00:00
2026-09-30T12:54:22.695202+00:00,tennis_atp_japan_open,150be9ac3e148ecdc824890bed898996,Kei Nishikori,Frances Tiafoe,coral,h2h,4.0,1.22,2026-09-30T12:53:40+00:00
2026-09-30T12:54:22.695202+00:00,tennis_atp_japan_open,150be9ac3e148ecdc824890bed898996,Kei Nishikori,Frances Tiafoe,grosvenor,h2h,4.2,1.23,2026-09-30T12:53:54+00:00
2026-09-30T12:54:22.695202+00:00,tennis_atp_japan_open,150be9ac3e148ecdc824890bed898996,Kei Nishikori,Frances Tiafoe,ladbrokes_uk,h2h,4.0,1.22,2026-09-30T12:53:54+00:00
2026-09-30T12:54:22.695202+00:00,tennis_atp_japan_open,150be9ac3e148ecdc824890bed898996,Kei Nishikori,Frances Tiafoe,leovegas,h2h,4.15,1.2,2026-09-30T12:53:54+00:00
2026-09-30T12:54:22.695202+00:00,tennis_atp_japan_open,150be9ac3e148ecdc824890bed898996,Kei Nishikori,Frances Tiafoe,livescorebet,h2h,4.2,1.23,2026-09-30T12:53:53+00:00
2026-09-30T12:54:22.695202+00:00,tennis_atp_japan_open,150be9ac3e148ecdc824890bed898996,Kei Nishikori,Frances Tiafoe,matchbook,h2h,4.7,1.25,2026-09-30T12:54:09+00:00
2026-09-30T12:54:22.695202+00:00,tennis_atp_japan_open,150be9ac3e148ecdc824890bed898996,Kei Nishikori,Frances Tiafoe,paddypower,h2h,4.0,1.2,2026-09-30T12:53:39+00:00
2026-09-30T12:54:22.695202+00:00,tennis_atp_japan_open,150be9ac3e148ecdc824890bed898996,Kei Nishikori,Frances Tiafoe,skybet,h2h,4.0,1.2,2026-09-30T12:54:08+00:00
2026-09-30T12:54:22.695202+00:00,tennis_atp_japan_open,150be9ac3e148ecdc824890bed898996,Kei Nishikori,Frances Tiafoe,sport888,h2h,4.2,1.22,2026-09-30T12:53:53+00:00
2026-09-30T12:54:22.695202+00:00,tennis_atp_japan_open,150be9ac3e148ecdc824890bed898996,Kei Nishikori,Frances Tiafoe,unibet_uk,h2h,4.3,1.21,2026-09-30T12:53:41+00:00
2026-09-30T12:54:22.695202+00:00,tennis_atp_japan_open,150be9ac3e148ecdc824890bed898996,Kei Nishikori,Frances Tiafoe,virginbet,h2h,4.2,1.23,2026-09-30T12:53:40+00:00
2026-09-30T12:54:22.695202+00:00,tennis_atp_japan_open,150be9ac3e148ecdc824890bed898996,Kei Nishikori,Frances Tiafoe,williamhill,h2h,4.2,1.22,2026-09-30T12:53:53+00:00
2026-09-30T12:54:22.695202+00:00,tennis_atp_japan_open,38ffa72914becb0a7541e73396596e3d,Holger Rune,Kyrian Jacquet,betfair_ex_uk,h2h,1.6,2.64,2026-09-30T12:54:09+00:00
2026-09-30T12:54:22.695202+00:00,tennis_atp_japan_open,38ffa72914becb0a7541e73396596e3d,Holger Rune,Kyrian Jacquet,betano_uk,h2h,1.53,2.38,2026-09-30T12:54:06+00:00
2026-09-30T12:54:22.695202+00:00,tennis_atp_japan_open,38ffa72914becb0a7541e73396596e3d,Holger Rune,Kyrian Jacquet,betfair_sb_uk,h2h,1.57,2.38,2026-09-30T12:53:39+00:00
2026-09-30T12:54:22.695202+00:00,tennis_atp_japan_open,38ffa72914becb0a7541e73396596e3d,Holger Rune,Kyrian Jacquet,betvictor,h2h,1.53,2.38,2026-09-30T12:53:26+00:00
2026-09-30T12:54:22.695202+00:00,tennis_atp_japan_open,38ffa72914becb0a7541e73396596e3d,Holger Rune,Kyrian Jacquet,betway,h2h,1.55,2.4,2026-09-30T12:53:54+00:00
2026-09-30T12:54:22.695202+00:00,tennis_atp_japan_open,38ffa72914becb0a7541e73396596e3d,Holger Rune,Kyrian Jacquet,boylesports,h2h,1.57,2.38,2026-09-30T12:53:39+00:00
2026-09-30T12:54:22.695202+00:00,tennis_atp_japan_open,38ffa72914becb0a7541e73396596e3d,Holger Rune,Kyrian Jacquet,casumo,h2h,1.54,2.48,2026-09-30T12:54:09+00:00
2026-09-30T12:54:22.695202+00:00,tennis_atp_japan_open,38ffa72914becb0a7541e73396596e3d,Holger Rune,Kyrian Jacquet,coral,h2h,1.53,2.4,2026-09-30T12:53:40+00:00
2026-09-30T12:54:22.695202+00:00,tennis_atp_japan_open,38ffa72914becb0a7541e73396596e3d,Holger Rune,Kyrian Jacquet,grosvenor,h2h,1.54,2.48,2026-09-30T12:53:54+00:00
2026-09-30T12:54:22.695202+00:00,tennis_atp_japan_open,38ffa72914becb0a7541e73396596e3d,Holger Rune,Kyrian Jacquet,ladbrokes_uk,h2h,1.53,2.4,2026-09-30T12:53:54+00:00
2026-09-30T12:54:22.695202+00:00,tennis_atp_japan_open,38ffa72914becb0a7541e73396596e3d,Holger Rune,Kyrian Jacquet,leovegas,h2h,1.5,2.4,2026-09-30T12:53:54+00:00
2026-09-30T12:54:22.695202+00:00,tennis_atp_japan_open,38ffa72914becb0a7541e73396596e3d,Holger Rune,Kyrian Jacquet,livescorebet,h2h,1.54,2.48,2026-09-30T12:53:53+00:00
2026-09-30T12:54:22.695202+00:00,tennis_atp_japan_open,38ffa72914becb0a7541e73396596e3d,Holger Rune,Kyrian Jacquet,matchbook,h2h,1.6,2.62,2026-09-30T12:54:09+00:00
2026-09-30T12:54:22.695202+00:00,tennis_atp_japan_open,38ffa72914becb0a7541e73396596e3d,Holger Rune,Kyrian Jacquet,paddypower,h2h,1.53,2.38,2026-09-30T12:53:38+00:00
2026-09-30T12:54:22.695202+00:00,tennis_atp_japan_open,38ffa72914becb0a7541e73396596e3d,Holger Rune,Kyrian Jacquet,skybet,h2h,1.53,2.38,2026-09-30T12:54:08+00:00
2026-09-30T12:54:22.695202+00:00,tennis_atp_japan_open,38ffa72914becb0a7541e73396596e3d,Holger Rune,Kyrian Jacquet,sport888,h2h,1.57,2.38,2026-09-30T12:53:53+00:00
2026-09-30T12:54:22.695202+00:00,tennis_atp_japan_open,38ffa72914becb0a7541e73396596e3d,Holger Rune,Kyrian Jacquet,unibet_uk,h2h,1.54,2.45,2026-09-30T12:53:41+00:00
2026-09-30T12:54:22.695202+00:00,tennis_atp_japan_open,38ffa72914becb0a7541e73396596e3d,Holger Rune,Kyrian Jacquet,virginbet,h2h,1.54,2.48,2026-09-30T12:53:40+00:00
2026-09-30T12:54:22.695202+00:00,tennis_atp_japan_open,38ffa72914becb0a7541e73396596e3d,Holger Rune,Kyrian Jacquet,williamhill,h2h,1.57,2.38,2026-09-30T12:53:53+00:00
2026-09-30T12:54:22.695202+00:00,tennis_atp_japan_open,de4c813cd2aaa6863d98ebc68a30defc,Tomas Martin Etcheverry,Stefanos Tsitsipas,betfair_ex_uk,h2h,3.7,1.36,2026-09-30T12:54:09+00:00
2026-09-30T12:54:22.695202+00:00,tennis_atp_japan_open,de4c813cd2aaa6863d98ebc68a30defc,Tomas Martin Etcheverry,Stefanos Tsitsipas,betano_uk,h2h,3.2,1.3,2026-09-30T12:54:06+00:00
2026-09-30T12:54:22.695202+00:00,tennis_atp_japan_open,de4c813cd2aaa6863d98ebc68a30defc,Tomas Martin Etcheverry,Stefanos Tsitsipas,betfair_sb_uk,h2h,3.4,1.3,2026-09-30T12:53:39+00:00
2026-09-30T12:54:22.695202+00:00,tennis_atp_japan_open,de4c813cd2aaa6863d98ebc68a30defc,Tomas Martin Etcheverry,Stefanos Tsitsipas,betvictor,h2h,3.2,1.3,2026-09-30T12:53:26+00:00
2026-09-30T12:54:22.695202+00:00,tennis_atp_japan_open,de4c813cd2aaa6863d98ebc68a30defc,Tomas Martin Etcheverry,Stefanos Tsitsipas,betway,h2h,3.3,1.33,2026-09-30T12:53:54+00:00
2026-09-30T12:54:22.695202+00:00,tennis_atp_japan_open,de4c813cd2aaa6863d98ebc68a30defc,Tomas Martin Etcheverry,Stefanos Tsitsipas,boylesports,h2h,3.4,1.33,2026-09-30T12:53:39+00:00
2026-09-30T12:54:22.695202+00:00,tennis_atp_japan_open,de4c813cd2aaa6863d98ebc68a30defc,Tomas Martin Etcheverry,Stefanos Tsitsipas,casumo,h2h,3.35,1.32,2026-09-30T12:54:09+00:00
2026-09-30T12:54:22.695202+00:00,tennis_atp_japan_open,de4c813cd2aaa6863d98ebc68a30defc,Tomas Martin Etcheverry,Stefanos Tsitsipas,coral,h2h,3.2,1.33,2026-09-30T12:53:40+00:00
2026-09-30T12:54:22.695202+00:00,tennis_atp_japan_open,de4c813cd2aaa6863d98ebc68a30defc,Tomas Martin Etcheverry,Stefanos Tsitsipas,grosvenor,h2h,3.35,1.32,2026-09-30T12:53:54+00:00
2026-09-30T12:54:22.695202+00:00,tennis_atp_japan_open,de4c813cd2aaa6863d98ebc68a30defc,Tomas Martin Etcheverry,Stefanos Tsitsipas,ladbrokes_uk,h2h,3.2,1.33,2026-09-30T12:53:54+00:00
2026-09-30T12:54:22.695202+00:00,tennis_atp_japan_open,de4c813cd2aaa6863d98ebc68a30defc,Tomas Martin Etcheverry,Stefanos Tsitsipas,leovegas,h2h,3.25,1.3,2026-09-30T12:53:54+00:00
2026-09-30T12:54:22.695202+00:00,tennis_atp_japan_open,de4c813cd2aaa6863d98ebc68a30defc,Tomas Martin Etcheverry,Stefanos Tsitsipas,livescorebet,h2h,3.35,1.32,2026-09-30T12:53:53+00:00
2026-09-30T12:54:22.695202+00:00,tennis_atp_japan_open,de4c813cd2aaa6863d98ebc68a30defc,Tomas Martin Etcheverry,Stefanos Tsitsipas,matchbook,h2h,3.7,1.36,2026-09-30T12:54:09+00:00
2026-09-30T12:54:22.695202+00:00,tennis_atp_japan_open,de4c813cd2aaa6863d98ebc68a30defc,Tomas Martin Etcheverry,Stefanos Tsitsipas,paddypower,h2h,3.25,1.29,2026-09-30T12:53:38+00:00
2026-09-30T12:54:22.695202+00:00,tennis_atp_japan_open,de4c813cd2aaa6863d98ebc68a30defc,Tomas Martin Etcheverry,Stefanos Tsitsipas,skybet,h2h,3.25,1.29,2026-09-30T12:54:08+00:00
2026-09-30T12:54:22.695202+00:00,tennis_atp_japan_open,de4c813cd2aaa6863d98ebc68a30defc,Tomas Martin Etcheverry,Stefanos Tsitsipas,sport888,h2h,3.3,1.33,2026-09-30T12:53:53+00:00
2026-09-30T12:54:22.695202+00:00,tennis_atp_japan_open,de4c813cd2aaa6863d98ebc68a30defc,Tomas Martin Etcheverry,Stefanos Tsitsipas,unibet_uk,h2h,3.35,1.32,2026-09-30T12:53:41+00:00
2026-09-30T12:54:22.695202+00:00,tennis_atp_japan_open,de4c813cd2aaa6863d98ebc68a30defc,Tomas Martin Etcheverry,Stefanos Tsitsipas,virginbet,h2h,3.35,1.32,2026-09-30T12:53:40+00:00
2026-09-30T12:54:22.695202+00:00,tennis_atp_japan_open,de4c813cd2aaa6863d98ebc68a30defc,Tomas Martin Etcheverry,Stefanos Tsitsipas,williamhill,h2h,3.3,1.33,2026-09-30T12:53:53+00:00
2026-09-30T12:54:22.695202+00:00,tennis_atp_japan_open,f4c24c41c66d5ecb136d40ee73c7d089,Denis Shapovalov,Sho Shimabukuro,betfair_ex_uk,h2h,1.34,3.7,2026-09-30T12:54:09+00:00
2026-09-30T12:54:22.695202+00:00,tennis_atp_japan_open,f4c24c41c66d5ecb136d40ee73c7d089,Denis Shapovalov,Sho Shimabukuro,betano_uk,h2h,1.29,3.25,2026-09-30T12:54:06+00:00
2026-09-30T12:54:22.695202+00:00,tennis_atp_japan_open,f4c24c41c66d5ecb136d40ee73c7d089,Denis Shapovalov,Sho Shimabukuro,betfair_sb_uk,h2h,1.29,3.5,2026-09-30T12:53:39+00:00
2026-09-30T12:54:22.695202+00:00,tennis_atp_japan_open,f4c24c41c66d5ecb136d40ee73c7d089,Denis Shapovalov,Sho Shimabukuro,betvictor,h2h,1.29,3.25,2026-09-30T12:53:26+00:00
2026-09-30T12:54:22.695202+00:00,tennis_atp_japan_open,f4c24c41c66d5ecb136d40ee73c7d089,Denis Shapovalov,Sho Shimabukuro,betway,h2h,1.3,3.5,2026-09-30T12:53:54+00:00
2026-09-30T12:54:22.695202+00:00,tennis_atp_japan_open,f4c24c41c66d5ecb136d40ee73c7d089,Denis Shapovalov,Sho Shimabukuro,boylesports,h2h,1.3,3.6,2026-09-30T12:53:39+00:00
2026-09-30T12:54:22.695202+00:00,tennis_atp_japan_open,f4c24c41c66d5ecb136d40ee73c7d089,Denis Shapovalov,Sho Shimabukuro,casumo,h2h,1.27,3.75,2026-09-30T12:54:09+00:00
2026-09-30T12:54:22.695202+00:00,tennis_atp_japan_open,f4c24c41c66d5ecb136d40ee73c7d089,Denis Shapovalov,Sho Shimabukuro,coral,h2h,1.28,3.5,2026-09-30T12:53:40+00:00
2026-09-30T12:54:22.695202+00:00,tennis_atp_japan_open,f4c24c41c66d5ecb136d40ee73c7d089,Denis Shapovalov,Sho Shimabukuro,grosvenor,h2h,1.27,3.75,2026-09-30T12:53:54+00:00
2026-09-30T12:54:22.695202+00:00,tennis_atp_japan_open,f4c24c41c66d5ecb136d40ee73c7d089,Denis Shapovalov,Sho Shimabukuro,ladbrokes_uk,h2h,1.28,3.5,2026-09-30T12:53:54+00:00
2026-09-30T12:54:22.695202+00:00,tennis_atp_japan_open,f4c24c41c66d5ecb136d40ee73c7d089,Denis Shapovalov,Sho Shimabukuro,leovegas,h2h,1.28,3.4,2026-09-30T12:53:54+00:00
2026-09-30T12:54:22.695202+00:00,tennis_atp_japan_open,f4c24c41c66d5ecb136d40ee73c7d089,Denis Shapovalov,Sho Shimabukuro,livescorebet,h2h,1.27,3.75,2026-09-30T12:53:53+00:00
2026-09-30T12:54:22.695202+00:00,tennis_atp_japan_open,f4c24c41c66d5ecb136d40ee73c7d089,Denis Shapovalov,Sho Shimabukuro,matchbook,h2h,1.34,3.7,2026-09-30T12:54:09+00:00
2026-09-30T12:54:22.695202+00:00,tennis_atp_japan_open,f4c24c41c66d5ecb136d40ee73c7d089,Denis Shapovalov,Sho Shimabukuro,paddypower,h2h,1.25,3.5,2026-09-30T12:53:39+00:00
2026-09-30T12:54:22.695202+00:00,tennis_atp_japan_open,f4c24c41c66d5ecb136d40ee73c7d089,Denis Shapovalov,Sho Shimabukuro,skybet,h2h,1.25,3.5,2026-09-30T12:54:08+00:00
2026-09-30T12:54:22.695202+00:00,tennis_atp_japan_open,f4c24c41c66d5ecb136d40ee73c7d089,Denis Shapovalov,Sho Shimabukuro,sport888,h2h,1.33,3.3,2026-09-30T12:53:53+00:00
2026-09-30T12:54:22.695202+00:00,tennis_atp_japan_open,f4c24c41c66d5ecb136d40ee73c7d089,Denis Shapovalov,Sho Shimabukuro,unibet_uk,h2h,1.28,3.6,2026-09-30T12:53:41+00:00
2026-09-30T12:54:22.695202+00:00,tennis_atp_japan_open,f4c24c41c66d5ecb136d40ee73c7d089,Denis Shapovalov,Sho Shimabukuro,virginbet,h2h,1.27,3.75,2026-09-30T12:53:40+00:00
2026-09-30T12:54:22.695202+00:00,tennis_atp_japan_open,f4c24c41c66d5ecb136d40ee73c7d089,Denis Shapovalov,Sho Shimabukuro,williamhill,h2h,1.33,3.3,2026-09-30T12:53:53+00:00
2026-09-30T12:54:22.695202+00:00,tennis_atp_japan_open,124680a13038b2d61621ea996617ac43,Alejandro Davidovich Fokina,Matteo Berrettini,betfair_ex_uk,h2h,1.74,2.32,2026-09-30T12:54:09+00:00
2026-09-30T12:54:22.695202+00:00,tennis_atp_japan_open,124680a13038b2d61621ea996617ac43,Alejandro Davidovich Fokina,Matteo Berrettini,betano_uk,h2h,1.61,2.2,2026-09-30T12:54:06+00:00
2026-09-30T12:54:22.695202+00:00,tennis_atp_japan_open,124680a13038b2d61621ea996617ac43,Alejandro Davidovich Fokina,Matteo Berrettini,betvictor,h2h,1.61,2.2,2026-09-30T12:53:26+00:00
2026-09-30T12:54:22.695202+00:00,tennis_atp_japan_open,124680a13038b2d61621ea996617ac43,Alejandro Davidovich Fokina,Matteo Berrettini,betway,h2h,1.65,2.25,2026-09-30T12:53:54+00:00
2026-09-30T12:54:22.695202+00:00,tennis_atp_japan_open,124680a13038b2d61621ea996617ac43,Alejandro Davidovich Fokina,Matteo Berrettini,boylesports,h2h,1.67,2.2,2026-09-30T12:53:39+00:00
2026-09-30T12:54:22.695202+00:00,tennis_atp_japan_open,124680a13038b2d61621ea996617ac43,Alejandro Davidovich Fokina,Matteo Berrettini,casumo,h2h,1.64,2.25,2026-09-30T12:54:09+00:00
2026-09-30T12:54:22.695202+00:00,tennis_atp_japan_open,124680a13038b2d61621ea996617ac43,Alejandro Davidovich Fokina,Matteo Berrettini,coral,h2h,1.6,2.2,2026-09-30T12:53:40+00:00
2026-09-30T12:54:22.695202+00:00,tennis_atp_japan_open,124680a13038b2d61621ea996617ac43,Alejandro Davidovich Fokina,Matteo Berrettini,grosvenor,h2h,1.64,2.25,2026-09-30T12:53:54+00:00
2026-09-30T12:54:22.695202+00:00,tennis_atp_japan_open,124680a13038b2d61621ea996617ac43,Alejandro Davidovich Fokina,Matteo Berrettini,ladbrokes_uk,h2h,1.6,2.2,2026-09-30T12:53:54+00:00
2026-09-30T12:54:22.695202+00:00,tennis_atp_japan_open,124680a13038b2d61621ea996617ac43,Alejandro Davidovich Fokina,Matteo Berrettini,leovegas,h2h,1.62,2.15,2026-09-30T12:53:54+00:00
2026-09-30T12:54:22.695202+00:00,tennis_atp_japan_open,124680a13038b2d61621ea996617ac43,Alejandro Davidovich Fokina,Matteo Berrettini,livescorebet,h2h,1.64,2.25,2026-09-30T12:53:53+00:00
2026-09-30T12:54:22.695202+00:00,tennis_atp_japan_open,124680a13038b2d61621ea996617ac43,Alejandro Davidovich Fokina,Matteo Berrettini,matchbook,h2h,1.75,2.32,2026-09-30T12:54:09+00:00
2026-09-30T12:54:22.695202+00:00,tennis_atp_japan_open,124680a13038b2d61621ea996617ac43,Alejandro Davidovich Fokina,Matteo Berrettini,paddypower,h2h,1.62,2.2,2026-09-30T12:53:39+00:00
2026-09-30T12:54:22.695202+00:00,tennis_atp_japan_open,124680a13038b2d61621ea996617ac43,Alejandro Davidovich Fokina,Matteo Berrettini,skybet,h2h,1.62,2.2,2026-09-30T12:54:08+00:00
2026-09-30T12:54:22.695202+00:00,tennis_atp_japan_open,124680a13038b2d61621ea996617ac43,Alejandro Davidovich Fokina,Matteo Berrettini,sport888,h2h,1.67,2.2,2026-09-30T12:53:53+00:00
2026-09-30T12:54:22.695202+00:00,tennis_atp_japan_open,124680a13038b2d61621ea996617ac43,Alejandro Davidovich Fokina,Matteo Berrettini,unibet_uk,h2h,1.64,2.21,2026-09-30T12:53:41+00:00
2026-09-30T12:54:22.695202+00:00,tennis_atp_japan_open,124680a13038b2d61621ea996617ac43,Alejandro Davidovich Fokina,Matteo Berrettini,virginbet,h2h,1.64,2.25,2026-09-30T12:53:40+00:00
2026-09-30T12:54:22.695202+00:00,tennis_atp_japan_open,124680a13038b2d61621ea996617ac43,Alejandro Davidovich Fokina,Matteo Berrettini,williamhill,h2h,1.67,2.2,2026-09-30T12:53:53+00:00
2026-09-30T12:54:22.695202+00:00,tennis_atp_japan_open,d700980c8b97f7b97b85b0698f5b3824,Carlos Alcaraz,Alex Michelsen,betfair_ex_uk,h2h,1.2,5.7,2026-09-30T12:54:09+00:00
2026-09-30T12:54:22.695202+00:00,tennis_atp_japan_open,d700980c8b97f7b97b85b0698f5b3824,Carlos Alcaraz,Alex Michelsen,betano_uk,h2h,1.17,4.5,2026-09-30T12:54:06+00:00
2026-09-30T12:54:22.695202+00:00,tennis_atp_japan_open,d700980c8b97f7b97b85b0698f5b3824,Carlos Alcaraz,Alex Michelsen,betvictor,h2h,1.17,4.5,2026-09-30T12:53:26+00:00
2026-09-30T12:54:22.695202+00:00,tennis_atp_japan_open,d700980c8b97f7b97b85b0698f5b3824,Carlos Alcaraz,Alex Michelsen,betway,h2h,1.18,4.75,2026-09-30T12:53:54+00:00
2026-09-30T12:54:22.695202+00:00,tennis_atp_japan_open,d700980c8b97f7b97b85b0698f5b3824,Carlos Alcaraz,Alex Michelsen,boylesports,h2h,1.17,5.0,2026-09-30T12:53:39+00:00
2026-09-30T12:54:22.695202+00:00,tennis_atp_japan_open,d700980c8b97f7b97b85b0698f5b3824,Carlos Alcaraz,Alex Michelsen,casumo,h2h,1.17,5.1,2026-09-30T12:54:09+00:00
2026-09-30T12:54:22.695202+00:00,tennis_atp_japan_open,d700980c8b97f7b97b85b0698f5b3824,Carlos Alcaraz,Alex Michelsen,coral,h2h,1.18,4.6,2026-09-30T12:53:40+00:00
2026-09-30T12:54:22.695202+00:00,tennis_atp_japan_open,d700980c8b97f7b97b85b0698f5b3824,Carlos Alcaraz,Alex Michelsen,grosvenor,h2h,1.17,5.1,2026-09-30T12:53:54+00:00
2026-09-30T12:54:22.695202+00:00,tennis_atp_japan_open,d700980c8b97f7b97b85b0698f5b3824,Carlos Alcaraz,Alex Michelsen,ladbrokes_uk,h2h,1.18,4.6,2026-09-30T12:53:54+00:00
2026-09-30T12:54:22.695202+00:00,tennis_atp_japan_open,d700980c8b97f7b97b85b0698f5b3824,Carlos Alcaraz,Alex Michelsen,leovegas,h2h,1.16,4.7,2026-09-30T12:53:54+00:00
2026-09-30T12:54:22.695202+00:00,tennis_atp_japan_open,d700980c8b97f7b97b85b0698f5b3824,Carlos Alcaraz,Alex Michelsen,livescorebet,h2h,1.17,5.1,2026-09-30T12:53:53+00:00
2026-09-30T12:54:22.695202+00:00,tennis_atp_japan_open,d700980c8b97f7b97b85b0698f5b3824,Carlos Alcaraz,Alex Michelsen,matchbook,h2h,1.2,5.7,2026-09-30T12:54:09+00:00
2026-09-30T12:54:22.695202+00:00,tennis_atp_japan_open,d700980c8b97f7b97b85b0698f5b3824,Carlos Alcaraz,Alex Michelsen,paddypower,h2h,1.14,5.0,2026-09-30T12:53:39+00:00
2026-09-30T12:54:22.695202+00:00,tennis_atp_japan_open,d700980c8b97f7b97b85b0698f5b3824,Carlos Alcaraz,Alex Michelsen,skybet,h2h,1.14,5.0,2026-09-30T12:54:08+00:00
2026-09-30T12:54:22.695202+00:00,tennis_atp_japan_open,d700980c8b97f7b97b85b0698f5b3824,Carlos Alcaraz,Alex Michelsen,sport888,h2h,1.17,5.0,2026-09-30T12:53:53+00:00
2026-09-30T12:54:22.695202+00:00,tennis_atp_japan_open,d700980c8b97f7b97b85b0698f5b3824,Carlos Alcaraz,Alex Michelsen,unibet_uk,h2h,1.16,4.8,2026-09-30T12:53:41+00:00
2026-09-30T12:54:22.695202+00:00,tennis_atp_japan_open,d700980c8b97f7b97b85b0698f5b3824,Carlos Alcaraz,Alex Michelsen,virginbet,h2h,1.17,5.1,2026-09-30T12:53:40+00:00
2026-09-30T12:54:22.695202+00:00,tennis_atp_japan_open,d700980c8b97f7b97b85b0698f5b3824,Carlos Alcaraz,Alex Michelsen,williamhill,h2h,1.17,5.0,2026-09-30T12:53:53+00:00
2026-09-30T12:54:22.695202+00:00,tennis_atp_japan_open,07374dce8b25328307e583cea38d3b07,Adolfo Daniel Vallejo,Rafael Jodar,betfair_ex_uk,h2h,5.1,1.21,2026-09-30T12:54:09+00:00
2026-09-30T12:54:22.695202+00:00,tennis_atp_japan_open,07374dce8b25328307e583cea38d3b07,Adolfo Daniel Vallejo,Rafael Jodar,betano_uk,h2h,4.0,1.2,2026-09-30T12:54:06+00:00
2026-09-30T12:54:22.695202+00:00,tennis_atp_japan_open,07374dce8b25328307e583cea38d3b07,Adolfo Daniel Vallejo,Rafael Jodar,betvictor,h2h,4.0,1.2,2026-09-30T12:53:26+00:00
2026-09-30T12:54:22.695202+00:00,tennis_atp_japan_open,07374dce8b25328307e583cea38d3b07,Adolfo Daniel Vallejo,Rafael Jodar,betway,h2h,4.5,1.2,2026-09-30T12:53:54+00:00
2026-09-30T12:54:22.695202+00:00,tennis_atp_japan_open,07374dce8b25328307e583cea38d3b07,Adolfo Daniel Vallejo,Rafael Jodar,boylesports,h2h,4.8,1.2,2026-09-30T12:53:39+00:00
2026-09-30T12:54:22.695202+00:00,tennis_atp_japan_open,07374dce8b25328307e583cea38d3b07,Adolfo Daniel Vallejo,Rafael Jodar,casumo,h2h,4.5,1.2,2026-09-30T12:54:09+00:00
2026-09-30T12:54:22.695202+00:00,tennis_atp_japan_open,07374dce8b25328307e583cea38d3b07,Adolfo Daniel Vallejo,Rafael Jodar,coral,h2h,4.5,1.18,2026-09-30T12:53:40+00:00
2026-09-30T12:54:22.695202+00:00,tennis_atp_japan_open,07374dce8b25328307e583cea38d3b07,Adolfo Daniel Vallejo,Rafael Jodar,grosvenor,h2h,4.5,1.2,2026-09-30T12:53:54+00:00
2026-09-30T12:54:22.695202+00:00,tennis_atp_japan_open,07374dce8b25328307e583cea38d3b07,Adolfo Daniel Vallejo,Rafael Jodar,ladbrokes_uk,h2h,4.5,1.18,2026-09-30T12:53:54+00:00
2026-09-30T12:54:22.695202+00:00,tennis_atp_japan_open,07374dce8b25328307e583cea38d3b07,Adolfo Daniel Vallejo,Rafael Jodar,leovegas,h2h,4.25,1.18,2026-09-30T12:53:54+00:00
2026-09-30T12:54:22.695202+00:00,tennis_atp_japan_open,07374dce8b25328307e583cea38d3b07,Adolfo Daniel Vallejo,Rafael Jodar,livescorebet,h2h,4.5,1.2,2026-09-30T12:53:53+00:00
2026-09-30T12:54:22.695202+00:00,tennis_atp_japan_open,07374dce8b25328307e583cea38d3b07,Adolfo Daniel Vallejo,Rafael Jodar,matchbook,h2h,5.1,1.21,2026-09-30T12:54:09+00:00
2026-09-30T12:54:22.695202+00:00,tennis_atp_japan_open,07374dce8b25328307e583cea38d3b07,Adolfo Daniel Vallejo,Rafael Jodar,paddypower,h2h,4.5,1.17,2026-09-30T12:53:38+00:00
2026-09-30T12:54:22.695202+00:00,tennis_atp_japan_open,07374dce8b25328307e583cea38d3b07,Adolfo Daniel Vallejo,Rafael Jodar,skybet,h2h,4.5,1.17,2026-09-30T12:54:08+00:00
2026-09-30T12:54:22.695202+00:00,tennis_atp_japan_open,07374dce8b25328307e583cea38d3b07,Adolfo Daniel Vallejo,Rafael Jodar,sport888,h2h,4.5,1.2,2026-09-30T12:53:53+00:00
2026-09-30T12:54:22.695202+00:00,tennis_atp_japan_open,07374dce8b25328307e583cea38d3b07,Adolfo Daniel Vallejo,Rafael Jodar,unibet_uk,h2h,4.4,1.19,2026-09-30T12:53:41+00:00
2026-09-30T12:54:22.695202+00:00,tennis_atp_japan_open,07374dce8b25328307e583cea38d3b07,Adolfo Daniel Vallejo,Rafael Jodar,virginbet,h2h,4.5,1.2,2026-09-30T12:53:40+00:00
2026-09-30T12:54:22.695202+00:00,tennis_atp_japan_open,07374dce8b25328307e583cea38d3b07,Adolfo Daniel Vallejo,Rafael Jodar,williamhill,h2h,4.5,1.2,2026-09-30T12:53:53+00:00
2026-09-30T12:54:22.695202+00:00,tennis_wta_china_open,bbf4905139196211ba48e7371d25ae32,Elsa Jacquemot,Magdalena Frech,betfair_ex_uk,h2h,3.15,1.46,2026-09-30T12:54:11+00:00
2026-09-30T12:54:22.695202+00:00,tennis_wta_china_open,bbf4905139196211ba48e7371d25ae32,Elsa Jacquemot,Magdalena Frech,betano_uk,h2h,2.8,1.4,2026-09-30T12:51:18+00:00
2026-09-30T12:54:22.695202+00:00,tennis_wta_china_open,bbf4905139196211ba48e7371d25ae32,Elsa Jacquemot,Magdalena Frech,betfair_sb_uk,h2h,2.88,1.4,2026-09-30T12:53:53+00:00
2026-09-30T12:54:22.695202+00:00,tennis_wta_china_open,bbf4905139196211ba48e7371d25ae32,Elsa Jacquemot,Magdalena Frech,betvictor,h2h,2.5,1.5,2026-09-30T12:51:53+00:00
2026-09-30T12:54:22.695202+00:00,tennis_wta_china_open,bbf4905139196211ba48e7371d25ae32,Elsa Jacquemot,Magdalena Frech,betway,h2h,2.75,1.44,2026-09-30T12:53:25+00:00
2026-09-30T12:54:22.695202+00:00,tennis_wta_china_open,bbf4905139196211ba48e7371d25ae32,Elsa Jacquemot,Magdalena Frech,boylesports,h2h,2.88,1.4,2026-09-30T12:53:24+00:00
2026-09-30T12:54:22.695202+00:00,tennis_wta_china_open,bbf4905139196211ba48e7371d25ae32,Elsa Jacquemot,Magdalena Frech,casumo,h2h,2.8,1.43,2026-09-30T12:54:09+00:00
2026-09-30T12:54:22.695202+00:00,tennis_wta_china_open,bbf4905139196211ba48e7371d25ae32,Elsa Jacquemot,Magdalena Frech,coral,h2h,3.2,1.3,2026-09-30T12:53:40+00:00
2026-09-30T12:54:22.695202+00:00,tennis_wta_china_open,bbf4905139196211ba48e7371d25ae32,Elsa Jacquemot,Magdalena Frech,grosvenor,h2h,2.7,1.43,2026-09-30T12:53:39+00:00
2026-09-30T12:54:22.695202+00:00,tennis_wta_china_open,bbf4905139196211ba48e7371d25ae32,Elsa Jacquemot,Magdalena Frech,ladbrokes_uk,h2h,3.2,1.3,2026-09-30T12:53:53+00:00
2026-09-30T12:54:22.695202+00:00,tennis_wta_china_open,bbf4905139196211ba48e7371d25ae32,Elsa Jacquemot,Magdalena Frech,leovegas,h2h,3.0,1.38,2026-09-30T12:54:14+00:00
2026-09-30T12:54:22.695202+00:00,tennis_wta_china_open,bbf4905139196211ba48e7371d25ae32,Elsa Jacquemot,Magdalena Frech,livescorebet,h2h,2.7,1.42,2026-09-30T12:53:40+00:00
2026-09-30T12:54:22.695202+00:00,tennis_wta_china_open,bbf4905139196211ba48e7371d25ae32,Elsa Jacquemot,Magdalena Frech,matchbook,h2h,2.78,1.49,2026-09-30T12:54:09+00:00
2026-09-30T12:54:22.695202+00:00,tennis_wta_china_open,bbf4905139196211ba48e7371d25ae32,Elsa Jacquemot,Magdalena Frech,paddypower,h2h,3.0,1.33,2026-09-30T12:54:10+00:00
2026-09-30T12:54:22.695202+00:00,tennis_wta_china_open,bbf4905139196211ba48e7371d25ae32,Elsa Jacquemot,Magdalena Frech,skybet,h2h,3.0,1.33,2026-09-30T12:54:10+00:00
2026-09-30T12:54:22.695202+00:00,tennis_wta_china_open,bbf4905139196211ba48e7371d25ae32,Elsa Jacquemot,Magdalena Frech,smarkets,h2h,3.1,1.46,2026-09-30T12:54:10+00:00
2026-09-30T12:54:22.695202+00:00,tennis_wta_china_open,bbf4905139196211ba48e7371d25ae32,Elsa Jacquemot,Magdalena Frech,sport888,h2h,2.75,1.4,2026-09-30T12:53:39+00:00
2026-09-30T12:54:22.695202+00:00,tennis_wta_china_open,bbf4905139196211ba48e7371d25ae32,Elsa Jacquemot,Magdalena Frech,unibet_uk,h2h,2.75,1.47,2026-09-30T12:53:57+00:00
2026-09-30T12:54:22.695202+00:00,tennis_wta_china_open,bbf4905139196211ba48e7371d25ae32,Elsa Jacquemot,Magdalena Frech,virginbet,h2h,2.75,1.41,2026-09-30T12:54:10+00:00
2026-09-30T12:54:22.695202+00:00,tennis_wta_china_open,bbf4905139196211ba48e7371d25ae32,Elsa Jacquemot,Magdalena Frech,williamhill,h2h,2.75,1.4,2026-09-30T12:53:24+00:00
2026-09-30T12:54:22.695202+00:00,tennis_wta_china_open,8a371753095dc91ecfc727a9bf51b90c,Anna Bondár,Renata Zarazua,betfair_ex_uk,h2h,1.43,3.25,2026-09-30T12:54:11+00:00
2026-09-30T12:54:22.695202+00:00,tennis_wta_china_open,8a371753095dc91ecfc727a9bf51b90c,Anna Bondár,Renata Zarazua,betfair_sb_uk,h2h,1.4,2.88,2026-09-30T12:53:53+00:00
2026-09-30T12:54:22.695202+00:00,tennis_wta_china_open,8a371753095dc91ecfc727a9bf51b90c,Anna Bondár,Renata Zarazua,betway,h2h,1.38,3.0,2026-09-30T12:53:25+00:00
2026-09-30T12:54:22.695202+00:00,tennis_wta_china_open,8a371753095dc91ecfc727a9bf51b90c,Anna Bondár,Renata Zarazua,boylesports,h2h,1.4,3.0,2026-09-30T12:53:24+00:00
2026-09-30T12:54:22.695202+00:00,tennis_wta_china_open,8a371753095dc91ecfc727a9bf51b90c,Anna Bondár,Renata Zarazua,casumo,h2h,1.38,3.05,2026-09-30T12:54:09+00:00
2026-09-30T12:54:22.695202+00:00,tennis_wta_china_open,8a371753095dc91ecfc727a9bf51b90c,Anna Bondár,Renata Zarazua,coral,h2h,1.4,2.87,2026-09-30T12:53:40+00:00
2026-09-30T12:54:22.695202+00:00,tennis_wta_china_open,8a371753095dc91ecfc727a9bf51b90c,Anna Bondár,Renata Zarazua,grosvenor,h2h,1.38,3.05,2026-09-30T12:53:39+00:00
2026-09-30T12:54:22.695202+00:00,tennis_wta_china_open,8a371753095dc91ecfc727a9bf51b90c,Anna Bondár,Renata Zarazua,ladbrokes_uk,h2h,1.4,2.87,2026-09-30T12:53:53+00:00
2026-09-30T12:54:22.695202+00:00,tennis_wta_china_open,8a371753095dc91ecfc727a9bf51b90c,Anna Bondár,Renata Zarazua,livescorebet,h2h,1.38,3.05,2026-09-30T12:53:40+00:00
2026-09-30T12:54:22.695202+00:00,tennis_wta_china_open,8a371753095dc91ecfc727a9bf51b90c,Anna Bondár,Renata Zarazua,matchbook,h2h,1.43,3.25,2026-09-30T12:54:09+00:00
2026-09-30T12:54:22.695202+00:00,tennis_wta_china_open,8a371753095dc91ecfc727a9bf51b90c,Anna Bondár,Renata Zarazua,paddypower,h2h,1.36,3.0,2026-09-30T12:54:10+00:00
2026-09-30T12:54:22.695202+00:00,tennis_wta_china_open,8a371753095dc91ecfc727a9bf51b90c,Anna Bondár,Renata Zarazua,skybet,h2h,1.36,3.0,2026-09-30T12:54:10+00:00
2026-09-30T12:54:22.695202+00:00,tennis_wta_china_open,8a371753095dc91ecfc727a9bf51b90c,Anna Bondár,Renata Zarazua,smarkets,h2h,1.41,3.15,2026-09-30T12:54:10+00:00
2026-09-30T12:54:22.695202+00:00,tennis_wta_china_open,8a371753095dc91ecfc727a9bf51b90c,Anna Bondár,Renata Zarazua,sport888,h2h,1.4,2.9,2026-09-30T12:53:39+00:00
2026-09-30T12:54:22.695202+00:00,tennis_wta_china_open,8a371753095dc91ecfc727a9bf51b90c,Anna Bondár,Renata Zarazua,unibet_uk,h2h,1.4,3.0,2026-09-30T12:53:57+00:00
2026-09-30T12:54:22.695202+00:00,tennis_wta_china_open,8a371753095dc91ecfc727a9bf51b90c,Anna Bondár,Renata Zarazua,virginbet,h2h,1.38,3.05,2026-09-30T12:54:10+00:00
2026-09-30T12:54:22.695202+00:00,tennis_wta_china_open,8a371753095dc91ecfc727a9bf51b90c,Anna Bondár,Renata Zarazua,williamhill,h2h,1.4,2.9,2026-09-30T12:53:24+00:00
2026-09-30T12:54:22.695202+00:00,tennis_wta_china_open,08940f5da7dc81ecbf2ab4828f6a4c0c,Yuliia Starodubtseva,Alina Charaeva,betfair_ex_uk,h2h,1.71,2.34,2026-09-30T12:54:11+00:00
2026-09-30T12:54:22.695202+00:00,tennis_wta_china_open,08940f5da7dc81ecbf2ab4828f6a4c0c,Yuliia Starodubtseva,Alina Charaeva,betano_uk,h2h,1.6,2.2,2026-09-30T12:51:18+00:00
2026-09-30T12:54:22.695202+00:00,tennis_wta_china_open,08940f5da7dc81ecbf2ab4828f6a4c0c,Yuliia Starodubtseva,Alina Charaeva,betfair_sb_uk,h2h,1.62,2.25,2026-09-30T12:53:53+00:00
2026-09-30T12:54:22.695202+00:00,tennis_wta_china_open,08940f5da7dc81ecbf2ab4828f6a4c0c,Yuliia Starodubtseva,Alina Charaeva,betvictor,h2h,1.6,2.2,2026-09-30T12:51:53+00:00
2026-09-30T12:54:22.695202+00:00,tennis_wta_china_open,08940f5da7dc81ecbf2ab4828f6a4c0c,Yuliia Starodubtseva,Alina Charaeva,betway,h2h,1.65,2.25,2026-09-30T12:53:25+00:00
2026-09-30T12:54:22.695202+00:00,tennis_wta_china_open,08940f5da7dc81ecbf2ab4828f6a4c0c,Yuliia Starodubtseva,Alina Charaeva,boylesports,h2h,1.57,2.38,2026-09-30T12:53:25+00:00
2026-09-30T12:54:22.695202+00:00,tennis_wta_china_open,08940f5da7dc81ecbf2ab4828f6a4c0c,Yuliia Starodubtseva,Alina Charaeva,casumo,h2h,1.63,2.28,2026-09-30T12:54:09+00:00
2026-09-30T12:54:22.695202+00:00,tennis_wta_china_open,08940f5da7dc81ecbf2ab4828f6a4c0c,Yuliia Starodubtseva,Alina Charaeva,coral,h2h,1.6,2.2,2026-09-30T12:53:40+00:00
2026-09-30T12:54:22.695202+00:00,tennis_wta_china_open,08940f5da7dc81ecbf2ab4828f6a4c0c,Yuliia Starodubtseva,Alina Charaeva,grosvenor,h2h,1.63,2.28,2026-09-30T12:53:39+00:00
2026-09-30T12:54:22.695202+00:00,tennis_wta_china_open,08940f5da7dc81ecbf2ab4828f6a4c0c,Yuliia Starodubtseva,Alina Charaeva,ladbrokes_uk,h2h,1.6,2.2,2026-09-30T12:53:53+00:00
2026-09-30T12:54:22.695202+00:00,tennis_wta_china_open,08940f5da7dc81ecbf2ab4828f6a4c0c,Yuliia Starodubtseva,Alina Charaeva,leovegas,h2h,1.6,2.18,2026-09-30T12:54:14+00:00
2026-09-30T12:54:22.695202+00:00,tennis_wta_china_open,08940f5da7dc81ecbf2ab4828f6a4c0c,Yuliia Starodubtseva,Alina Charaeva,livescorebet,h2h,1.63,2.28,2026-09-30T12:53:40+00:00
2026-09-30T12:54:22.695202+00:00,tennis_wta_china_open,08940f5da7dc81ecbf2ab4828f6a4c0c,Yuliia Starodubtseva,Alina Charaeva,matchbook,h2h,1.71,2.36,2026-09-30T12:54:09+00:00
2026-09-30T12:54:22.695202+00:00,tennis_wta_china_open,08940f5da7dc81ecbf2ab4828f6a4c0c,Yuliia Starodubtseva,Alina Charaeva,paddypower,h2h,1.62,2.3,2026-09-30T12:54:10+00:00
2026-09-30T12:54:22.695202+00:00,tennis_wta_china_open,08940f5da7dc81ecbf2ab4828f6a4c0c,Yuliia Starodubtseva,Alina Charaeva,skybet,h2h,1.62,2.25,2026-09-30T12:54:10+00:00
2026-09-30T12:54:22.695202+00:00,tennis_wta_china_open,08940f5da7dc81ecbf2ab4828f6a4c0c,Yuliia Starodubtseva,Alina Charaeva,smarkets,h2h,1.69,2.32,2026-09-30T12:54:10+00:00
2026-09-30T12:54:22.695202+00:00,tennis_wta_china_open,08940f5da7dc81ecbf2ab4828f6a4c0c,Yuliia Starodubtseva,Alina Charaeva,sport888,h2h,1.67,2.2,2026-09-30T12:53:39+00:00
2026-09-30T12:54:22.695202+00:00,tennis_wta_china_open,08940f5da7dc81ecbf2ab4828f6a4c0c,Yuliia Starodubtseva,Alina Charaeva,unibet_uk,h2h,1.62,2.25,2026-09-30T12:53:57+00:00
2026-09-30T12:54:22.695202+00:00,tennis_wta_china_open,08940f5da7dc81ecbf2ab4828f6a4c0c,Yuliia Starodubtseva,Alina Charaeva,virginbet,h2h,1.63,2.28,2026-09-30T12:54:10+00:00
2026-09-30T12:54:22.695202+00:00,tennis_wta_china_open,08940f5da7dc81ecbf2ab4828f6a4c0c,Yuliia Starodubtseva,Alina Charaeva,williamhill,h2h,1.67,2.2,2026-09-30T12:53:24+00:00
2026-09-30T12:54:22.695202+00:00,tennis_wta_china_open,53f873d1a51975238b8a55de03609702,Sofia Kenin,Ashlyn Krueger,betfair_ex_uk,h2h,2.58,1.61,2026-09-30T12:54:11+00:00
2026-09-30T12:54:22.695202+00:00,tennis_wta_china_open,53f873d1a51975238b8a55de03609702,Sofia Kenin,Ashlyn Krueger,betano_uk,h2h,2.2,1.6,2026-09-30T12:51:18+00:00
2026-09-30T12:54:22.695202+00:00,tennis_wta_china_open,53f873d1a51975238b8a55de03609702,Sofia Kenin,Ashlyn Krueger,betfair_sb_uk,h2h,2.25,1.62,2026-09-30T12:53:53+00:00
2026-09-30T12:54:22.695202+00:00,tennis_wta_china_open,53f873d1a51975238b8a55de03609702,Sofia Kenin,Ashlyn Krueger,betvictor,h2h,2.2,1.6,2026-09-30T12:51:53+00:00
2026-09-30T12:54:22.695202+00:00,tennis_wta_china_open,53f873d1a51975238b8a55de03609702,Sofia Kenin,Ashlyn Krueger,betway,h2h,2.4,1.55,2026-09-30T12:53:25+00:00
2026-09-30T12:54:22.695202+00:00,tennis_wta_china_open,53f873d1a51975238b8a55de03609702,Sofia Kenin,Ashlyn Krueger,boylesports,h2h,2.38,1.57,2026-09-30T12:53:24+00:00
2026-09-30T12:54:22.695202+00:00,tennis_wta_china_open,53f873d1a51975238b8a55de03609702,Sofia Kenin,Ashlyn Krueger,casumo,h2h,2.43,1.55,2026-09-30T12:54:09+00:00
2026-09-30T12:54:22.695202+00:00,tennis_wta_china_open,53f873d1a51975238b8a55de03609702,Sofia Kenin,Ashlyn Krueger,coral,h2h,2.37,1.53,2026-09-30T12:53:40+00:00
2026-09-30T12:54:22.695202+00:00,tennis_wta_china_open,53f873d1a51975238b8a55de03609702,Sofia Kenin,Ashlyn Krueger,grosvenor,h2h,2.43,1.55,2026-09-30T12:53:39+00:00
2026-09-30T12:54:22.695202+00:00,tennis_wta_china_open,53f873d1a51975238b8a55de03609702,Sofia Kenin,Ashlyn Krueger,ladbrokes_uk,h2h,2.37,1.53,2026-09-30T12:53:53+00:00
2026-09-30T12:54:22.695202+00:00,tennis_wta_china_open,53f873d1a51975238b8a55de03609702,Sofia Kenin,Ashlyn Krueger,leovegas,h2h,2.3,1.55,2026-09-30T12:54:15+00:00
2026-09-30T12:54:22.695202+00:00,tennis_wta_china_open,53f873d1a51975238b8a55de03609702,Sofia Kenin,Ashlyn Krueger,livescorebet,h2h,2.43,1.55,2026-09-30T12:53:40+00:00
2026-09-30T12:54:22.695202+00:00,tennis_wta_china_open,53f873d1a51975238b8a55de03609702,Sofia Kenin,Ashlyn Krueger,matchbook,h2h,2.58,1.61,2026-09-30T12:54:09+00:00
2026-09-30T12:54:22.695202+00:00,tennis_wta_china_open,53f873d1a51975238b8a55de03609702,Sofia Kenin,Ashlyn Krueger,paddypower,h2h,2.38,1.57,2026-09-30T12:54:10+00:00
2026-09-30T12:54:22.695202+00:00,tennis_wta_china_open,53f873d1a51975238b8a55de03609702,Sofia Kenin,Ashlyn Krueger,skybet,h2h,2.38,1.57,2026-09-30T12:54:10+00:00
2026-09-30T12:54:22.695202+00:00,tennis_wta_china_open,53f873d1a51975238b8a55de03609702,Sofia Kenin,Ashlyn Krueger,smarkets,h2h,2.56,1.58,2026-09-30T12:54:10+00:00
2026-09-30T12:54:22.695202+00:00,tennis_wta_china_open,53f873d1a51975238b8a55de03609702,Sofia Kenin,Ashlyn Krueger,sport888,h2h,2.3,1.61,2026-09-30T12:53:39+00:00
2026-09-30T12:54:22.695202+00:00,tennis_wta_china_open,53f873d1a51975238b8a55de03609702,Sofia Kenin,Ashlyn Krueger,unibet_uk,h2h,2.34,1.58,2026-09-30T12:53:57+00:00
2026-09-30T12:54:22.695202+00:00,tennis_wta_china_open,53f873d1a51975238b8a55de03609702,Sofia Kenin,Ashlyn Krueger,virginbet,h2h,2.43,1.55,2026-09-30T12:54:10+00:00
2026-09-30T12:54:22.695202+00:00,tennis_wta_china_open,53f873d1a51975238b8a55de03609702,Sofia Kenin,Ashlyn Krueger,williamhill,h2h,2.3,1.62,2026-09-30T12:53:24+00:00
2026-09-30T12:54:22.695202+00:00,tennis_wta_china_open,3d3077abdfe48b002d129ce81ad27117,Katie Volynets,Robin Montgomery,betfair_ex_uk,h2h,1.76,2.22,2026-09-30T12:54:11+00:00
2026-09-30T12:54:22.695202+00:00,tennis_wta_china_open,3d3077abdfe48b002d129ce81ad27117,Katie Volynets,Robin Montgomery,betano_uk,h2h,1.7,2.05,2026-09-30T12:51:18+00:00
2026-09-30T12:54:22.695202+00:00,tennis_wta_china_open,3d3077abdfe48b002d129ce81ad27117,Katie Volynets,Robin Montgomery,betfair_sb_uk,h2h,1.73,2.1,2026-09-30T12:53:53+00:00
2026-09-30T12:54:22.695202+00:00,tennis_wta_china_open,3d3077abdfe48b002d129ce81ad27117,Katie Volynets,Robin Montgomery,betvictor,h2h,1.7,2.05,2026-09-30T12:51:53+00:00
2026-09-30T12:54:22.695202+00:00,tennis_wta_china_open,3d3077abdfe48b002d129ce81ad27117,Katie Volynets,Robin Montgomery,betway,h2h,1.73,2.1,2026-09-30T12:53:25+00:00
2026-09-30T12:54:22.695202+00:00,tennis_wta_china_open,3d3077abdfe48b002d129ce81ad27117,Katie Volynets,Robin Montgomery,boylesports,h2h,1.73,2.1,2026-09-30T12:53:24+00:00
2026-09-30T12:54:22.695202+00:00,tennis_wta_china_open,3d3077abdfe48b002d129ce81ad27117,Katie Volynets,Robin Montgomery,casumo,h2h,1.73,2.1,2026-09-30T12:54:09+00:00
2026-09-30T12:54:22.695202+00:00,tennis_wta_china_open,3d3077abdfe48b002d129ce81ad27117,Katie Volynets,Robin Montgomery,coral,h2h,1.7,2.1,2026-09-30T12:53:40+00:00
2026-09-30T12:54:22.695202+00:00,tennis_wta_china_open,3d3077abdfe48b002d129ce81ad27117,Katie Volynets,Robin Montgomery,grosvenor,h2h,1.73,2.1,2026-09-30T12:53:39+00:00
2026-09-30T12:54:22.695202+00:00,tennis_wta_china_open,3d3077abdfe48b002d129ce81ad27117,Katie Volynets,Robin Montgomery,ladbrokes_uk,h2h,1.7,2.1,2026-09-30T12:53:53+00:00
2026-09-30T12:54:22.695202+00:00,tennis_wta_china_open,3d3077abdfe48b002d129ce81ad27117,Katie Volynets,Robin Montgomery,leovegas,h2h,1.67,2.05,2026-09-30T12:54:15+00:00
2026-09-30T12:54:22.695202+00:00,tennis_wta_china_open,3d3077abdfe48b002d129ce81ad27117,Katie Volynets,Robin Montgomery,livescorebet,h2h,1.73,2.1,2026-09-30T12:53:40+00:00
2026-09-30T12:54:22.695202+00:00,tennis_wta_china_open,3d3077abdfe48b002d129ce81ad27117,Katie Volynets,Robin Montgomery,matchbook,h2h,1.76,2.22,2026-09-30T12:54:09+00:00
2026-09-30T12:54:22.695202+00:00,tennis_wta_china_open,3d3077abdfe48b002d129ce81ad27117,Katie Volynets,Robin Montgomery,paddypower,h2h,1.73,2.1,2026-09-30T12:54:10+00:00
2026-09-30T12:54:22.695202+00:00,tennis_wta_china_open,3d3077abdfe48b002d129ce81ad27117,Katie Volynets,Robin Montgomery,skybet,h2h,1.73,2.1,2026-09-30T12:54:10+00:00
2026-09-30T12:54:22.695202+00:00,tennis_wta_china_open,3d3077abdfe48b002d129ce81ad27117,Katie Volynets,Robin Montgomery,smarkets,h2h,1.76,2.2,2026-09-30T12:54:10+00:00
2026-09-30T12:54:22.695202+00:00,tennis_wta_china_open,3d3077abdfe48b002d129ce81ad27117,Katie Volynets,Robin Montgomery,sport888,h2h,1.73,2.1,2026-09-30T12:53:39+00:00
2026-09-30T12:54:22.695202+00:00,tennis_wta_china_open,3d3077abdfe48b002d129ce81ad27117,Katie Volynets,Robin Montgomery,unibet_uk,h2h,1.7,2.11,2026-09-30T12:53:57+00:00
2026-09-30T12:54:22.695202+00:00,tennis_wta_china_open,3d3077abdfe48b002d129ce81ad27117,Katie Volynets,Robin Montgomery,virginbet,h2h,1.73,2.1,2026-09-30T12:54:10+00:00
2026-09-30T12:54:22.695202+00:00,tennis_wta_china_open,3d3077abdfe48b002d129ce81ad27117,Katie Volynets,Robin Montgomery,williamhill,h2h,1.73,2.1,2026-09-30T12:53:24+00:00
2026-09-30T12:54:22.695202+00:00,tennis_wta_china_open,abf71bada16395da8f34ce3e4ea92668,Qinwen Zheng,Shi Han,betfair_ex_uk,h2h,1.1,9.8,2026-09-30T12:54:11+00:00
2026-09-30T12:54:22.695202+00:00,tennis_wta_china_open,abf71bada16395da8f34ce3e4ea92668,Qinwen Zheng,Shi Han,betano_uk,h2h,1.08,6.5,2026-09-30T12:51:18+00:00
2026-09-30T12:54:22.695202+00:00,tennis_wta_china_open,abf71bada16395da8f34ce3e4ea92668,Qinwen Zheng,Shi Han,betfair_sb_uk,h2h,1.08,7.5,2026-09-30T12:53:53+00:00
2026-09-30T12:54:22.695202+00:00,tennis_wta_china_open,abf71bada16395da8f34ce3e4ea92668,Qinwen Zheng,Shi Han,betvictor,h2h,1.08,6.5,2026-09-30T12:51:53+00:00
2026-09-30T12:54:22.695202+00:00,tennis_wta_china_open,abf71bada16395da8f34ce3e4ea92668,Qinwen Zheng,Shi Han,betway,h2h,1.07,8.5,2026-09-30T12:53:25+00:00
2026-09-30T12:54:22.695202+00:00,tennis_wta_china_open,abf71bada16395da8f34ce3e4ea92668,Qinwen Zheng,Shi Han,boylesports,h2h,1.1,8.0,2026-09-30T12:53:24+00:00
2026-09-30T12:54:22.695202+00:00,tennis_wta_china_open,abf71bada16395da8f34ce3e4ea92668,Qinwen Zheng,Shi Han,casumo,h2h,1.08,8.0,2026-09-30T12:54:09+00:00
2026-09-30T12:54:22.695202+00:00,tennis_wta_china_open,abf71bada16395da8f34ce3e4ea92668,Qinwen Zheng,Shi Han,coral,h2h,1.07,8.5,2026-09-30T12:53:40+00:00
2026-09-30T12:54:22.695202+00:00,tennis_wta_china_open,abf71bada16395da8f34ce3e4ea92668,Qinwen Zheng,Shi Han,grosvenor,h2h,1.08,8.0,2026-09-30T12:53:39+00:00
2026-09-30T12:54:22.695202+00:00,tennis_wta_china_open,abf71bada16395da8f34ce3e4ea92668,Qinwen Zheng,Shi Han,ladbrokes_uk,h2h,1.07,8.5,2026-09-30T12:53:53+00:00
2026-09-30T12:54:22.695202+00:00,tennis_wta_china_open,abf71bada16395da8f34ce3e4ea92668,Qinwen Zheng,Shi Han,leovegas,h2h,1.07,6.8,2026-09-30T12:54:15+00:00
2026-09-30T12:54:22.695202+00:00,tennis_wta_china_open,abf71bada16395da8f34ce3e4ea92668,Qinwen Zheng,Shi Han,livescorebet,h2h,1.08,8.0,2026-09-30T12:53:40+00:00
2026-09-30T12:54:22.695202+00:00,tennis_wta_china_open,abf71bada16395da8f34ce3e4ea92668,Qinwen Zheng,Shi Han,matchbook,h2h,1.1,9.6,2026-09-30T12:54:09+00:00
2026-09-30T12:54:22.695202+00:00,tennis_wta_china_open,abf71bada16395da8f34ce3e4ea92668,Qinwen Zheng,Shi Han,paddypower,h2h,1.08,8.0,2026-09-30T12:54:10+00:00
2026-09-30T12:54:22.695202+00:00,tennis_wta_china_open,abf71bada16395da8f34ce3e4ea92668,Qinwen Zheng,Shi Han,skybet,h2h,1.08,8.0,2026-09-30T12:54:10+00:00
2026-09-30T12:54:22.695202+00:00,tennis_wta_china_open,abf71bada16395da8f34ce3e4ea92668,Qinwen Zheng,Shi Han,smarkets,h2h,1.09,9.2,2026-09-30T12:54:10+00:00
2026-09-30T12:54:22.695202+00:00,tennis_wta_china_open,abf71bada16395da8f34ce3e4ea92668,Qinwen Zheng,Shi Han,sport888,h2h,1.06,8.0,2026-09-30T12:53:39+00:00
2026-09-30T12:54:22.695202+00:00,tennis_wta_china_open,abf71bada16395da8f34ce3e4ea92668,Qinwen Zheng,Shi Han,unibet_uk,h2h,1.08,7.5,2026-09-30T12:53:57+00:00
2026-09-30T12:54:22.695202+00:00,tennis_wta_china_open,abf71bada16395da8f34ce3e4ea92668,Qinwen Zheng,Shi Han,virginbet,h2h,1.08,8.0,2026-09-30T12:54:10+00:00
2026-09-30T12:54:22.695202+00:00,tennis_wta_china_open,abf71bada16395da8f34ce3e4ea92668,Qinwen Zheng,Shi Han,williamhill,h2h,1.07,8.0,2026-09-30T12:53:24+00:00
2026-09-30T12:54:22.695202+00:00,tennis_wta_china_open,c61cca87a103a35f8e1889747b27f171,Aoi Ito,Kimberly Birrell,betfair_ex_uk,h2h,3.7,1.34,2026-09-30T12:54:11+00:00
2026-09-30T12:54:22.695202+00:00,tennis_wta_china_open,c61cca87a103a35f8e1889747b27f171,Aoi Ito,Kimberly Birrell,betano_uk,h2h,3.25,1.29,2026-09-30T12:51:19+00:00
2026-09-30T12:54:22.695202+00:00,tennis_wta_china_open,c61cca87a103a35f8e1889747b27f171,Aoi Ito,Kimberly Birrell,betfair_sb_uk,h2h,3.5,1.29,2026-09-30T12:53:53+00:00
2026-09-30T12:54:22.695202+00:00,tennis_wta_china_open,c61cca87a103a35f8e1889747b27f171,Aoi Ito,Kimberly Birrell,betvictor,h2h,3.25,1.29,2026-09-30T12:51:53+00:00
2026-09-30T12:54:22.695202+00:00,tennis_wta_china_open,c61cca87a103a35f8e1889747b27f171,Aoi Ito,Kimberly Birrell,betway,h2h,3.5,1.3,2026-09-30T12:53:25+00:00
2026-09-30T12:54:22.695202+00:00,tennis_wta_china_open,c61cca87a103a35f8e1889747b27f171,Aoi Ito,Kimberly Birrell,boylesports,h2h,3.6,1.3,2026-09-30T12:53:25+00:00
2026-09-30T12:54:22.695202+00:00,tennis_wta_china_open,c61cca87a103a35f8e1889747b27f171,Aoi Ito,Kimberly Birrell,casumo,h2h,3.55,1.3,2026-09-30T12:54:09+00:00
2026-09-30T12:54:22.695202+00:00,tennis_wta_china_open,c61cca87a103a35f8e1889747b27f171,Aoi Ito,Kimberly Birrell,coral,h2h,3.5,1.28,2026-09-30T12:53:40+00:00
2026-09-30T12:54:22.695202+00:00,tennis_wta_china_open,c61cca87a103a35f8e1889747b27f171,Aoi Ito,Kimberly Birrell,grosvenor,h2h,3.55,1.3,2026-09-30T12:53:39+00:00
2026-09-30T12:54:22.695202+00:00,tennis_wta_china_open,c61cca87a103a35f8e1889747b27f171,Aoi Ito,Kimberly Birrell,ladbrokes_uk,h2h,3.5,1.28,2026-09-30T12:53:53+00:00
2026-09-30T12:54:22.695202+00:00,tennis_wta_china_open,c61cca87a103a35f8e1889747b27f171,Aoi Ito,Kimberly Birrell,leovegas,h2h,3.35,1.28,2026-09-30T12:54:15+00:00
2026-09-30T12:54:22.695202+00:00,tennis_wta_china_open,c61cca87a103a35f8e1889747b27f171,Aoi Ito,Kimberly Birrell,livescorebet,h2h,3.55,1.3,2026-09-30T12:53:40+00:00
2026-09-30T12:54:22.695202+00:00,tennis_wta_china_open,c61cca87a103a35f8e1889747b27f171,Aoi Ito,Kimberly Birrell,matchbook,h2h,3.7,1.34,2026-09-30T12:54:09+00:00
2026-09-30T12:54:22.695202+00:00,tennis_wta_china_open,c61cca87a103a35f8e1889747b27f171,Aoi Ito,Kimberly Birrell,paddypower,h2h,3.6,1.25,2026-09-30T12:54:10+00:00
2026-09-30T12:54:22.695202+00:00,tennis_wta_china_open,c61cca87a103a35f8e1889747b27f171,Aoi Ito,Kimberly Birrell,skybet,h2h,3.75,1.25,2026-09-30T12:54:10+00:00
2026-09-30T12:54:22.695202+00:00,tennis_wta_china_open,c61cca87a103a35f8e1889747b27f171,Aoi Ito,Kimberly Birrell,smarkets,h2h,3.7,1.33,2026-09-30T12:54:10+00:00
2026-09-30T12:54:22.695202+00:00,tennis_wta_china_open,c61cca87a103a35f8e1889747b27f171,Aoi Ito,Kimberly Birrell,sport888,h2h,3.3,1.33,2026-09-30T12:53:39+00:00
2026-09-30T12:54:22.695202+00:00,tennis_wta_china_open,c61cca87a103a35f8e1889747b27f171,Aoi Ito,Kimberly Birrell,unibet_uk,h2h,3.5,1.29,2026-09-30T12:53:57+00:00
2026-09-30T12:54:22.695202+00:00,tennis_wta_china_open,c61cca87a103a35f8e1889747b27f171,Aoi Ito,Kimberly Birrell,virginbet,h2h,3.55,1.3,2026-09-30T12:54:10+00:00
2026-09-30T12:54:22.695202+00:00,tennis_wta_china_open,c61cca87a103a35f8e1889747b27f171,Aoi Ito,Kimberly Birrell,williamhill,h2h,3.3,1.33,2026-09-30T12:53:24+00:00
2026-09-30T12:54:22.695202+00:00,tennis_wta_china_open,a4aa67d29f120efed0e3f1eab2c7a88c,Paula Badosa,Daria Kasatkina,betfair_ex_uk,h2h,1.45,3.1,2026-09-30T12:54:11+00:00
2026-09-30T12:54:22.695202+00:00,tennis_wta_china_open,a4aa67d29f120efed0e3f1eab2c7a88c,Paula Badosa,Daria Kasatkina,betano_uk,h2h,1.4,2.75,2026-09-30T12:51:19+00:00
2026-09-30T12:54:22.695202+00:00,tennis_wta_china_open,a4aa67d29f120efed0e3f1eab2c7a88c,Paula Badosa,Daria Kasatkina,betfair_sb_uk,h2h,1.4,2.88,2026-09-30T12:53:53+00:00
2026-09-30T12:54:22.695202+00:00,tennis_wta_china_open,a4aa67d29f120efed0e3f1eab2c7a88c,Paula Badosa,Daria Kasatkina,betvictor,h2h,1.4,2.75,2026-09-30T12:51:53+00:00
2026-09-30T12:54:22.695202+00:00,tennis_wta_china_open,a4aa67d29f120efed0e3f1eab2c7a88c,Paula Badosa,Daria Kasatkina,betway,h2h,1.44,2.75,2026-09-30T12:53:25+00:00
2026-09-30T12:54:22.695202+00:00,tennis_wta_china_open,a4aa67d29f120efed0e3f1eab2c7a88c,Paula Badosa,Daria Kasatkina,boylesports,h2h,1.4,3.0,2026-09-30T12:53:25+00:00
2026-09-30T12:54:22.695202+00:00,tennis_wta_china_open,a4aa67d29f120efed0e3f1eab2c7a88c,Paula Badosa,Daria Kasatkina,casumo,h2h,1.4,2.95,2026-09-30T12:54:09+00:00
2026-09-30T12:54:22.695202+00:00,tennis_wta_china_open,a4aa67d29f120efed0e3f1eab2c7a88c,Paula Badosa,Daria Kasatkina,coral,h2h,1.4,2.87,2026-09-30T12:53:40+00:00
2026-09-30T12:54:22.695202+00:00,tennis_wta_china_open,a4aa67d29f120efed0e3f1eab2c7a88c,Paula Badosa,Daria Kasatkina,grosvenor,h2h,1.4,2.95,2026-09-30T12:53:39+00:00
2026-09-30T12:54:22.695202+00:00,tennis_wta_china_open,a4aa67d29f120efed0e3f1eab2c7a88c,Paula Badosa,Daria Kasatkina,ladbrokes_uk,h2h,1.4,2.87,2026-09-30T12:53:53+00:00
2026-09-30T12:54:22.695202+00:00,tennis_wta_china_open,a4aa67d29f120efed0e3f1eab2c7a88c,Paula Badosa,Daria Kasatkina,livescorebet,h2h,1.4,2.95,2026-09-30T12:53:40+00:00
2026-09-30T12:54:22.695202+00:00,tennis_wta_china_open,a4aa67d29f120efed0e3f1eab2c7a88c,Paula Badosa,Daria Kasatkina,matchbook,h2h,1.45,3.1,2026-09-30T12:54:09+00:00
2026-09-30T12:54:22.695202+00:00,tennis_wta_china_open,a4aa67d29f120efed0e3f1eab2c7a88c,Paula Badosa,Daria Kasatkina,paddypower,h2h,1.4,2.88,2026-09-30T12:54:10+00:00
2026-09-30T12:54:22.695202+00:00,tennis_wta_china_open,a4aa67d29f120efed0e3f1eab2c7a88c,Paula Badosa,Daria Kasatkina,skybet,h2h,1.4,2.88,2026-09-30T12:54:10+00:00
2026-09-30T12:54:22.695202+00:00,tennis_wta_china_open,a4aa67d29f120efed0e3f1eab2c7a88c,Paula Badosa,Daria Kasatkina,smarkets,h2h,1.43,3.1,2026-09-30T12:54:10+00:00
2026-09-30T12:54:22.695202+00:00,tennis_wta_china_open,a4aa67d29f120efed0e3f1eab2c7a88c,Paula Badosa,Daria Kasatkina,sport888,h2h,1.4,2.9,2026-09-30T12:53:39+00:00
2026-09-30T12:54:22.695202+00:00,tennis_wta_china_open,a4aa67d29f120efed0e3f1eab2c7a88c,Paula Badosa,Daria Kasatkina,unibet_uk,h2h,1.4,2.88,2026-09-30T12:53:57+00:00
2026-09-30T12:54:22.695202+00:00,tennis_wta_china_open,a4aa67d29f120efed0e3f1eab2c7a88c,Paula Badosa,Daria Kasatkina,virginbet,h2h,1.4,2.95,2026-09-30T12:54:10+00:00
2026-09-30T12:54:22.695202+00:00,tennis_wta_china_open,a4aa67d29f120efed0e3f1eab2c7a88c,Paula Badosa,Daria Kasatkina,williamhill,h2h,1.4,2.9,2026-09-30T12:53:24+00:00
2026-09-30T12:54:22.695202+00:00,tennis_wta_china_open,fb9eebaf5bf935bd7f96b48cea43933d,Sonay Kartal,Andrea Lazaro Garcia,betfair_ex_uk,h2h,1.33,3.85,2026-09-30T12:54:11+00:00
2026-09-30T12:54:22.695202+00:00,tennis_wta_china_open,fb9eebaf5bf935bd7f96b48cea43933d,Sonay Kartal,Andrea Lazaro Garcia,betano_uk,h2h,1.25,3.6,2026-09-30T12:51:19+00:00
2026-09-30T12:54:22.695202+00:00,tennis_wta_china_open,fb9eebaf5bf935bd7f96b48cea43933d,Sonay Kartal,Andrea Lazaro Garcia,betfair_sb_uk,h2h,1.29,3.5,2026-09-30T12:53:53+00:00
2026-09-30T12:54:22.695202+00:00,tennis_wta_china_open,fb9eebaf5bf935bd7f96b48cea43933d,Sonay Kartal,Andrea Lazaro Garcia,betvictor,h2h,1.25,3.6,2026-09-30T12:51:53+00:00
2026-09-30T12:54:22.695202+00:00,tennis_wta_china_open,fb9eebaf5bf935bd7f96b48cea43933d,Sonay Kartal,Andrea Lazaro Garcia,betway,h2h,1.29,3.75,2026-09-30T12:53:25+00:00
2026-09-30T12:54:22.695202+00:00,tennis_wta_china_open,fb9eebaf5bf935bd7f96b48cea43933d,Sonay Kartal,Andrea Lazaro Garcia,boylesports,h2h,1.29,3.75,2026-09-30T12:53:25+00:00
2026-09-30T12:54:22.695202+00:00,tennis_wta_china_open,fb9eebaf5bf935bd7f96b48cea43933d,Sonay Kartal,Andrea Lazaro Garcia,casumo,h2h,1.26,3.85,2026-09-30T12:54:09+00:00
2026-09-30T12:54:22.695202+00:00,tennis_wta_china_open,fb9eebaf5bf935bd7f96b48cea43933d,Sonay Kartal,Andrea Lazaro Garcia,coral,h2h,1.28,3.5,2026-09-30T12:53:40+00:00
2026-09-30T12:54:22.695202+00:00,tennis_wta_china_open,fb9eebaf5bf935bd7f96b48cea43933d,Sonay Kartal,Andrea Lazaro Garcia,grosvenor,h2h,1.26,3.85,2026-09-30T12:53:39+00:00
2026-09-30T12:54:22.695202+00:00,tennis_wta_china_open,fb9eebaf5bf935bd7f96b48cea43933d,Sonay Kartal,Andrea Lazaro Garcia,ladbrokes_uk,h2h,1.28,3.5,2026-09-30T12:53:53+00:00
2026-09-30T12:54:22.695202+00:00,tennis_wta_china_open,fb9eebaf5bf935bd7f96b48cea43933d,Sonay Kartal,Andrea Lazaro Garcia,leovegas,h2h,1.24,3.65,2026-09-30T12:54:15+00:00
2026-09-30T12:54:22.695202+00:00,tennis_wta_china_open,fb9eebaf5bf935bd7f96b48cea43933d,Sonay Kartal,Andrea Lazaro Garcia,livescorebet,h2h,1.26,3.85,2026-09-30T12:53:40+00:00
2026-09-30T12:54:22.695202+00:00,tennis_wta_china_open,fb9eebaf5bf935bd7f96b48cea43933d,Sonay Kartal,Andrea Lazaro Garcia,matchbook,h2h,1.33,3.85,2026-09-30T12:54:09+00:00
2026-09-30T12:54:22.695202+00:00,tennis_wta_china_open,fb9eebaf5bf935bd7f96b48cea43933d,Sonay Kartal,Andrea Lazaro Garcia,paddypower,h2h,1.25,3.75,2026-09-30T12:54:10+00:00
2026-09-30T12:54:22.695202+00:00,tennis_wta_china_open,fb9eebaf5bf935bd7f96b48cea43933d,Sonay Kartal,Andrea Lazaro Garcia,skybet,h2h,1.25,4.0,2026-09-30T12:54:10+00:00
2026-09-30T12:54:22.695202+00:00,tennis_wta_china_open,fb9eebaf5bf935bd7f96b48cea43933d,Sonay Kartal,Andrea Lazaro Garcia,smarkets,h2h,1.3,3.85,2026-09-30T12:54:10+00:00
2026-09-30T12:54:22.695202+00:00,tennis_wta_china_open,fb9eebaf5bf935bd7f96b48cea43933d,Sonay Kartal,Andrea Lazaro Garcia,sport888,h2h,1.3,3.5,2026-09-30T12:53:39+00:00
2026-09-30T12:54:22.695202+00:00,tennis_wta_china_open,fb9eebaf5bf935bd7f96b48cea43933d,Sonay Kartal,Andrea Lazaro Garcia,unibet_uk,h2h,1.25,3.8,2026-09-30T12:53:57+00:00
2026-09-30T12:54:22.695202+00:00,tennis_wta_china_open,fb9eebaf5bf935bd7f96b48cea43933d,Sonay Kartal,Andrea Lazaro Garcia,virginbet,h2h,1.26,3.85,2026-09-30T12:54:10+00:00
2026-09-30T12:54:22.695202+00:00,tennis_wta_china_open,fb9eebaf5bf935bd7f96b48cea43933d,Sonay Kartal,Andrea Lazaro Garcia,williamhill,h2h,1.3,3.5,2026-09-30T12:53:24+00:00
2026-09-30T12:54:22.695202+00:00,tennis_wta_china_open,8962aea3dd981eb3eb6cccc3b2fd3829,Magda Linette,Katerina Siniakova,betfair_ex_uk,h2h,2.84,1.52,2026-09-30T12:54:11+00:00
2026-09-30T12:54:22.695202+00:00,tennis_wta_china_open,8962aea3dd981eb3eb6cccc3b2fd3829,Magda Linette,Katerina Siniakova,betano_uk,h2h,2.38,1.53,2026-09-30T12:51:19+00:00
2026-09-30T12:54:22.695202+00:00,tennis_wta_china_open,8962aea3dd981eb3eb6cccc3b2fd3829,Magda Linette,Katerina Siniakova,betvictor,h2h,2.38,1.53,2026-09-30T12:51:53+00:00
2026-09-30T12:54:22.695202+00:00,tennis_wta_china_open,8962aea3dd981eb3eb6cccc3b2fd3829,Magda Linette,Katerina Siniakova,betway,h2h,2.75,1.45,2026-09-30T12:53:25+00:00
2026-09-30T12:54:22.695202+00:00,tennis_wta_china_open,8962aea3dd981eb3eb6cccc3b2fd3829,Magda Linette,Katerina Siniakova,boylesports,h2h,2.7,1.5,2026-09-30T12:53:25+00:00
2026-09-30T12:54:22.695202+00:00,tennis_wta_china_open,8962aea3dd981eb3eb6cccc3b2fd3829,Magda Linette,Katerina Siniakova,casumo,h2h,2.65,1.48,2026-09-30T12:54:09+00:00
2026-09-30T12:54:22.695202+00:00,tennis_wta_china_open,8962aea3dd981eb3eb6cccc3b2fd3829,Magda Linette,Katerina Siniakova,coral,h2h,2.62,1.44,2026-09-30T12:53:40+00:00
2026-09-30T12:54:22.695202+00:00,tennis_wta_china_open,8962aea3dd981eb3eb6cccc3b2fd3829,Magda Linette,Katerina Siniakova,grosvenor,h2h,2.65,1.48,2026-09-30T12:53:39+00:00
2026-09-30T12:54:22.695202+00:00,tennis_wta_china_open,8962aea3dd981eb3eb6cccc3b2fd3829,Magda Linette,Katerina Siniakova,ladbrokes_uk,h2h,2.62,1.44,2026-09-30T12:53:53+00:00
2026-09-30T12:54:22.695202+00:00,tennis_wta_china_open,8962aea3dd981eb3eb6cccc3b2fd3829,Magda Linette,Katerina Siniakova,leovegas,h2h,2.6,1.44,2026-09-30T12:54:15+00:00
2026-09-30T12:54:22.695202+00:00,tennis_wta_china_open,8962aea3dd981eb3eb6cccc3b2fd3829,Magda Linette,Katerina Siniakova,livescorebet,h2h,2.65,1.48,2026-09-30T12:53:40+00:00
2026-09-30T12:54:22.695202+00:00,tennis_wta_china_open,8962aea3dd981eb3eb6cccc3b2fd3829,Magda Linette,Katerina Siniakova,matchbook,h2h,2.84,1.52,2026-09-30T12:54:09+00:00
2026-09-30T12:54:22.695202+00:00,tennis_wta_china_open,8962aea3dd981eb3eb6cccc3b2fd3829,Magda Linette,Katerina Siniakova,paddypower,h2h,2.6,1.5,2026-09-30T12:54:10+00:00
2026-09-30T12:54:22.695202+00:00,tennis_wta_china_open,8962aea3dd981eb3eb6cccc3b2fd3829,Magda Linette,Katerina Siniakova,skybet,h2h,2.63,1.5,2026-09-30T12:54:10+00:00
2026-09-30T12:54:22.695202+00:00,tennis_wta_china_open,8962aea3dd981eb3eb6cccc3b2fd3829,Magda Linette,Katerina Siniakova,smarkets,h2h,2.84,1.49,2026-09-30T12:54:10+00:00
2026-09-30T12:54:22.695202+00:00,tennis_wta_china_open,8962aea3dd981eb3eb6cccc3b2fd3829,Magda Linette,Katerina Siniakova,sport888,h2h,2.75,1.44,2026-09-30T12:53:39+00:00
2026-09-30T12:54:22.695202+00:00,tennis_wta_china_open,8962aea3dd981eb3eb6cccc3b2fd3829,Magda Linette,Katerina Siniakova,unibet_uk,h2h,2.6,1.48,2026-09-30T12:53:57+00:00
2026-09-30T12:54:22.695202+00:00,tennis_wta_china_open,8962aea3dd981eb3eb6cccc3b2fd3829,Magda Linette,Katerina Siniakova,virginbet,h2h,2.65,1.48,2026-09-30T12:54:10+00:00
2026-09-30T12:54:22.695202+00:00,tennis_wta_china_open,8962aea3dd981eb3eb6cccc3b2fd3829,Magda Linette,Katerina Siniakova,williamhill,h2h,2.75,1.44,2026-09-30T12:53:25+00:00
2026-09-30T12:54:22.695202+00:00,tennis_wta_china_open,1b26a19876c9aaf7be957f87c1e4e7a2,Yushan Shao,Anastasia Zakharova,betfair_ex_uk,h2h,13.5,1.07,2026-09-30T12:54:11+00:00
2026-09-30T12:54:22.695202+00:00,tennis_wta_china_open,1b26a19876c9aaf7be957f87c1e4e7a2,Yushan Shao,Anastasia Zakharova,betano_uk,h2h,6.5,1.08,2026-09-30T12:51:19+00:00
2026-09-30T12:54:22.695202+00:00,tennis_wta_china_open,1b26a19876c9aaf7be957f87c1e4e7a2,Yushan Shao,Anastasia Zakharova,betvictor,h2h,6.5,1.08,2026-09-30T12:51:53+00:00
2026-09-30T12:54:22.695202+00:00,tennis_wta_china_open,1b26a19876c9aaf7be957f87c1e4e7a2,Yushan Shao,Anastasia Zakharova,betway,h2h,10.0,1.05,2026-09-30T12:53:25+00:00
2026-09-30T12:54:22.695202+00:00,tennis_wta_china_open,1b26a19876c9aaf7be957f87c1e4e7a2,Yushan Shao,Anastasia Zakharova,boylesports,h2h,11.0,1.06,2026-09-30T12:53:25+00:00
2026-09-30T12:54:22.695202+00:00,tennis_wta_china_open,1b26a19876c9aaf7be957f87c1e4e7a2,Yushan Shao,Anastasia Zakharova,casumo,h2h,10.0,1.05,2026-09-30T12:54:09+00:00
2026-09-30T12:54:22.695202+00:00,tennis_wta_china_open,1b26a19876c9aaf7be957f87c1e4e7a2,Yushan Shao,Anastasia Zakharova,coral,h2h,10.0,1.06,2026-09-30T12:53:40+00:00
2026-09-30T12:54:22.695202+00:00,tennis_wta_china_open,1b26a19876c9aaf7be957f87c1e4e7a2,Yushan Shao,Anastasia Zakharova,grosvenor,h2h,10.0,1.05,2026-09-30T12:53:39+00:00
2026-09-30T12:54:22.695202+00:00,tennis_wta_china_open,1b26a19876c9aaf7be957f87c1e4e7a2,Yushan Shao,Anastasia Zakharova,ladbrokes_uk,h2h,10.0,1.06,2026-09-30T12:53:53+00:00
2026-09-30T12:54:22.695202+00:00,tennis_wta_china_open,1b26a19876c9aaf7be957f87c1e4e7a2,Yushan Shao,Anastasia Zakharova,leovegas,h2h,8.5,1.04,2026-09-30T12:54:14+00:00
2026-09-30T12:54:22.695202+00:00,tennis_wta_china_open,1b26a19876c9aaf7be957f87c1e4e7a2,Yushan Shao,Anastasia Zakharova,livescorebet,h2h,10.0,1.05,2026-09-30T12:53:40+00:00
2026-09-30T12:54:22.695202+00:00,tennis_wta_china_open,1b26a19876c9aaf7be957f87c1e4e7a2,Yushan Shao,Anastasia Zakharova,matchbook,h2h,13.5,1.07,2026-09-30T12:54:09+00:00
2026-09-30T12:54:22.695202+00:00,tennis_wta_china_open,1b26a19876c9aaf7be957f87c1e4e7a2,Yushan Shao,Anastasia Zakharova,paddypower,h2h,9.0,1.07,2026-09-30T12:54:10+00:00
2026-09-30T12:54:22.695202+00:00,tennis_wta_china_open,1b26a19876c9aaf7be957f87c1e4e7a2,Yushan Shao,Anastasia Zakharova,skybet,h2h,9.0,1.07,2026-09-30T12:54:10+00:00
2026-09-30T12:54:22.695202+00:00,tennis_wta_china_open,1b26a19876c9aaf7be957f87c1e4e7a2,Yushan Shao,Anastasia Zakharova,smarkets,h2h,14.01,1.05,2026-09-30T12:54:10+00:00
2026-09-30T12:54:22.695202+00:00,tennis_wta_china_open,1b26a19876c9aaf7be957f87c1e4e7a2,Yushan Shao,Anastasia Zakharova,sport888,h2h,10.0,1.05,2026-09-30T12:53:39+00:00
2026-09-30T12:54:22.695202+00:00,tennis_wta_china_open,1b26a19876c9aaf7be957f87c1e4e7a2,Yushan Shao,Anastasia Zakharova,unibet_uk,h2h,8.5,1.06,2026-09-30T12:53:57+00:00
2026-09-30T12:54:22.695202+00:00,tennis_wta_china_open,1b26a19876c9aaf7be957f87c1e4e7a2,Yushan Shao,Anastasia Zakharova,virginbet,h2h,10.0,1.05,2026-09-30T12:54:10+00:00
2026-09-30T12:54:22.695202+00:00,tennis_wta_china_open,1b26a19876c9aaf7be957f87c1e4e7a2,Yushan Shao,Anastasia Zakharova,williamhill,h2h,10.0,1.05,2026-09-30T12:53:25+00:00
2026-09-30T12:54:22.695202+00:00,tennis_wta_china_open,982ff3992a464e7e52910a12f402a08b,Yu Jun Lin,Storm Hunter,betfair_ex_uk,h2h,13.0,1.07,2026-09-30T12:54:11+00:00
2026-09-30T12:54:22.695202+00:00,tennis_wta_china_open,982ff3992a464e7e52910a12f402a08b,Yu Jun Lin,Storm Hunter,betano_uk,h2h,8.5,1.04,2026-09-30T12:51:19+00:00
2026-09-30T12:54:22.695202+00:00,tennis_wta_china_open,982ff3992a464e7e52910a12f402a08b,Yu Jun Lin,Storm Hunter,betvictor,h2h,8.5,1.04,2026-09-30T12:51:53+00:00
2026-09-30T12:54:22.695202+00:00,tennis_wta_china_open,982ff3992a464e7e52910a12f402a08b,Yu Jun Lin,Storm Hunter,boylesports,h2h,13.0,1.05,2026-09-30T12:53:25+00:00
2026-09-30T12:54:22.695202+00:00,tennis_wta_china_open,982ff3992a464e7e52910a12f402a08b,Yu Jun Lin,Storm Hunter,casumo,h2h,10.0,1.05,2026-09-30T12:54:09+00:00
2026-09-30T12:54:22.695202+00:00,tennis_wta_china_open,982ff3992a464e7e52910a12f402a08b,Yu Jun Lin,Storm Hunter,coral,h2h,10.0,1.06,2026-09-30T12:53:40+00:00
2026-09-30T12:54:22.695202+00:00,tennis_wta_china_open,982ff3992a464e7e52910a12f402a08b,Yu Jun Lin,Storm Hunter,grosvenor,h2h,10.0,1.05,2026-09-30T12:53:39+00:00
2026-09-30T12:54:22.695202+00:00,tennis_wta_china_open,982ff3992a464e7e52910a12f402a08b,Yu Jun Lin,Storm Hunter,ladbrokes_uk,h2h,10.0,1.06,2026-09-30T12:53:53+00:00
2026-09-30T12:54:22.695202+00:00,tennis_wta_china_open,982ff3992a464e7e52910a12f402a08b,Yu Jun Lin,Storm Hunter,leovegas,h2h,9.0,1.03,2026-09-30T12:54:15+00:00
2026-09-30T12:54:22.695202+00:00,tennis_wta_china_open,982ff3992a464e7e52910a12f402a08b,Yu Jun Lin,Storm Hunter,livescorebet,h2h,10.0,1.05,2026-09-30T12:53:40+00:00
2026-09-30T12:54:22.695202+00:00,tennis_wta_china_open,982ff3992a464e7e52910a12f402a08b,Yu Jun Lin,Storm Hunter,matchbook,h2h,13.0,1.07,2026-09-30T12:54:09+00:00
2026-09-30T12:54:22.695202+00:00,tennis_wta_china_open,982ff3992a464e7e52910a12f402a08b,Yu Jun Lin,Storm Hunter,paddypower,h2h,13.0,1.04,2026-09-30T12:54:10+00:00
2026-09-30T12:54:22.695202+00:00,tennis_wta_china_open,982ff3992a464e7e52910a12f402a08b,Yu Jun Lin,Storm Hunter,skybet,h2h,13.0,1.04,2026-09-30T12:54:10+00:00
2026-09-30T12:54:22.695202+00:00,tennis_wta_china_open,982ff3992a464e7e52910a12f402a08b,Yu Jun Lin,Storm Hunter,smarkets,h2h,11.0,1.06,2026-09-30T12:54:10+00:00
2026-09-30T12:54:22.695202+00:00,tennis_wta_china_open,982ff3992a464e7e52910a12f402a08b,Yu Jun Lin,Storm Hunter,sport888,h2h,10.0,1.05,2026-09-30T12:53:39+00:00
2026-09-30T12:54:22.695202+00:00,tennis_wta_china_open,982ff3992a464e7e52910a12f402a08b,Yu Jun Lin,Storm Hunter,unibet_uk,h2h,10.0,1.04,2026-09-30T12:53:57+00:00
2026-09-30T12:54:22.695202+00:00,tennis_wta_china_open,982ff3992a464e7e52910a12f402a08b,Yu Jun Lin,Storm Hunter,virginbet,h2h,10.0,1.05,2026-09-30T12:54:10+00:00
2026-09-30T12:54:22.695202+00:00,tennis_wta_china_open,982ff3992a464e7e52910a12f402a08b,Yu Jun Lin,Storm Hunter,williamhill,h2h,10.0,1.05,2026-09-30T12:53:25+00:00
2026-09-30T12:54:22.695202+00:00,tennis_wta_china_open,15acf15b8d85ca13f4d7fc2da619fe2f,Lanlana Tararudee,Maria Camila Osorio Serrano,betfair_ex_uk,h2h,1.92,2.04,2026-09-30T12:54:11+00:00
2026-09-30T12:54:22.695202+00:00,tennis_wta_china_open,15acf15b8d85ca13f4d7fc2da619fe2f,Lanlana Tararudee,Maria Camila Osorio Serrano,betano_uk,h2h,1.73,2.0,2026-09-30T12:51:19+00:00
2026-09-30T12:54:22.695202+00:00,tennis_wta_china_open,15acf15b8d85ca13f4d7fc2da619fe2f,Lanlana Tararudee,Maria Camila Osorio Serrano,betvictor,h2h,1.73,2.0,2026-09-30T12:51:53+00:00
2026-09-30T12:54:22.695202+00:00,tennis_wta_china_open,15acf15b8d85ca13f4d7fc2da619fe2f,Lanlana Tararudee,Maria Camila Osorio Serrano,betway,h2h,1.8,2.0,2026-09-30T12:53:25+00:00
2026-09-30T12:54:22.695202+00:00,tennis_wta_china_open,15acf15b8d85ca13f4d7fc2da619fe2f,Lanlana Tararudee,Maria Camila Osorio Serrano,boylesports,h2h,1.83,2.0,2026-09-30T12:53:25+00:00
2026-09-30T12:54:22.695202+00:00,tennis_wta_china_open,15acf15b8d85ca13f4d7fc2da619fe2f,Lanlana Tararudee,Maria Camila Osorio Serrano,casumo,h2h,1.87,1.93,2026-09-30T12:54:09+00:00
2026-09-30T12:54:22.695202+00:00,tennis_wta_china_open,15acf15b8d85ca13f4d7fc2da619fe2f,Lanlana Tararudee,Maria Camila Osorio Serrano,coral,h2h,1.8,1.91,2026-09-30T12:53:40+00:00
2026-09-30T12:54:22.695202+00:00,tennis_wta_china_open,15acf15b8d85ca13f4d7fc2da619fe2f,Lanlana Tararudee,Maria Camila Osorio Serrano,grosvenor,h2h,1.87,1.93,2026-09-30T12:53:39+00:00
2026-09-30T12:54:22.695202+00:00,tennis_wta_china_open,15acf15b8d85ca13f4d7fc2da619fe2f,Lanlana Tararudee,Maria Camila Osorio Serrano,ladbrokes_uk,h2h,1.8,1.91,2026-09-30T12:53:53+00:00
2026-09-30T12:54:22.695202+00:00,tennis_wta_china_open,15acf15b8d85ca13f4d7fc2da619fe2f,Lanlana Tararudee,Maria Camila Osorio Serrano,leovegas,h2h,1.8,1.92,2026-09-30T12:54:14+00:00
2026-09-30T12:54:22.695202+00:00,tennis_wta_china_open,15acf15b8d85ca13f4d7fc2da619fe2f,Lanlana Tararudee,Maria Camila Osorio Serrano,livescorebet,h2h,1.87,1.93,2026-09-30T12:53:40+00:00
2026-09-30T12:54:22.695202+00:00,tennis_wta_china_open,15acf15b8d85ca13f4d7fc2da619fe2f,Lanlana Tararudee,Maria Camila Osorio Serrano,matchbook,h2h,1.92,2.06,2026-09-30T12:54:09+00:00
2026-09-30T12:54:22.695202+00:00,tennis_wta_china_open,15acf15b8d85ca13f4d7fc2da619fe2f,Lanlana Tararudee,Maria Camila Osorio Serrano,paddypower,h2h,1.83,1.91,2026-09-30T12:54:10+00:00
2026-09-30T12:54:22.695202+00:00,tennis_wta_china_open,15acf15b8d85ca13f4d7fc2da619fe2f,Lanlana Tararudee,Maria Camila Osorio Serrano,skybet,h2h,1.83,1.91,2026-09-30T12:54:10+00:00
2026-09-30T12:54:22.695202+00:00,tennis_wta_china_open,15acf15b8d85ca13f4d7fc2da619fe2f,Lanlana Tararudee,Maria Camila Osorio Serrano,smarkets,h2h,1.89,2.0,2026-09-30T12:54:10+00:00
2026-09-30T12:54:22.695202+00:00,tennis_wta_china_open,15acf15b8d85ca13f4d7fc2da619fe2f,Lanlana Tararudee,Maria Camila Osorio Serrano,sport888,h2h,1.85,1.95,2026-09-30T12:53:39+00:00
2026-09-30T12:54:22.695202+00:00,tennis_wta_china_open,15acf15b8d85ca13f4d7fc2da619fe2f,Lanlana Tararudee,Maria Camila Osorio Serrano,unibet_uk,h2h,1.83,1.94,2026-09-30T12:53:57+00:00
2026-09-30T12:54:22.695202+00:00,tennis_wta_china_open,15acf15b8d85ca13f4d7fc2da619fe2f,Lanlana Tararudee,Maria Camila Osorio Serrano,virginbet,h2h,1.87,1.93,2026-09-30T12:54:10+00:00
2026-09-30T12:54:22.695202+00:00,tennis_wta_china_open,15acf15b8d85ca13f4d7fc2da619fe2f,Lanlana Tararudee,Maria Camila Osorio Serrano,williamhill,h2h,1.85,1.95,2026-09-30T12:53:25+00:00
2026-09-30T12:54:22.695202+00:00,tennis_wta_china_open,d335a62e23f27b87cc79d2e6c6589617,Harriet Dart,Yihan Qu,betfair_ex_uk,h2h,1.08,11.5,2026-09-30T12:54:11+00:00
2026-09-30T12:54:22.695202+00:00,tennis_wta_china_open,d335a62e23f27b87cc79d2e6c6589617,Harriet Dart,Yihan Qu,betano_uk,h2h,1.06,7.0,2026-09-30T12:51:19+00:00
2026-09-30T12:54:22.695202+00:00,tennis_wta_china_open,d335a62e23f27b87cc79d2e6c6589617,Harriet Dart,Yihan Qu,betvictor,h2h,1.06,7.0,2026-09-30T12:51:53+00:00
2026-09-30T12:54:22.695202+00:00,tennis_wta_china_open,d335a62e23f27b87cc79d2e6c6589617,Harriet Dart,Yihan Qu,boylesports,h2h,1.06,11.0,2026-09-30T12:53:25+00:00
2026-09-30T12:54:22.695202+00:00,tennis_wta_china_open,d335a62e23f27b87cc79d2e6c6589617,Harriet Dart,Yihan Qu,casumo,h2h,1.06,9.0,2026-09-30T12:54:09+00:00
2026-09-30T12:54:22.695202+00:00,tennis_wta_china_open,d335a62e23f27b87cc79d2e6c6589617,Harriet Dart,Yihan Qu,coral,h2h,1.06,9.0,2026-09-30T12:53:40+00:00
2026-09-30T12:54:22.695202+00:00,tennis_wta_china_open,d335a62e23f27b87cc79d2e6c6589617,Harriet Dart,Yihan Qu,grosvenor,h2h,1.06,9.0,2026-09-30T12:53:39+00:00
2026-09-30T12:54:22.695202+00:00,tennis_wta_china_open,d335a62e23f27b87cc79d2e6c6589617,Harriet Dart,Yihan Qu,ladbrokes_uk,h2h,1.06,9.0,2026-09-30T12:53:53+00:00
2026-09-30T12:54:22.695202+00:00,tennis_wta_china_open,d335a62e23f27b87cc79d2e6c6589617,Harriet Dart,Yihan Qu,leovegas,h2h,1.04,8.5,2026-09-30T12:54:15+00:00
2026-09-30T12:54:22.695202+00:00,tennis_wta_china_open,d335a62e23f27b87cc79d2e6c6589617,Harriet Dart,Yihan Qu,livescorebet,h2h,1.06,9.0,2026-09-30T12:53:40+00:00
2026-09-30T12:54:22.695202+00:00,tennis_wta_china_open,d335a62e23f27b87cc79d2e6c6589617,Harriet Dart,Yihan Qu,matchbook,h2h,1.09,11.5,2026-09-30T12:54:09+00:00
2026-09-30T12:54:22.695202+00:00,tennis_wta_china_open,d335a62e23f27b87cc79d2e6c6589617,Harriet Dart,Yihan Qu,paddypower,h2h,1.06,10.0,2026-09-30T12:54:10+00:00
2026-09-30T12:54:22.695202+00:00,tennis_wta_china_open,d335a62e23f27b87cc79d2e6c6589617,Harriet Dart,Yihan Qu,skybet,h2h,1.05,10.0,2026-09-30T12:54:10+00:00
2026-09-30T12:54:22.695202+00:00,tennis_wta_china_open,d335a62e23f27b87cc79d2e6c6589617,Harriet Dart,Yihan Qu,smarkets,h2h,1.08,10.0,2026-09-30T12:54:10+00:00
2026-09-30T12:54:22.695202+00:00,tennis_wta_china_open,d335a62e23f27b87cc79d2e6c6589617,Harriet Dart,Yihan Qu,sport888,h2h,1.06,8.0,2026-09-30T12:53:39+00:00
2026-09-30T12:54:22.695202+00:00,tennis_wta_china_open,d335a62e23f27b87cc79d2e6c6589617,Harriet Dart,Yihan Qu,unibet_uk,h2h,1.05,9.5,2026-09-30T12:53:57+00:00
2026-09-30T12:54:22.695202+00:00,tennis_wta_china_open,d335a62e23f27b87cc79d2e6c6589617,Harriet Dart,Yihan Qu,virginbet,h2h,1.06,9.0,2026-09-30T12:54:10+00:00
2026-09-30T12:54:22.695202+00:00,tennis_wta_china_open,d335a62e23f27b87cc79d2e6c6589617,Harriet Dart,Yihan Qu,williamhill,h2h,1.07,8.0,2026-09-30T12:53:25+00:00
2026-09-30T12:54:22.695202+00:00,tennis_wta_china_open,742769b918276508629b9c2a4283d38b,Marina Bassols Ribera,Kamilla Rakhimova,betfair_ex_uk,h2h,3.6,1.36,2026-09-30T12:54:11+00:00
2026-09-30T12:54:22.695202+00:00,tennis_wta_china_open,742769b918276508629b9c2a4283d38b,Marina Bassols Ribera,Kamilla Rakhimova,betano_uk,h2h,3.0,1.33,2026-09-30T12:51:19+00:00
2026-09-30T12:54:22.695202+00:00,tennis_wta_china_open,742769b918276508629b9c2a4283d38b,Marina Bassols Ribera,Kamilla Rakhimova,betvictor,h2h,3.0,1.33,2026-09-30T12:51:53+00:00
2026-09-30T12:54:22.695202+00:00,tennis_wta_china_open,742769b918276508629b9c2a4283d38b,Marina Bassols Ribera,Kamilla Rakhimova,betway,h2h,3.5,1.3,2026-09-30T12:53:25+00:00
2026-09-30T12:54:22.695202+00:00,tennis_wta_china_open,742769b918276508629b9c2a4283d38b,Marina Bassols Ribera,Kamilla Rakhimova,boylesports,h2h,3.25,1.33,2026-09-30T12:53:25+00:00
2026-09-30T12:54:22.695202+00:00,tennis_wta_china_open,742769b918276508629b9c2a4283d38b,Marina Bassols Ribera,Kamilla Rakhimova,casumo,h2h,3.35,1.33,2026-09-30T12:54:09+00:00
2026-09-30T12:54:22.695202+00:00,tennis_wta_china_open,742769b918276508629b9c2a4283d38b,Marina Bassols Ribera,Kamilla Rakhimova,coral,h2h,3.1,1.33,2026-09-30T12:53:40+00:00
2026-09-30T12:54:22.695202+00:00,tennis_wta_china_open,742769b918276508629b9c2a4283d38b,Marina Bassols Ribera,Kamilla Rakhimova,grosvenor,h2h,3.35,1.33,2026-09-30T12:53:39+00:00
2026-09-30T12:54:22.695202+00:00,tennis_wta_china_open,742769b918276508629b9c2a4283d38b,Marina Bassols Ribera,Kamilla Rakhimova,ladbrokes_uk,h2h,3.1,1.33,2026-09-30T12:53:53+00:00
2026-09-30T12:54:22.695202+00:00,tennis_wta_china_open,742769b918276508629b9c2a4283d38b,Marina Bassols Ribera,Kamilla Rakhimova,leovegas,h2h,3.15,1.3,2026-09-30T12:54:15+00:00
2026-09-30T12:54:22.695202+00:00,tennis_wta_china_open,742769b918276508629b9c2a4283d38b,Marina Bassols Ribera,Kamilla Rakhimova,livescorebet,h2h,3.35,1.33,2026-09-30T12:53:40+00:00
2026-09-30T12:54:22.695202+00:00,tennis_wta_china_open,742769b918276508629b9c2a4283d38b,Marina Bassols Ribera,Kamilla Rakhimova,matchbook,h2h,3.6,1.36,2026-09-30T12:54:09+00:00
2026-09-30T12:54:22.695202+00:00,tennis_wta_china_open,742769b918276508629b9c2a4283d38b,Marina Bassols Ribera,Kamilla Rakhimova,paddypower,h2h,3.4,1.3,2026-09-30T12:54:10+00:00
2026-09-30T12:54:22.695202+00:00,tennis_wta_china_open,742769b918276508629b9c2a4283d38b,Marina Bassols Ribera,Kamilla Rakhimova,skybet,h2h,3.25,1.33,2026-09-30T12:54:10+00:00
2026-09-30T12:54:22.695202+00:00,tennis_wta_china_open,742769b918276508629b9c2a4283d38b,Marina Bassols Ribera,Kamilla Rakhimova,smarkets,h2h,3.6,1.34,2026-09-30T12:54:10+00:00
2026-09-30T12:54:22.695202+00:00,tennis_wta_china_open,742769b918276508629b9c2a4283d38b,Marina Bassols Ribera,Kamilla Rakhimova,sport888,h2h,3.3,1.33,2026-09-30T12:53:39+00:00
2026-09-30T12:54:22.695202+00:00,tennis_wta_china_open,742769b918276508629b9c2a4283d38b,Marina Bassols Ribera,Kamilla Rakhimova,unibet_uk,h2h,3.2,1.32,2026-09-30T12:53:57+00:00
2026-09-30T12:54:22.695202+00:00,tennis_wta_china_open,742769b918276508629b9c2a4283d38b,Marina Bassols Ribera,Kamilla Rakhimova,virginbet,h2h,3.35,1.33,2026-09-30T12:54:10+00:00
2026-09-30T12:54:22.695202+00:00,tennis_wta_china_open,742769b918276508629b9c2a4283d38b,Marina Bassols Ribera,Kamilla Rakhimova,williamhill,h2h,3.3,1.33,2026-09-30T12:53:25+00:00
2026-09-30T12:54:22.695202+00:00,tennis_wta_china_open,9d98e83d4b96d041dcae01896cf15d92,Xinyu Gao,Panna Udvardy,betfair_ex_uk,h2h,2.58,1.6,2026-09-30T12:54:11+00:00
2026-09-30T12:54:22.695202+00:00,tennis_wta_china_open,9d98e83d4b96d041dcae01896cf15d92,Xinyu Gao,Panna Udvardy,betano_uk,h2h,2.4,1.5,2026-09-30T12:51:19+00:00
2026-09-30T12:54:22.695202+00:00,tennis_wta_china_open,9d98e83d4b96d041dcae01896cf15d92,Xinyu Gao,Panna Udvardy,betvictor,h2h,2.4,1.5,2026-09-30T12:51:53+00:00
2026-09-30T12:54:22.695202+00:00,tennis_wta_china_open,9d98e83d4b96d041dcae01896cf15d92,Xinyu Gao,Panna Udvardy,betway,h2h,2.4,1.55,2026-09-30T12:53:25+00:00
2026-09-30T12:54:22.695202+00:00,tennis_wta_china_open,9d98e83d4b96d041dcae01896cf15d92,Xinyu Gao,Panna Udvardy,boylesports,h2h,2.5,1.53,2026-09-30T12:53:25+00:00
2026-09-30T12:54:22.695202+00:00,tennis_wta_china_open,9d98e83d4b96d041dcae01896cf15d92,Xinyu Gao,Panna Udvardy,casumo,h2h,2.63,1.49,2026-09-30T12:54:09+00:00
2026-09-30T12:54:22.695202+00:00,tennis_wta_china_open,9d98e83d4b96d041dcae01896cf15d92,Xinyu Gao,Panna Udvardy,coral,h2h,2.5,1.48,2026-09-30T12:53:40+00:00
2026-09-30T12:54:22.695202+00:00,tennis_wta_china_open,9d98e83d4b96d041dcae01896cf15d92,Xinyu Gao,Panna Udvardy,grosvenor,h2h,2.63,1.49,2026-09-30T12:53:39+00:00
2026-09-30T12:54:22.695202+00:00,tennis_wta_china_open,9d98e83d4b96d041dcae01896cf15d92,Xinyu Gao,Panna Udvardy,ladbrokes_uk,h2h,2.5,1.48,2026-09-30T12:53:53+00:00
2026-09-30T12:54:22.695202+00:00,tennis_wta_china_open,9d98e83d4b96d041dcae01896cf15d92,Xinyu Gao,Panna Udvardy,leovegas,h2h,2.45,1.5,2026-09-30T12:54:14+00:00
2026-09-30T12:54:22.695202+00:00,tennis_wta_china_open,9d98e83d4b96d041dcae01896cf15d92,Xinyu Gao,Panna Udvardy,livescorebet,h2h,2.63,1.49,2026-09-30T12:53:40+00:00
2026-09-30T12:54:22.695202+00:00,tennis_wta_china_open,9d98e83d4b96d041dcae01896cf15d92,Xinyu Gao,Panna Udvardy,matchbook,h2h,2.58,1.6,2026-09-30T12:54:09+00:00
2026-09-30T12:54:22.695202+00:00,tennis_wta_china_open,9d98e83d4b96d041dcae01896cf15d92,Xinyu Gao,Panna Udvardy,paddypower,h2h,2.4,1.57,2026-09-30T12:54:10+00:00
2026-09-30T12:54:22.695202+00:00,tennis_wta_china_open,9d98e83d4b96d041dcae01896cf15d92,Xinyu Gao,Panna Udvardy,skybet,h2h,2.38,1.57,2026-09-30T12:54:10+00:00
2026-09-30T12:54:22.695202+00:00,tennis_wta_china_open,9d98e83d4b96d041dcae01896cf15d92,Xinyu Gao,Panna Udvardy,smarkets,h2h,2.56,1.58,2026-09-30T12:54:10+00:00
2026-09-30T12:54:22.695202+00:00,tennis_wta_china_open,9d98e83d4b96d041dcae01896cf15d92,Xinyu Gao,Panna Udvardy,sport888,h2h,2.38,1.57,2026-09-30T12:53:39+00:00
2026-09-30T12:54:22.695202+00:00,tennis_wta_china_open,9d98e83d4b96d041dcae01896cf15d92,Xinyu Gao,Panna Udvardy,unibet_uk,h2h,2.5,1.48,2026-09-30T12:53:57+00:00
2026-09-30T12:54:22.695202+00:00,tennis_wta_china_open,9d98e83d4b96d041dcae01896cf15d92,Xinyu Gao,Panna Udvardy,virginbet,h2h,2.63,1.49,2026-09-30T12:54:10+00:00
2026-09-30T12:54:22.695202+00:00,tennis_wta_china_open,9d98e83d4b96d041dcae01896cf15d92,Xinyu Gao,Panna Udvardy,williamhill,h2h,2.38,1.57,2026-09-30T12:53:25+00:00
2026-09-30T12:54:22.695202+00:00,tennis_wta_china_open,cdd2c64d6e5bb4cbd7521e202aff68d7,Alycia Parks,Lin Zhu,betfair_ex_uk,h2h,1.96,2.0,2026-09-30T12:54:11+00:00
2026-09-30T12:54:22.695202+00:00,tennis_wta_china_open,cdd2c64d6e5bb4cbd7521e202aff68d7,Alycia Parks,Lin Zhu,betano_uk,h2h,1.83,1.87,2026-09-30T12:51:19+00:00
2026-09-30T12:54:22.695202+00:00,tennis_wta_china_open,cdd2c64d6e5bb4cbd7521e202aff68d7,Alycia Parks,Lin Zhu,betvictor,h2h,1.83,1.87,2026-09-30T12:51:53+00:00
2026-09-30T12:54:22.695202+00:00,tennis_wta_china_open,cdd2c64d6e5bb4cbd7521e202aff68d7,Alycia Parks,Lin Zhu,betway,h2h,1.95,1.85,2026-09-30T12:53:25+00:00
2026-09-30T12:54:22.695202+00:00,tennis_wta_china_open,cdd2c64d6e5bb4cbd7521e202aff68d7,Alycia Parks,Lin Zhu,boylesports,h2h,1.91,1.91,2026-09-30T12:53:25+00:00
2026-09-30T12:54:22.695202+00:00,tennis_wta_china_open,cdd2c64d6e5bb4cbd7521e202aff68d7,Alycia Parks,Lin Zhu,casumo,h2h,1.88,1.91,2026-09-30T12:54:09+00:00
2026-09-30T12:54:22.695202+00:00,tennis_wta_china_open,cdd2c64d6e5bb4cbd7521e202aff68d7,Alycia Parks,Lin Zhu,coral,h2h,1.83,1.91,2026-09-30T12:53:40+00:00
2026-09-30T12:54:22.695202+00:00,tennis_wta_china_open,cdd2c64d6e5bb4cbd7521e202aff68d7,Alycia Parks,Lin Zhu,grosvenor,h2h,1.88,1.91,2026-09-30T12:53:39+00:00
2026-09-30T12:54:22.695202+00:00,tennis_wta_china_open,cdd2c64d6e5bb4cbd7521e202aff68d7,Alycia Parks,Lin Zhu,ladbrokes_uk,h2h,1.83,1.91,2026-09-30T12:53:53+00:00
2026-09-30T12:54:22.695202+00:00,tennis_wta_china_open,cdd2c64d6e5bb4cbd7521e202aff68d7,Alycia Parks,Lin Zhu,leovegas,h2h,1.85,1.85,2026-09-30T12:54:15+00:00
2026-09-30T12:54:22.695202+00:00,tennis_wta_china_open,cdd2c64d6e5bb4cbd7521e202aff68d7,Alycia Parks,Lin Zhu,livescorebet,h2h,1.89,1.91,2026-09-30T12:53:40+00:00
2026-09-30T12:54:22.695202+00:00,tennis_wta_china_open,cdd2c64d6e5bb4cbd7521e202aff68d7,Alycia Parks,Lin Zhu,matchbook,h2h,1.96,2.0,2026-09-30T12:54:09+00:00
2026-09-30T12:54:22.695202+00:00,tennis_wta_china_open,cdd2c64d6e5bb4cbd7521e202aff68d7,Alycia Parks,Lin Zhu,paddypower,h2h,1.83,1.91,2026-09-30T12:54:10+00:00
2026-09-30T12:54:22.695202+00:00,tennis_wta_china_open,cdd2c64d6e5bb4cbd7521e202aff68d7,Alycia Parks,Lin Zhu,skybet,h2h,1.83,1.91,2026-09-30T12:54:10+00:00
2026-09-30T12:54:22.695202+00:00,tennis_wta_china_open,cdd2c64d6e5bb4cbd7521e202aff68d7,Alycia Parks,Lin Zhu,smarkets,h2h,1.95,1.96,2026-09-30T12:54:10+00:00
2026-09-30T12:54:22.695202+00:00,tennis_wta_china_open,cdd2c64d6e5bb4cbd7521e202aff68d7,Alycia Parks,Lin Zhu,sport888,h2h,1.91,1.91,2026-09-30T12:53:39+00:00
2026-09-30T12:54:22.695202+00:00,tennis_wta_china_open,cdd2c64d6e5bb4cbd7521e202aff68d7,Alycia Parks,Lin Zhu,unibet_uk,h2h,1.86,1.88,2026-09-30T12:53:57+00:00
2026-09-30T12:54:22.695202+00:00,tennis_wta_china_open,cdd2c64d6e5bb4cbd7521e202aff68d7,Alycia Parks,Lin Zhu,virginbet,h2h,1.89,1.91,2026-09-30T12:54:10+00:00
2026-09-30T12:54:22.695202+00:00,tennis_wta_china_open,cdd2c64d6e5bb4cbd7521e202aff68d7,Alycia Parks,Lin Zhu,williamhill,h2h,1.91,1.91,2026-09-30T12:53:25+00:00
2026-09-30T12:54:22.695202+00:00,tennis_wta_china_open,8e6bcabf08e118f69eedc8e1f8690acb,Eva Lys,Sun Xinran,betfair_ex_uk,h2h,1.5,2.96,2026-09-30T12:54:11+00:00
2026-09-30T12:54:22.695202+00:00,tennis_wta_china_open,8e6bcabf08e118f69eedc8e1f8690acb,Eva Lys,Sun Xinran,betano_uk,h2h,1.44,2.62,2026-09-30T12:51:19+00:00
2026-09-30T12:54:22.695202+00:00,tennis_wta_china_open,8e6bcabf08e118f69eedc8e1f8690acb,Eva Lys,Sun Xinran,betvictor,h2h,1.44,2.62,2026-09-30T12:51:53+00:00
2026-09-30T12:54:22.695202+00:00,tennis_wta_china_open,8e6bcabf08e118f69eedc8e1f8690acb,Eva Lys,Sun Xinran,betway,h2h,1.45,2.75,2026-09-30T12:53:25+00:00
2026-09-30T12:54:22.695202+00:00,tennis_wta_china_open,8e6bcabf08e118f69eedc8e1f8690acb,Eva Lys,Sun Xinran,boylesports,h2h,1.44,2.75,2026-09-30T12:53:25+00:00
2026-09-30T12:54:22.695202+00:00,tennis_wta_china_open,8e6bcabf08e118f69eedc8e1f8690acb,Eva Lys,Sun Xinran,casumo,h2h,1.43,2.85,2026-09-30T12:54:09+00:00
2026-09-30T12:54:22.695202+00:00,tennis_wta_china_open,8e6bcabf08e118f69eedc8e1f8690acb,Eva Lys,Sun Xinran,coral,h2h,1.4,2.75,2026-09-30T12:53:40+00:00
2026-09-30T12:54:22.695202+00:00,tennis_wta_china_open,8e6bcabf08e118f69eedc8e1f8690acb,Eva Lys,Sun Xinran,grosvenor,h2h,1.43,2.85,2026-09-30T12:53:39+00:00
2026-09-30T12:54:22.695202+00:00,tennis_wta_china_open,8e6bcabf08e118f69eedc8e1f8690acb,Eva Lys,Sun Xinran,ladbrokes_uk,h2h,1.4,2.75,2026-09-30T12:53:53+00:00
2026-09-30T12:54:22.695202+00:00,tennis_wta_china_open,8e6bcabf08e118f69eedc8e1f8690acb,Eva Lys,Sun Xinran,leovegas,h2h,1.4,2.7,2026-09-30T12:54:15+00:00
2026-09-30T12:54:22.695202+00:00,tennis_wta_china_open,8e6bcabf08e118f69eedc8e1f8690acb,Eva Lys,Sun Xinran,livescorebet,h2h,1.43,2.85,2026-09-30T12:53:40+00:00
2026-09-30T12:54:22.695202+00:00,tennis_wta_china_open,8e6bcabf08e118f69eedc8e1f8690acb,Eva Lys,Sun Xinran,matchbook,h2h,1.5,2.96,2026-09-30T12:54:09+00:00
2026-09-30T12:54:22.695202+00:00,tennis_wta_china_open,8e6bcabf08e118f69eedc8e1f8690acb,Eva Lys,Sun Xinran,paddypower,h2h,1.4,2.88,2026-09-30T12:54:10+00:00
2026-09-30T12:54:22.695202+00:00,tennis_wta_china_open,8e6bcabf08e118f69eedc8e1f8690acb,Eva Lys,Sun Xinran,skybet,h2h,1.4,2.88,2026-09-30T12:54:10+00:00
2026-09-30T12:54:22.695202+00:00,tennis_wta_china_open,8e6bcabf08e118f69eedc8e1f8690acb,Eva Lys,Sun Xinran,smarkets,h2h,1.47,2.92,2026-09-30T12:54:10+00:00
2026-09-30T12:54:22.695202+00:00,tennis_wta_china_open,8e6bcabf08e118f69eedc8e1f8690acb,Eva Lys,Sun Xinran,sport888,h2h,1.44,2.75,2026-09-30T12:53:39+00:00
2026-09-30T12:54:22.695202+00:00,tennis_wta_china_open,8e6bcabf08e118f69eedc8e1f8690acb,Eva Lys,Sun Xinran,unibet_uk,h2h,1.42,2.7,2026-09-30T12:53:57+00:00
2026-09-30T12:54:22.695202+00:00,tennis_wta_china_open,8e6bcabf08e118f69eedc8e1f8690acb,Eva Lys,Sun Xinran,virginbet,h2h,1.43,2.85,2026-09-30T12:54:10+00:00
2026-09-30T12:54:22.695202+00:00,tennis_wta_china_open,8e6bcabf08e118f69eedc8e1f8690acb,Eva Lys,Sun Xinran,williamhill,h2h,1.44,2.75,2026-09-30T12:53:25+00:00
2026-09-30T12:54:22.695202+00:00,tennis_wta_china_open,1dbc787f80eec3ade10434e51f7e8ff5,Ekaterina Alexandrova,Aliaksandra Sasnovich,betfair_ex_uk,h2h,1.61,2.04,2026-09-30T12:54:11+00:00
2026-09-30T12:54:22.695202+00:00,tennis_wta_china_open,1dbc787f80eec3ade10434e51f7e8ff5,Ekaterina Alexandrova,Aliaksandra Sasnovich,betway,h2h,1.65,2.25,2026-09-30T12:53:25+00:00
2026-09-30T12:54:22.695202+00:00,tennis_wta_china_open,1dbc787f80eec3ade10434e51f7e8ff5,Ekaterina Alexandrova,Aliaksandra Sasnovich,boylesports,h2h,1.62,2.15,2026-09-30T12:53:25+00:00
2026-09-30T12:54:22.695202+00:00,tennis_wta_china_open,1dbc787f80eec3ade10434e51f7e8ff5,Ekaterina Alexandrova,Aliaksandra Sasnovich,casumo,h2h,1.6,2.33,2026-09-30T12:54:09+00:00
2026-09-30T12:54:22.695202+00:00,tennis_wta_china_open,1dbc787f80eec3ade10434e51f7e8ff5,Ekaterina Alexandrova,Aliaksandra Sasnovich,coral,h2h,1.65,2.15,2026-09-30T12:53:40+00:00
2026-09-30T12:54:22.695202+00:00,tennis_wta_china_open,1dbc787f80eec3ade10434e51f7e8ff5,Ekaterina Alexandrova,Aliaksandra Sasnovich,grosvenor,h2h,1.6,2.33,2026-09-30T12:53:39+00:00
2026-09-30T12:54:22.695202+00:00,tennis_wta_china_open,1dbc787f80eec3ade10434e51f7e8ff5,Ekaterina Alexandrova,Aliaksandra Sasnovich,ladbrokes_uk,h2h,1.65,2.15,2026-09-30T12:53:53+00:00
2026-09-30T12:54:22.695202+00:00,tennis_wta_china_open,1dbc787f80eec3ade10434e51f7e8ff5,Ekaterina Alexandrova,Aliaksandra Sasnovich,leovegas,h2h,1.6,2.18,2026-09-30T12:54:16+00:00
2026-09-30T12:54:22.695202+00:00,tennis_wta_china_open,1dbc787f80eec3ade10434e51f7e8ff5,Ekaterina Alexandrova,Aliaksandra Sasnovich,livescorebet,h2h,1.6,2.33,2026-09-30T12:53:40+00:00
2026-09-30T12:54:22.695202+00:00,tennis_wta_china_open,1dbc787f80eec3ade10434e51f7e8ff5,Ekaterina Alexandrova,Aliaksandra Sasnovich,matchbook,h2h,1.49,1.9,2026-09-30T12:54:09+00:00
2026-09-30T12:54:22.695202+00:00,tennis_wta_china_open,1dbc787f80eec3ade10434e51f7e8ff5,Ekaterina Alexandrova,Aliaksandra Sasnovich,paddypower,h2h,1.67,2.2,2026-09-30T12:54:10+00:00
2026-09-30T12:54:22.695202+00:00,tennis_wta_china_open,1dbc787f80eec3ade10434e51f7e8ff5,Ekaterina Alexandrova,Aliaksandra Sasnovich,skybet,h2h,1.67,2.2,2026-09-30T12:54:11+00:00
2026-09-30T12:54:22.695202+00:00,tennis_wta_china_open,1dbc787f80eec3ade10434e51f7e8ff5,Ekaterina Alexandrova,Aliaksandra Sasnovich,smarkets,h2h,1.56,2.06,2026-09-30T12:54:10+00:00
2026-09-30T12:54:22.695202+00:00,tennis_wta_china_open,1dbc787f80eec3ade10434e51f7e8ff5,Ekaterina Alexandrova,Aliaksandra Sasnovich,sport888,h2h,1.67,2.2,2026-09-30T12:53:39+00:00
2026-09-30T12:54:22.695202+00:00,tennis_wta_china_open,1dbc787f80eec3ade10434e51f7e8ff5,Ekaterina Alexandrova,Aliaksandra Sasnovich,unibet_uk,h2h,1.63,2.2,2026-09-30T12:53:57+00:00
2026-09-30T12:54:22.695202+00:00,tennis_wta_china_open,1dbc787f80eec3ade10434e51f7e8ff5,Ekaterina Alexandrova,Aliaksandra Sasnovich,virginbet,h2h,1.6,2.33,2026-09-30T12:54:10+00:00
2026-09-30T12:54:22.695202+00:00,tennis_wta_china_open,2380d192906d145f72f594e7106b0471,Anastasia Potapova,Sinja Kraus,betfair_ex_uk,h2h,1.26,3.55,2026-09-30T12:54:11+00:00
2026-09-30T12:54:22.695202+00:00,tennis_wta_china_open,2380d192906d145f72f594e7106b0471,Anastasia Potapova,Sinja Kraus,betway,h2h,1.29,3.75,2026-09-30T12:53:25+00:00
2026-09-30T12:54:22.695202+00:00,tennis_wta_china_open,2380d192906d145f72f594e7106b0471,Anastasia Potapova,Sinja Kraus,boylesports,h2h,1.22,3.75,2026-09-30T12:53:25+00:00
2026-09-30T12:54:22.695202+00:00,tennis_wta_china_open,2380d192906d145f72f594e7106b0471,Anastasia Potapova,Sinja Kraus,casumo,h2h,1.3,3.45,2026-09-30T12:54:09+00:00
2026-09-30T12:54:22.695202+00:00,tennis_wta_china_open,2380d192906d145f72f594e7106b0471,Anastasia Potapova,Sinja Kraus,grosvenor,h2h,1.3,3.45,2026-09-30T12:53:39+00:00
2026-09-30T12:54:22.695202+00:00,tennis_wta_china_open,2380d192906d145f72f594e7106b0471,Anastasia Potapova,Sinja Kraus,leovegas,h2h,1.22,3.8,2026-09-30T12:54:15+00:00
2026-09-30T12:54:22.695202+00:00,tennis_wta_china_open,2380d192906d145f72f594e7106b0471,Anastasia Potapova,Sinja Kraus,livescorebet,h2h,1.3,3.45,2026-09-30T12:53:40+00:00
2026-09-30T12:54:22.695202+00:00,tennis_wta_china_open,2380d192906d145f72f594e7106b0471,Anastasia Potapova,Sinja Kraus,matchbook,h2h,1.23,3.3,2026-09-30T12:54:09+00:00
2026-09-30T12:54:22.695202+00:00,tennis_wta_china_open,2380d192906d145f72f594e7106b0471,Anastasia Potapova,Sinja Kraus,paddypower,h2h,1.25,4.0,2026-09-30T12:54:10+00:00
2026-09-30T12:54:22.695202+00:00,tennis_wta_china_open,2380d192906d145f72f594e7106b0471,Anastasia Potapova,Sinja Kraus,skybet,h2h,1.25,4.0,2026-09-30T12:54:11+00:00
2026-09-30T12:54:22.695202+00:00,tennis_wta_china_open,2380d192906d145f72f594e7106b0471,Anastasia Potapova,Sinja Kraus,smarkets,h2h,1.21,3.45,2026-09-30T12:54:10+00:00
2026-09-30T12:54:22.695202+00:00,tennis_wta_china_open,2380d192906d145f72f594e7106b0471,Anastasia Potapova,Sinja Kraus,sport888,h2h,1.25,4.0,2026-09-30T12:53:39+00:00
2026-09-30T12:54:22.695202+00:00,tennis_wta_china_open,2380d192906d145f72f594e7106b0471,Anastasia Potapova,Sinja Kraus,unibet_uk,h2h,1.24,3.75,2026-09-30T12:53:57+00:00
2026-09-30T12:54:22.695202+00:00,tennis_wta_china_open,2380d192906d145f72f594e7106b0471,Anastasia Potapova,Sinja Kraus,virginbet,h2h,1.3,3.45,2026-09-30T12:54:10+00:00
2026-09-30T12:54:22.695202+00:00,tennis_wta_china_open,2380d192906d145f72f594e7106b0471,Anastasia Potapova,Sinja Kraus,williamhill,h2h,1.25,4.0,2026-09-30T12:53:25+00:00
2026-09-30T12:54:22.695202+00:00,tennis_wta_china_open,c7bfd02f55913334369753aa2e15ffd0,Clara Tauson,Polina Kudermetova,betfair_ex_uk,h2h,1.34,2.28,2026-09-30T12:54:11+00:00
2026-09-30T12:54:22.695202+00:00,tennis_wta_china_open,c7bfd02f55913334369753aa2e15ffd0,Clara Tauson,Polina Kudermetova,betway,h2h,1.38,3.0,2026-09-30T12:53:25+00:00
2026-09-30T12:54:22.695202+00:00,tennis_wta_china_open,c7bfd02f55913334369753aa2e15ffd0,Clara Tauson,Polina Kudermetova,boylesports,h2h,1.33,3.0,2026-09-30T12:53:25+00:00
2026-09-30T12:54:22.695202+00:00,tennis_wta_china_open,c7bfd02f55913334369753aa2e15ffd0,Clara Tauson,Polina Kudermetova,casumo,h2h,1.38,3.0,2026-09-30T12:54:09+00:00
2026-09-30T12:54:22.695202+00:00,tennis_wta_china_open,c7bfd02f55913334369753aa2e15ffd0,Clara Tauson,Polina Kudermetova,coral,h2h,1.33,3.2,2026-09-30T12:53:40+00:00
2026-09-30T12:54:22.695202+00:00,tennis_wta_china_open,c7bfd02f55913334369753aa2e15ffd0,Clara Tauson,Polina Kudermetova,grosvenor,h2h,1.38,3.0,2026-09-30T12:53:39+00:00
2026-09-30T12:54:22.695202+00:00,tennis_wta_china_open,c7bfd02f55913334369753aa2e15ffd0,Clara Tauson,Polina Kudermetova,ladbrokes_uk,h2h,1.33,3.2,2026-09-30T12:53:53+00:00
2026-09-30T12:54:22.695202+00:00,tennis_wta_china_open,c7bfd02f55913334369753aa2e15ffd0,Clara Tauson,Polina Kudermetova,leovegas,h2h,1.33,3.1,2026-09-30T12:54:15+00:00
2026-09-30T12:54:22.695202+00:00,tennis_wta_china_open,c7bfd02f55913334369753aa2e15ffd0,Clara Tauson,Polina Kudermetova,livescorebet,h2h,1.38,3.0,2026-09-30T12:53:40+00:00
2026-09-30T12:54:22.695202+00:00,tennis_wta_china_open,c7bfd02f55913334369753aa2e15ffd0,Clara Tauson,Polina Kudermetova,paddypower,h2h,1.33,3.3,2026-09-30T12:54:10+00:00
2026-09-30T12:54:22.695202+00:00,tennis_wta_china_open,c7bfd02f55913334369753aa2e15ffd0,Clara Tauson,Polina Kudermetova,skybet,h2h,1.33,3.25,2026-09-30T12:54:11+00:00
2026-09-30T12:54:22.695202+00:00,tennis_wta_china_open,c7bfd02f55913334369753aa2e15ffd0,Clara Tauson,Polina Kudermetova,smarkets,h2h,1.29,2.86,2026-09-30T12:54:10+00:00
2026-09-30T12:54:22.695202+00:00,tennis_wta_china_open,c7bfd02f55913334369753aa2e15ffd0,Clara Tauson,Polina Kudermetova,sport888,h2h,1.33,3.3,2026-09-30T12:53:39+00:00
2026-09-30T12:54:22.695202+00:00,tennis_wta_china_open,c7bfd02f55913334369753aa2e15ffd0,Clara Tauson,Polina Kudermetova,unibet_uk,h2h,1.33,3.1,2026-09-30T12:53:57+00:00
2026-09-30T12:54:22.695202+00:00,tennis_wta_china_open,c7bfd02f55913334369753aa2e15ffd0,Clara Tauson,Polina Kudermetova,virginbet,h2h,1.38,3.0,2026-09-30T12:54:10+00:00
2026-09-30T12:54:22.695202+00:00,tennis_wta_china_open,c7bfd02f55913334369753aa2e15ffd0,Clara Tauson,Polina Kudermetova,williamhill,h2h,1.33,3.3,2026-09-30T12:53:25+00:00
2026-09-30T12:54:22.695202+00:00,tennis_wta_china_open,06d011dc5546735580a1b8dc0a943f3f,Jasmine Paolini,Daria Snigur,betfair_ex_uk,h2h,1.35,2.34,2026-09-30T12:54:11+00:00
2026-09-30T12:54:22.695202+00:00,tennis_wta_china_open,06d011dc5546735580a1b8dc0a943f3f,Jasmine Paolini,Daria Snigur,betway,h2h,1.5,2.6,2026-09-30T12:53:25+00:00
2026-09-30T12:54:22.695202+00:00,tennis_wta_china_open,06d011dc5546735580a1b8dc0a943f3f,Jasmine Paolini,Daria Snigur,boylesports,h2h,1.5,2.38,2026-09-30T12:53:25+00:00
2026-09-30T12:54:22.695202+00:00,tennis_wta_china_open,06d011dc5546735580a1b8dc0a943f3f,Jasmine Paolini,Daria Snigur,casumo,h2h,1.5,2.6,2026-09-30T12:54:09+00:00
2026-09-30T12:54:22.695202+00:00,tennis_wta_china_open,06d011dc5546735580a1b8dc0a943f3f,Jasmine Paolini,Daria Snigur,coral,h2h,1.55,2.3,2026-09-30T12:53:40+00:00
2026-09-30T12:54:22.695202+00:00,tennis_wta_china_open,06d011dc5546735580a1b8dc0a943f3f,Jasmine Paolini,Daria Snigur,grosvenor,h2h,1.5,2.6,2026-09-30T12:53:39+00:00
2026-09-30T12:54:22.695202+00:00,tennis_wta_china_open,06d011dc5546735580a1b8dc0a943f3f,Jasmine Paolini,Daria Snigur,ladbrokes_uk,h2h,1.55,2.3,2026-09-30T12:53:53+00:00
2026-09-30T12:54:22.695202+00:00,tennis_wta_china_open,06d011dc5546735580a1b8dc0a943f3f,Jasmine Paolini,Daria Snigur,leovegas,h2h,1.5,2.45,2026-09-30T12:54:16+00:00
2026-09-30T12:54:22.695202+00:00,tennis_wta_china_open,06d011dc5546735580a1b8dc0a943f3f,Jasmine Paolini,Daria Snigur,livescorebet,h2h,1.5,2.6,2026-09-30T12:53:40+00:00
2026-09-30T12:54:22.695202+00:00,tennis_wta_china_open,06d011dc5546735580a1b8dc0a943f3f,Jasmine Paolini,Daria Snigur,matchbook,h2h,1.3,2.14,2026-09-30T12:54:10+00:00
2026-09-30T12:54:22.695202+00:00,tennis_wta_china_open,06d011dc5546735580a1b8dc0a943f3f,Jasmine Paolini,Daria Snigur,paddypower,h2h,1.44,2.62,2026-09-30T12:54:10+00:00
2026-09-30T12:54:22.695202+00:00,tennis_wta_china_open,06d011dc5546735580a1b8dc0a943f3f,Jasmine Paolini,Daria Snigur,skybet,h2h,1.5,2.63,2026-09-30T12:54:11+00:00
2026-09-30T12:54:22.695202+00:00,tennis_wta_china_open,06d011dc5546735580a1b8dc0a943f3f,Jasmine Paolini,Daria Snigur,smarkets,h2h,1.45,2.32,2026-09-30T12:54:10+00:00
2026-09-30T12:54:22.695202+00:00,tennis_wta_china_open,06d011dc5546735580a1b8dc0a943f3f,Jasmine Paolini,Daria Snigur,sport888,h2h,1.53,2.5,2026-09-30T12:53:39+00:00
2026-09-30T12:54:22.695202+00:00,tennis_wta_china_open,06d011dc5546735580a1b8dc0a943f3f,Jasmine Paolini,Daria Snigur,unibet_uk,h2h,1.5,2.47,2026-09-30T12:53:57+00:00
2026-09-30T12:54:22.695202+00:00,tennis_wta_china_open,06d011dc5546735580a1b8dc0a943f3f,Jasmine Paolini,Daria Snigur,virginbet,h2h,1.5,2.6,2026-09-30T12:54:10+00:00
2026-09-30T12:54:22.695202+00:00,tennis_wta_china_open,0bc9f29150b8a51f3142b18376c56028,Dayana Yastremska,Maja Chwalinska,betfair_ex_uk,h2h,2.3,1.52,2026-09-30T12:54:11+00:00
2026-09-30T12:54:22.695202+00:00,tennis_wta_china_open,0bc9f29150b8a51f3142b18376c56028,Dayana Yastremska,Maja Chwalinska,betway,h2h,3.0,1.38,2026-09-30T12:53:25+00:00
2026-09-30T12:54:22.695202+00:00,tennis_wta_china_open,0bc9f29150b8a51f3142b18376c56028,Dayana Yastremska,Maja Chwalinska,boylesports,h2h,2.75,1.4,2026-09-30T12:53:25+00:00
2026-09-30T12:54:22.695202+00:00,tennis_wta_china_open,0bc9f29150b8a51f3142b18376c56028,Dayana Yastremska,Maja Chwalinska,casumo,h2h,2.9,1.41,2026-09-30T12:54:09+00:00
2026-09-30T12:54:22.695202+00:00,tennis_wta_china_open,0bc9f29150b8a51f3142b18376c56028,Dayana Yastremska,Maja Chwalinska,grosvenor,h2h,2.9,1.41,2026-09-30T12:53:39+00:00
2026-09-30T12:54:22.695202+00:00,tennis_wta_china_open,0bc9f29150b8a51f3142b18376c56028,Dayana Yastremska,Maja Chwalinska,leovegas,h2h,2.85,1.38,2026-09-30T12:54:15+00:00
2026-09-30T12:54:22.695202+00:00,tennis_wta_china_open,0bc9f29150b8a51f3142b18376c56028,Dayana Yastremska,Maja Chwalinska,livescorebet,h2h,2.9,1.41,2026-09-30T12:53:40+00:00
2026-09-30T12:54:22.695202+00:00,tennis_wta_china_open,0bc9f29150b8a51f3142b18376c56028,Dayana Yastremska,Maja Chwalinska,matchbook,h2h,2.12,1.45,2026-09-30T12:54:09+00:00
2026-09-30T12:54:22.695202+00:00,tennis_wta_china_open,0bc9f29150b8a51f3142b18376c56028,Dayana Yastremska,Maja Chwalinska,paddypower,h2h,3.0,1.36,2026-09-30T12:54:10+00:00
2026-09-30T12:54:22.695202+00:00,tennis_wta_china_open,0bc9f29150b8a51f3142b18376c56028,Dayana Yastremska,Maja Chwalinska,skybet,h2h,3.0,1.4,2026-09-30T12:54:11+00:00
2026-09-30T12:54:22.695202+00:00,tennis_wta_china_open,0bc9f29150b8a51f3142b18376c56028,Dayana Yastremska,Maja Chwalinska,smarkets,h2h,2.66,1.33,2026-09-30T12:54:10+00:00
2026-09-30T12:54:22.695202+00:00,tennis_wta_china_open,0bc9f29150b8a51f3142b18376c56028,Dayana Yastremska,Maja Chwalinska,sport888,h2h,2.9,1.4,2026-09-30T12:53:39+00:00
2026-09-30T12:54:22.695202+00:00,tennis_wta_china_open,0bc9f29150b8a51f3142b18376c56028,Dayana Yastremska,Maja Chwalinska,unibet_uk,h2h,2.88,1.37,2026-09-30T12:53:57+00:00
2026-09-30T12:54:22.695202+00:00,tennis_wta_china_open,0bc9f29150b8a51f3142b18376c56028,Dayana Yastremska,Maja Chwalinska,virginbet,h2h,2.9,1.41,2026-09-30T12:54:10+00:00
2026-09-30T12:54:22.695202+00:00,tennis_wta_china_open,a761717bbb7fdd5111fab1c9044a8360,Janice Tjen,Diana Shnaider,betfair_ex_uk,h2h,3.5,1.22,2026-09-30T12:54:11+00:00
2026-09-30T12:54:22.695202+00:00,tennis_wta_china_open,a761717bbb7fdd5111fab1c9044a8360,Janice Tjen,Diana Shnaider,betway,h2h,3.3,1.33,2026-09-30T12:53:25+00:00
2026-09-30T12:54:22.695202+00:00,tennis_wta_china_open,a761717bbb7fdd5111fab1c9044a8360,Janice Tjen,Diana Shnaider,boylesports,h2h,3.1,1.3,2026-09-30T12:53:25+00:00
2026-09-30T12:54:22.695202+00:00,tennis_wta_china_open,a761717bbb7fdd5111fab1c9044a8360,Janice Tjen,Diana Shnaider,casumo,h2h,3.35,1.33,2026-09-30T12:54:09+00:00
2026-09-30T12:54:22.695202+00:00,tennis_wta_china_open,a761717bbb7fdd5111fab1c9044a8360,Janice Tjen,Diana Shnaider,coral,h2h,3.4,1.3,2026-09-30T12:53:40+00:00
2026-09-30T12:54:22.695202+00:00,tennis_wta_china_open,a761717bbb7fdd5111fab1c9044a8360,Janice Tjen,Diana Shnaider,grosvenor,h2h,3.35,1.33,2026-09-30T12:53:39+00:00
2026-09-30T12:54:22.695202+00:00,tennis_wta_china_open,a761717bbb7fdd5111fab1c9044a8360,Janice Tjen,Diana Shnaider,ladbrokes_uk,h2h,3.4,1.3,2026-09-30T12:53:53+00:00
2026-09-30T12:54:22.695202+00:00,tennis_wta_china_open,a761717bbb7fdd5111fab1c9044a8360,Janice Tjen,Diana Shnaider,leovegas,h2h,3.15,1.3,2026-09-30T12:54:15+00:00
2026-09-30T12:54:22.695202+00:00,tennis_wta_china_open,a761717bbb7fdd5111fab1c9044a8360,Janice Tjen,Diana Shnaider,livescorebet,h2h,3.35,1.33,2026-09-30T12:53:40+00:00
2026-09-30T12:54:22.695202+00:00,tennis_wta_china_open,a761717bbb7fdd5111fab1c9044a8360,Janice Tjen,Diana Shnaider,matchbook,h2h,3.1,1.19,2026-09-30T12:54:10+00:00
2026-09-30T12:54:22.695202+00:00,tennis_wta_china_open,a761717bbb7fdd5111fab1c9044a8360,Janice Tjen,Diana Shnaider,paddypower,h2h,3.3,1.3,2026-09-30T12:54:10+00:00
2026-09-30T12:54:22.695202+00:00,tennis_wta_china_open,a761717bbb7fdd5111fab1c9044a8360,Janice Tjen,Diana Shnaider,skybet,h2h,3.25,1.33,2026-09-30T12:54:11+00:00
2026-09-30T12:54:22.695202+00:00,tennis_wta_china_open,a761717bbb7fdd5111fab1c9044a8360,Janice Tjen,Diana Shnaider,smarkets,h2h,2.9,1.28,2026-09-30T12:54:10+00:00
2026-09-30T12:54:22.695202+00:00,tennis_wta_china_open,a761717bbb7fdd5111fab1c9044a8360,Janice Tjen,Diana Shnaider,sport888,h2h,3.1,1.36,2026-09-30T12:53:39+00:00
2026-09-30T12:54:22.695202+00:00,tennis_wta_china_open,a761717bbb7fdd5111fab1c9044a8360,Janice Tjen,Diana Shnaider,unibet_uk,h2h,3.15,1.33,2026-09-30T12:53:57+00:00
2026-09-30T12:54:22.695202+00:00,tennis_wta_china_open,a761717bbb7fdd5111fab1c9044a8360,Janice Tjen,Diana Shnaider,virginbet,h2h,3.35,1.33,2026-09-30T12:54:10+00:00
2026-09-30T12:54:22.695202+00:00,tennis_wta_china_open,177a8fed2e48f09f37d171f340187e81,Taylah Preston,Diane Parry,betfair_ex_uk,h2h,2.08,1.6,2026-09-30T12:54:11+00:00
2026-09-30T12:54:22.695202+00:00,tennis_wta_china_open,177a8fed2e48f09f37d171f340187e81,Taylah Preston,Diane Parry,betway,h2h,2.4,1.55,2026-09-30T12:53:25+00:00
2026-09-30T12:54:22.695202+00:00,tennis_wta_china_open,177a8fed2e48f09f37d171f340187e81,Taylah Preston,Diane Parry,boylesports,h2h,2.38,1.53,2026-09-30T12:53:25+00:00
2026-09-30T12:54:22.695202+00:00,tennis_wta_china_open,177a8fed2e48f09f37d171f340187e81,Taylah Preston,Diane Parry,casumo,h2h,2.48,1.54,2026-09-30T12:54:09+00:00
2026-09-30T12:54:22.695202+00:00,tennis_wta_china_open,177a8fed2e48f09f37d171f340187e81,Taylah Preston,Diane Parry,grosvenor,h2h,2.48,1.54,2026-09-30T12:53:39+00:00
2026-09-30T12:54:22.695202+00:00,tennis_wta_china_open,177a8fed2e48f09f37d171f340187e81,Taylah Preston,Diane Parry,leovegas,h2h,2.4,1.5,2026-09-30T12:54:16+00:00
2026-09-30T12:54:22.695202+00:00,tennis_wta_china_open,177a8fed2e48f09f37d171f340187e81,Taylah Preston,Diane Parry,livescorebet,h2h,2.48,1.54,2026-09-30T12:53:40+00:00
2026-09-30T12:54:22.695202+00:00,tennis_wta_china_open,177a8fed2e48f09f37d171f340187e81,Taylah Preston,Diane Parry,paddypower,h2h,2.5,1.53,2026-09-30T12:54:10+00:00
2026-09-30T12:54:22.695202+00:00,tennis_wta_china_open,177a8fed2e48f09f37d171f340187e81,Taylah Preston,Diane Parry,skybet,h2h,2.63,1.5,2026-09-30T12:54:11+00:00
2026-09-30T12:54:22.695202+00:00,tennis_wta_china_open,177a8fed2e48f09f37d171f340187e81,Taylah Preston,Diane Parry,smarkets,h2h,2.28,1.46,2026-09-30T12:54:10+00:00
2026-09-30T12:54:22.695202+00:00,tennis_wta_china_open,177a8fed2e48f09f37d171f340187e81,Taylah Preston,Diane Parry,sport888,h2h,2.3,1.61,2026-09-30T12:53:39+00:00
2026-09-30T12:54:22.695202+00:00,tennis_wta_china_open,177a8fed2e48f09f37d171f340187e81,Taylah Preston,Diane Parry,unibet_uk,h2h,2.43,1.52,2026-09-30T12:53:57+00:00
2026-09-30T12:54:22.695202+00:00,tennis_wta_china_open,177a8fed2e48f09f37d171f340187e81,Taylah Preston,Diane Parry,virginbet,h2h,2.48,1.54,2026-09-30T12:54:10+00:00
2026-09-30T12:54:22.695202+00:00,tennis_wta_china_open,c28011197ff658cb74359f160ce3a8c0,Linda Noskova,Elena Gabriela Ruse,betfair_ex_uk,h2h,1.2,4.5,2026-09-30T12:54:11+00:00
2026-09-30T12:54:22.695202+00:00,tennis_wta_china_open,c28011197ff658cb74359f160ce3a8c0,Linda Noskova,Elena Gabriela Ruse,betway,h2h,1.22,4.25,2026-09-30T12:53:25+00:00
2026-09-30T12:54:22.695202+00:00,tennis_wta_china_open,c28011197ff658cb74359f160ce3a8c0,Linda Noskova,Elena Gabriela Ruse,boylesports,h2h,1.2,4.0,2026-09-30T12:53:25+00:00
2026-09-30T12:54:22.695202+00:00,tennis_wta_china_open,c28011197ff658cb74359f160ce3a8c0,Linda Noskova,Elena Gabriela Ruse,casumo,h2h,1.25,3.9,2026-09-30T12:54:09+00:00
2026-09-30T12:54:22.695202+00:00,tennis_wta_china_open,c28011197ff658cb74359f160ce3a8c0,Linda Noskova,Elena Gabriela Ruse,coral,h2h,1.22,4.2,2026-09-30T12:53:40+00:00
2026-09-30T12:54:22.695202+00:00,tennis_wta_china_open,c28011197ff658cb74359f160ce3a8c0,Linda Noskova,Elena Gabriela Ruse,grosvenor,h2h,1.25,3.9,2026-09-30T12:53:39+00:00
2026-09-30T12:54:22.695202+00:00,tennis_wta_china_open,c28011197ff658cb74359f160ce3a8c0,Linda Noskova,Elena Gabriela Ruse,ladbrokes_uk,h2h,1.22,4.2,2026-09-30T12:53:53+00:00
2026-09-30T12:54:22.695202+00:00,tennis_wta_china_open,c28011197ff658cb74359f160ce3a8c0,Linda Noskova,Elena Gabriela Ruse,leovegas,h2h,1.2,4.0,2026-09-30T12:54:15+00:00
2026-09-30T12:54:22.695202+00:00,tennis_wta_china_open,c28011197ff658cb74359f160ce3a8c0,Linda Noskova,Elena Gabriela Ruse,livescorebet,h2h,1.25,3.9,2026-09-30T12:53:40+00:00
2026-09-30T12:54:22.695202+00:00,tennis_wta_china_open,c28011197ff658cb74359f160ce3a8c0,Linda Noskova,Elena Gabriela Ruse,paddypower,h2h,1.2,4.5,2026-09-30T12:54:10+00:00
2026-09-30T12:54:22.695202+00:00,tennis_wta_china_open,c28011197ff658cb74359f160ce3a8c0,Linda Noskova,Elena Gabriela Ruse,skybet,h2h,1.2,4.5,2026-09-30T12:54:11+00:00
2026-09-30T12:54:22.695202+00:00,tennis_wta_china_open,c28011197ff658cb74359f160ce3a8c0,Linda Noskova,Elena Gabriela Ruse,smarkets,h2h,1.18,3.65,2026-09-30T12:54:10+00:00
2026-09-30T12:54:22.695202+00:00,tennis_wta_china_open,c28011197ff658cb74359f160ce3a8c0,Linda Noskova,Elena Gabriela Ruse,sport888,h2h,1.25,4.0,2026-09-30T12:53:39+00:00
2026-09-30T12:54:22.695202+00:00,tennis_wta_china_open,c28011197ff658cb74359f160ce3a8c0,Linda Noskova,Elena Gabriela Ruse,unibet_uk,h2h,1.21,4.1,2026-09-30T12:53:57+00:00
2026-09-30T12:54:22.695202+00:00,tennis_wta_china_open,c28011197ff658cb74359f160ce3a8c0,Linda Noskova,Elena Gabriela Ruse,virginbet,h2h,1.25,3.9,2026-09-30T12:54:10+00:00
2026-09-30T12:54:22.695202+00:00,tennis_wta_china_open,89255a6b6bc525c2a25cb4950252e042,Karolina Muchova,Katie Boulter,betfair_ex_uk,h2h,1.06,5.0,2026-09-30T12:54:11+00:00
2026-09-30T12:54:22.695202+00:00,tennis_wta_china_open,89255a6b6bc525c2a25cb4950252e042,Karolina Muchova,Katie Boulter,betway,h2h,1.1,7.0,2026-09-30T12:53:25+00:00
2026-09-30T12:54:22.695202+00:00,tennis_wta_china_open,89255a6b6bc525c2a25cb4950252e042,Karolina Muchova,Katie Boulter,boylesports,h2h,1.1,7.0,2026-09-30T12:53:25+00:00
2026-09-30T12:54:22.695202+00:00,tennis_wta_china_open,89255a6b6bc525c2a25cb4950252e042,Karolina Muchova,Katie Boulter,casumo,h2h,1.09,7.5,2026-09-30T12:54:09+00:00
2026-09-30T12:54:22.695202+00:00,tennis_wta_china_open,89255a6b6bc525c2a25cb4950252e042,Karolina Muchova,Katie Boulter,grosvenor,h2h,1.09,7.5,2026-09-30T12:53:39+00:00
2026-09-30T12:54:22.695202+00:00,tennis_wta_china_open,89255a6b6bc525c2a25cb4950252e042,Karolina Muchova,Katie Boulter,leovegas,h2h,1.09,6.0,2026-09-30T12:54:16+00:00
2026-09-30T12:54:22.695202+00:00,tennis_wta_china_open,89255a6b6bc525c2a25cb4950252e042,Karolina Muchova,Katie Boulter,livescorebet,h2h,1.09,7.5,2026-09-30T12:53:40+00:00
2026-09-30T12:54:22.695202+00:00,tennis_wta_china_open,89255a6b6bc525c2a25cb4950252e042,Karolina Muchova,Katie Boulter,paddypower,h2h,1.14,5.5,2026-09-30T12:54:10+00:00
2026-09-30T12:54:22.695202+00:00,tennis_wta_china_open,89255a6b6bc525c2a25cb4950252e042,Karolina Muchova,Katie Boulter,skybet,h2h,1.14,5.5,2026-09-30T12:54:11+00:00
2026-09-30T12:54:22.695202+00:00,tennis_wta_china_open,89255a6b6bc525c2a25cb4950252e042,Karolina Muchova,Katie Boulter,smarkets,h2h,1.08,5.1,2026-09-30T12:54:10+00:00
2026-09-30T12:54:22.695202+00:00,tennis_wta_china_open,89255a6b6bc525c2a25cb4950252e042,Karolina Muchova,Katie Boulter,sport888,h2h,1.11,6.5,2026-09-30T12:53:39+00:00
2026-09-30T12:54:22.695202+00:00,tennis_wta_china_open,89255a6b6bc525c2a25cb4950252e042,Karolina Muchova,Katie Boulter,unibet_uk,h2h,1.1,6.0,2026-09-30T12:53:57+00:00
2026-09-30T12:54:22.695202+00:00,tennis_wta_china_open,89255a6b6bc525c2a25cb4950252e042,Karolina Muchova,Katie Boulter,virginbet,h2h,1.09,7.5,2026-09-30T12:54:10+00:00
2026-09-30T12:54:22.695202+00:00,tennis_wta_china_open,bcac7e4c1b1ca7bc85a4860550ff4af6,Linda Fruhvirtova,Liudmila Samsonova,betfair_ex_uk,h2h,3.9,1.04,2026-09-30T12:54:11+00:00
2026-09-30T12:54:22.695202+00:00,tennis_wta_china_open,bcac7e4c1b1ca7bc85a4860550ff4af6,Linda Fruhvirtova,Liudmila Samsonova,betway,h2h,4.25,1.22,2026-09-30T12:53:25+00:00
2026-09-30T12:54:22.695202+00:00,tennis_wta_china_open,bcac7e4c1b1ca7bc85a4860550ff4af6,Linda Fruhvirtova,Liudmila Samsonova,boylesports,h2h,3.4,1.25,2026-09-30T12:53:25+00:00
2026-09-30T12:54:22.695202+00:00,tennis_wta_china_open,bcac7e4c1b1ca7bc85a4860550ff4af6,Linda Fruhvirtova,Liudmila Samsonova,casumo,h2h,4.1,1.24,2026-09-30T12:54:09+00:00
2026-09-30T12:54:22.695202+00:00,tennis_wta_china_open,bcac7e4c1b1ca7bc85a4860550ff4af6,Linda Fruhvirtova,Liudmila Samsonova,coral,h2h,4.2,1.22,2026-09-30T12:53:40+00:00
2026-09-30T12:54:22.695202+00:00,tennis_wta_china_open,bcac7e4c1b1ca7bc85a4860550ff4af6,Linda Fruhvirtova,Liudmila Samsonova,grosvenor,h2h,4.1,1.24,2026-09-30T12:53:39+00:00
2026-09-30T12:54:22.695202+00:00,tennis_wta_china_open,bcac7e4c1b1ca7bc85a4860550ff4af6,Linda Fruhvirtova,Liudmila Samsonova,ladbrokes_uk,h2h,4.2,1.22,2026-09-30T12:53:53+00:00
2026-09-30T12:54:22.695202+00:00,tennis_wta_china_open,bcac7e4c1b1ca7bc85a4860550ff4af6,Linda Fruhvirtova,Liudmila Samsonova,leovegas,h2h,3.95,1.2,2026-09-30T12:54:16+00:00
2026-09-30T12:54:22.695202+00:00,tennis_wta_china_open,bcac7e4c1b1ca7bc85a4860550ff4af6,Linda Fruhvirtova,Liudmila Samsonova,livescorebet,h2h,4.1,1.24,2026-09-30T12:53:40+00:00
2026-09-30T12:54:22.695202+00:00,tennis_wta_china_open,bcac7e4c1b1ca7bc85a4860550ff4af6,Linda Fruhvirtova,Liudmila Samsonova,paddypower,h2h,4.2,1.22,2026-09-30T12:54:10+00:00
2026-09-30T12:54:22.695202+00:00,tennis_wta_china_open,bcac7e4c1b1ca7bc85a4860550ff4af6,Linda Fruhvirtova,Liudmila Samsonova,skybet,h2h,4.33,1.22,2026-09-30T12:54:11+00:00
2026-09-30T12:54:22.695202+00:00,tennis_wta_china_open,bcac7e4c1b1ca7bc85a4860550ff4af6,Linda Fruhvirtova,Liudmila Samsonova,smarkets,h2h,3.6,1.19,2026-09-30T12:54:10+00:00
2026-09-30T12:54:22.695202+00:00,tennis_wta_china_open,bcac7e4c1b1ca7bc85a4860550ff4af6,Linda Fruhvirtova,Liudmila Samsonova,sport888,h2h,4.0,1.25,2026-09-30T12:53:39+00:00
2026-09-30T12:54:22.695202+00:00,tennis_wta_china_open,bcac7e4c1b1ca7bc85a4860550ff4af6,Linda Fruhvirtova,Liudmila Samsonova,unibet_uk,h2h,4.0,1.22,2026-09-30T12:53:57+00:00
2026-09-30T12:54:22.695202+00:00,tennis_wta_china_open,bcac7e4c1b1ca7bc85a4860550ff4af6,Linda Fruhvirtova,Liudmila Samsonova,virginbet,h2h,4.1,1.24,2026-09-30T12:54:10+00:00
2026-09-30T12:54:22.695202+00:00,tennis_wta_china_open,7449c032f470f787af442e344e67fa30,Sara Bejlek,Maddison Inglis,betfair_ex_uk,h2h,1.2,2.9,2026-09-30T12:54:11+00:00
2026-09-30T12:54:22.695202+00:00,tennis_wta_china_open,7449c032f470f787af442e344e67fa30,Sara Bejlek,Maddison Inglis,betway,h2h,1.3,3.5,2026-09-30T12:53:25+00:00
2026-09-30T12:54:22.695202+00:00,tennis_wta_china_open,7449c032f470f787af442e344e67fa30,Sara Bejlek,Maddison Inglis,boylesports,h2h,1.3,3.2,2026-09-30T12:53:25+00:00
2026-09-30T12:54:22.695202+00:00,tennis_wta_china_open,7449c032f470f787af442e344e67fa30,Sara Bejlek,Maddison Inglis,casumo,h2h,1.29,3.6,2026-09-30T12:54:09+00:00
2026-09-30T12:54:22.695202+00:00,tennis_wta_china_open,7449c032f470f787af442e344e67fa30,Sara Bejlek,Maddison Inglis,grosvenor,h2h,1.29,3.6,2026-09-30T12:53:39+00:00
2026-09-30T12:54:22.695202+00:00,tennis_wta_china_open,7449c032f470f787af442e344e67fa30,Sara Bejlek,Maddison Inglis,leovegas,h2h,1.3,3.15,2026-09-30T12:54:16+00:00
2026-09-30T12:54:22.695202+00:00,tennis_wta_china_open,7449c032f470f787af442e344e67fa30,Sara Bejlek,Maddison Inglis,livescorebet,h2h,1.29,3.6,2026-09-30T12:53:40+00:00
2026-09-30T12:54:22.695202+00:00,tennis_wta_china_open,7449c032f470f787af442e344e67fa30,Sara Bejlek,Maddison Inglis,matchbook,h2h,1.17,2.58,2026-09-30T12:54:10+00:00
2026-09-30T12:54:22.695202+00:00,tennis_wta_china_open,7449c032f470f787af442e344e67fa30,Sara Bejlek,Maddison Inglis,paddypower,h2h,1.3,3.5,2026-09-30T12:54:10+00:00
2026-09-30T12:54:22.695202+00:00,tennis_wta_china_open,7449c032f470f787af442e344e67fa30,Sara Bejlek,Maddison Inglis,skybet,h2h,1.3,3.5,2026-09-30T12:54:11+00:00
2026-09-30T12:54:22.695202+00:00,tennis_wta_china_open,7449c032f470f787af442e344e67fa30,Sara Bejlek,Maddison Inglis,smarkets,h2h,1.27,2.96,2026-09-30T12:54:10+00:00
2026-09-30T12:54:22.695202+00:00,tennis_wta_china_open,7449c032f470f787af442e344e67fa30,Sara Bejlek,Maddison Inglis,sport888,h2h,1.36,3.1,2026-09-30T12:53:39+00:00
2026-09-30T12:54:22.695202+00:00,tennis_wta_china_open,7449c032f470f787af442e344e67fa30,Sara Bejlek,Maddison Inglis,unibet_uk,h2h,1.32,3.25,2026-09-30T12:53:57+00:00
2026-09-30T12:54:22.695202+00:00,tennis_wta_china_open,7449c032f470f787af442e344e67fa30,Sara Bejlek,Maddison Inglis,virginbet,h2h,1.29,3.6,2026-09-30T12:54:10+00:00
2026-09-30T12:54:22.695202+00:00,tennis_wta_china_open,8958206624b4a33ec8d4b659f80725c8,Maria Timofeeva,Naomi Osaka,betfair_ex_uk,h2h,4.3,1.22,2026-09-30T12:54:11+00:00
2026-09-30T12:54:22.695202+00:00,tennis_wta_china_open,8958206624b4a33ec8d4b659f80725c8,Maria Timofeeva,Naomi Osaka,betway,h2h,4.25,1.22,2026-09-30T12:53:25+00:00
2026-09-30T12:54:22.695202+00:00,tennis_wta_china_open,8958206624b4a33ec8d4b659f80725c8,Maria Timofeeva,Naomi Osaka,boylesports,h2h,4.2,1.2,2026-09-30T12:53:25+00:00
2026-09-30T12:54:22.695202+00:00,tennis_wta_china_open,8958206624b4a33ec8d4b659f80725c8,Maria Timofeeva,Naomi Osaka,casumo,h2h,5.25,1.16,2026-09-30T12:54:09+00:00
2026-09-30T12:54:22.695202+00:00,tennis_wta_china_open,8958206624b4a33ec8d4b659f80725c8,Maria Timofeeva,Naomi Osaka,coral,h2h,4.0,1.22,2026-09-30T12:53:40+00:00
2026-09-30T12:54:22.695202+00:00,tennis_wta_china_open,8958206624b4a33ec8d4b659f80725c8,Maria Timofeeva,Naomi Osaka,grosvenor,h2h,5.25,1.16,2026-09-30T12:53:39+00:00
2026-09-30T12:54:22.695202+00:00,tennis_wta_china_open,8958206624b4a33ec8d4b659f80725c8,Maria Timofeeva,Naomi Osaka,ladbrokes_uk,h2h,4.0,1.22,2026-09-30T12:53:53+00:00
2026-09-30T12:54:22.695202+00:00,tennis_wta_china_open,8958206624b4a33ec8d4b659f80725c8,Maria Timofeeva,Naomi Osaka,leovegas,h2h,4.25,1.18,2026-09-30T12:54:15+00:00
2026-09-30T12:54:22.695202+00:00,tennis_wta_china_open,8958206624b4a33ec8d4b659f80725c8,Maria Timofeeva,Naomi Osaka,livescorebet,h2h,5.25,1.16,2026-09-30T12:53:40+00:00
2026-09-30T12:54:22.695202+00:00,tennis_wta_china_open,8958206624b4a33ec8d4b659f80725c8,Maria Timofeeva,Naomi Osaka,matchbook,h2h,3.85,1.2,2026-09-30T12:54:10+00:00
2026-09-30T12:54:22.695202+00:00,tennis_wta_china_open,8958206624b4a33ec8d4b659f80725c8,Maria Timofeeva,Naomi Osaka,paddypower,h2h,4.5,1.17,2026-09-30T12:54:10+00:00
2026-09-30T12:54:22.695202+00:00,tennis_wta_china_open,8958206624b4a33ec8d4b659f80725c8,Maria Timofeeva,Naomi Osaka,skybet,h2h,4.5,1.2,2026-09-30T12:54:11+00:00
2026-09-30T12:54:22.695202+00:00,tennis_wta_china_open,8958206624b4a33ec8d4b659f80725c8,Maria Timofeeva,Naomi Osaka,smarkets,h2h,4.0,1.16,2026-09-30T12:54:10+00:00
2026-09-30T12:54:22.695202+00:00,tennis_wta_china_open,8958206624b4a33ec8d4b659f80725c8,Maria Timofeeva,Naomi Osaka,sport888,h2h,4.2,1.22,2026-09-30T12:53:39+00:00
2026-09-30T12:54:22.695202+00:00,tennis_wta_china_open,8958206624b4a33ec8d4b659f80725c8,Maria Timofeeva,Naomi Osaka,unibet_uk,h2h,4.3,1.19,2026-09-30T12:53:57+00:00
2026-09-30T12:54:22.695202+00:00,tennis_wta_china_open,8958206624b4a33ec8d4b659f80725c8,Maria Timofeeva,Naomi Osaka,virginbet,h2h,5.25,1.16,2026-09-30T12:54:10+00:00
2026-09-30T12:54:22.695202+00:00,tennis_wta_china_open,e4249631b25378db4350945e30d1e9a1,Yue Yuan,Mirra Andreeva,betfair_ex_uk,h2h,7.2,1.09,2026-09-30T12:54:11+00:00
2026-09-30T12:54:22.695202+00:00,tennis_wta_china_open,e4249631b25378db4350945e30d1e9a1,Yue Yuan,Mirra Andreeva,betway,h2h,9.5,1.05,2026-09-30T12:53:25+00:00
2026-09-30T12:54:22.695202+00:00,tennis_wta_china_open,e4249631b25378db4350945e30d1e9a1,Yue Yuan,Mirra Andreeva,boylesports,h2h,10.0,1.06,2026-09-30T12:53:25+00:00
2026-09-30T12:54:22.695202+00:00,tennis_wta_china_open,e4249631b25378db4350945e30d1e9a1,Yue Yuan,Mirra Andreeva,casumo,h2h,8.5,1.07,2026-09-30T12:54:09+00:00
2026-09-30T12:54:22.695202+00:00,tennis_wta_china_open,e4249631b25378db4350945e30d1e9a1,Yue Yuan,Mirra Andreeva,coral,h2h,8.5,1.07,2026-09-30T12:53:40+00:00
2026-09-30T12:54:22.695202+00:00,tennis_wta_china_open,e4249631b25378db4350945e30d1e9a1,Yue Yuan,Mirra Andreeva,grosvenor,h2h,8.5,1.07,2026-09-30T12:53:39+00:00
2026-09-30T12:54:22.695202+00:00,tennis_wta_china_open,e4249631b25378db4350945e30d1e9a1,Yue Yuan,Mirra Andreeva,ladbrokes_uk,h2h,8.5,1.07,2026-09-30T12:53:53+00:00
2026-09-30T12:54:22.695202+00:00,tennis_wta_china_open,e4249631b25378db4350945e30d1e9a1,Yue Yuan,Mirra Andreeva,leovegas,h2h,8.0,1.05,2026-09-30T12:54:16+00:00
2026-09-30T12:54:22.695202+00:00,tennis_wta_china_open,e4249631b25378db4350945e30d1e9a1,Yue Yuan,Mirra Andreeva,livescorebet,h2h,8.5,1.07,2026-09-30T12:53:40+00:00
2026-09-30T12:54:22.695202+00:00,tennis_wta_china_open,e4249631b25378db4350945e30d1e9a1,Yue Yuan,Mirra Andreeva,paddypower,h2h,11.0,1.05,2026-09-30T12:54:10+00:00
2026-09-30T12:54:22.695202+00:00,tennis_wta_china_open,e4249631b25378db4350945e30d1e9a1,Yue Yuan,Mirra Andreeva,skybet,h2h,11.0,1.05,2026-09-30T12:54:11+00:00
2026-09-30T12:54:22.695202+00:00,tennis_wta_china_open,e4249631b25378db4350945e30d1e9a1,Yue Yuan,Mirra Andreeva,smarkets,h2h,6.2,1.04,2026-09-30T12:54:10+00:00
2026-09-30T12:54:22.695202+00:00,tennis_wta_china_open,e4249631b25378db4350945e30d1e9a1,Yue Yuan,Mirra Andreeva,sport888,h2h,7.5,1.08,2026-09-30T12:53:39+00:00
2026-09-30T12:54:22.695202+00:00,tennis_wta_china_open,e4249631b25378db4350945e30d1e9a1,Yue Yuan,Mirra Andreeva,unibet_uk,h2h,8.5,1.05,2026-09-30T12:53:57+00:00
2026-09-30T12:54:22.695202+00:00,tennis_wta_china_open,e4249631b25378db4350945e30d1e9a1,Yue Yuan,Mirra Andreeva,virginbet,h2h,8.5,1.07,2026-09-30T12:54:10+00:00
2026-09-30T12:54:22.695202+00:00,tennis_wta_china_open,ef4ff818626aa7b2551f510cb801c425,Viktorija Golubic,Peyton Stearns,betfair_ex_uk,h2h,2.04,1.42,2026-09-30T12:54:11+00:00
2026-09-30T12:54:22.695202+00:00,tennis_wta_china_open,ef4ff818626aa7b2551f510cb801c425,Viktorija Golubic,Peyton Stearns,betway,h2h,2.4,1.55,2026-09-30T12:53:25+00:00
2026-09-30T12:54:22.695202+00:00,tennis_wta_china_open,ef4ff818626aa7b2551f510cb801c425,Viktorija Golubic,Peyton Stearns,boylesports,h2h,2.3,1.53,2026-09-30T12:53:25+00:00
2026-09-30T12:54:22.695202+00:00,tennis_wta_china_open,ef4ff818626aa7b2551f510cb801c425,Viktorija Golubic,Peyton Stearns,casumo,h2h,2.38,1.57,2026-09-30T12:54:09+00:00
2026-09-30T12:54:22.695202+00:00,tennis_wta_china_open,ef4ff818626aa7b2551f510cb801c425,Viktorija Golubic,Peyton Stearns,coral,h2h,2.3,1.55,2026-09-30T12:53:40+00:00
2026-09-30T12:54:22.695202+00:00,tennis_wta_china_open,ef4ff818626aa7b2551f510cb801c425,Viktorija Golubic,Peyton Stearns,grosvenor,h2h,2.38,1.57,2026-09-30T12:53:39+00:00
2026-09-30T12:54:22.695202+00:00,tennis_wta_china_open,ef4ff818626aa7b2551f510cb801c425,Viktorija Golubic,Peyton Stearns,ladbrokes_uk,h2h,2.3,1.55,2026-09-30T12:53:53+00:00
2026-09-30T12:54:22.695202+00:00,tennis_wta_china_open,ef4ff818626aa7b2551f510cb801c425,Viktorija Golubic,Peyton Stearns,leovegas,h2h,2.35,1.53,2026-09-30T12:54:15+00:00
2026-09-30T12:54:22.695202+00:00,tennis_wta_china_open,ef4ff818626aa7b2551f510cb801c425,Viktorija Golubic,Peyton Stearns,livescorebet,h2h,2.38,1.58,2026-09-30T12:53:40+00:00
2026-09-30T12:54:22.695202+00:00,tennis_wta_china_open,ef4ff818626aa7b2551f510cb801c425,Viktorija Golubic,Peyton Stearns,matchbook,h2h,1.98,1.36,2026-09-30T12:54:10+00:00
2026-09-30T12:54:22.695202+00:00,tennis_wta_china_open,ef4ff818626aa7b2551f510cb801c425,Viktorija Golubic,Peyton Stearns,paddypower,h2h,2.4,1.53,2026-09-30T12:54:10+00:00
2026-09-30T12:54:22.695202+00:00,tennis_wta_china_open,ef4ff818626aa7b2551f510cb801c425,Viktorija Golubic,Peyton Stearns,skybet,h2h,2.38,1.57,2026-09-30T12:54:11+00:00
2026-09-30T12:54:22.695202+00:00,tennis_wta_china_open,ef4ff818626aa7b2551f510cb801c425,Viktorija Golubic,Peyton Stearns,smarkets,h2h,2.22,1.49,2026-09-30T12:54:10+00:00
2026-09-30T12:54:22.695202+00:00,tennis_wta_china_open,ef4ff818626aa7b2551f510cb801c425,Viktorija Golubic,Peyton Stearns,sport888,h2h,2.38,1.57,2026-09-30T12:53:39+00:00
2026-09-30T12:54:22.695202+00:00,tennis_wta_china_open,ef4ff818626aa7b2551f510cb801c425,Viktorija Golubic,Peyton Stearns,unibet_uk,h2h,2.35,1.55,2026-09-30T12:53:57+00:00
2026-09-30T12:54:22.695202+00:00,tennis_wta_china_open,ef4ff818626aa7b2551f510cb801c425,Viktorija Golubic,Peyton Stearns,virginbet,h2h,2.38,1.58,2026-09-30T12:54:10+00:00
2026-09-30T20:16:17.495727+00:00,tennis_atp_china_open,c83a68420401e6b8f8010e3050bed2ea,Alex Molcan,Arthur Rinderknech,betfair_ex_uk,h2h,2.52,1.65,2026-09-30T20:16:12+00:00
2026-09-30T20:16:17.495727+00:00,tennis_atp_china_open,c83a68420401e6b8f8010e3050bed2ea,Alex Molcan,Arthur Rinderknech,betano_uk,h2h,2.25,1.57,2026-09-30T20:13:18+00:00
2026-09-30T20:16:17.495727+00:00,tennis_atp_china_open,c83a68420401e6b8f8010e3050bed2ea,Alex Molcan,Arthur Rinderknech,betfair_sb_uk,h2h,2.25,1.62,2026-09-30T20:15:22+00:00
2026-09-30T20:16:17.495727+00:00,tennis_atp_china_open,c83a68420401e6b8f8010e3050bed2ea,Alex Molcan,Arthur Rinderknech,betvictor,h2h,2.25,1.57,2026-09-30T20:15:56+00:00
2026-09-30T20:16:17.495727+00:00,tennis_atp_china_open,c83a68420401e6b8f8010e3050bed2ea,Alex Molcan,Arthur Rinderknech,betway,h2h,2.3,1.6,2026-09-30T20:16:13+00:00
2026-09-30T20:16:17.495727+00:00,tennis_atp_china_open,c83a68420401e6b8f8010e3050bed2ea,Alex Molcan,Arthur Rinderknech,boylesports,h2h,2.3,1.62,2026-09-30T20:15:45+00:00
2026-09-30T20:16:17.495727+00:00,tennis_atp_china_open,c83a68420401e6b8f8010e3050bed2ea,Alex Molcan,Arthur Rinderknech,casumo,h2h,2.33,1.6,2026-09-30T20:15:41+00:00
2026-09-30T20:16:17.495727+00:00,tennis_atp_china_open,c83a68420401e6b8f8010e3050bed2ea,Alex Molcan,Arthur Rinderknech,coral,h2h,2.25,1.57,2026-09-30T20:15:22+00:00
2026-09-30T20:16:17.495727+00:00,tennis_atp_china_open,c83a68420401e6b8f8010e3050bed2ea,Alex Molcan,Arthur Rinderknech,grosvenor,h2h,2.33,1.6,2026-09-30T20:15:23+00:00
2026-09-30T20:16:17.495727+00:00,tennis_atp_china_open,c83a68420401e6b8f8010e3050bed2ea,Alex Molcan,Arthur Rinderknech,ladbrokes_uk,h2h,2.25,1.57,2026-09-30T20:15:23+00:00
2026-09-30T20:16:17.495727+00:00,tennis_atp_china_open,c83a68420401e6b8f8010e3050bed2ea,Alex Molcan,Arthur Rinderknech,leovegas,h2h,2.3,1.6,2026-09-30T20:16:11+00:00
2026-09-30T20:16:17.495727+00:00,tennis_atp_china_open,c83a68420401e6b8f8010e3050bed2ea,Alex Molcan,Arthur Rinderknech,livescorebet,h2h,2.33,1.6,2026-09-30T20:16:12+00:00
2026-09-30T20:16:17.495727+00:00,tennis_atp_china_open,c83a68420401e6b8f8010e3050bed2ea,Alex Molcan,Arthur Rinderknech,matchbook,h2h,2.52,1.65,2026-09-30T20:16:11+00:00
2026-09-30T20:16:17.495727+00:00,tennis_atp_china_open,c83a68420401e6b8f8010e3050bed2ea,Alex Molcan,Arthur Rinderknech,paddypower,h2h,2.25,1.57,2026-09-30T20:14:36+00:00
2026-09-30T20:16:17.495727+00:00,tennis_atp_china_open,c83a68420401e6b8f8010e3050bed2ea,Alex Molcan,Arthur Rinderknech,skybet,h2h,2.25,1.57,2026-09-30T20:15:22+00:00
2026-09-30T20:16:17.495727+00:00,tennis_atp_china_open,c83a68420401e6b8f8010e3050bed2ea,Alex Molcan,Arthur Rinderknech,smarkets,h2h,2.46,1.62,2026-09-30T20:16:12+00:00
2026-09-30T20:16:17.495727+00:00,tennis_atp_china_open,c83a68420401e6b8f8010e3050bed2ea,Alex Molcan,Arthur Rinderknech,sport888,h2h,2.3,1.61,2026-09-30T20:16:12+00:00
2026-09-30T20:16:17.495727+00:00,tennis_atp_china_open,c83a68420401e6b8f8010e3050bed2ea,Alex Molcan,Arthur Rinderknech,unibet_uk,h2h,2.31,1.62,2026-09-30T20:15:24+00:00
2026-09-30T20:16:17.495727+00:00,tennis_atp_china_open,c83a68420401e6b8f8010e3050bed2ea,Alex Molcan,Arthur Rinderknech,virginbet,h2h,2.33,1.6,2026-09-30T20:16:12+00:00
2026-09-30T20:16:17.495727+00:00,tennis_atp_china_open,c83a68420401e6b8f8010e3050bed2ea,Alex Molcan,Arthur Rinderknech,williamhill,h2h,2.3,1.62,2026-09-30T20:16:12+00:00
2026-09-30T20:16:17.495727+00:00,tennis_atp_china_open,f3149a5c4e24243211d462d3becfe39d,Alex de Minaur,Mariano Navone,betfair_ex_uk,h2h,1.26,4.7,2026-09-30T20:16:12+00:00
2026-09-30T20:16:17.495727+00:00,tennis_atp_china_open,f3149a5c4e24243211d462d3becfe39d,Alex de Minaur,Mariano Navone,betano_uk,h2h,1.18,4.33,2026-09-30T20:13:18+00:00
2026-09-30T20:16:17.495727+00:00,tennis_atp_china_open,f3149a5c4e24243211d462d3becfe39d,Alex de Minaur,Mariano Navone,betfair_sb_uk,h2h,1.22,4.0,2026-09-30T20:15:22+00:00
2026-09-30T20:16:17.495727+00:00,tennis_atp_china_open,f3149a5c4e24243211d462d3becfe39d,Alex de Minaur,Mariano Navone,betvictor,h2h,1.18,4.33,2026-09-30T20:15:56+00:00
2026-09-30T20:16:17.495727+00:00,tennis_atp_china_open,f3149a5c4e24243211d462d3becfe39d,Alex de Minaur,Mariano Navone,betway,h2h,1.22,4.25,2026-09-30T20:16:13+00:00
2026-09-30T20:16:17.495727+00:00,tennis_atp_china_open,f3149a5c4e24243211d462d3becfe39d,Alex de Minaur,Mariano Navone,boylesports,h2h,1.2,4.5,2026-09-30T20:15:45+00:00
2026-09-30T20:16:17.495727+00:00,tennis_atp_china_open,f3149a5c4e24243211d462d3becfe39d,Alex de Minaur,Mariano Navone,casumo,h2h,1.22,4.25,2026-09-30T20:15:41+00:00
2026-09-30T20:16:17.495727+00:00,tennis_atp_china_open,f3149a5c4e24243211d462d3becfe39d,Alex de Minaur,Mariano Navone,coral,h2h,1.2,4.2,2026-09-30T20:15:23+00:00
2026-09-30T20:16:17.495727+00:00,tennis_atp_china_open,f3149a5c4e24243211d462d3becfe39d,Alex de Minaur,Mariano Navone,grosvenor,h2h,1.22,4.25,2026-09-30T20:15:23+00:00
2026-09-30T20:16:17.495727+00:00,tennis_atp_china_open,f3149a5c4e24243211d462d3becfe39d,Alex de Minaur,Mariano Navone,ladbrokes_uk,h2h,1.2,4.2,2026-09-30T20:15:23+00:00
2026-09-30T20:16:17.495727+00:00,tennis_atp_china_open,f3149a5c4e24243211d462d3becfe39d,Alex de Minaur,Mariano Navone,leovegas,h2h,1.2,4.4,2026-09-30T20:16:11+00:00
2026-09-30T20:16:17.495727+00:00,tennis_atp_china_open,f3149a5c4e24243211d462d3becfe39d,Alex de Minaur,Mariano Navone,livescorebet,h2h,1.22,4.25,2026-09-30T20:16:12+00:00
2026-09-30T20:16:17.495727+00:00,tennis_atp_china_open,f3149a5c4e24243211d462d3becfe39d,Alex de Minaur,Mariano Navone,matchbook,h2h,1.26,4.7,2026-09-30T20:16:11+00:00
2026-09-30T20:16:17.495727+00:00,tennis_atp_china_open,f3149a5c4e24243211d462d3becfe39d,Alex de Minaur,Mariano Navone,paddypower,h2h,1.2,4.0,2026-09-30T20:14:35+00:00
2026-09-30T20:16:17.495727+00:00,tennis_atp_china_open,f3149a5c4e24243211d462d3becfe39d,Alex de Minaur,Mariano Navone,skybet,h2h,1.2,4.0,2026-09-30T20:15:22+00:00
2026-09-30T20:16:17.495727+00:00,tennis_atp_china_open,f3149a5c4e24243211d462d3becfe39d,Alex de Minaur,Mariano Navone,smarkets,h2h,1.25,4.6,2026-09-30T20:16:12+00:00
2026-09-30T20:16:17.495727+00:00,tennis_atp_china_open,f3149a5c4e24243211d462d3becfe39d,Alex de Minaur,Mariano Navone,sport888,h2h,1.22,4.2,2026-09-30T20:16:12+00:00
2026-09-30T20:16:17.495727+00:00,tennis_atp_china_open,f3149a5c4e24243211d462d3becfe39d,Alex de Minaur,Mariano Navone,virginbet,h2h,1.22,4.25,2026-09-30T20:16:12+00:00
2026-09-30T20:16:17.495727+00:00,tennis_atp_china_open,f3149a5c4e24243211d462d3becfe39d,Alex de Minaur,Mariano Navone,williamhill,h2h,1.22,4.2,2026-09-30T20:16:12+00:00
2026-09-30T20:16:17.495727+00:00,tennis_atp_china_open,8385aac113ecfb54b50592228c73e06f,Roman Safiullin,Flavio Cobolli,betfair_ex_uk,h2h,2.02,1.96,2026-09-30T20:16:12+00:00
2026-09-30T20:16:17.495727+00:00,tennis_atp_china_open,8385aac113ecfb54b50592228c73e06f,Roman Safiullin,Flavio Cobolli,betano_uk,h2h,2.0,1.73,2026-09-30T20:13:18+00:00
2026-09-30T20:16:17.495727+00:00,tennis_atp_china_open,8385aac113ecfb54b50592228c73e06f,Roman Safiullin,Flavio Cobolli,betfair_sb_uk,h2h,2.0,1.8,2026-09-30T20:15:22+00:00
2026-09-30T20:16:17.495727+00:00,tennis_atp_china_open,8385aac113ecfb54b50592228c73e06f,Roman Safiullin,Flavio Cobolli,betvictor,h2h,2.0,1.73,2026-09-30T20:15:56+00:00
2026-09-30T20:16:17.495727+00:00,tennis_atp_china_open,8385aac113ecfb54b50592228c73e06f,Roman Safiullin,Flavio Cobolli,betway,h2h,1.95,1.85,2026-09-30T20:16:13+00:00
2026-09-30T20:16:17.495727+00:00,tennis_atp_china_open,8385aac113ecfb54b50592228c73e06f,Roman Safiullin,Flavio Cobolli,boylesports,h2h,2.0,1.83,2026-09-30T20:15:45+00:00
2026-09-30T20:16:17.495727+00:00,tennis_atp_china_open,8385aac113ecfb54b50592228c73e06f,Roman Safiullin,Flavio Cobolli,casumo,h2h,2.06,1.76,2026-09-30T20:15:41+00:00
2026-09-30T20:16:17.495727+00:00,tennis_atp_china_open,8385aac113ecfb54b50592228c73e06f,Roman Safiullin,Flavio Cobolli,coral,h2h,1.91,1.8,2026-09-30T20:15:22+00:00
2026-09-30T20:16:17.495727+00:00,tennis_atp_china_open,8385aac113ecfb54b50592228c73e06f,Roman Safiullin,Flavio Cobolli,grosvenor,h2h,2.06,1.76,2026-09-30T20:15:23+00:00
2026-09-30T20:16:17.495727+00:00,tennis_atp_china_open,8385aac113ecfb54b50592228c73e06f,Roman Safiullin,Flavio Cobolli,ladbrokes_uk,h2h,1.91,1.8,2026-09-30T20:15:23+00:00
2026-09-30T20:16:17.495727+00:00,tennis_atp_china_open,8385aac113ecfb54b50592228c73e06f,Roman Safiullin,Flavio Cobolli,leovegas,h2h,1.95,1.83,2026-09-30T20:16:11+00:00
2026-09-30T20:16:17.495727+00:00,tennis_atp_china_open,8385aac113ecfb54b50592228c73e06f,Roman Safiullin,Flavio Cobolli,livescorebet,h2h,2.06,1.76,2026-09-30T20:16:12+00:00
2026-09-30T20:16:17.495727+00:00,tennis_atp_china_open,8385aac113ecfb54b50592228c73e06f,Roman Safiullin,Flavio Cobolli,matchbook,h2h,2.02,1.95,2026-09-30T20:16:11+00:00
2026-09-30T20:16:17.495727+00:00,tennis_atp_china_open,8385aac113ecfb54b50592228c73e06f,Roman Safiullin,Flavio Cobolli,paddypower,h2h,2.0,1.73,2026-09-30T20:14:36+00:00
2026-09-30T20:16:17.495727+00:00,tennis_atp_china_open,8385aac113ecfb54b50592228c73e06f,Roman Safiullin,Flavio Cobolli,skybet,h2h,2.0,1.73,2026-09-30T20:15:22+00:00
2026-09-30T20:16:17.495727+00:00,tennis_atp_china_open,8385aac113ecfb54b50592228c73e06f,Roman Safiullin,Flavio Cobolli,smarkets,h2h,1.98,1.94,2026-09-30T20:16:12+00:00
2026-09-30T20:16:17.495727+00:00,tennis_atp_china_open,8385aac113ecfb54b50592228c73e06f,Roman Safiullin,Flavio Cobolli,sport888,h2h,1.95,1.85,2026-09-30T20:16:12+00:00
2026-09-30T20:16:17.495727+00:00,tennis_atp_china_open,8385aac113ecfb54b50592228c73e06f,Roman Safiullin,Flavio Cobolli,unibet_uk,h2h,1.96,1.83,2026-09-30T20:15:24+00:00
2026-09-30T20:16:17.495727+00:00,tennis_atp_china_open,8385aac113ecfb54b50592228c73e06f,Roman Safiullin,Flavio Cobolli,virginbet,h2h,2.06,1.76,2026-09-30T20:16:12+00:00
2026-09-30T20:16:17.495727+00:00,tennis_atp_china_open,8385aac113ecfb54b50592228c73e06f,Roman Safiullin,Flavio Cobolli,williamhill,h2h,1.95,1.85,2026-09-30T20:16:12+00:00
2026-09-30T20:16:17.495727+00:00,tennis_atp_china_open,0c39522d563ce8eb6ce47ba0d07b50d8,Ignacio Buse,Quentin Halys,betfair_ex_uk,h2h,2.24,1.79,2026-09-30T20:16:12+00:00
2026-09-30T20:16:17.495727+00:00,tennis_atp_china_open,0c39522d563ce8eb6ce47ba0d07b50d8,Ignacio Buse,Quentin Halys,betano_uk,h2h,2.05,1.7,2026-09-30T20:13:18+00:00
2026-09-30T20:16:17.495727+00:00,tennis_atp_china_open,0c39522d563ce8eb6ce47ba0d07b50d8,Ignacio Buse,Quentin Halys,betfair_sb_uk,h2h,2.0,1.8,2026-09-30T20:15:22+00:00
2026-09-30T20:16:17.495727+00:00,tennis_atp_china_open,0c39522d563ce8eb6ce47ba0d07b50d8,Ignacio Buse,Quentin Halys,betvictor,h2h,2.05,1.7,2026-09-30T20:15:56+00:00
2026-09-30T20:16:17.495727+00:00,tennis_atp_china_open,0c39522d563ce8eb6ce47ba0d07b50d8,Ignacio Buse,Quentin Halys,betway,h2h,2.1,1.73,2026-09-30T20:16:13+00:00
2026-09-30T20:16:17.495727+00:00,tennis_atp_china_open,0c39522d563ce8eb6ce47ba0d07b50d8,Ignacio Buse,Quentin Halys,boylesports,h2h,2.1,1.73,2026-09-30T20:15:45+00:00
2026-09-30T20:16:17.495727+00:00,tennis_atp_china_open,0c39522d563ce8eb6ce47ba0d07b50d8,Ignacio Buse,Quentin Halys,casumo,h2h,2.08,1.75,2026-09-30T20:15:41+00:00
2026-09-30T20:16:17.495727+00:00,tennis_atp_china_open,0c39522d563ce8eb6ce47ba0d07b50d8,Ignacio Buse,Quentin Halys,coral,h2h,2.05,1.7,2026-09-30T20:15:23+00:00
2026-09-30T20:16:17.495727+00:00,tennis_atp_china_open,0c39522d563ce8eb6ce47ba0d07b50d8,Ignacio Buse,Quentin Halys,grosvenor,h2h,2.08,1.75,2026-09-30T20:15:23+00:00
2026-09-30T20:16:17.495727+00:00,tennis_atp_china_open,0c39522d563ce8eb6ce47ba0d07b50d8,Ignacio Buse,Quentin Halys,ladbrokes_uk,h2h,2.05,1.7,2026-09-30T20:15:23+00:00
2026-09-30T20:16:17.495727+00:00,tennis_atp_china_open,0c39522d563ce8eb6ce47ba0d07b50d8,Ignacio Buse,Quentin Halys,leovegas,h2h,2.08,1.72,2026-09-30T20:16:11+00:00
2026-09-30T20:16:17.495727+00:00,tennis_atp_china_open,0c39522d563ce8eb6ce47ba0d07b50d8,Ignacio Buse,Quentin Halys,livescorebet,h2h,2.08,1.75,2026-09-30T20:16:12+00:00
2026-09-30T20:16:17.495727+00:00,tennis_atp_china_open,0c39522d563ce8eb6ce47ba0d07b50d8,Ignacio Buse,Quentin Halys,matchbook,h2h,2.24,1.79,2026-09-30T20:16:11+00:00
2026-09-30T20:16:17.495727+00:00,tennis_atp_china_open,0c39522d563ce8eb6ce47ba0d07b50d8,Ignacio Buse,Quentin Halys,paddypower,h2h,2.0,1.73,2026-09-30T20:14:35+00:00
2026-09-30T20:16:17.495727+00:00,tennis_atp_china_open,0c39522d563ce8eb6ce47ba0d07b50d8,Ignacio Buse,Quentin Halys,skybet,h2h,2.0,1.73,2026-09-30T20:15:22+00:00
2026-09-30T20:16:17.495727+00:00,tennis_atp_china_open,0c39522d563ce8eb6ce47ba0d07b50d8,Ignacio Buse,Quentin Halys,smarkets,h2h,2.22,1.76,2026-09-30T20:16:12+00:00
2026-09-30T20:16:17.495727+00:00,tennis_atp_china_open,0c39522d563ce8eb6ce47ba0d07b50d8,Ignacio Buse,Quentin Halys,sport888,h2h,2.1,1.73,2026-09-30T20:16:12+00:00
2026-09-30T20:16:17.495727+00:00,tennis_atp_china_open,0c39522d563ce8eb6ce47ba0d07b50d8,Ignacio Buse,Quentin Halys,unibet_uk,h2h,2.07,1.75,2026-09-30T20:15:24+00:00
2026-09-30T20:16:17.495727+00:00,tennis_atp_china_open,0c39522d563ce8eb6ce47ba0d07b50d8,Ignacio Buse,Quentin Halys,virginbet,h2h,2.08,1.75,2026-09-30T20:16:12+00:00
2026-09-30T20:16:17.495727+00:00,tennis_atp_china_open,0c39522d563ce8eb6ce47ba0d07b50d8,Ignacio Buse,Quentin Halys,williamhill,h2h,2.1,1.73,2026-09-30T20:16:12+00:00
2026-09-30T20:16:17.495727+00:00,tennis_atp_china_open,0538a6a69f027f97e7fc87dac711046e,Botic van de Zandschulp,Francisco Cerundolo,betfair_ex_uk,h2h,2.34,1.73,2026-09-30T20:16:12+00:00
2026-09-30T20:16:17.495727+00:00,tennis_atp_china_open,0538a6a69f027f97e7fc87dac711046e,Botic van de Zandschulp,Francisco Cerundolo,betano_uk,h2h,2.2,1.61,2026-09-30T20:13:18+00:00
2026-09-30T20:16:17.495727+00:00,tennis_atp_china_open,0538a6a69f027f97e7fc87dac711046e,Botic van de Zandschulp,Francisco Cerundolo,betfair_sb_uk,h2h,2.2,1.67,2026-09-30T20:15:22+00:00
2026-09-30T20:16:17.495727+00:00,tennis_atp_china_open,0538a6a69f027f97e7fc87dac711046e,Botic van de Zandschulp,Francisco Cerundolo,betvictor,h2h,2.2,1.61,2026-09-30T20:15:56+00:00
2026-09-30T20:16:17.495727+00:00,tennis_atp_china_open,0538a6a69f027f97e7fc87dac711046e,Botic van de Zandschulp,Francisco Cerundolo,betway,h2h,2.2,1.65,2026-09-30T20:16:13+00:00
2026-09-30T20:16:17.495727+00:00,tennis_atp_china_open,0538a6a69f027f97e7fc87dac711046e,Botic van de Zandschulp,Francisco Cerundolo,boylesports,h2h,2.2,1.67,2026-09-30T20:15:45+00:00
2026-09-30T20:16:17.495727+00:00,tennis_atp_china_open,0538a6a69f027f97e7fc87dac711046e,Botic van de Zandschulp,Francisco Cerundolo,casumo,h2h,2.28,1.63,2026-09-30T20:15:41+00:00
2026-09-30T20:16:17.495727+00:00,tennis_atp_china_open,0538a6a69f027f97e7fc87dac711046e,Botic van de Zandschulp,Francisco Cerundolo,coral,h2h,2.15,1.65,2026-09-30T20:15:22+00:00
2026-09-30T20:16:17.495727+00:00,tennis_atp_china_open,0538a6a69f027f97e7fc87dac711046e,Botic van de Zandschulp,Francisco Cerundolo,grosvenor,h2h,2.28,1.63,2026-09-30T20:15:23+00:00
2026-09-30T20:16:17.495727+00:00,tennis_atp_china_open,0538a6a69f027f97e7fc87dac711046e,Botic van de Zandschulp,Francisco Cerundolo,ladbrokes_uk,h2h,2.15,1.65,2026-09-30T20:15:23+00:00
2026-09-30T20:16:17.495727+00:00,tennis_atp_china_open,0538a6a69f027f97e7fc87dac711046e,Botic van de Zandschulp,Francisco Cerundolo,leovegas,h2h,2.2,1.65,2026-09-30T20:16:11+00:00
2026-09-30T20:16:17.495727+00:00,tennis_atp_china_open,0538a6a69f027f97e7fc87dac711046e,Botic van de Zandschulp,Francisco Cerundolo,livescorebet,h2h,2.28,1.63,2026-09-30T20:16:12+00:00
2026-09-30T20:16:17.495727+00:00,tennis_atp_china_open,0538a6a69f027f97e7fc87dac711046e,Botic van de Zandschulp,Francisco Cerundolo,matchbook,h2h,2.34,1.73,2026-09-30T20:16:11+00:00
2026-09-30T20:16:17.495727+00:00,tennis_atp_china_open,0538a6a69f027f97e7fc87dac711046e,Botic van de Zandschulp,Francisco Cerundolo,paddypower,h2h,2.2,1.62,2026-09-30T20:14:35+00:00
2026-09-30T20:16:17.495727+00:00,tennis_atp_china_open,0538a6a69f027f97e7fc87dac711046e,Botic van de Zandschulp,Francisco Cerundolo,skybet,h2h,2.2,1.62,2026-09-30T20:15:22+00:00
2026-09-30T20:16:17.495727+00:00,tennis_atp_china_open,0538a6a69f027f97e7fc87dac711046e,Botic van de Zandschulp,Francisco Cerundolo,smarkets,h2h,2.3,1.7,2026-09-30T20:16:12+00:00
2026-09-30T20:16:17.495727+00:00,tennis_atp_china_open,0538a6a69f027f97e7fc87dac711046e,Botic van de Zandschulp,Francisco Cerundolo,sport888,h2h,2.2,1.67,2026-09-30T20:16:12+00:00
2026-09-30T20:16:17.495727+00:00,tennis_atp_china_open,0538a6a69f027f97e7fc87dac711046e,Botic van de Zandschulp,Francisco Cerundolo,virginbet,h2h,2.28,1.63,2026-09-30T20:16:12+00:00
2026-09-30T20:16:17.495727+00:00,tennis_atp_china_open,0538a6a69f027f97e7fc87dac711046e,Botic van de Zandschulp,Francisco Cerundolo,williamhill,h2h,2.2,1.67,2026-09-30T20:16:12+00:00
2026-09-30T20:16:17.495727+00:00,tennis_atp_china_open,c1bae50988ffee351524f95dacfa76f7,Juncheng Shang,Sebastian Baez,betfair_ex_uk,h2h,1.73,2.34,2026-09-30T20:16:12+00:00
2026-09-30T20:16:17.495727+00:00,tennis_atp_china_open,c1bae50988ffee351524f95dacfa76f7,Juncheng Shang,Sebastian Baez,betano_uk,h2h,1.61,2.2,2026-09-30T20:13:18+00:00
2026-09-30T20:16:17.495727+00:00,tennis_atp_china_open,c1bae50988ffee351524f95dacfa76f7,Juncheng Shang,Sebastian Baez,betfair_sb_uk,h2h,1.62,2.25,2026-09-30T20:15:22+00:00
2026-09-30T20:16:17.495727+00:00,tennis_atp_china_open,c1bae50988ffee351524f95dacfa76f7,Juncheng Shang,Sebastian Baez,betvictor,h2h,1.61,2.2,2026-09-30T20:15:56+00:00
2026-09-30T20:16:17.495727+00:00,tennis_atp_china_open,c1bae50988ffee351524f95dacfa76f7,Juncheng Shang,Sebastian Baez,betway,h2h,1.65,2.25,2026-09-30T20:16:13+00:00
2026-09-30T20:16:17.495727+00:00,tennis_atp_china_open,c1bae50988ffee351524f95dacfa76f7,Juncheng Shang,Sebastian Baez,boylesports,h2h,1.67,2.25,2026-09-30T20:15:45+00:00
2026-09-30T20:16:17.495727+00:00,tennis_atp_china_open,c1bae50988ffee351524f95dacfa76f7,Juncheng Shang,Sebastian Baez,casumo,h2h,1.63,2.28,2026-09-30T20:15:41+00:00
2026-09-30T20:16:17.495727+00:00,tennis_atp_china_open,c1bae50988ffee351524f95dacfa76f7,Juncheng Shang,Sebastian Baez,coral,h2h,1.6,2.2,2026-09-30T20:15:23+00:00
2026-09-30T20:16:17.495727+00:00,tennis_atp_china_open,c1bae50988ffee351524f95dacfa76f7,Juncheng Shang,Sebastian Baez,grosvenor,h2h,1.63,2.28,2026-09-30T20:15:23+00:00
2026-09-30T20:16:17.495727+00:00,tennis_atp_china_open,c1bae50988ffee351524f95dacfa76f7,Juncheng Shang,Sebastian Baez,ladbrokes_uk,h2h,1.6,2.2,2026-09-30T20:15:23+00:00
2026-09-30T20:16:17.495727+00:00,tennis_atp_china_open,c1bae50988ffee351524f95dacfa76f7,Juncheng Shang,Sebastian Baez,leovegas,h2h,1.62,2.25,2026-09-30T20:16:11+00:00
2026-09-30T20:16:17.495727+00:00,tennis_atp_china_open,c1bae50988ffee351524f95dacfa76f7,Juncheng Shang,Sebastian Baez,livescorebet,h2h,1.63,2.28,2026-09-30T20:16:12+00:00
2026-09-30T20:16:17.495727+00:00,tennis_atp_china_open,c1bae50988ffee351524f95dacfa76f7,Juncheng Shang,Sebastian Baez,matchbook,h2h,1.73,2.34,2026-09-30T20:16:11+00:00
2026-09-30T20:16:17.495727+00:00,tennis_atp_china_open,c1bae50988ffee351524f95dacfa76f7,Juncheng Shang,Sebastian Baez,paddypower,h2h,1.57,2.25,2026-09-30T20:14:36+00:00
2026-09-30T20:16:17.495727+00:00,tennis_atp_china_open,c1bae50988ffee351524f95dacfa76f7,Juncheng Shang,Sebastian Baez,skybet,h2h,1.57,2.25,2026-09-30T20:15:22+00:00
2026-09-30T20:16:17.495727+00:00,tennis_atp_china_open,c1bae50988ffee351524f95dacfa76f7,Juncheng Shang,Sebastian Baez,smarkets,h2h,1.7,2.3,2026-09-30T20:16:12+00:00
2026-09-30T20:16:17.495727+00:00,tennis_atp_china_open,c1bae50988ffee351524f95dacfa76f7,Juncheng Shang,Sebastian Baez,sport888,h2h,1.67,2.2,2026-09-30T20:16:12+00:00
2026-09-30T20:16:17.495727+00:00,tennis_atp_china_open,c1bae50988ffee351524f95dacfa76f7,Juncheng Shang,Sebastian Baez,unibet_uk,h2h,1.62,2.29,2026-09-30T20:15:24+00:00
2026-09-30T20:16:17.495727+00:00,tennis_atp_china_open,c1bae50988ffee351524f95dacfa76f7,Juncheng Shang,Sebastian Baez,virginbet,h2h,1.63,2.28,2026-09-30T20:16:12+00:00
2026-09-30T20:16:17.495727+00:00,tennis_atp_china_open,c1bae50988ffee351524f95dacfa76f7,Juncheng Shang,Sebastian Baez,williamhill,h2h,1.67,2.2,2026-09-30T20:16:12+00:00
2026-09-30T20:16:17.495727+00:00,tennis_atp_china_open,baf8f73b47a664fcede53262ff09e26d,Alexander Zverev,Cameron Norrie,betfair_ex_uk,h2h,1.13,8.0,2026-09-30T20:16:12+00:00
2026-09-30T20:16:17.495727+00:00,tennis_atp_china_open,baf8f73b47a664fcede53262ff09e26d,Alexander Zverev,Cameron Norrie,betano_uk,h2h,1.1,6.0,2026-09-30T20:13:18+00:00
2026-09-30T20:16:17.495727+00:00,tennis_atp_china_open,baf8f73b47a664fcede53262ff09e26d,Alexander Zverev,Cameron Norrie,betfair_sb_uk,h2h,1.13,6.0,2026-09-30T20:15:22+00:00
2026-09-30T20:16:17.495727+00:00,tennis_atp_china_open,baf8f73b47a664fcede53262ff09e26d,Alexander Zverev,Cameron Norrie,betvictor,h2h,1.1,6.0,2026-09-30T20:15:56+00:00
2026-09-30T20:16:17.495727+00:00,tennis_atp_china_open,baf8f73b47a664fcede53262ff09e26d,Alexander Zverev,Cameron Norrie,betway,h2h,1.12,6.0,2026-09-30T20:16:13+00:00
2026-09-30T20:16:17.495727+00:00,tennis_atp_china_open,baf8f73b47a664fcede53262ff09e26d,Alexander Zverev,Cameron Norrie,boylesports,h2h,1.1,7.5,2026-09-30T20:15:45+00:00
2026-09-30T20:16:17.495727+00:00,tennis_atp_china_open,baf8f73b47a664fcede53262ff09e26d,Alexander Zverev,Cameron Norrie,casumo,h2h,1.09,7.5,2026-09-30T20:15:41+00:00
2026-09-30T20:16:17.495727+00:00,tennis_atp_china_open,baf8f73b47a664fcede53262ff09e26d,Alexander Zverev,Cameron Norrie,coral,h2h,1.1,7.0,2026-09-30T20:15:22+00:00
2026-09-30T20:16:17.495727+00:00,tennis_atp_china_open,baf8f73b47a664fcede53262ff09e26d,Alexander Zverev,Cameron Norrie,grosvenor,h2h,1.09,7.5,2026-09-30T20:15:23+00:00
2026-09-30T20:16:17.495727+00:00,tennis_atp_china_open,baf8f73b47a664fcede53262ff09e26d,Alexander Zverev,Cameron Norrie,ladbrokes_uk,h2h,1.1,7.0,2026-09-30T20:15:23+00:00
2026-09-30T20:16:17.495727+00:00,tennis_atp_china_open,baf8f73b47a664fcede53262ff09e26d,Alexander Zverev,Cameron Norrie,leovegas,h2h,1.08,7.5,2026-09-30T20:16:11+00:00
2026-09-30T20:16:17.495727+00:00,tennis_atp_china_open,baf8f73b47a664fcede53262ff09e26d,Alexander Zverev,Cameron Norrie,livescorebet,h2h,1.09,7.5,2026-09-30T20:16:12+00:00
2026-09-30T20:16:17.495727+00:00,tennis_atp_china_open,baf8f73b47a664fcede53262ff09e26d,Alexander Zverev,Cameron Norrie,matchbook,h2h,1.13,8.0,2026-09-30T20:16:11+00:00
2026-09-30T20:16:17.495727+00:00,tennis_atp_china_open,baf8f73b47a664fcede53262ff09e26d,Alexander Zverev,Cameron Norrie,paddypower,h2h,1.11,6.0,2026-09-30T20:14:36+00:00
2026-09-30T20:16:17.495727+00:00,tennis_atp_china_open,baf8f73b47a664fcede53262ff09e26d,Alexander Zverev,Cameron Norrie,skybet,h2h,1.11,6.0,2026-09-30T20:15:22+00:00
2026-09-30T20:16:17.495727+00:00,tennis_atp_china_open,baf8f73b47a664fcede53262ff09e26d,Alexander Zverev,Cameron Norrie,smarkets,h2h,1.12,7.8,2026-09-30T20:16:12+00:00
2026-09-30T20:16:17.495727+00:00,tennis_atp_china_open,baf8f73b47a664fcede53262ff09e26d,Alexander Zverev,Cameron Norrie,sport888,h2h,1.06,9.0,2026-09-30T20:16:12+00:00
2026-09-30T20:16:17.495727+00:00,tennis_atp_china_open,baf8f73b47a664fcede53262ff09e26d,Alexander Zverev,Cameron Norrie,unibet_uk,h2h,1.09,7.0,2026-09-30T20:15:24+00:00
2026-09-30T20:16:17.495727+00:00,tennis_atp_china_open,baf8f73b47a664fcede53262ff09e26d,Alexander Zverev,Cameron Norrie,virginbet,h2h,1.09,7.5,2026-09-30T20:16:12+00:00
2026-09-30T20:16:17.495727+00:00,tennis_atp_china_open,baf8f73b47a664fcede53262ff09e26d,Alexander Zverev,Cameron Norrie,williamhill,h2h,1.06,9.0,2026-09-30T20:16:12+00:00
2026-09-30T20:16:17.495727+00:00,tennis_atp_china_open,ef3f453a337c9dae404be4cbf6772441,Tallon Griekspoor,Andrey Rublev,betfair_ex_uk,h2h,2.58,1.62,2026-09-30T20:16:12+00:00
2026-09-30T20:16:17.495727+00:00,tennis_atp_china_open,ef3f453a337c9dae404be4cbf6772441,Tallon Griekspoor,Andrey Rublev,betano_uk,h2h,2.38,1.53,2026-09-30T20:13:18+00:00
2026-09-30T20:16:17.495727+00:00,tennis_atp_china_open,ef3f453a337c9dae404be4cbf6772441,Tallon Griekspoor,Andrey Rublev,betvictor,h2h,2.38,1.53,2026-09-30T20:15:56+00:00
2026-09-30T20:16:17.495727+00:00,tennis_atp_china_open,ef3f453a337c9dae404be4cbf6772441,Tallon Griekspoor,Andrey Rublev,betway,h2h,2.4,1.55,2026-09-30T20:16:13+00:00
2026-09-30T20:16:17.495727+00:00,tennis_atp_china_open,ef3f453a337c9dae404be4cbf6772441,Tallon Griekspoor,Andrey Rublev,boylesports,h2h,2.38,1.62,2026-09-30T20:15:45+00:00
2026-09-30T20:16:17.495727+00:00,tennis_atp_china_open,ef3f453a337c9dae404be4cbf6772441,Tallon Griekspoor,Andrey Rublev,casumo,h2h,2.48,1.54,2026-09-30T20:15:41+00:00
2026-09-30T20:16:17.495727+00:00,tennis_atp_china_open,ef3f453a337c9dae404be4cbf6772441,Tallon Griekspoor,Andrey Rublev,coral,h2h,2.3,1.55,2026-09-30T20:15:22+00:00
2026-09-30T20:16:17.495727+00:00,tennis_atp_china_open,ef3f453a337c9dae404be4cbf6772441,Tallon Griekspoor,Andrey Rublev,grosvenor,h2h,2.48,1.54,2026-09-30T20:15:23+00:00
2026-09-30T20:16:17.495727+00:00,tennis_atp_china_open,ef3f453a337c9dae404be4cbf6772441,Tallon Griekspoor,Andrey Rublev,ladbrokes_uk,h2h,2.3,1.55,2026-09-30T20:15:23+00:00
2026-09-30T20:16:17.495727+00:00,tennis_atp_china_open,ef3f453a337c9dae404be4cbf6772441,Tallon Griekspoor,Andrey Rublev,leovegas,h2h,2.35,1.57,2026-09-30T20:16:11+00:00
2026-09-30T20:16:17.495727+00:00,tennis_atp_china_open,ef3f453a337c9dae404be4cbf6772441,Tallon Griekspoor,Andrey Rublev,livescorebet,h2h,2.48,1.54,2026-09-30T20:16:12+00:00
2026-09-30T20:16:17.495727+00:00,tennis_atp_china_open,ef3f453a337c9dae404be4cbf6772441,Tallon Griekspoor,Andrey Rublev,matchbook,h2h,2.58,1.62,2026-09-30T20:16:11+00:00
2026-09-30T20:16:17.495727+00:00,tennis_atp_china_open,ef3f453a337c9dae404be4cbf6772441,Tallon Griekspoor,Andrey Rublev,paddypower,h2h,2.5,1.5,2026-09-30T20:14:35+00:00
2026-09-30T20:16:17.495727+00:00,tennis_atp_china_open,ef3f453a337c9dae404be4cbf6772441,Tallon Griekspoor,Andrey Rublev,skybet,h2h,2.5,1.5,2026-09-30T20:15:22+00:00
2026-09-30T20:16:17.495727+00:00,tennis_atp_china_open,ef3f453a337c9dae404be4cbf6772441,Tallon Griekspoor,Andrey Rublev,smarkets,h2h,2.52,1.6,2026-09-30T20:16:12+00:00
2026-09-30T20:16:17.495727+00:00,tennis_atp_china_open,ef3f453a337c9dae404be4cbf6772441,Tallon Griekspoor,Andrey Rublev,sport888,h2h,2.3,1.61,2026-09-30T20:16:12+00:00
2026-09-30T20:16:17.495727+00:00,tennis_atp_china_open,ef3f453a337c9dae404be4cbf6772441,Tallon Griekspoor,Andrey Rublev,unibet_uk,h2h,2.35,1.58,2026-09-30T20:15:24+00:00
2026-09-30T20:16:17.495727+00:00,tennis_atp_china_open,ef3f453a337c9dae404be4cbf6772441,Tallon Griekspoor,Andrey Rublev,virginbet,h2h,2.48,1.54,2026-09-30T20:16:12+00:00
2026-09-30T20:16:17.495727+00:00,tennis_atp_china_open,ef3f453a337c9dae404be4cbf6772441,Tallon Griekspoor,Andrey Rublev,williamhill,h2h,2.3,1.62,2026-09-30T20:16:12+00:00
2026-09-30T20:16:17.495727+00:00,tennis_atp_china_open,726e426c5068e86e57b7f81891e0136e,Learner Tien,Hubert Hurkacz,betfair_ex_uk,h2h,1.64,2.52,2026-09-30T20:16:12+00:00
2026-09-30T20:16:17.495727+00:00,tennis_atp_china_open,726e426c5068e86e57b7f81891e0136e,Learner Tien,Hubert Hurkacz,betano_uk,h2h,1.5,2.4,2026-09-30T20:13:18+00:00
2026-09-30T20:16:17.495727+00:00,tennis_atp_china_open,726e426c5068e86e57b7f81891e0136e,Learner Tien,Hubert Hurkacz,betvictor,h2h,1.5,2.4,2026-09-30T20:15:56+00:00
2026-09-30T20:16:17.495727+00:00,tennis_atp_china_open,726e426c5068e86e57b7f81891e0136e,Learner Tien,Hubert Hurkacz,betway,h2h,1.55,2.4,2026-09-30T20:16:13+00:00
2026-09-30T20:16:17.495727+00:00,tennis_atp_china_open,726e426c5068e86e57b7f81891e0136e,Learner Tien,Hubert Hurkacz,boylesports,h2h,1.57,2.38,2026-09-30T20:15:45+00:00
2026-09-30T20:16:17.495727+00:00,tennis_atp_china_open,726e426c5068e86e57b7f81891e0136e,Learner Tien,Hubert Hurkacz,casumo,h2h,1.54,2.48,2026-09-30T20:15:42+00:00
2026-09-30T20:16:17.495727+00:00,tennis_atp_china_open,726e426c5068e86e57b7f81891e0136e,Learner Tien,Hubert Hurkacz,coral,h2h,1.53,2.4,2026-09-30T20:15:23+00:00
2026-09-30T20:16:17.495727+00:00,tennis_atp_china_open,726e426c5068e86e57b7f81891e0136e,Learner Tien,Hubert Hurkacz,grosvenor,h2h,1.54,2.48,2026-09-30T20:15:23+00:00
2026-09-30T20:16:17.495727+00:00,tennis_atp_china_open,726e426c5068e86e57b7f81891e0136e,Learner Tien,Hubert Hurkacz,ladbrokes_uk,h2h,1.53,2.4,2026-09-30T20:15:23+00:00
2026-09-30T20:16:17.495727+00:00,tennis_atp_china_open,726e426c5068e86e57b7f81891e0136e,Learner Tien,Hubert Hurkacz,leovegas,h2h,1.53,2.35,2026-09-30T20:16:11+00:00
2026-09-30T20:16:17.495727+00:00,tennis_atp_china_open,726e426c5068e86e57b7f81891e0136e,Learner Tien,Hubert Hurkacz,livescorebet,h2h,1.54,2.48,2026-09-30T20:16:12+00:00
2026-09-30T20:16:17.495727+00:00,tennis_atp_china_open,726e426c5068e86e57b7f81891e0136e,Learner Tien,Hubert Hurkacz,matchbook,h2h,1.64,2.52,2026-09-30T20:16:11+00:00
2026-09-30T20:16:17.495727+00:00,tennis_atp_china_open,726e426c5068e86e57b7f81891e0136e,Learner Tien,Hubert Hurkacz,paddypower,h2h,1.5,2.5,2026-09-30T20:14:35+00:00
2026-09-30T20:16:17.495727+00:00,tennis_atp_china_open,726e426c5068e86e57b7f81891e0136e,Learner Tien,Hubert Hurkacz,skybet,h2h,1.5,2.5,2026-09-30T20:15:22+00:00
2026-09-30T20:16:17.495727+00:00,tennis_atp_china_open,726e426c5068e86e57b7f81891e0136e,Learner Tien,Hubert Hurkacz,smarkets,h2h,1.61,2.5,2026-09-30T20:16:12+00:00
2026-09-30T20:16:17.495727+00:00,tennis_atp_china_open,726e426c5068e86e57b7f81891e0136e,Learner Tien,Hubert Hurkacz,sport888,h2h,1.57,2.38,2026-09-30T20:16:12+00:00
2026-09-30T20:16:17.495727+00:00,tennis_atp_china_open,726e426c5068e86e57b7f81891e0136e,Learner Tien,Hubert Hurkacz,unibet_uk,h2h,1.54,2.45,2026-09-30T20:15:24+00:00
2026-09-30T20:16:17.495727+00:00,tennis_atp_china_open,726e426c5068e86e57b7f81891e0136e,Learner Tien,Hubert Hurkacz,virginbet,h2h,1.54,2.48,2026-09-30T20:16:12+00:00
2026-09-30T20:16:17.495727+00:00,tennis_atp_china_open,726e426c5068e86e57b7f81891e0136e,Learner Tien,Hubert Hurkacz,williamhill,h2h,1.57,2.38,2026-09-30T20:16:12+00:00
2026-09-30T20:16:17.495727+00:00,tennis_atp_china_open,8e1b1ccdaf9bc406f149cfba186e0337,Alexander Bublik,Jakub Mensik,betfair_ex_uk,h2h,2.54,1.64,2026-09-30T20:16:12+00:00
2026-09-30T20:16:17.495727+00:00,tennis_atp_china_open,8e1b1ccdaf9bc406f149cfba186e0337,Alexander Bublik,Jakub Mensik,betano_uk,h2h,2.3,1.53,2026-09-30T20:13:18+00:00
2026-09-30T20:16:17.495727+00:00,tennis_atp_china_open,8e1b1ccdaf9bc406f149cfba186e0337,Alexander Bublik,Jakub Mensik,betvictor,h2h,2.3,1.53,2026-09-30T20:15:56+00:00
2026-09-30T20:16:17.495727+00:00,tennis_atp_china_open,8e1b1ccdaf9bc406f149cfba186e0337,Alexander Bublik,Jakub Mensik,betway,h2h,2.3,1.6,2026-09-30T20:16:13+00:00
2026-09-30T20:16:17.495727+00:00,tennis_atp_china_open,8e1b1ccdaf9bc406f149cfba186e0337,Alexander Bublik,Jakub Mensik,boylesports,h2h,2.38,1.62,2026-09-30T20:15:45+00:00
2026-09-30T20:16:17.495727+00:00,tennis_atp_china_open,8e1b1ccdaf9bc406f149cfba186e0337,Alexander Bublik,Jakub Mensik,casumo,h2h,2.38,1.57,2026-09-30T20:15:42+00:00
2026-09-30T20:16:17.495727+00:00,tennis_atp_china_open,8e1b1ccdaf9bc406f149cfba186e0337,Alexander Bublik,Jakub Mensik,coral,h2h,2.3,1.55,2026-09-30T20:15:22+00:00
2026-09-30T20:16:17.495727+00:00,tennis_atp_china_open,8e1b1ccdaf9bc406f149cfba186e0337,Alexander Bublik,Jakub Mensik,grosvenor,h2h,2.38,1.57,2026-09-30T20:15:23+00:00
2026-09-30T20:16:17.495727+00:00,tennis_atp_china_open,8e1b1ccdaf9bc406f149cfba186e0337,Alexander Bublik,Jakub Mensik,ladbrokes_uk,h2h,2.3,1.55,2026-09-30T20:15:23+00:00
2026-09-30T20:16:17.495727+00:00,tennis_atp_china_open,8e1b1ccdaf9bc406f149cfba186e0337,Alexander Bublik,Jakub Mensik,leovegas,h2h,2.3,1.55,2026-09-30T20:16:11+00:00
2026-09-30T20:16:17.495727+00:00,tennis_atp_china_open,8e1b1ccdaf9bc406f149cfba186e0337,Alexander Bublik,Jakub Mensik,livescorebet,h2h,2.38,1.58,2026-09-30T20:16:12+00:00
2026-09-30T20:16:17.495727+00:00,tennis_atp_china_open,8e1b1ccdaf9bc406f149cfba186e0337,Alexander Bublik,Jakub Mensik,matchbook,h2h,2.54,1.64,2026-09-30T20:16:11+00:00
2026-09-30T20:16:17.495727+00:00,tennis_atp_china_open,8e1b1ccdaf9bc406f149cfba186e0337,Alexander Bublik,Jakub Mensik,paddypower,h2h,2.38,1.53,2026-09-30T20:14:35+00:00
2026-09-30T20:16:17.495727+00:00,tennis_atp_china_open,8e1b1ccdaf9bc406f149cfba186e0337,Alexander Bublik,Jakub Mensik,skybet,h2h,2.38,1.53,2026-09-30T20:15:22+00:00
2026-09-30T20:16:17.495727+00:00,tennis_atp_china_open,8e1b1ccdaf9bc406f149cfba186e0337,Alexander Bublik,Jakub Mensik,smarkets,h2h,2.5,1.61,2026-09-30T20:16:12+00:00
2026-09-30T20:16:17.495727+00:00,tennis_atp_china_open,8e1b1ccdaf9bc406f149cfba186e0337,Alexander Bublik,Jakub Mensik,sport888,h2h,2.3,1.61,2026-09-30T20:16:12+00:00
2026-09-30T20:16:17.495727+00:00,tennis_atp_china_open,8e1b1ccdaf9bc406f149cfba186e0337,Alexander Bublik,Jakub Mensik,unibet_uk,h2h,2.38,1.56,2026-09-30T20:15:24+00:00
2026-09-30T20:16:17.495727+00:00,tennis_atp_china_open,8e1b1ccdaf9bc406f149cfba186e0337,Alexander Bublik,Jakub Mensik,virginbet,h2h,2.38,1.58,2026-09-30T20:16:12+00:00
2026-09-30T20:16:17.495727+00:00,tennis_atp_china_open,8e1b1ccdaf9bc406f149cfba186e0337,Alexander Bublik,Jakub Mensik,williamhill,h2h,2.3,1.62,2026-09-30T20:16:12+00:00
2026-09-30T20:16:17.495727+00:00,tennis_atp_china_open,d66f1937da5272c6644a583eaa98d7ce,Daniil Medvedev,Pablo Carreno Busta,betfair_ex_uk,h2h,1.25,4.5,2026-09-30T20:16:12+00:00
2026-09-30T20:16:17.495727+00:00,tennis_atp_china_open,d66f1937da5272c6644a583eaa98d7ce,Daniil Medvedev,Pablo Carreno Busta,betano_uk,h2h,1.22,3.75,2026-09-30T20:13:18+00:00
2026-09-30T20:16:17.495727+00:00,tennis_atp_china_open,d66f1937da5272c6644a583eaa98d7ce,Daniil Medvedev,Pablo Carreno Busta,betvictor,h2h,1.22,3.75,2026-09-30T20:15:57+00:00
2026-09-30T20:16:17.495727+00:00,tennis_atp_china_open,d66f1937da5272c6644a583eaa98d7ce,Daniil Medvedev,Pablo Carreno Busta,betway,h2h,1.22,4.25,2026-09-30T20:16:13+00:00
2026-09-30T20:16:17.495727+00:00,tennis_atp_china_open,d66f1937da5272c6644a583eaa98d7ce,Daniil Medvedev,Pablo Carreno Busta,boylesports,h2h,1.22,4.2,2026-09-30T20:15:45+00:00
2026-09-30T20:16:17.495727+00:00,tennis_atp_china_open,d66f1937da5272c6644a583eaa98d7ce,Daniil Medvedev,Pablo Carreno Busta,casumo,h2h,1.24,4.1,2026-09-30T20:15:42+00:00
2026-09-30T20:16:17.495727+00:00,tennis_atp_china_open,d66f1937da5272c6644a583eaa98d7ce,Daniil Medvedev,Pablo Carreno Busta,coral,h2h,1.22,4.0,2026-09-30T20:15:22+00:00
2026-09-30T20:16:17.495727+00:00,tennis_atp_china_open,d66f1937da5272c6644a583eaa98d7ce,Daniil Medvedev,Pablo Carreno Busta,grosvenor,h2h,1.24,4.1,2026-09-30T20:15:23+00:00
2026-09-30T20:16:17.495727+00:00,tennis_atp_china_open,d66f1937da5272c6644a583eaa98d7ce,Daniil Medvedev,Pablo Carreno Busta,ladbrokes_uk,h2h,1.22,4.0,2026-09-30T20:15:23+00:00
2026-09-30T20:16:17.495727+00:00,tennis_atp_china_open,d66f1937da5272c6644a583eaa98d7ce,Daniil Medvedev,Pablo Carreno Busta,leovegas,h2h,1.22,3.95,2026-09-30T20:16:11+00:00
2026-09-30T20:16:17.495727+00:00,tennis_atp_china_open,d66f1937da5272c6644a583eaa98d7ce,Daniil Medvedev,Pablo Carreno Busta,livescorebet,h2h,1.24,4.1,2026-09-30T20:16:12+00:00
2026-09-30T20:16:17.495727+00:00,tennis_atp_china_open,d66f1937da5272c6644a583eaa98d7ce,Daniil Medvedev,Pablo Carreno Busta,matchbook,h2h,1.26,4.5,2026-09-30T20:16:11+00:00
2026-09-30T20:16:17.495727+00:00,tennis_atp_china_open,d66f1937da5272c6644a583eaa98d7ce,Daniil Medvedev,Pablo Carreno Busta,paddypower,h2h,1.2,4.0,2026-09-30T20:14:36+00:00
2026-09-30T20:16:17.495727+00:00,tennis_atp_china_open,d66f1937da5272c6644a583eaa98d7ce,Daniil Medvedev,Pablo Carreno Busta,skybet,h2h,1.2,4.0,2026-09-30T20:15:22+00:00
2026-09-30T20:16:17.495727+00:00,tennis_atp_china_open,d66f1937da5272c6644a583eaa98d7ce,Daniil Medvedev,Pablo Carreno Busta,smarkets,h2h,1.24,4.4,2026-09-30T20:16:12+00:00
2026-09-30T20:16:17.495727+00:00,tennis_atp_china_open,d66f1937da5272c6644a583eaa98d7ce,Daniil Medvedev,Pablo Carreno Busta,sport888,h2h,1.25,4.0,2026-09-30T20:16:12+00:00
2026-09-30T20:16:17.495727+00:00,tennis_atp_china_open,d66f1937da5272c6644a583eaa98d7ce,Daniil Medvedev,Pablo Carreno Busta,unibet_uk,h2h,1.22,4.0,2026-09-30T20:15:24+00:00
2026-09-30T20:16:17.495727+00:00,tennis_atp_china_open,d66f1937da5272c6644a583eaa98d7ce,Daniil Medvedev,Pablo Carreno Busta,virginbet,h2h,1.24,4.1,2026-09-30T20:16:12+00:00
2026-09-30T20:16:17.495727+00:00,tennis_atp_china_open,d66f1937da5272c6644a583eaa98d7ce,Daniil Medvedev,Pablo Carreno Busta,williamhill,h2h,1.25,4.0,2026-09-30T20:16:12+00:00
2026-09-30T20:16:17.495727+00:00,tennis_atp_china_open,4deffc5f47794803f6891c113e45383e,Bu Yunchaokete,Novak Djokovic,betfair_ex_uk,h2h,3.95,1.31,2026-09-30T20:16:12+00:00
2026-09-30T20:16:17.495727+00:00,tennis_atp_china_open,4deffc5f47794803f6891c113e45383e,Bu Yunchaokete,Novak Djokovic,betano_uk,h2h,3.5,1.25,2026-09-30T20:13:18+00:00
2026-09-30T20:16:17.495727+00:00,tennis_atp_china_open,4deffc5f47794803f6891c113e45383e,Bu Yunchaokete,Novak Djokovic,betvictor,h2h,3.5,1.25,2026-09-30T20:15:57+00:00
2026-09-30T20:16:17.495727+00:00,tennis_atp_china_open,4deffc5f47794803f6891c113e45383e,Bu Yunchaokete,Novak Djokovic,betway,h2h,4.0,1.25,2026-09-30T20:16:13+00:00
2026-09-30T20:16:17.495727+00:00,tennis_atp_china_open,4deffc5f47794803f6891c113e45383e,Bu Yunchaokete,Novak Djokovic,boylesports,h2h,3.5,1.25,2026-09-30T20:15:45+00:00
2026-09-30T20:16:17.495727+00:00,tennis_atp_china_open,4deffc5f47794803f6891c113e45383e,Bu Yunchaokete,Novak Djokovic,casumo,h2h,3.55,1.3,2026-09-30T20:15:42+00:00
2026-09-30T20:16:17.495727+00:00,tennis_atp_china_open,4deffc5f47794803f6891c113e45383e,Bu Yunchaokete,Novak Djokovic,coral,h2h,3.7,1.25,2026-09-30T20:15:23+00:00
2026-09-30T20:16:17.495727+00:00,tennis_atp_china_open,4deffc5f47794803f6891c113e45383e,Bu Yunchaokete,Novak Djokovic,grosvenor,h2h,3.55,1.3,2026-09-30T20:15:23+00:00
2026-09-30T20:16:17.495727+00:00,tennis_atp_china_open,4deffc5f47794803f6891c113e45383e,Bu Yunchaokete,Novak Djokovic,ladbrokes_uk,h2h,3.7,1.25,2026-09-30T20:15:23+00:00
2026-09-30T20:16:17.495727+00:00,tennis_atp_china_open,4deffc5f47794803f6891c113e45383e,Bu Yunchaokete,Novak Djokovic,leovegas,h2h,3.6,1.24,2026-09-30T20:16:11+00:00
2026-09-30T20:16:17.495727+00:00,tennis_atp_china_open,4deffc5f47794803f6891c113e45383e,Bu Yunchaokete,Novak Djokovic,livescorebet,h2h,3.55,1.3,2026-09-30T20:16:12+00:00
2026-09-30T20:16:17.495727+00:00,tennis_atp_china_open,4deffc5f47794803f6891c113e45383e,Bu Yunchaokete,Novak Djokovic,matchbook,h2h,3.7,1.26,2026-09-30T20:16:11+00:00
2026-09-30T20:16:17.495727+00:00,tennis_atp_china_open,4deffc5f47794803f6891c113e45383e,Bu Yunchaokete,Novak Djokovic,paddypower,h2h,3.75,1.22,2026-09-30T20:14:36+00:00
2026-09-30T20:16:17.495727+00:00,tennis_atp_china_open,4deffc5f47794803f6891c113e45383e,Bu Yunchaokete,Novak Djokovic,skybet,h2h,3.75,1.22,2026-09-30T20:15:22+00:00
2026-09-30T20:16:17.495727+00:00,tennis_atp_china_open,4deffc5f47794803f6891c113e45383e,Bu Yunchaokete,Novak Djokovic,smarkets,h2h,3.3,1.26,2026-09-30T20:16:12+00:00
2026-09-30T20:16:17.495727+00:00,tennis_atp_china_open,4deffc5f47794803f6891c113e45383e,Bu Yunchaokete,Novak Djokovic,sport888,h2h,3.6,1.29,2026-09-30T20:16:12+00:00
2026-09-30T20:16:17.495727+00:00,tennis_atp_china_open,4deffc5f47794803f6891c113e45383e,Bu Yunchaokete,Novak Djokovic,unibet_uk,h2h,3.7,1.25,2026-09-30T20:15:24+00:00
2026-09-30T20:16:17.495727+00:00,tennis_atp_china_open,4deffc5f47794803f6891c113e45383e,Bu Yunchaokete,Novak Djokovic,virginbet,h2h,3.55,1.3,2026-09-30T20:16:12+00:00
2026-09-30T20:16:17.495727+00:00,tennis_atp_china_open,4deffc5f47794803f6891c113e45383e,Bu Yunchaokete,Novak Djokovic,williamhill,h2h,3.6,1.29,2026-09-30T20:16:12+00:00
2026-09-30T20:16:17.495727+00:00,tennis_atp_japan_open,876850ae0404e0d4705053ed074268f6,Jaime Faria,Arthur Fery,betfair_ex_uk,h2h,1.92,2.06,2026-09-30T20:16:12+00:00
2026-09-30T20:16:17.495727+00:00,tennis_atp_japan_open,876850ae0404e0d4705053ed074268f6,Jaime Faria,Arthur Fery,betano_uk,h2h,1.83,1.87,2026-09-30T20:16:07+00:00
2026-09-30T20:16:17.495727+00:00,tennis_atp_japan_open,876850ae0404e0d4705053ed074268f6,Jaime Faria,Arthur Fery,betfair_sb_uk,h2h,1.9,1.9,2026-09-30T20:15:44+00:00
2026-09-30T20:16:17.495727+00:00,tennis_atp_japan_open,876850ae0404e0d4705053ed074268f6,Jaime Faria,Arthur Fery,betvictor,h2h,1.83,1.87,2026-09-30T20:15:05+00:00
2026-09-30T20:16:17.495727+00:00,tennis_atp_japan_open,876850ae0404e0d4705053ed074268f6,Jaime Faria,Arthur Fery,betway,h2h,1.8,2.0,2026-09-30T20:16:12+00:00
2026-09-30T20:16:17.495727+00:00,tennis_atp_japan_open,876850ae0404e0d4705053ed074268f6,Jaime Faria,Arthur Fery,boylesports,h2h,1.91,1.91,2026-09-30T20:16:14+00:00
2026-09-30T20:16:17.495727+00:00,tennis_atp_japan_open,876850ae0404e0d4705053ed074268f6,Jaime Faria,Arthur Fery,casumo,h2h,1.91,1.88,2026-09-30T20:15:40+00:00
2026-09-30T20:16:17.495727+00:00,tennis_atp_japan_open,876850ae0404e0d4705053ed074268f6,Jaime Faria,Arthur Fery,coral,h2h,1.83,1.91,2026-09-30T20:15:40+00:00
2026-09-30T20:16:17.495727+00:00,tennis_atp_japan_open,876850ae0404e0d4705053ed074268f6,Jaime Faria,Arthur Fery,grosvenor,h2h,1.91,1.88,2026-09-30T20:16:12+00:00
2026-09-30T20:16:17.495727+00:00,tennis_atp_japan_open,876850ae0404e0d4705053ed074268f6,Jaime Faria,Arthur Fery,ladbrokes_uk,h2h,1.83,1.91,2026-09-30T20:15:40+00:00
2026-09-30T20:16:17.495727+00:00,tennis_atp_japan_open,876850ae0404e0d4705053ed074268f6,Jaime Faria,Arthur Fery,leovegas,h2h,1.85,1.92,2026-09-30T20:15:41+00:00
2026-09-30T20:16:17.495727+00:00,tennis_atp_japan_open,876850ae0404e0d4705053ed074268f6,Jaime Faria,Arthur Fery,livescorebet,h2h,1.91,1.89,2026-09-30T20:16:11+00:00
2026-09-30T20:16:17.495727+00:00,tennis_atp_japan_open,876850ae0404e0d4705053ed074268f6,Jaime Faria,Arthur Fery,matchbook,h2h,1.91,2.06,2026-09-30T20:16:12+00:00
2026-09-30T20:16:17.495727+00:00,tennis_atp_japan_open,876850ae0404e0d4705053ed074268f6,Jaime Faria,Arthur Fery,paddypower,h2h,1.83,1.83,2026-09-30T20:15:41+00:00
2026-09-30T20:16:17.495727+00:00,tennis_atp_japan_open,876850ae0404e0d4705053ed074268f6,Jaime Faria,Arthur Fery,skybet,h2h,1.83,1.83,2026-09-30T20:16:11+00:00
2026-09-30T20:16:17.495727+00:00,tennis_atp_japan_open,876850ae0404e0d4705053ed074268f6,Jaime Faria,Arthur Fery,sport888,h2h,1.8,2.0,2026-09-30T20:15:56+00:00
2026-09-30T20:16:17.495727+00:00,tennis_atp_japan_open,876850ae0404e0d4705053ed074268f6,Jaime Faria,Arthur Fery,unibet_uk,h2h,1.89,1.92,2026-09-30T20:14:51+00:00
2026-09-30T20:16:17.495727+00:00,tennis_atp_japan_open,876850ae0404e0d4705053ed074268f6,Jaime Faria,Arthur Fery,virginbet,h2h,1.91,1.89,2026-09-30T20:15:39+00:00
2026-09-30T20:16:17.495727+00:00,tennis_atp_japan_open,876850ae0404e0d4705053ed074268f6,Jaime Faria,Arthur Fery,williamhill,h2h,1.8,2.0,2026-09-30T20:16:13+00:00
2026-09-30T20:16:17.495727+00:00,tennis_atp_japan_open,bd73b6ff3eb4b9510110ca40bfc63f72,Brandon Nakashima,Ugo Humbert,betfair_ex_uk,h2h,1.49,2.98,2026-09-30T20:16:12+00:00
2026-09-30T20:16:17.495727+00:00,tennis_atp_japan_open,bd73b6ff3eb4b9510110ca40bfc63f72,Brandon Nakashima,Ugo Humbert,betano_uk,h2h,1.4,2.75,2026-09-30T20:16:07+00:00
2026-09-30T20:16:17.495727+00:00,tennis_atp_japan_open,bd73b6ff3eb4b9510110ca40bfc63f72,Brandon Nakashima,Ugo Humbert,betfair_sb_uk,h2h,1.44,2.75,2026-09-30T20:15:44+00:00
2026-09-30T20:16:17.495727+00:00,tennis_atp_japan_open,bd73b6ff3eb4b9510110ca40bfc63f72,Brandon Nakashima,Ugo Humbert,betvictor,h2h,1.4,2.75,2026-09-30T20:15:05+00:00
2026-09-30T20:16:17.495727+00:00,tennis_atp_japan_open,bd73b6ff3eb4b9510110ca40bfc63f72,Brandon Nakashima,Ugo Humbert,betway,h2h,1.44,2.75,2026-09-30T20:16:12+00:00
2026-09-30T20:16:17.495727+00:00,tennis_atp_japan_open,bd73b6ff3eb4b9510110ca40bfc63f72,Brandon Nakashima,Ugo Humbert,boylesports,h2h,1.44,2.75,2026-09-30T20:16:14+00:00
2026-09-30T20:16:17.495727+00:00,tennis_atp_japan_open,bd73b6ff3eb4b9510110ca40bfc63f72,Brandon Nakashima,Ugo Humbert,casumo,h2h,1.43,2.85,2026-09-30T20:15:40+00:00
2026-09-30T20:16:17.495727+00:00,tennis_atp_japan_open,bd73b6ff3eb4b9510110ca40bfc63f72,Brandon Nakashima,Ugo Humbert,coral,h2h,1.4,2.87,2026-09-30T20:15:40+00:00
2026-09-30T20:16:17.495727+00:00,tennis_atp_japan_open,bd73b6ff3eb4b9510110ca40bfc63f72,Brandon Nakashima,Ugo Humbert,grosvenor,h2h,1.43,2.85,2026-09-30T20:16:12+00:00
2026-09-30T20:16:17.495727+00:00,tennis_atp_japan_open,bd73b6ff3eb4b9510110ca40bfc63f72,Brandon Nakashima,Ugo Humbert,ladbrokes_uk,h2h,1.4,2.87,2026-09-30T20:15:40+00:00
2026-09-30T20:16:17.495727+00:00,tennis_atp_japan_open,bd73b6ff3eb4b9510110ca40bfc63f72,Brandon Nakashima,Ugo Humbert,leovegas,h2h,1.42,2.8,2026-09-30T20:15:41+00:00
2026-09-30T20:16:17.495727+00:00,tennis_atp_japan_open,bd73b6ff3eb4b9510110ca40bfc63f72,Brandon Nakashima,Ugo Humbert,livescorebet,h2h,1.43,2.85,2026-09-30T20:16:11+00:00
2026-09-30T20:16:17.495727+00:00,tennis_atp_japan_open,bd73b6ff3eb4b9510110ca40bfc63f72,Brandon Nakashima,Ugo Humbert,matchbook,h2h,1.49,3.0,2026-09-30T20:16:12+00:00
2026-09-30T20:16:17.495727+00:00,tennis_atp_japan_open,bd73b6ff3eb4b9510110ca40bfc63f72,Brandon Nakashima,Ugo Humbert,paddypower,h2h,1.4,2.75,2026-09-30T20:15:41+00:00
2026-09-30T20:16:17.495727+00:00,tennis_atp_japan_open,bd73b6ff3eb4b9510110ca40bfc63f72,Brandon Nakashima,Ugo Humbert,skybet,h2h,1.4,2.75,2026-09-30T20:16:12+00:00
2026-09-30T20:16:17.495727+00:00,tennis_atp_japan_open,bd73b6ff3eb4b9510110ca40bfc63f72,Brandon Nakashima,Ugo Humbert,sport888,h2h,1.4,2.9,2026-09-30T20:15:56+00:00
2026-09-30T20:16:17.495727+00:00,tennis_atp_japan_open,bd73b6ff3eb4b9510110ca40bfc63f72,Brandon Nakashima,Ugo Humbert,unibet_uk,h2h,1.44,2.8,2026-09-30T20:14:51+00:00
2026-09-30T20:16:17.495727+00:00,tennis_atp_japan_open,bd73b6ff3eb4b9510110ca40bfc63f72,Brandon Nakashima,Ugo Humbert,virginbet,h2h,1.43,2.85,2026-09-30T20:15:39+00:00
2026-09-30T20:16:17.495727+00:00,tennis_atp_japan_open,bd73b6ff3eb4b9510110ca40bfc63f72,Brandon Nakashima,Ugo Humbert,williamhill,h2h,1.4,2.9,2026-09-30T20:16:13+00:00
2026-09-30T20:16:17.495727+00:00,tennis_atp_japan_open,6b7d41a4a1150f4e15713dc6958fda96,Luciano Darderi,Casper Ruud,betfair_ex_uk,h2h,3.0,1.49,2026-09-30T20:16:12+00:00
2026-09-30T20:16:17.495727+00:00,tennis_atp_japan_open,6b7d41a4a1150f4e15713dc6958fda96,Luciano Darderi,Casper Ruud,betano_uk,h2h,2.75,1.4,2026-09-30T20:16:07+00:00
2026-09-30T20:16:17.495727+00:00,tennis_atp_japan_open,6b7d41a4a1150f4e15713dc6958fda96,Luciano Darderi,Casper Ruud,betfair_sb_uk,h2h,2.88,1.4,2026-09-30T20:15:44+00:00
2026-09-30T20:16:17.495727+00:00,tennis_atp_japan_open,6b7d41a4a1150f4e15713dc6958fda96,Luciano Darderi,Casper Ruud,betvictor,h2h,2.75,1.4,2026-09-30T20:15:05+00:00
2026-09-30T20:16:17.495727+00:00,tennis_atp_japan_open,6b7d41a4a1150f4e15713dc6958fda96,Luciano Darderi,Casper Ruud,betway,h2h,2.75,1.45,2026-09-30T20:16:12+00:00
2026-09-30T20:16:17.495727+00:00,tennis_atp_japan_open,6b7d41a4a1150f4e15713dc6958fda96,Luciano Darderi,Casper Ruud,boylesports,h2h,2.88,1.44,2026-09-30T20:16:14+00:00
2026-09-30T20:16:17.495727+00:00,tennis_atp_japan_open,6b7d41a4a1150f4e15713dc6958fda96,Luciano Darderi,Casper Ruud,casumo,h2h,2.8,1.43,2026-09-30T20:15:40+00:00
2026-09-30T20:16:17.495727+00:00,tennis_atp_japan_open,6b7d41a4a1150f4e15713dc6958fda96,Luciano Darderi,Casper Ruud,coral,h2h,2.7,1.44,2026-09-30T20:15:40+00:00
2026-09-30T20:16:17.495727+00:00,tennis_atp_japan_open,6b7d41a4a1150f4e15713dc6958fda96,Luciano Darderi,Casper Ruud,grosvenor,h2h,2.8,1.43,2026-09-30T20:16:12+00:00
2026-09-30T20:16:17.495727+00:00,tennis_atp_japan_open,6b7d41a4a1150f4e15713dc6958fda96,Luciano Darderi,Casper Ruud,ladbrokes_uk,h2h,2.7,1.44,2026-09-30T20:15:41+00:00
2026-09-30T20:16:17.495727+00:00,tennis_atp_japan_open,6b7d41a4a1150f4e15713dc6958fda96,Luciano Darderi,Casper Ruud,leovegas,h2h,2.8,1.42,2026-09-30T20:15:41+00:00
2026-09-30T20:16:17.495727+00:00,tennis_atp_japan_open,6b7d41a4a1150f4e15713dc6958fda96,Luciano Darderi,Casper Ruud,livescorebet,h2h,2.8,1.44,2026-09-30T20:16:11+00:00
2026-09-30T20:16:17.495727+00:00,tennis_atp_japan_open,6b7d41a4a1150f4e15713dc6958fda96,Luciano Darderi,Casper Ruud,matchbook,h2h,3.0,1.49,2026-09-30T20:16:12+00:00
2026-09-30T20:16:17.495727+00:00,tennis_atp_japan_open,6b7d41a4a1150f4e15713dc6958fda96,Luciano Darderi,Casper Ruud,paddypower,h2h,2.88,1.36,2026-09-30T20:15:41+00:00
2026-09-30T20:16:17.495727+00:00,tennis_atp_japan_open,6b7d41a4a1150f4e15713dc6958fda96,Luciano Darderi,Casper Ruud,skybet,h2h,2.88,1.36,2026-09-30T20:16:12+00:00
2026-09-30T20:16:17.495727+00:00,tennis_atp_japan_open,6b7d41a4a1150f4e15713dc6958fda96,Luciano Darderi,Casper Ruud,sport888,h2h,2.75,1.44,2026-09-30T20:15:56+00:00
2026-09-30T20:16:17.495727+00:00,tennis_atp_japan_open,6b7d41a4a1150f4e15713dc6958fda96,Luciano Darderi,Casper Ruud,unibet_uk,h2h,2.9,1.42,2026-09-30T20:14:51+00:00
2026-09-30T20:16:17.495727+00:00,tennis_atp_japan_open,6b7d41a4a1150f4e15713dc6958fda96,Luciano Darderi,Casper Ruud,virginbet,h2h,2.8,1.44,2026-09-30T20:15:39+00:00
2026-09-30T20:16:17.495727+00:00,tennis_atp_japan_open,6b7d41a4a1150f4e15713dc6958fda96,Luciano Darderi,Casper Ruud,williamhill,h2h,2.75,1.44,2026-09-30T20:16:13+00:00
2026-09-30T20:16:17.495727+00:00,tennis_atp_japan_open,bd913db5c5606c52b283feaa80665f42,Taylor Fritz,Jaume Munar,betfair_ex_uk,h2h,1.34,3.8,2026-09-30T20:16:12+00:00
2026-09-30T20:16:17.495727+00:00,tennis_atp_japan_open,bd913db5c5606c52b283feaa80665f42,Taylor Fritz,Jaume Munar,betano_uk,h2h,1.3,3.2,2026-09-30T20:16:07+00:00
2026-09-30T20:16:17.495727+00:00,tennis_atp_japan_open,bd913db5c5606c52b283feaa80665f42,Taylor Fritz,Jaume Munar,betfair_sb_uk,h2h,1.33,3.25,2026-09-30T20:15:44+00:00
2026-09-30T20:16:17.495727+00:00,tennis_atp_japan_open,bd913db5c5606c52b283feaa80665f42,Taylor Fritz,Jaume Munar,betvictor,h2h,1.3,3.2,2026-09-30T20:15:05+00:00
2026-09-30T20:16:17.495727+00:00,tennis_atp_japan_open,bd913db5c5606c52b283feaa80665f42,Taylor Fritz,Jaume Munar,betway,h2h,1.3,3.5,2026-09-30T20:16:12+00:00
2026-09-30T20:16:17.495727+00:00,tennis_atp_japan_open,bd913db5c5606c52b283feaa80665f42,Taylor Fritz,Jaume Munar,boylesports,h2h,1.3,3.5,2026-09-30T20:16:14+00:00
2026-09-30T20:16:17.495727+00:00,tennis_atp_japan_open,bd913db5c5606c52b283feaa80665f42,Taylor Fritz,Jaume Munar,casumo,h2h,1.33,3.3,2026-09-30T20:15:40+00:00
2026-09-30T20:16:17.495727+00:00,tennis_atp_japan_open,bd913db5c5606c52b283feaa80665f42,Taylor Fritz,Jaume Munar,coral,h2h,1.3,3.4,2026-09-30T20:15:40+00:00
2026-09-30T20:16:17.495727+00:00,tennis_atp_japan_open,bd913db5c5606c52b283feaa80665f42,Taylor Fritz,Jaume Munar,grosvenor,h2h,1.33,3.3,2026-09-30T20:16:12+00:00
2026-09-30T20:16:17.495727+00:00,tennis_atp_japan_open,bd913db5c5606c52b283feaa80665f42,Taylor Fritz,Jaume Munar,ladbrokes_uk,h2h,1.3,3.4,2026-09-30T20:15:41+00:00
2026-09-30T20:16:17.495727+00:00,tennis_atp_japan_open,bd913db5c5606c52b283feaa80665f42,Taylor Fritz,Jaume Munar,leovegas,h2h,1.3,3.35,2026-09-30T20:15:41+00:00
2026-09-30T20:16:17.495727+00:00,tennis_atp_japan_open,bd913db5c5606c52b283feaa80665f42,Taylor Fritz,Jaume Munar,livescorebet,h2h,1.33,3.3,2026-09-30T20:16:11+00:00
2026-09-30T20:16:17.495727+00:00,tennis_atp_japan_open,bd913db5c5606c52b283feaa80665f42,Taylor Fritz,Jaume Munar,matchbook,h2h,1.34,3.8,2026-09-30T20:16:12+00:00
2026-09-30T20:16:17.495727+00:00,tennis_atp_japan_open,bd913db5c5606c52b283feaa80665f42,Taylor Fritz,Jaume Munar,paddypower,h2h,1.3,3.2,2026-09-30T20:15:41+00:00
2026-09-30T20:16:17.495727+00:00,tennis_atp_japan_open,bd913db5c5606c52b283feaa80665f42,Taylor Fritz,Jaume Munar,skybet,h2h,1.3,3.2,2026-09-30T20:16:11+00:00
2026-09-30T20:16:17.495727+00:00,tennis_atp_japan_open,bd913db5c5606c52b283feaa80665f42,Taylor Fritz,Jaume Munar,sport888,h2h,1.33,3.3,2026-09-30T20:15:56+00:00
2026-09-30T20:16:17.495727+00:00,tennis_atp_japan_open,bd913db5c5606c52b283feaa80665f42,Taylor Fritz,Jaume Munar,unibet_uk,h2h,1.32,3.4,2026-09-30T20:14:51+00:00
2026-09-30T20:16:17.495727+00:00,tennis_atp_japan_open,bd913db5c5606c52b283feaa80665f42,Taylor Fritz,Jaume Munar,virginbet,h2h,1.33,3.3,2026-09-30T20:15:39+00:00
2026-09-30T20:16:17.495727+00:00,tennis_atp_japan_open,bd913db5c5606c52b283feaa80665f42,Taylor Fritz,Jaume Munar,williamhill,h2h,1.33,3.3,2026-09-30T20:16:13+00:00
2026-09-30T20:16:17.495727+00:00,tennis_atp_japan_open,150be9ac3e148ecdc824890bed898996,Kei Nishikori,Frances Tiafoe,betfair_ex_uk,h2h,5.0,1.24,2026-09-30T20:16:12+00:00
2026-09-30T20:16:17.495727+00:00,tennis_atp_japan_open,150be9ac3e148ecdc824890bed898996,Kei Nishikori,Frances Tiafoe,betano_uk,h2h,3.75,1.22,2026-09-30T20:16:07+00:00
2026-09-30T20:16:17.495727+00:00,tennis_atp_japan_open,150be9ac3e148ecdc824890bed898996,Kei Nishikori,Frances Tiafoe,betfair_sb_uk,h2h,4.5,1.2,2026-09-30T20:15:44+00:00
2026-09-30T20:16:17.495727+00:00,tennis_atp_japan_open,150be9ac3e148ecdc824890bed898996,Kei Nishikori,Frances Tiafoe,betvictor,h2h,3.75,1.22,2026-09-30T20:15:05+00:00
2026-09-30T20:16:17.495727+00:00,tennis_atp_japan_open,150be9ac3e148ecdc824890bed898996,Kei Nishikori,Frances Tiafoe,betway,h2h,4.25,1.22,2026-09-30T20:16:12+00:00
2026-09-30T20:16:17.495727+00:00,tennis_atp_japan_open,150be9ac3e148ecdc824890bed898996,Kei Nishikori,Frances Tiafoe,boylesports,h2h,4.33,1.22,2026-09-30T20:16:14+00:00
2026-09-30T20:16:17.495727+00:00,tennis_atp_japan_open,150be9ac3e148ecdc824890bed898996,Kei Nishikori,Frances Tiafoe,casumo,h2h,4.2,1.23,2026-09-30T20:15:40+00:00
2026-09-30T20:16:17.495727+00:00,tennis_atp_japan_open,150be9ac3e148ecdc824890bed898996,Kei Nishikori,Frances Tiafoe,coral,h2h,4.0,1.22,2026-09-30T20:15:40+00:00
2026-09-30T20:16:17.495727+00:00,tennis_atp_japan_open,150be9ac3e148ecdc824890bed898996,Kei Nishikori,Frances Tiafoe,grosvenor,h2h,4.2,1.23,2026-09-30T20:16:12+00:00
2026-09-30T20:16:17.495727+00:00,tennis_atp_japan_open,150be9ac3e148ecdc824890bed898996,Kei Nishikori,Frances Tiafoe,ladbrokes_uk,h2h,4.0,1.22,2026-09-30T20:15:40+00:00
2026-09-30T20:16:17.495727+00:00,tennis_atp_japan_open,150be9ac3e148ecdc824890bed898996,Kei Nishikori,Frances Tiafoe,leovegas,h2h,4.3,1.2,2026-09-30T20:15:41+00:00
2026-09-30T20:16:17.495727+00:00,tennis_atp_japan_open,150be9ac3e148ecdc824890bed898996,Kei Nishikori,Frances Tiafoe,livescorebet,h2h,4.2,1.23,2026-09-30T20:16:11+00:00
2026-09-30T20:16:17.495727+00:00,tennis_atp_japan_open,150be9ac3e148ecdc824890bed898996,Kei Nishikori,Frances Tiafoe,matchbook,h2h,5.0,1.24,2026-09-30T20:16:12+00:00
2026-09-30T20:16:17.495727+00:00,tennis_atp_japan_open,150be9ac3e148ecdc824890bed898996,Kei Nishikori,Frances Tiafoe,paddypower,h2h,4.5,1.17,2026-09-30T20:15:41+00:00
2026-09-30T20:16:17.495727+00:00,tennis_atp_japan_open,150be9ac3e148ecdc824890bed898996,Kei Nishikori,Frances Tiafoe,skybet,h2h,4.5,1.17,2026-09-30T20:16:12+00:00
2026-09-30T20:16:17.495727+00:00,tennis_atp_japan_open,150be9ac3e148ecdc824890bed898996,Kei Nishikori,Frances Tiafoe,sport888,h2h,4.2,1.22,2026-09-30T20:15:56+00:00
2026-09-30T20:16:17.495727+00:00,tennis_atp_japan_open,150be9ac3e148ecdc824890bed898996,Kei Nishikori,Frances Tiafoe,unibet_uk,h2h,4.4,1.22,2026-09-30T20:14:51+00:00
2026-09-30T20:16:17.495727+00:00,tennis_atp_japan_open,150be9ac3e148ecdc824890bed898996,Kei Nishikori,Frances Tiafoe,virginbet,h2h,4.2,1.23,2026-09-30T20:15:39+00:00
2026-09-30T20:16:17.495727+00:00,tennis_atp_japan_open,150be9ac3e148ecdc824890bed898996,Kei Nishikori,Frances Tiafoe,williamhill,h2h,4.2,1.22,2026-09-30T20:16:13+00:00
2026-09-30T20:16:17.495727+00:00,tennis_atp_japan_open,38ffa72914becb0a7541e73396596e3d,Holger Rune,Kyrian Jacquet,betfair_ex_uk,h2h,1.58,2.68,2026-09-30T20:16:12+00:00
2026-09-30T20:16:17.495727+00:00,tennis_atp_japan_open,38ffa72914becb0a7541e73396596e3d,Holger Rune,Kyrian Jacquet,betano_uk,h2h,1.53,2.38,2026-09-30T20:16:07+00:00
2026-09-30T20:16:17.495727+00:00,tennis_atp_japan_open,38ffa72914becb0a7541e73396596e3d,Holger Rune,Kyrian Jacquet,betfair_sb_uk,h2h,1.57,2.38,2026-09-30T20:15:44+00:00
2026-09-30T20:16:17.495727+00:00,tennis_atp_japan_open,38ffa72914becb0a7541e73396596e3d,Holger Rune,Kyrian Jacquet,betvictor,h2h,1.53,2.38,2026-09-30T20:15:05+00:00
2026-09-30T20:16:17.495727+00:00,tennis_atp_japan_open,38ffa72914becb0a7541e73396596e3d,Holger Rune,Kyrian Jacquet,betway,h2h,1.55,2.4,2026-09-30T20:16:12+00:00
2026-09-30T20:16:17.495727+00:00,tennis_atp_japan_open,38ffa72914becb0a7541e73396596e3d,Holger Rune,Kyrian Jacquet,boylesports,h2h,1.57,2.38,2026-09-30T20:16:14+00:00
2026-09-30T20:16:17.495727+00:00,tennis_atp_japan_open,38ffa72914becb0a7541e73396596e3d,Holger Rune,Kyrian Jacquet,casumo,h2h,1.54,2.48,2026-09-30T20:15:40+00:00
2026-09-30T20:16:17.495727+00:00,tennis_atp_japan_open,38ffa72914becb0a7541e73396596e3d,Holger Rune,Kyrian Jacquet,coral,h2h,1.53,2.4,2026-09-30T20:15:40+00:00
2026-09-30T20:16:17.495727+00:00,tennis_atp_japan_open,38ffa72914becb0a7541e73396596e3d,Holger Rune,Kyrian Jacquet,grosvenor,h2h,1.54,2.48,2026-09-30T20:16:12+00:00
2026-09-30T20:16:17.495727+00:00,tennis_atp_japan_open,38ffa72914becb0a7541e73396596e3d,Holger Rune,Kyrian Jacquet,ladbrokes_uk,h2h,1.53,2.4,2026-09-30T20:15:40+00:00
2026-09-30T20:16:17.495727+00:00,tennis_atp_japan_open,38ffa72914becb0a7541e73396596e3d,Holger Rune,Kyrian Jacquet,leovegas,h2h,1.53,2.45,2026-09-30T20:15:41+00:00
2026-09-30T20:16:17.495727+00:00,tennis_atp_japan_open,38ffa72914becb0a7541e73396596e3d,Holger Rune,Kyrian Jacquet,livescorebet,h2h,1.54,2.48,2026-09-30T20:16:11+00:00
2026-09-30T20:16:17.495727+00:00,tennis_atp_japan_open,38ffa72914becb0a7541e73396596e3d,Holger Rune,Kyrian Jacquet,matchbook,h2h,1.58,2.68,2026-09-30T20:16:12+00:00
2026-09-30T20:16:17.495727+00:00,tennis_atp_japan_open,38ffa72914becb0a7541e73396596e3d,Holger Rune,Kyrian Jacquet,paddypower,h2h,1.53,2.38,2026-09-30T20:15:41+00:00
2026-09-30T20:16:17.495727+00:00,tennis_atp_japan_open,38ffa72914becb0a7541e73396596e3d,Holger Rune,Kyrian Jacquet,skybet,h2h,1.53,2.38,2026-09-30T20:16:12+00:00
2026-09-30T20:16:17.495727+00:00,tennis_atp_japan_open,38ffa72914becb0a7541e73396596e3d,Holger Rune,Kyrian Jacquet,sport888,h2h,1.57,2.38,2026-09-30T20:15:56+00:00
2026-09-30T20:16:17.495727+00:00,tennis_atp_japan_open,38ffa72914becb0a7541e73396596e3d,Holger Rune,Kyrian Jacquet,unibet_uk,h2h,1.55,2.48,2026-09-30T20:14:51+00:00
2026-09-30T20:16:17.495727+00:00,tennis_atp_japan_open,38ffa72914becb0a7541e73396596e3d,Holger Rune,Kyrian Jacquet,virginbet,h2h,1.54,2.48,2026-09-30T20:15:39+00:00
2026-09-30T20:16:17.495727+00:00,tennis_atp_japan_open,38ffa72914becb0a7541e73396596e3d,Holger Rune,Kyrian Jacquet,williamhill,h2h,1.57,2.38,2026-09-30T20:16:13+00:00
2026-09-30T20:16:17.495727+00:00,tennis_atp_japan_open,de4c813cd2aaa6863d98ebc68a30defc,Tomas Martin Etcheverry,Stefanos Tsitsipas,betfair_ex_uk,h2h,3.7,1.37,2026-09-30T20:16:12+00:00
2026-09-30T20:16:17.495727+00:00,tennis_atp_japan_open,de4c813cd2aaa6863d98ebc68a30defc,Tomas Martin Etcheverry,Stefanos Tsitsipas,betano_uk,h2h,3.2,1.3,2026-09-30T20:16:07+00:00
2026-09-30T20:16:17.495727+00:00,tennis_atp_japan_open,de4c813cd2aaa6863d98ebc68a30defc,Tomas Martin Etcheverry,Stefanos Tsitsipas,betfair_sb_uk,h2h,3.4,1.3,2026-09-30T20:15:44+00:00
2026-09-30T20:16:17.495727+00:00,tennis_atp_japan_open,de4c813cd2aaa6863d98ebc68a30defc,Tomas Martin Etcheverry,Stefanos Tsitsipas,betvictor,h2h,3.2,1.3,2026-09-30T20:15:05+00:00
2026-09-30T20:16:17.495727+00:00,tennis_atp_japan_open,de4c813cd2aaa6863d98ebc68a30defc,Tomas Martin Etcheverry,Stefanos Tsitsipas,betway,h2h,3.5,1.3,2026-09-30T20:16:12+00:00
2026-09-30T20:16:17.495727+00:00,tennis_atp_japan_open,de4c813cd2aaa6863d98ebc68a30defc,Tomas Martin Etcheverry,Stefanos Tsitsipas,boylesports,h2h,3.4,1.33,2026-09-30T20:16:14+00:00
2026-09-30T20:16:17.495727+00:00,tennis_atp_japan_open,de4c813cd2aaa6863d98ebc68a30defc,Tomas Martin Etcheverry,Stefanos Tsitsipas,casumo,h2h,3.35,1.32,2026-09-30T20:15:40+00:00
2026-09-30T20:16:17.495727+00:00,tennis_atp_japan_open,de4c813cd2aaa6863d98ebc68a30defc,Tomas Martin Etcheverry,Stefanos Tsitsipas,coral,h2h,3.4,1.3,2026-09-30T20:15:40+00:00
2026-09-30T20:16:17.495727+00:00,tennis_atp_japan_open,de4c813cd2aaa6863d98ebc68a30defc,Tomas Martin Etcheverry,Stefanos Tsitsipas,grosvenor,h2h,3.35,1.32,2026-09-30T20:16:12+00:00
2026-09-30T20:16:17.495727+00:00,tennis_atp_japan_open,de4c813cd2aaa6863d98ebc68a30defc,Tomas Martin Etcheverry,Stefanos Tsitsipas,ladbrokes_uk,h2h,3.4,1.3,2026-09-30T20:15:40+00:00
2026-09-30T20:16:17.495727+00:00,tennis_atp_japan_open,de4c813cd2aaa6863d98ebc68a30defc,Tomas Martin Etcheverry,Stefanos Tsitsipas,leovegas,h2h,3.45,1.3,2026-09-30T20:15:41+00:00
2026-09-30T20:16:17.495727+00:00,tennis_atp_japan_open,de4c813cd2aaa6863d98ebc68a30defc,Tomas Martin Etcheverry,Stefanos Tsitsipas,livescorebet,h2h,3.35,1.32,2026-09-30T20:16:12+00:00
2026-09-30T20:16:17.495727+00:00,tennis_atp_japan_open,de4c813cd2aaa6863d98ebc68a30defc,Tomas Martin Etcheverry,Stefanos Tsitsipas,matchbook,h2h,3.7,1.37,2026-09-30T20:16:12+00:00
2026-09-30T20:16:17.495727+00:00,tennis_atp_japan_open,de4c813cd2aaa6863d98ebc68a30defc,Tomas Martin Etcheverry,Stefanos Tsitsipas,paddypower,h2h,3.25,1.29,2026-09-30T20:15:41+00:00
2026-09-30T20:16:17.495727+00:00,tennis_atp_japan_open,de4c813cd2aaa6863d98ebc68a30defc,Tomas Martin Etcheverry,Stefanos Tsitsipas,skybet,h2h,3.25,1.29,2026-09-30T20:16:12+00:00
2026-09-30T20:16:17.495727+00:00,tennis_atp_japan_open,de4c813cd2aaa6863d98ebc68a30defc,Tomas Martin Etcheverry,Stefanos Tsitsipas,sport888,h2h,3.3,1.33,2026-09-30T20:15:56+00:00
2026-09-30T20:16:17.495727+00:00,tennis_atp_japan_open,de4c813cd2aaa6863d98ebc68a30defc,Tomas Martin Etcheverry,Stefanos Tsitsipas,unibet_uk,h2h,3.5,1.32,2026-09-30T20:14:51+00:00
2026-09-30T20:16:17.495727+00:00,tennis_atp_japan_open,de4c813cd2aaa6863d98ebc68a30defc,Tomas Martin Etcheverry,Stefanos Tsitsipas,virginbet,h2h,3.35,1.32,2026-09-30T20:15:39+00:00
2026-09-30T20:16:17.495727+00:00,tennis_atp_japan_open,de4c813cd2aaa6863d98ebc68a30defc,Tomas Martin Etcheverry,Stefanos Tsitsipas,williamhill,h2h,3.3,1.33,2026-09-30T20:16:13+00:00
2026-09-30T20:16:17.495727+00:00,tennis_atp_japan_open,f4c24c41c66d5ecb136d40ee73c7d089,Denis Shapovalov,Sho Shimabukuro,betfair_ex_uk,h2h,1.35,3.75,2026-09-30T20:16:12+00:00
2026-09-30T20:16:17.495727+00:00,tennis_atp_japan_open,f4c24c41c66d5ecb136d40ee73c7d089,Denis Shapovalov,Sho Shimabukuro,betano_uk,h2h,1.3,3.25,2026-09-30T20:16:07+00:00
2026-09-30T20:16:17.495727+00:00,tennis_atp_japan_open,f4c24c41c66d5ecb136d40ee73c7d089,Denis Shapovalov,Sho Shimabukuro,betvictor,h2h,1.3,3.25,2026-09-30T20:15:05+00:00
2026-09-30T20:16:17.495727+00:00,tennis_atp_japan_open,f4c24c41c66d5ecb136d40ee73c7d089,Denis Shapovalov,Sho Shimabukuro,betway,h2h,1.3,3.5,2026-09-30T20:16:12+00:00
2026-09-30T20:16:17.495727+00:00,tennis_atp_japan_open,f4c24c41c66d5ecb136d40ee73c7d089,Denis Shapovalov,Sho Shimabukuro,boylesports,h2h,1.33,3.4,2026-09-30T20:16:14+00:00
2026-09-30T20:16:17.495727+00:00,tennis_atp_japan_open,f4c24c41c66d5ecb136d40ee73c7d089,Denis Shapovalov,Sho Shimabukuro,casumo,h2h,1.28,3.65,2026-09-30T20:15:40+00:00
2026-09-30T20:16:17.495727+00:00,tennis_atp_japan_open,f4c24c41c66d5ecb136d40ee73c7d089,Denis Shapovalov,Sho Shimabukuro,coral,h2h,1.3,3.4,2026-09-30T20:15:40+00:00
2026-09-30T20:16:17.495727+00:00,tennis_atp_japan_open,f4c24c41c66d5ecb136d40ee73c7d089,Denis Shapovalov,Sho Shimabukuro,grosvenor,h2h,1.28,3.65,2026-09-30T20:16:12+00:00
2026-09-30T20:16:17.495727+00:00,tennis_atp_japan_open,f4c24c41c66d5ecb136d40ee73c7d089,Denis Shapovalov,Sho Shimabukuro,ladbrokes_uk,h2h,1.3,3.4,2026-09-30T20:15:41+00:00
2026-09-30T20:16:17.495727+00:00,tennis_atp_japan_open,f4c24c41c66d5ecb136d40ee73c7d089,Denis Shapovalov,Sho Shimabukuro,leovegas,h2h,1.3,3.45,2026-09-30T20:15:41+00:00
2026-09-30T20:16:17.495727+00:00,tennis_atp_japan_open,f4c24c41c66d5ecb136d40ee73c7d089,Denis Shapovalov,Sho Shimabukuro,livescorebet,h2h,1.28,3.65,2026-09-30T20:16:12+00:00
2026-09-30T20:16:17.495727+00:00,tennis_atp_japan_open,f4c24c41c66d5ecb136d40ee73c7d089,Denis Shapovalov,Sho Shimabukuro,matchbook,h2h,1.35,3.75,2026-09-30T20:16:12+00:00
2026-09-30T20:16:17.495727+00:00,tennis_atp_japan_open,f4c24c41c66d5ecb136d40ee73c7d089,Denis Shapovalov,Sho Shimabukuro,paddypower,h2h,1.29,3.25,2026-09-30T20:15:41+00:00
2026-09-30T20:16:17.495727+00:00,tennis_atp_japan_open,f4c24c41c66d5ecb136d40ee73c7d089,Denis Shapovalov,Sho Shimabukuro,skybet,h2h,1.29,3.25,2026-09-30T20:16:12+00:00
2026-09-30T20:16:17.495727+00:00,tennis_atp_japan_open,f4c24c41c66d5ecb136d40ee73c7d089,Denis Shapovalov,Sho Shimabukuro,sport888,h2h,1.33,3.3,2026-09-30T20:15:56+00:00
2026-09-30T20:16:17.495727+00:00,tennis_atp_japan_open,f4c24c41c66d5ecb136d40ee73c7d089,Denis Shapovalov,Sho Shimabukuro,unibet_uk,h2h,1.3,3.5,2026-09-30T20:14:51+00:00
2026-09-30T20:16:17.495727+00:00,tennis_atp_japan_open,f4c24c41c66d5ecb136d40ee73c7d089,Denis Shapovalov,Sho Shimabukuro,virginbet,h2h,1.28,3.65,2026-09-30T20:15:39+00:00
2026-09-30T20:16:17.495727+00:00,tennis_atp_japan_open,f4c24c41c66d5ecb136d40ee73c7d089,Denis Shapovalov,Sho Shimabukuro,williamhill,h2h,1.33,3.3,2026-09-30T20:16:13+00:00
2026-09-30T20:16:17.495727+00:00,tennis_atp_japan_open,124680a13038b2d61621ea996617ac43,Alejandro Davidovich Fokina,Matteo Berrettini,betfair_ex_uk,h2h,1.73,2.34,2026-09-30T20:16:12+00:00
2026-09-30T20:16:17.495727+00:00,tennis_atp_japan_open,124680a13038b2d61621ea996617ac43,Alejandro Davidovich Fokina,Matteo Berrettini,betano_uk,h2h,1.61,2.2,2026-09-30T20:16:07+00:00
2026-09-30T20:16:17.495727+00:00,tennis_atp_japan_open,124680a13038b2d61621ea996617ac43,Alejandro Davidovich Fokina,Matteo Berrettini,betvictor,h2h,1.61,2.2,2026-09-30T20:15:05+00:00
2026-09-30T20:16:17.495727+00:00,tennis_atp_japan_open,124680a13038b2d61621ea996617ac43,Alejandro Davidovich Fokina,Matteo Berrettini,betway,h2h,1.65,2.25,2026-09-30T20:16:12+00:00
2026-09-30T20:16:17.495727+00:00,tennis_atp_japan_open,124680a13038b2d61621ea996617ac43,Alejandro Davidovich Fokina,Matteo Berrettini,boylesports,h2h,1.67,2.2,2026-09-30T20:16:14+00:00
2026-09-30T20:16:17.495727+00:00,tennis_atp_japan_open,124680a13038b2d61621ea996617ac43,Alejandro Davidovich Fokina,Matteo Berrettini,casumo,h2h,1.65,2.23,2026-09-30T20:15:40+00:00
2026-09-30T20:16:17.495727+00:00,tennis_atp_japan_open,124680a13038b2d61621ea996617ac43,Alejandro Davidovich Fokina,Matteo Berrettini,coral,h2h,1.65,2.15,2026-09-30T20:15:40+00:00
2026-09-30T20:16:17.495727+00:00,tennis_atp_japan_open,124680a13038b2d61621ea996617ac43,Alejandro Davidovich Fokina,Matteo Berrettini,grosvenor,h2h,1.65,2.23,2026-09-30T20:16:12+00:00
2026-09-30T20:16:17.495727+00:00,tennis_atp_japan_open,124680a13038b2d61621ea996617ac43,Alejandro Davidovich Fokina,Matteo Berrettini,ladbrokes_uk,h2h,1.65,2.15,2026-09-30T20:15:40+00:00
2026-09-30T20:16:17.495727+00:00,tennis_atp_japan_open,124680a13038b2d61621ea996617ac43,Alejandro Davidovich Fokina,Matteo Berrettini,leovegas,h2h,1.65,2.2,2026-09-30T20:15:41+00:00
2026-09-30T20:16:17.495727+00:00,tennis_atp_japan_open,124680a13038b2d61621ea996617ac43,Alejandro Davidovich Fokina,Matteo Berrettini,livescorebet,h2h,1.65,2.23,2026-09-30T20:16:12+00:00
2026-09-30T20:16:17.495727+00:00,tennis_atp_japan_open,124680a13038b2d61621ea996617ac43,Alejandro Davidovich Fokina,Matteo Berrettini,matchbook,h2h,1.73,2.34,2026-09-30T20:16:12+00:00
2026-09-30T20:16:17.495727+00:00,tennis_atp_japan_open,124680a13038b2d61621ea996617ac43,Alejandro Davidovich Fokina,Matteo Berrettini,paddypower,h2h,1.62,2.2,2026-09-30T20:15:41+00:00
2026-09-30T20:16:17.495727+00:00,tennis_atp_japan_open,124680a13038b2d61621ea996617ac43,Alejandro Davidovich Fokina,Matteo Berrettini,skybet,h2h,1.62,2.2,2026-09-30T20:16:12+00:00
2026-09-30T20:16:17.495727+00:00,tennis_atp_japan_open,124680a13038b2d61621ea996617ac43,Alejandro Davidovich Fokina,Matteo Berrettini,sport888,h2h,1.67,2.2,2026-09-30T20:15:56+00:00
2026-09-30T20:16:17.495727+00:00,tennis_atp_japan_open,124680a13038b2d61621ea996617ac43,Alejandro Davidovich Fokina,Matteo Berrettini,unibet_uk,h2h,1.64,2.21,2026-09-30T20:14:51+00:00
2026-09-30T20:16:17.495727+00:00,tennis_atp_japan_open,124680a13038b2d61621ea996617ac43,Alejandro Davidovich Fokina,Matteo Berrettini,virginbet,h2h,1.65,2.23,2026-09-30T20:15:39+00:00
2026-09-30T20:16:17.495727+00:00,tennis_atp_japan_open,124680a13038b2d61621ea996617ac43,Alejandro Davidovich Fokina,Matteo Berrettini,williamhill,h2h,1.67,2.2,2026-09-30T20:16:13+00:00
2026-09-30T20:16:17.495727+00:00,tennis_atp_japan_open,d700980c8b97f7b97b85b0698f5b3824,Carlos Alcaraz,Alex Michelsen,betfair_ex_uk,h2h,1.2,5.8,2026-09-30T20:16:12+00:00
2026-09-30T20:16:17.495727+00:00,tennis_atp_japan_open,d700980c8b97f7b97b85b0698f5b3824,Carlos Alcaraz,Alex Michelsen,betano_uk,h2h,1.17,4.5,2026-09-30T20:16:07+00:00
2026-09-30T20:16:17.495727+00:00,tennis_atp_japan_open,d700980c8b97f7b97b85b0698f5b3824,Carlos Alcaraz,Alex Michelsen,betvictor,h2h,1.17,4.5,2026-09-30T20:15:05+00:00
2026-09-30T20:16:17.495727+00:00,tennis_atp_japan_open,d700980c8b97f7b97b85b0698f5b3824,Carlos Alcaraz,Alex Michelsen,betway,h2h,1.15,5.25,2026-09-30T20:16:12+00:00
2026-09-30T20:16:17.495727+00:00,tennis_atp_japan_open,d700980c8b97f7b97b85b0698f5b3824,Carlos Alcaraz,Alex Michelsen,boylesports,h2h,1.14,5.5,2026-09-30T20:16:14+00:00
2026-09-30T20:16:17.495727+00:00,tennis_atp_japan_open,d700980c8b97f7b97b85b0698f5b3824,Carlos Alcaraz,Alex Michelsen,casumo,h2h,1.17,5.1,2026-09-30T20:15:40+00:00
2026-09-30T20:16:17.495727+00:00,tennis_atp_japan_open,d700980c8b97f7b97b85b0698f5b3824,Carlos Alcaraz,Alex Michelsen,coral,h2h,1.15,5.0,2026-09-30T20:15:40+00:00
2026-09-30T20:16:17.495727+00:00,tennis_atp_japan_open,d700980c8b97f7b97b85b0698f5b3824,Carlos Alcaraz,Alex Michelsen,grosvenor,h2h,1.17,5.1,2026-09-30T20:16:12+00:00
2026-09-30T20:16:17.495727+00:00,tennis_atp_japan_open,d700980c8b97f7b97b85b0698f5b3824,Carlos Alcaraz,Alex Michelsen,ladbrokes_uk,h2h,1.15,5.0,2026-09-30T20:15:41+00:00
2026-09-30T20:16:17.495727+00:00,tennis_atp_japan_open,d700980c8b97f7b97b85b0698f5b3824,Carlos Alcaraz,Alex Michelsen,leovegas,h2h,1.16,5.0,2026-09-30T20:15:41+00:00
2026-09-30T20:16:17.495727+00:00,tennis_atp_japan_open,d700980c8b97f7b97b85b0698f5b3824,Carlos Alcaraz,Alex Michelsen,livescorebet,h2h,1.17,5.1,2026-09-30T20:16:12+00:00
2026-09-30T20:16:17.495727+00:00,tennis_atp_japan_open,d700980c8b97f7b97b85b0698f5b3824,Carlos Alcaraz,Alex Michelsen,matchbook,h2h,1.2,5.8,2026-09-30T20:16:12+00:00
2026-09-30T20:16:17.495727+00:00,tennis_atp_japan_open,d700980c8b97f7b97b85b0698f5b3824,Carlos Alcaraz,Alex Michelsen,paddypower,h2h,1.14,5.0,2026-09-30T20:15:41+00:00
2026-09-30T20:16:17.495727+00:00,tennis_atp_japan_open,d700980c8b97f7b97b85b0698f5b3824,Carlos Alcaraz,Alex Michelsen,skybet,h2h,1.14,5.0,2026-09-30T20:16:12+00:00
2026-09-30T20:16:17.495727+00:00,tennis_atp_japan_open,d700980c8b97f7b97b85b0698f5b3824,Carlos Alcaraz,Alex Michelsen,sport888,h2h,1.17,5.0,2026-09-30T20:15:56+00:00
2026-09-30T20:16:17.495727+00:00,tennis_atp_japan_open,d700980c8b97f7b97b85b0698f5b3824,Carlos Alcaraz,Alex Michelsen,unibet_uk,h2h,1.17,4.9,2026-09-30T20:14:51+00:00
2026-09-30T20:16:17.495727+00:00,tennis_atp_japan_open,d700980c8b97f7b97b85b0698f5b3824,Carlos Alcaraz,Alex Michelsen,virginbet,h2h,1.17,5.1,2026-09-30T20:15:39+00:00
2026-09-30T20:16:17.495727+00:00,tennis_atp_japan_open,d700980c8b97f7b97b85b0698f5b3824,Carlos Alcaraz,Alex Michelsen,williamhill,h2h,1.17,5.0,2026-09-30T20:16:13+00:00
2026-09-30T20:16:17.495727+00:00,tennis_atp_japan_open,07374dce8b25328307e583cea38d3b07,Adolfo Daniel Vallejo,Rafael Jodar,betfair_ex_uk,h2h,4.6,1.26,2026-09-30T20:16:12+00:00
2026-09-30T20:16:17.495727+00:00,tennis_atp_japan_open,07374dce8b25328307e583cea38d3b07,Adolfo Daniel Vallejo,Rafael Jodar,betano_uk,h2h,4.0,1.2,2026-09-30T20:16:07+00:00
2026-09-30T20:16:17.495727+00:00,tennis_atp_japan_open,07374dce8b25328307e583cea38d3b07,Adolfo Daniel Vallejo,Rafael Jodar,betvictor,h2h,4.0,1.2,2026-09-30T20:15:05+00:00
2026-09-30T20:16:17.495727+00:00,tennis_atp_japan_open,07374dce8b25328307e583cea38d3b07,Adolfo Daniel Vallejo,Rafael Jodar,betway,h2h,4.5,1.2,2026-09-30T20:16:12+00:00
2026-09-30T20:16:17.495727+00:00,tennis_atp_japan_open,07374dce8b25328307e583cea38d3b07,Adolfo Daniel Vallejo,Rafael Jodar,boylesports,h2h,4.5,1.22,2026-09-30T20:16:14+00:00
2026-09-30T20:16:17.495727+00:00,tennis_atp_japan_open,07374dce8b25328307e583cea38d3b07,Adolfo Daniel Vallejo,Rafael Jodar,casumo,h2h,4.5,1.2,2026-09-30T20:15:40+00:00
2026-09-30T20:16:17.495727+00:00,tennis_atp_japan_open,07374dce8b25328307e583cea38d3b07,Adolfo Daniel Vallejo,Rafael Jodar,coral,h2h,4.2,1.2,2026-09-30T20:15:40+00:00
2026-09-30T20:16:17.495727+00:00,tennis_atp_japan_open,07374dce8b25328307e583cea38d3b07,Adolfo Daniel Vallejo,Rafael Jodar,grosvenor,h2h,4.5,1.2,2026-09-30T20:16:12+00:00
2026-09-30T20:16:17.495727+00:00,tennis_atp_japan_open,07374dce8b25328307e583cea38d3b07,Adolfo Daniel Vallejo,Rafael Jodar,ladbrokes_uk,h2h,4.2,1.2,2026-09-30T20:15:41+00:00
2026-09-30T20:16:17.495727+00:00,tennis_atp_japan_open,07374dce8b25328307e583cea38d3b07,Adolfo Daniel Vallejo,Rafael Jodar,leovegas,h2h,4.35,1.2,2026-09-30T20:15:41+00:00
2026-09-30T20:16:17.495727+00:00,tennis_atp_japan_open,07374dce8b25328307e583cea38d3b07,Adolfo Daniel Vallejo,Rafael Jodar,livescorebet,h2h,4.5,1.2,2026-09-30T20:16:12+00:00
2026-09-30T20:16:17.495727+00:00,tennis_atp_japan_open,07374dce8b25328307e583cea38d3b07,Adolfo Daniel Vallejo,Rafael Jodar,matchbook,h2h,4.6,1.26,2026-09-30T20:16:12+00:00
2026-09-30T20:16:17.495727+00:00,tennis_atp_japan_open,07374dce8b25328307e583cea38d3b07,Adolfo Daniel Vallejo,Rafael Jodar,paddypower,h2h,4.0,1.2,2026-09-30T20:15:41+00:00
2026-09-30T20:16:17.495727+00:00,tennis_atp_japan_open,07374dce8b25328307e583cea38d3b07,Adolfo Daniel Vallejo,Rafael Jodar,skybet,h2h,4.0,1.2,2026-09-30T20:16:12+00:00
2026-09-30T20:16:17.495727+00:00,tennis_atp_japan_open,07374dce8b25328307e583cea38d3b07,Adolfo Daniel Vallejo,Rafael Jodar,sport888,h2h,4.2,1.22,2026-09-30T20:15:56+00:00
2026-09-30T20:16:17.495727+00:00,tennis_atp_japan_open,07374dce8b25328307e583cea38d3b07,Adolfo Daniel Vallejo,Rafael Jodar,unibet_uk,h2h,4.4,1.2,2026-09-30T20:14:51+00:00
2026-09-30T20:16:17.495727+00:00,tennis_atp_japan_open,07374dce8b25328307e583cea38d3b07,Adolfo Daniel Vallejo,Rafael Jodar,virginbet,h2h,4.5,1.2,2026-09-30T20:15:39+00:00
2026-09-30T20:16:17.495727+00:00,tennis_atp_japan_open,07374dce8b25328307e583cea38d3b07,Adolfo Daniel Vallejo,Rafael Jodar,williamhill,h2h,4.2,1.22,2026-09-30T20:16:13+00:00
2026-09-30T20:16:17.495727+00:00,tennis_wta_china_open,08940f5da7dc81ecbf2ab4828f6a4c0c,Yuliia Starodubtseva,Alina Charaeva,betfair_ex_uk,h2h,1.7,2.4,2026-09-30T20:16:14+00:00
2026-09-30T20:16:17.495727+00:00,tennis_wta_china_open,08940f5da7dc81ecbf2ab4828f6a4c0c,Yuliia Starodubtseva,Alina Charaeva,betano_uk,h2h,1.6,2.2,2026-09-30T20:14:29+00:00
2026-09-30T20:16:17.495727+00:00,tennis_wta_china_open,08940f5da7dc81ecbf2ab4828f6a4c0c,Yuliia Starodubtseva,Alina Charaeva,betfair_sb_uk,h2h,1.62,2.25,2026-09-30T20:15:22+00:00
2026-09-30T20:16:17.495727+00:00,tennis_wta_china_open,08940f5da7dc81ecbf2ab4828f6a4c0c,Yuliia Starodubtseva,Alina Charaeva,betvictor,h2h,1.6,2.2,2026-09-30T20:13:20+00:00
2026-09-30T20:16:17.495727+00:00,tennis_wta_china_open,08940f5da7dc81ecbf2ab4828f6a4c0c,Yuliia Starodubtseva,Alina Charaeva,betway,h2h,1.65,2.25,2026-09-30T20:15:58+00:00
2026-09-30T20:16:17.495727+00:00,tennis_wta_china_open,08940f5da7dc81ecbf2ab4828f6a4c0c,Yuliia Starodubtseva,Alina Charaeva,boylesports,h2h,1.57,2.38,2026-09-30T20:16:12+00:00
2026-09-30T20:16:17.495727+00:00,tennis_wta_china_open,08940f5da7dc81ecbf2ab4828f6a4c0c,Yuliia Starodubtseva,Alina Charaeva,casumo,h2h,1.63,2.28,2026-09-30T20:15:22+00:00
2026-09-30T20:16:17.495727+00:00,tennis_wta_china_open,08940f5da7dc81ecbf2ab4828f6a4c0c,Yuliia Starodubtseva,Alina Charaeva,coral,h2h,1.6,2.2,2026-09-30T20:15:58+00:00
2026-09-30T20:16:17.495727+00:00,tennis_wta_china_open,08940f5da7dc81ecbf2ab4828f6a4c0c,Yuliia Starodubtseva,Alina Charaeva,grosvenor,h2h,1.63,2.28,2026-09-30T20:16:12+00:00
2026-09-30T20:16:17.495727+00:00,tennis_wta_china_open,08940f5da7dc81ecbf2ab4828f6a4c0c,Yuliia Starodubtseva,Alina Charaeva,ladbrokes_uk,h2h,1.6,2.2,2026-09-30T20:15:40+00:00
2026-09-30T20:16:17.495727+00:00,tennis_wta_china_open,08940f5da7dc81ecbf2ab4828f6a4c0c,Yuliia Starodubtseva,Alina Charaeva,leovegas,h2h,1.62,2.25,2026-09-30T20:15:23+00:00
2026-09-30T20:16:17.495727+00:00,tennis_wta_china_open,08940f5da7dc81ecbf2ab4828f6a4c0c,Yuliia Starodubtseva,Alina Charaeva,livescorebet,h2h,1.63,2.28,2026-09-30T20:15:23+00:00
2026-09-30T20:16:17.495727+00:00,tennis_wta_china_open,08940f5da7dc81ecbf2ab4828f6a4c0c,Yuliia Starodubtseva,Alina Charaeva,matchbook,h2h,1.7,2.4,2026-09-30T20:16:12+00:00
2026-09-30T20:16:17.495727+00:00,tennis_wta_china_open,08940f5da7dc81ecbf2ab4828f6a4c0c,Yuliia Starodubtseva,Alina Charaeva,paddypower,h2h,1.62,2.3,2026-09-30T20:15:40+00:00
2026-09-30T20:16:17.495727+00:00,tennis_wta_china_open,08940f5da7dc81ecbf2ab4828f6a4c0c,Yuliia Starodubtseva,Alina Charaeva,skybet,h2h,1.62,2.25,2026-09-30T20:15:22+00:00
2026-09-30T20:16:17.495727+00:00,tennis_wta_china_open,08940f5da7dc81ecbf2ab4828f6a4c0c,Yuliia Starodubtseva,Alina Charaeva,smarkets,h2h,1.67,2.36,2026-09-30T20:15:58+00:00
2026-09-30T20:16:17.495727+00:00,tennis_wta_china_open,08940f5da7dc81ecbf2ab4828f6a4c0c,Yuliia Starodubtseva,Alina Charaeva,sport888,h2h,1.61,2.3,2026-09-30T20:15:23+00:00
2026-09-30T20:16:17.495727+00:00,tennis_wta_china_open,08940f5da7dc81ecbf2ab4828f6a4c0c,Yuliia Starodubtseva,Alina Charaeva,unibet_uk,h2h,1.62,2.25,2026-09-30T20:15:43+00:00
2026-09-30T20:16:17.495727+00:00,tennis_wta_china_open,08940f5da7dc81ecbf2ab4828f6a4c0c,Yuliia Starodubtseva,Alina Charaeva,virginbet,h2h,1.63,2.28,2026-09-30T20:15:23+00:00
2026-09-30T20:16:17.495727+00:00,tennis_wta_china_open,08940f5da7dc81ecbf2ab4828f6a4c0c,Yuliia Starodubtseva,Alina Charaeva,williamhill,h2h,1.62,2.3,2026-09-30T20:16:12+00:00
2026-09-30T20:16:17.495727+00:00,tennis_wta_china_open,53f873d1a51975238b8a55de03609702,Sofia Kenin,Ashlyn Krueger,betfair_ex_uk,h2h,2.54,1.64,2026-09-30T20:16:14+00:00
2026-09-30T20:16:17.495727+00:00,tennis_wta_china_open,53f873d1a51975238b8a55de03609702,Sofia Kenin,Ashlyn Krueger,betano_uk,h2h,2.2,1.6,2026-09-30T20:14:29+00:00
2026-09-30T20:16:17.495727+00:00,tennis_wta_china_open,53f873d1a51975238b8a55de03609702,Sofia Kenin,Ashlyn Krueger,betfair_sb_uk,h2h,2.25,1.62,2026-09-30T20:15:22+00:00
2026-09-30T20:16:17.495727+00:00,tennis_wta_china_open,53f873d1a51975238b8a55de03609702,Sofia Kenin,Ashlyn Krueger,betvictor,h2h,2.2,1.6,2026-09-30T20:13:20+00:00
2026-09-30T20:16:17.495727+00:00,tennis_wta_china_open,53f873d1a51975238b8a55de03609702,Sofia Kenin,Ashlyn Krueger,betway,h2h,2.4,1.55,2026-09-30T20:15:58+00:00
2026-09-30T20:16:17.495727+00:00,tennis_wta_china_open,53f873d1a51975238b8a55de03609702,Sofia Kenin,Ashlyn Krueger,boylesports,h2h,2.38,1.57,2026-09-30T20:16:12+00:00
2026-09-30T20:16:17.495727+00:00,tennis_wta_china_open,53f873d1a51975238b8a55de03609702,Sofia Kenin,Ashlyn Krueger,casumo,h2h,2.43,1.55,2026-09-30T20:15:22+00:00
2026-09-30T20:16:17.495727+00:00,tennis_wta_china_open,53f873d1a51975238b8a55de03609702,Sofia Kenin,Ashlyn Krueger,coral,h2h,2.37,1.53,2026-09-30T20:15:58+00:00
2026-09-30T20:16:17.495727+00:00,tennis_wta_china_open,53f873d1a51975238b8a55de03609702,Sofia Kenin,Ashlyn Krueger,grosvenor,h2h,2.43,1.55,2026-09-30T20:16:12+00:00
2026-09-30T20:16:17.495727+00:00,tennis_wta_china_open,53f873d1a51975238b8a55de03609702,Sofia Kenin,Ashlyn Krueger,ladbrokes_uk,h2h,2.37,1.53,2026-09-30T20:15:40+00:00
2026-09-30T20:16:17.495727+00:00,tennis_wta_china_open,53f873d1a51975238b8a55de03609702,Sofia Kenin,Ashlyn Krueger,leovegas,h2h,2.35,1.57,2026-09-30T20:15:23+00:00
2026-09-30T20:16:17.495727+00:00,tennis_wta_china_open,53f873d1a51975238b8a55de03609702,Sofia Kenin,Ashlyn Krueger,livescorebet,h2h,2.43,1.55,2026-09-30T20:15:23+00:00
2026-09-30T20:16:17.495727+00:00,tennis_wta_china_open,53f873d1a51975238b8a55de03609702,Sofia Kenin,Ashlyn Krueger,matchbook,h2h,2.54,1.64,2026-09-30T20:16:12+00:00
2026-09-30T20:16:17.495727+00:00,tennis_wta_china_open,53f873d1a51975238b8a55de03609702,Sofia Kenin,Ashlyn Krueger,paddypower,h2h,2.38,1.57,2026-09-30T20:15:40+00:00
2026-09-30T20:16:17.495727+00:00,tennis_wta_china_open,53f873d1a51975238b8a55de03609702,Sofia Kenin,Ashlyn Krueger,skybet,h2h,2.38,1.57,2026-09-30T20:15:22+00:00
2026-09-30T20:16:17.495727+00:00,tennis_wta_china_open,53f873d1a51975238b8a55de03609702,Sofia Kenin,Ashlyn Krueger,smarkets,h2h,2.5,1.61,2026-09-30T20:15:58+00:00
2026-09-30T20:16:17.495727+00:00,tennis_wta_china_open,53f873d1a51975238b8a55de03609702,Sofia Kenin,Ashlyn Krueger,sport888,h2h,2.3,1.61,2026-09-30T20:15:23+00:00
2026-09-30T20:16:17.495727+00:00,tennis_wta_china_open,53f873d1a51975238b8a55de03609702,Sofia Kenin,Ashlyn Krueger,unibet_uk,h2h,2.34,1.58,2026-09-30T20:15:43+00:00
2026-09-30T20:16:17.495727+00:00,tennis_wta_china_open,53f873d1a51975238b8a55de03609702,Sofia Kenin,Ashlyn Krueger,virginbet,h2h,2.43,1.55,2026-09-30T20:15:23+00:00
2026-09-30T20:16:17.495727+00:00,tennis_wta_china_open,53f873d1a51975238b8a55de03609702,Sofia Kenin,Ashlyn Krueger,williamhill,h2h,2.3,1.62,2026-09-30T20:16:12+00:00
2026-09-30T20:16:17.495727+00:00,tennis_wta_china_open,3d3077abdfe48b002d129ce81ad27117,Katie Volynets,Robin Montgomery,betfair_ex_uk,h2h,1.82,2.2,2026-09-30T20:16:14+00:00
2026-09-30T20:16:17.495727+00:00,tennis_wta_china_open,3d3077abdfe48b002d129ce81ad27117,Katie Volynets,Robin Montgomery,betano_uk,h2h,1.7,2.05,2026-09-30T20:14:29+00:00
2026-09-30T20:16:17.495727+00:00,tennis_wta_china_open,3d3077abdfe48b002d129ce81ad27117,Katie Volynets,Robin Montgomery,betfair_sb_uk,h2h,1.8,2.0,2026-09-30T20:15:22+00:00
2026-09-30T20:16:17.495727+00:00,tennis_wta_china_open,3d3077abdfe48b002d129ce81ad27117,Katie Volynets,Robin Montgomery,betvictor,h2h,1.7,2.05,2026-09-30T20:13:20+00:00
2026-09-30T20:16:17.495727+00:00,tennis_wta_china_open,3d3077abdfe48b002d129ce81ad27117,Katie Volynets,Robin Montgomery,betway,h2h,1.8,2.0,2026-09-30T20:15:58+00:00
2026-09-30T20:16:17.495727+00:00,tennis_wta_china_open,3d3077abdfe48b002d129ce81ad27117,Katie Volynets,Robin Montgomery,boylesports,h2h,1.8,2.05,2026-09-30T20:16:12+00:00
2026-09-30T20:16:17.495727+00:00,tennis_wta_china_open,3d3077abdfe48b002d129ce81ad27117,Katie Volynets,Robin Montgomery,casumo,h2h,1.73,2.1,2026-09-30T20:15:22+00:00
2026-09-30T20:16:17.495727+00:00,tennis_wta_china_open,3d3077abdfe48b002d129ce81ad27117,Katie Volynets,Robin Montgomery,coral,h2h,1.75,2.0,2026-09-30T20:15:58+00:00
2026-09-30T20:16:17.495727+00:00,tennis_wta_china_open,3d3077abdfe48b002d129ce81ad27117,Katie Volynets,Robin Montgomery,grosvenor,h2h,1.73,2.1,2026-09-30T20:16:12+00:00
2026-09-30T20:16:17.495727+00:00,tennis_wta_china_open,3d3077abdfe48b002d129ce81ad27117,Katie Volynets,Robin Montgomery,ladbrokes_uk,h2h,1.75,2.0,2026-09-30T20:15:40+00:00
2026-09-30T20:16:17.495727+00:00,tennis_wta_china_open,3d3077abdfe48b002d129ce81ad27117,Katie Volynets,Robin Montgomery,leovegas,h2h,1.75,2.05,2026-09-30T20:15:23+00:00
2026-09-30T20:16:17.495727+00:00,tennis_wta_china_open,3d3077abdfe48b002d129ce81ad27117,Katie Volynets,Robin Montgomery,livescorebet,h2h,1.73,2.1,2026-09-30T20:15:23+00:00
2026-09-30T20:16:17.495727+00:00,tennis_wta_china_open,3d3077abdfe48b002d129ce81ad27117,Katie Volynets,Robin Montgomery,matchbook,h2h,1.82,2.2,2026-09-30T20:16:12+00:00
2026-09-30T20:16:17.495727+00:00,tennis_wta_china_open,3d3077abdfe48b002d129ce81ad27117,Katie Volynets,Robin Montgomery,paddypower,h2h,1.83,1.91,2026-09-30T20:15:40+00:00
2026-09-30T20:16:17.495727+00:00,tennis_wta_china_open,3d3077abdfe48b002d129ce81ad27117,Katie Volynets,Robin Montgomery,skybet,h2h,1.83,2.0,2026-09-30T20:15:22+00:00
2026-09-30T20:16:17.495727+00:00,tennis_wta_china_open,3d3077abdfe48b002d129ce81ad27117,Katie Volynets,Robin Montgomery,smarkets,h2h,1.79,2.16,2026-09-30T20:15:58+00:00
2026-09-30T20:16:17.495727+00:00,tennis_wta_china_open,3d3077abdfe48b002d129ce81ad27117,Katie Volynets,Robin Montgomery,sport888,h2h,1.8,2.0,2026-09-30T20:15:23+00:00
2026-09-30T20:16:17.495727+00:00,tennis_wta_china_open,3d3077abdfe48b002d129ce81ad27117,Katie Volynets,Robin Montgomery,unibet_uk,h2h,1.73,2.09,2026-09-30T20:15:43+00:00
2026-09-30T20:16:17.495727+00:00,tennis_wta_china_open,3d3077abdfe48b002d129ce81ad27117,Katie Volynets,Robin Montgomery,virginbet,h2h,1.73,2.1,2026-09-30T20:15:23+00:00
2026-09-30T20:16:17.495727+00:00,tennis_wta_china_open,3d3077abdfe48b002d129ce81ad27117,Katie Volynets,Robin Montgomery,williamhill,h2h,1.8,2.0,2026-09-30T20:16:12+00:00
2026-09-30T20:16:17.495727+00:00,tennis_wta_china_open,abf71bada16395da8f34ce3e4ea92668,Qinwen Zheng,Shi Han,betfair_ex_uk,h2h,1.12,9.2,2026-09-30T20:16:14+00:00
2026-09-30T20:16:17.495727+00:00,tennis_wta_china_open,abf71bada16395da8f34ce3e4ea92668,Qinwen Zheng,Shi Han,betano_uk,h2h,1.08,6.5,2026-09-30T20:14:29+00:00
2026-09-30T20:16:17.495727+00:00,tennis_wta_china_open,abf71bada16395da8f34ce3e4ea92668,Qinwen Zheng,Shi Han,betfair_sb_uk,h2h,1.1,7.0,2026-09-30T20:15:22+00:00
2026-09-30T20:16:17.495727+00:00,tennis_wta_china_open,abf71bada16395da8f34ce3e4ea92668,Qinwen Zheng,Shi Han,betvictor,h2h,1.08,6.5,2026-09-30T20:13:20+00:00
2026-09-30T20:16:17.495727+00:00,tennis_wta_china_open,abf71bada16395da8f34ce3e4ea92668,Qinwen Zheng,Shi Han,betway,h2h,1.07,8.5,2026-09-30T20:15:58+00:00
2026-09-30T20:16:17.495727+00:00,tennis_wta_china_open,abf71bada16395da8f34ce3e4ea92668,Qinwen Zheng,Shi Han,boylesports,h2h,1.1,8.0,2026-09-30T20:16:12+00:00
2026-09-30T20:16:17.495727+00:00,tennis_wta_china_open,abf71bada16395da8f34ce3e4ea92668,Qinwen Zheng,Shi Han,casumo,h2h,1.08,7.5,2026-09-30T20:15:22+00:00
2026-09-30T20:16:17.495727+00:00,tennis_wta_china_open,abf71bada16395da8f34ce3e4ea92668,Qinwen Zheng,Shi Han,coral,h2h,1.07,8.5,2026-09-30T20:15:58+00:00
2026-09-30T20:16:17.495727+00:00,tennis_wta_china_open,abf71bada16395da8f34ce3e4ea92668,Qinwen Zheng,Shi Han,grosvenor,h2h,1.08,7.5,2026-09-30T20:16:12+00:00
2026-09-30T20:16:17.495727+00:00,tennis_wta_china_open,abf71bada16395da8f34ce3e4ea92668,Qinwen Zheng,Shi Han,ladbrokes_uk,h2h,1.07,8.5,2026-09-30T20:15:40+00:00
2026-09-30T20:16:17.495727+00:00,tennis_wta_china_open,abf71bada16395da8f34ce3e4ea92668,Qinwen Zheng,Shi Han,leovegas,h2h,1.07,7.8,2026-09-30T20:15:23+00:00
2026-09-30T20:16:17.495727+00:00,tennis_wta_china_open,abf71bada16395da8f34ce3e4ea92668,Qinwen Zheng,Shi Han,livescorebet,h2h,1.08,7.5,2026-09-30T20:15:23+00:00
2026-09-30T20:16:17.495727+00:00,tennis_wta_china_open,abf71bada16395da8f34ce3e4ea92668,Qinwen Zheng,Shi Han,matchbook,h2h,1.11,9.2,2026-09-30T20:16:12+00:00
2026-09-30T20:16:17.495727+00:00,tennis_wta_china_open,abf71bada16395da8f34ce3e4ea92668,Qinwen Zheng,Shi Han,paddypower,h2h,1.08,7.5,2026-09-30T20:15:40+00:00
2026-09-30T20:16:17.495727+00:00,tennis_wta_china_open,abf71bada16395da8f34ce3e4ea92668,Qinwen Zheng,Shi Han,skybet,h2h,1.08,7.5,2026-09-30T20:15:22+00:00
2026-09-30T20:16:17.495727+00:00,tennis_wta_china_open,abf71bada16395da8f34ce3e4ea92668,Qinwen Zheng,Shi Han,smarkets,h2h,1.1,9.2,2026-09-30T20:15:58+00:00
2026-09-30T20:16:17.495727+00:00,tennis_wta_china_open,abf71bada16395da8f34ce3e4ea92668,Qinwen Zheng,Shi Han,sport888,h2h,1.06,8.0,2026-09-30T20:15:23+00:00
2026-09-30T20:16:17.495727+00:00,tennis_wta_china_open,abf71bada16395da8f34ce3e4ea92668,Qinwen Zheng,Shi Han,unibet_uk,h2h,1.07,7.5,2026-09-30T20:15:43+00:00
2026-09-30T20:16:17.495727+00:00,tennis_wta_china_open,abf71bada16395da8f34ce3e4ea92668,Qinwen Zheng,Shi Han,virginbet,h2h,1.08,7.5,2026-09-30T20:15:23+00:00
2026-09-30T20:16:17.495727+00:00,tennis_wta_china_open,abf71bada16395da8f34ce3e4ea92668,Qinwen Zheng,Shi Han,williamhill,h2h,1.07,8.0,2026-09-30T20:16:12+00:00
2026-09-30T20:16:17.495727+00:00,tennis_wta_china_open,c61cca87a103a35f8e1889747b27f171,Aoi Ito,Kimberly Birrell,betfair_ex_uk,h2h,4.2,1.3,2026-09-30T20:16:14+00:00
2026-09-30T20:16:17.495727+00:00,tennis_wta_china_open,c61cca87a103a35f8e1889747b27f171,Aoi Ito,Kimberly Birrell,betano_uk,h2h,3.25,1.29,2026-09-30T20:14:29+00:00
2026-09-30T20:16:17.495727+00:00,tennis_wta_china_open,c61cca87a103a35f8e1889747b27f171,Aoi Ito,Kimberly Birrell,betfair_sb_uk,h2h,3.5,1.29,2026-09-30T20:15:22+00:00
2026-09-30T20:16:17.495727+00:00,tennis_wta_china_open,c61cca87a103a35f8e1889747b27f171,Aoi Ito,Kimberly Birrell,betvictor,h2h,3.25,1.29,2026-09-30T20:13:20+00:00
2026-09-30T20:16:17.495727+00:00,tennis_wta_china_open,c61cca87a103a35f8e1889747b27f171,Aoi Ito,Kimberly Birrell,betway,h2h,3.5,1.3,2026-09-30T20:15:58+00:00
2026-09-30T20:16:17.495727+00:00,tennis_wta_china_open,c61cca87a103a35f8e1889747b27f171,Aoi Ito,Kimberly Birrell,boylesports,h2h,3.6,1.29,2026-09-30T20:16:12+00:00
2026-09-30T20:16:17.495727+00:00,tennis_wta_china_open,c61cca87a103a35f8e1889747b27f171,Aoi Ito,Kimberly Birrell,casumo,h2h,3.55,1.3,2026-09-30T20:15:22+00:00
2026-09-30T20:16:17.495727+00:00,tennis_wta_china_open,c61cca87a103a35f8e1889747b27f171,Aoi Ito,Kimberly Birrell,coral,h2h,3.5,1.28,2026-09-30T20:15:58+00:00
2026-09-30T20:16:17.495727+00:00,tennis_wta_china_open,c61cca87a103a35f8e1889747b27f171,Aoi Ito,Kimberly Birrell,grosvenor,h2h,3.55,1.3,2026-09-30T20:16:12+00:00
2026-09-30T20:16:17.495727+00:00,tennis_wta_china_open,c61cca87a103a35f8e1889747b27f171,Aoi Ito,Kimberly Birrell,ladbrokes_uk,h2h,3.5,1.28,2026-09-30T20:15:40+00:00
2026-09-30T20:16:17.495727+00:00,tennis_wta_china_open,c61cca87a103a35f8e1889747b27f171,Aoi Ito,Kimberly Birrell,leovegas,h2h,3.5,1.3,2026-09-30T20:15:23+00:00
2026-09-30T20:16:17.495727+00:00,tennis_wta_china_open,c61cca87a103a35f8e1889747b27f171,Aoi Ito,Kimberly Birrell,livescorebet,h2h,3.55,1.3,2026-09-30T20:15:23+00:00
2026-09-30T20:16:17.495727+00:00,tennis_wta_china_open,c61cca87a103a35f8e1889747b27f171,Aoi Ito,Kimberly Birrell,matchbook,h2h,4.2,1.3,2026-09-30T20:16:12+00:00
2026-09-30T20:16:17.495727+00:00,tennis_wta_china_open,c61cca87a103a35f8e1889747b27f171,Aoi Ito,Kimberly Birrell,paddypower,h2h,3.6,1.25,2026-09-30T20:15:40+00:00
2026-09-30T20:16:17.495727+00:00,tennis_wta_china_open,c61cca87a103a35f8e1889747b27f171,Aoi Ito,Kimberly Birrell,skybet,h2h,3.75,1.25,2026-09-30T20:15:22+00:00
2026-09-30T20:16:17.495727+00:00,tennis_wta_china_open,c61cca87a103a35f8e1889747b27f171,Aoi Ito,Kimberly Birrell,smarkets,h2h,4.1,1.28,2026-09-30T20:15:58+00:00
2026-09-30T20:16:17.495727+00:00,tennis_wta_china_open,c61cca87a103a35f8e1889747b27f171,Aoi Ito,Kimberly Birrell,sport888,h2h,3.5,1.3,2026-09-30T20:15:23+00:00
2026-09-30T20:16:17.495727+00:00,tennis_wta_china_open,c61cca87a103a35f8e1889747b27f171,Aoi Ito,Kimberly Birrell,unibet_uk,h2h,3.5,1.29,2026-09-30T20:15:44+00:00
2026-09-30T20:16:17.495727+00:00,tennis_wta_china_open,c61cca87a103a35f8e1889747b27f171,Aoi Ito,Kimberly Birrell,virginbet,h2h,3.55,1.3,2026-09-30T20:15:23+00:00
2026-09-30T20:16:17.495727+00:00,tennis_wta_china_open,c61cca87a103a35f8e1889747b27f171,Aoi Ito,Kimberly Birrell,williamhill,h2h,3.5,1.3,2026-09-30T20:16:13+00:00
2026-09-30T20:16:17.495727+00:00,tennis_wta_china_open,a4aa67d29f120efed0e3f1eab2c7a88c,Paula Badosa,Daria Kasatkina,betfair_ex_uk,h2h,1.48,3.0,2026-09-30T20:16:14+00:00
2026-09-30T20:16:17.495727+00:00,tennis_wta_china_open,a4aa67d29f120efed0e3f1eab2c7a88c,Paula Badosa,Daria Kasatkina,betano_uk,h2h,1.4,2.75,2026-09-30T20:14:29+00:00
2026-09-30T20:16:17.495727+00:00,tennis_wta_china_open,a4aa67d29f120efed0e3f1eab2c7a88c,Paula Badosa,Daria Kasatkina,betfair_sb_uk,h2h,1.44,2.75,2026-09-30T20:15:22+00:00
2026-09-30T20:16:17.495727+00:00,tennis_wta_china_open,a4aa67d29f120efed0e3f1eab2c7a88c,Paula Badosa,Daria Kasatkina,betvictor,h2h,1.4,2.75,2026-09-30T20:13:20+00:00
2026-09-30T20:16:17.495727+00:00,tennis_wta_china_open,a4aa67d29f120efed0e3f1eab2c7a88c,Paula Badosa,Daria Kasatkina,betway,h2h,1.45,2.75,2026-09-30T20:15:58+00:00
2026-09-30T20:16:17.495727+00:00,tennis_wta_china_open,a4aa67d29f120efed0e3f1eab2c7a88c,Paula Badosa,Daria Kasatkina,boylesports,h2h,1.4,3.0,2026-09-30T20:16:12+00:00
2026-09-30T20:16:17.495727+00:00,tennis_wta_china_open,a4aa67d29f120efed0e3f1eab2c7a88c,Paula Badosa,Daria Kasatkina,casumo,h2h,1.41,2.9,2026-09-30T20:15:22+00:00
2026-09-30T20:16:17.495727+00:00,tennis_wta_china_open,a4aa67d29f120efed0e3f1eab2c7a88c,Paula Badosa,Daria Kasatkina,coral,h2h,1.44,2.7,2026-09-30T20:15:58+00:00
2026-09-30T20:16:17.495727+00:00,tennis_wta_china_open,a4aa67d29f120efed0e3f1eab2c7a88c,Paula Badosa,Daria Kasatkina,grosvenor,h2h,1.41,2.9,2026-09-30T20:16:12+00:00
2026-09-30T20:16:17.495727+00:00,tennis_wta_china_open,a4aa67d29f120efed0e3f1eab2c7a88c,Paula Badosa,Daria Kasatkina,ladbrokes_uk,h2h,1.44,2.7,2026-09-30T20:15:40+00:00
2026-09-30T20:16:17.495727+00:00,tennis_wta_china_open,a4aa67d29f120efed0e3f1eab2c7a88c,Paula Badosa,Daria Kasatkina,livescorebet,h2h,1.41,2.9,2026-09-30T20:15:23+00:00
2026-09-30T20:16:17.495727+00:00,tennis_wta_china_open,a4aa67d29f120efed0e3f1eab2c7a88c,Paula Badosa,Daria Kasatkina,matchbook,h2h,1.49,3.0,2026-09-30T20:16:12+00:00
2026-09-30T20:16:17.495727+00:00,tennis_wta_china_open,a4aa67d29f120efed0e3f1eab2c7a88c,Paula Badosa,Daria Kasatkina,paddypower,h2h,1.44,2.8,2026-09-30T20:15:40+00:00
2026-09-30T20:16:17.495727+00:00,tennis_wta_china_open,a4aa67d29f120efed0e3f1eab2c7a88c,Paula Badosa,Daria Kasatkina,skybet,h2h,1.44,2.75,2026-09-30T20:15:22+00:00
2026-09-30T20:16:17.495727+00:00,tennis_wta_china_open,a4aa67d29f120efed0e3f1eab2c7a88c,Paula Badosa,Daria Kasatkina,smarkets,h2h,1.48,2.96,2026-09-30T20:15:58+00:00
2026-09-30T20:16:17.495727+00:00,tennis_wta_china_open,a4aa67d29f120efed0e3f1eab2c7a88c,Paula Badosa,Daria Kasatkina,sport888,h2h,1.44,2.75,2026-09-30T20:15:23+00:00
2026-09-30T20:16:17.495727+00:00,tennis_wta_china_open,a4aa67d29f120efed0e3f1eab2c7a88c,Paula Badosa,Daria Kasatkina,unibet_uk,h2h,1.42,2.85,2026-09-30T20:15:44+00:00
2026-09-30T20:16:17.495727+00:00,tennis_wta_china_open,a4aa67d29f120efed0e3f1eab2c7a88c,Paula Badosa,Daria Kasatkina,virginbet,h2h,1.41,2.9,2026-09-30T20:15:23+00:00
2026-09-30T20:16:17.495727+00:00,tennis_wta_china_open,a4aa67d29f120efed0e3f1eab2c7a88c,Paula Badosa,Daria Kasatkina,williamhill,h2h,1.44,2.75,2026-09-30T20:16:13+00:00
2026-09-30T20:16:17.495727+00:00,tennis_wta_china_open,fb9eebaf5bf935bd7f96b48cea43933d,Sonay Kartal,Andrea Lazaro Garcia,betfair_ex_uk,h2h,1.31,4.1,2026-09-30T20:16:14+00:00
2026-09-30T20:16:17.495727+00:00,tennis_wta_china_open,fb9eebaf5bf935bd7f96b48cea43933d,Sonay Kartal,Andrea Lazaro Garcia,betano_uk,h2h,1.25,3.6,2026-09-30T20:14:29+00:00
2026-09-30T20:16:17.495727+00:00,tennis_wta_china_open,fb9eebaf5bf935bd7f96b48cea43933d,Sonay Kartal,Andrea Lazaro Garcia,betfair_sb_uk,h2h,1.29,3.5,2026-09-30T20:15:22+00:00
2026-09-30T20:16:17.495727+00:00,tennis_wta_china_open,fb9eebaf5bf935bd7f96b48cea43933d,Sonay Kartal,Andrea Lazaro Garcia,betvictor,h2h,1.25,3.6,2026-09-30T20:13:20+00:00
2026-09-30T20:16:17.495727+00:00,tennis_wta_china_open,fb9eebaf5bf935bd7f96b48cea43933d,Sonay Kartal,Andrea Lazaro Garcia,betway,h2h,1.3,3.5,2026-09-30T20:15:58+00:00
2026-09-30T20:16:17.495727+00:00,tennis_wta_china_open,fb9eebaf5bf935bd7f96b48cea43933d,Sonay Kartal,Andrea Lazaro Garcia,boylesports,h2h,1.29,3.75,2026-09-30T20:16:12+00:00
2026-09-30T20:16:17.495727+00:00,tennis_wta_china_open,fb9eebaf5bf935bd7f96b48cea43933d,Sonay Kartal,Andrea Lazaro Garcia,casumo,h2h,1.26,3.85,2026-09-30T20:15:22+00:00
2026-09-30T20:16:17.495727+00:00,tennis_wta_china_open,fb9eebaf5bf935bd7f96b48cea43933d,Sonay Kartal,Andrea Lazaro Garcia,coral,h2h,1.28,3.5,2026-09-30T20:15:58+00:00
2026-09-30T20:16:17.495727+00:00,tennis_wta_china_open,fb9eebaf5bf935bd7f96b48cea43933d,Sonay Kartal,Andrea Lazaro Garcia,grosvenor,h2h,1.26,3.85,2026-09-30T20:16:12+00:00
2026-09-30T20:16:17.495727+00:00,tennis_wta_china_open,fb9eebaf5bf935bd7f96b48cea43933d,Sonay Kartal,Andrea Lazaro Garcia,ladbrokes_uk,h2h,1.28,3.5,2026-09-30T20:15:40+00:00
2026-09-30T20:16:17.495727+00:00,tennis_wta_china_open,fb9eebaf5bf935bd7f96b48cea43933d,Sonay Kartal,Andrea Lazaro Garcia,leovegas,h2h,1.24,3.65,2026-09-30T20:15:23+00:00
2026-09-30T20:16:17.495727+00:00,tennis_wta_china_open,fb9eebaf5bf935bd7f96b48cea43933d,Sonay Kartal,Andrea Lazaro Garcia,livescorebet,h2h,1.26,3.85,2026-09-30T20:15:23+00:00
2026-09-30T20:16:17.495727+00:00,tennis_wta_china_open,fb9eebaf5bf935bd7f96b48cea43933d,Sonay Kartal,Andrea Lazaro Garcia,matchbook,h2h,1.31,4.1,2026-09-30T20:16:12+00:00
2026-09-30T20:16:17.495727+00:00,tennis_wta_china_open,fb9eebaf5bf935bd7f96b48cea43933d,Sonay Kartal,Andrea Lazaro Garcia,paddypower,h2h,1.25,3.75,2026-09-30T20:15:40+00:00
2026-09-30T20:16:17.495727+00:00,tennis_wta_china_open,fb9eebaf5bf935bd7f96b48cea43933d,Sonay Kartal,Andrea Lazaro Garcia,skybet,h2h,1.25,3.75,2026-09-30T20:15:22+00:00
2026-09-30T20:16:17.495727+00:00,tennis_wta_china_open,fb9eebaf5bf935bd7f96b48cea43933d,Sonay Kartal,Andrea Lazaro Garcia,smarkets,h2h,1.29,3.95,2026-09-30T20:15:58+00:00
2026-09-30T20:16:17.495727+00:00,tennis_wta_china_open,fb9eebaf5bf935bd7f96b48cea43933d,Sonay Kartal,Andrea Lazaro Garcia,sport888,h2h,1.3,3.5,2026-09-30T20:15:23+00:00
2026-09-30T20:16:17.495727+00:00,tennis_wta_china_open,fb9eebaf5bf935bd7f96b48cea43933d,Sonay Kartal,Andrea Lazaro Garcia,unibet_uk,h2h,1.25,3.8,2026-09-30T20:15:44+00:00
2026-09-30T20:16:17.495727+00:00,tennis_wta_china_open,fb9eebaf5bf935bd7f96b48cea43933d,Sonay Kartal,Andrea Lazaro Garcia,virginbet,h2h,1.26,3.85,2026-09-30T20:15:23+00:00
2026-09-30T20:16:17.495727+00:00,tennis_wta_china_open,fb9eebaf5bf935bd7f96b48cea43933d,Sonay Kartal,Andrea Lazaro Garcia,williamhill,h2h,1.3,3.5,2026-09-30T20:16:13+00:00
2026-09-30T20:16:17.495727+00:00,tennis_wta_china_open,8962aea3dd981eb3eb6cccc3b2fd3829,Magda Linette,Katerina Siniakova,betfair_ex_uk,h2h,2.88,1.52,2026-09-30T20:16:14+00:00
2026-09-30T20:16:17.495727+00:00,tennis_wta_china_open,8962aea3dd981eb3eb6cccc3b2fd3829,Magda Linette,Katerina Siniakova,betano_uk,h2h,2.38,1.53,2026-09-30T20:14:29+00:00
2026-09-30T20:16:17.495727+00:00,tennis_wta_china_open,8962aea3dd981eb3eb6cccc3b2fd3829,Magda Linette,Katerina Siniakova,betfair_sb_uk,h2h,2.63,1.5,2026-09-30T20:15:22+00:00
2026-09-30T20:16:17.495727+00:00,tennis_wta_china_open,8962aea3dd981eb3eb6cccc3b2fd3829,Magda Linette,Katerina Siniakova,betvictor,h2h,2.38,1.53,2026-09-30T20:13:20+00:00
2026-09-30T20:16:17.495727+00:00,tennis_wta_china_open,8962aea3dd981eb3eb6cccc3b2fd3829,Magda Linette,Katerina Siniakova,betway,h2h,2.75,1.45,2026-09-30T20:15:58+00:00
2026-09-30T20:16:17.495727+00:00,tennis_wta_china_open,8962aea3dd981eb3eb6cccc3b2fd3829,Magda Linette,Katerina Siniakova,boylesports,h2h,2.7,1.5,2026-09-30T20:16:12+00:00
2026-09-30T20:16:17.495727+00:00,tennis_wta_china_open,8962aea3dd981eb3eb6cccc3b2fd3829,Magda Linette,Katerina Siniakova,casumo,h2h,2.63,1.49,2026-09-30T20:15:22+00:00
2026-09-30T20:16:17.495727+00:00,tennis_wta_china_open,8962aea3dd981eb3eb6cccc3b2fd3829,Magda Linette,Katerina Siniakova,coral,h2h,2.62,1.44,2026-09-30T20:15:58+00:00
2026-09-30T20:16:17.495727+00:00,tennis_wta_china_open,8962aea3dd981eb3eb6cccc3b2fd3829,Magda Linette,Katerina Siniakova,grosvenor,h2h,2.63,1.49,2026-09-30T20:16:12+00:00
2026-09-30T20:16:17.495727+00:00,tennis_wta_china_open,8962aea3dd981eb3eb6cccc3b2fd3829,Magda Linette,Katerina Siniakova,ladbrokes_uk,h2h,2.62,1.44,2026-09-30T20:15:40+00:00
2026-09-30T20:16:17.495727+00:00,tennis_wta_china_open,8962aea3dd981eb3eb6cccc3b2fd3829,Magda Linette,Katerina Siniakova,leovegas,h2h,2.65,1.47,2026-09-30T20:15:23+00:00
2026-09-30T20:16:17.495727+00:00,tennis_wta_china_open,8962aea3dd981eb3eb6cccc3b2fd3829,Magda Linette,Katerina Siniakova,livescorebet,h2h,2.63,1.49,2026-09-30T20:15:23+00:00
2026-09-30T20:16:17.495727+00:00,tennis_wta_china_open,8962aea3dd981eb3eb6cccc3b2fd3829,Magda Linette,Katerina Siniakova,matchbook,h2h,2.88,1.53,2026-09-30T20:16:12+00:00
2026-09-30T20:16:17.495727+00:00,tennis_wta_china_open,8962aea3dd981eb3eb6cccc3b2fd3829,Magda Linette,Katerina Siniakova,paddypower,h2h,2.6,1.5,2026-09-30T20:15:40+00:00
2026-09-30T20:16:17.495727+00:00,tennis_wta_china_open,8962aea3dd981eb3eb6cccc3b2fd3829,Magda Linette,Katerina Siniakova,skybet,h2h,2.63,1.5,2026-09-30T20:15:22+00:00
2026-09-30T20:16:17.495727+00:00,tennis_wta_china_open,8962aea3dd981eb3eb6cccc3b2fd3829,Magda Linette,Katerina Siniakova,smarkets,h2h,2.84,1.5,2026-09-30T20:15:58+00:00
2026-09-30T20:16:17.495727+00:00,tennis_wta_china_open,8962aea3dd981eb3eb6cccc3b2fd3829,Magda Linette,Katerina Siniakova,sport888,h2h,2.75,1.44,2026-09-30T20:15:23+00:00
2026-09-30T20:16:17.495727+00:00,tennis_wta_china_open,8962aea3dd981eb3eb6cccc3b2fd3829,Magda Linette,Katerina Siniakova,unibet_uk,h2h,2.6,1.5,2026-09-30T20:15:44+00:00
2026-09-30T20:16:17.495727+00:00,tennis_wta_china_open,8962aea3dd981eb3eb6cccc3b2fd3829,Magda Linette,Katerina Siniakova,virginbet,h2h,2.63,1.49,2026-09-30T20:15:23+00:00
2026-09-30T20:16:17.495727+00:00,tennis_wta_china_open,8962aea3dd981eb3eb6cccc3b2fd3829,Magda Linette,Katerina Siniakova,williamhill,h2h,2.75,1.44,2026-09-30T20:16:13+00:00
2026-09-30T20:16:17.495727+00:00,tennis_wta_china_open,1b26a19876c9aaf7be957f87c1e4e7a2,Yushan Shao,Anastasia Zakharova,betfair_ex_uk,h2h,12.0,1.08,2026-09-30T20:16:14+00:00
2026-09-30T20:16:17.495727+00:00,tennis_wta_china_open,1b26a19876c9aaf7be957f87c1e4e7a2,Yushan Shao,Anastasia Zakharova,betano_uk,h2h,6.5,1.08,2026-09-30T20:14:29+00:00
2026-09-30T20:16:17.495727+00:00,tennis_wta_china_open,1b26a19876c9aaf7be957f87c1e4e7a2,Yushan Shao,Anastasia Zakharova,betfair_sb_uk,h2h,8.0,1.07,2026-09-30T20:15:22+00:00
2026-09-30T20:16:17.495727+00:00,tennis_wta_china_open,1b26a19876c9aaf7be957f87c1e4e7a2,Yushan Shao,Anastasia Zakharova,betvictor,h2h,6.5,1.08,2026-09-30T20:13:20+00:00
2026-09-30T20:16:17.495727+00:00,tennis_wta_china_open,1b26a19876c9aaf7be957f87c1e4e7a2,Yushan Shao,Anastasia Zakharova,betway,h2h,10.0,1.05,2026-09-30T20:15:58+00:00
2026-09-30T20:16:17.495727+00:00,tennis_wta_china_open,1b26a19876c9aaf7be957f87c1e4e7a2,Yushan Shao,Anastasia Zakharova,boylesports,h2h,11.0,1.06,2026-09-30T20:16:12+00:00
2026-09-30T20:16:17.495727+00:00,tennis_wta_china_open,1b26a19876c9aaf7be957f87c1e4e7a2,Yushan Shao,Anastasia Zakharova,casumo,h2h,10.0,1.05,2026-09-30T20:15:22+00:00
2026-09-30T20:16:17.495727+00:00,tennis_wta_china_open,1b26a19876c9aaf7be957f87c1e4e7a2,Yushan Shao,Anastasia Zakharova,coral,h2h,11.0,1.05,2026-09-30T20:15:58+00:00
2026-09-30T20:16:17.495727+00:00,tennis_wta_china_open,1b26a19876c9aaf7be957f87c1e4e7a2,Yushan Shao,Anastasia Zakharova,grosvenor,h2h,10.0,1.05,2026-09-30T20:16:12+00:00
2026-09-30T20:16:17.495727+00:00,tennis_wta_china_open,1b26a19876c9aaf7be957f87c1e4e7a2,Yushan Shao,Anastasia Zakharova,ladbrokes_uk,h2h,11.0,1.05,2026-09-30T20:15:40+00:00
2026-09-30T20:16:17.495727+00:00,tennis_wta_china_open,1b26a19876c9aaf7be957f87c1e4e7a2,Yushan Shao,Anastasia Zakharova,leovegas,h2h,9.0,1.05,2026-09-30T20:15:23+00:00
2026-09-30T20:16:17.495727+00:00,tennis_wta_china_open,1b26a19876c9aaf7be957f87c1e4e7a2,Yushan Shao,Anastasia Zakharova,livescorebet,h2h,10.0,1.05,2026-09-30T20:15:23+00:00
2026-09-30T20:16:17.495727+00:00,tennis_wta_china_open,1b26a19876c9aaf7be957f87c1e4e7a2,Yushan Shao,Anastasia Zakharova,matchbook,h2h,12.0,1.08,2026-09-30T20:16:12+00:00
2026-09-30T20:16:17.495727+00:00,tennis_wta_china_open,1b26a19876c9aaf7be957f87c1e4e7a2,Yushan Shao,Anastasia Zakharova,paddypower,h2h,9.0,1.07,2026-09-30T20:15:40+00:00
2026-09-30T20:16:17.495727+00:00,tennis_wta_china_open,1b26a19876c9aaf7be957f87c1e4e7a2,Yushan Shao,Anastasia Zakharova,skybet,h2h,9.0,1.07,2026-09-30T20:15:22+00:00
2026-09-30T20:16:17.495727+00:00,tennis_wta_china_open,1b26a19876c9aaf7be957f87c1e4e7a2,Yushan Shao,Anastasia Zakharova,smarkets,h2h,10.5,1.06,2026-09-30T20:15:58+00:00
2026-09-30T20:16:17.495727+00:00,tennis_wta_china_open,1b26a19876c9aaf7be957f87c1e4e7a2,Yushan Shao,Anastasia Zakharova,sport888,h2h,8.0,1.06,2026-09-30T20:15:23+00:00
2026-09-30T20:16:17.495727+00:00,tennis_wta_china_open,1b26a19876c9aaf7be957f87c1e4e7a2,Yushan Shao,Anastasia Zakharova,unibet_uk,h2h,9.0,1.06,2026-09-30T20:15:44+00:00
2026-09-30T20:16:17.495727+00:00,tennis_wta_china_open,1b26a19876c9aaf7be957f87c1e4e7a2,Yushan Shao,Anastasia Zakharova,virginbet,h2h,10.0,1.05,2026-09-30T20:15:23+00:00
2026-09-30T20:16:17.495727+00:00,tennis_wta_china_open,1b26a19876c9aaf7be957f87c1e4e7a2,Yushan Shao,Anastasia Zakharova,williamhill,h2h,8.0,1.07,2026-09-30T20:16:13+00:00
2026-09-30T20:16:17.495727+00:00,tennis_wta_china_open,982ff3992a464e7e52910a12f402a08b,Yu Jun Lin,Storm Hunter,betfair_ex_uk,h2h,14.5,1.06,2026-09-30T20:16:14+00:00
2026-09-30T20:16:17.495727+00:00,tennis_wta_china_open,982ff3992a464e7e52910a12f402a08b,Yu Jun Lin,Storm Hunter,betano_uk,h2h,8.5,1.04,2026-09-30T20:14:29+00:00
2026-09-30T20:16:17.495727+00:00,tennis_wta_china_open,982ff3992a464e7e52910a12f402a08b,Yu Jun Lin,Storm Hunter,betvictor,h2h,8.5,1.04,2026-09-30T20:13:20+00:00
2026-09-30T20:16:17.495727+00:00,tennis_wta_china_open,982ff3992a464e7e52910a12f402a08b,Yu Jun Lin,Storm Hunter,betway,h2h,10.0,1.05,2026-09-30T20:15:58+00:00
2026-09-30T20:16:17.495727+00:00,tennis_wta_china_open,982ff3992a464e7e52910a12f402a08b,Yu Jun Lin,Storm Hunter,boylesports,h2h,13.0,1.05,2026-09-30T20:16:12+00:00
2026-09-30T20:16:17.495727+00:00,tennis_wta_china_open,982ff3992a464e7e52910a12f402a08b,Yu Jun Lin,Storm Hunter,casumo,h2h,10.0,1.05,2026-09-30T20:15:22+00:00
2026-09-30T20:16:17.495727+00:00,tennis_wta_china_open,982ff3992a464e7e52910a12f402a08b,Yu Jun Lin,Storm Hunter,coral,h2h,10.0,1.06,2026-09-30T20:15:58+00:00
2026-09-30T20:16:17.495727+00:00,tennis_wta_china_open,982ff3992a464e7e52910a12f402a08b,Yu Jun Lin,Storm Hunter,grosvenor,h2h,10.0,1.05,2026-09-30T20:16:12+00:00
2026-09-30T20:16:17.495727+00:00,tennis_wta_china_open,982ff3992a464e7e52910a12f402a08b,Yu Jun Lin,Storm Hunter,ladbrokes_uk,h2h,10.0,1.06,2026-09-30T20:15:40+00:00
2026-09-30T20:16:17.495727+00:00,tennis_wta_china_open,982ff3992a464e7e52910a12f402a08b,Yu Jun Lin,Storm Hunter,leovegas,h2h,10.0,1.04,2026-09-30T20:15:23+00:00
2026-09-30T20:16:17.495727+00:00,tennis_wta_china_open,982ff3992a464e7e52910a12f402a08b,Yu Jun Lin,Storm Hunter,livescorebet,h2h,10.0,1.05,2026-09-30T20:15:23+00:00
2026-09-30T20:16:17.495727+00:00,tennis_wta_china_open,982ff3992a464e7e52910a12f402a08b,Yu Jun Lin,Storm Hunter,matchbook,h2h,14.5,1.06,2026-09-30T20:16:12+00:00
2026-09-30T20:16:17.495727+00:00,tennis_wta_china_open,982ff3992a464e7e52910a12f402a08b,Yu Jun Lin,Storm Hunter,paddypower,h2h,13.0,1.04,2026-09-30T20:15:40+00:00
2026-09-30T20:16:17.495727+00:00,tennis_wta_china_open,982ff3992a464e7e52910a12f402a08b,Yu Jun Lin,Storm Hunter,skybet,h2h,13.0,1.04,2026-09-30T20:15:22+00:00
2026-09-30T20:16:17.495727+00:00,tennis_wta_china_open,982ff3992a464e7e52910a12f402a08b,Yu Jun Lin,Storm Hunter,smarkets,h2h,13.0,1.06,2026-09-30T20:15:58+00:00
2026-09-30T20:16:17.495727+00:00,tennis_wta_china_open,982ff3992a464e7e52910a12f402a08b,Yu Jun Lin,Storm Hunter,sport888,h2h,10.0,1.05,2026-09-30T20:15:23+00:00
2026-09-30T20:16:17.495727+00:00,tennis_wta_china_open,982ff3992a464e7e52910a12f402a08b,Yu Jun Lin,Storm Hunter,unibet_uk,h2h,10.0,1.04,2026-09-30T20:15:44+00:00
2026-09-30T20:16:17.495727+00:00,tennis_wta_china_open,982ff3992a464e7e52910a12f402a08b,Yu Jun Lin,Storm Hunter,virginbet,h2h,10.0,1.05,2026-09-30T20:15:23+00:00
2026-09-30T20:16:17.495727+00:00,tennis_wta_china_open,982ff3992a464e7e52910a12f402a08b,Yu Jun Lin,Storm Hunter,williamhill,h2h,10.0,1.05,2026-09-30T20:16:13+00:00
2026-09-30T20:16:17.495727+00:00,tennis_wta_china_open,15acf15b8d85ca13f4d7fc2da619fe2f,Lanlana Tararudee,Maria Camila Osorio Serrano,betfair_ex_uk,h2h,1.93,2.04,2026-09-30T20:16:14+00:00
2026-09-30T20:16:17.495727+00:00,tennis_wta_china_open,15acf15b8d85ca13f4d7fc2da619fe2f,Lanlana Tararudee,Maria Camila Osorio Serrano,betano_uk,h2h,1.73,2.0,2026-09-30T20:14:29+00:00
2026-09-30T20:16:17.495727+00:00,tennis_wta_china_open,15acf15b8d85ca13f4d7fc2da619fe2f,Lanlana Tararudee,Maria Camila Osorio Serrano,betvictor,h2h,1.73,2.0,2026-09-30T20:13:20+00:00
2026-09-30T20:16:17.495727+00:00,tennis_wta_china_open,15acf15b8d85ca13f4d7fc2da619fe2f,Lanlana Tararudee,Maria Camila Osorio Serrano,betway,h2h,1.85,1.95,2026-09-30T20:15:58+00:00
2026-09-30T20:16:17.495727+00:00,tennis_wta_china_open,15acf15b8d85ca13f4d7fc2da619fe2f,Lanlana Tararudee,Maria Camila Osorio Serrano,boylesports,h2h,1.83,2.0,2026-09-30T20:16:12+00:00
2026-09-30T20:16:17.495727+00:00,tennis_wta_china_open,15acf15b8d85ca13f4d7fc2da619fe2f,Lanlana Tararudee,Maria Camila Osorio Serrano,casumo,h2h,1.87,1.93,2026-09-30T20:15:22+00:00
2026-09-30T20:16:17.495727+00:00,tennis_wta_china_open,15acf15b8d85ca13f4d7fc2da619fe2f,Lanlana Tararudee,Maria Camila Osorio Serrano,coral,h2h,1.8,1.91,2026-09-30T20:15:58+00:00
2026-09-30T20:16:17.495727+00:00,tennis_wta_china_open,15acf15b8d85ca13f4d7fc2da619fe2f,Lanlana Tararudee,Maria Camila Osorio Serrano,grosvenor,h2h,1.87,1.93,2026-09-30T20:16:12+00:00
2026-09-30T20:16:17.495727+00:00,tennis_wta_china_open,15acf15b8d85ca13f4d7fc2da619fe2f,Lanlana Tararudee,Maria Camila Osorio Serrano,ladbrokes_uk,h2h,1.8,1.91,2026-09-30T20:15:40+00:00
2026-09-30T20:16:17.495727+00:00,tennis_wta_china_open,15acf15b8d85ca13f4d7fc2da619fe2f,Lanlana Tararudee,Maria Camila Osorio Serrano,leovegas,h2h,1.8,1.92,2026-09-30T20:15:23+00:00
2026-09-30T20:16:17.495727+00:00,tennis_wta_china_open,15acf15b8d85ca13f4d7fc2da619fe2f,Lanlana Tararudee,Maria Camila Osorio Serrano,livescorebet,h2h,1.87,1.93,2026-09-30T20:15:23+00:00
2026-09-30T20:16:17.495727+00:00,tennis_wta_china_open,15acf15b8d85ca13f4d7fc2da619fe2f,Lanlana Tararudee,Maria Camila Osorio Serrano,matchbook,h2h,1.93,2.04,2026-09-30T20:16:12+00:00
2026-09-30T20:16:17.495727+00:00,tennis_wta_china_open,15acf15b8d85ca13f4d7fc2da619fe2f,Lanlana Tararudee,Maria Camila Osorio Serrano,paddypower,h2h,1.83,1.91,2026-09-30T20:15:40+00:00
2026-09-30T20:16:17.495727+00:00,tennis_wta_china_open,15acf15b8d85ca13f4d7fc2da619fe2f,Lanlana Tararudee,Maria Camila Osorio Serrano,skybet,h2h,1.83,1.91,2026-09-30T20:15:22+00:00
2026-09-30T20:16:17.495727+00:00,tennis_wta_china_open,15acf15b8d85ca13f4d7fc2da619fe2f,Lanlana Tararudee,Maria Camila Osorio Serrano,smarkets,h2h,1.91,2.0,2026-09-30T20:15:58+00:00
2026-09-30T20:16:17.495727+00:00,tennis_wta_china_open,15acf15b8d85ca13f4d7fc2da619fe2f,Lanlana Tararudee,Maria Camila Osorio Serrano,sport888,h2h,1.85,1.95,2026-09-30T20:15:23+00:00
2026-09-30T20:16:17.495727+00:00,tennis_wta_china_open,15acf15b8d85ca13f4d7fc2da619fe2f,Lanlana Tararudee,Maria Camila Osorio Serrano,unibet_uk,h2h,1.83,1.94,2026-09-30T20:15:44+00:00
2026-09-30T20:16:17.495727+00:00,tennis_wta_china_open,15acf15b8d85ca13f4d7fc2da619fe2f,Lanlana Tararudee,Maria Camila Osorio Serrano,virginbet,h2h,1.87,1.93,2026-09-30T20:15:23+00:00
2026-09-30T20:16:17.495727+00:00,tennis_wta_china_open,15acf15b8d85ca13f4d7fc2da619fe2f,Lanlana Tararudee,Maria Camila Osorio Serrano,williamhill,h2h,1.85,1.95,2026-09-30T20:16:13+00:00
2026-09-30T20:16:17.495727+00:00,tennis_wta_china_open,d335a62e23f27b87cc79d2e6c6589617,Harriet Dart,Yihan Qu,betfair_ex_uk,h2h,1.08,13.0,2026-09-30T20:16:14+00:00
2026-09-30T20:16:17.495727+00:00,tennis_wta_china_open,d335a62e23f27b87cc79d2e6c6589617,Harriet Dart,Yihan Qu,betano_uk,h2h,1.06,7.0,2026-09-30T20:14:29+00:00
2026-09-30T20:16:17.495727+00:00,tennis_wta_china_open,d335a62e23f27b87cc79d2e6c6589617,Harriet Dart,Yihan Qu,betvictor,h2h,1.06,7.0,2026-09-30T20:13:20+00:00
2026-09-30T20:16:17.495727+00:00,tennis_wta_china_open,d335a62e23f27b87cc79d2e6c6589617,Harriet Dart,Yihan Qu,betway,h2h,1.05,10.0,2026-09-30T20:15:58+00:00
2026-09-30T20:16:17.495727+00:00,tennis_wta_china_open,d335a62e23f27b87cc79d2e6c6589617,Harriet Dart,Yihan Qu,boylesports,h2h,1.06,11.0,2026-09-30T20:16:12+00:00
2026-09-30T20:16:17.495727+00:00,tennis_wta_china_open,d335a62e23f27b87cc79d2e6c6589617,Harriet Dart,Yihan Qu,casumo,h2h,1.06,9.0,2026-09-30T20:15:22+00:00
2026-09-30T20:16:17.495727+00:00,tennis_wta_china_open,d335a62e23f27b87cc79d2e6c6589617,Harriet Dart,Yihan Qu,coral,h2h,1.06,10.0,2026-09-30T20:15:58+00:00
2026-09-30T20:16:17.495727+00:00,tennis_wta_china_open,d335a62e23f27b87cc79d2e6c6589617,Harriet Dart,Yihan Qu,grosvenor,h2h,1.06,9.0,2026-09-30T20:16:12+00:00
2026-09-30T20:16:17.495727+00:00,tennis_wta_china_open,d335a62e23f27b87cc79d2e6c6589617,Harriet Dart,Yihan Qu,ladbrokes_uk,h2h,1.06,10.0,2026-09-30T20:15:40+00:00
2026-09-30T20:16:17.495727+00:00,tennis_wta_china_open,d335a62e23f27b87cc79d2e6c6589617,Harriet Dart,Yihan Qu,leovegas,h2h,1.04,8.5,2026-09-30T20:15:23+00:00
2026-09-30T20:16:17.495727+00:00,tennis_wta_china_open,d335a62e23f27b87cc79d2e6c6589617,Harriet Dart,Yihan Qu,livescorebet,h2h,1.06,9.0,2026-09-30T20:15:23+00:00
2026-09-30T20:16:17.495727+00:00,tennis_wta_china_open,d335a62e23f27b87cc79d2e6c6589617,Harriet Dart,Yihan Qu,matchbook,h2h,1.08,12.5,2026-09-30T20:16:12+00:00
2026-09-30T20:16:17.495727+00:00,tennis_wta_china_open,d335a62e23f27b87cc79d2e6c6589617,Harriet Dart,Yihan Qu,paddypower,h2h,1.06,10.0,2026-09-30T20:15:40+00:00
2026-09-30T20:16:17.495727+00:00,tennis_wta_china_open,d335a62e23f27b87cc79d2e6c6589617,Harriet Dart,Yihan Qu,skybet,h2h,1.05,10.0,2026-09-30T20:15:22+00:00
2026-09-30T20:16:17.495727+00:00,tennis_wta_china_open,d335a62e23f27b87cc79d2e6c6589617,Harriet Dart,Yihan Qu,smarkets,h2h,1.07,10.0,2026-09-30T20:15:58+00:00
2026-09-30T20:16:17.495727+00:00,tennis_wta_china_open,d335a62e23f27b87cc79d2e6c6589617,Harriet Dart,Yihan Qu,sport888,h2h,1.06,8.0,2026-09-30T20:15:23+00:00
2026-09-30T20:16:17.495727+00:00,tennis_wta_china_open,d335a62e23f27b87cc79d2e6c6589617,Harriet Dart,Yihan Qu,unibet_uk,h2h,1.05,9.5,2026-09-30T20:15:44+00:00
2026-09-30T20:16:17.495727+00:00,tennis_wta_china_open,d335a62e23f27b87cc79d2e6c6589617,Harriet Dart,Yihan Qu,virginbet,h2h,1.06,9.0,2026-09-30T20:15:23+00:00
2026-09-30T20:16:17.495727+00:00,tennis_wta_china_open,d335a62e23f27b87cc79d2e6c6589617,Harriet Dart,Yihan Qu,williamhill,h2h,1.07,8.0,2026-09-30T20:16:13+00:00
2026-09-30T20:16:17.495727+00:00,tennis_wta_china_open,742769b918276508629b9c2a4283d38b,Marina Bassols Ribera,Kamilla Rakhimova,betfair_ex_uk,h2h,3.5,1.36,2026-09-30T20:16:14+00:00
2026-09-30T20:16:17.495727+00:00,tennis_wta_china_open,742769b918276508629b9c2a4283d38b,Marina Bassols Ribera,Kamilla Rakhimova,betano_uk,h2h,3.0,1.33,2026-09-30T20:14:29+00:00
2026-09-30T20:16:17.495727+00:00,tennis_wta_china_open,742769b918276508629b9c2a4283d38b,Marina Bassols Ribera,Kamilla Rakhimova,betvictor,h2h,3.0,1.33,2026-09-30T20:13:20+00:00
2026-09-30T20:16:17.495727+00:00,tennis_wta_china_open,742769b918276508629b9c2a4283d38b,Marina Bassols Ribera,Kamilla Rakhimova,betway,h2h,3.5,1.3,2026-09-30T20:15:58+00:00
2026-09-30T20:16:17.495727+00:00,tennis_wta_china_open,742769b918276508629b9c2a4283d38b,Marina Bassols Ribera,Kamilla Rakhimova,boylesports,h2h,3.25,1.33,2026-09-30T20:16:12+00:00
2026-09-30T20:16:17.495727+00:00,tennis_wta_china_open,742769b918276508629b9c2a4283d38b,Marina Bassols Ribera,Kamilla Rakhimova,casumo,h2h,3.35,1.33,2026-09-30T20:15:22+00:00
2026-09-30T20:16:17.495727+00:00,tennis_wta_china_open,742769b918276508629b9c2a4283d38b,Marina Bassols Ribera,Kamilla Rakhimova,coral,h2h,3.1,1.33,2026-09-30T20:15:58+00:00
2026-09-30T20:16:17.495727+00:00,tennis_wta_china_open,742769b918276508629b9c2a4283d38b,Marina Bassols Ribera,Kamilla Rakhimova,grosvenor,h2h,3.35,1.33,2026-09-30T20:16:12+00:00
2026-09-30T20:16:17.495727+00:00,tennis_wta_china_open,742769b918276508629b9c2a4283d38b,Marina Bassols Ribera,Kamilla Rakhimova,ladbrokes_uk,h2h,3.1,1.33,2026-09-30T20:15:40+00:00
2026-09-30T20:16:17.495727+00:00,tennis_wta_china_open,742769b918276508629b9c2a4283d38b,Marina Bassols Ribera,Kamilla Rakhimova,leovegas,h2h,3.25,1.33,2026-09-30T20:15:23+00:00
2026-09-30T20:16:17.495727+00:00,tennis_wta_china_open,742769b918276508629b9c2a4283d38b,Marina Bassols Ribera,Kamilla Rakhimova,livescorebet,h2h,3.35,1.33,2026-09-30T20:15:23+00:00
2026-09-30T20:16:17.495727+00:00,tennis_wta_china_open,742769b918276508629b9c2a4283d38b,Marina Bassols Ribera,Kamilla Rakhimova,matchbook,h2h,3.5,1.36,2026-09-30T20:16:12+00:00
2026-09-30T20:16:17.495727+00:00,tennis_wta_china_open,742769b918276508629b9c2a4283d38b,Marina Bassols Ribera,Kamilla Rakhimova,paddypower,h2h,3.4,1.3,2026-09-30T20:15:40+00:00
2026-09-30T20:16:17.495727+00:00,tennis_wta_china_open,742769b918276508629b9c2a4283d38b,Marina Bassols Ribera,Kamilla Rakhimova,skybet,h2h,3.25,1.33,2026-09-30T20:15:22+00:00
2026-09-30T20:16:17.495727+00:00,tennis_wta_china_open,742769b918276508629b9c2a4283d38b,Marina Bassols Ribera,Kamilla Rakhimova,smarkets,h2h,3.45,1.34,2026-09-30T20:15:58+00:00
2026-09-30T20:16:17.495727+00:00,tennis_wta_china_open,742769b918276508629b9c2a4283d38b,Marina Bassols Ribera,Kamilla Rakhimova,sport888,h2h,3.3,1.33,2026-09-30T20:15:23+00:00
2026-09-30T20:16:17.495727+00:00,tennis_wta_china_open,742769b918276508629b9c2a4283d38b,Marina Bassols Ribera,Kamilla Rakhimova,unibet_uk,h2h,3.25,1.33,2026-09-30T20:15:44+00:00
2026-09-30T20:16:17.495727+00:00,tennis_wta_china_open,742769b918276508629b9c2a4283d38b,Marina Bassols Ribera,Kamilla Rakhimova,virginbet,h2h,3.35,1.33,2026-09-30T20:15:23+00:00
2026-09-30T20:16:17.495727+00:00,tennis_wta_china_open,742769b918276508629b9c2a4283d38b,Marina Bassols Ribera,Kamilla Rakhimova,williamhill,h2h,3.3,1.33,2026-09-30T20:16:13+00:00
2026-09-30T20:16:17.495727+00:00,tennis_wta_china_open,9d98e83d4b96d041dcae01896cf15d92,Xinyu Gao,Panna Udvardy,betfair_ex_uk,h2h,2.54,1.61,2026-09-30T20:16:14+00:00
2026-09-30T20:16:17.495727+00:00,tennis_wta_china_open,9d98e83d4b96d041dcae01896cf15d92,Xinyu Gao,Panna Udvardy,betano_uk,h2h,2.4,1.5,2026-09-30T20:14:29+00:00
2026-09-30T20:16:17.495727+00:00,tennis_wta_china_open,9d98e83d4b96d041dcae01896cf15d92,Xinyu Gao,Panna Udvardy,betvictor,h2h,2.4,1.5,2026-09-30T20:13:20+00:00
2026-09-30T20:16:17.495727+00:00,tennis_wta_china_open,9d98e83d4b96d041dcae01896cf15d92,Xinyu Gao,Panna Udvardy,betway,h2h,2.4,1.55,2026-09-30T20:15:58+00:00
2026-09-30T20:16:17.495727+00:00,tennis_wta_china_open,9d98e83d4b96d041dcae01896cf15d92,Xinyu Gao,Panna Udvardy,boylesports,h2h,2.5,1.53,2026-09-30T20:16:12+00:00
2026-09-30T20:16:17.495727+00:00,tennis_wta_china_open,9d98e83d4b96d041dcae01896cf15d92,Xinyu Gao,Panna Udvardy,casumo,h2h,2.5,1.53,2026-09-30T20:15:22+00:00
2026-09-30T20:16:17.495727+00:00,tennis_wta_china_open,9d98e83d4b96d041dcae01896cf15d92,Xinyu Gao,Panna Udvardy,coral,h2h,2.4,1.53,2026-09-30T20:15:58+00:00
2026-09-30T20:16:17.495727+00:00,tennis_wta_china_open,9d98e83d4b96d041dcae01896cf15d92,Xinyu Gao,Panna Udvardy,grosvenor,h2h,2.5,1.53,2026-09-30T20:16:12+00:00
2026-09-30T20:16:17.495727+00:00,tennis_wta_china_open,9d98e83d4b96d041dcae01896cf15d92,Xinyu Gao,Panna Udvardy,ladbrokes_uk,h2h,2.4,1.53,2026-09-30T20:15:40+00:00
2026-09-30T20:16:17.495727+00:00,tennis_wta_china_open,9d98e83d4b96d041dcae01896cf15d92,Xinyu Gao,Panna Udvardy,leovegas,h2h,2.4,1.5,2026-09-30T20:15:23+00:00
2026-09-30T20:16:17.495727+00:00,tennis_wta_china_open,9d98e83d4b96d041dcae01896cf15d92,Xinyu Gao,Panna Udvardy,livescorebet,h2h,2.5,1.53,2026-09-30T20:15:23+00:00
2026-09-30T20:16:17.495727+00:00,tennis_wta_china_open,9d98e83d4b96d041dcae01896cf15d92,Xinyu Gao,Panna Udvardy,matchbook,h2h,2.54,1.61,2026-09-30T20:16:12+00:00
2026-09-30T20:16:17.495727+00:00,tennis_wta_china_open,9d98e83d4b96d041dcae01896cf15d92,Xinyu Gao,Panna Udvardy,paddypower,h2h,2.4,1.57,2026-09-30T20:15:40+00:00
2026-09-30T20:16:17.495727+00:00,tennis_wta_china_open,9d98e83d4b96d041dcae01896cf15d92,Xinyu Gao,Panna Udvardy,skybet,h2h,2.38,1.57,2026-09-30T20:15:22+00:00
2026-09-30T20:16:17.495727+00:00,tennis_wta_china_open,9d98e83d4b96d041dcae01896cf15d92,Xinyu Gao,Panna Udvardy,smarkets,h2h,2.56,1.59,2026-09-30T20:15:59+00:00
2026-09-30T20:16:17.495727+00:00,tennis_wta_china_open,9d98e83d4b96d041dcae01896cf15d92,Xinyu Gao,Panna Udvardy,sport888,h2h,2.38,1.57,2026-09-30T20:15:23+00:00
2026-09-30T20:16:17.495727+00:00,tennis_wta_china_open,9d98e83d4b96d041dcae01896cf15d92,Xinyu Gao,Panna Udvardy,unibet_uk,h2h,2.5,1.52,2026-09-30T20:15:44+00:00
2026-09-30T20:16:17.495727+00:00,tennis_wta_china_open,9d98e83d4b96d041dcae01896cf15d92,Xinyu Gao,Panna Udvardy,virginbet,h2h,2.5,1.53,2026-09-30T20:15:23+00:00
2026-09-30T20:16:17.495727+00:00,tennis_wta_china_open,9d98e83d4b96d041dcae01896cf15d92,Xinyu Gao,Panna Udvardy,williamhill,h2h,2.38,1.57,2026-09-30T20:16:13+00:00
2026-09-30T20:16:17.495727+00:00,tennis_wta_china_open,cdd2c64d6e5bb4cbd7521e202aff68d7,Alycia Parks,Lin Zhu,betfair_ex_uk,h2h,1.95,2.04,2026-09-30T20:16:14+00:00
2026-09-30T20:16:17.495727+00:00,tennis_wta_china_open,cdd2c64d6e5bb4cbd7521e202aff68d7,Alycia Parks,Lin Zhu,betano_uk,h2h,1.83,1.87,2026-09-30T20:14:29+00:00
2026-09-30T20:16:17.495727+00:00,tennis_wta_china_open,cdd2c64d6e5bb4cbd7521e202aff68d7,Alycia Parks,Lin Zhu,betvictor,h2h,1.83,1.87,2026-09-30T20:13:20+00:00
2026-09-30T20:16:17.495727+00:00,tennis_wta_china_open,cdd2c64d6e5bb4cbd7521e202aff68d7,Alycia Parks,Lin Zhu,betway,h2h,1.95,1.85,2026-09-30T20:15:58+00:00
2026-09-30T20:16:17.495727+00:00,tennis_wta_china_open,cdd2c64d6e5bb4cbd7521e202aff68d7,Alycia Parks,Lin Zhu,boylesports,h2h,1.91,1.91,2026-09-30T20:16:12+00:00
2026-09-30T20:16:17.495727+00:00,tennis_wta_china_open,cdd2c64d6e5bb4cbd7521e202aff68d7,Alycia Parks,Lin Zhu,casumo,h2h,1.88,1.91,2026-09-30T20:15:22+00:00
2026-09-30T20:16:17.495727+00:00,tennis_wta_china_open,cdd2c64d6e5bb4cbd7521e202aff68d7,Alycia Parks,Lin Zhu,coral,h2h,1.85,1.85,2026-09-30T20:15:58+00:00
2026-09-30T20:16:17.495727+00:00,tennis_wta_china_open,cdd2c64d6e5bb4cbd7521e202aff68d7,Alycia Parks,Lin Zhu,grosvenor,h2h,1.88,1.91,2026-09-30T20:16:12+00:00
2026-09-30T20:16:17.495727+00:00,tennis_wta_china_open,cdd2c64d6e5bb4cbd7521e202aff68d7,Alycia Parks,Lin Zhu,ladbrokes_uk,h2h,1.85,1.85,2026-09-30T20:15:40+00:00
2026-09-30T20:16:17.495727+00:00,tennis_wta_china_open,cdd2c64d6e5bb4cbd7521e202aff68d7,Alycia Parks,Lin Zhu,leovegas,h2h,1.85,1.85,2026-09-30T20:15:23+00:00
2026-09-30T20:16:17.495727+00:00,tennis_wta_china_open,cdd2c64d6e5bb4cbd7521e202aff68d7,Alycia Parks,Lin Zhu,livescorebet,h2h,1.89,1.91,2026-09-30T20:15:23+00:00
2026-09-30T20:16:17.495727+00:00,tennis_wta_china_open,cdd2c64d6e5bb4cbd7521e202aff68d7,Alycia Parks,Lin Zhu,matchbook,h2h,1.95,2.04,2026-09-30T20:16:12+00:00
2026-09-30T20:16:17.495727+00:00,tennis_wta_china_open,cdd2c64d6e5bb4cbd7521e202aff68d7,Alycia Parks,Lin Zhu,paddypower,h2h,1.83,1.91,2026-09-30T20:15:40+00:00
2026-09-30T20:16:17.495727+00:00,tennis_wta_china_open,cdd2c64d6e5bb4cbd7521e202aff68d7,Alycia Parks,Lin Zhu,skybet,h2h,1.83,1.91,2026-09-30T20:15:22+00:00
2026-09-30T20:16:17.495727+00:00,tennis_wta_china_open,cdd2c64d6e5bb4cbd7521e202aff68d7,Alycia Parks,Lin Zhu,smarkets,h2h,1.94,2.0,2026-09-30T20:15:59+00:00
2026-09-30T20:16:17.495727+00:00,tennis_wta_china_open,cdd2c64d6e5bb4cbd7521e202aff68d7,Alycia Parks,Lin Zhu,sport888,h2h,1.91,1.91,2026-09-30T20:15:23+00:00
2026-09-30T20:16:17.495727+00:00,tennis_wta_china_open,cdd2c64d6e5bb4cbd7521e202aff68d7,Alycia Parks,Lin Zhu,unibet_uk,h2h,1.88,1.9,2026-09-30T20:15:44+00:00
2026-09-30T20:16:17.495727+00:00,tennis_wta_china_open,cdd2c64d6e5bb4cbd7521e202aff68d7,Alycia Parks,Lin Zhu,virginbet,h2h,1.89,1.91,2026-09-30T20:15:23+00:00
2026-09-30T20:16:17.495727+00:00,tennis_wta_china_open,cdd2c64d6e5bb4cbd7521e202aff68d7,Alycia Parks,Lin Zhu,williamhill,h2h,1.91,1.91,2026-09-30T20:16:13+00:00
2026-09-30T20:16:17.495727+00:00,tennis_wta_china_open,8e6bcabf08e118f69eedc8e1f8690acb,Eva Lys,Sun Xinran,betfair_ex_uk,h2h,1.43,3.25,2026-09-30T20:16:14+00:00
2026-09-30T20:16:17.495727+00:00,tennis_wta_china_open,8e6bcabf08e118f69eedc8e1f8690acb,Eva Lys,Sun Xinran,betano_uk,h2h,1.44,2.62,2026-09-30T20:14:29+00:00
2026-09-30T20:16:17.495727+00:00,tennis_wta_china_open,8e6bcabf08e118f69eedc8e1f8690acb,Eva Lys,Sun Xinran,betvictor,h2h,1.44,2.62,2026-09-30T20:13:20+00:00
2026-09-30T20:16:17.495727+00:00,tennis_wta_china_open,8e6bcabf08e118f69eedc8e1f8690acb,Eva Lys,Sun Xinran,betway,h2h,1.4,2.9,2026-09-30T20:15:58+00:00
2026-09-30T20:16:17.495727+00:00,tennis_wta_china_open,8e6bcabf08e118f69eedc8e1f8690acb,Eva Lys,Sun Xinran,boylesports,h2h,1.44,2.88,2026-09-30T20:16:12+00:00
2026-09-30T20:16:17.495727+00:00,tennis_wta_china_open,8e6bcabf08e118f69eedc8e1f8690acb,Eva Lys,Sun Xinran,casumo,h2h,1.43,2.85,2026-09-30T20:15:22+00:00
2026-09-30T20:16:17.495727+00:00,tennis_wta_china_open,8e6bcabf08e118f69eedc8e1f8690acb,Eva Lys,Sun Xinran,coral,h2h,1.4,2.75,2026-09-30T20:15:58+00:00
2026-09-30T20:16:17.495727+00:00,tennis_wta_china_open,8e6bcabf08e118f69eedc8e1f8690acb,Eva Lys,Sun Xinran,grosvenor,h2h,1.43,2.85,2026-09-30T20:16:12+00:00
2026-09-30T20:16:17.495727+00:00,tennis_wta_china_open,8e6bcabf08e118f69eedc8e1f8690acb,Eva Lys,Sun Xinran,ladbrokes_uk,h2h,1.4,2.75,2026-09-30T20:15:40+00:00
2026-09-30T20:16:17.495727+00:00,tennis_wta_china_open,8e6bcabf08e118f69eedc8e1f8690acb,Eva Lys,Sun Xinran,leovegas,h2h,1.4,2.75,2026-09-30T20:15:23+00:00
2026-09-30T20:16:17.495727+00:00,tennis_wta_china_open,8e6bcabf08e118f69eedc8e1f8690acb,Eva Lys,Sun Xinran,livescorebet,h2h,1.43,2.85,2026-09-30T20:15:23+00:00
2026-09-30T20:16:17.495727+00:00,tennis_wta_china_open,8e6bcabf08e118f69eedc8e1f8690acb,Eva Lys,Sun Xinran,matchbook,h2h,1.43,3.2,2026-09-30T20:16:12+00:00
2026-09-30T20:16:17.495727+00:00,tennis_wta_china_open,8e6bcabf08e118f69eedc8e1f8690acb,Eva Lys,Sun Xinran,paddypower,h2h,1.4,2.88,2026-09-30T20:15:40+00:00
2026-09-30T20:16:17.495727+00:00,tennis_wta_china_open,8e6bcabf08e118f69eedc8e1f8690acb,Eva Lys,Sun Xinran,skybet,h2h,1.4,2.88,2026-09-30T20:15:22+00:00
2026-09-30T20:16:17.495727+00:00,tennis_wta_china_open,8e6bcabf08e118f69eedc8e1f8690acb,Eva Lys,Sun Xinran,smarkets,h2h,1.41,3.2,2026-09-30T20:15:59+00:00
2026-09-30T20:16:17.495727+00:00,tennis_wta_china_open,8e6bcabf08e118f69eedc8e1f8690acb,Eva Lys,Sun Xinran,sport888,h2h,1.4,2.9,2026-09-30T20:15:23+00:00
2026-09-30T20:16:17.495727+00:00,tennis_wta_china_open,8e6bcabf08e118f69eedc8e1f8690acb,Eva Lys,Sun Xinran,unibet_uk,h2h,1.44,2.75,2026-09-30T20:15:44+00:00
2026-09-30T20:16:17.495727+00:00,tennis_wta_china_open,8e6bcabf08e118f69eedc8e1f8690acb,Eva Lys,Sun Xinran,virginbet,h2h,1.43,2.85,2026-09-30T20:15:23+00:00
2026-09-30T20:16:17.495727+00:00,tennis_wta_china_open,8e6bcabf08e118f69eedc8e1f8690acb,Eva Lys,Sun Xinran,williamhill,h2h,1.4,2.9,2026-09-30T20:16:13+00:00
2026-09-30T20:16:17.495727+00:00,tennis_wta_china_open,1dbc787f80eec3ade10434e51f7e8ff5,Ekaterina Alexandrova,Aliaksandra Sasnovich,betfair_ex_uk,h2h,1.63,2.04,2026-09-30T20:16:14+00:00
2026-09-30T20:16:17.495727+00:00,tennis_wta_china_open,1dbc787f80eec3ade10434e51f7e8ff5,Ekaterina Alexandrova,Aliaksandra Sasnovich,betway,h2h,1.65,2.25,2026-09-30T20:15:58+00:00
2026-09-30T20:16:17.495727+00:00,tennis_wta_china_open,1dbc787f80eec3ade10434e51f7e8ff5,Ekaterina Alexandrova,Aliaksandra Sasnovich,boylesports,h2h,1.62,2.15,2026-09-30T20:16:12+00:00
2026-09-30T20:16:17.495727+00:00,tennis_wta_china_open,1dbc787f80eec3ade10434e51f7e8ff5,Ekaterina Alexandrova,Aliaksandra Sasnovich,casumo,h2h,1.6,2.33,2026-09-30T20:15:22+00:00
2026-09-30T20:16:17.495727+00:00,tennis_wta_china_open,1dbc787f80eec3ade10434e51f7e8ff5,Ekaterina Alexandrova,Aliaksandra Sasnovich,coral,h2h,1.65,2.15,2026-09-30T20:15:58+00:00
2026-09-30T20:16:17.495727+00:00,tennis_wta_china_open,1dbc787f80eec3ade10434e51f7e8ff5,Ekaterina Alexandrova,Aliaksandra Sasnovich,grosvenor,h2h,1.6,2.33,2026-09-30T20:16:12+00:00
2026-09-30T20:16:17.495727+00:00,tennis_wta_china_open,1dbc787f80eec3ade10434e51f7e8ff5,Ekaterina Alexandrova,Aliaksandra Sasnovich,ladbrokes_uk,h2h,1.65,2.15,2026-09-30T20:15:40+00:00
2026-09-30T20:16:17.495727+00:00,tennis_wta_china_open,1dbc787f80eec3ade10434e51f7e8ff5,Ekaterina Alexandrova,Aliaksandra Sasnovich,leovegas,h2h,1.6,2.18,2026-09-30T20:15:23+00:00
2026-09-30T20:16:17.495727+00:00,tennis_wta_china_open,1dbc787f80eec3ade10434e51f7e8ff5,Ekaterina Alexandrova,Aliaksandra Sasnovich,livescorebet,h2h,1.6,2.33,2026-09-30T20:15:23+00:00
2026-09-30T20:16:17.495727+00:00,tennis_wta_china_open,1dbc787f80eec3ade10434e51f7e8ff5,Ekaterina Alexandrova,Aliaksandra Sasnovich,matchbook,h2h,1.49,1.9,2026-09-30T20:16:12+00:00
2026-09-30T20:16:17.495727+00:00,tennis_wta_china_open,1dbc787f80eec3ade10434e51f7e8ff5,Ekaterina Alexandrova,Aliaksandra Sasnovich,paddypower,h2h,1.67,2.2,2026-09-30T20:15:40+00:00
2026-09-30T20:16:17.495727+00:00,tennis_wta_china_open,1dbc787f80eec3ade10434e51f7e8ff5,Ekaterina Alexandrova,Aliaksandra Sasnovich,skybet,h2h,1.67,2.2,2026-09-30T20:15:22+00:00
2026-09-30T20:16:17.495727+00:00,tennis_wta_china_open,1dbc787f80eec3ade10434e51f7e8ff5,Ekaterina Alexandrova,Aliaksandra Sasnovich,smarkets,h2h,1.61,2.06,2026-09-30T20:15:59+00:00
2026-09-30T20:16:17.495727+00:00,tennis_wta_china_open,1dbc787f80eec3ade10434e51f7e8ff5,Ekaterina Alexandrova,Aliaksandra Sasnovich,sport888,h2h,1.67,2.2,2026-09-30T20:15:23+00:00
2026-09-30T20:16:17.495727+00:00,tennis_wta_china_open,1dbc787f80eec3ade10434e51f7e8ff5,Ekaterina Alexandrova,Aliaksandra Sasnovich,unibet_uk,h2h,1.63,2.2,2026-09-30T20:15:44+00:00
2026-09-30T20:16:17.495727+00:00,tennis_wta_china_open,1dbc787f80eec3ade10434e51f7e8ff5,Ekaterina Alexandrova,Aliaksandra Sasnovich,virginbet,h2h,1.6,2.33,2026-09-30T20:15:23+00:00
2026-09-30T20:16:17.495727+00:00,tennis_wta_china_open,1dbc787f80eec3ade10434e51f7e8ff5,Ekaterina Alexandrova,Aliaksandra Sasnovich,williamhill,h2h,1.67,2.2,2026-09-30T20:16:13+00:00
2026-09-30T20:16:17.495727+00:00,tennis_wta_china_open,2380d192906d145f72f594e7106b0471,Anastasia Potapova,Sinja Kraus,betfair_ex_uk,h2h,1.33,3.5,2026-09-30T20:16:14+00:00
2026-09-30T20:16:17.495727+00:00,tennis_wta_china_open,2380d192906d145f72f594e7106b0471,Anastasia Potapova,Sinja Kraus,betway,h2h,1.3,3.5,2026-09-30T20:15:58+00:00
2026-09-30T20:16:17.495727+00:00,tennis_wta_china_open,2380d192906d145f72f594e7106b0471,Anastasia Potapova,Sinja Kraus,boylesports,h2h,1.29,3.25,2026-09-30T20:16:12+00:00
2026-09-30T20:16:17.495727+00:00,tennis_wta_china_open,2380d192906d145f72f594e7106b0471,Anastasia Potapova,Sinja Kraus,casumo,h2h,1.3,3.45,2026-09-30T20:15:22+00:00
2026-09-30T20:16:17.495727+00:00,tennis_wta_china_open,2380d192906d145f72f594e7106b0471,Anastasia Potapova,Sinja Kraus,coral,h2h,1.3,3.4,2026-09-30T20:15:58+00:00
2026-09-30T20:16:17.495727+00:00,tennis_wta_china_open,2380d192906d145f72f594e7106b0471,Anastasia Potapova,Sinja Kraus,grosvenor,h2h,1.3,3.45,2026-09-30T20:16:12+00:00
2026-09-30T20:16:17.495727+00:00,tennis_wta_china_open,2380d192906d145f72f594e7106b0471,Anastasia Potapova,Sinja Kraus,ladbrokes_uk,h2h,1.3,3.4,2026-09-30T20:15:40+00:00
2026-09-30T20:16:17.495727+00:00,tennis_wta_china_open,2380d192906d145f72f594e7106b0471,Anastasia Potapova,Sinja Kraus,leovegas,h2h,1.26,3.45,2026-09-30T20:15:23+00:00
2026-09-30T20:16:17.495727+00:00,tennis_wta_china_open,2380d192906d145f72f594e7106b0471,Anastasia Potapova,Sinja Kraus,livescorebet,h2h,1.3,3.45,2026-09-30T20:15:23+00:00
2026-09-30T20:16:17.495727+00:00,tennis_wta_china_open,2380d192906d145f72f594e7106b0471,Anastasia Potapova,Sinja Kraus,matchbook,h2h,1.25,3.2,2026-09-30T20:16:12+00:00
2026-09-30T20:16:17.495727+00:00,tennis_wta_china_open,2380d192906d145f72f594e7106b0471,Anastasia Potapova,Sinja Kraus,paddypower,h2h,1.3,3.4,2026-09-30T20:15:40+00:00
2026-09-30T20:16:17.495727+00:00,tennis_wta_china_open,2380d192906d145f72f594e7106b0471,Anastasia Potapova,Sinja Kraus,skybet,h2h,1.3,3.5,2026-09-30T20:15:22+00:00
2026-09-30T20:16:17.495727+00:00,tennis_wta_china_open,2380d192906d145f72f594e7106b0471,Anastasia Potapova,Sinja Kraus,smarkets,h2h,1.24,3.2,2026-09-30T20:15:59+00:00
2026-09-30T20:16:17.495727+00:00,tennis_wta_china_open,2380d192906d145f72f594e7106b0471,Anastasia Potapova,Sinja Kraus,sport888,h2h,1.33,3.3,2026-09-30T20:15:23+00:00
2026-09-30T20:16:17.495727+00:00,tennis_wta_china_open,2380d192906d145f72f594e7106b0471,Anastasia Potapova,Sinja Kraus,unibet_uk,h2h,1.28,3.45,2026-09-30T20:15:44+00:00
2026-09-30T20:16:17.495727+00:00,tennis_wta_china_open,2380d192906d145f72f594e7106b0471,Anastasia Potapova,Sinja Kraus,virginbet,h2h,1.3,3.45,2026-09-30T20:15:23+00:00
2026-09-30T20:16:17.495727+00:00,tennis_wta_china_open,2380d192906d145f72f594e7106b0471,Anastasia Potapova,Sinja Kraus,williamhill,h2h,1.33,3.3,2026-09-30T20:16:13+00:00
2026-09-30T20:16:17.495727+00:00,tennis_wta_china_open,b37042990194a603e165f3ffaa66d3e4,Renata Zarazua,Aryna Sabalenka,betfair_ex_uk,h2h,11.0,1.02,2026-09-30T20:16:14+00:00
2026-09-30T20:16:17.495727+00:00,tennis_wta_china_open,b37042990194a603e165f3ffaa66d3e4,Renata Zarazua,Aryna Sabalenka,betway,h2h,23.0,1.01,2026-09-30T20:15:58+00:00
2026-09-30T20:16:17.495727+00:00,tennis_wta_china_open,b37042990194a603e165f3ffaa66d3e4,Renata Zarazua,Aryna Sabalenka,casumo,h2h,18.0,1.02,2026-09-30T20:15:22+00:00
2026-09-30T20:16:17.495727+00:00,tennis_wta_china_open,b37042990194a603e165f3ffaa66d3e4,Renata Zarazua,Aryna Sabalenka,grosvenor,h2h,18.0,1.02,2026-09-30T20:16:12+00:00
2026-09-30T20:16:17.495727+00:00,tennis_wta_china_open,b37042990194a603e165f3ffaa66d3e4,Renata Zarazua,Aryna Sabalenka,leovegas,h2h,11.0,1.01,2026-09-30T20:15:23+00:00
2026-09-30T20:16:17.495727+00:00,tennis_wta_china_open,b37042990194a603e165f3ffaa66d3e4,Renata Zarazua,Aryna Sabalenka,livescorebet,h2h,18.0,1.02,2026-09-30T20:15:23+00:00
2026-09-30T20:16:17.495727+00:00,tennis_wta_china_open,b37042990194a603e165f3ffaa66d3e4,Renata Zarazua,Aryna Sabalenka,matchbook,h2h,9.6,1.01,2026-09-30T20:15:40+00:00
2026-09-30T20:16:17.495727+00:00,tennis_wta_china_open,b37042990194a603e165f3ffaa66d3e4,Renata Zarazua,Aryna Sabalenka,paddypower,h2h,21.0,1.02,2026-09-30T20:15:40+00:00
2026-09-30T20:16:17.495727+00:00,tennis_wta_china_open,b37042990194a603e165f3ffaa66d3e4,Renata Zarazua,Aryna Sabalenka,skybet,h2h,23.0,1.02,2026-09-30T20:15:22+00:00
2026-09-30T20:16:17.495727+00:00,tennis_wta_china_open,b37042990194a603e165f3ffaa66d3e4,Renata Zarazua,Aryna Sabalenka,smarkets,h2h,7.6,1.01,2026-09-30T20:15:59+00:00
2026-09-30T20:16:17.495727+00:00,tennis_wta_china_open,b37042990194a603e165f3ffaa66d3e4,Renata Zarazua,Aryna Sabalenka,sport888,h2h,21.0,1.01,2026-09-30T20:05:10+00:00
2026-09-30T20:16:17.495727+00:00,tennis_wta_china_open,b37042990194a603e165f3ffaa66d3e4,Renata Zarazua,Aryna Sabalenka,unibet_uk,h2h,13.0,1.02,2026-09-30T20:15:44+00:00
2026-09-30T20:16:17.495727+00:00,tennis_wta_china_open,b37042990194a603e165f3ffaa66d3e4,Renata Zarazua,Aryna Sabalenka,virginbet,h2h,18.0,1.02,2026-09-30T20:15:23+00:00
2026-09-30T20:16:17.495727+00:00,tennis_wta_china_open,c7bfd02f55913334369753aa2e15ffd0,Clara Tauson,Polina Kudermetova,betfair_ex_uk,h2h,1.47,2.52,2026-09-30T20:16:14+00:00
2026-09-30T20:16:17.495727+00:00,tennis_wta_china_open,c7bfd02f55913334369753aa2e15ffd0,Clara Tauson,Polina Kudermetova,betway,h2h,1.45,2.75,2026-09-30T20:15:58+00:00
2026-09-30T20:16:17.495727+00:00,tennis_wta_china_open,c7bfd02f55913334369753aa2e15ffd0,Clara Tauson,Polina Kudermetova,boylesports,h2h,1.4,2.7,2026-09-30T20:16:12+00:00
2026-09-30T20:16:17.495727+00:00,tennis_wta_china_open,c7bfd02f55913334369753aa2e15ffd0,Clara Tauson,Polina Kudermetova,casumo,h2h,1.38,3.0,2026-09-30T20:15:22+00:00
2026-09-30T20:16:17.495727+00:00,tennis_wta_china_open,c7bfd02f55913334369753aa2e15ffd0,Clara Tauson,Polina Kudermetova,coral,h2h,1.44,2.7,2026-09-30T20:15:58+00:00
2026-09-30T20:16:17.495727+00:00,tennis_wta_china_open,c7bfd02f55913334369753aa2e15ffd0,Clara Tauson,Polina Kudermetova,grosvenor,h2h,1.38,3.0,2026-09-30T20:16:12+00:00
2026-09-30T20:16:17.495727+00:00,tennis_wta_china_open,c7bfd02f55913334369753aa2e15ffd0,Clara Tauson,Polina Kudermetova,ladbrokes_uk,h2h,1.44,2.7,2026-09-30T20:15:40+00:00
2026-09-30T20:16:17.495727+00:00,tennis_wta_china_open,c7bfd02f55913334369753aa2e15ffd0,Clara Tauson,Polina Kudermetova,leovegas,h2h,1.4,2.7,2026-09-30T20:15:23+00:00
2026-09-30T20:16:17.495727+00:00,tennis_wta_china_open,c7bfd02f55913334369753aa2e15ffd0,Clara Tauson,Polina Kudermetova,livescorebet,h2h,1.38,3.0,2026-09-30T20:15:23+00:00
2026-09-30T20:16:17.495727+00:00,tennis_wta_china_open,c7bfd02f55913334369753aa2e15ffd0,Clara Tauson,Polina Kudermetova,matchbook,h2h,1.4,2.3,2026-09-30T20:15:40+00:00
2026-09-30T20:16:17.495727+00:00,tennis_wta_china_open,c7bfd02f55913334369753aa2e15ffd0,Clara Tauson,Polina Kudermetova,paddypower,h2h,1.4,2.8,2026-09-30T20:15:40+00:00
2026-09-30T20:16:17.495727+00:00,tennis_wta_china_open,c7bfd02f55913334369753aa2e15ffd0,Clara Tauson,Polina Kudermetova,skybet,h2h,1.44,2.88,2026-09-30T20:15:22+00:00
2026-09-30T20:16:17.495727+00:00,tennis_wta_china_open,c7bfd02f55913334369753aa2e15ffd0,Clara Tauson,Polina Kudermetova,smarkets,h2h,1.4,2.56,2026-09-30T20:15:59+00:00
2026-09-30T20:16:17.495727+00:00,tennis_wta_china_open,c7bfd02f55913334369753aa2e15ffd0,Clara Tauson,Polina Kudermetova,sport888,h2h,1.44,2.75,2026-09-30T20:15:23+00:00
2026-09-30T20:16:17.495727+00:00,tennis_wta_china_open,c7bfd02f55913334369753aa2e15ffd0,Clara Tauson,Polina Kudermetova,unibet_uk,h2h,1.42,2.75,2026-09-30T20:15:44+00:00
2026-09-30T20:16:17.495727+00:00,tennis_wta_china_open,c7bfd02f55913334369753aa2e15ffd0,Clara Tauson,Polina Kudermetova,virginbet,h2h,1.38,3.0,2026-09-30T20:15:23+00:00
2026-09-30T20:16:17.495727+00:00,tennis_wta_china_open,c7bfd02f55913334369753aa2e15ffd0,Clara Tauson,Polina Kudermetova,williamhill,h2h,1.44,2.75,2026-09-30T20:16:13+00:00
2026-09-30T20:16:17.495727+00:00,tennis_wta_china_open,06d011dc5546735580a1b8dc0a943f3f,Jasmine Paolini,Daria Snigur,betfair_ex_uk,h2h,1.52,2.34,2026-09-30T20:16:14+00:00
2026-09-30T20:16:17.495727+00:00,tennis_wta_china_open,06d011dc5546735580a1b8dc0a943f3f,Jasmine Paolini,Daria Snigur,betway,h2h,1.5,2.6,2026-09-30T20:15:58+00:00
2026-09-30T20:16:17.495727+00:00,tennis_wta_china_open,06d011dc5546735580a1b8dc0a943f3f,Jasmine Paolini,Daria Snigur,boylesports,h2h,1.5,2.38,2026-09-30T20:16:12+00:00
2026-09-30T20:16:17.495727+00:00,tennis_wta_china_open,06d011dc5546735580a1b8dc0a943f3f,Jasmine Paolini,Daria Snigur,casumo,h2h,1.56,2.43,2026-09-30T20:15:22+00:00
2026-09-30T20:16:17.495727+00:00,tennis_wta_china_open,06d011dc5546735580a1b8dc0a943f3f,Jasmine Paolini,Daria Snigur,coral,h2h,1.55,2.3,2026-09-30T20:15:58+00:00
2026-09-30T20:16:17.495727+00:00,tennis_wta_china_open,06d011dc5546735580a1b8dc0a943f3f,Jasmine Paolini,Daria Snigur,grosvenor,h2h,1.56,2.43,2026-09-30T20:16:12+00:00
2026-09-30T20:16:17.495727+00:00,tennis_wta_china_open,06d011dc5546735580a1b8dc0a943f3f,Jasmine Paolini,Daria Snigur,ladbrokes_uk,h2h,1.55,2.3,2026-09-30T20:15:40+00:00
2026-09-30T20:16:17.495727+00:00,tennis_wta_china_open,06d011dc5546735580a1b8dc0a943f3f,Jasmine Paolini,Daria Snigur,leovegas,h2h,1.5,2.45,2026-09-30T20:15:23+00:00
2026-09-30T20:16:17.495727+00:00,tennis_wta_china_open,06d011dc5546735580a1b8dc0a943f3f,Jasmine Paolini,Daria Snigur,livescorebet,h2h,1.56,2.43,2026-09-30T20:15:23+00:00
2026-09-30T20:16:17.495727+00:00,tennis_wta_china_open,06d011dc5546735580a1b8dc0a943f3f,Jasmine Paolini,Daria Snigur,matchbook,h2h,1.45,2.14,2026-09-30T20:16:12+00:00
2026-09-30T20:16:17.495727+00:00,tennis_wta_china_open,06d011dc5546735580a1b8dc0a943f3f,Jasmine Paolini,Daria Snigur,paddypower,h2h,1.44,2.62,2026-09-30T20:15:40+00:00
2026-09-30T20:16:17.495727+00:00,tennis_wta_china_open,06d011dc5546735580a1b8dc0a943f3f,Jasmine Paolini,Daria Snigur,skybet,h2h,1.5,2.63,2026-09-30T20:15:22+00:00
2026-09-30T20:16:17.495727+00:00,tennis_wta_china_open,06d011dc5546735580a1b8dc0a943f3f,Jasmine Paolini,Daria Snigur,smarkets,h2h,1.45,2.34,2026-09-30T20:15:59+00:00
2026-09-30T20:16:17.495727+00:00,tennis_wta_china_open,06d011dc5546735580a1b8dc0a943f3f,Jasmine Paolini,Daria Snigur,sport888,h2h,1.53,2.5,2026-09-30T20:15:23+00:00
2026-09-30T20:16:17.495727+00:00,tennis_wta_china_open,06d011dc5546735580a1b8dc0a943f3f,Jasmine Paolini,Daria Snigur,unibet_uk,h2h,1.5,2.47,2026-09-30T20:15:44+00:00
2026-09-30T20:16:17.495727+00:00,tennis_wta_china_open,06d011dc5546735580a1b8dc0a943f3f,Jasmine Paolini,Daria Snigur,virginbet,h2h,1.56,2.43,2026-09-30T20:15:23+00:00
2026-09-30T20:16:17.495727+00:00,tennis_wta_china_open,0bc9f29150b8a51f3142b18376c56028,Dayana Yastremska,Maja Chwalinska,betfair_ex_uk,h2h,2.48,1.33,2026-09-30T20:16:14+00:00
2026-09-30T20:16:17.495727+00:00,tennis_wta_china_open,0bc9f29150b8a51f3142b18376c56028,Dayana Yastremska,Maja Chwalinska,betway,h2h,2.75,1.45,2026-09-30T20:15:58+00:00
2026-09-30T20:16:17.495727+00:00,tennis_wta_china_open,0bc9f29150b8a51f3142b18376c56028,Dayana Yastremska,Maja Chwalinska,boylesports,h2h,2.62,1.44,2026-09-30T20:16:12+00:00
2026-09-30T20:16:17.495727+00:00,tennis_wta_china_open,0bc9f29150b8a51f3142b18376c56028,Dayana Yastremska,Maja Chwalinska,casumo,h2h,2.75,1.43,2026-09-30T20:15:22+00:00
2026-09-30T20:16:17.495727+00:00,tennis_wta_china_open,0bc9f29150b8a51f3142b18376c56028,Dayana Yastremska,Maja Chwalinska,coral,h2h,2.6,1.48,2026-09-30T20:15:58+00:00
2026-09-30T20:16:17.495727+00:00,tennis_wta_china_open,0bc9f29150b8a51f3142b18376c56028,Dayana Yastremska,Maja Chwalinska,grosvenor,h2h,2.75,1.43,2026-09-30T20:16:12+00:00
2026-09-30T20:16:17.495727+00:00,tennis_wta_china_open,0bc9f29150b8a51f3142b18376c56028,Dayana Yastremska,Maja Chwalinska,ladbrokes_uk,h2h,2.6,1.48,2026-09-30T20:15:40+00:00
2026-09-30T20:16:17.495727+00:00,tennis_wta_china_open,0bc9f29150b8a51f3142b18376c56028,Dayana Yastremska,Maja Chwalinska,leovegas,h2h,2.6,1.44,2026-09-30T20:15:23+00:00
2026-09-30T20:16:17.495727+00:00,tennis_wta_china_open,0bc9f29150b8a51f3142b18376c56028,Dayana Yastremska,Maja Chwalinska,livescorebet,h2h,2.75,1.44,2026-09-30T20:15:23+00:00
2026-09-30T20:16:17.495727+00:00,tennis_wta_china_open,0bc9f29150b8a51f3142b18376c56028,Dayana Yastremska,Maja Chwalinska,matchbook,h2h,2.26,1.27,2026-09-30T20:16:12+00:00
2026-09-30T20:16:17.495727+00:00,tennis_wta_china_open,0bc9f29150b8a51f3142b18376c56028,Dayana Yastremska,Maja Chwalinska,paddypower,h2h,2.8,1.4,2026-09-30T20:15:40+00:00
2026-09-30T20:16:17.495727+00:00,tennis_wta_china_open,0bc9f29150b8a51f3142b18376c56028,Dayana Yastremska,Maja Chwalinska,skybet,h2h,2.75,1.44,2026-09-30T20:15:22+00:00
2026-09-30T20:16:17.495727+00:00,tennis_wta_china_open,0bc9f29150b8a51f3142b18376c56028,Dayana Yastremska,Maja Chwalinska,smarkets,h2h,2.62,1.4,2026-09-30T20:15:59+00:00
2026-09-30T20:16:17.495727+00:00,tennis_wta_china_open,0bc9f29150b8a51f3142b18376c56028,Dayana Yastremska,Maja Chwalinska,sport888,h2h,2.6,1.5,2026-09-30T20:15:23+00:00
2026-09-30T20:16:17.495727+00:00,tennis_wta_china_open,0bc9f29150b8a51f3142b18376c56028,Dayana Yastremska,Maja Chwalinska,unibet_uk,h2h,2.65,1.44,2026-09-30T20:15:44+00:00
2026-09-30T20:16:17.495727+00:00,tennis_wta_china_open,0bc9f29150b8a51f3142b18376c56028,Dayana Yastremska,Maja Chwalinska,virginbet,h2h,2.75,1.44,2026-09-30T20:15:23+00:00
2026-09-30T20:16:17.495727+00:00,tennis_wta_china_open,0bc9f29150b8a51f3142b18376c56028,Dayana Yastremska,Maja Chwalinska,williamhill,h2h,2.6,1.5,2026-09-30T20:16:13+00:00
2026-09-30T20:16:17.495727+00:00,tennis_wta_china_open,a761717bbb7fdd5111fab1c9044a8360,Janice Tjen,Diana Shnaider,betfair_ex_uk,h2h,3.5,1.22,2026-09-30T20:16:14+00:00
2026-09-30T20:16:17.495727+00:00,tennis_wta_china_open,a761717bbb7fdd5111fab1c9044a8360,Janice Tjen,Diana Shnaider,betway,h2h,3.3,1.33,2026-09-30T20:15:58+00:00
2026-09-30T20:16:17.495727+00:00,tennis_wta_china_open,a761717bbb7fdd5111fab1c9044a8360,Janice Tjen,Diana Shnaider,boylesports,h2h,3.1,1.33,2026-09-30T20:16:12+00:00
2026-09-30T20:16:17.495727+00:00,tennis_wta_china_open,a761717bbb7fdd5111fab1c9044a8360,Janice Tjen,Diana Shnaider,casumo,h2h,3.35,1.33,2026-09-30T20:15:22+00:00
2026-09-30T20:16:17.495727+00:00,tennis_wta_china_open,a761717bbb7fdd5111fab1c9044a8360,Janice Tjen,Diana Shnaider,coral,h2h,3.1,1.33,2026-09-30T20:15:58+00:00
2026-09-30T20:16:17.495727+00:00,tennis_wta_china_open,a761717bbb7fdd5111fab1c9044a8360,Janice Tjen,Diana Shnaider,grosvenor,h2h,3.35,1.33,2026-09-30T20:16:12+00:00
2026-09-30T20:16:17.495727+00:00,tennis_wta_china_open,a761717bbb7fdd5111fab1c9044a8360,Janice Tjen,Diana Shnaider,ladbrokes_uk,h2h,3.1,1.33,2026-09-30T20:15:40+00:00
2026-09-30T20:16:17.495727+00:00,tennis_wta_china_open,a761717bbb7fdd5111fab1c9044a8360,Janice Tjen,Diana Shnaider,leovegas,h2h,3.15,1.3,2026-09-30T20:15:23+00:00
2026-09-30T20:16:17.495727+00:00,tennis_wta_china_open,a761717bbb7fdd5111fab1c9044a8360,Janice Tjen,Diana Shnaider,livescorebet,h2h,3.35,1.33,2026-09-30T20:15:23+00:00
2026-09-30T20:16:17.495727+00:00,tennis_wta_china_open,a761717bbb7fdd5111fab1c9044a8360,Janice Tjen,Diana Shnaider,paddypower,h2h,3.3,1.3,2026-09-30T20:15:40+00:00
2026-09-30T20:16:17.495727+00:00,tennis_wta_china_open,a761717bbb7fdd5111fab1c9044a8360,Janice Tjen,Diana Shnaider,skybet,h2h,3.25,1.33,2026-09-30T20:15:22+00:00
2026-09-30T20:16:17.495727+00:00,tennis_wta_china_open,a761717bbb7fdd5111fab1c9044a8360,Janice Tjen,Diana Shnaider,smarkets,h2h,3.25,1.28,2026-09-30T20:15:59+00:00
2026-09-30T20:16:17.495727+00:00,tennis_wta_china_open,a761717bbb7fdd5111fab1c9044a8360,Janice Tjen,Diana Shnaider,sport888,h2h,3.1,1.36,2026-09-30T20:15:23+00:00
2026-09-30T20:16:17.495727+00:00,tennis_wta_china_open,a761717bbb7fdd5111fab1c9044a8360,Janice Tjen,Diana Shnaider,unibet_uk,h2h,3.15,1.33,2026-09-30T20:15:44+00:00
2026-09-30T20:16:17.495727+00:00,tennis_wta_china_open,a761717bbb7fdd5111fab1c9044a8360,Janice Tjen,Diana Shnaider,virginbet,h2h,3.35,1.33,2026-09-30T20:15:23+00:00
2026-09-30T20:16:17.495727+00:00,tennis_wta_china_open,177a8fed2e48f09f37d171f340187e81,Taylah Preston,Diane Parry,betfair_ex_uk,h2h,2.28,1.64,2026-09-30T20:16:14+00:00
2026-09-30T20:16:17.495727+00:00,tennis_wta_china_open,177a8fed2e48f09f37d171f340187e81,Taylah Preston,Diane Parry,betway,h2h,2.3,1.6,2026-09-30T20:15:58+00:00
2026-09-30T20:16:17.495727+00:00,tennis_wta_china_open,177a8fed2e48f09f37d171f340187e81,Taylah Preston,Diane Parry,boylesports,h2h,2.25,1.57,2026-09-30T20:16:12+00:00
2026-09-30T20:16:17.495727+00:00,tennis_wta_china_open,177a8fed2e48f09f37d171f340187e81,Taylah Preston,Diane Parry,casumo,h2h,2.28,1.63,2026-09-30T20:15:22+00:00
2026-09-30T20:16:17.495727+00:00,tennis_wta_china_open,177a8fed2e48f09f37d171f340187e81,Taylah Preston,Diane Parry,coral,h2h,2.3,1.55,2026-09-30T20:15:58+00:00
2026-09-30T20:16:17.495727+00:00,tennis_wta_china_open,177a8fed2e48f09f37d171f340187e81,Taylah Preston,Diane Parry,grosvenor,h2h,2.28,1.63,2026-09-30T20:16:12+00:00
2026-09-30T20:16:17.495727+00:00,tennis_wta_china_open,177a8fed2e48f09f37d171f340187e81,Taylah Preston,Diane Parry,ladbrokes_uk,h2h,2.3,1.55,2026-09-30T20:15:40+00:00
2026-09-30T20:16:17.495727+00:00,tennis_wta_china_open,177a8fed2e48f09f37d171f340187e81,Taylah Preston,Diane Parry,leovegas,h2h,2.3,1.55,2026-09-30T20:15:23+00:00
2026-09-30T20:16:17.495727+00:00,tennis_wta_china_open,177a8fed2e48f09f37d171f340187e81,Taylah Preston,Diane Parry,livescorebet,h2h,2.28,1.63,2026-09-30T20:15:23+00:00
2026-09-30T20:16:17.495727+00:00,tennis_wta_china_open,177a8fed2e48f09f37d171f340187e81,Taylah Preston,Diane Parry,matchbook,h2h,2.12,1.54,2026-09-30T20:16:12+00:00
2026-09-30T20:16:17.495727+00:00,tennis_wta_china_open,177a8fed2e48f09f37d171f340187e81,Taylah Preston,Diane Parry,paddypower,h2h,2.4,1.57,2026-09-30T20:15:40+00:00
2026-09-30T20:16:17.495727+00:00,tennis_wta_china_open,177a8fed2e48f09f37d171f340187e81,Taylah Preston,Diane Parry,skybet,h2h,2.38,1.57,2026-09-30T20:15:22+00:00
2026-09-30T20:16:17.495727+00:00,tennis_wta_china_open,177a8fed2e48f09f37d171f340187e81,Taylah Preston,Diane Parry,smarkets,h2h,2.18,1.5,2026-09-30T20:15:59+00:00
2026-09-30T20:16:17.495727+00:00,tennis_wta_china_open,177a8fed2e48f09f37d171f340187e81,Taylah Preston,Diane Parry,sport888,h2h,2.3,1.61,2026-09-30T20:15:23+00:00
2026-09-30T20:16:17.495727+00:00,tennis_wta_china_open,177a8fed2e48f09f37d171f340187e81,Taylah Preston,Diane Parry,unibet_uk,h2h,2.33,1.56,2026-09-30T20:15:44+00:00
2026-09-30T20:16:17.495727+00:00,tennis_wta_china_open,177a8fed2e48f09f37d171f340187e81,Taylah Preston,Diane Parry,virginbet,h2h,2.28,1.63,2026-09-30T20:15:23+00:00
2026-09-30T20:16:17.495727+00:00,tennis_wta_china_open,c28011197ff658cb74359f160ce3a8c0,Linda Noskova,Elena Gabriela Ruse,betfair_ex_uk,h2h,1.12,3.4,2026-09-30T20:16:14+00:00
2026-09-30T20:16:17.495727+00:00,tennis_wta_china_open,c28011197ff658cb74359f160ce3a8c0,Linda Noskova,Elena Gabriela Ruse,betway,h2h,1.25,4.0,2026-09-30T20:15:58+00:00
2026-09-30T20:16:17.495727+00:00,tennis_wta_china_open,c28011197ff658cb74359f160ce3a8c0,Linda Noskova,Elena Gabriela Ruse,boylesports,h2h,1.2,4.0,2026-09-30T20:16:12+00:00
2026-09-30T20:16:17.495727+00:00,tennis_wta_china_open,c28011197ff658cb74359f160ce3a8c0,Linda Noskova,Elena Gabriela Ruse,casumo,h2h,1.25,3.9,2026-09-30T20:15:22+00:00
2026-09-30T20:16:17.495727+00:00,tennis_wta_china_open,c28011197ff658cb74359f160ce3a8c0,Linda Noskova,Elena Gabriela Ruse,coral,h2h,1.22,4.2,2026-09-30T20:15:58+00:00
2026-09-30T20:16:17.495727+00:00,tennis_wta_china_open,c28011197ff658cb74359f160ce3a8c0,Linda Noskova,Elena Gabriela Ruse,grosvenor,h2h,1.25,3.9,2026-09-30T20:16:12+00:00
2026-09-30T20:16:17.495727+00:00,tennis_wta_china_open,c28011197ff658cb74359f160ce3a8c0,Linda Noskova,Elena Gabriela Ruse,ladbrokes_uk,h2h,1.22,4.2,2026-09-30T20:15:40+00:00
2026-09-30T20:16:17.495727+00:00,tennis_wta_china_open,c28011197ff658cb74359f160ce3a8c0,Linda Noskova,Elena Gabriela Ruse,leovegas,h2h,1.2,4.0,2026-09-30T20:15:23+00:00
2026-09-30T20:16:17.495727+00:00,tennis_wta_china_open,c28011197ff658cb74359f160ce3a8c0,Linda Noskova,Elena Gabriela Ruse,livescorebet,h2h,1.25,3.9,2026-09-30T20:15:23+00:00
2026-09-30T20:16:17.495727+00:00,tennis_wta_china_open,c28011197ff658cb74359f160ce3a8c0,Linda Noskova,Elena Gabriela Ruse,paddypower,h2h,1.25,3.75,2026-09-30T20:15:40+00:00
2026-09-30T20:16:17.495727+00:00,tennis_wta_china_open,c28011197ff658cb74359f160ce3a8c0,Linda Noskova,Elena Gabriela Ruse,skybet,h2h,1.25,3.75,2026-09-30T20:15:22+00:00
2026-09-30T20:16:17.495727+00:00,tennis_wta_china_open,c28011197ff658cb74359f160ce3a8c0,Linda Noskova,Elena Gabriela Ruse,smarkets,h2h,1.19,3.6,2026-09-30T20:15:59+00:00
2026-09-30T20:16:17.495727+00:00,tennis_wta_china_open,c28011197ff658cb74359f160ce3a8c0,Linda Noskova,Elena Gabriela Ruse,sport888,h2h,1.25,4.0,2026-09-30T20:15:23+00:00
2026-09-30T20:16:17.495727+00:00,tennis_wta_china_open,c28011197ff658cb74359f160ce3a8c0,Linda Noskova,Elena Gabriela Ruse,unibet_uk,h2h,1.22,4.0,2026-09-30T20:15:44+00:00
2026-09-30T20:16:17.495727+00:00,tennis_wta_china_open,c28011197ff658cb74359f160ce3a8c0,Linda Noskova,Elena Gabriela Ruse,virginbet,h2h,1.25,3.9,2026-09-30T20:15:23+00:00
2026-09-30T20:16:17.495727+00:00,tennis_wta_china_open,89255a6b6bc525c2a25cb4950252e042,Karolina Muchova,Katie Boulter,betfair_ex_uk,h2h,1.11,6.0,2026-09-30T20:16:14+00:00
2026-09-30T20:16:17.495727+00:00,tennis_wta_china_open,89255a6b6bc525c2a25cb4950252e042,Karolina Muchova,Katie Boulter,betway,h2h,1.1,7.0,2026-09-30T20:15:58+00:00
2026-09-30T20:16:17.495727+00:00,tennis_wta_china_open,89255a6b6bc525c2a25cb4950252e042,Karolina Muchova,Katie Boulter,boylesports,h2h,1.1,7.0,2026-09-30T20:16:12+00:00
2026-09-30T20:16:17.495727+00:00,tennis_wta_china_open,89255a6b6bc525c2a25cb4950252e042,Karolina Muchova,Katie Boulter,casumo,h2h,1.08,8.0,2026-09-30T20:15:22+00:00
2026-09-30T20:16:17.495727+00:00,tennis_wta_china_open,89255a6b6bc525c2a25cb4950252e042,Karolina Muchova,Katie Boulter,coral,h2h,1.11,6.5,2026-09-30T20:15:58+00:00
2026-09-30T20:16:17.495727+00:00,tennis_wta_china_open,89255a6b6bc525c2a25cb4950252e042,Karolina Muchova,Katie Boulter,grosvenor,h2h,1.08,8.0,2026-09-30T20:16:12+00:00
2026-09-30T20:16:17.495727+00:00,tennis_wta_china_open,89255a6b6bc525c2a25cb4950252e042,Karolina Muchova,Katie Boulter,ladbrokes_uk,h2h,1.11,6.5,2026-09-30T20:15:40+00:00
2026-09-30T20:16:17.495727+00:00,tennis_wta_china_open,89255a6b6bc525c2a25cb4950252e042,Karolina Muchova,Katie Boulter,leovegas,h2h,1.09,6.1,2026-09-30T20:15:23+00:00
2026-09-30T20:16:17.495727+00:00,tennis_wta_china_open,89255a6b6bc525c2a25cb4950252e042,Karolina Muchova,Katie Boulter,livescorebet,h2h,1.08,8.0,2026-09-30T20:15:23+00:00
2026-09-30T20:16:17.495727+00:00,tennis_wta_china_open,89255a6b6bc525c2a25cb4950252e042,Karolina Muchova,Katie Boulter,matchbook,h2h,1.08,5.3,2026-09-30T20:16:12+00:00
2026-09-30T20:16:17.495727+00:00,tennis_wta_china_open,89255a6b6bc525c2a25cb4950252e042,Karolina Muchova,Katie Boulter,paddypower,h2h,1.11,6.5,2026-09-30T20:15:40+00:00
2026-09-30T20:16:17.495727+00:00,tennis_wta_china_open,89255a6b6bc525c2a25cb4950252e042,Karolina Muchova,Katie Boulter,skybet,h2h,1.11,6.5,2026-09-30T20:15:22+00:00
2026-09-30T20:16:17.495727+00:00,tennis_wta_china_open,89255a6b6bc525c2a25cb4950252e042,Karolina Muchova,Katie Boulter,smarkets,h2h,1.08,5.3,2026-09-30T20:15:59+00:00
2026-09-30T20:16:17.495727+00:00,tennis_wta_china_open,89255a6b6bc525c2a25cb4950252e042,Karolina Muchova,Katie Boulter,sport888,h2h,1.11,6.5,2026-09-30T20:15:23+00:00
2026-09-30T20:16:17.495727+00:00,tennis_wta_china_open,89255a6b6bc525c2a25cb4950252e042,Karolina Muchova,Katie Boulter,unibet_uk,h2h,1.1,6.0,2026-09-30T20:15:44+00:00
2026-09-30T20:16:17.495727+00:00,tennis_wta_china_open,89255a6b6bc525c2a25cb4950252e042,Karolina Muchova,Katie Boulter,virginbet,h2h,1.08,8.0,2026-09-30T20:15:23+00:00
2026-09-30T20:16:17.495727+00:00,tennis_wta_china_open,bcac7e4c1b1ca7bc85a4860550ff4af6,Linda Fruhvirtova,Liudmila Samsonova,betfair_ex_uk,h2h,3.9,1.22,2026-09-30T20:16:14+00:00
2026-09-30T20:16:17.495727+00:00,tennis_wta_china_open,bcac7e4c1b1ca7bc85a4860550ff4af6,Linda Fruhvirtova,Liudmila Samsonova,betway,h2h,4.25,1.22,2026-09-30T20:15:58+00:00
2026-09-30T20:16:17.495727+00:00,tennis_wta_china_open,bcac7e4c1b1ca7bc85a4860550ff4af6,Linda Fruhvirtova,Liudmila Samsonova,boylesports,h2h,3.4,1.25,2026-09-30T20:16:12+00:00
2026-09-30T20:16:17.495727+00:00,tennis_wta_china_open,bcac7e4c1b1ca7bc85a4860550ff4af6,Linda Fruhvirtova,Liudmila Samsonova,casumo,h2h,4.1,1.24,2026-09-30T20:15:22+00:00
2026-09-30T20:16:17.495727+00:00,tennis_wta_china_open,bcac7e4c1b1ca7bc85a4860550ff4af6,Linda Fruhvirtova,Liudmila Samsonova,coral,h2h,4.2,1.22,2026-09-30T20:15:58+00:00
2026-09-30T20:16:17.495727+00:00,tennis_wta_china_open,bcac7e4c1b1ca7bc85a4860550ff4af6,Linda Fruhvirtova,Liudmila Samsonova,grosvenor,h2h,4.1,1.24,2026-09-30T20:16:12+00:00
2026-09-30T20:16:17.495727+00:00,tennis_wta_china_open,bcac7e4c1b1ca7bc85a4860550ff4af6,Linda Fruhvirtova,Liudmila Samsonova,ladbrokes_uk,h2h,4.2,1.22,2026-09-30T20:15:40+00:00
2026-09-30T20:16:17.495727+00:00,tennis_wta_china_open,bcac7e4c1b1ca7bc85a4860550ff4af6,Linda Fruhvirtova,Liudmila Samsonova,leovegas,h2h,4.0,1.2,2026-09-30T20:15:23+00:00
2026-09-30T20:16:17.495727+00:00,tennis_wta_china_open,bcac7e4c1b1ca7bc85a4860550ff4af6,Linda Fruhvirtova,Liudmila Samsonova,livescorebet,h2h,4.1,1.24,2026-09-30T20:15:23+00:00
2026-09-30T20:16:17.495727+00:00,tennis_wta_china_open,bcac7e4c1b1ca7bc85a4860550ff4af6,Linda Fruhvirtova,Liudmila Samsonova,paddypower,h2h,4.2,1.22,2026-09-30T20:15:40+00:00
2026-09-30T20:16:17.495727+00:00,tennis_wta_china_open,bcac7e4c1b1ca7bc85a4860550ff4af6,Linda Fruhvirtova,Liudmila Samsonova,skybet,h2h,4.33,1.22,2026-09-30T20:15:22+00:00
2026-09-30T20:16:17.495727+00:00,tennis_wta_china_open,bcac7e4c1b1ca7bc85a4860550ff4af6,Linda Fruhvirtova,Liudmila Samsonova,smarkets,h2h,3.6,1.19,2026-09-30T20:15:59+00:00
2026-09-30T20:16:17.495727+00:00,tennis_wta_china_open,bcac7e4c1b1ca7bc85a4860550ff4af6,Linda Fruhvirtova,Liudmila Samsonova,sport888,h2h,4.2,1.22,2026-09-30T20:15:23+00:00
2026-09-30T20:16:17.495727+00:00,tennis_wta_china_open,bcac7e4c1b1ca7bc85a4860550ff4af6,Linda Fruhvirtova,Liudmila Samsonova,unibet_uk,h2h,4.0,1.22,2026-09-30T20:15:44+00:00
2026-09-30T20:16:17.495727+00:00,tennis_wta_china_open,bcac7e4c1b1ca7bc85a4860550ff4af6,Linda Fruhvirtova,Liudmila Samsonova,virginbet,h2h,4.1,1.24,2026-09-30T20:15:23+00:00
2026-09-30T20:16:17.495727+00:00,tennis_wta_china_open,7449c032f470f787af442e344e67fa30,Sara Bejlek,Maddison Inglis,betfair_ex_uk,h2h,1.35,2.8,2026-09-30T20:16:14+00:00
2026-09-30T20:16:17.495727+00:00,tennis_wta_china_open,7449c032f470f787af442e344e67fa30,Sara Bejlek,Maddison Inglis,betway,h2h,1.3,3.5,2026-09-30T20:15:58+00:00
2026-09-30T20:16:17.495727+00:00,tennis_wta_china_open,7449c032f470f787af442e344e67fa30,Sara Bejlek,Maddison Inglis,boylesports,h2h,1.33,3.1,2026-09-30T20:16:12+00:00
2026-09-30T20:16:17.495727+00:00,tennis_wta_china_open,7449c032f470f787af442e344e67fa30,Sara Bejlek,Maddison Inglis,casumo,h2h,1.29,3.6,2026-09-30T20:15:22+00:00
2026-09-30T20:16:17.495727+00:00,tennis_wta_china_open,7449c032f470f787af442e344e67fa30,Sara Bejlek,Maddison Inglis,coral,h2h,1.35,3.0,2026-09-30T20:15:58+00:00
2026-09-30T20:16:17.495727+00:00,tennis_wta_china_open,7449c032f470f787af442e344e67fa30,Sara Bejlek,Maddison Inglis,grosvenor,h2h,1.29,3.6,2026-09-30T20:16:12+00:00
2026-09-30T20:16:17.495727+00:00,tennis_wta_china_open,7449c032f470f787af442e344e67fa30,Sara Bejlek,Maddison Inglis,ladbrokes_uk,h2h,1.35,3.0,2026-09-30T20:15:40+00:00
2026-09-30T20:16:17.495727+00:00,tennis_wta_china_open,7449c032f470f787af442e344e67fa30,Sara Bejlek,Maddison Inglis,leovegas,h2h,1.33,3.15,2026-09-30T20:15:23+00:00
2026-09-30T20:16:17.495727+00:00,tennis_wta_china_open,7449c032f470f787af442e344e67fa30,Sara Bejlek,Maddison Inglis,livescorebet,h2h,1.29,3.6,2026-09-30T20:15:23+00:00
2026-09-30T20:16:17.495727+00:00,tennis_wta_china_open,7449c032f470f787af442e344e67fa30,Sara Bejlek,Maddison Inglis,matchbook,h2h,1.3,3.15,2026-09-30T20:15:03+00:00
2026-09-30T20:16:17.495727+00:00,tennis_wta_china_open,7449c032f470f787af442e344e67fa30,Sara Bejlek,Maddison Inglis,paddypower,h2h,1.33,3.3,2026-09-30T20:15:40+00:00
2026-09-30T20:16:17.495727+00:00,tennis_wta_china_open,7449c032f470f787af442e344e67fa30,Sara Bejlek,Maddison Inglis,skybet,h2h,1.33,3.25,2026-09-30T20:15:22+00:00
2026-09-30T20:16:17.495727+00:00,tennis_wta_china_open,7449c032f470f787af442e344e67fa30,Sara Bejlek,Maddison Inglis,smarkets,h2h,1.28,2.92,2026-09-30T20:15:59+00:00
2026-09-30T20:16:17.495727+00:00,tennis_wta_china_open,7449c032f470f787af442e344e67fa30,Sara Bejlek,Maddison Inglis,sport888,h2h,1.36,3.1,2026-09-30T20:15:23+00:00
2026-09-30T20:16:17.495727+00:00,tennis_wta_china_open,7449c032f470f787af442e344e67fa30,Sara Bejlek,Maddison Inglis,unibet_uk,h2h,1.32,3.2,2026-09-30T20:15:44+00:00
2026-09-30T20:16:17.495727+00:00,tennis_wta_china_open,7449c032f470f787af442e344e67fa30,Sara Bejlek,Maddison Inglis,virginbet,h2h,1.29,3.6,2026-09-30T20:15:23+00:00
2026-09-30T20:16:17.495727+00:00,tennis_wta_china_open,3dde5244cfdab55db5832aaac7db3017,Nikola Bartunkova,Magdalena Frech,betfair_ex_uk,h2h,1.65,2.34,2026-09-30T20:16:14+00:00
2026-09-30T20:16:17.495727+00:00,tennis_wta_china_open,3dde5244cfdab55db5832aaac7db3017,Nikola Bartunkova,Magdalena Frech,betway,h2h,1.65,2.25,2026-09-30T20:15:58+00:00
2026-09-30T20:16:17.495727+00:00,tennis_wta_china_open,3dde5244cfdab55db5832aaac7db3017,Nikola Bartunkova,Magdalena Frech,casumo,h2h,1.62,2.3,2026-09-30T20:15:22+00:00
2026-09-30T20:16:17.495727+00:00,tennis_wta_china_open,3dde5244cfdab55db5832aaac7db3017,Nikola Bartunkova,Magdalena Frech,grosvenor,h2h,1.62,2.3,2026-09-30T20:16:12+00:00
2026-09-30T20:16:17.495727+00:00,tennis_wta_china_open,3dde5244cfdab55db5832aaac7db3017,Nikola Bartunkova,Magdalena Frech,leovegas,h2h,1.57,2.25,2026-09-30T20:15:23+00:00
2026-09-30T20:16:17.495727+00:00,tennis_wta_china_open,3dde5244cfdab55db5832aaac7db3017,Nikola Bartunkova,Magdalena Frech,livescorebet,h2h,1.62,2.3,2026-09-30T20:15:23+00:00
2026-09-30T20:16:17.495727+00:00,tennis_wta_china_open,3dde5244cfdab55db5832aaac7db3017,Nikola Bartunkova,Magdalena Frech,matchbook,h2h,1.56,1.86,2026-09-30T20:15:40+00:00
2026-09-30T20:16:17.495727+00:00,tennis_wta_china_open,3dde5244cfdab55db5832aaac7db3017,Nikola Bartunkova,Magdalena Frech,paddypower,h2h,1.62,2.3,2026-09-30T20:15:40+00:00
2026-09-30T20:16:17.495727+00:00,tennis_wta_china_open,3dde5244cfdab55db5832aaac7db3017,Nikola Bartunkova,Magdalena Frech,skybet,h2h,1.62,2.25,2026-09-30T20:15:22+00:00
2026-09-30T20:16:17.495727+00:00,tennis_wta_china_open,3dde5244cfdab55db5832aaac7db3017,Nikola Bartunkova,Magdalena Frech,smarkets,h2h,1.53,2.16,2026-09-30T20:15:59+00:00
2026-09-30T20:16:17.495727+00:00,tennis_wta_china_open,3dde5244cfdab55db5832aaac7db3017,Nikola Bartunkova,Magdalena Frech,sport888,h2h,1.61,2.3,2026-09-30T20:15:23+00:00
2026-09-30T20:16:17.495727+00:00,tennis_wta_china_open,3dde5244cfdab55db5832aaac7db3017,Nikola Bartunkova,Magdalena Frech,unibet_uk,h2h,1.6,2.25,2026-09-30T20:15:44+00:00
2026-09-30T20:16:17.495727+00:00,tennis_wta_china_open,3dde5244cfdab55db5832aaac7db3017,Nikola Bartunkova,Magdalena Frech,virginbet,h2h,1.62,2.3,2026-09-30T20:15:23+00:00
2026-09-30T20:16:17.495727+00:00,tennis_wta_china_open,8958206624b4a33ec8d4b659f80725c8,Maria Timofeeva,Naomi Osaka,betfair_ex_uk,h2h,4.3,1.23,2026-09-30T20:16:14+00:00
2026-09-30T20:16:17.495727+00:00,tennis_wta_china_open,8958206624b4a33ec8d4b659f80725c8,Maria Timofeeva,Naomi Osaka,betway,h2h,4.25,1.22,2026-09-30T20:15:58+00:00
2026-09-30T20:16:17.495727+00:00,tennis_wta_china_open,8958206624b4a33ec8d4b659f80725c8,Maria Timofeeva,Naomi Osaka,boylesports,h2h,4.0,1.2,2026-09-30T20:16:12+00:00
2026-09-30T20:16:17.495727+00:00,tennis_wta_china_open,8958206624b4a33ec8d4b659f80725c8,Maria Timofeeva,Naomi Osaka,casumo,h2h,4.6,1.19,2026-09-30T20:15:22+00:00
2026-09-30T20:16:17.495727+00:00,tennis_wta_china_open,8958206624b4a33ec8d4b659f80725c8,Maria Timofeeva,Naomi Osaka,coral,h2h,4.0,1.22,2026-09-30T20:15:58+00:00
2026-09-30T20:16:17.495727+00:00,tennis_wta_china_open,8958206624b4a33ec8d4b659f80725c8,Maria Timofeeva,Naomi Osaka,grosvenor,h2h,4.6,1.19,2026-09-30T20:16:12+00:00
2026-09-30T20:16:17.495727+00:00,tennis_wta_china_open,8958206624b4a33ec8d4b659f80725c8,Maria Timofeeva,Naomi Osaka,ladbrokes_uk,h2h,4.0,1.22,2026-09-30T20:15:40+00:00
2026-09-30T20:16:17.495727+00:00,tennis_wta_china_open,8958206624b4a33ec8d4b659f80725c8,Maria Timofeeva,Naomi Osaka,leovegas,h2h,4.05,1.2,2026-09-30T20:15:23+00:00
2026-09-30T20:16:17.495727+00:00,tennis_wta_china_open,8958206624b4a33ec8d4b659f80725c8,Maria Timofeeva,Naomi Osaka,livescorebet,h2h,4.6,1.19,2026-09-30T20:15:23+00:00
2026-09-30T20:16:17.495727+00:00,tennis_wta_china_open,8958206624b4a33ec8d4b659f80725c8,Maria Timofeeva,Naomi Osaka,matchbook,h2h,3.85,1.2,2026-09-30T20:16:12+00:00
2026-09-30T20:16:17.495727+00:00,tennis_wta_china_open,8958206624b4a33ec8d4b659f80725c8,Maria Timofeeva,Naomi Osaka,paddypower,h2h,4.5,1.17,2026-09-30T20:15:40+00:00
2026-09-30T20:16:17.495727+00:00,tennis_wta_china_open,8958206624b4a33ec8d4b659f80725c8,Maria Timofeeva,Naomi Osaka,skybet,h2h,4.5,1.2,2026-09-30T20:15:22+00:00
2026-09-30T20:16:17.495727+00:00,tennis_wta_china_open,8958206624b4a33ec8d4b659f80725c8,Maria Timofeeva,Naomi Osaka,smarkets,h2h,4.0,1.18,2026-09-30T20:15:59+00:00
2026-09-30T20:16:17.495727+00:00,tennis_wta_china_open,8958206624b4a33ec8d4b659f80725c8,Maria Timofeeva,Naomi Osaka,sport888,h2h,4.2,1.22,2026-09-30T20:15:23+00:00
2026-09-30T20:16:17.495727+00:00,tennis_wta_china_open,8958206624b4a33ec8d4b659f80725c8,Maria Timofeeva,Naomi Osaka,unibet_uk,h2h,4.1,1.21,2026-09-30T20:15:44+00:00
2026-09-30T20:16:17.495727+00:00,tennis_wta_china_open,8958206624b4a33ec8d4b659f80725c8,Maria Timofeeva,Naomi Osaka,virginbet,h2h,4.6,1.19,2026-09-30T20:15:23+00:00
2026-09-30T20:16:17.495727+00:00,tennis_wta_china_open,e4249631b25378db4350945e30d1e9a1,Yue Yuan,Mirra Andreeva,betfair_ex_uk,h2h,7.6,1.09,2026-09-30T20:16:14+00:00
2026-09-30T20:16:17.495727+00:00,tennis_wta_china_open,e4249631b25378db4350945e30d1e9a1,Yue Yuan,Mirra Andreeva,betway,h2h,9.5,1.05,2026-09-30T20:15:58+00:00
2026-09-30T20:16:17.495727+00:00,tennis_wta_china_open,e4249631b25378db4350945e30d1e9a1,Yue Yuan,Mirra Andreeva,boylesports,h2h,10.0,1.06,2026-09-30T20:16:12+00:00
2026-09-30T20:16:17.495727+00:00,tennis_wta_china_open,e4249631b25378db4350945e30d1e9a1,Yue Yuan,Mirra Andreeva,casumo,h2h,8.5,1.07,2026-09-30T20:15:22+00:00
2026-09-30T20:16:17.495727+00:00,tennis_wta_china_open,e4249631b25378db4350945e30d1e9a1,Yue Yuan,Mirra Andreeva,coral,h2h,8.5,1.07,2026-09-30T20:15:58+00:00
2026-09-30T20:16:17.495727+00:00,tennis_wta_china_open,e4249631b25378db4350945e30d1e9a1,Yue Yuan,Mirra Andreeva,grosvenor,h2h,8.5,1.07,2026-09-30T20:16:12+00:00
2026-09-30T20:16:17.495727+00:00,tennis_wta_china_open,e4249631b25378db4350945e30d1e9a1,Yue Yuan,Mirra Andreeva,ladbrokes_uk,h2h,8.5,1.07,2026-09-30T20:15:40+00:00
2026-09-30T20:16:17.495727+00:00,tennis_wta_china_open,e4249631b25378db4350945e30d1e9a1,Yue Yuan,Mirra Andreeva,leovegas,h2h,8.25,1.04,2026-09-30T20:15:23+00:00
2026-09-30T20:16:17.495727+00:00,tennis_wta_china_open,e4249631b25378db4350945e30d1e9a1,Yue Yuan,Mirra Andreeva,livescorebet,h2h,8.5,1.07,2026-09-30T20:15:23+00:00
2026-09-30T20:16:17.495727+00:00,tennis_wta_china_open,e4249631b25378db4350945e30d1e9a1,Yue Yuan,Mirra Andreeva,matchbook,h2h,6.8,1.08,2026-09-30T20:16:12+00:00
2026-09-30T20:16:17.495727+00:00,tennis_wta_china_open,e4249631b25378db4350945e30d1e9a1,Yue Yuan,Mirra Andreeva,paddypower,h2h,10.0,1.06,2026-09-30T20:15:40+00:00
2026-09-30T20:16:17.495727+00:00,tennis_wta_china_open,e4249631b25378db4350945e30d1e9a1,Yue Yuan,Mirra Andreeva,skybet,h2h,10.0,1.05,2026-09-30T20:15:22+00:00
2026-09-30T20:16:17.495727+00:00,tennis_wta_china_open,e4249631b25378db4350945e30d1e9a1,Yue Yuan,Mirra Andreeva,smarkets,h2h,6.2,1.04,2026-09-30T20:15:59+00:00
2026-09-30T20:16:17.495727+00:00,tennis_wta_china_open,e4249631b25378db4350945e30d1e9a1,Yue Yuan,Mirra Andreeva,sport888,h2h,9.0,1.06,2026-09-30T20:15:23+00:00
2026-09-30T20:16:17.495727+00:00,tennis_wta_china_open,e4249631b25378db4350945e30d1e9a1,Yue Yuan,Mirra Andreeva,unibet_uk,h2h,8.0,1.05,2026-09-30T20:15:44+00:00
2026-09-30T20:16:17.495727+00:00,tennis_wta_china_open,e4249631b25378db4350945e30d1e9a1,Yue Yuan,Mirra Andreeva,virginbet,h2h,8.5,1.07,2026-09-30T20:15:23+00:00
2026-09-30T20:16:17.495727+00:00,tennis_wta_china_open,ef4ff818626aa7b2551f510cb801c425,Viktorija Golubic,Peyton Stearns,betfair_ex_uk,h2h,2.04,1.18,2026-09-30T20:16:14+00:00
2026-09-30T20:16:17.495727+00:00,tennis_wta_china_open,ef4ff818626aa7b2551f510cb801c425,Viktorija Golubic,Peyton Stearns,betway,h2h,2.4,1.55,2026-09-30T20:15:58+00:00
2026-09-30T20:16:17.495727+00:00,tennis_wta_china_open,ef4ff818626aa7b2551f510cb801c425,Viktorija Golubic,Peyton Stearns,boylesports,h2h,2.3,1.53,2026-09-30T20:16:12+00:00
2026-09-30T20:16:17.495727+00:00,tennis_wta_china_open,ef4ff818626aa7b2551f510cb801c425,Viktorija Golubic,Peyton Stearns,casumo,h2h,2.38,1.57,2026-09-30T20:15:22+00:00
2026-09-30T20:16:17.495727+00:00,tennis_wta_china_open,ef4ff818626aa7b2551f510cb801c425,Viktorija Golubic,Peyton Stearns,coral,h2h,2.3,1.55,2026-09-30T20:15:58+00:00
2026-09-30T20:16:17.495727+00:00,tennis_wta_china_open,ef4ff818626aa7b2551f510cb801c425,Viktorija Golubic,Peyton Stearns,grosvenor,h2h,2.38,1.57,2026-09-30T20:16:12+00:00
2026-09-30T20:16:17.495727+00:00,tennis_wta_china_open,ef4ff818626aa7b2551f510cb801c425,Viktorija Golubic,Peyton Stearns,ladbrokes_uk,h2h,2.3,1.55,2026-09-30T20:15:40+00:00
2026-09-30T20:16:17.495727+00:00,tennis_wta_china_open,ef4ff818626aa7b2551f510cb801c425,Viktorija Golubic,Peyton Stearns,leovegas,h2h,2.35,1.53,2026-09-30T20:15:23+00:00
2026-09-30T20:16:17.495727+00:00,tennis_wta_china_open,ef4ff818626aa7b2551f510cb801c425,Viktorija Golubic,Peyton Stearns,livescorebet,h2h,2.38,1.58,2026-09-30T20:15:23+00:00
2026-09-30T20:16:17.495727+00:00,tennis_wta_china_open,ef4ff818626aa7b2551f510cb801c425,Viktorija Golubic,Peyton Stearns,matchbook,h2h,1.98,1.35,2026-09-30T20:13:25+00:00
2026-09-30T20:16:17.495727+00:00,tennis_wta_china_open,ef4ff818626aa7b2551f510cb801c425,Viktorija Golubic,Peyton Stearns,paddypower,h2h,2.4,1.53,2026-09-30T20:15:40+00:00
2026-09-30T20:16:17.495727+00:00,tennis_wta_china_open,ef4ff818626aa7b2551f510cb801c425,Viktorija Golubic,Peyton Stearns,skybet,h2h,2.38,1.57,2026-09-30T20:15:22+00:00
2026-09-30T20:16:17.495727+00:00,tennis_wta_china_open,ef4ff818626aa7b2551f510cb801c425,Viktorija Golubic,Peyton Stearns,smarkets,h2h,2.22,1.49,2026-09-30T20:15:59+00:00
2026-09-30T20:16:17.495727+00:00,tennis_wta_china_open,ef4ff818626aa7b2551f510cb801c425,Viktorija Golubic,Peyton Stearns,sport888,h2h,2.38,1.57,2026-09-30T20:15:23+00:00
2026-09-30T20:16:17.495727+00:00,tennis_wta_china_open,ef4ff818626aa7b2551f510cb801c425,Viktorija Golubic,Peyton Stearns,unibet_uk,h2h,2.35,1.55,2026-09-30T20:15:44+00:00
2026-09-30T20:16:17.495727+00:00,tennis_wta_china_open,ef4ff818626aa7b2551f510cb801c425,Viktorija Golubic,Peyton Stearns,virginbet,h2h,2.38,1.58,2026-09-30T20:15:23+00:00
