date,sport,competition,event,market,selection,bookmaker,available_odds,estimated_probability,fair_odds,confidence,uncertainty,historical_statistical_support,current_context,expected_payout,ev_value_indicator,risk,recommended_stake,grade,reason,model_version,price_timestamp,research_grade,money_decision,money_qualified,money_rejection_reason,kickoff_time
2026-10-10,football,Serie A,Inter Milan v Parma,1x2,away,Betfair,24.0,0.05459911460895229,18.315315315315313,High,0.007301524924619458,21,,0.0,0.31037875061485487,adequate,0.0,B,net EV/edge below Grade A thresholds; paper trade only,daily-engine-v1.1.0-odds-api,2026-10-08T14:28:00.276280+00:00,B,PAPER_ONLY,False,kickoff is 49.5h away -- outside the configured 24h money-event horizon; estimated probability 5.5% is below the 50% money-qualification floor,2026-10-10T16:00:00Z
2026-10-10,football,Ligue 1,Paris Saint Germain v Le Mans FC,1x2,away,Betfair Sportsbook,31.0,0.04094276795740748,24.424337920687094,High,0.004227230530177679,20,,0.0,0.2692258066796318,adequate,0.0,B,net EV/edge below Grade A thresholds; paper trade only,daily-engine-v1.1.0-odds-api,2026-10-08T14:28:00.276280+00:00,B,PAPER_ONLY,False,kickoff is 52.3h away -- outside the configured 24h money-event horizon; estimated probability 4.1% is below the 50% money-qualification floor,2026-10-10T18:45:00Z
2026-10-10,football,La Liga,Barcelona v Getafe,1x2,away,Betfair,30.0,0.04104405244616319,24.364065934076166,High,0.005055584074519553,20,,0.0,0.23132157338489556,adequate,0.0,B,net EV/edge below Grade A thresholds; paper trade only,daily-engine-v1.1.0-odds-api,2026-10-08T14:28:00.276280+00:00,B,PAPER_ONLY,False,kickoff is 50.0h away -- outside the configured 24h money-event horizon; estimated probability 4.1% is below the 50% money-qualification floor,2026-10-10T16:30:00Z
2026-10-10,football,La Liga,Barcelona v Getafe,1x2,draw,Smarkets,16.5,0.0736507526511401,13.577593765221627,High,0.011301892057004907,20,,0.0,0.21523741874381153,adequate,0.0,B,net EV/edge below Grade A thresholds; paper trade only,daily-engine-v1.1.0-odds-api,2026-10-08T14:28:00.276280+00:00,B,PAPER_ONLY,False,kickoff is 50.0h away -- outside the configured 24h money-event horizon; estimated probability 7.4% is below the 50% money-qualification floor,2026-10-10T16:30:00Z
2026-10-10,football,Scottish Premiership,Rangers v Kilmarnock,1x2,away,Betfair,19.5,0.06147091108671789,16.267857142857142,High,0.006010419709598287,20,,0.0,0.19868276619099878,adequate,0.0,B,net EV/edge below Grade A thresholds; paper trade only,daily-engine-v1.1.0-odds-api,2026-10-08T14:28:00.276280+00:00,B,PAPER_ONLY,False,kickoff is 47.5h away -- outside the configured 24h money-event horizon; estimated probability 6.1% is below the 50% money-qualification floor,2026-10-10T14:00:00Z
2026-10-10,football,Ligue 1,Paris Saint Germain v Le Mans FC,1x2,draw,Betfair,15.0,0.07837633782495629,12.758952864490485,High,0.008122418471109867,20,,0.0,0.17564506737434438,adequate,0.0,B,net EV/edge below Grade A thresholds; paper trade only,daily-engine-v1.1.0-odds-api,2026-10-08T14:28:00.276280+00:00,B,PAPER_ONLY,False,kickoff is 52.3h away -- outside the configured 24h money-event horizon; estimated probability 7.8% is below the 50% money-qualification floor,2026-10-10T18:45:00Z
2026-10-10,football,Bundesliga,Augsburg v Bayern Munich,1x2,draw,Smarkets,10.0,0.11655472145397076,8.579661016949153,High,0.009146219707822936,21,,0.0,0.16554721453970755,adequate,0.0,B,net EV/edge below Grade A thresholds; paper trade only,daily-engine-v1.1.0-odds-api,2026-10-08T14:28:00.276280+00:00,B,PAPER_ONLY,False,kickoff is 47.0h away -- outside the configured 24h money-event horizon; estimated probability 11.7% is below the 50% money-qualification floor,2026-10-10T13:30:00Z
2026-10-09,football,Bundesliga,Borussia Dortmund v Werder Bremen,1x2,away,Betfair,9.4,0.12093023255813955,8.269230769230768,High,0.009007102283563578,21,,0.0,0.13674418604651184,adequate,0.0,B,net EV/edge below Grade A thresholds; paper trade only,daily-engine-v1.1.0-odds-api,2026-10-08T14:28:00.276280+00:00,B,PAPER_ONLY,False,kickoff is 28.0h away -- outside the configured 24h money-event horizon; estimated probability 12.1% is below the 50% money-qualification floor,2026-10-09T18:30:00Z
2026-10-17,football,Eredivisie,ADO Den Haag v PSV Eindhoven,1x2,home,Grosvenor,11.0,0.10309278350515462,9.700000000000001,High,0.010986963628770628,12,,0.0,0.1340206185567009,adequate,0.0,B,net EV/edge below Grade A thresholds; paper trade only,daily-engine-v1.1.0-odds-api,2026-10-08T14:28:00.276280+00:00,B,PAPER_ONLY,False,kickoff is 216.0h away -- outside the configured 24h money-event horizon; estimated probability 10.3% is below the 50% money-qualification floor,2026-10-17T14:30:00Z
2026-10-10,football,La Liga,Real Madrid v Villarreal,1x2,away,Smarkets,8.6,0.1316460100021744,7.5961284355179695,High,0.01216650358817287,20,,0.0,0.13215568601869987,adequate,0.0,B,net EV/edge below Grade A thresholds; paper trade only,daily-engine-v1.1.0-odds-api,2026-10-08T14:28:00.276280+00:00,B,PAPER_ONLY,False,kickoff is 52.5h away -- outside the configured 24h money-event horizon; estimated probability 13.2% is below the 50% money-qualification floor,2026-10-10T19:00:00Z
2026-10-10,football,Serie A,Inter Milan v Parma,1x2,draw,Smarkets,10.0,0.11148903024795534,8.969492314857941,High,0.006911793667990153,21,,0.0,0.11489030247955345,adequate,0.0,B,net EV/edge below Grade A thresholds; paper trade only,daily-engine-v1.1.0-odds-api,2026-10-08T14:28:00.276280+00:00,B,PAPER_ONLY,False,kickoff is 49.5h away -- outside the configured 24h money-event horizon; estimated probability 11.1% is below the 50% money-qualification floor,2026-10-10T16:00:00Z
2026-10-18,football,Eredivisie,SC Cambuur v AZ Alkmaar,1x2,home,Grosvenor,8.5,0.1309900822670723,7.6341657528020015,High,0.013468107425114735,12,,0.0,0.11341569927011452,adequate,0.0,B,net EV/edge below Grade A thresholds; paper trade only,daily-engine-v1.1.0-odds-api,2026-10-08T14:28:00.276280+00:00,B,PAPER_ONLY,False,kickoff is 238.0h away -- outside the configured 24h money-event horizon; estimated probability 13.1% is below the 50% money-qualification floor,2026-10-18T12:30:00Z
2026-10-09,football,Eredivisie,PSV Eindhoven v Heerenveen,1x2,away,Betfair,11.0,0.10087933561309231,9.912832929782084,High,0.011167556523767974,19,,0.0,0.10967269174401562,adequate,0.0,B,net EV/edge below Grade A thresholds; paper trade only,daily-engine-v1.1.0-odds-api,2026-10-08T14:28:00.276280+00:00,B,PAPER_ONLY,False,kickoff is 27.5h away -- outside the configured 24h money-event horizon; estimated probability 10.1% is below the 50% money-qualification floor,2026-10-09T18:00:00Z
2026-10-11,football,Bundesliga,SC Freiburg v FC Schalke 04,1x2,away,Smarkets,5.6,0.19738317757009344,5.066287878787879,High,0.009086331028787599,21,,0.0,0.10534579439252312,adequate,0.0,B,net EV/edge below Grade A thresholds; paper trade only,daily-engine-v1.1.0-odds-api,2026-10-08T14:28:00.276280+00:00,B,PAPER_ONLY,False,kickoff is 73.0h away -- outside the configured 24h money-event horizon; estimated probability 19.7% is below the 50% money-qualification floor,2026-10-11T15:30:00Z
2026-10-10,football,Bundesliga,Augsburg v Bayern Munich,1x2,home,Smarkets,13.0,0.0848269912776766,11.788700564971753,High,0.008501972070236752,21,,0.0,0.10275088660979581,adequate,0.0,B,net EV/edge below Grade A thresholds; paper trade only,daily-engine-v1.1.0-odds-api,2026-10-08T14:28:00.276280+00:00,B,PAPER_ONLY,False,kickoff is 47.0h away -- outside the configured 24h money-event horizon; estimated probability 8.5% is below the 50% money-qualification floor,2026-10-10T13:30:00Z
2026-10-18,football,La Liga,Real Madrid v Sevilla,1x2,away,Betfair,12.0,0.09158173680314946,10.919207637975374,High,0.00783882250847799,14,,0.0,0.09898084163779353,adequate,0.0,B,net EV/edge below Grade A thresholds; paper trade only,daily-engine-v1.1.0-odds-api,2026-10-08T14:28:00.276280+00:00,B,PAPER_ONLY,False,kickoff is 244.5h away -- outside the configured 24h money-event horizon; estimated probability 9.2% is below the 50% money-qualification floor,2026-10-18T19:00:00Z
2026-10-10,football,Ligue 1,Lille v Le Havre,1x2,away,Betfair,7.8,0.14077215041854133,7.103677801516971,High,0.006500291260303099,20,,0.0,0.09802277326462228,adequate,0.0,B,net EV/edge below Grade A thresholds; paper trade only,daily-engine-v1.1.0-odds-api,2026-10-08T14:28:00.276280+00:00,B,PAPER_ONLY,False,kickoff is 48.8h away -- outside the configured 24h money-event horizon; estimated probability 14.1% is below the 50% money-qualification floor,2026-10-10T15:15:00Z
2026-10-17,football,Premier League,Manchester City v Ipswich Town,1x2,away,Betfair,13.5,0.08095485210171251,12.352564102564102,High,0.0082003886034773,17,,0.0,0.09289050337311888,adequate,0.0,B,net EV/edge below Grade A thresholds; paper trade only,daily-engine-v1.1.0-odds-api,2026-10-08T14:28:00.276280+00:00,B,PAPER_ONLY,False,kickoff is 215.5h away -- outside the configured 24h money-event horizon; estimated probability 8.1% is below the 50% money-qualification floor,2026-10-17T14:00:00Z
2026-10-17,football,Premier League,Manchester City v Ipswich Town,1x2,draw,Betfair,7.6,0.14371257485029942,6.958333333333332,High,0.006678295088164912,17,,0.0,0.09221556886227555,adequate,0.0,B,net EV/edge below Grade A thresholds; paper trade only,daily-engine-v1.1.0-odds-api,2026-10-08T14:28:00.276280+00:00,B,PAPER_ONLY,False,kickoff is 215.5h away -- outside the configured 24h money-event horizon; estimated probability 14.4% is below the 50% money-qualification floor,2026-10-17T14:00:00Z
2026-10-10,football,League One,Stockport County FC v Barnsley,1x2,away,Betfred (UK),7.0,0.15563349408154314,6.425352112676058,High,0.009533272983389771,21,,0.0,0.08943445857080201,adequate,0.0,B,net EV/edge below Grade A thresholds; paper trade only,daily-engine-v1.1.0-odds-api,2026-10-08T14:28:00.276280+00:00,B,PAPER_ONLY,False,kickoff is 47.5h away -- outside the configured 24h money-event horizon; estimated probability 15.6% is below the 50% money-qualification floor,2026-10-10T14:00:00Z
2026-10-10,football,Premier League,Arsenal v Leeds United,1x2,away,Betfair,9.2,0.11829537105069801,8.453416149068323,High,0.008064995978327215,21,,0.0,0.08831741366642154,adequate,0.0,B,net EV/edge below Grade A thresholds; paper trade only,daily-engine-v1.1.0-odds-api,2026-10-08T14:28:00.276280+00:00,B,PAPER_ONLY,False,kickoff is 45.0h away -- outside the configured 24h money-event horizon; estimated probability 11.8% is below the 50% money-qualification floor,2026-10-10T11:30:00Z
2026-10-09,football,2. Bundesliga,1. FC Heidenheim v 1. FC Kaiserslautern,1x2,away,Betfair,4.4,0.24719318962934245,4.045418894830659,High,0.0119939576554663,19,,0.0,0.0876500343691069,adequate,0.0,B,net EV/edge below Grade A thresholds; paper trade only,daily-engine-v1.1.0-odds-api,2026-10-08T14:28:00.276280+00:00,B,PAPER_ONLY,False,kickoff is 26.0h away -- outside the configured 24h money-event horizon; estimated probability 24.7% is below the 50% money-qualification floor,2026-10-09T16:30:00Z
2026-10-09,football,Championship,West Ham United v Queens Park Rangers,1x2,away,Betfair,6.8,0.15887098801115945,6.294415440594841,High,0.011145997954391241,21,,0.0,0.08032271847588424,adequate,0.0,B,net EV/edge below Grade A thresholds; paper trade only,daily-engine-v1.1.0-odds-api,2026-10-08T14:28:00.276280+00:00,B,PAPER_ONLY,False,kickoff is 28.5h away -- outside the configured 24h money-event horizon; estimated probability 15.9% is below the 50% money-qualification floor,2026-10-09T19:00:00Z
2026-10-10,football,Primeira Liga,CS Maritimo v FC Porto,1x2,home,Matchbook,11.0,0.09798911140367311,10.205215515022163,High,0.005934693420201643,20,,0.0,0.07788022544040418,adequate,0.0,B,net EV/edge below Grade A thresholds; paper trade only,daily-engine-v1.1.0-odds-api,2026-10-08T14:28:00.276280+00:00,B,PAPER_ONLY,False,kickoff is 50.5h away -- outside the configured 24h money-event horizon; estimated probability 9.8% is below the 50% money-qualification floor,2026-10-10T17:00:00Z
2026-10-11,football,La Liga,Real Betis v CA Osasuna,1x2,away,Smarkets,6.4,0.1680765027026001,5.949671631194229,High,0.007267626865236809,20,,0.0,0.0756896172966407,adequate,0.0,B,net EV/edge below Grade A thresholds; paper trade only,daily-engine-v1.1.0-odds-api,2026-10-08T14:28:00.276280+00:00,B,PAPER_ONLY,False,kickoff is 74.0h away -- outside the configured 24h money-event horizon; estimated probability 16.8% is below the 50% money-qualification floor,2026-10-11T16:30:00Z
2026-10-11,football,Serie A,Lazio v Monza,1x2,away,Smarkets,6.4,0.16805160418016393,5.950553134428428,High,0.008446988025394397,21,,0.0,0.0755302667530493,adequate,0.0,B,net EV/edge below Grade A thresholds; paper trade only,daily-engine-v1.1.0-odds-api,2026-10-08T14:28:00.276280+00:00,B,PAPER_ONLY,False,kickoff is 70.5h away -- outside the configured 24h money-event horizon; estimated probability 16.8% is below the 50% money-qualification floor,2026-10-11T13:00:00Z
2026-10-11,football,Eredivisie,FC Utrecht v Willem II,1x2,away,Grosvenor,6.4,0.16771569671734288,5.962471131639723,Low,0.0774248646697009,19,,0.0,0.07338045899099443,adequate,0.0,B,net EV/edge below Grade A thresholds; paper trade only,daily-engine-v1.1.0-odds-api,2026-10-08T14:28:00.276280+00:00,B,PAPER_ONLY,False,"kickoff is 67.8h away -- outside the configured 24h money-event horizon; confidence 'Low' is not eligible for real-money qualification (requires one of ['High'], or ['Medium'] with every other requirement strong)",2026-10-11T10:15:00Z
2026-10-18,football,Serie A,Juventus v Lazio,1x2,away,Betfair,5.8,0.18501479861021747,5.4049730481655365,High,0.007293040560155282,15,,0.0,0.07308583193926133,adequate,0.0,B,net EV/edge below Grade A thresholds; paper trade only,daily-engine-v1.1.0-odds-api,2026-10-08T14:28:00.276280+00:00,B,PAPER_ONLY,False,kickoff is 244.3h away -- outside the configured 24h money-event horizon; estimated probability 18.5% is below the 50% money-qualification floor,2026-10-18T18:45:00Z
2026-10-10,football,Belgian Pro League,Genk v KV Kortrijk,1x2,away,Betfair,7.6,0.14109742441209405,7.087301587301588,High,0.009237544081256838,19,,0.0,0.07234042553191478,adequate,0.0,B,net EV/edge below Grade A thresholds; paper trade only,daily-engine-v1.1.0-odds-api,2026-10-08T14:28:00.276280+00:00,B,PAPER_ONLY,False,kickoff is 52.3h away -- outside the configured 24h money-event horizon; estimated probability 14.1% is below the 50% money-qualification floor,2026-10-10T18:45:00Z
2026-10-10,football,Belgian Pro League,Cercle Brugge KSV v Anderlecht,1x2,home,Grosvenor,3.95,0.27058260582231675,3.695729061965902,High,0.013640545668900245,18,,0.0,0.06880129299815119,adequate,0.0,B,net EV/edge below Grade A thresholds; paper trade only,daily-engine-v1.1.0-odds-api,2026-10-08T14:28:00.276280+00:00,B,PAPER_ONLY,False,kickoff is 47.5h away -- outside the configured 24h money-event horizon; estimated probability 27.1% is below the 50% money-qualification floor,2026-10-10T14:00:00Z
2026-10-17,football,Bundesliga,Union Berlin v Borussia Dortmund,1x2,home,Grosvenor,5.2,0.20539062425689625,4.868771413583275,High,0.012241946929083982,16,,0.0,0.06803124613586053,adequate,0.0,B,net EV/edge below Grade A thresholds; paper trade only,daily-engine-v1.1.0-odds-api,2026-10-08T14:28:00.276280+00:00,B,PAPER_ONLY,False,kickoff is 215.0h away -- outside the configured 24h money-event horizon; estimated probability 20.5% is below the 50% money-qualification floor,2026-10-17T13:30:00Z
2026-10-10,football,Belgian Pro League,RAAL La Louvière v Club Brugge,1x2,home,Grosvenor,8.0,0.1333093783686669,7.501347708894879,High,0.009715755935856576,19,,0.0,0.06647502694933527,adequate,0.0,B,net EV/edge below Grade A thresholds; paper trade only,daily-engine-v1.1.0-odds-api,2026-10-08T14:28:00.276280+00:00,B,PAPER_ONLY,False,kickoff is 49.8h away -- outside the configured 24h money-event horizon; estimated probability 13.3% is below the 50% money-qualification floor,2026-10-10T16:15:00Z
2026-10-11,football,Primeira Liga,Benfica v Vitória SC,1x2,away,Betfair,13.5,0.07897378694924707,12.662429378531073,High,0.005794706957715353,18,,0.0,0.06614612381483553,adequate,0.0,B,net EV/edge below Grade A thresholds; paper trade only,daily-engine-v1.1.0-odds-api,2026-10-08T14:28:00.276280+00:00,B,PAPER_ONLY,False,kickoff is 74.5h away -- outside the configured 24h money-event horizon; estimated probability 7.9% is below the 50% money-qualification floor,2026-10-11T17:00:00Z
2026-10-10,football,League Two,York City v Northampton Town,1x2,away,Matchbook,5.5,0.1938037217450706,5.1598596301230994,High,0.009053758334159293,20,,0.0,0.06592046959788822,adequate,0.0,B,net EV/edge below Grade A thresholds; paper trade only,daily-engine-v1.1.0-odds-api,2026-10-08T14:28:00.276280+00:00,B,PAPER_ONLY,False,kickoff is 47.5h away -- outside the configured 24h money-event horizon; estimated probability 19.4% is below the 50% money-qualification floor,2026-10-10T14:00:00Z
2026-10-10,football,Bundesliga,TSG Hoffenheim v Hamburger SV,1x2,away,Smarkets,7.4,0.14403292181069957,6.942857142857144,High,0.007287675700849318,21,,0.0,0.06584362139917688,adequate,0.0,B,net EV/edge below Grade A thresholds; paper trade only,daily-engine-v1.1.0-odds-api,2026-10-08T14:28:00.276280+00:00,B,PAPER_ONLY,False,kickoff is 47.0h away -- outside the configured 24h money-event horizon; estimated probability 14.4% is below the 50% money-qualification floor,2026-10-10T13:30:00Z
2026-10-10,football,Serie B,Virtus Entella v Juve Stabia,1x2,away,Betfair,4.1,0.259581771422959,3.852350627389061,High,0.010359918360081922,20,,0.0,0.06428526283413183,adequate,0.0,B,net EV/edge below Grade A thresholds; paper trade only,daily-engine-v1.1.0-odds-api,2026-10-08T14:28:00.276280+00:00,B,PAPER_ONLY,False,kickoff is 46.5h away -- outside the configured 24h money-event horizon; estimated probability 26.0% is below the 50% money-qualification floor,2026-10-10T13:00:00Z
2026-10-10,football,League One,Bradford City v Leyton Orient,1x2,away,Betfair,5.2,0.2043063371666259,4.894610778443113,High,0.008007297741338345,21,,0.0,0.062392953266454776,adequate,0.0,B,net EV/edge below Grade A thresholds; paper trade only,daily-engine-v1.1.0-odds-api,2026-10-08T14:28:00.276280+00:00,B,PAPER_ONLY,False,kickoff is 47.5h away -- outside the configured 24h money-event horizon; estimated probability 20.4% is below the 50% money-qualification floor,2026-10-10T14:00:00Z
2026-10-17,football,Serie A,AS Roma v Genoa,1x2,away,Grosvenor,10.5,0.10114686205798025,9.886614173228347,High,0.010354608796892055,15,,0.0,0.062042051608792614,adequate,0.0,B,net EV/edge below Grade A thresholds; paper trade only,daily-engine-v1.1.0-odds-api,2026-10-08T14:28:00.276280+00:00,B,PAPER_ONLY,False,kickoff is 220.3h away -- outside the configured 24h money-event horizon; estimated probability 10.1% is below the 50% money-qualification floor,2026-10-17T18:45:00Z
2026-10-17,football,Bundesliga,Hamburger SV v VfB Stuttgart,1x2,home,Grosvenor,4.2,0.2527075812274368,3.9571428571428573,High,0.010903785113784238,19,,0.0,0.06137184115523464,adequate,0.0,B,net EV/edge below Grade A thresholds; paper trade only,daily-engine-v1.1.0-odds-api,2026-10-08T14:28:00.276280+00:00,B,PAPER_ONLY,False,kickoff is 215.0h away -- outside the configured 24h money-event horizon; estimated probability 25.3% is below the 50% money-qualification floor,2026-10-17T13:30:00Z
2026-10-11,football,Serie A,Cagliari v Juventus,1x2,home,Smarkets,6.8,0.1560201316298877,6.409429280397023,High,0.006344952657463425,21,,0.0,0.06093689508323641,adequate,0.0,B,net EV/edge below Grade A thresholds; paper trade only,daily-engine-v1.1.0-odds-api,2026-10-08T14:28:00.276280+00:00,B,PAPER_ONLY,False,kickoff is 76.3h away -- outside the configured 24h money-event horizon; estimated probability 15.6% is below the 50% money-qualification floor,2026-10-11T18:45:00Z
2026-10-10,football,Scottish Premiership,Rangers v Kilmarnock,1x2,draw,Smarkets,9.2,0.11525795828759605,8.676190476190476,High,0.007610531523730656,20,,0.0,0.060373216245883654,adequate,0.0,B,net EV/edge below Grade A thresholds; paper trade only,daily-engine-v1.1.0-odds-api,2026-10-08T14:28:00.276280+00:00,B,PAPER_ONLY,False,kickoff is 47.5h away -- outside the configured 24h money-event horizon; estimated probability 11.5% is below the 50% money-qualification floor,2026-10-10T14:00:00Z
2026-10-11,football,Ligue 1,Rennes v Auxerre,1x2,away,Smarkets,7.4,0.14226804123711337,7.028985507246379,High,0.008365139675711338,20,,0.0,0.05278350515463892,adequate,0.0,B,net EV/edge below Grade A thresholds; paper trade only,daily-engine-v1.1.0-odds-api,2026-10-08T14:28:00.276280+00:00,B,PAPER_ONLY,False,kickoff is 72.8h away -- outside the configured 24h money-event horizon; estimated probability 14.2% is below the 50% money-qualification floor,2026-10-11T15:15:00Z
2026-10-12,football,Serie A,Atalanta BC v Venezia,1x2,away,Smarkets,6.0,0.175451008135833,5.69959677419355,High,0.00818719789011773,21,,0.0,0.052706048814998074,adequate,0.0,B,net EV/edge below Grade A thresholds; paper trade only,daily-engine-v1.1.0-odds-api,2026-10-08T14:28:00.276280+00:00,B,PAPER_ONLY,False,kickoff is 98.0h away -- outside the configured 24h money-event horizon; estimated probability 17.5% is below the 50% money-qualification floor,2026-10-12T16:30:00Z
2026-10-09,football,Bundesliga,Borussia Dortmund v Werder Bremen,1x2,draw,Betfair,6.2,0.1694915254237288,5.9,High,0.00877176760055535,21,,0.0,0.05084745762711862,adequate,0.0,B,net EV/edge below Grade A thresholds; paper trade only,daily-engine-v1.1.0-odds-api,2026-10-08T14:28:00.276280+00:00,B,PAPER_ONLY,False,kickoff is 28.0h away -- outside the configured 24h money-event horizon; estimated probability 16.9% is below the 50% money-qualification floor,2026-10-09T18:30:00Z
2026-10-11,football,Primeira Liga,Benfica v Vitória SC,1x2,draw,Betfair,7.0,0.14999723688327232,6.666789474116772,High,0.005674155877384105,18,,0.0,0.0499806581829062,adequate,0.0,B,net EV/edge below Grade A thresholds; paper trade only,daily-engine-v1.1.0-odds-api,2026-10-08T14:28:00.276280+00:00,B,PAPER_ONLY,False,kickoff is 74.5h away -- outside the configured 24h money-event horizon; estimated probability 15.0% is below the 50% money-qualification floor,2026-10-11T17:00:00Z
2026-10-10,football,La Liga,Real Madrid v Villarreal,1x2,draw,Smarkets,6.4,0.1637226377390199,6.107890843989686,High,0.004432209085901387,20,,0.0,0.047824881529727525,adequate,0.0,B,net EV/edge below Grade A thresholds; paper trade only,daily-engine-v1.1.0-odds-api,2026-10-08T14:28:00.276280+00:00,B,PAPER_ONLY,False,kickoff is 52.5h away -- outside the configured 24h money-event horizon; estimated probability 16.4% is below the 50% money-qualification floor,2026-10-10T19:00:00Z
2026-10-10,football,Premier League,Arsenal v Leeds United,1x2,draw,Betfair,5.3,0.19691780821917804,5.078260869565218,High,0.0071922002931462175,21,,0.0,0.043664383561643594,adequate,0.0,B,net EV/edge below Grade A thresholds; paper trade only,daily-engine-v1.1.0-odds-api,2026-10-08T14:28:00.276280+00:00,B,PAPER_ONLY,False,kickoff is 45.0h away -- outside the configured 24h money-event horizon; estimated probability 19.7% is below the 50% money-qualification floor,2026-10-10T11:30:00Z
2026-10-09,football,Eredivisie,PSV Eindhoven v Heerenveen,1x2,draw,Betfair,7.8,0.13378737158028398,7.474547023295944,High,0.0053285087935017955,19,,0.0,0.04354149832621501,adequate,0.0,B,net EV/edge below Grade A thresholds; paper trade only,daily-engine-v1.1.0-odds-api,2026-10-08T14:28:00.276280+00:00,B,PAPER_ONLY,False,kickoff is 27.5h away -- outside the configured 24h money-event horizon; estimated probability 13.4% is below the 50% money-qualification floor,2026-10-09T18:00:00Z
2026-10-18,football,Eredivisie,SC Cambuur v AZ Alkmaar,1x2,draw,Grosvenor,5.8,0.17987969328529185,5.559271209196389,High,0.009757251911611869,12,,0.0,0.043302221054692724,adequate,0.0,B,net EV/edge below Grade A thresholds; paper trade only,daily-engine-v1.1.0-odds-api,2026-10-08T14:28:00.276280+00:00,B,PAPER_ONLY,False,kickoff is 238.0h away -- outside the configured 24h money-event horizon; estimated probability 18.0% is below the 50% money-qualification floor,2026-10-18T12:30:00Z
2026-10-17,football,Serie A,Venezia v Napoli,1x2,home,Betfair,4.9,0.21286307053941905,4.697855750487331,High,0.006568310639545381,15,,0.0,0.04302904564315335,adequate,0.0,B,net EV/edge below Grade A thresholds; paper trade only,daily-engine-v1.1.0-odds-api,2026-10-08T14:28:00.276280+00:00,B,PAPER_ONLY,False,kickoff is 214.5h away -- outside the configured 24h money-event horizon; estimated probability 21.3% is below the 50% money-qualification floor,2026-10-17T13:00:00Z
2026-10-10,football,Championship,Swansea City v Norwich City,1x2,away,Betfair,3.1,0.3359683794466403,2.976470588235294,High,0.011061268082041616,21,,0.0,0.041501976284585074,adequate,0.0,B,net EV/edge below Grade A thresholds; paper trade only,daily-engine-v1.1.0-odds-api,2026-10-08T14:28:00.276280+00:00,B,PAPER_ONLY,False,kickoff is 45.0h away -- outside the configured 24h money-event horizon; estimated probability 33.6% is below the 50% money-qualification floor,2026-10-10T11:30:00Z
2026-10-11,football,La Liga,Real Sociedad v Deportivo La Coruña,1x2,away,Smarkets,5.8,0.17942467089224767,5.573369565217392,High,0.007173605897066537,19,,0.0,0.040663091175036525,adequate,0.0,B,net EV/edge below Grade A thresholds; paper trade only,daily-engine-v1.1.0-odds-api,2026-10-08T14:28:00.276280+00:00,B,PAPER_ONLY,False,kickoff is 71.8h away -- outside the configured 24h money-event horizon; estimated probability 17.9% is below the 50% money-qualification floor,2026-10-11T14:15:00Z
2026-10-10,football,Bundesliga,TSG Hoffenheim v Hamburger SV,1x2,draw,Smarkets,5.5,0.1891891891891892,5.285714285714286,High,0.006411452333715718,21,,0.0,0.04054054054054068,adequate,0.0,B,net EV/edge below Grade A thresholds; paper trade only,daily-engine-v1.1.0-odds-api,2026-10-08T14:28:00.276280+00:00,B,PAPER_ONLY,False,kickoff is 47.0h away -- outside the configured 24h money-event horizon; estimated probability 18.9% is below the 50% money-qualification floor,2026-10-10T13:30:00Z
2026-10-10,football,League Two,Oldham Athletic v Accrington Stanley,1x2,away,Betfred (UK),5.5,0.1891252955082742,5.2875000000000005,High,0.00620512502075007,21,,0.0,0.04018912529550811,adequate,0.0,B,net EV/edge below Grade A thresholds; paper trade only,daily-engine-v1.1.0-odds-api,2026-10-08T14:28:00.276280+00:00,B,PAPER_ONLY,False,kickoff is 45.0h away -- outside the configured 24h money-event horizon; estimated probability 18.9% is below the 50% money-qualification floor,2026-10-10T11:30:00Z
2026-10-18,football,La Liga,Real Madrid v Sevilla,1x2,draw,Betfair,7.2,0.14442491436708482,6.9240131066188475,High,0.006710993704563398,14,,0.0,0.039859383443010765,adequate,0.0,B,net EV/edge below Grade A thresholds; paper trade only,daily-engine-v1.1.0-odds-api,2026-10-08T14:28:00.276280+00:00,B,PAPER_ONLY,False,kickoff is 244.5h away -- outside the configured 24h money-event horizon; estimated probability 14.4% is below the 50% money-qualification floor,2026-10-18T19:00:00Z
2026-10-10,football,Serie A,Napoli v Frosinone,1x2,away,Smarkets,7.2,0.1443640484700549,6.926932367149759,High,0.007649635444483488,21,,0.0,0.039421148984395304,adequate,0.0,B,net EV/edge below Grade A thresholds; paper trade only,daily-engine-v1.1.0-odds-api,2026-10-08T14:28:00.276280+00:00,B,PAPER_ONLY,False,kickoff is 52.3h away -- outside the configured 24h money-event horizon; estimated probability 14.4% is below the 50% money-qualification floor,2026-10-10T18:45:00Z
2026-10-10,football,Primeira Liga,CS Maritimo v FC Porto,1x2,draw,Betfair,5.6,0.18556977996404228,5.388808458973057,High,0.007163623466805098,20,,0.0,0.03919076779863673,adequate,0.0,B,net EV/edge below Grade A thresholds; paper trade only,daily-engine-v1.1.0-odds-api,2026-10-08T14:28:00.276280+00:00,B,PAPER_ONLY,False,kickoff is 50.5h away -- outside the configured 24h money-event horizon; estimated probability 18.6% is below the 50% money-qualification floor,2026-10-10T17:00:00Z
2026-10-11,football,Serie A,Lecce v Bologna,1x2,home,Betfair,4.6,0.22590837282780407,4.426573426573428,High,0.0062888056746226075,21,,0.0,0.039178515007898596,adequate,0.0,B,net EV/edge below Grade A thresholds; paper trade only,daily-engine-v1.1.0-odds-api,2026-10-08T14:28:00.276280+00:00,B,PAPER_ONLY,False,kickoff is 70.5h away -- outside the configured 24h money-event horizon; estimated probability 22.6% is below the 50% money-qualification floor,2026-10-11T13:00:00Z
2026-10-10,football,League One,Plymouth Argyle v Wimbledon,1x2,away,Betfair,6.6,0.15714285714285714,6.363636363636364,High,0.007968486882270368,21,,0.0,0.03714285714285703,adequate,0.0,B,net EV/edge below Grade A thresholds; paper trade only,daily-engine-v1.1.0-odds-api,2026-10-08T14:28:00.276280+00:00,B,PAPER_ONLY,False,kickoff is 45.0h away -- outside the configured 24h money-event horizon; estimated probability 15.7% is below the 50% money-qualification floor,2026-10-10T11:30:00Z
2026-10-11,football,Premier League,Crystal Palace v Nottingham Forest,over_under_2_5,under,Matchbook,2.0,0.5185185185185185,1.9285714285714286,High,0.011874460024355911,5,,0.0,0.03703703703703698,adequate,0.0,B,net EV/edge below Grade A thresholds; paper trade only,daily-engine-v1.1.0-odds-api,2026-10-08T14:28:00.276280+00:00,B,WATCH,False,kickoff is 70.5h away -- outside the configured 24h money-event horizon,2026-10-11T13:00:00Z
2026-10-10,football,League Two,York City v Northampton Town,1x2,draw,Matchbook,4.3,0.2411524832632994,4.146753898064413,High,0.006481651584643964,20,,0.0,0.03695567803218747,adequate,0.0,B,net EV/edge below Grade A thresholds; paper trade only,daily-engine-v1.1.0-odds-api,2026-10-08T14:28:00.276280+00:00,B,PAPER_ONLY,False,kickoff is 47.5h away -- outside the configured 24h money-event horizon; estimated probability 24.1% is below the 50% money-qualification floor,2026-10-10T14:00:00Z
2026-10-17,football,Eredivisie,ADO Den Haag v PSV Eindhoven,1x2,draw,Grosvenor,7.0,0.1480574407417622,6.75413538819824,High,0.008930741788666515,12,,0.0,0.03640208519233534,adequate,0.0,B,net EV/edge below Grade A thresholds; paper trade only,daily-engine-v1.1.0-odds-api,2026-10-08T14:28:00.276280+00:00,B,PAPER_ONLY,False,kickoff is 216.0h away -- outside the configured 24h money-event horizon; estimated probability 14.8% is below the 50% money-qualification floor,2026-10-17T14:30:00Z
2026-10-11,football,2. Bundesliga,Hertha Berlin v Greuther Fürth,1x2,draw,Betfair,4.9,0.21146729806751643,4.728863560174321,High,0.005271929895298476,19,,0.0,0.03618976053083056,adequate,0.0,B,net EV/edge below Grade A thresholds; paper trade only,daily-engine-v1.1.0-odds-api,2026-10-08T14:28:00.276280+00:00,B,PAPER_ONLY,False,kickoff is 69.0h away -- outside the configured 24h money-event horizon; estimated probability 21.1% is below the 50% money-qualification floor,2026-10-11T11:30:00Z
2026-10-11,football,Belgian Pro League,Union Saint-Gilloise v Leuven,1x2,draw,Betfair,6.6,0.1569506726457399,6.371428571428572,High,0.01808192204311215,19,,0.0,0.03587443946188329,adequate,0.0,B,net EV/edge below Grade A thresholds; paper trade only,daily-engine-v1.1.0-odds-api,2026-10-08T14:28:00.276280+00:00,B,PAPER_ONLY,False,kickoff is 71.5h away -- outside the configured 24h money-event horizon; estimated probability 15.7% is below the 50% money-qualification floor,2026-10-11T14:00:00Z
2026-10-17,football,La Liga,Real Betis v Barcelona,1x2,draw,Betfair,6.0,0.1726268019547042,5.792843224092117,High,0.007899219132613561,14,,0.0,0.035760811728225095,adequate,0.0,B,net EV/edge below Grade A thresholds; paper trade only,daily-engine-v1.1.0-odds-api,2026-10-08T14:28:00.276280+00:00,B,PAPER_ONLY,False,kickoff is 218.0h away -- outside the configured 24h money-event horizon; estimated probability 17.3% is below the 50% money-qualification floor,2026-10-17T16:30:00Z
2026-10-11,football,Championship,Southampton v Portsmouth,1x2,away,Betfair,5.7,0.1816493450422981,5.505112059540563,High,0.006127756724799147,20,,0.0,0.035401266741099224,adequate,0.0,B,net EV/edge below Grade A thresholds; paper trade only,daily-engine-v1.1.0-odds-api,2026-10-08T14:28:00.276280+00:00,B,PAPER_ONLY,False,kickoff is 68.5h away -- outside the configured 24h money-event horizon; estimated probability 18.2% is below the 50% money-qualification floor,2026-10-11T11:00:00Z
2026-10-10,football,Premier League,Sunderland v Brighton and Hove Albion,1x2,home,Betfair,3.25,0.3185060847671003,3.13965744400527,High,0.00659709003831093,21,,0.0,0.03514477549307593,adequate,0.0,B,net EV/edge below Grade A thresholds; paper trade only,daily-engine-v1.1.0-odds-api,2026-10-08T14:28:00.276280+00:00,B,PAPER_ONLY,False,kickoff is 47.5h away -- outside the configured 24h money-event horizon; estimated probability 31.9% is below the 50% money-qualification floor,2026-10-10T14:00:00Z
2026-10-10,football,Premier League,Chelsea v Bournemouth,1x2,away,Betfair,4.9,0.21124357674746064,4.733871748420019,High,0.005792457747973853,21,,0.0,0.03509352606255722,adequate,0.0,B,net EV/edge below Grade A thresholds; paper trade only,daily-engine-v1.1.0-odds-api,2026-10-08T14:28:00.276280+00:00,B,PAPER_ONLY,False,kickoff is 47.5h away -- outside the configured 24h money-event horizon; estimated probability 21.1% is below the 50% money-qualification floor,2026-10-10T14:00:00Z
2026-10-18,football,Eredivisie,FC Zwolle v Go Ahead Eagles,1x2,home,Grosvenor,3.05,0.3389830508474576,2.95,High,0.015919961074658255,12,,0.0,0.03389830508474567,adequate,0.0,B,net EV/edge below Grade A thresholds; paper trade only,daily-engine-v1.1.0-odds-api,2026-10-08T14:28:00.276280+00:00,B,PAPER_ONLY,False,kickoff is 235.8h away -- outside the configured 24h money-event horizon; estimated probability 33.9% is below the 50% money-qualification floor,2026-10-18T10:15:00Z
2026-10-11,football,2. Bundesliga,Hertha Berlin v Greuther Fürth,1x2,away,Betfair,5.2,0.1988032998119048,5.030097593682485,High,0.004869389386437099,19,,0.0,0.033777159021905034,adequate,0.0,B,net EV/edge below Grade A thresholds; paper trade only,daily-engine-v1.1.0-odds-api,2026-10-08T14:28:00.276280+00:00,B,PAPER_ONLY,False,kickoff is 69.0h away -- outside the configured 24h money-event horizon; estimated probability 19.9% is below the 50% money-qualification floor,2026-10-11T11:30:00Z
2026-10-18,football,Premier League,Nottingham Forest v Arsenal,1x2,home,Casumo,6.1,0.16937191249117856,5.904166666666666,Low,0.06911917495256889,17,,0.0,0.03316866619618908,adequate,0.0,B,net EV/edge below Grade A thresholds; paper trade only,daily-engine-v1.1.0-odds-api,2026-10-08T14:28:00.276280+00:00,B,PAPER_ONLY,False,"kickoff is 241.0h away -- outside the configured 24h money-event horizon; confidence 'Low' is not eligible for real-money qualification (requires one of ['High'], or ['Medium'] with every other requirement strong)",2026-10-18T15:30:00Z
2026-10-10,football,Ligue 1,AS Monaco v Toulouse,1x2,away,Betfair,5.6,0.18449001548167554,5.420347531486467,High,0.005714777464368743,20,,0.0,0.033144086697383,adequate,0.0,B,net EV/edge below Grade A thresholds; paper trade only,daily-engine-v1.1.0-odds-api,2026-10-08T14:28:00.276280+00:00,B,PAPER_ONLY,False,kickoff is 52.3h away -- outside the configured 24h money-event horizon; estimated probability 18.4% is below the 50% money-qualification floor,2026-10-10T18:45:00Z
2026-10-10,football,League Two,Bristol Rovers v Barnet,1x2,home,Betfair,2.44,0.4233870967741936,2.3619047619047615,High,0.011485926762715013,21,,0.0,0.033064516129032384,adequate,0.0,B,net EV/edge below Grade A thresholds; paper trade only,daily-engine-v1.1.0-odds-api,2026-10-08T14:28:00.276280+00:00,B,PAPER_ONLY,False,kickoff is 47.5h away -- outside the configured 24h money-event horizon; estimated probability 42.3% is below the 50% money-qualification floor,2026-10-10T14:00:00Z
2026-10-10,football,League One,Stevenage v Wigan Athletic,1x2,away,Matchbook,3.9,0.2648695432788333,3.7754435169138367,High,0.005759301995943952,20,,0.0,0.032991218787449705,adequate,0.0,B,net EV/edge below Grade A thresholds; paper trade only,daily-engine-v1.1.0-odds-api,2026-10-08T14:28:00.276280+00:00,B,PAPER_ONLY,False,kickoff is 47.5h away -- outside the configured 24h money-event horizon; estimated probability 26.5% is below the 50% money-qualification floor,2026-10-10T14:00:00Z
2026-10-18,football,Ligue 1,Angers v Marseille,1x2,draw,Betfred (UK),4.0,0.25802615933412604,3.8755760368663594,Medium,0.020985635913314146,15,,0.0,0.03210463733650415,adequate,0.0,B,net EV/edge below Grade A thresholds; paper trade only,daily-engine-v1.1.0-odds-api,2026-10-08T14:28:00.276280+00:00,B,PAPER_ONLY,False,kickoff is 238.5h away -- outside the configured 24h money-event horizon; estimated probability 25.8% is below the 60% money-qualification floor (the stricter Medium-confidence floor); Medium-confidence candidates require odds inside the preferred range 1.40-2.50; odds are 4.00; net EV 3.21% is below the 5.00% money-qualification value floor (the stricter Medium-confidence floor),2026-10-18T13:00:00Z
2026-10-10,football,Eredivisie,Go Ahead Eagles v Sparta Rotterdam,1x2,away,Betfair,4.4,0.23449299683728136,4.264519680704652,High,0.009993280927825072,19,,0.0,0.031769186084038004,adequate,0.0,B,net EV/edge below Grade A thresholds; paper trade only,daily-engine-v1.1.0-odds-api,2026-10-08T14:28:00.276280+00:00,B,PAPER_ONLY,False,kickoff is 48.0h away -- outside the configured 24h money-event horizon; estimated probability 23.4% is below the 50% money-qualification floor,2026-10-10T14:30:00Z
2026-10-12,football,Premier League,Coventry City v Newcastle United,1x2,home,Smarkets,3.6,0.28658458763807354,3.489371177430155,High,0.006988985627566409,20,,0.0,0.03170451549706477,adequate,0.0,B,net EV/edge below Grade A thresholds; paper trade only,daily-engine-v1.1.0-odds-api,2026-10-08T14:28:00.276280+00:00,B,PAPER_ONLY,False,kickoff is 100.5h away -- outside the configured 24h money-event horizon; estimated probability 28.7% is below the 50% money-qualification floor,2026-10-12T19:00:00Z
2026-10-11,football,La Liga,Real Betis v CA Osasuna,1x2,draw,Smarkets,4.6,0.2242311393773624,4.459683890367622,High,0.005024011289862049,20,,0.0,0.03146324113586685,adequate,0.0,B,net EV/edge below Grade A thresholds; paper trade only,daily-engine-v1.1.0-odds-api,2026-10-08T14:28:00.276280+00:00,B,PAPER_ONLY,False,kickoff is 74.0h away -- outside the configured 24h money-event horizon; estimated probability 22.4% is below the 50% money-qualification floor,2026-10-11T16:30:00Z
2026-10-17,football,Bundesliga,Bayern Munich v RB Leipzig,1x2,away,Smarkets,10.5,0.09819967266775777,10.183333333333334,High,0.00817312490903127,19,,0.0,0.03109656301145658,adequate,0.0,B,net EV/edge below Grade A thresholds; paper trade only,daily-engine-v1.1.0-odds-api,2026-10-08T14:28:00.276280+00:00,B,PAPER_ONLY,False,kickoff is 218.0h away -- outside the configured 24h money-event horizon; estimated probability 9.8% is below the 50% money-qualification floor,2026-10-17T16:30:00Z
2026-10-10,football,Eredivisie,Feyenoord v AZ Alkmaar,1x2,away,Grosvenor,4.2,0.2452394691286786,4.077647058823529,High,0.010047297796720894,19,,0.0,0.030005770340450155,adequate,0.0,B,net EV/edge below Grade A thresholds; paper trade only,daily-engine-v1.1.0-odds-api,2026-10-08T14:28:00.276280+00:00,B,PAPER_ONLY,False,kickoff is 50.3h away -- outside the configured 24h money-event horizon; estimated probability 24.5% is below the 50% money-qualification floor,2026-10-10T16:45:00Z
2026-10-10,football,Bundesliga,RB Leipzig v Eintracht Frankfurt,1x2,away,Smarkets,5.4,0.19071310116086237,5.243478260869565,High,0.009069545113029584,21,,0.0,0.029850746268656914,adequate,0.0,B,net EV/edge below Grade A thresholds; paper trade only,daily-engine-v1.1.0-odds-api,2026-10-08T14:28:00.276280+00:00,B,PAPER_ONLY,False,kickoff is 50.0h away -- outside the configured 24h money-event horizon; estimated probability 19.1% is below the 50% money-qualification floor,2026-10-10T16:30:00Z
2026-10-10,football,Championship,Preston North End v Millwall,1x2,home,Matchbook,3.05,0.3373493975903614,2.9642857142857144,High,0.009025756535309383,21,,0.0,0.028915662650602303,adequate,0.0,B,net EV/edge below Grade A thresholds; paper trade only,daily-engine-v1.1.0-odds-api,2026-10-08T14:28:00.276280+00:00,B,PAPER_ONLY,False,kickoff is 47.5h away -- outside the configured 24h money-event horizon; estimated probability 33.7% is below the 50% money-qualification floor,2026-10-10T14:00:00Z
2026-10-10,football,Eredivisie,Ajax v NEC Nijmegen,1x2,away,Grosvenor,9.0,0.11423550087873463,8.753846153846153,High,0.009715253652776116,19,,0.0,0.02811950790861162,adequate,0.0,B,net EV/edge below Grade A thresholds; paper trade only,daily-engine-v1.1.0-odds-api,2026-10-08T14:28:00.276280+00:00,B,PAPER_ONLY,False,kickoff is 52.5h away -- outside the configured 24h money-event horizon; estimated probability 11.4% is below the 50% money-qualification floor,2026-10-10T19:00:00Z
2026-10-10,football,League Two,Fleetwood Town v Walsall,1x2,home,Betfair,2.46,0.417910447761194,2.392857142857143,High,0.012294498807250481,21,,0.0,0.028059701492537226,adequate,0.0,B,net EV/edge below Grade A thresholds; paper trade only,daily-engine-v1.1.0-odds-api,2026-10-08T14:28:00.276280+00:00,B,PAPER_ONLY,False,kickoff is 47.5h away -- outside the configured 24h money-event horizon; estimated probability 41.8% is below the 50% money-qualification floor,2026-10-10T14:00:00Z
2026-10-10,football,League Two,Shrewsbury Town v Exeter City,1x2,away,Betfair,3.35,0.3067869752844253,3.2595907928388743,High,0.01521102138469351,21,,0.0,0.027736367202824685,adequate,0.0,B,net EV/edge below Grade A thresholds; paper trade only,daily-engine-v1.1.0-odds-api,2026-10-08T14:28:00.276280+00:00,B,PAPER_ONLY,False,kickoff is 47.5h away -- outside the configured 24h money-event horizon; estimated probability 30.7% is below the 50% money-qualification floor,2026-10-10T14:00:00Z
2026-10-12,football,Premier League,Coventry City v Newcastle United,over_under_2_5,under,Matchbook,2.32,0.44297082228116713,2.2574850299401197,High,0.011371107159875143,5,,0.0,0.027692307692307683,adequate,0.0,B,net EV/edge below Grade A thresholds; paper trade only,daily-engine-v1.1.0-odds-api,2026-10-08T14:28:00.276280+00:00,B,PAPER_ONLY,False,kickoff is 100.5h away -- outside the configured 24h money-event horizon; estimated probability 44.3% is below the 50% money-qualification floor,2026-10-12T19:00:00Z
2026-10-10,football,Bundesliga,FSV Mainz 05 v Bayer Leverkusen,1x2,home,Smarkets,3.15,0.3261871368463234,3.0657248157248156,High,0.005743727819922671,21,,0.0,0.02748948106591864,adequate,0.0,B,net EV/edge below Grade A thresholds; paper trade only,daily-engine-v1.1.0-odds-api,2026-10-08T14:28:00.276280+00:00,B,PAPER_ONLY,False,kickoff is 47.0h away -- outside the configured 24h money-event horizon; estimated probability 32.6% is below the 50% money-qualification floor,2026-10-10T13:30:00Z
2026-10-18,football,Serie A,Fiorentina v Como,1x2,home,Grosvenor,3.65,0.28148293448411144,3.5526132404181183,High,0.009315333987690157,15,,0.0,0.027412710867006695,adequate,0.0,B,net EV/edge below Grade A thresholds; paper trade only,daily-engine-v1.1.0-odds-api,2026-10-08T14:28:00.276280+00:00,B,PAPER_ONLY,False,kickoff is 238.5h away -- outside the configured 24h money-event horizon; estimated probability 28.1% is below the 50% money-qualification floor,2026-10-18T13:00:00Z
2026-10-10,football,Serie A,Napoli v Frosinone,1x2,draw,Smarkets,5.2,0.1973348454777431,5.067528735632185,High,0.004893967168449644,21,,0.0,0.026141196484264162,adequate,0.0,B,net EV/edge below Grade A thresholds; paper trade only,daily-engine-v1.1.0-odds-api,2026-10-08T14:28:00.276280+00:00,B,PAPER_ONLY,False,kickoff is 52.3h away -- outside the configured 24h money-event horizon; estimated probability 19.7% is below the 50% money-qualification floor,2026-10-10T18:45:00Z
2026-10-10,football,Bundesliga,SC Paderborn v VfB Stuttgart,1x2,home,Matchbook,5.2,0.19732791170490854,5.06770680011775,High,0.0038621697437993723,21,,0.0,0.0261051408655244,adequate,0.0,B,net EV/edge below Grade A thresholds; paper trade only,daily-engine-v1.1.0-odds-api,2026-10-08T14:28:00.276280+00:00,B,PAPER_ONLY,False,kickoff is 47.0h away -- outside the configured 24h money-event horizon; estimated probability 19.7% is below the 50% money-qualification floor,2026-10-10T13:30:00Z
2026-10-17,football,La Liga,Real Betis v Barcelona,1x2,home,Smarkets,6.2,0.1653076434098332,6.049327056951535,High,0.005305445002849168,14,,0.0,0.024907389140965797,adequate,0.0,B,net EV/edge below Grade A thresholds; paper trade only,daily-engine-v1.1.0-odds-api,2026-10-08T14:28:00.276280+00:00,B,PAPER_ONLY,False,kickoff is 218.0h away -- outside the configured 24h money-event horizon; estimated probability 16.5% is below the 50% money-qualification floor,2026-10-17T16:30:00Z
2026-10-10,football,Premier League,Chelsea v Bournemouth,1x2,draw,Betfair,4.5,0.2275849032827169,4.393964562569214,High,0.0064266976524927424,21,,0.0,0.02413206477222607,adequate,0.0,B,net EV/edge below Grade A thresholds; paper trade only,daily-engine-v1.1.0-odds-api,2026-10-08T14:28:00.276280+00:00,B,PAPER_ONLY,False,kickoff is 47.5h away -- outside the configured 24h money-event horizon; estimated probability 22.8% is below the 50% money-qualification floor,2026-10-10T14:00:00Z
2026-10-17,football,La Liga,Espanyol v Atlético Madrid,1x2,home,Betfair,4.4,0.23267165907705858,4.297902047747078,High,0.006363504590234456,14,,0.0,0.023755299939057783,adequate,0.0,B,net EV/edge below Grade A thresholds; paper trade only,daily-engine-v1.1.0-odds-api,2026-10-08T14:28:00.276280+00:00,B,PAPER_ONLY,False,kickoff is 213.5h away -- outside the configured 24h money-event horizon; estimated probability 23.3% is below the 50% money-qualification floor,2026-10-17T12:00:00Z
2026-10-17,football,Serie A,Bologna v Inter Milan,1x2,draw,Sky Bet,4.33,0.236348478532722,4.231040564373897,High,0.009117428295825823,15,,0.0,0.02338891204668625,adequate,0.0,B,net EV/edge below Grade A thresholds; paper trade only,daily-engine-v1.1.0-odds-api,2026-10-08T14:28:00.276280+00:00,B,PAPER_ONLY,False,kickoff is 217.5h away -- outside the configured 24h money-event horizon; estimated probability 23.6% is below the 50% money-qualification floor,2026-10-17T16:00:00Z
2026-10-10,football,La Liga,Alavés v Atlético Madrid,1x2,home,Smarkets,4.7,0.2176556930174041,4.59441233140655,High,0.005967028349814471,20,,0.0,0.02298175718179918,adequate,0.0,B,net EV/edge below Grade A thresholds; paper trade only,daily-engine-v1.1.0-odds-api,2026-10-08T14:28:00.276280+00:00,B,PAPER_ONLY,False,kickoff is 47.8h away -- outside the configured 24h money-event horizon; estimated probability 21.8% is below the 50% money-qualification floor,2026-10-10T14:15:00Z
2026-10-11,football,Serie A,Sassuolo v AC Milan,1x2,home,Smarkets,4.6,0.22236781648316117,4.497053646590648,High,0.0053142679448079265,21,,0.0,0.022891955822541332,adequate,0.0,B,net EV/edge below Grade A thresholds; paper trade only,daily-engine-v1.1.0-odds-api,2026-10-08T14:28:00.276280+00:00,B,PAPER_ONLY,False,kickoff is 73.5h away -- outside the configured 24h money-event horizon; estimated probability 22.2% is below the 50% money-qualification floor,2026-10-11T16:00:00Z
2026-10-10,football,League Two,Crawley Town v Chesterfield FC,1x2,home,Betfair,5.0,0.20452479547520455,4.889382716049382,High,0.007210309103777235,21,,0.0,0.02262397737602273,adequate,0.0,B,net EV/edge below Grade A thresholds; paper trade only,daily-engine-v1.1.0-odds-api,2026-10-08T14:28:00.276280+00:00,B,PAPER_ONLY,False,kickoff is 47.5h away -- outside the configured 24h money-event horizon; estimated probability 20.5% is below the 50% money-qualification floor,2026-10-10T14:00:00Z
2026-10-10,football,Serie A,Genoa v Fiorentina,1x2,home,Smarkets,3.4,0.3006017940274781,3.3266601193623937,High,0.00498925853282336,21,,0.0,0.022046099693425525,adequate,0.0,B,net EV/edge below Grade A thresholds; paper trade only,daily-engine-v1.1.0-odds-api,2026-10-08T14:28:00.276280+00:00,B,PAPER_ONLY,False,kickoff is 46.5h away -- outside the configured 24h money-event horizon; estimated probability 30.1% is below the 50% money-qualification floor,2026-10-10T13:00:00Z
2026-10-10,football,Bundesliga,SC Paderborn v VfB Stuttgart,1x2,draw,Smarkets,4.9,0.2085505735140772,4.794999999999999,High,0.003975261687242433,21,,0.0,0.021897810218978186,adequate,0.0,B,net EV/edge below Grade A thresholds; paper trade only,daily-engine-v1.1.0-odds-api,2026-10-08T14:28:00.276280+00:00,B,PAPER_ONLY,False,kickoff is 47.0h away -- outside the configured 24h money-event horizon; estimated probability 20.9% is below the 50% money-qualification floor,2026-10-10T13:30:00Z
2026-10-10,football,Primeira Liga,Casa Pia v Santa Clara,1x2,home,Betfair,4.8,0.2128769849838224,4.697548680877809,High,0.005145743446016438,20,,0.0,0.02180952792234747,adequate,0.0,B,net EV/edge below Grade A thresholds; paper trade only,daily-engine-v1.1.0-odds-api,2026-10-08T14:28:00.276280+00:00,B,PAPER_ONLY,False,kickoff is 48.0h away -- outside the configured 24h money-event horizon; estimated probability 21.3% is below the 50% money-qualification floor,2026-10-10T14:30:00Z
2026-10-17,football,Eredivisie,SC Telstar v Feyenoord,1x2,home,William Hill,7.5,0.13613952572959825,7.3454053452941395,High,0.008643380055649217,12,,0.0,0.02104644297198699,adequate,0.0,B,net EV/edge below Grade A thresholds; paper trade only,daily-engine-v1.1.0-odds-api,2026-10-08T14:28:00.276280+00:00,B,PAPER_ONLY,False,kickoff is 219.5h away -- outside the configured 24h money-event horizon; estimated probability 13.6% is below the 50% money-qualification floor,2026-10-17T18:00:00Z
2026-10-11,football,Premier League,Liverpool v Manchester City,1x2,home,Betfair,2.82,0.3620273531777956,2.762222222222223,High,0.005498073543141896,21,,0.0,0.02091713596138345,adequate,0.0,B,net EV/edge below Grade A thresholds; paper trade only,daily-engine-v1.1.0-odds-api,2026-10-08T14:28:00.276280+00:00,B,PAPER_ONLY,False,kickoff is 73.0h away -- outside the configured 24h money-event horizon; estimated probability 36.2% is below the 50% money-qualification floor,2026-10-11T15:30:00Z
2026-10-12,football,Serie A,Torino v Udinese,1x2,away,Smarkets,3.4,0.30015392508978966,3.3316239316239313,High,0.008225220623739662,20,,0.0,0.02052334530528488,adequate,0.0,B,net EV/edge below Grade A thresholds; paper trade only,daily-engine-v1.1.0-odds-api,2026-10-08T14:28:00.276280+00:00,B,PAPER_ONLY,False,kickoff is 100.3h away -- outside the configured 24h money-event horizon; estimated probability 30.0% is below the 50% money-qualification floor,2026-10-12T18:45:00Z
2026-10-17,football,Serie A,AS Roma v Genoa,1x2,draw,Betfair,5.6,0.18206435170436447,5.492563429571303,High,0.008119926425933177,15,,0.0,0.01956036954444107,adequate,0.0,C,net EV 1.96% is below Grade B threshold; watchlist only,daily-engine-v1.1.0-odds-api,2026-10-08T14:28:00.276280+00:00,C,REJECT,False,"kickoff is 220.3h away -- outside the configured 24h money-event horizon; research grade 'C' is not in the actionable set ['A', 'A+', 'B']; estimated probability 18.2% is below the 50% money-qualification floor; net EV 1.96% is below the 2.00% money-qualification value floor",2026-10-17T18:45:00Z
2026-10-19,football,Serie A,Monza v Cagliari,1x2,home,Betfair,2.42,0.4212076583210604,2.374125874125874,High,0.012238465492502916,15,,0.0,0.01932253313696619,adequate,0.0,C,net EV 1.93% is below Grade B threshold; watchlist only,daily-engine-v1.1.0-odds-api,2026-10-08T14:28:00.276280+00:00,C,REJECT,False,"kickoff is 266.0h away -- outside the configured 24h money-event horizon; research grade 'C' is not in the actionable set ['A', 'A+', 'B']; estimated probability 42.1% is below the 50% money-qualification floor; net EV 1.93% is below the 2.00% money-qualification value floor",2026-10-19T16:30:00Z
2026-10-19,football,Premier League,Tottenham Hotspur v Coventry City,1x2,away,Betfair,6.4,0.15926327193932827,6.278911564625851,High,0.006996910665584455,15,,0.0,0.019284940411701035,adequate,0.0,C,net EV 1.93% is below Grade B threshold; watchlist only,daily-engine-v1.1.0-odds-api,2026-10-08T14:28:00.276280+00:00,C,REJECT,False,"kickoff is 268.5h away -- outside the configured 24h money-event horizon; research grade 'C' is not in the actionable set ['A', 'A+', 'B']; estimated probability 15.9% is below the 50% money-qualification floor; net EV 1.93% is below the 2.00% money-qualification value floor",2026-10-19T19:00:00Z
2026-10-10,football,Premier League,Manchester United v Tottenham Hotspur,1x2,away,Betfair,4.8,0.21216041397153948,4.713414634146341,High,0.005149005082646979,21,,0.0,0.018369987063389548,adequate,0.0,C,net EV 1.84% is below Grade B threshold; watchlist only,daily-engine-v1.1.0-odds-api,2026-10-08T14:28:00.276280+00:00,C,REJECT,False,"kickoff is 50.0h away -- outside the configured 24h money-event horizon; research grade 'C' is not in the actionable set ['A', 'A+', 'B']; estimated probability 21.2% is below the 50% money-qualification floor; net EV 1.84% is below the 2.00% money-qualification value floor",2026-10-10T16:30:00Z
2026-10-10,football,Ligue 1,Lorient v Paris FC,1x2,home,Betfair,3.4,0.29946611578237614,3.339275955770255,High,0.005250851213483079,20,,0.0,0.018184793660078857,adequate,0.0,C,net EV 1.82% is below Grade B threshold; watchlist only,daily-engine-v1.1.0-odds-api,2026-10-08T14:28:00.276280+00:00,C,REJECT,False,"kickoff is 52.3h away -- outside the configured 24h money-event horizon; research grade 'C' is not in the actionable set ['A', 'A+', 'B']; estimated probability 29.9% is below the 50% money-qualification floor; net EV 1.82% is below the 2.00% money-qualification value floor",2026-10-10T18:45:00Z
2026-10-12,football,La Liga,Levante v Sevilla,1x2,home,Smarkets,2.9,0.351004084411164,2.8489696969696974,High,0.00800664592986836,19,,0.0,0.01791184479237551,adequate,0.0,C,net EV 1.79% is below Grade B threshold; watchlist only,daily-engine-v1.1.0-odds-api,2026-10-08T14:28:00.276280+00:00,C,REJECT,False,"kickoff is 100.5h away -- outside the configured 24h money-event horizon; research grade 'C' is not in the actionable set ['A', 'A+', 'B']; estimated probability 35.1% is below the 50% money-qualification floor; net EV 1.79% is below the 2.00% money-qualification value floor",2026-10-12T19:00:00Z
2026-10-17,football,Bundesliga,Bayern Munich v RB Leipzig,1x2,draw,Smarkets,7.6,0.1338896952104499,7.468834688346885,High,0.008297849379132029,19,,0.0,0.01756168359941923,adequate,0.0,C,net EV 1.76% is below Grade B threshold; watchlist only,daily-engine-v1.1.0-odds-api,2026-10-08T14:28:00.276280+00:00,C,REJECT,False,"kickoff is 218.0h away -- outside the configured 24h money-event horizon; research grade 'C' is not in the actionable set ['A', 'A+', 'B']; estimated probability 13.4% is below the 50% money-qualification floor; net EV 1.76% is below the 2.00% money-qualification value floor",2026-10-17T16:30:00Z
2026-10-18,football,Premier League,Brighton and Hove Albion v Crystal Palace,1x2,away,Casumo,5.3,0.19188071397474968,5.211571185479296,High,0.0058641528541045,17,,0.0,0.016967784066173275,adequate,0.0,C,net EV 1.70% is below Grade B threshold; watchlist only,daily-engine-v1.1.0-odds-api,2026-10-08T14:28:00.276280+00:00,C,REJECT,False,"kickoff is 238.5h away -- outside the configured 24h money-event horizon; research grade 'C' is not in the actionable set ['A', 'A+', 'B']; estimated probability 19.2% is below the 50% money-qualification floor; net EV 1.70% is below the 2.00% money-qualification value floor",2026-10-18T13:00:00Z
2026-10-12,football,La Liga,Levante v Sevilla,1x2,away,Grosvenor,2.8,0.36279405571265266,2.7563847429519073,High,0.00848724250135942,19,,0.0,0.01582335599542739,adequate,0.0,C,net EV 1.58% is below Grade B threshold; watchlist only,daily-engine-v1.1.0-odds-api,2026-10-08T14:28:00.276280+00:00,C,REJECT,False,"kickoff is 100.5h away -- outside the configured 24h money-event horizon; research grade 'C' is not in the actionable set ['A', 'A+', 'B']; estimated probability 36.3% is below the 50% money-qualification floor; net EV 1.58% is below the 2.00% money-qualification value floor",2026-10-12T19:00:00Z
2026-10-10,football,Scottish Premiership,Hearts v St Mirren,1x2,away,Betfred (UK),6.5,0.15622341933654663,6.401088929219601,High,0.010420567630113113,20,,0.0,0.015452225687553,adequate,0.0,C,net EV 1.55% is below Grade B threshold; watchlist only,daily-engine-v1.1.0-odds-api,2026-10-08T14:28:00.276280+00:00,C,REJECT,False,"kickoff is 47.5h away -- outside the configured 24h money-event horizon; research grade 'C' is not in the actionable set ['A', 'A+', 'B']; estimated probability 15.6% is below the 50% money-qualification floor; net EV 1.55% is below the 2.00% money-qualification value floor",2026-10-10T14:00:00Z
2026-10-10,football,League Two,Shrewsbury Town v Exeter City,1x2,home,Casumo,2.48,0.4094488188976378,2.4423076923076925,High,0.014151186794552316,21,,0.0,0.015433070866141652,adequate,0.0,C,net EV 1.54% is below Grade B threshold; watchlist only,daily-engine-v1.1.0-odds-api,2026-10-08T14:28:00.276280+00:00,C,REJECT,False,"kickoff is 47.5h away -- outside the configured 24h money-event horizon; research grade 'C' is not in the actionable set ['A', 'A+', 'B']; estimated probability 40.9% is below the 50% money-qualification floor; net EV 1.54% is below the 2.00% money-qualification value floor",2026-10-10T14:00:00Z
2026-10-10,football,League One,Milton Keynes Dons v Reading,1x2,away,Betfair,2.56,0.3962637984715539,2.5235714285714286,High,0.008639828316282483,21,,0.0,0.01443532408717807,adequate,0.0,C,net EV 1.44% is below Grade B threshold; watchlist only,daily-engine-v1.1.0-odds-api,2026-10-08T14:28:00.276280+00:00,C,REJECT,False,"kickoff is 47.5h away -- outside the configured 24h money-event horizon; research grade 'C' is not in the actionable set ['A', 'A+', 'B']; estimated probability 39.6% is below the 50% money-qualification floor; net EV 1.44% is below the 2.00% money-qualification value floor",2026-10-10T14:00:00Z
2026-10-11,football,2. Bundesliga,FC St. Pauli v Karlsruher SC,1x2,away,Grosvenor,4.4,0.23053268186011547,4.337779753964726,High,0.00807928738533913,19,,0.0,0.014343800184508093,adequate,0.0,C,net EV 1.43% is below Grade B threshold; watchlist only,daily-engine-v1.1.0-odds-api,2026-10-08T14:28:00.276280+00:00,C,REJECT,False,"kickoff is 69.0h away -- outside the configured 24h money-event horizon; research grade 'C' is not in the actionable set ['A', 'A+', 'B']; estimated probability 23.1% is below the 50% money-qualification floor; net EV 1.43% is below the 2.00% money-qualification value floor",2026-10-11T11:30:00Z
2026-10-10,football,Ligue 1,Lille v Le Havre,1x2,draw,Betfair,5.1,0.198866947443828,5.028487704234814,High,0.004315772602538955,20,,0.0,0.014221431963522768,adequate,0.0,C,net EV 1.42% is below Grade B threshold; watchlist only,daily-engine-v1.1.0-odds-api,2026-10-08T14:28:00.276280+00:00,C,REJECT,False,"kickoff is 48.8h away -- outside the configured 24h money-event horizon; research grade 'C' is not in the actionable set ['A', 'A+', 'B']; estimated probability 19.9% is below the 50% money-qualification floor; net EV 1.42% is below the 2.00% money-qualification value floor",2026-10-10T15:15:00Z
2026-10-18,football,Serie A,Udinese v Lecce,1x2,away,Betfair,4.4,0.23048735800659584,4.338632750397456,High,0.006020759068544265,15,,0.0,0.014144375229021788,adequate,0.0,C,net EV 1.41% is below Grade B threshold; watchlist only,daily-engine-v1.1.0-odds-api,2026-10-08T14:28:00.276280+00:00,C,REJECT,False,"kickoff is 236.0h away -- outside the configured 24h money-event horizon; research grade 'C' is not in the actionable set ['A', 'A+', 'B']; estimated probability 23.0% is below the 50% money-qualification floor; net EV 1.41% is below the 2.00% money-qualification value floor",2026-10-18T10:30:00Z
2026-10-10,football,Ligue 2,Saint Etienne v Rodez AF,1x2,away,Betfair,7.2,0.14079274594564414,7.1026386571512,High,0.00926087222235244,20,,0.0,0.013707770808637831,adequate,0.0,C,net EV 1.37% is below Grade B threshold; watchlist only,daily-engine-v1.1.0-odds-api,2026-10-08T14:28:00.276280+00:00,C,REJECT,False,"kickoff is 51.5h away -- outside the configured 24h money-event horizon; research grade 'C' is not in the actionable set ['A', 'A+', 'B']; estimated probability 14.1% is below the 50% money-qualification floor; net EV 1.37% is below the 2.00% money-qualification value floor",2026-10-10T18:00:00Z
2026-10-10,football,Premier League,Manchester United v Tottenham Hotspur,1x2,draw,Betfair,4.5,0.22519656132407379,4.440565140605896,High,0.00441565837146432,21,,0.0,0.01338452595833206,adequate,0.0,C,net EV 1.34% is below Grade B threshold; watchlist only,daily-engine-v1.1.0-odds-api,2026-10-08T14:28:00.276280+00:00,C,REJECT,False,"kickoff is 50.0h away -- outside the configured 24h money-event horizon; research grade 'C' is not in the actionable set ['A', 'A+', 'B']; estimated probability 22.5% is below the 50% money-qualification floor; net EV 1.34% is below the 2.00% money-qualification value floor",2026-10-10T16:30:00Z
2026-10-10,football,League Two,Newport County v Colchester United,1x2,away,Betfair,2.72,0.37247666594313,2.6847319347319347,High,0.008618434745619073,21,,0.0,0.013136531365313675,adequate,0.0,C,net EV 1.31% is below Grade B threshold; watchlist only,daily-engine-v1.1.0-odds-api,2026-10-08T14:28:00.276280+00:00,C,REJECT,False,"kickoff is 47.5h away -- outside the configured 24h money-event horizon; research grade 'C' is not in the actionable set ['A', 'A+', 'B']; estimated probability 37.2% is below the 50% money-qualification floor; net EV 1.31% is below the 2.00% money-qualification value floor",2026-10-10T14:00:00Z
2026-10-09,football,Ligue 2,Montpellier v Grenoble,1x2,away,Betfair,6.0,0.16880524664955804,5.923986486486486,High,0.008804441496666381,20,,0.0,0.01283147989734812,adequate,0.0,C,net EV 1.28% is below Grade B threshold; watchlist only,daily-engine-v1.1.0-odds-api,2026-10-08T14:28:00.276280+00:00,C,REJECT,False,"kickoff is 27.5h away -- outside the configured 24h money-event horizon; research grade 'C' is not in the actionable set ['A', 'A+', 'B']; estimated probability 16.9% is below the 50% money-qualification floor; net EV 1.28% is below the 2.00% money-qualification value floor",2026-10-09T18:00:00Z
2026-10-10,football,Premier League,Ipswich Town v Fulham,1x2,home,Betfair,2.98,0.33980582524271846,2.9428571428571426,High,0.004612887574716724,21,,0.0,0.012621359223301098,adequate,0.0,C,net EV 1.26% is below Grade B threshold; watchlist only,daily-engine-v1.1.0-odds-api,2026-10-08T14:28:00.276280+00:00,C,REJECT,False,"kickoff is 47.5h away -- outside the configured 24h money-event horizon; research grade 'C' is not in the actionable set ['A', 'A+', 'B']; estimated probability 34.0% is below the 50% money-qualification floor; net EV 1.26% is below the 2.00% money-qualification value floor",2026-10-10T14:00:00Z
2026-10-19,football,Serie A,Monza v Cagliari,1x2,away,Grosvenor,3.6,0.2812095032397408,3.556067588325653,High,0.00940474966020933,15,,0.0,0.012354211663066939,adequate,0.0,C,net EV 1.24% is below Grade B threshold; watchlist only,daily-engine-v1.1.0-odds-api,2026-10-08T14:28:00.276280+00:00,C,REJECT,False,"kickoff is 266.0h away -- outside the configured 24h money-event horizon; research grade 'C' is not in the actionable set ['A', 'A+', 'B']; estimated probability 28.1% is below the 50% money-qualification floor; net EV 1.24% is below the 2.00% money-qualification value floor",2026-10-19T16:30:00Z
2026-10-10,football,Championship,Charlton Athletic v Bristol City,over_under_2_5,over,Matchbook,2.22,0.45599999999999996,2.192982456140351,High,0.003462940764288706,5,,0.0,0.012319999999999998,adequate,0.0,C,net EV 1.23% is below Grade B threshold; watchlist only,daily-engine-v1.1.0-odds-api,2026-10-08T14:28:00.276280+00:00,C,REJECT,False,"kickoff is 45.0h away -- outside the configured 24h money-event horizon; research grade 'C' is not in the actionable set ['A', 'A+', 'B']; estimated probability 45.6% is below the 50% money-qualification floor; net EV 1.23% is below the 2.00% money-qualification value floor",2026-10-10T11:30:00Z
2026-10-10,football,Eredivisie,Ajax v NEC Nijmegen,1x2,draw,Grosvenor,6.25,0.16194456394812856,6.17495256166983,High,0.008500546341354625,19,,0.0,0.01215352467580344,adequate,0.0,C,net EV 1.22% is below Grade B threshold; watchlist only,daily-engine-v1.1.0-odds-api,2026-10-08T14:28:00.276280+00:00,C,REJECT,False,"kickoff is 52.5h away -- outside the configured 24h money-event horizon; research grade 'C' is not in the actionable set ['A', 'A+', 'B']; estimated probability 16.2% is below the 50% money-qualification floor; net EV 1.22% is below the 2.00% money-qualification value floor",2026-10-10T19:00:00Z
2026-10-10,football,Ligue 2,Clermont v Red Star,1x2,home,Matchbook,3.8,0.2662895453593128,3.7553107789142404,High,0.0069424116899947375,20,,0.0,0.011900272365388709,adequate,0.0,C,net EV 1.19% is below Grade B threshold; watchlist only,daily-engine-v1.1.0-odds-api,2026-10-08T14:28:00.276280+00:00,C,REJECT,False,"kickoff is 45.5h away -- outside the configured 24h money-event horizon; research grade 'C' is not in the actionable set ['A', 'A+', 'B']; estimated probability 26.6% is below the 50% money-qualification floor; net EV 1.19% is below the 2.00% money-qualification value floor",2026-10-10T12:00:00Z
2026-10-17,football,Bundesliga,Union Berlin v Borussia Dortmund,1x2,draw,Betfair,4.6,0.2199444849409922,4.546601840315683,High,0.005295152694859385,16,,0.0,0.01174463072856402,adequate,0.0,C,net EV 1.17% is below Grade B threshold; watchlist only,daily-engine-v1.1.0-odds-api,2026-10-08T14:28:00.276280+00:00,C,REJECT,False,"kickoff is 215.0h away -- outside the configured 24h money-event horizon; research grade 'C' is not in the actionable set ['A', 'A+', 'B']; estimated probability 22.0% is below the 50% money-qualification floor; net EV 1.17% is below the 2.00% money-qualification value floor",2026-10-17T13:30:00Z
2026-10-10,football,Segunda Division,AD Ceuta FC v Sabadell FC,1x2,home,Betfair,3.45,0.29315516771202615,3.411162790697675,High,0.0075696295053566095,16,,0.0,0.01138532860649022,adequate,0.0,C,net EV 1.14% is below Grade B threshold; watchlist only,daily-engine-v1.1.0-odds-api,2026-10-08T14:28:00.276280+00:00,C,REJECT,False,"kickoff is 47.8h away -- outside the configured 24h money-event horizon; research grade 'C' is not in the actionable set ['A', 'A+', 'B']; estimated probability 29.3% is below the 50% money-qualification floor; net EV 1.14% is below the 2.00% money-qualification value floor",2026-10-10T14:15:00Z
2026-10-18,football,Ligue 1,Lorient v AS Monaco,1x2,home,Grosvenor,3.65,0.2770199370409234,3.6098484848484844,High,0.01095571968541306,15,,0.0,0.011122770199370469,adequate,0.0,C,net EV 1.11% is below Grade B threshold; watchlist only,daily-engine-v1.1.0-odds-api,2026-10-08T14:28:00.276280+00:00,C,REJECT,False,"kickoff is 240.8h away -- outside the configured 24h money-event horizon; research grade 'C' is not in the actionable set ['A', 'A+', 'B']; estimated probability 27.7% is below the 50% money-qualification floor; net EV 1.11% is below the 2.00% money-qualification value floor",2026-10-18T15:15:00Z
2026-10-11,football,La Liga,Elche CF v Celta Vigo,1x2,away,Matchbook,2.74,0.3690128182294228,2.70993296329961,High,0.004646849332363465,20,,0.0,0.011095121948618503,adequate,0.0,C,net EV 1.11% is below Grade B threshold; watchlist only,daily-engine-v1.1.0-odds-api,2026-10-08T14:28:00.276280+00:00,C,REJECT,False,"kickoff is 69.5h away -- outside the configured 24h money-event horizon; research grade 'C' is not in the actionable set ['A', 'A+', 'B']; estimated probability 36.9% is below the 50% money-qualification floor; net EV 1.11% is below the 2.00% money-qualification value floor",2026-10-11T12:00:00Z
2026-10-10,football,Belgian Pro League,RAAL La Louvière v Club Brugge,1x2,draw,Betfair,5.3,0.19076216550384173,5.24212962962963,High,0.0046605802626805545,19,,0.0,0.011039477170361134,adequate,0.0,C,net EV 1.10% is below Grade B threshold; watchlist only,daily-engine-v1.1.0-odds-api,2026-10-08T14:28:00.276280+00:00,C,REJECT,False,"kickoff is 49.8h away -- outside the configured 24h money-event horizon; research grade 'C' is not in the actionable set ['A', 'A+', 'B']; estimated probability 19.1% is below the 50% money-qualification floor; net EV 1.10% is below the 2.00% money-qualification value floor",2026-10-10T16:15:00Z
2026-10-10,football,League One,Doncaster Rovers v Burton Albion,1x2,draw,Betway,4.2,0.24071463006873933,4.154296727683051,High,0.006299042458471749,20,,0.0,0.011001446288705141,adequate,0.0,C,net EV 1.10% is below Grade B threshold; watchlist only,daily-engine-v1.1.0-odds-api,2026-10-08T14:28:00.276280+00:00,C,REJECT,False,"kickoff is 47.5h away -- outside the configured 24h money-event horizon; research grade 'C' is not in the actionable set ['A', 'A+', 'B']; estimated probability 24.1% is below the 50% money-qualification floor; net EV 1.10% is below the 2.00% money-qualification value floor",2026-10-10T14:00:00Z
2026-10-10,football,Ligue 1,AS Monaco v Toulouse,1x2,draw,Betfair,4.6,0.2197641828428794,4.550332028922797,High,0.004165607715549645,20,,0.0,0.010915241077245175,adequate,0.0,C,net EV 1.09% is below Grade B threshold; watchlist only,daily-engine-v1.1.0-odds-api,2026-10-08T14:28:00.276280+00:00,C,REJECT,False,"kickoff is 52.3h away -- outside the configured 24h money-event horizon; research grade 'C' is not in the actionable set ['A', 'A+', 'B']; estimated probability 22.0% is below the 50% money-qualification floor; net EV 1.09% is below the 2.00% money-qualification value floor",2026-10-10T18:45:00Z
2026-10-10,football,League Two,Swindon Town v Crewe Alexandra,1x2,home,Matchbook,2.76,0.36625643320653384,2.7303274682306946,High,0.0062836607244672734,21,,0.0,0.010867755650033395,adequate,0.0,C,net EV 1.09% is below Grade B threshold; watchlist only,daily-engine-v1.1.0-odds-api,2026-10-08T14:28:00.276280+00:00,C,REJECT,False,"kickoff is 45.0h away -- outside the configured 24h money-event horizon; research grade 'C' is not in the actionable set ['A', 'A+', 'B']; estimated probability 36.6% is below the 50% money-qualification floor; net EV 1.09% is below the 2.00% money-qualification value floor",2026-10-10T11:30:00Z
2026-10-11,football,Scottish Premiership,Motherwell v Celtic,1x2,draw,Smarkets,4.7,0.21505972923899364,4.649871008108219,High,0.0061685639683721595,20,,0.0,0.010780727423270076,adequate,0.0,C,net EV 1.08% is below Grade B threshold; watchlist only,daily-engine-v1.1.0-odds-api,2026-10-08T14:28:00.276280+00:00,C,REJECT,False,"kickoff is 68.5h away -- outside the configured 24h money-event horizon; research grade 'C' is not in the actionable set ['A', 'A+', 'B']; estimated probability 21.5% is below the 50% money-qualification floor; net EV 1.08% is below the 2.00% money-qualification value floor",2026-10-11T11:00:00Z
2026-10-09,football,La Liga,Málaga v Espanyol,1x2,home,Smarkets,2.9,0.34852546916890076,2.8692307692307697,High,0.005329755711744305,20,,0.0,0.010723860589812229,adequate,0.0,C,net EV 1.07% is below Grade B threshold; watchlist only,daily-engine-v1.1.0-odds-api,2026-10-08T14:28:00.276280+00:00,C,REJECT,False,"kickoff is 28.5h away -- outside the configured 24h money-event horizon; research grade 'C' is not in the actionable set ['A', 'A+', 'B']; estimated probability 34.9% is below the 50% money-qualification floor; net EV 1.07% is below the 2.00% money-qualification value floor",2026-10-09T19:00:00Z
2026-10-11,football,Premier League,Hull City v Everton,1x2,home,Betfair,3.9,0.25914634146341464,3.8588235294117648,High,0.005402944612456428,21,,0.0,0.010670731707317027,adequate,0.0,C,net EV 1.07% is below Grade B threshold; watchlist only,daily-engine-v1.1.0-odds-api,2026-10-08T14:28:00.276280+00:00,C,REJECT,False,"kickoff is 70.5h away -- outside the configured 24h money-event horizon; research grade 'C' is not in the actionable set ['A', 'A+', 'B']; estimated probability 25.9% is below the 50% money-qualification floor; net EV 1.07% is below the 2.00% money-qualification value floor",2026-10-11T13:00:00Z
2026-10-09,football,La Liga,Málaga v Espanyol,1x2,away,Matchbook,2.84,0.35574329489927664,2.8110157361732844,High,0.0035990297816433942,20,,0.0,0.010310957513945618,adequate,0.0,C,net EV 1.03% is below Grade B threshold; watchlist only,daily-engine-v1.1.0-odds-api,2026-10-08T14:28:00.276280+00:00,C,REJECT,False,"kickoff is 28.5h away -- outside the configured 24h money-event horizon; research grade 'C' is not in the actionable set ['A', 'A+', 'B']; estimated probability 35.6% is below the 50% money-qualification floor; net EV 1.03% is below the 2.00% money-qualification value floor",2026-10-09T19:00:00Z
2026-10-18,football,Eredivisie,FC Twente Enschede v FC Utrecht,1x2,draw,Unibet (UK),5.75,0.1756482594677305,5.693196180994419,High,0.008224923452711532,6,,0.0,0.0099774919394503,adequate,0.0,C,net EV 1.00% is below Grade B threshold; watchlist only,daily-engine-v1.1.0-odds-api,2026-10-08T14:28:00.276280+00:00,C,REJECT,False,"kickoff is 243.5h away -- outside the configured 24h money-event horizon; research grade 'C' is not in the actionable set ['A', 'A+', 'B']; estimated probability 17.6% is below the 50% money-qualification floor; net EV 1.00% is below the 2.00% money-qualification value floor",2026-10-18T18:00:00Z
2026-10-10,football,Championship,West Bromwich Albion v Birmingham City,1x2,home,Betfair,2.52,0.40066042927903134,2.495879120879121,High,0.0064388178461660854,21,,0.0,0.009664281783159034,adequate,0.0,C,net EV 0.97% is below Grade B threshold; watchlist only,daily-engine-v1.1.0-odds-api,2026-10-08T14:28:00.276280+00:00,C,REJECT,False,"kickoff is 45.0h away -- outside the configured 24h money-event horizon; research grade 'C' is not in the actionable set ['A', 'A+', 'B']; estimated probability 40.1% is below the 50% money-qualification floor; net EV 0.97% is below the 2.00% money-qualification value floor",2026-10-10T11:30:00Z
2026-10-10,football,League Two,Cheltenham Town v Salford City,1x2,draw,Betway,4.0,0.2523812354588074,3.962259706757065,High,0.007228966977886019,20,,0.0,0.009524941835229672,adequate,0.0,C,net EV 0.95% is below Grade B threshold; watchlist only,daily-engine-v1.1.0-odds-api,2026-10-08T14:28:00.276280+00:00,C,REJECT,False,"kickoff is 47.5h away -- outside the configured 24h money-event horizon; research grade 'C' is not in the actionable set ['A', 'A+', 'B']; estimated probability 25.2% is below the 50% money-qualification floor; net EV 0.95% is below the 2.00% money-qualification value floor",2026-10-10T14:00:00Z
2026-10-11,football,Serie A,Como v AS Roma,1x2,home,Betfair,2.72,0.37113402061855666,2.6944444444444446,High,0.005921372461328787,21,,0.0,0.009484536082474238,adequate,0.0,C,net EV 0.95% is below Grade B threshold; watchlist only,daily-engine-v1.1.0-odds-api,2026-10-08T14:28:00.276280+00:00,C,REJECT,False,"kickoff is 68.0h away -- outside the configured 24h money-event horizon; research grade 'C' is not in the actionable set ['A', 'A+', 'B']; estimated probability 37.1% is below the 50% money-qualification floor; net EV 0.95% is below the 2.00% money-qualification value floor",2026-10-11T10:30:00Z
2026-10-11,football,2. Bundesliga,VfL Bochum v Arminia Bielefeld,1x2,away,Betfair,3.05,0.3309734513274336,3.021390374331551,High,0.0105407695433592,19,,0.0,0.009469026548672432,adequate,0.0,C,net EV 0.95% is below Grade B threshold; watchlist only,daily-engine-v1.1.0-odds-api,2026-10-08T14:28:00.276280+00:00,C,REJECT,False,"kickoff is 69.0h away -- outside the configured 24h money-event horizon; research grade 'C' is not in the actionable set ['A', 'A+', 'B']; estimated probability 33.1% is below the 50% money-qualification floor; net EV 0.95% is below the 2.00% money-qualification value floor",2026-10-11T11:30:00Z
2026-10-09,football,Championship,West Ham United v Queens Park Rangers,1x2,draw,Betfair,4.9,0.20594965675057206,4.855555555555556,High,0.004651125911673253,21,,0.0,0.009153318077803174,adequate,0.0,C,net EV 0.92% is below Grade B threshold; watchlist only,daily-engine-v1.1.0-odds-api,2026-10-08T14:28:00.276280+00:00,C,REJECT,False,"kickoff is 28.5h away -- outside the configured 24h money-event horizon; research grade 'C' is not in the actionable set ['A', 'A+', 'B']; estimated probability 20.6% is below the 50% money-qualification floor; net EV 0.92% is below the 2.00% money-qualification value floor",2026-10-09T19:00:00Z
2026-10-09,football,Ligue 1,RC Lens v Lyon,1x2,away,Betfair,2.88,0.35001954224005416,2.8569833375593907,High,0.003765779570051379,20,,0.0,0.008056281651355968,adequate,0.0,C,net EV 0.81% is below Grade B threshold; watchlist only,daily-engine-v1.1.0-odds-api,2026-10-08T14:28:00.276280+00:00,C,REJECT,False,"kickoff is 28.3h away -- outside the configured 24h money-event horizon; research grade 'C' is not in the actionable set ['A', 'A+', 'B']; estimated probability 35.0% is below the 50% money-qualification floor; net EV 0.81% is below the 2.00% money-qualification value floor",2026-10-09T18:45:00Z
2026-10-10,football,League One,Huddersfield Town v Sheffield Wednesday,1x2,home,Matchbook,1.84,0.547523109741645,1.8264069264069263,High,0.006943703950042396,21,,0.0,0.007442521924626799,adequate,0.0,C,net EV 0.74% is below Grade B threshold; watchlist only,daily-engine-v1.1.0-odds-api,2026-10-08T14:28:00.276280+00:00,C,REJECT,False,"kickoff is 47.5h away -- outside the configured 24h money-event horizon; research grade 'C' is not in the actionable set ['A', 'A+', 'B']; net EV 0.74% is below the 2.00% money-qualification value floor",2026-10-10T14:00:00Z
2026-10-11,football,Eredivisie,FC Utrecht v Willem II,1x2,draw,Betfair,4.9,0.20556372876822254,4.864671437865973,Medium,0.021176743191629887,19,,0.0,0.007262270964290551,adequate,0.0,C,net EV 0.73% is below Grade B threshold; watchlist only,daily-engine-v1.1.0-odds-api,2026-10-08T14:28:00.276280+00:00,C,REJECT,False,"kickoff is 67.8h away -- outside the configured 24h money-event horizon; research grade 'C' is not in the actionable set ['A', 'A+', 'B']; estimated probability 20.6% is below the 60% money-qualification floor (the stricter Medium-confidence floor); Medium-confidence candidates require odds inside the preferred range 1.40-2.50; odds are 4.90; net EV 0.73% is below the 5.00% money-qualification value floor (the stricter Medium-confidence floor)",2026-10-11T10:15:00Z
2026-10-17,football,Ligue 1,Lille v Brest,1x2,away,Grosvenor,5.25,0.19182894234440623,5.21297770700637,Low,0.05067605020181774,15,,0.0,0.007101947308132628,adequate,0.0,C,net EV 0.71% is below Grade B threshold; watchlist only,daily-engine-v1.1.0-odds-api,2026-10-08T14:28:00.276280+00:00,C,REJECT,False,"kickoff is 220.3h away -- outside the configured 24h money-event horizon; research grade 'C' is not in the actionable set ['A', 'A+', 'B']; confidence 'Low' is not eligible for real-money qualification (requires one of ['High'], or ['Medium'] with every other requirement strong)",2026-10-17T18:45:00Z
2026-10-09,football,Ligue 2,Sochaux v Boulogne,1x2,away,Betfair,3.45,0.2918628496734388,3.4262668274461303,High,0.007578972667777533,20,,0.0,0.0069268313733638065,adequate,0.0,C,net EV 0.69% is below Grade B threshold; watchlist only,daily-engine-v1.1.0-odds-api,2026-10-08T14:28:00.276280+00:00,C,REJECT,False,"kickoff is 27.5h away -- outside the configured 24h money-event horizon; research grade 'C' is not in the actionable set ['A', 'A+', 'B']; estimated probability 29.2% is below the 50% money-qualification floor; net EV 0.69% is below the 2.00% money-qualification value floor",2026-10-09T18:00:00Z
2026-10-10,football,League Two,Tranmere Rovers v Rochdale,1x2,away,Matchbook,3.85,0.2614868862157365,3.8242835595776774,High,0.007943264121460195,21,,0.0,0.006724511930585542,adequate,0.0,C,net EV 0.67% is below Grade B threshold; watchlist only,daily-engine-v1.1.0-odds-api,2026-10-08T14:28:00.276280+00:00,C,REJECT,False,"kickoff is 47.5h away -- outside the configured 24h money-event horizon; research grade 'C' is not in the actionable set ['A', 'A+', 'B']; estimated probability 26.1% is below the 50% money-qualification floor; net EV 0.67% is below the 2.00% money-qualification value floor",2026-10-10T14:00:00Z
2026-10-10,football,Championship,Watford v Burnley,1x2,home,Matchbook,3.15,0.31951606598319693,3.1297330759342445,High,0.005099610702429641,20,,0.0,0.006475607847070242,adequate,0.0,C,net EV 0.65% is below Grade B threshold; watchlist only,daily-engine-v1.1.0-odds-api,2026-10-08T14:28:00.276280+00:00,C,REJECT,False,"kickoff is 47.5h away -- outside the configured 24h money-event horizon; research grade 'C' is not in the actionable set ['A', 'A+', 'B']; estimated probability 32.0% is below the 50% money-qualification floor; net EV 0.65% is below the 2.00% money-qualification value floor",2026-10-10T14:00:00Z
2026-10-10,football,League One,Doncaster Rovers v Burton Albion,1x2,away,Paddy Power,5.0,0.20122151856583825,4.969647417071883,High,0.007011819570778316,20,,0.0,0.006107592829191266,adequate,0.0,C,net EV 0.61% is below Grade B threshold; watchlist only,daily-engine-v1.1.0-odds-api,2026-10-08T14:28:00.276280+00:00,C,REJECT,False,"kickoff is 47.5h away -- outside the configured 24h money-event horizon; research grade 'C' is not in the actionable set ['A', 'A+', 'B']; estimated probability 20.1% is below the 50% money-qualification floor; net EV 0.61% is below the 2.00% money-qualification value floor",2026-10-10T14:00:00Z
2026-10-11,football,Serie A,Lazio v Monza,1x2,draw,Matchbook,4.2,0.23954567451393433,4.174569221628046,High,0.0034674663176735743,21,,0.0,0.006091832958524224,adequate,0.0,C,net EV 0.61% is below Grade B threshold; watchlist only,daily-engine-v1.1.0-odds-api,2026-10-08T14:28:00.276280+00:00,C,REJECT,False,"kickoff is 70.5h away -- outside the configured 24h money-event horizon; research grade 'C' is not in the actionable set ['A', 'A+', 'B']; estimated probability 24.0% is below the 50% money-qualification floor; net EV 0.61% is below the 2.00% money-qualification value floor",2026-10-11T13:00:00Z
2026-10-10,football,Championship,Middlesbrough v Wolverhampton Wanderers,1x2,draw,Betfair,3.95,0.25450689289501593,3.9291666666666663,High,0.00622567170558123,21,,0.0,0.005302226935313015,adequate,0.0,C,net EV 0.53% is below Grade B threshold; watchlist only,daily-engine-v1.1.0-odds-api,2026-10-08T14:28:00.276280+00:00,C,REJECT,False,"kickoff is 47.5h away -- outside the configured 24h money-event horizon; research grade 'C' is not in the actionable set ['A', 'A+', 'B']; estimated probability 25.5% is below the 50% money-qualification floor; net EV 0.53% is below the 2.00% money-qualification value floor",2026-10-10T14:00:00Z
2026-10-19,football,La Liga,Getafe v Rayo Vallecano,1x2,away,Grosvenor,2.8,0.3586792495326472,2.7880062794348506,High,0.00838010181685334,13,,0.0,0.004301898691412065,adequate,0.0,C,net EV 0.43% is below Grade B threshold; watchlist only,daily-engine-v1.1.0-odds-api,2026-10-08T14:28:00.276280+00:00,C,REJECT,False,"kickoff is 268.5h away -- outside the configured 24h money-event horizon; research grade 'C' is not in the actionable set ['A', 'A+', 'B']; estimated probability 35.9% is below the 50% money-qualification floor; net EV 0.43% is below the 2.00% money-qualification value floor",2026-10-19T19:00:00Z
2026-10-17,football,La Liga,Villarreal v Elche CF,1x2,away,Betfair,6.6,0.15214291241969052,6.572767565021181,High,0.006283825897110278,14,,0.0,0.004143221969957311,adequate,0.0,C,net EV 0.41% is below Grade B threshold; watchlist only,daily-engine-v1.1.0-odds-api,2026-10-08T14:28:00.276280+00:00,C,REJECT,False,"kickoff is 215.8h away -- outside the configured 24h money-event horizon; research grade 'C' is not in the actionable set ['A', 'A+', 'B']; estimated probability 15.2% is below the 50% money-qualification floor; net EV 0.41% is below the 2.00% money-qualification value floor",2026-10-17T14:15:00Z
2026-10-10,football,Scottish Premiership,Falkirk F.C. v Dundee FC,1x2,away,Smarkets,3.7,0.2713860300075595,3.6847880488621496,High,0.0043696281715261045,20,,0.0,0.004128311027970177,adequate,0.0,C,net EV 0.41% is below Grade B threshold; watchlist only,daily-engine-v1.1.0-odds-api,2026-10-08T14:28:00.276280+00:00,C,REJECT,False,"kickoff is 47.5h away -- outside the configured 24h money-event horizon; research grade 'C' is not in the actionable set ['A', 'A+', 'B']; estimated probability 27.1% is below the 50% money-qualification floor; net EV 0.41% is below the 2.00% money-qualification value floor",2026-10-10T14:00:00Z
2026-10-10,football,Belgian Pro League,SV Zulte-Waregem v Gent,1x2,home,Matchbook,3.05,0.3291629431039618,3.038009049773756,High,0.012832699377042933,19,,0.0,0.003946976467083418,adequate,0.0,C,net EV 0.39% is below Grade B threshold; watchlist only,daily-engine-v1.1.0-odds-api,2026-10-08T14:28:00.276280+00:00,C,REJECT,False,"kickoff is 52.3h away -- outside the configured 24h money-event horizon; research grade 'C' is not in the actionable set ['A', 'A+', 'B']; estimated probability 32.9% is below the 50% money-qualification floor; net EV 0.39% is below the 2.00% money-qualification value floor",2026-10-10T18:45:00Z
2026-10-17,football,Ligue 1,Strasbourg v Paris Saint Germain,1x2,draw,Betfred (UK),5.5,0.18251763197264373,5.478922716627634,High,0.005565083722190434,15,,0.0,0.0038469758495405237,adequate,0.0,C,net EV 0.38% is below Grade B threshold; watchlist only,daily-engine-v1.1.0-odds-api,2026-10-08T14:28:00.276280+00:00,C,REJECT,False,"kickoff is 216.8h away -- outside the configured 24h money-event horizon; research grade 'C' is not in the actionable set ['A', 'A+', 'B']; estimated probability 18.3% is below the 50% money-qualification floor; net EV 0.38% is below the 2.00% money-qualification value floor",2026-10-17T15:15:00Z
2026-10-11,football,Ligue 1,Nice v Strasbourg,1x2,draw,Betfair Sportsbook,3.8,0.2640925285899198,3.786551650436086,High,0.006930761207649433,20,,0.0,0.0035516086416951254,adequate,0.0,C,net EV 0.36% is below Grade B threshold; watchlist only,daily-engine-v1.1.0-odds-api,2026-10-08T14:28:00.276280+00:00,C,REJECT,False,"kickoff is 70.5h away -- outside the configured 24h money-event horizon; research grade 'C' is not in the actionable set ['A', 'A+', 'B']; estimated probability 26.4% is below the 50% money-qualification floor; net EV 0.36% is below the 2.00% money-qualification value floor",2026-10-11T13:00:00Z
2026-10-10,football,Serie B,Arezzo v Cremonese,1x2,home,Matchbook,3.15,0.31831721514162303,3.1415203213407366,High,0.00652977131668796,20,,0.0,0.0026992276961125272,adequate,0.0,C,net EV 0.27% is below Grade B threshold; watchlist only,daily-engine-v1.1.0-odds-api,2026-10-08T14:28:00.276280+00:00,C,REJECT,False,"kickoff is 51.0h away -- outside the configured 24h money-event horizon; research grade 'C' is not in the actionable set ['A', 'A+', 'B']; estimated probability 31.8% is below the 50% money-qualification floor; net EV 0.27% is below the 2.00% money-qualification value floor",2026-10-10T17:30:00Z
2026-10-10,football,Championship,Sheffield United v Lincoln City,1x2,draw,Matchbook,3.6,0.2785145888594165,3.5904761904761897,High,0.003613542557742835,21,,0.0,0.0026525198938993633,adequate,0.0,C,net EV 0.27% is below Grade B threshold; watchlist only,daily-engine-v1.1.0-odds-api,2026-10-08T14:28:00.276280+00:00,C,REJECT,False,"kickoff is 47.5h away -- outside the configured 24h money-event horizon; research grade 'C' is not in the actionable set ['A', 'A+', 'B']; estimated probability 27.9% is below the 50% money-qualification floor; net EV 0.27% is below the 2.00% money-qualification value floor",2026-10-10T14:00:00Z
2026-10-10,football,Bundesliga,Union Berlin v Elversberg,1x2,home,Betfair,2.44,0.41071777821239974,2.434761904761905,High,0.006639486061694117,21,,0.0,0.0021513788382553356,adequate,0.0,C,net EV 0.22% is below Grade B threshold; watchlist only,daily-engine-v1.1.0-odds-api,2026-10-08T14:28:00.276280+00:00,C,REJECT,False,"kickoff is 47.0h away -- outside the configured 24h money-event horizon; research grade 'C' is not in the actionable set ['A', 'A+', 'B']; estimated probability 41.1% is below the 50% money-qualification floor; net EV 0.22% is below the 2.00% money-qualification value floor",2026-10-10T13:30:00Z
2026-10-10,football,Premier League,Ipswich Town v Fulham,over_under_2_5,over,Matchbook,1.84,0.544502617801047,1.836538461538462,High,0.002798677270532245,5,,0.0,0.0018848167539265992,adequate,0.0,C,net EV 0.19% is below Grade B threshold; watchlist only,daily-engine-v1.1.0-odds-api,2026-10-08T14:28:00.276280+00:00,C,REJECT,False,"kickoff is 47.5h away -- outside the configured 24h money-event horizon; research grade 'C' is not in the actionable set ['A', 'A+', 'B']; net EV 0.19% is below the 2.00% money-qualification value floor",2026-10-10T14:00:00Z
2026-10-10,football,Primeira Liga,Académico de Viseu v Estoril,1x2,away,Betfair,3.2,0.313086323238973,3.194007293754312,High,0.008754794323556426,20,,0.0,0.0018762343647137358,adequate,0.0,C,net EV 0.19% is below Grade B threshold; watchlist only,daily-engine-v1.1.0-odds-api,2026-10-08T14:28:00.276280+00:00,C,REJECT,False,"kickoff is 53.0h away -- outside the configured 24h money-event horizon; research grade 'C' is not in the actionable set ['A', 'A+', 'B']; estimated probability 31.3% is below the 50% money-qualification floor; net EV 0.19% is below the 2.00% money-qualification value floor",2026-10-10T19:30:00Z
2026-10-10,football,2. Bundesliga,SV Darmstadt 98 v FC Energie Cottbus,1x2,draw,Betfair,4.1,0.2442936458975941,4.0934343434343425,High,0.00585304111425345,19,,0.0,0.0016039481801358724,adequate,0.0,C,net EV 0.16% is below Grade B threshold; watchlist only,daily-engine-v1.1.0-odds-api,2026-10-08T14:28:00.276280+00:00,C,REJECT,False,"kickoff is 44.5h away -- outside the configured 24h money-event horizon; research grade 'C' is not in the actionable set ['A', 'A+', 'B']; estimated probability 24.4% is below the 50% money-qualification floor; net EV 0.16% is below the 2.00% money-qualification value floor",2026-10-10T11:00:00Z
2026-10-10,football,Ligue 1,Brest v Angers,1x2,away,Smarkets,3.8,0.2635135135135135,3.794871794871795,High,0.00627015284975373,20,,0.0,0.0013513513513512265,adequate,0.0,C,net EV 0.14% is below Grade B threshold; watchlist only,daily-engine-v1.1.0-odds-api,2026-10-08T14:28:00.276280+00:00,C,REJECT,False,"kickoff is 52.3h away -- outside the configured 24h money-event horizon; research grade 'C' is not in the actionable set ['A', 'A+', 'B']; estimated probability 26.4% is below the 50% money-qualification floor; net EV 0.14% is below the 2.00% money-qualification value floor",2026-10-10T18:45:00Z
2026-10-10,football,Premier League,Aston Villa v Brentford,1x2,home,Betfair,2.78,0.36018207005739167,2.7763736263736263,High,0.006834467608126365,21,,0.0,0.001306154759548761,adequate,0.0,C,net EV 0.13% is below Grade B threshold; watchlist only,daily-engine-v1.1.0-odds-api,2026-10-08T14:28:00.276280+00:00,C,REJECT,False,"kickoff is 47.5h away -- outside the configured 24h money-event horizon; research grade 'C' is not in the actionable set ['A', 'A+', 'B']; estimated probability 36.0% is below the 50% money-qualification floor; net EV 0.13% is below the 2.00% money-qualification value floor",2026-10-10T14:00:00Z
2026-10-11,football,Ligue 1,Nice v Strasbourg,1x2,away,Smarkets,3.05,0.328254635151489,3.0464154741897294,High,0.004607750053670555,20,,0.0,0.0011766372120414204,adequate,0.0,C,net EV 0.12% is below Grade B threshold; watchlist only,daily-engine-v1.1.0-odds-api,2026-10-08T14:28:00.276280+00:00,C,REJECT,False,"kickoff is 70.5h away -- outside the configured 24h money-event horizon; research grade 'C' is not in the actionable set ['A', 'A+', 'B']; estimated probability 32.8% is below the 50% money-qualification floor; net EV 0.12% is below the 2.00% money-qualification value floor",2026-10-11T13:00:00Z
2026-10-17,football,Eredivisie,Sparta Rotterdam v Willem II,1x2,away,Grosvenor,5.5,0.18192372119636296,5.4968092859129145,High,0.006625715204829337,12,,0.0,0.0005804665799962194,adequate,0.0,C,net EV 0.06% is below Grade B threshold; watchlist only,daily-engine-v1.1.0-odds-api,2026-10-08T14:28:00.276280+00:00,C,REJECT,False,"kickoff is 220.5h away -- outside the configured 24h money-event horizon; research grade 'C' is not in the actionable set ['A', 'A+', 'B']; estimated probability 18.2% is below the 50% money-qualification floor; net EV 0.06% is below the 2.00% money-qualification value floor",2026-10-17T19:00:00Z
2026-10-11,football,Ligue 1,Troyes v Marseille,1x2,away,Betfair,2.0,0.5000752464551824,1.9996990594686868,High,0.006238111621993893,20,,0.0,0.00015049291036484114,adequate,0.0,C,net EV 0.02% is below Grade B threshold; watchlist only,daily-engine-v1.1.0-odds-api,2026-10-08T14:28:00.276280+00:00,C,REJECT,False,"kickoff is 76.3h away -- outside the configured 24h money-event horizon; research grade 'C' is not in the actionable set ['A', 'A+', 'B']; net EV 0.02% is below the 2.00% money-qualification value floor",2026-10-11T18:45:00Z
2026-10-10,football,Championship,Derby County v Wrexham AFC,over_under_2_5,under,Matchbook,1.87,0.5347593582887701,1.8699999999999999,High,0.007074406530151089,5,,0.0,1.1102230246251565e-16,adequate,0.0,C,net EV 0.00% is below Grade B threshold; watchlist only,daily-engine-v1.1.0-odds-api,2026-10-08T14:28:00.276280+00:00,C,REJECT,False,"kickoff is 47.5h away -- outside the configured 24h money-event horizon; research grade 'C' is not in the actionable set ['A', 'A+', 'B']; net EV 0.00% is below the 2.00% money-qualification value floor",2026-10-10T14:00:00Z
2026-10-09,football,2. Bundesliga,Eintracht Braunschweig v Holstein Kiel,1x2,draw,Matchbook,3.95,0.25315350704901574,3.9501724137931036,High,0.005847812540750056,19,,0.0,-4.3647156387827124e-05,adequate,0.0,Reject,net EV -0.00% is below the minimum Grade C floor,daily-engine-v1.1.0-odds-api,2026-10-08T14:28:00.276280+00:00,Reject,REJECT,False,"kickoff is 26.0h away -- outside the configured 24h money-event horizon; research grade 'Reject' is not in the actionable set ['A', 'A+', 'B']; estimated probability 25.3% is below the 50% money-qualification floor; net EV -0.00% is below the 2.00% money-qualification value floor",2026-10-09T16:30:00Z
2026-10-10,football,League One,Cambridge United v Blackpool,1x2,away,Matchbook,3.6,0.2777629444022264,3.600192250813369,High,0.0044140838696669705,21,,0.0,-5.340015198507242e-05,adequate,0.0,Reject,net EV -0.01% is below the minimum Grade C floor,daily-engine-v1.1.0-odds-api,2026-10-08T14:28:00.276280+00:00,Reject,REJECT,False,"kickoff is 47.5h away -- outside the configured 24h money-event horizon; research grade 'Reject' is not in the actionable set ['A', 'A+', 'B']; estimated probability 27.8% is below the 50% money-qualification floor; net EV -0.01% is below the 2.00% money-qualification value floor",2026-10-10T14:00:00Z
2026-10-10,football,Championship,Derby County v Wrexham AFC,1x2,draw,Betfair,3.5,0.28560216272782774,3.501374045801526,High,0.005372416945188835,20,,0.0,-0.00039243045260284326,adequate,0.0,Reject,net EV -0.04% is below the minimum Grade C floor,daily-engine-v1.1.0-odds-api,2026-10-08T14:28:00.276280+00:00,Reject,REJECT,False,"kickoff is 47.5h away -- outside the configured 24h money-event horizon; research grade 'Reject' is not in the actionable set ['A', 'A+', 'B']; estimated probability 28.6% is below the 50% money-qualification floor; net EV -0.04% is below the 2.00% money-qualification value floor",2026-10-10T14:00:00Z
2026-10-10,football,Bundesliga,Union Berlin v Elversberg,1x2,away,Smarkets,2.98,0.3354256571204394,2.981286549707602,High,0.006770451596112123,21,,0.0,-0.00043154178109050534,adequate,0.0,Reject,net EV -0.04% is below the minimum Grade C floor,daily-engine-v1.1.0-odds-api,2026-10-08T14:28:00.276280+00:00,Reject,REJECT,False,"kickoff is 47.0h away -- outside the configured 24h money-event horizon; research grade 'Reject' is not in the actionable set ['A', 'A+', 'B']; estimated probability 33.5% is below the 50% money-qualification floor; net EV -0.04% is below the 2.00% money-qualification value floor",2026-10-10T13:30:00Z
2026-10-11,football,Eredivisie,Excelsior v Groningen,1x2,away,Grosvenor,2.7,0.3701823949246629,2.7013710368466155,High,0.011109573745245621,18,,0.0,-0.0005075337034099459,adequate,0.0,Reject,net EV -0.05% is below the minimum Grade C floor,daily-engine-v1.1.0-odds-api,2026-10-08T14:28:00.276280+00:00,Reject,REJECT,False,"kickoff is 72.3h away -- outside the configured 24h money-event horizon; research grade 'Reject' is not in the actionable set ['A', 'A+', 'B']; estimated probability 37.0% is below the 50% money-qualification floor; net EV -0.05% is below the 2.00% money-qualification value floor",2026-10-11T14:45:00Z
2026-10-11,football,La Liga,Real Racing Club de Santander v Valencia,1x2,home,Smarkets,2.42,0.4130078145319084,2.4212616924291672,High,0.007164492355844899,20,,0.0,-0.0005210888327817909,adequate,0.0,Reject,net EV -0.05% is below the minimum Grade C floor,daily-engine-v1.1.0-odds-api,2026-10-08T14:28:00.276280+00:00,Reject,REJECT,False,"kickoff is 76.5h away -- outside the configured 24h money-event horizon; research grade 'Reject' is not in the actionable set ['A', 'A+', 'B']; estimated probability 41.3% is below the 50% money-qualification floor; net EV -0.05% is below the 2.00% money-qualification value floor",2026-10-11T19:00:00Z
2026-10-10,football,Championship,Sheffield United v Lincoln City,over_under_2_5,over,Matchbook,2.06,0.4851752021563342,2.0611111111111113,High,0.010177458595860637,5,,0.0,-0.0005390835579515141,adequate,0.0,Reject,net EV -0.05% is below the minimum Grade C floor,daily-engine-v1.1.0-odds-api,2026-10-08T14:28:00.276280+00:00,Reject,REJECT,False,"kickoff is 47.5h away -- outside the configured 24h money-event horizon; research grade 'Reject' is not in the actionable set ['A', 'A+', 'B']; estimated probability 48.5% is below the 50% money-qualification floor; net EV -0.05% is below the 2.00% money-qualification value floor",2026-10-10T14:00:00Z
2026-10-10,football,Championship,Preston North End v Millwall,over_under_2_5,under,Matchbook,2.06,0.4851752021563342,2.0611111111111113,High,0.0071591023788319655,5,,0.0,-0.0005390835579515141,adequate,0.0,Reject,net EV -0.05% is below the minimum Grade C floor,daily-engine-v1.1.0-odds-api,2026-10-08T14:28:00.276280+00:00,Reject,REJECT,False,"kickoff is 47.5h away -- outside the configured 24h money-event horizon; research grade 'Reject' is not in the actionable set ['A', 'A+', 'B']; estimated probability 48.5% is below the 50% money-qualification floor; net EV -0.05% is below the 2.00% money-qualification value floor",2026-10-10T14:00:00Z
2026-10-10,football,Belgian Pro League,Genk v KV Kortrijk,1x2,draw,Betfair,4.9,0.20380739081746918,4.906593406593407,High,0.006047278982401368,19,,0.0,-0.0013437849944010205,adequate,0.0,Reject,net EV -0.13% is below the minimum Grade C floor,daily-engine-v1.1.0-odds-api,2026-10-08T14:28:00.276280+00:00,Reject,REJECT,False,"kickoff is 52.3h away -- outside the configured 24h money-event horizon; research grade 'Reject' is not in the actionable set ['A', 'A+', 'B']; estimated probability 20.4% is below the 50% money-qualification floor; net EV -0.13% is below the 2.00% money-qualification value floor",2026-10-10T18:45:00Z
2026-10-18,football,Serie A,AC Milan v Atalanta BC,1x2,away,Grosvenor,4.25,0.2348993288590604,4.257142857142857,High,0.007971974929400343,15,,0.0,-0.001677852348993314,adequate,0.0,Reject,net EV -0.17% is below the minimum Grade C floor,daily-engine-v1.1.0-odds-api,2026-10-08T14:28:00.276280+00:00,Reject,REJECT,False,"kickoff is 241.5h away -- outside the configured 24h money-event horizon; research grade 'Reject' is not in the actionable set ['A', 'A+', 'B']; estimated probability 23.5% is below the 50% money-qualification floor; net EV -0.17% is below the 2.00% money-qualification value floor",2026-10-18T16:00:00Z
2026-10-09,football,Serie B,Avellino v Sampdoria,1x2,away,Grosvenor,2.75,0.36287324990707465,2.7557831839521985,High,0.012409420248604577,19,,0.0,-0.002098562755544764,adequate,0.0,Reject,net EV -0.21% is below the minimum Grade C floor,daily-engine-v1.1.0-odds-api,2026-10-08T14:28:00.276280+00:00,Reject,REJECT,False,"kickoff is 28.0h away -- outside the configured 24h money-event horizon; research grade 'Reject' is not in the actionable set ['A', 'A+', 'B']; estimated probability 36.3% is below the 50% money-qualification floor; net EV -0.21% is below the 2.00% money-qualification value floor",2026-10-09T18:30:00Z
2026-10-09,football,Primeira Liga,Braga v Sporting Lisbon,1x2,away,Betfair,2.24,0.44546222354413473,2.2448592656048727,High,0.005344973727372465,20,,0.0,-0.00216461926113809,adequate,0.0,Reject,net EV -0.22% is below the minimum Grade C floor,daily-engine-v1.1.0-odds-api,2026-10-08T14:28:00.276280+00:00,Reject,REJECT,False,"kickoff is 28.8h away -- outside the configured 24h money-event horizon; research grade 'Reject' is not in the actionable set ['A', 'A+', 'B']; estimated probability 44.5% is below the 50% money-qualification floor; net EV -0.22% is below the 2.00% money-qualification value floor",2026-10-09T19:15:00Z
2026-10-16,football,La Liga,Deportivo La Coruña v Levante,1x2,away,Grosvenor,3.6,0.27702702702702703,3.6097560975609757,High,0.005349170259274864,13,,0.0,-0.002702702702702675,adequate,0.0,Reject,net EV -0.27% is below the minimum Grade C floor,daily-engine-v1.1.0-odds-api,2026-10-08T14:28:00.276280+00:00,Reject,REJECT,False,"kickoff is 196.5h away -- outside the configured 24h money-event horizon; research grade 'Reject' is not in the actionable set ['A', 'A+', 'B']; estimated probability 27.7% is below the 50% money-qualification floor; net EV -0.27% is below the 2.00% money-qualification value floor",2026-10-16T19:00:00Z
2026-10-10,football,Ligue 2,Nantes v Stade de Reims,1x2,away,Betfair,3.6,0.27702702702702703,3.6097560975609757,High,0.005683169990752861,20,,0.0,-0.002702702702702675,adequate,0.0,Reject,net EV -0.27% is below the minimum Grade C floor,daily-engine-v1.1.0-odds-api,2026-10-08T14:28:00.276280+00:00,Reject,REJECT,False,"kickoff is 45.5h away -- outside the configured 24h money-event horizon; research grade 'Reject' is not in the actionable set ['A', 'A+', 'B']; estimated probability 27.7% is below the 50% money-qualification floor; net EV -0.27% is below the 2.00% money-qualification value floor",2026-10-10T12:00:00Z
2026-10-10,football,Championship,Charlton Athletic v Bristol City,1x2,away,Matchbook,2.4,0.41534713763702796,2.407624633431085,High,0.003861703479761032,21,,0.0,-0.003166869671132999,adequate,0.0,Reject,net EV -0.32% is below the minimum Grade C floor,daily-engine-v1.1.0-odds-api,2026-10-08T14:28:00.276280+00:00,Reject,REJECT,False,"kickoff is 45.0h away -- outside the configured 24h money-event horizon; research grade 'Reject' is not in the actionable set ['A', 'A+', 'B']; estimated probability 41.5% is below the 50% money-qualification floor; net EV -0.32% is below the 2.00% money-qualification value floor",2026-10-10T11:30:00Z
2026-10-10,football,League One,Bradford City v Leyton Orient,1x2,draw,Betfair,4.0,0.24901269278900062,4.015859548361833,High,0.005058704110533744,21,,0.0,-0.00394922884399751,adequate,0.0,Reject,net EV -0.39% is below the minimum Grade C floor,daily-engine-v1.1.0-odds-api,2026-10-08T14:28:00.276280+00:00,Reject,REJECT,False,"kickoff is 47.5h away -- outside the configured 24h money-event horizon; research grade 'Reject' is not in the actionable set ['A', 'A+', 'B']; estimated probability 24.9% is below the 50% money-qualification floor; net EV -0.39% is below the 2.00% money-qualification value floor",2026-10-10T14:00:00Z
2026-10-18,football,La Liga,CA Osasuna v Real Racing Club de Santander,1x2,away,Betfair,4.2,0.23712799242703572,4.217131810398555,High,0.0068046959503491565,14,,0.0,-0.00406243180644994,adequate,0.0,Reject,net EV -0.41% is below the minimum Grade C floor,daily-engine-v1.1.0-odds-api,2026-10-08T14:28:00.276280+00:00,Reject,REJECT,False,"kickoff is 237.5h away -- outside the configured 24h money-event horizon; research grade 'Reject' is not in the actionable set ['A', 'A+', 'B']; estimated probability 23.7% is below the 50% money-qualification floor; net EV -0.41% is below the 2.00% money-qualification value floor",2026-10-18T12:00:00Z
2026-10-17,football,La Liga,Valencia v Athletic Bilbao,1x2,home,Betfair,3.65,0.2728577899454571,3.664912774525862,High,0.006450763693040662,14,,0.0,-0.0040690666990814695,adequate,0.0,Reject,net EV -0.41% is below the minimum Grade C floor,daily-engine-v1.1.0-odds-api,2026-10-08T14:28:00.276280+00:00,Reject,REJECT,False,"kickoff is 220.5h away -- outside the configured 24h money-event horizon; research grade 'Reject' is not in the actionable set ['A', 'A+', 'B']; estimated probability 27.3% is below the 50% money-qualification floor; net EV -0.41% is below the 2.00% money-qualification value floor",2026-10-17T19:00:00Z
2026-10-11,football,Serie A,Como v AS Roma,1x2,away,Betfair,2.74,0.3634475597092419,2.751428571428572,High,0.0034644265745968125,21,,0.0,-0.004153686396677014,adequate,0.0,Reject,net EV -0.42% is below the minimum Grade C floor,daily-engine-v1.1.0-odds-api,2026-10-08T14:28:00.276280+00:00,Reject,REJECT,False,"kickoff is 68.0h away -- outside the configured 24h money-event horizon; research grade 'Reject' is not in the actionable set ['A', 'A+', 'B']; estimated probability 36.3% is below the 50% money-qualification floor; net EV -0.42% is below the 2.00% money-qualification value floor",2026-10-11T10:30:00Z
2026-10-11,football,Premier League,Hull City v Everton,over_under_2_5,over,Matchbook,2.08,0.47869674185463656,2.0890052356020945,High,0.0059773053182300175,5,,0.0,-0.004310776942355821,adequate,0.0,Reject,net EV -0.43% is below the minimum Grade C floor,daily-engine-v1.1.0-odds-api,2026-10-08T14:28:00.276280+00:00,Reject,REJECT,False,"kickoff is 70.5h away -- outside the configured 24h money-event horizon; research grade 'Reject' is not in the actionable set ['A', 'A+', 'B']; estimated probability 47.9% is below the 50% money-qualification floor; net EV -0.43% is below the 2.00% money-qualification value floor",2026-10-11T13:00:00Z
2026-10-11,football,Premier League,Hull City v Everton,over_under_2_5,under,Matchbook,1.91,0.5213032581453634,1.9182692307692308,High,0.005977305318230065,5,,0.0,-0.004310776942355987,adequate,0.0,Reject,net EV -0.43% is below the minimum Grade C floor,daily-engine-v1.1.0-odds-api,2026-10-08T14:28:00.276280+00:00,Reject,REJECT,False,"kickoff is 70.5h away -- outside the configured 24h money-event horizon; research grade 'Reject' is not in the actionable set ['A', 'A+', 'B']; net EV -0.43% is below the 2.00% money-qualification value floor",2026-10-11T13:00:00Z
2026-10-10,football,La Liga,Rayo Vallecano v Athletic Bilbao,1x2,away,Smarkets,2.72,0.3660473920675943,2.731886694647834,High,0.0048117695178229655,20,,0.0,-0.004351093576143494,adequate,0.0,Reject,net EV -0.44% is below the minimum Grade C floor,daily-engine-v1.1.0-odds-api,2026-10-08T14:28:00.276280+00:00,Reject,REJECT,False,"kickoff is 45.5h away -- outside the configured 24h money-event horizon; research grade 'Reject' is not in the actionable set ['A', 'A+', 'B']; estimated probability 36.6% is below the 50% money-qualification floor; net EV -0.44% is below the 2.00% money-qualification value floor",2026-10-10T12:00:00Z
2026-10-17,football,Premier League,Newcastle United v Aston Villa,1x2,away,Betfair,3.35,0.29715964740450534,3.3651944627554387,High,0.006646606808566549,17,,0.0,-0.004515181194907125,adequate,0.0,Reject,net EV -0.45% is below the minimum Grade C floor,daily-engine-v1.1.0-odds-api,2026-10-08T14:28:00.276280+00:00,Reject,REJECT,False,"kickoff is 218.0h away -- outside the configured 24h money-event horizon; research grade 'Reject' is not in the actionable set ['A', 'A+', 'B']; estimated probability 29.7% is below the 50% money-qualification floor; net EV -0.45% is below the 2.00% money-qualification value floor",2026-10-17T16:30:00Z
2026-10-12,football,Primeira Liga,Famalicão v Alverca,1x2,away,Coral,4.6,0.21635439727798167,4.62204610852053,High,0.008312033467294536,18,,0.0,-0.00476977252128441,adequate,0.0,Reject,net EV -0.48% is below the minimum Grade C floor,daily-engine-v1.1.0-odds-api,2026-10-08T14:28:00.276280+00:00,Reject,REJECT,False,"kickoff is 100.8h away -- outside the configured 24h money-event horizon; research grade 'Reject' is not in the actionable set ['A', 'A+', 'B']; estimated probability 21.6% is below the 50% money-qualification floor; net EV -0.48% is below the 2.00% money-qualification value floor",2026-10-12T19:15:00Z
2026-10-10,football,Serie B,Benevento v Cesena FC,1x2,draw,Betfair Sportsbook,3.75,0.26535396446751514,3.7685511954068462,High,0.005699986625303772,20,,0.0,-0.004922633246818187,adequate,0.0,Reject,net EV -0.49% is below the minimum Grade C floor,daily-engine-v1.1.0-odds-api,2026-10-08T14:28:00.276280+00:00,Reject,REJECT,False,"kickoff is 46.5h away -- outside the configured 24h money-event horizon; research grade 'Reject' is not in the actionable set ['A', 'A+', 'B']; estimated probability 26.5% is below the 50% money-qualification floor; net EV -0.49% is below the 2.00% money-qualification value floor",2026-10-10T13:00:00Z
2026-10-10,football,League Two,Swindon Town v Crewe Alexandra,1x2,draw,Betfair Sportsbook,3.7,0.26891097140539444,3.7187028657616894,High,0.005524582009979208,21,,0.0,-0.005029405800040521,adequate,0.0,Reject,net EV -0.50% is below the minimum Grade C floor,daily-engine-v1.1.0-odds-api,2026-10-08T14:28:00.276280+00:00,Reject,REJECT,False,"kickoff is 45.0h away -- outside the configured 24h money-event horizon; research grade 'Reject' is not in the actionable set ['A', 'A+', 'B']; estimated probability 26.9% is below the 50% money-qualification floor; net EV -0.50% is below the 2.00% money-qualification value floor",2026-10-10T11:30:00Z
2026-10-10,football,Championship,West Bromwich Albion v Birmingham City,1x2,away,Betfair,3.1,0.3209373408048905,3.1158730158730155,High,0.004443015431999558,21,,0.0,-0.005094243504839335,adequate,0.0,Reject,net EV -0.51% is below the minimum Grade C floor,daily-engine-v1.1.0-odds-api,2026-10-08T14:28:00.276280+00:00,Reject,REJECT,False,"kickoff is 45.0h away -- outside the configured 24h money-event horizon; research grade 'Reject' is not in the actionable set ['A', 'A+', 'B']; estimated probability 32.1% is below the 50% money-qualification floor; net EV -0.51% is below the 2.00% money-qualification value floor",2026-10-10T11:30:00Z
2026-10-10,football,Championship,Charlton Athletic v Bristol City,1x2,home,Betfair,3.35,0.29697061431011745,3.3673365370613073,High,0.004199803106367742,21,,0.0,-0.00514844206110654,adequate,0.0,Reject,net EV -0.51% is below the minimum Grade C floor,daily-engine-v1.1.0-odds-api,2026-10-08T14:28:00.276280+00:00,Reject,REJECT,False,"kickoff is 45.0h away -- outside the configured 24h money-event horizon; research grade 'Reject' is not in the actionable set ['A', 'A+', 'B']; estimated probability 29.7% is below the 50% money-qualification floor; net EV -0.51% is below the 2.00% money-qualification value floor",2026-10-10T11:30:00Z
2026-10-10,football,Premier League,Sunderland v Brighton and Hove Albion,over_under_2_5,under,Matchbook,2.1,0.47368421052631576,2.111111111111111,High,0.005959169283434083,5,,0.0,-0.0052631578947368585,adequate,0.0,Reject,net EV -0.53% is below the minimum Grade C floor,daily-engine-v1.1.0-odds-api,2026-10-08T14:28:00.276280+00:00,Reject,REJECT,False,"kickoff is 47.5h away -- outside the configured 24h money-event horizon; research grade 'Reject' is not in the actionable set ['A', 'A+', 'B']; estimated probability 47.4% is below the 50% money-qualification floor; net EV -0.53% is below the 2.00% money-qualification value floor",2026-10-10T14:00:00Z
2026-10-10,football,Premier League,Sunderland v Brighton and Hove Albion,over_under_2_5,over,Matchbook,1.89,0.5263157894736842,1.9000000000000001,High,0.005959169283434096,5,,0.0,-0.0052631578947369695,adequate,0.0,Reject,net EV -0.53% is below the minimum Grade C floor,daily-engine-v1.1.0-odds-api,2026-10-08T14:28:00.276280+00:00,Reject,REJECT,False,"kickoff is 47.5h away -- outside the configured 24h money-event horizon; research grade 'Reject' is not in the actionable set ['A', 'A+', 'B']; net EV -0.53% is below the 2.00% money-qualification value floor",2026-10-10T14:00:00Z
2026-10-18,football,La Liga,Celta Vigo v Alavés,1x2,away,Grosvenor,3.95,0.25181228538725675,3.9712121212121216,High,0.004663527199341047,13,,0.0,-0.005341472720335805,adequate,0.0,Reject,net EV -0.53% is below the minimum Grade C floor,daily-engine-v1.1.0-odds-api,2026-10-08T14:28:00.276280+00:00,Reject,REJECT,False,"kickoff is 239.8h away -- outside the configured 24h money-event horizon; research grade 'Reject' is not in the actionable set ['A', 'A+', 'B']; estimated probability 25.2% is below the 50% money-qualification floor; net EV -0.53% is below the 2.00% money-qualification value floor",2026-10-18T14:15:00Z
2026-10-17,football,Ligue 1,Strasbourg v Paris Saint Germain,1x2,home,Betfred (UK),6.5,0.1530054644808743,6.5357142857142865,High,0.005887187296481278,15,,0.0,-0.005464480874317168,adequate,0.0,Reject,net EV -0.55% is below the minimum Grade C floor,daily-engine-v1.1.0-odds-api,2026-10-08T14:28:00.276280+00:00,Reject,REJECT,False,"kickoff is 216.8h away -- outside the configured 24h money-event horizon; research grade 'Reject' is not in the actionable set ['A', 'A+', 'B']; estimated probability 15.3% is below the 50% money-qualification floor; net EV -0.55% is below the 2.00% money-qualification value floor",2026-10-17T15:15:00Z
2026-10-18,football,Serie A,Juventus v Lazio,1x2,draw,Betfred (UK),4.0,0.2485875706214689,4.022727272727273,High,0.00487583335881298,15,,0.0,-0.005649717514124353,adequate,0.0,Reject,net EV -0.56% is below the minimum Grade C floor,daily-engine-v1.1.0-odds-api,2026-10-08T14:28:00.276280+00:00,Reject,REJECT,False,"kickoff is 244.3h away -- outside the configured 24h money-event horizon; research grade 'Reject' is not in the actionable set ['A', 'A+', 'B']; estimated probability 24.9% is below the 50% money-qualification floor; net EV -0.56% is below the 2.00% money-qualification value floor",2026-10-18T18:45:00Z
2026-10-10,football,League Two,Port Vale v Grimsby Town,1x2,draw,Betfair Sportsbook,3.5,0.28409090909090906,3.5200000000000005,High,0.005858102528969889,21,,0.0,-0.005681818181818232,adequate,0.0,Reject,net EV -0.57% is below the minimum Grade C floor,daily-engine-v1.1.0-odds-api,2026-10-08T14:28:00.276280+00:00,Reject,REJECT,False,"kickoff is 47.5h away -- outside the configured 24h money-event horizon; research grade 'Reject' is not in the actionable set ['A', 'A+', 'B']; estimated probability 28.4% is below the 50% money-qualification floor; net EV -0.57% is below the 2.00% money-qualification value floor",2026-10-10T14:00:00Z
2026-10-10,football,La Liga,Alavés v Atlético Madrid,1x2,draw,Smarkets,3.9,0.25495330251350307,3.9222869056463274,High,0.0024612193683152764,20,,0.0,-0.0056821201973380475,adequate,0.0,Reject,net EV -0.57% is below the minimum Grade C floor,daily-engine-v1.1.0-odds-api,2026-10-08T14:28:00.276280+00:00,Reject,REJECT,False,"kickoff is 47.8h away -- outside the configured 24h money-event horizon; research grade 'Reject' is not in the actionable set ['A', 'A+', 'B']; estimated probability 25.5% is below the 50% money-qualification floor; net EV -0.57% is below the 2.00% money-qualification value floor",2026-10-10T14:15:00Z
2026-10-16,football,Serie A,Frosinone v Sassuolo,1x2,draw,Betfair,3.75,0.26512968299711814,3.7717391304347827,High,0.008134647614876441,15,,0.0,-0.0057636887608070175,adequate,0.0,Reject,net EV -0.58% is below the minimum Grade C floor,daily-engine-v1.1.0-odds-api,2026-10-08T14:28:00.276280+00:00,Reject,REJECT,False,"kickoff is 196.3h away -- outside the configured 24h money-event horizon; research grade 'Reject' is not in the actionable set ['A', 'A+', 'B']; estimated probability 26.5% is below the 50% money-qualification floor; net EV -0.58% is below the 2.00% money-qualification value floor",2026-10-16T18:45:00Z
2026-10-11,football,Segunda Division,Mallorca v Las Palmas,1x2,away,Betfair,5.7,0.17442112096948711,5.733250620347395,High,0.00556574722243042,16,,0.0,-0.005799610473923411,adequate,0.0,Reject,net EV -0.58% is below the minimum Grade C floor,daily-engine-v1.1.0-odds-api,2026-10-08T14:28:00.276280+00:00,Reject,REJECT,False,"kickoff is 74.0h away -- outside the configured 24h money-event horizon; research grade 'Reject' is not in the actionable set ['A', 'A+', 'B']; estimated probability 17.4% is below the 50% money-qualification floor; net EV -0.58% is below the 2.00% money-qualification value floor",2026-10-11T16:30:00Z
2026-10-18,football,La Liga,CA Osasuna v Real Racing Club de Santander,1x2,draw,Betfred (UK),3.75,0.2651186367994111,3.7718962803682508,High,0.006799857677618757,14,,0.0,-0.005805112002208235,adequate,0.0,Reject,net EV -0.58% is below the minimum Grade C floor,daily-engine-v1.1.0-odds-api,2026-10-08T14:28:00.276280+00:00,Reject,REJECT,False,"kickoff is 237.5h away -- outside the configured 24h money-event horizon; research grade 'Reject' is not in the actionable set ['A', 'A+', 'B']; estimated probability 26.5% is below the 50% money-qualification floor; net EV -0.58% is below the 2.00% money-qualification value floor",2026-10-18T12:00:00Z
2026-10-10,football,Scottish Premiership,Hearts v St Mirren,1x2,draw,Paddy Power,5.0,0.19879946499239268,5.030194623704175,High,0.006458221052809781,20,,0.0,-0.006002675038036642,adequate,0.0,Reject,net EV -0.60% is below the minimum Grade C floor,daily-engine-v1.1.0-odds-api,2026-10-08T14:28:00.276280+00:00,Reject,REJECT,False,"kickoff is 47.5h away -- outside the configured 24h money-event horizon; research grade 'Reject' is not in the actionable set ['A', 'A+', 'B']; estimated probability 19.9% is below the 50% money-qualification floor; net EV -0.60% is below the 2.00% money-qualification value floor",2026-10-10T14:00:00Z
2026-10-10,football,Eredivisie,Fortuna Sittard v FC Twente Enschede,1x2,home,Betfred (UK),6.5,0.15288947484069437,6.540672607070997,Low,0.0793110982963305,19,,0.0,-0.006218413535486578,adequate,0.0,Reject,net EV -0.62% is below the minimum Grade C floor,daily-engine-v1.1.0-odds-api,2026-10-08T14:28:00.276280+00:00,Reject,REJECT,False,"kickoff is 51.5h away -- outside the configured 24h money-event horizon; research grade 'Reject' is not in the actionable set ['A', 'A+', 'B']; confidence 'Low' is not eligible for real-money qualification (requires one of ['High'], or ['Medium'] with every other requirement strong)",2026-10-10T18:00:00Z
2026-10-10,football,League One,Notts County v Oxford United,1x2,home,Betfair,2.7,0.36802973977695175,2.7171717171717167,High,0.005275521924209735,21,,0.0,-0.006319702602230248,adequate,0.0,Reject,net EV -0.63% is below the minimum Grade C floor,daily-engine-v1.1.0-odds-api,2026-10-08T14:28:00.276280+00:00,Reject,REJECT,False,"kickoff is 45.0h away -- outside the configured 24h money-event horizon; research grade 'Reject' is not in the actionable set ['A', 'A+', 'B']; estimated probability 36.8% is below the 50% money-qualification floor; net EV -0.63% is below the 2.00% money-qualification value floor",2026-10-10T11:30:00Z
2026-10-11,football,Premier League,Crystal Palace v Nottingham Forest,1x2,away,Smarkets,2.8,0.3548387096774194,2.818181818181818,High,0.006160496276330601,21,,0.0,-0.006451612903225823,adequate,0.0,Reject,net EV -0.65% is below the minimum Grade C floor,daily-engine-v1.1.0-odds-api,2026-10-08T14:28:00.276280+00:00,Reject,REJECT,False,"kickoff is 70.5h away -- outside the configured 24h money-event horizon; research grade 'Reject' is not in the actionable set ['A', 'A+', 'B']; estimated probability 35.5% is below the 50% money-qualification floor; net EV -0.65% is below the 2.00% money-qualification value floor",2026-10-11T13:00:00Z
2026-10-16,football,Ligue 1,Le Mans FC v Toulouse,1x2,home,Grosvenor,3.2,0.3104838709677419,3.2207792207792214,High,0.010219377359044593,15,,0.0,-0.006451612903225934,adequate,0.0,Reject,net EV -0.65% is below the minimum Grade C floor,daily-engine-v1.1.0-odds-api,2026-10-08T14:28:00.276280+00:00,Reject,REJECT,False,"kickoff is 196.3h away -- outside the configured 24h money-event horizon; research grade 'Reject' is not in the actionable set ['A', 'A+', 'B']; estimated probability 31.0% is below the 50% money-qualification floor; net EV -0.65% is below the 2.00% money-qualification value floor",2026-10-16T18:45:00Z
2026-10-10,football,Championship,Watford v Burnley,1x2,away,Betfair,2.42,0.41047080183287066,2.4362268778551637,High,0.007123946283461554,20,,0.0,-0.006660659564453053,adequate,0.0,Reject,net EV -0.67% is below the minimum Grade C floor,daily-engine-v1.1.0-odds-api,2026-10-08T14:28:00.276280+00:00,Reject,REJECT,False,"kickoff is 47.5h away -- outside the configured 24h money-event horizon; research grade 'Reject' is not in the actionable set ['A', 'A+', 'B']; estimated probability 41.0% is below the 50% money-qualification floor; net EV -0.67% is below the 2.00% money-qualification value floor",2026-10-10T14:00:00Z
2026-10-11,football,Premier League,Crystal Palace v Nottingham Forest,1x2,home,Smarkets,2.78,0.3573145921953024,2.7986542443064177,High,0.005885297149296278,21,,0.0,-0.0066654336970592976,adequate,0.0,Reject,net EV -0.67% is below the minimum Grade C floor,daily-engine-v1.1.0-odds-api,2026-10-08T14:28:00.276280+00:00,Reject,REJECT,False,"kickoff is 70.5h away -- outside the configured 24h money-event horizon; research grade 'Reject' is not in the actionable set ['A', 'A+', 'B']; estimated probability 35.7% is below the 50% money-qualification floor; net EV -0.67% is below the 2.00% money-qualification value floor",2026-10-11T13:00:00Z
2026-10-10,football,Championship,Watford v Burnley,over_under_2_5,under,Matchbook,2.1,0.47297297297297297,2.1142857142857143,High,0.005767554537781373,5,,0.0,-0.006756756756756688,adequate,0.0,Reject,net EV -0.68% is below the minimum Grade C floor,daily-engine-v1.1.0-odds-api,2026-10-08T14:28:00.276280+00:00,Reject,REJECT,False,"kickoff is 47.5h away -- outside the configured 24h money-event horizon; research grade 'Reject' is not in the actionable set ['A', 'A+', 'B']; estimated probability 47.3% is below the 50% money-qualification floor; net EV -0.68% is below the 2.00% money-qualification value floor",2026-10-10T14:00:00Z
2026-10-09,football,2. Bundesliga,Eintracht Braunschweig v Holstein Kiel,1x2,home,Betfair,2.78,0.3572395128552097,2.7992424242424243,High,0.004941129788432434,19,,0.0,-0.006874154262517029,adequate,0.0,Reject,net EV -0.69% is below the minimum Grade C floor,daily-engine-v1.1.0-odds-api,2026-10-08T14:28:00.276280+00:00,Reject,REJECT,False,"kickoff is 26.0h away -- outside the configured 24h money-event horizon; research grade 'Reject' is not in the actionable set ['A', 'A+', 'B']; estimated probability 35.7% is below the 50% money-qualification floor; net EV -0.69% is below the 2.00% money-qualification value floor",2026-10-09T16:30:00Z
2026-10-10,football,League One,Mansfield Town v Bromley FC,1x2,away,Paddy Power,4.5,0.22067716487092123,4.531506468215328,High,0.008090618221874853,21,,0.0,-0.006952758080854382,adequate,0.0,Reject,net EV -0.70% is below the minimum Grade C floor,daily-engine-v1.1.0-odds-api,2026-10-08T14:28:00.276280+00:00,Reject,REJECT,False,"kickoff is 47.5h away -- outside the configured 24h money-event horizon; research grade 'Reject' is not in the actionable set ['A', 'A+', 'B']; estimated probability 22.1% is below the 50% money-qualification floor; net EV -0.70% is below the 2.00% money-qualification value floor",2026-10-10T14:00:00Z
2026-10-10,football,Segunda Division,AD Ceuta FC v Sabadell FC,1x2,draw,Betfair,3.5,0.2837093175521123,3.524734431100656,High,0.0027486400706058602,16,,0.0,-0.007017388567606808,adequate,0.0,Reject,net EV -0.70% is below the minimum Grade C floor,daily-engine-v1.1.0-odds-api,2026-10-08T14:28:00.276280+00:00,Reject,REJECT,False,"kickoff is 47.8h away -- outside the configured 24h money-event horizon; research grade 'Reject' is not in the actionable set ['A', 'A+', 'B']; estimated probability 28.4% is below the 50% money-qualification floor; net EV -0.70% is below the 2.00% money-qualification value floor",2026-10-10T14:15:00Z
2026-10-10,football,2. Bundesliga,1. FC Nürnberg v VfL Wolfsburg,1x2,draw,Betfair Sportsbook,4.0,0.24824237838519497,4.028321056642113,High,0.00786206417006973,19,,0.0,-0.007030486459220109,adequate,0.0,Reject,net EV -0.70% is below the minimum Grade C floor,daily-engine-v1.1.0-odds-api,2026-10-08T14:28:00.276280+00:00,Reject,REJECT,False,"kickoff is 52.0h away -- outside the configured 24h money-event horizon; research grade 'Reject' is not in the actionable set ['A', 'A+', 'B']; estimated probability 24.8% is below the 50% money-qualification floor; net EV -0.70% is below the 2.00% money-qualification value floor",2026-10-10T18:30:00Z
2026-10-10,football,La Liga,Rayo Vallecano v Athletic Bilbao,1x2,home,Smarkets,2.86,0.3471672425657228,2.8804560954816707,High,0.004189884061007996,20,,0.0,-0.00710168626203278,adequate,0.0,Reject,net EV -0.71% is below the minimum Grade C floor,daily-engine-v1.1.0-odds-api,2026-10-08T14:28:00.276280+00:00,Reject,REJECT,False,"kickoff is 45.5h away -- outside the configured 24h money-event horizon; research grade 'Reject' is not in the actionable set ['A', 'A+', 'B']; estimated probability 34.7% is below the 50% money-qualification floor; net EV -0.71% is below the 2.00% money-qualification value floor",2026-10-10T12:00:00Z
2026-10-10,football,Championship,Blackburn Rovers v Cardiff City,1x2,home,Betfair,2.78,0.35710845281152603,2.8002697559438,High,0.0056912831122403985,20,,0.0,-0.007238501183957746,adequate,0.0,Reject,net EV -0.72% is below the minimum Grade C floor,daily-engine-v1.1.0-odds-api,2026-10-08T14:28:00.276280+00:00,Reject,REJECT,False,"kickoff is 47.5h away -- outside the configured 24h money-event horizon; research grade 'Reject' is not in the actionable set ['A', 'A+', 'B']; estimated probability 35.7% is below the 50% money-qualification floor; net EV -0.72% is below the 2.00% money-qualification value floor",2026-10-10T14:00:00Z
2026-10-10,football,Belgian Pro League,SV Zulte-Waregem v Gent,1x2,draw,Grosvenor,3.5,0.28358653559725944,3.526260504201681,High,0.007489964443728995,19,,0.0,-0.007447125409591915,adequate,0.0,Reject,net EV -0.74% is below the minimum Grade C floor,daily-engine-v1.1.0-odds-api,2026-10-08T14:28:00.276280+00:00,Reject,REJECT,False,"kickoff is 52.3h away -- outside the configured 24h money-event horizon; research grade 'Reject' is not in the actionable set ['A', 'A+', 'B']; estimated probability 28.4% is below the 50% money-qualification floor; net EV -0.74% is below the 2.00% money-qualification value floor",2026-10-10T18:45:00Z
2026-10-10,football,League One,Stockport County FC v Barnsley,1x2,draw,Betfair,5.3,0.18724279835390945,5.340659340659341,High,0.006625032328680808,21,,0.0,-0.007613168724279973,adequate,0.0,Reject,net EV -0.76% is below the minimum Grade C floor,daily-engine-v1.1.0-odds-api,2026-10-08T14:28:00.276280+00:00,Reject,REJECT,False,"kickoff is 47.5h away -- outside the configured 24h money-event horizon; research grade 'Reject' is not in the actionable set ['A', 'A+', 'B']; estimated probability 18.7% is below the 50% money-qualification floor; net EV -0.76% is below the 2.00% money-qualification value floor",2026-10-10T14:00:00Z
2026-10-11,football,Championship,Southampton v Portsmouth,over_under_2_5,under,Matchbook,2.34,0.42408376963350786,2.3580246913580245,High,0.0020260390142715933,5,,0.0,-0.007643979057591732,adequate,0.0,Reject,net EV -0.76% is below the minimum Grade C floor,daily-engine-v1.1.0-odds-api,2026-10-08T14:28:00.276280+00:00,Reject,REJECT,False,"kickoff is 68.5h away -- outside the configured 24h money-event horizon; research grade 'Reject' is not in the actionable set ['A', 'A+', 'B']; estimated probability 42.4% is below the 50% money-qualification floor; net EV -0.76% is below the 2.00% money-qualification value floor",2026-10-11T11:00:00Z
2026-10-10,football,Primeira Liga,Académico de Viseu v Estoril,1x2,home,Virgin Bet,2.4,0.41339208257262594,2.4190110119593715,High,0.010253282358667543,20,,0.0,-0.007859001825697765,adequate,0.0,Reject,net EV -0.79% is below the minimum Grade C floor,daily-engine-v1.1.0-odds-api,2026-10-08T14:28:00.276280+00:00,Reject,REJECT,False,"kickoff is 53.0h away -- outside the configured 24h money-event horizon; research grade 'Reject' is not in the actionable set ['A', 'A+', 'B']; estimated probability 41.3% is below the 50% money-qualification floor; net EV -0.79% is below the 2.00% money-qualification value floor",2026-10-10T19:30:00Z
2026-10-10,football,2. Bundesliga,VfL Osnabrück v Dynamo Dresden,1x2,home,Casumo,2.8,0.3543271409152696,2.8222506393861893,High,0.010237436509665911,18,,0.0,-0.0078840054372451,adequate,0.0,Reject,net EV -0.79% is below the minimum Grade C floor,daily-engine-v1.1.0-odds-api,2026-10-08T14:28:00.276280+00:00,Reject,REJECT,False,"kickoff is 44.5h away -- outside the configured 24h money-event horizon; research grade 'Reject' is not in the actionable set ['A', 'A+', 'B']; estimated probability 35.4% is below the 50% money-qualification floor; net EV -0.79% is below the 2.00% money-qualification value floor",2026-10-10T11:00:00Z
2026-10-11,football,Premier League,Liverpool v Manchester City,1x2,away,Smarkets,2.6,0.3815533980582525,2.620865139949109,High,0.005275293135249118,21,,0.0,-0.007961165048543495,adequate,0.0,Reject,net EV -0.80% is below the minimum Grade C floor,daily-engine-v1.1.0-odds-api,2026-10-08T14:28:00.276280+00:00,Reject,REJECT,False,"kickoff is 73.0h away -- outside the configured 24h money-event horizon; research grade 'Reject' is not in the actionable set ['A', 'A+', 'B']; estimated probability 38.2% is below the 50% money-qualification floor; net EV -0.80% is below the 2.00% money-qualification value floor",2026-10-11T15:30:00Z
2026-10-11,football,Premier League,Liverpool v Manchester City,1x2,draw,Betfair,3.85,0.25765542839467986,3.881152460984394,High,0.0039513299069139345,21,,0.0,-0.008026600680482443,adequate,0.0,Reject,net EV -0.80% is below the minimum Grade C floor,daily-engine-v1.1.0-odds-api,2026-10-08T14:28:00.276280+00:00,Reject,REJECT,False,"kickoff is 73.0h away -- outside the configured 24h money-event horizon; research grade 'Reject' is not in the actionable set ['A', 'A+', 'B']; estimated probability 25.8% is below the 50% money-qualification floor; net EV -0.80% is below the 2.00% money-qualification value floor",2026-10-11T15:30:00Z
2026-10-17,football,Premier League,Brentford v Liverpool,1x2,away,Casumo,2.48,0.3999806070008726,2.5001212121212126,High,0.006690754530855434,17,,0.0,-0.008048094637835845,adequate,0.0,Reject,net EV -0.80% is below the minimum Grade C floor,daily-engine-v1.1.0-odds-api,2026-10-08T14:28:00.276280+00:00,Reject,REJECT,False,"kickoff is 215.5h away -- outside the configured 24h money-event horizon; research grade 'Reject' is not in the actionable set ['A', 'A+', 'B']; estimated probability 40.0% is below the 50% money-qualification floor; net EV -0.80% is below the 2.00% money-qualification value floor",2026-10-17T14:00:00Z
2026-10-11,football,Premier League,Crystal Palace v Nottingham Forest,1x2,draw,Betfred (UK),3.5,0.28338464098510696,3.528772753963593,High,0.00641358159665153,21,,0.0,-0.00815375655212558,adequate,0.0,Reject,net EV -0.82% is below the minimum Grade C floor,daily-engine-v1.1.0-odds-api,2026-10-08T14:28:00.276280+00:00,Reject,REJECT,False,"kickoff is 70.5h away -- outside the configured 24h money-event horizon; research grade 'Reject' is not in the actionable set ['A', 'A+', 'B']; estimated probability 28.3% is below the 50% money-qualification floor; net EV -0.82% is below the 2.00% money-qualification value floor",2026-10-11T13:00:00Z
2026-10-09,football,Primeira Liga,Moreirense FC v Gil Vicente,1x2,draw,Matchbook,3.35,0.29601482580825833,3.3782091733734427,High,0.006504597063963216,20,,0.0,-0.00835033354233461,adequate,0.0,Reject,net EV -0.84% is below the minimum Grade C floor,daily-engine-v1.1.0-odds-api,2026-10-08T14:28:00.276280+00:00,Reject,REJECT,False,"kickoff is 27.3h away -- outside the configured 24h money-event horizon; research grade 'Reject' is not in the actionable set ['A', 'A+', 'B']; estimated probability 29.6% is below the 50% money-qualification floor; net EV -0.84% is below the 2.00% money-qualification value floor",2026-10-09T17:45:00Z
2026-10-09,football,Ligue 2,Nancy v Guingamp,1x2,away,Smarkets,3.55,0.27930274494089363,3.580344332855093,High,0.005327196713307172,20,,0.0,-0.008475255459827746,adequate,0.0,Reject,net EV -0.85% is below the minimum Grade C floor,daily-engine-v1.1.0-odds-api,2026-10-08T14:28:00.276280+00:00,Reject,REJECT,False,"kickoff is 27.5h away -- outside the configured 24h money-event horizon; research grade 'Reject' is not in the actionable set ['A', 'A+', 'B']; estimated probability 27.9% is below the 50% money-qualification floor; net EV -0.85% is below the 2.00% money-qualification value floor",2026-10-09T18:00:00Z
2026-10-10,football,League Two,Newport County v Colchester United,1x2,draw,Betfair Sportsbook,3.6,0.27540294323756126,3.6310432569974562,High,0.005434305935068113,21,,0.0,-0.008549404344779354,adequate,0.0,Reject,net EV -0.85% is below the minimum Grade C floor,daily-engine-v1.1.0-odds-api,2026-10-08T14:28:00.276280+00:00,Reject,REJECT,False,"kickoff is 47.5h away -- outside the configured 24h money-event horizon; research grade 'Reject' is not in the actionable set ['A', 'A+', 'B']; estimated probability 27.5% is below the 50% money-qualification floor; net EV -0.85% is below the 2.00% money-qualification value floor",2026-10-10T14:00:00Z
2026-10-10,football,Championship,Sheffield United v Lincoln City,1x2,away,Betfair,3.65,0.2716248989490704,3.681547619047618,High,0.0058169247492652005,21,,0.0,-0.008569118835893175,adequate,0.0,Reject,net EV -0.86% is below the minimum Grade C floor,daily-engine-v1.1.0-odds-api,2026-10-08T14:28:00.276280+00:00,Reject,REJECT,False,"kickoff is 47.5h away -- outside the configured 24h money-event horizon; research grade 'Reject' is not in the actionable set ['A', 'A+', 'B']; estimated probability 27.2% is below the 50% money-qualification floor; net EV -0.86% is below the 2.00% money-qualification value floor",2026-10-10T14:00:00Z
2026-10-09,football,Primeira Liga,Moreirense FC v Gil Vicente,1x2,home,Matchbook,3.45,0.28736527640461285,3.4798915600087716,High,0.0033540602482678397,20,,0.0,-0.008589796404085637,adequate,0.0,Reject,net EV -0.86% is below the minimum Grade C floor,daily-engine-v1.1.0-odds-api,2026-10-08T14:28:00.276280+00:00,Reject,REJECT,False,"kickoff is 27.3h away -- outside the configured 24h money-event horizon; research grade 'Reject' is not in the actionable set ['A', 'A+', 'B']; estimated probability 28.7% is below the 50% money-qualification floor; net EV -0.86% is below the 2.00% money-qualification value floor",2026-10-09T17:45:00Z
2026-10-10,football,Premier League,Ipswich Town v Fulham,1x2,draw,Betfair,3.65,0.27157708285009385,3.682195822657038,High,0.003257706260796853,21,,0.0,-0.008743647597157511,adequate,0.0,Reject,net EV -0.87% is below the minimum Grade C floor,daily-engine-v1.1.0-odds-api,2026-10-08T14:28:00.276280+00:00,Reject,REJECT,False,"kickoff is 47.5h away -- outside the configured 24h money-event horizon; research grade 'Reject' is not in the actionable set ['A', 'A+', 'B']; estimated probability 27.2% is below the 50% money-qualification floor; net EV -0.87% is below the 2.00% money-qualification value floor",2026-10-10T14:00:00Z
2026-10-11,football,La Liga,Elche CF v Celta Vigo,1x2,home,Smarkets,2.92,0.33946741718986795,2.9457908163265305,High,0.005963169091412364,20,,0.0,-0.008755141805585565,adequate,0.0,Reject,net EV -0.88% is below the minimum Grade C floor,daily-engine-v1.1.0-odds-api,2026-10-08T14:28:00.276280+00:00,Reject,REJECT,False,"kickoff is 69.5h away -- outside the configured 24h money-event horizon; research grade 'Reject' is not in the actionable set ['A', 'A+', 'B']; estimated probability 33.9% is below the 50% money-qualification floor; net EV -0.88% is below the 2.00% money-qualification value floor",2026-10-11T12:00:00Z
2026-10-10,football,Championship,Derby County v Wrexham AFC,1x2,home,Matchbook,2.84,0.3489807781653763,2.865487335024843,High,0.006056414320451711,20,,0.0,-0.008894590010331327,adequate,0.0,Reject,net EV -0.89% is below the minimum Grade C floor,daily-engine-v1.1.0-odds-api,2026-10-08T14:28:00.276280+00:00,Reject,REJECT,False,"kickoff is 47.5h away -- outside the configured 24h money-event horizon; research grade 'Reject' is not in the actionable set ['A', 'A+', 'B']; estimated probability 34.9% is below the 50% money-qualification floor; net EV -0.89% is below the 2.00% money-qualification value floor",2026-10-10T14:00:00Z
2026-10-12,football,Primeira Liga,Famalicão v Alverca,1x2,home,Betfair,1.94,0.5107296137339056,1.9579831932773109,High,0.005735201205547074,18,,0.0,-0.009184549356223204,adequate,0.0,Reject,net EV -0.92% is below the minimum Grade C floor,daily-engine-v1.1.0-odds-api,2026-10-08T14:28:00.276280+00:00,Reject,REJECT,False,"kickoff is 100.8h away -- outside the configured 24h money-event horizon; research grade 'Reject' is not in the actionable set ['A', 'A+', 'B']; net EV -0.92% is below the 2.00% money-qualification value floor",2026-10-12T19:15:00Z
2026-10-10,football,Premier League,Aston Villa v Brentford,1x2,away,Betfair,2.68,0.3696816892530727,2.705029838022166,High,0.0037579736359242342,21,,0.0,-0.009253072801765017,adequate,0.0,Reject,net EV -0.93% is below the minimum Grade C floor,daily-engine-v1.1.0-odds-api,2026-10-08T14:28:00.276280+00:00,Reject,REJECT,False,"kickoff is 47.5h away -- outside the configured 24h money-event horizon; research grade 'Reject' is not in the actionable set ['A', 'A+', 'B']; estimated probability 37.0% is below the 50% money-qualification floor; net EV -0.93% is below the 2.00% money-qualification value floor",2026-10-10T14:00:00Z
2026-10-10,football,League Two,Cheltenham Town v Salford City,1x2,away,Virgin Bet,1.98,0.5003612187418599,1.9985561681108373,High,0.013215312825875675,20,,0.0,-0.009284786891117391,adequate,0.0,Reject,net EV -0.93% is below the minimum Grade C floor,daily-engine-v1.1.0-odds-api,2026-10-08T14:28:00.276280+00:00,Reject,REJECT,False,"kickoff is 47.5h away -- outside the configured 24h money-event horizon; research grade 'Reject' is not in the actionable set ['A', 'A+', 'B']; net EV -0.93% is below the 2.00% money-qualification value floor",2026-10-10T14:00:00Z
2026-10-10,football,Championship,Bolton Wanderers v Stoke City,1x2,home,Betfair,2.84,0.3488270689805529,2.86675,High,0.006824610032285114,21,,0.0,-0.009331124095229959,adequate,0.0,Reject,net EV -0.93% is below the minimum Grade C floor,daily-engine-v1.1.0-odds-api,2026-10-08T14:28:00.276280+00:00,Reject,REJECT,False,"kickoff is 47.5h away -- outside the configured 24h money-event horizon; research grade 'Reject' is not in the actionable set ['A', 'A+', 'B']; estimated probability 34.9% is below the 50% money-qualification floor; net EV -0.93% is below the 2.00% money-qualification value floor",2026-10-10T14:00:00Z
2026-10-10,football,La Liga,Rayo Vallecano v Athletic Bilbao,1x2,draw,Smarkets,3.45,0.28710516068400105,3.4830443229149695,High,0.005574530245140529,20,,0.0,-0.009487195640196289,adequate,0.0,Reject,net EV -0.95% is below the minimum Grade C floor,daily-engine-v1.1.0-odds-api,2026-10-08T14:28:00.276280+00:00,Reject,REJECT,False,"kickoff is 45.5h away -- outside the configured 24h money-event horizon; research grade 'Reject' is not in the actionable set ['A', 'A+', 'B']; estimated probability 28.7% is below the 50% money-qualification floor; net EV -0.95% is below the 2.00% money-qualification value floor",2026-10-10T12:00:00Z
2026-10-09,football,Ligue 1,RC Lens v Lyon,1x2,home,Betfair,2.5,0.39619654146432043,2.523999821664408,High,0.006118083092962572,20,,0.0,-0.0095086463391989,adequate,0.0,Reject,net EV -0.95% is below the minimum Grade C floor,daily-engine-v1.1.0-odds-api,2026-10-08T14:28:00.276280+00:00,Reject,REJECT,False,"kickoff is 28.3h away -- outside the configured 24h money-event horizon; research grade 'Reject' is not in the actionable set ['A', 'A+', 'B']; estimated probability 39.6% is below the 50% money-qualification floor; net EV -0.95% is below the 2.00% money-qualification value floor",2026-10-09T18:45:00Z
2026-10-11,football,Bundesliga,1. FC Köln v Borussia Monchengladbach,1x2,draw,Smarkets,4.1,0.24155495978552283,4.139844617092119,High,0.004314175591934132,21,,0.0,-0.009624664879356426,adequate,0.0,Reject,net EV -0.96% is below the minimum Grade C floor,daily-engine-v1.1.0-odds-api,2026-10-08T14:28:00.276280+00:00,Reject,REJECT,False,"kickoff is 71.0h away -- outside the configured 24h money-event horizon; research grade 'Reject' is not in the actionable set ['A', 'A+', 'B']; estimated probability 24.2% is below the 50% money-qualification floor; net EV -0.96% is below the 2.00% money-qualification value floor",2026-10-11T13:30:00Z
2026-10-11,football,Bundesliga,1. FC Köln v Borussia Monchengladbach,1x2,away,Smarkets,3.4,0.2912868632707775,3.433041877588587,High,0.007588328725774984,21,,0.0,-0.009624664879356537,adequate,0.0,Reject,net EV -0.96% is below the minimum Grade C floor,daily-engine-v1.1.0-odds-api,2026-10-08T14:28:00.276280+00:00,Reject,REJECT,False,"kickoff is 71.0h away -- outside the configured 24h money-event horizon; research grade 'Reject' is not in the actionable set ['A', 'A+', 'B']; estimated probability 29.1% is below the 50% money-qualification floor; net EV -0.96% is below the 2.00% money-qualification value floor",2026-10-11T13:30:00Z
2026-10-11,football,Bundesliga,1. FC Köln v Borussia Monchengladbach,1x2,home,Smarkets,2.12,0.4671581769436997,2.140602582496413,High,0.00906108279379924,21,,0.0,-0.009624664879356648,adequate,0.0,Reject,net EV -0.96% is below the minimum Grade C floor,daily-engine-v1.1.0-odds-api,2026-10-08T14:28:00.276280+00:00,Reject,REJECT,False,"kickoff is 71.0h away -- outside the configured 24h money-event horizon; research grade 'Reject' is not in the actionable set ['A', 'A+', 'B']; estimated probability 46.7% is below the 50% money-qualification floor; net EV -0.96% is below the 2.00% money-qualification value floor",2026-10-11T13:30:00Z
2026-10-11,football,Scottish Premiership,Aberdeen v St Johnstone,1x2,away,Betfair,3.4,0.29127725856697817,3.433155080213904,High,0.00714847914869846,19,,0.0,-0.009657320872274222,adequate,0.0,Reject,net EV -0.97% is below the minimum Grade C floor,daily-engine-v1.1.0-odds-api,2026-10-08T14:28:00.276280+00:00,Reject,REJECT,False,"kickoff is 70.5h away -- outside the configured 24h money-event horizon; research grade 'Reject' is not in the actionable set ['A', 'A+', 'B']; estimated probability 29.1% is below the 50% money-qualification floor; net EV -0.97% is below the 2.00% money-qualification value floor",2026-10-11T13:00:00Z
2026-10-10,football,Ligue 1,Brest v Angers,1x2,home,Betfair,2.08,0.4760890566484107,2.100447355458739,High,0.007278023226201092,20,,0.0,-0.009734762171305644,adequate,0.0,Reject,net EV -0.97% is below the minimum Grade C floor,daily-engine-v1.1.0-odds-api,2026-10-08T14:28:00.276280+00:00,Reject,REJECT,False,"kickoff is 52.3h away -- outside the configured 24h money-event horizon; research grade 'Reject' is not in the actionable set ['A', 'A+', 'B']; estimated probability 47.6% is below the 50% money-qualification floor; net EV -0.97% is below the 2.00% money-qualification value floor",2026-10-10T18:45:00Z
2026-10-10,football,Serie B,Empoli v Palermo,1x2,draw,Betfair Sportsbook,3.75,0.2640606502182169,3.7870087768609624,High,0.007461765084162205,20,,0.0,-0.009772561681686609,adequate,0.0,Reject,net EV -0.98% is below the minimum Grade C floor,daily-engine-v1.1.0-odds-api,2026-10-08T14:28:00.276280+00:00,Reject,REJECT,False,"kickoff is 46.5h away -- outside the configured 24h money-event horizon; research grade 'Reject' is not in the actionable set ['A', 'A+', 'B']; estimated probability 26.4% is below the 50% money-qualification floor; net EV -0.98% is below the 2.00% money-qualification value floor",2026-10-10T13:00:00Z
2026-10-10,football,League One,Huddersfield Town v Sheffield Wednesday,1x2,draw,Betfair Sportsbook,4.2,0.2357473035439137,4.241830065359477,High,0.0056550228631660525,21,,0.0,-0.00986132511556237,adequate,0.0,Reject,net EV -0.99% is below the minimum Grade C floor,daily-engine-v1.1.0-odds-api,2026-10-08T14:28:00.276280+00:00,Reject,REJECT,False,"kickoff is 47.5h away -- outside the configured 24h money-event horizon; research grade 'Reject' is not in the actionable set ['A', 'A+', 'B']; estimated probability 23.6% is below the 50% money-qualification floor; net EV -0.99% is below the 2.00% money-qualification value floor",2026-10-10T14:00:00Z
2026-10-17,football,Premier League,Brentford v Liverpool,1x2,draw,Betfair,3.9,0.25385457915578397,3.9392631928310657,High,0.005928746617658752,17,,0.0,-0.009967141292442472,adequate,0.0,Reject,net EV -1.00% is below the minimum Grade C floor,daily-engine-v1.1.0-odds-api,2026-10-08T14:28:00.276280+00:00,Reject,REJECT,False,"kickoff is 215.5h away -- outside the configured 24h money-event horizon; research grade 'Reject' is not in the actionable set ['A', 'A+', 'B']; estimated probability 25.4% is below the 50% money-qualification floor; net EV -1.00% is below the 2.00% money-qualification value floor",2026-10-17T14:00:00Z
2026-10-10,football,League Two,Port Vale v Grimsby Town,1x2,home,Betfair,2.64,0.37499999999999994,2.666666666666667,High,0.00406356630357096,21,,0.0,-0.010000000000000009,adequate,0.0,Reject,net EV -1.00% is below the minimum Grade C floor,daily-engine-v1.1.0-odds-api,2026-10-08T14:28:00.276280+00:00,Reject,REJECT,False,"kickoff is 47.5h away -- outside the configured 24h money-event horizon; research grade 'Reject' is not in the actionable set ['A', 'A+', 'B']; estimated probability 37.5% is below the 50% money-qualification floor; net EV -1.00% is below the 2.00% money-qualification value floor",2026-10-10T14:00:00Z
2026-10-19,football,La Liga,Getafe v Rayo Vallecano,1x2,home,Betfair,2.94,0.3367192954796279,2.9698327759197323,High,0.0073931945954324625,13,,0.0,-0.010045271289893964,adequate,0.0,Reject,net EV -1.00% is below the minimum Grade C floor,daily-engine-v1.1.0-odds-api,2026-10-08T14:28:00.276280+00:00,Reject,REJECT,False,"kickoff is 268.5h away -- outside the configured 24h money-event horizon; research grade 'Reject' is not in the actionable set ['A', 'A+', 'B']; estimated probability 33.7% is below the 50% money-qualification floor; net EV -1.00% is below the 2.00% money-qualification value floor",2026-10-19T19:00:00Z
2026-10-10,football,Bundesliga,RB Leipzig v Eintracht Frankfurt,1x2,draw,Smarkets,5.0,0.19798350137488546,5.050925925925925,High,0.004229435295181535,21,,0.0,-0.010082493125572745,adequate,0.0,Reject,net EV -1.01% is below the minimum Grade C floor,daily-engine-v1.1.0-odds-api,2026-10-08T14:28:00.276280+00:00,Reject,REJECT,False,"kickoff is 50.0h away -- outside the configured 24h money-event horizon; research grade 'Reject' is not in the actionable set ['A', 'A+', 'B']; estimated probability 19.8% is below the 50% money-qualification floor; net EV -1.01% is below the 2.00% money-qualification value floor",2026-10-10T16:30:00Z
2026-10-10,football,Bundesliga,Union Berlin v Elversberg,1x2,draw,Smarkets,3.9,0.2538204635158385,3.939792663476874,High,0.004409116869421156,21,,0.0,-0.010100192288229892,adequate,0.0,Reject,net EV -1.01% is below the minimum Grade C floor,daily-engine-v1.1.0-odds-api,2026-10-08T14:28:00.276280+00:00,Reject,REJECT,False,"kickoff is 47.0h away -- outside the configured 24h money-event horizon; research grade 'Reject' is not in the actionable set ['A', 'A+', 'B']; estimated probability 25.4% is below the 50% money-qualification floor; net EV -1.01% is below the 2.00% money-qualification value floor",2026-10-10T13:30:00Z
2026-10-10,football,League Two,Fleetwood Town v Walsall,1x2,away,Paddy Power,3.2,0.3092909535452323,3.233201581027668,High,0.010441249272375705,21,,0.0,-0.010268948655256627,adequate,0.0,Reject,net EV -1.03% is below the minimum Grade C floor,daily-engine-v1.1.0-odds-api,2026-10-08T14:28:00.276280+00:00,Reject,REJECT,False,"kickoff is 47.5h away -- outside the configured 24h money-event horizon; research grade 'Reject' is not in the actionable set ['A', 'A+', 'B']; estimated probability 30.9% is below the 50% money-qualification floor; net EV -1.03% is below the 2.00% money-qualification value floor",2026-10-10T14:00:00Z
2026-10-10,football,Serie B,Empoli v Palermo,1x2,home,Matchbook,3.8,0.2604424778761062,3.8396194359497113,High,0.005874842326018465,20,,0.0,-0.010318584070796555,adequate,0.0,Reject,net EV -1.03% is below the minimum Grade C floor,daily-engine-v1.1.0-odds-api,2026-10-08T14:28:00.276280+00:00,Reject,REJECT,False,"kickoff is 46.5h away -- outside the configured 24h money-event horizon; research grade 'Reject' is not in the actionable set ['A', 'A+', 'B']; estimated probability 26.0% is below the 50% money-qualification floor; net EV -1.03% is below the 2.00% money-qualification value floor",2026-10-10T13:00:00Z
2026-10-11,football,Serie A,Sassuolo v AC Milan,1x2,draw,Betfair,3.9,0.2537340291524204,3.9411347517730495,High,0.005200401331761537,21,,0.0,-0.010437286305560511,adequate,0.0,Reject,net EV -1.04% is below the minimum Grade C floor,daily-engine-v1.1.0-odds-api,2026-10-08T14:28:00.276280+00:00,Reject,REJECT,False,"kickoff is 73.5h away -- outside the configured 24h money-event horizon; research grade 'Reject' is not in the actionable set ['A', 'A+', 'B']; estimated probability 25.4% is below the 50% money-qualification floor; net EV -1.04% is below the 2.00% money-qualification value floor",2026-10-11T16:00:00Z
2026-10-12,football,Premier League,Coventry City v Newcastle United,1x2,away,Smarkets,2.18,0.45392224192797753,2.2030204903655437,High,0.0058135004738350616,20,,0.0,-0.010449512597008881,adequate,0.0,Reject,net EV -1.04% is below the minimum Grade C floor,daily-engine-v1.1.0-odds-api,2026-10-08T14:28:00.276280+00:00,Reject,REJECT,False,"kickoff is 100.5h away -- outside the configured 24h money-event horizon; research grade 'Reject' is not in the actionable set ['A', 'A+', 'B']; estimated probability 45.4% is below the 50% money-qualification floor; net EV -1.04% is below the 2.00% money-qualification value floor",2026-10-12T19:00:00Z
2026-10-11,football,Premier League,Hull City v Everton,1x2,away,Betfair,2.14,0.4623980004410792,2.162639109697933,High,0.0056952920548795916,21,,0.0,-0.01046827905609038,adequate,0.0,Reject,net EV -1.05% is below the minimum Grade C floor,daily-engine-v1.1.0-odds-api,2026-10-08T14:28:00.276280+00:00,Reject,REJECT,False,"kickoff is 70.5h away -- outside the configured 24h money-event horizon; research grade 'Reject' is not in the actionable set ['A', 'A+', 'B']; estimated probability 46.2% is below the 50% money-qualification floor; net EV -1.05% is below the 2.00% money-qualification value floor",2026-10-11T13:00:00Z
2026-10-18,football,Premier League,Leeds United v Manchester United,1x2,home,Casumo,2.95,0.33541666666666664,2.9813664596273295,High,0.00522702022931299,17,,0.0,-0.010520833333333313,adequate,0.0,Reject,net EV -1.05% is below the minimum Grade C floor,daily-engine-v1.1.0-odds-api,2026-10-08T14:28:00.276280+00:00,Reject,REJECT,False,"kickoff is 238.5h away -- outside the configured 24h money-event horizon; research grade 'Reject' is not in the actionable set ['A', 'A+', 'B']; estimated probability 33.5% is below the 50% money-qualification floor; net EV -1.05% is below the 2.00% money-qualification value floor",2026-10-18T13:00:00Z
2026-10-18,football,Ligue 1,Paris FC v Rennes,1x2,home,Betfair,2.38,0.41568296795952775,2.4056795131845847,High,0.008901966292125084,15,,0.0,-0.010674536256323974,adequate,0.0,Reject,net EV -1.07% is below the minimum Grade C floor,daily-engine-v1.1.0-odds-api,2026-10-08T14:28:00.276280+00:00,Reject,REJECT,False,"kickoff is 240.8h away -- outside the configured 24h money-event horizon; research grade 'Reject' is not in the actionable set ['A', 'A+', 'B']; estimated probability 41.6% is below the 50% money-qualification floor; net EV -1.07% is below the 2.00% money-qualification value floor",2026-10-18T15:15:00Z
2026-10-12,football,Serie A,Atalanta BC v Venezia,1x2,draw,Smarkets,4.5,0.2197958026091889,4.549677419354838,High,0.0040663106535604975,21,,0.0,-0.01091888825864995,adequate,0.0,Reject,net EV -1.09% is below the minimum Grade C floor,daily-engine-v1.1.0-odds-api,2026-10-08T14:28:00.276280+00:00,Reject,REJECT,False,"kickoff is 98.0h away -- outside the configured 24h money-event horizon; research grade 'Reject' is not in the actionable set ['A', 'A+', 'B']; estimated probability 22.0% is below the 50% money-qualification floor; net EV -1.09% is below the 2.00% money-qualification value floor",2026-10-12T16:30:00Z
2026-10-11,football,La Liga,Real Sociedad v Deportivo La Coruña,1x2,draw,Smarkets,4.2,0.23549488054607506,4.246376811594203,High,0.00404762426976382,19,,0.0,-0.01092150170648476,adequate,0.0,Reject,net EV -1.09% is below the minimum Grade C floor,daily-engine-v1.1.0-odds-api,2026-10-08T14:28:00.276280+00:00,Reject,REJECT,False,"kickoff is 71.8h away -- outside the configured 24h money-event horizon; research grade 'Reject' is not in the actionable set ['A', 'A+', 'B']; estimated probability 23.5% is below the 50% money-qualification floor; net EV -1.09% is below the 2.00% money-qualification value floor",2026-10-11T14:15:00Z
2026-10-19,football,La Liga,Getafe v Rayo Vallecano,1x2,draw,Betfair,3.25,0.3043286219081272,3.285921625544267,High,0.00477604034541627,13,,0.0,-0.01093197879858665,adequate,0.0,Reject,net EV -1.09% is below the minimum Grade C floor,daily-engine-v1.1.0-odds-api,2026-10-08T14:28:00.276280+00:00,Reject,REJECT,False,"kickoff is 268.5h away -- outside the configured 24h money-event horizon; research grade 'Reject' is not in the actionable set ['A', 'A+', 'B']; estimated probability 30.4% is below the 50% money-qualification floor; net EV -1.09% is below the 2.00% money-qualification value floor",2026-10-19T19:00:00Z
2026-10-10,football,2. Bundesliga,1. FC Nürnberg v VfL Wolfsburg,1x2,home,Casumo,2.65,0.37322834645669295,2.679324894514768,High,0.010190467304295068,19,,0.0,-0.010944881889763614,adequate,0.0,Reject,net EV -1.09% is below the minimum Grade C floor,daily-engine-v1.1.0-odds-api,2026-10-08T14:28:00.276280+00:00,Reject,REJECT,False,"kickoff is 52.0h away -- outside the configured 24h money-event horizon; research grade 'Reject' is not in the actionable set ['A', 'A+', 'B']; estimated probability 37.3% is below the 50% money-qualification floor; net EV -1.09% is below the 2.00% money-qualification value floor",2026-10-10T18:30:00Z
2026-10-18,football,Premier League,Leeds United v Manchester United,1x2,draw,Betfair,3.8,0.2602661920899676,3.8422201207536193,High,0.005530753975479545,17,,0.0,-0.010988470058123201,adequate,0.0,Reject,net EV -1.10% is below the minimum Grade C floor,daily-engine-v1.1.0-odds-api,2026-10-08T14:28:00.276280+00:00,Reject,REJECT,False,"kickoff is 238.5h away -- outside the configured 24h money-event horizon; research grade 'Reject' is not in the actionable set ['A', 'A+', 'B']; estimated probability 26.0% is below the 50% money-qualification floor; net EV -1.10% is below the 2.00% money-qualification value floor",2026-10-18T13:00:00Z
2026-10-10,football,Eredivisie,Feyenoord v AZ Alkmaar,1x2,draw,Betfair Sportsbook,4.2,0.23542989036353146,4.247549019607843,High,0.009745400686209795,19,,0.0,-0.011194460473167855,adequate,0.0,Reject,net EV -1.12% is below the minimum Grade C floor,daily-engine-v1.1.0-odds-api,2026-10-08T14:28:00.276280+00:00,Reject,REJECT,False,"kickoff is 50.3h away -- outside the configured 24h money-event horizon; research grade 'Reject' is not in the actionable set ['A', 'A+', 'B']; estimated probability 23.5% is below the 50% money-qualification floor; net EV -1.12% is below the 2.00% money-qualification value floor",2026-10-10T16:45:00Z
2026-10-18,football,Ligue 1,Lorient v AS Monaco,1x2,draw,Betfred (UK),3.6,0.27465624880309475,3.6409147957049224,High,0.009565656786800866,15,,0.0,-0.011237504308858837,adequate,0.0,Reject,net EV -1.12% is below the minimum Grade C floor,daily-engine-v1.1.0-odds-api,2026-10-08T14:28:00.276280+00:00,Reject,REJECT,False,"kickoff is 240.8h away -- outside the configured 24h money-event horizon; research grade 'Reject' is not in the actionable set ['A', 'A+', 'B']; estimated probability 27.5% is below the 50% money-qualification floor; net EV -1.12% is below the 2.00% money-qualification value floor",2026-10-18T15:15:00Z
2026-10-11,football,La Liga,Real Racing Club de Santander v Valencia,1x2,away,Smarkets,3.1,0.31891465086116105,3.135635184209045,High,0.004895553262247911,20,,0.0,-0.011364582330400608,adequate,0.0,Reject,net EV -1.14% is below the minimum Grade C floor,daily-engine-v1.1.0-odds-api,2026-10-08T14:28:00.276280+00:00,Reject,REJECT,False,"kickoff is 76.5h away -- outside the configured 24h money-event horizon; research grade 'Reject' is not in the actionable set ['A', 'A+', 'B']; estimated probability 31.9% is below the 50% money-qualification floor; net EV -1.14% is below the 2.00% money-qualification value floor",2026-10-11T19:00:00Z
2026-10-10,football,Belgian Pro League,SV Zulte-Waregem v Gent,1x2,away,Grosvenor,2.55,0.38769017752649715,2.57937925170068,High,0.0075058896705159734,19,,0.0,-0.011390047307432316,adequate,0.0,Reject,net EV -1.14% is below the minimum Grade C floor,daily-engine-v1.1.0-odds-api,2026-10-08T14:28:00.276280+00:00,Reject,REJECT,False,"kickoff is 52.3h away -- outside the configured 24h money-event horizon; research grade 'Reject' is not in the actionable set ['A', 'A+', 'B']; estimated probability 38.8% is below the 50% money-qualification floor; net EV -1.14% is below the 2.00% money-qualification value floor",2026-10-10T18:45:00Z
2026-10-11,football,Eredivisie,SC Telstar v ADO Den Haag,1x2,away,Grosvenor,3.45,0.28655297735532564,3.489756097560976,High,0.007322941336571988,19,,0.0,-0.011392228124126436,adequate,0.0,Reject,net EV -1.14% is below the minimum Grade C floor,daily-engine-v1.1.0-odds-api,2026-10-08T14:28:00.276280+00:00,Reject,REJECT,False,"kickoff is 70.0h away -- outside the configured 24h money-event horizon; research grade 'Reject' is not in the actionable set ['A', 'A+', 'B']; estimated probability 28.7% is below the 50% money-qualification floor; net EV -1.14% is below the 2.00% money-qualification value floor",2026-10-11T12:30:00Z
2026-10-11,football,Eredivisie,SC Telstar v ADO Den Haag,1x2,draw,Betfair,4.0,0.24714828897338403,4.046153846153846,High,0.008147600473947521,19,,0.0,-0.011406844106463865,adequate,0.0,Reject,net EV -1.14% is below the minimum Grade C floor,daily-engine-v1.1.0-odds-api,2026-10-08T14:28:00.276280+00:00,Reject,REJECT,False,"kickoff is 70.0h away -- outside the configured 24h money-event horizon; research grade 'Reject' is not in the actionable set ['A', 'A+', 'B']; estimated probability 24.7% is below the 50% money-qualification floor; net EV -1.14% is below the 2.00% money-qualification value floor",2026-10-11T12:30:00Z
2026-10-10,football,2. Bundesliga,1. FC Magdeburg v Hannover 96,1x2,draw,Betfair,4.1,0.2410998552821997,4.14765906362545,High,0.005001470990566142,19,,0.0,-0.011490593342981303,adequate,0.0,Reject,net EV -1.15% is below the minimum Grade C floor,daily-engine-v1.1.0-odds-api,2026-10-08T14:28:00.276280+00:00,Reject,REJECT,False,"kickoff is 44.5h away -- outside the configured 24h money-event horizon; research grade 'Reject' is not in the actionable set ['A', 'A+', 'B']; estimated probability 24.1% is below the 50% money-qualification floor; net EV -1.15% is below the 2.00% money-qualification value floor",2026-10-10T11:00:00Z
2026-10-09,football,Belgian Pro League,SK Beveren v Lommel SK,1x2,away,Betfair,4.2,0.23529411764705882,4.25,High,0.0044709909568702265,19,,0.0,-0.0117647058823529,adequate,0.0,Reject,net EV -1.18% is below the minimum Grade C floor,daily-engine-v1.1.0-odds-api,2026-10-08T14:28:00.276280+00:00,Reject,REJECT,False,"kickoff is 28.3h away -- outside the configured 24h money-event horizon; research grade 'Reject' is not in the actionable set ['A', 'A+', 'B']; estimated probability 23.5% is below the 50% money-qualification floor; net EV -1.18% is below the 2.00% money-qualification value floor",2026-10-09T18:45:00Z
2026-10-10,football,Championship,Blackburn Rovers v Cardiff City,1x2,draw,Matchbook,3.8,0.26005649750116133,3.845318265872339,High,0.005459955515804738,20,,0.0,-0.011785309495586982,adequate,0.0,Reject,net EV -1.18% is below the minimum Grade C floor,daily-engine-v1.1.0-odds-api,2026-10-08T14:28:00.276280+00:00,Reject,REJECT,False,"kickoff is 47.5h away -- outside the configured 24h money-event horizon; research grade 'Reject' is not in the actionable set ['A', 'A+', 'B']; estimated probability 26.0% is below the 50% money-qualification floor; net EV -1.18% is below the 2.00% money-qualification value floor",2026-10-10T14:00:00Z
2026-10-10,football,Championship,Middlesbrough v Wolverhampton Wanderers,1x2,away,Betfair,3.05,0.32395934600088383,3.08680707114797,High,0.007032431315141751,21,,0.0,-0.01192399469730443,adequate,0.0,Reject,net EV -1.19% is below the minimum Grade C floor,daily-engine-v1.1.0-odds-api,2026-10-08T14:28:00.276280+00:00,Reject,REJECT,False,"kickoff is 47.5h away -- outside the configured 24h money-event horizon; research grade 'Reject' is not in the actionable set ['A', 'A+', 'B']; estimated probability 32.4% is below the 50% money-qualification floor; net EV -1.19% is below the 2.00% money-qualification value floor",2026-10-10T14:00:00Z
2026-10-10,football,League One,Mansfield Town v Bromley FC,1x2,draw,Betfred (UK),4.0,0.24697293157114222,4.049026723853514,High,0.006277932216153904,21,,0.0,-0.012108273715431106,adequate,0.0,Reject,net EV -1.21% is below the minimum Grade C floor,daily-engine-v1.1.0-odds-api,2026-10-08T14:28:00.276280+00:00,Reject,REJECT,False,"kickoff is 47.5h away -- outside the configured 24h money-event horizon; research grade 'Reject' is not in the actionable set ['A', 'A+', 'B']; estimated probability 24.7% is below the 50% money-qualification floor; net EV -1.21% is below the 2.00% money-qualification value floor",2026-10-10T14:00:00Z
2026-10-09,football,Serie B,Avellino v Sampdoria,1x2,home,Matchbook,2.84,0.34782608695652173,2.875,High,0.00859625303909889,19,,0.0,-0.012173913043478368,adequate,0.0,Reject,net EV -1.22% is below the minimum Grade C floor,daily-engine-v1.1.0-odds-api,2026-10-08T14:28:00.276280+00:00,Reject,REJECT,False,"kickoff is 28.0h away -- outside the configured 24h money-event horizon; research grade 'Reject' is not in the actionable set ['A', 'A+', 'B']; estimated probability 34.8% is below the 50% money-qualification floor; net EV -1.22% is below the 2.00% money-qualification value floor",2026-10-09T18:30:00Z
2026-10-10,football,League One,Leicester City v Peterborough United,1x2,away,Paddy Power,5.0,0.19755487635454294,5.061884669479606,High,0.007149805973136265,21,,0.0,-0.012225618227285295,adequate,0.0,Reject,net EV -1.22% is below the minimum Grade C floor,daily-engine-v1.1.0-odds-api,2026-10-08T14:28:00.276280+00:00,Reject,REJECT,False,"kickoff is 47.5h away -- outside the configured 24h money-event horizon; research grade 'Reject' is not in the actionable set ['A', 'A+', 'B']; estimated probability 19.8% is below the 50% money-qualification floor; net EV -1.22% is below the 2.00% money-qualification value floor",2026-10-10T14:00:00Z
2026-10-11,football,Ligue 1,Troyes v Marseille,1x2,draw,Betfred (UK),4.0,0.24693579219610928,4.0496357012750455,High,0.004643290628195821,20,,0.0,-0.012256831215562869,adequate,0.0,Reject,net EV -1.23% is below the minimum Grade C floor,daily-engine-v1.1.0-odds-api,2026-10-08T14:28:00.276280+00:00,Reject,REJECT,False,"kickoff is 76.3h away -- outside the configured 24h money-event horizon; research grade 'Reject' is not in the actionable set ['A', 'A+', 'B']; estimated probability 24.7% is below the 50% money-qualification floor; net EV -1.23% is below the 2.00% money-qualification value floor",2026-10-11T18:45:00Z
2026-10-10,football,League Two,Oldham Athletic v Accrington Stanley,1x2,home,Matchbook,1.74,0.5676149945421635,1.7617575462512174,High,0.010729580330863436,21,,0.0,-0.012349909496635558,adequate,0.0,Reject,net EV -1.23% is below the minimum Grade C floor,daily-engine-v1.1.0-odds-api,2026-10-08T14:28:00.276280+00:00,Reject,REJECT,False,"kickoff is 45.0h away -- outside the configured 24h money-event horizon; research grade 'Reject' is not in the actionable set ['A', 'A+', 'B']; net EV -1.23% is below the 2.00% money-qualification value floor",2026-10-10T11:30:00Z
2026-10-09,football,Primeira Liga,Braga v Sporting Lisbon,1x2,draw,Betfair,3.65,0.27055702917771884,3.6960784313725488,High,0.0036211130556555063,20,,0.0,-0.012466843501326208,adequate,0.0,Reject,net EV -1.25% is below the minimum Grade C floor,daily-engine-v1.1.0-odds-api,2026-10-08T14:28:00.276280+00:00,Reject,REJECT,False,"kickoff is 28.8h away -- outside the configured 24h money-event horizon; research grade 'Reject' is not in the actionable set ['A', 'A+', 'B']; estimated probability 27.1% is below the 50% money-qualification floor; net EV -1.25% is below the 2.00% money-qualification value floor",2026-10-09T19:15:00Z
2026-10-09,football,Primeira Liga,Moreirense FC v Gil Vicente,1x2,away,Betfair,2.38,0.4148936170212766,2.41025641025641,High,0.005763651944972742,20,,0.0,-0.012553191489361737,adequate,0.0,Reject,net EV -1.26% is below the minimum Grade C floor,daily-engine-v1.1.0-odds-api,2026-10-08T14:28:00.276280+00:00,Reject,REJECT,False,"kickoff is 27.3h away -- outside the configured 24h money-event horizon; research grade 'Reject' is not in the actionable set ['A', 'A+', 'B']; estimated probability 41.5% is below the 50% money-qualification floor; net EV -1.26% is below the 2.00% money-qualification value floor",2026-10-09T17:45:00Z
2026-10-10,football,League Two,Cheltenham Town v Salford City,1x2,home,Betfair,4.0,0.24684185606060607,4.051176797805613,High,0.010208152222877446,20,,0.0,-0.012632575757575704,adequate,0.0,Reject,net EV -1.26% is below the minimum Grade C floor,daily-engine-v1.1.0-odds-api,2026-10-08T14:28:00.276280+00:00,Reject,REJECT,False,"kickoff is 47.5h away -- outside the configured 24h money-event horizon; research grade 'Reject' is not in the actionable set ['A', 'A+', 'B']; estimated probability 24.7% is below the 50% money-qualification floor; net EV -1.26% is below the 2.00% money-qualification value floor",2026-10-10T14:00:00Z
2026-10-10,football,League One,Milton Keynes Dons v Reading,1x2,draw,Matchbook,3.75,0.26327433628318586,3.7983193277310923,High,0.004543869451932732,21,,0.0,-0.012721238938052992,adequate,0.0,Reject,net EV -1.27% is below the minimum Grade C floor,daily-engine-v1.1.0-odds-api,2026-10-08T14:28:00.276280+00:00,Reject,REJECT,False,"kickoff is 47.5h away -- outside the configured 24h money-event horizon; research grade 'Reject' is not in the actionable set ['A', 'A+', 'B']; estimated probability 26.3% is below the 50% money-qualification floor; net EV -1.27% is below the 2.00% money-qualification value floor",2026-10-10T14:00:00Z
2026-10-11,football,Eredivisie,FC Zwolle v SC Cambuur,1x2,home,Betfair,2.06,0.4792284866468843,2.086687306501548,Medium,0.04195404427204895,19,,0.0,-0.012789317507418296,adequate,0.0,Reject,net EV -1.28% is below the minimum Grade C floor,daily-engine-v1.1.0-odds-api,2026-10-08T14:28:00.276280+00:00,Reject,REJECT,False,"kickoff is 70.0h away -- outside the configured 24h money-event horizon; research grade 'Reject' is not in the actionable set ['A', 'A+', 'B']; estimated probability 47.9% is below the 60% money-qualification floor (the stricter Medium-confidence floor); net EV -1.28% is below the 5.00% money-qualification value floor (the stricter Medium-confidence floor)",2026-10-11T12:30:00Z
2026-10-16,football,Bundesliga,Eintracht Frankfurt v 1. FC Köln,1x2,draw,Betfred (UK),4.2,0.23504965837853067,4.254420137848367,High,0.006213485336952976,19,,0.0,-0.012791434810171198,adequate,0.0,Reject,net EV -1.28% is below the minimum Grade C floor,daily-engine-v1.1.0-odds-api,2026-10-08T14:28:00.276280+00:00,Reject,REJECT,False,"kickoff is 196.0h away -- outside the configured 24h money-event horizon; research grade 'Reject' is not in the actionable set ['A', 'A+', 'B']; estimated probability 23.5% is below the 50% money-qualification floor; net EV -1.28% is below the 2.00% money-qualification value floor",2026-10-16T18:30:00Z
2026-10-18,football,Bundesliga,Bayer Leverkusen v SC Freiburg,1x2,draw,Betfair,4.5,0.21937842778793415,4.5583333333333345,High,0.0035631903685850183,17,,0.0,-0.012797074954296384,adequate,0.0,Reject,net EV -1.28% is below the minimum Grade C floor,daily-engine-v1.1.0-odds-api,2026-10-08T14:28:00.276280+00:00,Reject,REJECT,False,"kickoff is 239.0h away -- outside the configured 24h money-event horizon; research grade 'Reject' is not in the actionable set ['A', 'A+', 'B']; estimated probability 21.9% is below the 50% money-qualification floor; net EV -1.28% is below the 2.00% money-qualification value floor",2026-10-18T13:30:00Z
2026-10-11,football,2. Bundesliga,VfL Bochum v Arminia Bielefeld,1x2,home,Casumo,2.43,0.4061946902654867,2.4618736383442266,High,0.009453702239111683,19,,0.0,-0.012946902654867198,adequate,0.0,Reject,net EV -1.29% is below the minimum Grade C floor,daily-engine-v1.1.0-odds-api,2026-10-08T14:28:00.276280+00:00,Reject,REJECT,False,"kickoff is 69.0h away -- outside the configured 24h money-event horizon; research grade 'Reject' is not in the actionable set ['A', 'A+', 'B']; estimated probability 40.6% is below the 50% money-qualification floor; net EV -1.29% is below the 2.00% money-qualification value floor",2026-10-11T11:30:00Z
2026-10-10,football,Championship,Derby County v Wrexham AFC,1x2,away,Sky Bet,2.7,0.3655707682916195,2.7354484732824424,High,0.007778449999400594,20,,0.0,-0.012958925612627348,adequate,0.0,Reject,net EV -1.30% is below the minimum Grade C floor,daily-engine-v1.1.0-odds-api,2026-10-08T14:28:00.276280+00:00,Reject,REJECT,False,"kickoff is 47.5h away -- outside the configured 24h money-event horizon; research grade 'Reject' is not in the actionable set ['A', 'A+', 'B']; estimated probability 36.6% is below the 50% money-qualification floor; net EV -1.30% is below the 2.00% money-qualification value floor",2026-10-10T14:00:00Z
2026-10-10,football,Scottish Premiership,Dundee United v Hibernian,1x2,home,Betfair,2.82,0.3500055545158214,2.857097514876144,High,0.006895654657501585,20,,0.0,-0.012984336265383756,adequate,0.0,Reject,net EV -1.30% is below the minimum Grade C floor,daily-engine-v1.1.0-odds-api,2026-10-08T14:28:00.276280+00:00,Reject,REJECT,False,"kickoff is 47.5h away -- outside the configured 24h money-event horizon; research grade 'Reject' is not in the actionable set ['A', 'A+', 'B']; estimated probability 35.0% is below the 50% money-qualification floor; net EV -1.30% is below the 2.00% money-qualification value floor",2026-10-10T14:00:00Z
2026-10-17,football,Bundesliga,FC Schalke 04 v FSV Mainz 05,1x2,draw,Betfair,3.8,0.2596774193548387,3.850931677018634,High,0.005099427287788725,17,,0.0,-0.013225806451613087,adequate,0.0,Reject,net EV -1.32% is below the minimum Grade C floor,daily-engine-v1.1.0-odds-api,2026-10-08T14:28:00.276280+00:00,Reject,REJECT,False,"kickoff is 215.0h away -- outside the configured 24h money-event horizon; research grade 'Reject' is not in the actionable set ['A', 'A+', 'B']; estimated probability 26.0% is below the 50% money-qualification floor; net EV -1.32% is below the 2.00% money-qualification value floor",2026-10-17T13:30:00Z
2026-10-11,football,Segunda Division,Andorra CF v CD Castellón,1x2,home,Betfair,3.25,0.30353984607422246,3.294460391060082,High,0.00496733093103835,18,,0.0,-0.013495500258776993,adequate,0.0,Reject,net EV -1.35% is below the minimum Grade C floor,daily-engine-v1.1.0-odds-api,2026-10-08T14:28:00.276280+00:00,Reject,REJECT,False,"kickoff is 69.5h away -- outside the configured 24h money-event horizon; research grade 'Reject' is not in the actionable set ['A', 'A+', 'B']; estimated probability 30.4% is below the 50% money-qualification floor; net EV -1.35% is below the 2.00% money-qualification value floor",2026-10-11T12:00:00Z
2026-10-09,football,Ligue 2,Pau FC v Stade Lavallois,1x2,away,Matchbook,3.65,0.27027027027027023,3.7000000000000006,High,0.008485678010533923,20,,0.0,-0.013513513513513709,adequate,0.0,Reject,net EV -1.35% is below the minimum Grade C floor,daily-engine-v1.1.0-odds-api,2026-10-08T14:28:00.276280+00:00,Reject,REJECT,False,"kickoff is 27.5h away -- outside the configured 24h money-event horizon; research grade 'Reject' is not in the actionable set ['A', 'A+', 'B']; estimated probability 27.0% is below the 50% money-qualification floor; net EV -1.35% is below the 2.00% money-qualification value floor",2026-10-09T18:00:00Z
2026-10-10,football,Championship,Swansea City v Norwich City,1x2,draw,Betfair,3.65,0.2702390576279016,3.70042735042735,High,0.005069301773711347,21,,0.0,-0.013627439658159046,adequate,0.0,Reject,net EV -1.36% is below the minimum Grade C floor,daily-engine-v1.1.0-odds-api,2026-10-08T14:28:00.276280+00:00,Reject,REJECT,False,"kickoff is 45.0h away -- outside the configured 24h money-event horizon; research grade 'Reject' is not in the actionable set ['A', 'A+', 'B']; estimated probability 27.0% is below the 50% money-qualification floor; net EV -1.36% is below the 2.00% money-qualification value floor",2026-10-10T11:30:00Z
2026-10-11,football,Eredivisie,FC Zwolle v SC Cambuur,1x2,away,Coral,3.6,0.2739619944004289,3.650141335072842,Low,0.0624268242435116,19,,0.0,-0.013736820158455898,adequate,0.0,Reject,net EV -1.37% is below the minimum Grade C floor,daily-engine-v1.1.0-odds-api,2026-10-08T14:28:00.276280+00:00,Reject,REJECT,False,"kickoff is 70.0h away -- outside the configured 24h money-event horizon; research grade 'Reject' is not in the actionable set ['A', 'A+', 'B']; confidence 'Low' is not eligible for real-money qualification (requires one of ['High'], or ['Medium'] with every other requirement strong)",2026-10-11T12:30:00Z
2026-10-12,football,Premier League,Coventry City v Newcastle United,1x2,draw,Betfred (UK),3.75,0.26299839927301405,3.802304511222205,High,0.005556788992475937,20,,0.0,-0.01375600272619737,adequate,0.0,Reject,net EV -1.38% is below the minimum Grade C floor,daily-engine-v1.1.0-odds-api,2026-10-08T14:28:00.276280+00:00,Reject,REJECT,False,"kickoff is 100.5h away -- outside the configured 24h money-event horizon; research grade 'Reject' is not in the actionable set ['A', 'A+', 'B']; estimated probability 26.3% is below the 50% money-qualification floor; net EV -1.38% is below the 2.00% money-qualification value floor",2026-10-12T19:00:00Z
2026-10-11,football,Serie A,Sassuolo v AC Milan,1x2,away,Smarkets,1.89,0.5217568878375849,1.9166014350945857,High,0.006611187747673659,21,,0.0,-0.013879481986964592,adequate,0.0,Reject,net EV -1.39% is below the minimum Grade C floor,daily-engine-v1.1.0-odds-api,2026-10-08T14:28:00.276280+00:00,Reject,REJECT,False,"kickoff is 73.5h away -- outside the configured 24h money-event horizon; research grade 'Reject' is not in the actionable set ['A', 'A+', 'B']; net EV -1.39% is below the 2.00% money-qualification value floor",2026-10-11T16:00:00Z
2026-10-10,football,League Two,Newport County v Colchester United,1x2,home,Virgin Bet,2.8,0.35218562253987984,2.8394117647058823,High,0.010345265820193596,21,,0.0,-0.013880256888336495,adequate,0.0,Reject,net EV -1.39% is below the minimum Grade C floor,daily-engine-v1.1.0-odds-api,2026-10-08T14:28:00.276280+00:00,Reject,REJECT,False,"kickoff is 47.5h away -- outside the configured 24h money-event horizon; research grade 'Reject' is not in the actionable set ['A', 'A+', 'B']; estimated probability 35.2% is below the 50% money-qualification floor; net EV -1.39% is below the 2.00% money-qualification value floor",2026-10-10T14:00:00Z
2026-10-10,football,League One,Leicester City v Peterborough United,1x2,draw,Smarkets,4.7,0.2098089001737271,4.766242038216561,High,0.007298481976214295,21,,0.0,-0.013898169183482523,adequate,0.0,Reject,net EV -1.39% is below the minimum Grade C floor,daily-engine-v1.1.0-odds-api,2026-10-08T14:28:00.276280+00:00,Reject,REJECT,False,"kickoff is 47.5h away -- outside the configured 24h money-event horizon; research grade 'Reject' is not in the actionable set ['A', 'A+', 'B']; estimated probability 21.0% is below the 50% money-qualification floor; net EV -1.39% is below the 2.00% money-qualification value floor",2026-10-10T14:00:00Z
2026-10-10,football,2. Bundesliga,VfL Osnabrück v Dynamo Dresden,1x2,draw,Betfair,3.85,0.25608100682946533,3.9050143248848608,High,0.0038994262941017747,18,,0.0,-0.01408812370655843,adequate,0.0,Reject,net EV -1.41% is below the minimum Grade C floor,daily-engine-v1.1.0-odds-api,2026-10-08T14:28:00.276280+00:00,Reject,REJECT,False,"kickoff is 44.5h away -- outside the configured 24h money-event horizon; research grade 'Reject' is not in the actionable set ['A', 'A+', 'B']; estimated probability 25.6% is below the 50% money-qualification floor; net EV -1.41% is below the 2.00% money-qualification value floor",2026-10-10T11:00:00Z
2026-10-11,football,Bundesliga,SC Freiburg v FC Schalke 04,1x2,draw,Grosvenor,4.25,0.23195177091183122,4.31124106562703,High,0.0058554937662418345,21,,0.0,-0.014204973624717288,adequate,0.0,Reject,net EV -1.42% is below the minimum Grade C floor,daily-engine-v1.1.0-odds-api,2026-10-08T14:28:00.276280+00:00,Reject,REJECT,False,"kickoff is 73.0h away -- outside the configured 24h money-event horizon; research grade 'Reject' is not in the actionable set ['A', 'A+', 'B']; estimated probability 23.2% is below the 50% money-qualification floor; net EV -1.42% is below the 2.00% money-qualification value floor",2026-10-11T15:30:00Z
2026-10-10,football,League One,Huddersfield Town v Sheffield Wednesday,1x2,away,Betfred (UK),4.5,0.21905948711221876,4.56497005988024,High,0.0038677711718986658,21,,0.0,-0.014232307995015514,adequate,0.0,Reject,net EV -1.42% is below the minimum Grade C floor,daily-engine-v1.1.0-odds-api,2026-10-08T14:28:00.276280+00:00,Reject,REJECT,False,"kickoff is 47.5h away -- outside the configured 24h money-event horizon; research grade 'Reject' is not in the actionable set ['A', 'A+', 'B']; estimated probability 21.9% is below the 50% money-qualification floor; net EV -1.42% is below the 2.00% money-qualification value floor",2026-10-10T14:00:00Z
2026-10-10,football,Ligue 1,Lorient v Paris FC,1x2,draw,Betfred (UK),3.5,0.2816467396092699,3.550547048360317,High,0.006855061606155265,20,,0.0,-0.01423641136755538,adequate,0.0,Reject,net EV -1.42% is below the minimum Grade C floor,daily-engine-v1.1.0-odds-api,2026-10-08T14:28:00.276280+00:00,Reject,REJECT,False,"kickoff is 52.3h away -- outside the configured 24h money-event horizon; research grade 'Reject' is not in the actionable set ['A', 'A+', 'B']; estimated probability 28.2% is below the 50% money-qualification floor; net EV -1.42% is below the 2.00% money-qualification value floor",2026-10-10T18:45:00Z
2026-10-10,football,Primeira Liga,Casa Pia v Santa Clara,1x2,draw,Betway,3.5,0.28154659826113304,3.5518099177050084,High,0.005673937108220108,20,,0.0,-0.014586906086034301,adequate,0.0,Reject,net EV -1.46% is below the minimum Grade C floor,daily-engine-v1.1.0-odds-api,2026-10-08T14:28:00.276280+00:00,Reject,REJECT,False,"kickoff is 48.0h away -- outside the configured 24h money-event horizon; research grade 'Reject' is not in the actionable set ['A', 'A+', 'B']; estimated probability 28.2% is below the 50% money-qualification floor; net EV -1.46% is below the 2.00% money-qualification value floor",2026-10-10T14:30:00Z
2026-10-11,football,Serie A,Lecce v Bologna,1x2,draw,Smarkets,3.5,0.28146560385826247,3.552831984769157,High,0.006033320254909274,21,,0.0,-0.014870386496081411,adequate,0.0,Reject,net EV -1.49% is below the minimum Grade C floor,daily-engine-v1.1.0-odds-api,2026-10-08T14:28:00.276280+00:00,Reject,REJECT,False,"kickoff is 70.5h away -- outside the configured 24h money-event horizon; research grade 'Reject' is not in the actionable set ['A', 'A+', 'B']; estimated probability 28.1% is below the 50% money-qualification floor; net EV -1.49% is below the 2.00% money-qualification value floor",2026-10-11T13:00:00Z
2026-10-18,football,Bundesliga,Borussia Monchengladbach v TSG Hoffenheim,1x2,draw,Betfred (UK),4.2,0.23455440131219243,4.263403263403264,High,0.0064698066639316655,13,,0.0,-0.01487151448879176,adequate,0.0,Reject,net EV -1.49% is below the minimum Grade C floor,daily-engine-v1.1.0-odds-api,2026-10-08T14:28:00.276280+00:00,Reject,REJECT,False,"kickoff is 241.0h away -- outside the configured 24h money-event horizon; research grade 'Reject' is not in the actionable set ['A', 'A+', 'B']; estimated probability 23.5% is below the 50% money-qualification floor; net EV -1.49% is below the 2.00% money-qualification value floor",2026-10-18T15:30:00Z
2026-10-17,football,Serie A,Bologna v Inter Milan,1x2,home,Betfair,5.3,0.1858549215623832,5.380540862698353,High,0.004395713347856447,15,,0.0,-0.01496891571936898,adequate,0.0,Reject,net EV -1.50% is below the minimum Grade C floor,daily-engine-v1.1.0-odds-api,2026-10-08T14:28:00.276280+00:00,Reject,REJECT,False,"kickoff is 217.5h away -- outside the configured 24h money-event horizon; research grade 'Reject' is not in the actionable set ['A', 'A+', 'B']; estimated probability 18.6% is below the 50% money-qualification floor; net EV -1.50% is below the 2.00% money-qualification value floor",2026-10-17T16:00:00Z
2026-10-17,football,Premier League,Everton v Chelsea,1x2,home,Casumo,2.95,0.3338709677419355,2.995169082125604,High,0.005597481992529466,17,,0.0,-0.015080645161290263,adequate,0.0,Reject,net EV -1.51% is below the minimum Grade C floor,daily-engine-v1.1.0-odds-api,2026-10-08T14:28:00.276280+00:00,Reject,REJECT,False,"kickoff is 213.0h away -- outside the configured 24h money-event horizon; research grade 'Reject' is not in the actionable set ['A', 'A+', 'B']; estimated probability 33.4% is below the 50% money-qualification floor; net EV -1.51% is below the 2.00% money-qualification value floor",2026-10-17T11:30:00Z
2026-10-10,football,Championship,West Bromwich Albion v Birmingham City,over_under_2_5,under,Matchbook,1.94,0.5076142131979696,1.9699999999999998,High,0.004541430721101783,5,,0.0,-0.015228426395938965,adequate,0.0,Reject,net EV -1.52% is below the minimum Grade C floor,daily-engine-v1.1.0-odds-api,2026-10-08T14:28:00.276280+00:00,Reject,REJECT,False,"kickoff is 45.0h away -- outside the configured 24h money-event horizon; research grade 'Reject' is not in the actionable set ['A', 'A+', 'B']; net EV -1.52% is below the 2.00% money-qualification value floor",2026-10-10T11:30:00Z
2026-10-10,football,Championship,West Bromwich Albion v Birmingham City,over_under_2_5,over,Matchbook,2.0,0.4923857868020305,2.0309278350515463,High,0.004541430721101874,5,,0.0,-0.015228426395939021,adequate,0.0,Reject,net EV -1.52% is below the minimum Grade C floor,daily-engine-v1.1.0-odds-api,2026-10-08T14:28:00.276280+00:00,Reject,REJECT,False,"kickoff is 45.0h away -- outside the configured 24h money-event horizon; research grade 'Reject' is not in the actionable set ['A', 'A+', 'B']; estimated probability 49.2% is below the 50% money-qualification floor; net EV -1.52% is below the 2.00% money-qualification value floor",2026-10-10T11:30:00Z
2026-10-10,football,League Two,Rotherham United v Gillingham,1x2,home,Betfair,1.99,0.4948115969468936,2.020971226564293,High,0.005850990848180976,20,,0.0,-0.015324922075681757,adequate,0.0,Reject,net EV -1.53% is below the minimum Grade C floor,daily-engine-v1.1.0-odds-api,2026-10-08T14:28:00.276280+00:00,Reject,REJECT,False,"kickoff is 47.5h away -- outside the configured 24h money-event horizon; research grade 'Reject' is not in the actionable set ['A', 'A+', 'B']; estimated probability 49.5% is below the 50% money-qualification floor; net EV -1.53% is below the 2.00% money-qualification value floor",2026-10-10T14:00:00Z
2026-10-10,football,Premier League,Sunderland v Brighton and Hove Albion,1x2,draw,Betfred (UK),3.6,0.2735208535402522,3.6560283687943262,High,0.006106974474530304,21,,0.0,-0.015324927255092047,adequate,0.0,Reject,net EV -1.53% is below the minimum Grade C floor,daily-engine-v1.1.0-odds-api,2026-10-08T14:28:00.276280+00:00,Reject,REJECT,False,"kickoff is 47.5h away -- outside the configured 24h money-event horizon; research grade 'Reject' is not in the actionable set ['A', 'A+', 'B']; estimated probability 27.4% is below the 50% money-qualification floor; net EV -1.53% is below the 2.00% money-qualification value floor",2026-10-10T14:00:00Z
2026-10-10,football,League One,Mansfield Town v Bromley FC,1x2,home,Betfair,1.84,0.5350772889417361,1.8688888888888886,High,0.008889939388188123,21,,0.0,-0.015457788347205514,adequate,0.0,Reject,net EV -1.55% is below the minimum Grade C floor,daily-engine-v1.1.0-odds-api,2026-10-08T14:28:00.276280+00:00,Reject,REJECT,False,"kickoff is 47.5h away -- outside the configured 24h money-event horizon; research grade 'Reject' is not in the actionable set ['A', 'A+', 'B']; net EV -1.55% is below the 2.00% money-qualification value floor",2026-10-10T14:00:00Z
2026-10-11,football,Serie B,US Catanzaro 1929 v Mantova,1x2,draw,Betfair Sportsbook,3.6,0.2734742841030967,3.656650947198426,High,0.007860149447721506,20,,0.0,-0.015492577228851778,adequate,0.0,Reject,net EV -1.55% is below the minimum Grade C floor,daily-engine-v1.1.0-odds-api,2026-10-08T14:28:00.276280+00:00,Reject,REJECT,False,"kickoff is 70.5h away -- outside the configured 24h money-event horizon; research grade 'Reject' is not in the actionable set ['A', 'A+', 'B']; estimated probability 27.3% is below the 50% money-qualification floor; net EV -1.55% is below the 2.00% money-qualification value floor",2026-10-11T13:00:00Z
2026-10-11,football,Belgian Pro League,Union Saint-Gilloise v Leuven,1x2,away,Grosvenor,10.5,0.09375,10.666666666666666,Low,0.08570547413471163,19,,0.0,-0.015625,adequate,0.0,Reject,net EV -1.56% is below the minimum Grade C floor,daily-engine-v1.1.0-odds-api,2026-10-08T14:28:00.276280+00:00,Reject,REJECT,False,"kickoff is 71.5h away -- outside the configured 24h money-event horizon; research grade 'Reject' is not in the actionable set ['A', 'A+', 'B']; confidence 'Low' is not eligible for real-money qualification (requires one of ['High'], or ['Medium'] with every other requirement strong)",2026-10-11T14:00:00Z
2026-10-11,football,La Liga,Elche CF v Celta Vigo,1x2,draw,Betfred (UK),3.4,0.28950027116519594,3.4542281980432947,High,0.00544639849872527,20,,0.0,-0.015699078038333814,adequate,0.0,Reject,net EV -1.57% is below the minimum Grade C floor,daily-engine-v1.1.0-odds-api,2026-10-08T14:28:00.276280+00:00,Reject,REJECT,False,"kickoff is 69.5h away -- outside the configured 24h money-event horizon; research grade 'Reject' is not in the actionable set ['A', 'A+', 'B']; estimated probability 29.0% is below the 50% money-qualification floor; net EV -1.57% is below the 2.00% money-qualification value floor",2026-10-11T12:00:00Z
2026-10-18,football,Serie A,Fiorentina v Como,1x2,draw,Betfred (UK),3.75,0.26242544731610334,3.810606060606061,High,0.005063820348455478,15,,0.0,-0.015904572564612418,adequate,0.0,Reject,net EV -1.59% is below the minimum Grade C floor,daily-engine-v1.1.0-odds-api,2026-10-08T14:28:00.276280+00:00,Reject,REJECT,False,"kickoff is 238.5h away -- outside the configured 24h money-event horizon; research grade 'Reject' is not in the actionable set ['A', 'A+', 'B']; estimated probability 26.2% is below the 50% money-qualification floor; net EV -1.59% is below the 2.00% money-qualification value floor",2026-10-18T13:00:00Z
2026-10-11,football,Championship,Southampton v Portsmouth,1x2,draw,Coral,4.33,0.22723190129792462,4.400790532878991,High,0.004195213829201232,20,,0.0,-0.016085867379986407,adequate,0.0,Reject,net EV -1.61% is below the minimum Grade C floor,daily-engine-v1.1.0-odds-api,2026-10-08T14:28:00.276280+00:00,Reject,REJECT,False,"kickoff is 68.5h away -- outside the configured 24h money-event horizon; research grade 'Reject' is not in the actionable set ['A', 'A+', 'B']; estimated probability 22.7% is below the 50% money-qualification floor; net EV -1.61% is below the 2.00% money-qualification value floor",2026-10-11T11:00:00Z
2026-10-10,football,Premier League,Ipswich Town v Fulham,over_under_2_5,under,Matchbook,2.16,0.4554973821989528,2.195402298850575,High,0.002798677270532191,5,,0.0,-0.016125654450261928,adequate,0.0,Reject,net EV -1.61% is below the minimum Grade C floor,daily-engine-v1.1.0-odds-api,2026-10-08T14:28:00.276280+00:00,Reject,REJECT,False,"kickoff is 47.5h away -- outside the configured 24h money-event horizon; research grade 'Reject' is not in the actionable set ['A', 'A+', 'B']; estimated probability 45.5% is below the 50% money-qualification floor; net EV -1.61% is below the 2.00% money-qualification value floor",2026-10-10T14:00:00Z
2026-10-09,football,Belgian Pro League,SK Beveren v Lommel SK,1x2,draw,Betfair,4.0,0.24593613812987786,4.066096213448323,High,0.0050560742278754674,19,,0.0,-0.016255447480488572,adequate,0.0,Reject,net EV -1.63% is below the minimum Grade C floor,daily-engine-v1.1.0-odds-api,2026-10-08T14:28:00.276280+00:00,Reject,REJECT,False,"kickoff is 28.3h away -- outside the configured 24h money-event horizon; research grade 'Reject' is not in the actionable set ['A', 'A+', 'B']; estimated probability 24.6% is below the 50% money-qualification floor; net EV -1.63% is below the 2.00% money-qualification value floor",2026-10-09T18:45:00Z
2026-10-10,football,Championship,Blackburn Rovers v Cardiff City,1x2,away,Betfair,2.56,0.384264418658964,2.602374696803514,High,0.003920132602997153,20,,0.0,-0.016283088233052134,adequate,0.0,Reject,net EV -1.63% is below the minimum Grade C floor,daily-engine-v1.1.0-odds-api,2026-10-08T14:28:00.276280+00:00,Reject,REJECT,False,"kickoff is 47.5h away -- outside the configured 24h money-event horizon; research grade 'Reject' is not in the actionable set ['A', 'A+', 'B']; estimated probability 38.4% is below the 50% money-qualification floor; net EV -1.63% is below the 2.00% money-qualification value floor",2026-10-10T14:00:00Z
2026-10-17,football,Bundesliga,Hamburger SV v VfB Stuttgart,1x2,draw,Grosvenor,4.25,0.23142746013224427,4.321008403361344,High,0.008443592237826762,19,,0.0,-0.01643329443796182,adequate,0.0,Reject,net EV -1.64% is below the minimum Grade C floor,daily-engine-v1.1.0-odds-api,2026-10-08T14:28:00.276280+00:00,Reject,REJECT,False,"kickoff is 215.0h away -- outside the configured 24h money-event horizon; research grade 'Reject' is not in the actionable set ['A', 'A+', 'B']; estimated probability 23.1% is below the 50% money-qualification floor; net EV -1.64% is below the 2.00% money-qualification value floor",2026-10-17T13:30:00Z
2026-10-10,football,League Two,Crawley Town v Chesterfield FC,1x2,draw,Betfair Sportsbook,4.33,0.22713864306784662,4.402597402597403,High,0.007977027290293015,21,,0.0,-0.016489675516224156,adequate,0.0,Reject,net EV -1.65% is below the minimum Grade C floor,daily-engine-v1.1.0-odds-api,2026-10-08T14:28:00.276280+00:00,Reject,REJECT,False,"kickoff is 47.5h away -- outside the configured 24h money-event horizon; research grade 'Reject' is not in the actionable set ['A', 'A+', 'B']; estimated probability 22.7% is below the 50% money-qualification floor; net EV -1.65% is below the 2.00% money-qualification value floor",2026-10-10T14:00:00Z
2026-10-09,football,Ligue 1,RC Lens v Lyon,1x2,draw,Smarkets,3.85,0.25539877079801754,3.915445625973084,High,0.004457953585811952,20,,0.0,-0.01671473242763244,adequate,0.0,Reject,net EV -1.67% is below the minimum Grade C floor,daily-engine-v1.1.0-odds-api,2026-10-08T14:28:00.276280+00:00,Reject,REJECT,False,"kickoff is 28.3h away -- outside the configured 24h money-event horizon; research grade 'Reject' is not in the actionable set ['A', 'A+', 'B']; estimated probability 25.5% is below the 50% money-qualification floor; net EV -1.67% is below the 2.00% money-qualification value floor",2026-10-09T18:45:00Z
2026-10-10,football,League One,Wycombe Wanderers v Luton,1x2,draw,BoyleSports,3.75,0.26218877591866147,3.814045801526717,High,0.005562604600865122,20,,0.0,-0.016792090305019602,adequate,0.0,Reject,net EV -1.68% is below the minimum Grade C floor,daily-engine-v1.1.0-odds-api,2026-10-08T14:28:00.276280+00:00,Reject,REJECT,False,"kickoff is 47.5h away -- outside the configured 24h money-event horizon; research grade 'Reject' is not in the actionable set ['A', 'A+', 'B']; estimated probability 26.2% is below the 50% money-qualification floor; net EV -1.68% is below the 2.00% money-qualification value floor",2026-10-10T14:00:00Z
2026-10-10,football,Bundesliga,FSV Mainz 05 v Bayer Leverkusen,1x2,away,Smarkets,2.28,0.43119447186574533,2.319139194139194,High,0.007756020569004191,21,,0.0,-0.016876604146100704,adequate,0.0,Reject,net EV -1.69% is below the minimum Grade C floor,daily-engine-v1.1.0-odds-api,2026-10-08T14:28:00.276280+00:00,Reject,REJECT,False,"kickoff is 47.0h away -- outside the configured 24h money-event horizon; research grade 'Reject' is not in the actionable set ['A', 'A+', 'B']; estimated probability 43.1% is below the 50% money-qualification floor; net EV -1.69% is below the 2.00% money-qualification value floor",2026-10-10T13:30:00Z
2026-10-10,football,Eredivisie,Fortuna Sittard v FC Twente Enschede,1x2,draw,Coral,5.25,0.18724279835390947,5.34065934065934,High,0.01786340411656403,19,,0.0,-0.016975308641975273,adequate,0.0,Reject,net EV -1.70% is below the minimum Grade C floor,daily-engine-v1.1.0-odds-api,2026-10-08T14:28:00.276280+00:00,Reject,REJECT,False,"kickoff is 51.5h away -- outside the configured 24h money-event horizon; research grade 'Reject' is not in the actionable set ['A', 'A+', 'B']; estimated probability 18.7% is below the 50% money-qualification floor; net EV -1.70% is below the 2.00% money-qualification value floor",2026-10-10T18:00:00Z
2026-10-17,football,Bundesliga,Werder Bremen v SC Paderborn,1x2,away,Coral,4.0,0.2456896551724138,4.070175438596491,High,0.005390168984115826,17,,0.0,-0.01724137931034475,adequate,0.0,Reject,net EV -1.72% is below the minimum Grade C floor,daily-engine-v1.1.0-odds-api,2026-10-08T14:28:00.276280+00:00,Reject,REJECT,False,"kickoff is 215.0h away -- outside the configured 24h money-event horizon; research grade 'Reject' is not in the actionable set ['A', 'A+', 'B']; estimated probability 24.6% is below the 50% money-qualification floor; net EV -1.72% is below the 2.00% money-qualification value floor",2026-10-17T13:30:00Z
2026-10-11,football,Eredivisie,FC Zwolle v SC Cambuur,1x2,draw,Betfair,4.0,0.2456784429480675,4.070361192460765,Medium,0.02105444536512976,19,,0.0,-0.01728622820772996,adequate,0.0,Reject,net EV -1.73% is below the minimum Grade C floor,daily-engine-v1.1.0-odds-api,2026-10-08T14:28:00.276280+00:00,Reject,REJECT,False,"kickoff is 70.0h away -- outside the configured 24h money-event horizon; research grade 'Reject' is not in the actionable set ['A', 'A+', 'B']; estimated probability 24.6% is below the 60% money-qualification floor (the stricter Medium-confidence floor); Medium-confidence candidates require odds inside the preferred range 1.40-2.50; odds are 4.00; net EV -1.73% is below the 5.00% money-qualification value floor (the stricter Medium-confidence floor)",2026-10-11T12:30:00Z
2026-10-09,football,2. Bundesliga,1. FC Heidenheim v 1. FC Kaiserslautern,1x2,draw,Betfair,3.85,0.2551724137931035,3.918918918918918,High,0.005878096193182043,19,,0.0,-0.017586206896551437,adequate,0.0,Reject,net EV -1.76% is below the minimum Grade C floor,daily-engine-v1.1.0-odds-api,2026-10-08T14:28:00.276280+00:00,Reject,REJECT,False,"kickoff is 26.0h away -- outside the configured 24h money-event horizon; research grade 'Reject' is not in the actionable set ['A', 'A+', 'B']; estimated probability 25.5% is below the 50% money-qualification floor; net EV -1.76% is below the 2.00% money-qualification value floor",2026-10-09T16:30:00Z
2026-10-10,football,Championship,Preston North End v Millwall,1x2,draw,Betfair,3.6,0.27285613040396883,3.6649350649350647,High,0.003665790468976914,21,,0.0,-0.017717930545712135,adequate,0.0,Reject,net EV -1.77% is below the minimum Grade C floor,daily-engine-v1.1.0-odds-api,2026-10-08T14:28:00.276280+00:00,Reject,REJECT,False,"kickoff is 47.5h away -- outside the configured 24h money-event horizon; research grade 'Reject' is not in the actionable set ['A', 'A+', 'B']; estimated probability 27.3% is below the 50% money-qualification floor; net EV -1.77% is below the 2.00% money-qualification value floor",2026-10-10T14:00:00Z
2026-10-10,football,League One,Plymouth Argyle v Wimbledon,1x2,draw,Betfair,4.6,0.2135265913961864,4.6832574503311255,High,0.005482272071169521,21,,0.0,-0.017777679577542616,adequate,0.0,Reject,net EV -1.78% is below the minimum Grade C floor,daily-engine-v1.1.0-odds-api,2026-10-08T14:28:00.276280+00:00,Reject,REJECT,False,"kickoff is 45.0h away -- outside the configured 24h money-event horizon; research grade 'Reject' is not in the actionable set ['A', 'A+', 'B']; estimated probability 21.4% is below the 50% money-qualification floor; net EV -1.78% is below the 2.00% money-qualification value floor",2026-10-10T11:30:00Z
2026-10-09,football,Primeira Liga,Braga v Sporting Lisbon,1x2,home,Betfair,3.45,0.2846858126613976,3.512644310060473,High,0.003608788223449842,20,,0.0,-0.01783394631817825,adequate,0.0,Reject,net EV -1.78% is below the minimum Grade C floor,daily-engine-v1.1.0-odds-api,2026-10-08T14:28:00.276280+00:00,Reject,REJECT,False,"kickoff is 28.8h away -- outside the configured 24h money-event horizon; research grade 'Reject' is not in the actionable set ['A', 'A+', 'B']; estimated probability 28.5% is below the 50% money-qualification floor; net EV -1.78% is below the 2.00% money-qualification value floor",2026-10-09T19:15:00Z
2026-10-11,football,Championship,Southampton v Portsmouth,1x2,home,Betfair,1.66,0.5916661727158228,1.6901422560797639,High,0.005403634819436711,20,,0.0,-0.01783415329173421,adequate,0.0,Reject,net EV -1.78% is below the minimum Grade C floor,daily-engine-v1.1.0-odds-api,2026-10-08T14:28:00.276280+00:00,Reject,REJECT,False,"kickoff is 68.5h away -- outside the configured 24h money-event horizon; research grade 'Reject' is not in the actionable set ['A', 'A+', 'B']; net EV -1.78% is below the 2.00% money-qualification value floor",2026-10-11T11:00:00Z
2026-10-19,football,Premier League,Tottenham Hotspur v Coventry City,1x2,draw,Betfair,4.7,0.20896821941663044,4.7854166666666655,High,0.004191617248825489,15,,0.0,-0.017849368741836846,adequate,0.0,Reject,net EV -1.78% is below the minimum Grade C floor,daily-engine-v1.1.0-odds-api,2026-10-08T14:28:00.276280+00:00,Reject,REJECT,False,"kickoff is 268.5h away -- outside the configured 24h money-event horizon; research grade 'Reject' is not in the actionable set ['A', 'A+', 'B']; estimated probability 20.9% is below the 50% money-qualification floor; net EV -1.78% is below the 2.00% money-qualification value floor",2026-10-19T19:00:00Z
2026-10-10,football,Bundesliga,FSV Mainz 05 v Bayer Leverkusen,1x2,draw,Betfred (UK),4.0,0.24553571428571433,4.072727272727272,High,0.006106700938545154,21,,0.0,-0.017857142857142683,adequate,0.0,Reject,net EV -1.79% is below the minimum Grade C floor,daily-engine-v1.1.0-odds-api,2026-10-08T14:28:00.276280+00:00,Reject,REJECT,False,"kickoff is 47.0h away -- outside the configured 24h money-event horizon; research grade 'Reject' is not in the actionable set ['A', 'A+', 'B']; estimated probability 24.6% is below the 50% money-qualification floor; net EV -1.79% is below the 2.00% money-qualification value floor",2026-10-10T13:30:00Z
2026-10-10,football,La Liga,Alavés v Atlético Madrid,1x2,away,Smarkets,1.86,0.5279782055392035,1.894017574037434,High,0.005651288276379805,20,,0.0,-0.017960537697081447,adequate,0.0,Reject,net EV -1.80% is below the minimum Grade C floor,daily-engine-v1.1.0-odds-api,2026-10-08T14:28:00.276280+00:00,Reject,REJECT,False,"kickoff is 47.8h away -- outside the configured 24h money-event horizon; research grade 'Reject' is not in the actionable set ['A', 'A+', 'B']; net EV -1.80% is below the 2.00% money-qualification value floor",2026-10-10T14:15:00Z
2026-10-10,football,League One,Doncaster Rovers v Burton Albion,1x2,home,Betfair,1.76,0.5578711515291306,1.7925286103412763,High,0.005955473204403957,20,,0.0,-0.018146773308730157,adequate,0.0,Reject,net EV -1.81% is below the minimum Grade C floor,daily-engine-v1.1.0-odds-api,2026-10-08T14:28:00.276280+00:00,Reject,REJECT,False,"kickoff is 47.5h away -- outside the configured 24h money-event horizon; research grade 'Reject' is not in the actionable set ['A', 'A+', 'B']; net EV -1.81% is below the 2.00% money-qualification value floor",2026-10-10T14:00:00Z
2026-10-17,football,Bundesliga,Elversberg v Augsburg,1x2,away,Grosvenor,2.7,0.3636363636363636,2.7500000000000004,High,0.007766536398122684,17,,0.0,-0.0181818181818183,adequate,0.0,Reject,net EV -1.82% is below the minimum Grade C floor,daily-engine-v1.1.0-odds-api,2026-10-08T14:28:00.276280+00:00,Reject,REJECT,False,"kickoff is 215.0h away -- outside the configured 24h money-event horizon; research grade 'Reject' is not in the actionable set ['A', 'A+', 'B']; estimated probability 36.4% is below the 50% money-qualification floor; net EV -1.82% is below the 2.00% money-qualification value floor",2026-10-17T13:30:00Z
2026-10-14,football,Championship,Portsmouth v Sheffield United,1x2,draw,LeoVegas,3.45,0.2845817659362787,3.513928577644402,High,0.00619133727732522,6,,0.0,-0.018192907519838375,adequate,0.0,Reject,net EV -1.82% is below the minimum Grade C floor,daily-engine-v1.1.0-odds-api,2026-10-08T14:28:00.276280+00:00,Reject,REJECT,False,"kickoff is 148.3h away -- outside the configured 24h money-event horizon; research grade 'Reject' is not in the actionable set ['A', 'A+', 'B']; estimated probability 28.5% is below the 50% money-qualification floor; net EV -1.82% is below the 2.00% money-qualification value floor",2026-10-14T18:45:00Z
2026-10-18,football,La Liga,Málaga v Real Sociedad,1x2,home,Betfair,3.3,0.2975145859694834,3.3611797443187266,High,0.00490214696884106,14,,0.0,-0.01820186630070486,adequate,0.0,Reject,net EV -1.82% is below the minimum Grade C floor,daily-engine-v1.1.0-odds-api,2026-10-08T14:28:00.276280+00:00,Reject,REJECT,False,"kickoff is 242.0h away -- outside the configured 24h money-event horizon; research grade 'Reject' is not in the actionable set ['A', 'A+', 'B']; estimated probability 29.8% is below the 50% money-qualification floor; net EV -1.82% is below the 2.00% money-qualification value floor",2026-10-18T16:30:00Z
2026-10-17,football,Premier League,Fulham v Hull City,1x2,draw,Betfair,4.1,0.23944514779545334,4.176321839080459,High,0.0035819471474367133,17,,0.0,-0.018274894038641354,adequate,0.0,Reject,net EV -1.83% is below the minimum Grade C floor,daily-engine-v1.1.0-odds-api,2026-10-08T14:28:00.276280+00:00,Reject,REJECT,False,"kickoff is 215.5h away -- outside the configured 24h money-event horizon; research grade 'Reject' is not in the actionable set ['A', 'A+', 'B']; estimated probability 23.9% is below the 50% money-qualification floor; net EV -1.83% is below the 2.00% money-qualification value floor",2026-10-17T14:00:00Z
2026-10-17,football,Premier League,Fulham v Hull City,1x2,away,Betfred (UK),5.0,0.19634502119227173,5.093075413512755,High,0.004402933329321205,17,,0.0,-0.018274894038641354,adequate,0.0,Reject,net EV -1.83% is below the minimum Grade C floor,daily-engine-v1.1.0-odds-api,2026-10-08T14:28:00.276280+00:00,Reject,REJECT,False,"kickoff is 215.5h away -- outside the configured 24h money-event horizon; research grade 'Reject' is not in the actionable set ['A', 'A+', 'B']; estimated probability 19.6% is below the 50% money-qualification floor; net EV -1.83% is below the 2.00% money-qualification value floor",2026-10-17T14:00:00Z
2026-10-17,football,Premier League,Fulham v Hull City,1x2,home,Betfair,1.74,0.5642098310122751,1.7723902439024388,High,0.005718466870334205,17,,0.0,-0.01827489403864141,adequate,0.0,Reject,net EV -1.83% is below the minimum Grade C floor,daily-engine-v1.1.0-odds-api,2026-10-08T14:28:00.276280+00:00,Reject,REJECT,False,"kickoff is 215.5h away -- outside the configured 24h money-event horizon; research grade 'Reject' is not in the actionable set ['A', 'A+', 'B']; net EV -1.83% is below the 2.00% money-qualification value floor",2026-10-17T14:00:00Z
2026-10-18,football,Premier League,Brighton and Hove Albion v Crystal Palace,1x2,draw,Betfair,4.4,0.22311710927296474,4.481951219512195,High,0.004671442847882611,17,,0.0,-0.018284719198955135,adequate,0.0,Reject,net EV -1.83% is below the minimum Grade C floor,daily-engine-v1.1.0-odds-api,2026-10-08T14:28:00.276280+00:00,Reject,REJECT,False,"kickoff is 238.5h away -- outside the configured 24h money-event horizon; research grade 'Reject' is not in the actionable set ['A', 'A+', 'B']; estimated probability 22.3% is below the 50% money-qualification floor; net EV -1.83% is below the 2.00% money-qualification value floor",2026-10-18T13:00:00Z
2026-10-10,football,Championship,Bolton Wanderers v Stoke City,1x2,away,Betfair,2.64,0.3718173470239586,2.6894925909295018,High,0.005846011280563164,21,,0.0,-0.0184022038567494,adequate,0.0,Reject,net EV -1.84% is below the minimum Grade C floor,daily-engine-v1.1.0-odds-api,2026-10-08T14:28:00.276280+00:00,Reject,REJECT,False,"kickoff is 47.5h away -- outside the configured 24h money-event horizon; research grade 'Reject' is not in the actionable set ['A', 'A+', 'B']; estimated probability 37.2% is below the 50% money-qualification floor; net EV -1.84% is below the 2.00% money-qualification value floor",2026-10-10T14:00:00Z
2026-10-11,football,Premier League,Hull City v Everton,1x2,draw,Betfred (UK),3.5,0.2803738317757009,3.566666666666667,High,0.005453550094731569,21,,0.0,-0.01869158878504673,adequate,0.0,Reject,net EV -1.87% is below the minimum Grade C floor,daily-engine-v1.1.0-odds-api,2026-10-08T14:28:00.276280+00:00,Reject,REJECT,False,"kickoff is 70.5h away -- outside the configured 24h money-event horizon; research grade 'Reject' is not in the actionable set ['A', 'A+', 'B']; estimated probability 28.0% is below the 50% money-qualification floor; net EV -1.87% is below the 2.00% money-qualification value floor",2026-10-11T13:00:00Z
2026-10-17,football,Ligue 1,Troyes v RC Lens,1x2,draw,Betfred (UK),4.0,0.24530831099195707,4.076502732240438,High,0.005147168536555153,15,,0.0,-0.018766756032171705,adequate,0.0,Reject,net EV -1.88% is below the minimum Grade C floor,daily-engine-v1.1.0-odds-api,2026-10-08T14:28:00.276280+00:00,Reject,REJECT,False,"kickoff is 220.3h away -- outside the configured 24h money-event horizon; research grade 'Reject' is not in the actionable set ['A', 'A+', 'B']; estimated probability 24.5% is below the 50% money-qualification floor; net EV -1.88% is below the 2.00% money-qualification value floor",2026-10-17T18:45:00Z
2026-10-10,football,League One,Notts County v Oxford United,1x2,draw,Betfred (UK),3.5,0.28035143769968046,3.5669515669515675,High,0.007108781787883791,21,,0.0,-0.018769968051118302,adequate,0.0,Reject,net EV -1.88% is below the minimum Grade C floor,daily-engine-v1.1.0-odds-api,2026-10-08T14:28:00.276280+00:00,Reject,REJECT,False,"kickoff is 45.0h away -- outside the configured 24h money-event horizon; research grade 'Reject' is not in the actionable set ['A', 'A+', 'B']; estimated probability 28.0% is below the 50% money-qualification floor; net EV -1.88% is below the 2.00% money-qualification value floor",2026-10-10T11:30:00Z
2026-10-19,football,Serie A,Monza v Cagliari,1x2,draw,Betfred (UK),3.3,0.2973177499369377,3.3634049773755654,High,0.006816823432979523,15,,0.0,-0.018851425208105566,adequate,0.0,Reject,net EV -1.89% is below the minimum Grade C floor,daily-engine-v1.1.0-odds-api,2026-10-08T14:28:00.276280+00:00,Reject,REJECT,False,"kickoff is 266.0h away -- outside the configured 24h money-event horizon; research grade 'Reject' is not in the actionable set ['A', 'A+', 'B']; estimated probability 29.7% is below the 50% money-qualification floor; net EV -1.89% is below the 2.00% money-qualification value floor",2026-10-19T16:30:00Z
2026-10-10,football,League Two,Bristol Rovers v Barnet,1x2,draw,Betfair Sportsbook,3.7,0.26512968299711814,3.7717391304347827,High,0.004853521704764197,21,,0.0,-0.019020172910662825,adequate,0.0,Reject,net EV -1.90% is below the minimum Grade C floor,daily-engine-v1.1.0-odds-api,2026-10-08T14:28:00.276280+00:00,Reject,REJECT,False,"kickoff is 47.5h away -- outside the configured 24h money-event horizon; research grade 'Reject' is not in the actionable set ['A', 'A+', 'B']; estimated probability 26.5% is below the 50% money-qualification floor; net EV -1.90% is below the 2.00% money-qualification value floor",2026-10-10T14:00:00Z
2026-10-10,football,Serie A,Genoa v Fiorentina,1x2,away,Smarkets,2.38,0.41212601545472566,2.4264423076923074,High,0.005686356440263992,21,,0.0,-0.019140083217752957,adequate,0.0,Reject,net EV -1.91% is below the minimum Grade C floor,daily-engine-v1.1.0-odds-api,2026-10-08T14:28:00.276280+00:00,Reject,REJECT,False,"kickoff is 46.5h away -- outside the configured 24h money-event horizon; research grade 'Reject' is not in the actionable set ['A', 'A+', 'B']; estimated probability 41.2% is below the 50% money-qualification floor; net EV -1.91% is below the 2.00% money-qualification value floor",2026-10-10T13:00:00Z
2026-10-10,football,Belgian Pro League,Cercle Brugge KSV v Anderlecht,1x2,draw,Betfair,3.85,0.25476672771798736,3.925159336767651,High,0.003791907050474349,18,,0.0,-0.019148098285748594,adequate,0.0,Reject,net EV -1.91% is below the minimum Grade C floor,daily-engine-v1.1.0-odds-api,2026-10-08T14:28:00.276280+00:00,Reject,REJECT,False,"kickoff is 47.5h away -- outside the configured 24h money-event horizon; research grade 'Reject' is not in the actionable set ['A', 'A+', 'B']; estimated probability 25.5% is below the 50% money-qualification floor; net EV -1.91% is below the 2.00% money-qualification value floor",2026-10-10T14:00:00Z
2026-10-12,football,Serie A,Torino v Udinese,1x2,home,Smarkets,2.42,0.40526795057661325,2.467503286596448,High,0.006454417580918349,20,,0.0,-0.019251559604596014,adequate,0.0,Reject,net EV -1.93% is below the minimum Grade C floor,daily-engine-v1.1.0-odds-api,2026-10-08T14:28:00.276280+00:00,Reject,REJECT,False,"kickoff is 100.3h away -- outside the configured 24h money-event horizon; research grade 'Reject' is not in the actionable set ['A', 'A+', 'B']; estimated probability 40.5% is below the 50% money-qualification floor; net EV -1.93% is below the 2.00% money-qualification value floor",2026-10-12T18:45:00Z
2026-10-11,football,La Liga,Real Racing Club de Santander v Valencia,1x2,draw,Smarkets,3.65,0.26858297209570714,3.723244225786804,High,0.004293402610003357,20,,0.0,-0.01967215185066895,adequate,0.0,Reject,net EV -1.97% is below the minimum Grade C floor,daily-engine-v1.1.0-odds-api,2026-10-08T14:28:00.276280+00:00,Reject,REJECT,False,"kickoff is 76.5h away -- outside the configured 24h money-event horizon; research grade 'Reject' is not in the actionable set ['A', 'A+', 'B']; estimated probability 26.9% is below the 50% money-qualification floor; net EV -1.97% is below the 2.00% money-qualification value floor",2026-10-11T19:00:00Z
2026-10-10,football,Championship,Bolton Wanderers v Stoke City,over_under_2_5,over,Matchbook,1.9,0.5158730158730157,1.9384615384615391,High,0.00836928118000076,5,,0.0,-0.019841269841270215,adequate,0.0,Reject,net EV -1.98% is below the minimum Grade C floor,daily-engine-v1.1.0-odds-api,2026-10-08T14:28:00.276280+00:00,Reject,REJECT,False,"kickoff is 47.5h away -- outside the configured 24h money-event horizon; research grade 'Reject' is not in the actionable set ['A', 'A+', 'B']; net EV -1.98% is below the 2.00% money-qualification value floor",2026-10-10T14:00:00Z
2026-10-10,football,Championship,Sheffield United v Lincoln City,1x2,home,LeoVegas,2.18,0.4496092967341215,2.224153297682709,High,0.0061060740146494825,21,,0.0,-0.01985173311961519,adequate,0.0,Reject,net EV -1.99% is below the minimum Grade C floor,daily-engine-v1.1.0-odds-api,2026-10-08T14:28:00.276280+00:00,Reject,REJECT,False,"kickoff is 47.5h away -- outside the configured 24h money-event horizon; research grade 'Reject' is not in the actionable set ['A', 'A+', 'B']; estimated probability 45.0% is below the 50% money-qualification floor; net EV -1.99% is below the 2.00% money-qualification value floor",2026-10-10T14:00:00Z
2026-10-17,football,Premier League,Everton v Chelsea,1x2,draw,Betfair,3.8,0.25789762006208533,3.8775076705215956,High,0.0031310991236156347,17,,0.0,-0.019989043764075842,adequate,0.0,Reject,net EV -2.00% is below the minimum Grade C floor,daily-engine-v1.1.0-odds-api,2026-10-08T14:28:00.276280+00:00,Reject,REJECT,False,"kickoff is 213.0h away -- outside the configured 24h money-event horizon; research grade 'Reject' is not in the actionable set ['A', 'A+', 'B']; estimated probability 25.8% is below the 50% money-qualification floor; net EV -2.00% is below the 2.00% money-qualification value floor",2026-10-17T11:30:00Z
2026-10-11,football,Ligue 1,Rennes v Auxerre,1x2,draw,Betfred (UK),5.0,0.19588069680422193,5.105148267873869,High,0.004907732361854342,20,,0.0,-0.02059651597889034,adequate,0.0,Reject,net EV -2.06% is below the minimum Grade C floor,daily-engine-v1.1.0-odds-api,2026-10-08T14:28:00.276280+00:00,Reject,REJECT,False,"kickoff is 72.8h away -- outside the configured 24h money-event horizon; research grade 'Reject' is not in the actionable set ['A', 'A+', 'B']; estimated probability 19.6% is below the 50% money-qualification floor; net EV -2.06% is below the 2.00% money-qualification value floor",2026-10-11T15:15:00Z
2026-10-10,football,League Two,Rotherham United v Gillingham,1x2,draw,Matchbook,3.7,0.2646931904672518,3.7779589200415087,High,0.005019538204581359,20,,0.0,-0.020635195271168194,adequate,0.0,Reject,net EV -2.06% is below the minimum Grade C floor,daily-engine-v1.1.0-odds-api,2026-10-08T14:28:00.276280+00:00,Reject,REJECT,False,"kickoff is 47.5h away -- outside the configured 24h money-event horizon; research grade 'Reject' is not in the actionable set ['A', 'A+', 'B']; estimated probability 26.5% is below the 50% money-qualification floor; net EV -2.06% is below the 2.00% money-qualification value floor",2026-10-10T14:00:00Z
2026-10-18,football,Serie A,AC Milan v Atalanta BC,1x2,home,Smarkets,1.92,0.5100671140939597,1.960526315789474,High,0.01208548634708192,15,,0.0,-0.020671140939597488,adequate,0.0,Reject,net EV -2.07% is below the minimum Grade C floor,daily-engine-v1.1.0-odds-api,2026-10-08T14:28:00.276280+00:00,Reject,REJECT,False,"kickoff is 241.5h away -- outside the configured 24h money-event horizon; research grade 'Reject' is not in the actionable set ['A', 'A+', 'B']; net EV -2.07% is below the 2.00% money-qualification value floor",2026-10-18T16:00:00Z
2026-10-10,football,Championship,Charlton Athletic v Bristol City,over_under_2_5,under,Matchbook,1.8,0.5439999999999999,1.8382352941176474,High,0.003462940764288664,5,,0.0,-0.020800000000000096,adequate,0.0,Reject,net EV -2.08% is below the minimum Grade C floor,daily-engine-v1.1.0-odds-api,2026-10-08T14:28:00.276280+00:00,Reject,REJECT,False,"kickoff is 45.0h away -- outside the configured 24h money-event horizon; research grade 'Reject' is not in the actionable set ['A', 'A+', 'B']; net EV -2.08% is below the 2.00% money-qualification value floor",2026-10-10T11:30:00Z
2026-10-09,football,Ligue 2,USL Dunkerque v Annecy FC,1x2,home,Grosvenor,2.35,0.4166666666666667,2.4,High,0.010254850834883809,20,,0.0,-0.02083333333333315,adequate,0.0,Reject,net EV -2.08% is below the minimum Grade C floor,daily-engine-v1.1.0-odds-api,2026-10-08T14:28:00.276280+00:00,Reject,REJECT,False,"kickoff is 27.5h away -- outside the configured 24h money-event horizon; research grade 'Reject' is not in the actionable set ['A', 'A+', 'B']; estimated probability 41.7% is below the 50% money-qualification floor; net EV -2.08% is below the 2.00% money-qualification value floor",2026-10-09T18:00:00Z
2026-10-11,football,Belgian Pro League,KV Mechelen v Sint Truiden,1x2,away,Grosvenor,2.2,0.4450369155045119,2.247004608294931,High,0.009774019472552116,18,,0.0,-0.020918785890073677,adequate,0.0,Reject,net EV -2.09% is below the minimum Grade C floor,daily-engine-v1.1.0-odds-api,2026-10-08T14:28:00.276280+00:00,Reject,REJECT,False,"kickoff is 74.8h away -- outside the configured 24h money-event horizon; research grade 'Reject' is not in the actionable set ['A', 'A+', 'B']; estimated probability 44.5% is below the 50% money-qualification floor; net EV -2.09% is below the 2.00% money-qualification value floor",2026-10-11T17:15:00Z
2026-10-11,football,Championship,Southampton v Portsmouth,over_under_2_5,over,Matchbook,1.7,0.5759162303664922,1.736363636363636,High,0.0020260390142716345,5,,0.0,-0.020942408376963262,adequate,0.0,Reject,net EV -2.09% is below the minimum Grade C floor,daily-engine-v1.1.0-odds-api,2026-10-08T14:28:00.276280+00:00,Reject,REJECT,False,"kickoff is 68.5h away -- outside the configured 24h money-event horizon; research grade 'Reject' is not in the actionable set ['A', 'A+', 'B']; net EV -2.09% is below the 2.00% money-qualification value floor",2026-10-11T11:00:00Z
2026-10-17,football,Bundesliga,Elversberg v Augsburg,1x2,draw,Betfred (UK),4.0,0.24472997390082313,4.086136177194422,High,0.0070052092707038474,17,,0.0,-0.02108010439670749,adequate,0.0,Reject,net EV -2.11% is below the minimum Grade C floor,daily-engine-v1.1.0-odds-api,2026-10-08T14:28:00.276280+00:00,Reject,REJECT,False,"kickoff is 215.0h away -- outside the configured 24h money-event horizon; research grade 'Reject' is not in the actionable set ['A', 'A+', 'B']; estimated probability 24.5% is below the 50% money-qualification floor; net EV -2.11% is below the 2.00% money-qualification value floor",2026-10-17T13:30:00Z
2026-10-17,football,Premier League,Everton v Chelsea,1x2,away,Betfair,2.4,0.40783289817232377,2.4519846350832264,High,0.006951383010592883,17,,0.0,-0.021201044386422896,adequate,0.0,Reject,net EV -2.12% is below the minimum Grade C floor,daily-engine-v1.1.0-odds-api,2026-10-08T14:28:00.276280+00:00,Reject,REJECT,False,"kickoff is 213.0h away -- outside the configured 24h money-event horizon; research grade 'Reject' is not in the actionable set ['A', 'A+', 'B']; estimated probability 40.8% is below the 50% money-qualification floor; net EV -2.12% is below the 2.00% money-qualification value floor",2026-10-17T11:30:00Z
2026-10-09,football,Ligue 2,USL Dunkerque v Annecy FC,1x2,away,Betfair,3.15,0.31072974036191975,3.218230732710872,High,0.006691878445502096,20,,0.0,-0.021201317859952717,adequate,0.0,Reject,net EV -2.12% is below the minimum Grade C floor,daily-engine-v1.1.0-odds-api,2026-10-08T14:28:00.276280+00:00,Reject,REJECT,False,"kickoff is 27.5h away -- outside the configured 24h money-event horizon; research grade 'Reject' is not in the actionable set ['A', 'A+', 'B']; estimated probability 31.1% is below the 50% money-qualification floor; net EV -2.12% is below the 2.00% money-qualification value floor",2026-10-09T18:00:00Z
2026-10-10,football,Serie A,Genoa v Fiorentina,1x2,draw,Betfred (UK),3.4,0.2878670630880137,3.4738256932654217,High,0.00460165106936674,21,,0.0,-0.021251985500753467,adequate,0.0,Reject,net EV -2.13% is below the minimum Grade C floor,daily-engine-v1.1.0-odds-api,2026-10-08T14:28:00.276280+00:00,Reject,REJECT,False,"kickoff is 46.5h away -- outside the configured 24h money-event horizon; research grade 'Reject' is not in the actionable set ['A', 'A+', 'B']; estimated probability 28.8% is below the 50% money-qualification floor; net EV -2.13% is below the 2.00% money-qualification value floor",2026-10-10T13:00:00Z
2026-10-17,football,La Liga,Valencia v Athletic Bilbao,1x2,draw,Betfred (UK),3.5,0.27963039014373714,3.5761492142752243,High,0.00622934997942889,14,,0.0,-0.02129363449692001,adequate,0.0,Reject,net EV -2.13% is below the minimum Grade C floor,daily-engine-v1.1.0-odds-api,2026-10-08T14:28:00.276280+00:00,Reject,REJECT,False,"kickoff is 220.5h away -- outside the configured 24h money-event horizon; research grade 'Reject' is not in the actionable set ['A', 'A+', 'B']; estimated probability 28.0% is below the 50% money-qualification floor; net EV -2.13% is below the 2.00% money-qualification value floor",2026-10-17T19:00:00Z
2026-10-10,football,Premier League,Ipswich Town v Fulham,1x2,away,Betfair,2.52,0.3883495145631068,2.575,High,0.005036724619703709,21,,0.0,-0.021359223300970842,adequate,0.0,Reject,net EV -2.14% is below the minimum Grade C floor,daily-engine-v1.1.0-odds-api,2026-10-08T14:28:00.276280+00:00,Reject,REJECT,False,"kickoff is 47.5h away -- outside the configured 24h money-event horizon; research grade 'Reject' is not in the actionable set ['A', 'A+', 'B']; estimated probability 38.8% is below the 50% money-qualification floor; net EV -2.14% is below the 2.00% money-qualification value floor",2026-10-10T14:00:00Z
2026-10-10,football,League Two,Fleetwood Town v Walsall,1x2,draw,Betfred (UK),3.6,0.2717523763100171,3.67982062780269,High,0.0057486186272220465,21,,0.0,-0.021691445283938404,adequate,0.0,Reject,net EV -2.17% is below the minimum Grade C floor,daily-engine-v1.1.0-odds-api,2026-10-08T14:28:00.276280+00:00,Reject,REJECT,False,"kickoff is 47.5h away -- outside the configured 24h money-event horizon; research grade 'Reject' is not in the actionable set ['A', 'A+', 'B']; estimated probability 27.2% is below the 50% money-qualification floor; net EV -2.17% is below the 2.00% money-qualification value floor",2026-10-10T14:00:00Z
2026-10-16,football,Serie A,Frosinone v Sassuolo,1x2,away,Betfair,2.86,0.3420647149460709,2.9234234234234235,High,0.004403247308181611,15,,0.0,-0.02169491525423728,adequate,0.0,Reject,net EV -2.17% is below the minimum Grade C floor,daily-engine-v1.1.0-odds-api,2026-10-08T14:28:00.276280+00:00,Reject,REJECT,False,"kickoff is 196.3h away -- outside the configured 24h money-event horizon; research grade 'Reject' is not in the actionable set ['A', 'A+', 'B']; estimated probability 34.2% is below the 50% money-qualification floor; net EV -2.17% is below the 2.00% money-qualification value floor",2026-10-16T18:45:00Z
2026-10-17,football,Premier League,Newcastle United v Aston Villa,1x2,draw,Betfair,3.9,0.25083974807557735,3.9866090110196675,High,0.004053648155806283,17,,0.0,-0.021724982505248458,adequate,0.0,Reject,net EV -2.17% is below the minimum Grade C floor,daily-engine-v1.1.0-odds-api,2026-10-08T14:28:00.276280+00:00,Reject,REJECT,False,"kickoff is 218.0h away -- outside the configured 24h money-event horizon; research grade 'Reject' is not in the actionable set ['A', 'A+', 'B']; estimated probability 25.1% is below the 50% money-qualification floor; net EV -2.17% is below the 2.00% money-qualification value floor",2026-10-17T16:30:00Z
2026-10-10,football,Segunda Division,AD Ceuta FC v Sabadell FC,1x2,away,Betfair,2.3,0.4253129776590211,2.351209703273416,High,0.009054799879612488,16,,0.0,-0.0217801513842516,adequate,0.0,Reject,net EV -2.18% is below the minimum Grade C floor,daily-engine-v1.1.0-odds-api,2026-10-08T14:28:00.276280+00:00,Reject,REJECT,False,"kickoff is 47.8h away -- outside the configured 24h money-event horizon; research grade 'Reject' is not in the actionable set ['A', 'A+', 'B']; estimated probability 42.5% is below the 50% money-qualification floor; net EV -2.18% is below the 2.00% money-qualification value floor",2026-10-10T14:15:00Z
2026-10-17,football,La Liga,Villarreal v Elche CF,1x2,draw,Betfred (UK),5.0,0.19563058655792614,5.111675109678723,High,0.005085344933464605,14,,0.0,-0.02184706721036922,adequate,0.0,Reject,net EV -2.18% is below the minimum Grade C floor,daily-engine-v1.1.0-odds-api,2026-10-08T14:28:00.276280+00:00,Reject,REJECT,False,"kickoff is 215.8h away -- outside the configured 24h money-event horizon; research grade 'Reject' is not in the actionable set ['A', 'A+', 'B']; estimated probability 19.6% is below the 50% money-qualification floor; net EV -2.18% is below the 2.00% money-qualification value floor",2026-10-17T14:15:00Z
2026-10-18,football,Premier League,Bournemouth v Sunderland,1x2,home,Betfair,2.06,0.4748134966805832,2.1060900900900896,High,0.004342543004752287,17,,0.0,-0.02188419683799847,adequate,0.0,Reject,net EV -2.19% is below the minimum Grade C floor,daily-engine-v1.1.0-odds-api,2026-10-08T14:28:00.276280+00:00,Reject,REJECT,False,"kickoff is 238.5h away -- outside the configured 24h money-event horizon; research grade 'Reject' is not in the actionable set ['A', 'A+', 'B']; estimated probability 47.5% is below the 50% money-qualification floor; net EV -2.19% is below the 2.00% money-qualification value floor",2026-10-18T13:00:00Z
2026-10-18,football,Premier League,Bournemouth v Sunderland,1x2,away,Betfair,3.75,0.2608308808432004,3.8339018630280757,High,0.004342855332488726,17,,0.0,-0.021884196837998582,adequate,0.0,Reject,net EV -2.19% is below the minimum Grade C floor,daily-engine-v1.1.0-odds-api,2026-10-08T14:28:00.276280+00:00,Reject,REJECT,False,"kickoff is 238.5h away -- outside the configured 24h money-event horizon; research grade 'Reject' is not in the actionable set ['A', 'A+', 'B']; estimated probability 26.1% is below the 50% money-qualification floor; net EV -2.19% is below the 2.00% money-qualification value floor",2026-10-18T13:00:00Z
2026-10-18,football,Premier League,Bournemouth v Sunderland,1x2,draw,Betfair,3.7,0.2643556224762165,3.782783171521036,High,0.003579361828468107,17,,0.0,-0.021884196837998915,adequate,0.0,Reject,net EV -2.19% is below the minimum Grade C floor,daily-engine-v1.1.0-odds-api,2026-10-08T14:28:00.276280+00:00,Reject,REJECT,False,"kickoff is 238.5h away -- outside the configured 24h money-event horizon; research grade 'Reject' is not in the actionable set ['A', 'A+', 'B']; estimated probability 26.4% is below the 50% money-qualification floor; net EV -2.19% is below the 2.00% money-qualification value floor",2026-10-18T13:00:00Z
2026-10-19,football,Serie A,Parma v Torino,1x2,draw,Betfred (UK),3.2,0.30561508786969566,3.2720897615708275,High,0.006374159736278612,15,,0.0,-0.022031718816973744,adequate,0.0,Reject,net EV -2.20% is below the minimum Grade C floor,daily-engine-v1.1.0-odds-api,2026-10-08T14:28:00.276280+00:00,Reject,REJECT,False,"kickoff is 268.3h away -- outside the configured 24h money-event horizon; research grade 'Reject' is not in the actionable set ['A', 'A+', 'B']; estimated probability 30.6% is below the 50% money-qualification floor; net EV -2.20% is below the 2.00% money-qualification value floor",2026-10-19T18:45:00Z
2026-10-10,football,Championship,Bolton Wanderers v Stoke City,over_under_2_5,under,Matchbook,2.02,0.48412698412698413,2.0655737704918034,High,0.008369281180000743,5,,0.0,-0.022063492063492007,adequate,0.0,Reject,net EV -2.21% is below the minimum Grade C floor,daily-engine-v1.1.0-odds-api,2026-10-08T14:28:00.276280+00:00,Reject,REJECT,False,"kickoff is 47.5h away -- outside the configured 24h money-event horizon; research grade 'Reject' is not in the actionable set ['A', 'A+', 'B']; estimated probability 48.4% is below the 50% money-qualification floor; net EV -2.21% is below the 2.00% money-qualification value floor",2026-10-10T14:00:00Z
2026-10-18,football,Premier League,Nottingham Forest v Arsenal,1x2,draw,Casumo,4.1,0.238514688052354,4.192613914747673,Medium,0.020438017568736873,17,,0.0,-0.022089778985348696,adequate,0.0,Reject,net EV -2.21% is below the minimum Grade C floor,daily-engine-v1.1.0-odds-api,2026-10-08T14:28:00.276280+00:00,Reject,REJECT,False,"kickoff is 241.0h away -- outside the configured 24h money-event horizon; research grade 'Reject' is not in the actionable set ['A', 'A+', 'B']; estimated probability 23.9% is below the 60% money-qualification floor (the stricter Medium-confidence floor); Medium-confidence candidates require odds inside the preferred range 1.40-2.50; odds are 4.10; net EV -2.21% is below the 5.00% money-qualification value floor (the stricter Medium-confidence floor)",2026-10-18T15:30:00Z
2026-10-17,football,Premier League,Brentford v Liverpool,1x2,home,Betfair,2.82,0.346687822292741,2.8844393592677346,High,0.006287251508151814,17,,0.0,-0.022340341134470476,adequate,0.0,Reject,net EV -2.23% is below the minimum Grade C floor,daily-engine-v1.1.0-odds-api,2026-10-08T14:28:00.276280+00:00,Reject,REJECT,False,"kickoff is 215.5h away -- outside the configured 24h money-event horizon; research grade 'Reject' is not in the actionable set ['A', 'A+', 'B']; estimated probability 34.7% is below the 50% money-qualification floor; net EV -2.23% is below the 2.00% money-qualification value floor",2026-10-17T14:00:00Z
2026-10-11,football,Serie A,Lazio v Monza,1x2,home,Grosvenor,1.64,0.5959637003927942,1.6779545454545455,High,0.009772687304755995,21,,0.0,-0.022619531355817513,adequate,0.0,Reject,net EV -2.26% is below the minimum Grade C floor,daily-engine-v1.1.0-odds-api,2026-10-08T14:28:00.276280+00:00,Reject,REJECT,False,"kickoff is 70.5h away -- outside the configured 24h money-event horizon; research grade 'Reject' is not in the actionable set ['A', 'A+', 'B']; net EV -2.26% is below the 2.00% money-qualification value floor",2026-10-11T13:00:00Z
2026-10-11,football,Serie A,Cagliari v Juventus,1x2,away,Smarkets,1.62,0.6032703603746626,1.6576315789473683,High,0.005793952687003828,21,,0.0,-0.02270201619304646,adequate,0.0,Reject,net EV -2.27% is below the minimum Grade C floor,daily-engine-v1.1.0-odds-api,2026-10-08T14:28:00.276280+00:00,Reject,REJECT,False,"kickoff is 76.3h away -- outside the configured 24h money-event horizon; research grade 'Reject' is not in the actionable set ['A', 'A+', 'B']; net EV -2.27% is below the 2.00% money-qualification value floor",2026-10-11T18:45:00Z
2026-10-16,football,Serie A,Frosinone v Sassuolo,1x2,home,Grosvenor,2.5,0.3908966389210832,2.55822102425876,High,0.009433720312672363,15,,0.0,-0.022758402697292124,adequate,0.0,Reject,net EV -2.28% is below the minimum Grade C floor,daily-engine-v1.1.0-odds-api,2026-10-08T14:28:00.276280+00:00,Reject,REJECT,False,"kickoff is 196.3h away -- outside the configured 24h money-event horizon; research grade 'Reject' is not in the actionable set ['A', 'A+', 'B']; estimated probability 39.1% is below the 50% money-qualification floor; net EV -2.28% is below the 2.00% money-qualification value floor",2026-10-16T18:45:00Z
2026-10-10,football,Serie B,Südtirol v Ascoli,1x2,home,Matchbook,2.52,0.3877673088080464,2.5788661841398874,High,0.0060892430273047846,20,,0.0,-0.022826381803723095,adequate,0.0,Reject,net EV -2.28% is below the minimum Grade C floor,daily-engine-v1.1.0-odds-api,2026-10-08T14:28:00.276280+00:00,Reject,REJECT,False,"kickoff is 46.5h away -- outside the configured 24h money-event horizon; research grade 'Reject' is not in the actionable set ['A', 'A+', 'B']; estimated probability 38.8% is below the 50% money-qualification floor; net EV -2.28% is below the 2.00% money-qualification value floor",2026-10-10T13:00:00Z
2026-10-11,football,La Liga,Real Sociedad v Deportivo La Coruña,1x2,home,Smarkets,1.67,0.5850804485616772,1.7091666666666667,High,0.009441941112720603,19,,0.0,-0.02291565090199915,adequate,0.0,Reject,net EV -2.29% is below the minimum Grade C floor,daily-engine-v1.1.0-odds-api,2026-10-08T14:28:00.276280+00:00,Reject,REJECT,False,"kickoff is 71.8h away -- outside the configured 24h money-event horizon; research grade 'Reject' is not in the actionable set ['A', 'A+', 'B']; net EV -2.29% is below the 2.00% money-qualification value floor",2026-10-11T14:15:00Z
2026-10-10,football,League One,Leicester City v Peterborough United,1x2,home,Betfair,1.66,0.5885729193842943,1.6990248226950353,High,0.00984433602088437,21,,0.0,-0.022968953822071425,adequate,0.0,Reject,net EV -2.30% is below the minimum Grade C floor,daily-engine-v1.1.0-odds-api,2026-10-08T14:28:00.276280+00:00,Reject,REJECT,False,"kickoff is 47.5h away -- outside the configured 24h money-event horizon; research grade 'Reject' is not in the actionable set ['A', 'A+', 'B']; net EV -2.30% is below the 2.00% money-qualification value floor",2026-10-10T14:00:00Z
2026-10-10,football,Bundesliga,SC Paderborn v VfB Stuttgart,1x2,away,Smarkets,1.65,0.5921052631578947,1.688888888888889,High,0.005550465606177671,21,,0.0,-0.02302631578947384,adequate,0.0,Reject,net EV -2.30% is below the minimum Grade C floor,daily-engine-v1.1.0-odds-api,2026-10-08T14:28:00.276280+00:00,Reject,REJECT,False,"kickoff is 47.0h away -- outside the configured 24h money-event horizon; research grade 'Reject' is not in the actionable set ['A', 'A+', 'B']; net EV -2.30% is below the 2.00% money-qualification value floor",2026-10-10T13:30:00Z
2026-10-18,football,La Liga,Málaga v Real Sociedad,1x2,draw,Betfred (UK),3.6,0.2713640483679418,3.6850865323327673,High,0.0072366848052921135,14,,0.0,-0.02308942587540941,adequate,0.0,Reject,net EV -2.31% is below the minimum Grade C floor,daily-engine-v1.1.0-odds-api,2026-10-08T14:28:00.276280+00:00,Reject,REJECT,False,"kickoff is 242.0h away -- outside the configured 24h money-event horizon; research grade 'Reject' is not in the actionable set ['A', 'A+', 'B']; estimated probability 27.1% is below the 50% money-qualification floor; net EV -2.31% is below the 2.00% money-qualification value floor",2026-10-18T16:30:00Z
2026-10-09,football,Ligue 2,Sochaux v Boulogne,1x2,home,Matchbook,2.36,0.4139290094874929,2.415873198252406,High,0.007087264314129463,20,,0.0,-0.0231275376095168,adequate,0.0,Reject,net EV -2.31% is below the minimum Grade C floor,daily-engine-v1.1.0-odds-api,2026-10-08T14:28:00.276280+00:00,Reject,REJECT,False,"kickoff is 27.5h away -- outside the configured 24h money-event horizon; research grade 'Reject' is not in the actionable set ['A', 'A+', 'B']; estimated probability 41.4% is below the 50% money-qualification floor; net EV -2.31% is below the 2.00% money-qualification value floor",2026-10-09T18:00:00Z
2026-10-19,football,Serie A,Parma v Torino,1x2,home,Sky Bet,3.2,0.3052695336159903,3.275793650793651,High,0.0077242307306257885,15,,0.0,-0.023137492428831008,adequate,0.0,Reject,net EV -2.31% is below the minimum Grade C floor,daily-engine-v1.1.0-odds-api,2026-10-08T14:28:00.276280+00:00,Reject,REJECT,False,"kickoff is 268.3h away -- outside the configured 24h money-event horizon; research grade 'Reject' is not in the actionable set ['A', 'A+', 'B']; estimated probability 30.5% is below the 50% money-qualification floor; net EV -2.31% is below the 2.00% money-qualification value floor",2026-10-19T18:45:00Z
2026-10-10,football,Championship,Middlesbrough v Wolverhampton Wanderers,1x2,home,Matchbook,2.32,0.42105263157894735,2.375,High,0.008286004412971846,21,,0.0,-0.023157894736842266,adequate,0.0,Reject,net EV -2.32% is below the minimum Grade C floor,daily-engine-v1.1.0-odds-api,2026-10-08T14:28:00.276280+00:00,Reject,REJECT,False,"kickoff is 47.5h away -- outside the configured 24h money-event horizon; research grade 'Reject' is not in the actionable set ['A', 'A+', 'B']; estimated probability 42.1% is below the 50% money-qualification floor; net EV -2.32% is below the 2.00% money-qualification value floor",2026-10-10T14:00:00Z
2026-10-11,football,Serie A,Lecce v Bologna,1x2,away,Matchbook,1.98,0.49329832803647927,2.027170868347339,High,0.007875139984641656,21,,0.0,-0.023269310487770978,adequate,0.0,Reject,net EV -2.33% is below the minimum Grade C floor,daily-engine-v1.1.0-odds-api,2026-10-08T14:28:00.276280+00:00,Reject,REJECT,False,"kickoff is 70.5h away -- outside the configured 24h money-event horizon; research grade 'Reject' is not in the actionable set ['A', 'A+', 'B']; estimated probability 49.3% is below the 50% money-qualification floor; net EV -2.33% is below the 2.00% money-qualification value floor",2026-10-11T13:00:00Z
2026-10-18,football,Ligue 1,Lyon v Nice,1x2,away,Betfred (UK),5.0,0.19532780708364733,5.119598765432099,Medium,0.03576627655198664,15,,0.0,-0.0233609645817634,adequate,0.0,Reject,net EV -2.34% is below the minimum Grade C floor,daily-engine-v1.1.0-odds-api,2026-10-08T14:28:00.276280+00:00,Reject,REJECT,False,"kickoff is 244.3h away -- outside the configured 24h money-event horizon; research grade 'Reject' is not in the actionable set ['A', 'A+', 'B']; estimated probability 19.5% is below the 60% money-qualification floor (the stricter Medium-confidence floor); Medium-confidence candidates require odds inside the preferred range 1.40-2.50; odds are 5.00; net EV -2.34% is below the 5.00% money-qualification value floor (the stricter Medium-confidence floor)",2026-10-18T18:45:00Z
2026-10-10,football,Serie B,Benevento v Cesena FC,1x2,home,Betfair,1.99,0.4907625182682922,2.0376454247740976,High,0.006263179520274545,20,,0.0,-0.023382588646098545,adequate,0.0,Reject,net EV -2.34% is below the minimum Grade C floor,daily-engine-v1.1.0-odds-api,2026-10-08T14:28:00.276280+00:00,Reject,REJECT,False,"kickoff is 46.5h away -- outside the configured 24h money-event horizon; research grade 'Reject' is not in the actionable set ['A', 'A+', 'B']; estimated probability 49.1% is below the 50% money-qualification floor; net EV -2.34% is below the 2.00% money-qualification value floor",2026-10-10T13:00:00Z
2026-10-17,football,Serie A,Venezia v Napoli,1x2,away,Grosvenor,1.78,0.548576880267133,1.8228985507246378,High,0.008558599315209869,15,,0.0,-0.023533153124503214,adequate,0.0,Reject,net EV -2.35% is below the minimum Grade C floor,daily-engine-v1.1.0-odds-api,2026-10-08T14:28:00.276280+00:00,Reject,REJECT,False,"kickoff is 214.5h away -- outside the configured 24h money-event horizon; research grade 'Reject' is not in the actionable set ['A', 'A+', 'B']; net EV -2.35% is below the 2.00% money-qualification value floor",2026-10-17T13:00:00Z
2026-10-10,football,Bundesliga,RB Leipzig v Eintracht Frankfurt,1x2,home,Betfair,1.6,0.6102819237147595,1.6385869565217392,High,0.008132417187564453,21,,0.0,-0.023548922056384702,adequate,0.0,Reject,net EV -2.35% is below the minimum Grade C floor,daily-engine-v1.1.0-odds-api,2026-10-08T14:28:00.276280+00:00,Reject,REJECT,False,"kickoff is 50.0h away -- outside the configured 24h money-event horizon; research grade 'Reject' is not in the actionable set ['A', 'A+', 'B']; net EV -2.35% is below the 2.00% money-qualification value floor",2026-10-10T16:30:00Z
2026-10-11,football,Ligue 1,Nice v Strasbourg,1x2,home,Grosvenor,2.38,0.4102457420535224,2.4375633857755816,High,0.007500303571384447,20,,0.0,-0.023615133912616826,adequate,0.0,Reject,net EV -2.36% is below the minimum Grade C floor,daily-engine-v1.1.0-odds-api,2026-10-08T14:28:00.276280+00:00,Reject,REJECT,False,"kickoff is 70.5h away -- outside the configured 24h money-event horizon; research grade 'Reject' is not in the actionable set ['A', 'A+', 'B']; estimated probability 41.0% is below the 50% money-qualification floor; net EV -2.36% is below the 2.00% money-qualification value floor",2026-10-11T13:00:00Z
2026-10-10,football,Premier League,Manchester United v Tottenham Hotspur,1x2,home,Betfair,1.74,0.5611197511664076,1.7821507760532147,High,0.008340411983793802,21,,0.0,-0.023651632970450864,adequate,0.0,Reject,net EV -2.37% is below the minimum Grade C floor,daily-engine-v1.1.0-odds-api,2026-10-08T14:28:00.276280+00:00,Reject,REJECT,False,"kickoff is 50.0h away -- outside the configured 24h money-event horizon; research grade 'Reject' is not in the actionable set ['A', 'A+', 'B']; net EV -2.37% is below the 2.00% money-qualification value floor",2026-10-10T16:30:00Z
2026-10-10,football,League Two,Rotherham United v Gillingham,1x2,away,Betfair,4.1,0.23812900215623922,4.19940448641316,High,0.005836811975188011,20,,0.0,-0.023671091159419233,adequate,0.0,Reject,net EV -2.37% is below the minimum Grade C floor,daily-engine-v1.1.0-odds-api,2026-10-08T14:28:00.276280+00:00,Reject,REJECT,False,"kickoff is 47.5h away -- outside the configured 24h money-event horizon; research grade 'Reject' is not in the actionable set ['A', 'A+', 'B']; estimated probability 23.8% is below the 50% money-qualification floor; net EV -2.37% is below the 2.00% money-qualification value floor",2026-10-10T14:00:00Z
2026-10-18,football,Premier League,Leeds United v Manchester United,1x2,away,William Hill,2.4,0.4067796610169491,2.4583333333333335,High,0.007049002401813051,17,,0.0,-0.023728813559322104,adequate,0.0,Reject,net EV -2.37% is below the minimum Grade C floor,daily-engine-v1.1.0-odds-api,2026-10-08T14:28:00.276280+00:00,Reject,REJECT,False,"kickoff is 238.5h away -- outside the configured 24h money-event horizon; research grade 'Reject' is not in the actionable set ['A', 'A+', 'B']; estimated probability 40.7% is below the 50% money-qualification floor; net EV -2.37% is below the 2.00% money-qualification value floor",2026-10-18T13:00:00Z
2026-10-09,football,La Liga,Málaga v Espanyol,1x2,draw,Smarkets,3.3,0.2958356311937761,3.3802554342921165,High,0.00597518522939569,20,,0.0,-0.023742417060538923,adequate,0.0,Reject,net EV -2.37% is below the minimum Grade C floor,daily-engine-v1.1.0-odds-api,2026-10-08T14:28:00.276280+00:00,Reject,REJECT,False,"kickoff is 28.5h away -- outside the configured 24h money-event horizon; research grade 'Reject' is not in the actionable set ['A', 'A+', 'B']; estimated probability 29.6% is below the 50% money-qualification floor; net EV -2.37% is below the 2.00% money-qualification value floor",2026-10-09T19:00:00Z
2026-10-10,football,League One,Stevenage v Wigan Athletic,1x2,home,Matchbook,2.18,0.447804168642826,2.233119006084135,High,0.0030345593450931546,20,,0.0,-0.023786912358639167,adequate,0.0,Reject,net EV -2.38% is below the minimum Grade C floor,daily-engine-v1.1.0-odds-api,2026-10-08T14:28:00.276280+00:00,Reject,REJECT,False,"kickoff is 47.5h away -- outside the configured 24h money-event horizon; research grade 'Reject' is not in the actionable set ['A', 'A+', 'B']; estimated probability 44.8% is below the 50% money-qualification floor; net EV -2.38% is below the 2.00% money-qualification value floor",2026-10-10T14:00:00Z
2026-10-10,football,Serie A,Napoli v Frosinone,1x2,home,Betfair,1.49,0.6551599493945418,1.526344827586207,High,0.00906454919029364,21,,0.0,-0.023811675402132693,adequate,0.0,Reject,net EV -2.38% is below the minimum Grade C floor,daily-engine-v1.1.0-odds-api,2026-10-08T14:28:00.276280+00:00,Reject,REJECT,False,"kickoff is 52.3h away -- outside the configured 24h money-event horizon; research grade 'Reject' is not in the actionable set ['A', 'A+', 'B']; net EV -2.38% is below the 2.00% money-qualification value floor",2026-10-10T18:45:00Z
2026-10-11,football,Belgian Pro League,Standard Liege v Charleroi,1x2,home,Grosvenor,3.05,0.32001011889704023,3.1249011857707507,High,0.018925779111870877,18,,0.0,-0.023969137364027393,adequate,0.0,Reject,net EV -2.40% is below the minimum Grade C floor,daily-engine-v1.1.0-odds-api,2026-10-08T14:28:00.276280+00:00,Reject,REJECT,False,"kickoff is 69.0h away -- outside the configured 24h money-event horizon; research grade 'Reject' is not in the actionable set ['A', 'A+', 'B']; estimated probability 32.0% is below the 50% money-qualification floor; net EV -2.40% is below the 2.00% money-qualification value floor",2026-10-11T11:30:00Z
2026-10-11,football,Serie B,Padova v Carrarese,1x2,away,Casumo,3.95,0.24703757732055726,4.047967158868283,Medium,0.036264991891333864,18,,0.0,-0.02420156958379871,adequate,0.0,Reject,net EV -2.42% is below the minimum Grade C floor,daily-engine-v1.1.0-odds-api,2026-10-08T14:28:00.276280+00:00,Reject,REJECT,False,"kickoff is 72.8h away -- outside the configured 24h money-event horizon; research grade 'Reject' is not in the actionable set ['A', 'A+', 'B']; estimated probability 24.7% is below the 60% money-qualification floor (the stricter Medium-confidence floor); Medium-confidence candidates require odds inside the preferred range 1.40-2.50; odds are 3.95; net EV -2.42% is below the 5.00% money-qualification value floor (the stricter Medium-confidence floor)",2026-10-11T15:15:00Z
2026-10-10,football,Serie B,Vicenza v Pisa,1x2,home,Grosvenor,3.05,0.3199043553669605,3.1259343088746183,High,0.0065480946127197655,20,,0.0,-0.024291716130770524,adequate,0.0,Reject,net EV -2.43% is below the minimum Grade C floor,daily-engine-v1.1.0-odds-api,2026-10-08T14:28:00.276280+00:00,Reject,REJECT,False,"kickoff is 48.8h away -- outside the configured 24h money-event horizon; research grade 'Reject' is not in the actionable set ['A', 'A+', 'B']; estimated probability 32.0% is below the 50% money-qualification floor; net EV -2.43% is below the 2.00% money-qualification value floor",2026-10-10T15:15:00Z
2026-10-11,football,Ligue 1,Troyes v Marseille,1x2,home,Smarkets,3.85,0.2534246575342466,3.9459459459459456,High,0.0035945271822185785,20,,0.0,-0.02431506849315057,adequate,0.0,Reject,net EV -2.43% is below the minimum Grade C floor,daily-engine-v1.1.0-odds-api,2026-10-08T14:28:00.276280+00:00,Reject,REJECT,False,"kickoff is 76.3h away -- outside the configured 24h money-event horizon; research grade 'Reject' is not in the actionable set ['A', 'A+', 'B']; estimated probability 25.3% is below the 50% money-qualification floor; net EV -2.43% is below the 2.00% money-qualification value floor",2026-10-11T18:45:00Z
2026-10-18,football,Premier League,Leeds United v Manchester United,over_under_2_5,under,LeoVegas,2.25,0.4335932996507409,2.306308701738471,Medium,0.013055839549847707,4,,0.0,-0.024415075785833018,adequate,0.0,Reject,net EV -2.44% is below the minimum Grade C floor,daily-engine-v1.1.0-odds-api,2026-10-08T14:28:00.276280+00:00,Reject,REJECT,False,"kickoff is 238.5h away -- outside the configured 24h money-event horizon; research grade 'Reject' is not in the actionable set ['A', 'A+', 'B']; estimated probability 43.4% is below the 60% money-qualification floor (the stricter Medium-confidence floor); net EV -2.44% is below the 5.00% money-qualification value floor (the stricter Medium-confidence floor)",2026-10-18T13:00:00Z
2026-10-10,football,Eredivisie,Go Ahead Eagles v Sparta Rotterdam,1x2,draw,Betano (UK),4.2,0.23227065712426806,4.30532212885154,High,0.006969884737513554,19,,0.0,-0.0244632400780741,adequate,0.0,Reject,net EV -2.45% is below the minimum Grade C floor,daily-engine-v1.1.0-odds-api,2026-10-08T14:28:00.276280+00:00,Reject,REJECT,False,"kickoff is 48.0h away -- outside the configured 24h money-event horizon; research grade 'Reject' is not in the actionable set ['A', 'A+', 'B']; estimated probability 23.2% is below the 50% money-qualification floor; net EV -2.45% is below the 2.00% money-qualification value floor",2026-10-10T14:30:00Z
2026-10-10,football,Premier League,Sunderland v Brighton and Hove Albion,1x2,away,William Hill,2.38,0.40984248116622635,2.4399618047266656,High,0.006731050262661892,21,,0.0,-0.024574894824381355,adequate,0.0,Reject,net EV -2.46% is below the minimum Grade C floor,daily-engine-v1.1.0-odds-api,2026-10-08T14:28:00.276280+00:00,Reject,REJECT,False,"kickoff is 47.5h away -- outside the configured 24h money-event horizon; research grade 'Reject' is not in the actionable set ['A', 'A+', 'B']; estimated probability 41.0% is below the 50% money-qualification floor; net EV -2.46% is below the 2.00% money-qualification value floor",2026-10-10T14:00:00Z
2026-10-17,football,La Liga,Real Betis v Barcelona,1x2,away,Betfair,1.47,0.6635078780627728,1.507141110245254,High,0.011646864372579568,14,,0.0,-0.024643419247724008,adequate,0.0,Reject,net EV -2.46% is below the minimum Grade C floor,daily-engine-v1.1.0-odds-api,2026-10-08T14:28:00.276280+00:00,Reject,REJECT,False,"kickoff is 218.0h away -- outside the configured 24h money-event horizon; research grade 'Reject' is not in the actionable set ['A', 'A+', 'B']; net EV -2.46% is below the 2.00% money-qualification value floor",2026-10-17T16:30:00Z
2026-10-10,football,Championship,Watford v Burnley,over_under_2_5,over,Matchbook,1.85,0.527027027027027,1.8974358974358976,High,0.005767554537781392,5,,0.0,-0.025000000000000078,adequate,0.0,Reject,net EV -2.50% is below the minimum Grade C floor,daily-engine-v1.1.0-odds-api,2026-10-08T14:28:00.276280+00:00,Reject,REJECT,False,"kickoff is 47.5h away -- outside the configured 24h money-event horizon; research grade 'Reject' is not in the actionable set ['A', 'A+', 'B']; net EV -2.50% is below the 2.00% money-qualification value floor",2026-10-10T14:00:00Z
2026-10-18,football,Bundesliga,Borussia Monchengladbach v TSG Hoffenheim,1x2,home,Coral,3.4,0.2867647058823529,3.4871794871794872,High,0.005648945753930508,13,,0.0,-0.025000000000000133,adequate,0.0,Reject,net EV -2.50% is below the minimum Grade C floor,daily-engine-v1.1.0-odds-api,2026-10-08T14:28:00.276280+00:00,Reject,REJECT,False,"kickoff is 241.0h away -- outside the configured 24h money-event horizon; research grade 'Reject' is not in the actionable set ['A', 'A+', 'B']; estimated probability 28.7% is below the 50% money-qualification floor; net EV -2.50% is below the 2.00% money-qualification value floor",2026-10-18T15:30:00Z
2026-10-09,football,Eredivisie,PSV Eindhoven v Heerenveen,1x2,home,Smarkets,1.27,0.7676324598868753,1.302706766917293,High,0.015022019542767792,19,,0.0,-0.025106775943668308,adequate,0.0,Reject,net EV -2.51% is below the minimum Grade C floor,daily-engine-v1.1.0-odds-api,2026-10-08T14:28:00.276280+00:00,Reject,REJECT,False,"kickoff is 27.5h away -- outside the configured 24h money-event horizon; research grade 'Reject' is not in the actionable set ['A', 'A+', 'B']; odds 1.27 are below the configured payout floor of 1.33; net EV -2.51% is below the 2.00% money-qualification value floor",2026-10-09T18:00:00Z
2026-10-11,football,2. Bundesliga,FC St. Pauli v Karlsruher SC,1x2,draw,Grosvenor,4.3,0.2267186125424155,4.410753880266076,High,0.005148915642986375,19,,0.0,-0.02510996606761351,adequate,0.0,Reject,net EV -2.51% is below the minimum Grade C floor,daily-engine-v1.1.0-odds-api,2026-10-08T14:28:00.276280+00:00,Reject,REJECT,False,"kickoff is 69.0h away -- outside the configured 24h money-event horizon; research grade 'Reject' is not in the actionable set ['A', 'A+', 'B']; estimated probability 22.7% is below the 50% money-qualification floor; net EV -2.51% is below the 2.00% money-qualification value floor",2026-10-11T11:30:00Z
2026-10-09,football,Ligue 2,Montpellier v Grenoble,1x2,draw,Betfair,3.95,0.24677509814918672,4.052272727272728,High,0.005252326106273639,20,,0.0,-0.025238362310712414,adequate,0.0,Reject,net EV -2.52% is below the minimum Grade C floor,daily-engine-v1.1.0-odds-api,2026-10-08T14:28:00.276280+00:00,Reject,REJECT,False,"kickoff is 27.5h away -- outside the configured 24h money-event horizon; research grade 'Reject' is not in the actionable set ['A', 'A+', 'B']; estimated probability 24.7% is below the 50% money-qualification floor; net EV -2.52% is below the 2.00% money-qualification value floor",2026-10-09T18:00:00Z
2026-10-17,football,Ligue 1,Lille v Brest,1x2,draw,Betfred (UK),4.2,0.2320629532479555,4.309175531914895,High,0.004771516924677197,15,,0.0,-0.025335596358586843,adequate,0.0,Reject,net EV -2.53% is below the minimum Grade C floor,daily-engine-v1.1.0-odds-api,2026-10-08T14:28:00.276280+00:00,Reject,REJECT,False,"kickoff is 220.3h away -- outside the configured 24h money-event horizon; research grade 'Reject' is not in the actionable set ['A', 'A+', 'B']; estimated probability 23.2% is below the 50% money-qualification floor; net EV -2.53% is below the 2.00% money-qualification value floor",2026-10-17T18:45:00Z
2026-10-11,football,Serie A,Como v AS Roma,1x2,draw,Coral,3.7,0.2634088200238379,3.7963800904977374,High,0.005898656169534461,21,,0.0,-0.025387365911799686,adequate,0.0,Reject,net EV -2.54% is below the minimum Grade C floor,daily-engine-v1.1.0-odds-api,2026-10-08T14:28:00.276280+00:00,Reject,REJECT,False,"kickoff is 68.0h away -- outside the configured 24h money-event horizon; research grade 'Reject' is not in the actionable set ['A', 'A+', 'B']; estimated probability 26.3% is below the 50% money-qualification floor; net EV -2.54% is below the 2.00% money-qualification value floor",2026-10-11T10:30:00Z
2026-10-10,football,Championship,Preston North End v Millwall,1x2,away,Betfred (UK),2.5,0.38979447200566975,2.5654545454545454,High,0.009713058921436068,21,,0.0,-0.025513819985825692,adequate,0.0,Reject,net EV -2.55% is below the minimum Grade C floor,daily-engine-v1.1.0-odds-api,2026-10-08T14:28:00.276280+00:00,Reject,REJECT,False,"kickoff is 47.5h away -- outside the configured 24h money-event horizon; research grade 'Reject' is not in the actionable set ['A', 'A+', 'B']; estimated probability 39.0% is below the 50% money-qualification floor; net EV -2.55% is below the 2.00% money-qualification value floor",2026-10-10T14:00:00Z
2026-10-10,football,Championship,Charlton Athletic v Bristol City,1x2,draw,Betfred (UK),3.4,0.2866031538791081,3.489145134885045,High,0.004803898271151469,21,,0.0,-0.025549276811032473,adequate,0.0,Reject,net EV -2.55% is below the minimum Grade C floor,daily-engine-v1.1.0-odds-api,2026-10-08T14:28:00.276280+00:00,Reject,REJECT,False,"kickoff is 45.0h away -- outside the configured 24h money-event horizon; research grade 'Reject' is not in the actionable set ['A', 'A+', 'B']; estimated probability 28.7% is below the 50% money-qualification floor; net EV -2.55% is below the 2.00% money-qualification value floor",2026-10-10T11:30:00Z
2026-10-18,football,Serie A,Udinese v Lecce,1x2,draw,Betfair,3.65,0.26695842450765866,3.745901639344262,High,0.0024356424832273193,15,,0.0,-0.025601750547045943,adequate,0.0,Reject,net EV -2.56% is below the minimum Grade C floor,daily-engine-v1.1.0-odds-api,2026-10-08T14:28:00.276280+00:00,Reject,REJECT,False,"kickoff is 236.0h away -- outside the configured 24h money-event horizon; research grade 'Reject' is not in the actionable set ['A', 'A+', 'B']; estimated probability 26.7% is below the 50% money-qualification floor; net EV -2.56% is below the 2.00% money-qualification value floor",2026-10-18T10:30:00Z
2026-10-10,football,League One,Notts County v Oxford United,1x2,away,Matchbook,2.76,0.353035143769968,2.8325791855203626,High,0.007529685038952369,21,,0.0,-0.025623003194888527,adequate,0.0,Reject,net EV -2.56% is below the minimum Grade C floor,daily-engine-v1.1.0-odds-api,2026-10-08T14:28:00.276280+00:00,Reject,REJECT,False,"kickoff is 45.0h away -- outside the configured 24h money-event horizon; research grade 'Reject' is not in the actionable set ['A', 'A+', 'B']; estimated probability 35.3% is below the 50% money-qualification floor; net EV -2.56% is below the 2.00% money-qualification value floor",2026-10-10T11:30:00Z
2026-10-10,football,Premier League,Aston Villa v Brentford,1x2,draw,Betfair,3.65,0.2669404517453799,3.7461538461538457,High,0.005333228594775681,21,,0.0,-0.02566735112936336,adequate,0.0,Reject,net EV -2.57% is below the minimum Grade C floor,daily-engine-v1.1.0-odds-api,2026-10-08T14:28:00.276280+00:00,Reject,REJECT,False,"kickoff is 47.5h away -- outside the configured 24h money-event horizon; research grade 'Reject' is not in the actionable set ['A', 'A+', 'B']; estimated probability 26.7% is below the 50% money-qualification floor; net EV -2.57% is below the 2.00% money-qualification value floor",2026-10-10T14:00:00Z
2026-10-11,football,Scottish Premiership,Motherwell v Celtic,1x2,away,Smarkets,1.65,0.5904543258958279,1.6936110993561033,High,0.010939700286927789,20,,0.0,-0.025750362271883986,adequate,0.0,Reject,net EV -2.58% is below the minimum Grade C floor,daily-engine-v1.1.0-odds-api,2026-10-08T14:28:00.276280+00:00,Reject,REJECT,False,"kickoff is 68.5h away -- outside the configured 24h money-event horizon; research grade 'Reject' is not in the actionable set ['A', 'A+', 'B']; net EV -2.58% is below the 2.00% money-qualification value floor",2026-10-11T11:00:00Z
2026-10-10,football,Serie B,Benevento v Cesena FC,1x2,away,Betfair,4.0,0.2435095346629339,4.106615379082387,High,0.004110777928725256,20,,0.0,-0.025961861348264392,adequate,0.0,Reject,net EV -2.60% is below the minimum Grade C floor,daily-engine-v1.1.0-odds-api,2026-10-08T14:28:00.276280+00:00,Reject,REJECT,False,"kickoff is 46.5h away -- outside the configured 24h money-event horizon; research grade 'Reject' is not in the actionable set ['A', 'A+', 'B']; estimated probability 24.4% is below the 50% money-qualification floor; net EV -2.60% is below the 2.00% money-qualification value floor",2026-10-10T13:00:00Z
2026-10-12,football,Segunda Division,Oviedo v SD Eibar,1x2,home,Grosvenor,2.25,0.4328453214513049,2.310294117647059,High,0.014657588341248811,15,,0.0,-0.026098026734564073,adequate,0.0,Reject,net EV -2.61% is below the minimum Grade C floor,daily-engine-v1.1.0-odds-api,2026-10-08T14:28:00.276280+00:00,Reject,REJECT,False,"kickoff is 98.0h away -- outside the configured 24h money-event horizon; research grade 'Reject' is not in the actionable set ['A', 'A+', 'B']; estimated probability 43.3% is below the 50% money-qualification floor; net EV -2.61% is below the 2.00% money-qualification value floor",2026-10-12T16:30:00Z
2026-10-10,football,Championship,Watford v Burnley,1x2,draw,Betfair,3.6,0.27051827318288313,3.6966079527054823,High,0.005827009239182486,20,,0.0,-0.026134216541620736,adequate,0.0,Reject,net EV -2.61% is below the minimum Grade C floor,daily-engine-v1.1.0-odds-api,2026-10-08T14:28:00.276280+00:00,Reject,REJECT,False,"kickoff is 47.5h away -- outside the configured 24h money-event horizon; research grade 'Reject' is not in the actionable set ['A', 'A+', 'B']; estimated probability 27.1% is below the 50% money-qualification floor; net EV -2.61% is below the 2.00% money-qualification value floor",2026-10-10T14:00:00Z
2026-10-18,football,Ligue 1,Le Havre v Auxerre,1x2,draw,Betfred (UK),3.5,0.27817482133040133,3.5948616600790513,Medium,0.021832070877155076,15,,0.0,-0.026388125343595248,adequate,0.0,Reject,net EV -2.64% is below the minimum Grade C floor,daily-engine-v1.1.0-odds-api,2026-10-08T14:28:00.276280+00:00,Reject,REJECT,False,"kickoff is 240.8h away -- outside the configured 24h money-event horizon; research grade 'Reject' is not in the actionable set ['A', 'A+', 'B']; estimated probability 27.8% is below the 60% money-qualification floor (the stricter Medium-confidence floor); Medium-confidence candidates require odds inside the preferred range 1.40-2.50; odds are 3.50; net EV -2.64% is below the 5.00% money-qualification value floor (the stricter Medium-confidence floor)",2026-10-18T15:15:00Z
2026-10-10,football,Serie B,Südtirol v Ascoli,1x2,draw,Betfair Sportsbook,3.3,0.2949482271728899,3.3904255319148935,High,0.007572607165225877,20,,0.0,-0.02667085032946348,adequate,0.0,Reject,net EV -2.67% is below the minimum Grade C floor,daily-engine-v1.1.0-odds-api,2026-10-08T14:28:00.276280+00:00,Reject,REJECT,False,"kickoff is 46.5h away -- outside the configured 24h money-event horizon; research grade 'Reject' is not in the actionable set ['A', 'A+', 'B']; estimated probability 29.5% is below the 50% money-qualification floor; net EV -2.67% is below the 2.00% money-qualification value floor",2026-10-10T13:00:00Z
2026-10-10,football,League Two,Tranmere Rovers v Rochdale,1x2,home,Virgin Bet,2.07,0.4701492537313433,2.126984126984127,High,0.009886507501383038,21,,0.0,-0.026791044776119377,adequate,0.0,Reject,net EV -2.68% is below the minimum Grade C floor,daily-engine-v1.1.0-odds-api,2026-10-08T14:28:00.276280+00:00,Reject,REJECT,False,"kickoff is 47.5h away -- outside the configured 24h money-event horizon; research grade 'Reject' is not in the actionable set ['A', 'A+', 'B']; estimated probability 47.0% is below the 50% money-qualification floor; net EV -2.68% is below the 2.00% money-qualification value floor",2026-10-10T14:00:00Z
2026-10-10,football,Championship,Preston North End v Millwall,over_under_2_5,over,Matchbook,1.89,0.5148247978436657,1.942408376963351,High,0.007159102378832,5,,0.0,-0.02698113207547176,adequate,0.0,Reject,net EV -2.70% is below the minimum Grade C floor,daily-engine-v1.1.0-odds-api,2026-10-08T14:28:00.276280+00:00,Reject,REJECT,False,"kickoff is 47.5h away -- outside the configured 24h money-event horizon; research grade 'Reject' is not in the actionable set ['A', 'A+', 'B']; net EV -2.70% is below the 2.00% money-qualification value floor",2026-10-10T14:00:00Z
2026-10-10,football,Premier League,Chelsea v Bournemouth,1x2,home,Smarkets,1.74,0.5590930268675262,1.7886111111111107,High,0.010451225598947188,21,,0.0,-0.0271781332505045,adequate,0.0,Reject,net EV -2.72% is below the minimum Grade C floor,daily-engine-v1.1.0-odds-api,2026-10-08T14:28:00.276280+00:00,Reject,REJECT,False,"kickoff is 47.5h away -- outside the configured 24h money-event horizon; research grade 'Reject' is not in the actionable set ['A', 'A+', 'B']; net EV -2.72% is below the 2.00% money-qualification value floor",2026-10-10T14:00:00Z
2026-10-17,football,Serie A,Venezia v Napoli,1x2,draw,Betfred (UK),4.0,0.2431379025598679,4.112892270072001,High,0.005717803020385143,15,,0.0,-0.027448389760528435,adequate,0.0,Reject,net EV -2.74% is below the minimum Grade C floor,daily-engine-v1.1.0-odds-api,2026-10-08T14:28:00.276280+00:00,Reject,REJECT,False,"kickoff is 214.5h away -- outside the configured 24h money-event horizon; research grade 'Reject' is not in the actionable set ['A', 'A+', 'B']; estimated probability 24.3% is below the 50% money-qualification floor; net EV -2.74% is below the 2.00% money-qualification value floor",2026-10-17T13:00:00Z
2026-10-10,football,Segunda Division,CD Eldense v Córdoba,1x2,away,Matchbook,2.84,0.34243509400179045,2.920261437908497,High,0.006701593205764784,18,,0.0,-0.027484333034915265,adequate,0.0,Reject,net EV -2.75% is below the minimum Grade C floor,daily-engine-v1.1.0-odds-api,2026-10-08T14:28:00.276280+00:00,Reject,REJECT,False,"kickoff is 50.0h away -- outside the configured 24h money-event horizon; research grade 'Reject' is not in the actionable set ['A', 'A+', 'B']; estimated probability 34.2% is below the 50% money-qualification floor; net EV -2.75% is below the 2.00% money-qualification value floor",2026-10-10T16:30:00Z
2026-10-17,football,Premier League,Newcastle United v Aston Villa,1x2,home,Betfred (UK),2.15,0.4522624877571009,2.2111053361053363,High,0.005059514907066274,17,,0.0,-0.027635651322233112,adequate,0.0,Reject,net EV -2.76% is below the minimum Grade C floor,daily-engine-v1.1.0-odds-api,2026-10-08T14:28:00.276280+00:00,Reject,REJECT,False,"kickoff is 218.0h away -- outside the configured 24h money-event horizon; research grade 'Reject' is not in the actionable set ['A', 'A+', 'B']; estimated probability 45.2% is below the 50% money-qualification floor; net EV -2.76% is below the 2.00% money-qualification value floor",2026-10-17T16:30:00Z
2026-10-10,football,2. Bundesliga,1. FC Magdeburg v Hannover 96,1x2,home,Betfair,2.6,0.37395079594790154,2.674148606811146,High,0.004050748355918515,19,,0.0,-0.02772793053545597,adequate,0.0,Reject,net EV -2.77% is below the minimum Grade C floor,daily-engine-v1.1.0-odds-api,2026-10-08T14:28:00.276280+00:00,Reject,REJECT,False,"kickoff is 44.5h away -- outside the configured 24h money-event horizon; research grade 'Reject' is not in the actionable set ['A', 'A+', 'B']; estimated probability 37.4% is below the 50% money-qualification floor; net EV -2.77% is below the 2.00% money-qualification value floor",2026-10-10T11:00:00Z
2026-10-12,football,Ligue 2,Dijon v Metz,1x2,draw,Betfair Sportsbook,3.6,0.2699774266365689,3.704013377926421,High,0.005440947686184991,16,,0.0,-0.02808126410835199,adequate,0.0,Reject,net EV -2.81% is below the minimum Grade C floor,daily-engine-v1.1.0-odds-api,2026-10-08T14:28:00.276280+00:00,Reject,REJECT,False,"kickoff is 100.3h away -- outside the configured 24h money-event horizon; research grade 'Reject' is not in the actionable set ['A', 'A+', 'B']; estimated probability 27.0% is below the 50% money-qualification floor; net EV -2.81% is below the 2.00% money-qualification value floor",2026-10-12T18:45:00Z
2026-10-11,football,Serie B,US Catanzaro 1929 v Mantova,1x2,away,Unibet (UK),3.0,0.3239319315307301,3.0870683086861233,High,0.005733845945250065,20,,0.0,-0.028204205407809768,adequate,0.0,Reject,net EV -2.82% is below the minimum Grade C floor,daily-engine-v1.1.0-odds-api,2026-10-08T14:28:00.276280+00:00,Reject,REJECT,False,"kickoff is 70.5h away -- outside the configured 24h money-event horizon; research grade 'Reject' is not in the actionable set ['A', 'A+', 'B']; estimated probability 32.4% is below the 50% money-qualification floor; net EV -2.82% is below the 2.00% money-qualification value floor",2026-10-11T13:00:00Z
2026-10-18,football,Bundesliga,Bayer Leverkusen v SC Freiburg,1x2,away,Betfred (UK),4.6,0.2112570139411118,4.733570646221249,High,0.006289217885804099,17,,0.0,-0.02821773587088572,adequate,0.0,Reject,net EV -2.82% is below the minimum Grade C floor,daily-engine-v1.1.0-odds-api,2026-10-08T14:28:00.276280+00:00,Reject,REJECT,False,"kickoff is 239.0h away -- outside the configured 24h money-event horizon; research grade 'Reject' is not in the actionable set ['A', 'A+', 'B']; estimated probability 21.1% is below the 50% money-qualification floor; net EV -2.82% is below the 2.00% money-qualification value floor",2026-10-18T13:30:00Z
2026-10-10,football,League Two,Shrewsbury Town v Exeter City,1x2,draw,Betfair Sportsbook,3.4,0.28577154308617236,3.49929873772791,High,0.005598615162981977,21,,0.0,-0.028376753507013963,adequate,0.0,Reject,net EV -2.84% is below the minimum Grade C floor,daily-engine-v1.1.0-odds-api,2026-10-08T14:28:00.276280+00:00,Reject,REJECT,False,"kickoff is 47.5h away -- outside the configured 24h money-event horizon; research grade 'Reject' is not in the actionable set ['A', 'A+', 'B']; estimated probability 28.6% is below the 50% money-qualification floor; net EV -2.84% is below the 2.00% money-qualification value floor",2026-10-10T14:00:00Z
2026-10-10,football,Segunda Division,Celta Fortuna v Real Sociedad B,1x2,away,Betfair,3.1,0.31330546238337315,3.191773269424712,High,0.003634284616244117,18,,0.0,-0.02875306661154331,adequate,0.0,Reject,net EV -2.88% is below the minimum Grade C floor,daily-engine-v1.1.0-odds-api,2026-10-08T14:28:00.276280+00:00,Reject,REJECT,False,"kickoff is 52.5h away -- outside the configured 24h money-event horizon; research grade 'Reject' is not in the actionable set ['A', 'A+', 'B']; estimated probability 31.3% is below the 50% money-qualification floor; net EV -2.88% is below the 2.00% money-qualification value floor",2026-10-10T19:00:00Z
2026-10-11,football,Primeira Liga,Rio Ave FC v Nacional,1x2,away,Betfair Sportsbook,3.2,0.30350194552529186,3.2948717948717947,High,0.016501083263234233,17,,0.0,-0.028793774319066046,adequate,0.0,Reject,net EV -2.88% is below the minimum Grade C floor,daily-engine-v1.1.0-odds-api,2026-10-08T14:28:00.276280+00:00,Reject,REJECT,False,"kickoff is 72.0h away -- outside the configured 24h money-event horizon; research grade 'Reject' is not in the actionable set ['A', 'A+', 'B']; estimated probability 30.4% is below the 50% money-qualification floor; net EV -2.88% is below the 2.00% money-qualification value floor",2026-10-11T14:30:00Z
2026-10-10,football,Eredivisie,Feyenoord v AZ Alkmaar,1x2,home,Betfair,1.87,0.5193426908592949,1.9255108767303886,High,0.004900354314965725,19,,0.0,-0.028829168093118585,adequate,0.0,Reject,net EV -2.88% is below the minimum Grade C floor,daily-engine-v1.1.0-odds-api,2026-10-08T14:28:00.276280+00:00,Reject,REJECT,False,"kickoff is 50.3h away -- outside the configured 24h money-event horizon; research grade 'Reject' is not in the actionable set ['A', 'A+', 'B']; net EV -2.88% is below the 2.00% money-qualification value floor",2026-10-10T16:45:00Z
2026-10-10,football,Primeira Liga,Académico de Viseu v Estoril,1x2,draw,Paddy Power,3.5,0.27742346938775514,3.604597701149425,High,0.005408564685209365,20,,0.0,-0.029017857142857095,adequate,0.0,Reject,net EV -2.90% is below the minimum Grade C floor,daily-engine-v1.1.0-odds-api,2026-10-08T14:28:00.276280+00:00,Reject,REJECT,False,"kickoff is 53.0h away -- outside the configured 24h money-event horizon; research grade 'Reject' is not in the actionable set ['A', 'A+', 'B']; estimated probability 27.7% is below the 50% money-qualification floor; net EV -2.90% is below the 2.00% money-qualification value floor",2026-10-10T19:30:00Z
2026-10-11,football,Eredivisie,SC Telstar v ADO Den Haag,1x2,home,Smarkets,2.08,0.46681755719020296,2.1421645021645017,High,0.005159231429166405,19,,0.0,-0.029019481044377904,adequate,0.0,Reject,net EV -2.90% is below the minimum Grade C floor,daily-engine-v1.1.0-odds-api,2026-10-08T14:28:00.276280+00:00,Reject,REJECT,False,"kickoff is 70.0h away -- outside the configured 24h money-event horizon; research grade 'Reject' is not in the actionable set ['A', 'A+', 'B']; estimated probability 46.7% is below the 50% money-qualification floor; net EV -2.90% is below the 2.00% money-qualification value floor",2026-10-11T12:30:00Z
2026-10-10,football,Serie B,Arezzo v Cremonese,1x2,away,Matchbook,2.5,0.3883636655389594,2.574906173604655,High,0.003216083866655953,20,,0.0,-0.02909083615260155,adequate,0.0,Reject,net EV -2.91% is below the minimum Grade C floor,daily-engine-v1.1.0-odds-api,2026-10-08T14:28:00.276280+00:00,Reject,REJECT,False,"kickoff is 51.0h away -- outside the configured 24h money-event horizon; research grade 'Reject' is not in the actionable set ['A', 'A+', 'B']; estimated probability 38.8% is below the 50% money-qualification floor; net EV -2.91% is below the 2.00% money-qualification value floor",2026-10-10T17:30:00Z
2026-10-11,football,Primeira Liga,Arouca v CF Estrela,1x2,home,Coral,2.2,0.4413152926368785,2.2659536541889485,High,0.008175340559614825,18,,0.0,-0.029106356198867145,adequate,0.0,Reject,net EV -2.91% is below the minimum Grade C floor,daily-engine-v1.1.0-odds-api,2026-10-08T14:28:00.276280+00:00,Reject,REJECT,False,"kickoff is 77.0h away -- outside the configured 24h money-event horizon; research grade 'Reject' is not in the actionable set ['A', 'A+', 'B']; estimated probability 44.1% is below the 50% money-qualification floor; net EV -2.91% is below the 2.00% money-qualification value floor",2026-10-11T19:30:00Z
2026-10-10,football,League Two,York City v Northampton Town,1x2,home,Virgin Bet,1.72,0.5644187178911066,1.771734296368481,High,0.01419894774643629,20,,0.0,-0.029199805227296594,adequate,0.0,Reject,net EV -2.92% is below the minimum Grade C floor,daily-engine-v1.1.0-odds-api,2026-10-08T14:28:00.276280+00:00,Reject,REJECT,False,"kickoff is 47.5h away -- outside the configured 24h money-event horizon; research grade 'Reject' is not in the actionable set ['A', 'A+', 'B']; net EV -2.92% is below the 2.00% money-qualification value floor",2026-10-10T14:00:00Z
2026-10-11,football,Bundesliga,SC Freiburg v FC Schalke 04,1x2,home,Smarkets,1.7,0.5708059683423625,1.7519088016967126,High,0.006494245795207975,21,,0.0,-0.02962985381798372,adequate,0.0,Reject,net EV -2.96% is below the minimum Grade C floor,daily-engine-v1.1.0-odds-api,2026-10-08T14:28:00.276280+00:00,Reject,REJECT,False,"kickoff is 73.0h away -- outside the configured 24h money-event horizon; research grade 'Reject' is not in the actionable set ['A', 'A+', 'B']; net EV -2.96% is below the 2.00% money-qualification value floor",2026-10-11T15:30:00Z
2026-10-11,football,Scottish Premiership,Aberdeen v St Johnstone,over_under_2_5,under,Casumo,1.93,0.5027624309392265,1.9890109890109893,High,0.014040450092756212,5,,0.0,-0.02966850828729295,adequate,0.0,Reject,net EV -2.97% is below the minimum Grade C floor,daily-engine-v1.1.0-odds-api,2026-10-08T14:28:00.276280+00:00,Reject,REJECT,False,"kickoff is 70.5h away -- outside the configured 24h money-event horizon; research grade 'Reject' is not in the actionable set ['A', 'A+', 'B']; net EV -2.97% is below the 2.00% money-qualification value floor",2026-10-11T13:00:00Z
2026-10-10,football,Ligue 1,Brest v Angers,1x2,draw,Betfair,3.75,0.258614577424844,3.866758053461275,High,0.004205302166664073,20,,0.0,-0.030195334656834882,adequate,0.0,Reject,net EV -3.02% is below the minimum Grade C floor,daily-engine-v1.1.0-odds-api,2026-10-08T14:28:00.276280+00:00,Reject,REJECT,False,"kickoff is 52.3h away -- outside the configured 24h money-event horizon; research grade 'Reject' is not in the actionable set ['A', 'A+', 'B']; estimated probability 25.9% is below the 50% money-qualification floor; net EV -3.02% is below the 2.00% money-qualification value floor",2026-10-10T18:45:00Z
2026-10-10,football,La Liga,Barcelona v Getafe,1x2,home,Smarkets,1.1,0.881637758494274,1.1342526909326953,High,0.014490183545478472,20,,0.0,-0.03019846565629858,adequate,0.0,Reject,net EV -3.02% is below the minimum Grade C floor,daily-engine-v1.1.0-odds-api,2026-10-08T14:28:00.276280+00:00,Reject,REJECT,False,"kickoff is 50.0h away -- outside the configured 24h money-event horizon; research grade 'Reject' is not in the actionable set ['A', 'A+', 'B']; odds 1.10 are below the configured payout floor of 1.33; net EV -3.02% is below the 2.00% money-qualification value floor",2026-10-10T16:30:00Z
2026-10-10,football,Scottish Premiership,Dundee United v Hibernian,1x2,draw,Smarkets,3.7,0.2620852231035305,3.8155527738585016,High,0.006255836039477623,20,,0.0,-0.03028467451693717,adequate,0.0,Reject,net EV -3.03% is below the minimum Grade C floor,daily-engine-v1.1.0-odds-api,2026-10-08T14:28:00.276280+00:00,Reject,REJECT,False,"kickoff is 47.5h away -- outside the configured 24h money-event horizon; research grade 'Reject' is not in the actionable set ['A', 'A+', 'B']; estimated probability 26.2% is below the 50% money-qualification floor; net EV -3.03% is below the 2.00% money-qualification value floor",2026-10-10T14:00:00Z
2026-10-12,football,Serie A,Atalanta BC v Venezia,1x2,home,Betfair,1.6,0.6060441794281067,1.6500447227191415,High,0.009766411359902586,21,,0.0,-0.03032931291502916,adequate,0.0,Reject,net EV -3.03% is below the minimum Grade C floor,daily-engine-v1.1.0-odds-api,2026-10-08T14:28:00.276280+00:00,Reject,REJECT,False,"kickoff is 98.0h away -- outside the configured 24h money-event horizon; research grade 'Reject' is not in the actionable set ['A', 'A+', 'B']; net EV -3.03% is below the 2.00% money-qualification value floor",2026-10-12T16:30:00Z
2026-10-10,football,League Two,Bristol Rovers v Barnet,1x2,away,Coral,3.1,0.3127962085308057,3.196969696969697,High,0.009146851569756673,21,,0.0,-0.03033175355450235,adequate,0.0,Reject,net EV -3.03% is below the minimum Grade C floor,daily-engine-v1.1.0-odds-api,2026-10-08T14:28:00.276280+00:00,Reject,REJECT,False,"kickoff is 47.5h away -- outside the configured 24h money-event horizon; research grade 'Reject' is not in the actionable set ['A', 'A+', 'B']; estimated probability 31.3% is below the 50% money-qualification floor; net EV -3.03% is below the 2.00% money-qualification value floor",2026-10-10T14:00:00Z
2026-10-17,football,Bundesliga,Elversberg v Augsburg,1x2,home,Betfair,2.5,0.38785008573528207,2.5783157894736846,High,0.008603384890427808,17,,0.0,-0.030374785661794856,adequate,0.0,Reject,net EV -3.04% is below the minimum Grade C floor,daily-engine-v1.1.0-odds-api,2026-10-08T14:28:00.276280+00:00,Reject,REJECT,False,"kickoff is 215.0h away -- outside the configured 24h money-event horizon; research grade 'Reject' is not in the actionable set ['A', 'A+', 'B']; estimated probability 38.8% is below the 50% money-qualification floor; net EV -3.04% is below the 2.00% money-qualification value floor",2026-10-17T13:30:00Z
2026-10-10,football,Ligue 1,Paris Saint Germain v Le Mans FC,1x2,home,Betfair,1.1,0.8814744037051341,1.1344628905804444,High,0.010843948995293035,20,,0.0,-0.030378155924352432,adequate,0.0,Reject,net EV -3.04% is below the minimum Grade C floor,daily-engine-v1.1.0-odds-api,2026-10-08T14:28:00.276280+00:00,Reject,REJECT,False,"kickoff is 52.3h away -- outside the configured 24h money-event horizon; research grade 'Reject' is not in the actionable set ['A', 'A+', 'B']; odds 1.10 are below the configured payout floor of 1.33; net EV -3.04% is below the 2.00% money-qualification value floor",2026-10-10T18:45:00Z
2026-10-11,football,Scottish Premiership,Aberdeen v St Johnstone,over_under_2_5,over,William Hill,1.95,0.4972375690607734,2.0111111111111115,High,0.014040450092756295,5,,0.0,-0.030386740331491968,adequate,0.0,Reject,net EV -3.04% is below the minimum Grade C floor,daily-engine-v1.1.0-odds-api,2026-10-08T14:28:00.276280+00:00,Reject,REJECT,False,"kickoff is 70.5h away -- outside the configured 24h money-event horizon; research grade 'Reject' is not in the actionable set ['A', 'A+', 'B']; estimated probability 49.7% is below the 50% money-qualification floor; net EV -3.04% is below the 2.00% money-qualification value floor",2026-10-11T13:00:00Z
2026-10-10,football,Belgian Pro League,Genk v KV Kortrijk,1x2,home,Ladbrokes,1.48,0.6550951847704367,1.5264957264957266,High,0.01272996391350705,19,,0.0,-0.03045912653975369,adequate,0.0,Reject,net EV -3.05% is below the minimum Grade C floor,daily-engine-v1.1.0-odds-api,2026-10-08T14:28:00.276280+00:00,Reject,REJECT,False,"kickoff is 52.3h away -- outside the configured 24h money-event horizon; research grade 'Reject' is not in the actionable set ['A', 'A+', 'B']; net EV -3.05% is below the 2.00% money-qualification value floor",2026-10-10T18:45:00Z
2026-10-10,football,League One,Cambridge United v Blackpool,1x2,draw,Betfred (UK),3.75,0.2585403133358808,3.867868755542418,High,0.005695623286896938,21,,0.0,-0.03047382499044704,adequate,0.0,Reject,net EV -3.05% is below the minimum Grade C floor,daily-engine-v1.1.0-odds-api,2026-10-08T14:28:00.276280+00:00,Reject,REJECT,False,"kickoff is 47.5h away -- outside the configured 24h money-event horizon; research grade 'Reject' is not in the actionable set ['A', 'A+', 'B']; estimated probability 25.9% is below the 50% money-qualification floor; net EV -3.05% is below the 2.00% money-qualification value floor",2026-10-10T14:00:00Z
2026-10-10,football,Championship,Bolton Wanderers v Stoke City,1x2,draw,Betfred (UK),3.5,0.2769711860620951,3.6104838709677427,High,0.0039011167753659776,21,,0.0,-0.03060084878266711,adequate,0.0,Reject,net EV -3.06% is below the minimum Grade C floor,daily-engine-v1.1.0-odds-api,2026-10-08T14:28:00.276280+00:00,Reject,REJECT,False,"kickoff is 47.5h away -- outside the configured 24h money-event horizon; research grade 'Reject' is not in the actionable set ['A', 'A+', 'B']; estimated probability 27.7% is below the 50% money-qualification floor; net EV -3.06% is below the 2.00% money-qualification value floor",2026-10-10T14:00:00Z
2026-10-18,football,Ligue 1,Paris FC v Rennes,1x2,away,Grosvenor,3.1,0.31269502381343406,3.1980042016806722,High,0.008452723281293071,15,,0.0,-0.030645426178354418,adequate,0.0,Reject,net EV -3.06% is below the minimum Grade C floor,daily-engine-v1.1.0-odds-api,2026-10-08T14:28:00.276280+00:00,Reject,REJECT,False,"kickoff is 240.8h away -- outside the configured 24h money-event horizon; research grade 'Reject' is not in the actionable set ['A', 'A+', 'B']; estimated probability 31.3% is below the 50% money-qualification floor; net EV -3.06% is below the 2.00% money-qualification value floor",2026-10-18T15:15:00Z
2026-10-11,football,Belgian Pro League,Westerlo v Royal Antwerp,1x2,home,Grosvenor,2.18,0.44458849414552337,2.2492709846707784,Medium,0.025965643035195104,18,,0.0,-0.030797082762758943,adequate,0.0,Reject,net EV -3.08% is below the minimum Grade C floor,daily-engine-v1.1.0-odds-api,2026-10-08T14:28:00.276280+00:00,Reject,REJECT,False,"kickoff is 74.0h away -- outside the configured 24h money-event horizon; research grade 'Reject' is not in the actionable set ['A', 'A+', 'B']; estimated probability 44.5% is below the 60% money-qualification floor (the stricter Medium-confidence floor); net EV -3.08% is below the 5.00% money-qualification value floor (the stricter Medium-confidence floor)",2026-10-11T16:30:00Z
2026-10-12,football,Serie A,Torino v Udinese,1x2,draw,Betfred (UK),3.3,0.2936566381135891,3.405337629770149,High,0.0052066569379579705,20,,0.0,-0.030933094225156,adequate,0.0,Reject,net EV -3.09% is below the minimum Grade C floor,daily-engine-v1.1.0-odds-api,2026-10-08T14:28:00.276280+00:00,Reject,REJECT,False,"kickoff is 100.3h away -- outside the configured 24h money-event horizon; research grade 'Reject' is not in the actionable set ['A', 'A+', 'B']; estimated probability 29.4% is below the 50% money-qualification floor; net EV -3.09% is below the 2.00% money-qualification value floor",2026-10-12T18:45:00Z
2026-10-10,football,League Two,Tranmere Rovers v Rochdale,1x2,draw,Betfair Sportsbook,3.6,0.2691776769867876,3.7150183150183156,High,0.005241422040701689,21,,0.0,-0.03096036284756476,adequate,0.0,Reject,net EV -3.10% is below the minimum Grade C floor,daily-engine-v1.1.0-odds-api,2026-10-08T14:28:00.276280+00:00,Reject,REJECT,False,"kickoff is 47.5h away -- outside the configured 24h money-event horizon; research grade 'Reject' is not in the actionable set ['A', 'A+', 'B']; estimated probability 26.9% is below the 50% money-qualification floor; net EV -3.10% is below the 2.00% money-qualification value floor",2026-10-10T14:00:00Z
2026-10-09,football,Ligue 2,Sochaux v Boulogne,1x2,draw,Betfair Sportsbook,3.3,0.2935847346858861,3.4061716494555685,High,0.006609234243352854,20,,0.0,-0.031170375536575978,adequate,0.0,Reject,net EV -3.12% is below the minimum Grade C floor,daily-engine-v1.1.0-odds-api,2026-10-08T14:28:00.276280+00:00,Reject,REJECT,False,"kickoff is 27.5h away -- outside the configured 24h money-event horizon; research grade 'Reject' is not in the actionable set ['A', 'A+', 'B']; estimated probability 29.4% is below the 50% money-qualification floor; net EV -3.12% is below the 2.00% money-qualification value floor",2026-10-09T18:00:00Z
2026-10-10,football,Scottish Premiership,Falkirk F.C. v Dundee FC,1x2,home,Paddy Power,2.1,0.4613080629330294,2.1677488003177943,High,0.009070458965696802,20,,0.0,-0.03125306784063819,adequate,0.0,Reject,net EV -3.13% is below the minimum Grade C floor,daily-engine-v1.1.0-odds-api,2026-10-08T14:28:00.276280+00:00,Reject,REJECT,False,"kickoff is 47.5h away -- outside the configured 24h money-event horizon; research grade 'Reject' is not in the actionable set ['A', 'A+', 'B']; estimated probability 46.1% is below the 50% money-qualification floor; net EV -3.13% is below the 2.00% money-qualification value floor",2026-10-10T14:00:00Z
2026-10-10,football,Bundesliga,TSG Hoffenheim v Hamburger SV,1x2,home,Smarkets,1.46,0.6635071090047394,1.507142857142857,High,0.010254672450604404,21,,0.0,-0.0312796208530805,adequate,0.0,Reject,net EV -3.13% is below the minimum Grade C floor,daily-engine-v1.1.0-odds-api,2026-10-08T14:28:00.276280+00:00,Reject,REJECT,False,"kickoff is 47.0h away -- outside the configured 24h money-event horizon; research grade 'Reject' is not in the actionable set ['A', 'A+', 'B']; net EV -3.13% is below the 2.00% money-qualification value floor",2026-10-10T13:30:00Z
2026-10-10,football,Primeira Liga,Casa Pia v Santa Clara,1x2,away,Coral,1.91,0.5071544999321134,1.9717857184228038,High,0.008877895491695103,20,,0.0,-0.031334905129663526,adequate,0.0,Reject,net EV -3.13% is below the minimum Grade C floor,daily-engine-v1.1.0-odds-api,2026-10-08T14:28:00.276280+00:00,Reject,REJECT,False,"kickoff is 48.0h away -- outside the configured 24h money-event horizon; research grade 'Reject' is not in the actionable set ['A', 'A+', 'B']; net EV -3.13% is below the 2.00% money-qualification value floor",2026-10-10T14:30:00Z
2026-10-10,football,Eredivisie,Fortuna Sittard v FC Twente Enschede,1x2,away,Betfair,1.48,0.6544502617801047,1.528,Low,0.06253471799402163,19,,0.0,-0.03141361256544506,adequate,0.0,Reject,net EV -3.14% is below the minimum Grade C floor,daily-engine-v1.1.0-odds-api,2026-10-08T14:28:00.276280+00:00,Reject,REJECT,False,"kickoff is 51.5h away -- outside the configured 24h money-event horizon; research grade 'Reject' is not in the actionable set ['A', 'A+', 'B']; confidence 'Low' is not eligible for real-money qualification (requires one of ['High'], or ['Medium'] with every other requirement strong)",2026-10-10T18:00:00Z
2026-10-10,football,Ligue 1,Lille v Le Havre,1x2,home,Betfair,1.47,0.6587254955191981,1.5180830358050954,High,0.007979801129853081,20,,0.0,-0.031673521586778774,adequate,0.0,Reject,net EV -3.17% is below the minimum Grade C floor,daily-engine-v1.1.0-odds-api,2026-10-08T14:28:00.276280+00:00,Reject,REJECT,False,"kickoff is 48.8h away -- outside the configured 24h money-event horizon; research grade 'Reject' is not in the actionable set ['A', 'A+', 'B']; net EV -3.17% is below the 2.00% money-qualification value floor",2026-10-10T15:15:00Z
2026-10-11,football,Scottish Premiership,Aberdeen v St Johnstone,1x2,home,Betfred (UK),2.25,0.43029595015576316,2.3239819004524893,High,0.008924951947903739,19,,0.0,-0.03183411214953291,adequate,0.0,Reject,net EV -3.18% is below the minimum Grade C floor,daily-engine-v1.1.0-odds-api,2026-10-08T14:28:00.276280+00:00,Reject,REJECT,False,"kickoff is 70.5h away -- outside the configured 24h money-event horizon; research grade 'Reject' is not in the actionable set ['A', 'A+', 'B']; estimated probability 43.0% is below the 50% money-qualification floor; net EV -3.18% is below the 2.00% money-qualification value floor",2026-10-11T13:00:00Z
2026-10-11,football,Eredivisie,Excelsior v Groningen,1x2,draw,Coral,3.7,0.2616134797414078,3.822433006848314,High,0.009124786018088459,18,,0.0,-0.03203012495679103,adequate,0.0,Reject,net EV -3.20% is below the minimum Grade C floor,daily-engine-v1.1.0-odds-api,2026-10-08T14:28:00.276280+00:00,Reject,REJECT,False,"kickoff is 72.3h away -- outside the configured 24h money-event horizon; research grade 'Reject' is not in the actionable set ['A', 'A+', 'B']; estimated probability 26.2% is below the 50% money-qualification floor; net EV -3.20% is below the 2.00% money-qualification value floor",2026-10-11T14:45:00Z
2026-10-18,football,Eredivisie,NEC Nijmegen v Fortuna Sittard,1x2,away,William Hill,6.0,0.16130864478018855,6.199295774647888,High,0.010361017297842131,7,,0.0,-0.03214813131886862,adequate,0.0,Reject,net EV -3.21% is below the minimum Grade C floor,daily-engine-v1.1.0-odds-api,2026-10-08T14:28:00.276280+00:00,Reject,REJECT,False,"kickoff is 243.5h away -- outside the configured 24h money-event horizon; research grade 'Reject' is not in the actionable set ['A', 'A+', 'B']; estimated probability 16.1% is below the 50% money-qualification floor; net EV -3.21% is below the 2.00% money-qualification value floor",2026-10-18T18:00:00Z
2026-10-10,football,Segunda Division,Celta Fortuna v Real Sociedad B,1x2,draw,Betfair,3.6,0.2688372925682972,3.71972203129502,High,0.002859722526049857,18,,0.0,-0.03218574675413011,adequate,0.0,Reject,net EV -3.22% is below the minimum Grade C floor,daily-engine-v1.1.0-odds-api,2026-10-08T14:28:00.276280+00:00,Reject,REJECT,False,"kickoff is 52.5h away -- outside the configured 24h money-event horizon; research grade 'Reject' is not in the actionable set ['A', 'A+', 'B']; estimated probability 26.9% is below the 50% money-qualification floor; net EV -3.22% is below the 2.00% money-qualification value floor",2026-10-10T19:00:00Z
2026-10-16,football,La Liga,Deportivo La Coruña v Levante,1x2,draw,Grosvenor,3.55,0.272608125819135,3.6682692307692304,High,0.003831210277354226,13,,0.0,-0.03224115334207067,adequate,0.0,Reject,net EV -3.22% is below the minimum Grade C floor,daily-engine-v1.1.0-odds-api,2026-10-08T14:28:00.276280+00:00,Reject,REJECT,False,"kickoff is 196.5h away -- outside the configured 24h money-event horizon; research grade 'Reject' is not in the actionable set ['A', 'A+', 'B']; estimated probability 27.3% is below the 50% money-qualification floor; net EV -3.22% is below the 2.00% money-qualification value floor",2026-10-16T19:00:00Z
2026-10-10,football,Ligue 2,Nantes v Stade de Reims,1x2,draw,Matchbook,3.55,0.27260740388539373,3.668278945279152,High,0.004994135422272945,20,,0.0,-0.03224371620685229,adequate,0.0,Reject,net EV -3.22% is below the minimum Grade C floor,daily-engine-v1.1.0-odds-api,2026-10-08T14:28:00.276280+00:00,Reject,REJECT,False,"kickoff is 45.5h away -- outside the configured 24h money-event horizon; research grade 'Reject' is not in the actionable set ['A', 'A+', 'B']; estimated probability 27.3% is below the 50% money-qualification floor; net EV -3.22% is below the 2.00% money-qualification value floor",2026-10-10T12:00:00Z
2026-10-11,football,Serie A,Cagliari v Juventus,1x2,draw,Betfred (UK),4.0,0.2418919959941453,4.134076433121019,High,0.003120522890843197,21,,0.0,-0.03243201602341883,adequate,0.0,Reject,net EV -3.24% is below the minimum Grade C floor,daily-engine-v1.1.0-odds-api,2026-10-08T14:28:00.276280+00:00,Reject,REJECT,False,"kickoff is 76.3h away -- outside the configured 24h money-event horizon; research grade 'Reject' is not in the actionable set ['A', 'A+', 'B']; estimated probability 24.2% is below the 50% money-qualification floor; net EV -3.24% is below the 2.00% money-qualification value floor",2026-10-11T18:45:00Z
2026-10-10,football,Scottish Premiership,Dundee United v Hibernian,1x2,away,Betfred (UK),2.5,0.3870262020948342,2.583804389954371,High,0.007805829129241442,20,,0.0,-0.0324344947629146,adequate,0.0,Reject,net EV -3.24% is below the minimum Grade C floor,daily-engine-v1.1.0-odds-api,2026-10-08T14:28:00.276280+00:00,Reject,REJECT,False,"kickoff is 47.5h away -- outside the configured 24h money-event horizon; research grade 'Reject' is not in the actionable set ['A', 'A+', 'B']; estimated probability 38.7% is below the 50% money-qualification floor; net EV -3.24% is below the 2.00% money-qualification value floor",2026-10-10T14:00:00Z
2026-10-10,football,Championship,West Bromwich Albion v Birmingham City,1x2,draw,Betfred (UK),3.5,0.27642455637606084,3.61762360446571,High,0.00582335520283699,21,,0.0,-0.032514052683787154,adequate,0.0,Reject,net EV -3.25% is below the minimum Grade C floor,daily-engine-v1.1.0-odds-api,2026-10-08T14:28:00.276280+00:00,Reject,REJECT,False,"kickoff is 45.0h away -- outside the configured 24h money-event horizon; research grade 'Reject' is not in the actionable set ['A', 'A+', 'B']; estimated probability 27.6% is below the 50% money-qualification floor; net EV -3.25% is below the 2.00% money-qualification value floor",2026-10-10T11:30:00Z
2026-10-10,football,Ligue 1,AS Monaco v Toulouse,1x2,home,Betfair,1.63,0.5935040486965326,1.6849084723115593,High,0.00857939162899196,20,,0.0,-0.0325884006246519,adequate,0.0,Reject,net EV -3.26% is below the minimum Grade C floor,daily-engine-v1.1.0-odds-api,2026-10-08T14:28:00.276280+00:00,Reject,REJECT,False,"kickoff is 52.3h away -- outside the configured 24h money-event horizon; research grade 'Reject' is not in the actionable set ['A', 'A+', 'B']; net EV -3.26% is below the 2.00% money-qualification value floor",2026-10-10T18:45:00Z
2026-10-10,football,Championship,Blackburn Rovers v Cardiff City,over_under_2_5,under,LeoVegas,2.25,0.42989368924224713,2.32615650107042,Medium,0.003623879480771044,4,,0.0,-0.03273919920494395,adequate,0.0,Reject,net EV -3.27% is below the minimum Grade C floor,daily-engine-v1.1.0-odds-api,2026-10-08T14:28:00.276280+00:00,Reject,REJECT,False,"kickoff is 47.5h away -- outside the configured 24h money-event horizon; research grade 'Reject' is not in the actionable set ['A', 'A+', 'B']; estimated probability 43.0% is below the 60% money-qualification floor (the stricter Medium-confidence floor); net EV -3.27% is below the 5.00% money-qualification value floor (the stricter Medium-confidence floor)",2026-10-10T14:00:00Z
2026-10-17,football,Bundesliga,Union Berlin v Borussia Dortmund,1x2,away,Betfair,1.68,0.575736751199823,1.7369049273231585,High,0.016242388086565883,16,,0.0,-0.03276225798429733,adequate,0.0,Reject,net EV -3.28% is below the minimum Grade C floor,daily-engine-v1.1.0-odds-api,2026-10-08T14:28:00.276280+00:00,Reject,REJECT,False,"kickoff is 215.0h away -- outside the configured 24h money-event horizon; research grade 'Reject' is not in the actionable set ['A', 'A+', 'B']; net EV -3.28% is below the 2.00% money-qualification value floor",2026-10-17T13:30:00Z
2026-10-16,football,Ligue 1,Le Mans FC v Toulouse,1x2,draw,Betfred (UK),3.6,0.26865671641791045,3.7222222222222223,High,0.006369917617672187,15,,0.0,-0.032835820895522394,adequate,0.0,Reject,net EV -3.28% is below the minimum Grade C floor,daily-engine-v1.1.0-odds-api,2026-10-08T14:28:00.276280+00:00,Reject,REJECT,False,"kickoff is 196.3h away -- outside the configured 24h money-event horizon; research grade 'Reject' is not in the actionable set ['A', 'A+', 'B']; estimated probability 26.9% is below the 50% money-qualification floor; net EV -3.28% is below the 2.00% money-qualification value floor",2026-10-16T18:45:00Z
2026-10-16,football,Bundesliga,Eintracht Frankfurt v 1. FC Köln,1x2,away,Betfair,3.55,0.2724293322408849,3.670676691729323,High,0.006983632733357625,19,,0.0,-0.03287587054485874,adequate,0.0,Reject,net EV -3.29% is below the minimum Grade C floor,daily-engine-v1.1.0-odds-api,2026-10-08T14:28:00.276280+00:00,Reject,REJECT,False,"kickoff is 196.0h away -- outside the configured 24h money-event horizon; research grade 'Reject' is not in the actionable set ['A', 'A+', 'B']; estimated probability 27.2% is below the 50% money-qualification floor; net EV -3.29% is below the 2.00% money-qualification value floor",2026-10-16T18:30:00Z
2026-10-10,football,League One,Wycombe Wanderers v Luton,1x2,away,Matchbook,2.54,0.3807348197322059,2.6264999894240333,High,0.004103108072768,20,,0.0,-0.03293355788019703,adequate,0.0,Reject,net EV -3.29% is below the minimum Grade C floor,daily-engine-v1.1.0-odds-api,2026-10-08T14:28:00.276280+00:00,Reject,REJECT,False,"kickoff is 47.5h away -- outside the configured 24h money-event horizon; research grade 'Reject' is not in the actionable set ['A', 'A+', 'B']; estimated probability 38.1% is below the 50% money-qualification floor; net EV -3.29% is below the 2.00% money-qualification value floor",2026-10-10T14:00:00Z
2026-10-10,football,League One,Wycombe Wanderers v Luton,1x2,home,Betfair,2.7,0.35815655995852486,2.7920750638095297,High,0.0049767741176786765,20,,0.0,-0.03297728811198286,adequate,0.0,Reject,net EV -3.30% is below the minimum Grade C floor,daily-engine-v1.1.0-odds-api,2026-10-08T14:28:00.276280+00:00,Reject,REJECT,False,"kickoff is 47.5h away -- outside the configured 24h money-event horizon; research grade 'Reject' is not in the actionable set ['A', 'A+', 'B']; estimated probability 35.8% is below the 50% money-qualification floor; net EV -3.30% is below the 2.00% money-qualification value floor",2026-10-10T14:00:00Z
2026-10-11,football,Scottish Premiership,Motherwell v Celtic,1x2,home,Betfred (UK),5.0,0.19336594222015435,5.171541526487961,High,0.009284417091870641,20,,0.0,-0.03317028889922824,adequate,0.0,Reject,net EV -3.32% is below the minimum Grade C floor,daily-engine-v1.1.0-odds-api,2026-10-08T14:28:00.276280+00:00,Reject,REJECT,False,"kickoff is 68.5h away -- outside the configured 24h money-event horizon; research grade 'Reject' is not in the actionable set ['A', 'A+', 'B']; estimated probability 19.3% is below the 50% money-qualification floor; net EV -3.32% is below the 2.00% money-qualification value floor",2026-10-11T11:00:00Z
2026-10-11,football,2. Bundesliga,VfL Bochum v Arminia Bielefeld,1x2,draw,Betfair,3.65,0.26485013623978204,3.7757201646090532,High,0.00460240604381041,19,,0.0,-0.03329700272479552,adequate,0.0,Reject,net EV -3.33% is below the minimum Grade C floor,daily-engine-v1.1.0-odds-api,2026-10-08T14:28:00.276280+00:00,Reject,REJECT,False,"kickoff is 69.0h away -- outside the configured 24h money-event horizon; research grade 'Reject' is not in the actionable set ['A', 'A+', 'B']; estimated probability 26.5% is below the 50% money-qualification floor; net EV -3.33% is below the 2.00% money-qualification value floor",2026-10-11T11:30:00Z
2026-10-17,football,Eredivisie,SC Telstar v Feyenoord,1x2,draw,Paddy Power,5.5,0.17576021800491587,5.689569638403787,High,0.006876089178257403,12,,0.0,-0.0333188009729628,adequate,0.0,Reject,net EV -3.33% is below the minimum Grade C floor,daily-engine-v1.1.0-odds-api,2026-10-08T14:28:00.276280+00:00,Reject,REJECT,False,"kickoff is 219.5h away -- outside the configured 24h money-event horizon; research grade 'Reject' is not in the actionable set ['A', 'A+', 'B']; estimated probability 17.6% is below the 50% money-qualification floor; net EV -3.33% is below the 2.00% money-qualification value floor",2026-10-17T18:00:00Z
2026-10-17,football,La Liga,Valencia v Athletic Bilbao,1x2,away,Grosvenor,2.15,0.4496092967341215,2.224153297682709,High,0.004151938140804042,14,,0.0,-0.03334001202163894,adequate,0.0,Reject,net EV -3.33% is below the minimum Grade C floor,daily-engine-v1.1.0-odds-api,2026-10-08T14:28:00.276280+00:00,Reject,REJECT,False,"kickoff is 220.5h away -- outside the configured 24h money-event horizon; research grade 'Reject' is not in the actionable set ['A', 'A+', 'B']; estimated probability 45.0% is below the 50% money-qualification floor; net EV -3.33% is below the 2.00% money-qualification value floor",2026-10-17T19:00:00Z
2026-10-10,football,Serie B,Vicenza v Pisa,1x2,away,Matchbook,2.38,0.40606871932173133,2.4626373626373628,High,0.004116742440069608,20,,0.0,-0.03355644801427937,adequate,0.0,Reject,net EV -3.36% is below the minimum Grade C floor,daily-engine-v1.1.0-odds-api,2026-10-08T14:28:00.276280+00:00,Reject,REJECT,False,"kickoff is 48.8h away -- outside the configured 24h money-event horizon; research grade 'Reject' is not in the actionable set ['A', 'A+', 'B']; estimated probability 40.6% is below the 50% money-qualification floor; net EV -3.36% is below the 2.00% money-qualification value floor",2026-10-10T15:15:00Z
2026-10-18,football,Premier League,Brighton and Hove Albion v Crystal Palace,1x2,home,Betfair,1.66,0.582141814998541,1.7177944862155388,High,0.006115611284268344,17,,0.0,-0.03364458710242196,adequate,0.0,Reject,net EV -3.36% is below the minimum Grade C floor,daily-engine-v1.1.0-odds-api,2026-10-08T14:28:00.276280+00:00,Reject,REJECT,False,"kickoff is 238.5h away -- outside the configured 24h money-event horizon; research grade 'Reject' is not in the actionable set ['A', 'A+', 'B']; net EV -3.36% is below the 2.00% money-qualification value floor",2026-10-18T13:00:00Z
2026-10-10,football,League One,Milton Keynes Dons v Reading,1x2,home,Unibet (UK),2.8,0.3450164293537787,2.8984126984126988,High,0.007809562166705341,21,,0.0,-0.033953997809419656,adequate,0.0,Reject,net EV -3.40% is below the minimum Grade C floor,daily-engine-v1.1.0-odds-api,2026-10-08T14:28:00.276280+00:00,Reject,REJECT,False,"kickoff is 47.5h away -- outside the configured 24h money-event horizon; research grade 'Reject' is not in the actionable set ['A', 'A+', 'B']; estimated probability 34.5% is below the 50% money-qualification floor; net EV -3.40% is below the 2.00% money-qualification value floor",2026-10-10T14:00:00Z
2026-10-09,football,Ligue 2,Montpellier v Grenoble,1x2,home,Betfair,1.65,0.5854689637231516,1.7080324696303903,High,0.012904407870312594,20,,0.0,-0.03397620985679989,adequate,0.0,Reject,net EV -3.40% is below the minimum Grade C floor,daily-engine-v1.1.0-odds-api,2026-10-08T14:28:00.276280+00:00,Reject,REJECT,False,"kickoff is 27.5h away -- outside the configured 24h money-event horizon; research grade 'Reject' is not in the actionable set ['A', 'A+', 'B']; net EV -3.40% is below the 2.00% money-qualification value floor",2026-10-09T18:00:00Z
2026-10-18,football,La Liga,Málaga v Real Sociedad,1x2,away,Betfair,2.24,0.43121579084153283,2.319024537687882,High,0.006760958530793077,14,,0.0,-0.0340766285149664,adequate,0.0,Reject,net EV -3.41% is below the minimum Grade C floor,daily-engine-v1.1.0-odds-api,2026-10-08T14:28:00.276280+00:00,Reject,REJECT,False,"kickoff is 242.0h away -- outside the configured 24h money-event horizon; research grade 'Reject' is not in the actionable set ['A', 'A+', 'B']; estimated probability 43.1% is below the 50% money-qualification floor; net EV -3.41% is below the 2.00% money-qualification value floor",2026-10-18T16:30:00Z
2026-10-09,football,Ligue 2,Pau FC v Stade Lavallois,1x2,home,Betfair,2.12,0.45559610005188833,2.1949266025018845,High,0.011706706522720734,20,,0.0,-0.034136267889996685,adequate,0.0,Reject,net EV -3.41% is below the minimum Grade C floor,daily-engine-v1.1.0-odds-api,2026-10-08T14:28:00.276280+00:00,Reject,REJECT,False,"kickoff is 27.5h away -- outside the configured 24h money-event horizon; research grade 'Reject' is not in the actionable set ['A', 'A+', 'B']; estimated probability 45.6% is below the 50% money-qualification floor; net EV -3.41% is below the 2.00% money-qualification value floor",2026-10-09T18:00:00Z
2026-10-11,football,Belgian Pro League,Standard Liege v Charleroi,1x2,draw,Grosvenor,3.55,0.27206755412829586,3.6755577239042667,Medium,0.03923945774198884,18,,0.0,-0.03416018284454969,adequate,0.0,Reject,net EV -3.42% is below the minimum Grade C floor,daily-engine-v1.1.0-odds-api,2026-10-08T14:28:00.276280+00:00,Reject,REJECT,False,"kickoff is 69.0h away -- outside the configured 24h money-event horizon; research grade 'Reject' is not in the actionable set ['A', 'A+', 'B']; estimated probability 27.2% is below the 60% money-qualification floor (the stricter Medium-confidence floor); Medium-confidence candidates require odds inside the preferred range 1.40-2.50; odds are 3.55; net EV -3.42% is below the 5.00% money-qualification value floor (the stricter Medium-confidence floor)",2026-10-11T11:30:00Z
2026-10-10,football,Serie B,Arezzo v Cremonese,1x2,draw,Betfair Sportsbook,3.3,0.29267790012380723,3.416725347479207,High,0.007112291302831307,20,,0.0,-0.034162929591436186,adequate,0.0,Reject,net EV -3.42% is below the minimum Grade C floor,daily-engine-v1.1.0-odds-api,2026-10-08T14:28:00.276280+00:00,Reject,REJECT,False,"kickoff is 51.0h away -- outside the configured 24h money-event horizon; research grade 'Reject' is not in the actionable set ['A', 'A+', 'B']; estimated probability 29.3% is below the 50% money-qualification floor; net EV -3.42% is below the 2.00% money-qualification value floor",2026-10-10T17:30:00Z
2026-10-10,football,League Two,Crawley Town v Chesterfield FC,1x2,away,Coral,1.7,0.5679680150517404,1.760662525879917,High,0.012400338322243023,21,,0.0,-0.0344543744120413,adequate,0.0,Reject,net EV -3.45% is below the minimum Grade C floor,daily-engine-v1.1.0-odds-api,2026-10-08T14:28:00.276280+00:00,Reject,REJECT,False,"kickoff is 47.5h away -- outside the configured 24h money-event horizon; research grade 'Reject' is not in the actionable set ['A', 'A+', 'B']; net EV -3.45% is below the 2.00% money-qualification value floor",2026-10-10T14:00:00Z
2026-10-09,football,Bundesliga,Borussia Dortmund v Werder Bremen,1x2,home,Smarkets,1.36,0.7099057574385776,1.4086376811594203,High,0.016262404355850225,21,,0.0,-0.034528169883534354,adequate,0.0,Reject,net EV -3.45% is below the minimum Grade C floor,daily-engine-v1.1.0-odds-api,2026-10-08T14:28:00.276280+00:00,Reject,REJECT,False,"kickoff is 28.0h away -- outside the configured 24h money-event horizon; research grade 'Reject' is not in the actionable set ['A', 'A+', 'B']; net EV -3.45% is below the 2.00% money-qualification value floor",2026-10-09T18:30:00Z
2026-10-12,football,La Liga,Levante v Sevilla,1x2,draw,Smarkets,3.35,0.2881684243479622,3.4701928299837044,High,0.005136490399026243,19,,0.0,-0.034635778434326636,adequate,0.0,Reject,net EV -3.46% is below the minimum Grade C floor,daily-engine-v1.1.0-odds-api,2026-10-08T14:28:00.276280+00:00,Reject,REJECT,False,"kickoff is 100.5h away -- outside the configured 24h money-event horizon; research grade 'Reject' is not in the actionable set ['A', 'A+', 'B']; estimated probability 28.8% is below the 50% money-qualification floor; net EV -3.46% is below the 2.00% money-qualification value floor",2026-10-12T19:00:00Z
2026-10-10,football,League Two,Oldham Athletic v Accrington Stanley,1x2,draw,Betfred (UK),4.0,0.2413339183852567,4.143636363636364,High,0.0069152285988341175,21,,0.0,-0.034664326458973216,adequate,0.0,Reject,net EV -3.47% is below the minimum Grade C floor,daily-engine-v1.1.0-odds-api,2026-10-08T14:28:00.276280+00:00,Reject,REJECT,False,"kickoff is 45.0h away -- outside the configured 24h money-event horizon; research grade 'Reject' is not in the actionable set ['A', 'A+', 'B']; estimated probability 24.1% is below the 50% money-qualification floor; net EV -3.47% is below the 2.00% money-qualification value floor",2026-10-10T11:30:00Z
2026-10-09,football,Serie B,Avellino v Sampdoria,1x2,draw,Paddy Power,3.3,0.2925226822400667,3.4185383244206777,High,0.007837641882245047,19,,0.0,-0.03467514860777987,adequate,0.0,Reject,net EV -3.47% is below the minimum Grade C floor,daily-engine-v1.1.0-odds-api,2026-10-08T14:28:00.276280+00:00,Reject,REJECT,False,"kickoff is 28.0h away -- outside the configured 24h money-event horizon; research grade 'Reject' is not in the actionable set ['A', 'A+', 'B']; estimated probability 29.3% is below the 50% money-qualification floor; net EV -3.47% is below the 2.00% money-qualification value floor",2026-10-09T18:30:00Z
2026-10-10,football,Ligue 1,Lorient v Paris FC,1x2,away,Betfair,2.3,0.4196980237510953,2.3826654961641105,High,0.006052286531028022,20,,0.0,-0.034694545372480956,adequate,0.0,Reject,net EV -3.47% is below the minimum Grade C floor,daily-engine-v1.1.0-odds-api,2026-10-08T14:28:00.276280+00:00,Reject,REJECT,False,"kickoff is 52.3h away -- outside the configured 24h money-event horizon; research grade 'Reject' is not in the actionable set ['A', 'A+', 'B']; estimated probability 42.0% is below the 50% money-qualification floor; net EV -3.47% is below the 2.00% money-qualification value floor",2026-10-10T18:45:00Z
2026-10-11,football,La Liga,Real Betis v CA Osasuna,1x2,home,Smarkets,1.59,0.6069164839545546,1.6476731583960063,High,0.010734305578720684,20,,0.0,-0.035002790512258186,adequate,0.0,Reject,net EV -3.50% is below the minimum Grade C floor,daily-engine-v1.1.0-odds-api,2026-10-08T14:28:00.276280+00:00,Reject,REJECT,False,"kickoff is 74.0h away -- outside the configured 24h money-event horizon; research grade 'Reject' is not in the actionable set ['A', 'A+', 'B']; net EV -3.50% is below the 2.00% money-qualification value floor",2026-10-11T16:30:00Z
2026-10-16,football,Eredivisie,Heerenveen v Excelsior,1x2,draw,Paddy Power,4.2,0.22974647403947548,4.352623926790615,High,0.007066793402629391,12,,0.0,-0.03506480903420295,adequate,0.0,Reject,net EV -3.51% is below the minimum Grade C floor,daily-engine-v1.1.0-odds-api,2026-10-08T14:28:00.276280+00:00,Reject,REJECT,False,"kickoff is 195.5h away -- outside the configured 24h money-event horizon; research grade 'Reject' is not in the actionable set ['A', 'A+', 'B']; estimated probability 23.0% is below the 50% money-qualification floor; net EV -3.51% is below the 2.00% money-qualification value floor",2026-10-16T18:00:00Z
2026-10-10,football,Ligue 2,Clermont v Red Star,1x2,away,Betfair,2.1,0.45945945945945943,2.1764705882352944,High,0.01005924977049502,20,,0.0,-0.03513513513513511,adequate,0.0,Reject,net EV -3.51% is below the minimum Grade C floor,daily-engine-v1.1.0-odds-api,2026-10-08T14:28:00.276280+00:00,Reject,REJECT,False,"kickoff is 45.5h away -- outside the configured 24h money-event horizon; research grade 'Reject' is not in the actionable set ['A', 'A+', 'B']; estimated probability 45.9% is below the 50% money-qualification floor; net EV -3.51% is below the 2.00% money-qualification value floor",2026-10-10T12:00:00Z
2026-10-10,football,Championship,Swansea City v Norwich City,1x2,home,Casumo,2.45,0.39379474940334136,2.539393939393939,High,0.009998872154951552,21,,0.0,-0.0352028639618136,adequate,0.0,Reject,net EV -3.52% is below the minimum Grade C floor,daily-engine-v1.1.0-odds-api,2026-10-08T14:28:00.276280+00:00,Reject,REJECT,False,"kickoff is 45.0h away -- outside the configured 24h money-event horizon; research grade 'Reject' is not in the actionable set ['A', 'A+', 'B']; estimated probability 39.4% is below the 50% money-qualification floor; net EV -3.52% is below the 2.00% money-qualification value floor",2026-10-10T11:30:00Z
2026-10-11,football,Segunda Division,Mallorca v Las Palmas,1x2,draw,Betfair,4.1,0.23531221162719163,4.249673202614379,High,0.004418744218479456,16,,0.0,-0.03521993232851439,adequate,0.0,Reject,net EV -3.52% is below the minimum Grade C floor,daily-engine-v1.1.0-odds-api,2026-10-08T14:28:00.276280+00:00,Reject,REJECT,False,"kickoff is 74.0h away -- outside the configured 24h money-event horizon; research grade 'Reject' is not in the actionable set ['A', 'A+', 'B']; estimated probability 23.5% is below the 50% money-qualification floor; net EV -3.52% is below the 2.00% money-qualification value floor",2026-10-11T16:30:00Z
2026-10-17,football,Bundesliga,FC Schalke 04 v FSV Mainz 05,1x2,away,Betfair,2.36,0.40879272989889265,2.4462274567537725,High,0.0059506697818680985,17,,0.0,-0.03524915743861334,adequate,0.0,Reject,net EV -3.52% is below the minimum Grade C floor,daily-engine-v1.1.0-odds-api,2026-10-08T14:28:00.276280+00:00,Reject,REJECT,False,"kickoff is 215.0h away -- outside the configured 24h money-event horizon; research grade 'Reject' is not in the actionable set ['A', 'A+', 'B']; estimated probability 40.9% is below the 50% money-qualification floor; net EV -3.52% is below the 2.00% money-qualification value floor",2026-10-17T13:30:00Z
2026-10-17,football,Ligue 1,Troyes v RC Lens,1x2,home,Betfred (UK),4.0,0.2411444141689373,4.146892655367232,High,0.005396247735117492,15,,0.0,-0.03542234332425076,adequate,0.0,Reject,net EV -3.54% is below the minimum Grade C floor,daily-engine-v1.1.0-odds-api,2026-10-08T14:28:00.276280+00:00,Reject,REJECT,False,"kickoff is 220.3h away -- outside the configured 24h money-event horizon; research grade 'Reject' is not in the actionable set ['A', 'A+', 'B']; estimated probability 24.1% is below the 50% money-qualification floor; net EV -3.54% is below the 2.00% money-qualification value floor",2026-10-17T18:45:00Z
2026-10-11,football,Belgian Pro League,KV Mechelen v Sint Truiden,1x2,home,Coral,3.25,0.2967682410167023,3.3696328036116214,Medium,0.028479924901670377,18,,0.0,-0.03550321669571754,adequate,0.0,Reject,net EV -3.55% is below the minimum Grade C floor,daily-engine-v1.1.0-odds-api,2026-10-08T14:28:00.276280+00:00,Reject,REJECT,False,"kickoff is 74.8h away -- outside the configured 24h money-event horizon; research grade 'Reject' is not in the actionable set ['A', 'A+', 'B']; estimated probability 29.7% is below the 60% money-qualification floor (the stricter Medium-confidence floor); Medium-confidence candidates require odds inside the preferred range 1.40-2.50; odds are 3.25; net EV -3.55% is below the 5.00% money-qualification value floor (the stricter Medium-confidence floor)",2026-10-11T17:15:00Z
2026-10-09,football,Ligue 2,Nancy v Guingamp,1x2,draw,Betfair Sportsbook,3.6,0.26788157481715963,3.732992837161502,High,0.005429677931428971,20,,0.0,-0.03562633065822529,adequate,0.0,Reject,net EV -3.56% is below the minimum Grade C floor,daily-engine-v1.1.0-odds-api,2026-10-08T14:28:00.276280+00:00,Reject,REJECT,False,"kickoff is 27.5h away -- outside the configured 24h money-event horizon; research grade 'Reject' is not in the actionable set ['A', 'A+', 'B']; estimated probability 26.8% is below the 50% money-qualification floor; net EV -3.56% is below the 2.00% money-qualification value floor",2026-10-09T18:00:00Z
2026-10-10,football,Scottish Premiership,Falkirk F.C. v Dundee FC,1x2,draw,Smarkets,3.65,0.26418674956095356,3.7852011944651998,High,0.008425217158763636,20,,0.0,-0.035718364102519495,adequate,0.0,Reject,net EV -3.57% is below the minimum Grade C floor,daily-engine-v1.1.0-odds-api,2026-10-08T14:28:00.276280+00:00,Reject,REJECT,False,"kickoff is 47.5h away -- outside the configured 24h money-event horizon; research grade 'Reject' is not in the actionable set ['A', 'A+', 'B']; estimated probability 26.4% is below the 50% money-qualification floor; net EV -3.57% is below the 2.00% money-qualification value floor",2026-10-10T14:00:00Z
2026-10-18,football,Premier League,Nottingham Forest v Arsenal,over_under_2_5,under,Casumo,1.97,0.4894179894179894,2.0432432432432432,Medium,0.010610228878491595,4,,0.0,-0.03584656084656085,adequate,0.0,Reject,net EV -3.58% is below the minimum Grade C floor,daily-engine-v1.1.0-odds-api,2026-10-08T14:28:00.276280+00:00,Reject,REJECT,False,"kickoff is 241.0h away -- outside the configured 24h money-event horizon; research grade 'Reject' is not in the actionable set ['A', 'A+', 'B']; estimated probability 48.9% is below the 60% money-qualification floor (the stricter Medium-confidence floor); net EV -3.58% is below the 5.00% money-qualification value floor (the stricter Medium-confidence floor)",2026-10-18T15:30:00Z
2026-10-10,football,2. Bundesliga,SV Darmstadt 98 v FC Energie Cottbus,1x2,away,Betfair,2.86,0.3370820034006503,2.9666371681415926,High,0.003784458508248981,19,,0.0,-0.03594547027414019,adequate,0.0,Reject,net EV -3.59% is below the minimum Grade C floor,daily-engine-v1.1.0-odds-api,2026-10-08T14:28:00.276280+00:00,Reject,REJECT,False,"kickoff is 44.5h away -- outside the configured 24h money-event horizon; research grade 'Reject' is not in the actionable set ['A', 'A+', 'B']; estimated probability 33.7% is below the 50% money-qualification floor; net EV -3.59% is below the 2.00% money-qualification value floor",2026-10-10T11:00:00Z
2026-10-10,football,Scottish Premiership,Dundee United v Hibernian,over_under_2_5,over,Matchbook,1.66,0.5807291666666666,1.7219730941704037,High,0.003650360444066291,5,,0.0,-0.035989583333333464,adequate,0.0,Reject,net EV -3.60% is below the minimum Grade C floor,daily-engine-v1.1.0-odds-api,2026-10-08T14:28:00.276280+00:00,Reject,REJECT,False,"kickoff is 47.5h away -- outside the configured 24h money-event horizon; research grade 'Reject' is not in the actionable set ['A', 'A+', 'B']; net EV -3.60% is below the 2.00% money-qualification value floor",2026-10-10T14:00:00Z
2026-10-11,football,Serie B,Modena v Hellas Verona,1x2,home,Casumo,2.1,0.45903257650542945,2.1784946236559137,High,0.01516249496666483,17,,0.0,-0.03603158933859807,adequate,0.0,Reject,net EV -3.60% is below the minimum Grade C floor,daily-engine-v1.1.0-odds-api,2026-10-08T14:28:00.276280+00:00,Reject,REJECT,False,"kickoff is 75.0h away -- outside the configured 24h money-event horizon; research grade 'Reject' is not in the actionable set ['A', 'A+', 'B']; estimated probability 45.9% is below the 50% money-qualification floor; net EV -3.60% is below the 2.00% money-qualification value floor",2026-10-11T17:30:00Z
2026-10-11,football,Primeira Liga,Arouca v CF Estrela,1x2,away,Unibet (UK),3.4,0.28351164254247957,3.527192008879023,Medium,0.031247539839229812,18,,0.0,-0.036060415355569586,adequate,0.0,Reject,net EV -3.61% is below the minimum Grade C floor,daily-engine-v1.1.0-odds-api,2026-10-08T14:28:00.276280+00:00,Reject,REJECT,False,"kickoff is 77.0h away -- outside the configured 24h money-event horizon; research grade 'Reject' is not in the actionable set ['A', 'A+', 'B']; estimated probability 28.4% is below the 60% money-qualification floor (the stricter Medium-confidence floor); Medium-confidence candidates require odds inside the preferred range 1.40-2.50; odds are 3.40; net EV -3.61% is below the 5.00% money-qualification value floor (the stricter Medium-confidence floor)",2026-10-11T19:30:00Z
2026-10-10,football,Serie B,Südtirol v Ascoli,1x2,away,Matchbook,3.05,0.3158992640282813,3.165566096128903,High,0.006393833127204333,20,,0.0,-0.036507244713742115,adequate,0.0,Reject,net EV -3.65% is below the minimum Grade C floor,daily-engine-v1.1.0-odds-api,2026-10-08T14:28:00.276280+00:00,Reject,REJECT,False,"kickoff is 46.5h away -- outside the configured 24h money-event horizon; research grade 'Reject' is not in the actionable set ['A', 'A+', 'B']; estimated probability 31.6% is below the 50% money-qualification floor; net EV -3.65% is below the 2.00% money-qualification value floor",2026-10-10T13:00:00Z
2026-10-18,football,Eredivisie,FC Zwolle v Go Ahead Eagles,1x2,draw,Grosvenor,4.0,0.24085294429873932,4.151911046433631,High,0.007571750916084384,12,,0.0,-0.0365882228050427,adequate,0.0,Reject,net EV -3.66% is below the minimum Grade C floor,daily-engine-v1.1.0-odds-api,2026-10-08T14:28:00.276280+00:00,Reject,REJECT,False,"kickoff is 235.8h away -- outside the configured 24h money-event horizon; research grade 'Reject' is not in the actionable set ['A', 'A+', 'B']; estimated probability 24.1% is below the 50% money-qualification floor; net EV -3.66% is below the 2.00% money-qualification value floor",2026-10-18T10:15:00Z
2026-10-18,football,Ligue 1,Lorient v AS Monaco,1x2,away,Betfair,2.14,0.45015739769150054,2.2214452214452214,High,0.00868877942129125,15,,0.0,-0.03666316894018884,adequate,0.0,Reject,net EV -3.67% is below the minimum Grade C floor,daily-engine-v1.1.0-odds-api,2026-10-08T14:28:00.276280+00:00,Reject,REJECT,False,"kickoff is 240.8h away -- outside the configured 24h money-event horizon; research grade 'Reject' is not in the actionable set ['A', 'A+', 'B']; estimated probability 45.0% is below the 50% money-qualification floor; net EV -3.67% is below the 2.00% money-qualification value floor",2026-10-18T15:15:00Z
2026-10-10,football,Scottish Premiership,Rangers v Kilmarnock,1x2,home,William Hill,1.17,0.823271130625686,1.2146666666666668,High,0.012071440084638136,20,,0.0,-0.03677277716794741,adequate,0.0,Reject,net EV -3.68% is below the minimum Grade C floor,daily-engine-v1.1.0-odds-api,2026-10-08T14:28:00.276280+00:00,Reject,REJECT,False,"kickoff is 47.5h away -- outside the configured 24h money-event horizon; research grade 'Reject' is not in the actionable set ['A', 'A+', 'B']; odds 1.17 are below the configured payout floor of 1.33; net EV -3.68% is below the 2.00% money-qualification value floor",2026-10-10T14:00:00Z
2026-10-19,football,Premier League,Tottenham Hotspur v Coventry City,1x2,home,Betfair,1.53,0.629535002554931,1.588474025974026,High,0.007269757416364385,15,,0.0,-0.036811446090955546,adequate,0.0,Reject,net EV -3.68% is below the minimum Grade C floor,daily-engine-v1.1.0-odds-api,2026-10-08T14:28:00.276280+00:00,Reject,REJECT,False,"kickoff is 268.5h away -- outside the configured 24h money-event horizon; research grade 'Reject' is not in the actionable set ['A', 'A+', 'B']; net EV -3.68% is below the 2.00% money-qualification value floor",2026-10-19T19:00:00Z
2026-10-11,football,Primeira Liga,Arouca v CF Estrela,1x2,draw,Paddy Power,3.5,0.27517306482064197,3.63407661520869,Medium,0.026400054777002583,18,,0.0,-0.036894273127753174,adequate,0.0,Reject,net EV -3.69% is below the minimum Grade C floor,daily-engine-v1.1.0-odds-api,2026-10-08T14:28:00.276280+00:00,Reject,REJECT,False,"kickoff is 77.0h away -- outside the configured 24h money-event horizon; research grade 'Reject' is not in the actionable set ['A', 'A+', 'B']; estimated probability 27.5% is below the 60% money-qualification floor (the stricter Medium-confidence floor); Medium-confidence candidates require odds inside the preferred range 1.40-2.50; odds are 3.50; net EV -3.69% is below the 5.00% money-qualification value floor (the stricter Medium-confidence floor)",2026-10-11T19:30:00Z
2026-10-17,football,La Liga,Espanyol v Atlético Madrid,1x2,draw,Betfred (UK),3.75,0.2566680971195156,3.896082182486269,High,0.00472565580173939,14,,0.0,-0.037494635801816445,adequate,0.0,Reject,net EV -3.75% is below the minimum Grade C floor,daily-engine-v1.1.0-odds-api,2026-10-08T14:28:00.276280+00:00,Reject,REJECT,False,"kickoff is 213.5h away -- outside the configured 24h money-event horizon; research grade 'Reject' is not in the actionable set ['A', 'A+', 'B']; estimated probability 25.7% is below the 50% money-qualification floor; net EV -3.75% is below the 2.00% money-qualification value floor",2026-10-17T12:00:00Z
2026-10-13,football,Championship,Burnley v Charlton Athletic,1x2,away,LeoVegas,4.6,0.2092380780901959,4.779244815893079,High,0.0028863295568751883,6,,0.0,-0.03750484078509897,adequate,0.0,Reject,net EV -3.75% is below the minimum Grade C floor,daily-engine-v1.1.0-odds-api,2026-10-08T14:28:00.276280+00:00,Reject,REJECT,False,"kickoff is 124.3h away -- outside the configured 24h money-event horizon; research grade 'Reject' is not in the actionable set ['A', 'A+', 'B']; estimated probability 20.9% is below the 50% money-qualification floor; net EV -3.75% is below the 2.00% money-qualification value floor",2026-10-13T18:45:00Z
2026-10-10,football,2. Bundesliga,1. FC Magdeburg v Hannover 96,1x2,away,Betfair,2.5,0.3849493487698987,2.5977443609022552,High,0.006878155651632437,19,,0.0,-0.03762662807525319,adequate,0.0,Reject,net EV -3.76% is below the minimum Grade C floor,daily-engine-v1.1.0-odds-api,2026-10-08T14:28:00.276280+00:00,Reject,REJECT,False,"kickoff is 44.5h away -- outside the configured 24h money-event horizon; research grade 'Reject' is not in the actionable set ['A', 'A+', 'B']; estimated probability 38.5% is below the 50% money-qualification floor; net EV -3.76% is below the 2.00% money-qualification value floor",2026-10-10T11:00:00Z
2026-10-17,football,Bundesliga,FC Schalke 04 v FSV Mainz 05,1x2,home,Grosvenor,2.9,0.3317972350230415,3.013888888888889,High,0.005643886086688779,17,,0.0,-0.03778801843317969,adequate,0.0,Reject,net EV -3.78% is below the minimum Grade C floor,daily-engine-v1.1.0-odds-api,2026-10-08T14:28:00.276280+00:00,Reject,REJECT,False,"kickoff is 215.0h away -- outside the configured 24h money-event horizon; research grade 'Reject' is not in the actionable set ['A', 'A+', 'B']; estimated probability 33.2% is below the 50% money-qualification floor; net EV -3.78% is below the 2.00% money-qualification value floor",2026-10-17T13:30:00Z
2026-10-11,football,Eredivisie,Excelsior v Groningen,1x2,home,Coral,2.6,0.370069558101473,2.702194703963735,High,0.005525157762122868,18,,0.0,-0.03781914893617011,adequate,0.0,Reject,net EV -3.78% is below the minimum Grade C floor,daily-engine-v1.1.0-odds-api,2026-10-08T14:28:00.276280+00:00,Reject,REJECT,False,"kickoff is 72.3h away -- outside the configured 24h money-event horizon; research grade 'Reject' is not in the actionable set ['A', 'A+', 'B']; estimated probability 37.0% is below the 50% money-qualification floor; net EV -3.78% is below the 2.00% money-qualification value floor",2026-10-11T14:45:00Z
2026-10-17,football,La Liga,Villarreal v Elche CF,1x2,home,Betfair,1.48,0.6500797031713892,1.538272915031092,High,0.009753412756522757,14,,0.0,-0.037882039306343984,adequate,0.0,Reject,net EV -3.79% is below the minimum Grade C floor,daily-engine-v1.1.0-odds-api,2026-10-08T14:28:00.276280+00:00,Reject,REJECT,False,"kickoff is 215.8h away -- outside the configured 24h money-event horizon; research grade 'Reject' is not in the actionable set ['A', 'A+', 'B']; net EV -3.79% is below the 2.00% money-qualification value floor",2026-10-17T14:15:00Z
2026-10-11,football,Primeira Liga,Benfica v Vitória SC,1x2,home,Coral,1.25,0.7696597880646961,1.2992753623188404,High,0.01042299500095838,18,,0.0,-0.037925264919129814,adequate,0.0,Reject,net EV -3.79% is below the minimum Grade C floor,daily-engine-v1.1.0-odds-api,2026-10-08T14:28:00.276280+00:00,Reject,REJECT,False,"kickoff is 74.5h away -- outside the configured 24h money-event horizon; research grade 'Reject' is not in the actionable set ['A', 'A+', 'B']; odds 1.25 are below the configured payout floor of 1.33; net EV -3.79% is below the 2.00% money-qualification value floor",2026-10-11T17:00:00Z
2026-10-11,football,Ligue 1,Rennes v Auxerre,1x2,home,Betfair,1.46,0.6589021889066357,1.5176759416437404,High,0.00962073487760861,20,,0.0,-0.03800280419631197,adequate,0.0,Reject,net EV -3.80% is below the minimum Grade C floor,daily-engine-v1.1.0-odds-api,2026-10-08T14:28:00.276280+00:00,Reject,REJECT,False,"kickoff is 72.8h away -- outside the configured 24h money-event horizon; research grade 'Reject' is not in the actionable set ['A', 'A+', 'B']; net EV -3.80% is below the 2.00% money-qualification value floor",2026-10-11T15:15:00Z
2026-10-11,football,Belgian Pro League,Westerlo v Royal Antwerp,1x2,away,Ladbrokes,3.1,0.31023784901758017,3.223333333333333,High,0.007094078700382755,18,,0.0,-0.03826266804550149,adequate,0.0,Reject,net EV -3.83% is below the minimum Grade C floor,daily-engine-v1.1.0-odds-api,2026-10-08T14:28:00.276280+00:00,Reject,REJECT,False,"kickoff is 74.0h away -- outside the configured 24h money-event horizon; research grade 'Reject' is not in the actionable set ['A', 'A+', 'B']; estimated probability 31.0% is below the 50% money-qualification floor; net EV -3.83% is below the 2.00% money-qualification value floor",2026-10-11T16:30:00Z
2026-10-17,football,Premier League,Manchester City v Ipswich Town,1x2,home,Smarkets,1.24,0.7755791985681615,1.2893589743589744,High,0.012246094587875974,17,,0.0,-0.03828179377547977,adequate,0.0,Reject,net EV -3.83% is below the minimum Grade C floor,daily-engine-v1.1.0-odds-api,2026-10-08T14:28:00.276280+00:00,Reject,REJECT,False,"kickoff is 215.5h away -- outside the configured 24h money-event horizon; research grade 'Reject' is not in the actionable set ['A', 'A+', 'B']; odds 1.24 are below the configured payout floor of 1.33; net EV -3.83% is below the 2.00% money-qualification value floor",2026-10-17T14:00:00Z
2026-10-10,football,League One,Plymouth Argyle v Wimbledon,1x2,home,Ladbrokes,1.53,0.6285714285714286,1.590909090909091,High,0.011445275429490868,21,,0.0,-0.03828571428571431,adequate,0.0,Reject,net EV -3.83% is below the minimum Grade C floor,daily-engine-v1.1.0-odds-api,2026-10-08T14:28:00.276280+00:00,Reject,REJECT,False,"kickoff is 45.0h away -- outside the configured 24h money-event horizon; research grade 'Reject' is not in the actionable set ['A', 'A+', 'B']; net EV -3.83% is below the 2.00% money-qualification value floor",2026-10-10T11:30:00Z
2026-10-10,football,Ligue 2,Saint Etienne v Rodez AF,1x2,draw,Paddy Power,5.0,0.19231583227667903,5.199779904554763,High,0.00573492113200482,20,,0.0,-0.038420838616604835,adequate,0.0,Reject,net EV -3.84% is below the minimum Grade C floor,daily-engine-v1.1.0-odds-api,2026-10-08T14:28:00.276280+00:00,Reject,REJECT,False,"kickoff is 51.5h away -- outside the configured 24h money-event horizon; research grade 'Reject' is not in the actionable set ['A', 'A+', 'B']; estimated probability 19.2% is below the 50% money-qualification floor; net EV -3.84% is below the 2.00% money-qualification value floor",2026-10-10T18:00:00Z
2026-10-10,football,League Two,Port Vale v Grimsby Town,1x2,away,Betfair,2.82,0.34090909090909083,2.933333333333334,High,0.005346942300488238,21,,0.0,-0.03863636363636391,adequate,0.0,Reject,net EV -3.86% is below the minimum Grade C floor,daily-engine-v1.1.0-odds-api,2026-10-08T14:28:00.276280+00:00,Reject,REJECT,False,"kickoff is 47.5h away -- outside the configured 24h money-event horizon; research grade 'Reject' is not in the actionable set ['A', 'A+', 'B']; estimated probability 34.1% is below the 50% money-qualification floor; net EV -3.86% is below the 2.00% money-qualification value floor",2026-10-10T14:00:00Z
2026-10-10,football,Eredivisie,Go Ahead Eagles v Sparta Rotterdam,1x2,home,Coral,1.8,0.534082923401265,1.8723684210526315,High,0.00750804302515643,19,,0.0,-0.03865073787772305,adequate,0.0,Reject,net EV -3.87% is below the minimum Grade C floor,daily-engine-v1.1.0-odds-api,2026-10-08T14:28:00.276280+00:00,Reject,REJECT,False,"kickoff is 48.0h away -- outside the configured 24h money-event horizon; research grade 'Reject' is not in the actionable set ['A', 'A+', 'B']; net EV -3.87% is below the 2.00% money-qualification value floor",2026-10-10T14:30:00Z
2026-10-10,football,Primeira Liga,CS Maritimo v FC Porto,1x2,away,Betfair,1.35,0.7120253164556962,1.4044444444444444,High,0.011444122813650029,20,,0.0,-0.03876582278481003,adequate,0.0,Reject,net EV -3.88% is below the minimum Grade C floor,daily-engine-v1.1.0-odds-api,2026-10-08T14:28:00.276280+00:00,Reject,REJECT,False,"kickoff is 50.5h away -- outside the configured 24h money-event horizon; research grade 'Reject' is not in the actionable set ['A', 'A+', 'B']; net EV -3.88% is below the 2.00% money-qualification value floor",2026-10-10T17:00:00Z
2026-10-17,football,Premier League,Fulham v Hull City,over_under_2_5,under,Casumo,2.2,0.4368901108794869,2.288905093289793,Medium,0.008043538659660118,4,,0.0,-0.03884175606512874,adequate,0.0,Reject,net EV -3.88% is below the minimum Grade C floor,daily-engine-v1.1.0-odds-api,2026-10-08T14:28:00.276280+00:00,Reject,REJECT,False,"kickoff is 215.5h away -- outside the configured 24h money-event horizon; research grade 'Reject' is not in the actionable set ['A', 'A+', 'B']; estimated probability 43.7% is below the 60% money-qualification floor (the stricter Medium-confidence floor); net EV -3.88% is below the 5.00% money-qualification value floor (the stricter Medium-confidence floor)",2026-10-17T14:00:00Z
2026-10-18,football,Ligue 1,Angers v Marseille,1x2,home,Grosvenor,3.15,0.30509181969949917,3.2777017783857727,High,0.008780300458678945,15,,0.0,-0.03896076794657766,adequate,0.0,Reject,net EV -3.90% is below the minimum Grade C floor,daily-engine-v1.1.0-odds-api,2026-10-08T14:28:00.276280+00:00,Reject,REJECT,False,"kickoff is 238.5h away -- outside the configured 24h money-event horizon; research grade 'Reject' is not in the actionable set ['A', 'A+', 'B']; estimated probability 30.5% is below the 50% money-qualification floor; net EV -3.90% is below the 2.00% money-qualification value floor",2026-10-18T13:00:00Z
2026-10-10,football,2. Bundesliga,SV Darmstadt 98 v FC Energie Cottbus,1x2,home,Unibet (UK),2.3,0.41775244299674275,2.393762183235867,High,0.007821732595311567,19,,0.0,-0.039169381107491796,adequate,0.0,Reject,net EV -3.92% is below the minimum Grade C floor,daily-engine-v1.1.0-odds-api,2026-10-08T14:28:00.276280+00:00,Reject,REJECT,False,"kickoff is 44.5h away -- outside the configured 24h money-event horizon; research grade 'Reject' is not in the actionable set ['A', 'A+', 'B']; estimated probability 41.8% is below the 50% money-qualification floor; net EV -3.92% is below the 2.00% money-qualification value floor",2026-10-10T11:00:00Z
2026-10-10,football,Serie B,Vicenza v Pisa,1x2,draw,Betfair Sportsbook,3.5,0.27439962908902316,3.6443197948914543,High,0.006524026323676959,20,,0.0,-0.039601298188418954,adequate,0.0,Reject,net EV -3.96% is below the minimum Grade C floor,daily-engine-v1.1.0-odds-api,2026-10-08T14:28:00.276280+00:00,Reject,REJECT,False,"kickoff is 48.8h away -- outside the configured 24h money-event horizon; research grade 'Reject' is not in the actionable set ['A', 'A+', 'B']; estimated probability 27.4% is below the 50% money-qualification floor; net EV -3.96% is below the 2.00% money-qualification value floor",2026-10-10T15:15:00Z
2026-10-12,football,Segunda Division,Burgos CF v Granada CF,1x2,away,Betfair,3.0,0.3201084400313561,3.1239413740607573,High,0.007508550850577735,16,,0.0,-0.039674679905931765,adequate,0.0,Reject,net EV -3.97% is below the minimum Grade C floor,daily-engine-v1.1.0-odds-api,2026-10-08T14:28:00.276280+00:00,Reject,REJECT,False,"kickoff is 95.8h away -- outside the configured 24h money-event horizon; research grade 'Reject' is not in the actionable set ['A', 'A+', 'B']; estimated probability 32.0% is below the 50% money-qualification floor; net EV -3.97% is below the 2.00% money-qualification value floor",2026-10-12T14:15:00Z
2026-10-11,football,Scottish Premiership,Aberdeen v St Johnstone,1x2,draw,Virgin Bet,3.45,0.278351798829827,3.5925760286225397,High,0.0073059459297832585,19,,0.0,-0.03968629403709678,adequate,0.0,Reject,net EV -3.97% is below the minimum Grade C floor,daily-engine-v1.1.0-odds-api,2026-10-08T14:28:00.276280+00:00,Reject,REJECT,False,"kickoff is 70.5h away -- outside the configured 24h money-event horizon; research grade 'Reject' is not in the actionable set ['A', 'A+', 'B']; estimated probability 27.8% is below the 50% money-qualification floor; net EV -3.97% is below the 2.00% money-qualification value floor",2026-10-11T13:00:00Z
2026-10-09,football,Championship,West Ham United v Queens Park Rangers,1x2,home,LeoVegas,1.52,0.631578947368421,1.5833333333333335,High,0.010454848987153393,21,,0.0,-0.040000000000000036,adequate,0.0,Reject,net EV -4.00% is below the minimum Grade C floor,daily-engine-v1.1.0-odds-api,2026-10-08T14:28:00.276280+00:00,Reject,REJECT,False,"kickoff is 28.5h away -- outside the configured 24h money-event horizon; research grade 'Reject' is not in the actionable set ['A', 'A+', 'B']; net EV -4.00% is below the 2.00% money-qualification value floor",2026-10-09T19:00:00Z
2026-10-09,football,Belgian Pro League,SK Beveren v Lommel SK,1x2,home,Coral,1.85,0.5188893946290396,1.9271929824561402,High,0.0065998199634161965,19,,0.0,-0.04005461993627668,adequate,0.0,Reject,net EV -4.01% is below the minimum Grade C floor,daily-engine-v1.1.0-odds-api,2026-10-08T14:28:00.276280+00:00,Reject,REJECT,False,"kickoff is 28.3h away -- outside the configured 24h money-event horizon; research grade 'Reject' is not in the actionable set ['A', 'A+', 'B']; net EV -4.01% is below the 2.00% money-qualification value floor",2026-10-09T18:45:00Z
2026-10-17,football,Premier League,Everton v Chelsea,over_under_2_5,under,Casumo,2.28,0.421025641025641,2.3751522533495737,Medium,0.007313170678443268,4,,0.0,-0.04006153846153859,adequate,0.0,Reject,net EV -4.01% is below the minimum Grade C floor,daily-engine-v1.1.0-odds-api,2026-10-08T14:28:00.276280+00:00,Reject,REJECT,False,"kickoff is 213.0h away -- outside the configured 24h money-event horizon; research grade 'Reject' is not in the actionable set ['A', 'A+', 'B']; estimated probability 42.1% is below the 60% money-qualification floor (the stricter Medium-confidence floor); net EV -4.01% is below the 5.00% money-qualification value floor (the stricter Medium-confidence floor)",2026-10-17T11:30:00Z
2026-10-11,football,Belgian Pro League,Union Saint-Gilloise v Leuven,1x2,home,Ladbrokes,1.28,0.7495274718112495,1.3341739130434782,Low,0.06896421077460985,19,,0.0,-0.040604836081600676,adequate,0.0,Reject,net EV -4.06% is below the minimum Grade C floor,daily-engine-v1.1.0-odds-api,2026-10-08T14:28:00.276280+00:00,Reject,REJECT,False,"kickoff is 71.5h away -- outside the configured 24h money-event horizon; research grade 'Reject' is not in the actionable set ['A', 'A+', 'B']; confidence 'Low' is not eligible for real-money qualification (requires one of ['High'], or ['Medium'] with every other requirement strong); odds 1.28 are below the configured payout floor of 1.33",2026-10-11T14:00:00Z
2026-10-10,football,Premier League,Arsenal v Leeds United,1x2,home,Betfair,1.41,0.6803939122649956,1.469736842105263,High,0.011133166489049471,21,,0.0,-0.04064458370635632,adequate,0.0,Reject,net EV -4.06% is below the minimum Grade C floor,daily-engine-v1.1.0-odds-api,2026-10-08T14:28:00.276280+00:00,Reject,REJECT,False,"kickoff is 45.0h away -- outside the configured 24h money-event horizon; research grade 'Reject' is not in the actionable set ['A', 'A+', 'B']; net EV -4.06% is below the 2.00% money-qualification value floor",2026-10-10T11:30:00Z
2026-10-18,football,Bundesliga,Borussia Monchengladbach v TSG Hoffenheim,1x2,away,Betfair,1.99,0.48207291352817117,2.074375,High,0.005080977487969169,13,,0.0,-0.04067490207893937,adequate,0.0,Reject,net EV -4.07% is below the minimum Grade C floor,daily-engine-v1.1.0-odds-api,2026-10-08T14:28:00.276280+00:00,Reject,REJECT,False,"kickoff is 241.0h away -- outside the configured 24h money-event horizon; research grade 'Reject' is not in the actionable set ['A', 'A+', 'B']; estimated probability 48.2% is below the 50% money-qualification floor; net EV -4.07% is below the 2.00% money-qualification value floor",2026-10-18T15:30:00Z
2026-10-17,football,Eredivisie,Sparta Rotterdam v Willem II,1x2,draw,Unibet (UK),4.5,0.2131801575366839,4.690868097458464,High,0.006916836432874968,12,,0.0,-0.040689291084922474,adequate,0.0,Reject,net EV -4.07% is below the minimum Grade C floor,daily-engine-v1.1.0-odds-api,2026-10-08T14:28:00.276280+00:00,Reject,REJECT,False,"kickoff is 220.5h away -- outside the configured 24h money-event horizon; research grade 'Reject' is not in the actionable set ['A', 'A+', 'B']; estimated probability 21.3% is below the 50% money-qualification floor; net EV -4.07% is below the 2.00% money-qualification value floor",2026-10-17T19:00:00Z
2026-10-17,football,La Liga,Espanyol v Atlético Madrid,1x2,away,Grosvenor,1.88,0.5102555995523369,1.9598021087418367,High,0.008605650399418798,14,,0.0,-0.04071947284160665,adequate,0.0,Reject,net EV -4.07% is below the minimum Grade C floor,daily-engine-v1.1.0-odds-api,2026-10-08T14:28:00.276280+00:00,Reject,REJECT,False,"kickoff is 213.5h away -- outside the configured 24h money-event horizon; research grade 'Reject' is not in the actionable set ['A', 'A+', 'B']; net EV -4.07% is below the 2.00% money-qualification value floor",2026-10-17T12:00:00Z
2026-10-10,football,2. Bundesliga,VfL Osnabrück v Dynamo Dresden,1x2,away,Matchbook,2.46,0.38988653429068987,2.5648487753476106,High,0.009105610628392664,18,,0.0,-0.040879125644902925,adequate,0.0,Reject,net EV -4.09% is below the minimum Grade C floor,daily-engine-v1.1.0-odds-api,2026-10-08T14:28:00.276280+00:00,Reject,REJECT,False,"kickoff is 44.5h away -- outside the configured 24h money-event horizon; research grade 'Reject' is not in the actionable set ['A', 'A+', 'B']; estimated probability 39.0% is below the 50% money-qualification floor; net EV -4.09% is below the 2.00% money-qualification value floor",2026-10-10T11:00:00Z
2026-10-10,football,Segunda Division,CD Eldense v Córdoba,1x2,draw,Betfair,3.65,0.2627713615498888,3.805589749589754,High,0.00453367981709362,18,,0.0,-0.040884530342905956,adequate,0.0,Reject,net EV -4.09% is below the minimum Grade C floor,daily-engine-v1.1.0-odds-api,2026-10-08T14:28:00.276280+00:00,Reject,REJECT,False,"kickoff is 50.0h away -- outside the configured 24h money-event horizon; research grade 'Reject' is not in the actionable set ['A', 'A+', 'B']; estimated probability 26.3% is below the 50% money-qualification floor; net EV -4.09% is below the 2.00% money-qualification value floor",2026-10-10T16:30:00Z
2026-10-18,football,La Liga,Celta Vigo v Alavés,1x2,draw,Betway,3.4,0.28207711328876267,3.5451298701298706,High,0.005009378292729019,13,,0.0,-0.04093781481820691,adequate,0.0,Reject,net EV -4.09% is below the minimum Grade C floor,daily-engine-v1.1.0-odds-api,2026-10-08T14:28:00.276280+00:00,Reject,REJECT,False,"kickoff is 239.8h away -- outside the configured 24h money-event horizon; research grade 'Reject' is not in the actionable set ['A', 'A+', 'B']; estimated probability 28.2% is below the 50% money-qualification floor; net EV -4.09% is below the 2.00% money-qualification value floor",2026-10-18T14:15:00Z
2026-10-10,football,League One,Bradford City v Leyton Orient,1x2,home,Betfair Sportsbook,1.75,0.5479013136815123,1.8251461988304094,High,0.011195942092017972,21,,0.0,-0.04117270105735349,adequate,0.0,Reject,net EV -4.12% is below the minimum Grade C floor,daily-engine-v1.1.0-odds-api,2026-10-08T14:28:00.276280+00:00,Reject,REJECT,False,"kickoff is 47.5h away -- outside the configured 24h money-event horizon; research grade 'Reject' is not in the actionable set ['A', 'A+', 'B']; net EV -4.12% is below the 2.00% money-qualification value floor",2026-10-10T14:00:00Z
2026-10-14,football,Championship,Queens Park Rangers v Derby County,1x2,home,LeoVegas,1.83,0.5239026889888825,1.9087514170426803,High,0.011433346111213584,6,,0.0,-0.04125807915034502,adequate,0.0,Reject,net EV -4.13% is below the minimum Grade C floor,daily-engine-v1.1.0-odds-api,2026-10-08T14:28:00.276280+00:00,Reject,REJECT,False,"kickoff is 148.3h away -- outside the configured 24h money-event horizon; research grade 'Reject' is not in the actionable set ['A', 'A+', 'B']; net EV -4.13% is below the 2.00% money-qualification value floor",2026-10-14T18:45:00Z
2026-10-10,football,Segunda Division,CD Eldense v Córdoba,1x2,home,Betfair,2.42,0.39617203010185725,2.524155982800947,High,0.007322550641390706,18,,0.0,-0.04126368715350548,adequate,0.0,Reject,net EV -4.13% is below the minimum Grade C floor,daily-engine-v1.1.0-odds-api,2026-10-08T14:28:00.276280+00:00,Reject,REJECT,False,"kickoff is 50.0h away -- outside the configured 24h money-event horizon; research grade 'Reject' is not in the actionable set ['A', 'A+', 'B']; estimated probability 39.6% is below the 50% money-qualification floor; net EV -4.13% is below the 2.00% money-qualification value floor",2026-10-10T16:30:00Z
2026-10-18,football,Serie A,Udinese v Lecce,1x2,home,Betfred (UK),1.9,0.5045845649840904,1.9818283582089555,High,0.006487607567717955,15,,0.0,-0.04128932653022821,adequate,0.0,Reject,net EV -4.13% is below the minimum Grade C floor,daily-engine-v1.1.0-odds-api,2026-10-08T14:28:00.276280+00:00,Reject,REJECT,False,"kickoff is 236.0h away -- outside the configured 24h money-event horizon; research grade 'Reject' is not in the actionable set ['A', 'A+', 'B']; net EV -4.13% is below the 2.00% money-qualification value floor",2026-10-18T10:30:00Z
2026-10-18,football,Ligue 1,Le Havre v Auxerre,1x2,away,Grosvenor,2.9,0.3305833824395993,3.0249554367201426,High,0.004285069951236225,15,,0.0,-0.041308190925162136,adequate,0.0,Reject,net EV -4.13% is below the minimum Grade C floor,daily-engine-v1.1.0-odds-api,2026-10-08T14:28:00.276280+00:00,Reject,REJECT,False,"kickoff is 240.8h away -- outside the configured 24h money-event horizon; research grade 'Reject' is not in the actionable set ['A', 'A+', 'B']; estimated probability 33.1% is below the 50% money-qualification floor; net EV -4.13% is below the 2.00% money-qualification value floor",2026-10-18T15:15:00Z
2026-10-10,football,Championship,Swansea City v Norwich City,over_under_2_5,under,LeoVegas,2.12,0.4521276595744681,2.211764705882353,Medium,0.006737919075666274,4,,0.0,-0.04148936170212758,adequate,0.0,Reject,net EV -4.15% is below the minimum Grade C floor,daily-engine-v1.1.0-odds-api,2026-10-08T14:28:00.276280+00:00,Reject,REJECT,False,"kickoff is 45.0h away -- outside the configured 24h money-event horizon; research grade 'Reject' is not in the actionable set ['A', 'A+', 'B']; estimated probability 45.2% is below the 60% money-qualification floor (the stricter Medium-confidence floor); net EV -4.15% is below the 5.00% money-qualification value floor (the stricter Medium-confidence floor)",2026-10-10T11:30:00Z
2026-10-10,football,League Two,Swindon Town v Crewe Alexandra,1x2,away,Matchbook,2.64,0.36306428352925757,2.75433317284545,High,0.006547258879812589,21,,0.0,-0.041510291482759976,adequate,0.0,Reject,net EV -4.15% is below the minimum Grade C floor,daily-engine-v1.1.0-odds-api,2026-10-08T14:28:00.276280+00:00,Reject,REJECT,False,"kickoff is 45.0h away -- outside the configured 24h money-event horizon; research grade 'Reject' is not in the actionable set ['A', 'A+', 'B']; estimated probability 36.3% is below the 50% money-qualification floor; net EV -4.15% is below the 2.00% money-qualification value floor",2026-10-10T11:30:00Z
2026-10-10,football,Championship,Derby County v Wrexham AFC,over_under_2_5,over,Matchbook,2.06,0.46524064171123,2.1494252873563218,High,0.00707440653015108,5,,0.0,-0.04160427807486616,adequate,0.0,Reject,net EV -4.16% is below the minimum Grade C floor,daily-engine-v1.1.0-odds-api,2026-10-08T14:28:00.276280+00:00,Reject,REJECT,False,"kickoff is 47.5h away -- outside the configured 24h money-event horizon; research grade 'Reject' is not in the actionable set ['A', 'A+', 'B']; estimated probability 46.5% is below the 50% money-qualification floor; net EV -4.16% is below the 2.00% money-qualification value floor",2026-10-10T14:00:00Z
2026-10-18,football,La Liga,CA Osasuna v Real Racing Club de Santander,1x2,home,Betfair,1.93,0.4965580170690821,2.013863366666534,High,0.0036602204731664726,14,,0.0,-0.04164302705667161,adequate,0.0,Reject,net EV -4.16% is below the minimum Grade C floor,daily-engine-v1.1.0-odds-api,2026-10-08T14:28:00.276280+00:00,Reject,REJECT,False,"kickoff is 237.5h away -- outside the configured 24h money-event horizon; research grade 'Reject' is not in the actionable set ['A', 'A+', 'B']; estimated probability 49.7% is below the 50% money-qualification floor; net EV -4.16% is below the 2.00% money-qualification value floor",2026-10-18T12:00:00Z
2026-10-18,football,Premier League,Nottingham Forest v Arsenal,1x2,away,William Hill,1.62,0.5913978494623655,1.6909090909090911,Low,0.05040054532966699,17,,0.0,-0.041935483870967794,adequate,0.0,Reject,net EV -4.19% is below the minimum Grade C floor,daily-engine-v1.1.0-odds-api,2026-10-08T14:28:00.276280+00:00,Reject,REJECT,False,"kickoff is 241.0h away -- outside the configured 24h money-event horizon; research grade 'Reject' is not in the actionable set ['A', 'A+', 'B']; confidence 'Low' is not eligible for real-money qualification (requires one of ['High'], or ['Medium'] with every other requirement strong)",2026-10-18T15:30:00Z
2026-10-18,football,Serie A,AC Milan v Atalanta BC,1x2,draw,Betfred (UK),3.75,0.25547445255474455,3.914285714285714,High,0.005847053088919138,15,,0.0,-0.041970802919707895,adequate,0.0,Reject,net EV -4.20% is below the minimum Grade C floor,daily-engine-v1.1.0-odds-api,2026-10-08T14:28:00.276280+00:00,Reject,REJECT,False,"kickoff is 241.5h away -- outside the configured 24h money-event horizon; research grade 'Reject' is not in the actionable set ['A', 'A+', 'B']; estimated probability 25.5% is below the 50% money-qualification floor; net EV -4.20% is below the 2.00% money-qualification value floor",2026-10-18T16:00:00Z
2026-10-16,football,Eredivisie,Heerenveen v Excelsior,1x2,away,Paddy Power,4.0,0.2394810659186536,4.175695461200585,High,0.00700119572085947,12,,0.0,-0.04207573632538564,adequate,0.0,Reject,net EV -4.21% is below the minimum Grade C floor,daily-engine-v1.1.0-odds-api,2026-10-08T14:28:00.276280+00:00,Reject,REJECT,False,"kickoff is 195.5h away -- outside the configured 24h money-event horizon; research grade 'Reject' is not in the actionable set ['A', 'A+', 'B']; estimated probability 23.9% is below the 50% money-qualification floor; net EV -4.21% is below the 2.00% money-qualification value floor",2026-10-16T18:00:00Z
2026-10-13,football,Championship,Cardiff City v Watford,1x2,away,LeoVegas,3.7,0.25887352246480033,3.8628902271609196,High,0.004064455936516166,6,,0.0,-0.042167966880238716,adequate,0.0,Reject,net EV -4.22% is below the minimum Grade C floor,daily-engine-v1.1.0-odds-api,2026-10-08T14:28:00.276280+00:00,Reject,REJECT,False,"kickoff is 124.3h away -- outside the configured 24h money-event horizon; research grade 'Reject' is not in the actionable set ['A', 'A+', 'B']; estimated probability 25.9% is below the 50% money-qualification floor; net EV -4.22% is below the 2.00% money-qualification value floor",2026-10-13T18:45:00Z
2026-10-11,football,Eredivisie,FC Utrecht v Willem II,1x2,home,Coral,1.53,0.6257901390644753,1.597979797979798,Low,0.05778426355061018,19,,0.0,-0.04254108723135269,adequate,0.0,Reject,net EV -4.25% is below the minimum Grade C floor,daily-engine-v1.1.0-odds-api,2026-10-08T14:28:00.276280+00:00,Reject,REJECT,False,"kickoff is 67.8h away -- outside the configured 24h money-event horizon; research grade 'Reject' is not in the actionable set ['A', 'A+', 'B']; confidence 'Low' is not eligible for real-money qualification (requires one of ['High'], or ['Medium'] with every other requirement strong)",2026-10-11T10:15:00Z
2026-10-10,football,Serie A,Inter Milan v Parma,1x2,home,Smarkets,1.15,0.8325171400587659,1.2011764705882353,High,0.013172138560032211,21,,0.0,-0.04260528893241933,adequate,0.0,Reject,net EV -4.26% is below the minimum Grade C floor,daily-engine-v1.1.0-odds-api,2026-10-08T14:28:00.276280+00:00,Reject,REJECT,False,"kickoff is 49.5h away -- outside the configured 24h money-event horizon; research grade 'Reject' is not in the actionable set ['A', 'A+', 'B']; odds 1.15 are below the configured payout floor of 1.33; net EV -4.26% is below the 2.00% money-qualification value floor",2026-10-10T16:00:00Z
2026-10-13,football,Championship,Bristol City v Blackburn Rovers,1x2,home,LeoVegas,1.95,0.4908257111756331,2.0373830816743177,High,0.00833164463059163,6,,0.0,-0.04288986320751542,adequate,0.0,Reject,net EV -4.29% is below the minimum Grade C floor,daily-engine-v1.1.0-odds-api,2026-10-08T14:28:00.276280+00:00,Reject,REJECT,False,"kickoff is 124.3h away -- outside the configured 24h money-event horizon; research grade 'Reject' is not in the actionable set ['A', 'A+', 'B']; estimated probability 49.1% is below the 50% money-qualification floor; net EV -4.29% is below the 2.00% money-qualification value floor",2026-10-13T18:45:00Z
2026-10-17,football,Bundesliga,Werder Bremen v SC Paderborn,1x2,draw,BoyleSports,4.0,0.23926710975390691,4.17942942942943,High,0.00470481887986367,17,,0.0,-0.04293156098437234,adequate,0.0,Reject,net EV -4.29% is below the minimum Grade C floor,daily-engine-v1.1.0-odds-api,2026-10-08T14:28:00.276280+00:00,Reject,REJECT,False,"kickoff is 215.0h away -- outside the configured 24h money-event horizon; research grade 'Reject' is not in the actionable set ['A', 'A+', 'B']; estimated probability 23.9% is below the 50% money-qualification floor; net EV -4.29% is below the 2.00% money-qualification value floor",2026-10-17T13:30:00Z
2026-10-19,football,Serie A,Parma v Torino,1x2,away,Betfair,2.44,0.39215686274509803,2.55,High,0.0056853886550576015,15,,0.0,-0.04313725490196085,adequate,0.0,Reject,net EV -4.31% is below the minimum Grade C floor,daily-engine-v1.1.0-odds-api,2026-10-08T14:28:00.276280+00:00,Reject,REJECT,False,"kickoff is 268.3h away -- outside the configured 24h money-event horizon; research grade 'Reject' is not in the actionable set ['A', 'A+', 'B']; estimated probability 39.2% is below the 50% money-qualification floor; net EV -4.31% is below the 2.00% money-qualification value floor",2026-10-19T18:45:00Z
2026-10-09,football,Ligue 2,Pau FC v Stade Lavallois,1x2,draw,Betfair Sportsbook,3.5,0.27338390815996133,3.6578597721080346,High,0.005603124249350442,20,,0.0,-0.04315632144013526,adequate,0.0,Reject,net EV -4.32% is below the minimum Grade C floor,daily-engine-v1.1.0-odds-api,2026-10-08T14:28:00.276280+00:00,Reject,REJECT,False,"kickoff is 27.5h away -- outside the configured 24h money-event horizon; research grade 'Reject' is not in the actionable set ['A', 'A+', 'B']; estimated probability 27.3% is below the 50% money-qualification floor; net EV -4.32% is below the 2.00% money-qualification value floor",2026-10-09T18:00:00Z
2026-10-10,football,League One,Stevenage v Wigan Athletic,1x2,draw,Betfair,3.35,0.2856191439451541,3.5011658749037657,High,0.005036354515420827,20,,0.0,-0.043175867783733834,adequate,0.0,Reject,net EV -4.32% is below the minimum Grade C floor,daily-engine-v1.1.0-odds-api,2026-10-08T14:28:00.276280+00:00,Reject,REJECT,False,"kickoff is 47.5h away -- outside the configured 24h money-event horizon; research grade 'Reject' is not in the actionable set ['A', 'A+', 'B']; estimated probability 28.6% is below the 50% money-qualification floor; net EV -4.32% is below the 2.00% money-qualification value floor",2026-10-10T14:00:00Z
2026-10-10,football,Scottish Premiership,Hearts v St Mirren,1x2,home,Ladbrokes,1.48,0.646250410195798,1.5473877992542002,High,0.009729186449964108,20,,0.0,-0.043549392910218976,adequate,0.0,Reject,net EV -4.35% is below the minimum Grade C floor,daily-engine-v1.1.0-odds-api,2026-10-08T14:28:00.276280+00:00,Reject,REJECT,False,"kickoff is 47.5h away -- outside the configured 24h money-event horizon; research grade 'Reject' is not in the actionable set ['A', 'A+', 'B']; net EV -4.35% is below the 2.00% money-qualification value floor",2026-10-10T14:00:00Z
2026-10-18,football,La Liga,Real Madrid v Sevilla,1x2,home,Betway,1.25,0.765131233102123,1.306965337103849,High,0.01380625174648296,14,,0.0,-0.04358595862234618,adequate,0.0,Reject,net EV -4.36% is below the minimum Grade C floor,daily-engine-v1.1.0-odds-api,2026-10-08T14:28:00.276280+00:00,Reject,REJECT,False,"kickoff is 244.5h away -- outside the configured 24h money-event horizon; research grade 'Reject' is not in the actionable set ['A', 'A+', 'B']; odds 1.25 are below the configured payout floor of 1.33; net EV -4.36% is below the 2.00% money-qualification value floor",2026-10-18T19:00:00Z
2026-10-10,football,La Liga,Real Madrid v Villarreal,1x2,home,Smarkets,1.36,0.7031011517678172,1.4222704620603819,High,0.015339981752444637,20,,0.0,-0.043782433595768555,adequate,0.0,Reject,net EV -4.38% is below the minimum Grade C floor,daily-engine-v1.1.0-odds-api,2026-10-08T14:28:00.276280+00:00,Reject,REJECT,False,"kickoff is 52.5h away -- outside the configured 24h money-event horizon; research grade 'Reject' is not in the actionable set ['A', 'A+', 'B']; net EV -4.38% is below the 2.00% money-qualification value floor",2026-10-10T19:00:00Z
2026-10-16,football,Bundesliga,Eintracht Frankfurt v 1. FC Köln,1x2,home,Ladbrokes,1.95,0.49026890506611204,2.0396969696969696,High,0.007706773182427935,19,,0.0,-0.0439756351210816,adequate,0.0,Reject,net EV -4.40% is below the minimum Grade C floor,daily-engine-v1.1.0-odds-api,2026-10-08T14:28:00.276280+00:00,Reject,REJECT,False,"kickoff is 196.0h away -- outside the configured 24h money-event horizon; research grade 'Reject' is not in the actionable set ['A', 'A+', 'B']; estimated probability 49.0% is below the 50% money-qualification floor; net EV -4.40% is below the 2.00% money-qualification value floor",2026-10-16T18:30:00Z
2026-10-10,football,Scottish Premiership,Dundee United v Hibernian,over_under_2_5,under,Matchbook,2.28,0.4192708333333333,2.3850931677018634,High,0.003650360444066347,5,,0.0,-0.044062500000000226,adequate,0.0,Reject,net EV -4.41% is below the minimum Grade C floor,daily-engine-v1.1.0-odds-api,2026-10-08T14:28:00.276280+00:00,Reject,REJECT,False,"kickoff is 47.5h away -- outside the configured 24h money-event horizon; research grade 'Reject' is not in the actionable set ['A', 'A+', 'B']; estimated probability 41.9% is below the 50% money-qualification floor; net EV -4.41% is below the 2.00% money-qualification value floor",2026-10-10T14:00:00Z
2026-10-10,football,Bundesliga,Augsburg v Bayern Munich,1x2,away,Smarkets,1.2,0.7964089197799016,1.2556363636363637,High,0.013312109685678645,21,,0.0,-0.04430929626411814,adequate,0.0,Reject,net EV -4.43% is below the minimum Grade C floor,daily-engine-v1.1.0-odds-api,2026-10-08T14:28:00.276280+00:00,Reject,REJECT,False,"kickoff is 47.0h away -- outside the configured 24h money-event horizon; research grade 'Reject' is not in the actionable set ['A', 'A+', 'B']; odds 1.20 are below the configured payout floor of 1.33; net EV -4.43% is below the 2.00% money-qualification value floor",2026-10-10T13:30:00Z
2026-10-10,football,Serie B,Empoli v Palermo,1x2,away,Betfair,2.02,0.47308497075559985,2.113785179864886,High,0.0063465520243548065,20,,0.0,-0.0443683590736883,adequate,0.0,Reject,net EV -4.44% is below the minimum Grade C floor,daily-engine-v1.1.0-odds-api,2026-10-08T14:28:00.276280+00:00,Reject,REJECT,False,"kickoff is 46.5h away -- outside the configured 24h money-event horizon; research grade 'Reject' is not in the actionable set ['A', 'A+', 'B']; estimated probability 47.3% is below the 50% money-qualification floor; net EV -4.44% is below the 2.00% money-qualification value floor",2026-10-10T13:00:00Z
2026-10-11,football,Primeira Liga,Rio Ave FC v Nacional,1x2,home,Virgin Bet,2.33,0.41002004008016035,2.4389051808406643,High,0.01498647092296932,17,,0.0,-0.04465330661322631,adequate,0.0,Reject,net EV -4.47% is below the minimum Grade C floor,daily-engine-v1.1.0-odds-api,2026-10-08T14:28:00.276280+00:00,Reject,REJECT,False,"kickoff is 72.0h away -- outside the configured 24h money-event horizon; research grade 'Reject' is not in the actionable set ['A', 'A+', 'B']; estimated probability 41.0% is below the 50% money-qualification floor; net EV -4.47% is below the 2.00% money-qualification value floor",2026-10-11T14:30:00Z
2026-10-11,football,Belgian Pro League,Standard Liege v Charleroi,1x2,away,Grosvenor,2.33,0.4099183557098314,2.4395101757967366,Medium,0.022160442135792262,18,,0.0,-0.04489023119609292,adequate,0.0,Reject,net EV -4.49% is below the minimum Grade C floor,daily-engine-v1.1.0-odds-api,2026-10-08T14:28:00.276280+00:00,Reject,REJECT,False,"kickoff is 69.0h away -- outside the configured 24h money-event horizon; research grade 'Reject' is not in the actionable set ['A', 'A+', 'B']; estimated probability 41.0% is below the 60% money-qualification floor (the stricter Medium-confidence floor); net EV -4.49% is below the 5.00% money-qualification value floor (the stricter Medium-confidence floor)",2026-10-11T11:30:00Z
2026-10-13,football,Championship,Wolverhampton Wanderers v Bolton Wanderers,1x2,away,Casumo,7.5,0.1273409288159904,7.8529347107638525,High,0.008065462511892194,6,,0.0,-0.044943033880072036,adequate,0.0,Reject,net EV -4.49% is below the minimum Grade C floor,daily-engine-v1.1.0-odds-api,2026-10-08T14:28:00.276280+00:00,Reject,REJECT,False,"kickoff is 124.3h away -- outside the configured 24h money-event horizon; research grade 'Reject' is not in the actionable set ['A', 'A+', 'B']; estimated probability 12.7% is below the 50% money-qualification floor; net EV -4.49% is below the 2.00% money-qualification value floor",2026-10-13T18:45:00Z
2026-10-11,football,Segunda Division,Andorra CF v CD Castellón,1x2,away,Betfair,2.2,0.43407872651470025,2.3037295746538606,High,0.007465670636007659,18,,0.0,-0.04502680166765938,adequate,0.0,Reject,net EV -4.50% is below the minimum Grade C floor,daily-engine-v1.1.0-odds-api,2026-10-08T14:28:00.276280+00:00,Reject,REJECT,False,"kickoff is 69.5h away -- outside the configured 24h money-event horizon; research grade 'Reject' is not in the actionable set ['A', 'A+', 'B']; estimated probability 43.4% is below the 50% money-qualification floor; net EV -4.50% is below the 2.00% money-qualification value floor",2026-10-11T12:00:00Z
2026-10-10,football,Ligue 2,Clermont v Red Star,1x2,draw,Betfair Sportsbook,3.5,0.2727991402557439,3.6657007022181936,High,0.007449683789692909,20,,0.0,-0.045203009104896275,adequate,0.0,Reject,net EV -4.52% is below the minimum Grade C floor,daily-engine-v1.1.0-odds-api,2026-10-08T14:28:00.276280+00:00,Reject,REJECT,False,"kickoff is 45.5h away -- outside the configured 24h money-event horizon; research grade 'Reject' is not in the actionable set ['A', 'A+', 'B']; estimated probability 27.3% is below the 50% money-qualification floor; net EV -4.52% is below the 2.00% money-qualification value floor",2026-10-10T12:00:00Z
2026-10-09,football,Ligue 2,USL Dunkerque v Annecy FC,1x2,draw,Betfair Sportsbook,3.5,0.27278507035662114,3.6658897742925087,High,0.0056239629975371385,20,,0.0,-0.045252253751825955,adequate,0.0,Reject,net EV -4.53% is below the minimum Grade C floor,daily-engine-v1.1.0-odds-api,2026-10-08T14:28:00.276280+00:00,Reject,REJECT,False,"kickoff is 27.5h away -- outside the configured 24h money-event horizon; research grade 'Reject' is not in the actionable set ['A', 'A+', 'B']; estimated probability 27.3% is below the 50% money-qualification floor; net EV -4.53% is below the 2.00% money-qualification value floor",2026-10-09T18:00:00Z
2026-10-10,football,Scottish Premiership,Falkirk F.C. v Dundee FC,over_under_2_5,over,Matchbook,1.75,0.5454545454545455,1.833333333333333,High,0.004825031494158521,5,,0.0,-0.0454545454545453,adequate,0.0,Reject,net EV -4.55% is below the minimum Grade C floor,daily-engine-v1.1.0-odds-api,2026-10-08T14:28:00.276280+00:00,Reject,REJECT,False,"kickoff is 47.5h away -- outside the configured 24h money-event horizon; research grade 'Reject' is not in the actionable set ['A', 'A+', 'B']; net EV -4.55% is below the 2.00% money-qualification value floor",2026-10-10T14:00:00Z
2026-10-10,football,Scottish Premiership,Falkirk F.C. v Dundee FC,over_under_2_5,under,Matchbook,2.1,0.4545454545454546,2.1999999999999997,High,0.0048250314941585565,5,,0.0,-0.0454545454545453,adequate,0.0,Reject,net EV -4.55% is below the minimum Grade C floor,daily-engine-v1.1.0-odds-api,2026-10-08T14:28:00.276280+00:00,Reject,REJECT,False,"kickoff is 47.5h away -- outside the configured 24h money-event horizon; research grade 'Reject' is not in the actionable set ['A', 'A+', 'B']; estimated probability 45.5% is below the 50% money-qualification floor; net EV -4.55% is below the 2.00% money-qualification value floor",2026-10-10T14:00:00Z
2026-10-10,football,Serie B,Virtus Entella v Juve Stabia,1x2,draw,Unibet (UK),3.25,0.29366093061411375,3.405287853269299,High,0.008270232254326724,20,,0.0,-0.045601975504130254,adequate,0.0,Reject,net EV -4.56% is below the minimum Grade C floor,daily-engine-v1.1.0-odds-api,2026-10-08T14:28:00.276280+00:00,Reject,REJECT,False,"kickoff is 46.5h away -- outside the configured 24h money-event horizon; research grade 'Reject' is not in the actionable set ['A', 'A+', 'B']; estimated probability 29.4% is below the 50% money-qualification floor; net EV -4.56% is below the 2.00% money-qualification value floor",2026-10-10T13:00:00Z
2026-10-17,football,Serie A,Bologna v Inter Milan,1x2,away,888sport,1.65,0.578368999421631,1.729,High,0.011789931802566524,15,,0.0,-0.04569115095430892,adequate,0.0,Reject,net EV -4.57% is below the minimum Grade C floor,daily-engine-v1.1.0-odds-api,2026-10-08T14:28:00.276280+00:00,Reject,REJECT,False,"kickoff is 217.5h away -- outside the configured 24h money-event horizon; research grade 'Reject' is not in the actionable set ['A', 'A+', 'B']; net EV -4.57% is below the 2.00% money-qualification value floor",2026-10-17T16:00:00Z
2026-10-10,football,Championship,Middlesbrough v Wolverhampton Wanderers,over_under_2_5,over,William Hill,1.62,0.5890052356020942,1.697777777777778,Medium,0.005782140159227179,4,,0.0,-0.04581151832460739,adequate,0.0,Reject,net EV -4.58% is below the minimum Grade C floor,daily-engine-v1.1.0-odds-api,2026-10-08T14:28:00.276280+00:00,Reject,REJECT,False,"kickoff is 47.5h away -- outside the configured 24h money-event horizon; research grade 'Reject' is not in the actionable set ['A', 'A+', 'B']; estimated probability 58.9% is below the 60% money-qualification floor (the stricter Medium-confidence floor); net EV -4.58% is below the 5.00% money-qualification value floor (the stricter Medium-confidence floor)",2026-10-10T14:00:00Z
2026-10-18,football,Bundesliga,Bayer Leverkusen v SC Freiburg,1x2,home,Grosvenor,1.68,0.5679680150517403,1.7606625258799173,High,0.006429007345101225,17,,0.0,-0.04581373471307626,adequate,0.0,Reject,net EV -4.58% is below the minimum Grade C floor,daily-engine-v1.1.0-odds-api,2026-10-08T14:28:00.276280+00:00,Reject,REJECT,False,"kickoff is 239.0h away -- outside the configured 24h money-event horizon; research grade 'Reject' is not in the actionable set ['A', 'A+', 'B']; net EV -4.58% is below the 2.00% money-qualification value floor",2026-10-18T13:30:00Z
2026-10-11,football,Belgian Pro League,Westerlo v Royal Antwerp,1x2,draw,BoyleSports,3.8,0.2510829390375785,3.9827477081202014,Medium,0.020328747130125283,18,,0.0,-0.0458848316572017,adequate,0.0,Reject,net EV -4.59% is below the minimum Grade C floor,daily-engine-v1.1.0-odds-api,2026-10-08T14:28:00.276280+00:00,Reject,REJECT,False,"kickoff is 74.0h away -- outside the configured 24h money-event horizon; research grade 'Reject' is not in the actionable set ['A', 'A+', 'B']; estimated probability 25.1% is below the 60% money-qualification floor (the stricter Medium-confidence floor); Medium-confidence candidates require odds inside the preferred range 1.40-2.50; odds are 3.80; net EV -4.59% is below the 5.00% money-qualification value floor (the stricter Medium-confidence floor)",2026-10-11T16:30:00Z
2026-10-18,football,Eredivisie,NEC Nijmegen v Fortuna Sittard,1x2,draw,Paddy Power,5.0,0.19081779053084647,5.240601503759399,High,0.007836617926947674,7,,0.0,-0.045911047345767675,adequate,0.0,Reject,net EV -4.59% is below the minimum Grade C floor,daily-engine-v1.1.0-odds-api,2026-10-08T14:28:00.276280+00:00,Reject,REJECT,False,"kickoff is 243.5h away -- outside the configured 24h money-event horizon; research grade 'Reject' is not in the actionable set ['A', 'A+', 'B']; estimated probability 19.1% is below the 50% money-qualification floor; net EV -4.59% is below the 2.00% money-qualification value floor",2026-10-18T18:00:00Z
2026-10-18,football,Serie A,Fiorentina v Como,1x2,away,Unibet (UK),2.08,0.45859872611464975,2.1805555555555554,High,0.009176854663503169,15,,0.0,-0.04611464968152845,adequate,0.0,Reject,net EV -4.61% is below the minimum Grade C floor,daily-engine-v1.1.0-odds-api,2026-10-08T14:28:00.276280+00:00,Reject,REJECT,False,"kickoff is 238.5h away -- outside the configured 24h money-event horizon; research grade 'Reject' is not in the actionable set ['A', 'A+', 'B']; estimated probability 45.9% is below the 50% money-qualification floor; net EV -4.61% is below the 2.00% money-qualification value floor",2026-10-18T13:00:00Z
2026-10-10,football,League One,Stockport County FC v Barnsley,1x2,home,Smarkets,1.45,0.6576063130206049,1.5206666666666668,High,0.012946190778165821,21,,0.0,-0.04647084612012292,adequate,0.0,Reject,net EV -4.65% is below the minimum Grade C floor,daily-engine-v1.1.0-odds-api,2026-10-08T14:28:00.276280+00:00,Reject,REJECT,False,"kickoff is 47.5h away -- outside the configured 24h money-event horizon; research grade 'Reject' is not in the actionable set ['A', 'A+', 'B']; net EV -4.65% is below the 2.00% money-qualification value floor",2026-10-10T14:00:00Z
2026-10-14,football,Championship,Lincoln City v West Ham United,1x2,draw,LeoVegas,4.1,0.23252765402309677,4.300563751013764,High,0.002582859644390303,6,,0.0,-0.04663661850530332,adequate,0.0,Reject,net EV -4.66% is below the minimum Grade C floor,daily-engine-v1.1.0-odds-api,2026-10-08T14:28:00.276280+00:00,Reject,REJECT,False,"kickoff is 148.5h away -- outside the configured 24h money-event horizon; research grade 'Reject' is not in the actionable set ['A', 'A+', 'B']; estimated probability 23.3% is below the 50% money-qualification floor; net EV -4.66% is below the 2.00% money-qualification value floor",2026-10-14T19:00:00Z
2026-10-10,football,Segunda Division,Celta Fortuna v Real Sociedad B,1x2,home,Betfair,2.28,0.4181405416820653,2.3915404040404042,High,0.004740231032299508,18,,0.0,-0.04663956496489108,adequate,0.0,Reject,net EV -4.66% is below the minimum Grade C floor,daily-engine-v1.1.0-odds-api,2026-10-08T14:28:00.276280+00:00,Reject,REJECT,False,"kickoff is 52.5h away -- outside the configured 24h money-event horizon; research grade 'Reject' is not in the actionable set ['A', 'A+', 'B']; estimated probability 41.8% is below the 50% money-qualification floor; net EV -4.66% is below the 2.00% money-qualification value floor",2026-10-10T19:00:00Z
2026-10-17,football,Serie A,AS Roma v Genoa,1x2,home,Unibet (UK),1.33,0.7167887862376553,1.3951111111111112,High,0.016972449432201192,15,,0.0,-0.0466709143039184,adequate,0.0,Reject,net EV -4.67% is below the minimum Grade C floor,daily-engine-v1.1.0-odds-api,2026-10-08T14:28:00.276280+00:00,Reject,REJECT,False,"kickoff is 220.3h away -- outside the configured 24h money-event horizon; research grade 'Reject' is not in the actionable set ['A', 'A+', 'B']; net EV -4.67% is below the 2.00% money-qualification value floor",2026-10-17T18:45:00Z
2026-10-10,football,Ligue 2,Nantes v Stade de Reims,1x2,home,Grosvenor,2.12,0.4496723732347856,2.223841310966805,High,0.007772122936318613,20,,0.0,-0.04669456874225453,adequate,0.0,Reject,net EV -4.67% is below the minimum Grade C floor,daily-engine-v1.1.0-odds-api,2026-10-08T14:28:00.276280+00:00,Reject,REJECT,False,"kickoff is 45.5h away -- outside the configured 24h money-event horizon; research grade 'Reject' is not in the actionable set ['A', 'A+', 'B']; estimated probability 45.0% is below the 50% money-qualification floor; net EV -4.67% is below the 2.00% money-qualification value floor",2026-10-10T12:00:00Z
2026-10-18,football,Serie A,Juventus v Lazio,1x2,home,Grosvenor,1.68,0.5673397554649869,1.7626122448979595,High,0.0070993297382639774,15,,0.0,-0.046869210818822005,adequate,0.0,Reject,net EV -4.69% is below the minimum Grade C floor,daily-engine-v1.1.0-odds-api,2026-10-08T14:28:00.276280+00:00,Reject,REJECT,False,"kickoff is 244.3h away -- outside the configured 24h money-event horizon; research grade 'Reject' is not in the actionable set ['A', 'A+', 'B']; net EV -4.69% is below the 2.00% money-qualification value floor",2026-10-18T18:45:00Z
2026-10-17,football,Bundesliga,Werder Bremen v SC Paderborn,1x2,home,Grosvenor,1.85,0.5150554675118859,1.9415384615384614,High,0.0066760615107881545,17,,0.0,-0.04714738510301103,adequate,0.0,Reject,net EV -4.71% is below the minimum Grade C floor,daily-engine-v1.1.0-odds-api,2026-10-08T14:28:00.276280+00:00,Reject,REJECT,False,"kickoff is 215.0h away -- outside the configured 24h money-event horizon; research grade 'Reject' is not in the actionable set ['A', 'A+', 'B']; net EV -4.71% is below the 2.00% money-qualification value floor",2026-10-17T13:30:00Z
2026-10-11,football,Segunda Division,Almería v Leganés,1x2,draw,Betfair,4.1,0.2323949278251854,4.303019903912149,High,0.003942972787368968,17,,0.0,-0.04718079591674007,adequate,0.0,Reject,net EV -4.72% is below the minimum Grade C floor,daily-engine-v1.1.0-odds-api,2026-10-08T14:28:00.276280+00:00,Reject,REJECT,False,"kickoff is 71.8h away -- outside the configured 24h money-event horizon; research grade 'Reject' is not in the actionable set ['A', 'A+', 'B']; estimated probability 23.2% is below the 50% money-qualification floor; net EV -4.72% is below the 2.00% money-qualification value floor",2026-10-11T14:15:00Z
2026-10-11,football,Segunda Division,Cádiz CF v Sporting Gijón,1x2,home,Grosvenor,2.55,0.3735858233853379,2.6767611012063015,High,0.013707802705924784,16,,0.0,-0.04735615036738838,adequate,0.0,Reject,net EV -4.74% is below the minimum Grade C floor,daily-engine-v1.1.0-odds-api,2026-10-08T14:28:00.276280+00:00,Reject,REJECT,False,"kickoff is 76.5h away -- outside the configured 24h money-event horizon; research grade 'Reject' is not in the actionable set ['A', 'A+', 'B']; estimated probability 37.4% is below the 50% money-qualification floor; net EV -4.74% is below the 2.00% money-qualification value floor",2026-10-11T19:00:00Z
2026-10-18,football,La Liga,Celta Vigo v Alavés,1x2,home,Grosvenor,2.04,0.4669260700389105,2.1416666666666666,High,0.004425626167193403,13,,0.0,-0.047470817120622566,adequate,0.0,Reject,net EV -4.75% is below the minimum Grade C floor,daily-engine-v1.1.0-odds-api,2026-10-08T14:28:00.276280+00:00,Reject,REJECT,False,"kickoff is 239.8h away -- outside the configured 24h money-event horizon; research grade 'Reject' is not in the actionable set ['A', 'A+', 'B']; estimated probability 46.7% is below the 50% money-qualification floor; net EV -4.75% is below the 2.00% money-qualification value floor",2026-10-18T14:15:00Z
2026-10-12,football,Premier League,Coventry City v Newcastle United,over_under_2_5,over,Casumo,1.71,0.557029177718833,1.7952380952380949,High,0.011371107159875118,5,,0.0,-0.047480106100795616,adequate,0.0,Reject,net EV -4.75% is below the minimum Grade C floor,daily-engine-v1.1.0-odds-api,2026-10-08T14:28:00.276280+00:00,Reject,REJECT,False,"kickoff is 100.5h away -- outside the configured 24h money-event horizon; research grade 'Reject' is not in the actionable set ['A', 'A+', 'B']; net EV -4.75% is below the 2.00% money-qualification value floor",2026-10-12T19:00:00Z
2026-10-11,football,Serie B,Modena v Hellas Verona,1x2,away,William Hill,3.75,0.25399644760213147,3.9370629370629366,Medium,0.037319000127424194,17,,0.0,-0.04751332149200693,adequate,0.0,Reject,net EV -4.75% is below the minimum Grade C floor,daily-engine-v1.1.0-odds-api,2026-10-08T14:28:00.276280+00:00,Reject,REJECT,False,"kickoff is 75.0h away -- outside the configured 24h money-event horizon; research grade 'Reject' is not in the actionable set ['A', 'A+', 'B']; estimated probability 25.4% is below the 60% money-qualification floor (the stricter Medium-confidence floor); Medium-confidence candidates require odds inside the preferred range 1.40-2.50; odds are 3.75; net EV -4.75% is below the 5.00% money-qualification value floor (the stricter Medium-confidence floor)",2026-10-11T17:30:00Z
2026-10-11,football,Segunda Division,Andorra CF v CD Castellón,1x2,draw,Betfair,3.65,0.2609506991838877,3.8321414854509217,High,0.006585388879852461,18,,0.0,-0.04752994797880994,adequate,0.0,Reject,net EV -4.75% is below the minimum Grade C floor,daily-engine-v1.1.0-odds-api,2026-10-08T14:28:00.276280+00:00,Reject,REJECT,False,"kickoff is 69.5h away -- outside the configured 24h money-event horizon; research grade 'Reject' is not in the actionable set ['A', 'A+', 'B']; estimated probability 26.1% is below the 50% money-qualification floor; net EV -4.75% is below the 2.00% money-qualification value floor",2026-10-11T12:00:00Z
2026-10-17,football,Bundesliga,Bayern Munich v RB Leipzig,1x2,home,William Hill,1.25,0.7619738751814223,1.3123809523809524,High,0.012886893480133608,19,,0.0,-0.04753265602322207,adequate,0.0,Reject,net EV -4.75% is below the minimum Grade C floor,daily-engine-v1.1.0-odds-api,2026-10-08T14:28:00.276280+00:00,Reject,REJECT,False,"kickoff is 218.0h away -- outside the configured 24h money-event horizon; research grade 'Reject' is not in the actionable set ['A', 'A+', 'B']; odds 1.25 are below the configured payout floor of 1.33; net EV -4.75% is below the 2.00% money-qualification value floor",2026-10-17T16:30:00Z
2026-10-11,football,Serie B,Padova v Carrarese,1x2,draw,Betfair Sportsbook,3.5,0.27212364228021135,3.6748001445985325,Medium,0.022892698365990966,18,,0.0,-0.047567252019260264,adequate,0.0,Reject,net EV -4.76% is below the minimum Grade C floor,daily-engine-v1.1.0-odds-api,2026-10-08T14:28:00.276280+00:00,Reject,REJECT,False,"kickoff is 72.8h away -- outside the configured 24h money-event horizon; research grade 'Reject' is not in the actionable set ['A', 'A+', 'B']; estimated probability 27.2% is below the 60% money-qualification floor (the stricter Medium-confidence floor); Medium-confidence candidates require odds inside the preferred range 1.40-2.50; odds are 3.50; net EV -4.76% is below the 5.00% money-qualification value floor (the stricter Medium-confidence floor)",2026-10-11T15:15:00Z
2026-10-10,football,Championship,Sheffield United v Lincoln City,over_under_2_5,under,Grosvenor,1.85,0.5148247978436657,1.942408376963351,High,0.010177458595860531,5,,0.0,-0.04757412398921834,adequate,0.0,Reject,net EV -4.76% is below the minimum Grade C floor,daily-engine-v1.1.0-odds-api,2026-10-08T14:28:00.276280+00:00,Reject,REJECT,False,"kickoff is 47.5h away -- outside the configured 24h money-event horizon; research grade 'Reject' is not in the actionable set ['A', 'A+', 'B']; net EV -4.76% is below the 2.00% money-qualification value floor",2026-10-10T14:00:00Z
2026-10-11,football,2. Bundesliga,FC St. Pauli v Karlsruher SC,1x2,home,Betfair,1.76,0.541033052658037,1.8483159117305457,High,0.012017785051675807,19,,0.0,-0.04778182732185482,adequate,0.0,Reject,net EV -4.78% is below the minimum Grade C floor,daily-engine-v1.1.0-odds-api,2026-10-08T14:28:00.276280+00:00,Reject,REJECT,False,"kickoff is 69.0h away -- outside the configured 24h money-event horizon; research grade 'Reject' is not in the actionable set ['A', 'A+', 'B']; net EV -4.78% is below the 2.00% money-qualification value floor",2026-10-11T11:30:00Z
2026-10-13,football,Championship,Wolverhampton Wanderers v Bolton Wanderers,1x2,draw,Casumo,5.0,0.19036791214001542,5.252986119133885,High,0.005233040686037484,6,,0.0,-0.048160439299922864,adequate,0.0,Reject,net EV -4.82% is below the minimum Grade C floor,daily-engine-v1.1.0-odds-api,2026-10-08T14:28:00.276280+00:00,Reject,REJECT,False,"kickoff is 124.3h away -- outside the configured 24h money-event horizon; research grade 'Reject' is not in the actionable set ['A', 'A+', 'B']; estimated probability 19.0% is below the 50% money-qualification floor; net EV -4.82% is below the 2.00% money-qualification value floor",2026-10-13T18:45:00Z
2026-10-09,football,2. Bundesliga,1. FC Heidenheim v 1. FC Kaiserslautern,1x2,home,Unibet (UK),1.9,0.5009183503088996,1.9963333333333333,High,0.009310406253344066,19,,0.0,-0.048255134413090706,adequate,0.0,Reject,net EV -4.83% is below the minimum Grade C floor,daily-engine-v1.1.0-odds-api,2026-10-08T14:28:00.276280+00:00,Reject,REJECT,False,"kickoff is 26.0h away -- outside the configured 24h money-event horizon; research grade 'Reject' is not in the actionable set ['A', 'A+', 'B']; net EV -4.83% is below the 2.00% money-qualification value floor",2026-10-09T16:30:00Z
2026-10-17,football,Bundesliga,Hamburger SV v VfB Stuttgart,1x2,away,Coral,1.85,0.5143906919779547,1.9440476190476188,High,0.014856322312975585,19,,0.0,-0.04837721984078369,adequate,0.0,Reject,net EV -4.84% is below the minimum Grade C floor,daily-engine-v1.1.0-odds-api,2026-10-08T14:28:00.276280+00:00,Reject,REJECT,False,"kickoff is 215.0h away -- outside the configured 24h money-event horizon; research grade 'Reject' is not in the actionable set ['A', 'A+', 'B']; net EV -4.84% is below the 2.00% money-qualification value floor",2026-10-17T13:30:00Z
2026-10-12,football,Primeira Liga,Famalicão v Alverca,1x2,draw,Paddy Power,3.5,0.2718610726909483,3.6783493499152056,High,0.00502166446662977,18,,0.0,-0.04848624558168102,adequate,0.0,Reject,net EV -4.85% is below the minimum Grade C floor,daily-engine-v1.1.0-odds-api,2026-10-08T14:28:00.276280+00:00,Reject,REJECT,False,"kickoff is 100.8h away -- outside the configured 24h money-event horizon; research grade 'Reject' is not in the actionable set ['A', 'A+', 'B']; estimated probability 27.2% is below the 50% money-qualification floor; net EV -4.85% is below the 2.00% money-qualification value floor",2026-10-12T19:15:00Z
2026-10-10,football,League One,Cambridge United v Blackpool,1x2,home,Betfair,2.06,0.4618473895582329,2.1652173913043478,High,0.005328311005044727,21,,0.0,-0.0485943775100402,adequate,0.0,Reject,net EV -4.86% is below the minimum Grade C floor,daily-engine-v1.1.0-odds-api,2026-10-08T14:28:00.276280+00:00,Reject,REJECT,False,"kickoff is 47.5h away -- outside the configured 24h money-event horizon; research grade 'Reject' is not in the actionable set ['A', 'A+', 'B']; estimated probability 46.2% is below the 50% money-qualification floor; net EV -4.86% is below the 2.00% money-qualification value floor",2026-10-10T14:00:00Z
2026-10-11,football,Segunda Division,Mallorca v Las Palmas,1x2,home,Betfair,1.61,0.5909090909090909,1.6923076923076923,High,0.007306657312685205,16,,0.0,-0.04863636363636353,adequate,0.0,Reject,net EV -4.86% is below the minimum Grade C floor,daily-engine-v1.1.0-odds-api,2026-10-08T14:28:00.276280+00:00,Reject,REJECT,False,"kickoff is 74.0h away -- outside the configured 24h money-event horizon; research grade 'Reject' is not in the actionable set ['A', 'A+', 'B']; net EV -4.86% is below the 2.00% money-qualification value floor",2026-10-11T16:30:00Z
2026-10-10,football,Belgian Pro League,Cercle Brugge KSV v Anderlecht,1x2,away,Ladbrokes,2.0,0.47536498094383384,2.1036467558348684,High,0.012565819796403374,18,,0.0,-0.049270038112332326,adequate,0.0,Reject,net EV -4.93% is below the minimum Grade C floor,daily-engine-v1.1.0-odds-api,2026-10-08T14:28:00.276280+00:00,Reject,REJECT,False,"kickoff is 47.5h away -- outside the configured 24h money-event horizon; research grade 'Reject' is not in the actionable set ['A', 'A+', 'B']; estimated probability 47.5% is below the 50% money-qualification floor; net EV -4.93% is below the 2.00% money-qualification value floor",2026-10-10T14:00:00Z
2026-10-12,football,Ligue 2,Dijon v Metz,1x2,away,Grosvenor,2.55,0.37276138178409074,2.682681331456207,High,0.00955135632227934,16,,0.0,-0.04945847645056878,adequate,0.0,Reject,net EV -4.95% is below the minimum Grade C floor,daily-engine-v1.1.0-odds-api,2026-10-08T14:28:00.276280+00:00,Reject,REJECT,False,"kickoff is 100.3h away -- outside the configured 24h money-event horizon; research grade 'Reject' is not in the actionable set ['A', 'A+', 'B']; estimated probability 37.3% is below the 50% money-qualification floor; net EV -4.95% is below the 2.00% money-qualification value floor",2026-10-12T18:45:00Z
2026-10-14,football,Championship,Lincoln City v West Ham United,1x2,home,Casumo,4.9,0.19391438020558,5.156915123777006,High,0.007371934159492107,6,,0.0,-0.04981953699265795,adequate,0.0,Reject,net EV -4.98% is below the minimum Grade C floor,daily-engine-v1.1.0-odds-api,2026-10-08T14:28:00.276280+00:00,Reject,REJECT,False,"kickoff is 148.5h away -- outside the configured 24h money-event horizon; research grade 'Reject' is not in the actionable set ['A', 'A+', 'B']; estimated probability 19.4% is below the 50% money-qualification floor; net EV -4.98% is below the 2.00% money-qualification value floor",2026-10-14T19:00:00Z
2026-10-18,football,Premier League,Brighton and Hove Albion v Crystal Palace,over_under_2_5,under,Casumo,2.38,0.39922739444284927,2.5048381296468203,Medium,0.002360808622261521,4,,0.0,-0.0498388012260188,adequate,0.0,Reject,net EV -4.98% is below the minimum Grade C floor,daily-engine-v1.1.0-odds-api,2026-10-08T14:28:00.276280+00:00,Reject,REJECT,False,"kickoff is 238.5h away -- outside the configured 24h money-event horizon; research grade 'Reject' is not in the actionable set ['A', 'A+', 'B']; estimated probability 39.9% is below the 60% money-qualification floor (the stricter Medium-confidence floor); net EV -4.98% is below the 5.00% money-qualification value floor (the stricter Medium-confidence floor)",2026-10-18T13:00:00Z
2026-10-10,football,2. Bundesliga,1. FC Nürnberg v VfL Wolfsburg,1x2,away,Unibet (UK),2.5,0.38,2.6315789473684212,High,0.0065674545718234275,19,,0.0,-0.04999999999999993,adequate,0.0,Reject,net EV -5.00% is below the minimum Grade C floor,daily-engine-v1.1.0-odds-api,2026-10-08T14:28:00.276280+00:00,Reject,REJECT,False,"kickoff is 52.0h away -- outside the configured 24h money-event horizon; research grade 'Reject' is not in the actionable set ['A', 'A+', 'B']; estimated probability 38.0% is below the 50% money-qualification floor; net EV -5.00% is below the 2.00% money-qualification value floor",2026-10-10T18:30:00Z
2026-10-18,football,Ligue 1,Paris FC v Rennes,1x2,draw,888sport,3.5,0.2714007782101167,3.684587813620072,High,0.010961734781603956,15,,0.0,-0.050097276264591595,adequate,0.0,Reject,net EV -5.01% is below the minimum Grade C floor,daily-engine-v1.1.0-odds-api,2026-10-08T14:28:00.276280+00:00,Reject,REJECT,False,"kickoff is 240.8h away -- outside the configured 24h money-event horizon; research grade 'Reject' is not in the actionable set ['A', 'A+', 'B']; estimated probability 27.1% is below the 50% money-qualification floor; net EV -5.01% is below the 2.00% money-qualification value floor",2026-10-18T15:15:00Z
2026-10-18,football,Ligue 1,Lyon v Nice,1x2,draw,Betfred (UK),4.0,0.2374472078836227,4.211462450592886,Medium,0.023612489128754938,15,,0.0,-0.050211168465509215,adequate,0.0,Reject,net EV -5.02% is below the minimum Grade C floor,daily-engine-v1.1.0-odds-api,2026-10-08T14:28:00.276280+00:00,Reject,REJECT,False,"kickoff is 244.3h away -- outside the configured 24h money-event horizon; research grade 'Reject' is not in the actionable set ['A', 'A+', 'B']; estimated probability 23.7% is below the 60% money-qualification floor (the stricter Medium-confidence floor); Medium-confidence candidates require odds inside the preferred range 1.40-2.50; odds are 4.00; net EV -5.02% is below the 5.00% money-qualification value floor (the stricter Medium-confidence floor)",2026-10-18T18:45:00Z
2026-10-10,football,Premier League,Arsenal v Leeds United,over_under_2_5,under,William Hill,2.0,0.47472679045092836,2.1064747558277275,Medium,0.004787516613717604,4,,0.0,-0.05054641909814328,adequate,0.0,Reject,net EV -5.05% is below the minimum Grade C floor,daily-engine-v1.1.0-odds-api,2026-10-08T14:28:00.276280+00:00,Reject,REJECT,False,"kickoff is 45.0h away -- outside the configured 24h money-event horizon; research grade 'Reject' is not in the actionable set ['A', 'A+', 'B']; estimated probability 47.5% is below the 60% money-qualification floor (the stricter Medium-confidence floor); net EV -5.05% is below the 5.00% money-qualification value floor (the stricter Medium-confidence floor)",2026-10-10T11:30:00Z
2026-10-17,football,Premier League,Newcastle United v Aston Villa,over_under_2_5,over,Casumo,1.61,0.589374412672842,1.6967143101190139,Medium,0.0014486473207359638,4,,0.0,-0.051107195596724386,adequate,0.0,Reject,net EV -5.11% is below the minimum Grade C floor,daily-engine-v1.1.0-odds-api,2026-10-08T14:28:00.276280+00:00,Reject,REJECT,False,"kickoff is 218.0h away -- outside the configured 24h money-event horizon; research grade 'Reject' is not in the actionable set ['A', 'A+', 'B']; estimated probability 58.9% is below the 60% money-qualification floor (the stricter Medium-confidence floor); net EV -5.11% is below the 5.00% money-qualification value floor (the stricter Medium-confidence floor)",2026-10-17T16:30:00Z
2026-10-18,football,Premier League,Bournemouth v Sunderland,over_under_2_5,over,Casumo,1.81,0.5241518113858539,1.907844212835985,Medium,0.00290363208328663,4,,0.0,-0.05128522139160446,adequate,0.0,Reject,net EV -5.13% is below the minimum Grade C floor,daily-engine-v1.1.0-odds-api,2026-10-08T14:28:00.276280+00:00,Reject,REJECT,False,"kickoff is 238.5h away -- outside the configured 24h money-event horizon; research grade 'Reject' is not in the actionable set ['A', 'A+', 'B']; estimated probability 52.4% is below the 60% money-qualification floor (the stricter Medium-confidence floor); net EV -5.13% is below the 5.00% money-qualification value floor (the stricter Medium-confidence floor)",2026-10-18T13:00:00Z
2026-10-09,football,2. Bundesliga,Eintracht Braunschweig v Holstein Kiel,1x2,away,Betfair,2.44,0.38880938582900665,2.571954372623574,High,0.004466544729888572,19,,0.0,-0.05130509857722376,adequate,0.0,Reject,net EV -5.13% is below the minimum Grade C floor,daily-engine-v1.1.0-odds-api,2026-10-08T14:28:00.276280+00:00,Reject,REJECT,False,"kickoff is 26.0h away -- outside the configured 24h money-event horizon; research grade 'Reject' is not in the actionable set ['A', 'A+', 'B']; estimated probability 38.9% is below the 50% money-qualification floor; net EV -5.13% is below the 2.00% money-qualification value floor",2026-10-09T16:30:00Z
2026-10-11,football,Premier League,Crystal Palace v Nottingham Forest,over_under_2_5,over,Matchbook,1.97,0.4814814814814815,2.0769230769230766,High,0.011874460024355925,5,,0.0,-0.05148148148148146,adequate,0.0,Reject,net EV -5.15% is below the minimum Grade C floor,daily-engine-v1.1.0-odds-api,2026-10-08T14:28:00.276280+00:00,Reject,REJECT,False,"kickoff is 70.5h away -- outside the configured 24h money-event horizon; research grade 'Reject' is not in the actionable set ['A', 'A+', 'B']; estimated probability 48.1% is below the 50% money-qualification floor; net EV -5.15% is below the 2.00% money-qualification value floor",2026-10-11T13:00:00Z
2026-10-18,football,Ligue 1,Lyon v Nice,1x2,home,Betfred (UK),1.67,0.5677050222504768,1.761478163493841,Low,0.058781256589549406,15,,0.0,-0.05193261284170375,adequate,0.0,Reject,net EV -5.19% is below the minimum Grade C floor,daily-engine-v1.1.0-odds-api,2026-10-08T14:28:00.276280+00:00,Reject,REJECT,False,"kickoff is 244.3h away -- outside the configured 24h money-event horizon; research grade 'Reject' is not in the actionable set ['A', 'A+', 'B']; confidence 'Low' is not eligible for real-money qualification (requires one of ['High'], or ['Medium'] with every other requirement strong)",2026-10-18T18:45:00Z
2026-10-10,football,Championship,Swansea City v Norwich City,over_under_2_5,over,William Hill,1.73,0.547872340425532,1.8252427184466016,Medium,0.006737919075666262,4,,0.0,-0.052180851063829636,adequate,0.0,Reject,net EV -5.22% is below the minimum Grade C floor,daily-engine-v1.1.0-odds-api,2026-10-08T14:28:00.276280+00:00,Reject,REJECT,False,"kickoff is 45.0h away -- outside the configured 24h money-event horizon; research grade 'Reject' is not in the actionable set ['A', 'A+', 'B']; estimated probability 54.8% is below the 60% money-qualification floor (the stricter Medium-confidence floor); net EV -5.22% is below the 5.00% money-qualification value floor (the stricter Medium-confidence floor)",2026-10-10T11:30:00Z
2026-10-11,football,Segunda Division,Cádiz CF v Sporting Gijón,1x2,draw,Paddy Power,3.25,0.29162809152228536,3.429024943310658,Medium,0.025955066004670756,16,,0.0,-0.052208702552572595,adequate,0.0,Reject,net EV -5.22% is below the minimum Grade C floor,daily-engine-v1.1.0-odds-api,2026-10-08T14:28:00.276280+00:00,Reject,REJECT,False,"kickoff is 76.5h away -- outside the configured 24h money-event horizon; research grade 'Reject' is not in the actionable set ['A', 'A+', 'B']; estimated probability 29.2% is below the 60% money-qualification floor (the stricter Medium-confidence floor); Medium-confidence candidates require odds inside the preferred range 1.40-2.50; odds are 3.25; net EV -5.22% is below the 5.00% money-qualification value floor (the stricter Medium-confidence floor)",2026-10-11T19:00:00Z
2026-10-14,football,Championship,Queens Park Rangers v Derby County,1x2,away,Casumo,4.3,0.2203230423387002,4.53878990315825,High,0.009182969197705775,6,,0.0,-0.052610917943589186,adequate,0.0,Reject,net EV -5.26% is below the minimum Grade C floor,daily-engine-v1.1.0-odds-api,2026-10-08T14:28:00.276280+00:00,Reject,REJECT,False,"kickoff is 148.3h away -- outside the configured 24h money-event horizon; research grade 'Reject' is not in the actionable set ['A', 'A+', 'B']; estimated probability 22.0% is below the 50% money-qualification floor; net EV -5.26% is below the 2.00% money-qualification value floor",2026-10-14T18:45:00Z
2026-10-16,football,La Liga,Deportivo La Coruña v Levante,1x2,home,Betfred (UK),2.1,0.45092838196286467,2.2176470588235295,High,0.006321622554190987,13,,0.0,-0.05305039787798416,adequate,0.0,Reject,net EV -5.31% is below the minimum Grade C floor,daily-engine-v1.1.0-odds-api,2026-10-08T14:28:00.276280+00:00,Reject,REJECT,False,"kickoff is 196.5h away -- outside the configured 24h money-event horizon; research grade 'Reject' is not in the actionable set ['A', 'A+', 'B']; estimated probability 45.1% is below the 50% money-qualification floor; net EV -5.31% is below the 2.00% money-qualification value floor",2026-10-16T19:00:00Z
2026-10-11,football,Premier League,Liverpool v Manchester City,over_under_2_5,over,Casumo,1.6,0.5918367346938775,1.6896551724137931,Medium,0.0030468182370226135,3,,0.0,-0.05306122448979589,adequate,0.0,Reject,net EV -5.31% is below the minimum Grade C floor,daily-engine-v1.1.0-odds-api,2026-10-08T14:28:00.276280+00:00,Reject,REJECT,False,"kickoff is 73.0h away -- outside the configured 24h money-event horizon; research grade 'Reject' is not in the actionable set ['A', 'A+', 'B']; estimated probability 59.2% is below the 60% money-qualification floor (the stricter Medium-confidence floor); net EV -5.31% is below the 5.00% money-qualification value floor (the stricter Medium-confidence floor)",2026-10-11T15:30:00Z
2026-10-11,football,Premier League,Liverpool v Manchester City,over_under_2_5,under,Grosvenor,2.32,0.40816326530612246,2.4499999999999997,Medium,0.0030468182370225476,3,,0.0,-0.053061224489796,adequate,0.0,Reject,net EV -5.31% is below the minimum Grade C floor,daily-engine-v1.1.0-odds-api,2026-10-08T14:28:00.276280+00:00,Reject,REJECT,False,"kickoff is 73.0h away -- outside the configured 24h money-event horizon; research grade 'Reject' is not in the actionable set ['A', 'A+', 'B']; estimated probability 40.8% is below the 60% money-qualification floor (the stricter Medium-confidence floor); net EV -5.31% is below the 5.00% money-qualification value floor (the stricter Medium-confidence floor)",2026-10-11T15:30:00Z
2026-10-13,football,Championship,Bristol City v Blackburn Rovers,1x2,away,Casumo,3.85,0.2457467577089501,4.0692296790517535,High,0.006919758266297349,6,,0.0,-0.05387498282054215,adequate,0.0,Reject,net EV -5.39% is below the minimum Grade C floor,daily-engine-v1.1.0-odds-api,2026-10-08T14:28:00.276280+00:00,Reject,REJECT,False,"kickoff is 124.3h away -- outside the configured 24h money-event horizon; research grade 'Reject' is not in the actionable set ['A', 'A+', 'B']; estimated probability 24.6% is below the 50% money-qualification floor; net EV -5.39% is below the 2.00% money-qualification value floor",2026-10-13T18:45:00Z
2026-10-11,football,Serie B,US Catanzaro 1929 v Mantova,1x2,home,Matchbook,2.36,0.40081122882801706,2.4949400817038665,High,0.0037248652530129257,20,,0.0,-0.05408549996587986,adequate,0.0,Reject,net EV -5.41% is below the minimum Grade C floor,daily-engine-v1.1.0-odds-api,2026-10-08T14:28:00.276280+00:00,Reject,REJECT,False,"kickoff is 70.5h away -- outside the configured 24h money-event horizon; research grade 'Reject' is not in the actionable set ['A', 'A+', 'B']; estimated probability 40.1% is below the 50% money-qualification floor; net EV -5.41% is below the 2.00% money-qualification value floor",2026-10-11T13:00:00Z
2026-10-10,football,Premier League,Aston Villa v Brentford,over_under_2_5,over,William Hill,1.67,0.5664067003492591,1.7655158376187596,Medium,0.004203982507905649,4,,0.0,-0.05410081041673731,adequate,0.0,Reject,net EV -5.41% is below the minimum Grade C floor,daily-engine-v1.1.0-odds-api,2026-10-08T14:28:00.276280+00:00,Reject,REJECT,False,"kickoff is 47.5h away -- outside the configured 24h money-event horizon; research grade 'Reject' is not in the actionable set ['A', 'A+', 'B']; estimated probability 56.6% is below the 60% money-qualification floor (the stricter Medium-confidence floor); net EV -5.41% is below the 5.00% money-qualification value floor (the stricter Medium-confidence floor)",2026-10-10T14:00:00Z
2026-10-18,football,Premier League,Leeds United v Manchester United,over_under_2_5,over,William Hill,1.67,0.5664067003492591,1.7655158376187596,Medium,0.013055839549847636,4,,0.0,-0.05410081041673731,adequate,0.0,Reject,net EV -5.41% is below the minimum Grade C floor,daily-engine-v1.1.0-odds-api,2026-10-08T14:28:00.276280+00:00,Reject,REJECT,False,"kickoff is 238.5h away -- outside the configured 24h money-event horizon; research grade 'Reject' is not in the actionable set ['A', 'A+', 'B']; estimated probability 56.6% is below the 60% money-qualification floor (the stricter Medium-confidence floor); net EV -5.41% is below the 5.00% money-qualification value floor (the stricter Medium-confidence floor)",2026-10-18T13:00:00Z
2026-10-10,football,Serie B,Virtus Entella v Juve Stabia,1x2,home,Betfair Sportsbook,2.1,0.4503216251349722,2.2206350843139635,High,0.006995927644955585,20,,0.0,-0.05432458721655831,adequate,0.0,Reject,net EV -5.43% is below the minimum Grade C floor,daily-engine-v1.1.0-odds-api,2026-10-08T14:28:00.276280+00:00,Reject,REJECT,False,"kickoff is 46.5h away -- outside the configured 24h money-event horizon; research grade 'Reject' is not in the actionable set ['A', 'A+', 'B']; estimated probability 45.0% is below the 50% money-qualification floor; net EV -5.43% is below the 2.00% money-qualification value floor",2026-10-10T13:00:00Z
2026-10-10,football,Belgian Pro League,RAAL La Louvière v Club Brugge,1x2,away,Betfair,1.4,0.6754011781434085,1.4806015037593985,High,0.010637036869970123,19,,0.0,-0.054438350599228136,adequate,0.0,Reject,net EV -5.44% is below the minimum Grade C floor,daily-engine-v1.1.0-odds-api,2026-10-08T14:28:00.276280+00:00,Reject,REJECT,False,"kickoff is 49.8h away -- outside the configured 24h money-event horizon; research grade 'Reject' is not in the actionable set ['A', 'A+', 'B']; net EV -5.44% is below the 2.00% money-qualification value floor",2026-10-10T16:15:00Z
2026-10-10,football,Premier League,Arsenal v Leeds United,over_under_2_5,over,Grosvenor,1.8,0.5252732095490716,1.9037711838729876,Medium,0.004787516613717638,4,,0.0,-0.054508222811671,adequate,0.0,Reject,net EV -5.45% is below the minimum Grade C floor,daily-engine-v1.1.0-odds-api,2026-10-08T14:28:00.276280+00:00,Reject,REJECT,False,"kickoff is 45.0h away -- outside the configured 24h money-event horizon; research grade 'Reject' is not in the actionable set ['A', 'A+', 'B']; estimated probability 52.5% is below the 60% money-qualification floor (the stricter Medium-confidence floor); net EV -5.45% is below the 5.00% money-qualification value floor (the stricter Medium-confidence floor)",2026-10-10T11:30:00Z
2026-10-10,football,Ligue 2,Saint Etienne v Rodez AF,1x2,home,Unibet (UK),1.42,0.6657505949995715,1.50206399740528,High,0.013263428263942658,20,,0.0,-0.054634155100608595,adequate,0.0,Reject,net EV -5.46% is below the minimum Grade C floor,daily-engine-v1.1.0-odds-api,2026-10-08T14:28:00.276280+00:00,Reject,REJECT,False,"kickoff is 51.5h away -- outside the configured 24h money-event horizon; research grade 'Reject' is not in the actionable set ['A', 'A+', 'B']; net EV -5.46% is below the 2.00% money-qualification value floor",2026-10-10T18:00:00Z
2026-10-10,football,Championship,Middlesbrough v Wolverhampton Wanderers,over_under_2_5,under,LeoVegas,2.3,0.4109947643979057,2.4331210191082806,Medium,0.005782140159227251,4,,0.0,-0.05471204188481693,adequate,0.0,Reject,net EV -5.47% is below the minimum Grade C floor,daily-engine-v1.1.0-odds-api,2026-10-08T14:28:00.276280+00:00,Reject,REJECT,False,"kickoff is 47.5h away -- outside the configured 24h money-event horizon; research grade 'Reject' is not in the actionable set ['A', 'A+', 'B']; estimated probability 41.1% is below the 60% money-qualification floor (the stricter Medium-confidence floor); net EV -5.47% is below the 5.00% money-qualification value floor (the stricter Medium-confidence floor)",2026-10-10T14:00:00Z
2026-10-10,football,Premier League,Aston Villa v Brentford,over_under_2_5,under,Casumo,2.18,0.4335932996507409,2.306308701738471,Medium,0.0042039825079057055,4,,0.0,-0.054766606761384784,adequate,0.0,Reject,net EV -5.48% is below the minimum Grade C floor,daily-engine-v1.1.0-odds-api,2026-10-08T14:28:00.276280+00:00,Reject,REJECT,False,"kickoff is 47.5h away -- outside the configured 24h money-event horizon; research grade 'Reject' is not in the actionable set ['A', 'A+', 'B']; estimated probability 43.4% is below the 60% money-qualification floor (the stricter Medium-confidence floor); net EV -5.48% is below the 5.00% money-qualification value floor (the stricter Medium-confidence floor)",2026-10-10T14:00:00Z
2026-10-11,football,Serie B,Modena v Hellas Verona,1x2,draw,Betfair,3.35,0.2821486706456864,3.544230769230769,Medium,0.025407443947550262,17,,0.0,-0.05480195333695059,adequate,0.0,Reject,net EV -5.48% is below the minimum Grade C floor,daily-engine-v1.1.0-odds-api,2026-10-08T14:28:00.276280+00:00,Reject,REJECT,False,"kickoff is 75.0h away -- outside the configured 24h money-event horizon; research grade 'Reject' is not in the actionable set ['A', 'A+', 'B']; estimated probability 28.2% is below the 60% money-qualification floor (the stricter Medium-confidence floor); Medium-confidence candidates require odds inside the preferred range 1.40-2.50; odds are 3.35; net EV -5.48% is below the 5.00% money-qualification value floor (the stricter Medium-confidence floor)",2026-10-11T17:30:00Z
2026-10-13,football,Championship,Cardiff City v Watford,1x2,draw,LeoVegas,3.9,0.24234367207371132,4.126371410662787,High,0.0028476631355974454,6,,0.0,-0.054859678912525855,adequate,0.0,Reject,net EV -5.49% is below the minimum Grade C floor,daily-engine-v1.1.0-odds-api,2026-10-08T14:28:00.276280+00:00,Reject,REJECT,False,"kickoff is 124.3h away -- outside the configured 24h money-event horizon; research grade 'Reject' is not in the actionable set ['A', 'A+', 'B']; estimated probability 24.2% is below the 50% money-qualification floor; net EV -5.49% is below the 2.00% money-qualification value floor",2026-10-13T18:45:00Z
2026-10-14,football,Championship,Norwich City v Southampton,1x2,home,LeoVegas,2.2,0.42960732582050953,2.3277070475697643,High,0.006193239642860116,6,,0.0,-0.054863883194879004,adequate,0.0,Reject,net EV -5.49% is below the minimum Grade C floor,daily-engine-v1.1.0-odds-api,2026-10-08T14:28:00.276280+00:00,Reject,REJECT,False,"kickoff is 148.3h away -- outside the configured 24h money-event horizon; research grade 'Reject' is not in the actionable set ['A', 'A+', 'B']; estimated probability 43.0% is below the 50% money-qualification floor; net EV -5.49% is below the 2.00% money-qualification value floor",2026-10-14T18:45:00Z
2026-10-09,football,Ligue 2,Nancy v Guingamp,1x2,home,Betfair Sportsbook,2.1,0.45006062106330647,2.2219228992694697,High,0.007081270033487816,20,,0.0,-0.05487269576705639,adequate,0.0,Reject,net EV -5.49% is below the minimum Grade C floor,daily-engine-v1.1.0-odds-api,2026-10-08T14:28:00.276280+00:00,Reject,REJECT,False,"kickoff is 27.5h away -- outside the configured 24h money-event horizon; research grade 'Reject' is not in the actionable set ['A', 'A+', 'B']; estimated probability 45.0% is below the 50% money-qualification floor; net EV -5.49% is below the 2.00% money-qualification value floor",2026-10-09T18:00:00Z
2026-10-18,football,Ligue 1,Angers v Marseille,1x2,away,William Hill,2.15,0.4395144411887819,2.275238095238095,Medium,0.026913048886089024,15,,0.0,-0.05504395144411889,adequate,0.0,Reject,net EV -5.50% is below the minimum Grade C floor,daily-engine-v1.1.0-odds-api,2026-10-08T14:28:00.276280+00:00,Reject,REJECT,False,"kickoff is 238.5h away -- outside the configured 24h money-event horizon; research grade 'Reject' is not in the actionable set ['A', 'A+', 'B']; estimated probability 44.0% is below the 60% money-qualification floor (the stricter Medium-confidence floor); net EV -5.50% is below the 5.00% money-qualification value floor (the stricter Medium-confidence floor)",2026-10-18T13:00:00Z
2026-10-16,football,Eredivisie,Heerenveen v Excelsior,1x2,home,Grosvenor,1.79,0.527897869175015,1.894305808740569,High,0.009140801745266623,12,,0.0,-0.055062814176723096,adequate,0.0,Reject,net EV -5.51% is below the minimum Grade C floor,daily-engine-v1.1.0-odds-api,2026-10-08T14:28:00.276280+00:00,Reject,REJECT,False,"kickoff is 195.5h away -- outside the configured 24h money-event horizon; research grade 'Reject' is not in the actionable set ['A', 'A+', 'B']; net EV -5.51% is below the 2.00% money-qualification value floor",2026-10-16T18:00:00Z
2026-10-11,football,2. Bundesliga,Hertha Berlin v Greuther Fürth,1x2,home,Betfair,1.6,0.5905458116254331,1.6933487297921477,High,0.009439502862995434,19,,0.0,-0.05512670139930703,adequate,0.0,Reject,net EV -5.51% is below the minimum Grade C floor,daily-engine-v1.1.0-odds-api,2026-10-08T14:28:00.276280+00:00,Reject,REJECT,False,"kickoff is 69.0h away -- outside the configured 24h money-event horizon; research grade 'Reject' is not in the actionable set ['A', 'A+', 'B']; net EV -5.51% is below the 2.00% money-qualification value floor",2026-10-11T11:30:00Z
2026-10-18,football,Premier League,Nottingham Forest v Arsenal,over_under_2_5,over,William Hill,1.85,0.5105820105820106,1.9585492227979275,Medium,0.010610228878491553,4,,0.0,-0.055423280423280374,adequate,0.0,Reject,net EV -5.54% is below the minimum Grade C floor,daily-engine-v1.1.0-odds-api,2026-10-08T14:28:00.276280+00:00,Reject,REJECT,False,"kickoff is 241.0h away -- outside the configured 24h money-event horizon; research grade 'Reject' is not in the actionable set ['A', 'A+', 'B']; estimated probability 51.1% is below the 60% money-qualification floor (the stricter Medium-confidence floor); net EV -5.54% is below the 5.00% money-qualification value floor (the stricter Medium-confidence floor)",2026-10-18T15:30:00Z
2026-10-17,football,Premier League,Newcastle United v Aston Villa,over_under_2_5,under,Grosvenor,2.3,0.410625587327158,2.435308541070699,Medium,0.0014486473207359785,4,,0.0,-0.055561149147536626,adequate,0.0,Reject,net EV -5.56% is below the minimum Grade C floor,daily-engine-v1.1.0-odds-api,2026-10-08T14:28:00.276280+00:00,Reject,REJECT,False,"kickoff is 218.0h away -- outside the configured 24h money-event horizon; research grade 'Reject' is not in the actionable set ['A', 'A+', 'B']; estimated probability 41.1% is below the 60% money-qualification floor (the stricter Medium-confidence floor); net EV -5.56% is below the 5.00% money-qualification value floor (the stricter Medium-confidence floor)",2026-10-17T16:30:00Z
2026-10-17,football,Ligue 1,Strasbourg v Paris Saint Germain,1x2,away,Grosvenor,1.42,0.6648856593289164,1.50401800064288,High,0.007843839396411522,15,,0.0,-0.05586236375293874,adequate,0.0,Reject,net EV -5.59% is below the minimum Grade C floor,daily-engine-v1.1.0-odds-api,2026-10-08T14:28:00.276280+00:00,Reject,REJECT,False,"kickoff is 216.8h away -- outside the configured 24h money-event horizon; research grade 'Reject' is not in the actionable set ['A', 'A+', 'B']; net EV -5.59% is below the 2.00% money-qualification value floor",2026-10-17T15:15:00Z
2026-10-16,football,Ligue 1,Le Mans FC v Toulouse,1x2,away,Unibet (UK),2.25,0.41953203622945323,2.383608195902049,High,0.005463848035755087,15,,0.0,-0.056052918483730174,adequate,0.0,Reject,net EV -5.61% is below the minimum Grade C floor,daily-engine-v1.1.0-odds-api,2026-10-08T14:28:00.276280+00:00,Reject,REJECT,False,"kickoff is 196.3h away -- outside the configured 24h money-event horizon; research grade 'Reject' is not in the actionable set ['A', 'A+', 'B']; estimated probability 42.0% is below the 50% money-qualification floor; net EV -5.61% is below the 2.00% money-qualification value floor",2026-10-16T18:45:00Z
2026-10-11,football,Segunda Division,Almería v Leganés,1x2,away,Paddy Power,4.75,0.19869484756988406,5.032843137254902,Medium,0.03416797954108912,17,,0.0,-0.0561994740430507,adequate,0.0,Reject,net EV -5.62% is below the minimum Grade C floor,daily-engine-v1.1.0-odds-api,2026-10-08T14:28:00.276280+00:00,Reject,REJECT,False,"kickoff is 71.8h away -- outside the configured 24h money-event horizon; research grade 'Reject' is not in the actionable set ['A', 'A+', 'B']; estimated probability 19.9% is below the 60% money-qualification floor (the stricter Medium-confidence floor); Medium-confidence candidates require odds inside the preferred range 1.40-2.50; odds are 4.75; net EV -5.62% is below the 5.00% money-qualification value floor (the stricter Medium-confidence floor)",2026-10-11T14:15:00Z
2026-10-12,football,Segunda Division,Oviedo v SD Eibar,1x2,away,William Hill,3.4,0.27757125154894674,3.602678571428571,High,0.009346676647027099,15,,0.0,-0.05625774473358103,adequate,0.0,Reject,net EV -5.63% is below the minimum Grade C floor,daily-engine-v1.1.0-odds-api,2026-10-08T14:28:00.276280+00:00,Reject,REJECT,False,"kickoff is 98.0h away -- outside the configured 24h money-event horizon; research grade 'Reject' is not in the actionable set ['A', 'A+', 'B']; estimated probability 27.8% is below the 50% money-qualification floor; net EV -5.63% is below the 2.00% money-qualification value floor",2026-10-12T16:30:00Z
2026-10-17,football,Eredivisie,SC Telstar v Feyenoord,1x2,away,Casumo,1.36,0.6938498389239117,1.4412340306238236,High,0.012360819917016583,12,,0.0,-0.05636421906347999,adequate,0.0,Reject,net EV -5.64% is below the minimum Grade C floor,daily-engine-v1.1.0-odds-api,2026-10-08T14:28:00.276280+00:00,Reject,REJECT,False,"kickoff is 219.5h away -- outside the configured 24h money-event horizon; research grade 'Reject' is not in the actionable set ['A', 'A+', 'B']; net EV -5.64% is below the 2.00% money-qualification value floor",2026-10-17T18:00:00Z
2026-10-11,football,Primeira Liga,Rio Ave FC v Nacional,1x2,draw,Betfair Sportsbook,3.3,0.2858844550327576,3.4979166666666663,Medium,0.0293442873612034,17,,0.0,-0.05658129839189996,adequate,0.0,Reject,net EV -5.66% is below the minimum Grade C floor,daily-engine-v1.1.0-odds-api,2026-10-08T14:28:00.276280+00:00,Reject,REJECT,False,"kickoff is 72.0h away -- outside the configured 24h money-event horizon; research grade 'Reject' is not in the actionable set ['A', 'A+', 'B']; estimated probability 28.6% is below the 60% money-qualification floor (the stricter Medium-confidence floor); Medium-confidence candidates require odds inside the preferred range 1.40-2.50; odds are 3.30; net EV -5.66% is below the 5.00% money-qualification value floor (the stricter Medium-confidence floor)",2026-10-11T14:30:00Z
2026-10-13,football,Championship,Wolverhampton Wanderers v Bolton Wanderers,1x2,home,LeoVegas,1.38,0.6828424924836665,1.4644665658734175,High,0.013188336523444186,6,,0.0,-0.05767736037254034,adequate,0.0,Reject,net EV -5.77% is below the minimum Grade C floor,daily-engine-v1.1.0-odds-api,2026-10-08T14:28:00.276280+00:00,Reject,REJECT,False,"kickoff is 124.3h away -- outside the configured 24h money-event horizon; research grade 'Reject' is not in the actionable set ['A', 'A+', 'B']; net EV -5.77% is below the 2.00% money-qualification value floor",2026-10-13T18:45:00Z
2026-10-12,football,Segunda Division,Burgos CF v Granada CF,1x2,home,Betfair,2.42,0.3892369219772289,2.5691293490870373,High,0.007382515045109331,16,,0.0,-0.05804664881510602,adequate,0.0,Reject,net EV -5.80% is below the minimum Grade C floor,daily-engine-v1.1.0-odds-api,2026-10-08T14:28:00.276280+00:00,Reject,REJECT,False,"kickoff is 95.8h away -- outside the configured 24h money-event horizon; research grade 'Reject' is not in the actionable set ['A', 'A+', 'B']; estimated probability 38.9% is below the 50% money-qualification floor; net EV -5.80% is below the 2.00% money-qualification value floor",2026-10-12T14:15:00Z
2026-10-19,football,Premier League,Tottenham Hotspur v Coventry City,over_under_2_5,under,Casumo,2.35,0.400769240858297,2.4952014726938025,Medium,0.0016887814406892335,4,,0.0,-0.058192283983002024,adequate,0.0,Reject,net EV -5.82% is below the minimum Grade C floor,daily-engine-v1.1.0-odds-api,2026-10-08T14:28:00.276280+00:00,Reject,REJECT,False,"kickoff is 268.5h away -- outside the configured 24h money-event horizon; research grade 'Reject' is not in the actionable set ['A', 'A+', 'B']; estimated probability 40.1% is below the 60% money-qualification floor (the stricter Medium-confidence floor); net EV -5.82% is below the 5.00% money-qualification value floor (the stricter Medium-confidence floor)",2026-10-19T19:00:00Z
2026-10-11,football,Segunda Division,Almería v Leganés,1x2,home,Betfair,1.66,0.5672727272727272,1.7628205128205132,Medium,0.03477837089996275,17,,0.0,-0.05832727272727295,adequate,0.0,Reject,net EV -5.83% is below the minimum Grade C floor,daily-engine-v1.1.0-odds-api,2026-10-08T14:28:00.276280+00:00,Reject,REJECT,False,"kickoff is 71.8h away -- outside the configured 24h money-event horizon; research grade 'Reject' is not in the actionable set ['A', 'A+', 'B']; estimated probability 56.7% is below the 60% money-qualification floor (the stricter Medium-confidence floor); net EV -5.83% is below the 5.00% money-qualification value floor (the stricter Medium-confidence floor)",2026-10-11T14:15:00Z
2026-10-13,football,Championship,Millwall v Swansea City,1x2,away,LeoVegas,2.85,0.3302137395353463,3.02834158689802,High,0.0034471035411353487,6,,0.0,-0.058890842324263115,adequate,0.0,Reject,net EV -5.89% is below the minimum Grade C floor,daily-engine-v1.1.0-odds-api,2026-10-08T14:28:00.276280+00:00,Reject,REJECT,False,"kickoff is 124.3h away -- outside the configured 24h money-event horizon; research grade 'Reject' is not in the actionable set ['A', 'A+', 'B']; estimated probability 33.0% is below the 50% money-qualification floor; net EV -5.89% is below the 2.00% money-qualification value floor",2026-10-13T18:45:00Z
2026-10-13,football,Championship,Millwall v Swansea City,1x2,draw,LeoVegas,3.3,0.28518449667580315,3.506501972078787,High,0.0023151547380865466,6,,0.0,-0.0588911609698497,adequate,0.0,Reject,net EV -5.89% is below the minimum Grade C floor,daily-engine-v1.1.0-odds-api,2026-10-08T14:28:00.276280+00:00,Reject,REJECT,False,"kickoff is 124.3h away -- outside the configured 24h money-event horizon; research grade 'Reject' is not in the actionable set ['A', 'A+', 'B']; estimated probability 28.5% is below the 50% money-qualification floor; net EV -5.89% is below the 2.00% money-qualification value floor",2026-10-13T18:45:00Z
2026-10-13,football,Championship,Stoke City v Middlesbrough,1x2,draw,Casumo,3.65,0.25783231258997086,3.8784898213680994,High,0.003151717173171278,6,,0.0,-0.058912059046606347,adequate,0.0,Reject,net EV -5.89% is below the minimum Grade C floor,daily-engine-v1.1.0-odds-api,2026-10-08T14:28:00.276280+00:00,Reject,REJECT,False,"kickoff is 124.5h away -- outside the configured 24h money-event horizon; research grade 'Reject' is not in the actionable set ['A', 'A+', 'B']; estimated probability 25.8% is below the 50% money-qualification floor; net EV -5.89% is below the 2.00% money-qualification value floor",2026-10-13T19:00:00Z
2026-10-19,football,Premier League,Tottenham Hotspur v Coventry City,over_under_2_5,over,Casumo,1.57,0.5992307591417029,1.6688061898430107,Medium,0.001688781440689195,4,,0.0,-0.05920770814752646,adequate,0.0,Reject,net EV -5.92% is below the minimum Grade C floor,daily-engine-v1.1.0-odds-api,2026-10-08T14:28:00.276280+00:00,Reject,REJECT,False,"kickoff is 268.5h away -- outside the configured 24h money-event horizon; research grade 'Reject' is not in the actionable set ['A', 'A+', 'B']; estimated probability 59.9% is below the 60% money-qualification floor (the stricter Medium-confidence floor); net EV -5.92% is below the 5.00% money-qualification value floor (the stricter Medium-confidence floor)",2026-10-19T19:00:00Z
2026-10-13,football,Championship,Wrexham AFC v West Bromwich Albion,1x2,draw,Casumo,3.35,0.2807293303992455,3.5621500559910415,High,0.003455826335584585,6,,0.0,-0.05955674316252746,adequate,0.0,Reject,net EV -5.96% is below the minimum Grade C floor,daily-engine-v1.1.0-odds-api,2026-10-08T14:28:00.276280+00:00,Reject,REJECT,False,"kickoff is 124.3h away -- outside the configured 24h money-event horizon; research grade 'Reject' is not in the actionable set ['A', 'A+', 'B']; estimated probability 28.1% is below the 50% money-qualification floor; net EV -5.96% is below the 2.00% money-qualification value floor",2026-10-13T18:45:00Z
2026-10-17,football,Premier League,Fulham v Hull City,over_under_2_5,over,William Hill,1.67,0.5631098891205131,1.7758523146553844,Medium,0.008043538659660038,4,,0.0,-0.05960648516874323,adequate,0.0,Reject,net EV -5.96% is below the minimum Grade C floor,daily-engine-v1.1.0-odds-api,2026-10-08T14:28:00.276280+00:00,Reject,REJECT,False,"kickoff is 215.5h away -- outside the configured 24h money-event horizon; research grade 'Reject' is not in the actionable set ['A', 'A+', 'B']; estimated probability 56.3% is below the 60% money-qualification floor (the stricter Medium-confidence floor); net EV -5.96% is below the 5.00% money-qualification value floor (the stricter Medium-confidence floor)",2026-10-17T14:00:00Z
2026-10-18,football,Eredivisie,FC Zwolle v Go Ahead Eagles,1x2,away,William Hill,2.25,0.4179427741090697,2.392672064092277,High,0.017231501669836616,12,,0.0,-0.05962875825459313,adequate,0.0,Reject,net EV -5.96% is below the minimum Grade C floor,daily-engine-v1.1.0-odds-api,2026-10-08T14:28:00.276280+00:00,Reject,REJECT,False,"kickoff is 235.8h away -- outside the configured 24h money-event horizon; research grade 'Reject' is not in the actionable set ['A', 'A+', 'B']; estimated probability 41.8% is below the 50% money-qualification floor; net EV -5.96% is below the 2.00% money-qualification value floor",2026-10-18T10:15:00Z
2026-10-17,football,Ligue 1,Lille v Brest,1x2,home,William Hill,1.62,0.5803741886216113,1.7230263157894739,Medium,0.04702408112139635,15,,0.0,-0.059793814432989645,adequate,0.0,Reject,net EV -5.98% is below the minimum Grade C floor,daily-engine-v1.1.0-odds-api,2026-10-08T14:28:00.276280+00:00,Reject,REJECT,False,"kickoff is 220.3h away -- outside the configured 24h money-event horizon; research grade 'Reject' is not in the actionable set ['A', 'A+', 'B']; estimated probability 58.0% is below the 60% money-qualification floor (the stricter Medium-confidence floor); net EV -5.98% is below the 5.00% money-qualification value floor (the stricter Medium-confidence floor)",2026-10-17T18:45:00Z
2026-10-13,football,Championship,Birmingham City v Preston North End,1x2,draw,Casumo,3.9,0.24097754758849152,4.149764200055945,High,0.002461741052242656,6,,0.0,-0.06018756440488304,adequate,0.0,Reject,net EV -6.02% is below the minimum Grade C floor,daily-engine-v1.1.0-odds-api,2026-10-08T14:28:00.276280+00:00,Reject,REJECT,False,"kickoff is 124.5h away -- outside the configured 24h money-event horizon; research grade 'Reject' is not in the actionable set ['A', 'A+', 'B']; estimated probability 24.1% is below the 50% money-qualification floor; net EV -6.02% is below the 2.00% money-qualification value floor",2026-10-13T19:00:00Z
2026-10-10,football,Eredivisie,Ajax v NEC Nijmegen,1x2,home,Unibet (UK),1.3,0.7227926078028747,1.3835227272727273,High,0.012754921589696063,19,,0.0,-0.060369609856262885,adequate,0.0,Reject,net EV -6.04% is below the minimum Grade C floor,daily-engine-v1.1.0-odds-api,2026-10-08T14:28:00.276280+00:00,Reject,REJECT,False,"kickoff is 52.5h away -- outside the configured 24h money-event horizon; research grade 'Reject' is not in the actionable set ['A', 'A+', 'B']; odds 1.30 are below the configured payout floor of 1.33; net EV -6.04% is below the 2.00% money-qualification value floor",2026-10-10T19:00:00Z
2026-10-17,football,Ligue 1,Troyes v RC Lens,1x2,away,Unibet (UK),1.83,0.5133404482390608,1.9480249480249483,High,0.008289844246147624,15,,0.0,-0.06058697972251875,adequate,0.0,Reject,net EV -6.06% is below the minimum Grade C floor,daily-engine-v1.1.0-odds-api,2026-10-08T14:28:00.276280+00:00,Reject,REJECT,False,"kickoff is 220.3h away -- outside the configured 24h money-event horizon; research grade 'Reject' is not in the actionable set ['A', 'A+', 'B']; net EV -6.06% is below the 2.00% money-qualification value floor",2026-10-17T18:45:00Z
2026-10-14,football,Championship,Lincoln City v West Ham United,1x2,away,LeoVegas,1.64,0.5726449865375906,1.7462826419669637,High,0.007113098603134076,6,,0.0,-0.06086222207835157,adequate,0.0,Reject,net EV -6.09% is below the minimum Grade C floor,daily-engine-v1.1.0-odds-api,2026-10-08T14:28:00.276280+00:00,Reject,REJECT,False,"kickoff is 148.5h away -- outside the configured 24h money-event horizon; research grade 'Reject' is not in the actionable set ['A', 'A+', 'B']; net EV -6.09% is below the 2.00% money-qualification value floor",2026-10-14T19:00:00Z
2026-10-09,football,Championship,West Ham United v Queens Park Rangers,over_under_2_5,under,William Hill,2.38,0.3944020356234097,2.5354838709677416,Low,0.0,1,,0.0,-0.06132315521628495,adequate,0.0,Reject,data quality is insufficient,daily-engine-v1.1.0-odds-api,2026-10-08T14:28:00.276280+00:00,Reject,REJECT,False,"kickoff is 28.5h away -- outside the configured 24h money-event horizon; research grade 'Reject' is not in the actionable set ['A', 'A+', 'B']; confidence 'Low' is not eligible for real-money qualification (requires one of ['High'], or ['Medium'] with every other requirement strong); data quality did not pass the mechanical data-quality check",2026-10-09T19:00:00Z
2026-10-09,football,Championship,West Ham United v Queens Park Rangers,over_under_2_5,over,William Hill,1.55,0.6055979643765903,1.6512605042016808,Low,0.0,1,,0.0,-0.06132315521628501,adequate,0.0,Reject,data quality is insufficient,daily-engine-v1.1.0-odds-api,2026-10-08T14:28:00.276280+00:00,Reject,REJECT,False,"kickoff is 28.5h away -- outside the configured 24h money-event horizon; research grade 'Reject' is not in the actionable set ['A', 'A+', 'B']; confidence 'Low' is not eligible for real-money qualification (requires one of ['High'], or ['Medium'] with every other requirement strong); data quality did not pass the mechanical data-quality check",2026-10-09T19:00:00Z
2026-10-18,football,Eredivisie,Groningen v Ajax,1x2,draw,Paddy Power,4.2,0.22345773939788252,4.475119110640551,High,0.0067440845403958045,6,,0.0,-0.061477494528893395,adequate,0.0,Reject,net EV -6.15% is below the minimum Grade C floor,daily-engine-v1.1.0-odds-api,2026-10-08T14:28:00.276280+00:00,Reject,REJECT,False,"kickoff is 240.3h away -- outside the configured 24h money-event horizon; research grade 'Reject' is not in the actionable set ['A', 'A+', 'B']; estimated probability 22.3% is below the 50% money-qualification floor; net EV -6.15% is below the 2.00% money-qualification value floor",2026-10-18T14:45:00Z
2026-10-13,football,Championship,Birmingham City v Preston North End,1x2,away,Grosvenor,4.9,0.19151419600479236,5.221545038755124,High,0.0020939025914779533,6,,0.0,-0.061580439576517376,adequate,0.0,Reject,net EV -6.16% is below the minimum Grade C floor,daily-engine-v1.1.0-odds-api,2026-10-08T14:28:00.276280+00:00,Reject,REJECT,False,"kickoff is 124.5h away -- outside the configured 24h money-event horizon; research grade 'Reject' is not in the actionable set ['A', 'A+', 'B']; estimated probability 19.2% is below the 50% money-qualification floor; net EV -6.16% is below the 2.00% money-qualification value floor",2026-10-13T19:00:00Z
2026-10-11,football,Belgian Pro League,KV Mechelen v Sint Truiden,1x2,draw,Grosvenor,3.6,0.2606644790812141,3.836349331235248,Medium,0.023570557654269086,18,,0.0,-0.061607875307629234,adequate,0.0,Reject,net EV -6.16% is below the minimum Grade C floor,daily-engine-v1.1.0-odds-api,2026-10-08T14:28:00.276280+00:00,Reject,REJECT,False,"kickoff is 74.8h away -- outside the configured 24h money-event horizon; research grade 'Reject' is not in the actionable set ['A', 'A+', 'B']; estimated probability 26.1% is below the 60% money-qualification floor (the stricter Medium-confidence floor); Medium-confidence candidates require odds inside the preferred range 1.40-2.50; odds are 3.60; net EV -6.16% is below the 5.00% money-qualification value floor (the stricter Medium-confidence floor)",2026-10-11T17:15:00Z
2026-10-17,football,Premier League,Everton v Chelsea,over_under_2_5,over,William Hill,1.62,0.578974358974359,1.7271922054915854,Medium,0.007313170678443252,4,,0.0,-0.062061538461538335,adequate,0.0,Reject,net EV -6.21% is below the minimum Grade C floor,daily-engine-v1.1.0-odds-api,2026-10-08T14:28:00.276280+00:00,Reject,REJECT,False,"kickoff is 213.0h away -- outside the configured 24h money-event horizon; research grade 'Reject' is not in the actionable set ['A', 'A+', 'B']; estimated probability 57.9% is below the 60% money-qualification floor (the stricter Medium-confidence floor); net EV -6.21% is below the 5.00% money-qualification value floor (the stricter Medium-confidence floor)",2026-10-17T11:30:00Z
2026-10-12,football,Ligue 2,Dijon v Metz,1x2,home,Betfair Sportsbook,2.63,0.35662299854439594,2.804081632653061,High,0.006630703220341045,16,,0.0,-0.06208151382823868,adequate,0.0,Reject,net EV -6.21% is below the minimum Grade C floor,daily-engine-v1.1.0-odds-api,2026-10-08T14:28:00.276280+00:00,Reject,REJECT,False,"kickoff is 100.3h away -- outside the configured 24h money-event horizon; research grade 'Reject' is not in the actionable set ['A', 'A+', 'B']; estimated probability 35.7% is below the 50% money-qualification floor; net EV -6.21% is below the 2.00% money-qualification value floor",2026-10-12T18:45:00Z
2026-10-13,football,Championship,Bristol City v Blackburn Rovers,1x2,draw,Casumo,3.55,0.2641999826632517,3.785011603405729,High,0.0015573481516553674,6,,0.0,-0.06209006154545649,adequate,0.0,Reject,net EV -6.21% is below the minimum Grade C floor,daily-engine-v1.1.0-odds-api,2026-10-08T14:28:00.276280+00:00,Reject,REJECT,False,"kickoff is 124.3h away -- outside the configured 24h money-event horizon; research grade 'Reject' is not in the actionable set ['A', 'A+', 'B']; estimated probability 26.4% is below the 50% money-qualification floor; net EV -6.21% is below the 2.00% money-qualification value floor",2026-10-13T18:45:00Z
2026-10-18,football,Ligue 1,Le Havre v Auxerre,1x2,home,888sport,2.4,0.3906945681211042,2.5595441595441595,Medium,0.020855532135069015,15,,0.0,-0.06233303650934985,adequate,0.0,Reject,net EV -6.23% is below the minimum Grade C floor,daily-engine-v1.1.0-odds-api,2026-10-08T14:28:00.276280+00:00,Reject,REJECT,False,"kickoff is 240.8h away -- outside the configured 24h money-event horizon; research grade 'Reject' is not in the actionable set ['A', 'A+', 'B']; estimated probability 39.1% is below the 60% money-qualification floor (the stricter Medium-confidence floor); net EV -6.23% is below the 5.00% money-qualification value floor (the stricter Medium-confidence floor)",2026-10-18T15:15:00Z
2026-10-14,football,Championship,Norwich City v Southampton,1x2,away,Casumo,2.95,0.31781282842967473,3.146506089578064,High,0.005327694575722876,6,,0.0,-0.06245215613245947,adequate,0.0,Reject,net EV -6.25% is below the minimum Grade C floor,daily-engine-v1.1.0-odds-api,2026-10-08T14:28:00.276280+00:00,Reject,REJECT,False,"kickoff is 148.3h away -- outside the configured 24h money-event horizon; research grade 'Reject' is not in the actionable set ['A', 'A+', 'B']; estimated probability 31.8% is below the 50% money-qualification floor; net EV -6.25% is below the 2.00% money-qualification value floor",2026-10-14T18:45:00Z
2026-10-18,football,Premier League,Bournemouth v Sunderland,over_under_2_5,under,Casumo,1.97,0.475848188614146,2.101510574018127,Medium,0.0029036320832866165,4,,0.0,-0.06257906843013233,adequate,0.0,Reject,net EV -6.26% is below the minimum Grade C floor,daily-engine-v1.1.0-odds-api,2026-10-08T14:28:00.276280+00:00,Reject,REJECT,False,"kickoff is 238.5h away -- outside the configured 24h money-event horizon; research grade 'Reject' is not in the actionable set ['A', 'A+', 'B']; estimated probability 47.6% is below the 60% money-qualification floor (the stricter Medium-confidence floor); net EV -6.26% is below the 5.00% money-qualification value floor (the stricter Medium-confidence floor)",2026-10-18T13:00:00Z
2026-10-17,football,Eredivisie,ADO Den Haag v PSV Eindhoven,1x2,away,William Hill,1.25,0.7498389675151982,1.333619674786682,High,0.0186556537622577,12,,0.0,-0.06270129060600227,adequate,0.0,Reject,net EV -6.27% is below the minimum Grade C floor,daily-engine-v1.1.0-odds-api,2026-10-08T14:28:00.276280+00:00,Reject,REJECT,False,"kickoff is 216.0h away -- outside the configured 24h money-event horizon; research grade 'Reject' is not in the actionable set ['A', 'A+', 'B']; odds 1.25 are below the configured payout floor of 1.33; net EV -6.27% is below the 2.00% money-qualification value floor",2026-10-17T14:30:00Z
2026-10-18,football,Premier League,Brighton and Hove Albion v Crystal Palace,over_under_2_5,over,Casumo,1.56,0.6007726055571507,1.6645233000805848,Medium,0.002360808622261503,4,,0.0,-0.06279473533084484,adequate,0.0,Reject,net EV -6.28% is below the minimum Grade C floor,daily-engine-v1.1.0-odds-api,2026-10-08T14:28:00.276280+00:00,Reject,REJECT,False,"kickoff is 238.5h away -- outside the configured 24h money-event horizon; research grade 'Reject' is not in the actionable set ['A', 'A+', 'B']; net EV -6.28% is below the 5.00% money-qualification value floor (the stricter Medium-confidence floor)",2026-10-18T13:00:00Z
2026-10-13,football,Championship,Wrexham AFC v West Bromwich Albion,1x2,home,Casumo,2.38,0.3936529329811148,2.540308775110725,High,0.0015622588319842107,6,,0.0,-0.06310601950494676,adequate,0.0,Reject,net EV -6.31% is below the minimum Grade C floor,daily-engine-v1.1.0-odds-api,2026-10-08T14:28:00.276280+00:00,Reject,REJECT,False,"kickoff is 124.3h away -- outside the configured 24h money-event horizon; research grade 'Reject' is not in the actionable set ['A', 'A+', 'B']; estimated probability 39.4% is below the 50% money-qualification floor; net EV -6.31% is below the 2.00% money-qualification value floor",2026-10-13T18:45:00Z
2026-10-17,football,Eredivisie,Sparta Rotterdam v Willem II,1x2,home,William Hill,1.55,0.6043125341457205,1.6547728923306855,High,0.010349639107558454,12,,0.0,-0.06331557207413319,adequate,0.0,Reject,net EV -6.33% is below the minimum Grade C floor,daily-engine-v1.1.0-odds-api,2026-10-08T14:28:00.276280+00:00,Reject,REJECT,False,"kickoff is 220.5h away -- outside the configured 24h money-event horizon; research grade 'Reject' is not in the actionable set ['A', 'A+', 'B']; net EV -6.33% is below the 2.00% money-qualification value floor",2026-10-17T19:00:00Z
2026-10-18,football,Eredivisie,SC Cambuur v AZ Alkmaar,1x2,away,Unibet (UK),1.37,0.683400316599396,1.4632711980234452,Medium,0.02183195504961988,12,,0.0,-0.06374156625882738,adequate,0.0,Reject,net EV -6.37% is below the minimum Grade C floor,daily-engine-v1.1.0-odds-api,2026-10-08T14:28:00.276280+00:00,Reject,REJECT,False,"kickoff is 238.0h away -- outside the configured 24h money-event horizon; research grade 'Reject' is not in the actionable set ['A', 'A+', 'B']; Medium-confidence candidates require odds inside the preferred range 1.40-2.50; odds are 1.37; net EV -6.37% is below the 5.00% money-qualification value floor (the stricter Medium-confidence floor)",2026-10-18T12:30:00Z
2026-10-14,football,Championship,Queens Park Rangers v Derby County,1x2,draw,Casumo,3.65,0.25645716507572935,3.8992866497011676,High,0.002791409584095333,6,,0.0,-0.06393134747358786,adequate,0.0,Reject,net EV -6.39% is below the minimum Grade C floor,daily-engine-v1.1.0-odds-api,2026-10-08T14:28:00.276280+00:00,Reject,REJECT,False,"kickoff is 148.3h away -- outside the configured 24h money-event horizon; research grade 'Reject' is not in the actionable set ['A', 'A+', 'B']; estimated probability 25.6% is below the 50% money-qualification floor; net EV -6.39% is below the 2.00% money-qualification value floor",2026-10-14T18:45:00Z
2026-10-11,football,Serie B,Padova v Carrarese,1x2,home,William Hill,1.95,0.4799846598401909,2.083399916015954,High,0.016061768799781488,18,,0.0,-0.06402991331162777,adequate,0.0,Reject,net EV -6.40% is below the minimum Grade C floor,daily-engine-v1.1.0-odds-api,2026-10-08T14:28:00.276280+00:00,Reject,REJECT,False,"kickoff is 72.8h away -- outside the configured 24h money-event horizon; research grade 'Reject' is not in the actionable set ['A', 'A+', 'B']; estimated probability 48.0% is below the 50% money-qualification floor; net EV -6.40% is below the 2.00% money-qualification value floor",2026-10-11T15:15:00Z
2026-10-13,football,Championship,Stoke City v Middlesbrough,1x2,home,Casumo,3.55,0.26339836971640007,3.7965307115480473,High,0.0007828031277615752,6,,0.0,-0.06493578750677975,adequate,0.0,Reject,net EV -6.49% is below the minimum Grade C floor,daily-engine-v1.1.0-odds-api,2026-10-08T14:28:00.276280+00:00,Reject,REJECT,False,"kickoff is 124.5h away -- outside the configured 24h money-event horizon; research grade 'Reject' is not in the actionable set ['A', 'A+', 'B']; estimated probability 26.3% is below the 50% money-qualification floor; net EV -6.49% is below the 2.00% money-qualification value floor",2026-10-13T19:00:00Z
2026-10-10,football,Championship,Blackburn Rovers v Cardiff City,over_under_2_5,over,LeoVegas,1.64,0.5701063107577529,1.7540588152249303,Medium,0.0036238794807710753,4,,0.0,-0.06502565035728536,adequate,0.0,Reject,net EV -6.50% is below the minimum Grade C floor,daily-engine-v1.1.0-odds-api,2026-10-08T14:28:00.276280+00:00,Reject,REJECT,False,"kickoff is 47.5h away -- outside the configured 24h money-event horizon; research grade 'Reject' is not in the actionable set ['A', 'A+', 'B']; estimated probability 57.0% is below the 60% money-qualification floor (the stricter Medium-confidence floor); net EV -6.50% is below the 5.00% money-qualification value floor (the stricter Medium-confidence floor)",2026-10-10T14:00:00Z
2026-10-14,football,Championship,Norwich City v Southampton,1x2,draw,Casumo,3.7,0.2525088225879607,3.9602576644689433,High,0.002769748960006745,6,,0.0,-0.06571735642454535,adequate,0.0,Reject,net EV -6.57% is below the minimum Grade C floor,daily-engine-v1.1.0-odds-api,2026-10-08T14:28:00.276280+00:00,Reject,REJECT,False,"kickoff is 148.3h away -- outside the configured 24h money-event horizon; research grade 'Reject' is not in the actionable set ['A', 'A+', 'B']; estimated probability 25.3% is below the 50% money-qualification floor; net EV -6.57% is below the 2.00% money-qualification value floor",2026-10-14T18:45:00Z
2026-10-11,football,Segunda Division,Cádiz CF v Sporting Gijón,1x2,away,Betfred (UK),2.75,0.33971211155062064,2.943668965570542,High,0.01749742649950344,16,,0.0,-0.06579169323579326,adequate,0.0,Reject,net EV -6.58% is below the minimum Grade C floor,daily-engine-v1.1.0-odds-api,2026-10-08T14:28:00.276280+00:00,Reject,REJECT,False,"kickoff is 76.5h away -- outside the configured 24h money-event horizon; research grade 'Reject' is not in the actionable set ['A', 'A+', 'B']; estimated probability 34.0% is below the 50% money-qualification floor; net EV -6.58% is below the 2.00% money-qualification value floor",2026-10-11T19:00:00Z
2026-10-13,football,Championship,Burnley v Charlton Athletic,1x2,draw,Casumo,3.75,0.24891846921797,4.017379679144386,High,0.001232599231261174,6,,0.0,-0.06655574043261248,adequate,0.0,Reject,net EV -6.66% is below the minimum Grade C floor,daily-engine-v1.1.0-odds-api,2026-10-08T14:28:00.276280+00:00,Reject,REJECT,False,"kickoff is 124.3h away -- outside the configured 24h money-event horizon; research grade 'Reject' is not in the actionable set ['A', 'A+', 'B']; estimated probability 24.9% is below the 50% money-qualification floor; net EV -6.66% is below the 2.00% money-qualification value floor",2026-10-13T18:45:00Z
2026-10-12,football,Segunda Division,Burgos CF v Granada CF,1x2,draw,Betfred (UK),3.2,0.29166299073665636,3.428614640048397,High,0.0043284404826571445,16,,0.0,-0.06667842964269965,adequate,0.0,Reject,net EV -6.67% is below the minimum Grade C floor,daily-engine-v1.1.0-odds-api,2026-10-08T14:28:00.276280+00:00,Reject,REJECT,False,"kickoff is 95.8h away -- outside the configured 24h money-event horizon; research grade 'Reject' is not in the actionable set ['A', 'A+', 'B']; estimated probability 29.2% is below the 50% money-qualification floor; net EV -6.67% is below the 2.00% money-qualification value floor",2026-10-12T14:15:00Z
2026-10-12,football,Segunda Division,Real Valladolid CF v Albacete,1x2,away,BoyleSports,3.6,0.2591564826852105,3.858672527264809,Medium,0.03284569463809414,16,,0.0,-0.06703666233324213,adequate,0.0,Reject,net EV -6.70% is below the minimum Grade C floor,daily-engine-v1.1.0-odds-api,2026-10-08T14:28:00.276280+00:00,Reject,REJECT,False,"kickoff is 93.5h away -- outside the configured 24h money-event horizon; research grade 'Reject' is not in the actionable set ['A', 'A+', 'B']; estimated probability 25.9% is below the 60% money-qualification floor (the stricter Medium-confidence floor); Medium-confidence candidates require odds inside the preferred range 1.40-2.50; odds are 3.60; net EV -6.70% is below the 5.00% money-qualification value floor (the stricter Medium-confidence floor)",2026-10-12T12:00:00Z
2026-10-13,football,Championship,Millwall v Swansea City,1x2,home,Casumo,2.43,0.38379778396835396,2.605538754445896,High,0.005308052101483982,6,,0.0,-0.06737138495689987,adequate,0.0,Reject,net EV -6.74% is below the minimum Grade C floor,daily-engine-v1.1.0-odds-api,2026-10-08T14:28:00.276280+00:00,Reject,REJECT,False,"kickoff is 124.3h away -- outside the configured 24h money-event horizon; research grade 'Reject' is not in the actionable set ['A', 'A+', 'B']; estimated probability 38.4% is below the 50% money-qualification floor; net EV -6.74% is below the 2.00% money-qualification value floor",2026-10-13T18:45:00Z
2026-10-13,football,Championship,Cardiff City v Watford,1x2,home,Casumo,1.87,0.49836466267897156,2.0065628141138165,High,0.006626756079701843,6,,0.0,-0.06805808079032316,adequate,0.0,Reject,net EV -6.81% is below the minimum Grade C floor,daily-engine-v1.1.0-odds-api,2026-10-08T14:28:00.276280+00:00,Reject,REJECT,False,"kickoff is 124.3h away -- outside the configured 24h money-event horizon; research grade 'Reject' is not in the actionable set ['A', 'A+', 'B']; estimated probability 49.8% is below the 50% money-qualification floor; net EV -6.81% is below the 2.00% money-qualification value floor",2026-10-13T18:45:00Z
2026-10-14,football,Championship,Portsmouth v Sheffield United,over_under_2_5,under,Casumo,1.81,0.514745308310992,1.9427083333333333,Low,0.0,2,,0.0,-0.0683109919571045,adequate,0.0,Reject,data quality is insufficient,daily-engine-v1.1.0-odds-api,2026-10-08T14:28:00.276280+00:00,Reject,REJECT,False,"kickoff is 148.3h away -- outside the configured 24h money-event horizon; research grade 'Reject' is not in the actionable set ['A', 'A+', 'B']; confidence 'Low' is not eligible for real-money qualification (requires one of ['High'], or ['Medium'] with every other requirement strong); data quality did not pass the mechanical data-quality check",2026-10-14T18:45:00Z
2026-10-14,football,Championship,Portsmouth v Sheffield United,over_under_2_5,over,Casumo,1.92,0.48525469168900803,2.0607734806629834,Low,0.0,2,,0.0,-0.0683109919571046,adequate,0.0,Reject,data quality is insufficient,daily-engine-v1.1.0-odds-api,2026-10-08T14:28:00.276280+00:00,Reject,REJECT,False,"kickoff is 148.3h away -- outside the configured 24h money-event horizon; research grade 'Reject' is not in the actionable set ['A', 'A+', 'B']; confidence 'Low' is not eligible for real-money qualification (requires one of ['High'], or ['Medium'] with every other requirement strong); data quality did not pass the mechanical data-quality check",2026-10-14T18:45:00Z
2026-10-17,football,Premier League,Manchester City v Ipswich Town,over_under_2_5,over,William Hill,1.35,0.6896551724137931,1.45,Low,0.0,1,,0.0,-0.0689655172413792,adequate,0.0,Reject,data quality is insufficient,daily-engine-v1.1.0-odds-api,2026-10-08T14:28:00.276280+00:00,Reject,REJECT,False,"kickoff is 215.5h away -- outside the configured 24h money-event horizon; research grade 'Reject' is not in the actionable set ['A', 'A+', 'B']; confidence 'Low' is not eligible for real-money qualification (requires one of ['High'], or ['Medium'] with every other requirement strong); data quality did not pass the mechanical data-quality check",2026-10-17T14:00:00Z
2026-10-17,football,Premier League,Manchester City v Ipswich Town,over_under_2_5,under,William Hill,3.0,0.3103448275862069,3.2222222222222223,Low,0.0,1,,0.0,-0.06896551724137934,adequate,0.0,Reject,data quality is insufficient,daily-engine-v1.1.0-odds-api,2026-10-08T14:28:00.276280+00:00,Reject,REJECT,False,"kickoff is 215.5h away -- outside the configured 24h money-event horizon; research grade 'Reject' is not in the actionable set ['A', 'A+', 'B']; confidence 'Low' is not eligible for real-money qualification (requires one of ['High'], or ['Medium'] with every other requirement strong); data quality did not pass the mechanical data-quality check",2026-10-17T14:00:00Z
2026-10-13,football,Championship,Stoke City v Middlesbrough,over_under_2_5,over,Casumo,1.66,0.5608465608465608,1.7830188679245285,Low,0.0,2,,0.0,-0.06899470899470911,adequate,0.0,Reject,data quality is insufficient,daily-engine-v1.1.0-odds-api,2026-10-08T14:28:00.276280+00:00,Reject,REJECT,False,"kickoff is 124.5h away -- outside the configured 24h money-event horizon; research grade 'Reject' is not in the actionable set ['A', 'A+', 'B']; confidence 'Low' is not eligible for real-money qualification (requires one of ['High'], or ['Medium'] with every other requirement strong); data quality did not pass the mechanical data-quality check",2026-10-13T19:00:00Z
2026-10-13,football,Championship,Stoke City v Middlesbrough,over_under_2_5,under,Casumo,2.12,0.4391534391534391,2.27710843373494,Low,0.0,2,,0.0,-0.06899470899470911,adequate,0.0,Reject,data quality is insufficient,daily-engine-v1.1.0-odds-api,2026-10-08T14:28:00.276280+00:00,Reject,REJECT,False,"kickoff is 124.5h away -- outside the configured 24h money-event horizon; research grade 'Reject' is not in the actionable set ['A', 'A+', 'B']; confidence 'Low' is not eligible for real-money qualification (requires one of ['High'], or ['Medium'] with every other requirement strong); data quality did not pass the mechanical data-quality check",2026-10-13T19:00:00Z
2026-10-14,football,Championship,Lincoln City v West Ham United,over_under_2_5,over,Casumo,1.55,0.6005154639175257,1.665236051502146,Low,0.0,2,,0.0,-0.06920103092783508,adequate,0.0,Reject,data quality is insufficient,daily-engine-v1.1.0-odds-api,2026-10-08T14:28:00.276280+00:00,Reject,REJECT,False,"kickoff is 148.5h away -- outside the configured 24h money-event horizon; research grade 'Reject' is not in the actionable set ['A', 'A+', 'B']; confidence 'Low' is not eligible for real-money qualification (requires one of ['High'], or ['Medium'] with every other requirement strong); data quality did not pass the mechanical data-quality check",2026-10-14T19:00:00Z
2026-10-14,football,Championship,Lincoln City v West Ham United,over_under_2_5,under,Casumo,2.33,0.3994845360824742,2.503225806451613,Low,0.0,2,,0.0,-0.06920103092783514,adequate,0.0,Reject,data quality is insufficient,daily-engine-v1.1.0-odds-api,2026-10-08T14:28:00.276280+00:00,Reject,REJECT,False,"kickoff is 148.5h away -- outside the configured 24h money-event horizon; research grade 'Reject' is not in the actionable set ['A', 'A+', 'B']; confidence 'Low' is not eligible for real-money qualification (requires one of ['High'], or ['Medium'] with every other requirement strong); data quality did not pass the mechanical data-quality check",2026-10-14T19:00:00Z
2026-10-14,football,Championship,Portsmouth v Sheffield United,1x2,home,Casumo,2.5,0.372319177907546,2.6858675548760456,High,0.006265503075452207,6,,0.0,-0.0692020552311351,adequate,0.0,Reject,net EV -6.92% is below the minimum Grade C floor,daily-engine-v1.1.0-odds-api,2026-10-08T14:28:00.276280+00:00,Reject,REJECT,False,"kickoff is 148.3h away -- outside the configured 24h money-event horizon; research grade 'Reject' is not in the actionable set ['A', 'A+', 'B']; estimated probability 37.2% is below the 50% money-qualification floor; net EV -6.92% is below the 2.00% money-qualification value floor",2026-10-14T18:45:00Z
2026-10-10,football,Scottish Premiership,Rangers v Kilmarnock,over_under_2_5,over,William Hill,1.33,0.6997742663656885,1.429032258064516,Low,0.0,1,,0.0,-0.06930022573363423,adequate,0.0,Reject,data quality is insufficient,daily-engine-v1.1.0-odds-api,2026-10-08T14:28:00.276280+00:00,Reject,REJECT,False,"kickoff is 47.5h away -- outside the configured 24h money-event horizon; research grade 'Reject' is not in the actionable set ['A', 'A+', 'B']; confidence 'Low' is not eligible for real-money qualification (requires one of ['High'], or ['Medium'] with every other requirement strong); data quality did not pass the mechanical data-quality check",2026-10-10T14:00:00Z
2026-10-10,football,Scottish Premiership,Rangers v Kilmarnock,over_under_2_5,under,William Hill,3.1,0.30022573363431154,3.3308270676691727,Low,0.0,1,,0.0,-0.06930022573363426,adequate,0.0,Reject,data quality is insufficient,daily-engine-v1.1.0-odds-api,2026-10-08T14:28:00.276280+00:00,Reject,REJECT,False,"kickoff is 47.5h away -- outside the configured 24h money-event horizon; research grade 'Reject' is not in the actionable set ['A', 'A+', 'B']; confidence 'Low' is not eligible for real-money qualification (requires one of ['High'], or ['Medium'] with every other requirement strong); data quality did not pass the mechanical data-quality check",2026-10-10T14:00:00Z
2026-10-12,football,Segunda Division,Tenerife v Girona FC,1x2,draw,Betfred (UK),3.2,0.29071332436069985,3.439814814814815,Medium,0.025359371641698717,15,,0.0,-0.0697173620457604,adequate,0.0,Reject,net EV -6.97% is below the minimum Grade C floor,daily-engine-v1.1.0-odds-api,2026-10-08T14:28:00.276280+00:00,Reject,REJECT,False,"kickoff is 100.5h away -- outside the configured 24h money-event horizon; research grade 'Reject' is not in the actionable set ['A', 'A+', 'B']; estimated probability 29.1% is below the 60% money-qualification floor (the stricter Medium-confidence floor); Medium-confidence candidates require odds inside the preferred range 1.40-2.50; odds are 3.20; net EV -6.97% is below the 5.00% money-qualification value floor (the stricter Medium-confidence floor)",2026-10-12T19:00:00Z
2026-10-12,football,Segunda Division,Tenerife v Girona FC,1x2,away,William Hill,2.5,0.371900826446281,2.688888888888889,High,0.009941561748548463,15,,0.0,-0.07024793388429751,adequate,0.0,Reject,net EV -7.02% is below the minimum Grade C floor,daily-engine-v1.1.0-odds-api,2026-10-08T14:28:00.276280+00:00,Reject,REJECT,False,"kickoff is 100.5h away -- outside the configured 24h money-event horizon; research grade 'Reject' is not in the actionable set ['A', 'A+', 'B']; estimated probability 37.2% is below the 50% money-qualification floor; net EV -7.02% is below the 2.00% money-qualification value floor",2026-10-12T19:00:00Z
2026-10-11,football,Scottish Premiership,Motherwell v Celtic,over_under_2_5,under,William Hill,2.62,0.35467980295566504,2.819444444444444,Low,0.0,1,,0.0,-0.07073891625615758,adequate,0.0,Reject,data quality is insufficient,daily-engine-v1.1.0-odds-api,2026-10-08T14:28:00.276280+00:00,Reject,REJECT,False,"kickoff is 68.5h away -- outside the configured 24h money-event horizon; research grade 'Reject' is not in the actionable set ['A', 'A+', 'B']; confidence 'Low' is not eligible for real-money qualification (requires one of ['High'], or ['Medium'] with every other requirement strong); data quality did not pass the mechanical data-quality check",2026-10-11T11:00:00Z
2026-10-11,football,Scottish Premiership,Motherwell v Celtic,over_under_2_5,over,William Hill,1.44,0.645320197044335,1.549618320610687,Low,0.0,1,,0.0,-0.07073891625615769,adequate,0.0,Reject,data quality is insufficient,daily-engine-v1.1.0-odds-api,2026-10-08T14:28:00.276280+00:00,Reject,REJECT,False,"kickoff is 68.5h away -- outside the configured 24h money-event horizon; research grade 'Reject' is not in the actionable set ['A', 'A+', 'B']; confidence 'Low' is not eligible for real-money qualification (requires one of ['High'], or ['Medium'] with every other requirement strong); data quality did not pass the mechanical data-quality check",2026-10-11T11:00:00Z
2026-10-13,football,Championship,Birmingham City v Preston North End,over_under_2_5,under,Grosvenor,2.02,0.4598930481283422,2.174418604651163,Low,0.0,2,,0.0,-0.07101604278074874,adequate,0.0,Reject,data quality is insufficient,daily-engine-v1.1.0-odds-api,2026-10-08T14:28:00.276280+00:00,Reject,REJECT,False,"kickoff is 124.5h away -- outside the configured 24h money-event horizon; research grade 'Reject' is not in the actionable set ['A', 'A+', 'B']; confidence 'Low' is not eligible for real-money qualification (requires one of ['High'], or ['Medium'] with every other requirement strong); data quality did not pass the mechanical data-quality check",2026-10-13T19:00:00Z
2026-10-13,football,Championship,Birmingham City v Preston North End,over_under_2_5,over,Grosvenor,1.72,0.5401069518716577,1.8514851485148518,Low,0.0,2,,0.0,-0.0710160427807488,adequate,0.0,Reject,data quality is insufficient,daily-engine-v1.1.0-odds-api,2026-10-08T14:28:00.276280+00:00,Reject,REJECT,False,"kickoff is 124.5h away -- outside the configured 24h money-event horizon; research grade 'Reject' is not in the actionable set ['A', 'A+', 'B']; confidence 'Low' is not eligible for real-money qualification (requires one of ['High'], or ['Medium'] with every other requirement strong); data quality did not pass the mechanical data-quality check",2026-10-13T19:00:00Z
2026-10-13,football,Championship,Burnley v Charlton Athletic,over_under_2_5,under,Casumo,1.93,0.48118279569892475,2.078212290502793,Low,0.0,2,,0.0,-0.07131720430107524,adequate,0.0,Reject,data quality is insufficient,daily-engine-v1.1.0-odds-api,2026-10-08T14:28:00.276280+00:00,Reject,REJECT,False,"kickoff is 124.3h away -- outside the configured 24h money-event horizon; research grade 'Reject' is not in the actionable set ['A', 'A+', 'B']; confidence 'Low' is not eligible for real-money qualification (requires one of ['High'], or ['Medium'] with every other requirement strong); data quality did not pass the mechanical data-quality check",2026-10-13T18:45:00Z
2026-10-13,football,Championship,Burnley v Charlton Athletic,over_under_2_5,over,Casumo,1.79,0.5188172043010751,1.9274611398963735,Low,0.0,2,,0.0,-0.07131720430107547,adequate,0.0,Reject,data quality is insufficient,daily-engine-v1.1.0-odds-api,2026-10-08T14:28:00.276280+00:00,Reject,REJECT,False,"kickoff is 124.3h away -- outside the configured 24h money-event horizon; research grade 'Reject' is not in the actionable set ['A', 'A+', 'B']; confidence 'Low' is not eligible for real-money qualification (requires one of ['High'], or ['Medium'] with every other requirement strong); data quality did not pass the mechanical data-quality check",2026-10-13T18:45:00Z
2026-10-14,football,Championship,Queens Park Rangers v Derby County,over_under_2_5,under,Grosvenor,1.95,0.47580645161290325,2.101694915254237,Low,0.0,2,,0.0,-0.07217741935483868,adequate,0.0,Reject,data quality is insufficient,daily-engine-v1.1.0-odds-api,2026-10-08T14:28:00.276280+00:00,Reject,REJECT,False,"kickoff is 148.3h away -- outside the configured 24h money-event horizon; research grade 'Reject' is not in the actionable set ['A', 'A+', 'B']; confidence 'Low' is not eligible for real-money qualification (requires one of ['High'], or ['Medium'] with every other requirement strong); data quality did not pass the mechanical data-quality check",2026-10-14T18:45:00Z
2026-10-14,football,Championship,Queens Park Rangers v Derby County,over_under_2_5,over,Grosvenor,1.77,0.5241935483870968,1.9076923076923078,Low,0.0,2,,0.0,-0.07217741935483873,adequate,0.0,Reject,data quality is insufficient,daily-engine-v1.1.0-odds-api,2026-10-08T14:28:00.276280+00:00,Reject,REJECT,False,"kickoff is 148.3h away -- outside the configured 24h money-event horizon; research grade 'Reject' is not in the actionable set ['A', 'A+', 'B']; confidence 'Low' is not eligible for real-money qualification (requires one of ['High'], or ['Medium'] with every other requirement strong); data quality did not pass the mechanical data-quality check",2026-10-14T18:45:00Z
2026-10-13,football,Championship,Wrexham AFC v West Bromwich Albion,1x2,away,Casumo,2.85,0.3254770229791948,3.072413502024449,High,0.0021934230908571347,6,,0.0,-0.07239048450929486,adequate,0.0,Reject,net EV -7.24% is below the minimum Grade C floor,daily-engine-v1.1.0-odds-api,2026-10-08T14:28:00.276280+00:00,Reject,REJECT,False,"kickoff is 124.3h away -- outside the configured 24h money-event horizon; research grade 'Reject' is not in the actionable set ['A', 'A+', 'B']; estimated probability 32.5% is below the 50% money-qualification floor; net EV -7.24% is below the 2.00% money-qualification value floor",2026-10-13T18:45:00Z
2026-10-13,football,Championship,Wrexham AFC v West Bromwich Albion,over_under_2_5,over,Casumo,1.88,0.4932614555256065,2.0273224043715845,Low,0.0,2,,0.0,-0.0726684636118598,adequate,0.0,Reject,data quality is insufficient,daily-engine-v1.1.0-odds-api,2026-10-08T14:28:00.276280+00:00,Reject,REJECT,False,"kickoff is 124.3h away -- outside the configured 24h money-event horizon; research grade 'Reject' is not in the actionable set ['A', 'A+', 'B']; confidence 'Low' is not eligible for real-money qualification (requires one of ['High'], or ['Medium'] with every other requirement strong); data quality did not pass the mechanical data-quality check",2026-10-13T18:45:00Z
2026-10-13,football,Championship,Wrexham AFC v West Bromwich Albion,over_under_2_5,under,Casumo,1.83,0.5067385444743935,1.973404255319149,Low,0.0,2,,0.0,-0.07266846361185991,adequate,0.0,Reject,data quality is insufficient,daily-engine-v1.1.0-odds-api,2026-10-08T14:28:00.276280+00:00,Reject,REJECT,False,"kickoff is 124.3h away -- outside the configured 24h money-event horizon; research grade 'Reject' is not in the actionable set ['A', 'A+', 'B']; confidence 'Low' is not eligible for real-money qualification (requires one of ['High'], or ['Medium'] with every other requirement strong); data quality did not pass the mechanical data-quality check",2026-10-13T18:45:00Z
2026-10-13,football,Championship,Bristol City v Blackburn Rovers,over_under_2_5,under,Casumo,1.96,0.47311827956989244,2.1136363636363638,Low,0.0,2,,0.0,-0.07268817204301076,adequate,0.0,Reject,data quality is insufficient,daily-engine-v1.1.0-odds-api,2026-10-08T14:28:00.276280+00:00,Reject,REJECT,False,"kickoff is 124.3h away -- outside the configured 24h money-event horizon; research grade 'Reject' is not in the actionable set ['A', 'A+', 'B']; confidence 'Low' is not eligible for real-money qualification (requires one of ['High'], or ['Medium'] with every other requirement strong); data quality did not pass the mechanical data-quality check",2026-10-13T18:45:00Z
2026-10-13,football,Championship,Bristol City v Blackburn Rovers,over_under_2_5,over,Casumo,1.76,0.5268817204301075,1.8979591836734695,Low,0.0,2,,0.0,-0.07268817204301081,adequate,0.0,Reject,data quality is insufficient,daily-engine-v1.1.0-odds-api,2026-10-08T14:28:00.276280+00:00,Reject,REJECT,False,"kickoff is 124.3h away -- outside the configured 24h money-event horizon; research grade 'Reject' is not in the actionable set ['A', 'A+', 'B']; confidence 'Low' is not eligible for real-money qualification (requires one of ['High'], or ['Medium'] with every other requirement strong); data quality did not pass the mechanical data-quality check",2026-10-13T18:45:00Z
2026-10-12,football,Segunda Division,Oviedo v SD Eibar,1x2,draw,Betfred (UK),3.2,0.28972162740899354,3.4515890613451594,High,0.006797553412601337,15,,0.0,-0.07289079229122064,adequate,0.0,Reject,net EV -7.29% is below the minimum Grade C floor,daily-engine-v1.1.0-odds-api,2026-10-08T14:28:00.276280+00:00,Reject,REJECT,False,"kickoff is 98.0h away -- outside the configured 24h money-event horizon; research grade 'Reject' is not in the actionable set ['A', 'A+', 'B']; estimated probability 29.0% is below the 50% money-qualification floor; net EV -7.29% is below the 2.00% money-qualification value floor",2026-10-12T16:30:00Z
2026-10-13,football,Championship,Birmingham City v Preston North End,1x2,home,Casumo,1.63,0.5687204179346217,1.7583332134120018,High,0.003917053671583486,6,,0.0,-0.07298571876656668,adequate,0.0,Reject,net EV -7.30% is below the minimum Grade C floor,daily-engine-v1.1.0-odds-api,2026-10-08T14:28:00.276280+00:00,Reject,REJECT,False,"kickoff is 124.5h away -- outside the configured 24h money-event horizon; research grade 'Reject' is not in the actionable set ['A', 'A+', 'B']; net EV -7.30% is below the 2.00% money-qualification value floor",2026-10-13T19:00:00Z
2026-10-13,football,Championship,Burnley v Charlton Athletic,1x2,home,Casumo,1.71,0.5417637271214643,1.8458230958230957,High,0.003910403643424422,6,,0.0,-0.07358402662229613,adequate,0.0,Reject,net EV -7.36% is below the minimum Grade C floor,daily-engine-v1.1.0-odds-api,2026-10-08T14:28:00.276280+00:00,Reject,REJECT,False,"kickoff is 124.3h away -- outside the configured 24h money-event horizon; research grade 'Reject' is not in the actionable set ['A', 'A+', 'B']; net EV -7.36% is below the 2.00% money-qualification value floor",2026-10-13T18:45:00Z
2026-10-14,football,Championship,Portsmouth v Sheffield United,1x2,away,Virgin Bet,2.7,0.34303933823790356,2.915117563882668,High,0.0019825055357669467,6,,0.0,-0.07379378675766035,adequate,0.0,Reject,net EV -7.38% is below the minimum Grade C floor,daily-engine-v1.1.0-odds-api,2026-10-08T14:28:00.276280+00:00,Reject,REJECT,False,"kickoff is 148.3h away -- outside the configured 24h money-event horizon; research grade 'Reject' is not in the actionable set ['A', 'A+', 'B']; estimated probability 34.3% is below the 50% money-qualification floor; net EV -7.38% is below the 2.00% money-qualification value floor",2026-10-14T18:45:00Z
2026-10-17,football,Premier League,Brentford v Liverpool,over_under_2_5,under,William Hill,2.3,0.4025974025974026,2.4838709677419355,Low,0.0,1,,0.0,-0.074025974025974,adequate,0.0,Reject,data quality is insufficient,daily-engine-v1.1.0-odds-api,2026-10-08T14:28:00.276280+00:00,Reject,REJECT,False,"kickoff is 215.5h away -- outside the configured 24h money-event horizon; research grade 'Reject' is not in the actionable set ['A', 'A+', 'B']; confidence 'Low' is not eligible for real-money qualification (requires one of ['High'], or ['Medium'] with every other requirement strong); data quality did not pass the mechanical data-quality check",2026-10-17T14:00:00Z
2026-10-17,football,Premier League,Brentford v Liverpool,over_under_2_5,over,William Hill,1.55,0.5974025974025974,1.673913043478261,Low,0.0,1,,0.0,-0.07402597402597405,adequate,0.0,Reject,data quality is insufficient,daily-engine-v1.1.0-odds-api,2026-10-08T14:28:00.276280+00:00,Reject,REJECT,False,"kickoff is 215.5h away -- outside the configured 24h money-event horizon; research grade 'Reject' is not in the actionable set ['A', 'A+', 'B']; confidence 'Low' is not eligible for real-money qualification (requires one of ['High'], or ['Medium'] with every other requirement strong); data quality did not pass the mechanical data-quality check",2026-10-17T14:00:00Z
2026-10-13,football,Championship,Millwall v Swansea City,over_under_2_5,over,Grosvenor,1.85,0.5,2.0,Low,0.0,2,,0.0,-0.07499999999999996,adequate,0.0,Reject,data quality is insufficient,daily-engine-v1.1.0-odds-api,2026-10-08T14:28:00.276280+00:00,Reject,REJECT,False,"kickoff is 124.3h away -- outside the configured 24h money-event horizon; research grade 'Reject' is not in the actionable set ['A', 'A+', 'B']; confidence 'Low' is not eligible for real-money qualification (requires one of ['High'], or ['Medium'] with every other requirement strong); data quality did not pass the mechanical data-quality check",2026-10-13T18:45:00Z
2026-10-13,football,Championship,Millwall v Swansea City,over_under_2_5,under,Grosvenor,1.85,0.5,2.0,Low,0.0,2,,0.0,-0.07499999999999996,adequate,0.0,Reject,data quality is insufficient,daily-engine-v1.1.0-odds-api,2026-10-08T14:28:00.276280+00:00,Reject,REJECT,False,"kickoff is 124.3h away -- outside the configured 24h money-event horizon; research grade 'Reject' is not in the actionable set ['A', 'A+', 'B']; confidence 'Low' is not eligible for real-money qualification (requires one of ['High'], or ['Medium'] with every other requirement strong); data quality did not pass the mechanical data-quality check",2026-10-13T18:45:00Z
2026-10-13,football,Championship,Stoke City v Middlesbrough,1x2,away,Casumo,1.93,0.47881766455449704,2.088477669115284,High,0.003028538427408582,6,,0.0,-0.07588190740982076,adequate,0.0,Reject,net EV -7.59% is below the minimum Grade C floor,daily-engine-v1.1.0-odds-api,2026-10-08T14:28:00.276280+00:00,Reject,REJECT,False,"kickoff is 124.5h away -- outside the configured 24h money-event horizon; research grade 'Reject' is not in the actionable set ['A', 'A+', 'B']; estimated probability 47.9% is below the 50% money-qualification floor; net EV -7.59% is below the 2.00% money-qualification value floor",2026-10-13T19:00:00Z
2026-10-18,football,Eredivisie,Groningen v Ajax,1x2,home,William Hill,4.0,0.2310001934269989,4.3290007041315395,High,0.004376246105006303,6,,0.0,-0.0759992262920044,adequate,0.0,Reject,net EV -7.60% is below the minimum Grade C floor,daily-engine-v1.1.0-odds-api,2026-10-08T14:28:00.276280+00:00,Reject,REJECT,False,"kickoff is 240.3h away -- outside the configured 24h money-event horizon; research grade 'Reject' is not in the actionable set ['A', 'A+', 'B']; estimated probability 23.1% is below the 50% money-qualification floor; net EV -7.60% is below the 2.00% money-qualification value floor",2026-10-18T14:45:00Z
2026-10-18,football,Eredivisie,Groningen v Ajax,1x2,away,William Hill,1.7,0.5435298668870562,1.8398252992559043,High,0.007397348453935164,6,,0.0,-0.07599922629200451,adequate,0.0,Reject,net EV -7.60% is below the minimum Grade C floor,daily-engine-v1.1.0-odds-api,2026-10-08T14:28:00.276280+00:00,Reject,REJECT,False,"kickoff is 240.3h away -- outside the configured 24h money-event horizon; research grade 'Reject' is not in the actionable set ['A', 'A+', 'B']; net EV -7.60% is below the 2.00% money-qualification value floor",2026-10-18T14:45:00Z
2026-10-12,football,Segunda Division,Real Valladolid CF v Albacete,1x2,draw,Betfred (UK),3.4,0.27076620920237676,3.6932230315806414,Medium,0.02519668245050852,16,,0.0,-0.07939488871191902,adequate,0.0,Reject,net EV -7.94% is below the minimum Grade C floor,daily-engine-v1.1.0-odds-api,2026-10-08T14:28:00.276280+00:00,Reject,REJECT,False,"kickoff is 93.5h away -- outside the configured 24h money-event horizon; research grade 'Reject' is not in the actionable set ['A', 'A+', 'B']; estimated probability 27.1% is below the 60% money-qualification floor (the stricter Medium-confidence floor); Medium-confidence candidates require odds inside the preferred range 1.40-2.50; odds are 3.40; net EV -7.94% is below the 5.00% money-qualification value floor (the stricter Medium-confidence floor)",2026-10-12T12:00:00Z
2026-10-18,football,Eredivisie,NEC Nijmegen v Fortuna Sittard,1x2,home,Unibet (UK),1.42,0.6474820143884892,1.5444444444444445,High,0.012111600039414314,7,,0.0,-0.0805755395683454,adequate,0.0,Reject,net EV -8.06% is below the minimum Grade C floor,daily-engine-v1.1.0-odds-api,2026-10-08T14:28:00.276280+00:00,Reject,REJECT,False,"kickoff is 243.5h away -- outside the configured 24h money-event horizon; research grade 'Reject' is not in the actionable set ['A', 'A+', 'B']; net EV -8.06% is below the 2.00% money-qualification value floor",2026-10-18T18:00:00Z
2026-10-18,football,Eredivisie,FC Twente Enschede v FC Utrecht,1x2,away,William Hill,7.5,0.12239552224427275,8.170233531944367,High,0.006307406253476173,6,,0.0,-0.0820335831679544,adequate,0.0,Reject,net EV -8.20% is below the minimum Grade C floor,daily-engine-v1.1.0-odds-api,2026-10-08T14:28:00.276280+00:00,Reject,REJECT,False,"kickoff is 243.5h away -- outside the configured 24h money-event horizon; research grade 'Reject' is not in the actionable set ['A', 'A+', 'B']; estimated probability 12.2% is below the 50% money-qualification floor; net EV -8.20% is below the 2.00% money-qualification value floor",2026-10-18T18:00:00Z
2026-10-12,football,Segunda Division,Tenerife v Girona FC,1x2,home,Betfred (UK),2.75,0.3337819650067294,2.9959677419354844,High,0.016746601043155496,15,,0.0,-0.0820995962314941,adequate,0.0,Reject,net EV -8.21% is below the minimum Grade C floor,daily-engine-v1.1.0-odds-api,2026-10-08T14:28:00.276280+00:00,Reject,REJECT,False,"kickoff is 100.5h away -- outside the configured 24h money-event horizon; research grade 'Reject' is not in the actionable set ['A', 'A+', 'B']; estimated probability 33.4% is below the 50% money-qualification floor; net EV -8.21% is below the 2.00% money-qualification value floor",2026-10-12T19:00:00Z
2026-10-10,football,Premier League,Chelsea v Bournemouth,over_under_2_5,under,William Hill,2.5,0.36548223350253806,2.736111111111111,Low,0.0,1,,0.0,-0.08629441624365486,adequate,0.0,Reject,data quality is insufficient,daily-engine-v1.1.0-odds-api,2026-10-08T14:28:00.276280+00:00,Reject,REJECT,False,"kickoff is 47.5h away -- outside the configured 24h money-event horizon; research grade 'Reject' is not in the actionable set ['A', 'A+', 'B']; confidence 'Low' is not eligible for real-money qualification (requires one of ['High'], or ['Medium'] with every other requirement strong); data quality did not pass the mechanical data-quality check",2026-10-10T14:00:00Z
2026-10-10,football,Scottish Premiership,Hearts v St Mirren,over_under_2_5,under,William Hill,2.5,0.36548223350253806,2.736111111111111,Low,0.0,1,,0.0,-0.08629441624365486,adequate,0.0,Reject,data quality is insufficient,daily-engine-v1.1.0-odds-api,2026-10-08T14:28:00.276280+00:00,Reject,REJECT,False,"kickoff is 47.5h away -- outside the configured 24h money-event horizon; research grade 'Reject' is not in the actionable set ['A', 'A+', 'B']; confidence 'Low' is not eligible for real-money qualification (requires one of ['High'], or ['Medium'] with every other requirement strong); data quality did not pass the mechanical data-quality check",2026-10-10T14:00:00Z
2026-10-10,football,Premier League,Chelsea v Bournemouth,over_under_2_5,over,William Hill,1.44,0.6345177664974618,1.5760000000000003,Low,0.0,1,,0.0,-0.08629441624365497,adequate,0.0,Reject,data quality is insufficient,daily-engine-v1.1.0-odds-api,2026-10-08T14:28:00.276280+00:00,Reject,REJECT,False,"kickoff is 47.5h away -- outside the configured 24h money-event horizon; research grade 'Reject' is not in the actionable set ['A', 'A+', 'B']; confidence 'Low' is not eligible for real-money qualification (requires one of ['High'], or ['Medium'] with every other requirement strong); data quality did not pass the mechanical data-quality check",2026-10-10T14:00:00Z
2026-10-10,football,Scottish Premiership,Hearts v St Mirren,over_under_2_5,over,William Hill,1.44,0.6345177664974618,1.5760000000000003,Low,0.0,1,,0.0,-0.08629441624365497,adequate,0.0,Reject,data quality is insufficient,daily-engine-v1.1.0-odds-api,2026-10-08T14:28:00.276280+00:00,Reject,REJECT,False,"kickoff is 47.5h away -- outside the configured 24h money-event horizon; research grade 'Reject' is not in the actionable set ['A', 'A+', 'B']; confidence 'Low' is not eligible for real-money qualification (requires one of ['High'], or ['Medium'] with every other requirement strong); data quality did not pass the mechanical data-quality check",2026-10-10T14:00:00Z
2026-10-12,football,Segunda Division,Real Valladolid CF v Albacete,1x2,home,Betfred (UK),1.95,0.4651827649581377,2.1496927129060577,High,0.009594094386362674,16,,0.0,-0.09289360833163152,adequate,0.0,Reject,net EV -9.29% is below the minimum Grade C floor,daily-engine-v1.1.0-odds-api,2026-10-08T14:28:00.276280+00:00,Reject,REJECT,False,"kickoff is 93.5h away -- outside the configured 24h money-event horizon; research grade 'Reject' is not in the actionable set ['A', 'A+', 'B']; estimated probability 46.5% is below the 50% money-qualification floor; net EV -9.29% is below the 2.00% money-qualification value floor",2026-10-12T12:00:00Z
2026-10-18,football,Eredivisie,FC Twente Enschede v FC Utrecht,1x2,home,William Hill,1.3,0.6976744186046512,1.4333333333333333,High,0.010483823407155224,6,,0.0,-0.09302325581395343,adequate,0.0,Reject,net EV -9.30% is below the minimum Grade C floor,daily-engine-v1.1.0-odds-api,2026-10-08T14:28:00.276280+00:00,Reject,REJECT,False,"kickoff is 243.5h away -- outside the configured 24h money-event horizon; research grade 'Reject' is not in the actionable set ['A', 'A+', 'B']; odds 1.30 are below the configured payout floor of 1.33; net EV -9.30% is below the 2.00% money-qualification value floor",2026-10-18T18:00:00Z
2026-10-10,football,Premier League,Manchester United v Tottenham Hotspur,over_under_2_5,over,William Hill,1.44,0.6298200514138818,1.5877551020408163,Low,0.0,1,,0.0,-0.09305912596401028,adequate,0.0,Reject,data quality is insufficient,daily-engine-v1.1.0-odds-api,2026-10-08T14:28:00.276280+00:00,Reject,REJECT,False,"kickoff is 50.0h away -- outside the configured 24h money-event horizon; research grade 'Reject' is not in the actionable set ['A', 'A+', 'B']; confidence 'Low' is not eligible for real-money qualification (requires one of ['High'], or ['Medium'] with every other requirement strong); data quality did not pass the mechanical data-quality check",2026-10-10T16:30:00Z
2026-10-10,football,Premier League,Manchester United v Tottenham Hotspur,over_under_2_5,under,William Hill,2.45,0.3701799485861182,2.7013888888888893,Low,0.0,1,,0.0,-0.09305912596401045,adequate,0.0,Reject,data quality is insufficient,daily-engine-v1.1.0-odds-api,2026-10-08T14:28:00.276280+00:00,Reject,REJECT,False,"kickoff is 50.0h away -- outside the configured 24h money-event horizon; research grade 'Reject' is not in the actionable set ['A', 'A+', 'B']; confidence 'Low' is not eligible for real-money qualification (requires one of ['High'], or ['Medium'] with every other requirement strong); data quality did not pass the mechanical data-quality check",2026-10-10T16:30:00Z
