match_id,season,comp,best_type,best_p,best_won,p_1X,w_1X,p_X2,w_X2,p_12,w_12
be265a12cf73c337,2020_21,E0,X2,0.8195664680476609,1,0.4207230811838511,0,0.8195664680476609,1,0.7597104507684881,1
fbb4111716c2fe42,2020_21,E0,12,0.7074753005402753,1,0.6085263238829856,1,0.6839983755767393,0,0.7074753005402753,1
6814b5b6eb9e97d3,2020_21,E0,1X,0.9139864506028124,1,0.9139864506028124,1,0.240495669885679,0,0.8455178795115088,1
d333d0751762c926,2020_21,E0,1X,0.7481967585717018,0,0.7481967585717018,0,0.5158882660665371,1,0.7359149753617611,1
8e2326c486becc39,2020_21,E0,12,0.7175451279311797,1,0.5720180919912761,0,0.7104367800775444,1,0.7175451279311797,1
308287b4604bee9c,2020_21,E0,1X,0.7516052376775233,0,0.7516052376775233,0,0.5276423821603325,1,0.7207523801621438,1
070b62393919c30f,2020_21,E0,X2,0.8365296361481231,1,0.38253187388332144,0,0.8365296361481231,1,0.7809384899685556,1
3fae43118d97ce4b,2020_21,E0,X2,0.7021331203105738,1,0.6292884493491115,0,0.7021331203105738,1,0.6685784303403146,1
1a589d9ba53d4888,2020_21,E0,1X,0.8435521063496547,1,0.8435521063496547,1,0.3939662797201748,0,0.7624816139301706,1
de83c6948ccf9a39,2020_21,E0,1X,0.8126410316220319,1,0.8126410316220319,1,0.4332546563090268,0,0.7541043120689412,1
9dd68e8c5e38d1e4,2020_21,E0,1X,0.8885986708711031,0,0.8885986708711031,0,0.3003802508182586,1,0.8110210783106383,1
0a28410453137fbf,2020_21,E0,1X,0.8560726115954242,1,0.8560726115954242,1,0.3568356854082132,0,0.7870917029963626,1
86c63c8a2dfd934b,2020_21,E0,12,0.7161202089665035,1,0.5708583701165091,0,0.7130214209169874,1,0.7161202089665035,1
2d50168ebf79cb72,2020_21,E0,12,0.7013248583943338,1,0.66875681276924,0,0.6299183288364263,1,0.7013248583943338,1
2697ccc8bccc3df1,2020_21,E0,12,0.7489360515587844,1,0.5360833219897596,0,0.7149806264514557,1,0.7489360515587844,1
a4ad676aaea374cf,2020_21,E0,1X,0.855925125334412,1,0.855925125334412,1,0.3712650971029061,0,0.772809777562682,1
68ec8fd8aebc7906,2020_21,E0,12,0.6985135648116036,1,0.6969978588362243,1,0.6044885763521719,0,0.6985135648116036,1
e79de55a40d8dc69,2020_21,E0,X2,0.8612579329370248,1,0.35052371509323,0,0.8612579329370248,1,0.7882183519697454,1
8b20e5816416fe2c,2020_21,E0,X2,0.8239748757745694,1,0.4087584246224557,0,0.8239748757745694,1,0.7672666996029749,1
43602808d8e549d3,2020_21,E0,X2,0.7279081832609302,1,0.5617017605702461,0,0.7279081832609302,1,0.7103900561688237,1
6cdceec7961f6170,2020_21,E0,X2,0.8593839548255454,1,0.3407072065690824,1,0.8593839548255454,1,0.7999088386053725,0
5a769696f391613e,2020_21,E0,12,0.7153548349398677,1,0.5764296542512455,0,0.708215510808887,1,0.7153548349398677,1
b192e77476404138,2020_21,E0,12,0.7182151741489631,1,0.6185506497168716,0,0.6632341761341654,1,0.7182151741489631,1
32e5fa91f4fb121a,2020_21,E0,1X,0.8752180303270402,1,0.8752180303270402,1,0.3257095298814184,1,0.7990724397915415,0
a23be7579a0abd9e,2020_21,E0,1X,0.8980643578064131,0,0.8980643578064131,0,0.2644908735793234,1,0.8374447686142636,1
311ee3996397c657,2020_21,E0,X2,0.7123447971351253,0,0.5775873612057414,1,0.7123447971351253,0,0.710067841659133,1
eaeed5b9d7b5508f,2020_21,E0,12,0.7197118815269647,1,0.5993255582457999,0,0.6809625602272354,1,0.7197118815269647,1
4ffc250cc6d09c50,2020_21,E0,1X,0.8375263572240226,1,0.8375263572240226,1,0.34501839608651363,0,0.8174552466894638,1
71afa65559079a7e,2020_21,E0,1X,0.8536026094544698,1,0.8536026094544698,1,0.3684297440904295,0,0.7779676464551007,1
89932473e6390348,2020_21,E0,1X,0.7945018868048251,1,0.7945018868048251,1,0.4603160377040414,0,0.7451820754911337,1
3c5405bbe5d77462,2020_21,E0,X2,0.8842269659952335,1,0.24999935637449977,1,0.8842269659952335,1,0.8657736776302669,0
f0cdc281b88feea9,2020_21,E0,12,0.7067488304390341,1,0.6924291142504795,1,0.6008220553104864,0,0.7067488304390341,1
5ff189b6cdf7446a,2020_21,E0,1X,0.774615493444553,0,0.774615493444553,0,0.4732326906361437,1,0.7521518159193035,1
b6e779017b5b90de,2020_21,E0,1X,0.7687982463213339,1,0.7687982463213339,1,0.4849184305143234,0,0.746283323164343,1
5ad7bdcdddf5a65d,2020_21,E0,1X,0.8653201273573117,1,0.8653201273573117,1,0.35664646593224036,0,0.778033406710448,1
74209186500a06da,2020_21,E0,1X,0.8120870588314609,1,0.8120870588314609,1,0.4666883123609161,0,0.721224628807623,1
ef3afe235200c201,2020_21,E0,12,0.7378254253225172,1,0.7376082949080895,0,0.5245662797693935,1,0.7378254253225172,1
53e5dba5cc5ef9ce,2020_21,E0,X2,0.8546718779536747,0,0.34143963626829565,1,0.8546718779536747,0,0.8038884857780296,1
b3d706e2d2b30181,2020_21,E0,12,0.7703671978528405,0,0.4596311517465734,1,0.7700016504005863,1,0.7703671978528405,0
42722045c14dbaf4,2020_21,E0,1X,0.8218147924089884,1,0.8218147924089884,1,0.3907331874733383,1,0.7874520201176733,0
d83edc7590cbf791,2020_21,E0,1X,0.8284600179622913,1,0.8284600179622913,1,0.3723979439693732,0,0.7991420380683355,1
1d89885a01fc1aaa,2020_21,E0,X2,0.7889974778139802,1,0.44141371409445707,0,0.7889974778139802,1,0.7695888080915629,1
625690f34b2171c8,2020_21,E0,1X,0.7210902261916377,1,0.7210902261916377,1,0.5802128032306906,1,0.6986969705776718,0
21fbf062f8a878db,2020_21,E0,12,0.7027138331707925,0,0.6086772548541095,1,0.688608911975098,1,0.7027138331707925,0
f1fb9a03ed33e082,2020_21,E0,1X,0.8236077291039381,1,0.8236077291039381,1,0.4077062052093964,1,0.7686860656866655,0
aa57a77e34fc8904,2020_21,E0,12,0.7330202375771249,1,0.6723871068763463,0,0.5945926555465288,1,0.7330202375771249,1
3f0c82c15b09a032,2020_21,E0,12,0.7049687706516181,0,0.6695583059232972,1,0.6254729234250846,1,0.7049687706516181,0
de6c5dbf02227584,2020_21,E0,12,0.7164344699309995,1,0.6695972589347632,0,0.6139682711342374,1,0.7164344699309995,1
82c12cc991da672d,2020_21,E0,12,0.7600363666710863,1,0.7477028393918606,0,0.49226079393705324,1,0.7600363666710863,1
fa4d5ec0466fde3f,2020_21,E0,X2,0.8581132685692371,1,0.3284163520666115,1,0.8581132685692371,1,0.8134703793641516,0
5e366dc1a841600a,2020_21,E0,12,0.6985066417341901,1,0.6721706831986025,0,0.6293226750672076,1,0.6985066417341901,1
d164ebfcc384c7eb,2020_21,E0,12,0.7222106110818611,0,0.6472491468492885,1,0.6305402420688504,1,0.7222106110818611,0
cb6edaaaf4bb7956,2020_21,E0,1X,0.925145560000466,1,0.925145560000466,1,0.20458254737050685,0,0.8702718926290272,1
4149e651e5f4187a,2020_21,E0,12,0.7324757477364503,1,0.5862929421547152,1,0.6812313101088345,0,0.7324757477364503,1
eab1fc0b53f96ef2,2020_21,E0,1X,0.8046242265698176,1,0.8046242265698176,1,0.4720431986851414,1,0.7233325747450411,0
483eb8313e2d093a,2020_21,E0,1X,0.7652009174544447,0,0.7652009174544447,0,0.5074830820615676,1,0.7273160004839875,1
4e06409ee4f58304,2020_21,E0,1X,0.8080576344329853,1,0.8080576344329853,1,0.4300836722663486,1,0.7618586933006661,0
41efc257f7f74d2f,2020_21,E0,X2,0.8319453246998602,1,0.3877158811405055,0,0.8319453246998602,1,0.7803387941596345,1
39658af8e15e17d3,2020_21,E0,1X,0.7743473992034406,1,0.7743473992034406,1,0.5282339732372999,0,0.6974186275592592,1
c562891f4a8ccd49,2020_21,E0,X2,0.9083632503592495,1,0.24955357959111463,0,0.9083632503592495,1,0.8420831700496361,1
809d4e23873622ee,2020_21,E0,X2,0.8266176563103035,1,0.3968972903404111,0,0.8266176563103035,1,0.7764850533492856,1
f8a8fbb02d13cea9,2020_21,E0,1X,0.8622043789725184,1,0.8622043789725184,1,0.32258109059373796,0,0.8152145304337437,1
7ec6fe0c2728f612,2020_21,E0,12,0.7292391157554317,1,0.6414479360110272,0,0.6293129482335411,1,0.7292391157554317,1
6efd8dd1dbeb4351,2020_21,E0,12,0.7124283309213333,1,0.5777103315433778,1,0.7098613375352889,0,0.7124283309213333,1
abec784cb548ef27,2020_21,E0,1X,0.7528797049050779,0,0.7528797049050779,0,0.5128783666880103,1,0.7342419284069116,1
8d443383c2a380c2,2020_21,E0,1X,0.8327974579891297,1,0.8327974579891297,1,0.39011253754168984,0,0.7770900044691804,1
3df49e9757f6ded7,2020_21,E0,12,0.7092577929337185,1,0.6842342062886352,1,0.6065080007776464,0,0.7092577929337185,1
69da075852eebfd7,2020_21,E0,12,0.7380646685448107,1,0.6613248276885211,0,0.6006105037666682,1,0.7380646685448107,1
8dc41f9a7c9050ec,2020_21,E0,1X,0.7766715130412425,1,0.7766715130412425,1,0.5024710850754703,1,0.720857401883287,0
7ac80fc208acb2ca,2020_21,E0,1X,0.7231725154754731,1,0.7231725154754731,1,0.5541465077775567,0,0.7226809767469702,1
42e04d110b1591ba,2020_21,E0,12,0.7326361267610049,1,0.5652216914936038,0,0.7021421817453912,1,0.7326361267610049,1
85c79db370267eec,2020_21,E0,12,0.7245715664002743,1,0.6150369123817339,1,0.6603915212179918,0,0.7245715664002743,1
8f65fe2f9ac7d1d9,2020_21,E0,1X,0.8826249300808942,1,0.8826249300808942,1,0.30967050857522405,0,0.8077045613438819,1
00c771aecac1432c,2020_21,E0,1X,0.7688155523582663,1,0.7688155523582663,1,0.4799371100323157,0,0.7512473376094182,1
8f3c40e3e6a80716,2020_21,E0,X2,0.851174170806443,1,0.353460169159046,0,0.851174170806443,1,0.795365660034511,1
2c9a95080e719501,2020_21,E0,1X,0.7137647121816908,1,0.7137647121816908,1,0.5868239071663681,0,0.6994113806519411,1
64de45875cbf972c,2020_21,E0,12,0.7662132362067291,0,0.7365338027328485,1,0.49725296106042255,1,0.7662132362067291,0
db76c91e00b63fca,2020_21,E0,1X,0.7991630087829376,0,0.7991630087829376,0,0.416549960276543,1,0.7842870309405192,1
28627ebc21297bf4,2020_21,E0,X2,0.8646903690781252,1,0.3351628791247817,0,0.8646903690781252,1,0.800146751797093,1
07c512aa8e3ebd5f,2020_21,E0,12,0.7262445781205011,1,0.6878948110207199,0,0.5858606108587789,1,0.7262445781205011,1
a4a4008f76b0878b,2020_21,E0,X2,0.7739455977237708,0,0.4593122830531909,1,0.7739455977237708,0,0.7667421192230381,1
047433acf8bd9775,2020_21,E0,1X,0.8966052879667366,1,0.8966052879667366,1,0.2696841205598696,0,0.8337105914733939,1
c81c15c28a315ed4,2020_21,E0,X2,0.772264364184784,1,0.47938951599642127,0,0.772264364184784,1,0.7483461198187948,1
1b3969469915683d,2020_21,E0,12,0.7028408855424996,1,0.6108561543157959,0,0.6863029601417044,1,0.7028408855424996,1
2a924011b3c69ab4,2020_21,E0,12,0.7484040425764795,0,0.5289406008264894,1,0.7226553565970311,1,0.7484040425764795,0
cac0eb5871c07c40,2020_21,E0,1X,0.7824271668886281,1,0.7824271668886281,1,0.4532597470640688,0,0.7643130860473031,1
b58038e41a022d31,2020_21,E0,12,0.6923477543981086,1,0.6731053757393441,1,0.6345468698625476,0,0.6923477543981086,1
a8c6342d7e1d91a1,2020_21,E0,1X,0.7067985230113545,1,0.7067985230113545,1,0.5882111366856995,1,0.704990340302946,0
901a4cdf9b014e7b,2020_21,E0,1X,0.7499990292680898,0,0.7499990292680898,0,0.549046853689413,1,0.7009541170424973,1
b3ac05d82b233e71,2020_21,E0,X2,0.8048720841272029,1,0.4203186230239938,1,0.8048720841272029,1,0.7748092928488033,0
b3032fbb7f533bdc,2020_21,E0,1X,0.9476187450240542,1,0.9476187450240542,1,0.14673597330692562,0,0.9056452816690201,1
08a6b037d7e5eaeb,2020_21,E0,12,0.7385738257285324,1,0.6816668854403503,0,0.5797592888311173,1,0.7385738257285324,1
dbe3cf98d66eaddd,2020_21,E0,12,0.6958892736267587,1,0.6676833234165391,1,0.6364274029567021,0,0.6958892736267587,1
963258826fb82c38,2020_21,E0,X2,0.7490692055505064,1,0.5089208656720956,0,0.7490692055505064,1,0.7420099287773979,1
600270c8f6501571,2020_21,E0,1X,0.7475469600870994,1,0.7475469600870994,1,0.5126783569999189,1,0.7397746829129817,0
bf88cbf68849ca09,2020_21,E0,1X,0.7546973852141146,0,0.7546973852141146,0,0.5359240064180875,1,0.7093786083677981,1
c1511c0abc57685a,2020_21,E0,1X,0.8285895684887498,0,0.8285895684887498,0,0.403587172297514,1,0.7678232592137363,1
975f3b253e6ce85f,2020_21,E0,12,0.727757157656022,1,0.6847294090719727,1,0.5875134332720053,0,0.727757157656022,1
7b83c65311ad9d97,2020_21,E0,X2,0.7401410858235155,1,0.5281054000381188,1,0.7401410858235155,1,0.7317535141383659,0
49ade1e1abf454a0,2020_21,E0,1X,0.9529558999182713,1,0.9529558999182713,1,0.14021372666880316,0,0.9068303734129255,1
d0e3b6bcc41bccbe,2020_21,E0,12,0.7268556900625063,1,0.5575051470028718,0,0.7156391629346219,1,0.7268556900625063,1
c555f292b0657c95,2020_21,E0,1X,0.8456684969126212,1,0.8456684969126212,1,0.34365942038981734,0,0.8106720826975614,1
edabeb8e1d962864,2020_21,E0,12,0.7081672641004828,1,0.6110522500989268,0,0.68078048580059,1,0.7081672641004828,1
d7e851bd7624a510,2020_21,E0,X2,0.762437435639602,1,0.5078998497589664,0,0.762437435639602,1,0.7296627146014315,1
81cdb291a125bffa,2020_21,E0,12,0.7235795827335076,1,0.7138924644520752,1,0.5625279528144171,0,0.7235795827335076,1
6723c99e3a60b443,2020_21,E0,1X,0.8215631601497271,1,0.8215631601497271,1,0.3988672252705985,0,0.7795696145796742,1
bb54fb0729737df7,2020_21,E0,12,0.7181228430243913,1,0.6733348220392705,0,0.6085423349363381,1,0.7181228430243913,1
0d93296707cea50c,2020_21,E0,12,0.7450792438715048,1,0.7086491501274333,0,0.5462716060010617,1,0.7450792438715048,1
c08390adf86b1644,2020_21,E0,12,0.7051580543685005,1,0.6714930944499847,0,0.6233488511815148,1,0.7051580543685005,1
2f37eb6d74223b34,2020_21,E0,12,0.7046226953177182,1,0.6883955863225294,1,0.6069817183597526,0,0.7046226953177182,1
d1d69f0fc3713cc6,2020_21,E0,X2,0.7896812461784892,1,0.43475686050829704,1,0.7896812461784892,1,0.7755618933132139,0
346086dec288ad9e,2020_21,E0,X2,0.7941679963814852,0,0.4296406533748859,1,0.7941679963814852,0,0.7761913502436292,1
4f01cafb01312452,2020_21,E0,1X,0.823972597887729,1,0.823972597887729,1,0.4180754968915128,0,0.7579519052207582,1
ec32e08835efcea2,2020_21,E0,X2,0.7687061618405198,1,0.48047984566699187,1,0.7687061618405198,1,0.7508139924924886,0
eb44f9e21ef71f68,2020_21,E0,X2,0.8816665427644041,1,0.2936652497978594,1,0.8816665427644041,1,0.8246682074377366,0
ed10b7f0e84a6226,2020_21,E0,1X,0.8693183304507945,0,0.8693183304507945,0,0.33172898567417597,1,0.7989526838750296,1
90e66662fe165b0f,2020_21,E0,1X,0.746243570312918,1,0.746243570312918,1,0.524546528506489,0,0.7292099011805931,1
1f719e83c86b0bb1,2020_21,E0,X2,0.8234927313538594,0,0.4270042122296834,1,0.8234927313538594,0,0.7495030564164571,1
75715bafb1440354,2020_21,E0,1X,0.9587603306929091,1,0.9587603306929091,1,0.12600792775904132,1,0.9152317415480496,0
480d8b5e0804652c,2020_21,E0,12,0.7283246814562623,0,0.7194251326411039,1,0.5522501859026339,1,0.7283246814562623,0
80412fa33dd90a85,2020_21,E0,1X,0.8233160266517147,1,0.8233160266517147,1,0.3962246813744307,0,0.7804592919738547,1
3f7f224c76aa27ee,2020_21,E0,1X,0.7258115883841211,0,0.7258115883841211,0,0.5517977584114294,1,0.7223906532044496,1
bef907c1e1b01b82,2020_21,E0,12,0.7054343618323183,0,0.6178218183888285,1,0.676743819778853,1,0.7054343618323183,0
81866519e85530e7,2020_21,E0,1X,0.7712973014848964,1,0.7712973014848964,1,0.47317024813069564,0,0.7555324503844081,1
05e0ebe75d179472,2020_21,E0,1X,0.7281476056869327,1,0.7281476056869327,1,0.5522635168431606,1,0.7195888774699066,0
a33fffd2a50adc0d,2020_21,E0,1X,0.7759648571398368,1,0.7759648571398368,1,0.47887108847644105,1,0.7451640543837221,0
12eb646856e9ff4a,2020_21,E0,X2,0.8669786398457547,1,0.33789464315294065,0,0.8669786398457547,1,0.7951267170013048,1
f86cb1c1fb1a8d7c,2020_21,E0,X2,0.8237909512302681,1,0.40953852719365214,0,0.8237909512302681,1,0.76667052157608,1
7e8ee08c0b65d1a2,2020_21,E0,X2,0.8411307400681204,1,0.3641404543065776,0,0.8411307400681204,1,0.794728805625302,1
fd48f40beebeb35b,2020_21,E0,12,0.7191967585776774,1,0.6397470090192272,1,0.6410562324030953,0,0.7191967585776774,1
9efe025008255720,2020_21,E0,12,0.7113646011631884,0,0.6272398343571686,1,0.6613955644796433,1,0.7113646011631884,0
3b5f6e4da4fb6fe7,2020_21,E0,1X,0.7963322068744301,1,0.7963322068744301,1,0.4856537703703295,1,0.7180140227552406,0
a762fcba661c7e11,2020_21,E0,1X,0.7312608478559619,0,0.7312608478559619,0,0.5422766400416561,1,0.7264625121023821,1
c23ea9a2846cb80b,2020_21,E0,1X,0.7821104589072788,1,0.7821104589072788,1,0.44346381061307594,0,0.7744257304796455,1
c76b79a85828f361,2020_21,E0,X2,0.7925214859238399,1,0.4437514986468952,0,0.7925214859238399,1,0.7637270154292649,1
80f2c8078a2f88f9,2020_21,E0,X2,0.7199791978637671,0,0.5905399756019264,1,0.7199791978637671,0,0.6894808265343064,1
7d4b017ef2cb1e03,2020_21,E0,1X,0.8323135105124266,1,0.8323135105124266,1,0.3872020780311817,0,0.7804844114563918,1
27f5753f5356a678,2020_21,E0,12,0.7320436157376156,0,0.5896397454270742,1,0.6783166388353101,1,0.7320436157376156,0
c73e4d33b2115621,2020_21,E0,1X,0.7797118480383368,1,0.7797118480383368,1,0.4706940795337905,0,0.7495940724278727,1
6f6ebad40731b213,2020_21,E0,12,0.7113811761338253,0,0.6247905235885973,1,0.6638283002775773,1,0.7113811761338253,0
bd8c990c0d010bee,2020_21,E0,X2,0.799298677051713,0,0.44756442631399646,1,0.799298677051713,0,0.7531368966342907,1
970096df9e4999e5,2020_21,E0,1X,0.9501851358620281,1,0.9501851358620281,1,0.15093745733952474,0,0.8988774067984472,1
feec82d5b3902441,2020_21,E0,X2,0.7141058227359198,1,0.577253577811498,0,0.7141058227359198,1,0.7086405994525822,1
6d9b7efe112325f9,2020_21,E0,1X,0.7964487992104355,1,0.7964487992104355,1,0.4342864302513828,0,0.7692647705381819,1
956b4bbadfff4c3a,2020_21,E0,12,0.7126136977922675,0,0.6943534716460152,1,0.5930328305617174,1,0.7126136977922675,0
672f40a22ca401a2,2020_21,E0,1X,0.9538417807764636,1,0.9538417807764636,1,0.14960746309402462,1,0.8965507561295116,0
7c536e033a4374a9,2020_21,E0,X2,0.7280466937156764,1,0.5603509267594844,1,0.7280466937156764,1,0.7116023795248392,0
cb84de4dbc5dd948,2020_21,E0,12,0.7200292337753296,0,0.5680670464173683,1,0.711903719807302,1,0.7200292337753296,0
15e1d47da46623b2,2020_21,E0,1X,0.7728517305213165,1,0.7728517305213165,1,0.4676867925511934,1,0.7594614769274901,0
4c13ff4734b2ccc3,2020_21,E0,X2,0.7395139263737619,1,0.5382137040461353,0,0.7395139263737619,1,0.7222723695801029,1
53e46f5dde7179d0,2020_21,E0,12,0.7005743895668727,1,0.6978256626703796,1,0.6015999477627476,0,0.7005743895668727,1
41c54886bff435bc,2020_21,E0,1X,0.7461500793305316,1,0.7461500793305316,1,0.5241867416909001,1,0.7296631789785686,0
8f3816e084ad6786,2020_21,E0,X2,0.7687405349585827,1,0.4701985486288354,0,0.7687405349585827,1,0.7610609164125817,1
65a30c036a1e15ee,2020_21,E0,1X,0.8435172984311223,1,0.8435172984311223,1,0.38005109310806034,0,0.7764316084608175,1
472f98988612f135,2020_21,E0,X2,0.9062204407938619,1,0.2550291967532702,1,0.9062204407938619,1,0.8387503624528679,0
7954050f017c54de,2020_21,E0,12,0.7232322537808134,1,0.7072387965580778,0,0.5695289496611089,1,0.7232322537808134,1
a44ed5ef384c1c25,2020_21,E0,1X,0.7987111325682814,1,0.7987111325682814,1,0.4356577229614754,0,0.7656311444702432,1
71517837684a1fdd,2020_21,E0,12,0.7591060778077251,1,0.7571042857271959,1,0.483789636465079,0,0.7591060778077251,1
2bfd57923a8dacb9,2020_21,E0,1X,0.7539957533662922,1,0.7539957533662922,1,0.5387649105707604,0,0.7072393360629474,1
80c5f72faf9a193f,2020_21,E0,12,0.6836025139735168,0,0.655946619881081,1,0.6604508661454023,1,0.6836025139735168,0
5956ebec1840ab6c,2020_21,E0,X2,0.8418296081669226,1,0.3974647155663837,0,0.8418296081669226,1,0.7607056762666938,1
bdffa909c1c8a548,2020_21,E0,X2,0.8401727572303535,1,0.394720856932783,0,0.8401727572303535,1,0.7651063858368636,1
db2270819ac6b57b,2020_21,E0,12,0.7335147126592356,1,0.5456410321761057,0,0.7208442551646588,1,0.7335147126592356,1
ae132dd264ea2e1a,2020_21,E0,X2,0.8368242996314125,0,0.3628986506005645,1,0.8368242996314125,0,0.800277049768023,1
48f6c7ff766bb3eb,2020_21,E0,1X,0.7095318704205191,1,0.7095318704205191,1,0.5948665450754242,0,0.6956015845040566,1
55bdaae8eedb4cbf,2020_21,E0,X2,0.87950285575475,1,0.3186744029029227,0,0.87950285575475,1,0.8018227413423273,1
6c0acc4ae9221af2,2020_21,E0,1X,0.7036754614613563,0,0.7036754614613563,0,0.6286404800333905,1,0.6676840585052533,1
e943977b079cf05f,2020_21,E0,1X,0.944981346408646,1,0.944981346408646,1,0.17472664457726272,0,0.8802920090140913,1
a508e15dc04a9d1b,2020_21,E0,1X,0.8395514010862393,1,0.8395514010862393,1,0.41168856648558816,1,0.7487600324281726,0
760e61887421f7dd,2020_21,E0,1X,0.816359557124172,1,0.816359557124172,1,0.4335765041896623,1,0.7500639386861657,0
0b611910b05efb2c,2020_21,E0,1X,0.8423265471503707,0,0.8423265471503707,0,0.41560658624706426,1,0.7420668666025652,1
4b5fc95ad5f9046e,2020_21,E0,12,0.7280295327616546,1,0.6983218620707095,0,0.5736486051676359,1,0.7280295327616546,1
b2d7bd038e4c0905,2020_21,E0,1X,0.802815916456082,1,0.802815916456082,1,0.45582463193834133,0,0.7413594516055769,1
9b737723a8a4c5eb,2020_21,E0,X2,0.8471064448383535,1,0.3865008119607837,0,0.8471064448383535,1,0.7663927432008628,1
4c7aff99a40e03a2,2020_21,E0,1X,0.8125047506570231,1,0.8125047506570231,1,0.43589239432019844,0,0.7516028550227785,1
ef066437088705f7,2020_21,E0,X2,0.7947034254181199,1,0.469705066561095,0,0.7947034254181199,1,0.7355915080207851,1
a2fdcd34577eed19,2020_21,E0,12,0.7517052439169003,0,0.740563183544322,1,0.5077315725387777,1,0.7517052439169003,0
3e96c5829be49a67,2020_21,E0,1X,0.9409112475050782,1,0.9409112475050782,1,0.18419373238563377,0,0.874895020109288,1
f70742051995ff7c,2020_21,E0,1X,0.8754378591138227,1,0.8754378591138227,1,0.32505808741551706,0,0.7995040534706603,1
ac954b88829fc47c,2020_21,E0,1X,0.8504584266758348,1,0.8504584266758348,1,0.37606612022315355,0,0.7734754531010116,1
2cae15c127c8649e,2020_21,E0,12,0.7203476219499709,1,0.620718802354276,1,0.6589335756957531,0,0.7203476219499709,1
8b5e4b52a6727e27,2020_21,E0,1X,0.9006591730711626,1,0.9006591730711626,1,0.2623246494505727,0,0.8370161774782646,1
88fb4e260600ab02,2020_21,E0,X2,0.8258489478218728,1,0.4053047934718546,0,0.8258489478218728,1,0.7688462587062728,1
b64d25acda472443,2020_21,E0,1X,0.9007009294447386,0,0.9007009294447386,0,0.26800778619301097,1,0.8312912843622503,1
92016f79ad925856,2020_21,E0,1X,0.8443008691984912,1,0.8443008691984912,1,0.3609861809178322,0,0.7947129498836766,1
248ff28a6f8093cc,2020_21,E0,X2,0.7268430924033105,1,0.5645059738830719,0,0.7268430924033105,1,0.7086509337136175,1
f256334de64a6b4e,2020_21,E0,12,0.7606111028010925,1,0.4791684070291297,0,0.760220490169778,1,0.7606111028010925,1
1c7f2610e5f95c8c,2020_21,E0,12,0.7400685344438271,1,0.5357557383231086,0,0.7241757272330642,1,0.7400685344438271,1
3b54d3e3766fc325,2020_21,E0,X2,0.9500125832787849,1,0.16480655149890588,0,0.9500125832787849,1,0.8851808652223092,1
66a924eeecd685e0,2020_21,E0,X2,0.7830071478634528,0,0.47254697900380527,1,0.7830071478634528,0,0.7444458731327422,1
ebe258dc2b85e48a,2020_21,E0,1X,0.8369182738226792,1,0.8369182738226792,1,0.41445410937540705,1,0.7486276168019136,0
06ad68d15da6430a,2020_21,E0,1X,0.7509532677343268,1,0.7509532677343268,1,0.5334603384758382,1,0.7155863937898351,0
fdbb18f5ba3c780b,2020_21,E0,12,0.7095132014084244,0,0.5974917747139239,1,0.6929950238776518,1,0.7095132014084244,0
b9c89502cda80143,2020_21,E0,1X,0.9113178096784391,0,0.9113178096784391,0,0.24720674704061693,1,0.8414754432809441,1
748bfadbb88f52e3,2020_21,E0,12,0.7503103981680312,1,0.5169723979555393,0,0.7327172038764294,1,0.7503103981680312,1
9f46c1553a0e4d64,2020_21,E0,1X,0.8548262861707582,0,0.8548262861707582,0,0.3797601252037619,1,0.7654135886254801,1
5d5bbcba82f3d85f,2020_21,E0,12,0.6937477800792708,1,0.6330693667559275,1,0.6731828531648019,0,0.6937477800792708,1
1da37260c2388f88,2020_21,E0,1X,0.9475003131880996,1,0.9475003131880996,1,0.18404238700426384,0,0.8684572998076365,1
c794db16c4670eb1,2020_21,E0,X2,0.7286134646611379,1,0.5587777031787159,1,0.7286134646611379,1,0.7126088321601461,0
fee9ca690e740a7d,2020_21,E0,12,0.7306994218744722,0,0.5435662507828776,1,0.7257343273426502,1,0.7306994218744722,0
7989bb77ee8d223d,2020_21,E0,12,0.7400153357403632,1,0.5569861476673307,0,0.7029985165923063,1,0.7400153357403632,1
4ecea2829458045e,2020_21,E0,1X,0.9035408497262418,1,0.9035408497262418,1,0.27625238352405657,0,0.8202067667497017,1
1a9736f648123f79,2020_21,E0,1X,0.7731785419876629,0,0.7731785419876629,0,0.4741430350672137,1,0.7526784229451235,1
55f64966af4f1ed7,2020_21,E0,12,0.7376806101242924,1,0.5349507253991276,0,0.7273686644765799,1,0.7376806101242924,1
820304c715204d40,2020_21,E0,12,0.7125575161771491,1,0.5903446822831595,1,0.6970978015396914,0,0.7125575161771491,1
9229aa6e7695ea99,2020_21,E0,1X,0.742467544537043,1,0.742467544537043,1,0.5465051625430557,0,0.7110272929199013,1
da333448dcc8d357,2020_21,E0,X2,0.7365217128242346,0,0.5573823000653572,1,0.7365217128242346,0,0.7060959871104081,1
2ed5a7aab6be3e4c,2020_21,E0,1X,0.8586809826253301,1,0.8586809826253301,1,0.339674066419407,0,0.801644950955263,1
1d31447afb1279df,2020_21,E0,12,0.7102959377917535,1,0.6178659039248806,0,0.6718381582833658,1,0.7102959377917535,1
9973402975ac9178,2020_21,E0,X2,0.940219763125967,1,0.19740521668392602,0,0.940219763125967,1,0.8623750201901068,1
6520d81ced0cfc7e,2020_21,E0,X2,0.7467829750363173,1,0.5394577290841982,0,0.7467829750363173,1,0.7137592958794845,1
c6280f8062e8b244,2020_21,E0,12,0.7183059023053202,1,0.6527804993946528,0,0.6289135983000272,1,0.7183059023053202,1
5d3413af8b509680,2020_21,E0,12,0.7277220787201324,1,0.6862908756233963,0,0.5859870456564713,1,0.7277220787201324,1
7d6574d7b614153e,2020_21,E0,1X,0.8532502444349463,0,0.8532502444349463,0,0.35302761361589563,1,0.7937221419491582,1
d2395a619b0485e4,2020_21,E0,X2,0.762506619641265,1,0.5117221356458699,0,0.762506619641265,1,0.725771244712865,1
04c0623207e21bbb,2020_21,E0,12,0.7256640456210366,1,0.6010361550304659,1,0.6732997993484975,0,0.7256640456210366,1
3189ca4192fd1748,2020_21,E0,X2,0.7327223320569287,1,0.5655504139731564,1,0.7327223320569287,1,0.7017272539699151,0
ee1a5ed3a80c0b81,2020_21,E0,12,0.7286621717045336,1,0.5632959329281244,1,0.708041895367342,0,0.7286621717045336,1
8de52fb2a0c0dc93,2020_21,E0,X2,0.7618711830817522,1,0.49904347190147536,1,0.7618711830817522,1,0.7390853450167726,0
7469a129db612ad9,2020_21,E0,1X,0.824326126036255,1,0.824326126036255,1,0.4027441682874321,1,0.7729297056763129,0
8f2d9033eaf7af63,2020_21,E0,1X,0.8881903821521613,1,0.8881903821521613,1,0.3027893908280469,0,0.8090202270197916,1
6c6dfd697aac4776,2020_21,E0,X2,0.7120663303186059,1,0.5826772885184729,1,0.7120663303186059,1,0.7052563811629211,0
fb75494ba5160877,2020_21,E0,12,0.7362117270459774,1,0.5678342183239384,0,0.6959540546300842,1,0.7362117270459774,1
6baf1d175f25ee15,2020_21,E0,X2,0.8617536731652933,1,0.35808918604045803,0,0.8617536731652933,1,0.7801571407942487,1
2c0be4a6379d77c4,2020_21,E0,1X,0.7890241884699085,1,0.7890241884699085,1,0.46953189608923557,0,0.741443915440856,1
298913ae2f9dcc0a,2020_21,E0,12,0.7509552751319719,1,0.5050875657937727,1,0.7439571590742553,0,0.7509552751319719,1
545ab9eb8aead9f1,2020_21,E0,12,0.6948903888383973,1,0.6418952812679353,0,0.6632143298936675,1,0.6948903888383973,1
ba091f71b2c584dc,2020_21,E0,1X,0.892588013446533,1,0.892588013446533,1,0.27497258903727617,0,0.8324393975161908,1
e5ef04443fe06958,2020_21,E0,12,0.7168236883764201,0,0.6197349869334536,1,0.6634413246901263,1,0.7168236883764201,0
76be20a827a5066f,2020_21,E0,1X,0.7326688944982653,0,0.7326688944982653,0,0.5637656990125351,1,0.7035654064891994,1
ae7685c9f4b33fb7,2020_21,E0,X2,0.9027037707626899,1,0.2591044579667649,1,0.9027037707626899,1,0.8381917712705453,0
d41714c485ac4721,2020_21,E0,1X,0.7796144295694218,1,0.7796144295694218,1,0.4710565526536845,0,0.7493290177768939,1
298c9d79069c1a24,2020_21,E0,1X,0.7583802906631147,0,0.7583802906631147,0,0.5221757626076873,1,0.7194439467291981,1
f5c40333531cc15b,2020_21,E0,1X,0.7644799028558902,1,0.7644799028558902,1,0.5301086314891127,0,0.7054114656549972,1
6187d575179361ca,2020_21,E0,1X,0.9112337608888532,1,0.9112337608888532,1,0.2519499679358651,0,0.8368162711752817,1
896276ba5e57ebaa,2020_21,E0,12,0.6928566506894778,0,0.629871446155875,1,0.6772719031546472,1,0.6928566506894778,0
cf6321315f290c9b,2020_21,E0,X2,0.9109601374942704,1,0.25543425942354314,0,0.9109601374942704,1,0.8336056030821865,1
0a7da5334aff931a,2020_21,E0,12,0.7187198495863901,1,0.7024394551144495,1,0.5788406952991603,0,0.7187198495863901,1
1352dc0c8988d38f,2020_21,E0,X2,0.794903740475481,1,0.46152570340224586,1,0.794903740475481,1,0.7435705561222732,0
3a5d0df21b92f680,2020_21,E0,1X,0.7381018942417467,1,0.7381018942417467,1,0.5532410004544309,1,0.7086571053038225,0
eb5d634590fc2491,2020_21,E0,1X,0.8761063222449386,0,0.8761063222449386,0,0.3011603706204735,1,0.8227333071345879,1
c1a7e5329fceb0be,2020_21,E0,1X,0.77449637563286,1,0.77449637563286,1,0.506333294975686,0,0.719170329391454,1
ef589cc2e9122eff,2020_21,E0,12,0.7191109909936446,1,0.5978086013633094,1,0.6830804076430461,0,0.7191109909936446,1
ace96a1642e12296,2020_21,E0,12,0.7418657858027305,1,0.5205398554455947,0,0.7375943587516745,1,0.7418657858027305,1
07b148be1d319dab,2020_21,E0,X2,0.8648734122944884,1,0.3453450703380283,0,0.8648734122944884,1,0.7897815173674833,1
7bff1d0a91677919,2020_21,E0,1X,0.9016211386275035,1,0.9016211386275035,1,0.2770368118830303,0,0.8213420494894662,1
91d9c7d376856cfa,2020_21,E0,1X,0.8198930033991163,0,0.8198930033991163,0,0.453215524249136,1,0.7268914723517479,1
6c22777a64275639,2020_21,E0,12,0.7385690642776457,1,0.7102159786830915,1,0.5512149570392628,0,0.7385690642776457,1
d5e2cd337ef8ad69,2020_21,E0,1X,0.9098056086961868,1,0.9098056086961868,1,0.24341064680987476,0,0.8467837444939385,1
7b96fc6dcf8bb9f2,2020_21,E0,X2,0.7895397950936851,0,0.47824603810568644,1,0.7895397950936851,0,0.7322141668006285,1
3fc4ceb2133ec212,2020_21,E0,12,0.749160860831546,1,0.7259321869048299,0,0.5249069522636243,1,0.749160860831546,1
abf889c77ab7b7d2,2020_21,E0,X2,0.7382263468870189,1,0.5659229158046006,1,0.7382263468870189,1,0.6958507373083804,0
fd5e7b60150de5c0,2020_21,E0,X2,0.7291945973283555,1,0.5678109057329211,1,0.7291945973283555,1,0.7029944969387233,0
8c97dea5cd6a9759,2020_21,E0,12,0.7143057603133729,1,0.697918435682221,0,0.5877758040044061,1,0.7143057603133729,1
282df1d5eb8f6c7d,2020_21,E0,1X,0.8675952679776701,1,0.8675952679776701,1,0.35376978279091925,0,0.7786349492314106,1
63ed5ed457bee8dc,2020_21,E0,12,0.7095817088382523,0,0.6949405242323201,1,0.5954777669294277,1,0.7095817088382523,0
48e4c960e7eb3def,2020_21,E0,X2,0.8800200060656731,1,0.29971482884296263,0,0.8800200060656731,1,0.8202651650913643,1
436ffcb785a36084,2020_21,E0,12,0.7270988177280794,1,0.7228679640524566,1,0.5500332182194642,0,0.7270988177280794,1
581a4fef81d7ba6e,2020_21,E0,1X,0.9350493024954023,1,0.9350493024954023,1,0.20892675711592534,0,0.8560239403886724,1
55088d15f061d0f1,2020_21,E0,X2,0.7460361790725301,1,0.5561762918391913,1,0.7460361790725301,1,0.6977875290882786,0
c80071335e710373,2020_21,E0,X2,0.7278655748467482,0,0.5551060177654029,1,0.7278655748467482,0,0.717028407387849,1
51ce7f5b87df9b11,2020_21,E0,X2,0.8723153191781324,1,0.3311033350510818,1,0.8723153191781324,1,0.796581345770786,0
8aff879dd86a7394,2020_21,E0,X2,0.7525497804691685,1,0.5249014112668873,0,0.7525497804691685,1,0.7225488082639443,1
9842700912ab7094,2020_21,E0,X2,0.7559830070847361,1,0.5196357067271908,0,0.7559830070847361,1,0.7243812861880727,1
974fafcfcf87c76c,2020_21,E0,12,0.7270218403279207,1,0.7075007514372726,0,0.5654774082348065,1,0.7270218403279207,1
b30019a621d8cf04,2020_21,E0,X2,0.8069669797202519,1,0.4597138354308926,1,0.8069669797202519,1,0.7333191848488556,0
5fb1233bbe442402,2020_21,E0,X2,0.7460087216808782,1,0.5380479381475795,0,0.7460087216808782,1,0.7159433401715425,1
384fefd2893d4b65,2020_21,E0,12,0.6920009577460691,0,0.6741539814891295,1,0.6338450607648014,1,0.6920009577460691,0
67d5705190e237cf,2020_21,E0,12,0.7018441629606638,1,0.6833477586707635,0,0.6148080783685729,1,0.7018441629606638,1
cc23df420aff91cd,2020_21,E0,1X,0.7118458113212538,1,0.7118458113212538,1,0.5847245278420429,1,0.7034296608367032,0
9380ef3ec3ede26c,2020_21,E0,1X,0.8298070393443814,0,0.8298070393443814,0,0.4096375884903304,1,0.7605553721652882,1
05bb27d7ac5dea5b,2020_21,E0,1X,0.8611015538547302,0,0.8611015538547302,0,0.35187653966722954,1,0.7870219064780404,1
06e9ed0b109cd47a,2020_21,E0,1X,0.8554535642440246,1,0.8554535642440246,1,0.3785639128026128,0,0.7659825229533626,1
9293b70b40da00ef,2020_21,E0,1X,0.8379235517433441,1,0.8379235517433441,1,0.4098351138100218,0,0.7522413344466341,1
bd43a1c56464aedb,2020_21,E0,12,0.7314452518281771,1,0.6978215802170842,1,0.5707331679547385,0,0.7314452518281771,1
0258ff0e51885eb7,2020_21,E0,1X,0.9436095369957491,1,0.9436095369957491,1,0.1865448170857282,0,0.8698456459185229,1
bd669e1972d3a77b,2020_21,E0,X2,0.7334200305866001,1,0.5534772909662758,1,0.7334200305866001,1,0.7131026784471242,0
c4e0db340f1e0d04,2020_21,E0,X2,0.8115243742263065,1,0.4346454189579001,1,0.8115243742263065,1,0.7538302068157936,0
c529c91fd3b8816b,2020_21,E0,1X,0.7198184791673411,1,0.7198184791673411,1,0.5878982622589134,0,0.6922832585737456,1
6a0adb6005b8de79,2020_21,E0,1X,0.7720812890209822,0,0.7720812890209822,0,0.5159027624972298,1,0.7120159484817882,1
02bc02ed75654999,2020_21,E0,X2,0.8816883511201803,1,0.3203800847357203,0,0.8816883511201803,1,0.7979315641440994,1
a694b9b8cd8b07db,2020_21,E0,X2,0.7026399348958772,1,0.5989458818035829,0,0.7026399348958772,1,0.69841418330054,1
93828179af202163,2020_21,E0,1X,0.8697089003319391,1,0.8697089003319391,1,0.365175846265318,0,0.765115253402743,1
80750d6a035a4efa,2020_21,E0,12,0.7118567168276984,1,0.6497745278004564,1,0.6383687553718456,0,0.7118567168276984,1
851c1acc1e7fd3be,2020_21,E0,1X,0.8030441118099589,1,0.8030441118099589,1,0.4636672650583384,0,0.7332886231317027,1
0f2f8fb19f1b9a0c,2020_21,E0,X2,0.8301370012911327,1,0.4123714836678024,0,0.8301370012911327,1,0.7574915150410649,1
43d62ad2b21b5bc2,2020_21,E0,12,0.7131842216516363,1,0.6631526828225776,0,0.6236630955257862,1,0.7131842216516363,1
f0b7cb020fa67fc1,2020_21,E0,1X,0.8264486616788209,1,0.8264486616788209,1,0.441042121666415,0,0.732509216654764,1
cab8e83a9495b2f8,2020_21,E0,12,0.7244089343703309,0,0.5516996927375697,1,0.7238913728920995,1,0.7244089343703309,0
298dc39513536cce,2020_21,E0,12,0.721831196983503,1,0.5971745402490303,0,0.6809942627674664,1,0.721831196983503,1
385ea09b7acc1a84,2020_21,E0,1X,0.920656511468159,0,0.920656511468159,0,0.24605368442824746,1,0.8332898041035938,1
220242ef5c9acde4,2020_21,E0,1X,0.8426162235055742,1,0.8426162235055742,1,0.38360593563669887,0,0.7737778408577269,1
4970ccc8a3bd5b0f,2020_21,E0,X2,0.8168734941406945,1,0.42575534709022034,0,0.8168734941406945,1,0.7573711587690851,1
549cb9190032d846,2020_21,E0,12,0.7361072424746153,1,0.602525076698069,0,0.6613676808273157,1,0.7361072424746153,1
14128ddb1d0ba190,2020_21,E0,1X,0.7649998946853067,1,0.7649998946853067,1,0.518623681898567,0,0.7163764234161263,1
07aac5c775710d7f,2020_21,E0,X2,0.824218355362744,1,0.4248127726430554,1,0.824218355362744,1,0.7509688719942007,0
3d263b06ce6a46c2,2020_21,E0,12,0.699878587033184,1,0.6759118613341123,1,0.6242095516327039,0,0.699878587033184,1
20291f3ac42b698b,2020_21,E0,1X,0.8212608596825145,1,0.8212608596825145,1,0.422462382439264,0,0.7562767578782215,1
fab9060ad69c89c4,2020_21,E0,1X,0.8020587170371809,1,0.8020587170371809,1,0.4755511055438998,1,0.7223901774189193,0
efe499fd703d4157,2020_21,E0,12,0.6935673026560909,1,0.6371295659235177,0,0.6693031314203914,1,0.6935673026560909,1
1b88a6b3473621bb,2020_21,E0,12,0.691262326931285,1,0.6784573031030294,0,0.6302803699656858,1,0.691262326931285,1
98efe04076a1766b,2020_21,E0,1X,0.8743235883050464,0,0.8743235883050464,0,0.30735729875656864,1,0.8183191129383851,1
2b45b46b610c5558,2020_21,E0,1X,0.8572440383179647,1,0.8572440383179647,1,0.3442034894297209,0,0.7985524722523144,1
0b33018b849f561b,2020_21,E0,X2,0.8703454249080262,1,0.35546025050345426,0,0.8703454249080262,1,0.7741943245885193,1
8f743d262d38b961,2020_21,E0,1X,0.7116087696609044,0,0.7116087696609044,0,0.578038848809554,1,0.7103523815295416,1
96ba6d622265e37c,2020_21,E0,12,0.7040097220014364,1,0.5937437855835404,1,0.7022464924150233,0,0.7040097220014364,1
785d4ac94ee8d9b3,2020_21,E0,12,0.7282397001304082,1,0.5965472136351236,0,0.6752130862344681,1,0.7282397001304082,1
369874b80988b92a,2020_21,E0,X2,0.8269850428268454,1,0.4239640673459262,0,0.8269850428268454,1,0.7490508898272287,1
355fcbc2b8d2210a,2020_21,E0,X2,0.7395512118951166,0,0.5278980456703207,1,0.7395512118951166,0,0.7325507424345625,1
c6f285b9930defe9,2020_21,E0,1X,0.7326416243071997,1,0.7326416243071997,1,0.5466151548517698,1,0.7207432208410306,0
9a72e7a1f9385d4d,2020_21,E0,X2,0.7254111032419612,1,0.549938397680884,1,0.7254111032419612,1,0.7246504990771547,0
0b339982872f4dcb,2020_21,E0,12,0.7208033406706607,1,0.5589280857459324,1,0.7202685735834069,0,0.7208033406706607,1
e0be8831f9b7f6f6,2020_21,E0,1X,0.8156770647442664,1,0.8156770647442664,1,0.46208907499259066,0,0.7222338602631428,1
3a9e75aa9f755b81,2020_21,E0,1X,0.7818631448337496,1,0.7818631448337496,1,0.4789225801653765,1,0.7392142750008741,0
88ea322ed77a7584,2020_21,E0,1X,0.8884687462394686,1,0.8884687462394686,1,0.2945004284982085,0,0.8170308252623228,1
c09f9a5c3c02569f,2020_21,E0,X2,0.8128886014575555,1,0.4013442298805897,1,0.8128886014575555,1,0.785767168661855,0
26c1e13e87354a79,2020_21,E0,1X,0.8312518375840501,1,0.8312518375840501,1,0.4285971017880523,1,0.7401510606278978,0
6bc7ec7a4ee62b85,2020_21,E0,1X,0.7718051305212121,1,0.7718051305212121,1,0.4788637952757788,0,0.7493310742030093,1
b36223549b9037a6,2020_21,E0,X2,0.897872654666754,1,0.28126093592936213,0,0.897872654666754,1,0.820866409403884,1
207e07be5908c8cb,2020_21,E0,1X,0.8328865210909485,1,0.8328865210909485,1,0.4099328326714113,0,0.7571806462376401,1
81f5c1957ffece3b,2020_21,E0,1X,0.7490906657463992,0,0.7490906657463992,0,0.5215948090353244,1,0.7293145252182764,1
b6396c9f6f53dda6,2020_21,E0,1X,0.9239467904245713,1,0.9239467904245713,1,0.2099918771940061,1,0.8660613323814228,0
8b85d4058e88efd6,2020_21,E0,X2,0.815805203426859,1,0.4280767699835235,0,0.815805203426859,1,0.7561180265896175,1
d84d664dc1b20fa3,2020_21,E0,X2,0.8442337718518643,0,0.3960552879682078,1,0.8442337718518643,0,0.7597109401799277,1
3ef2c0f58e427ee2,2020_21,E0,1X,0.7231376315986027,0,0.7231376315986027,0,0.5878160531765497,1,0.6890463152248476,1
1b4d969416948e43,2020_21,E0,X2,0.776550714057412,1,0.4655072801623174,1,0.776550714057412,1,0.7579420057802705,0
37139650bdfb2a56,2020_21,E0,1X,0.7407387594901321,1,0.7407387594901321,1,0.5316875409768322,1,0.7275736995330357,0
f7ba043a6f3b6df3,2020_21,E0,1X,0.8813093099465967,1,0.8813093099465967,1,0.32437094438532654,0,0.7943197456680768,1
b6b97ab3a4966f13,2020_21,E0,X2,0.7644726562971774,1,0.4875007718867672,1,0.7644726562971774,1,0.7480265718160556,0
5b1a3ffc9165d516,2020_21,E0,X2,0.9008581855975464,1,0.2778133861175073,0,0.9008581855975464,1,0.8213284282849463,1
db920b4ddd360183,2020_21,E0,1X,0.7421405232780987,1,0.7421405232780987,1,0.5310170514280934,0,0.726842425293808,1
494c390946cc0996,2020_21,E0,1X,0.876433119031657,1,0.876433119031657,1,0.35207153162675064,0,0.7714953493415924,1
df60f00ebcdca42e,2020_21,E0,12,0.7461584017662621,1,0.7426632074601129,0,0.5111783907736249,1,0.7461584017662621,1
3680805a613ac1f7,2020_21,E0,X2,0.7457195141602986,1,0.5193167232226761,0,0.7457195141602986,1,0.7349637626170252,1
9a0f6d1dc4d5ad9c,2020_21,E0,1X,0.9025431969896401,1,0.9025431969896401,1,0.27134610058932696,0,0.8261107024210328,1
9d7ac566e634a4e3,2020_21,E0,12,0.6914406718489003,0,0.683956749123162,1,0.6246025790279379,1,0.6914406718489003,0
7e1f3928b6aa702e,2020_21,E0,12,0.728705232437286,1,0.5845470270613446,0,0.6867477405013696,1,0.728705232437286,1
177090654d494b5c,2020_21,E0,1X,0.8870262996804356,0,0.8870262996804356,0,0.31123079366050216,1,0.8017429066590622,1
8ba1e9bc5a4b9645,2020_21,E0,12,0.7594694498248137,1,0.4817305677858047,1,0.7587999823893816,0,0.7594694498248137,1
79b1a7f576f06a20,2020_21,E0,12,0.7040707057035321,1,0.6222943255096441,0,0.6736349687868238,1,0.7040707057035321,1
1993955afd06c3e3,2020_21,E0,1X,0.7580146148066047,0,0.7580146148066047,0,0.5308777084936989,1,0.7111076766996964,1
d99c0dedf453cb8c,2020_21,E0,1X,0.8985126092720856,1,0.8985126092720856,1,0.2623652991108727,0,0.8391220916170418,1
b94725d1857deea4,2020_21,E0,X2,0.7605859493712317,0,0.5284650640023647,1,0.7605859493712317,0,0.7109489866264037,1
fff7efc57e9184b4,2020_21,E0,X2,0.7819474424753668,1,0.4586564872561815,0,0.7819474424753668,1,0.7593960702684515,1
be30a6cc700434f2,2020_21,E0,12,0.7295071964629691,1,0.7193452045878515,0,0.5511475989491794,1,0.7295071964629691,1
71448fe343d1f1e5,2020_21,E0,1X,0.8532736925730392,1,0.8532736925730392,1,0.3585503206825926,0,0.7881759867443682,1
d8acd13cd8f150a1,2020_21,E0,12,0.7189820954238622,1,0.7147901743989284,0,0.5662277301772094,1,0.7189820954238622,1
05ebaf5ccdfd5f35,2020_21,E0,X2,0.7432996629510416,1,0.5258615759454155,0,0.7432996629510416,1,0.730838761103543,1
ec8d44a6272b5037,2020_21,E0,1X,0.7658591185914325,1,0.7658591185914325,1,0.4868785013411938,0,0.7472623800673736,1
e7a0cf69b4deec67,2020_21,E0,1X,0.7794718310193967,0,0.7794718310193967,0,0.5050420298516933,1,0.71548613912891,1
899954f8d8d0c59e,2020_21,E0,12,0.7117867373986693,0,0.6039506068883006,1,0.6842626557130302,1,0.7117867373986693,0
405dfc248f21bb4e,2020_21,E0,12,0.7445661069224181,1,0.6023472900062357,0,0.6530866030713463,1,0.7445661069224181,1
567526ff4220c638,2020_21,E0,X2,0.8879327368792903,1,0.27453650014811964,0,0.8879327368792903,1,0.8375307629725902,1
c2c62bb030b7cdcc,2020_21,E0,12,0.7511668604990269,1,0.5209132580876241,0,0.7279198814133488,1,0.7511668604990269,1
dc6584294a397d4b,2020_21,E0,1X,0.7694198963176434,1,0.7694198963176434,1,0.4865305572887296,0,0.744049546393627,1
fadbde0e7321a21d,2020_21,E0,12,0.7314314672498986,0,0.5448490143030316,1,0.7237195184470699,1,0.7314314672498986,0
a56932e2a0cf2b44,2020_21,E0,12,0.7262572464195556,1,0.5834004680543167,1,0.6903422855261276,0,0.7262572464195556,1
094c290964d05f2d,2020_21,E0,1X,0.8372740979060194,1,0.8372740979060194,1,0.3767560823892054,0,0.7859698197047752,1
6dc15ccb602d22aa,2020_21,E0,X2,0.9177244386679874,1,0.21433692456907538,0,0.9177244386679874,1,0.8679386367629373,1
e906b45b951b7db8,2020_21,E0,1X,0.8928305936405371,0,0.8928305936405371,0,0.291092511841111,1,0.8160768945183519,1
703e61b13007a8e0,2020_21,E0,1X,0.9041640825203042,1,0.9041640825203042,1,0.258595823854556,1,0.8372400936251398,0
4a6830fddd0f5b9f,2020_21,E0,12,0.7472836691916735,1,0.6169440447517286,0,0.635772286056598,1,0.7472836691916735,1
a5ba4906e8e36382,2020_21,E0,X2,0.8660458860760406,0,0.34215275646719456,1,0.8660458860760406,0,0.7918013574567648,1
bfb829217db183eb,2020_21,E0,1X,0.8201657623922823,1,0.8201657623922823,1,0.42863182773360653,0,0.7512024098741114,1
90c85f8b5b36a5d3,2020_21,E0,1X,0.8038066402205201,1,0.8038066402205201,1,0.4546739975847883,0,0.7415193621946918,1
86aff617d5225943,2020_21,E0,1X,0.7805841004793919,1,0.7805841004793919,1,0.47233567012496197,0,0.747080229395646,1
79dbb362f167e628,2020_21,E0,1X,0.8142292540521926,0,0.8142292540521926,0,0.398197970217687,1,0.7875727757301204,1
39b83e4098719410,2020_21,E0,X2,0.8353734733922683,1,0.39859829134571373,0,0.8353734733922683,1,0.766028235262018,1
9cde8ae7c40106ac,2020_21,E0,X2,0.8989446447072446,1,0.2541577652029579,0,0.8989446447072446,1,0.8468975900897974,1
fc8d6649773263b9,2020_21,E0,X2,0.8078529374073552,1,0.4140893450692133,0,0.8078529374073552,1,0.7780577175234317,1
c3c9ff2ebf016f56,2020_21,E0,1X,0.8022755950273416,1,0.8022755950273416,1,0.42487472411426563,0,0.772849680858393,1
61f6da4f4ae1fe56,2020_21,E0,X2,0.859175123912598,0,0.33855448639174657,1,0.859175123912598,0,0.8022703896956556,1
cf8b41be6c2d0852,2020_21,E0,12,0.7226526126549027,1,0.6698250670683155,0,0.6075223202767819,1,0.7226526126549027,1
18d25c642d69a5e3,2020_21,E0,1X,0.8227892871498634,1,0.8227892871498634,1,0.3796540980983767,0,0.7975566147517601,1
1a8585b3ce3ea9dd,2020_21,E0,12,0.7750497608137937,1,0.7627404916484508,0,0.46220974753775546,1,0.7750497608137937,1
79c81edb5456e38f,2020_21,E0,1X,0.9381427216263482,1,0.9381427216263482,1,0.1774920874538857,0,0.8843651909197662,1
77897b2ba922d26a,2020_21,E0,1X,0.8981705736182244,1,0.8981705736182244,1,0.25912685208454816,0,0.8427025742972276,1
f5803446fe774c3d,2020_21,E0,12,0.7220255534988835,1,0.6204657271955837,1,0.6575087193055329,0,0.7220255534988835,1
9301cedc0cedcfa6,2020_21,E0,1X,0.7903585454262356,1,0.7903585454262356,1,0.4583384216606787,0,0.7513030329130858,1
d1f32c04fa88ad5e,2020_21,E0,12,0.7072186682170172,1,0.7026764584594576,0,0.5901048733235252,1,0.7072186682170172,1
d934e2144ebed1c0,2021_22,E0,X2,0.7512626111396545,0,0.5392476050216177,1,0.7512626111396545,0,0.7094897838387277,1
e280fd01e057b4bf,2021_22,E0,1X,0.8187457316750475,1,0.8187457316750475,1,0.411819699008498,0,0.7694345693164545,1
b008985241d5f241,2021_22,E0,X2,0.7002756798138527,1,0.6083155995614573,0,0.7002756798138527,1,0.69140872062469,1
6bf8da42dec57e9c,2021_22,E0,1X,0.9098274031835968,1,0.9098274031835968,1,0.27436253771125263,0,0.8158100591051508,1
b79196f8b6e3b05a,2021_22,E0,1X,0.75384028678737,1,0.75384028678737,1,0.527392635311467,0,0.7187670779011631,1
2592299d36e30d17,2021_22,E0,1X,0.8111122800927251,1,0.8111122800927251,1,0.44507503258552983,0,0.7438126873217451,1
1474df44337d4b8e,2021_22,E0,X2,0.7249931878287206,0,0.5643877670171931,1,0.7249931878287206,0,0.7106190451540862,1
06fb7da2b2d69de8,2021_22,E0,X2,0.8578945699251679,1,0.34184572188200046,0,0.8578945699251679,1,0.8002597081928317,1
22ac83ca34366984,2021_22,E0,12,0.7217912755942215,1,0.5644541964353837,0,0.7137545279703947,1,0.7217912755942215,1
fec38fedb26c51e8,2021_22,E0,X2,0.8399326549534513,0,0.3892671284694764,1,0.8399326549534513,0,0.7708002165770725,1
cb0a6ce1d01cff38,2021_22,E0,1X,0.9195066226973077,1,0.9195066226973077,1,0.23227490387163696,0,0.8482184734310554,1
d0f761ccbf340423,2021_22,E0,1X,0.7769848716668741,1,0.7769848716668741,1,0.476164736717417,0,0.7468503916157089,1
e1bf7504dbe74cb8,2021_22,E0,12,0.7004977418591001,0,0.664377011083378,1,0.6351252470575218,1,0.7004977418591001,0
96832ad86c2ad5c9,2021_22,E0,1X,0.731760993676254,1,0.731760993676254,1,0.542290790592786,1,0.7259482157309599,0
841082a3d1f1cea2,2021_22,E0,1X,0.9586780736294879,1,0.9586780736294879,1,0.14228212250612104,0,0.899039803864391,1
898d8498f0fafa1b,2021_22,E0,1X,0.8263405838122894,1,0.8263405838122894,1,0.44405926974627896,0,0.7296001464414317,1
2079e0ec4fb03caa,2021_22,E0,X2,0.8185691152640014,1,0.4057759210140826,1,0.8185691152640014,1,0.7756549637219159,0
d80792010b4b242c,2021_22,E0,12,0.6908311301423562,1,0.6412549672921761,0,0.6679139025654678,1,0.6908311301423562,1
32ae18c43d35bc2c,2021_22,E0,X2,0.7836010348727174,1,0.48949820343571104,0,0.7836010348727174,1,0.7269007616915717,1
ccf251f7839e2a0e,2021_22,E0,12,0.7208035110780535,1,0.6694436868524711,1,0.6097528020694754,0,0.7208035110780535,1
ca517763f773c58d,2021_22,E0,1X,0.8965616232937458,1,0.8965616232937458,1,0.2896938760786895,0,0.8137445006275648,1
7533c840d546e995,2021_22,E0,1X,0.7552483358697382,1,0.7552483358697382,1,0.5358951093934422,1,0.7088565547368194,0
871f5c23b85782da,2021_22,E0,1X,0.7137694532371393,0,0.7137694532371393,0,0.5827263274961542,1,0.7035042192667065,1
c965b1a30b6700d8,2021_22,E0,12,0.7278680495804386,0,0.6664446867912561,1,0.6056872636283055,1,0.7278680495804386,0
2e6b9bba8baf58bf,2021_22,E0,X2,0.7715773097634075,1,0.492899304310243,0,0.7715773097634075,1,0.7355233859263495,1
24b1cdaaac293775,2021_22,E0,1X,0.8549481044035817,1,0.8549481044035817,1,0.3824113065454372,1,0.7626405890509811,0
72ff1e2f2c1ea4ee,2021_22,E0,12,0.7113511444528899,0,0.6814322621142102,1,0.6072165934328999,1,0.7113511444528899,0
c41e8217214c000d,2021_22,E0,12,0.7286279994985483,0,0.5634585512297103,1,0.7079134492717413,1,0.7286279994985483,0
beb568f36e7c1940,2021_22,E0,1X,0.8810337044621194,1,0.8810337044621194,1,0.3308428179191445,0,0.7881234776187361,1
cf97babc4aeb61fe,2021_22,E0,X2,0.8003997390931141,1,0.45559473323861766,0,0.8003997390931141,1,0.7440055276682684,1
e57b547d6233451c,2021_22,E0,X2,0.7582667021984769,0,0.5292379190533916,1,0.7582667021984769,0,0.7124953787481316,1
7be7500c0dc85f23,2021_22,E0,1X,0.877120032734975,1,0.877120032734975,1,0.3189641724135301,0,0.803915794851495,1
31e58e75b5a0a75a,2021_22,E0,X2,0.6839283943830613,1,0.6367554925432565,0,0.6839283943830613,1,0.6793161130736824,1
94c80165ad95c1b5,2021_22,E0,X2,0.8248529292564957,1,0.41630180863123156,0,0.8248529292564957,1,0.7588452621122728,1
aa1977230b2f1dea,2021_22,E0,1X,0.9357341221255597,1,0.9357341221255597,1,0.1981691974539997,0,0.8660966804204406,1
86942eb82b56b7ef,2021_22,E0,12,0.7270568468509813,0,0.5891959975567809,1,0.6837471555922379,1,0.7270568468509813,0
613332d8eb76d5a7,2021_22,E0,X2,0.7310020153840436,1,0.5705702535600212,0,0.7310020153840436,1,0.698427731055935,1
adbd47230764133a,2021_22,E0,1X,0.9019133108257269,1,0.9019133108257269,1,0.27900530413587377,0,0.8190813850383993,1
c2b18c14f5b7c096,2021_22,E0,X2,0.7987038967922133,1,0.42213363131101533,0,0.7987038967922133,1,0.7791624718967713,1
d7860704282c2d1e,2021_22,E0,1X,0.8204676325645774,1,0.8204676325645774,1,0.45353949370856805,0,0.7259928737268546,1
43469f6d8e8801f7,2021_22,E0,12,0.7391866622604222,0,0.5689699755014564,1,0.6918433622381215,1,0.7391866622604222,0
70669ec93956707a,2021_22,E0,1X,0.816313083350702,0,0.816313083350702,0,0.47155075911523403,1,0.7121361575340639,1
259ff867c47e60b1,2021_22,E0,X2,0.7499575043899296,1,0.5114868048981165,0,0.7499575043899296,1,0.7385556907119539,1
e8daac5433dc7989,2021_22,E0,1X,0.9114601045933268,1,0.9114601045933268,1,0.24729365992384061,0,0.8412462354828327,1
78bc650fb4bdf2f4,2021_22,E0,1X,0.9410100610426032,1,0.9410100610426032,1,0.1832022498638197,1,0.8757876890935772,0
d6a90d1955b82fa8,2021_22,E0,1X,0.7121393121536801,0,0.7121393121536801,0,0.576320969909168,1,0.7115397179371519,1
9c9ac9768921c60c,2021_22,E0,1X,0.7319032075090526,1,0.7319032075090526,1,0.5518023918943871,0,0.7162944005965604,1
3be3ded251aef8a8,2021_22,E0,12,0.7024629439726442,1,0.6841687853804378,1,0.6133682706469179,0,0.7024629439726442,1
1f54be19b810ae55,2021_22,E0,X2,0.7770189470108226,1,0.4756557828015153,0,0.7770189470108226,1,0.7473252701876621,1
e1a2845d6462dc92,2021_22,E0,X2,0.7778235923837274,1,0.5036452556596562,0,0.7778235923837274,1,0.7185311519566163,1
bae408f2f2ada428,2021_22,E0,12,0.7010328492770772,1,0.6323356459992506,0,0.6666315047236722,1,0.7010328492770772,1
d1bb7d5841ffd5b5,2021_22,E0,1X,0.8761447292739192,0,0.8761447292739192,0,0.31378681839808503,1,0.810068452327996,1
25df46eb274ffd59,2021_22,E0,1X,0.8247303351563282,1,0.8247303351563282,1,0.43117236995940567,0,0.7440972948842661,1
493b5f3e071418ae,2021_22,E0,12,0.7342029384947948,1,0.593698971394587,0,0.672098090110618,1,0.7342029384947948,1
eb7582b125b1e555,2021_22,E0,1X,0.8191339986944146,1,0.8191339986944146,1,0.4286241720995558,1,0.7522418292060297,0
b060e42c723aa76c,2021_22,E0,1X,0.7282936454141777,1,0.7282936454141777,1,0.5439218687401317,1,0.7277844858456906,0
935eb1c135fca8ae,2021_22,E0,X2,0.8731516323425877,1,0.31532975087464454,1,0.8731516323425877,1,0.8115186167827677,0
3e11884be98e8558,2021_22,E0,1X,0.732900388119397,0,0.732900388119397,0,0.5540697541399615,1,0.7130298577406418,1
19f8d81aeda8d858,2021_22,E0,1X,0.7261722184074857,1,0.7261722184074857,1,0.5563856094646804,0,0.7174421721278339,1
496153663fef7c12,2021_22,E0,12,0.6912358393016294,0,0.6478558878288776,1,0.660908272869493,1,0.6912358393016294,0
280cf454ce2f88c9,2021_22,E0,1X,0.8507368910472115,1,0.8507368910472115,1,0.38136657631976434,1,0.7678965326330242,0
7633cd928747a323,2021_22,E0,1X,0.7625925940637354,1,0.7625925940637354,1,0.5038296280394202,1,0.7335777778968445,0
801c4b7090a80326,2021_22,E0,1X,0.8789612531843685,1,0.8789612531843685,1,0.3273379216523482,0,0.7937008251632834,1
fedfa24afee70a49,2021_22,E0,1X,0.7945098573837859,1,0.7945098573837859,1,0.4495099057997748,0,0.7559802368164393,1
dbc2dac64163d908,2021_22,E0,1X,0.8016985253449285,1,0.8016985253449285,1,0.45475954344379543,0,0.7435419312112761,1
951c6d3cbc679757,2021_22,E0,12,0.7079994511206248,0,0.5947177672097977,1,0.6972827816695774,1,0.7079994511206248,0
986af5946447dfe2,2021_22,E0,12,0.7071555874892022,0,0.6333908118326534,1,0.6594536006781446,1,0.7071555874892022,0
328f521a16acf002,2021_22,E0,1X,0.7427789822281597,1,0.7427789822281597,1,0.5348100078224314,0,0.7224110099494088,1
2c82198a7e78cd9d,2021_22,E0,1X,0.8034905982169861,0,0.8034905982169861,0,0.4507429226584868,1,0.7457664791245271,1
20f3b26d143fa9c7,2021_22,E0,12,0.7318731549991859,0,0.5874851916839473,1,0.6806416533168667,1,0.7318731549991859,0
e0011f831e741cb6,2021_22,E0,X2,0.8877024549291246,1,0.28450550981674805,0,0.8877024549291246,1,0.8277920352541274,1
f75b063dff0c4ec5,2021_22,E0,1X,0.747008332034697,0,0.747008332034697,0,0.5443319575916714,1,0.7086597103736316,1
93d6e9d19fe20657,2021_22,E0,12,0.7434864910253769,1,0.5164764417574446,1,0.7400370672171784,0,0.7434864910253769,1
d7e56da61034b87b,2021_22,E0,1X,0.9530297193800057,1,0.9530297193800057,1,0.1549467054685908,0,0.8920235751514035,1
a6986ffe97803066,2021_22,E0,X2,0.7518911683040735,1,0.5172011300013314,1,0.7518911683040735,1,0.730907701694595,0
9ae5d276ebb015f4,2021_22,E0,12,0.7337965059316833,1,0.7028189948680488,1,0.5633844992002678,0,0.7337965059316833,1
d7309d9851f63f44,2021_22,E0,X2,0.8421651167070878,1,0.4030143917705494,0,0.8421651167070878,1,0.7548204915223629,1
de367d6d8b6d1d0b,2021_22,E0,12,0.7140165986663878,1,0.6396968308921382,0,0.646286570441474,1,0.7140165986663878,1
52ac7c98f5db1ca1,2021_22,E0,12,0.7376992783499122,1,0.5353890272045002,0,0.7269116944455875,1,0.7376992783499122,1
b8ad73930972cfa6,2021_22,E0,1X,0.837363774669032,1,0.837363774669032,1,0.40131114970524273,1,0.7613250756257253,0
9eaa631b2f814ed1,2021_22,E0,1X,0.7584780752621311,1,0.7584780752621311,1,0.5045852106343504,0,0.7369367141035187,1
3407c4b72532530b,2021_22,E0,1X,0.9441544826624453,1,0.9441544826624453,1,0.1952202426335383,0,0.8606252747040165,1
c14020c40265ca75,2021_22,E0,1X,0.7623709672259298,1,0.7623709672259298,1,0.5053891127187935,1,0.7322399200552767,0
449f331e0a0c8f1c,2021_22,E0,1X,0.8085062301391547,0,0.8085062301391547,0,0.44675845427491134,1,0.744735315585934,1
36da06198a719b51,2021_22,E0,12,0.7266505334759619,0,0.6808622100653827,1,0.5924872564586554,1,0.7266505334759619,0
197790a17b2281e2,2021_22,E0,1X,0.7551653472953664,1,0.7551653472953664,1,0.5165906754248364,1,0.7282439772797971,0
471da7a557ea8992,2021_22,E0,X2,0.8746191549961857,1,0.32045996821959655,0,0.8746191549961857,1,0.8049208767842178,1
9e8f165c3417e12d,2021_22,E0,12,0.7155860349388363,1,0.6275823659820687,0,0.6568315990790952,1,0.7155860349388363,1
057bf2239abf14a6,2021_22,E0,12,0.7303210662480376,1,0.6895937594946536,1,0.5800851742573088,0,0.7303210662480376,1
1f08bb2df4b26e00,2021_22,E0,12,0.7337994783661187,1,0.584895764265651,0,0.6813047573682304,1,0.7337994783661187,1
99e3d97ae21af880,2021_22,E0,12,0.7274616596596137,1,0.655232607393271,0,0.6173057329471152,1,0.7274616596596137,1
03aef8d51379cb42,2021_22,E0,12,0.6982806174025239,1,0.6679594380812022,1,0.6337599445162738,0,0.6982806174025239,1
c3a9636e6b5a9716,2021_22,E0,1X,0.9092895487424121,1,0.9092895487424121,1,0.25008804407218205,1,0.8406224071854058,0
765171ce021cdbab,2021_22,E0,1X,0.9503357809218045,0,0.9503357809218045,0,0.16069825748605357,1,0.888965961592142,1
54f553024e39bc6f,2021_22,E0,X2,0.8754579784310871,1,0.34010225324995885,0,0.8754579784310871,1,0.7844397683189542,1
1dea3237f5675d84,2021_22,E0,12,0.7251248122132324,1,0.5733225914690304,0,0.7015525963177373,1,0.7251248122132324,1
aee89113ea139b61,2021_22,E0,12,0.7375373123138885,1,0.5789579326187518,0,0.6835047550673595,1,0.7375373123138885,1
cb1848854c6e489d,2021_22,E0,12,0.7387660189689425,1,0.5249196851410374,0,0.7363142958900198,1,0.7387660189689425,1
69c3fdc4028b07c2,2021_22,E0,12,0.7290704089653994,1,0.6032663206813761,0,0.6676632703532248,1,0.7290704089653994,1
275a27ee384fceca,2021_22,E0,1X,0.7353755708877252,1,0.7353755708877252,1,0.5643183155616711,0,0.7003061135506039,1
b27ec236a17d66e1,2021_22,E0,12,0.7341155092194297,1,0.732832124964721,1,0.5330523658158491,0,0.7341155092194297,1
74fb8d78fe7ea416,2021_22,E0,X2,0.7952170924663883,1,0.4364284665527509,0,0.7952170924663883,1,0.7683544409808608,1
8dd57c1b182a9185,2021_22,E0,1X,0.8257802707661752,0,0.8257802707661752,0,0.41591984979523033,1,0.7582998794385947,1
12ad8fafe89c1fce,2021_22,E0,1X,0.9243546726549394,1,0.9243546726549394,1,0.247344314232776,1,0.8283010131122848,0
d90ac1b45bae17b5,2021_22,E0,1X,0.7158559204845889,1,0.7158559204845889,1,0.5878623018457181,0,0.696281777669693,1
51ea1bd6b725b0d4,2021_22,E0,1X,0.8389049163893845,1,0.8389049163893845,1,0.3931212506434314,1,0.7679738329671842,0
c8e50e9493601446,2021_22,E0,1X,0.8641115121902814,1,0.8641115121902814,1,0.337748422482543,0,0.7981400653271754,1
28dce1a598aa57a6,2021_22,E0,X2,0.7179371564383832,1,0.5720579192086297,1,0.7179371564383832,1,0.7100049243529871,0
a2792c2ec3c6567b,2021_22,E0,12,0.7237130960005314,0,0.6424671129420823,1,0.6338197910573864,1,0.7237130960005314,0
e13fab12e3f972ea,2021_22,E0,X2,0.7792590162591971,0,0.4504582146739424,1,0.7792590162591971,0,0.7702827690668604,1
26319b62c20e3fa1,2021_22,E0,X2,0.8091956480455358,1,0.44837967482742164,0,0.8091956480455358,1,0.7424246771270425,1
12ae61bf086f22fe,2021_22,E0,12,0.7126223496501122,1,0.6772231784034278,1,0.6101544719464601,0,0.7126223496501122,1
1d657a7e79393703,2021_22,E0,12,0.7040774671933223,0,0.6393408345842322,1,0.6565816982224455,1,0.7040774671933223,0
9f70547ced20ac11,2021_22,E0,12,0.7197175704937091,0,0.6632451171300027,1,0.6170373123762882,1,0.7197175704937091,0
868f024d6a221b88,2021_22,E0,X2,0.7307347999506096,0,0.5410179622878357,1,0.7307347999506096,0,0.728247237761555,1
91655d9e7d8648d8,2021_22,E0,X2,0.8519211461089655,0,0.3555265898044657,1,0.8519211461089655,0,0.7925522640865688,1
9a5d94c231b44ced,2021_22,E0,12,0.7056596947392735,1,0.6005827742197679,1,0.6937575310409585,0,0.7056596947392735,1
6e0a6cfec73978fc,2021_22,E0,1X,0.8387000407362928,1,0.8387000407362928,1,0.36349152467561874,0,0.7978084345880883,1
a7f0c58fd199e1fc,2021_22,E0,1X,0.9381442159779824,1,0.9381442159779824,1,0.1991530950682969,0,0.8627026889537209,1
0ba69a6691c5d1fa,2021_22,E0,1X,0.8359049677104569,1,0.8359049677104569,1,0.3997091156495075,0,0.7643859166400356,1
d04826deffcd6f16,2021_22,E0,1X,0.8479242564528575,1,0.8479242564528575,1,0.3626653480855227,0,0.7894103954616197,1
049b1a024e3fe82a,2021_22,E0,1X,0.7135203939510174,0,0.7135203939510174,0,0.5779177712978724,1,0.7085618347511103,1
5e3ef033c1f1d03b,2021_22,E0,1X,0.9154327211622165,1,0.9154327211622165,1,0.2322070314399447,0,0.8523602473978388,1
51532f034dbb4e72,2021_22,E0,X2,0.7296622812368938,1,0.558328931699128,1,0.7296622812368938,1,0.7120087870639781,0
39277d076186b9d9,2021_22,E0,1X,0.7287214202993669,1,0.7287214202993669,1,0.5588178240661317,1,0.7124607556345015,0
4cc06335df3737ad,2021_22,E0,1X,0.7254246257000696,1,0.7254246257000696,1,0.5660439957982035,0,0.7085313785017269,1
b155fe44bf043a6f,2021_22,E0,1X,0.813401009031038,1,0.813401009031038,1,0.43262141485997385,0,0.7539775761089882,1
6cbc2beebf3de6be,2021_22,E0,1X,0.9101786195800146,1,0.9101786195800146,1,0.2450520236456003,0,0.8447693567743851,1
db70e60e5cd27280,2021_22,E0,1X,0.8462056408720391,1,0.8462056408720391,1,0.38486530763675997,1,0.7689290514912012,0
99a76830102a2d3b,2021_22,E0,1X,0.7387253938593007,1,0.7387253938593007,1,0.5322031352179257,1,0.7290714709227735,0
8b0168e975d4dd9a,2021_22,E0,12,0.7157795028133953,1,0.711964734231334,1,0.5722557629552707,0,0.7157795028133953,1
4aab6da5da322763,2021_22,E0,12,0.7216176066684313,0,0.6933458785789723,1,0.5850365147525964,1,0.7216176066684313,0
4aa43e09b4ef240c,2021_22,E0,X2,0.9022070483680167,1,0.27709526993313466,0,0.9022070483680167,1,0.8206976816988488,1
20258f2e59f778a0,2021_22,E0,1X,0.7664470691186289,1,0.7664470691186289,1,0.5180051853118313,1,0.71554774556954,0
3569c0ab453be59a,2021_22,E0,1X,0.7843246518704503,1,0.7843246518704503,1,0.49838209096338554,1,0.7172932571661643,0
cb58ad4a7b737ac4,2021_22,E0,X2,0.866290681827148,1,0.3454158655616613,0,0.866290681827148,1,0.7882934526111907,1
956ac96471f0f5bb,2021_22,E0,X2,0.8877716804293061,1,0.29828313994356803,0,0.8877716804293061,1,0.8139451796271259,1
b1870517a7791cb8,2021_22,E0,1X,0.8232372215084452,1,0.8232372215084452,1,0.419614139618648,0,0.7571486388729067,1
f874c4c095a429f1,2021_22,E0,12,0.734208553638325,1,0.7245881757555617,1,0.5412032706061132,0,0.734208553638325,1
e5263d005f90081f,2021_22,E0,X2,0.7980540045965592,0,0.4615111094987153,1,0.7980540045965592,0,0.7404348859047255,1
891b2f488a2dd3eb,2021_22,E0,12,0.7221416461541387,1,0.6888334088295163,1,0.5890249450163452,0,0.7221416461541387,1
fc3074a14150fb0b,2021_22,E0,12,0.6966717461556493,0,0.6793230141345552,1,0.6240052397097954,1,0.6966717461556493,0
8c0f81112b6dcafd,2021_22,E0,X2,0.8839224634516273,1,0.30567245722830483,0,0.8839224634516273,1,0.8104050793200679,1
32330c79c7e30dbf,2021_22,E0,X2,0.9276209184865917,1,0.20617914820966532,0,0.9276209184865917,1,0.8661999333037432,1
774812918d23c89f,2021_22,E0,1X,0.7925693986369163,1,0.7925693986369163,1,0.4770411924071932,1,0.7303894089558904,0
ac32ff104fe83bc2,2021_22,E0,1X,0.8490303124307395,1,0.8490303124307395,1,0.3683747341374668,0,0.7825949534317935,1
c9b089f191de4aa1,2021_22,E0,1X,0.8674605575449872,1,0.8674605575449872,1,0.34612114261352733,0,0.7864182998414856,1
9314d03a015675ca,2021_22,E0,12,0.7164085070409425,1,0.7060810411278937,1,0.5775104518311638,0,0.7164085070409425,1
1f210f811d6055b8,2021_22,E0,X2,0.7272590356135124,0,0.547917444463809,1,0.7272590356135124,0,0.7248235199226788,1
f321308ee36319dc,2021_22,E0,12,0.7204714629359521,1,0.6851243416318245,1,0.5944041954322237,0,0.7204714629359521,1
ff6570dde79a5993,2021_22,E0,1X,0.9480580373429082,1,0.9480580373429082,1,0.17174607903975925,0,0.8801958836173326,1
392fab53cca113b8,2021_22,E0,1X,0.7987196725398696,1,0.7987196725398696,1,0.44330803729121737,0,0.757972290168913,1
2e0b3654088779c1,2021_22,E0,1X,0.9191753687689855,1,0.9191753687689855,1,0.2348547671755272,0,0.8459698640554875,1
910d9ae3cb723ad3,2021_22,E0,1X,0.9187747985297632,1,0.9187747985297632,1,0.22816373842304297,0,0.853061463047194,1
c6263d11e37e18db,2021_22,E0,X2,0.8629753037165684,1,0.33926066685116235,0,0.8629753037165684,1,0.7977640294322693,1
9e83d35df9cdd331,2021_22,E0,12,0.7304391517371669,0,0.5404882725010088,1,0.7290725757618246,1,0.7304391517371669,0
c22553d28ea5fd99,2021_22,E0,1X,0.8025728990958292,1,0.8025728990958292,1,0.4344755784136647,0,0.7629515224905064,1
4253d07744d1bb6d,2021_22,E0,1X,0.7287686023431266,1,0.7287686023431266,1,0.566682135969566,0,0.7045492616873075,1
41c7fa65814e3830,2021_22,E0,X2,0.7364310896936315,1,0.5479754013424492,0,0.7364310896936315,1,0.7155935089639194,1
37cd4ccceb81ccf4,2021_22,E0,1X,0.9429516041227373,1,0.9429516041227373,1,0.16348062133522298,0,0.8935677745420397,1
9a562abf5c26e79e,2021_22,E0,1X,0.7758080209921981,0,0.7758080209921981,0,0.5284184941225959,1,0.6957734848852059,1
cc4aefa7d8a9578d,2021_22,E0,1X,0.7588173654809953,1,0.7588173654809953,1,0.5194781294486144,1,0.7217045050703905,0
dd3efc6e0130004c,2021_22,E0,12,0.7350259665369896,1,0.71777090212113,1,0.5472031313418803,0,0.7350259665369896,1
910ec0eb28bc8124,2021_22,E0,1X,0.9415438221696277,1,0.9415438221696277,1,0.196673732309683,1,0.8617824455206893,0
9d53ca4a640b5241,2021_22,E0,1X,0.9605990654772429,1,0.9605990654772429,1,0.12886136762311234,0,0.9105395668996448,1
dd9d81317f0f4d4d,2021_22,E0,X2,0.8214759367532241,1,0.40215528219590346,0,0.8214759367532241,1,0.7763687810508725,1
19b3b299243f3abf,2021_22,E0,X2,0.9534618292893967,1,0.14670804169539217,0,0.9534618292893967,1,0.899830129015211,1
2b61a75ebe939de4,2021_22,E0,X2,0.82598320298811,1,0.44866818184782764,1,0.82598320298811,1,0.7253486151640626,0
930a62051c5ff90c,2021_22,E0,X2,0.8018211011323911,1,0.42573302041515315,1,0.8018211011323911,1,0.7724458784524559,0
71dd377d8cdcf1a5,2021_22,E0,1X,0.9453185885689321,1,0.9453185885689321,1,0.15000227746003497,0,0.904679133971033,1
2921dcc6bf71cb3a,2021_22,E0,X2,0.8485842607879928,1,0.3644965635997946,0,0.8485842607879928,1,0.7869191756122126,1
e73dfb48954275e2,2021_22,E0,1X,0.8073341383744032,1,0.8073341383744032,1,0.44134993690290303,0,0.7513159247226938,1
a4a6196b8817a63f,2021_22,E0,1X,0.7537297581656367,0,0.7537297581656367,0,0.5097418003860046,1,0.7365284414483587,1
a5bdcc042e8a97ec,2021_22,E0,X2,0.8166477963324495,1,0.4342695928409631,0,0.8166477963324495,1,0.7490826108265876,1
760e71fdf4ed17cf,2021_22,E0,1X,0.7803845436363811,1,0.7803845436363811,1,0.5037761121186244,0,0.7158393442449945,1
fec862c84c2f0b53,2021_22,E0,X2,0.8487469142183621,1,0.3533030576004278,1,0.8487469142183621,1,0.7979500281812101,0
1a236bde4e4f4a43,2021_22,E0,1X,0.820608054311832,1,0.820608054311832,1,0.44980240915351255,0,0.7295895365346554,1
d363ce9faf41f173,2021_22,E0,X2,0.7444502827392039,1,0.5348613972048393,1,0.7444502827392039,1,0.7206883200559567,0
11379f527206d9c1,2021_22,E0,12,0.7439289921539632,1,0.5240471585134137,0,0.732023849332623,1,0.7439289921539632,1
360e5a6f04e7e134,2021_22,E0,X2,0.8875565910628416,0,0.2674543077070129,1,0.8875565910628416,0,0.8449891012301456,1
e2077761281d634a,2021_22,E0,1X,0.9046612116754204,1,0.9046612116754204,1,0.2885909469426192,1,0.8067478413819604,0
876f238813c783ac,2021_22,E0,X2,0.9361937217974134,1,0.17550864318617954,0,0.9361937217974134,1,0.8882976350164072,1
5db31f76b113c47a,2021_22,E0,1X,0.8919235796748116,1,0.8919235796748116,1,0.29984711436685363,0,0.8082293059583348,1
5c6906440b979e05,2021_22,E0,X2,0.8173265747920134,1,0.41068307188177033,0,0.8173265747920134,1,0.7719903533262162,1
d446beac30f5ff6f,2021_22,E0,X2,0.8335612591114584,1,0.40326208172475264,0,0.8335612591114584,1,0.763176659163789,1
bd6ed97ace4687f9,2021_22,E0,X2,0.7200780368393644,1,0.5650088973068201,0,0.7200780368393644,1,0.7149130658538154,1
04b795cf05efcdae,2021_22,E0,12,0.7059863384991967,1,0.6316546767118403,1,0.6623589847889629,0,0.7059863384991967,1
16a47bdc8e09c34b,2021_22,E0,12,0.6906418312942538,1,0.6350423173490067,0,0.6743158513567395,1,0.6906418312942538,1
baee395f4613f1b2,2021_22,E0,1X,0.740340733197618,1,0.740340733197618,1,0.5318882625927175,0,0.7277710042096647,1
4c28e227bb495357,2021_22,E0,12,0.7264716748441762,0,0.6425634834640797,1,0.6309648416917442,1,0.7264716748441762,0
adbb97b9e2bc58b9,2021_22,E0,1X,0.8257623777410972,0,0.8257623777410972,0,0.43018750711144554,1,0.7440501151474573,1
39020fdf4823b030,2021_22,E0,1X,0.7344141606017411,1,0.7344141606017411,1,0.5550650722650525,0,0.7105207671332063,1
c6a43752f1bcc16a,2021_22,E0,1X,0.880072686369054,1,0.880072686369054,1,0.3119372223265019,0,0.8079900913044439,1
7722c695a6131b5c,2021_22,E0,1X,0.759346303252936,1,0.759346303252936,1,0.5277458794580985,1,0.7129078172889654,0
a745a531cdf23a04,2021_22,E0,1X,0.815906816795937,1,0.815906816795937,1,0.4117287686922965,0,0.7723644145117664,1
f90df2d16f6176e3,2021_22,E0,1X,0.7834980837854607,1,0.7834980837854607,1,0.47505771069394775,1,0.7414442055205915,0
3e32ebd4b8de6a8d,2021_22,E0,X2,0.7212448781827191,0,0.5681522239182892,1,0.7212448781827191,0,0.7106028978989916,1
d5649c070258864d,2021_22,E0,1X,0.7116327492702833,1,0.7116327492702833,1,0.6052995524265044,0,0.6830676983032125,1
3ba1dfa1db1da4ac,2021_22,E0,12,0.7311610751226256,0,0.6532217329057735,1,0.6156171919716009,1,0.7311610751226256,0
6abe00f25120e2b8,2021_22,E0,1X,0.917552428246516,1,0.917552428246516,1,0.23582597500409572,0,0.8466215967493884,1
c1f507dbbfe92028,2021_22,E0,1X,0.8068748164113068,0,0.8068748164113068,0,0.4214722003287239,1,0.7716529832599693,1
5fa4aeb4931ac309,2021_22,E0,X2,0.8217121111777586,1,0.4347511206588884,1,0.8217121111777586,1,0.743536768163353,0
cb1a332fe3ab6885,2021_22,E0,12,0.7242877595683899,1,0.5733201437835718,0,0.7023920966480383,1,0.7242877595683899,1
e3632316557c30a8,2021_22,E0,X2,0.7948760823055274,1,0.4591899047358603,0,0.7948760823055274,1,0.7459340129586125,1
182a2b0318566cde,2021_22,E0,1X,0.7487550282062894,0,0.7487550282062894,0,0.521187961018388,1,0.7300570107753226,1
2bdd666cc349a1ae,2021_22,E0,12,0.7213865598375465,1,0.631680387747296,0,0.6469330524151574,1,0.7213865598375465,1
4d67b7fbaa32540e,2021_22,E0,1X,0.7092548586037494,0,0.7092548586037494,0,0.6006532268914433,1,0.6900919145048074,1
a01a64cf66198764,2021_22,E0,1X,0.7544391084781953,0,0.7544391084781953,0,0.49221654784264623,1,0.7533443436791585,1
b6a9f295f45f3455,2021_22,E0,12,0.7360739788141167,1,0.7266248128455929,1,0.5373012083402905,0,0.7360739788141167,1
c029e31d4e47c5be,2021_22,E0,X2,0.9143068698300983,1,0.24531487272158584,1,0.9143068698300983,1,0.8403782574483158,0
3607045ec4e36896,2021_22,E0,1X,0.9125332698951215,1,0.9125332698951215,1,0.26885894433950397,1,0.8186077857653745,0
f7173bc6811df058,2021_22,E0,X2,0.8406851600068497,1,0.3874200454173862,0,0.8406851600068497,1,0.7718947945757642,1
b5609c55fe4d61ec,2021_22,E0,12,0.7157727354041896,0,0.654040681852126,1,0.6301865827436843,1,0.7157727354041896,0
ba0e2754e302d95f,2021_22,E0,1X,0.8079099570606241,1,0.8079099570606241,1,0.4428997873258513,0,0.7491902556135246,1
3dc7791e6964d184,2021_22,E0,1X,0.7339671623387203,1,0.7339671623387203,1,0.559798166005073,1,0.7062346716562067,0
a1731f718db6cf7c,2021_22,E0,12,0.7156410844417065,1,0.6656875198834993,1,0.6186713956747943,0,0.7156410844417065,1
01fce4c911cc276a,2021_22,E0,1X,0.8463254528328625,1,0.8463254528328625,1,0.3829463912091229,0,0.7707281559580148,1
f1e246d2a39860a2,2021_22,E0,X2,0.8434101313825666,1,0.38742580161109413,1,0.8434101313825666,1,0.7691640670063392,0
d13d1a2f3c804be3,2021_22,E0,1X,0.9636360794968202,1,0.9636360794968202,1,0.1255224263347749,0,0.910841494168405,1
2c7f119105873444,2021_22,E0,X2,0.723781866682021,1,0.5708086353017858,1,0.723781866682021,1,0.7054094980161931,0
715244fe2e0fbb1b,2021_22,E0,1X,0.8350273053247684,0,0.8350273053247684,0,0.39595634564717774,1,0.7690163490280538,1
67ac823eae465f7e,2021_22,E0,1X,0.7535241989594015,1,0.7535241989594015,1,0.5021362519260797,1,0.7443395491145186,0
0bc73439c715834d,2021_22,E0,1X,0.9251980662787247,1,0.9251980662787247,1,0.20699916699645649,0,0.8678027667248188,1
5d4f0eacc6e9801c,2021_22,E0,X2,0.7557106414699839,1,0.5413012841472226,0,0.7557106414699839,1,0.7029880743827936,1
d3d36f3de2dff903,2021_22,E0,1X,0.8303898290592193,1,0.8303898290592193,1,0.3827505391235452,1,0.7868596318172355,0
74cd3cc19e3d67ff,2021_22,E0,12,0.6973902187252299,0,0.6219492574568479,1,0.6806605238179222,1,0.6973902187252299,0
a4ce078401ce5b78,2021_22,E0,12,0.7327985170033846,1,0.637359012992224,1,0.6298424700043914,0,0.7327985170033846,1
14f23210a40c010e,2021_22,E0,X2,0.7617894418596745,1,0.5220979217411744,0,0.7617894418596745,1,0.716112636399151,1
85a222263cf7d150,2021_22,E0,X2,0.9401337771668126,1,0.1893904988452783,0,0.9401337771668126,1,0.8704757239879093,1
9f07e8b322f42f2b,2021_22,E0,X2,0.9198745327337247,1,0.22371027835052512,0,0.9198745327337247,1,0.8564151889157504,1
e3fd1156747410f7,2021_22,E0,12,0.7159871719285724,1,0.6283342171161441,1,0.6556786109552833,0,0.7159871719285724,1
8c2de2f928fb6805,2021_22,E0,1X,0.8240633703586966,0,0.8240633703586966,0,0.4318778501365247,1,0.7440587795047787,1
aabf9dbdf37b293e,2021_22,E0,12,0.7248186355443005,0,0.6040400574516451,1,0.6711413070040544,1,0.7248186355443005,0
fe8bc57cb4a97447,2021_22,E0,1X,0.7990876393366703,1,0.7990876393366703,1,0.4684240354753755,0,0.7324883251879545,1
47e7ac067523ec37,2021_22,E0,1X,0.8315609585643948,1,0.8315609585643948,1,0.40565021472121976,1,0.7627888267143856,0
d83c51a49cff1262,2021_22,E0,1X,0.8725625385265281,1,0.8725625385265281,1,0.37087729312534046,0,0.7565601683481314,1
55af754354bedde2,2021_22,E0,1X,0.8324447606088017,0,0.8324447606088017,0,0.4091834749011156,1,0.7583717644900829,1
4e9b5d8c38151731,2021_22,E0,1X,0.8420226182528776,0,0.8420226182528776,0,0.4206915374450283,1,0.737285844302094,1
100d7bd86e3c2f15,2021_22,E0,X2,0.8328035219675478,1,0.41922639846342824,0,0.8328035219675478,1,0.7479700795690238,1
5913d5ccadc7cb15,2021_22,E0,1X,0.9566082609274114,1,0.9566082609274114,1,0.144116585708036,0,0.8992751533645528,1
21cf25cbe610040e,2021_22,E0,1X,0.7384103342811326,1,0.7384103342811326,1,0.5298631274308161,0,0.7317265382880513,1
2adde1b4ed2d0362,2021_22,E0,1X,0.9107001413757563,0,0.9107001413757563,0,0.25341358018318205,1,0.8358862784410617,1
667e4b855e145b08,2021_22,E0,X2,0.7973488704742189,1,0.432517032679716,0,0.7973488704742189,1,0.7701340968460652,1
f5cb1dda20cd4cdc,2021_22,E0,1X,0.7316207478305817,1,0.7316207478305817,1,0.5648826458078243,0,0.7034966063615938,1
3b0eba1ce4be7ca2,2021_22,E0,X2,0.7901283792737799,0,0.4748866369289324,1,0.7901283792737799,0,0.7349849837972877,1
51f227085ae116d3,2021_22,E0,12,0.693711031174677,1,0.632496339935899,0,0.673792628889424,1,0.693711031174677,1
0e6c488b61cb7cb5,2021_22,E0,1X,0.9327636100178892,1,0.9327636100178892,1,0.18846194676631706,0,0.8787744432157937,1
04d1b843bd7ae617,2021_22,E0,1X,0.8382853566304576,1,0.8382853566304576,1,0.41981443962057907,0,0.7419002037489635,1
97406a983e79bac8,2021_22,E0,1X,0.8555789971961142,1,0.8555789971961142,1,0.357461510390411,0,0.7869594924134747,1
6fdeaa399dd1d0c0,2021_22,E0,12,0.7432435692673458,1,0.5141472117858181,0,0.7426092189468363,1,0.7432435692673458,1
fb3b6da272b3a154,2021_22,E0,1X,0.720920743153059,0,0.720920743153059,0,0.5852621258222003,1,0.6938171310247409,1
2f96b03e51e4b433,2021_22,E0,1X,0.7932657399474072,1,0.7932657399474072,1,0.4955136078312753,1,0.7112206522213175,0
e2615514d0bf95db,2021_22,E0,1X,0.8879973448290874,1,0.8879973448290874,1,0.30785924005388293,1,0.8041434151170297,0
d54f1816315fb799,2021_22,E0,1X,0.722010314964066,0,0.722010314964066,0,0.5655195824893409,1,0.7124701025465932,1
ad58c78a64db25f2,2021_22,E0,X2,0.921153347666316,1,0.2326974978271808,0,0.921153347666316,1,0.8461491545065032,1
e909d8d43c986724,2021_22,E0,1X,0.784980618954024,1,0.784980618954024,1,0.4992740504806026,0,0.7157453305653734,1
c6192e34f7f149fa,2021_22,E0,12,0.7088448649355718,1,0.6211206827323807,0,0.6700344523320476,1,0.7088448649355718,1
04305a69bc00e911,2021_22,E0,12,0.7383285023746838,1,0.7263327229886912,1,0.535338774636625,0,0.7383285023746838,1
e10d97828f834447,2021_22,E0,12,0.7321771941901758,1,0.7015058835708514,1,0.5663169222389727,0,0.7321771941901758,1
efe976b18766b112,2021_22,E0,X2,0.8696584649574229,1,0.37299772611945803,0,0.8696584649574229,1,0.757343808923119,1
58194240ab237e0b,2021_22,E0,12,0.6963746378515111,1,0.6587470162713839,1,0.6448783458771049,0,0.6963746378515111,1
fd7c0ae2fc953f95,2021_22,E0,12,0.697274778277172,1,0.6097543104206515,0,0.6929709113021765,1,0.697274778277172,1
1aa43da30c517e5d,2021_22,E0,1X,0.7199453109780666,0,0.7199453109780666,0,0.5940739014169493,1,0.6859807876049843,1
6f6a3dfef4440598,2021_22,E0,1X,0.9150109152881029,1,0.9150109152881029,1,0.22743374357719587,0,0.8575553411347014,1
ad20563d043fbc5d,2021_22,E0,X2,0.8536394298489005,1,0.3717526864371247,0,0.8536394298489005,1,0.7746078837139748,1
60915c80e4d7f303,2021_22,E0,1X,0.8729139277918847,1,0.8729139277918847,1,0.3227828661844348,0,0.8043032060236803,1
0d5bc1a11f4d7859,2021_22,E0,1X,0.8091630132167272,1,0.8091630132167272,1,0.4395987790613927,0,0.75123820772188,1
cb89f1ac8c2edd2d,2021_22,E0,X2,0.8992752139077896,1,0.2975237284184652,0,0.8992752139077896,1,0.8032010576737452,1
7d0558070fd32b42,2021_22,E0,1X,0.7720333556639016,0,0.7720333556639016,0,0.49535244644766996,1,0.7326141978884284,1
5c85ef3fd020c490,2021_22,E0,1X,0.776697765853402,1,0.776697765853402,1,0.5032099470606289,0,0.7200922870859692,1
a97e8a26b14b8823,2021_22,E0,12,0.7309081570000432,1,0.6113249385238929,0,0.6577669044760638,1,0.7309081570000432,1
a9ebe0c9b684caed,2021_22,E0,X2,0.8589639820429251,1,0.3502115997848509,0,0.8589639820429251,1,0.7908244181722242,1
ffd9726b657f1651,2021_22,E0,1X,0.74584469138072,1,0.74584469138072,1,0.5444497740073372,0,0.709705534611943,1
d82e124fe1b751cd,2021_22,E0,12,0.7274533890684405,1,0.6866108643064223,1,0.5859357466251371,0,0.7274533890684405,1
f19bf13a2dc971be,2021_22,E0,1X,0.883576935589663,1,0.883576935589663,1,0.3146200068966572,0,0.80180305751368,1
a3f5d3650bd561bb,2021_22,E0,1X,0.7343502539972764,0,0.7343502539972764,0,0.5772154826682057,1,0.688434263334518,1
180da5edc68d52de,2021_22,E0,1X,0.824069909750215,1,0.824069909750215,1,0.40804620633436806,0,0.767883883915417,1
5d0d3a45b2acabfc,2021_22,E0,1X,0.8165213182950879,0,0.8165213182950879,0,0.41441158442386306,1,0.769067097281049,1
9ea8a5087a5860a2,2021_22,E0,12,0.7082661008506829,1,0.6770258084709304,1,0.6147080906783866,0,0.7082661008506829,1
35bd7295bd8f1ba2,2021_22,E0,1X,0.8659096128321729,1,0.8659096128321729,1,0.3341213059023484,0,0.7999690812654786,1
a25fe5416723e78f,2021_22,E0,X2,0.8976768648618042,1,0.2812186381339611,1,0.8976768648618042,1,0.8211044970042347,0
5920adc586c1b1fe,2021_22,E0,X2,0.7335781785707992,1,0.5455455710683252,0,0.7335781785707992,1,0.7208762503608757,1
381c6e6347ab97a6,2021_22,E0,12,0.7415689744767626,1,0.5252350616640272,0,0.73319596385921,1,0.7415689744767626,1
d7e6b6f190884def,2021_22,E0,12,0.6993238917722455,1,0.6936823038845865,1,0.6069938043431679,0,0.6993238917722455,1
896253a8b24d9dba,2021_22,E0,12,0.721117607928641,1,0.7139058060773205,0,0.5649765859940385,1,0.721117607928641,1
d5663c770eee7095,2021_22,E0,12,0.7195193804752918,1,0.6097330915906616,0,0.6707475279340462,1,0.7195193804752918,1
dd9604dae531bc05,2021_22,E0,1X,0.7336738757120361,1,0.7336738757120361,1,0.5465117401744699,0,0.7198143841134941,1
60a168fe1ddfb4d6,2021_22,E0,1X,0.8151580070682456,1,0.8151580070682456,1,0.43922663723993216,0,0.7456153556918221,1
d7a93f1139e0f245,2021_22,E0,1X,0.945831277597678,1,0.945831277597678,1,0.17187452888760113,0,0.8822941935147208,1
1cfba249a34b63dd,2021_22,E0,1X,0.8658683049999545,1,0.8658683049999545,1,0.36342313898355083,1,0.7707085560164949,0
c213d5e74436d08a,2021_22,E0,X2,0.9393933420167949,1,0.20072334221428012,0,0.9393933420167949,1,0.859883315768925,1
bce0adc4651e1d7e,2021_22,E0,1X,0.892800547340131,0,0.892800547340131,0,0.3114100054724497,1,0.7957894471874193,1
3e78b9d51ce06851,2021_22,E0,12,0.7350593621407376,0,0.6608385661316205,1,0.604102071727642,1,0.7350593621407376,0
cdb12155c18dad59,2021_22,E0,12,0.6880414987672943,1,0.6285777954099934,1,0.6833807058227124,0,0.6880414987672943,1
d0fa3148b0af2620,2021_22,E0,1X,0.8331562420120227,1,0.8331562420120227,1,0.37655125540170487,1,0.7902925025862726,0
99a84f6add5c920a,2021_22,E0,1X,0.7947495040165153,1,0.7947495040165153,1,0.459798140357396,0,0.7454523556260888,1
0279924436cdeea3,2021_22,E0,1X,0.8446950700628351,1,0.8446950700628351,1,0.38024046766857944,0,0.7750644622685854,1
bcffdc583d1cdff0,2021_22,E0,X2,0.7623149572875552,0,0.5226402539913755,1,0.7623149572875552,0,0.7150447887210694,1
a4550c9dea20532e,2021_22,E0,1X,0.6939314344903632,1,0.6939314344903632,1,0.6157647067062403,0,0.6903038588033966,1
2d117a65860c93dc,2021_22,E0,1X,0.7753781554415216,1,0.7753781554415216,1,0.515869075226886,0,0.7087527693315926,1
9c8077f7c01042b9,2021_22,E0,X2,0.7578201900639248,0,0.49509942155921255,1,0.7578201900639248,0,0.7470803883768627,1
e3ac8c5f5f84a8b5,2021_22,E0,1X,0.8424621079210974,0,0.8424621079210974,0,0.41485317906544306,1,0.7426847130134597,1
935bbc8da0fb1061,2021_22,E0,X2,0.7465560088187269,1,0.5201052686532113,0,0.7465560088187269,1,0.7333387225280619,1
55d46bdb1872752c,2021_22,E0,12,0.7199425592932072,1,0.6235239545067381,0,0.6565334862000549,1,0.7199425592932072,1
adb11aa62127bf53,2021_22,E0,12,0.7280904780789996,1,0.563944975378479,0,0.7079645465425213,1,0.7280904780789996,1
4ac8710d64408c3b,2021_22,E0,12,0.7060985538644424,1,0.6505837283562048,1,0.6433177177793528,0,0.7060985538644424,1
692c4d4a0f51ffc2,2021_22,E0,12,0.7075271942635546,1,0.6779001590605769,1,0.6145726466758685,0,0.7075271942635546,1
773c1b4710e5fce3,2021_22,E0,12,0.719877078218722,1,0.5870071653949818,1,0.6931157563862959,0,0.719877078218722,1
c9b2f60a4d91a1e6,2021_22,E0,12,0.7458147463107605,0,0.7452002149226125,1,0.5089850387666272,1,0.7458147463107605,0
72ad78360c0c9de0,2021_22,E0,1X,0.846318527566778,0,0.846318527566778,0,0.369701827673555,1,0.7839796447596672,1
eb87b5d4b1cb6f07,2021_22,E0,1X,0.9041422662139846,1,0.9041422662139846,1,0.2523866256816936,0,0.8434711081043219,1
9ce8763f53e56aad,2021_22,E0,X2,0.7565974133296438,0,0.5007311627555437,1,0.7565974133296438,0,0.7426714239148127,1
5d6fcd616a8489c4,2021_22,E0,12,0.7114159304258983,1,0.6190246668198117,0,0.66955940275429,1,0.7114159304258983,1
11c9d1e5fa15a20b,2021_22,E0,1X,0.7440522724882983,1,0.7440522724882983,1,0.5272394231817281,0,0.7287083043299736,1
046565d4cd87c8a4,2021_22,E0,1X,0.7912256842413528,1,0.7912256842413528,1,0.46235987284474667,1,0.7464144429139007,0
342210af7ad7ecc7,2021_22,E0,1X,0.8899538006216497,1,0.8899538006216497,1,0.27866605597308985,0,0.8313801434052605,1
34ecb6ddaa63a6cd,2021_22,E0,1X,0.77502803995665,0,0.77502803995665,0,0.49533360594248743,1,0.7296383541008626,1
714dabb7a7a467d4,2021_22,E0,12,0.7110534010665266,0,0.6628113558094603,1,0.626135243124013,1,0.7110534010665266,0
defaf6f7648261f8,2021_22,E0,1X,0.7202513237626518,1,0.7202513237626518,1,0.5769680045813341,0,0.7027806716560141,1
80abb88aee3ce44f,2021_22,E0,1X,0.9334417121607892,1,0.9334417121607892,1,0.21407203643281658,0,0.8524862514063942,1
64a70927461426a5,2021_22,E0,12,0.7141060739068521,1,0.6472763370452567,1,0.6386175890478913,0,0.7141060739068521,1
2fd6d24ce2edaf37,2021_22,E0,12,0.7367456858923717,1,0.7359095700358922,1,0.5273447440717363,0,0.7367456858923717,1
e0b4ce4763a4f573,2021_22,E0,12,0.7125654033024034,0,0.6119721279119847,1,0.6754624687856119,1,0.7125654033024034,0
839420feca2c748e,2021_22,E0,1X,0.9598178996750746,1,0.9598178996750746,1,0.138868021569941,0,0.9013140787549846,1
68f82386dd89c1d2,2021_22,E0,X2,0.7200014220159852,1,0.5657714046734577,0,0.7200014220159852,1,0.7142271733105572,1
1adc3778a3f12dfa,2021_22,E0,X2,0.8016691917182299,1,0.4475326748055958,1,0.8016691917182299,1,0.7507981334761743,0
2394e999c8ab7d3b,2021_22,E0,1X,0.7530609142776599,1,0.7530609142776599,1,0.5312177798114348,1,0.7157213059109053,0
94c2cb1025d4654d,2021_22,E0,12,0.6894828280460745,1,0.6849560669173089,1,0.6255611050366165,0,0.6894828280460745,1
70ef6bd71f249205,2021_22,E0,1X,0.87567422133999,1,0.87567422133999,1,0.3252878611351381,0,0.799037917524872,1
4c18c7e72e562b55,2021_22,E0,1X,0.9368435597357552,1,0.9368435597357552,1,0.19793359046716452,0,0.8652228497970803,1
971469be5b0320f8,2021_22,E0,12,0.7250521414293386,0,0.671163904872002,1,0.6037839536986596,1,0.7250521414293386,0
5b042c65a1e247a0,2021_22,E0,12,0.7353114913673905,0,0.5402702901152246,1,0.724418218517385,1,0.7353114913673905,0
83eaeb0696eaf2cf,2021_22,E0,X2,0.8461448327368567,1,0.3752665515951504,0,0.8461448327368567,1,0.7785886156679931,1
6d90340d16dce2ed,2021_22,E0,1X,0.8769237127107635,1,0.8769237127107635,1,0.3196760725074059,0,0.8034002147818307,1
e9f18fd86e11d945,2021_22,E0,12,0.6947093849953498,1,0.6898953415582569,0,0.6153952734463932,1,0.6947093849953498,1
2a6a40c0dbe03c79,2021_22,E0,12,0.6980558080472354,1,0.665369568667051,0,0.6365746232857135,1,0.6980558080472354,1
e38273048faabc16,2021_22,E0,12,0.6762954728080799,1,0.673307704769672,0,0.650396822422248,1,0.6762954728080799,1
1e623c4d8d06279a,2021_22,E0,X2,0.8954362082712205,1,0.27372358828282306,0,0.8954362082712205,1,0.8308402034459564,1
f576d5e5699b7f19,2021_22,E0,X2,0.8113276873007441,0,0.44068288311195436,1,0.8113276873007441,0,0.7479894295873015,1
14bff3e01ba0bab4,2021_22,E0,1X,0.8880221451446147,1,0.8880221451446147,1,0.2967600649310646,0,0.8152177899243208,1
9db43c9dbbfcc3c1,2021_22,E0,X2,0.7809280221597397,1,0.46620012955751483,0,0.7809280221597397,1,0.7528718482827457,1
d2226a28099bc36d,2021_22,E0,1X,0.7932274337718491,1,0.7932274337718491,1,0.4506194400992066,0,0.7561531261289443,1
29c481d0151a14e4,2021_22,E0,1X,0.7276729926883752,1,0.7276729926883752,1,0.5448993529052074,0,0.7274276544064175,1
f16338649fe50b72,2021_22,E0,12,0.6977230781077931,1,0.6151994804731139,0,0.6870774414190929,1,0.6977230781077931,1
11504880d5cb6b42,2021_22,E0,1X,0.8891223868483926,1,0.8891223868483926,1,0.31011673730387823,1,0.8007608758477291,0
425ee3b96f065610,2021_22,E0,1X,0.8215299026348082,1,0.8215299026348082,1,0.43051347682400043,0,0.7479566205411913,1
85e4a9abfb407143,2021_22,E0,12,0.7127435906029539,1,0.6115022728699543,1,0.6757541365270919,0,0.7127435906029539,1
efc3bdbed10444bb,2021_22,E0,1X,0.8583131232356562,1,0.8583131232356562,1,0.32632727971106334,1,0.8153595970532806,0
24e501552b9bf604,2021_22,E0,1X,0.8393260881839361,1,0.8393260881839361,1,0.374634875079657,0,0.786039036736407,1
d395da7af2e48845,2021_22,E0,12,0.7074564638031885,1,0.653711161366964,0,0.6388323748298476,1,0.7074564638031885,1
f31ec5e6fd8cf8d2,2021_22,E0,X2,0.7982495817929424,1,0.44128903710061196,0,0.7982495817929424,1,0.7604613811064459,1
4db0338716bdec68,2021_22,E0,1X,0.939907542161944,1,0.939907542161944,1,0.1835416547445509,0,0.8765508030935051,1
c80a0c1d2b92b83d,2021_22,E0,X2,0.8469345964967441,1,0.36655950736386,0,0.8469345964967441,1,0.7865058961393959,1
c093bf4f627480ff,2021_22,E0,X2,0.7980275791162924,1,0.437076017178723,0,0.7980275791162924,1,0.7648964037049846,1
e00939aaf5317f28,2021_22,E0,1X,0.8894841785725052,1,0.8894841785725052,1,0.2875846385503651,0,0.82293118287713,1
62c522684a6143d6,2021_22,E0,X2,0.8309698430309979,1,0.42452090981490004,1,0.8309698430309979,1,0.7445092471541022,0
be5f48ce908f2007,2021_22,E0,X2,0.9127616883969107,1,0.24323930789124798,0,0.9127616883969107,1,0.8439990037118414,1
1582aacf623cd2c5,2021_22,E0,12,0.7229293422247733,1,0.7023394358522284,1,0.5747312219229983,0,0.7229293422247733,1
7ad9e07fa9e7d90d,2021_22,E0,1X,0.9028521620743638,1,0.9028521620743638,1,0.2691078997432159,0,0.8280399381824204,1
43eafdf4e9ecbf05,2021_22,E0,1X,0.7892151780886596,1,0.7892151780886596,1,0.47989705845368563,1,0.7308877634576549,0
e9ba76373f7351a4,2021_22,E0,12,0.7199609688135754,0,0.6411647594627892,1,0.6388742717236353,1,0.7199609688135754,0
de7dcf9e9d47a624,2021_22,E0,X2,0.8197225904453859,1,0.4226494798171626,0,0.8197225904453859,1,0.7576279297374515,1
3ee56c63b9ece72e,2021_22,E0,X2,0.8749591838435358,1,0.3116890995804951,1,0.8749591838435358,1,0.813351716575969,0
3627f835410b9558,2021_22,E0,1X,0.8351625756119485,1,0.8351625756119485,1,0.38322401973299075,1,0.7816134046550608,0
2d4eda5a4a7f90d0,2021_22,E0,1X,0.7710495019285725,0,0.7710495019285725,0,0.4956704967306813,1,0.7332800013407464,1
d4ac5bd29f1cb797,2021_22,E0,X2,0.7751548318245322,0,0.47663328244407743,1,0.7751548318245322,0,0.7482118857313904,1
86ad6744a8ba1d76,2021_22,E0,X2,0.8552716015135454,1,0.33727618232277107,0,0.8552716015135454,1,0.8074522161636835,1
f7c7b7f86632a9e2,2021_22,E0,1X,0.7871690360356242,1,0.7871690360356242,1,0.4901339276453651,0,0.7226970363190109,1
c7b3aac737b1b2e4,2021_22,E0,1X,0.7530118383509377,1,0.7530118383509377,1,0.5260479152235986,1,0.7209402464254637,0
19c681de203d1c35,2021_22,E0,1X,0.8703486928049771,1,0.8703486928049771,1,0.3293736499751644,1,0.8002776572198586,0
d6ef8b538e23712c,2021_22,E0,1X,0.8877705455356495,1,0.8877705455356495,1,0.2877603164803392,0,0.8244691379840112,1
cb70c4700c6d662f,2021_22,E0,12,0.7484641276092687,1,0.6622993832432016,0,0.5892364891475297,1,0.7484641276092687,1
e3fdcd8a6cd6296e,2021_22,E0,12,0.7194860828197922,1,0.640502136797946,1,0.6400117803822618,0,0.7194860828197922,1
aac2f92e6a741ffc,2021_22,E0,12,0.7075215993609305,1,0.6775987630144755,0,0.614879637624594,1,0.7075215993609305,1
b6487f96573193a0,2021_22,E0,1X,0.9347642286536966,1,0.9347642286536966,1,0.1983624729163252,0,0.8668732984299782,1
1fb7e537b348cb26,2021_22,E0,12,0.7263771155230485,1,0.6200318494428139,1,0.6535910350341376,0,0.7263771155230485,1
e234c84452b84b55,2021_22,E0,1X,0.7890378787005788,1,0.7890378787005788,1,0.4343385440497832,0,0.7766235772496379,1
faa93459486ff9d4,2021_22,E0,1X,0.9454959104687819,1,0.9454959104687819,1,0.1584124497138955,0,0.8960916398173224,1
fbaf0454ca3f18c5,2021_22,E0,1X,0.9339602074016093,1,0.9339602074016093,1,0.18640485499006065,0,0.87963493760833,1
da27e04ecfea1481,2021_22,E0,X2,0.8966325084700426,1,0.2797188155053112,0,0.8966325084700426,1,0.8236486760246462,1
32fb95930e0efe9f,2022_23,E0,X2,0.7886171708294021,1,0.4789511435211337,0,0.7886171708294021,1,0.7324316856494641,1
26ca681492610d7c,2022_23,E0,X2,0.9057169754859276,1,0.2526789929273425,1,0.9057169754859276,1,0.8416040315867299,0
591afb48979abd20,2022_23,E0,X2,0.7604824387465343,0,0.5133043363152962,1,0.7604824387465343,0,0.7262132249381696,1
afea61e9bf2e83b0,2022_23,E0,12,0.716546388476487,1,0.677619574422352,1,0.6058340371011611,0,0.716546388476487,1
88f7c6cc610e9923,2022_23,E0,1X,0.8462287784595872,1,0.8462287784595872,1,0.38960276221228,0,0.7641684593281329,1
ef2287947d39125e,2022_23,E0,1X,0.8860794576593565,1,0.8860794576593565,1,0.2988579993342647,0,0.8150625430063788,1
c0cef94c4b4949eb,2022_23,E0,X2,0.8510145185406538,1,0.38419787955066553,0,0.8510145185406538,1,0.7647876019086807,1
4ce6689eb5729fed,2022_23,E0,1X,0.7656702353912721,1,0.7656702353912721,1,0.49401561214211476,1,0.7403141524666133,0
a787960152b8f8f4,2022_23,E0,1X,0.7894778710189541,0,0.7894778710189541,0,0.4643669236999194,1,0.7461552052811263,1
f283619840f47e92,2022_23,E0,X2,0.8752224219372713,1,0.3087558277873361,0,0.8752224219372713,1,0.8160217502753926,1
668fdecefc8a4dad,2022_23,E0,1X,0.8075000695267547,1,0.8075000695267547,1,0.4596691712607467,0,0.7328307592124987,1
cd91e23debcc30d5,2022_23,E0,1X,0.8305914392678362,1,0.8305914392678362,1,0.3889690402730334,0,0.7804395204591305,1
9ad84dfb44452c70,2022_23,E0,12,0.7076316405017683,0,0.6865125000215371,1,0.6058558594766947,1,0.7076316405017683,0
e0f47bee666400da,2022_23,E0,1X,0.9636784820822057,1,0.9636784820822057,1,0.11442292781231994,0,0.9218985901054743,1
5d245d9624c364a0,2022_23,E0,12,0.7306558955600397,0,0.6651354537110177,1,0.6042086507289426,1,0.7306558955600397,0
458ccf23c8d9320a,2022_23,E0,12,0.7177722682856958,0,0.7154832340857374,1,0.5667444976285666,1,0.7177722682856958,0
4011acdd4b39f09f,2022_23,E0,X2,0.7728889498546936,0,0.48029155032116083,1,0.7728889498546936,0,0.7468194998241455,1
94f9d2a8994183be,2022_23,E0,X2,0.7558824856625004,0,0.5097275192320355,1,0.7558824856625004,0,0.7343899951054642,1
05387b636dcc13dd,2022_23,E0,12,0.7243229601724116,0,0.7235755255787085,1,0.5521015142488798,1,0.7243229601724116,0
1ab6429f45dfb7a8,2022_23,E0,1X,0.9135363390883884,1,0.9135363390883884,1,0.24943405830729581,1,0.8370296026043158,0
83b53b9e04424948,2022_23,E0,1X,0.8648244246123122,1,0.8648244246123122,1,0.33658549487786243,0,0.7985900805098254,1
404968866068acb7,2022_23,E0,12,0.700074416003506,1,0.6842706390049338,1,0.6156549449915603,0,0.700074416003506,1
f0aa5c311821b51c,2022_23,E0,1X,0.7831351068559904,1,0.7831351068559904,1,0.4876841004802053,1,0.7291807926638041,0
f655ae28e07c54d1,2022_23,E0,12,0.716276302250232,1,0.6469643232682832,1,0.6367593744814849,0,0.716276302250232,1
426f5f9cf57acb4e,2022_23,E0,1X,0.7825757088309576,0,0.7825757088309576,0,0.45252935559029994,1,0.7648949355787424,1
80f7915d7a437c6e,2022_23,E0,X2,0.8682811884354507,1,0.3353885405703776,0,0.8682811884354507,1,0.7963302709941718,1
3aa3395bb9aba426,2022_23,E0,X2,0.8392318131392067,0,0.36956492112938555,1,0.8392318131392067,0,0.791203265731408,1
840a7c06db09c9df,2022_23,E0,12,0.7160816206481249,1,0.6619807614464559,0,0.6219376179054195,1,0.7160816206481249,1
ba738a3458c2e65a,2022_23,E0,X2,0.8565907447373475,1,0.341123264143908,1,0.8565907447373475,1,0.8022859911187443,0
e0da5628c70458d1,2022_23,E0,X2,0.7931566083126893,0,0.42751537448844484,1,0.7931566083126893,0,0.779328017198866,1
082b9f7ce7ecd7ba,2022_23,E0,12,0.7522389287117812,1,0.5190856346342784,0,0.7286754366539403,1,0.7522389287117812,1
206cbf3bc175ea66,2022_23,E0,1X,0.7449664701016692,1,0.7449664701016692,1,0.5373852414483165,1,0.7176482884500144,0
930a3c349041aa20,2022_23,E0,1X,0.8017676538444269,1,0.8017676538444269,1,0.4389920034773837,0,0.7592403426781894,1
ecbe2ea5b7f9ac95,2022_23,E0,1X,0.874724073646657,1,0.874724073646657,1,0.3146745388653061,0,0.8106013874880367,1
5c9ac2b365f8ad2e,2022_23,E0,1X,0.9449173170041054,1,0.9449173170041054,1,0.16700237650213226,0,0.8880803064937622,1
ca90aa5a7ecb84b4,2022_23,E0,1X,0.9331647251971544,1,0.9331647251971544,1,0.19791014999024953,0,0.8689251248125961,1
471f934d7e39c04b,2022_23,E0,1X,0.8642919343109107,1,0.8642919343109107,1,0.317298080222576,0,0.8184099854665136,1
6f6f30df7308369a,2022_23,E0,1X,0.7362176282141664,0,0.7362176282141664,0,0.5415762666783788,1,0.7222061051074549,1
a878077e8b651e6d,2022_23,E0,12,0.7073992113396096,0,0.6729916314004463,1,0.6196091572599443,1,0.7073992113396096,0
62a677ff1525e06f,2022_23,E0,X2,0.860144549038236,1,0.33992156333106893,0,0.860144549038236,1,0.7999338876306951,1
b86ade6fd2b82647,2022_23,E0,1X,0.7390283540080369,1,0.7390283540080369,1,0.5393871945585054,1,0.7215844514334577,0
616d0775a6e71362,2022_23,E0,X2,0.7095134562694507,0,0.5875633636860286,1,0.7095134562694507,0,0.7029231800445208,1
70de87642cb94f76,2022_23,E0,X2,0.8092019424857485,0,0.4272708353357795,1,0.8092019424857485,0,0.7635272221784722,1
132c17f63b46d082,2022_23,E0,12,0.7330216212503423,0,0.7211300009099806,1,0.545848377839677,1,0.7330216212503423,0
bb50f449c86d63fa,2022_23,E0,1X,0.8429320217737247,1,0.8429320217737247,1,0.37349926527982347,0,0.7835687129464518,1
7bd03adb7329b73b,2022_23,E0,X2,0.7108935625426616,1,0.580480434327776,1,0.7108935625426616,1,0.7086260031295626,0
e0ecd31c3e6ef375,2022_23,E0,1X,0.9615182859770465,1,0.9615182859770465,1,0.11974196038831583,0,0.9187397536346378,1
5a7e091dca1e8085,2022_23,E0,12,0.7307608040983682,0,0.5704004646687559,1,0.6988387312328759,1,0.7307608040983682,0
2f8f7bc289836d2a,2022_23,E0,1X,0.9041563006195072,1,0.9041563006195072,1,0.2536522958651531,0,0.8421914035153396,1
88b21f3c9dc857c0,2022_23,E0,12,0.7438726892543934,1,0.5615798744219435,0,0.694547436323663,1,0.7438726892543934,1
b66987468f541892,2022_23,E0,X2,0.8719986364414557,1,0.3134058098022603,1,0.8719986364414557,1,0.8145955537562841,0
b0f4c881e5fb601d,2022_23,E0,12,0.7311235052916873,1,0.7157245476534633,1,0.5531519470548494,0,0.7311235052916873,1
3b3222367e196463,2022_23,E0,1X,0.8140267293634986,1,0.8140267293634986,1,0.428562124327293,0,0.7574111463092084,1
c55bb1bb36680596,2022_23,E0,1X,0.7381554381160826,1,0.7381554381160826,1,0.5399882543526331,1,0.7218563075312843,0
440b82a4e0a9a00f,2022_23,E0,1X,0.7274900055702171,0,0.7274900055702171,0,0.5619163484548211,1,0.7105936459749617,1
add740f9f95e64bf,2022_23,E0,1X,0.8443925614746033,1,0.8443925614746033,1,0.3691276161166569,0,0.7864798224087398,1
c2b85b120a6b12f4,2022_23,E0,12,0.7227182786129664,1,0.7221997702692486,1,0.5550819511177848,0,0.7227182786129664,1
2effbcab6ff53459,2022_23,E0,X2,0.8895729912149999,1,0.27844704071618354,1,0.8895729912149999,1,0.8319799680688166,0
ff546490f507a880,2022_23,E0,1X,0.7719594582338347,1,0.7719594582338347,1,0.49812140158363405,0,0.7299191401825315,1
4faa9e2eb6ba269d,2022_23,E0,12,0.7258748576965255,1,0.6366150071695744,1,0.6375101351339001,0,0.7258748576965255,1
3776533b280b8c8a,2022_23,E0,1X,0.7302250207211938,1,0.7302250207211938,1,0.5436763261904343,0,0.726098653088372,1
08ec063fb3650f95,2022_23,E0,12,0.7178184134556433,1,0.6285069114402719,0,0.6536746751040847,1,0.7178184134556433,1
d0106666935818b8,2022_23,E0,X2,0.8889734729479688,1,0.28411567266770626,0,0.8889734729479688,1,0.8269108543843249,1
753886ede228488a,2022_23,E0,1X,0.8748776178573774,1,0.8748776178573774,1,0.3258283066377058,1,0.7992940755049169,0
4a058c0a24b17fe5,2022_23,E0,1X,0.8406306805272976,1,0.8406306805272976,1,0.3739603496278394,0,0.785408969844863,1
d8ce9e95d43e380e,2022_23,E0,X2,0.784309690115828,1,0.46458884980816945,0,0.784309690115828,1,0.7511014600760026,1
d72c14614c9fa13c,2022_23,E0,12,0.7083139532374029,1,0.6219314138397518,1,0.6697546329228454,0,0.7083139532374029,1
38636c244bd9ba2c,2022_23,E0,12,0.7421859751855173,1,0.7417218605851028,1,0.5160921642293799,0,0.7421859751855173,1
e9fcfebc60ef7a03,2022_23,E0,12,0.7223734103215806,0,0.5764332752270955,1,0.7011933144513235,1,0.7223734103215806,0
aaafb04e0d31bef7,2022_23,E0,X2,0.7993991376037382,1,0.4565811682228077,0,0.7993991376037382,1,0.7440196941734541,1
032a0f2726891005,2022_23,E0,12,0.7186341528963283,1,0.6119187071980923,0,0.6694471399055794,1,0.7186341528963283,1
c66ae9bd0a8ed732,2022_23,E0,1X,0.8516803118291567,1,0.8516803118291567,1,0.3491490515301555,1,0.7991706366406878,0
850b47dc4541d112,2022_23,E0,12,0.7110579848339922,1,0.697539187935813,0,0.5914028272301948,1,0.7110579848339922,1
189b09f8686028dc,2022_23,E0,1X,0.7554347125477827,1,0.7554347125477827,1,0.5302883324563452,0,0.7142769549958721,1
4e7ddfc84fb10d81,2022_23,E0,1X,0.8528718237129209,1,0.8528718237129209,1,0.32446699960303466,0,0.8226611766840446,1
c79fff72217f6928,2022_23,E0,12,0.717597577374443,0,0.6804845912203183,1,0.6019178314052387,1,0.717597577374443,0
b4aa6434c589596a,2022_23,E0,1X,0.7933126953170837,1,0.7933126953170837,1,0.44427915006074137,0,0.7624081546221747,1
3c7799ba6a5d7eb1,2022_23,E0,12,0.7270059497791517,1,0.565351982640814,1,0.7076420675800345,0,0.7270059497791517,1
1ecb1a349f1663dc,2022_23,E0,1X,0.8579971245766568,1,0.8579971245766568,1,0.36718201798633965,0,0.7748208574370036,1
cd75ecccf7e68d84,2022_23,E0,1X,0.9524443735191557,1,0.9524443735191557,1,0.14108000532212062,0,0.9064756211587237,1
43d4f7063756f18e,2022_23,E0,1X,0.815450249724608,1,0.815450249724608,1,0.4233414701041903,0,0.7612082801712017,1
bf4d79ce6c4fde29,2022_23,E0,12,0.7123387438200084,1,0.6627787252448292,0,0.6248825309351624,1,0.7123387438200084,1
68190cc4190d5527,2022_23,E0,1X,0.7308868085386881,1,0.7308868085386881,1,0.5382576892282274,0,0.7308555022330845,1
f8ca7891b725519e,2022_23,E0,1X,0.8310192345587821,1,0.8310192345587821,1,0.4106478486076538,0,0.7583329168335641,1
4931daac25946a21,2022_23,E0,12,0.7451528083693328,1,0.6344228128573592,1,0.6204243787733081,0,0.7451528083693328,1
f942d86b30051182,2022_23,E0,X2,0.7338549818942,1,0.5340506848616293,0,0.7338549818942,1,0.7320943332441707,1
240c8899cf53c732,2022_23,E0,X2,0.7416761968879879,1,0.5250374078849092,1,0.7416761968879879,1,0.733286395227103,0
5dae0cafad79782e,2022_23,E0,12,0.722003723685855,1,0.5789196845926561,1,0.699076591721489,0,0.722003723685855,1
993f07bf20c25326,2022_23,E0,12,0.7249271797134815,0,0.6747176156431028,1,0.6003552046434157,1,0.7249271797134815,0
fd1da0ad451f4d15,2022_23,E0,1X,0.7575617728931154,1,0.7575617728931154,1,0.5081836773310506,1,0.7342545497758339,0
9a991a8a8b5224e9,2022_23,E0,1X,0.8054009958654202,1,0.8054009958654202,1,0.44642182950297604,0,0.7481771746316038,1
e66199895296131e,2022_23,E0,1X,0.8598920407181347,1,0.8598920407181347,1,0.34872642048392494,0,0.7913815387979405,1
71713c2c13b83bab,2022_23,E0,X2,0.7529624678436921,1,0.5232332966183187,0,0.7529624678436921,1,0.7238042355379893,1
d9b80fc4cf799541,2022_23,E0,X2,0.8053287586529773,1,0.42621819754165374,0,0.8053287586529773,1,0.7684530438053692,1
3837726f6f3ad16a,2022_23,E0,12,0.7385434719389623,0,0.7280164279331238,1,0.5334401001279139,1,0.7385434719389623,0
6bb8ac4c735309ff,2022_23,E0,12,0.7147639174241633,0,0.6112707927791154,1,0.6739652897967212,1,0.7147639174241633,0
01f7f70f40f251c3,2022_23,E0,12,0.7657645677850975,1,0.4878254709291597,1,0.7464099612857427,0,0.7657645677850975,1
06a3e701cf6b245d,2022_23,E0,1X,0.8791990168006816,1,0.8791990168006816,1,0.3108943411708003,1,0.8099066420285181,0
57cb061d06d62cb3,2022_23,E0,1X,0.7456085781559499,1,0.7456085781559499,1,0.5448825595139045,0,0.7095088623301457,1
5858cb8af8c2d25e,2022_23,E0,12,0.704748944950266,1,0.6574030572838494,0,0.6378479977658846,1,0.704748944950266,1
6376b8a3ab373fb0,2022_23,E0,X2,0.7757912875231856,1,0.48109057371814845,1,0.7757912875231856,1,0.743118138758666,0
ccd113a51c71d301,2022_23,E0,1X,0.8662134886068973,1,0.8662134886068973,1,0.326571638103752,0,0.8072148732893508,1
0cc37e7a33bfaa9c,2022_23,E0,1X,0.8233989324087062,1,0.8233989324087062,1,0.4224181889621873,0,0.7541828786291065,1
8b291d1859dd65b1,2022_23,E0,12,0.7268366589052031,1,0.6792609172635765,1,0.5939024238312205,0,0.7268366589052031,1
70668e4bf3428e8b,2022_23,E0,12,0.715806326463208,1,0.6064301601897024,1,0.6777635133470896,0,0.715806326463208,1
de6a86cd10bbba6e,2022_23,E0,12,0.7302596151080563,1,0.684536749628085,1,0.5852036352638587,0,0.7302596151080563,1
1fdb9e46e2cde3ff,2022_23,E0,X2,0.8876637528450049,0,0.2864392127482543,1,0.8876637528450049,0,0.8258970344067409,1
3f51e43c621d7087,2022_23,E0,12,0.6973767773349822,1,0.6856377076747642,1,0.6169855149902537,0,0.6973767773349822,1
5dbdc7d5e299363a,2022_23,E0,1X,0.9247856931596428,1,0.9247856931596428,1,0.21963426024635305,0,0.855580046594004,1
75b5a52bd3502d54,2022_23,E0,12,0.7317032743626427,0,0.7175141076893792,1,0.5507826179479782,1,0.7317032743626427,0
3cab30c9f53657a6,2022_23,E0,1X,0.7372185778221896,1,0.7372185778221896,1,0.5364500454078434,0,0.726331376769967,1
3c5af301ad0dd29d,2022_23,E0,12,0.7415478207353352,1,0.721434645029807,0,0.537017534234858,1,0.7415478207353352,1
7fcc6bdd5ee7f5b0,2022_23,E0,X2,0.8556819137024846,1,0.35412123721321953,1,0.8556819137024846,1,0.7901968490842959,0
a9099036dbf1be1f,2022_23,E0,12,0.7164506726151596,1,0.6904319717533185,0,0.5931173556315219,1,0.7164506726151596,1
2ea99373cfca820b,2022_23,E0,12,0.7226413832682188,1,0.7110807608803101,0,0.5662778558514712,1,0.7226413832682188,1
fd6c5e7baf39cb44,2022_23,E0,1X,0.8321624359902378,1,0.8321624359902378,1,0.40697135539501783,0,0.7608662086147444,1
9dc3b54b6f553619,2022_23,E0,X2,0.8678976202871854,1,0.32346824109584893,0,0.8678976202871854,1,0.8086341386169659,1
4f0a9d1d0cad8616,2022_23,E0,X2,0.8073224629252351,1,0.44725533082681496,0,0.8073224629252351,1,0.74542220624795,1
ce2f709c75b3d04b,2022_23,E0,12,0.7249918111938229,0,0.7206167294446197,1,0.5543914593615573,1,0.7249918111938229,0
7717eee8d5e96ba7,2022_23,E0,12,0.7146728026763919,1,0.5987292689207545,1,0.6865979284028535,0,0.7146728026763919,1
944feeb25352c396,2022_23,E0,1X,0.7457453957874145,1,0.7457453957874145,1,0.5375516591268056,0,0.71670294508578,1
c5df1d16c2885a3b,2022_23,E0,1X,0.7967089201827275,1,0.7967089201827275,1,0.4548916996144028,0,0.7483993802028699,1
55dcea4e5e9dada8,2022_23,E0,12,0.7208352795611113,0,0.6997741229880521,1,0.5793905974508365,1,0.7208352795611113,0
03278d1c626ba0aa,2022_23,E0,1X,0.9201795673360071,0,0.9201795673360071,0,0.2170383059716457,1,0.8627821266923472,1
7d04dbf4b34343c1,2022_23,E0,1X,0.9262073594439629,1,0.9262073594439629,1,0.21430646836804287,0,0.8594861721879938,1
75fc0112443bdaa9,2022_23,E0,1X,0.8042550397019962,1,0.8042550397019962,1,0.4427859386160683,0,0.7529590216819355,1
097b4600b233e48e,2022_23,E0,1X,0.821423145883751,1,0.821423145883751,1,0.41269700651147373,0,0.7658798476047755,1
fba0350b4a41481e,2022_23,E0,1X,0.9342798395943921,1,0.9342798395943921,1,0.18437166403441121,0,0.881348496371197,1
c8cbfb3186497d16,2022_23,E0,12,0.6991015485051946,0,0.6610423090593935,1,0.6398561424354121,1,0.6991015485051946,0
4bba0d93cfdfff37,2022_23,E0,X2,0.7280829879909911,1,0.5618976973629344,0,0.7280829879909911,1,0.7100193146460745,1
13b23cd19d9153ab,2022_23,E0,12,0.7138008887045895,1,0.6717362126524409,0,0.6144628986429699,1,0.7138008887045895,1
eb9360a1da760e16,2022_23,E0,12,0.7179378997715675,1,0.6356551844000744,0,0.6464069158283581,1,0.7179378997715675,1
dc93a16d3a306aee,2022_23,E0,12,0.7248895501189696,1,0.5789292326317402,1,0.69618121724929,0,0.7248895501189696,1
c8188a95bba2afed,2022_23,E0,X2,0.7811880271620004,1,0.4769134732257979,0,0.7811880271620004,1,0.7418984996122018,1
7931dbda12c12654,2022_23,E0,1X,0.7836725612420843,0,0.7836725612420843,0,0.4870796205847027,1,0.7292478181732129,1
f85e083235fefd8a,2022_23,E0,12,0.7468833968241991,1,0.5216081833693911,0,0.7315084198064095,1,0.7468833968241991,1
f29ef9b14f071773,2022_23,E0,1X,0.9451886686316204,0,0.9451886686316204,0,0.16867120553493103,1,0.8861401258334486,1
9336c4e76a3d622b,2022_23,E0,12,0.7024463137648009,1,0.6424120301796163,1,0.6551416560555827,0,0.7024463137648009,1
b0c645250e646c96,2022_23,E0,1X,0.8994622045086801,1,0.8994622045086801,1,0.25220793162879485,0,0.8483298638625251,1
78e0c1aee795cb87,2022_23,E0,X2,0.7107663563340259,0,0.5935459313174412,1,0.7107663563340259,0,0.695687712348533,1
7102cd946b41b9da,2022_23,E0,1X,0.8139819914168961,1,0.8139819914168961,1,0.4084944442520655,0,0.7775235643310384,1
75dfeacdf0a6921e,2022_23,E0,1X,0.750068680380086,0,0.750068680380086,0,0.5241232637351815,1,0.7258080558847326,1
4ed8615bf0affddf,2022_23,E0,1X,0.7277228893874801,1,0.7277228893874801,1,0.5554238039217754,0,0.7168533066907445,1
53e0c9a715b048ac,2022_23,E0,X2,0.8492433747625294,1,0.3834984902315697,0,0.8492433747625294,1,0.7672581350059009,1
56510840c174f956,2022_23,E0,1X,0.8024580324206108,0,0.8024580324206108,0,0.4506914248965266,1,0.7468505426828628,1
1b38413776aa4224,2022_23,E0,X2,0.7664982337901115,1,0.48512130629293393,0,0.7664982337901115,1,0.7483804599169546,1
6a6bfeedaa93dff0,2022_23,E0,12,0.735590912342365,0,0.5504037488894324,1,0.7140053387682026,1,0.735590912342365,0
244b23b77fa04e2a,2022_23,E0,12,0.7274883078559023,1,0.7020834656670986,0,0.5704282264769992,1,0.7274883078559023,1
a1bfae380fad6e35,2022_23,E0,12,0.7022080185190787,1,0.683135093212153,0,0.6146568882687684,1,0.7022080185190787,1
66a2d5652b0f91e3,2022_23,E0,12,0.7245575175540715,1,0.557433634891685,0,0.7180088475542437,1,0.7245575175540715,1
a6e52e9bd136f367,2022_23,E0,X2,0.7378812288861838,1,0.5368481679450815,0,0.7378812288861838,1,0.7252706031687348,1
2cf67183f712ec5e,2022_23,E0,X2,0.7987456449295502,1,0.44156837711179253,0,0.7987456449295502,1,0.7596859779586572,1
870bbeebfda4420d,2022_23,E0,1X,0.84209680175116,1,0.84209680175116,1,0.3835924024463173,0,0.7743107958025229,1
68dc1282fafc1926,2022_23,E0,1X,0.8945266458623627,1,0.8945266458623627,1,0.28680116907953446,0,0.8186721850581028,1
73ce404dc05c975a,2022_23,E0,1X,0.8921227566523865,1,0.8921227566523865,1,0.28229706344079636,0,0.8255801799068171,1
576169991583c4ec,2022_23,E0,X2,0.9011061240392209,1,0.25605427701263234,0,0.9011061240392209,1,0.8428395989481469,1
b1fc7fc71056e129,2022_23,E0,12,0.7330187301673832,1,0.7300110237430157,0,0.5369702460896011,1,0.7330187301673832,1
406511a93eb8d0c2,2022_23,E0,1X,0.9185098991250258,1,0.9185098991250258,1,0.23347944915377727,0,0.8480106517211972,1
2303084cfeee1ae8,2022_23,E0,X2,0.7651320287251318,1,0.5008802597570368,0,0.7651320287251318,1,0.7339877115178315,1
1106dae5dfcbcdea,2022_23,E0,12,0.697870089782044,1,0.6312572394582547,0,0.6708726707597013,1,0.697870089782044,1
2ae1ec6459681fe7,2022_23,E0,1X,0.7792028337788754,1,0.7792028337788754,1,0.4725506446982668,0,0.7482465215228578,1
6207fdd7f23bb81d,2022_23,E0,1X,0.9481482162932091,1,0.9481482162932091,1,0.1678461916390511,1,0.8840055920677398,0
0db1dc4ded74e1a4,2022_23,E0,1X,0.8563566872679543,1,0.8563566872679543,1,0.34500411144851834,1,0.7986392012835273,0
7b5cea5270f6b46c,2022_23,E0,X2,0.7746432985674936,1,0.48647909605549,0,0.7746432985674936,1,0.7388776053770166,1
476aebc007d6f096,2022_23,E0,1X,0.8093145308328578,0,0.8093145308328578,0,0.4204763783472892,1,0.7702090908198531,1
437476bea93a0399,2022_23,E0,X2,0.8287589179283402,1,0.4070316410793985,1,0.8287589179283402,1,0.7642094409922613,0
40363b07615dffa8,2022_23,E0,X2,0.8404622758581201,0,0.36966020313149645,1,0.8404622758581201,0,0.7898775210103837,1
e248aca46dcf3d5c,2022_23,E0,1X,0.7946898403106649,1,0.7946898403106649,1,0.45520833190425875,1,0.7501018277850763,0
770582db027918ca,2022_23,E0,12,0.7093644288568737,1,0.5906177314558557,0,0.7000178396872707,1,0.7093644288568737,1
3fc8222047aebb11,2022_23,E0,12,0.7318459902314984,1,0.6751311526982926,0,0.5930228570702092,1,0.7318459902314984,1
e029409835c56f7a,2022_23,E0,1X,0.9130885029699045,1,0.9130885029699045,1,0.24793558622555778,0,0.8389759108045376,1
89849c4c927baa03,2022_23,E0,12,0.7106838337491512,1,0.7007107129444542,0,0.5886054533063945,1,0.7106838337491512,1
6b08c090f6467fd4,2022_23,E0,12,0.7169192185542176,0,0.6148268226058283,1,0.6682539588399543,1,0.7169192185542176,0
40c55300013e3d20,2022_23,E0,1X,0.7681667322369121,1,0.7681667322369121,1,0.5064498520175785,1,0.7253834157455095,0
20ea550e468801af,2022_23,E0,12,0.7179913783201886,1,0.5725463876036194,0,0.709462234076192,1,0.7179913783201886,1
1aa3672392a1d3c4,2022_23,E0,X2,0.811625572298045,1,0.4234464200241652,0,0.811625572298045,1,0.76492800767779,1
12b3c1f3ef195e9e,2022_23,E0,X2,0.7582022278456304,0,0.5210338352116737,1,0.7582022278456304,0,0.7207639369426959,1
a7fd70afa7263659,2022_23,E0,1X,0.7448998643328869,1,0.7448998643328869,1,0.5226578835930242,0,0.7324422520740888,1
36a782bf54c3381d,2022_23,E0,X2,0.7612190893939514,0,0.4859608619331075,1,0.7612190893939514,0,0.7528200486729411,1
cf5c334cd5b7d83e,2022_23,E0,12,0.7431305428848154,1,0.5940316863721595,1,0.6628377707430251,0,0.7431305428848154,1
9a0f1acfa3d92805,2022_23,E0,12,0.7020910110969006,1,0.7004179015348141,0,0.5974910873682854,1,0.7020910110969006,1
2eadf807199830dd,2022_23,E0,12,0.6971122682440777,1,0.6591164920031849,1,0.6437712397527378,0,0.6971122682440777,1
7a4c631c238bdff7,2022_23,E0,12,0.6970527083721976,1,0.6911614298924325,1,0.61178586173537,0,0.6970527083721976,1
1057a8f1a5e7ba45,2022_23,E0,1X,0.8326747023456713,1,0.8326747023456713,1,0.40596158469048127,0,0.7613637129638474,1
97a8857f3d844b28,2022_23,E0,1X,0.7931696187538984,1,0.7931696187538984,1,0.4831615523893184,0,0.7236688288567833,1
ebd8e759dfd93834,2022_23,E0,1X,0.8563454033260278,1,0.8563454033260278,1,0.3556209289329232,0,0.788033667741049,1
713428ea209e8e38,2022_23,E0,12,0.7260747637384286,1,0.5627094602161726,0,0.7112157760453988,1,0.7260747637384286,1
1467052695784631,2022_23,E0,X2,0.8210646288087722,1,0.422134731265824,1,0.8210646288087722,1,0.7568006399254038,0
e5b5e797801fbb3e,2022_23,E0,1X,0.8429463235551304,1,0.8429463235551304,1,0.3641560823619958,0,0.7928975940828737,1
46dec832046929cf,2022_23,E0,1X,0.7404135464387874,1,0.7404135464387874,1,0.5280741021542376,1,0.7315123514069751,0
0e0b86f60bf41da3,2022_23,E0,12,0.6973539014190525,0,0.6409413896450389,1,0.6617047089359087,1,0.6973539014190525,0
66538593d46a5729,2022_23,E0,X2,0.7689824760991935,1,0.4754984487850078,1,0.7689824760991935,1,0.7555190751157987,0
9278bf3b7dbc00d7,2022_23,E0,12,0.6983207329072025,1,0.6685472141465374,0,0.6331320529462601,1,0.6983207329072025,1
2f7bc06175e38c65,2022_23,E0,1X,0.7899192768307288,1,0.7899192768307288,1,0.4817318591971921,0,0.7283488639720792,1
ac99460626c56eef,2022_23,E0,X2,0.7881334460818801,1,0.4768149540132186,1,0.7881334460818801,1,0.7350515999049015,0
5333875d55a5de7c,2022_23,E0,12,0.728760055453886,0,0.679925190527753,1,0.591314754018361,1,0.728760055453886,0
1006763ac415ca39,2022_23,E0,1X,0.9099525598142517,1,0.9099525598142517,1,0.24287838367373096,0,0.8471690565120171,1
5634e68ed69e1396,2022_23,E0,1X,0.7742891905756952,1,0.7742891905756952,1,0.4791074420067542,0,0.7466033674175507,1
54dd833098301ec9,2022_23,E0,12,0.7466923043784127,1,0.5475530970661836,0,0.7057545985554038,1,0.7466923043784127,1
18273bcce7a0b942,2022_23,E0,1X,0.8365008443943915,1,0.8365008443943915,1,0.3992789317913301,1,0.7642202238142783,0
9a3bb1eb274a353a,2022_23,E0,X2,0.8784937752126358,0,0.34817265146975435,1,0.8784937752126358,0,0.77333357331761,1
e70df4ff85b3fab0,2022_23,E0,1X,0.7296449471024337,0,0.7296449471024337,0,0.5464490119237784,1,0.7239060409737881,1
0592e56694612bcc,2022_23,E0,1X,0.8003040571074049,1,0.8003040571074049,1,0.45979657236727856,0,0.7398993705253167,1
639c6dd7bf5ffa9d,2022_23,E0,1X,0.8755295153032666,1,0.8755295153032666,1,0.31179036340709065,0,0.8126801212896427,1
60dcbf8fd36f0bc0,2022_23,E0,1X,0.8866329658419765,1,0.8866329658419765,1,0.3033283346386214,0,0.8100386995194021,1
7a6395121661ffbe,2022_23,E0,X2,0.7508979423920802,0,0.505800650104444,1,0.7508979423920802,0,0.7433014075034757,1
206bc35717ae8ad3,2022_23,E0,1X,0.826468749114895,1,0.826468749114895,1,0.42248780473018954,1,0.7510434461549155,0
e6147c150fba48c3,2022_23,E0,12,0.7148170883494902,1,0.6308325464088118,1,0.6543503652416981,0,0.7148170883494902,1
dc963f6e3102fc57,2022_23,E0,X2,0.7526252852468374,0,0.4972332221160771,1,0.7526252852468374,0,0.7501414926370856,1
0118ec429bc20a5a,2022_23,E0,1X,0.8392943973700788,1,0.8392943973700788,1,0.3749575763513605,1,0.7857480262785607,0
64c1617fe98d10fd,2022_23,E0,X2,0.7189710141416743,1,0.5699180561614765,1,0.7189710141416743,1,0.7111109296968491,0
219655bd3b6fa51c,2022_23,E0,1X,0.8514030993077699,1,0.8514030993077699,1,0.3735639846483487,1,0.7750329160438814,0
2b2dff5ce042b576,2022_23,E0,X2,0.8014482910805707,1,0.4566257837306294,1,0.8014482910805707,1,0.7419259251888,0
d634dcf5b1ea756c,2022_23,E0,1X,0.7718731043497965,1,0.7718731043497965,1,0.5050396654838571,0,0.7230872301663465,1
06871f7975888d23,2022_23,E0,12,0.7414371861742693,1,0.5329140463733658,1,0.7256487674523647,0,0.7414371861742693,1
bd655aa244d53e9a,2022_23,E0,12,0.6964882644174963,1,0.6111446984086166,0,0.692367037173887,1,0.6964882644174963,1
ff712fa25a9db1df,2022_23,E0,X2,0.8367394540296385,1,0.40779560243172663,1,0.8367394540296385,1,0.7554649435386351,0
5c2047acc699e35b,2022_23,E0,12,0.7466161829755135,1,0.5133641200949832,0,0.7400196969295032,1,0.7466161829755135,1
84e5c794a53f3c9f,2022_23,E0,1X,0.8966714511746378,1,0.8966714511746378,1,0.2823488656171527,0,0.8209796832082095,1
3227a5bbd3702082,2022_23,E0,1X,0.8307507146283438,1,0.8307507146283438,1,0.40325549505754554,0,0.7659937903141107,1
37ecc71df59c3abc,2022_23,E0,12,0.7196897356067813,1,0.5769517123472881,0,0.7033585520459307,1,0.7196897356067813,1
0f0c2b92a9b2e376,2022_23,E0,X2,0.770344872390479,1,0.495565772953101,0,0.770344872390479,1,0.73408935465642,1
3935789751b8e7ad,2022_23,E0,1X,0.7974172914700832,1,0.7974172914700832,1,0.47335271437593285,1,0.7292299941539842,0
e3cad7794cf240b2,2022_23,E0,1X,0.8445602666784481,0,0.8445602666784481,0,0.37611185603766606,1,0.7793278772838859,1
e737a1347e9f90f9,2022_23,E0,1X,0.8808874916698921,0,0.8808874916698921,0,0.3279356416987235,1,0.7911768666313843,1
07d333faf9b816f1,2022_23,E0,12,0.6996192749348153,1,0.6482937730865619,1,0.652086951978623,0,0.6996192749348153,1
123d64f30cf55105,2022_23,E0,X2,0.9104295436880601,1,0.2637493912157737,1,0.9104295436880601,1,0.8258210650961664,0
bd2293394a4cbca2,2022_23,E0,1X,0.7968746162322141,0,0.7968746162322141,0,0.47036139303184243,1,0.7327639907359437,1
90355f134a050f3a,2022_23,E0,12,0.7228193920771198,1,0.6606574707971822,0,0.6165231371256981,1,0.7228193920771198,1
c56eea9782ea554e,2022_23,E0,1X,0.8318430833417586,1,0.8318430833417586,1,0.382439613960138,0,0.7857173026981036,1
8fc05863fe917d0c,2022_23,E0,1X,0.7887246397246306,1,0.7887246397246306,1,0.48554794110846045,0,0.7257274191669089,1
687a609ef3d47977,2022_23,E0,12,0.6955857751300104,0,0.668038875574371,1,0.6363753492956185,1,0.6955857751300104,0
b26c3e1b78a8d702,2022_23,E0,12,0.6952843869989327,1,0.6806490549874349,0,0.6240665580136326,1,0.6952843869989327,1
9ceeacebdf0d79bb,2022_23,E0,1X,0.75528137090895,1,0.75528137090895,1,0.5086227992995576,0,0.7360958297914926,1
91869dad7f1f6c4c,2022_23,E0,X2,0.8356213355803734,1,0.39065641539655244,0,0.8356213355803734,1,0.7737222490230741,1
b4931a14cc400526,2022_23,E0,1X,0.8236976635313364,1,0.8236976635313364,1,0.43277324269033285,0,0.7435290937783307,1
7aa5bda08eba7215,2022_23,E0,X2,0.9021961908329559,1,0.2898034739371983,0,0.9021961908329559,1,0.8080003352298458,1
3cc38cf92b02478b,2022_23,E0,X2,0.8031925102772612,1,0.4354565869055369,1,0.8031925102772612,1,0.7613509028172019,0
9e7064603013af55,2022_23,E0,12,0.7087450776196029,1,0.6131853037507439,1,0.6780696186296533,0,0.7087450776196029,1
4b9157866a66314b,2022_23,E0,1X,0.9120854466964625,1,0.9120854466964625,1,0.2735615989922295,0,0.8143529543113082,1
75940c6dd45d5c85,2022_23,E0,1X,0.8506805674451998,1,0.8506805674451998,1,0.367905319824474,0,0.7814141127303263,1
08aced755f0603e6,2022_23,E0,1X,0.8574998013752122,1,0.8574998013752122,1,0.35970824254708644,0,0.7827919560777014,1
e220667effa4bdbb,2022_23,E0,1X,0.9265839557101335,1,0.9265839557101335,1,0.21796412998241607,0,0.8554519143074504,1
635856432935fe62,2022_23,E0,1X,0.737493825206667,1,0.737493825206667,1,0.5524322642635531,0,0.71007391052978,1
c7d3c801c6b1074e,2022_23,E0,1X,0.8174776490943506,1,0.8174776490943506,1,0.42439219148416696,0,0.7581301594214824,1
66dea9d1659b2b71,2022_23,E0,1X,0.8408044169849388,1,0.8408044169849388,1,0.39558530145023585,0,0.7636102815648254,1
e10144a3427dc0fc,2022_23,E0,12,0.7052052988609792,1,0.5923026463438507,1,0.7024920547951701,0,0.7052052988609792,1
97b4f658b772b218,2022_23,E0,12,0.7094548758910719,1,0.6265593610785105,1,0.6639857630304178,0,0.7094548758910719,1
172910a46f88af44,2022_23,E0,X2,0.6869740224408584,1,0.6312535884071483,1,0.6869740224408584,1,0.6817723891519935,0
5b93536a13be2c1e,2022_23,E0,12,0.7328996313955702,1,0.6645559884287031,1,0.6025443801757265,0,0.7328996313955702,1
8c76851cbb86c3ab,2022_23,E0,1X,0.7454295414266496,1,0.7454295414266496,1,0.524882042952548,0,0.7296884156208023,1
a09aa09baf43e8b6,2022_23,E0,X2,0.8626126578813935,0,0.327048794355878,1,0.8626126578813935,0,0.8103385477627283,1
f03282db08667780,2022_23,E0,12,0.6893004905892564,1,0.6730777256610792,1,0.6376217837496645,0,0.6893004905892564,1
d921e06e4de8cba9,2022_23,E0,X2,0.7794448981963072,1,0.478832246293433,1,0.7794448981963072,1,0.7417228555102597,0
522563a100099059,2022_23,E0,X2,0.7596866997782523,1,0.5038287202648888,0,0.7596866997782523,1,0.736484579956859,1
7b004e990296e9a1,2022_23,E0,1X,0.8687370487309414,1,0.8687370487309414,1,0.3398316732114871,0,0.7914312780575715,1
8790882860e71bd9,2022_23,E0,X2,0.9045341752659625,1,0.28459761074347817,0,0.9045341752659625,1,0.8108682139905592,1
4d242c83929c95d6,2022_23,E0,X2,0.8731146837062701,1,0.32789079979159763,0,0.8731146837062701,1,0.7989945165021325,1
c3e9f4a984c4425c,2022_23,E0,1X,0.9106728493202134,1,0.9106728493202134,1,0.2514384326976421,1,0.8378887179821446,0
7a1c3cf7f391afa7,2022_23,E0,1X,0.7068356272190554,1,0.7068356272190554,1,0.5880898831612132,1,0.7050744896197315,0
8f79397a0983e8bb,2022_23,E0,1X,0.8330738767935917,1,0.8330738767935917,1,0.41572192806043096,0,0.7512041951459776,1
e59f0a8a55f46fa4,2022_23,E0,1X,0.8935048060379431,1,0.8935048060379431,1,0.2952911211795686,0,0.8112040727824881,1
46831f66693b9990,2022_23,E0,X2,0.7060531459264334,1,0.5921054178155819,0,0.7060531459264334,1,0.7018414362579848,1
80415f3a071ca17e,2022_23,E0,X2,0.8177313772070072,1,0.4415805120181976,0,0.8177313772070072,1,0.7406881107747952,1
dfba029aa2b2f537,2022_23,E0,1X,0.8013264612839905,1,0.8013264612839905,1,0.4496491562748909,0,0.7490243824411186,1
127828eba62fbfea,2022_23,E0,1X,0.7654888766076353,1,0.7654888766076353,1,0.4869511973029232,1,0.7475599260894414,0
531359dadfcc1ba9,2022_23,E0,X2,0.7870278385096425,1,0.47745438063433515,1,0.7870278385096425,1,0.7355177808560223,0
9239850c08d8103c,2022_23,E0,1X,0.7082317792752251,0,0.7082317792752251,0,0.5859085679288241,1,0.705859652795951,1
a7931187b0b31c9d,2022_23,E0,1X,0.8788733265880984,1,0.8788733265880984,1,0.35189797767147174,1,0.7692286957404301,0
d2053fc721121f1c,2022_23,E0,1X,0.916516799932211,1,0.916516799932211,1,0.24781574990198385,0,0.8356674501658051,1
2b024a849ebd805b,2022_23,E0,1X,0.8082587323599385,1,0.8082587323599385,1,0.4213632603028724,0,0.7703780073371893,1
d3226e817ab043d3,2022_23,E0,1X,0.9058184037214746,1,0.9058184037214746,1,0.24345434718955347,0,0.8507272490889719,1
f1dd07afdd5b79dc,2022_23,E0,12,0.7054160969908876,1,0.6679523034782024,1,0.6266315995309099,0,0.7054160969908876,1
9084cbf7c0f4de11,2022_23,E0,1X,0.8287968697933698,1,0.8287968697933698,1,0.3989832949492519,1,0.7722198352573786,0
a78f10dd18317cb6,2022_23,E0,12,0.710126105927047,1,0.6956659635851417,1,0.5942079304878114,0,0.710126105927047,1
a34f3d20ce4945c4,2022_23,E0,X2,0.7134842971538039,1,0.5971755907903133,1,0.7134842971538039,1,0.6893401120558829,0
4047e9f7d006457c,2022_23,E0,1X,0.8385813218677839,0,0.8385813218677839,0,0.40744218377640673,1,0.7539764943558094,1
665cb71dafee45df,2022_23,E0,1X,0.8051619983577014,1,0.8051619983577014,1,0.45502768287474055,0,0.7398103187675582,1
454a3801c346ca3d,2022_23,E0,12,0.7273847917815719,1,0.6903669974740174,1,0.5822482107444107,0,0.7273847917815719,1
bdfdafde6454bcfe,2022_23,E0,X2,0.7501204119725398,1,0.5348606087222676,1,0.7501204119725398,1,0.7150189793051928,0
672b38077f31967e,2022_23,E0,X2,0.8360820912311124,1,0.3861503024887307,0,0.8360820912311124,1,0.7777676062801571,1
768365f03f13b99f,2022_23,E0,1X,0.8170502696865514,1,0.8170502696865514,1,0.4276585471753756,0,0.7552911831380732,1
afae297feecdf39c,2022_23,E0,12,0.7174110109448187,1,0.641083269825754,0,0.6415057192294276,1,0.7174110109448187,1
55054429fea2998d,2022_23,E0,12,0.7226450785048805,0,0.7179179752009225,1,0.5594369462941972,1,0.7226450785048805,0
2f8a6961af5d707f,2022_23,E0,1X,0.8205463671418722,1,0.8205463671418722,1,0.405049830529727,0,0.7744038023284008,1
4bc827e9f84148fd,2022_23,E0,X2,0.7236545079765646,1,0.5746304315270523,0,0.7236545079765646,1,0.7017150604963831,1
42430094600ef7ec,2022_23,E0,1X,0.8357715345443959,1,0.8357715345443959,1,0.3957800430844004,0,0.7684484223712037,1
072d4affc3bae618,2022_23,E0,1X,0.8321010769689483,1,0.8321010769689483,1,0.3984635365070008,0,0.7694353865240511,1
b9513dffeb27e4dd,2022_23,E0,X2,0.7642403436002494,1,0.5070300401656755,0,0.7642403436002494,1,0.7287296162340752,1
affc79f474bee44e,2022_23,E0,12,0.7040145792277724,1,0.6242182592528264,0,0.6717671615194011,1,0.7040145792277724,1
086d433a889b649b,2022_23,E0,1X,0.7391575327683814,0,0.7391575327683814,0,0.5389746060796567,1,0.7218678611519618,1
e1ec8458199b200e,2022_23,E0,12,0.7220469508495024,1,0.62603267967025,1,0.6519203694802478,0,0.7220469508495024,1
76379b60fbd0c72d,2022_23,E0,X2,0.8042380464200338,0,0.46089189573997325,1,0.8042380464200338,0,0.734870057839993,1
09b1a15f9e748c86,2022_23,E0,X2,0.9198795790811481,1,0.23219633248301713,0,0.9198795790811481,1,0.8479240884358347,1
88225e7ad350eacd,2022_23,E0,1X,0.7420604656864663,0,0.7420604656864663,0,0.5329252846122624,1,0.7250142497012714,1
9a030bc0f64e768d,2022_23,E0,12,0.7319181277121329,0,0.6203186913579419,1,0.6477631809299249,1,0.7319181277121329,0
cc5eb97e68d33a40,2022_23,E0,X2,0.7288287975640393,0,0.5508051961977327,1,0.7288287975640393,0,0.7203660062382283,1
e8f7cdd7da820f56,2022_23,E0,12,0.7160752796799178,1,0.6025933923160604,0,0.6813313280040217,1,0.7160752796799178,1
4aebe420e53c207a,2022_23,E0,1X,0.7204788532878392,0,0.7204788532878392,0,0.5700129924746025,1,0.7095081542375583,1
cc5df34057ef4415,2022_23,E0,12,0.6918543279953727,1,0.6435276449219783,0,0.6646180270826488,1,0.6918543279953727,1
60e0656be96920dd,2022_23,E0,1X,0.8541422093171448,0,0.8541422093171448,0,0.3589121022683706,1,0.7869456884144845,1
823cb5dda9edd540,2022_23,E0,12,0.6958420755329573,1,0.6442933735177885,1,0.6598645509492542,0,0.6958420755329573,1
95ba137ea21f72f9,2022_23,E0,1X,0.94529691030546,1,0.94529691030546,1,0.15953981889812302,0,0.895163270796417,1
7bd45ea1312976d4,2022_23,E0,X2,0.8253821563227906,1,0.4026723652565105,1,0.8253821563227906,1,0.7719454784206989,0
e1b97af59a4fd610,2022_23,E0,X2,0.8049953872097001,1,0.4343358048302459,0,0.8049953872097001,1,0.760668807960054,1
6aa3f501fb190830,2022_23,E0,X2,0.7847631445980822,1,0.43837609734465555,0,0.7847631445980822,1,0.7768607580572625,1
1dda6ca0b7fc5383,2022_23,E0,1X,0.9254345773367458,1,0.9254345773367458,1,0.21129984707927307,1,0.8632655755839813,0
dce45022a7eda13d,2022_23,E0,12,0.7234631169748791,1,0.6831332248424609,1,0.59340365818266,0,0.7234631169748791,1
70db0bf95a8efb9f,2022_23,E0,12,0.7079377429796119,0,0.653226994863102,1,0.6388352621572861,1,0.7079377429796119,0
cfb8ad0c6466062c,2022_23,E0,1X,0.7780329729026276,1,0.7780329729026276,1,0.5097328994242689,1,0.7122341276731035,0
6583ce8a886e7442,2022_23,E0,12,0.7104050162273778,1,0.686031660159119,1,0.6035633236135033,0,0.7104050162273778,1
68706652253a92f4,2022_23,E0,1X,0.9397742331512171,1,0.9397742331512171,1,0.1780588367659801,0,0.8821669300828028,1
54359439fef2c207,2022_23,E0,12,0.7078569779583943,1,0.6140973876472788,0,0.6780456343943269,1,0.7078569779583943,1
460be2621051c391,2022_23,E0,1X,0.7604564664392186,1,0.7604564664392186,1,0.4971259533223847,0,0.7424175802383968,1
078339dcac770776,2022_23,E0,1X,0.736105957966748,1,0.736105957966748,1,0.5820555101210004,0,0.6818385319122516,1
d4d5df34e5c6e95e,2022_23,E0,1X,0.7995002541766254,1,0.7995002541766254,1,0.4527446181561562,0,0.7477551276672184,1
0195dd2789b6f348,2022_23,E0,12,0.7322943266289104,0,0.6788565586125481,1,0.5888491147585415,1,0.7322943266289104,0
b7a4206d38b7ac7c,2022_23,E0,X2,0.8215210460261116,0,0.4002512604831363,1,0.8215210460261116,0,0.778227693490752,1
3a4ebc85598a3526,2022_23,E0,1X,0.7853549250527421,0,0.7853549250527421,0,0.4807948337352694,1,0.7338502412119885,1
81c379fba9100c03,2022_23,E0,12,0.7467817377737336,1,0.5230802293941909,0,0.7301380328320755,1,0.7467817377737336,1
ffb07cca10851504,2022_23,E0,1X,0.8145314317236229,1,0.8145314317236229,1,0.4189466160784306,0,0.7665219521979466,1
019c5b2815b321e3,2022_23,E0,X2,0.7891904774755403,1,0.4708528251399694,0,0.7891904774755403,1,0.7399566973844903,1
b47c812d70114462,2022_23,E0,12,0.7056506213766607,1,0.6694678834384216,0,0.6248814951849178,1,0.7056506213766607,1
408129d1872dd576,2022_23,E0,12,0.7447999748093219,0,0.5872484938513438,1,0.6679515313393343,1,0.7447999748093219,0
6340c548bd27502a,2022_23,E0,12,0.7022299682035913,1,0.6794024775586752,1,0.6183675542377334,0,0.7022299682035913,1
a10bdbadf3d1f067,2022_23,E0,1X,0.806557011238808,1,0.806557011238808,1,0.4540811358961495,0,0.7393618528650425,1
d8ab96e59b8b7fcb,2022_23,E0,1X,0.8246788284134511,1,0.8246788284134511,1,0.4059107324089396,0,0.7694104391776093,1
4dc229e4c7fea0ca,2022_23,E0,12,0.7161914856187643,1,0.671765748038627,1,0.6120427663426087,0,0.7161914856187643,1
f037a4a9751b0562,2022_23,E0,X2,0.9053528289130148,1,0.25096686382389255,0,0.9053528289130148,1,0.8436803072630928,1
65ae7bf6e9cc4e81,2022_23,E0,1X,0.7854221938433994,1,0.7854221938433994,1,0.45063088388726336,0,0.7639469222693375,1
65b5167366c488cc,2022_23,E0,1X,0.9190372896879987,1,0.9190372896879987,1,0.23657987227567062,0,0.8443828380363307,1
5ee04dcb99d6a1f6,2022_23,E0,1X,0.821875961278155,1,0.821875961278155,1,0.3785805676248155,0,0.7995434710970295,1
d7178797f8ff3acb,2022_23,E0,1X,0.7569841317861025,1,0.7569841317861025,1,0.5223444700418705,1,0.7206713981720274,0
2aa4dfea92a35df0,2022_23,E0,1X,0.8278204210812836,1,0.8278204210812836,1,0.40061851065168097,0,0.7715610682670354,1
53bb414e6e2a67d7,2022_23,E0,1X,0.8898107289919847,1,0.8898107289919847,1,0.2726669776518755,0,0.83752229335614,1
2afe179c8fc2e128,2022_23,E0,1X,0.9343008491417426,1,0.9343008491417426,1,0.18492508105394062,0,0.8807740698043169,1
e14bb5085f355711,2022_23,E0,12,0.7478547167550266,1,0.6961068113122838,1,0.5560384719326897,0,0.7478547167550266,1
d5ff749c286608e6,2022_23,E0,12,0.733198769127152,1,0.5373455969235137,0,0.7294556339493347,1,0.733198769127152,1
81614af05312cf75,2022_23,E0,1X,0.9375337835289952,1,0.9375337835289952,1,0.17594249064613876,0,0.8865237258248659,1
80c3b77eaa2b33bb,2022_23,E0,1X,0.7823693871618157,1,0.7823693871618157,1,0.46918816975662203,0,0.7484424430815625,1
6c28616d0aa30499,2022_23,E0,12,0.7123756805624655,1,0.5957467325546019,1,0.6918775868829328,0,0.7123756805624655,1
c76cb186fd287df4,2022_23,E0,1X,0.8582091060352395,1,0.8582091060352395,1,0.3276220972031587,0,0.8141687967616016,1
e6b69ae1ed8ca25e,2022_23,E0,12,0.7451109526824514,1,0.6760621532931377,0,0.5788268940244112,1,0.7451109526824514,1
a6f83fafd30a5a20,2022_23,E0,12,0.738663751701955,1,0.530518134188795,1,0.7308181141092502,0,0.738663751701955,1
8aca247d4516d12a,2022_23,E0,12,0.7134820727771494,1,0.6459218272686821,1,0.6405960999541687,0,0.7134820727771494,1
b417756bfccd9859,2022_23,E0,1X,0.8827911292113158,0,0.8827911292113158,0,0.29076314157721384,1,0.8264457292114705,1
91136b657175e131,2022_23,E0,1X,0.75158668252105,1,0.75158668252105,1,0.5210111203463279,0,0.7274021971326221,1
4130128812363fa2,2022_23,E0,X2,0.8057245890340478,1,0.41127065234948873,1,0.8057245890340478,1,0.7830047586164637,0
7221d7d2b6aea26d,2022_23,E0,12,0.7375681407776036,1,0.6894104651961372,1,0.5730213940262592,0,0.7375681407776036,1
19192c9a9d21acaf,2022_23,E0,1X,0.8297896589936291,1,0.8297896589936291,1,0.39300392065276,1,0.7772064203536109,0
521542919a49dc99,2022_23,E0,1X,0.7975514635399314,1,0.7975514635399314,1,0.46084660317043896,0,0.7416019332896294,1
5dea0228f39a3ef0,2022_23,E0,1X,0.87380812654011,1,0.87380812654011,1,0.3111743122116064,0,0.8150175612482836,1
0d5629cc37bd6f6e,2022_23,E0,12,0.723873843187701,1,0.630755937490697,0,0.6453702193216021,1,0.723873843187701,1
b2306ba8d9ef73eb,2022_23,E0,1X,0.7935161582269413,1,0.7935161582269413,1,0.47201508958789185,0,0.734468752185167,1
1b46bed53a840ac4,2022_23,E0,X2,0.8801561618135195,1,0.3038151182104975,0,0.8801561618135195,1,0.8160287199759828,1
4e2475ae729be77b,2022_23,E0,12,0.7760236219265636,1,0.7737654406931043,0,0.45021093738033213,1,0.7760236219265636,1
dbb0e0f3d491501a,2022_23,E0,X2,0.7936337014968979,1,0.4296533650656746,0,0.7936337014968979,1,0.7767129334374275,1
845d64e26b3c3b2f,2022_23,E0,1X,0.7654355660372176,1,0.7654355660372176,1,0.4694423768863061,0,0.7651220570764765,1
e991ab1427a1d902,2022_23,E0,12,0.7441754988501501,1,0.7426442001851522,0,0.513180300964698,1,0.7441754988501501,1
3a4340a62c8bf36c,2022_23,E0,X2,0.8658648789169546,1,0.3178739362047174,0,0.8658648789169546,1,0.816261184878328,1
6e1b46eed7202a76,2022_23,E0,12,0.7031611247820175,0,0.7013299528319694,1,0.5955089223860132,1,0.7031611247820175,0
8179d975f086754f,2022_23,E0,1X,0.8416721368999506,1,0.8416721368999506,1,0.3561747645745476,1,0.802153098525502,0
c75a50f436e552d7,2022_23,E0,12,0.7249468735305595,0,0.5803952805172607,1,0.6946578459521795,1,0.7249468735305595,0
1981265e8a934fea,2022_23,E0,X2,0.8154073116095871,0,0.4152162214109737,1,0.8154073116095871,0,0.7693764669794394,1
1d33dd43eedb204d,2022_23,E0,12,0.7250050293969299,1,0.6373197985535763,1,0.637675172049494,0,0.7250050293969299,1
d4ae634223557f3e,2022_23,E0,1X,0.9288400847894155,1,0.9288400847894155,1,0.19564548210245702,0,0.8755144331081275,1
184d7afcef4ceff0,2022_23,E0,1X,0.8355787824922809,1,0.8355787824922809,1,0.39568908873810266,0,0.7687321287696165,1
9b1e67261330211b,2022_23,E0,1X,0.8967386595419878,1,0.8967386595419878,1,0.26610253738460693,1,0.8371588030734054,0
315ad71f56b732b2,2022_23,E0,12,0.7663135650956328,0,0.4864156754917925,1,0.7472707594125749,1,0.7663135650956328,0
ec178f553bdf2024,2022_23,E0,1X,0.8421776151111989,1,0.8421776151111989,1,0.3756188806917984,0,0.7822035041970027,1
0e97c5fc39ba714a,2022_23,E0,1X,0.9019734906174206,1,0.9019734906174206,1,0.25499831722665,0,0.8430281921559295,1
88333ec3ee262473,2022_23,E0,12,0.7629027286858414,1,0.7499570464724159,1,0.4871402248417427,0,0.7629027286858414,1
93bd52a6de4428f7,2022_23,E0,12,0.7299917064734016,1,0.5605638258131399,1,0.7094444677134584,0,0.7299917064734016,1
a56e9ab04085b89d,2022_23,E0,12,0.7459654786165733,0,0.6074626779548205,1,0.6465718434286063,1,0.7459654786165733,0
8499970739311556,2022_23,E0,1X,0.8310944635352111,1,0.8310944635352111,1,0.40445374346413987,1,0.7644517930006491,0
5bd288e50ccc73d6,2022_23,E0,1X,0.8159292322097228,1,0.8159292322097228,1,0.4157738210695924,0,0.7682969467206848,1
a0eaebf9cfb488fb,2022_23,E0,12,0.753170922038912,1,0.5946041377375879,0,0.6522249402235001,1,0.753170922038912,1
957b04714ba7359a,2022_23,E0,12,0.7577517816212167,1,0.7106634233657616,1,0.5315847950130218,0,0.7577517816212167,1
71e268e1d6bfd53e,2022_23,E0,1X,0.8402507290601813,1,0.8402507290601813,1,0.35231895758404774,0,0.8074303133557712,1
c098da1fd0c098f5,2022_23,E0,X2,0.832397740262474,1,0.3690177807716779,1,0.832397740262474,1,0.798584478965848,0
79a2382341db8647,2023_24,E0,X2,0.895081584084058,1,0.2810891563888225,0,0.895081584084058,1,0.8238292595271195,1
8dbec556bae20176,2023_24,E0,1X,0.9370046446054033,1,0.9370046446054033,1,0.19353967099176173,0,0.8694556844028349,1
ec1fe4b63d092f76,2023_24,E0,12,0.7291265244045639,0,0.6284843072455601,1,0.6423891683498759,1,0.7291265244045639,0
d99fde7ea714128b,2023_24,E0,1X,0.9137541043796858,1,0.9137541043796858,1,0.23893262229686682,0,0.8473132733234474,1
12638e716f15e90c,2023_24,E0,12,0.705317376092943,1,0.7015541724896623,0,0.5931284514173947,1,0.705317376092943,1
76e7f6ef0121fc11,2023_24,E0,X2,0.746064009985925,1,0.5558454320411516,0,0.746064009985925,1,0.6980905579729235,1
031035850d66cc51,2023_24,E0,1X,0.8152140175062959,1,0.8152140175062959,1,0.42010700739997864,0,0.7646789750937257,1
9d1b138d67b6008f,2023_24,E0,12,0.728186578892116,0,0.6476645604249358,1,0.6241488606829481,1,0.728186578892116,0
aec61aa8e9a6c7c6,2023_24,E0,12,0.7450544692200798,0,0.5627222057891608,1,0.6922233249907594,1,0.7450544692200798,0
3969fe771a1dac7a,2023_24,E0,1X,0.9134478444679995,1,0.9134478444679995,1,0.24296452956366243,0,0.843587625968338,1
af4ae13753f9661e,2023_24,E0,1X,0.7751585782418366,1,0.7751585782418366,1,0.503307269056893,0,0.7215341527012704,1
ca5fa6b3e600581c,2023_24,E0,12,0.6976917729908048,1,0.639298587487285,0,0.6630096395219103,1,0.6976917729908048,1
9aa697ea7290f441,2023_24,E0,1X,0.9222311900278002,1,0.9222311900278002,1,0.20159626939287956,0,0.8761725405793203,1
d2eeef7916a403b2,2023_24,E0,X2,0.7660582604777493,1,0.4698104933414755,0,0.7660582604777493,1,0.7641312461807752,1
a47305bcb4d4704f,2023_24,E0,12,0.747648225921645,1,0.5704593701274348,1,0.6818924039509202,0,0.747648225921645,1
94322a7bc14bbddd,2023_24,E0,1X,0.7770681590390776,1,0.7770681590390776,1,0.4800003806713545,0,0.7429314602895681,1
0a51e49329fa6a91,2023_24,E0,1X,0.7738804975322569,1,0.7738804975322569,1,0.47602417623648435,0,0.7500953262312589,1
3e2c8c33f32ab141,2023_24,E0,12,0.7341900950069782,1,0.5650290310251085,1,0.7007808739679133,0,0.7341900950069782,1
42b738f555b89d9d,2023_24,E0,X2,0.7760017979343345,1,0.49886806011081736,0,0.7760017979343345,1,0.7251301419548482,1
e43309f96b96ea32,2023_24,E0,X2,0.7886030407537974,1,0.4506157123050753,0,0.7886030407537974,1,0.7607812469411274,1
b2de1837c95f8227,2023_24,E0,12,0.7136214520295612,0,0.5961851104412288,1,0.6901934375292101,1,0.7136214520295612,0
8c410078122b30eb,2023_24,E0,1X,0.7942057190604586,1,0.7942057190604586,1,0.44685329633590787,1,0.7589409846036336,0
dea539f55658bdd0,2023_24,E0,12,0.746533019123893,1,0.5182275802874705,0,0.7352394005886365,1,0.746533019123893,1
0dc4bbe8144f2909,2023_24,E0,1X,0.8788496348748268,0,0.8788496348748268,0,0.32088790249195065,1,0.8002624626332225,1
4b2495c522c23e67,2023_24,E0,1X,0.9326265034598749,1,0.9326265034598749,1,0.1917643914639558,0,0.8756091050761693,1
4a16c357e6326103,2023_24,E0,12,0.7485226759264245,1,0.6233172646541658,1,0.6281600594194097,0,0.7485226759264245,1
a98d625bb8c92387,2023_24,E0,1X,0.7832062877969626,1,0.7832062877969626,1,0.49238315860191256,0,0.7244105536011252,1
6ad1d817ac36a557,2023_24,E0,1X,0.8019869554318618,1,0.8019869554318618,1,0.4052938882995061,0,0.7927191562686321,1
25c4ae14e10efcae,2023_24,E0,1X,0.7776424216546236,1,0.7776424216546236,1,0.45336041679271,0,0.7689971615526664,1
3867d2070daf04bc,2023_24,E0,X2,0.7856745255219936,1,0.4355695585561561,0,0.7856745255219936,1,0.7787559159218503,1
73003cb86c15c2b1,2023_24,E0,1X,0.7560100585114837,1,0.7560100585114837,1,0.5095422104937435,0,0.7344477309947728,1
62e6bcd6b9ff43d1,2023_24,E0,1X,0.8326431896273374,1,0.8326431896273374,1,0.4245443342041758,0,0.7428124761684866,1
bf89b7bd3d9e5204,2023_24,E0,12,0.757325061088799,1,0.714319966971327,0,0.5283549719398738,1,0.757325061088799,1
e4bee0d75260af43,2023_24,E0,1X,0.9006190586887983,1,0.9006190586887983,1,0.25847334578009207,0,0.8409075955311098,1
d67a964acb11da78,2023_24,E0,X2,0.8205316578659642,1,0.40721699482120466,0,0.8205316578659642,1,0.7722513473128312,1
40a57e10effe2bfb,2023_24,E0,1X,0.8201564635643621,1,0.8201564635643621,1,0.414935980499968,0,0.7649075559356701,1
d1c5f9ed15e94918,2023_24,E0,X2,0.7692189851927922,1,0.4797016473010933,1,0.7692189851927922,1,0.7510793675061147,0
c8ab0f3b66d8e502,2023_24,E0,X2,0.8313906130409265,1,0.3895402458953609,0,0.8313906130409265,1,0.7790691410637124,1
571dd78d519c6493,2023_24,E0,1X,0.7334566200417598,1,0.7334566200417598,1,0.5428110128888399,1,0.7237323670694003,0
bc90f8cc171545da,2023_24,E0,1X,0.7584824803014059,1,0.7584824803014059,1,0.5242282667024247,1,0.7172892529961692,0
9ac5b8e408d75c63,2023_24,E0,12,0.712058880967412,0,0.5872985508753259,1,0.7006425681572621,1,0.712058880967412,0
8e186445c00eb0ca,2023_24,E0,1X,0.9430481968924935,1,0.9430481968924935,1,0.1735381387613801,0,0.8834136643461266,1
034ce4e8cb08277e,2023_24,E0,1X,0.7749893196991527,0,0.7749893196991527,0,0.5016643005927383,1,0.7233463797081089,1
8274ee0182c90dc2,2023_24,E0,X2,0.7676448391454912,1,0.4789939235574964,0,0.7676448391454912,1,0.7533612372970124,1
30cfbbef65dd2cd1,2023_24,E0,1X,0.8040785171980874,1,0.8040785171980874,1,0.4150927115090216,1,0.780828771292891,0
48d2dafb27daf994,2023_24,E0,1X,0.8328115012847492,1,0.8328115012847492,1,0.3645831019392235,0,0.8026053967760275,1
d3b071c72755b85b,2023_24,E0,1X,0.7608216169349373,0,0.7608216169349373,0,0.4902849934291821,1,0.7488933896358807,1
66bda592c7a0cbee,2023_24,E0,1X,0.870051277438904,1,0.870051277438904,1,0.3051397441124367,0,0.8248089784486593,1
3843618a88b4c2cd,2023_24,E0,X2,0.8391811518123491,1,0.3845979843868403,0,0.8391811518123491,1,0.7762208638008105,1
318a28bb8748b1bd,2023_24,E0,12,0.7387039788994261,1,0.6491076552872721,1,0.6121883658133018,0,0.7387039788994261,1
1bb35063d1c600d6,2023_24,E0,X2,0.8363000342440009,1,0.3760403703283731,0,0.8363000342440009,1,0.787659595427626,1
bd65dc003a4a3f0c,2023_24,E0,1X,0.8256048756780046,0,0.8256048756780046,0,0.4220013216329782,1,0.7523938026890173,1
a1a77949d3b0cac4,2023_24,E0,1X,0.8382253540702442,0,0.8382253540702442,0,0.3879398665982614,1,0.7738347793314944,1
7f4ebfa3a4af03ab,2023_24,E0,1X,0.881186231070697,1,0.881186231070697,1,0.30843666900744376,0,0.8103770999218592,1
bc36b532ab19e696,2023_24,E0,1X,0.8619077624821144,1,0.8619077624821144,1,0.3459372000620196,0,0.7921550374558661,1
0b618e146375139a,2023_24,E0,X2,0.8789016889862878,0,0.31078193305627616,1,0.8789016889862878,0,0.810316377957436,1
5043ade499ce7477,2023_24,E0,12,0.7544190830051293,1,0.5740070759264253,1,0.6715738410684453,0,0.7544190830051293,1
1e7dbdee27e7d35b,2023_24,E0,12,0.6974032419146434,0,0.6696830555987189,1,0.6329137024866378,1,0.6974032419146434,0
30cc8b50b0b02c38,2023_24,E0,12,0.72109402492966,1,0.559811484763814,0,0.7190944903065262,1,0.72109402492966,1
b18ad30554b83435,2023_24,E0,12,0.6956338795402368,1,0.6366236751069374,0,0.6677424453528258,1,0.6956338795402368,1
ae0677f5b10af307,2023_24,E0,X2,0.8587100202861714,1,0.33044094062963325,0,0.8587100202861714,1,0.8108490390841954,1
ff413891c7abe7ac,2023_24,E0,X2,0.8136669787555131,1,0.42893227865213945,0,0.8136669787555131,1,0.7574007425923477,1
67a4b4608f5c77a8,2023_24,E0,1X,0.7625477717002086,1,0.7625477717002086,1,0.4951331490808602,0,0.7423190792189314,1
a34b6de822c7a02e,2023_24,E0,1X,0.8614392015991367,1,0.8614392015991367,1,0.35706661610374263,0,0.7814941822971206,1
5711d929bef75120,2023_24,E0,1X,0.8135100541420529,1,0.8135100541420529,1,0.4116174702749166,0,0.7748724755830305,1
3f8ede34f95bdba1,2023_24,E0,1X,0.727590610605811,1,0.727590610605811,1,0.5803582931431805,1,0.6920510962510085,0
0729b78758cb2776,2023_24,E0,12,0.7687375054967878,0,0.5302695273265343,1,0.7009929671766779,1,0.7687375054967878,0
c37e1f87746123ff,2023_24,E0,12,0.7411084170628608,0,0.5380388206535646,1,0.7208527622835745,1,0.7411084170628608,0
bac150e571ff6f1f,2023_24,E0,X2,0.7382086140042354,1,0.5326874887931183,1,0.7382086140042354,1,0.7291038972026462,0
255150ddf04a5260,2023_24,E0,12,0.7095448165744168,1,0.6149795185718924,1,0.6754756648536909,0,0.7095448165744168,1
4fec23ce60be9071,2023_24,E0,1X,0.8658551615273643,1,0.8658551615273643,1,0.31353408380926867,0,0.8206107546633672,1
4886e81887f03d06,2023_24,E0,12,0.7210577033817769,1,0.6992050441230573,0,0.5797372524951658,1,0.7210577033817769,1
d191c6aeb28f2e79,2023_24,E0,1X,0.8039103058186976,1,0.8039103058186976,1,0.4469541861712062,0,0.7491355080100962,1
a3331d97996c065c,2023_24,E0,1X,0.8651032756422659,1,0.8651032756422659,1,0.3010090951059952,0,0.8338876292517389,1
9f6343aaeb15167c,2023_24,E0,1X,0.8690268345107149,1,0.8690268345107149,1,0.34642943556719197,0,0.7845437299220931,1
a17bf8010a88e009,2023_24,E0,1X,0.8159501844814396,1,0.8159501844814396,1,0.4456410069492357,1,0.7384088085693249,0
d2a08a1261fbc463,2023_24,E0,12,0.7116575140166348,0,0.5792644470933073,1,0.7090780388900583,1,0.7116575140166348,0
45623391af433913,2023_24,E0,X2,0.8751595357666926,1,0.29835017404889186,0,0.8751595357666926,1,0.8264902901844156,1
4572aa03fdce1595,2023_24,E0,1X,0.781900295422553,1,0.781900295422553,1,0.4622210908120751,0,0.7558786137653719,1
fbcc74051151e88a,2023_24,E0,1X,0.8416070820565204,1,0.8416070820565204,1,0.3646965587686239,0,0.7936963591748559,1
d30531a9313197bb,2023_24,E0,X2,0.7877723735331246,1,0.4642872057527533,0,0.7877723735331246,1,0.7479404207141221,1
404bb517c9a86b8d,2023_24,E0,1X,0.8219720843947395,0,0.8219720843947395,0,0.41777057415531715,1,0.7602573414499434,1
62a445965f56e80e,2023_24,E0,1X,0.9516672651341671,1,0.9516672651341671,1,0.1529937903394228,0,0.8953389445264102,1
e009b6a19a2919c9,2023_24,E0,12,0.7312487458386396,1,0.7138646827426207,1,0.5548865714187395,0,0.7312487458386396,1
00e751e407e0e859,2023_24,E0,X2,0.7622786830067481,1,0.492049693327448,1,0.7622786830067481,1,0.7456716236658039,0
8953f40a665d7a17,2023_24,E0,12,0.7365818488254219,1,0.7243072727306711,0,0.5391108784439069,1,0.7365818488254219,1
84fe63551369d4c2,2023_24,E0,1X,0.8761904942576297,1,0.8761904942576297,1,0.2943404302685184,0,0.8294690754738521,1
24c460007b937435,2023_24,E0,1X,0.8208064572581107,1,0.8208064572581107,1,0.40884932748401603,1,0.7703442152578732,0
cb86dac9b856c19d,2023_24,E0,1X,0.9180879717139204,1,0.9180879717139204,1,0.21827209695378708,0,0.8636399313322927,1
df92a5bfd3ccf07e,2023_24,E0,X2,0.8248363775871012,1,0.40238285183112743,0,0.8248363775871012,1,0.7727807705817716,1
00a3b47f40fbd7c1,2023_24,E0,12,0.732779080188974,1,0.5907558222498643,0,0.6764650975611616,1,0.732779080188974,1
9b70c2d19b06873c,2023_24,E0,12,0.7345863615127921,1,0.7128915091844474,1,0.5525221293027605,0,0.7345863615127921,1
da1ace057a7b0214,2023_24,E0,X2,0.714598864637332,1,0.5861405813318226,0,0.714598864637332,1,0.6992605540308454,1
f5f1ddd77065bcbe,2023_24,E0,1X,0.9585075200063119,1,0.9585075200063119,1,0.125847149715259,0,0.9156453302784291,1
2fe0c9fe69ae6ae3,2023_24,E0,X2,0.7739815567661524,0,0.4868554830918647,1,0.7739815567661524,0,0.7391629601419827,1
cc90afce804d74ab,2023_24,E0,12,0.6966737786008108,1,0.6439885366535033,1,0.6593376847456858,0,0.6966737786008108,1
4cf9d9c6cd17a9b7,2023_24,E0,X2,0.7492789651552136,0,0.5051748383747303,1,0.7492789651552136,0,0.745546196470056,1
97635cb915bc19a6,2023_24,E0,X2,0.9209676602176061,1,0.20136558677671573,1,0.9209676602176061,1,0.8776667530056782,0
dcbb97a67e28b5c6,2023_24,E0,12,0.733812202885026,1,0.6766912163872387,0,0.5894965807277354,1,0.733812202885026,1
c3528b9bb5979245,2023_24,E0,12,0.726881827028055,1,0.5843376579583609,1,0.688780515013584,0,0.726881827028055,1
7d6a3bf05f7bcb28,2023_24,E0,1X,0.9382824048384079,1,0.9382824048384079,1,0.2005288641673047,0,0.8611887309942875,1
0b790d2bc33f6d38,2023_24,E0,12,0.6895985038314709,1,0.6722091183785193,0,0.6381923777900098,1,0.6895985038314709,1
9f068a7ce6b03120,2023_24,E0,1X,0.9010856726864646,1,0.9010856726864646,1,0.2595924961449533,0,0.8393218311685824,1
bb942e7d0da40b9f,2023_24,E0,X2,0.7565333920253317,0,0.5055984628247323,1,0.7565333920253317,0,0.737868145149936,1
ab9aec65ec6dba57,2023_24,E0,1X,0.8137540311080695,1,0.8137540311080695,1,0.41850361336743547,0,0.7677423555244949,1
ee301dff25a8936c,2023_24,E0,1X,0.9097778187403824,1,0.9097778187403824,1,0.24683209504419737,1,0.8433900862154202,0
4cbad8d521e0facb,2023_24,E0,1X,0.8707410406851106,1,0.8707410406851106,1,0.30601295629787784,0,0.8232460030170118,1
7429a0fb3200d763,2023_24,E0,1X,0.7871101958575688,1,0.7871101958575688,1,0.4672541932015262,0,0.7456356109409051,1
802c5a9da10f266d,2023_24,E0,X2,0.7940659193304127,1,0.45446614019239695,1,0.7940659193304127,1,0.7514679404771903,0
d43cd42b6df9c581,2023_24,E0,1X,0.7840333661341579,1,0.7840333661341579,1,0.4394615997476412,1,0.7765050341182012,0
6b33e60a672c8276,2023_24,E0,12,0.7200374986332495,1,0.5613626095319243,0,0.7185998918348263,1,0.7200374986332495,1
2d5b386fdab5ad58,2023_24,E0,X2,0.7596295454111464,0,0.5290580256640568,1,0.7596295454111464,0,0.7113124289247971,1
f74948683bebfc08,2023_24,E0,12,0.7315630971540905,1,0.6335334966509054,1,0.6349034061950041,0,0.7315630971540905,1
84a8a02f4afd9d0b,2023_24,E0,X2,0.7336324009080335,1,0.5341854330589291,0,0.7336324009080335,1,0.7321821660330374,1
31d61d1a3f17840a,2023_24,E0,12,0.7239928826189774,1,0.5556764570556333,0,0.7203306603253894,1,0.7239928826189774,1
d9fb3d72ff623b58,2023_24,E0,X2,0.8299615741783678,1,0.41114067496714457,0,0.8299615741783678,1,0.7588977508544876,1
4659311d6db1ced7,2023_24,E0,12,0.7406791978327399,1,0.6220571952996587,0,0.6372636068676014,1,0.7406791978327399,1
f63a5cc17d078f1a,2023_24,E0,12,0.714523192535047,1,0.6458396783164082,0,0.6396371291485448,1,0.714523192535047,1
51a685078726a436,2023_24,E0,12,0.7080996765623233,1,0.6886150631745264,1,0.6032852602631507,0,0.7080996765623233,1
493478754b0d5e93,2023_24,E0,1X,0.9225405631182176,1,0.9225405631182176,1,0.22833469260152953,0,0.8491247442802524,1
10e2fbb9214d5a9a,2023_24,E0,1X,0.8442385984519275,1,0.8442385984519275,1,0.37660804471931286,0,0.7791533568287596,1
2b7f905f6220e08b,2023_24,E0,1X,0.8118727352904648,1,0.8118727352904648,1,0.44827630531143126,0,0.739850959398104,1
697064195970f6d4,2023_24,E0,12,0.6930696844434071,1,0.6457260573653256,0,0.6612042581912672,1,0.6930696844434071,1
3e78c59ea7ffbdab,2023_24,E0,12,0.7448638291528462,1,0.7367119020116079,1,0.5184242688355463,0,0.7448638291528462,1
b26d31df3fc69858,2023_24,E0,12,0.7564340798508868,0,0.5546462948132386,1,0.6889196253358748,1,0.7564340798508868,0
f81022de53ede608,2023_24,E0,1X,0.8184334221459303,1,0.8184334221459303,1,0.4035329055199297,0,0.77803367233414,1
3c3adb1526af706e,2023_24,E0,1X,0.910629607364167,1,0.910629607364167,1,0.22945449218295594,0,0.8599159004528771,1
1d53c468c4957f23,2023_24,E0,1X,0.7662837640629061,1,0.7662837640629061,1,0.5045198782160025,1,0.7291963577210915,0
788497a414bd37ba,2023_24,E0,1X,0.9066838977259741,1,0.9066838977259741,1,0.23136202022006352,1,0.8619540820539624,0
c68aa82f20cede5f,2023_24,E0,1X,0.7632192915352822,1,0.7632192915352822,1,0.5039805794204739,0,0.7328001290442439,1
aec39ad76bfd1236,2023_24,E0,X2,0.9375950809997999,1,0.1941246788690911,0,0.9375950809997999,1,0.8682802401311089,1
41dc54b8defafa86,2023_24,E0,1X,0.7858947892625433,1,0.7858947892625433,1,0.4493836733730535,0,0.7647215373644034,1
dc700103e940ab1c,2023_24,E0,12,0.7198139941585848,1,0.6918099763699499,0,0.5883760294714653,1,0.7198139941585848,1
7365545026991b08,2023_24,E0,1X,0.7536354811668682,1,0.7536354811668682,1,0.5273677442451833,0,0.7189967745879486,1
1418125b7003e7ca,2023_24,E0,X2,0.9323113119346689,1,0.18889360568402233,0,0.9323113119346689,1,0.8787950823813088,1
395dd95e10d7bb51,2023_24,E0,X2,0.8104963318623272,0,0.41644239724105825,1,0.8104963318623272,0,0.7730612708966146,1
313fffa2734bc239,2023_24,E0,12,0.7326336196666446,1,0.6098911075806162,1,0.6574752727527391,0,0.7326336196666446,1
242954acb5773b55,2023_24,E0,12,0.720350352733842,1,0.5821364307841579,1,0.6975132164820004,0,0.720350352733842,1
93ca97ee05d71179,2023_24,E0,1X,0.7961078427978792,0,0.7961078427978792,0,0.4291638915956809,1,0.7747282656064401,1
844c65aa201eaba6,2023_24,E0,X2,0.8525023737188214,1,0.3542204687012859,0,0.8525023737188214,1,0.7932771575798927,1
c833c5e415810167,2023_24,E0,1X,0.7939463029320191,0,0.7939463029320191,0,0.42590498321319004,1,0.7801487138547911,1
eab0671694e458b9,2023_24,E0,X2,0.7917639035056893,0,0.45733592156787123,1,0.7917639035056893,0,0.7509001749264397,1
be877b2dd48a5340,2023_24,E0,1X,0.7840455630108636,1,0.7840455630108636,1,0.5066837650248387,1,0.7092706719642975,0
e4e760ba5b583e6a,2023_24,E0,12,0.7439950254753749,1,0.5230966136206952,1,0.73290836090393,0,0.7439950254753749,1
125cea17efd89d9b,2023_24,E0,12,0.7208399014831656,1,0.660709070651776,1,0.6184510278650583,0,0.7208399014831656,1
46e5c70d797e7040,2023_24,E0,12,0.7285536719057333,1,0.7080614893137809,1,0.5633848387804857,0,0.7285536719057333,1
3b35993cffa78350,2023_24,E0,X2,0.9337389022018838,1,0.1933478824142279,0,0.9337389022018838,1,0.8729132153838883,1
76bc7a82048f9384,2023_24,E0,12,0.752336352957727,1,0.7156718044526247,1,0.5319918425896482,0,0.752336352957727,1
ae4521cc44069c6e,2023_24,E0,X2,0.8065985643744324,1,0.42570995507715537,0,0.8065985643744324,1,0.7676914805484122,1
67e302af0c9052c8,2023_24,E0,1X,0.9335083569249087,1,0.9335083569249087,1,0.18971952844488504,0,0.8767721146302061,1
8b0fe0efccef4002,2023_24,E0,1X,0.9448570182255235,1,0.9448570182255235,1,0.18507832788491374,1,0.8700646538895628,0
747105ded2e4c6ad,2023_24,E0,1X,0.7597495494910635,1,0.7597495494910635,1,0.4964065379758515,0,0.7438439125330851,1
bcbd03505e8f270d,2023_24,E0,12,0.7253954266806331,1,0.5715813373491775,0,0.7030232359701893,1,0.7253954266806331,1
754e4ea54fa082f8,2023_24,E0,1X,0.8512679761055906,1,0.8512679761055906,1,0.3469578267944733,0,0.8017741970999364,1
e1d110632ac2a1a8,2023_24,E0,12,0.7223593386681075,1,0.5846754108801906,0,0.6929652504517019,1,0.7223593386681075,1
c7d49bcffe81f866,2023_24,E0,1X,0.7652003967948611,1,0.7652003967948611,1,0.5017523622679427,0,0.7330472409371962,1
ab0e401b9418a1be,2023_24,E0,1X,0.8752416201273917,1,0.8752416201273917,1,0.2846963803223437,1,0.8400619995502645,0
10b411228face385,2023_24,E0,12,0.7083924077801738,0,0.5845859168182117,1,0.7070216754016143,1,0.7083924077801738,0
ece2773a529ea379,2023_24,E0,1X,0.9209795358582409,1,0.9209795358582409,1,0.2137764720826254,1,0.8652439920591339,0
a642162e66a603db,2023_24,E0,12,0.7477317688220944,1,0.7047810499320445,1,0.5474871812458613,0,0.7477317688220944,1
1bbe04268ba9dfdb,2023_24,E0,1X,0.8118403575870988,0,0.8118403575870988,0,0.43976374905393667,1,0.7483958933589645,1
296aa1ea7f3012af,2023_24,E0,X2,0.8184049454863007,0,0.4148517228882056,1,0.8184049454863007,0,0.7667433316254939,1
43b9c5e7f176f55d,2023_24,E0,12,0.7197362957562936,1,0.6128228961640014,0,0.667440808079705,1,0.7197362957562936,1
25007100d8dc959f,2023_24,E0,1X,0.7890383773513463,1,0.7890383773513463,1,0.4384694488906816,0,0.7724921737579721,1
d709557008b016d9,2023_24,E0,12,0.737597418707031,0,0.6479714150790424,1,0.6144311662139267,1,0.737597418707031,0
c50c60d26fd6842b,2023_24,E0,12,0.7365208627273658,1,0.5601874005599037,1,0.7032917367127304,0,0.7365208627273658,1
51336557e846b631,2023_24,E0,1X,0.8685494922431012,0,0.8685494922431012,0,0.3223816671427429,1,0.8090688406141558,1
078c042e11278c46,2023_24,E0,12,0.7509016098936729,1,0.7490185249163324,1,0.5000798651899947,0,0.7509016098936729,1
715aa66f23f976bd,2023_24,E0,12,0.7049651489553246,1,0.6892713058566746,0,0.6057635451880008,1,0.7049651489553246,1
6669d8a0c62abccd,2023_24,E0,X2,0.8738484486195995,1,0.3042194695237449,0,0.8738484486195995,1,0.8219320818566556,1
ff57f8469911ce96,2023_24,E0,12,0.7426039116910973,1,0.6721799188304192,1,0.5852161694784836,0,0.7426039116910973,1
c6ec83e08be9994c,2023_24,E0,12,0.7159329311585805,1,0.7150423511366106,0,0.569024717704809,1,0.7159329311585805,1
390856488ccd29dc,2023_24,E0,1X,0.7942747004596661,1,0.7942747004596661,1,0.46198824283180895,0,0.743737056708525,1
9d4fcb742fdca9dc,2023_24,E0,X2,0.8205525530100014,1,0.42093310769833236,0,0.8205525530100014,1,0.7585143392916662,1
4d130be84de79110,2023_24,E0,12,0.7484197351729527,1,0.6381942105491429,1,0.6133860542779044,0,0.7484197351729527,1
b0fbaf8445d94840,2023_24,E0,1X,0.9047999138899785,0,0.9047999138899785,0,0.2543129799600077,1,0.840887106150014,1
800c01ba45b01673,2023_24,E0,X2,0.8242386717127665,1,0.3906775454560204,0,0.8242386717127665,1,0.785083782831213,1
1fa26970ce24ef74,2023_24,E0,1X,0.8709521898264055,1,0.8709521898264055,1,0.31294118468326537,0,0.8161066254903293,1
3e73f2eac29be625,2023_24,E0,1X,0.7483619448065165,1,0.7483619448065165,1,0.5450191660851647,0,0.7066188891083187,1
305894855ca39714,2023_24,E0,1X,0.9620850723813865,1,0.9620850723813865,1,0.11196883403735539,0,0.9259460935812581,1
76866ddd1ac20d58,2023_24,E0,12,0.7044185309575997,1,0.6260322898138326,1,0.6695491792285677,0,0.7044185309575997,1
1c974bc10d46ccc0,2023_24,E0,12,0.7340925251666455,1,0.560547859907135,1,0.7053596149262196,0,0.7340925251666455,1
05e103340c3c07a1,2023_24,E0,X2,0.836378830660786,0,0.3964012550597513,1,0.836378830660786,0,0.7672199142794627,1
5bd46473a5700bcf,2023_24,E0,12,0.7868043699760893,1,0.7538442594065181,1,0.4593513706173926,0,0.7868043699760893,1
ec190a87d893c7a9,2023_24,E0,1X,0.8724404713970326,1,0.8724404713970326,1,0.3020716846117326,0,0.8254878439912348,1
503bf7e89b914421,2023_24,E0,12,0.7346665914570392,0,0.5724171534385092,1,0.6929162551044517,1,0.7346665914570392,0
f61d9adbabeb9545,2023_24,E0,1X,0.7244585034391997,1,0.7244585034391997,1,0.5544683369956094,1,0.7210731595651909,0
625f23eb30f38873,2023_24,E0,1X,0.8150904333125464,1,0.8150904333125464,1,0.4157821137616944,0,0.7691274529257595,1
c238115d689cfffd,2023_24,E0,X2,0.7985110316685473,1,0.43462725693875764,0,0.7985110316685473,1,0.7668617113926952,1
b64eafc4b057dbe6,2023_24,E0,12,0.7291074171389258,0,0.6490576604853489,1,0.6218349223757254,1,0.7291074171389258,0
bb795a7a5d3d20f8,2023_24,E0,12,0.7575016815941242,0,0.7169978851022868,1,0.5255004333035891,1,0.7575016815941242,0
2b321364543a3a9a,2023_24,E0,1X,0.9204946821044946,1,0.9204946821044946,1,0.24246812513380658,0,0.8370371927616989,1
ab15bb50bfa6008b,2023_24,E0,1X,0.797295250015934,1,0.797295250015934,1,0.4564769741701513,0,0.7462277758139148,1
7258168e7c450574,2023_24,E0,12,0.7116934505459576,0,0.6331070110619319,1,0.6551995383921105,1,0.7116934505459576,0
7a6e06fbd03ac5d2,2023_24,E0,12,0.7843235700088685,1,0.43363339326185196,0,0.7820430367292793,1,0.7843235700088685,1
de80a3040a2e6696,2023_24,E0,1X,0.80897168543543,1,0.80897168543543,1,0.42220545973608964,1,0.7688228548284805,0
93a7c194dd92c8da,2023_24,E0,X2,0.8901113875963893,1,0.303093787177104,0,0.8901113875963893,1,0.8067948252265069,1
d22b233cdec55ce4,2023_24,E0,1X,0.7272727847101619,1,0.7272727847101619,1,0.5698619996746783,1,0.7028652156151597,0
c23270d90da70bab,2023_24,E0,X2,0.7686294566112553,0,0.4723607437364421,1,0.7686294566112553,0,0.7590097996523026,1
822dd9c2b2d94621,2023_24,E0,1X,0.8378030130757586,1,0.8378030130757586,1,0.4080500100926594,0,0.7541469768315818,1
ce26a5eaa16663ac,2023_24,E0,12,0.7592684898749656,1,0.7547149388688393,0,0.486016571256195,1,0.7592684898749656,1
5d7d11b993f9776a,2023_24,E0,1X,0.9520267949500175,1,0.9520267949500175,1,0.13846604867367007,0,0.9095071563763124,1
2ae16cc1571ed580,2023_24,E0,1X,0.8086506905350423,1,0.8086506905350423,1,0.40693949273348706,0,0.7844098167314706,1
db2a7b8e440f8979,2023_24,E0,1X,0.7983529029110638,1,0.7983529029110638,1,0.42326805518218824,0,0.778379041906748,1
0430504d9a02f41f,2023_24,E0,12,0.7311052959428832,0,0.6630476884564321,1,0.605847015600685,1,0.7311052959428832,0
2db67a6acdbe8dcf,2023_24,E0,12,0.7238159757451254,1,0.6059466039105429,0,0.6702374203443316,1,0.7238159757451254,1
fe3e6f08c64e937c,2023_24,E0,12,0.741283271465996,0,0.5705527242674598,1,0.688164004266544,1,0.741283271465996,0
80f5a7f101d13ddf,2023_24,E0,1X,0.8090612245557984,1,0.8090612245557984,1,0.44426929954117456,0,0.7466694759030268,1
dfefedc420af5ef3,2023_24,E0,12,0.7093342390911881,0,0.6183396968670598,1,0.6723260640417519,1,0.7093342390911881,0
b8d8d1f3e6421877,2023_24,E0,1X,0.8306219846089874,1,0.8306219846089874,1,0.38017802276151913,1,0.7891999926294935,0
8eb092bd225152ab,2023_24,E0,X2,0.8132479600136049,1,0.4141579228084203,0,0.8132479600136049,1,0.7725941171779747,1
562e68c09129c33f,2023_24,E0,1X,0.801366336665725,1,0.801366336665725,1,0.41918600091688696,1,0.779447662417388,0
b1bdc3417887cd08,2023_24,E0,1X,0.8367116016274905,0,0.8367116016274905,0,0.38089171998284443,1,0.7823966783896651,1
fbcda05fb3361798,2023_24,E0,1X,0.8325651046166769,1,0.8325651046166769,1,0.38413441505400486,0,0.7833004803293184,1
e2163321b7f230a0,2023_24,E0,12,0.7385812983396105,1,0.7052251463153743,1,0.5561935553450152,0,0.7385812983396105,1
7732a5c837aec0ea,2023_24,E0,X2,0.8703547414956224,1,0.31118054818785446,0,0.8703547414956224,1,0.8184647103165231,1
9cac930cf30c2385,2023_24,E0,1X,0.9167767142228297,1,0.9167767142228297,1,0.22629452023704769,0,0.8569287655401225,1
fe03d1ec6a0ad678,2023_24,E0,12,0.725141030845097,1,0.6466206878467009,1,0.6282382813082021,0,0.725141030845097,1
6ac641f249f9e176,2023_24,E0,1X,0.9381624600523689,1,0.9381624600523689,1,0.17672115325347165,0,0.8851163866941594,1
e40a587c7f316eb9,2023_24,E0,1X,0.7997893287133995,0,0.7997893287133995,0,0.4418641769562057,1,0.7583464943303948,1
a76e29f898bdcb14,2023_24,E0,12,0.7849452584101442,1,0.7627727195140152,1,0.4522820220758409,0,0.7849452584101442,1
373956a2c1be663f,2023_24,E0,12,0.7274628376817209,1,0.7032391017282924,0,0.5692980605899867,1,0.7274628376817209,1
27cc6f4b8c954a71,2023_24,E0,12,0.7467906560680525,1,0.5504998594885695,0,0.7027094844433781,1,0.7467906560680525,1
e2b3e9e025c8873b,2023_24,E0,X2,0.8431498180147162,1,0.3805008833531297,0,0.8431498180147162,1,0.7763492986321541,1
4f22cc9951eaa6d2,2023_24,E0,12,0.7513852130746743,1,0.6944175054887773,0,0.5541972814365482,1,0.7513852130746743,1
2a0b631ee856daf4,2023_24,E0,X2,0.802604841894603,1,0.4408015921593206,0,0.802604841894603,1,0.7565935659460764,1
97d37df1be584e26,2023_24,E0,X2,0.79776397885744,1,0.4235096805834005,0,0.79776397885744,1,0.7787263405591597,1
44bd103dddff0ab8,2023_24,E0,X2,0.905293570878331,1,0.258111945015746,0,0.905293570878331,1,0.8365944841059231,1
3beaac1de6b3a5de,2023_24,E0,12,0.7436689904012683,1,0.5769619453114394,0,0.6793690642872924,1,0.7436689904012683,1
7852a9a1d0da1f33,2023_24,E0,12,0.7566267314985169,0,0.7234680549685493,1,0.5199052135329341,1,0.7566267314985169,0
b110f302ceb514e9,2023_24,E0,12,0.7284333642112581,1,0.6970917291053553,1,0.5744749066833865,0,0.7284333642112581,1
41f7686967874a77,2023_24,E0,1X,0.8269833583944588,0,0.8269833583944588,0,0.36730104278343445,1,0.805715598822107,1
7f49077f80d5e30d,2023_24,E0,1X,0.8799564793627593,1,0.8799564793627593,1,0.2768910370109696,1,0.8431524836262713,0
a279eef75a3c7b5e,2023_24,E0,X2,0.79520081940302,1,0.4278849318942949,0,0.79520081940302,1,0.7769142487026851,1
f44fe8f0740da604,2023_24,E0,X2,0.7709685456338318,1,0.46131467540445326,0,0.7709685456338318,1,0.7677167789617152,1
56933fa3ae68777f,2023_24,E0,1X,0.804268342778727,1,0.804268342778727,1,0.47421186009569427,1,0.7215197971255787,0
9a7d1c4eb6d41d6d,2023_24,E0,1X,0.9279403828731518,1,0.9279403828731518,1,0.19413468560944774,0,0.8779249315174003,1
d8a94883cc6386e4,2023_24,E0,1X,0.894027367837078,1,0.894027367837078,1,0.2551237933404883,0,0.8508488388224337,1
18aa72dbaa07e28a,2023_24,E0,1X,0.8160076274820748,1,0.8160076274820748,1,0.39658889160729627,0,0.787403480910629,1
2442da925781c4ee,2023_24,E0,1X,0.7596697371836356,1,0.7596697371836356,1,0.48505815927484547,1,0.7552721035415191,0
e0bbd5f456463f28,2023_24,E0,1X,0.7591719182449876,1,0.7591719182449876,1,0.5158348672726328,0,0.7249932144823794,1
cda3709aefdb154d,2023_24,E0,1X,0.8085321088072562,0,0.8085321088072562,0,0.41642820640070977,1,0.7750396847920342,1
cbf4012b79e5ad25,2023_24,E0,X2,0.8542873196302146,1,0.34124965274412133,0,0.8542873196302146,1,0.8044630276256641,1
597656fa46f4e574,2023_24,E0,1X,0.8759577507954908,1,0.8759577507954908,1,0.2956527030146496,0,0.8283895461898597,1
15997bfb9193b2ca,2023_24,E0,1X,0.8608678834260226,1,0.8608678834260226,1,0.3487118787032705,0,0.7904202378707069,1
13459264ce07df10,2023_24,E0,12,0.7311724479306614,1,0.680944226440384,1,0.5878833256289546,0,0.7311724479306614,1
93d9c14f084ad32e,2023_24,E0,12,0.7399117997587379,0,0.55832236343097,1,0.701765836810292,1,0.7399117997587379,0
499b724e96653d41,2023_24,E0,12,0.7302277817334479,1,0.7177009404300037,0,0.5520712778365484,1,0.7302277817334479,1
0ff9484f18252001,2023_24,E0,12,0.7190196383135767,1,0.6537025309581292,1,0.6272778307282939,0,0.7190196383135767,1
66e1b3a03e2d4e3f,2023_24,E0,1X,0.7844895907131166,1,0.7844895907131166,1,0.44538223228065627,0,0.7701281770062272,1
36608539cbd791b5,2023_24,E0,X2,0.8164616595632335,1,0.4016567319987439,0,0.8164616595632335,1,0.7818816084380225,1
46ccb6c8e07719b9,2023_24,E0,1X,0.8345265346866001,1,0.8345265346866001,1,0.37640110928636494,0,0.789072356027035,1
4ede09cb957d50eb,2023_24,E0,X2,0.7807795185582148,1,0.43923107256938554,0,0.7807795185582148,1,0.7799894088723996,1
99a3f13654cfacc9,2023_24,E0,12,0.741705514826859,1,0.5214640465193474,0,0.7368304386537937,1,0.741705514826859,1
d99eec8a726cb119,2023_24,E0,1X,0.9026673839157457,1,0.9026673839157457,1,0.24116313377121357,0,0.8561694823130407,1
2b07696419f8e2ab,2023_24,E0,X2,0.9361633890097242,1,0.1928247259262366,0,0.9361633890097242,1,0.8710118850640393,1
177401a37dae4229,2023_24,E0,1X,0.7532146377839133,1,0.7532146377839133,1,0.5027468252617195,0,0.7440385369543672,1
06400cdda0b9f006,2023_24,E0,1X,0.8809906880928908,1,0.8809906880928908,1,0.2889027334334221,1,0.8301065784736871,0
63815944335c26d9,2023_24,E0,1X,0.7597105161880457,1,0.7597105161880457,1,0.4979278738488523,1,0.7423616099631022,0
2369e2b208dc4acd,2023_24,E0,12,0.7179089680132842,1,0.6682108870587767,1,0.6138801449279392,0,0.7179089680132842,1
771a52296d45f575,2023_24,E0,1X,0.923101296888797,1,0.923101296888797,1,0.21238487532687758,0,0.8645138277843253,1
b2f61a89be7ee6eb,2023_24,E0,12,0.7557780214419537,1,0.6323481641860718,0,0.6118738143719744,1,0.7557780214419537,1
64c37ca923e9b927,2023_24,E0,1X,0.8075820907937801,1,0.8075820907937801,1,0.41547475871093115,0,0.7769431504952888,1
ca1b2eb0e5fe07b2,2023_24,E0,1X,0.814406218396735,1,0.814406218396735,1,0.4244167947821944,1,0.7611769868210708,0
31de12bf741727f9,2023_24,E0,12,0.7501604746870534,0,0.5335987922815778,1,0.716240733031369,1,0.7501604746870534,0
50a8de4ba1427471,2023_24,E0,12,0.7685134747130329,1,0.7492685775617245,1,0.48221794772524273,0,0.7685134747130329,1
0573cede32b26f42,2023_24,E0,1X,0.8278028623478085,1,0.8278028623478085,1,0.37121194275128866,0,0.8009851949009028,1
d5d39dc0c7774e8c,2023_24,E0,12,0.7354532707018397,1,0.5717649446230855,1,0.6927817846750747,0,0.7354532707018397,1
787b3e946a7e7e51,2023_24,E0,12,0.7264011800071654,0,0.6367994099964174,1,0.6367994099964174,1,0.7264011800071654,0
eb6d31c89d2a3461,2023_24,E0,12,0.7598004585670444,1,0.5275726095620689,1,0.7126269318708869,0,0.7598004585670444,1
ab79d69f475b88e5,2023_24,E0,12,0.7370586931550345,0,0.6589840262896642,1,0.6039572805553012,1,0.7370586931550345,0
75c098d10f83f606,2023_24,E0,12,0.768468751915651,1,0.7529067011029097,1,0.4786245469814393,0,0.768468751915651,1
e8f3d07a1bb32a1e,2023_24,E0,12,0.7401020435805769,1,0.697873142179779,1,0.5620248142396442,0,0.7401020435805769,1
e6c477422858a69a,2023_24,E0,1X,0.9040895685352424,1,0.9040895685352424,1,0.24606254728240778,1,0.84984788418235,0
b79e80b4a4f7defa,2023_24,E0,1X,0.7152365259472395,1,0.7152365259472395,1,0.5717114766457286,1,0.7130519974070317,0
73c1ec33a189d0f3,2023_24,E0,X2,0.8004917005208898,1,0.4382193997650387,1,0.8004917005208898,1,0.7612888997140717,0
8baf6145d8e949ce,2023_24,E0,1X,0.9078811448621689,1,0.9078811448621689,1,0.21212395211561513,0,0.879994903022216,1
ebda9115819a411d,2023_24,E0,1X,0.8414372336572555,1,0.8414372336572555,1,0.3752069742734808,0,0.7833557920692636,1
d2c22b5921579945,2023_24,E0,12,0.7590760800646119,0,0.532296436772709,1,0.7086274831626792,1,0.7590760800646119,0
2ae9fa27e4f17910,2023_24,E0,1X,0.8884602804800463,1,0.8884602804800463,1,0.2657355656323525,0,0.8458041538876011,1
68e1a6804742f1a4,2023_24,E0,12,0.7363179489786995,0,0.7331985925097552,1,0.5304834585115454,1,0.7363179489786995,0
c541652d6c63c536,2023_24,E0,12,0.7429103786478326,0,0.7355334180272948,1,0.5215562033248724,1,0.7429103786478326,0
7b5c0d525fc8eb26,2023_24,E0,12,0.7212226397217816,1,0.6330276799487291,1,0.6457496803294893,0,0.7212226397217816,1
2775d6eda8b2a8e8,2023_24,E0,1X,0.7589110716473855,1,0.7589110716473855,1,0.49156539614698125,0,0.7495235322056335,1
27fdb0054ebb79a5,2023_24,E0,12,0.7292852159307571,0,0.6805020645542332,1,0.5902127195150095,1,0.7292852159307571,0
05c34242d05cf4fa,2023_24,E0,12,0.7689047609908986,0,0.511345845858115,1,0.7197493931509863,1,0.7689047609908986,0
8d84de35df1f4d3d,2023_24,E0,1X,0.9449470591103399,1,0.9449470591103399,1,0.15209848152614014,0,0.9029544593635199,1
e0e0a7253121c94d,2023_24,E0,12,0.7425271953093016,0,0.6409841627578614,1,0.616488641932837,1,0.7425271953093016,0
ca8a5dc6708c2dd6,2023_24,E0,1X,0.9199706865217365,1,0.9199706865217365,1,0.22016458177032822,0,0.8598647317079352,1
f1f253ec2df5f014,2023_24,E0,1X,0.9604998351431486,1,0.9604998351431486,1,0.10106071698992723,0,0.9384394478669241,1
7121d31dfc168ab1,2023_24,E0,12,0.773691538949537,1,0.7547828101929479,1,0.4715256508575151,0,0.773691538949537,1
110efd2fbd063698,2023_24,E0,X2,0.8891615476256035,1,0.2952376900883463,0,0.8891615476256035,1,0.8156007622860502,1
93b8c5c526757fb2,2023_24,E0,1X,0.8185413791297607,1,0.8185413791297607,1,0.4140925668673314,1,0.7673660540029081,0
abab7323b71afba0,2023_24,E0,1X,0.7940665228900632,1,0.7940665228900632,1,0.4548468204688642,0,0.7510866566410728,1
bd5c9044e5e8418e,2023_24,E0,12,0.7363040432305963,1,0.6601792688784093,0,0.6035166878909948,1,0.7363040432305963,1
94a0fa755fc75fb7,2023_24,E0,12,0.7562090570937463,1,0.4995104114944776,1,0.7442805314117764,0,0.7562090570937463,1
15029dd3802909f6,2023_24,E0,12,0.7241815663426089,1,0.6196041311651943,0,0.6562143024921969,1,0.7241815663426089,1
223bd022268b8e90,2023_24,E0,X2,0.8474393944894766,1,0.3632529637537927,0,0.8474393944894766,1,0.7893076417567307,1
5cfb6bf73b338689,2023_24,E0,X2,0.80397194472309,1,0.39839260594298653,1,0.80397194472309,1,0.7976354493339237,0
73faba3455835dc5,2023_24,E0,X2,0.8525134510805991,1,0.335112637385636,1,0.8525134510805991,1,0.8123739115337649,0
4c8ffd00960f8e56,2023_24,E0,1X,0.8492357210601565,1,0.8492357210601565,1,0.33033868866053795,0,0.8204255902793057,1
419d67e3cb6c1d1e,2023_24,E0,12,0.7604198670986506,1,0.6105174502224824,1,0.629062682678867,0,0.7604198670986506,1
2c6483f099cb96c7,2023_24,E0,1X,0.8399720254178482,1,0.8399720254178482,1,0.36037717015339565,0,0.7996508044287561,1
464c3d47a3a21945,2023_24,E0,12,0.7591349343896827,0,0.4910172921830615,1,0.749847773427256,1,0.7591349343896827,0
f199b9e208c3a388,2023_24,E0,1X,0.9552437986416237,1,0.9552437986416237,1,0.12056800041476805,0,0.9241882009436082,1
1e4d3faff7ec3a6b,2023_24,E0,1X,0.7438586317232103,1,0.7438586317232103,1,0.5330488609883052,1,0.7230925072884843,0
c48a9df533e89403,2023_24,E0,12,0.7615254048235947,0,0.6454524094023779,1,0.5930221857740274,1,0.7615254048235947,0
1c9412bf0d59b79d,2023_24,E0,1X,0.921545394850805,0,0.921545394850805,0,0.20213513502601932,1,0.8763194701231757,1
0e65094e31c27c3a,2023_24,E0,12,0.7342070437760746,1,0.6625657849609708,0,0.6032271712629547,1,0.7342070437760746,1
98d339635dba1f19,2023_24,E0,1X,0.910512529595319,0,0.910512529595319,0,0.23837082645922947,1,0.8511166439454517,1
52425c022bc799bb,2023_24,E0,1X,0.8052343944700172,1,0.8052343944700172,1,0.4282310722481878,0,0.766534533281795,1
2da1e1f425388edf,2023_24,E0,12,0.7307728186968461,1,0.6054453908912076,0,0.6637817904119463,1,0.7307728186968461,1
a495b77a0cca180a,2023_24,E0,12,0.726443268201717,1,0.6395548166324645,0,0.6340019151658185,1,0.726443268201717,1
a8cc14057ce71ddf,2023_24,E0,X2,0.9166576171473475,1,0.23698297441275212,0,0.9166576171473475,1,0.8463594084399004,1
8204939b073ed6fb,2023_24,E0,1X,0.7138822371526587,1,0.7138822371526587,1,0.581325187586014,0,0.704792575261327,1
a017ecbb86ae82d7,2023_24,E0,12,0.7615255418680074,1,0.7525855479251596,1,0.485888910206833,0,0.7615255418680074,1
19c47400285aa06c,2023_24,E0,12,0.7277848075412099,1,0.708706727087772,1,0.5635084653710181,0,0.7277848075412099,1
0f9d0d1cd0224767,2023_24,E0,X2,0.7859666965924074,1,0.428771014253028,0,0.7859666965924074,1,0.7852622891545646,1
bba9deb319fb84e3,2023_24,E0,1X,0.8684997630783357,1,0.8684997630783357,1,0.3165989682872029,0,0.8149012686344617,1
a5836666a106b838,2023_24,E0,12,0.7371386637968971,1,0.6122799424908116,0,0.6505813937122912,1,0.7371386637968971,1
f2b88e6b0c4396c7,2023_24,E0,12,0.7347601147072746,1,0.576632868306554,1,0.6886070169861713,0,0.7347601147072746,1
761da69afc5d0767,2023_24,E0,X2,0.8676847749614228,0,0.31881934786674543,1,0.8676847749614228,0,0.8134958771718316,1
1b113b19a0099d34,2023_24,E0,1X,0.8841447437156995,1,0.8841447437156995,1,0.27285331972359783,0,0.8430019365607027,1
6e4321aaca784f9e,2023_24,E0,X2,0.8763472454780745,1,0.2960606357197078,0,0.8763472454780745,1,0.8275921188022176,1
7245bdada201da6b,2023_24,E0,X2,0.8161521465706995,1,0.3822450718271503,1,0.8161521465706995,1,0.8016027816021503,0
8e343666cc50f4da,2023_24,E0,1X,0.7341487818786127,1,0.7341487818786127,1,0.542557441974045,1,0.7232937761473425,0
ce415f0eec7f96fb,2023_24,E0,1X,0.8255877200802819,1,0.8255877200802819,1,0.36220450006214716,1,0.8122077798575711,0
f03284f3a70e736b,2023_24,E0,1X,0.9154084997822588,1,0.9154084997822588,1,0.21127927817036016,0,0.873312222047381,1
da74530d5a2122d0,2023_24,E0,1X,0.7500405431455763,1,0.7500405431455763,1,0.5011455408470227,0,0.748813916007401,1
d1715b85dd31c34e,2023_24,E0,12,0.7226935284054388,1,0.6088845173792159,1,0.6684219542153454,0,0.7226935284054388,1
7496fe15fecc51b7,2023_24,E0,12,0.7538303309985004,0,0.7133768083096792,1,0.5327928606918205,1,0.7538303309985004,0
1c4aed9bb87dda11,2023_24,E0,12,0.7681762805104011,1,0.7261353447052674,1,0.5056883747843317,0,0.7681762805104011,1
d41a4171938097f9,2023_24,E0,X2,0.7802028063448042,1,0.45214302112445814,0,0.7802028063448042,1,0.7676541725307376,1
faaebc348797942a,2023_24,E0,X2,0.9089189008960801,1,0.2513087703420957,0,0.9089189008960801,1,0.8397723287618243,1
fbd93925c61eb5a6,2023_24,E0,12,0.7595237334496117,1,0.6332584976912436,1,0.6072177688591447,0,0.7595237334496117,1
e82f2db44fb80908,2023_24,E0,12,0.7345469726457874,0,0.6137219045696185,1,0.6517311227845941,1,0.7345469726457874,0
bbb502de8aee1527,2023_24,E0,1X,0.9201636416853645,1,0.9201636416853645,1,0.21471214684555834,0,0.8651242114690774,1
52f838dca6e7c63a,2023_24,E0,12,0.748137408078422,0,0.7136619386777787,1,0.5382006532437992,1,0.748137408078422,0
e74d6f641ed090ca,2023_24,E0,12,0.7658208523677001,1,0.5195407076858338,0,0.714638439946466,1,0.7658208523677001,1
507c43024e660aad,2023_24,E0,X2,0.7990316343803345,1,0.4296509379736689,0,0.7990316343803345,1,0.7713174276459964,1
d2a6003abc364fe8,2023_24,E0,1X,0.9530286007415921,1,0.9530286007415921,1,0.12437132913439661,0,0.9226000701240112,1
cc5aee2e497a00ff,2023_24,E0,12,0.7465571371052384,1,0.6560094553830429,1,0.5974334075117187,0,0.7465571371052384,1
32c358601611c5a2,2023_24,E0,1X,0.8276019027598601,1,0.8276019027598601,1,0.36426692927816495,0,0.8081311679619749,1
56421b3165666294,2023_24,E0,1X,0.838947792227593,1,0.838947792227593,1,0.32867831018861565,0,0.8323738975837913,1
a368ff9256d5e5d5,2023_24,E0,12,0.7542395936468229,1,0.7291517920445025,1,0.5166086143086746,0,0.7542395936468229,1
4af5152aa6a6fb90,2023_24,E0,X2,0.9108794574149367,1,0.2245353432722885,0,0.9108794574149367,1,0.864585199312775,1
0031b3e34d5f39d1,2023_24,E0,12,0.746124341958226,1,0.7003115426926745,0,0.5535641153490996,1,0.746124341958226,1
cfb347acf1d109c9,2023_24,E0,1X,0.8623215852081199,1,0.8623215852081199,1,0.3301054484527648,0,0.8075729663391156,1
266910c19da29ef1,2023_24,E0,1X,0.8062366998363951,1,0.8062366998363951,1,0.3959946417197495,1,0.7977686584438556,0
b6efb2603c3817e4,2023_24,E0,1X,0.8809881318819226,1,0.8809881318819226,1,0.26965009590509137,0,0.849361772212986,1
4d5e0a7b00aabd9b,2023_24,E0,12,0.7681397133075494,1,0.7456054118535543,1,0.48625487483889623,0,0.7681397133075494,1
c0fff0729357cd9b,2023_24,E0,12,0.7306055602996773,1,0.5674675729832414,0,0.7019268667170813,1,0.7306055602996773,1
ee912049fd8584d9,2023_24,E0,X2,0.7628633962789707,1,0.47942867392464467,0,0.7628633962789707,1,0.7577079297963846,1
860bb1c04516304a,2023_24,E0,X2,0.9009956523711211,1,0.2484028772547502,0,0.9009956523711211,1,0.8506014703741287,1
2e046e10d9bae1bb,2023_24,E0,12,0.79091021630979,0,0.4618604546552968,1,0.7472293290349135,1,0.79091021630979,0
7cdbf7fca9b0d3a4,2023_24,E0,X2,0.8500422561711358,1,0.31066176181529365,0,0.8500422561711358,1,0.8392959820135704,1
6e5c59e106eea080,2023_24,E0,12,0.7662949585489826,1,0.5311192511390564,0,0.7025857903119609,1,0.7662949585489826,1
55c2905e95eab1ef,2023_24,E0,12,0.7546419771028421,1,0.6006502389964901,1,0.6447077839006679,0,0.7546419771028421,1
12ffc67d8ff16527,2023_24,E0,1X,0.9161047258480336,1,0.9161047258480336,1,0.21641998754300407,0,0.8674752866089623,1
59579092ec9e6153,2023_24,E0,12,0.7606285477952943,1,0.5659305764952842,0,0.6734408757094216,1,0.7606285477952943,1
7e5b002e205750d6,2023_24,E0,12,0.7595986361643629,1,0.6076316866147662,0,0.6327696772208711,1,0.7595986361643629,1
0557b38bbe3549af,2023_24,E0,12,0.7487879329625325,1,0.5880510380604224,0,0.663161028977045,1,0.7487879329625325,1
0fd4c4e605b1f2db,2023_24,E0,1X,0.8634676456082135,1,0.8634676456082135,1,0.31182337981356234,0,0.8247089745782242,1
5a8055fc7639797b,2023_24,E0,1X,0.804016036507497,1,0.804016036507497,1,0.40761590355397037,0,0.7883680599385329,1
d83a888fb9082b28,2023_24,E0,1X,0.9410679741600736,1,0.9410679741600736,1,0.15587644756740096,0,0.9030555782725255,1
35ab286d32832412,2023_24,E0,12,0.7547571410741507,1,0.5616898024473675,0,0.6835530564784817,1,0.7547571410741507,1
f15ecec0ad0d6b1e,2023_24,E0,1X,0.9607614575516993,1,0.9607614575516993,1,0.10462022313142111,0,0.9346183193168796,1
17bc33f616ccf5e2,2023_24,E0,X2,0.8753289824599805,1,0.28742090959502875,0,0.8753289824599805,1,0.8372501079449908,1
3de1d6a6d1597014,2024_25,E0,1X,0.8089005894061472,1,0.8089005894061472,1,0.42084650961772807,0,0.7702529009761248,1
97000d45d39c17dc,2024_25,E0,X2,0.8808524296072634,1,0.2827508874004015,0,0.8808524296072634,1,0.8363966829923352,1
c87357ebe37ed289,2024_25,E0,1X,0.9439832373866661,1,0.9439832373866661,1,0.16648288987262239,0,0.8895338727407115,1
169bece61c94988a,2024_25,E0,12,0.7181896332428417,1,0.5929538718525122,0,0.6888564949046461,1,0.7181896332428417,1
1d2150be8706f6fb,2024_25,E0,1X,0.8665282478500418,1,0.8665282478500418,1,0.3181515697896682,0,0.8153201823602902,1
5b83737833003554,2024_25,E0,12,0.7218172046409321,0,0.7096794722976424,1,0.5685033230614254,1,0.7218172046409321,0
591732c3bc4358d3,2024_25,E0,12,0.7269957535623153,1,0.6587810204568274,0,0.6142232259808575,1,0.7269957535623153,1
4b3cd5de2fa7a4de,2024_25,E0,12,0.7019939595393473,1,0.632108082686757,1,0.6658979577738956,0,0.7019939595393473,1
0d54ff473ba59198,2024_25,E0,12,0.7502897657107228,1,0.5108322856186898,0,0.7388779486705874,1,0.7502897657107228,1
6d6cb328d41079e5,2024_25,E0,X2,0.7864084544678039,1,0.43948478599469143,1,0.7864084544678039,1,0.7741067595375049,0
1192f081b6ff18ef,2024_25,E0,12,0.7445847488948032,1,0.6652124982157273,1,0.5902027528894696,0,0.7445847488948032,1
04bb5d7228900f73,2024_25,E0,12,0.7479856708205503,1,0.7446797283906057,0,0.507334600788844,1,0.7479856708205503,1
488c0194ba16fc80,2024_25,E0,1X,0.7675626408052342,1,0.7675626408052342,1,0.489858186817688,0,0.7425791723770778,1
037c3df1627a13f1,2024_25,E0,1X,0.9604852107425202,1,0.9604852107425202,1,0.1285318285890502,0,0.9109829606684295,1
743f8f18f4f00e19,2024_25,E0,12,0.7271867991097727,1,0.6877426463203925,0,0.5850705545698349,1,0.7271867991097727,1
b56b4535813a18e7,2024_25,E0,1X,0.8766610168482545,1,0.8766610168482545,1,0.3008775182920321,0,0.8224614648597133,1
9d06f43d68dc8d57,2024_25,E0,X2,0.7920988407178546,1,0.44887010909848557,0,0.7920988407178546,1,0.7590310501836598,1
22d64e4e60532abe,2024_25,E0,12,0.7374867396427354,0,0.6372022324252107,1,0.625311027932054,1,0.7374867396427354,0
0cd154666e457552,2024_25,E0,12,0.7515646984594366,1,0.49971707174872065,0,0.7487182297918428,1,0.7515646984594366,1
ace988f296d2a710,2024_25,E0,1X,0.9205981718909365,1,0.9205981718909365,1,0.21220778100052082,0,0.8671940471085426,1
196730e48379e90f,2024_25,E0,1X,0.8771572404786141,1,0.8771572404786141,1,0.2997799301568875,1,0.8230628293644985,0
3f416b7bcffb1ec2,2024_25,E0,1X,0.7802426660094981,1,0.7802426660094981,1,0.4680948581318442,0,0.7516624758586579,1
52625824cc378a35,2024_25,E0,12,0.7197007350282432,1,0.6002679212224169,0,0.6800313437493399,1,0.7197007350282432,1
17de670404943956,2024_25,E0,12,0.7185645594950534,0,0.6006716220394311,1,0.6807638184655154,1,0.7185645594950534,0
4860dadc5f2e5e23,2024_25,E0,X2,0.7567883898825916,1,0.4979821297122662,0,0.7567883898825916,1,0.7452294804051424,1
c9abf78ce97749d2,2024_25,E0,1X,0.7455485548161439,1,0.7455485548161439,1,0.5177151750319434,1,0.7367362701519128,0
7fe1e60fbafacfd6,2024_25,E0,X2,0.8686037946870635,1,0.3200501879251987,0,0.8686037946870635,1,0.8113460173877378,1
fbe4f7e6167b715c,2024_25,E0,1X,0.8028880651608994,1,0.8028880651608994,1,0.42240083077967405,1,0.7747111040594268,0
da590adb237c0686,2024_25,E0,12,0.7522574168225067,1,0.636874072542455,1,0.6108685106350386,0,0.7522574168225067,1
1eedc17b3c8ed7cf,2024_25,E0,12,0.7629077921368779,1,0.5101606405771054,0,0.7269315672860168,1,0.7629077921368779,1
23527fc41550a358,2024_25,E0,12,0.7645945198928632,1,0.47125189333750994,0,0.7641535867696269,1,0.7645945198928632,1
59f1bb98bfbf766e,2024_25,E0,1X,0.8465082285791985,1,0.8465082285791985,1,0.3591486643181374,1,0.7943431071026639,0
f35849195e8044a5,2024_25,E0,1X,0.819319510752463,1,0.819319510752463,1,0.4221285897501291,1,0.7585518994974079,0
7bc0f96ca81e2c18,2024_25,E0,12,0.7165569788066399,0,0.6952432369914565,1,0.5881997842019036,1,0.7165569788066399,0
53b6d62cd69042b5,2024_25,E0,1X,0.9159112453075332,0,0.9159112453075332,0,0.22920487109880308,1,0.8548838835936637,1
8814a3127775b65b,2024_25,E0,1X,0.9290447362934151,1,0.9290447362934151,1,0.19802002208324182,0,0.872935241623343,1
810421519ad30e7c,2024_25,E0,1X,0.8169352138103738,1,0.8169352138103738,1,0.4294966548048149,0,0.7535681313848115,1
9dca8c524ad01e40,2024_25,E0,12,0.7420011852350205,1,0.5698475921982148,0,0.6881512225667646,1,0.7420011852350205,1
48c9c61e3a647237,2024_25,E0,12,0.7234390244342512,1,0.628225085537151,0,0.6483358900285978,1,0.7234390244342512,1
07a8abbbd3517353,2024_25,E0,12,0.7372453091236295,1,0.5310042828437787,0,0.7317504080325918,1,0.7372453091236295,1
f93fb7e3c677b348,2024_25,E0,12,0.7552133033546271,1,0.5161695223724001,0,0.7286171742729729,1,0.7552133033546271,1
48d8df61cb343545,2024_25,E0,1X,0.8080996772264428,1,0.8080996772264428,1,0.4223632219275107,0,0.7695371008460465,1
6f327f45d34aa9ee,2024_25,E0,12,0.7260782336686304,1,0.6049885884885208,1,0.6689331778428489,0,0.7260782336686304,1
2d174dbf9521627a,2024_25,E0,1X,0.730587878658608,1,0.730587878658608,1,0.5430546318074847,1,0.7263574895339074,0
8a9f1628a617a535,2024_25,E0,1X,0.9051987054408456,1,0.9051987054408456,1,0.23965214132751217,0,0.8551491532316422,1
24c170e844706402,2024_25,E0,12,0.7204777999996056,0,0.6748017248389592,1,0.6047204751614353,1,0.7204777999996056,0
68c0040819e34580,2024_25,E0,1X,0.8422234786162817,1,0.8422234786162817,1,0.35085857889087846,0,0.8069179424928399,1
9d383ddd3002b22d,2024_25,E0,12,0.7279819140476971,0,0.6157186327271402,1,0.6562994532251627,1,0.7279819140476971,0
7ffb5ace0356ddcb,2024_25,E0,1X,0.778762563527206,1,0.778762563527206,1,0.4770975460259059,1,0.7441398904468881,0
897768dee8ea8963,2024_25,E0,1X,0.8048231022463995,1,0.8048231022463995,1,0.46447983045158814,1,0.7306970673020123,0
05fdc767530581f9,2024_25,E0,X2,0.8036190573046814,1,0.42592521096114655,1,0.8036190573046814,1,0.770455731734172,0
a3946f1551b69047,2024_25,E0,1X,0.9349302581082198,1,0.9349302581082198,1,0.20076789007673898,0,0.8643018518150412,1
92b0bb79ce1fe1c0,2024_25,E0,12,0.7316417822268632,0,0.6978542071921268,1,0.5705040105810102,1,0.7316417822268632,0
9b2ef5159e3e90b5,2024_25,E0,12,0.7705021122107679,1,0.7676787216682481,1,0.46181916612098417,0,0.7705021122107679,1
b23143c78b166776,2024_25,E0,12,0.7104964778456699,1,0.6394708785383525,1,0.6500326436159776,0,0.7104964778456699,1
cd64c36e23d9f6b4,2024_25,E0,12,0.6962190587395232,1,0.6771030005745547,0,0.626677940685922,1,0.6962190587395232,1
f54eb63f2bd5d381,2024_25,E0,X2,0.885761410037077,1,0.27687686229404407,0,0.885761410037077,1,0.837361727668879,1
135e805353740ec6,2024_25,E0,X2,0.7313924574195152,1,0.5384539969008971,1,0.7313924574195152,1,0.7301535456795876,0
6da5287c793159c5,2024_25,E0,12,0.7525130269634068,1,0.7049380601655486,0,0.5425489128710445,1,0.7525130269634068,1
76d47941fd47ffc4,2024_25,E0,1X,0.8488310391924674,1,0.8488310391924674,1,0.3632202348211757,0,0.7879487259863571,1
b10bce48b36ee44d,2024_25,E0,X2,0.8076376514208942,1,0.42782607505356096,0,0.8076376514208942,1,0.7645362735255451,1
1853d35936362585,2024_25,E0,1X,0.9365165036626041,1,0.9365165036626041,1,0.18477904416047813,0,0.8787044521769178,1
6c9f7e1b4e13807b,2024_25,E0,12,0.7326798475188736,1,0.7246382222401325,1,0.5426819302409938,0,0.7326798475188736,1
a00c14fd3d52e4b6,2024_25,E0,12,0.7472397587572321,1,0.5249791758792848,1,0.7277810653634831,0,0.7472397587572321,1
0a4fa3002e354604,2024_25,E0,1X,0.9095958943553007,1,0.9095958943553007,1,0.23961517019430773,0,0.8507889354503915,1
7e9043549deec97a,2024_25,E0,1X,0.7551694474684538,1,0.7551694474684538,1,0.4972967286652924,0,0.7475338238662538,1
05e0914f880673ee,2024_25,E0,12,0.7449549134950573,0,0.514975121995055,1,0.7400699645098878,1,0.7449549134950573,0
b3ec9f705442ffe9,2024_25,E0,12,0.7511262258885432,0,0.6888188244849519,1,0.560054949626505,1,0.7511262258885432,0
f65eb06ce7084897,2024_25,E0,1X,0.8492686502283893,1,0.8492686502283893,1,0.3607467073034836,1,0.7899846424681272,0
e07ea94a1ce52fb5,2024_25,E0,12,0.7548923515129438,1,0.5736767122054216,1,0.6714309362816346,0,0.7548923515129438,1
fbc09f45609aae35,2024_25,E0,1X,0.8423388355389005,1,0.8423388355389005,1,0.3408979155165395,0,0.81676324894456,1
9b7925a8bbaaa735,2024_25,E0,12,0.7231128957375212,1,0.6655313601694068,0,0.6113557440930719,1,0.7231128957375212,1
98a8508de01930b3,2024_25,E0,12,0.7188476517590627,1,0.6823558577150494,0,0.5987964905258882,1,0.7188476517590627,1
3c961c64c9e14156,2024_25,E0,1X,0.8003341179016572,1,0.8003341179016572,1,0.42402554810527593,0,0.7756403339930671,1
e589321025aae11d,2024_25,E0,1X,0.7897312449917722,0,0.7897312449917722,0,0.44624499264184464,1,0.7640237623663834,1
467c4b64d6a350ab,2024_25,E0,12,0.7287969694034768,1,0.7113820049685706,0,0.5598210256279526,1,0.7287969694034768,1
3292a93b6abfa561,2024_25,E0,X2,0.8040881745785161,0,0.45428241310764095,1,0.8040881745785161,0,0.7416294123138429,1
e7557cc3762bb0b9,2024_25,E0,X2,0.879963441741112,1,0.2951524785725388,0,0.879963441741112,1,0.8248840796863492,1
31c0fcab04bb5b7d,2024_25,E0,1X,0.7837897930610852,1,0.7837897930610852,1,0.4353913760581261,0,0.7808188308807886,1
1da840831ec85a62,2024_25,E0,12,0.7067906423299781,1,0.7018786034860752,1,0.5913307541839468,0,0.7067906423299781,1
97f53f36e6642534,2024_25,E0,12,0.7154117489895209,1,0.6095042143252145,0,0.6750840366852646,1,0.7154117489895209,1
062481cbc1c9568f,2024_25,E0,1X,0.7829109375458743,1,0.7829109375458743,1,0.46048689058639236,1,0.7566021718677332,0
3259f390345c1532,2024_25,E0,1X,0.8070491355375811,1,0.8070491355375811,1,0.42407753575164264,0,0.7688733287107763,1
e96e12cd4c965575,2024_25,E0,1X,0.831738186926662,1,0.831738186926662,1,0.3875590218746454,1,0.7807027911986928,0
b47e58267f9bea97,2024_25,E0,1X,0.9475033171092172,1,0.9475033171092172,1,0.14716502477426152,0,0.9053316581165213,1
7f2af44afb3f7d66,2024_25,E0,12,0.7158796730902902,0,0.6431868521114484,1,0.6409334747982612,1,0.7158796730902902,0
58ece2c9814df6a0,2024_25,E0,1X,0.7685031688856283,1,0.7685031688856283,1,0.4641119881358463,0,0.7673848429785255,1
f6bb6418b8667b02,2024_25,E0,12,0.7573557634303183,1,0.5026178195811143,1,0.7400264169885675,0,0.7573557634303183,1
bcd81dafa153fb75,2024_25,E0,12,0.7401910354350459,1,0.5506514461733945,1,0.7091575183915595,0,0.7401910354350459,1
3000aec934ce3bf1,2024_25,E0,12,0.7148978387781406,0,0.7118207867837254,1,0.5732813744381341,1,0.7148978387781406,0
020fb8a3c5c9e31c,2024_25,E0,X2,0.7579303005595157,0,0.5072441105535777,1,0.7579303005595157,0,0.7348255888869065,1
c51cf91bc2312651,2024_25,E0,X2,0.8347584008554682,0,0.3853255915538133,1,0.8347584008554682,0,0.7799160075907186,1
8ce5d72f5adcb2da,2024_25,E0,12,0.7344174990109982,0,0.6749607334130394,1,0.5906217675759624,1,0.7344174990109982,0
a8343b61f6cafbfd,2024_25,E0,1X,0.8717800358468393,1,0.8717800358468393,1,0.30188668096805926,0,0.8263332831851016,1
c7641512fff671e4,2024_25,E0,1X,0.7462279091205279,1,0.7462279091205279,1,0.5303201328333316,0,0.7234519580461405,1
16fc8627d0967715,2024_25,E0,12,0.7076638436744866,1,0.648971434267889,1,0.6433647220576244,0,0.7076638436744866,1
3ab493803aa71225,2024_25,E0,12,0.713956978684582,0,0.6854415968344748,1,0.6006014244809431,1,0.713956978684582,0
3935c49a5d05c842,2024_25,E0,12,0.762039594172662,1,0.7294497311227515,1,0.5085106747045868,0,0.762039594172662,1
06d7e7ade7cb6f9d,2024_25,E0,12,0.7295811476085851,0,0.6303663781672235,1,0.6400524742241915,1,0.7295811476085851,0
d238ae475c37779b,2024_25,E0,12,0.7452964161103697,1,0.7351037931405755,1,0.5195997907490548,0,0.7452964161103697,1
3d53b59863f4d5ff,2024_25,E0,12,0.7264993155128833,1,0.640844197146713,1,0.6326564873404038,0,0.7264993155128833,1
18a357c7f4295470,2024_25,E0,X2,0.7118165210349339,1,0.5798824523950393,0,0.7118165210349339,1,0.7083010265700269,1
52676a55c1eccf66,2024_25,E0,1X,0.7244565810656358,1,0.7244565810656358,1,0.5563029429956865,1,0.7192404759386777,0
2a7ec570272b35a7,2024_25,E0,1X,0.750112824871948,1,0.750112824871948,1,0.5053420852499715,0,0.7445450898780805,1
dbaf0743438ad0aa,2024_25,E0,12,0.7637635552853489,1,0.47342267533821647,1,0.7628137693764349,0,0.7637635552853489,1
3f70d2ec0fddc7a5,2024_25,E0,1X,0.8504629686096548,1,0.8504629686096548,1,0.35091962508663155,0,0.7986174063037137,1
c49050d41758a56a,2024_25,E0,1X,0.8867513698915637,1,0.8867513698915637,1,0.2812210744565491,0,0.8320275556518872,1
3dab513b7c6cb223,2024_25,E0,12,0.7100004556098993,1,0.6397355934669327,0,0.650263950923168,1,0.7100004556098993,1
60ab2628182a28f8,2024_25,E0,1X,0.9046994797566573,0,0.9046994797566573,0,0.23898897380509782,1,0.8563115464382447,1
830989755d3e3d8b,2024_25,E0,12,0.7145664463430359,0,0.6116807631289625,1,0.6737527905280014,1,0.7145664463430359,0
93f252943cb1810d,2024_25,E0,X2,0.8594738562255873,1,0.3384275095042969,0,0.8594738562255873,1,0.8020986342701159,1
b44452bc1209c8ac,2024_25,E0,1X,0.8816041043560289,1,0.8816041043560289,1,0.3192793296156573,0,0.7991165660283138,1
7161b55485586f40,2024_25,E0,1X,0.805732664277774,1,0.805732664277774,1,0.4479451674245127,1,0.7463221682977131,0
a1d1bbda7842b4b8,2024_25,E0,12,0.7312459783096925,1,0.6660404195458505,0,0.602713602144457,1,0.7312459783096925,1
642b8aabf5f19ccc,2024_25,E0,12,0.715764703907386,0,0.693379537177162,1,0.590855758915452,1,0.715764703907386,0
4e113fa7a5fa1fa7,2024_25,E0,1X,0.8351682883548592,0,0.8351682883548592,0,0.38288429023111936,1,0.7819474214140214,1
86802ef8f2d1ea30,2024_25,E0,1X,0.8597308439338869,0,0.8597308439338869,0,0.3250475018648237,1,0.8152216542012894,1
ff5e93fee4d355c3,2024_25,E0,X2,0.890820979215932,1,0.27885752834217203,0,0.890820979215932,1,0.830321492441896,1
bf74956b093a59df,2024_25,E0,X2,0.80774024474174,1,0.4265975452804024,1,0.80774024474174,1,0.7656622099778576,0
28c990a715ef95ee,2024_25,E0,1X,0.8501807216281027,0,0.8501807216281027,0,0.3515320721724202,1,0.7982872061994771,1
68c71c6974c1ed0f,2024_25,E0,1X,0.8678875336358616,1,0.8678875336358616,1,0.3097797295493038,1,0.8223327368148347,0
96485d6d8a46c860,2024_25,E0,1X,0.8132419492159977,1,0.8132419492159977,1,0.4094505452219125,0,0.7773075055620898,1
10cca0fca9f86721,2024_25,E0,12,0.7223751833961912,0,0.5732630178235965,1,0.7043617987802122,1,0.7223751833961912,0
a10a4f4198ccd583,2024_25,E0,1X,0.800318856208097,1,0.800318856208097,1,0.4423711161779328,0,0.7573100276139703,1
a47b13e42481d7ae,2024_25,E0,12,0.7232883541332671,1,0.6322265759874308,0,0.6444850698793021,1,0.7232883541332671,1
2385bf2cb64f2b43,2024_25,E0,X2,0.8659481066010708,1,0.33645290479576884,0,0.8659481066010708,1,0.7975989886031604,1
6e243aea017779c0,2024_25,E0,1X,0.7904554141765964,1,0.7904554141765964,1,0.4452274321464185,0,0.7643171536769853,1
8c4f48da67819fe5,2024_25,E0,1X,0.8335671223648946,1,0.8335671223648946,1,0.40186062465529937,0,0.764572252979806,1
709074912448a888,2024_25,E0,12,0.7653839436595392,0,0.7235410911970067,1,0.511074965143454,1,0.7653839436595392,0
3b5d47bfbacbfa04,2024_25,E0,12,0.7449145403621593,1,0.7290425784080296,1,0.5260428812298112,0,0.7449145403621593,1
5c27b1b0d6a533db,2024_25,E0,12,0.71387959802669,1,0.5807314151409217,0,0.7053889868323886,1,0.71387959802669,1
fc121390fd702c98,2024_25,E0,12,0.7231902179616561,1,0.5988679387051691,1,0.6779418433331748,0,0.7231902179616561,1
39f8bd678d68fa90,2024_25,E0,1X,0.7412342368445364,1,0.7412342368445364,1,0.5470736247181678,0,0.7116921384372958,1
95224ccc62819543,2024_25,E0,1X,0.8972727917591078,1,0.8972727917591078,1,0.2727697342851114,0,0.8299574739557808,1
44a5aa8fe109a3a4,2024_25,E0,12,0.743633376624451,0,0.5250532701338164,1,0.7313133532417326,1,0.743633376624451,0
11dd0e561ba3e0e2,2024_25,E0,X2,0.8899922721166472,1,0.27442004760108374,0,0.8899922721166472,1,0.835587680282269,1
197ef4d1ac88a8df,2024_25,E0,1X,0.8549531746801302,1,0.8549531746801302,1,0.34849731663854633,0,0.7965495086813235,1
f15aba2bf8bb2db7,2024_25,E0,1X,0.8037875769735843,1,0.8037875769735843,1,0.4311712053792931,0,0.7650412176471224,1
f808ae756fff0758,2024_25,E0,12,0.732034414672213,1,0.6377003185106725,1,0.6302652668171146,0,0.732034414672213,1
34f330a41de7cddb,2024_25,E0,12,0.7556325029802655,1,0.6841279652485678,1,0.5602395317711669,0,0.7556325029802655,1
999348bfd54b9e36,2024_25,E0,1X,0.895472571532703,1,0.895472571532703,1,0.2727354615378488,0,0.8317919669294482,1
c9c40d7f54ac17dd,2024_25,E0,12,0.7401713948340611,1,0.5872624728743444,1,0.6725661322915943,0,0.7401713948340611,1
3c4b12e6d5c45ff4,2024_25,E0,X2,0.7881559717876934,1,0.45084175588056075,1,0.7881559717876934,1,0.761002272331746,0
a004767ca2913ff3,2024_25,E0,1X,0.8099721309072215,0,0.8099721309072215,0,0.43372788407998886,1,0.7562999850127896,1
6691c6cdc3481e83,2024_25,E0,X2,0.8170545337263989,1,0.4090720364925686,1,0.8170545337263989,1,0.7738734297810325,0
6b98cda292ae99d4,2024_25,E0,X2,0.748481181760188,1,0.5040725425507868,0,0.748481181760188,1,0.7474462756890251,1
83d854ec856c1179,2024_25,E0,X2,0.8052012826354547,1,0.4219877256474658,1,0.8052012826354547,1,0.7728109917170796,0
8f6f5a9ee0158014,2024_25,E0,12,0.7610234073554161,1,0.5720325384589753,0,0.6669440541856088,1,0.7610234073554161,1
d91ac7b5a4a93c90,2024_25,E0,1X,0.7729365807844859,1,0.7729365807844859,1,0.47422032256515095,0,0.7528430966503632,1
248e39e790388ed6,2024_25,E0,1X,0.9228601999424304,1,0.9228601999424304,1,0.22696269389087514,1,0.8501771061666944,0
76075ea712301468,2024_25,E0,1X,0.896183651928623,1,0.896183651928623,1,0.2597218794579335,1,0.8440944686134436,0
41a41dbc195b3fc8,2024_25,E0,1X,0.8972854949396536,1,0.8972854949396536,1,0.25562839727550507,0,0.8470861077848413,1
7d5e4e0bd89846e0,2024_25,E0,1X,0.7481609393461066,0,0.7481609393461066,0,0.5135138404587607,1,0.7383252201951327,1
bd18fa1f991a8da4,2024_25,E0,12,0.699792618106631,1,0.6560557845395781,1,0.6441515973537908,0,0.699792618106631,1
ed99e0ac983093fc,2024_25,E0,1X,0.7638969504676087,0,0.7638969504676087,0,0.4982455971917852,1,0.7378574523406061,1
bcb921c9e21f6bdb,2024_25,E0,1X,0.8318645054853767,0,0.8318645054853767,0,0.36702012360398767,1,0.8011153709106358,1
f2786d995cdaa4c5,2024_25,E0,1X,0.8733100426557119,1,0.8733100426557119,1,0.2858869194681263,0,0.8408030378761618,1
6a291927ec18a90f,2024_25,E0,12,0.7850610083267167,1,0.4580294970889369,0,0.7569094945843464,1,0.7850610083267167,1
9a6da417fd081d62,2024_25,E0,1X,0.7810469878357128,1,0.7810469878357128,1,0.44993511829545674,1,0.7690178938688305,0
bb47a415d7093bae,2024_25,E0,12,0.7368767208604932,1,0.5647447309278946,1,0.6983785482116122,0,0.7368767208604932,1
9f9542d4989baa89,2024_25,E0,12,0.7324684890115328,1,0.6523294700619274,0,0.6152020409265399,1,0.7324684890115328,1
6647796217f6c619,2024_25,E0,X2,0.793708741646928,1,0.4435153959977449,0,0.793708741646928,1,0.7627758623553271,1
bc0e26d5bbf70605,2024_25,E0,12,0.7361861462389682,0,0.6084005242793477,1,0.6554133294816841,1,0.7361861462389682,0
9a41e0cd663f27c6,2024_25,E0,X2,0.8645980343703571,1,0.3502814634326698,0,0.8645980343703571,1,0.7851205021969733,1
7633e1c3f72721a4,2024_25,E0,X2,0.799838126070788,1,0.4325107021353953,1,0.799838126070788,1,0.7676511717938166,0
9c80b1f993a0f56f,2024_25,E0,1X,0.8279116564315276,1,0.8279116564315276,1,0.40317868883840746,1,0.7689096547300649,0
9882827357aea7a9,2024_25,E0,12,0.7216349021214623,1,0.6008729225393887,0,0.6774921753391488,1,0.7216349021214623,1
22c6d2f120a77161,2024_25,E0,1X,0.7736859518433714,0,0.7736859518433714,0,0.48126500812379264,1,0.7450490400328358,1
9929d54a629473cc,2024_25,E0,X2,0.7972666604501493,1,0.4127042021739201,0,0.7972666604501493,1,0.7900291373759308,1
4f9cbdee421d6622,2024_25,E0,1X,0.8882878625257987,1,0.8882878625257987,1,0.2886299262416347,1,0.8230822112325668,0
64eacc6dca59a8d7,2024_25,E0,12,0.7354982825988836,0,0.7182896019731425,1,0.546212115427974,1,0.7354982825988836,0
ed58e7b2e78b4ae2,2024_25,E0,1X,0.8453231143653501,0,0.8453231143653501,0,0.3460330140121922,1,0.8086438716224577,1
e42dc5bda13f78a8,2024_25,E0,12,0.7488691301397874,1,0.7481601828165674,1,0.5029706870436452,0,0.7488691301397874,1
551e000e30d40d9f,2024_25,E0,12,0.7536747609878536,1,0.6927995121873906,1,0.5535257268247559,0,0.7536747609878536,1
f88c9d408df05030,2024_25,E0,12,0.7289796711103158,1,0.5800837843677038,0,0.6909365445219804,1,0.7289796711103158,1
2bfb32e2d25e8f67,2024_25,E0,X2,0.7802604692137808,0,0.4688942702592688,1,0.7802604692137808,0,0.7508452605269507,1
cbc3026721f0c373,2024_25,E0,1X,0.9633188802557782,1,0.9633188802557782,1,0.11298331399712652,0,0.9236978057470954,1
ee0bc0d47686529a,2024_25,E0,1X,0.8035477207913951,1,0.8035477207913951,1,0.4088620956592372,1,0.7875901835493677,0
958748c755a929c5,2024_25,E0,1X,0.9477047695804556,1,0.9477047695804556,1,0.16193753944742367,0,0.8903576909721207,1
88e62c62d7b44bf9,2024_25,E0,X2,0.9016934406790236,1,0.2481535635543211,0,0.9016934406790236,1,0.8501529957666553,1
9fd605f5acdc5579,2024_25,E0,1X,0.8485785278498388,1,0.8485785278498388,1,0.37006246235204077,0,0.7813590097981205,1
169fd8670e17054f,2024_25,E0,12,0.6897738174604717,1,0.6724380844372414,0,0.6377880981022872,1,0.6897738174604717,1
285083357a67278e,2024_25,E0,12,0.7208726556801017,0,0.7007036514800309,1,0.5784236928398674,1,0.7208726556801017,0
a78458fd4cd1f9b5,2024_25,E0,1X,0.7892496153083249,1,0.7892496153083249,1,0.422109687183024,1,0.7886406975086511,0
374e3b17792a5bf1,2024_25,E0,X2,0.8693651036516119,1,0.31006683989954054,0,0.8693651036516119,1,0.8205680564488478,1
298dd3a8eebf57c7,2024_25,E0,1X,0.7677126848975595,1,0.7677126848975595,1,0.48873909360059437,1,0.7435482215018463,0
1b2f949e5913bc0e,2024_25,E0,X2,0.8652164459267911,0,0.31936957156827905,1,0.8652164459267911,0,0.8154139825049298,1
a3b1db8623d1cfc0,2024_25,E0,12,0.729014800394643,1,0.6209421353417477,0,0.6500430642636095,1,0.729014800394643,1
6609327567ad0a54,2024_25,E0,X2,0.8310065172765234,1,0.3842835996520729,0,0.8310065172765234,1,0.7847098830714037,1
11c8efccb8066b3e,2024_25,E0,12,0.7889997113979861,1,0.4581200537882289,0,0.7528802348137849,1,0.7889997113979861,1
ea8d36a0745df173,2024_25,E0,1X,0.8846971305580772,1,0.8846971305580772,1,0.28687569762839704,0,0.8284271718135258,1
4b5344ea34519840,2024_25,E0,1X,0.812016316490515,1,0.812016316490515,1,0.43542894985262537,0,0.7525547336568599,1
fb72cc76b039dd58,2024_25,E0,12,0.75330874768043,0,0.514063907372737,1,0.7326273449468331,1,0.75330874768043,0
950ac7732bf5f563,2024_25,E0,1X,0.9065923089326394,1,0.9065923089326394,1,0.22853337543953106,0,0.8648743156278296,1
6c0e1ecebf33651d,2024_25,E0,12,0.7353896038692023,1,0.5520861870250069,0,0.7125242091057908,1,0.7353896038692023,1
1286ea28d8872661,2024_25,E0,X2,0.8041049234842026,1,0.46262324554039347,1,0.8041049234842026,1,0.7332718309754038,0
52af26839707109f,2024_25,E0,1X,0.8416261790938468,1,0.8416261790938468,1,0.38835724321819587,1,0.7700165776879573,0
3ae55a982fe32a89,2024_25,E0,1X,0.8789436385973286,1,0.8789436385973286,1,0.2974263976540729,1,0.8236299637485986,0
d22d60522cca6070,2024_25,E0,X2,0.7568689058726636,1,0.5182075287900023,0,0.7568689058726636,1,0.7249235653373343,1
85b2b9b946ebc5e6,2024_25,E0,X2,0.8139557730047442,1,0.40345623808197006,1,0.8139557730047442,1,0.782587988913286,0
fc30ac7518cafb3e,2024_25,E0,1X,0.8264434496422337,1,0.8264434496422337,1,0.3753515455062011,1,0.7982050048515654,0
4b48e33a905fd41c,2024_25,E0,12,0.710080146329804,1,0.5980169512107355,1,0.6919029024594604,0,0.710080146329804,1
497912a524bdf7e2,2024_25,E0,X2,0.8221028584223383,1,0.40642019001416424,1,0.8221028584223383,1,0.7714769515634976,0
7d31671a9f8b229d,2024_25,E0,X2,0.7265487278843521,1,0.5796775156233389,0,0.7265487278843521,1,0.693773756492309,1
22f9d9e03f6d962b,2024_25,E0,X2,0.7557698490321119,1,0.5071554045591196,0,0.7557698490321119,1,0.7370747464087686,1
24ece8522947e762,2024_25,E0,1X,0.8763435378927992,1,0.8763435378927992,1,0.3067045343879031,0,0.8169519277192978,1
f4ed3679887f58a6,2024_25,E0,1X,0.8682678923144725,1,0.8682678923144725,1,0.30934341575928415,0,0.8223886919262433,1
37d97c6f741de946,2024_25,E0,X2,0.7480911282654076,1,0.513875106023011,0,0.7480911282654076,1,0.7380337657115813,1
2beabde39d1221d3,2024_25,E0,1X,0.9087028391792618,1,0.9087028391792618,1,0.24999932458119006,0,0.8412978362395482,1
1deb5b1feab3b6a4,2024_25,E0,1X,0.8103185399299101,0,0.8103185399299101,0,0.41527663351483224,1,0.7744048265552579,1
b40d1479fe83809c,2024_25,E0,X2,0.8386072689448265,1,0.3529300110861553,0,0.8386072689448265,1,0.8084627199690184,1
a639dfaaa7b38304,2024_25,E0,X2,0.7890822681142006,1,0.4659187665716915,0,0.7890822681142006,1,0.7449989653141079,1
f7b9c93c289612dc,2024_25,E0,12,0.7090176410854078,1,0.6345537570067048,0,0.6564286019078873,1,0.7090176410854078,1
0b168f6ad9bfeab8,2024_25,E0,1X,0.8412867653354615,1,0.8412867653354615,1,0.3855964702434618,1,0.7731167644210769,0
51c5ab0db4017789,2024_25,E0,12,0.7163556927086965,1,0.6627821860016406,1,0.6208621212896628,0,0.7163556927086965,1
39bb34c1ab24bff6,2024_25,E0,12,0.7171671284211849,1,0.6994194762818002,0,0.5834133952970149,1,0.7171671284211849,1
e951c8ce9bb89be4,2024_25,E0,1X,0.8844936845044838,1,0.8844936845044838,1,0.3082889883042881,0,0.8072173271912281,1
e0c769e76b448de0,2024_25,E0,X2,0.8744682626287633,1,0.308028564059483,0,0.8744682626287633,1,0.8175031733117539,1
aaca1f4a6a584f65,2024_25,E0,1X,0.8506485382259166,1,0.8506485382259166,1,0.3351514955840315,0,0.814199966190052,1
ce4c2a7b8850108b,2024_25,E0,1X,0.7467588337680982,1,0.7467588337680982,1,0.5158682889906063,0,0.7373728772412953,1
1ec140c967ff2f5f,2024_25,E0,1X,0.8188936581136554,0,0.8188936581136554,0,0.44345315554321285,1,0.7376531863431316,1
a48278573ba8a9da,2024_25,E0,1X,0.9504260229198861,1,0.9504260229198861,1,0.13396268383503024,0,0.9156112932450837,1
798622248ffd0aed,2024_25,E0,X2,0.8541346474677052,1,0.3420928264434341,0,0.8541346474677052,1,0.8037725260888607,1
46ddf88aa14d8cca,2024_25,E0,X2,0.832636972444137,1,0.4038817785210158,0,0.832636972444137,1,0.7634812490348474,1
cf93808cec93ea1c,2024_25,E0,12,0.7471159083720149,1,0.6585212156511882,1,0.5943628759767969,0,0.7471159083720149,1
003ce78a82020bc7,2024_25,E0,12,0.7453118039580762,1,0.7403184880087743,0,0.5143697080331495,1,0.7453118039580762,1
c0d9be43184cbab4,2024_25,E0,1X,0.8267036204517537,0,0.8267036204517537,0,0.3674228423941226,1,0.8058735371541235,1
c8ccd16a5800a205,2024_25,E0,1X,0.8536688520827093,1,0.8536688520827093,1,0.3457913903698415,1,0.8005397575474492,0
4a236ade0ffe6be2,2024_25,E0,12,0.7217041493770349,1,0.68275655589632,0,0.5955392947266451,1,0.7217041493770349,1
5131ff1b52fdfb5c,2024_25,E0,12,0.7166657653461349,1,0.6445512259590511,1,0.6387830086948139,0,0.7166657653461349,1
f50755eb77edd492,2024_25,E0,X2,0.7845040490215756,1,0.4420302376636626,0,0.7845040490215756,1,0.773465713314762,1
93f13e4998936d87,2024_25,E0,1X,0.7759141650928888,1,0.7759141650928888,1,0.5100818717200998,0,0.7140039631870113,1
579650bc3b197e29,2024_25,E0,1X,0.7628866213114402,0,0.7628866213114402,0,0.4986093931078086,1,0.7385039855807514,1
37893f542fbe02d8,2024_25,E0,1X,0.79871660274793,0,0.79871660274793,0,0.44822660426946204,1,0.7530567929826082,1
48c75afaf221bf3d,2024_25,E0,12,0.7209338491174342,1,0.5808573345204993,1,0.6982088163620666,0,0.7209338491174342,1
01f592b60a782751,2024_25,E0,12,0.7671792780608405,1,0.721875683930933,0,0.5109450380082265,1,0.7671792780608405,1
d9b7cb3587c7e6dd,2024_25,E0,1X,0.7997684872503885,0,0.7997684872503885,0,0.46239759527049057,1,0.7378339174791211,1
fccc0d67a2427acd,2024_25,E0,12,0.7578887846648394,1,0.7475101742053962,1,0.49460104112976455,0,0.7578887846648394,1
6c1349bb8a3cb734,2024_25,E0,1X,0.8982132306630607,1,0.8982132306630607,1,0.2545826679875807,0,0.8472041013493588,1
18b822c9e435a6b1,2020_21,E1,1X,0.755066302205601,1,0.755066302205601,1,0.5291369999585702,0,0.7157966978358288,1
6262a0b7a40564e7,2020_21,E1,X2,0.7758653132495812,0,0.504576718991291,1,0.7758653132495812,0,0.719557967759128,1
716e4c6aa9d1af09,2020_21,E1,12,0.720089343036248,1,0.5721685117056445,0,0.7077421452581074,1,0.720089343036248,1
77245bf8e6c658eb,2020_21,E1,1X,0.7956564809679642,0,0.7956564809679642,0,0.4634438705100854,1,0.7408996485219507,1
e963661f09c372e6,2020_21,E1,1X,0.7450151279486051,1,0.7450151279486051,1,0.5267836740532554,0,0.7282011979981398,1
5f21ca7f8ce39d01,2020_21,E1,1X,0.7130618399805935,1,0.7130618399805935,1,0.575094357331251,0,0.7118438026881555,1
5b80f92a26ae78a8,2020_21,E1,1X,0.7063634650567844,0,0.7063634650567844,0,0.5991176957627335,1,0.6945188391804822,1
721dd26b3a9275e1,2020_21,E1,12,0.7086128618360618,1,0.66644937221717,0,0.6249377659467681,1,0.7086128618360618,1
feac07c6fe97060f,2020_21,E1,X2,0.7221854721604797,1,0.5647598697938403,0,0.7221854721604797,1,0.71305465804568,1
cc7851ffd2057763,2020_21,E1,12,0.689186469924826,0,0.6805403934509311,1,0.6302731366242429,1,0.689186469924826,0
f3b6f9ccd1f7f0cc,2020_21,E1,1X,0.7075241807687437,0,0.7075241807687437,0,0.593279825441891,1,0.6991959937893653,1
e7fe28ed13540db6,2020_21,E1,12,0.7014717876995278,1,0.6382899402007876,1,0.6602382720996847,0,0.7014717876995278,1
1b9448915805d14d,2020_21,E1,12,0.7068872141494875,1,0.7035681395175122,1,0.5895446463330003,0,0.7068872141494875,1
589b489208fb26b9,2020_21,E1,12,0.6992043346803815,1,0.6742092590835431,0,0.6265864062360758,1,0.6992043346803815,1
bdb3fe89b15be384,2020_21,E1,1X,0.8430091367983081,1,0.8430091367983081,1,0.39976673317991407,0,0.7572241300217778,1
8e6518e845615805,2020_21,E1,1X,0.8654309492837072,1,0.8654309492837072,1,0.37542656560706955,0,0.7591424851092232,1
c59ea4f26791cf27,2020_21,E1,12,0.699603170601931,1,0.6484433773763032,1,0.6519534520217658,0,0.699603170601931,1
7738b0a06a00064b,2020_21,E1,12,0.7027641839695091,0,0.6079081861954496,1,0.6893276298350413,1,0.7027641839695091,0
daa88ef335669a5c,2020_21,E1,1X,0.750746358479071,1,0.750746358479071,1,0.5406393587040531,1,0.7086142828168759,0
a7ae8dd307c26391,2020_21,E1,12,0.710573451260393,1,0.6865318960327433,1,0.6028946527068637,0,0.710573451260393,1
88a01d0f2ca33232,2020_21,E1,12,0.6921250170824382,1,0.6168631745451689,0,0.691011808372393,1,0.6921250170824382,1
bac6db8f2222a0ec,2020_21,E1,12,0.6978077717557531,0,0.6831145950140269,1,0.6190776332302199,1,0.6978077717557531,0
b55ce9efd58c6c91,2020_21,E1,1X,0.7389403246866522,1,0.7389403246866522,1,0.5666325416501746,1,0.6944271336631731,0
d1317df4b8e05ea9,2020_21,E1,1X,0.7712391301677866,0,0.7712391301677866,0,0.5030769938709816,1,0.7256838759612321,1
b7867fecf8ab5e9d,2020_21,E1,12,0.6957521837672365,1,0.6302374532845607,1,0.6740103629482028,0,0.6957521837672365,1
4343911a65a24dae,2020_21,E1,1X,0.797717274358013,1,0.797717274358013,1,0.4789461719140098,0,0.7233365537279774,1
75cd0e3a730fb049,2020_21,E1,X2,0.7941345583322228,1,0.46620585031616485,0,0.7941345583322228,1,0.7396595913516123,1
ae779f34604472e0,2020_21,E1,12,0.7071637417143489,0,0.6983398991728968,1,0.5944963591127543,1,0.7071637417143489,0
edfb2ff55faae09f,2020_21,E1,1X,0.7458000661381416,1,0.7458000661381416,1,0.5511309313184902,1,0.7030690025433681,0
329f89e0d97744d5,2020_21,E1,1X,0.7134315900165138,0,0.7134315900165138,0,0.5830423032051721,1,0.7035261067783141,1
554647657d2bf253,2020_21,E1,12,0.7111340802389359,1,0.6070231323823055,0,0.6818427873787587,1,0.7111340802389359,1
3bab29f8f9b7fdb0,2020_21,E1,X2,0.7684987665805978,1,0.5041342771285469,1,0.7684987665805978,1,0.7273669562908555,0
fddf440cda8650ec,2020_21,E1,12,0.7003035910256319,1,0.6780408317785032,0,0.6216555771958648,1,0.7003035910256319,1
048e8e86a497c38f,2020_21,E1,12,0.6964195638313184,0,0.6317779665470891,1,0.6718024696215925,1,0.6964195638313184,0
0fd4e169e180e296,2020_21,E1,12,0.6982481800503169,1,0.6436390712316618,1,0.6581127487180214,0,0.6982481800503169,1
89bb9a968aa66a17,2020_21,E1,12,0.7178776769975588,1,0.6870136928770161,1,0.5951086301254254,0,0.7178776769975588,1
63312872153f4d79,2020_21,E1,12,0.7101315560776522,1,0.5842286094447473,0,0.7056398344776005,1,0.7101315560776522,1
be9b2cbf67866837,2020_21,E1,1X,0.8113543532474445,0,0.8113543532474445,0,0.43198968972495355,1,0.7566559570276021,1
655f978cfe7acab5,2020_21,E1,1X,0.72810467339021,1,0.72810467339021,1,0.5595751810243347,1,0.7123201455854552,0
71198665360e5038,2020_21,E1,1X,0.7891158123397044,1,0.7891158123397044,1,0.4838074775525866,0,0.7270767101077088,1
6a8dc0b08dd97650,2020_21,E1,12,0.7112301555209045,1,0.6888298320899219,1,0.5999400123891737,0,0.7112301555209045,1
b8e6098dfd3229ff,2020_21,E1,12,0.7063740698333283,1,0.6523909600693021,0,0.6412349700973696,1,0.7063740698333283,1
037b70b646456cb8,2020_21,E1,X2,0.7291789914077726,0,0.5699455349259741,1,0.7291789914077726,0,0.7008754736662532,1
88662e055d955f51,2020_21,E1,12,0.7057443120029241,0,0.7030377834937795,1,0.5912179045032964,1,0.7057443120029241,0
61aa7727be0b99b9,2020_21,E1,1X,0.7605262153372554,1,0.7605262153372554,1,0.5250053134828938,1,0.7144684711798508,0
33df432ef82d0622,2020_21,E1,1X,0.7133083765077148,1,0.7133083765077148,1,0.5906372635491999,0,0.6960543599430855,1
dd832b80b972e4ae,2020_21,E1,1X,0.8051738826632617,0,0.8051738826632617,0,0.4492685218365973,1,0.7455575955001411,1
99d39030f19fec36,2020_21,E1,1X,0.7244880874239914,1,0.7244880874239914,1,0.5872101964614902,1,0.6883017161145187,0
dc8d9b4714485408,2020_21,E1,X2,0.7311195916468896,1,0.576331823691687,0,0.7311195916468896,1,0.6925485846614233,1
5f4cd9345d40e3da,2020_21,E1,12,0.7070167286754472,0,0.664575808645685,1,0.6284074626788678,1,0.7070167286754472,0
f05a6a773cc8ccbf,2020_21,E1,12,0.6868519438438465,1,0.6737644449588913,0,0.6393836111972622,1,0.6868519438438465,1
cdb6a5114f18931f,2020_21,E1,1X,0.7412025561837454,0,0.7412025561837454,0,0.5362831536579795,1,0.7225142901582753,1
d28f2b827762534d,2020_21,E1,1X,0.8233243840480242,1,0.8233243840480242,1,0.4146015843358805,1,0.7620740316160954,0
eed8d66facd21e94,2020_21,E1,1X,0.8538983278445225,1,0.8538983278445225,1,0.3538417474667806,0,0.7922599246886969,1
7beab7b1cfd36ba5,2020_21,E1,X2,0.738186964769731,1,0.5509037394131233,0,0.738186964769731,1,0.7109092958171459,1
a59235934af39aaa,2020_21,E1,12,0.6956890511519032,0,0.6919019108739635,1,0.6124090379741333,1,0.6956890511519032,0
724f5c57e99d4544,2020_21,E1,X2,0.7607212415659235,1,0.5061758723821753,0,0.7607212415659235,1,0.7331028860519011,1
2c989b842485d20f,2020_21,E1,1X,0.7669198513156208,0,0.7669198513156208,0,0.5150931979777613,1,0.7179869507066179,1
90502d6900fe74da,2020_21,E1,X2,0.8224997824490774,1,0.4407258120747236,0,0.8224997824490774,1,0.7367744054761989,1
50950d363177adb6,2020_21,E1,1X,0.714665508275922,0,0.714665508275922,0,0.5726496166340702,1,0.7126848750900081,1
1e74af2a3185b54d,2020_21,E1,12,0.7065993839590791,1,0.6944391681498765,0,0.5989614478910446,1,0.7065993839590791,1
16504acd721eafc7,2020_21,E1,X2,0.7301454051373291,1,0.5502055285874095,1,0.7301454051373291,1,0.7196490662752617,0
1214e9bcc828eae2,2020_21,E1,12,0.6962692740788382,1,0.6962218048889276,1,0.6075089210322343,0,0.6962692740788382,1
4030e2c6adb0a63e,2020_21,E1,1X,0.7794208561255226,1,0.7794208561255226,1,0.5094635672138854,0,0.7111155766605921,1
f3d1106ad5fc9664,2020_21,E1,1X,0.8169634087460036,1,0.8169634087460036,1,0.44656561864363986,0,0.7364709726103565,1
d3b575f74714324f,2020_21,E1,1X,0.8012050155341948,1,0.8012050155341948,1,0.4632112574065185,1,0.7355837270592867,0
6d78aef9c905308a,2020_21,E1,1X,0.8732504727927233,1,0.8732504727927233,1,0.34412944890607944,0,0.7826200783011973,1
849b8a62c93c69b3,2020_21,E1,12,0.7112360218224494,0,0.5853266466161539,1,0.7034373315613967,1,0.7112360218224494,0
3852f9d7bf58ca49,2020_21,E1,12,0.6959820796208378,1,0.6337445519880114,0,0.6702733683911508,1,0.6959820796208378,1
45e09ec4c4e9281c,2020_21,E1,X2,0.7198486293850076,1,0.5707819467438614,0,0.7198486293850076,1,0.7093694238711309,1
d5ce8ac85cdc456d,2020_21,E1,1X,0.7975091338877612,1,0.7975091338877612,1,0.4742005866122564,1,0.7282902794999824,0
d789a60f1004e9cc,2020_21,E1,1X,0.7397933212892924,1,0.7397933212892924,1,0.543030158227149,0,0.7171765204835587,1
1933a2fc6aeb5405,2020_21,E1,1X,0.766264341227106,1,0.766264341227106,1,0.5251901358952173,1,0.7085455228776767,0
7f5b821c818f6477,2020_21,E1,12,0.6751241921823553,0,0.6720400901487014,1,0.6528357176689432,1,0.6751241921823553,0
5bf77086fba87fc5,2020_21,E1,12,0.7021551257039151,0,0.6552414512700402,1,0.6426034230260447,1,0.7021551257039151,0
82f71d9c8188763f,2020_21,E1,1X,0.7086252227138703,1,0.7086252227138703,1,0.5902156082694674,1,0.7011591690166623,0
7942a028ae96f4d1,2020_21,E1,12,0.7187759460283991,1,0.5640092140984201,0,0.7172148398731806,1,0.7187759460283991,1
080bbc8a0c18ea04,2020_21,E1,12,0.6970994977977436,1,0.6233387485794704,0,0.6795617536227857,1,0.6970994977977436,1
a9c9fcc504c4a327,2020_21,E1,1X,0.7763723930821613,1,0.7763723930821613,1,0.5073143967930973,1,0.7163132101247414,0
2fa2a0c5dc6cad94,2020_21,E1,1X,0.925834867105762,1,0.925834867105762,1,0.22272560300904076,0,0.8514395298851972,1
83db51d1a838e642,2020_21,E1,1X,0.7075815869563064,1,0.7075815869563064,1,0.5867107282200458,1,0.705707684823648,0
ca119381accacb99,2020_21,E1,1X,0.7805009516154482,1,0.7805009516154482,1,0.4964333749683914,0,0.7230656734161602,1
e94c2461ab7a8180,2020_21,E1,1X,0.7768165984729141,0,0.7768165984729141,0,0.49853411183082513,1,0.7246492896962607,1
15e77cdb7b64011c,2020_21,E1,12,0.7196846798464285,1,0.5794190483511752,1,0.7008962718023964,0,0.7196846798464285,1
c8a1781379763c31,2020_21,E1,1X,0.7115859376089315,1,0.7115859376089315,1,0.5786504220150452,0,0.7097636403760232,1
b665e8cc35a658b2,2020_21,E1,1X,0.7603422434892515,0,0.7603422434892515,0,0.5182163212449764,1,0.7214414352657721,1
2f69120ef1c7a61d,2020_21,E1,12,0.7251754205339538,0,0.7067219207425348,1,0.5681026587235114,1,0.7251754205339538,0
fd8f5c6b7461e527,2020_21,E1,1X,0.7709685010567642,1,0.7709685010567642,1,0.5125400549655517,0,0.7164914439776844,1
874e4a79c0b49164,2020_21,E1,12,0.6908857967392545,1,0.6897894889446237,1,0.6193247143161218,0,0.6908857967392545,1
f574f1f2e4bf6775,2020_21,E1,X2,0.8746523663745113,1,0.3682898706672039,1,0.8746523663745113,1,0.757057762958285,0
1c6fb752335ea1e3,2020_21,E1,12,0.6961056211711689,1,0.6932303950199865,0,0.6106639838088445,1,0.6961056211711689,1
35bfd28ff9dc8c96,2020_21,E1,1X,0.6956929857030492,1,0.6956929857030492,1,0.6159090208053795,0,0.6883979934915714,1
a610106f3aa39b99,2020_21,E1,1X,0.8059101147539467,1,0.8059101147539467,1,0.4541388414965041,0,0.7399510437495493,1
80e4681c322d6ff1,2020_21,E1,12,0.692522973734441,0,0.62590712611169,1,0.6815699001538691,1,0.692522973734441,0
1cd6c0a9c2d17b79,2020_21,E1,X2,0.749274912620588,1,0.5408622593399904,1,0.749274912620588,1,0.7098628280394217,0
84fdf364f1914aa5,2020_21,E1,X2,0.7140178574136933,0,0.580521278542691,1,0.7140178574136933,0,0.7054608640436157,1
a84dcedd34e4240c,2020_21,E1,12,0.6919735873185678,1,0.6454715028229016,1,0.6625549098585305,0,0.6919735873185678,1
25bbe58383414957,2020_21,E1,12,0.7228328909389117,1,0.590372152010418,0,0.6867949570506706,1,0.7228328909389117,1
7fe18eeed15e366d,2020_21,E1,12,0.700064435382306,1,0.6005204690518531,1,0.6994150955658408,0,0.700064435382306,1
7b01208f5c50241f,2020_21,E1,1X,0.8317869850212425,1,0.8317869850212425,1,0.4189087591717276,1,0.74930425580703,0
ef2db2ceb3e0ddd3,2020_21,E1,X2,0.796341265136753,1,0.4652535084151402,0,0.796341265136753,1,0.7384052264481069,1
26e5f77154be1342,2020_21,E1,12,0.6748391292635451,1,0.6680487231018183,1,0.6571121476346368,0,0.6748391292635451,1
40f4fd6a322689e8,2020_21,E1,1X,0.8115002556771267,0,0.8115002556771267,0,0.46980404299506184,1,0.7186957013278114,1
d14135bfd435aa11,2020_21,E1,1X,0.7633738885205235,0,0.7633738885205235,0,0.5341085306066106,1,0.7025175808728659,1
6c24f0f728319c42,2020_21,E1,12,0.7021110871058056,1,0.6150608102063606,1,0.6828281026878338,0,0.7021110871058056,1
9272a21b432ccf77,2020_21,E1,1X,0.8025410594759224,1,0.8025410594759224,1,0.4558003164763547,0,0.7416586240477228,1
e505fa26c2d08bc0,2020_21,E1,12,0.7171938233540917,1,0.67388885737693,1,0.6089173192689784,0,0.7171938233540917,1
39efd66c29faecf1,2020_21,E1,X2,0.7529451618802575,0,0.5219777854025739,1,0.7529451618802575,0,0.7250770527171685,1
cdf5c139ced1940c,2020_21,E1,1X,0.7952194488194151,1,0.7952194488194151,1,0.4705122339678455,1,0.7342683172127397,0
c96d56e5d6831886,2020_21,E1,12,0.6949678902266667,1,0.6681757045782409,0,0.6368564051950922,1,0.6949678902266667,1
61e7ef6c9ae0b75e,2020_21,E1,1X,0.7524290440850305,1,0.7524290440850305,1,0.5138793577373946,1,0.7336915981775751,0
1c982bdbffbc148b,2020_21,E1,X2,0.7690364142628896,0,0.5150273941092612,1,0.7690364142628896,0,0.715936191627849,1
7bb2b04a0c9ed1ac,2020_21,E1,12,0.7077377493346664,0,0.691278279130364,1,0.6009839715349696,1,0.7077377493346664,0
ef9a1efdd0c4e613,2020_21,E1,1X,0.750956081697768,1,0.750956081697768,1,0.5323726653768676,0,0.7166712529253646,1
06e9bddb1d18a158,2020_21,E1,12,0.6969959842727567,1,0.689875588375602,0,0.6131284273516413,1,0.6969959842727567,1
fff850717a54a230,2020_21,E1,1X,0.7267424171616468,1,0.7267424171616468,1,0.5859248376944218,0,0.6873327451439313,1
d1059d640976edfc,2020_21,E1,1X,0.8319671642292427,0,0.8319671642292427,0,0.4239476823969111,1,0.7440851533738464,1
bdffbb25740b9f7c,2020_21,E1,1X,0.7366265467857237,0,0.7366265467857237,0,0.5489393080488302,1,0.7144341451654462,1
cd2e7886fc8193e7,2020_21,E1,1X,0.7586757100734678,1,0.7586757100734678,1,0.5344576397280112,0,0.7068666501985211,1
be790e21379d5fc5,2020_21,E1,1X,0.7053393791489908,0,0.7053393791489908,0,0.5908076059258778,1,0.7038530149251314,1
e8b03678c179552c,2020_21,E1,1X,0.7246225759502594,0,0.7246225759502594,0,0.5646038443106468,1,0.7107735797390937,1
c2d84f3f18a84067,2020_21,E1,X2,0.7012068753201827,1,0.6131925475084508,0,0.7012068753201827,1,0.6856005771713667,1
c6fce24469e5de0f,2020_21,E1,X2,0.7715197840288369,1,0.49427292748229035,0,0.7715197840288369,1,0.7342072884888727,1
7ae31c6f01d3fe97,2020_21,E1,1X,0.7444138363459707,1,0.7444138363459707,1,0.5178333855912809,0,0.7377527780627484,1
c4a13fc42b58d322,2020_21,E1,1X,0.7956630571654784,1,0.7956630571654784,1,0.4882950749761617,1,0.7160418678583601,0
f7a6d04d30feb00a,2020_21,E1,12,0.7104098010724181,1,0.6869219680834191,0,0.6026682308441629,1,0.7104098010724181,1
167252540379076c,2020_21,E1,1X,0.7250886608459157,1,0.7250886608459157,1,0.5608038857170943,1,0.71410745343699,0
eb10e3cfe0e526d9,2020_21,E1,1X,0.7442277811112314,1,0.7442277811112314,1,0.526749163073883,0,0.7290230558148856,1
b71de5bd29f99cfd,2020_21,E1,1X,0.8359894858948707,1,0.8359894858948707,1,0.42576210299604655,0,0.7382484111090828,1
e634bb6541c76024,2020_21,E1,X2,0.7420962528659681,0,0.5374819292359854,1,0.7420962528659681,0,0.7204218178980466,1
72ae25adbc67e403,2020_21,E1,12,0.6945716438165098,0,0.6245608340231802,1,0.6808675221603101,1,0.6945716438165098,0
12011b776208af67,2020_21,E1,1X,0.80704221192787,1,0.80704221192787,1,0.4612726050530995,0,0.7316851830190303,1
433ae7f410c0869f,2020_21,E1,12,0.7001375927453362,0,0.6230001824362399,1,0.6768622248184238,1,0.7001375927453362,0
75726b7c893ce2d5,2020_21,E1,1X,0.7920144508613586,1,0.7920144508613586,1,0.4693154245733736,0,0.7386701245652678,1
56f3e28f720dd391,2020_21,E1,12,0.7005890887979377,1,0.6641443388878907,1,0.6352665723141715,0,0.7005890887979377,1
78c9511ae14d4b82,2020_21,E1,12,0.7172681031916817,1,0.6982296292561136,1,0.5845022675522047,0,0.7172681031916817,1
4d623e9a84d33f8b,2020_21,E1,X2,0.7392502270505795,1,0.529809443820678,1,0.7392502270505795,1,0.7309403291287428,0
193e442d9a5535d2,2020_21,E1,12,0.6981926161810899,1,0.6390093945188833,0,0.6627979893000269,1,0.6981926161810899,1
342d49009bf1a9c2,2020_21,E1,1X,0.6854598768469222,1,0.6854598768469222,1,0.6381172665773125,1,0.6764228565757654,0
90721bd5f30eb272,2020_21,E1,12,0.6935284773554131,1,0.6895245118856819,1,0.616947010758905,0,0.6935284773554131,1
ccf14119cd7b83cb,2020_21,E1,X2,0.7670283793665268,1,0.5006059869346969,1,0.7670283793665268,1,0.7323656336987762,0
76dc28e39b644902,2020_21,E1,1X,0.7841422264248142,1,0.7841422264248142,1,0.504033805966499,0,0.7118239676086868,1
f650f51f5888dcfb,2020_21,E1,1X,0.8080964532596453,1,0.8080964532596453,1,0.45124871499619773,0,0.740654831744157,1
526095debf4605f5,2020_21,E1,X2,0.855957282389946,1,0.3657649366797264,1,0.855957282389946,1,0.7782777809303276,0
75e0a45493522f39,2020_21,E1,1X,0.6824480549039265,1,0.6824480549039265,1,0.6356408062787389,1,0.6819111388173347,0
9998fc0024abbccd,2020_21,E1,12,0.7233968731401703,1,0.7174849299777993,1,0.5591181968820302,0,0.7233968731401703,1
f6f0eb17ff7cf2d3,2020_21,E1,12,0.70801118285319,1,0.6015495830912305,0,0.6904392340555796,1,0.70801118285319,1
acd8f6fa3b4954aa,2020_21,E1,12,0.7209114949867415,0,0.58155493525752,1,0.6975335697557382,1,0.7209114949867415,0
b966d264169f3068,2020_21,E1,X2,0.711477739586845,1,0.5787885915472548,0,0.711477739586845,1,0.7097336688659001,1
fd72b46f5f5f4101,2020_21,E1,12,0.7079161388478341,1,0.6338134024652334,0,0.6582704586869326,1,0.7079161388478341,1
7dfb82eddd1e53e3,2020_21,E1,1X,0.8164399842347282,1,0.8164399842347282,1,0.43067388710662396,0,0.7528861286586479,1
86c9cda8c7a23033,2020_21,E1,1X,0.7770602907492947,1,0.7770602907492947,1,0.5082376705542946,0,0.7147020386964107,1
1bd8b5ccb0d32852,2020_21,E1,1X,0.7190489172399595,1,0.7190489172399595,1,0.6000805678655334,1,0.6808705148945071,0
d93e6f57c3d05db4,2020_21,E1,12,0.7010616422618821,0,0.6061871644827703,1,0.6927511932553476,1,0.7010616422618821,0
f34ac64f7aa28727,2020_21,E1,12,0.7114342656554056,1,0.5794429537560738,1,0.7091227805885207,0,0.7114342656554056,1
82187aec1966a4a2,2020_21,E1,1X,0.747090509583773,1,0.747090509583773,1,0.550706654428768,1,0.7022028359874593,0
4ec0387803387da9,2020_21,E1,1X,0.8285260936476262,1,0.8285260936476262,1,0.4145910149013361,0,0.7568828914510379,1
854890b75bc18ad6,2020_21,E1,1X,0.7083477367531357,1,0.7083477367531357,1,0.5847772805438023,0,0.706874982703062,1
fa7eeff6c7967d95,2020_21,E1,12,0.668508029728301,0,0.667360213645646,1,0.664131756626053,1,0.668508029728301,0
a78e80699b126929,2020_21,E1,1X,0.7800087646544998,1,0.7800087646544998,1,0.4792556984163256,0,0.7407355369291745,1
a7a8092d1965db55,2020_21,E1,1X,0.7855753106770319,1,0.7855753106770319,1,0.49955922330178143,0,0.7148654660211868,1
ed463eca97e57bb0,2020_21,E1,1X,0.7954899754036273,1,0.7954899754036273,1,0.4651217428552748,1,0.7393882817410978,0
b541f66c0f15bd79,2020_21,E1,X2,0.7155534425203812,0,0.584851740386917,1,0.7155534425203812,0,0.6995948170927019,1
45083012c6cbb4a9,2020_21,E1,1X,0.7694326092339252,1,0.7694326092339252,1,0.4951825270622459,1,0.7353848637038287,0
8eef309623307886,2020_21,E1,X2,0.8139569740960012,1,0.4287013522767344,1,0.8139569740960012,1,0.7573416736272642,0
234956f33e06be79,2020_21,E1,12,0.67735826751062,0,0.6597135787412503,1,0.6629281537481297,1,0.67735826751062,0
824f8b5b5cebf7d6,2020_21,E1,1X,0.7888247094570187,1,0.7888247094570187,1,0.5012152772810456,0,0.7099600132619357,1
1921af647aebb9f5,2020_21,E1,12,0.6926481547303462,1,0.6367330774150366,0,0.6706187678546172,1,0.6926481547303462,1
83e0d17460d9b964,2020_21,E1,1X,0.8100316347255458,1,0.8100316347255458,1,0.4509790917885636,0,0.7389892734858906,1
478ad5043831a570,2020_21,E1,12,0.68697007397394,1,0.6658692176901574,0,0.6471607083359027,1,0.68697007397394,1
fa63339b175f9f35,2020_21,E1,1X,0.8278457184368411,0,0.8278457184368411,0,0.42615588016808853,1,0.7459984013950705,1
55d33173c0a6b020,2020_21,E1,12,0.7034926158453626,0,0.6965175898643319,1,0.5999897942903054,1,0.7034926158453626,0
83b461709ed34980,2020_21,E1,12,0.724999606824485,1,0.7109948085052604,0,0.5640055846702545,1,0.724999606824485,1
f2a93a927d55cf80,2020_21,E1,X2,0.8213669901564911,1,0.41565332133865956,0,0.8213669901564911,1,0.7629796885048495,1
9f9d5e6ed9855036,2020_21,E1,1X,0.7145570437286078,1,0.7145570437286078,1,0.6030773635722454,0,0.6823655926991467,1
9c00e4eb62d16565,2020_21,E1,1X,0.7492242196988634,1,0.7492242196988634,1,0.5307943350252089,0,0.7199814452759277,1
51daf7da51e11bb8,2020_21,E1,12,0.7330278456235245,1,0.5369305768731234,1,0.730041577503352,0,0.7330278456235245,1
2ac6212d572c9d69,2020_21,E1,X2,0.7103326255486216,1,0.5866098446523993,1,0.7103326255486216,1,0.703057529798979,0
0cb39b908e8e4a11,2020_21,E1,12,0.6853444882895514,0,0.6844928852400323,1,0.6301626264704165,1,0.6853444882895514,0
2cc4f125df312094,2020_21,E1,X2,0.7707491554007478,1,0.49921285035032603,0,0.7707491554007478,1,0.7300379942489261,1
1e77ea9ff380849b,2020_21,E1,12,0.7130724770476485,1,0.5841912782276385,0,0.7027362447247132,1,0.7130724770476485,1
f6c98ad739ce428a,2020_21,E1,1X,0.7204802136212217,1,0.7204802136212217,1,0.5794421038777838,0,0.7000776825009946,1
3a60a8877b516470,2020_21,E1,1X,0.7772068644616283,1,0.7772068644616283,1,0.4887737422660062,1,0.7340193932723657,0
24716126fb0653ae,2020_21,E1,1X,0.704934926024825,0,0.704934926024825,0,0.597848911974799,1,0.6972161620003761,1
555c1320994b1a39,2020_21,E1,1X,0.7549279822126251,1,0.7549279822126251,1,0.5277219964405673,0,0.7173500213468074,1
74c1431b340035c6,2020_21,E1,12,0.7207554987872056,1,0.6723969318897369,1,0.6068475693230575,0,0.7207554987872056,1
46ec2666566b6f0d,2020_21,E1,1X,0.7569030163612781,0,0.7569030163612781,0,0.5405561910340895,1,0.7025407926046323,1
a58d71766264328b,2020_21,E1,1X,0.7841200019568644,1,0.7841200019568644,1,0.4789995270590049,0,0.7368804709841308,1
a11b1fea062bd50b,2020_21,E1,1X,0.8105308892037654,1,0.8105308892037654,1,0.43488131175867817,1,0.7545877990375565,0
5ddbc3dae4ec0bf0,2020_21,E1,12,0.6835344347355252,1,0.6808748749829314,1,0.6355906902815434,0,0.6835344347355252,1
c310812db8e1a68f,2020_21,E1,1X,0.8176042461251016,1,0.8176042461251016,1,0.4425700602113799,0,0.7398256936635187,1
346ed9263d0a5bf1,2020_21,E1,1X,0.7353015034054387,0,0.7353015034054387,0,0.5482800050589929,1,0.7164184915355685,1
7f8f1efd3ba17492,2020_21,E1,1X,0.7448783831592527,1,0.7448783831592527,1,0.53792196353824,1,0.7171996533025073,0
98b421c114010f25,2020_21,E1,12,0.6979455115310953,1,0.6507027953723243,1,0.6513516930965803,0,0.6979455115310953,1
840d7212ad8f510b,2020_21,E1,1X,0.7476568692984018,1,0.7476568692984018,1,0.5347564091843943,1,0.717586721517204,0
4903f8590382d8a1,2020_21,E1,12,0.6894363647607586,1,0.648134490969271,0,0.6624291442699703,1,0.6894363647607586,1
4577b9f4b797310e,2020_21,E1,12,0.7090513263545781,0,0.6137514676500013,1,0.6771972059954205,1,0.7090513263545781,0
fea5b989cf022147,2020_21,E1,1X,0.8700020714546642,1,0.8700020714546642,1,0.33764354943196345,0,0.7923543791133725,1
a14f837fc4be5406,2020_21,E1,12,0.6929055756077013,1,0.6327024496408549,1,0.674391974751444,0,0.6929055756077013,1
1385b949409227a2,2020_21,E1,1X,0.8328473156935678,1,0.8328473156935678,1,0.41739937812432915,0,0.7497533061821031,1
45a2645c322fe39c,2020_21,E1,1X,0.843244070276489,1,0.843244070276489,1,0.39466953682964534,1,0.7620863928938659,0
08fd370d43384970,2020_21,E1,12,0.722987992695266,1,0.5839202738661802,1,0.6930917334385538,0,0.722987992695266,1
e7bb64a7968e3fdd,2020_21,E1,1X,0.7817195938125655,1,0.7817195938125655,1,0.4802397649024509,0,0.7380406412849836,1
ca0fdfcd4da9dbdd,2020_21,E1,1X,0.77940281620665,0,0.77940281620665,0,0.4993790430700201,1,0.72121814072333,1
77c79512809adc91,2020_21,E1,1X,0.7005920246611693,0,0.7005920246611693,0,0.607360579972248,1,0.6920473953665828,1
cdac359b701b4c98,2020_21,E1,X2,0.7601616944412821,1,0.5342466211658163,0,0.7601616944412821,1,0.7055916843929017,1
33a266fd8e95053c,2020_21,E1,12,0.7214955732966672,1,0.6584924052737382,0,0.6200120214295946,1,0.7214955732966672,1
50987301b3ee6af7,2020_21,E1,1X,0.8614793372348037,1,0.8614793372348037,1,0.3428435934060173,0,0.7956770693591791,1
2d497662e87fe252,2020_21,E1,12,0.6992265973753446,0,0.6495113187425845,1,0.6512620838820709,1,0.6992265973753446,0
6236d19264f965b3,2020_21,E1,12,0.7030520251912544,1,0.6508939154262441,1,0.6460540593825015,0,0.7030520251912544,1
d7c484476df84828,2020_21,E1,1X,0.7242613242934107,1,0.7242613242934107,1,0.5707882919649808,0,0.7049503837416086,1
b4e2c9e191933faa,2020_21,E1,X2,0.7416890824284148,1,0.5464479693142235,0,0.7416890824284148,1,0.7118629482573618,1
2d2bc5400364869f,2020_21,E1,12,0.7209227062866367,1,0.6450521628533739,0,0.6340251308599896,1,0.7209227062866367,1
7ce05caceb011b8d,2020_21,E1,12,0.7193118507842762,1,0.6246119335039662,1,0.656076215711758,0,0.7193118507842762,1
935fec590303fb5f,2020_21,E1,12,0.6869881527715171,1,0.6379800652106256,0,0.6750317820178573,1,0.6869881527715171,1
e424b916fba4b611,2020_21,E1,12,0.7170109250073984,1,0.5869466744809229,0,0.6960424005116788,1,0.7170109250073984,1
bbf8758c35f19096,2020_21,E1,12,0.712774750595144,0,0.6986375060645265,1,0.5885877433403297,1,0.712774750595144,0
1484f3c40b0a3d68,2020_21,E1,1X,0.7138907629578111,1,0.7138907629578111,1,0.5732822486025875,0,0.7128269884396015,1
4529e964ff505de9,2020_21,E1,1X,0.9064871468195492,1,0.9064871468195492,1,0.2571758862424852,0,0.8363369669379656,1
a666f2a945fc8a68,2020_21,E1,X2,0.6957935929067756,1,0.6211391032467426,0,0.6957935929067756,1,0.6830673038464818,1
5ca40278d9225a3f,2020_21,E1,1X,0.7131326009512513,1,0.7131326009512513,1,0.5976240960182682,0,0.6892433030304805,1
00620d514279c390,2020_21,E1,12,0.6831607844837206,0,0.6688719892541717,1,0.6479672262621077,1,0.6831607844837206,0
b3be98b2ff39139a,2020_21,E1,12,0.696868689599961,1,0.610029335127213,1,0.693101975272826,0,0.696868689599961,1
5ad72fe1966af1ea,2020_21,E1,1X,0.7763374773530356,1,0.7763374773530356,1,0.5283762699403426,0,0.6952862527066218,1
2577939c485f9a7d,2020_21,E1,1X,0.7808374968302628,1,0.7808374968302628,1,0.5055748413629182,0,0.7135876618068191,1
0acde163f1f716ec,2020_21,E1,1X,0.8139494595582981,1,0.8139494595582981,1,0.4361963144221025,0,0.7498542260195994,1
86f581fa48af4ee7,2020_21,E1,12,0.7061891300340477,0,0.6952772972775816,1,0.5985335726883707,1,0.7061891300340477,0
eef25e972cef1bbd,2020_21,E1,12,0.7095458960972916,1,0.5954344795332863,0,0.6950196243694222,1,0.7095458960972916,1
44223922c12009f0,2020_21,E1,1X,0.7243503476432516,1,0.7243503476432516,1,0.562850301943576,0,0.7127993504131724,1
95cc4684e7c6a338,2020_21,E1,1X,0.7787525332377405,1,0.7787525332377405,1,0.4808699709415305,0,0.7403774958207291,1
b3d8554e7799904a,2020_21,E1,X2,0.700177803202316,1,0.6282589226216704,0,0.700177803202316,1,0.6715632741760136,1
4700afdcfa246762,2020_21,E1,1X,0.7963645631678244,1,0.7963645631678244,1,0.48994116225364515,0,0.7136942745785305,1
57a048c2a5f266d7,2020_21,E1,X2,0.7190729770002022,0,0.5703411912925094,1,0.7190729770002022,0,0.7105858317072883,1
b5ff25e8dc2abb52,2020_21,E1,X2,0.7912244116408471,1,0.46516078797591376,1,0.7912244116408471,1,0.7436148003832391,0
0ac2806ad57a9c8c,2020_21,E1,1X,0.705170047199404,1,0.705170047199404,1,0.606124088756671,1,0.688705864043925,0
4c2a17d65423694f,2020_21,E1,12,0.6903465384410203,1,0.6788997750460364,1,0.6307536865129433,0,0.6903465384410203,1
dc2f31c61cbc0650,2020_21,E1,12,0.7137061236622266,1,0.6097920880650629,1,0.6765017882727106,0,0.7137061236622266,1
c0c72ad95ca42cae,2020_21,E1,1X,0.7401326333062199,1,0.7401326333062199,1,0.5594494809366475,0,0.7004178857571326,1
f3cccefc2bbe4ccb,2020_21,E1,X2,0.7461121030280737,1,0.5149906722452264,1,0.7461121030280737,1,0.7388972247266998,0
d31bff0d75e2fb86,2020_21,E1,1X,0.7138906655409363,1,0.7138906655409363,1,0.5871800362749995,0,0.6989292981840642,1
35e1cb53248e6cda,2020_21,E1,1X,0.8220732539878199,1,0.8220732539878199,1,0.4328306963069647,1,0.7450960497052155,0
14eaa9341fe756c4,2020_21,E1,1X,0.773979805783216,1,0.773979805783216,1,0.4967772711532541,0,0.7292429230635301,1
6df22503160b0125,2020_21,E1,X2,0.711130945146432,1,0.5929140324042264,0,0.711130945146432,1,0.6959550224493416,1
08c6f6b1eb307a60,2020_21,E1,12,0.6744982506517677,0,0.6718612291448968,1,0.6536405202033356,1,0.6744982506517677,0
4b0e26be84ba82ff,2020_21,E1,1X,0.7255461288455809,0,0.7255461288455809,0,0.5667794437268971,1,0.7076744274275222,1
ec90ce723bf430a2,2020_21,E1,1X,0.7462784819837875,1,0.7462784819837875,1,0.5674443337039493,1,0.6862771843122633,0
daa804de87a41172,2020_21,E1,12,0.7101056529791788,1,0.5854757976977345,0,0.704418549323087,1,0.7101056529791788,1
841a83a7a73deeb6,2020_21,E1,1X,0.6921956448556524,1,0.6921956448556524,1,0.6167673850136511,0,0.6910369701306965,1
cf5b6af535de7670,2020_21,E1,12,0.7150371452026434,1,0.6513173660522366,1,0.6336454887451202,0,0.7150371452026434,1
0c5647ca405d2b1e,2020_21,E1,12,0.6744706447988489,1,0.6563778439313959,0,0.6691515112697553,1,0.6744706447988489,1
95fd4e9c89edbcc7,2020_21,E1,X2,0.7482833738235886,0,0.5604596017432744,1,0.7482833738235886,0,0.6912570244331371,1
a0e779265180c609,2020_21,E1,X2,0.7451753232529537,0,0.5186663077852531,1,0.7451753232529537,0,0.7361583689617932,1
edfdc105d87a6edb,2020_21,E1,1X,0.7428430339064507,1,0.7428430339064507,1,0.5458321282591763,0,0.7113248378343731,1
7739be8f00a2260e,2020_21,E1,1X,0.8111084015397573,1,0.8111084015397573,1,0.4144307919310347,1,0.774460806529208,0
3925e96ae281c8f7,2020_21,E1,1X,0.7100175201820229,1,0.7100175201820229,1,0.5997575582618084,0,0.6902249215561687,1
bbbff9895a8774fd,2020_21,E1,X2,0.7412405300775472,1,0.551947372665556,0,0.7412405300775472,1,0.7068120972568966,1
61f8482d9c5eb91b,2020_21,E1,X2,0.7725659209639034,0,0.5008405995482232,1,0.7725659209639034,0,0.726593479487873,1
18052ac2e40fad3d,2020_21,E1,1X,0.6870442985251446,1,0.6870442985251446,1,0.6322405506235946,1,0.6807151508512607,0
aea7cf185068059e,2020_21,E1,12,0.7112361235913038,1,0.6889738730806718,1,0.5997900033280243,0,0.7112361235913038,1
6f9e1b3e4b4489e9,2020_21,E1,1X,0.7796398933827373,1,0.7796398933827373,1,0.526159306307203,1,0.6942008003100597,0
732f0135d1d6f9c8,2020_21,E1,X2,0.7261833177607251,0,0.5716446488967779,1,0.7261833177607251,0,0.702172033342497,1
c6200eba861c819f,2020_21,E1,X2,0.7438109574349766,1,0.534476024303755,0,0.7438109574349766,1,0.7217130182612685,1
cec5d88063181efd,2020_21,E1,12,0.6959139546875364,1,0.6833514860625858,0,0.6207345592498779,1,0.6959139546875364,1
04c70d861f37af08,2020_21,E1,1X,0.7706627433068747,0,0.7706627433068747,0,0.5439168050920826,1,0.6854204516010427,1
36e99c4d9921bbdd,2020_21,E1,1X,0.8160676928482953,1,0.8160676928482953,1,0.43713362648213194,0,0.7467986806695727,1
b94c1b6ee8eb049f,2020_21,E1,12,0.6826445802749119,1,0.6444441525164224,0,0.6729112672086657,1,0.6826445802749119,1
011a06c5e311bed3,2020_21,E1,12,0.6869373948744342,1,0.661195266141342,1,0.6518673389842238,0,0.6869373948744342,1
baebce20672f3d94,2020_21,E1,X2,0.7808962869588268,1,0.4919361010609004,0,0.7808962869588268,1,0.7271676119802728,1
5bef7677766db0b1,2020_21,E1,X2,0.724342462974013,1,0.5660532051051749,0,0.724342462974013,1,0.7096043319208123,1
63000bfc28dcb0cf,2020_21,E1,12,0.7129539159504779,1,0.6895174717726213,0,0.5975286122769008,1,0.7129539159504779,1
9aef347b1514b56a,2020_21,E1,1X,0.8021982030665409,1,0.8021982030665409,1,0.46205511243033437,1,0.7357466845031249,0
1a36e4c1ef3ab165,2020_21,E1,1X,0.8060026690475437,0,0.8060026690475437,0,0.4743865302360342,1,0.7196108007164222,1
667f354daf32a9ad,2020_21,E1,1X,0.774313162937892,1,0.774313162937892,1,0.5094314106749176,1,0.7162554263871903,0
48cf8a7b095235eb,2020_21,E1,1X,0.8361763053738678,0,0.8361763053738678,0,0.410293649252209,1,0.753530045373923,1
291fd6710cb1e099,2020_21,E1,12,0.699489545836167,1,0.6418068244483466,1,0.6587036297154865,0,0.699489545836167,1
6c34c9c14be7ebab,2020_21,E1,12,0.7297056467787413,1,0.5646518007050698,0,0.705642552516189,1,0.7297056467787413,1
3c8822cc4180ca61,2020_21,E1,1X,0.7741877407245692,0,0.7741877407245692,0,0.510754612098688,1,0.7150576471767429,1
bb874c17c40de585,2020_21,E1,1X,0.6877051096800382,1,0.6877051096800382,1,0.6369164345870837,0,0.6753784557328785,1
6777f113c4355cdc,2020_21,E1,1X,0.864584571986925,1,0.864584571986925,1,0.35170731450925263,0,0.7837081135038224,1
0f8f8da0a10d5e3a,2020_21,E1,12,0.6816451326158358,1,0.6385304954728368,0,0.6798243719113277,1,0.6816451326158358,1
3c0fe216a1dca87a,2020_21,E1,X2,0.7376337949949833,0,0.5456707416599275,1,0.7376337949949833,0,0.7166954633450894,1
a3f59327f3a6cd0f,2020_21,E1,1X,0.7336522803911539,1,0.7336522803911539,1,0.5626224062875426,0,0.7037253133213036,1
76a247a8db300b25,2020_21,E1,12,0.6903615481672936,0,0.6505582689642022,1,0.6590801828685042,1,0.6903615481672936,0
226e2b50d5b90bbb,2020_21,E1,1X,0.7932833316722174,1,0.7932833316722174,1,0.48414241700974037,0,0.7225742513180423,1
f3446f61755c702f,2020_21,E1,1X,0.8553362357324359,1,0.8553362357324359,1,0.37319110931565924,0,0.7714726549519051,1
2e198d789ce6647e,2020_21,E1,1X,0.8523001708390996,1,0.8523001708390996,1,0.4017998391360268,0,0.7458999900248735,1
fdc62daab050b0d7,2020_21,E1,1X,0.7240648717466381,0,0.7240648717466381,0,0.5584173358845953,1,0.7175177923687664,1
eb7fbbe5deb0547c,2020_21,E1,X2,0.7110738133633537,1,0.5865213443897235,0,0.7110738133633537,1,0.7024048422469231,1
63b136dd3e950b11,2020_21,E1,12,0.6786006753005001,1,0.6767797024025781,0,0.6446196222969218,1,0.6786006753005001,1
f23dda8d5ecee196,2020_21,E1,12,0.6902180033463396,1,0.663114586202139,0,0.6466674104515212,1,0.6902180033463396,1
60ee737001d1676d,2020_21,E1,X2,0.708329610253611,1,0.5980417305050556,0,0.708329610253611,1,0.6936286592413334,1
2ed0a9b53647a071,2020_21,E1,12,0.6991584694466997,1,0.6594358829397388,0,0.6414056476135614,1,0.6991584694466997,1
ecbeae0365b4ae2c,2020_21,E1,12,0.6877818046457507,0,0.6535636500568873,1,0.658654545297362,1,0.6877818046457507,0
1909a4fd8e25bf03,2020_21,E1,1X,0.6995130220802479,0,0.6995130220802479,0,0.6021811521501444,1,0.6983058257696075,1
7664c57f43b4132c,2020_21,E1,12,0.7026566758412132,1,0.6986010545165424,1,0.5987422696422444,0,0.7026566758412132,1
cb12485a721886e8,2020_21,E1,X2,0.7355796091878984,1,0.5687225118396433,1,0.7355796091878984,1,0.6956978789724582,0
d24186520bdd8dd1,2020_21,E1,1X,0.6890836272780717,1,0.6890836272780717,1,0.6218327454438565,1,0.6890836272780717,0
7d69b6c5bb1df6cf,2020_21,E1,1X,0.7470363237796044,1,0.7470363237796044,1,0.5436438355223367,0,0.7093198406980588,1
cf5273402537a4f2,2020_21,E1,1X,0.780025176774167,0,0.780025176774167,0,0.49880843523954993,1,0.7211663879862829,1
0e7c4a93bc888435,2020_21,E1,12,0.6995390736275422,0,0.6087471448832369,1,0.6917137814892209,1,0.6995390736275422,0
882fe6b96a8e66b8,2020_21,E1,X2,0.7301049931695255,0,0.5531287951572809,1,0.7301049931695255,0,0.7167662116731938,1
e31ea0130ff48a5f,2020_21,E1,1X,0.807129789504542,1,0.807129789504542,1,0.4448804636628906,1,0.7479897468325676,0
ab563064c543f433,2020_21,E1,X2,0.6739636178167487,1,0.6521421674297238,1,0.6739636178167487,1,0.6738942147535276,0
79b819b1706374b8,2020_21,E1,1X,0.7856214147618005,1,0.7856214147618005,1,0.49446482202991515,0,0.7199137632082844,1
98ba2e1bb60b779d,2020_21,E1,1X,0.9001824748242265,1,0.9001824748242265,1,0.27694360082112157,0,0.8228739243546519,1
55bfdd605795f6c6,2020_21,E1,1X,0.7118339136278912,1,0.7118339136278912,1,0.599551647851894,1,0.688614438520215,0
aa2c6fbaa1b93d8e,2020_21,E1,1X,0.7932728915810712,1,0.7932728915810712,1,0.49550215779876855,0,0.7112249506201604,1
ebd6ff932c13979e,2020_21,E1,12,0.6940126478188005,0,0.6197197057689582,1,0.6862676464122413,1,0.6940126478188005,0
b9df89996b347020,2020_21,E1,12,0.7027074781474097,0,0.6749979105269958,1,0.6222946113255946,1,0.7027074781474097,0
1d2e7cbe8365b66e,2020_21,E1,X2,0.7053895821924114,1,0.5907405659627365,0,0.7053895821924114,1,0.7038698518448521,1
bd3fe08b8ffdbd5a,2020_21,E1,12,0.6964752520124547,1,0.6221178464833075,1,0.6814069015042379,0,0.6964752520124547,1
f22cbd4cc1a3d91a,2020_21,E1,1X,0.804272506591005,0,0.804272506591005,0,0.44970078444811046,1,0.7460267089608845,1
bab33bfef741f09f,2020_21,E1,X2,0.759507366421259,1,0.5149838955143583,1,0.759507366421259,1,0.7255087380643829,0
e531fa0ed5f419ca,2020_21,E1,1X,0.8703627647159576,0,0.8703627647159576,0,0.34884277253677176,1,0.7807944627472706,1
8bd631f8457f490e,2020_21,E1,12,0.6856922345784844,1,0.6724799032216062,0,0.6418278621999094,1,0.6856922345784844,1
0a88bf1bfd33cc8a,2020_21,E1,X2,0.7344720783962003,1,0.5550354923623736,1,0.7344720783962003,1,0.7104924292414262,0
eda9d5bba01974e9,2020_21,E1,12,0.7068090390601504,1,0.6098002001381408,1,0.6833907608017089,0,0.7068090390601504,1
57898b87c83e8d10,2020_21,E1,1X,0.8836144166725226,1,0.8836144166725226,1,0.3332211124447623,0,0.7831644708827152,1
cba02c2a3c8aad90,2020_21,E1,12,0.6981546069112508,1,0.6578825656223621,1,0.6439628274663871,0,0.6981546069112508,1
9b317d1dcd9568c1,2020_21,E1,X2,0.7476330823793966,1,0.5550778246719155,1,0.7476330823793966,1,0.6972890929486878,0
b8a7508841b7d116,2020_21,E1,1X,0.819498071567857,1,0.819498071567857,1,0.4505456464011695,0,0.7299562820309734,1
f2ed21099043e3f0,2020_21,E1,X2,0.7557153720283676,1,0.5306858086010146,0,0.7557153720283676,1,0.7135988193706178,1
bb40b74f8d993d1e,2020_21,E1,1X,0.7041347020420853,1,0.7041347020420853,1,0.5943039975207185,1,0.7015613004371963,0
e4b517fef92c233f,2020_21,E1,X2,0.7180243341783181,1,0.5873359831559899,0,0.7180243341783181,1,0.6946396826656919,1
7c6a4c210819bb8f,2020_21,E1,1X,0.7520211975312746,1,0.7520211975312746,1,0.5540913742532919,0,0.6938874282154334,1
bfdb4d468034d0e9,2020_21,E1,12,0.6948350175957745,1,0.6751218038284243,0,0.6300431785758012,1,0.6948350175957745,1
e5c34165c5139851,2020_21,E1,12,0.7235384546436231,1,0.6105249870766203,1,0.6659365582797565,0,0.7235384546436231,1
c07574db7dff530b,2020_21,E1,12,0.6794384974800298,0,0.6728608600588037,1,0.6477006424611664,1,0.6794384974800298,0
a4af791f5a204bc2,2020_21,E1,X2,0.7487754715234862,1,0.5265747561696104,0,0.7487754715234862,1,0.7246497723069034,1
c7ee17179da6704c,2020_21,E1,12,0.7030682424080605,1,0.6094088269003176,0,0.6875229306916217,1,0.7030682424080605,1
ab9819953b20051e,2020_21,E1,1X,0.7810036724833618,1,0.7810036724833618,1,0.5031298714785921,0,0.7158664560380462,1
f346ed6ba1edd62f,2020_21,E1,X2,0.7471210259998311,1,0.5359353497005075,0,0.7471210259998311,1,0.7169436242996614,1
601377c5a7610bf0,2020_21,E1,1X,0.7721965275661667,0,0.7721965275661667,0,0.5005349319204617,1,0.7272685405133716,1
51da2b806724a86d,2020_21,E1,X2,0.7093038351107983,1,0.5836699833144285,1,0.7093038351107983,1,0.7070261815747731,0
999613de92cd2a7e,2020_21,E1,12,0.6812138041769682,1,0.6717544811279401,0,0.6470317146950917,1,0.6812138041769682,1
03c71a0ba0e19fc2,2020_21,E1,1X,0.7513258528062545,1,0.7513258528062545,1,0.5426579064706141,0,0.7060162407231316,1
b48e208b91ed0141,2020_21,E1,12,0.6821831300685121,1,0.6636400929590058,1,0.6541767769724824,0,0.6821831300685121,1
a1c532895b9dff1a,2020_21,E1,1X,0.8008479856390984,0,0.8008479856390984,0,0.4649270294639244,1,0.7342249848969771,1
90c0a349d7025312,2020_21,E1,1X,0.8059348638803857,1,0.8059348638803857,1,0.4623414749583248,0,0.7317236611612897,1
f63a351004e7aa96,2020_21,E1,1X,0.7044686191978968,0,0.7044686191978968,0,0.6167704026650248,1,0.6787609781370783,1
d7c3950396356545,2020_21,E1,1X,0.858321117074831,1,0.858321117074831,1,0.3873699575551014,0,0.7543089253700676,1
d81d8e944a05a790,2020_21,E1,1X,0.8250435043071938,0,0.8250435043071938,0,0.42511314633675445,1,0.749843349356052,1
f6cfb7209fd85780,2020_21,E1,X2,0.7547033888354142,1,0.540158110724124,0,0.7547033888354142,1,0.7051385004404619,1
69508898177af4a3,2020_21,E1,1X,0.7601421958303389,1,0.7601421958303389,1,0.5523578941221865,0,0.6874999100474746,1
dde0b9ad69176576,2020_21,E1,X2,0.7404764171625062,1,0.5500505120060657,0,0.7404764171625062,1,0.7094730708314281,1
6893ef70578c7b34,2020_21,E1,1X,0.7670679074705906,1,0.7670679074705906,1,0.5229299615379759,0,0.7100021309914333,1
244891656f71087b,2020_21,E1,X2,0.7538806778007108,1,0.5367916252288875,0,0.7538806778007108,1,0.7093276969704019,1
e8c97e3fa78c6477,2020_21,E1,12,0.6908844880116078,1,0.6314538778168093,0,0.6776616341715829,1,0.6908844880116078,1
b0242114b77e2e84,2020_21,E1,X2,0.8109478079802706,1,0.4417314586376268,0,0.8109478079802706,1,0.7473207333821026,1
43c603e3835228a7,2020_21,E1,1X,0.7650053636760719,1,0.7650053636760719,1,0.5590875340042902,0,0.6759071023196377,1
127c726585faf2be,2020_21,E1,X2,0.7592432919623773,0,0.5043109671893937,1,0.7592432919623773,0,0.736445740848229,1
74b2b562f8d67583,2020_21,E1,1X,0.7778875345618561,1,0.7778875345618561,1,0.5185745071439385,0,0.7035379582942056,1
22adf29b2fd75ee3,2020_21,E1,12,0.710788545755205,1,0.6596927147784937,1,0.6295187394663013,0,0.710788545755205,1
275c08d87ae15d37,2020_21,E1,1X,0.8016904074864004,1,0.8016904074864004,1,0.4507054800312585,0,0.7476041124823409,1
075695b8c9f0d64d,2020_21,E1,1X,0.8018725246363443,1,0.8018725246363443,1,0.4755849989699015,0,0.7225424763937542,1
2468b777afdb730c,2020_21,E1,X2,0.7338401097782272,0,0.5589866305999681,1,0.7338401097782272,0,0.7071732596218048,1
e36479c917ffeaae,2020_21,E1,X2,0.7629820175652839,1,0.513953224983583,0,0.7629820175652839,1,0.7230647574511333,1
9175c3cd75d1d4f7,2020_21,E1,1X,0.7669756322070871,1,0.7669756322070871,1,0.5228829983584635,0,0.7101413694344496,1
aa1a1907566bab40,2020_21,E1,X2,0.7360086808007542,0,0.5601001395784933,1,0.7360086808007542,0,0.7038911796207524,1
2a7659741f9af82f,2020_21,E1,1X,0.8106177699076123,1,0.8106177699076123,1,0.4565679687954779,1,0.73281426129691,0
16fc07156f9743f8,2020_21,E1,1X,0.8607679012864224,1,0.8607679012864224,1,0.34654416272038296,0,0.7926879359931948,1
1e27731cda3846f2,2020_21,E1,12,0.6947728355435172,1,0.6802662382160474,1,0.6249609262404354,0,0.6947728355435172,1
c9124d1e458856ca,2020_21,E1,12,0.715565801833457,1,0.5909695194541379,1,0.693464678712405,0,0.715565801833457,1
a33529321664d0c1,2020_21,E1,1X,0.6967608520356896,0,0.6967608520356896,0,0.6150411022846323,1,0.6881980456796781,1
f4c7466953fafea8,2020_21,E1,1X,0.6790223348951421,0,0.6790223348951421,0,0.6488315330926773,1,0.6721461320121808,1
a1482bfe3e05b136,2020_21,E1,1X,0.7465613135802263,1,0.7465613135802263,1,0.5650458937343632,0,0.6883927926854105,1
4b85eb44c22992a5,2020_21,E1,X2,0.8442147332658014,1,0.39947011101440505,0,0.8442147332658014,1,0.7563151557197934,1
a993d3e3ff438631,2020_21,E1,1X,0.7330697168222017,1,0.7330697168222017,1,0.5644036750971687,0,0.7025266080806297,1
a0b1e2e5c52526c4,2020_21,E1,1X,0.8468108041608262,0,0.8468108041608262,0,0.41510810022841227,1,0.7380810956107615,1
95877170bb0c1521,2020_21,E1,X2,0.6972332492964652,1,0.6160991153670103,1,0.6972332492964652,1,0.6866676353365244,0
41e5080e60fbe018,2020_21,E1,12,0.6930366333025895,1,0.6426679890622131,0,0.6642953776351976,1,0.6930366333025895,1
34e4370bb34bba1c,2020_21,E1,X2,0.7850575498997605,0,0.4832277365426896,1,0.7850575498997605,0,0.7317147135575498,1
659d306a1c971ca1,2020_21,E1,1X,0.7288141329412926,1,0.7288141329412926,1,0.5776757178293996,0,0.6935101492293079,1
858ec2d2caae9178,2020_21,E1,1X,0.8321895249613332,1,0.8321895249613332,1,0.4299116232695749,0,0.7378988517690919,1
b86f6786bf3f5eee,2020_21,E1,1X,0.7476422355263365,1,0.7476422355263365,1,0.5532815564499678,0,0.6990762080236956,1
6ef7243a102b00b1,2020_21,E1,X2,0.717557565382255,1,0.5713943039733604,0,0.717557565382255,1,0.7110481306443845,1
126747722f4d837b,2020_21,E1,1X,0.7121009711769684,0,0.7121009711769684,0,0.5828977717278363,1,0.7050012570951953,1
25b1a0fb91f0ebe4,2020_21,E1,12,0.7091801546748928,0,0.6126654537254346,1,0.6781543915996726,1,0.7091801546748928,0
a0841de3da5c5811,2020_21,E1,1X,0.6918930855087537,1,0.6918930855087537,1,0.6373893644948327,1,0.6707175499964135,0
bee66c326fe78b51,2020_21,E1,12,0.7057322565879407,1,0.6419102309678701,1,0.6523575124441892,0,0.7057322565879407,1
745dd8dcf79e02f9,2020_21,E1,1X,0.7475084154355314,1,0.7475084154355314,1,0.5534621383059152,0,0.6990294462585536,1
c57dd19e9b88ebed,2020_21,E1,12,0.6986349238122422,1,0.6351856577389889,1,0.6661794184487688,0,0.6986349238122422,1
0174a60af3dfdd60,2020_21,E1,1X,0.7509508634992734,1,0.7509508634992734,1,0.5424242037351142,1,0.7066249327656123,0
00435971d4239414,2020_21,E1,1X,0.803791741702848,1,0.803791741702848,1,0.4681192788179559,0,0.7280889794791964,1
fece1f97eb59c574,2020_21,E1,1X,0.7241795771822876,1,0.7241795771822876,1,0.5812534289968176,0,0.6945669938208947,1
483ccc31d9338f2b,2020_21,E1,12,0.6863543355469829,0,0.6717698599518762,1,0.6418758045011408,1,0.6863543355469829,0
c7d6ba0b19e4587e,2020_21,E1,12,0.7090018201553414,1,0.7039165380024683,1,0.5870816418421902,0,0.7090018201553414,1
061f7d1610813bac,2020_21,E1,X2,0.7172830609312911,1,0.5707987546423627,0,0.7172830609312911,1,0.711918184426346,1
c44d9099a3d4eedb,2020_21,E1,1X,0.8381663394350416,0,0.8381663394350416,0,0.44028984952853545,1,0.7215438110364228,1
5f8950d641d0fa1e,2020_21,E1,X2,0.8945725371506679,1,0.29361190131135506,0,0.8945725371506679,1,0.8118155615379771,1
b7b22cc8972e5888,2020_21,E1,1X,0.7573998461478082,1,0.7573998461478082,1,0.5462847289405903,0,0.6963154249116015,1
67c1bedb6720bee4,2020_21,E1,12,0.6909849436863953,1,0.6270943836000284,0,0.6819206727135763,1,0.6909849436863953,1
c40a7d62c64b841d,2020_21,E1,12,0.691915659844718,0,0.684413782165552,1,0.6236705579897299,1,0.691915659844718,0
0333f09d473c75d8,2020_21,E1,1X,0.7273331779119709,1,0.7273331779119709,1,0.5868749187617708,0,0.6857919033262582,1
994198b6bee22ec5,2020_21,E1,1X,0.7957675629897094,0,0.7957675629897094,0,0.48994973651336504,1,0.7142827004969255,1
c50aef4b341dcecf,2020_21,E1,12,0.7120861911360128,1,0.6994427930734424,1,0.5884710157905447,0,0.7120861911360128,1
33fc2527c8dea46d,2020_21,E1,1X,0.7228532493516667,1,0.7228532493516667,1,0.5592200987688539,0,0.7179266518794795,1
e7a7a2e834321cd2,2020_21,E1,12,0.7100388492113305,1,0.6113370894421275,0,0.678624061346542,1,0.7100388492113305,1
96357f7f42454365,2020_21,E1,X2,0.7877348846454308,1,0.4759095873796529,0,0.7877348846454308,1,0.7363555279749162,1
cab8994abe6f6e89,2020_21,E1,1X,0.6880916452098459,0,0.6880916452098459,0,0.6325128378557885,1,0.679395516934366,1
16bb9501d116d6a2,2020_21,E1,X2,0.7368123941947409,1,0.5541033764534,1,0.7368123941947409,1,0.709084229351859,0
8ff216739178e05f,2020_21,E1,1X,0.7872337976159871,1,0.7872337976159871,1,0.5000435584087313,0,0.7127226439752815,1
539d5d6b3bd466fe,2020_21,E1,1X,0.7983048922715474,1,0.7983048922715474,1,0.49387077890394904,0,0.7078243288245036,1
8487bc5f8b095d0e,2020_21,E1,12,0.7150765513822002,1,0.5715368734703483,0,0.7133865751474515,1,0.7150765513822002,1
8c86fed3c177d778,2020_21,E1,1X,0.6892029702005387,1,0.6892029702005387,1,0.6280610204194619,0,0.6827360093799995,1
f92015ed33dbc25b,2020_21,E1,12,0.6996108412637204,1,0.69452761719037,0,0.6058615415459097,1,0.6996108412637204,1
5183db60442fbb29,2020_21,E1,1X,0.9009855287561022,1,0.9009855287561022,1,0.288430071416247,0,0.8105843998276508,1
fadc58abd25c9ea2,2020_21,E1,X2,0.7512311450315479,1,0.5252872453419878,1,0.7512311450315479,1,0.7234816096264642,0
7372f6f01c5aedd7,2020_21,E1,1X,0.7766613450373486,1,0.7766613450373486,1,0.5179654665223684,0,0.7053731884402831,1
d00b686c0cd43f66,2020_21,E1,1X,0.8403779634513824,1,0.8403779634513824,1,0.4089022413371362,0,0.7507197952114815,1
f2ca547b01754d12,2020_21,E1,1X,0.7000610254557965,1,0.7000610254557965,1,0.6153076469952246,0,0.684631327548979,1
10bc62fcdf747042,2020_21,E1,12,0.700940556726712,0,0.62124969357917,1,0.677809749694118,1,0.700940556726712,0
a5233bb517585fa2,2020_21,E1,1X,0.8309928091133216,1,0.8309928091133216,1,0.3990767191911333,0,0.7699304716955451,1
282cc116b3f4017c,2020_21,E1,1X,0.8010354653918461,1,0.8010354653918461,1,0.48261198947728673,1,0.7163525451308672,0
881f8c311282a1eb,2020_21,E1,X2,0.716917892815885,1,0.5664490553774091,0,0.716917892815885,1,0.7166330518067058,1
926bcb10b0fbe30c,2020_21,E1,X2,0.7400006011624478,1,0.5551255568353566,0,0.7400006011624478,1,0.7048738420021958,1
4e51963d9b79a3c5,2020_21,E1,1X,0.7601464307970995,0,0.7601464307970995,0,0.5444918117710835,1,0.695361757431817,1
5f47e372ffd6976d,2020_21,E1,1X,0.7254351347562475,0,0.7254351347562475,0,0.5627690426163464,1,0.7117958226274059,1
7d80aeb2a0f5d4e6,2020_21,E1,X2,0.6927196400738302,1,0.6189639604096032,0,0.6927196400738302,1,0.6883163995165669,1
165a6a1663917d35,2020_21,E1,1X,0.6864912743495337,0,0.6864912743495337,0,0.6412903431196467,1,0.6722183825308197,1
fab285c47b0d61c4,2020_21,E1,1X,0.7333342243778864,1,0.7333342243778864,1,0.579311439877923,0,0.6873543357441905,1
fd65a83130d81191,2020_21,E1,1X,0.6826452960745604,1,0.6826452960745604,1,0.6404706411954293,1,0.6768840627300103,0
42c8791de5a173b1,2020_21,E1,1X,0.7527297013916621,0,0.7527297013916621,0,0.5267795407490954,1,0.7204907578592423,1
ff88a16ee42fae4a,2020_21,E1,X2,0.7412267188572894,0,0.5483778143309508,1,0.7412267188572894,0,0.7103954668117598,1
86e2fd6a6ff38cbb,2020_21,E1,X2,0.8477931159375394,1,0.3890953728542227,0,0.8477931159375394,1,0.763111511208238,1
97ed1509a92c273c,2020_21,E1,1X,0.6972654858069294,1,0.6972654858069294,1,0.6108604901130191,1,0.6918740240800516,0
3d7418a36806f7d8,2020_21,E1,X2,0.7530941729794121,1,0.5406392013594372,1,0.7530941729794121,1,0.7062666256611507,0
45676a45c279d865,2020_21,E1,X2,0.6939541844857493,0,0.6160171387467424,1,0.6939541844857493,0,0.6900286767675083,1
a6d0a9a3bc69f3cf,2020_21,E1,1X,0.7707866466358237,1,0.7707866466358237,1,0.5165736428220344,0,0.7126397105421416,1
9d3a4683e0a38efe,2020_21,E1,X2,0.8234381498170246,1,0.42104322353932855,0,0.8234381498170246,1,0.7555186266436469,1
a13a71421b374d95,2020_21,E1,1X,0.7526777147676638,1,0.7526777147676638,1,0.5332645975242609,0,0.7140576877080753,1
eb681061133485e5,2020_21,E1,X2,0.7911749798306933,1,0.47332566033799806,0,0.7911749798306933,1,0.7354993598313087,1
a783597e1b092e54,2020_21,E1,12,0.690444354702095,1,0.6860074283019552,1,0.6235482169959498,0,0.690444354702095,1
89059face2db0134,2020_21,E1,X2,0.825096588078321,1,0.42546121473827647,0,0.825096588078321,1,0.7494421971834025,1
3673bc46ab3139ec,2020_21,E1,X2,0.7119469620981673,0,0.586547816751676,1,0.7119469620981673,0,0.7015052211501567,1
6bf937211ffa3bb8,2020_21,E1,1X,0.805687437487119,1,0.805687437487119,1,0.45802597694743963,1,0.7362865855654412,0
d58f9ff8596b97e5,2020_21,E1,12,0.6869828143794307,0,0.6412964606516444,1,0.6717207249689251,1,0.6869828143794307,0
e04de8bf95015f4b,2020_21,E1,1X,0.835017227996856,1,0.835017227996856,1,0.4202972433030197,1,0.7446855287001242,0
4e6f311aa6e739e1,2020_21,E1,1X,0.8172071991273624,0,0.8172071991273624,0,0.4470204908857966,1,0.7357723099868412,1
ae2eedf9af24ccc4,2020_21,E1,12,0.7208957685220418,1,0.6590211122679068,0,0.6200831192100513,1,0.7208957685220418,1
aff94d0fc9f53d58,2020_21,E1,1X,0.8278077261194381,1,0.8278077261194381,1,0.4345172358349493,1,0.7376750380456127,0
c0d62aa4fd6056a6,2020_21,E1,X2,0.7205082846672365,0,0.6081607854206587,1,0.7205082846672365,0,0.6713309299121047,1
5120e49284d3e8b8,2020_21,E1,1X,0.8641081512726034,1,0.8641081512726034,1,0.3532393489126793,1,0.7826524998147175,0
88f69e5e39b9116d,2020_21,E1,12,0.6968272610864132,1,0.6926604884119383,0,0.6105122505016486,1,0.6968272610864132,1
c50ae68706b727cd,2020_21,E1,1X,0.7301780805365765,1,0.7301780805365765,1,0.5612334007317632,1,0.7085885187316603,0
014b8af947cedc4f,2020_21,E1,1X,0.7148453616626746,1,0.7148453616626746,1,0.5992567391768788,0,0.6858978991604465,1
1de11577dd723319,2020_21,E1,1X,0.8339464933135159,1,0.8339464933135159,1,0.43129667683889517,0,0.734756829847589,1
2d4b63059a5caadb,2020_21,E1,1X,0.7031675094152587,0,0.7031675094152587,0,0.6041518787735455,1,0.6926806118111959,1
92c1ca5592d269de,2020_21,E1,1X,0.762371839917364,1,0.762371839917364,1,0.5167281681575939,0,0.7208999919250422,1
fda097eeb431fa68,2020_21,E1,X2,0.7372256214260069,1,0.5550060905203851,0,0.7372256214260069,1,0.707768288053608,1
094146f2081db903,2020_21,E1,1X,0.7428345287635327,0,0.7428345287635327,0,0.5568137745860925,1,0.7003516966503747,1
c73e08ed07f4f514,2020_21,E1,1X,0.7357641546001559,1,0.7357641546001559,1,0.5670488803042648,0,0.6971869650955792,1
8a5d5c07b902ba83,2020_21,E1,1X,0.7103901275494753,1,0.7103901275494753,1,0.5889805331812448,0,0.70062933926928,1
e2be0c3ec11b861f,2020_21,E1,X2,0.7903173783432087,1,0.4583476962773848,1,0.7903173783432087,1,0.7513349253794065,0
491a01db5c8838af,2020_21,E1,12,0.7152686716663851,1,0.7113614025768707,1,0.5733699257567443,0,0.7152686716663851,1
1c3db7baddbb31ea,2020_21,E1,1X,0.858636321604015,1,0.858636321604015,1,0.3899434341560769,0,0.7514202442399083,1
8328f98b78493d46,2020_21,E1,X2,0.801009317310091,0,0.45996120943281127,1,0.801009317310091,0,0.7390294732570977,1
edc88ae811c098d8,2020_21,E1,1X,0.7173006920207772,1,0.7173006920207772,1,0.5774673679689372,1,0.7052319400102856,0
d59f1f5bdfc2fa28,2020_21,E1,X2,0.7004009193511849,0,0.6108314695016941,1,0.7004009193511849,0,0.688767611147121,1
0e0ce2febbd13c72,2020_21,E1,X2,0.7744694861459114,1,0.49940831083710197,1,0.7744694861459114,1,0.7261222030169867,0
25cf73faaba87881,2020_21,E1,X2,0.7446920799920513,1,0.5521500409849842,1,0.7446920799920513,1,0.7031578790229644,0
24b44b62ce1eae2c,2020_21,E1,12,0.7180821981975193,1,0.5891304616568513,0,0.6927873401456293,1,0.7180821981975193,1
6f3c5fa814719aea,2020_21,E1,1X,0.741499530249166,1,0.741499530249166,1,0.5679455466777636,0,0.6905549230730703,1
97700c6c66af7013,2020_21,E1,X2,0.7376199937881942,1,0.5407750543873162,0,0.7376199937881942,1,0.7216049518244896,1
c8040a61d35d3670,2020_21,E1,12,0.7079811302789953,1,0.6595230869659439,1,0.6324957827550608,0,0.7079811302789953,1
633f67a94c70ff4c,2020_21,E1,1X,0.7478881142303946,1,0.7478881142303946,1,0.5447589947119262,0,0.7073528910576794,1
99d9defee399850f,2020_21,E1,1X,0.8159530335400221,0,0.8159530335400221,0,0.4245010220740406,1,0.7595459443859374,1
c4bea9748e30ee39,2020_21,E1,1X,0.7552721363472594,0,0.7552721363472594,0,0.5512334118075577,1,0.6934944518451829,1
03fb13456f396b77,2020_21,E1,1X,0.7917967772079596,0,0.7917967772079596,0,0.48609492395636245,1,0.722108298835678,1
248e5c4f60f19541,2020_21,E1,12,0.6896901557525443,1,0.6441953753156577,1,0.6661144689317979,0,0.6896901557525443,1
29d89f1fba241434,2020_21,E1,1X,0.8364377425407267,1,0.8364377425407267,1,0.41570285480792846,1,0.7478594026513449,0
13295188c966f601,2020_21,E1,1X,0.8769216083836194,1,0.8769216083836194,1,0.3237649835243472,0,0.7993134080920334,1
1250db11bb7bb226,2020_21,E1,1X,0.8181984952506549,1,0.8181984952506549,1,0.4569837629540372,0,0.7248177417953079,1
7a523b00075a3024,2020_21,E1,X2,0.7102555129811821,1,0.6037146596826126,0,0.7102555129811821,1,0.6860298273362055,1
1fa433c907dd1176,2020_21,E1,1X,0.754681214875419,1,0.754681214875419,1,0.525317466401271,0,0.7200013187233103,1
375e87c2511453c4,2020_21,E1,12,0.680976849359098,1,0.6593354949948687,1,0.6596876556460334,0,0.680976849359098,1
324bf438f1bec3be,2020_21,E1,1X,0.8355799011723599,1,0.8355799011723599,1,0.4122982065174361,0,0.7521218923102038,1
7ae4ae94e665dc38,2020_21,E1,X2,0.7249611752193817,1,0.5673898930994457,1,0.7249611752193817,1,0.7076489316811725,0
a7662570ac2b0d03,2020_21,E1,12,0.7011853954321061,0,0.6739192135408876,1,0.6248953910270063,1,0.7011853954321061,0
24c51527732f25d5,2020_21,E1,X2,0.8298525000315048,1,0.4010997986925801,0,0.8298525000315048,1,0.7690477012759152,1
19534f520b191a66,2020_21,E1,12,0.7073072237510691,0,0.6807923820832649,1,0.611900394165666,1,0.7073072237510691,0
093a4a32bc57816b,2020_21,E1,X2,0.7778042759967392,1,0.4935453398396722,0,0.7778042759967392,1,0.7286503841635887,1
c3fb7314402d6320,2020_21,E1,12,0.7174035599225814,1,0.7063164788358902,1,0.5762799612415284,0,0.7174035599225814,1
26a0819d14a4dd97,2020_21,E1,X2,0.7238217248406282,1,0.5609074033512849,0,0.7238217248406282,1,0.7152708718080869,1
0793f11728b3961a,2020_21,E1,X2,0.7917187818762033,1,0.4674186088492327,0,0.7917187818762033,1,0.7408626092745642,1
143560d1d02e0223,2020_21,E1,12,0.699683383678172,1,0.633517452153442,0,0.6667991641683859,1,0.699683383678172,1
ca96a492852f7618,2020_21,E1,12,0.7359740951050251,1,0.6551638469615053,1,0.6088620579334696,0,0.7359740951050251,1
97d0d04f0f469e7f,2020_21,E1,12,0.7074267188974548,1,0.6689506482168663,0,0.6236226328856789,1,0.7074267188974548,1
53c497c0a2826ec6,2020_21,E1,1X,0.7300839038787718,1,0.7300839038787718,1,0.5654364762017488,0,0.7044796199194794,1
25c79f433cb69a1a,2020_21,E1,1X,0.7551320002978882,1,0.7551320002978882,1,0.5227048733679224,1,0.7221631263341896,0
acc73429216511d1,2020_21,E1,1X,0.8569741444005595,1,0.8569741444005595,1,0.3900388870041813,1,0.7529869685952592,0
7eb46ce5ee07d9f0,2020_21,E1,X2,0.8087860198714925,0,0.4482094010760139,1,0.8087860198714925,0,0.7430045790524936,1
4035be9274659982,2020_21,E1,1X,0.7461499905883051,0,0.7461499905883051,0,0.5320600880930011,1,0.7217899213186939,1
cfd671d3e3322d90,2020_21,E1,1X,0.7378895408614874,0,0.7378895408614874,0,0.5589213287491933,1,0.7031891303893194,1
69cc5c09d56e9bf0,2020_21,E1,1X,0.7757946607512303,1,0.7757946607512303,1,0.49891359628878107,1,0.7252917429599887,0
1c94c5d5bc2da138,2020_21,E1,1X,0.7366341873613278,1,0.7366341873613278,1,0.5570458704642198,1,0.7063199421744522,0
509806aeec655fa5,2020_21,E1,1X,0.8826058772237316,1,0.8826058772237316,1,0.33834303849153863,1,0.7790510842847299,0
9e22c0c7b3a374b1,2020_21,E1,1X,0.7327118020622234,0,0.7327118020622234,0,0.5394778679574952,1,0.7278103299802813,1
7f759f510ac8f786,2020_21,E1,12,0.6953788676412656,1,0.6647182852901026,0,0.6399028470686319,1,0.6953788676412656,1
1fd0279a7cf3aa4d,2020_21,E1,X2,0.7226445310356676,0,0.5791373261637668,1,0.7226445310356676,0,0.6982181428005655,1
d835c8d51b63b590,2020_21,E1,1X,0.8352262053519427,1,0.8352262053519427,1,0.41257126616153716,1,0.7522025284865201,0
e4f3708dab5b86f7,2020_21,E1,12,0.7244874904014607,1,0.7165933232723469,0,0.5589191863261924,1,0.7244874904014607,1
bfd92fad1f6c54bd,2020_21,E1,12,0.694936402267887,1,0.6185008021585885,1,0.6865627955735244,0,0.694936402267887,1
6ceac6cd01987e8e,2020_21,E1,12,0.7176173764460747,1,0.6336796063828939,1,0.6487030171710315,0,0.7176173764460747,1
6b7283488ec71912,2020_21,E1,1X,0.7823562809691704,0,0.7823562809691704,0,0.4738438351817376,1,0.743799883849092,1
60da59aeef553ebf,2020_21,E1,X2,0.7939565911751396,1,0.4601146297445169,0,0.7939565911751396,1,0.7459287790803437,1
e67a9fbea2c6ec2b,2020_21,E1,12,0.7154684416153503,1,0.6603144768944234,0,0.6242170814902264,1,0.7154684416153503,1
ae54a5a6d3890c31,2020_21,E1,12,0.6863658556887272,1,0.6659385987646275,0,0.6476955455466454,1,0.6863658556887272,1
1f0a1807c7fd8a9b,2020_21,E1,12,0.7148317693656085,1,0.6497371450483265,1,0.635431085586065,0,0.7148317693656085,1
4c7955514ce0156b,2020_21,E1,12,0.6813070844114082,0,0.679115208832404,1,0.639577706756188,1,0.6813070844114082,0
e04771a6f0c9888b,2020_21,E1,X2,0.7542014495358738,1,0.5247613170701915,0,0.7542014495358738,1,0.7210372333939348,1
a3e7b671a0b64133,2020_21,E1,12,0.7296331785643001,0,0.5538526438203208,1,0.7165141776153789,1,0.7296331785643001,0
083026592f2bd3ae,2020_21,E1,12,0.7168169507177469,1,0.7063151364464606,0,0.5768679128357928,1,0.7168169507177469,1
75cb963517e32e1c,2020_21,E1,1X,0.8188039906818027,1,0.8188039906818027,1,0.4437968379020818,0,0.7373991714161156,1
675dfe9e733423ff,2020_21,E1,12,0.7286070839107224,1,0.7116431920765929,1,0.5597497240126847,0,0.7286070839107224,1
0f874bb36a2573ca,2020_21,E1,1X,0.8145498934269473,1,0.8145498934269473,1,0.427475967754096,0,0.7579741388189569,1
28110d6c000c98cf,2020_21,E1,1X,0.7079591586756392,0,0.7079591586756392,0,0.589181784087605,1,0.7028590572367557,1
3f3f325158def654,2020_21,E1,1X,0.7437437493377403,0,0.7437437493377403,0,0.5662764698362058,1,0.6899797808260537,1
3fa9214e45c6fcac,2020_21,E1,12,0.7045546382599662,1,0.636514338964339,1,0.6589310227756947,0,0.7045546382599662,1
e8ce00729f5eea48,2020_21,E1,1X,0.697977259592545,1,0.697977259592545,1,0.6087505413544847,1,0.6932721990529704,0
aafd7e6373bd32bf,2020_21,E1,X2,0.782997068582195,1,0.44128696625664154,0,0.782997068582195,1,0.7757159651611635,1
c6d628be29f48e5a,2020_21,E1,1X,0.873279000578768,1,0.873279000578768,1,0.3609784281871061,0,0.7657425712341259,1
3c167c2697ff3863,2020_21,E1,1X,0.7325957398991456,1,0.7325957398991456,1,0.548488509166313,1,0.7189157509345415,0
66f6bf8bb59187c0,2020_21,E1,X2,0.7498405383281435,1,0.5242243639469454,0,0.7498405383281435,1,0.725935097724911,1
39d76bfd851238eb,2020_21,E1,1X,0.8105660572227817,1,0.8105660572227817,1,0.4320034044582356,0,0.7574305383189828,1
1f581e7f8ec6ce3f,2020_21,E1,1X,0.7515633776574274,1,0.7515633776574274,1,0.5222717149063418,1,0.7261649074362306,0
49f143acdecba728,2020_21,E1,X2,0.7091672113331552,1,0.5882292394854421,0,0.7091672113331552,1,0.7026035491814026,1
5dd6c7eb183423fa,2020_21,E1,1X,0.7168703902663516,1,0.7168703902663516,1,0.5674770712138311,0,0.7156525385198174,1
639ef28576bc0fea,2020_21,E1,12,0.7077512663716305,0,0.6579305454500456,1,0.6343181881783239,1,0.7077512663716305,0
2702b332a56530ce,2020_21,E1,12,0.7137455923524244,0,0.6517480836835883,1,0.6345063239639874,1,0.7137455923524244,0
2b5cd73f32b94c14,2020_21,E1,1X,0.7722737347257321,1,0.7722737347257321,1,0.5092798260872161,0,0.7184464391870519,1
893c2d0e939d1662,2020_21,E1,1X,0.8489229237791998,1,0.8489229237791998,1,0.3643963345730746,0,0.7866807416477257,1
fd1bbec20d21cc48,2020_21,E1,X2,0.711189853741182,0,0.5817478580378399,1,0.711189853741182,0,0.707062288220978,1
5f22a71a6a82408d,2020_21,E1,12,0.7375419174648267,0,0.6510710610246137,1,0.6113870215105596,1,0.7375419174648267,0
dfd73979de4f8b5b,2020_21,E1,12,0.7216440213052777,1,0.6968954097720245,0,0.5814605689226979,1,0.7216440213052777,1
d0ad16ad1353d3ff,2020_21,E1,12,0.69979286767055,1,0.6027931260678502,1,0.6974140062615999,0,0.69979286767055,1
6113615a01b49cc3,2020_21,E1,X2,0.8253922629502966,0,0.40940180530181003,1,0.8253922629502966,0,0.7652059317478934,1
c4e6d223b371d7e0,2020_21,E1,12,0.728705090353149,0,0.6323845505742781,1,0.6389103590725728,1,0.728705090353149,0
91da3220a6042b05,2020_21,E1,12,0.7315942700689797,0,0.5773484255928827,1,0.6910573043381376,1,0.7315942700689797,0
2293db5a3f4e3132,2020_21,E1,1X,0.8486521375085343,1,0.8486521375085343,1,0.3561223224513498,0,0.7952255400401159,1
f489ed16f9cd3b69,2020_21,E1,1X,0.8496263485146867,0,0.8496263485146867,0,0.37142547000336085,1,0.7789481814819524,1
353b0db7c02d09e5,2020_21,E1,X2,0.8845774725962389,1,0.3011560049604767,0,0.8845774725962389,1,0.8142665224432847,1
69b7448f979164a1,2020_21,E1,12,0.7372024687309031,0,0.6066626201477591,1,0.6561349111213381,1,0.7372024687309031,0
b204c63ef28115a6,2020_21,E1,12,0.7173290138171384,1,0.6686841136884707,1,0.613986872494391,0,0.7173290138171384,1
00d97023708d8c4a,2020_21,E1,12,0.7106551640280845,0,0.7010647077077792,1,0.5882801282641364,1,0.7106551640280845,0
04d5027190cd4365,2020_21,E1,1X,0.7853380675163961,0,0.7853380675163961,0,0.46015504954943653,1,0.7545068829341676,1
99afbe0d16a765d8,2020_21,E1,1X,0.7140330390311522,0,0.7140330390311522,0,0.5728777066322883,1,0.7130892543365595,1
cb4e589f68c62ad0,2020_21,E1,12,0.7367227384250762,1,0.7033511883555318,1,0.5599260732193921,0,0.7367227384250762,1
82f0761843a781ff,2020_21,E1,1X,0.7645811912034042,1,0.7645811912034042,1,0.47771525156560257,1,0.7577035572309933,0
63c41bd70e766e7b,2020_21,E1,12,0.7124865369364988,1,0.6931181658809495,1,0.5943952971825519,0,0.7124865369364988,1
1e1759429a4bb263,2021_22,E1,12,0.7119371421937553,0,0.6789948610880641,1,0.6090679967181807,1,0.7119371421937553,0
1927ea8402ab6eb1,2021_22,E1,1X,0.7409476958190309,1,0.7409476958190309,1,0.5465575303490341,0,0.7124947738319349,1
2c1b18fe6c44f6b9,2021_22,E1,1X,0.7280097048171672,1,0.7280097048171672,1,0.5652661060166946,1,0.7067241891661382,0
03f47f74799e0b80,2021_22,E1,12,0.6978330269352657,0,0.6867177925060388,1,0.6154491805586956,1,0.6978330269352657,0
a7955b9f8b65d2e4,2021_22,E1,1X,0.7300840699989573,1,0.7300840699989573,1,0.5661152352341124,1,0.7038006947669304,0
f94d779d86d95033,2021_22,E1,12,0.7140991170922373,1,0.7132441909427438,1,0.5726566919650189,0,0.7140991170922373,1
9d7ef83105a63977,2021_22,E1,1X,0.71699538477955,0,0.71699538477955,0,0.5744184320282362,1,0.7085861831922136,1
98f4ab7893d72049,2021_22,E1,1X,0.7484112316537843,1,0.7484112316537843,1,0.536725130693681,1,0.7148636376525348,0
e52e1bbf456af1f7,2021_22,E1,1X,0.782398216597852,1,0.782398216597852,1,0.5070750035148989,0,0.7105267798872492,1
c5e0e095814f0cde,2021_22,E1,1X,0.8433938750360921,0,0.8433938750360921,0,0.42503668145413054,1,0.7315694435097775,1
2fe97b35ef5fc8d3,2021_22,E1,1X,0.8032739413979448,1,0.8032739413979448,1,0.49267153256525154,1,0.7040545260368037,0
f4b286a933c694a1,2021_22,E1,1X,0.7388530562196851,1,0.7388530562196851,1,0.5670216644109947,0,0.6941252793693202,1
de4f20b15338b5ae,2021_22,E1,12,0.7007906989331165,1,0.6916365585738175,1,0.6075727424930661,0,0.7007906989331165,1
33afff17b0f130e1,2021_22,E1,1X,0.7588587787708498,1,0.7588587787708498,1,0.5313420721309664,0,0.7097991490981839,1
2d6795ea25649c57,2021_22,E1,X2,0.6899566720071503,1,0.624571444207249,1,0.6899566720071503,1,0.6854718837856009,0
add4e0ecba09a187,2021_22,E1,12,0.6939169316198875,1,0.6420562337928802,0,0.6640268345872323,1,0.6939169316198875,1
2762b29f51b57d7d,2021_22,E1,X2,0.7906670124238215,1,0.49394284322680493,0,0.7906670124238215,1,0.7153901443493736,1
4afa24b4a4d0ed55,2021_22,E1,12,0.7034159425889657,1,0.6887994271038596,0,0.6077846303071748,1,0.7034159425889657,1
f1dc27c4bf178dc5,2021_22,E1,1X,0.7687391782271535,1,0.7687391782271535,1,0.5345127918710906,0,0.6967480299017559,1
285dbe7532bd945d,2021_22,E1,1X,0.7243671944415508,1,0.7243671944415508,1,0.5877860187888666,1,0.6878467867695826,0
c632ec5a4ecf5d85,2021_22,E1,12,0.7038647936682703,1,0.6639386499736442,0,0.6321965563580858,1,0.7038647936682703,1
2a1c0898ec371987,2021_22,E1,1X,0.7075895947524453,1,0.7075895947524453,1,0.595721153957272,0,0.6966892512902829,1
8435ea0ea54673d4,2021_22,E1,1X,0.8259873838793063,1,0.8259873838793063,1,0.4225283523312128,0,0.7514842637894812,1
42d10e163ba0452b,2021_22,E1,X2,0.7400860803486304,1,0.5487650616756211,1,0.7400860803486304,1,0.7111488579757483,0
0010ea2e0a5701fa,2021_22,E1,1X,0.7223152011286647,0,0.7223152011286647,0,0.5783811523082192,1,0.6993036465631162,1
d98d6c9bdaa73c5e,2021_22,E1,12,0.6916742940093952,1,0.6458309453760659,0,0.6624947606145389,1,0.6916742940093952,1
d4de6288a33ad793,2021_22,E1,12,0.6869700934795157,1,0.6658449779078991,1,0.6471849286125851,0,0.6869700934795157,1
2547c02040622bc0,2021_22,E1,X2,0.7386331643703592,1,0.5692019007446427,0,0.7386331643703592,1,0.692164934884998,1
af77f3bd618d4b56,2021_22,E1,12,0.7004106035075037,0,0.6223894438579283,1,0.677199952634568,1,0.7004106035075037,0
fffc75c30c6435b8,2021_22,E1,12,0.7039198766922665,1,0.6010147698485608,0,0.6950653534591726,1,0.7039198766922665,1
552ec479880a0f44,2021_22,E1,1X,0.7265453826981807,0,0.7265453826981807,0,0.5735281075659227,1,0.6999265097358967,1
a586b33a7d0b5122,2021_22,E1,12,0.6955954966745683,1,0.676773306865003,0,0.6276311964604286,1,0.6955954966745683,1
86d281accdcb2dce,2021_22,E1,1X,0.7560617171550077,0,0.7560617171550077,0,0.554478659583007,1,0.6894596232619852,1
ab2d48469960c1ca,2021_22,E1,12,0.7055427263724059,1,0.6851671747570081,0,0.609290098870586,1,0.7055427263724059,1
86a7b4c5995493fa,2021_22,E1,12,0.7024153943035643,1,0.6791501093084755,0,0.6184344963879602,1,0.7024153943035643,1
ddc5455e17d506f3,2021_22,E1,1X,0.767967315158091,1,0.767967315158091,1,0.5325823091717626,0,0.699450375670146,1
582e315a8cbe03b4,2021_22,E1,1X,0.731321587237383,0,0.731321587237383,0,0.5656479624039285,1,0.7030304503586886,1
4a1299fb4b705a5e,2021_22,E1,1X,0.7395174201699826,1,0.7395174201699826,1,0.5398664558530666,1,0.7206161239769512,0
20618ba79d5bd02c,2021_22,E1,X2,0.7393389074008767,1,0.5381325403197559,0,0.7393389074008767,1,0.7225285522793673,1
e6602e962fa8617c,2021_22,E1,1X,0.8191773265747181,1,0.8191773265747181,1,0.42963144754355265,1,0.7511912258817293,0
830cb365e416f4f6,2021_22,E1,1X,0.7188212828280307,1,0.7188212828280307,1,0.5913253656377917,0,0.6898533515341776,1
2f25a51cdcc32d54,2021_22,E1,1X,0.7567403460721333,1,0.7567403460721333,1,0.5299806631635045,0,0.7132789907643624,1
0ee1b83d7d3b0289,2021_22,E1,12,0.684837735560511,0,0.6589044234159159,1,0.656257841023573,1,0.684837735560511,0
8d03248e6b5537a9,2021_22,E1,1X,0.8956780244392518,1,0.8956780244392518,1,0.2952118877958138,0,0.8091100877649342,1
e3312a66b4a75c22,2021_22,E1,1X,0.7338109471288975,0,0.7338109471288975,0,0.5781670482803631,1,0.6880220045907395,1
ba9399c0e4f67bcd,2021_22,E1,1X,0.7060700828480706,1,0.7060700828480706,1,0.5991013920450506,0,0.6948285251068789,1
e9e204a30354849d,2021_22,E1,1X,0.8153616616448405,0,0.8153616616448405,0,0.45133969864265233,1,0.7332986397125072,1
5515dd22093b5471,2021_22,E1,1X,0.8068617718188131,1,0.8068617718188131,1,0.4611252528070198,0,0.7320129753741669,1
29e215e599aea018,2021_22,E1,1X,0.7923086932424637,0,0.7923086932424637,0,0.5007434121822093,1,0.7069478945753273,1
0354efcbe73ed10e,2021_22,E1,1X,0.7184044940219664,1,0.7184044940219664,1,0.5911585893741446,1,0.6904369166038892,0
390cbe2781751614,2021_22,E1,1X,0.6941594624539053,1,0.6941594624539053,1,0.6149714916255045,1,0.6908690459205904,0
761db024a18444cf,2021_22,E1,1X,0.8093730791211582,1,0.8093730791211582,1,0.4676031021521593,0,0.7230238187266825,1
04bc2f3b201dd9d3,2021_22,E1,1X,0.7281283517062525,1,0.7281283517062525,1,0.5721668605091244,0,0.6997047877846231,1
ad2466dc2e4ec848,2021_22,E1,12,0.7117573926413236,0,0.5856141452176582,1,0.7026284621410182,1,0.7117573926413236,0
82e560fed3e9b1c8,2021_22,E1,12,0.7100932379075389,0,0.5950634235958308,1,0.6948433384966303,1,0.7100932379075389,0
473e81cb7c4d96c7,2021_22,E1,12,0.6970695199098746,0,0.6967498578821434,1,0.606180622207982,1,0.6970695199098746,0
70ce204b05ea17ce,2021_22,E1,1X,0.7893828023468807,1,0.7893828023468807,1,0.48306847744948167,0,0.7275487202036377,1
a799233b3b1e8ab0,2021_22,E1,1X,0.7159437970650098,1,0.7159437970650098,1,0.5867104690613951,0,0.6973457338735951,1
1780182def2b267e,2021_22,E1,1X,0.7230604475652511,1,0.7230604475652511,1,0.5648472182299216,0,0.7120923342048273,1
688b9588c1c17668,2021_22,E1,X2,0.8155753680173675,1,0.4341785977017626,0,0.8155753680173675,1,0.7502460342808699,1
913709f0e0fb48a0,2021_22,E1,1X,0.7751044383750709,1,0.7751044383750709,1,0.5197614370882864,0,0.7051341245366426,1
eace399d8b70b344,2021_22,E1,1X,0.7707680196533184,1,0.7707680196533184,1,0.517881006643802,1,0.7113509737028796,0
f625c2c14ab732c9,2021_22,E1,X2,0.8301518534970335,0,0.4135866296486909,1,0.8301518534970335,0,0.7562615168542757,1
eca6a739080e83f7,2021_22,E1,1X,0.7989827843982871,1,0.7989827843982871,1,0.4665327382159124,0,0.7344844773858008,1
ed3ce514ecda57fc,2021_22,E1,1X,0.7073626448704763,1,0.7073626448704763,1,0.5992786933763742,1,0.6933586617531496,0
dd447d70fa20a2e3,2021_22,E1,1X,0.7255708422006872,1,0.7255708422006872,1,0.568471286901453,0,0.7059578708978598,1
4b0726d552ae89f1,2021_22,E1,12,0.721085931199611,0,0.6022548756763872,1,0.6766591931240018,1,0.721085931199611,0
e26c15e1fac4612a,2021_22,E1,1X,0.8228969548541623,1,0.8228969548541623,1,0.4449780039728109,0,0.732125041173027,1
8cbb2a4b3ce82704,2021_22,E1,1X,0.7702852203180882,1,0.7702852203180882,1,0.5058423497390778,0,0.7238724299428339,1
bc904f164eddbdec,2021_22,E1,1X,0.7215870009924508,1,0.7215870009924508,1,0.5691215897883137,1,0.7092914092192353,0
e2201efc25bc4883,2021_22,E1,1X,0.8477538590139673,1,0.8477538590139673,1,0.3927154295372529,1,0.7595307114487798,0
5aa8bc8096f27283,2021_22,E1,12,0.688138511732604,1,0.6823082125121849,0,0.6295532757552111,1,0.688138511732604,1
0a37cbd987de6aa5,2021_22,E1,1X,0.7866652255577196,1,0.7866652255577196,1,0.4959566103701836,0,0.7173781640720966,1
a9788da853310736,2021_22,E1,12,0.693038702649926,1,0.6705413597580737,0,0.6364199375920002,1,0.693038702649926,1
d5805603446cbbcb,2021_22,E1,1X,0.7801999442521212,1,0.7801999442521212,1,0.4709830565290857,0,0.7488169992187931,1
8103a6b95d33f3b7,2021_22,E1,1X,0.7971611626434456,1,0.7971611626434456,1,0.4796125249372726,1,0.7232263124192818,0
b4973f6b75dec046,2021_22,E1,1X,0.7314236137050688,1,0.7314236137050688,1,0.5372365571084738,0,0.7313398291864575,1
4af7c481218b8630,2021_22,E1,1X,0.8774822731272174,1,0.8774822731272174,1,0.34701324382013854,1,0.7755044830526439,0
421fb56cb4ce74a0,2021_22,E1,X2,0.7443411154584411,1,0.5556346810514325,0,0.7443411154584411,1,0.7000242034901265,1
a314263a682e235a,2021_22,E1,1X,0.7143077173097478,1,0.7143077173097478,1,0.587276222429824,1,0.6984160602604279,0
d8ba62630930e602,2021_22,E1,1X,0.721076414809638,1,0.721076414809638,1,0.5646452453183819,0,0.7142783398719801,1
cdd3fff5d6930c96,2021_22,E1,12,0.6873295432036101,1,0.6561290627372405,0,0.6565413940591495,1,0.6873295432036101,1
9927e2561d9a33b5,2021_22,E1,1X,0.841826507781338,1,0.841826507781338,1,0.41600267344280834,1,0.7421708187758538,0
825442e43ce16b19,2021_22,E1,1X,0.6909938634640547,1,0.6909938634640547,1,0.6247607976041101,1,0.6842453389318353,0
79638d8b1eb2d101,2021_22,E1,X2,0.7463876287530511,1,0.5375869556233323,0,0.7463876287530511,1,0.7160254156236168,1
d08745521ef5a21e,2021_22,E1,X2,0.6996995186673163,1,0.6095730711036809,1,0.6996995186673163,1,0.6907274102290029,0
3a342a19de6649dd,2021_22,E1,12,0.705524528554182,1,0.6111556301961136,0,0.6833198412497044,1,0.705524528554182,1
2d356f48318b60ba,2021_22,E1,X2,0.7477231783051227,0,0.559262539974158,1,0.7477231783051227,0,0.6930142817207192,1
0d85e89134096277,2021_22,E1,1X,0.8965005595843889,0,0.8965005595843889,0,0.28388925277795934,1,0.8196101876376518,1
df415a2da15462df,2021_22,E1,1X,0.7579082918229788,0,0.7579082918229788,0,0.5287776126325525,1,0.7133140955444688,1
f3aa61e045df67de,2021_22,E1,1X,0.741282371869642,1,0.741282371869642,1,0.5561643072787561,1,0.7025533208516019,0
f151021ce43a88c2,2021_22,E1,1X,0.7907225488274927,0,0.7907225488274927,0,0.4868725023201254,1,0.7224049488523817,1
ad3e71eeb1b28227,2021_22,E1,12,0.6905894943442128,0,0.6881734815472073,1,0.6212370241085801,1,0.6905894943442128,0
bc1775717cd6c9c7,2021_22,E1,X2,0.725010239423882,0,0.5604950187393907,1,0.725010239423882,0,0.7144947418367273,1
13aacfc77bd5e419,2021_22,E1,X2,0.753559313609409,1,0.5230213853369525,1,0.753559313609409,1,0.7234193010536385,0
98b3e6fcd89c5f43,2021_22,E1,1X,0.8099073656653584,0,0.8099073656653584,0,0.4431057371228933,1,0.7469868972117482,1
a1ae12ff547544e5,2021_22,E1,1X,0.8236293849195092,1,0.8236293849195092,1,0.4069614511599682,0,0.7694091639205226,1
13dbcd505cfcda46,2021_22,E1,1X,0.8114088702411658,1,0.8114088702411658,1,0.421678830054743,0,0.7669122997040911,1
c87c3b60506b95e5,2021_22,E1,X2,0.7169654055839378,0,0.5668896595772139,1,0.7169654055839378,0,0.7161449348388479,1
518fbb4429d2037d,2021_22,E1,12,0.7046779668695857,0,0.6842312939588875,1,0.6110907391715269,1,0.7046779668695857,0
2a061a860dbce756,2021_22,E1,12,0.7111438854033416,1,0.694055002384609,1,0.5948011122120493,0,0.7111438854033416,1
730382602cc84658,2021_22,E1,12,0.7061085579078378,1,0.6980104423379373,1,0.595880999754225,0,0.7061085579078378,1
ff6d1978a78d4fe0,2021_22,E1,1X,0.8354216203363074,1,0.8354216203363074,1,0.40292048436018396,0,0.7616578953035087,1
bc0715fcfbc74867,2021_22,E1,X2,0.8290033119733043,1,0.41013721402292247,1,0.8290033119733043,1,0.7608594740037734,0
f6f8206ec63210b9,2021_22,E1,1X,0.7083978571472,1,0.7083978571472,1,0.613268040028075,1,0.678334102824725,0
6c29ff046c40ec6d,2021_22,E1,1X,0.8429906776563637,1,0.8429906776563637,1,0.40620860349433224,0,0.7508007188493042,1
381f45b5f397195a,2021_22,E1,1X,0.8102836787143917,1,0.8102836787143917,1,0.4647880629464169,0,0.7249282583391913,1
d6345fec1590bd2b,2021_22,E1,1X,0.7240572801480272,1,0.7240572801480272,1,0.5634563954564953,0,0.7124863243954775,1
14056511626e8de1,2021_22,E1,X2,0.7664314876259737,1,0.505702356064231,0,0.7664314876259737,1,0.7278661563097955,1
f536d91a98121804,2021_22,E1,12,0.7050921355617181,1,0.6670616589963297,1,0.6278462054419522,0,0.7050921355617181,1
efe1d33bf2463d7b,2021_22,E1,1X,0.712503061566385,1,0.712503061566385,1,0.5841261236399098,1,0.7033708147937052,0
536a5cfe1ff8c2ee,2021_22,E1,12,0.6991946321443847,1,0.6080887187947268,1,0.6927166490608881,0,0.6991946321443847,1
761d48a61a683694,2021_22,E1,12,0.685433492096197,0,0.6725361170471621,1,0.642030390856641,1,0.685433492096197,0
e44d0ab9610fe647,2021_22,E1,1X,0.7339146943675812,1,0.7339146943675812,1,0.5489810055345024,0,0.7171043000979165,1
d4f0b1469b1f4475,2021_22,E1,1X,0.7064952330232266,0,0.7064952330232266,0,0.6095822103055544,1,0.683922556671219,1
fe268ced32ab74c8,2021_22,E1,1X,0.7271249962296819,1,0.7271249962296819,1,0.5573681388752348,0,0.7155068648950834,1
3ba2f7eb921bfee3,2021_22,E1,1X,0.8881557351958111,1,0.8881557351958111,1,0.30772906551137547,0,0.8041151992928135,1
a6bb76eba05921a1,2021_22,E1,12,0.6958732398655858,1,0.634812125237376,1,0.6693146348970384,0,0.6958732398655858,1
08179460ba244752,2021_22,E1,1X,0.783581309874199,1,0.783581309874199,1,0.49527682045664567,0,0.7211418696691554,1
f6c6d385cf69edba,2021_22,E1,X2,0.8107738684810759,1,0.4277928063925092,1,0.8107738684810759,1,0.7614333251264147,0
8bd7ba22addcb49c,2021_22,E1,X2,0.7260721761528272,0,0.5768965776829702,1,0.7260721761528272,0,0.6970312461642025,1
e01240c9fbb6d736,2021_22,E1,X2,0.745149492638219,0,0.5119649699659385,1,0.745149492638219,0,0.7428855373958425,1
154c62493e4999b2,2021_22,E1,X2,0.685170253420407,1,0.6313062765204657,0,0.685170253420407,1,0.6835234700591274,1
2177e9bfeb992b25,2021_22,E1,1X,0.7351114564030775,0,0.7351114564030775,0,0.5701414099170443,1,0.6947471336798783,1
a241f033f8096eaa,2021_22,E1,12,0.7183196052115637,1,0.6765163390825246,1,0.6051640557059117,0,0.7183196052115637,1
69fb32ebd64b545c,2021_22,E1,1X,0.720051369449948,1,0.720051369449948,1,0.5675172375555098,0,0.7124313929945423,1
c167b67ad8695bc9,2021_22,E1,1X,0.7515584640813171,0,0.7515584640813171,0,0.5205882027398476,1,0.727853333178835,1
b01e59b51be02b2d,2021_22,E1,1X,0.6943986225055367,1,0.6943986225055367,1,0.6191610547296398,1,0.6864403227648235,0
389f76f75014bfb8,2021_22,E1,12,0.7037958877694704,1,0.6115039997998943,1,0.6847001124306353,0,0.7037958877694704,1
ead145e436e0335c,2021_22,E1,1X,0.7710719828458921,1,0.7710719828458921,1,0.49342030643440093,1,0.7355077107197071,0
010bf212ec83df68,2021_22,E1,12,0.712405732126984,1,0.6842086638927902,0,0.6033856039802259,1,0.712405732126984,1
5a81037085d18c90,2021_22,E1,1X,0.7528402943588266,1,0.7528402943588266,1,0.5052554540741199,0,0.7419042515670536,1
784d3087f3629339,2021_22,E1,1X,0.8418917509983417,1,0.8418917509983417,1,0.3912296073938803,0,0.7668786416077781,1
11d7dcdad3becb96,2021_22,E1,1X,0.8133108538050556,1,0.8133108538050556,1,0.4107263069203317,0,0.7759628392746128,1
869f53fd156b4c88,2021_22,E1,12,0.7077134451757491,0,0.6710266274094082,1,0.6212599274148428,1,0.7077134451757491,0
b440cbc7490f4527,2021_22,E1,X2,0.7803063431385766,1,0.492888095529668,0,0.7803063431385766,1,0.7268055613317554,1
9f787b56d7ff722c,2021_22,E1,1X,0.7585389656269496,1,0.7585389656269496,1,0.5285243437283313,0,0.7129366906447192,1
e4ba288735a3035a,2021_22,E1,1X,0.7961419532399772,1,0.7961419532399772,1,0.45640203762003695,0,0.7474560091399857,1
6d5ab3d77a02868b,2021_22,E1,12,0.6958365469452666,1,0.6827462792571789,0,0.6214171737975546,1,0.6958365469452666,1
6badc13a6441eaed,2021_22,E1,1X,0.7732268810299332,1,0.7732268810299332,1,0.5032644468920574,0,0.7235086720780092,1
f3ec6fc8c0cd1aec,2021_22,E1,1X,0.7830837078999158,1,0.7830837078999158,1,0.5119730658218998,1,0.7049432262781842,0
a3487b3039c91097,2021_22,E1,1X,0.7083157168931564,1,0.7083157168931564,1,0.5860323528437785,0,0.705651930263065,1
23f6f2f437307aef,2021_22,E1,1X,0.7328878791073212,1,0.7328878791073212,1,0.5558461214473563,0,0.7112659994453225,1
3a536b12bf6be0ed,2021_22,E1,1X,0.7065397228766276,1,0.7065397228766276,1,0.6013743635825565,0,0.6920859135408161,1
ecb5d65564996b77,2021_22,E1,12,0.7098627936351084,1,0.6229261424567547,0,0.6672110639081368,1,0.7098627936351084,1
a760940bab11fbcd,2021_22,E1,12,0.6927002119822202,0,0.6253853168373649,1,0.6819144711804148,1,0.6927002119822202,0
59a03d242a594f0f,2021_22,E1,12,0.7322370734941663,1,0.7322082175895612,1,0.5355547089162727,0,0.7322370734941663,1
f2f42cc1ef08f581,2021_22,E1,1X,0.7878573553800445,0,0.7878573553800445,0,0.48044596891879526,1,0.7316966757011604,1
f020fd09292eb256,2021_22,E1,12,0.7051095071474558,1,0.6530602462973454,0,0.6418302465551988,1,0.7051095071474558,1
96629774e013d80c,2021_22,E1,1X,0.87668325742476,1,0.87668325742476,1,0.31991885171505574,0,0.8033978908601844,1
b6d7451f558543e8,2021_22,E1,1X,0.7131885631785384,1,0.7131885631785384,1,0.5830016040473859,1,0.7038098327740758,0
e7e2b1d6500fc6a1,2021_22,E1,1X,0.7554798353150767,0,0.7554798353150767,0,0.5239280380474762,1,0.7205921266374469,1
74c91d2ef8d95f8c,2021_22,E1,1X,0.7953931211051252,1,0.7953931211051252,1,0.466596090548996,0,0.7380107883458789,1
407a8fa8554462d3,2021_22,E1,12,0.7021125511069872,1,0.6734818368759334,1,0.6244056120170794,0,0.7021125511069872,1
7ddf41ba37a8ee6f,2021_22,E1,X2,0.7306888161586363,0,0.5713409028810292,1,0.7306888161586363,0,0.6979702809603343,1
2a5da348f9689fb2,2021_22,E1,1X,0.7484569840382493,0,0.7484569840382493,0,0.5212520012893358,1,0.7302910146724149,1
3fb3d96213ff9d08,2021_22,E1,12,0.707630603486167,1,0.6680970245956259,0,0.6242723719182071,1,0.707630603486167,1
520f0dd7c24e954f,2021_22,E1,12,0.6921620492301452,1,0.6772204741555978,1,0.6306174766142569,0,0.6921620492301452,1
6bdb23cb52f92791,2021_22,E1,1X,0.8108455871258714,1,0.8108455871258714,1,0.43767298862561155,0,0.751481424248517,1
69c1fc43fd89cc3d,2021_22,E1,12,0.6974225102518796,1,0.6294897190341424,1,0.673087770713978,0,0.6974225102518796,1
1076ca682a2c1143,2021_22,E1,1X,0.8441711109879515,1,0.8441711109879515,1,0.3958050337104685,0,0.7600238553015802,1
1d112f8f283ed888,2021_22,E1,1X,0.8108397681361846,1,0.8108397681361846,1,0.4502157131551444,1,0.738944518708671,0
0f3f87e961d74913,2021_22,E1,1X,0.7751519709602908,1,0.7751519709602908,1,0.4894886038144623,0,0.735359425225247,1
b4699a61f3fa2085,2021_22,E1,12,0.6920673921611653,1,0.6555119878580151,1,0.6524206199808195,0,0.6920673921611653,1
29fb37f0dbbb2063,2021_22,E1,12,0.7494999723766171,1,0.5054939208467173,1,0.7450061067766656,0,0.7494999723766171,1
6a18844112a03ae0,2021_22,E1,1X,0.8767517433832803,1,0.8767517433832803,1,0.34081862937887614,0,0.7824296272378435,1
3f8c3ab4bf990f99,2021_22,E1,X2,0.7716786843535051,1,0.4950810144498742,0,0.7716786843535051,1,0.7332403011966208,1
bad580e8a9f95c30,2021_22,E1,X2,0.7679704978655257,1,0.5051860259940746,0,0.7679704978655257,1,0.7268434761403997,1
5d76addd8a851301,2021_22,E1,1X,0.7280199410092646,1,0.7280199410092646,1,0.5474001987487677,1,0.7245798602419676,0
822d2894720002e5,2021_22,E1,1X,0.7480631504641159,1,0.7480631504641159,1,0.5278487067099165,0,0.7240881428259676,1
9fe13c71883397e3,2021_22,E1,12,0.7171195115241826,1,0.679509748896906,1,0.6033707395789114,0,0.7171195115241826,1
4a50a6f848e48923,2021_22,E1,12,0.6909629724356459,1,0.6579100657345864,0,0.6511269618297675,1,0.6909629724356459,1
483b7eae02d4a843,2021_22,E1,12,0.6927577644209668,1,0.6726924807173819,1,0.6345497548616512,0,0.6927577644209668,1
95591c204a99bc83,2021_22,E1,12,0.7147103237050556,1,0.5948334579990233,0,0.6904562182959212,1,0.7147103237050556,1
cedaa49424d85c90,2021_22,E1,1X,0.7526513148038385,0,0.7526513148038385,0,0.5309534814780094,1,0.7163952037181522,1
9ed4f689b353f3b9,2021_22,E1,12,0.6985361024206529,1,0.6791771337069723,1,0.6222867638723748,0,0.6985361024206529,1
cc10e8c353fd8b56,2021_22,E1,1X,0.8418617784797209,0,0.8418617784797209,0,0.3849341908360231,1,0.7732040306842562,1
0c9278cdab463531,2021_22,E1,1X,0.800213444713118,1,0.800213444713118,1,0.4601822593944227,1,0.7396042958924595,0
a5601f1ae1bc90e0,2021_22,E1,1X,0.821300624379685,1,0.821300624379685,1,0.4071831165647173,0,0.771516259055598,1
847abff5577a15bf,2021_22,E1,X2,0.8178014838867619,1,0.4393529352345971,0,0.8178014838867619,1,0.7428455808786412,1
142a52b4cd566535,2021_22,E1,1X,0.7666186059100417,1,0.7666186059100417,1,0.5029449601526461,0,0.7304364339373122,1
08d5bb1fa1133fe1,2021_22,E1,1X,0.7133181357713438,0,0.7133181357713438,0,0.5830300499050542,1,0.7036518143236021,1
dd60c67c33eede93,2021_22,E1,12,0.717623049693847,1,0.7069989877422679,1,0.575377962563885,0,0.717623049693847,1
a7eab11230702676,2021_22,E1,1X,0.7985446736698414,1,0.7985446736698414,1,0.47549104589759894,0,0.7259642804325597,1
a00415b1c87bbd8b,2021_22,E1,12,0.7149555845691642,0,0.5909896728889446,1,0.6940547425418914,1,0.7149555845691642,0
78aa94cb8ee9d3e9,2021_22,E1,12,0.7190466722712792,0,0.5757685014510259,1,0.705184826277695,1,0.7190466722712792,0
7b2b864d5f1a8722,2021_22,E1,1X,0.7107549238895461,1,0.7107549238895461,1,0.5878388704559188,0,0.7014062056545352,1
861cc4f311015fbd,2021_22,E1,X2,0.7744970794172292,1,0.47272092334369004,0,0.7744970794172292,1,0.7527819972390809,1
49394c44f744be12,2021_22,E1,12,0.7170412556515996,1,0.5713203325925548,0,0.7116384117558457,1,0.7170412556515996,1
784c8d38907b05d4,2021_22,E1,1X,0.8225420174532576,0,0.8225420174532576,0,0.44379996919193754,1,0.733658013354805,1
98f119f646e0d09c,2021_22,E1,12,0.7295955222658141,1,0.6485932062399724,0,0.6218112714942134,1,0.7295955222658141,1
809927b1d288b6d0,2021_22,E1,1X,0.844507626484815,1,0.844507626484815,1,0.39457220155412676,0,0.7609201719610582,1
aa852992ec05efd3,2021_22,E1,1X,0.7019003497700746,0,0.7019003497700746,0,0.6002327515446366,1,0.697866898685289,1
35b682f4bd8f5667,2021_22,E1,X2,0.7461894792696657,0,0.5274214896979311,1,0.7461894792696657,0,0.7263890310324033,1
26c1a1c21010b70c,2021_22,E1,1X,0.8075856258175256,1,0.8075856258175256,1,0.47208152331816977,0,0.7203328508643049,1
4561a0eef194c0f3,2021_22,E1,1X,0.7102545344983341,1,0.7102545344983341,1,0.5826191877174924,0,0.7071262777841738,1
3b5b6b05cf91f9bd,2021_22,E1,1X,0.8444403560634253,1,0.8444403560634253,1,0.379145733695341,0,0.7764139102412339,1
644799e7f5c150a5,2021_22,E1,12,0.7040487606063902,1,0.6943885858172468,0,0.6015626535763631,1,0.7040487606063902,1
498ebd5ddebcf3a2,2021_22,E1,1X,0.7787857551813056,1,0.7787857551813056,1,0.5288071396547102,1,0.6924071051639842,0
502b27852e037de7,2021_22,E1,1X,0.7171346754473655,1,0.7171346754473655,1,0.5842936653285858,0,0.6985716592240485,1
a84ac4516be56c05,2021_22,E1,X2,0.856884322457577,1,0.3455537103125338,0,0.856884322457577,1,0.7975619672298893,1
10edd1e3c53cfbd4,2021_22,E1,1X,0.8235050228587939,1,0.8235050228587939,1,0.4350935290118774,1,0.7414014481293286,0
38c765cbd090bedb,2021_22,E1,1X,0.7801980146811693,0,0.7801980146811693,0,0.506462671295983,1,0.7133393140228477,1
d7fad0707ff61295,2021_22,E1,12,0.7195960476884844,0,0.6091343383445356,1,0.67126961396698,1,0.7195960476884844,0
3a752c5a262dbcfb,2021_22,E1,12,0.7206725282133828,1,0.6928317604539425,1,0.5864957113326748,0,0.7206725282133828,1
95520cbcbc661e56,2021_22,E1,1X,0.7597420321979407,1,0.7597420321979407,1,0.5085947429369577,1,0.7316632248651016,0
4a3551ff43ac6695,2021_22,E1,12,0.7232482652805062,0,0.5745877958332661,1,0.7021639388862275,1,0.7232482652805062,0
37fa3f0eec48bb96,2021_22,E1,1X,0.9094811971251128,1,0.9094811971251128,1,0.26199866844975234,0,0.8285201344251351,1
09095e684c745cf8,2021_22,E1,X2,0.7636605094344086,0,0.5216866420177844,1,0.7636605094344086,0,0.714652848547807,1
73412ebf7b005ad0,2021_22,E1,12,0.6995772427285156,1,0.6674321417559463,1,0.6329906155155381,0,0.6995772427285156,1
f764890d3f2e8b2e,2021_22,E1,1X,0.7340601156628717,1,0.7340601156628717,1,0.5625218388372633,1,0.7034180454998651,0
ddfc702eb0951f74,2021_22,E1,1X,0.7556472360988856,0,0.7556472360988856,0,0.5212404234360344,1,0.72311234046508,1
9efab6ff760098a3,2021_22,E1,12,0.7007715889657355,0,0.6149156181055841,1,0.6843127929286803,1,0.7007715889657355,0
c532d0d5b730d71e,2021_22,E1,1X,0.8356697603086569,1,0.8356697603086569,1,0.4026474548990029,0,0.7616827847923403,1
cfb25e07a4b243cf,2021_22,E1,1X,0.7979462124997428,1,0.7979462124997428,1,0.4703559490023267,1,0.7316978384979305,0
fd1ad1ed0b6a98d5,2021_22,E1,X2,0.8101145656271912,0,0.46319643533657306,1,0.8101145656271912,0,0.7266889990362357,1
1f21ba6acd52b75d,2021_22,E1,X2,0.780556751809059,1,0.4903759445028573,1,0.780556751809059,1,0.7290673036880837,0
9fc99b1443757552,2021_22,E1,1X,0.7708741109228096,1,0.7708741109228096,1,0.5180168032484094,1,0.711109085828781,0
1b87171a454b8f31,2021_22,E1,1X,0.7285635122399592,0,0.7285635122399592,0,0.5707063975194151,1,0.7007300902406257,1
ae43097a6b57a143,2021_22,E1,12,0.6948769833258741,0,0.68613982065922,1,0.618983196014906,1,0.6948769833258741,0
256a51795d98c934,2021_22,E1,X2,0.7386228331064543,1,0.5481469844397567,0,0.7386228331064543,1,0.7132301824537889,1
ce312618b272e38c,2021_22,E1,12,0.7099298427927843,1,0.6043573576390586,0,0.685712799568157,1,0.7099298427927843,1
9af49badd19c33e0,2021_22,E1,1X,0.7933128306069552,1,0.7933128306069552,1,0.4610330973628922,0,0.7456540720301525,1
51feab4349badfc1,2021_22,E1,X2,0.7333378140484261,0,0.556876803936113,1,0.7333378140484261,0,0.7097853820154609,1
0ce496c3bbbf61db,2021_22,E1,1X,0.7499016749688694,0,0.7499016749688694,0,0.5343861791670441,1,0.7157121458640865,1
69de827d38c53c23,2021_22,E1,1X,0.8931667648343005,1,0.8931667648343005,1,0.307000349136054,1,0.7998328860296456,0
536b97faa2658cdf,2021_22,E1,X2,0.7061306399003102,1,0.6034586005369518,1,0.7061306399003102,1,0.6904107595627381,0
a32fa6fd9156c9c3,2021_22,E1,1X,0.748734818222487,1,0.748734818222487,1,0.5335451105603565,0,0.7177200712171564,1
189e02f5ea5a4f1a,2021_22,E1,1X,0.8392992389289445,1,0.8392992389289445,1,0.4071168013485612,1,0.7535839597224945,0
0c463f3eb739dc5c,2021_22,E1,X2,0.7767553308404874,1,0.48875524488421906,1,0.7767553308404874,1,0.7344894242752935,0
69c88e6b51ba2479,2021_22,E1,1X,0.73684195879932,1,0.73684195879932,1,0.5546271159471268,0,0.7085309252535533,1
aab6d5319d29343e,2021_22,E1,1X,0.8045496921269928,1,0.8045496921269928,1,0.4701788227362252,1,0.725271485136782,0
57c50d705e51f8bb,2021_22,E1,12,0.7000449397747074,1,0.6130861744047034,0,0.6868688858205892,1,0.7000449397747074,1
05f94844c47dde49,2021_22,E1,12,0.6995635730813189,1,0.6647588077325458,1,0.6356776191861354,0,0.6995635730813189,1
cad9a604af1f6ccf,2021_22,E1,1X,0.7438557874921343,0,0.7438557874921343,0,0.5354020632269008,1,0.7207421492809651,1
842c03de17a28c96,2021_22,E1,12,0.7226963884508587,0,0.7169983309536405,1,0.5603052805955009,1,0.7226963884508587,0
7c618dd0d656efbd,2021_22,E1,1X,0.7318545170717918,0,0.7318545170717918,0,0.560079832443182,1,0.708065650485026,1
82179562c90ac4a5,2021_22,E1,1X,0.8017924479131242,0,0.8017924479131242,0,0.4679069939664952,1,0.7303005581203804,1
e2e52f5a79653a2e,2021_22,E1,1X,0.8583309343278372,1,0.8583309343278372,1,0.3637983355751395,0,0.7778707300970235,1
9413cc7dddaed30e,2021_22,E1,12,0.711975508657194,1,0.6218604747261535,0,0.6661640166166527,1,0.711975508657194,1
0247a32bbb8a8b66,2021_22,E1,1X,0.7881616059325469,1,0.7881616059325469,1,0.46920353388033786,1,0.7426348601871154,0
5da08e36fd6e291a,2021_22,E1,12,0.7034299572512661,1,0.6048670206150808,0,0.6917030221336532,1,0.7034299572512661,1
648592ab608dc015,2021_22,E1,12,0.6978864826650717,0,0.6659958059756229,1,0.6361177113593053,1,0.6978864826650717,0
a0cca0776cb10632,2021_22,E1,1X,0.7111352896963297,1,0.7111352896963297,1,0.5876695533285923,0,0.7011951569750781,1
974ed0aeb44819aa,2021_22,E1,12,0.6948541294372421,1,0.6329962326077831,0,0.6721496379549747,1,0.6948541294372421,1
e7f9de8f4b0d0af7,2021_22,E1,12,0.6983591167004124,1,0.67335961869965,1,0.6282812645999376,0,0.6983591167004124,1
2812ec0dd8a93bc3,2021_22,E1,12,0.7263942287312111,1,0.575406033861048,0,0.6981997374077411,1,0.7263942287312111,1
ec61be5559d6680b,2021_22,E1,1X,0.7488758900390606,1,0.7488758900390606,1,0.5224374516281111,0,0.7286866583328285,1
6c16e6632f5440f0,2021_22,E1,1X,0.761499968136183,1,0.761499968136183,1,0.5448454495548664,0,0.6936545823089506,1
17ab70b4d5d0b66e,2021_22,E1,1X,0.7904797887265643,1,0.7904797887265643,1,0.47677005022272045,0,0.7327501610507152,1
35e9a903f5e9e277,2021_22,E1,12,0.711164231267911,0,0.6756300892956724,1,0.6132056794364167,1,0.711164231267911,0
e19d6ae20dda9b7b,2021_22,E1,12,0.7064657685741436,1,0.7046439675635772,0,0.5888902638622793,1,0.7064657685741436,1
f67177ed3c5b7e2c,2021_22,E1,12,0.690671980831181,0,0.6547012428968226,1,0.6546267762719964,1,0.690671980831181,0
dd811c55dfe99fa9,2021_22,E1,12,0.7002616138501678,0,0.6680860895531575,1,0.6316522965966747,1,0.7002616138501678,0
377a656cc6a6af37,2021_22,E1,1X,0.8030904161497432,0,0.8030904161497432,0,0.4670105296034874,1,0.7298990542467696,1
b9543a708f1267a3,2021_22,E1,1X,0.7014249833086688,1,0.7014249833086688,1,0.6115383111204609,0,0.6870367055708704,1
074f83e658f01802,2021_22,E1,1X,0.7630767741474689,1,0.7630767741474689,1,0.5039295262074797,1,0.7329936996450516,0
ad47d8cc4143b46b,2021_22,E1,X2,0.7601605854756002,1,0.4971215472252189,1,0.7601605854756002,1,0.742717867299181,0
c5fe7533d3a024b2,2021_22,E1,X2,0.7077549042425365,0,0.5962855937439755,1,0.7077549042425365,0,0.6959595020134879,1
188f3727143a434e,2021_22,E1,1X,0.791044536574992,1,0.791044536574992,1,0.47584585109861977,0,0.7331096123263883,1
53849dedac648868,2021_22,E1,12,0.6956081562203451,0,0.6870325567714421,1,0.6173592870082127,1,0.6956081562203451,0
843c4283b4f61bf2,2021_22,E1,1X,0.7465824190621231,0,0.7465824190621231,0,0.5535661265439071,1,0.69985145439397,1
d5f8f3a7e55003fc,2021_22,E1,1X,0.8796496263186612,1,0.8796496263186612,1,0.3152717645179979,0,0.805078609163341,1
41198950a254fd51,2021_22,E1,X2,0.8272439092648576,1,0.41575281435720185,1,0.8272439092648576,1,0.7570032763779407,0
a42d53b39c758eb0,2021_22,E1,12,0.7040483633211532,1,0.640650016063281,1,0.6553016206155658,0,0.7040483633211532,1
ba243d81edd770ea,2021_22,E1,1X,0.7619048432696083,1,0.7619048432696083,1,0.5222594239980717,0,0.7158357327323202,1
3ee3def1a2f6e320,2021_22,E1,1X,0.7492425561069596,1,0.7492425561069596,1,0.5297527224594081,0,0.7210047214336324,1
6e2bf15459b7f100,2021_22,E1,12,0.7003473371676854,1,0.683290265861482,0,0.6163623969708325,1,0.7003473371676854,1
e0258da755b8a2e9,2021_22,E1,1X,0.7700952066515476,1,0.7700952066515476,1,0.5042216317782973,0,0.7256831615701551,1
123344afb85013f3,2021_22,E1,1X,0.8318953221112416,0,0.8318953221112416,0,0.39402731777040856,1,0.7740773601183498,1
09073195cf7673b0,2021_22,E1,1X,0.7565842289791112,1,0.7565842289791112,1,0.5329523562500063,0,0.7104634147708826,1
c012f178f30d1a9d,2021_22,E1,1X,0.7750155318219444,1,0.7750155318219444,1,0.5047612863592968,0,0.7202231818187589,1
a332e08f18b4468f,2021_22,E1,X2,0.8499648799813253,0,0.3990972104607575,1,0.8499648799813253,0,0.7509379095579172,1
202ef433c6d8efcb,2021_22,E1,12,0.7246273956527567,1,0.6176162022630247,0,0.6577564020842186,1,0.7246273956527567,1
839cdd2ec4513483,2021_22,E1,1X,0.8187383732258473,1,0.8187383732258473,1,0.44656454683493907,0,0.7346970799392136,1
3e1ce7ae299bc7b9,2021_22,E1,X2,0.7230800887226994,1,0.5767282125149307,0,0.7230800887226994,1,0.7001916987623703,1
234bed35b2e410a8,2021_22,E1,1X,0.7694440030103566,0,0.7694440030103566,0,0.5294162455246009,1,0.7011397514650424,1
133352b5364c849f,2021_22,E1,1X,0.8290279893351332,1,0.8290279893351332,1,0.410518260293381,0,0.760453750371486,1
ef6f7ef2aea895d2,2021_22,E1,12,0.7244226938158302,1,0.6114508712455038,0,0.664126434938666,1,0.7244226938158302,1
311b23b5d76da006,2021_22,E1,1X,0.742151437706227,0,0.742151437706227,0,0.5461118727953285,1,0.7117366894984445,1
806612968a018c89,2021_22,E1,1X,0.8295094097149407,0,0.8295094097149407,0,0.44675965412502217,1,0.7237309361600373,1
d93827a3f56cbb64,2021_22,E1,12,0.7067158281037162,1,0.694562957781354,1,0.5987212141149298,0,0.7067158281037162,1
a19990103f0949ea,2021_22,E1,12,0.6903653541790671,1,0.6315268028993122,1,0.6781078429216207,0,0.6903653541790671,1
64cdae28c8b9c65c,2021_22,E1,12,0.6995765805720751,1,0.6162090830007674,0,0.6842143364271576,1,0.6995765805720751,1
f25b0d52bb9e3a0e,2021_22,E1,1X,0.795814217629121,1,0.795814217629121,1,0.46232293935681174,1,0.7418628430140674,0
78db2134196e9799,2021_22,E1,1X,0.8720951772543668,1,0.8720951772543668,1,0.35290401811841476,1,0.7750008046272184,0
d0a6a65e76aba23d,2021_22,E1,12,0.7001189063152193,0,0.6667990892718954,1,0.6330820044128853,1,0.7001189063152193,0
120c94af6d47f384,2021_22,E1,1X,0.7337329513678446,0,0.7337329513678446,0,0.5743659573918818,1,0.6919010912402738,1
9e63eb5f887e0cd5,2021_22,E1,X2,0.8734481450032356,1,0.32123758306163697,0,0.8734481450032356,1,0.8053142719351274,1
91868f7c19011b48,2021_22,E1,12,0.7047955456046345,1,0.5965807766736886,0,0.6986236777216766,1,0.7047955456046345,1
b56e9ccd1868ebf6,2021_22,E1,12,0.7045308436481295,1,0.6039266091693389,1,0.6915425471825316,0,0.7045308436481295,1
41d4b9c610d97082,2021_22,E1,X2,0.7435839634378463,0,0.5529932756526534,1,0.7435839634378463,0,0.7034227609095003,1
d10651efb20da402,2021_22,E1,1X,0.9232944797870042,1,0.9232944797870042,1,0.21866395407323902,0,0.8580415661397568,1
d491bae8ebdd4390,2021_22,E1,12,0.7008623013857866,0,0.673833083589011,1,0.6253046150252025,1,0.7008623013857866,0
a5cfb7701c18dac4,2021_22,E1,1X,0.9004492501535423,1,0.9004492501535423,1,0.2681952623596728,0,0.8313554874867851,1
31a3d7f99af14a9f,2021_22,E1,1X,0.6920779497468174,0,0.6920779497468174,0,0.628527288024745,1,0.6793947622284375,1
c329b7be67fa118f,2021_22,E1,12,0.72064044150373,1,0.621390566832235,0,0.657968991664035,1,0.72064044150373,1
7266835fe7933372,2021_22,E1,1X,0.7768049496887404,1,0.7768049496887404,1,0.49636075443561123,1,0.7268342958756482,0
90aca2f32df3d852,2021_22,E1,12,0.7279556499261266,1,0.5810107484368503,1,0.6910336016370228,0,0.7279556499261266,1
aaabd9714b768a6b,2021_22,E1,12,0.6977691755315751,1,0.678044519380235,0,0.6241863050881902,1,0.6977691755315751,1
829a50ec37d3f5e8,2021_22,E1,1X,0.9069015681612188,1,0.9069015681612188,1,0.26676636535497444,0,0.8263320664838067,1
e1a2a7cd1cdc04b1,2021_22,E1,12,0.6951528845734445,0,0.6271072221560201,1,0.6777398932705355,1,0.6951528845734445,0
27aaa65af8ce047d,2021_22,E1,12,0.7126698969009123,1,0.5904877457300284,1,0.6968423573690592,0,0.7126698969009123,1
70fb498d712ae2e0,2021_22,E1,X2,0.7867062276627224,1,0.48072478893909526,0,0.7867062276627224,1,0.7325689833981824,1
db3c175aae925b2b,2021_22,E1,12,0.7013835444173634,1,0.6445405417784398,1,0.6540759138041967,0,0.7013835444173634,1
c81ee80bffd41280,2021_22,E1,1X,0.801944265479136,1,0.801944265479136,1,0.4896169891348658,0,0.7084387453859984,1
92145a5e3ad6a215,2021_22,E1,1X,0.7720694260364748,1,0.7720694260364748,1,0.5207528866282778,0,0.7071776873352476,1
4942629c08e00920,2021_22,E1,12,0.6984854695769984,1,0.6982043245490495,1,0.6033102058739523,0,0.6984854695769984,1
d2ace368046cf93c,2021_22,E1,1X,0.8505483004259888,0,0.8505483004259888,0,0.3672743625793772,1,0.7821773369946338,1
61fd0cffb4f5f765,2021_22,E1,1X,0.7690964433691081,0,0.7690964433691081,0,0.48791316445842636,1,0.7429903921724655,1
17d4ae0c21885d40,2021_22,E1,12,0.710808120438603,1,0.6118153962944681,0,0.6773764832669289,1,0.710808120438603,1
55ac3112f3a98451,2021_22,E1,1X,0.7764709650747533,1,0.7764709650747533,1,0.5025472041926828,0,0.7209818307325639,1
1bd5dbc85477b1f9,2021_22,E1,X2,0.7680022903704358,1,0.5081363904375912,0,0.7680022903704358,1,0.7238613191919729,1
87cb626b4042c577,2021_22,E1,1X,0.7330719606939413,1,0.7330719606939413,1,0.5587840581576479,0,0.7081439811484107,1
8993cb0620a4c06c,2021_22,E1,1X,0.8827414745490735,1,0.8827414745490735,1,0.30810090805192836,0,0.8091576173989982,1
419365291c359d7c,2021_22,E1,12,0.6968571976280304,1,0.6410382359944085,1,0.6621045663775611,0,0.6968571976280304,1
0beb4b483342d6b7,2021_22,E1,1X,0.7735368409862629,1,0.7735368409862629,1,0.4953525474590142,1,0.7311106115547229,0
2a83aac54ee0169a,2021_22,E1,1X,0.744696196069053,1,0.744696196069053,1,0.5552002746810845,0,0.7001035292498625,1
12cdf79d1c016cdd,2021_22,E1,1X,0.7924979847624001,1,0.7924979847624001,1,0.4784516345239678,0,0.7290503807136324,1
c204a737ac7db641,2021_22,E1,1X,0.860516826085777,1,0.860516826085777,1,0.37327775944532693,0,0.7662054144688963,1
e538b42c1c9b9eb4,2021_22,E1,12,0.7060136408182145,0,0.6976453451330027,1,0.5963410140487828,1,0.7060136408182145,0
7a91159cd90dd475,2021_22,E1,1X,0.8442180575302832,0,0.8442180575302832,0,0.4061055861740115,1,0.7496763562957055,1
a2a9514c553d099e,2021_22,E1,12,0.7172736053656779,0,0.6916922686738123,1,0.5910341259605099,1,0.7172736053656779,0
fc7c89f466017e77,2021_22,E1,X2,0.8627666945031356,1,0.37881500643440674,0,0.8627666945031356,1,0.7584182990624575,1
6e7c164943cca966,2021_22,E1,1X,0.904549676714983,1,0.904549676714983,1,0.2630964022293935,1,0.8323539210556237,0
638f9eb1c77eed5d,2021_22,E1,12,0.691950785580618,1,0.6424520696027869,1,0.6655971448165954,0,0.691950785580618,1
521adc5e022c725d,2021_22,E1,1X,0.6957885113012985,1,0.6957885113012985,1,0.6240530916115692,1,0.6801583970871323,0
115e324b052e3d06,2021_22,E1,1X,0.7586257250935943,1,0.7586257250935943,1,0.52196717505214,0,0.7194070998542661,1
a320b004b13b7bd4,2021_22,E1,X2,0.7441613150190154,0,0.5684151051257916,1,0.7441613150190154,0,0.6874235798551931,1
bbe44cef2e9a6582,2021_22,E1,1X,0.7768821334793432,1,0.7768821334793432,1,0.49617012911031816,1,0.7269477374103385,0
03988484c7984310,2021_22,E1,1X,0.8089318767167207,1,0.8089318767167207,1,0.43921668719235873,0,0.7518514360909205,1
c85c18545fe30a87,2021_22,E1,X2,0.8020257536469588,1,0.4384917045405947,0,0.8020257536469588,1,0.7594825418124465,1
a35f3691b1d97f10,2021_22,E1,1X,0.7142174430871329,1,0.7142174430871329,1,0.5992550583478266,1,0.6865274985650407,0
9ad061895c098936,2021_22,E1,X2,0.7159501924158753,0,0.5800759817712315,1,0.7159501924158753,0,0.7039738258128933,1
169da0addb70c29b,2021_22,E1,1X,0.7097443087928272,1,0.7097443087928272,1,0.6058103203993155,1,0.6844453708078573,0
e891dd364fb63152,2021_22,E1,1X,0.747911630423261,0,0.747911630423261,0,0.5508221564688968,1,0.7012662131078421,1
1325c8f222ee87ba,2021_22,E1,12,0.70540389963034,1,0.5938764157001251,0,0.7007196846695349,1,0.70540389963034,1
fda056ad2eea34db,2021_22,E1,1X,0.7429621467454082,1,0.7429621467454082,1,0.5551288525227333,0,0.7019090007318587,1
9e0cdc5e056707a9,2021_22,E1,X2,0.75537240644256,1,0.5249799247018219,0,0.75537240644256,1,0.7196476688556182,1
923ae29ea4b461c5,2021_22,E1,12,0.7205564632715826,1,0.6775264284451923,1,0.6019171082832251,0,0.7205564632715826,1
c8c2b530a3f2b563,2021_22,E1,12,0.7025208334628085,1,0.6508908189725359,0,0.6465883475646558,1,0.7025208334628085,1
db0948097c5d177f,2021_22,E1,1X,0.7167048478815381,1,0.7167048478815381,1,0.5786869228036524,0,0.7046082293148095,1
8cafa718f5d59bdd,2021_22,E1,1X,0.818974987096744,1,0.818974987096744,1,0.43367451972999727,1,0.7473504931732589,0
bcd34506d1a75673,2021_22,E1,1X,0.7267777189728579,1,0.7267777189728579,1,0.592192427155112,0,0.6810298538720303,1
37d9f27043c05b0e,2021_22,E1,1X,0.8750297779365444,1,0.8750297779365444,1,0.34429883567884745,0,0.7806713863846084,1
2c476fd128c28793,2021_22,E1,1X,0.8346990153851118,1,0.8346990153851118,1,0.4196568475962087,0,0.7456441370186795,1
b547d6ec5b270e3e,2021_22,E1,1X,0.7369418872478006,1,0.7369418872478006,1,0.5522061725015486,0,0.7108519402506508,1
13a09d71f8f85b30,2021_22,E1,1X,0.712953896353546,0,0.712953896353546,0,0.5994279588794389,1,0.6876181447670151,1
c8027dd854d5dec3,2021_22,E1,1X,0.8711808224784237,1,0.8711808224784237,1,0.3403540279808109,0,0.7884651495407654,1
10e8427ed066ce56,2021_22,E1,1X,0.7828121272066775,1,0.7828121272066775,1,0.47126148892287306,0,0.7459263838704496,1
ba11d28b355a2065,2021_22,E1,1X,0.8284425076275874,1,0.8284425076275874,1,0.4197575227346968,0,0.7517999696377158,1
f4f3804d19935607,2021_22,E1,1X,0.7468299211947655,1,0.7468299211947655,1,0.551569187470784,1,0.7016008913344505,0
b1195757213434a8,2021_22,E1,12,0.7110566959097209,0,0.6567870328254564,1,0.6321562712648228,1,0.7110566959097209,0
a6c1a9810d65ee53,2021_22,E1,1X,0.7134928904418805,1,0.7134928904418805,1,0.5782661509293459,0,0.7082409586287737,1
dce558971def6203,2021_22,E1,X2,0.7522643784477399,1,0.5274750504385244,1,0.7522643784477399,1,0.7202605711137359,0
578137e7cd1d93d7,2021_22,E1,X2,0.714112623332458,0,0.5934715756262741,1,0.714112623332458,0,0.6924158010412679,1
b0ec2de020d2a11b,2021_22,E1,12,0.7105116544590543,1,0.6057396939446515,1,0.6837486515962943,0,0.7105116544590543,1
f334a706555df0d2,2021_22,E1,X2,0.7551248693003783,1,0.5052440243189898,0,0.7551248693003783,1,0.7396311063806321,1
c0a41db9bc271e35,2021_22,E1,X2,0.8455731849680646,1,0.37810541751553495,0,0.8455731849680646,1,0.7763213975164007,1
4d5656c315102d86,2021_22,E1,1X,0.8416625799203508,1,0.8416625799203508,1,0.4124800544725112,0,0.7458573656071381,1
947cef0d356cc37f,2021_22,E1,1X,0.7337470859896752,1,0.7337470859896752,1,0.562832275638237,0,0.7034206383720877,1
0f08c152bbfa5389,2021_22,E1,1X,0.7609567048663843,1,0.7609567048663843,1,0.5191528800753794,1,0.7198904150582365,0
2e12a9ead46f25da,2021_22,E1,X2,0.7645837099953412,1,0.5124269213400074,0,0.7645837099953412,1,0.7229893686646512,1
0199f2d3f4b1d1a5,2021_22,E1,X2,0.7807979923420159,1,0.4753844838526814,0,0.7807979923420159,1,0.7438175238053029,1
23e5e72350d37561,2021_22,E1,1X,0.7393585393414156,1,0.7393585393414156,1,0.5325475665307418,0,0.7280938941278425,1
009d69ea06716e85,2021_22,E1,1X,0.7856640590665909,1,0.7856640590665909,1,0.5070156565756156,1,0.7073202843577935,0
654d150c094e037e,2021_22,E1,X2,0.7076737731336358,0,0.5901811389659223,1,0.7076737731336358,0,0.702145087900442,1
7007f2cdb3d6cd8e,2021_22,E1,12,0.6892519118372379,1,0.6827195787263541,1,0.6280285094364081,0,0.6892519118372379,1
2f0eba140c1c7d2a,2021_22,E1,1X,0.8453072071881607,1,0.8453072071881607,1,0.37890444298666437,1,0.775788349825175,0
36b97e5d6292456d,2021_22,E1,12,0.7122301782607241,0,0.6612226235414189,1,0.626547198197857,1,0.7122301782607241,0
4e5959688b8a20ae,2021_22,E1,1X,0.8942525182977878,0,0.8942525182977878,0,0.2863127156900035,1,0.8194347660122087,1
88d4a74119644bd0,2021_22,E1,X2,0.7325011422689269,0,0.545876180421683,1,0.7325011422689269,0,0.7216226773093901,1
a1878a2c7464f5b8,2021_22,E1,1X,0.7685486488869289,1,0.7685486488869289,1,0.5146229686285444,1,0.7168283824845267,0
7136ccd9278b2fd1,2021_22,E1,1X,0.8539101776050994,1,0.8539101776050994,1,0.38287479950151115,0,0.7632150228933895,1
f8d6954a1590506c,2021_22,E1,1X,0.7917569037490862,1,0.7917569037490862,1,0.48273701135795055,0,0.7255060848929632,1
2245fed6361412a5,2021_22,E1,X2,0.7169243002247446,0,0.5885132452534534,1,0.7169243002247446,0,0.6945624545218019,1
f420816c7713ea81,2021_22,E1,1X,0.8117446919508007,0,0.8117446919508007,0,0.45396681951100876,1,0.7342884885381904,1
139efb6b5fc437fe,2021_22,E1,1X,0.7756689270122736,1,0.7756689270122736,1,0.49601880695546946,1,0.7283122660322567,0
04d9f88707a5fc2c,2021_22,E1,1X,0.8344110940105898,1,0.8344110940105898,1,0.41997977712073914,0,0.7456091288686711,1
934c1d25b7ce473f,2021_22,E1,1X,0.8077757664495122,1,0.8077757664495122,1,0.4503238361409756,1,0.7419003974095122,0
61b176329eeb409e,2021_22,E1,X2,0.7263906242251499,1,0.5511758205325192,0,0.7263906242251499,1,0.722433555242331,1
15aa32ebe7fad6f4,2021_22,E1,1X,0.7289719401052784,0,0.7289719401052784,0,0.5734736491246794,1,0.6975544107700421,1
8a82d30a7d9702cb,2021_22,E1,1X,0.7051544310121942,1,0.7051544310121942,1,0.5927964536280317,0,0.7020491153597741,1
f029367aef6eb161,2021_22,E1,12,0.6902575084047252,0,0.6367928205307328,1,0.6729496710645421,1,0.6902575084047252,0
ab38b316078ad906,2021_22,E1,12,0.7165033210136159,1,0.6816022589034719,1,0.6018944200829123,0,0.7165033210136159,1
46bd4772f7746078,2021_22,E1,12,0.669656248054898,1,0.662543275532973,0,0.667800476412129,1,0.669656248054898,1
edee5b98239a6166,2021_22,E1,1X,0.9401513246929634,1,0.9401513246929634,1,0.17360680387979127,0,0.8862418714272455,1
a29159a856321e7c,2021_22,E1,1X,0.6982320555152352,1,0.6982320555152352,1,0.6079004459838945,0,0.6938674985008705,1
38b835892ff27817,2021_22,E1,1X,0.7763820851388137,1,0.7763820851388137,1,0.5005301026466152,0,0.7230878122145713,1
0ff200a72ba690c3,2021_22,E1,1X,0.8043658025273137,1,0.8043658025273137,1,0.4728106089850365,0,0.7228235884876498,1
90ab7cef10d4667c,2021_22,E1,1X,0.7506964048911213,0,0.7506964048911213,0,0.5391034574679774,1,0.7102001376409014,1
3860d6edcbd8b39d,2021_22,E1,1X,0.7243505108088084,1,0.7243505108088084,1,0.57528059325466,0,0.7003688959365317,1
2eb6796e7c2ffb15,2021_22,E1,X2,0.7720319390558796,0,0.4984639917315653,1,0.7720319390558796,0,0.729504069212555,1
067e5f94a7e91f8e,2021_22,E1,12,0.6957984939800472,1,0.6751611145692811,0,0.6290403914506717,1,0.6957984939800472,1
836b5cfded2aba26,2021_22,E1,1X,0.742736192549992,1,0.742736192549992,1,0.5302413119423419,0,0.7270224955076661,1
fa2401f99d8bba66,2021_22,E1,1X,0.808507381338389,1,0.808507381338389,1,0.44932943837870265,0,0.7421631802829084,1
e9ae252545db9bdc,2021_22,E1,X2,0.7985210959497363,1,0.4586468765464398,0,0.7985210959497363,1,0.742832027503824,1
ae2fa7a4bf3cc617,2021_22,E1,1X,0.772137329693882,1,0.772137329693882,1,0.5191096941233907,1,0.7087529761827271,0
79c4e592308b018f,2021_22,E1,1X,0.7921492162338948,1,0.7921492162338948,1,0.4957405022027815,0,0.7121102815633238,1
65e0237879955bde,2021_22,E1,X2,0.7036243520827519,0,0.6056811743726472,1,0.7036243520827519,0,0.690694473544601,1
c3abafa795a69444,2021_22,E1,1X,0.802448974630664,1,0.802448974630664,1,0.44922822837529,0,0.7483227969940462,1
e01594f430120967,2021_22,E1,12,0.7037799146659174,1,0.650545335803131,0,0.6456747495309516,1,0.7037799146659174,1
640bc67f3630ce72,2021_22,E1,1X,0.827626530434149,0,0.827626530434149,0,0.43714177482135547,1,0.7352316947444957,1
aaefbc992987a442,2021_22,E1,1X,0.7716323038407399,1,0.7716323038407399,1,0.5298298992734246,0,0.6985377968858356,1
6eabfb578d3f0d26,2021_22,E1,1X,0.847538319466007,1,0.847538319466007,1,0.38290291306057267,0,0.7695587674734203,1
5976989cb9bc9cd6,2021_22,E1,1X,0.7912029519503478,1,0.7912029519503478,1,0.49076487906205474,1,0.7180321689875976,0
b138e0468e92f7e3,2021_22,E1,1X,0.8593578501771743,1,0.8593578501771743,1,0.3637168174336045,0,0.7769253323892211,1
9c058b82428f189c,2021_22,E1,1X,0.7330258592105343,0,0.7330258592105343,0,0.5488556354174858,1,0.7181185053719799,1
5ad06acfd802f246,2021_22,E1,1X,0.7762425807005726,1,0.7762425807005726,1,0.5247950111529982,0,0.698962408146429,1
0e16b3b2fe59ad0c,2021_22,E1,X2,0.7651604524814122,1,0.5203542761413984,0,0.7651604524814122,1,0.7144852713771896,1
2ec7cabdbeb0a35d,2021_22,E1,1X,0.8088405721282699,1,0.8088405721282699,1,0.46465076017420043,0,0.7265086676975298,1
7ece3f27484815b4,2021_22,E1,X2,0.7065128877928912,0,0.5914898143211773,1,0.7065128877928912,0,0.7019972978859315,1
1131d65f8b450c64,2021_22,E1,1X,0.7446891771633414,0,0.7446891771633414,0,0.5551896323879216,1,0.7001211904487369,1
b597fddc73925cd8,2021_22,E1,12,0.7009437206643917,1,0.6187022633358819,0,0.6803540159997266,1,0.7009437206643917,1
a399125ce167cb12,2021_22,E1,1X,0.7712804216328222,0,0.7712804216328222,0,0.5168195248129315,1,0.7119000535542466,1
50c4a74d57ab1cd2,2021_22,E1,12,0.6866200010796522,1,0.6673293999564104,1,0.6460505989639376,0,0.6866200010796522,1
e9a2b111e34e9d9c,2021_22,E1,12,0.688573880113221,0,0.6465827530795313,1,0.6648433668072476,1,0.688573880113221,0
b8a7ed6a1f6c164c,2021_22,E1,1X,0.7565329315020991,1,0.7565329315020991,1,0.5616271571309086,1,0.6818399113669924,0
ff33c7aeba325b66,2021_22,E1,1X,0.9093318986953939,1,0.9093318986953939,1,0.2614997974535962,1,0.8291683038510099,0
b07e97716d78dd25,2021_22,E1,1X,0.747404897239088,0,0.747404897239088,0,0.538919093465533,1,0.7136760092953791,1
04ab0e94529d531f,2021_22,E1,1X,0.7536829635277246,1,0.7536829635277246,1,0.5368872817771212,0,0.7094297546951543,1
8fc9db071ebb94cd,2021_22,E1,X2,0.8239416491317675,1,0.42165472613717325,0,0.8239416491317675,1,0.7544036247310595,1
f9ea95db81c1cbf1,2021_22,E1,1X,0.7976892167328642,1,0.7976892167328642,1,0.4844691253599115,1,0.7178416579072241,0
075a984669c5bb2d,2021_22,E1,X2,0.8610556641834066,1,0.33896369859569386,1,0.8610556641834066,1,0.7999806372208997,0
d7cc712261fb49ac,2021_22,E1,1X,0.7182968949507617,1,0.7182968949507617,1,0.5776381350371628,1,0.7040649700120755,0
bc91f8ebe3c9ecd1,2021_22,E1,1X,0.8239003822876143,0,0.8239003822876143,0,0.4348003609532889,1,0.7412992567590968,1
25fc93bd4548d34b,2021_22,E1,12,0.718371461758545,1,0.7057864083111639,1,0.5758421299302909,0,0.718371461758545,1
196b54d6fcf5fa9e,2021_22,E1,1X,0.832819156898942,1,0.832819156898942,1,0.40986574710883916,0,0.7573150959922188,1
94d5a5a66d491d54,2021_22,E1,1X,0.7076200286653491,1,0.7076200286653491,1,0.6039700653301334,1,0.6884099060045175,0
53f46dec2c1da618,2021_22,E1,12,0.7014009013316742,1,0.6580815246223455,1,0.6405175740459803,0,0.7014009013316742,1
641feb0e9fe5a1d7,2021_22,E1,12,0.6971088985444787,0,0.6339560864025477,1,0.6689350150529736,1,0.6971088985444787,0
6c75f676f2fb2615,2021_22,E1,1X,0.8522468168832821,1,0.8522468168832821,1,0.37238221297645235,0,0.7753709701402658,1
2b778e94bccd61f4,2021_22,E1,X2,0.7211566721604243,1,0.5702041020003721,1,0.7211566721604243,1,0.7086392258392036,0
2605a645e812e0f7,2021_22,E1,1X,0.751080468142777,0,0.751080468142777,0,0.5269639439514412,1,0.721955587905782,1
910ec16c08619835,2021_22,E1,12,0.7106825333077206,1,0.6956307953118083,1,0.593686671380471,0,0.7106825333077206,1
83d9cd22114bfd71,2021_22,E1,X2,0.758401810571797,1,0.5127753988123703,0,0.758401810571797,1,0.7288227906158325,1
002a2a9d5322d286,2021_22,E1,1X,0.8195504779274314,1,0.8195504779274314,1,0.47157098198333963,0,0.708878540089229,1
dc3fe678a2d5cacd,2021_22,E1,1X,0.8679674456330535,1,0.8679674456330535,1,0.33117868079009083,1,0.8008538735768557,0
46e4df3dd45a98ed,2021_22,E1,X2,0.7215400511365215,0,0.564492443291299,1,0.7215400511365215,0,0.7139675055721794,1
825779287ef44f01,2021_22,E1,12,0.7075966560632263,0,0.5896201925040416,1,0.7027831514327321,1,0.7075966560632263,0
923f74fa60a69e9f,2021_22,E1,12,0.6990469557095353,1,0.6781484737929455,1,0.622804570497519,0,0.6990469557095353,1
79ce2f0c9dd15f9b,2021_22,E1,1X,0.8570967160620045,0,0.8570967160620045,0,0.38437141957928356,1,0.7585318643587119,1
486d694cf7d84e37,2021_22,E1,12,0.7009505764144117,1,0.6968513509457549,1,0.6021980726398335,0,0.7009505764144117,1
10481c7dce81cc29,2021_22,E1,1X,0.7196904486067259,1,0.7196904486067259,1,0.5941407393527637,0,0.6861688120405105,1
01f9bcdede4d8a49,2021_22,E1,1X,0.7861995924022291,1,0.7861995924022291,1,0.47925132067219245,0,0.7345490869255782,1
6e9464a30b1afb03,2021_22,E1,12,0.7159001437048719,1,0.5783721795042702,0,0.7057276767908578,1,0.7159001437048719,1
64e605a9e64b354e,2021_22,E1,X2,0.697629457548952,1,0.6131965887339861,1,0.697629457548952,1,0.689173953717062,0
6807b05935c5bed3,2021_22,E1,1X,0.8602339706473909,1,0.8602339706473909,1,0.3567871301220993,0,0.78297889923051,1
2c338bff38370d3c,2021_22,E1,X2,0.768533533694433,1,0.49773764236315315,1,0.768533533694433,1,0.7337288239424138,0
b4455314bf2b64b0,2021_22,E1,12,0.7077174500049842,1,0.5860514642138911,0,0.7062310857811248,1,0.7077174500049842,1
a7caf7daf8a65d82,2021_22,E1,12,0.7033422721364164,1,0.639104510985453,0,0.6575532168781306,1,0.7033422721364164,1
c4e63202e838cda5,2021_22,E1,X2,0.7076958449596433,0,0.5946170880044443,1,0.7076958449596433,0,0.6976870670359123,1
f114c324d70f5898,2021_22,E1,1X,0.7184938715083282,1,0.7184938715083282,1,0.5868700917954459,0,0.6946360366962259,1
0efea59324ddb72c,2021_22,E1,1X,0.7678325046196728,1,0.7678325046196728,1,0.503675111483207,1,0.72849238389712,0
f10dc627a3a41a60,2021_22,E1,1X,0.8092858141967859,0,0.8092858141967859,0,0.4369304346366409,1,0.7537837511665733,1
757ecb1ce73856aa,2021_22,E1,12,0.6958490950779583,1,0.644416410203029,0,0.6597344947190127,1,0.6958490950779583,1
bb489ee99efcff35,2021_22,E1,12,0.7078157932727235,1,0.5973911278173207,0,0.6947930789099557,1,0.7078157932727235,1
1167d96144adb486,2021_22,E1,12,0.7043095244338755,0,0.658247294772405,1,0.6374431807937195,1,0.7043095244338755,0
535bdc4050b667a2,2021_22,E1,1X,0.8675382324646899,1,0.8675382324646899,1,0.33481386157671106,0,0.7976479059585991,1
7a15c11a40b7d08d,2021_22,E1,1X,0.7347026015179581,0,0.7347026015179581,0,0.5537847099623165,1,0.7115126885197254,1
53157c35f89c3b5c,2021_22,E1,1X,0.7303836230048855,1,0.7303836230048855,1,0.5532205682127782,1,0.7163958087823363,0
acd2df8220c94d3c,2021_22,E1,12,0.6822362583025612,1,0.6738898145899634,1,0.6438739271074753,0,0.6822362583025612,1
4a063d50c7b16548,2021_22,E1,1X,0.7415654611846716,1,0.7415654611846716,1,0.5716414678759358,1,0.6867930709393926,0
28a384b01bf036af,2021_22,E1,X2,0.8238612294610507,1,0.40418649694942765,0,0.8238612294610507,1,0.7719522735895217,1
58d3c6ac311b6ec6,2021_22,E1,X2,0.8392649182381386,1,0.3839438791842807,0,0.8392649182381386,1,0.7767912025775808,1
a39351a66f20bca3,2021_22,E1,X2,0.6962692660113271,0,0.6103386469608961,1,0.6962692660113271,0,0.6933920870277769,1
45b473fed95dc72b,2021_22,E1,X2,0.7552770433960416,0,0.5352977633671442,1,0.7552770433960416,0,0.7094251932368144,1
98f32937c984f9c7,2021_22,E1,1X,0.7461995850532772,0,0.7461995850532772,0,0.5482885584325212,1,0.7055118565142018,1
c4b0e467915f6472,2021_22,E1,X2,0.7815421370179007,1,0.479124658087812,1,0.7815421370179007,1,0.7393332048942876,0
d970a45fd342acd5,2021_22,E1,1X,0.7428571308651181,1,0.7428571308651181,1,0.5563758213569457,0,0.7007670477779363,1
e4854ded135d1f96,2021_22,E1,1X,0.8270728315537996,1,0.8270728315537996,1,0.4232824341886949,0,0.7496447342575056,1
14786e99bfa7c92a,2021_22,E1,12,0.6932986292500891,1,0.6524973942807313,1,0.6542039764691796,0,0.6932986292500891,1
f9d25b40306e3e1f,2021_22,E1,12,0.7187027323635266,1,0.5656912162996881,0,0.715606051336785,1,0.7187027323635266,1
48813b782b1d388d,2021_22,E1,1X,0.7571883747360209,1,0.7571883747360209,1,0.5122213168607036,0,0.7305903084032757,1
2730b9151ef4172b,2021_22,E1,12,0.6997254579873784,1,0.6427021911128757,1,0.6575723508997458,0,0.6997254579873784,1
774fecc5ea042ad5,2021_22,E1,12,0.7076573490578262,0,0.6694040460594165,1,0.6229386048827574,1,0.7076573490578262,0
47cf6269d48ccc59,2021_22,E1,1X,0.8027605328901206,1,0.8027605328901206,1,0.45299522816205573,1,0.7442442389478238,0
e68336dd000a4312,2021_22,E1,1X,0.7890842230328168,1,0.7890842230328168,1,0.4572475066732748,1,0.7536682702939085,0
aff8cb93e3668684,2021_22,E1,1X,0.8545113316280789,0,0.8545113316280789,0,0.3802416222333168,1,0.7652470461386045,1
d237424afe75e200,2021_22,E1,1X,0.8125728472970357,1,0.8125728472970357,1,0.46555776235440677,0,0.7218693903485573,1
6ee914e3f43db4f8,2021_22,E1,1X,0.8337328459905977,1,0.8337328459905977,1,0.4109094072869073,0,0.755357746722495,1
23522218bb51e2a2,2021_22,E1,1X,0.7608791436075557,1,0.7608791436075557,1,0.522124933855814,0,0.7169959225366305,1
b0eb68c9e9050dbf,2021_22,E1,1X,0.7231476235171986,0,0.7231476235171986,0,0.5624896090283472,1,0.7143627674544543,1
91db80aecef972f6,2021_22,E1,1X,0.7402559597328202,1,0.7402559597328202,1,0.5393625290434576,0,0.7203815112237222,1
b0f9744ecc0e1fce,2021_22,E1,1X,0.7812982560718249,0,0.7812982560718249,0,0.49831637222620495,1,0.7203853717019704,1
bcb1cfcec4dfd9bd,2021_22,E1,1X,0.877056139039035,0,0.877056139039035,0,0.30995348910237924,1,0.8129903718585858,1
134c3cab848545e8,2021_22,E1,1X,0.6977345410674276,1,0.6977345410674276,1,0.607697070670318,0,0.6945683882622544,1
dd3a67bf58aa5cfe,2021_22,E1,12,0.7059233206535136,1,0.6368317250308482,1,0.6572449543156382,0,0.7059233206535136,1
3cb36af62ef0e8e2,2021_22,E1,X2,0.7403182982519503,1,0.5225459623730517,0,0.7403182982519503,1,0.7371357393749981,1
3f89b14d7c8edb39,2021_22,E1,1X,0.7754921641550282,1,0.7754921641550282,1,0.4950091167354532,1,0.7294987191095186,0
70abf14d97d8a098,2021_22,E1,1X,0.7081548021540388,1,0.7081548021540388,1,0.5938216865485266,0,0.6980235112974345,1
f4fb05246bfbb058,2021_22,E1,X2,0.8093529650541375,0,0.4335336071124184,1,0.8093529650541375,0,0.7571134278334442,1
940fa61a5f83016e,2021_22,E1,1X,0.7089208808874545,1,0.7089208808874545,1,0.6023322970737757,1,0.6887468220387698,0
b4958b49e50588cb,2021_22,E1,1X,0.8472662486638647,0,0.8472662486638647,0,0.41006848114392724,1,0.742665270192208,1
1477130f3319e21b,2021_22,E1,1X,0.7876128508653242,0,0.7876128508653242,0,0.47223826235898614,1,0.7401488867756897,1
4d23454307bfe0ef,2021_22,E1,1X,0.8204507648518256,1,0.8204507648518256,1,0.4343234949608642,1,0.7452257401873104,0
fd123b1a38ebc313,2021_22,E1,1X,0.760804487923867,1,0.760804487923867,1,0.5118948179112645,0,0.7273006941648684,1
c5b2b831287b685f,2021_22,E1,1X,0.7895422270583664,1,0.7895422270583664,1,0.48484199582571,1,0.7256157771159237,0
6ad9281c411d32ab,2021_22,E1,X2,0.829457364320298,0,0.40816317635928817,1,0.829457364320298,0,0.7623794593204136,1
24bf55a015431499,2021_22,E1,1X,0.8071623462219607,0,0.8071623462219607,0,0.46242874761208497,1,0.7304089061659546,1
78eaeaaf42a8cfeb,2021_22,E1,12,0.7349043871457583,1,0.7278187460089849,0,0.537276866845257,1,0.7349043871457583,1
dc64dc50f9219164,2021_22,E1,1X,0.7565182357015574,0,0.7565182357015574,0,0.524838081905646,1,0.7186436823927969,1
338719e5336cc1b4,2021_22,E1,1X,0.7338148173248119,1,0.7338148173248119,1,0.5382784842254738,0,0.7279066984497142,1
0352913e03e24464,2021_22,E1,12,0.6908477293723598,1,0.6225953224258067,0,0.6865569482018331,1,0.6908477293723598,1
2bedd718860ffd36,2021_22,E1,12,0.7169031190768123,1,0.6346461006851332,0,0.6484507802380546,1,0.7169031190768123,1
40a914ef7010d111,2021_22,E1,1X,0.81924885799796,1,0.81924885799796,1,0.4488657351376193,0,0.7318854068644208,1
fe1c622c8e47a6bc,2021_22,E1,12,0.7069588545079079,1,0.6924212308918954,1,0.6006199146001968,0,0.7069588545079079,1
5025c417121d72c8,2021_22,E1,12,0.713124401372468,0,0.694305730640632,1,0.5925698679869,1,0.713124401372468,0
4380b2e70245e677,2021_22,E1,X2,0.7646130308207193,1,0.504526005108511,1,0.7646130308207193,1,0.7308609640707697,0
770531e0d3646aed,2021_22,E1,12,0.7198101190759436,1,0.7035724169322412,1,0.5766174639918153,0,0.7198101190759436,1
da86367af16a7a29,2021_22,E1,1X,0.8803758742715556,1,0.8803758742715556,1,0.3021661460701171,0,0.8174579796583274,1
a9a4bf7f371b0fe6,2021_22,E1,1X,0.8216785455987108,1,0.8216785455987108,1,0.4220456870615178,0,0.7562757673397712,1
a2e6e5f6f0e4822e,2021_22,E1,1X,0.7612562021942464,1,0.7612562021942464,1,0.5121453122324775,1,0.7265984855732763,0
02401ef121050627,2021_22,E1,X2,0.7331392644774932,1,0.5566913470324397,1,0.7331392644774932,1,0.710169388490067,0
bfaa537f586893b0,2021_22,E1,12,0.7277894416025588,0,0.6614135133708212,1,0.61079704502662,1,0.7277894416025588,0
875ef8d95fd84ef7,2021_22,E1,12,0.7124204915859131,1,0.6429373329144203,0,0.6446421754996665,1,0.7124204915859131,1
836f6301a41e36ac,2021_22,E1,12,0.6920171173145071,1,0.6666008520353838,1,0.6413820306501091,0,0.6920171173145071,1
e180e6f2bffc3d10,2021_22,E1,X2,0.8387811028124855,1,0.38514843221963935,0,0.8387811028124855,1,0.7760704649678751,1
5b9dceae1f5a9d76,2021_22,E1,1X,0.8595781504224882,1,0.8595781504224882,1,0.3671196538596836,0,0.7733021957178282,1
2d42f764bda5cb37,2021_22,E1,1X,0.7430729668793303,1,0.7430729668793303,1,0.525879692418239,0,0.7310473407024307,1
0245a304c1fa56cd,2021_22,E1,12,0.7173788437101386,0,0.6014810601429088,1,0.6811400961469527,1,0.7173788437101386,0
161fee5c523d94dc,2021_22,E1,12,0.7140430150379717,0,0.6660371723567731,1,0.6199198126052552,1,0.7140430150379717,0
a0b6ac0c7574ff67,2021_22,E1,12,0.6987091615232464,1,0.6684851920791479,0,0.632805646397606,1,0.6987091615232464,1
557b0c479a3b072c,2021_22,E1,12,0.7276379276627198,1,0.5770712670761402,0,0.69529080526114,1,0.7276379276627198,1
93de5a7ba006009d,2021_22,E1,1X,0.7541209840905877,0,0.7541209840905877,0,0.5139432589790358,1,0.7319357569303766,1
e6ec5b5cce9240da,2021_22,E1,X2,0.7669091808697184,1,0.49720296445068846,1,0.7669091808697184,1,0.7358878546795933,0
57ad6cb226ccc5ad,2021_22,E1,1X,0.854956992696321,1,0.854956992696321,1,0.37106161204452137,0,0.7739813952591574,1
b12c87929dd1077f,2021_22,E1,X2,0.8236306204666228,1,0.4122255810723968,0,0.8236306204666228,1,0.7641437984609804,1
fe1848cfb684ff37,2021_22,E1,X2,0.8214986133415083,1,0.40762443104165014,0,0.8214986133415083,1,0.7708769556168418,1
60036bf968e2b0dd,2021_22,E1,12,0.7274177667783113,1,0.5704881015791773,0,0.7020941316425116,1,0.7274177667783113,1
a416d1462b0d60b2,2021_22,E1,1X,0.7878597526232745,0,0.7878597526232745,0,0.4730394696465085,1,0.7391007777302171,1
d9c922673edb4e16,2021_22,E1,12,0.7314379491032603,1,0.7120343602810622,1,0.5565276906156775,0,0.7314379491032603,1
f7db8fc124409ccf,2021_22,E1,12,0.7121138509371954,0,0.7053510163170476,1,0.5825351327457571,1,0.7121138509371954,0
f69d921fea74de5d,2021_22,E1,12,0.7194222804501847,1,0.7180091068588348,0,0.5625686126909806,1,0.7194222804501847,1
37b4651ebbf95781,2021_22,E1,1X,0.7977328836036208,1,0.7977328836036208,1,0.4433308910281111,0,0.7589362253682679,1
2a453932412c697b,2021_22,E1,1X,0.8547989728085202,1,0.8547989728085202,1,0.35081859717596764,0,0.7943824300155121,1
c25aeaf4a823c39c,2021_22,E1,1X,0.8680724406321179,1,0.8680724406321179,1,0.32448894030388226,0,0.8074386190639998,1
70e1a2930b3b34bf,2021_22,E1,12,0.7145535632022388,1,0.5874885205000036,0,0.6979579162977576,1,0.7145535632022388,1
ea5328fdb27373a3,2021_22,E1,1X,0.8775895500102504,1,0.8775895500102504,1,0.3417947684879059,0,0.7806156815018437,1
ce557165627b3302,2021_22,E1,12,0.7212768722173362,1,0.7091429537289735,1,0.5695801740536905,0,0.7212768722173362,1
86e89dbf4d79af1e,2021_22,E1,12,0.7303885514620203,1,0.6542813529332807,0,0.615330095604699,1,0.7303885514620203,1
15ef36b2a4eca1b9,2021_22,E1,1X,0.7623157055412089,1,0.7623157055412089,1,0.4918094909442381,0,0.745874803514553,1
9c70fd0550438082,2021_22,E1,12,0.7233594821365765,1,0.7019801351653308,0,0.5746603826980928,1,0.7233594821365765,1
a81ad41217902bc3,2021_22,E1,12,0.7380398747955114,1,0.7007072710216069,1,0.5612528541828815,0,0.7380398747955114,1
cb94b0e7de725cef,2021_22,E1,12,0.7218432002253228,0,0.5758761357319899,1,0.7022806640426874,1,0.7218432002253228,0
19cd8a8e335434c5,2021_22,E1,1X,0.8438878238458569,1,0.8438878238458569,1,0.3983985797703926,0,0.7577135963837505,1
60079c5b3e337f59,2021_22,E1,12,0.7402640881283992,1,0.6149886171531478,1,0.6447472947184529,0,0.7402640881283992,1
6a67bdad625dadcf,2021_22,E1,X2,0.7916278450000516,0,0.4524747754949239,1,0.7916278450000516,0,0.7558973795050246,1
665d62f809a00fb5,2021_22,E1,12,0.7385530688187782,1,0.7284768327114963,1,0.5329700984697254,0,0.7385530688187782,1
342e99ef0796a5df,2021_22,E1,12,0.7370826025684334,0,0.7023642243605066,1,0.5605531730710602,1,0.7370826025684334,0
2e54a78cbc01e8e9,2021_22,E1,12,0.75045522296785,1,0.7358529923853736,0,0.5136917846467765,1,0.75045522296785,1
a2bf2f0ac2ddd081,2021_22,E1,1X,0.9201397339902949,1,0.9201397339902949,1,0.23263237187091546,0,0.8472278941387896,1
f3d189ea55bb7d0b,2022_23,E1,12,0.6995860151242126,1,0.6228342911701923,0,0.6775796937055949,1,0.6995860151242126,1
4631f955f3eb0f2a,2022_23,E1,1X,0.7604721231141824,1,0.7604721231141824,1,0.5106136894937354,0,0.7289141873920821,1
9441abda15c014da,2022_23,E1,1X,0.7511171313230781,1,0.7511171313230781,1,0.5277823265116561,0,0.7211005421652659,1
906664a72b4aba73,2022_23,E1,X2,0.7239728340576579,0,0.5631490534993429,1,0.7239728340576579,0,0.7128781124429993,1
f8088471bc87fc85,2022_23,E1,12,0.6946878602483118,1,0.6861338843758367,1,0.6191782553758516,0,0.6946878602483118,1
ac419809f8cc98db,2022_23,E1,1X,0.77680896788316,1,0.77680896788316,1,0.49265694589269515,1,0.7305340862241451,0
613bb45e78f06fe4,2022_23,E1,12,0.6967358645046315,1,0.6937998554555622,1,0.6094642800398062,0,0.6967358645046315,1
6ed1d0b2ec7f7fb6,2022_23,E1,12,0.712473122849501,0,0.6904807255679141,1,0.5970461515825848,1,0.712473122849501,0
ed6dd4db99056dba,2022_23,E1,12,0.6941154874797505,0,0.6434844074775625,1,0.662400105042687,1,0.6941154874797505,0
be56d01c7818aeb2,2022_23,E1,12,0.7091561812853011,0,0.7030286594021484,1,0.5878151593125505,1,0.7091561812853011,0
fab8d54cf13fcf7e,2022_23,E1,12,0.7132725372555799,0,0.6622521213589043,1,0.6244753413855157,1,0.7132725372555799,0
4ac6a13111374d94,2022_23,E1,1X,0.7056020017349276,1,0.7056020017349276,1,0.5899106386064383,0,0.7044873596586341,1
b9c20eb8a76ba17b,2022_23,E1,12,0.6996456636660044,1,0.6939179405503094,1,0.6064363957836862,0,0.6996456636660044,1
b804abfcf68c6990,2022_23,E1,1X,0.8198988048029874,1,0.8198988048029874,1,0.4330333209088961,1,0.7470678742881165,0
dbd800e94c6eb392,2022_23,E1,12,0.7128717995958076,1,0.6901254973105002,0,0.5970027030936922,1,0.7128717995958076,1
eba804dcd0bc3f2d,2022_23,E1,1X,0.805582842901107,1,0.805582842901107,1,0.45902788321788646,1,0.7353892738810067,0
14bdfa74c188ff6f,2022_23,E1,1X,0.7763203198123334,1,0.7763203198123334,1,0.49634926837496046,1,0.727330411812706,0
95fd279ea1516881,2022_23,E1,12,0.7122716286788513,1,0.6103624383058477,1,0.6773659330153007,0,0.7122716286788513,1
e2a7aa7ed53b782a,2022_23,E1,12,0.6978693410029266,1,0.6823322735882595,1,0.6197983854088138,0,0.6978693410029266,1
8b18c8bca52546e9,2022_23,E1,1X,0.7974764222928163,1,0.7974764222928163,1,0.49046891496340306,0,0.7120546627437806,1
f1de4e8b347a3306,2022_23,E1,1X,0.7432233412521345,1,0.7432233412521345,1,0.5388096478175048,0,0.7179670109303606,1
6896c78127952bc2,2022_23,E1,12,0.7080717691059106,1,0.6599076331023009,0,0.6320205977917885,1,0.7080717691059106,1
fdbe8f6d32586d70,2022_23,E1,12,0.7034448828467426,0,0.6822543259930705,1,0.614300791160187,1,0.7034448828467426,0
df7bd986fea1bef9,2022_23,E1,12,0.7062054650036389,1,0.691604844231265,1,0.6021896907650961,0,0.7062054650036389,1
acc11026077c6be8,2022_23,E1,1X,0.7240695431981143,1,0.7240695431981143,1,0.567877270911139,0,0.7080531858907468,1
7435888f3c09008d,2022_23,E1,12,0.7125376199674522,1,0.6723973420041096,0,0.6150650380284381,1,0.7125376199674522,1
012b73dd87d7161d,2022_23,E1,12,0.6944110979842386,1,0.6235199547802655,1,0.6820689472354959,0,0.6944110979842386,1
34074bb001521c33,2022_23,E1,X2,0.730853330568938,0,0.5463220116423622,1,0.730853330568938,0,0.7228246577886999,1
4702ab1efba73937,2022_23,E1,1X,0.7185509269923445,0,0.7185509269923445,0,0.5874501561187029,1,0.6939989168889527,1
20fa57543e71f6c5,2022_23,E1,12,0.6981114703658453,1,0.6891077326712147,1,0.6127807969629401,0,0.6981114703658453,1
857d9e803fefdc68,2022_23,E1,1X,0.7475383966255089,1,0.7475383966255089,1,0.5311266851966252,0,0.7213349181778661,1
071cffba9486e214,2022_23,E1,1X,0.727276275036727,1,0.727276275036727,1,0.5511673225803462,1,0.721556402382927,0
df83067ebe06b232,2022_23,E1,1X,0.719725264356606,1,0.719725264356606,1,0.5677335609719095,1,0.7125411746714846,0
57452968e986a4b0,2022_23,E1,1X,0.7175697195311974,1,0.7175697195311974,1,0.5733623884262526,1,0.7090678920425499,0
9e2329e251b3be91,2022_23,E1,12,0.7145340672838407,1,0.5939778494161105,1,0.6914880833000487,0,0.7145340672838407,1
79cd33decfb287f7,2022_23,E1,X2,0.7384382762320543,1,0.5471812266797474,1,0.7384382762320543,1,0.7143804970881982,0
e244f6e9b48bb01d,2022_23,E1,12,0.716980921859188,1,0.6236634865074326,1,0.6593555916333793,0,0.716980921859188,1
a1516e456a8da365,2022_23,E1,1X,0.8679408993061833,1,0.8679408993061833,1,0.34955059569455715,1,0.7825085049992595,0
0e7e10cc76f79f9e,2022_23,E1,1X,0.8200521122841549,1,0.8200521122841549,1,0.4303286044069477,0,0.7496192833088975,1
e30a0e1d4fdd8beb,2022_23,E1,1X,0.7853073730946574,1,0.7853073730946574,1,0.4917185966495915,1,0.7229740302557512,0
feac014770fed41d,2022_23,E1,12,0.702735294760531,0,0.6721923982284808,1,0.6250723070109883,1,0.702735294760531,0
c054a9f5489494cd,2022_23,E1,1X,0.7658470370474126,0,0.7658470370474126,0,0.4983132020710678,1,0.7358397608815194,1
f81a0e14e321d8e7,2022_23,E1,12,0.6914914956214961,0,0.6555629258293065,1,0.6529455785491975,1,0.6914914956214961,0
0bce4c9324820b64,2022_23,E1,12,0.7123256982220558,1,0.6136635398582753,1,0.6740107619196689,0,0.7123256982220558,1
4bf648a1b94c48d0,2022_23,E1,1X,0.8010816222016854,1,0.8010816222016854,1,0.44832560628890045,0,0.7505927715094143,1
e673661472efd9d1,2022_23,E1,1X,0.8407423520289588,1,0.8407423520289588,1,0.39946586855399346,1,0.7597917794170478,0
8030bcd0420695bf,2022_23,E1,1X,0.7825292397369888,1,0.7825292397369888,1,0.48718803054192145,0,0.7302827297210899,1
f67ed3781e5a04fd,2022_23,E1,12,0.6983949850717729,1,0.608869248011805,0,0.6927357669164222,1,0.6983949850717729,1
3fdc50d5fc6afd46,2022_23,E1,1X,0.8464778237995948,1,0.8464778237995948,1,0.3893291716653057,1,0.7641930045350995,0
4f2150f3d40c762f,2022_23,E1,1X,0.7489953109691174,1,0.7489953109691174,1,0.563049579953397,1,0.6879551090774854,0
445f68d84e7a383d,2022_23,E1,1X,0.7339699479138335,1,0.7339699479138335,1,0.5488521470327457,1,0.7171779050534208,0
95e550723513f4d3,2022_23,E1,X2,0.7467498335978184,0,0.5250206249890975,1,0.7467498335978184,0,0.7282295414130839,1
ca84e1ca7a5ef9b2,2022_23,E1,1X,0.7720921773500278,1,0.7720921773500278,1,0.4961490643293412,0,0.731758758320631,1
dce3b97dd20063ad,2022_23,E1,1X,0.7468621767154655,0,0.7468621767154655,0,0.5290916466726392,1,0.7240461766118952,1
48b7a28f37204a33,2022_23,E1,12,0.720070077827478,1,0.694768228902299,0,0.585161693270223,1,0.720070077827478,1
a137215128ec29be,2022_23,E1,1X,0.856546054967544,1,0.856546054967544,1,0.3640163314700866,0,0.7794376135623696,1
382c87ff4f031b56,2022_23,E1,1X,0.7062407020373266,1,0.7062407020373266,1,0.5914492735579441,0,0.7023100244047294,1
1a5be2cfc3120748,2022_23,E1,X2,0.7143730117524505,1,0.5762083197652146,1,0.7143730117524505,1,0.7094186684823346,0
bc51add50fa75e7e,2022_23,E1,12,0.7152057378866461,1,0.6158080258235017,0,0.6689862362898525,1,0.7152057378866461,1
2ac6fcb418631188,2022_23,E1,12,0.7072295641932005,1,0.6799848726347366,0,0.6127855631720629,1,0.7072295641932005,1
fbddad49c1351c9c,2022_23,E1,12,0.7193584797984067,0,0.6958674162552454,1,0.5847741039463479,1,0.7193584797984067,0
8e9bcf5cfbe2c0d5,2022_23,E1,12,0.6820656346823692,0,0.64064465976519,1,0.6772897055524406,1,0.6820656346823692,0
79d752460b9f7173,2022_23,E1,X2,0.820383689512799,1,0.42700233540821175,1,0.820383689512799,1,0.7526139750789892,0
27f5a32ab66f9457,2022_23,E1,12,0.7147006368113868,1,0.5950510758983509,1,0.6902482872902623,0,0.7147006368113868,1
d85311e1a1abf3aa,2022_23,E1,1X,0.8153758950708696,1,0.8153758950708696,1,0.4298626994529352,0,0.7547614054761953,1
b99bdb4d9274d4ef,2022_23,E1,1X,0.8165849838062598,0,0.8165849838062598,0,0.46171241203950536,1,0.7217026041542349,1
c3c9f2c1d74582a4,2022_23,E1,1X,0.7480429095898684,1,0.7480429095898684,1,0.5423605946844766,0,0.7095964957256551,1
e0f4495983decdc3,2022_23,E1,1X,0.7528190103124484,0,0.7528190103124484,0,0.5324631901492521,1,0.7147177995382993,1
e1d948dbaeb6f6a1,2022_23,E1,X2,0.717782304743743,1,0.5821289827199527,0,0.717782304743743,1,0.7000887125363041,1
0f5c81c6242e791b,2022_23,E1,X2,0.7858769838734361,1,0.4672455686284985,0,0.7858769838734361,1,0.7468774474980654,1
3fd6629abb8d8dab,2022_23,E1,1X,0.8035780319006796,1,0.8035780319006796,1,0.4757190020536042,0,0.7207029660457162,1
861cb5f630f0e312,2022_23,E1,12,0.6869365708722791,1,0.6855927904171989,0,0.6274706387105221,1,0.6869365708722791,1
b2789983cc9d9806,2022_23,E1,1X,0.7879624160017671,1,0.7879624160017671,1,0.4641530046912068,0,0.7478845793070262,1
c238cdeb1ed0d973,2022_23,E1,1X,0.8554713436221247,1,0.8554713436221247,1,0.380169714666467,0,0.7643589417114085,1
c9639128ae1e9d5c,2022_23,E1,X2,0.7545229856579327,1,0.5263605782759556,1,0.7545229856579327,1,0.7191164360661114,0
57849c85e1581c15,2022_23,E1,1X,0.7016833684637533,1,0.7016833684637533,1,0.6009956149098947,0,0.6973210166263519,1
ccc8f3a958e03ef3,2022_23,E1,1X,0.7896995820807209,1,0.7896995820807209,1,0.45793322134729414,0,0.7523671965719851,1
f6ef7b3d7170f09c,2022_23,E1,1X,0.7184971727752358,0,0.7184971727752358,0,0.5756023111292061,1,0.7059005160955583,1
504942b569137f49,2022_23,E1,1X,0.7249208509973959,1,0.7249208509973959,1,0.5576635716794397,1,0.7174155773231642,0
c74025065cb90966,2022_23,E1,1X,0.733709244935439,1,0.733709244935439,1,0.5414911186008409,0,0.7247996364637201,1
66fec4362c4d49aa,2022_23,E1,12,0.7160939207149961,1,0.680017386304229,0,0.603888692980775,1,0.7160939207149961,1
a6833fa3f3afaf39,2022_23,E1,12,0.7090875266417962,0,0.7049113603698896,1,0.5860011129883145,1,0.7090875266417962,0
4100755afe00604d,2022_23,E1,12,0.729191839495638,1,0.6975062635986615,0,0.5733018969057004,1,0.729191839495638,1
51c7b151da14ab53,2022_23,E1,1X,0.7425683444355241,0,0.7425683444355241,0,0.5520942889585189,1,0.7053373666059569,1
15a18e4a469e0ca6,2022_23,E1,1X,0.7256521641685857,1,0.7256521641685857,1,0.5725528952606592,0,0.7017949405707552,1
9fa9a2db714eb533,2022_23,E1,1X,0.8229065312741085,1,0.8229065312741085,1,0.41377906588158975,0,0.7633144028443017,1
44108495cc1a7e0c,2022_23,E1,1X,0.8100076836700969,0,0.8100076836700969,0,0.4610112336435515,1,0.7289810826863515,1
15a8e9548c6a4fed,2022_23,E1,X2,0.7261383968851427,1,0.5557368109548972,1,0.7261383968851427,1,0.7181247921599601,0
54f3a7c842257bcd,2022_23,E1,12,0.7116842481610279,1,0.6822203957143143,1,0.6060953561246578,0,0.7116842481610279,1
7790969a43a62d7f,2022_23,E1,12,0.7036741961853523,1,0.6193017268687084,1,0.6770240769459392,0,0.7036741961853523,1
a0d8e3628d25f4d9,2022_23,E1,12,0.7078479556569423,1,0.6842333683164571,0,0.6079186760266008,1,0.7078479556569423,1
52d324b3a59257e1,2022_23,E1,X2,0.7782250697567311,1,0.49058542022902996,0,0.7782250697567311,1,0.7311895100142389,1
9b2651b6f635f204,2022_23,E1,1X,0.7691691821832927,1,0.7691691821832927,1,0.4980378593277549,0,0.7327929584889524,1
50eb9e971556fd97,2022_23,E1,12,0.7029958170220663,1,0.6560299276430269,1,0.6409742553349072,0,0.7029958170220663,1
4878a8efaec720e2,2022_23,E1,12,0.6995207388518855,1,0.6761659351686056,0,0.6243133259795091,1,0.6995207388518855,1
5cd7135cc005c369,2022_23,E1,12,0.7076020498055963,1,0.6259931500649312,0,0.6664048001294727,1,0.7076020498055963,1
33970da7a74cefc8,2022_23,E1,1X,0.8166813431677891,0,0.8166813431677891,0,0.4472130573289267,1,0.7361055995032844,1
e56bc9fe01bed4eb,2022_23,E1,12,0.7211451983415211,1,0.5719622209097164,0,0.7068925807487624,1,0.7211451983415211,1
b7bc611219ceea7f,2022_23,E1,12,0.7108629661311963,0,0.6063405892536717,1,0.6827964446151323,1,0.7108629661311963,0
a3ce83d525ac400b,2022_23,E1,12,0.7189911375431903,0,0.7102405958802017,1,0.5707682665766081,1,0.7189911375431903,0
2d34797cbd9baac9,2022_23,E1,12,0.710090891478117,1,0.7068595913626788,0,0.5830495171592043,1,0.710090891478117,1
a5f0b3d34521ead1,2022_23,E1,1X,0.8126428698570494,1,0.8126428698570494,1,0.4154933635009703,0,0.7718637666419803,1
0236add16af1543b,2022_23,E1,1X,0.7028974078637885,1,0.7028974078637885,1,0.5949522417417514,0,0.7021503503944602,1
cfe171abe7c16ac5,2022_23,E1,12,0.7031032392413323,1,0.690658498616223,0,0.6062382621424447,1,0.7031032392413323,1
c2906274ea5db181,2022_23,E1,1X,0.8720913376209658,0,0.8720913376209658,0,0.3412940942979035,1,0.7866145680811308,1
cbb947e2b1a90152,2022_23,E1,1X,0.7648963618459217,1,0.7648963618459217,1,0.5158945255079114,0,0.7192091126461672,1
c5d34809435f30ea,2022_23,E1,12,0.7150943088558,0,0.6012854606331111,1,0.683620230511089,1,0.7150943088558,0
13704ae322be184b,2022_23,E1,1X,0.7827421874106717,1,0.7827421874106717,1,0.46416140328606625,0,0.753096409303262,1
ad8e7fb101ae138f,2022_23,E1,12,0.6962298530596049,1,0.6371589269837821,1,0.666611219956613,0,0.6962298530596049,1
82743961da92a613,2022_23,E1,1X,0.7076932664609128,1,0.7076932664609128,1,0.5909649394369627,0,0.7013417941021245,1
3fd546c1d7fc6bae,2022_23,E1,1X,0.783497873688471,1,0.783497873688471,1,0.4993948980674135,0,0.7171072282441157,1
255e05a346be0dec,2022_23,E1,12,0.7261581441104359,0,0.6956235521561702,1,0.5782183037333941,1,0.7261581441104359,0
8136fd3a67b53328,2022_23,E1,12,0.695318347194738,1,0.6247872843337625,0,0.6798943684714995,1,0.695318347194738,1
ff19041698b91202,2022_23,E1,12,0.7141911731993216,0,0.6992142523681741,1,0.5865945744325043,1,0.7141911731993216,0
83ddb6a45bff7513,2022_23,E1,1X,0.756129031063377,1,0.756129031063377,1,0.5221259674307318,1,0.7217450015058913,0
fbd1f60e9d7c540f,2022_23,E1,1X,0.741514167751677,0,0.741514167751677,0,0.5515386926619632,1,0.7069471395863598,1
9cfaa14522e2c22e,2022_23,E1,1X,0.8284459230216612,1,0.8284459230216612,1,0.4135113280052186,1,0.7580427489731202,0
f540a8ed08d3fe3c,2022_23,E1,12,0.7087890193242652,1,0.6051794753176978,0,0.686031505358037,1,0.7087890193242652,1
1f2abf9400d9c43c,2022_23,E1,1X,0.7241059882055492,1,0.7241059882055492,1,0.574303722202886,0,0.701590289591565,1
e69c11d8d4837807,2022_23,E1,X2,0.7649859392474545,1,0.500878929306234,0,0.7649859392474545,1,0.7341351314463116,1
689f4e70cd1e7e46,2022_23,E1,12,0.7243626716756189,1,0.7018139572337692,0,0.573823371090612,1,0.7243626716756189,1
94f84753dffc375f,2022_23,E1,12,0.7073988527089698,0,0.5992689495854577,1,0.6933321977055724,1,0.7073988527089698,0
befe07d2d1958b6e,2022_23,E1,12,0.7149972572810328,1,0.5984993415671676,1,0.6865034011517996,0,0.7149972572810328,1
7c57e8b4ae55d100,2022_23,E1,1X,0.7079339968236937,1,0.7079339968236937,1,0.5990837269160296,0,0.6929822762602766,1
80ec675b47c8504b,2022_23,E1,1X,0.703601165858194,0,0.703601165858194,0,0.593103076054315,1,0.703295758087491,1
0b66bd20c58ca690,2022_23,E1,1X,0.8437017307396553,1,0.8437017307396553,1,0.3779723234279899,1,0.7783259458323548,0
a631b9c1cf531370,2022_23,E1,1X,0.7274071776503896,1,0.7274071776503896,1,0.5738128986984522,1,0.6987799236511583,0
677d24688599834f,2022_23,E1,1X,0.8140981524635642,0,0.8140981524635642,0,0.4358405250523558,1,0.7500613224840802,1
b3634dbaa9d0be7f,2022_23,E1,12,0.7002817645238446,1,0.6573470798531791,0,0.6423711556229763,1,0.7002817645238446,1
502a92b49d25ce0c,2022_23,E1,12,0.733576873498657,0,0.7046552208900947,1,0.5617679056112483,1,0.733576873498657,0
ca3178262719e61a,2022_23,E1,1X,0.8356241572417153,1,0.8356241572417153,1,0.4273012855927095,1,0.7370745571655754,0
3658e737550d9529,2022_23,E1,1X,0.8196163729356633,0,0.8196163729356633,0,0.4287075948731814,1,0.7516760321911555,1
abc3462376a91a8b,2022_23,E1,1X,0.7739565130228445,1,0.7739565130228445,1,0.48934717708863273,1,0.7366963098885229,0
0d5d82f3767b963e,2022_23,E1,12,0.7074750895910542,1,0.6906797424137359,1,0.60184516799521,0,0.7074750895910542,1
293e2816ebe62d44,2022_23,E1,X2,0.744379174886908,1,0.5342821935282772,1,0.744379174886908,1,0.7213386315848149,0
231cd4cb19cfb4eb,2022_23,E1,1X,0.8460435554968871,1,0.8460435554968871,1,0.39209952698263617,1,0.7618569175204767,0
fce910cacdf7d32b,2022_23,E1,12,0.700893277722147,1,0.6754503271137043,1,0.6236563951641485,0,0.700893277722147,1
c2f0048d47addc76,2022_23,E1,1X,0.8151749230291644,1,0.8151749230291644,1,0.44744591807093803,0,0.7373791588998978,1
afec37c05e1d2739,2022_23,E1,12,0.7003109640606147,0,0.6614317360899193,1,0.638257299849466,1,0.7003109640606147,0
5db3dfdba2b0656c,2022_23,E1,1X,0.7867589533574331,0,0.7867589533574331,0,0.4787316501065859,1,0.734509396535981,1
b6f234c9906a5748,2022_23,E1,12,0.6995450711514503,1,0.6133865149591797,1,0.6870684138893699,0,0.6995450711514503,1
de7eb958e0be3471,2022_23,E1,1X,0.7667736905632526,1,0.7667736905632526,1,0.51250815356146,0,0.7207181558752875,1
596f8e3f303d8202,2022_23,E1,12,0.7166474016724372,1,0.6506406945551279,1,0.632711903772435,0,0.7166474016724372,1
1cae7d43034e695f,2022_23,E1,1X,0.7752901331155206,1,0.7752901331155206,1,0.5029155885881333,0,0.7217942782963462,1
9d9e1cacfc8c371e,2022_23,E1,12,0.7180657045264331,1,0.5783309893313084,1,0.7036033061422584,0,0.7180657045264331,1
9a6bd4aaea1201f3,2022_23,E1,12,0.7157715554266861,1,0.5881507530245329,0,0.696077691548781,1,0.7157715554266861,1
9ce5280c6354df9f,2022_23,E1,12,0.7051722376604233,1,0.7032105695005321,1,0.5916171928390446,0,0.7051722376604233,1
1203a63631d67bd2,2022_23,E1,1X,0.8129390264665974,0,0.8129390264665974,0,0.4494402802447003,1,0.7376206932887023,1
d54841de149f46b6,2022_23,E1,12,0.7192223350748329,1,0.5991896654084234,1,0.6815879995167435,0,0.7192223350748329,1
4eb14a6799b21cdc,2022_23,E1,12,0.7231072086817305,1,0.7159778446045303,1,0.5609149467137393,0,0.7231072086817305,1
3c010a8c83ca6243,2022_23,E1,1X,0.7444696344815103,1,0.7444696344815103,1,0.5303841007216644,1,0.7251462647968252,0
d0dfca33adcb4ad8,2022_23,E1,12,0.6865610035886673,1,0.6767596513992057,0,0.6366793450121271,1,0.6865610035886673,1
9823cbf7564e1b87,2022_23,E1,12,0.7108106748501974,1,0.7098509555072108,1,0.5793383696425918,0,0.7108106748501974,1
baefce14f9462f80,2022_23,E1,12,0.6921605687220136,1,0.6526542306018255,1,0.6551852006761609,0,0.6921605687220136,1
2dab4be7d43e04f9,2022_23,E1,12,0.709038368148395,1,0.6819751293742607,1,0.6089865024773441,0,0.709038368148395,1
c3844ecad340e3c4,2022_23,E1,1X,0.7655114268602167,1,0.7655114268602167,1,0.5136739221935047,0,0.7208146509462787,1
d55514bfe64bab6f,2022_23,E1,12,0.7026742699485145,1,0.6979544382411129,1,0.5993712918103726,0,0.7026742699485145,1
47be983601f2c9be,2022_23,E1,12,0.7070551680329715,1,0.6776933837162396,0,0.6152514482507889,1,0.7070551680329715,1
c7f3f8f6539cf81a,2022_23,E1,1X,0.8066248566051951,1,0.8066248566051951,1,0.43299788479119755,0,0.7603772586036075,1
7705085c40259bfb,2022_23,E1,12,0.7084268098560862,1,0.7007209824328892,0,0.5908522077110248,1,0.7084268098560862,1
8772626b0d8e4206,2022_23,E1,1X,0.7772561670959532,0,0.7772561670959532,0,0.5118723581179949,1,0.7108714747860517,1
743cb939e0effcad,2022_23,E1,1X,0.7081314772428787,0,0.7081314772428787,0,0.5879418246002824,1,0.703926698156839,1
8817476d717504f1,2022_23,E1,X2,0.732235009944246,1,0.5495181370884674,0,0.732235009944246,1,0.7182468529672867,1
946631d54039dd31,2022_23,E1,1X,0.8181712224568832,1,0.8181712224568832,1,0.42333274943628596,1,0.7584960281068308,0
d228ff849cfdae36,2022_23,E1,1X,0.7139286923822536,1,0.7139286923822536,1,0.584066145815086,0,0.7020051618026604,1
b796431d40da70ba,2022_23,E1,12,0.7183023265853217,1,0.633236926287467,1,0.6484607471272115,0,0.7183023265853217,1
e08bf8fbb2f8e7fa,2022_23,E1,12,0.7017313015979527,1,0.6619577900573794,0,0.6363109083446679,1,0.7017313015979527,1
455da6714a70a50c,2022_23,E1,12,0.6860335830905899,1,0.6610760205258077,0,0.6528903963836024,1,0.6860335830905899,1
0f5730e08690a33b,2022_23,E1,1X,0.7624946235872194,0,0.7624946235872194,0,0.5046186048943211,1,0.7328867715184595,1
64b448afc684b918,2022_23,E1,1X,0.7434038974023398,1,0.7434038974023398,1,0.5458242309588512,0,0.710771871638809,1
d17bfc02cf59fa0b,2022_23,E1,12,0.6978028967903767,1,0.6968536997957858,1,0.6053434034138376,0,0.6978028967903767,1
da088f76341d4b65,2022_23,E1,1X,0.81667336842815,0,0.81667336842815,0,0.44543951232555373,1,0.7378871192462961,1
88de4b36a4d77393,2022_23,E1,1X,0.7944258160027833,0,0.7944258160027833,0,0.45198984035175327,1,0.7535843436454636,1
e83b38b0f2de76aa,2022_23,E1,X2,0.7348719242083613,1,0.5555812905332538,1,0.7348719242083613,1,0.7095467852583848,0
92c2f81f236dbdc6,2022_23,E1,1X,0.7254519372191143,0,0.7254519372191143,0,0.5595005431505394,1,0.7150475196303462,1
e9e9d32ee9272bb5,2022_23,E1,12,0.705163841662616,1,0.6299164082258059,1,0.664919750111578,0,0.705163841662616,1
fff6eb3492e55182,2022_23,E1,12,0.7086645061094623,1,0.6985197854027402,1,0.5928157084877979,0,0.7086645061094623,1
b1c98ff752f6e574,2022_23,E1,12,0.6908242374820877,1,0.6382125455676444,0,0.670963216950268,1,0.6908242374820877,1
b3b55172ce019e69,2022_23,E1,12,0.7003302879499673,1,0.6891576523851818,1,0.610512059664851,0,0.7003302879499673,1
5f4aa456ad9ce55c,2022_23,E1,12,0.6889203339502659,1,0.6330084392759502,1,0.6780712267737841,0,0.6889203339502659,1
ef9a2a62c1eeed5a,2022_23,E1,1X,0.7342182978219114,1,0.7342182978219114,1,0.5636066190611535,0,0.7021750831169351,1
849c46e5b62ec248,2022_23,E1,1X,0.8162012334171489,1,0.8162012334171489,1,0.4339093986565225,1,0.7498893679263287,0
eef679e6cb43a854,2022_23,E1,12,0.6995070526546753,1,0.6437572158299402,1,0.6567357315153844,0,0.6995070526546753,1
1aa60637d5520c40,2022_23,E1,1X,0.7665840622003808,1,0.7665840622003808,1,0.5131747817188457,0,0.7202411560807735,1
770f11b5000828ab,2022_23,E1,12,0.7158907062439461,1,0.6564879028458356,1,0.6276213909102186,0,0.7158907062439461,1
b141eb1d4fea9799,2022_23,E1,12,0.7026576335244519,1,0.6752045409488767,0,0.6221378255266714,1,0.7026576335244519,1
b2c434a933ac24dd,2022_23,E1,12,0.7215039903678664,0,0.7049819596586964,1,0.5735140499734375,1,0.7215039903678664,0
e3c66f17232b4af3,2022_23,E1,1X,0.7359062817107596,0,0.7359062817107596,0,0.54459442850434,1,0.7194992897849004,1
8b5f655a1d3598db,2022_23,E1,X2,0.7145500747895459,1,0.5904347006179724,0,0.7145500747895459,1,0.6950152245924817,1
0b5ccaabc43ed653,2022_23,E1,1X,0.733942472407054,1,0.733942472407054,1,0.5523541234230946,0,0.7137034041698515,1
bfc6f3e0aca7f3f2,2022_23,E1,1X,0.7196855008954457,1,0.7196855008954457,1,0.5731894830238043,0,0.7071250160807498,1
e7d83ecf8b5f0a37,2022_23,E1,1X,0.8298931532480271,1,0.8298931532480271,1,0.4315250920009449,1,0.738581754751028,0
f01f6665ad32c396,2022_23,E1,1X,0.7582415150251594,1,0.7582415150251594,1,0.5065850465153917,0,0.735173438459449,1
4fd756783c390035,2022_23,E1,12,0.71131287200377,1,0.6805742677609594,1,0.6081128602352706,0,0.71131287200377,1
cb8ab2e4b1c5297b,2022_23,E1,12,0.7220244135346279,0,0.6288228683056565,1,0.6491527181597156,1,0.7220244135346279,0
74ed76dead9f3a76,2022_23,E1,12,0.7182306252708615,1,0.6870129176563977,0,0.5947564570727408,1,0.7182306252708615,1
7369e7be639ab8a5,2022_23,E1,1X,0.8307172490710524,1,0.8307172490710524,1,0.40868317934627785,0,0.76059957158267,1
8db9744968e963f9,2022_23,E1,1X,0.7803385933872948,1,0.7803385933872948,1,0.5004091714251137,0,0.7192522351875914,1
2471328f9bf64925,2022_23,E1,1X,0.7526994324410292,0,0.7526994324410292,0,0.5220033573694511,1,0.7252972101895198,1
36a25494fafc61f9,2022_23,E1,X2,0.7042962388788252,0,0.5987291727316124,1,0.7042962388788252,0,0.6969745883895625,1
1466b56a688d095f,2022_23,E1,12,0.7034127329359313,1,0.6879998800395177,0,0.6085873870245511,1,0.7034127329359313,1
f41bd1e95dab079a,2022_23,E1,1X,0.7699776377231895,1,0.7699776377231895,1,0.5138241670474921,1,0.7161981952293182,0
7bc39f94b569e100,2022_23,E1,12,0.7135752273758575,1,0.712660705279768,1,0.5737640673443745,0,0.7135752273758575,1
4f218f969007b80e,2022_23,E1,12,0.694023109551444,1,0.6451641057198965,1,0.6608127847286595,0,0.694023109551444,1
e5d47b65a56af0fb,2022_23,E1,12,0.7086053591933097,1,0.6056013538101654,0,0.6857932869965249,1,0.7086053591933097,1
24eb82628c86e450,2022_23,E1,1X,0.7033309736621292,1,0.7033309736621292,1,0.599153217470317,0,0.6975158088675539,1
66b95ee4ca1ddf67,2022_23,E1,12,0.70343551865674,1,0.6064610525545493,0,0.6901034287887103,1,0.70343551865674,1
1f10457db61b7ea8,2022_23,E1,1X,0.7537328063269871,1,0.7537328063269871,1,0.5333233166445479,1,0.712943877028465,0
d42d98c102cf995e,2022_23,E1,12,0.6998557607807872,1,0.6889980883158531,1,0.6111461509033598,0,0.6998557607807872,1
0febea427731c8c7,2022_23,E1,12,0.7274436548541467,1,0.5583894101904296,0,0.7141669349554237,1,0.7274436548541467,1
e92fe6d7a6ed33fc,2022_23,E1,1X,0.8139011308340464,1,0.8139011308340464,1,0.4227363481759323,0,0.7633625209900213,1
ae85075b0cbfc48d,2022_23,E1,1X,0.7016742256142536,1,0.7016742256142536,1,0.6041753260758468,1,0.6941504483098997,0
982d17a0e025be85,2022_23,E1,1X,0.8854978447330959,1,0.8854978447330959,1,0.31540593059916866,0,0.7990962246677353,1
355041c38d9dbb9a,2022_23,E1,12,0.6996357482334217,1,0.6255329658819933,0,0.6748312858845853,1,0.6996357482334217,1
058def2f904a4016,2022_23,E1,12,0.697442234878136,1,0.6335116369637912,0,0.6690461281580729,1,0.697442234878136,1
8774181daad88cd5,2022_23,E1,1X,0.7460129452662592,1,0.7460129452662592,1,0.528331827821804,1,0.725655226911937,0
e0c80970651b6542,2022_23,E1,12,0.7071792295438915,1,0.6317952414962196,0,0.6610255289598892,1,0.7071792295438915,1
845aab42feea4717,2022_23,E1,1X,0.7127421129359633,0,0.7127421129359633,0,0.5920875588564422,1,0.6951703282075946,1
62db23c814366440,2022_23,E1,12,0.7150969573524119,1,0.6966651910182787,1,0.5882378516293095,0,0.7150969573524119,1
805135f129017a56,2022_23,E1,1X,0.8059243554923337,1,0.8059243554923337,1,0.46489742080272584,0,0.7291782237049406,1
8f010776da271a16,2022_23,E1,12,0.7098444924703721,1,0.6492600567063209,0,0.6408954508233069,1,0.7098444924703721,1
9bda12779b7c67bc,2022_23,E1,1X,0.8001279273435906,1,0.8001279273435906,1,0.4592914245445586,1,0.7405806481118508,0
92bf9834bfe941b1,2022_23,E1,1X,0.7790602001865815,1,0.7790602001865815,1,0.4990441035679093,1,0.7218956962455092,0
c000f88a726c8b9e,2022_23,E1,12,0.7114259904327942,1,0.6482609485364519,0,0.6403130610307539,1,0.7114259904327942,1
0f7f884953a7d69d,2022_23,E1,X2,0.778322965261579,1,0.47585830935004225,0,0.778322965261579,1,0.7458187253883788,1
e91241e723ec411c,2022_23,E1,1X,0.7630731314900293,0,0.7630731314900293,0,0.5133108771917465,1,0.7236159913182242,1
122686504baa1f1f,2022_23,E1,1X,0.7252232546796402,0,0.7252232546796402,0,0.5641865867786844,1,0.7105901585416754,1
c0c15e4cc2cd1c3d,2022_23,E1,1X,0.7740327212500631,1,0.7740327212500631,1,0.5088442288388741,1,0.7171230499110628,0
1d717539ab12b21a,2022_23,E1,1X,0.7946967459385934,0,0.7946967459385934,0,0.458398455856073,1,0.7469047982053334,1
88e2d4a4ea9fce56,2022_23,E1,12,0.698499850365498,0,0.6392448623164719,1,0.6622552873180301,1,0.698499850365498,0
0242ff025126ef1c,2022_23,E1,12,0.7231334744649542,1,0.5630965018186797,0,0.7137700237163662,1,0.7231334744649542,1
a8f8b6ab8f45ff90,2022_23,E1,1X,0.7533698198475586,0,0.7533698198475586,0,0.5357140362661142,1,0.7109161438863274,1
ccf2feb89aab31c5,2022_23,E1,1X,0.7710405774011998,1,0.7710405774011998,1,0.5049340382364981,0,0.724025384362302,1
51f63ff4307c3738,2022_23,E1,1X,0.8297373640315675,0,0.8297373640315675,0,0.4163183772832017,1,0.7539442586852307,1
40163159f0b61a68,2022_23,E1,1X,0.8904421582390801,0,0.8904421582390801,0,0.285353034390498,1,0.8242048073704221,1
8f9453470f382904,2022_23,E1,1X,0.7550974854542052,1,0.7550974854542052,1,0.5232416513120461,0,0.7216608632337488,1
ac46cd4fb74482df,2022_23,E1,1X,0.7867167236379515,1,0.7867167236379515,1,0.4974376385148205,0,0.7158456378472281,1
ae20f639b821dbc0,2022_23,E1,1X,0.7304647104787676,0,0.7304647104787676,0,0.561632753947418,1,0.7079025355738144,1
8f729760fcabacb8,2022_23,E1,12,0.7180241127619937,0,0.6020333194827652,1,0.679942567755241,1,0.7180241127619937,0
34b8dcf17d527a0c,2022_23,E1,12,0.7013448276249324,1,0.6323985440720158,0,0.6662566283030518,1,0.7013448276249324,1
95afdf565fa35fb4,2022_23,E1,12,0.7083366195546501,1,0.6978997772661577,1,0.5937636031791924,0,0.7083366195546501,1
680e6c755761d97d,2022_23,E1,12,0.7141296723047961,0,0.5858165012433506,1,0.7000538264518534,1,0.7141296723047961,0
32597eb749fc4044,2022_23,E1,1X,0.7082501960297121,0,0.7082501960297121,0,0.5967145818695221,1,0.6950352221007657,1
b79374c245bacdb2,2022_23,E1,1X,0.8362437847590262,1,0.8362437847590262,1,0.41114512809498294,1,0.7526110871459909,0
292fe5f0fd49b2be,2022_23,E1,12,0.7196360343639523,1,0.6994728145327288,0,0.5808911511033188,1,0.7196360343639523,1
f0c15d4232af8e2f,2022_23,E1,12,0.6814101524894793,1,0.677423666019543,0,0.6411661814909779,1,0.6814101524894793,1
27776dcaea7c8e39,2022_23,E1,1X,0.767583053455497,1,0.767583053455497,1,0.5033244824631843,0,0.7290924640813188,1
695dadf09cacf7bf,2022_23,E1,12,0.7096907280809523,1,0.6937155996598667,1,0.5965936722591809,0,0.7096907280809523,1
d8c68c135ae04fa7,2022_23,E1,1X,0.8075662354382769,1,0.8075662354382769,1,0.4591168042089365,0,0.7333169603527864,1
240697a8d94d7533,2022_23,E1,12,0.6881539310116223,1,0.6662043323000262,1,0.6456417366883515,0,0.6881539310116223,1
3234c7848ecad09d,2022_23,E1,1X,0.7336989160006879,0,0.7336989160006879,0,0.5635498818733495,1,0.7027512021259625,1
3a1d4570e106bacf,2022_23,E1,12,0.7204783765076535,1,0.6105608185184341,0,0.6689608049739124,1,0.7204783765076535,1
ec3150c1e025229e,2022_23,E1,12,0.7011372745612164,1,0.647172249105238,1,0.6516904763335457,0,0.7011372745612164,1
d446426bee5d513e,2022_23,E1,12,0.7045710453241933,0,0.6110836368708937,1,0.684345317804913,1,0.7045710453241933,0
9f6b9f8ac5e95502,2022_23,E1,1X,0.763231206935072,1,0.763231206935072,1,0.5113226812459597,0,0.7254461118189685,1
c142b9ba11b30b35,2022_23,E1,1X,0.7816707681190311,1,0.7816707681190311,1,0.5106129864031586,1,0.7077162454778103,0
9f1a3b0aaae726cb,2022_23,E1,1X,0.8621966535450574,1,0.8621966535450574,1,0.35995596892680637,0,0.7778473775281363,1
5a0742e2c84cb703,2022_23,E1,1X,0.7493108257309444,1,0.7493108257309444,1,0.5465945578164524,1,0.7040946164526032,0
966744455d8f2d5a,2022_23,E1,12,0.71623101500719,1,0.6749963998070642,0,0.608772585185746,1,0.71623101500719,1
e89cff43dd40d4bb,2022_23,E1,12,0.7224039836295522,1,0.5561510722802063,0,0.7214449440902416,1,0.7224039836295522,1
d4a8c186a1e1aa60,2022_23,E1,1X,0.8146052608643191,1,0.8146052608643191,1,0.4572555926837904,1,0.7281391464518904,0
5c5b8572a11d8ae8,2022_23,E1,12,0.7031330242363383,1,0.5954252922148968,0,0.7014416835487649,1,0.7031330242363383,1
5cc003c9c5cca8f3,2022_23,E1,1X,0.7764778999029256,1,0.7764778999029256,1,0.523704420193061,0,0.6998176799040134,1
361ee316992708fc,2022_23,E1,12,0.7103910900124641,1,0.6744640078630628,0,0.615144902124473,1,0.7103910900124641,1
d82a1b2853b6aabd,2022_23,E1,1X,0.7524962070883814,1,0.7524962070883814,1,0.5231894683205722,0,0.7243143245910464,1
13192fdcd8061c6c,2022_23,E1,1X,0.8092169461326464,1,0.8092169461326464,1,0.4450804785218397,1,0.7457025753455139,0
fa2766bba659a0aa,2022_23,E1,12,0.7042507112142098,0,0.6710775598677063,1,0.6246717289180841,1,0.7042507112142098,0
e110730d486b0805,2022_23,E1,X2,0.7300311823054204,1,0.564922546933485,0,0.7300311823054204,1,0.7050462707610945,1
eb5ed92a63c26bfb,2022_23,E1,12,0.7029519279263987,0,0.6590091798533209,1,0.6380388922202804,1,0.7029519279263987,0
5719d7e21f74e84e,2022_23,E1,1X,0.703249864805257,0,0.703249864805257,0,0.5953411625375485,1,0.7014089726571946,1
da31d7d20c9f5d09,2022_23,E1,1X,0.8864817631292895,1,0.8864817631292895,1,0.3154874285532283,0,0.7980308083174822,1
f62af69173a3b083,2022_23,E1,1X,0.8069682022817485,0,0.8069682022817485,0,0.447982215717857,1,0.7450495820003945,1
a131f858db306f91,2022_23,E1,X2,0.7865956042259219,1,0.47963469867749764,0,0.7865956042259219,1,0.7337696970965805,1
eb337f3d4f0fec4a,2022_23,E1,12,0.7140256742450166,1,0.5854121968916619,1,0.7005621288633215,0,0.7140256742450166,1
ba31f2b40f21b085,2022_23,E1,1X,0.7218565569742619,0,0.7218565569742619,0,0.5747047496852626,1,0.7034386933404755,1
e417bf898665216a,2022_23,E1,12,0.7234946767352848,1,0.7169535859043596,1,0.5595517373603556,0,0.7234946767352848,1
4e0b439eb5ac118d,2022_23,E1,12,0.712794809201373,1,0.6138945608554474,0,0.6733106299431798,1,0.712794809201373,1
7a17e58241bbc4b2,2022_23,E1,1X,0.763504499695675,1,0.763504499695675,1,0.5074247608312654,1,0.7290707394730596,0
5a5186b9aa25be9f,2022_23,E1,1X,0.8428506936862914,1,0.8428506936862914,1,0.40231297581944325,0,0.7548363304942651,1
8c93cf87ed783a29,2022_23,E1,1X,0.7841774124326231,0,0.7841774124326231,0,0.5059549064783396,1,0.7098676810890374,1
711669ec396cd594,2022_23,E1,12,0.7131794172639059,0,0.5738658026183789,1,0.7129547801177148,1,0.7131794172639059,0
c3f6970fca3728cf,2022_23,E1,1X,0.7819085716850174,1,0.7819085716850174,1,0.48126804560080994,0,0.7368233827141725,1
a305f0e82ebb3346,2022_23,E1,12,0.7074818255686965,0,0.6876306478140659,1,0.6048875266172375,1,0.7074818255686965,0
b081254d867e77ca,2022_23,E1,12,0.7097580167928668,1,0.6545173787704515,1,0.6357246044366818,0,0.7097580167928668,1
815f247e62cfdf45,2022_23,E1,12,0.7072946600098549,1,0.6153948647184351,1,0.6773104752717101,0,0.7072946600098549,1
1010ec581a4887be,2022_23,E1,1X,0.8505170072056456,1,0.8505170072056456,1,0.39138943940844334,0,0.7580935533859112,1
0bc4ca24915f8603,2022_23,E1,12,0.7078970845352386,1,0.706846409326531,0,0.5852565061382304,1,0.7078970845352386,1
01f80c4bda5251be,2022_23,E1,12,0.7146940728207947,1,0.5874509379282377,0,0.6978549892509678,1,0.7146940728207947,1
a1d1fd50b63835c1,2022_23,E1,1X,0.7664925957816913,1,0.7664925957816913,1,0.508247975739207,1,0.7252594284791017,0
08401a799dbca766,2022_23,E1,1X,0.7560542168235662,1,0.7560542168235662,1,0.5298101307509706,0,0.714135652425463,1
47839d844dd37041,2022_23,E1,1X,0.8004311035524495,1,0.8004311035524495,1,0.4584595404438455,1,0.741109356003705,0
ac0ec50bf9148493,2022_23,E1,12,0.7124452861377422,1,0.6724029240182983,0,0.6151517898439596,1,0.7124452861377422,1
16e8c9b1917f0db7,2022_23,E1,1X,0.7952236245466249,1,0.7952236245466249,1,0.48162516293833546,0,0.7231512125150397,1
6a6c8245963a4187,2022_23,E1,X2,0.8001508282482962,1,0.43732261833141994,0,0.8001508282482962,1,0.7625265534202841,1
55a6500ae0e794b4,2022_23,E1,1X,0.7566061534516082,0,0.7566061534516082,0,0.5387910714122183,1,0.7046027751361736,1
16625588724c4074,2022_23,E1,1X,0.8276606529925528,1,0.8276606529925528,1,0.4213081436782349,1,0.7510312033292126,0
7128ae2eab9263cd,2022_23,E1,X2,0.7353911625037832,1,0.5597656159044968,0,0.7353911625037832,1,0.70484322159172,1
8463b6ad26c67bc1,2022_23,E1,1X,0.7728193563433567,1,0.7728193563433567,1,0.5008817347091152,0,0.726298908947528,1
d6741900c1a039a0,2022_23,E1,1X,0.7099985675758722,1,0.7099985675758722,1,0.5861587372225348,0,0.703842695201593,1
d0679222f6b3edd6,2022_23,E1,12,0.718491132871631,0,0.6141054992378832,1,0.6674033678904858,1,0.718491132871631,0
6e15fb7fd1f48cc3,2022_23,E1,1X,0.7405653131894283,1,0.7405653131894283,1,0.537934408175012,1,0.7215002786355594,0
8c7fe6796eb28675,2022_23,E1,12,0.6896460930881873,1,0.624951611550556,0,0.6854022953612566,1,0.6896460930881873,1
a30828e440561a0f,2022_23,E1,1X,0.8682326655122092,1,0.8682326655122092,1,0.37500832757506536,0,0.7567590069127256,1
4f12cc57d27290b1,2022_23,E1,X2,0.7314545929912794,1,0.560334143400473,0,0.7314545929912794,1,0.7082112636082475,1
e74fb73414514a16,2022_23,E1,1X,0.766459807409892,0,0.766459807409892,0,0.49559518227353816,1,0.7379450103165699,1
62a1e9b0f5f09a3c,2022_23,E1,1X,0.7495107253549201,0,0.7495107253549201,0,0.5408976749191821,1,0.7095915997258978,1
357fb621dcb6226b,2022_23,E1,12,0.7108998972795717,1,0.5898731876144412,0,0.6992269151059871,1,0.7108998972795717,1
40062858379b333c,2022_23,E1,1X,0.8551809125153234,1,0.8551809125153234,1,0.3837370772053447,0,0.7610820102793319,1
573dde51e92693aa,2022_23,E1,12,0.6994024382252804,1,0.6392296927326746,0,0.6613678690420454,1,0.6994024382252804,1
a31f186f0792321d,2022_23,E1,12,0.7127941323045108,0,0.5831484646968137,1,0.7040574029986755,1,0.7127941323045108,0
dd9a2ec947254625,2022_23,E1,X2,0.7103787815662502,0,0.5832078503486758,1,0.7103787815662502,0,0.7064133680850738,1
4905690eb30edba7,2022_23,E1,1X,0.7439930030468109,1,0.7439930030468109,1,0.5562524895735339,0,0.6997545073796552,1
eb1ef985ecb762c3,2022_23,E1,1X,0.8304840081907102,1,0.8304840081907102,1,0.41121234520764194,0,0.7583036466016478,1
3e0013d9e7c1b282,2022_23,E1,1X,0.7492724575880058,1,0.7492724575880058,1,0.5393759854214382,1,0.7113515569905562,0
cd8c2ada15eb88c2,2022_23,E1,1X,0.8051843498342965,1,0.8051843498342965,1,0.47336563337997173,1,0.7214500167857318,0
27ee41421fe0d626,2022_23,E1,12,0.6961661322998846,1,0.6136070738142351,0,0.6902267938858805,1,0.6961661322998846,1
f187b0724a978693,2022_23,E1,1X,0.738912705253044,1,0.738912705253044,1,0.5508390241798726,0,0.7102482705670834,1
9c61920b3df4e123,2022_23,E1,12,0.7144499320668267,1,0.5939633380862133,0,0.69158672984696,1,0.7144499320668267,1
36cd22e623035a38,2022_23,E1,12,0.6947313872889054,0,0.6418117866685247,1,0.66345682604257,1,0.6947313872889054,0
4629eb0896bb6d55,2022_23,E1,1X,0.7881321944947575,1,0.7881321944947575,1,0.47960821724647656,0,0.7322595882587658,1
e94e67d957c76ddd,2022_23,E1,12,0.7053938753248287,1,0.6593831560678378,0,0.6352229686073336,1,0.7053938753248287,1
80bf9c32b40fbebc,2022_23,E1,1X,0.7817338666212283,1,0.7817338666212283,1,0.47840304204134176,0,0.73986309133743,1
36c75911bb8bfc1a,2022_23,E1,1X,0.8241657247285421,1,0.8241657247285421,1,0.4358987258047237,0,0.7399355494667341,1
9fa80fc4fb475354,2022_23,E1,1X,0.7315184873147507,1,0.7315184873147507,1,0.5790262701483537,0,0.6894552425368956,1
d89dd4af7ba716de,2022_23,E1,12,0.722812280611373,1,0.6474655512896395,0,0.6297221680989875,1,0.722812280611373,1
0300bd495fe8e70d,2022_23,E1,1X,0.7221489904104317,0,0.7221489904104317,0,0.5840162654166234,1,0.6938347441729449,1
265b1fae93916923,2022_23,E1,1X,0.7338882487638174,1,0.7338882487638174,1,0.5475210448918639,1,0.718590706344319,0
95600750054b3e0b,2022_23,E1,12,0.6892116485777189,1,0.636391973554725,0,0.6743963778675565,1,0.6892116485777189,1
f502a9cef44e0d75,2022_23,E1,12,0.7120276338027214,0,0.6672565552442931,1,0.6207158109529856,1,0.7120276338027214,0
0845e863a782a060,2022_23,E1,1X,0.7740357334960996,1,0.7740357334960996,1,0.5082402757574558,0,0.7177239907464448,1
6892e7cf2d6991f3,2022_23,E1,1X,0.8263519617458737,1,0.8263519617458737,1,0.43009286495288634,1,0.7435551733012402,0
b4dca56abc86491f,2022_23,E1,X2,0.708796334767252,1,0.5938261525595271,0,0.708796334767252,1,0.6973775126732208,1
2f4a92bf9b4398e9,2022_23,E1,12,0.7177201210179123,1,0.605460701590248,1,0.6768191773918397,0,0.7177201210179123,1
59705150574cf3e7,2022_23,E1,1X,0.8269641711927949,1,0.8269641711927949,1,0.43040320313418395,0,0.7426326256730212,1
3afc335bf93ee0be,2022_23,E1,12,0.7040390917157721,1,0.6813589388210681,1,0.6146019694631597,0,0.7040390917157721,1
6db436214eff5f66,2022_23,E1,1X,0.7707417716195614,1,0.7707417716195614,1,0.5035626523778177,0,0.7256955760026208,1
0c4c1cd9520e44a4,2022_23,E1,1X,0.7459020167324923,1,0.7459020167324923,1,0.5481857052257824,0,0.7059122780417253,1
db653e95c6d6c593,2022_23,E1,1X,0.786037868462339,1,0.786037868462339,1,0.4887316578979307,0,0.7252304736397303,1
baead9d3d11e8de7,2022_23,E1,12,0.7205112877954908,1,0.6740047828054713,0,0.6054839293990381,1,0.7205112877954908,1
455aa47345bc68cb,2022_23,E1,X2,0.8275312195915241,1,0.40709267174327135,1,0.8275312195915241,1,0.7653761086652048,0
a3b1102b86302227,2022_23,E1,12,0.6944753023723296,0,0.6131419044846245,1,0.6923827931430463,1,0.6944753023723296,0
5603cfa2e5e2341b,2022_23,E1,1X,0.759790465307729,1,0.759790465307729,1,0.5362889241679908,0,0.7039206105242803,1
6f3f25193b1544fb,2022_23,E1,1X,0.7172440236746604,1,0.7172440236746604,1,0.5802684918518664,0,0.7024874844734732,1
698bb548a50da896,2022_23,E1,1X,0.8548095943027196,1,0.8548095943027196,1,0.3661581704351201,0,0.7790322352621603,1
3166ed2262011ed6,2022_23,E1,1X,0.7280929249897492,1,0.7280929249897492,1,0.5574529083782577,1,0.714454166631993,0
24ac5b3a3b27209a,2022_23,E1,12,0.6962841529152487,1,0.6816893102381321,0,0.622026536846619,1,0.6962841529152487,1
2f9940c4eb483f58,2022_23,E1,12,0.7027723617577669,0,0.613625648665229,1,0.6836019895770042,1,0.7027723617577669,0
dd8919b0b8aff7b8,2022_23,E1,1X,0.7755367850448502,0,0.7755367850448502,0,0.4976034538672966,1,0.7268597610878532,1
0777b9d22d7c90a3,2022_23,E1,1X,0.7469453820150349,1,0.7469453820150349,1,0.5373416579064572,1,0.7157129600785079,0
2005aac8e286a43b,2022_23,E1,1X,0.712138604573606,1,0.712138604573606,1,0.5896674277023823,1,0.6981939677240117,0
98b892802c3f333f,2022_23,E1,X2,0.749715421835335,0,0.5348900748071019,1,0.749715421835335,0,0.715394503357563,1
d7a4d96c71d8da3c,2022_23,E1,1X,0.7347581789820049,1,0.7347581789820049,1,0.5522832302539682,1,0.712958590764027,0
b9732e4dae981e62,2022_23,E1,12,0.7261359207303477,1,0.5750641825620446,1,0.6987998967076077,0,0.7261359207303477,1
6a085a32e01f58c9,2022_23,E1,1X,0.8561037051732641,1,0.8561037051732641,1,0.3762233556002997,0,0.7676729392264363,1
925494b00a2135f7,2022_23,E1,12,0.708901646619776,1,0.5860553193924298,0,0.7050430339877942,1,0.708901646619776,1
d09f2bb83ff0b994,2022_23,E1,1X,0.7113533712005151,1,0.7113533712005151,1,0.5811102565507007,1,0.7075363722487843,0
8b2238a8a0313014,2022_23,E1,12,0.687477364054417,1,0.6492480471649276,0,0.6632745887806555,1,0.687477364054417,1
02fa022bb600609b,2022_23,E1,1X,0.8039418104373466,1,0.8039418104373466,1,0.4469307787118035,0,0.74912741085085,1
55fcc92feab85bb5,2022_23,E1,1X,0.7128534322180426,1,0.7128534322180426,1,0.5800313313370911,1,0.7071152364448663,0
ab2e8c0dcd1583dc,2022_23,E1,1X,0.8002481430153416,1,0.8002481430153416,1,0.461609188568795,0,0.7381426684158633,1
5ddb3d2e33a5cacf,2022_23,E1,1X,0.7885616384339289,1,0.7885616384339289,1,0.4777297860017969,1,0.7337085755642742,0
ecc3a908cd2361b1,2022_23,E1,1X,0.7126145647799575,1,0.7126145647799575,1,0.6011271340290607,0,0.6862583011909817,1
314eb37a894e4ffd,2022_23,E1,1X,0.7290904937225562,0,0.7290904937225562,0,0.5730860974536615,1,0.6978234088237827,1
89ad6904f3d69aa8,2022_23,E1,12,0.6966368885943846,1,0.6688103371611107,1,0.634552774244505,0,0.6966368885943846,1
ce985279e82bce5f,2022_23,E1,1X,0.7852124129514544,1,0.7852124129514544,1,0.48374883292327975,0,0.7310387541252661,1
1c12d9c235759b27,2022_23,E1,12,0.7039628403031482,1,0.6966848131321524,0,0.5993523465646997,1,0.7039628403031482,1
2f2b6cb5a665a4b2,2022_23,E1,1X,0.8251969181493091,1,0.8251969181493091,1,0.4383234932357587,1,0.7364795886149321,0
46ccfe56e2947920,2022_23,E1,1X,0.7799662413785333,1,0.7799662413785333,1,0.501460978276086,0,0.7185727803453804,1
3b3381f5285126e0,2022_23,E1,1X,0.7663479692793547,1,0.7663479692793547,1,0.5382205539419489,1,0.6954314767786964,0
bc33792659225abe,2022_23,E1,X2,0.6855084817630993,1,0.6316797617924048,1,0.6855084817630993,1,0.6828117564444958,0
e3ad2cee38bdaee0,2022_23,E1,1X,0.8030631124378933,1,0.8030631124378933,1,0.4787017799608469,0,0.7182351076012596,1
fc6e41c0cdab9419,2022_23,E1,1X,0.8301872968104608,1,0.8301872968104608,1,0.405403473821665,0,0.7644092293678743,1
56898337a15a80e8,2022_23,E1,1X,0.739590239874747,0,0.739590239874747,0,0.5276072087878487,1,0.7328025513374044,1
59d82464cd21ec49,2022_23,E1,1X,0.8397217477400631,1,0.8397217477400631,1,0.41273532857584144,1,0.7475429236840955,0
3b640a415ff47b11,2022_23,E1,1X,0.7887136948310063,1,0.7887136948310063,1,0.495764622656775,0,0.7155216825122189,1
2f544236daf131be,2022_23,E1,12,0.7056943706396858,1,0.6331761236695992,1,0.6611295056907152,0,0.7056943706396858,1
8d6adea6d4aadd63,2022_23,E1,12,0.7150001380400366,1,0.6137462485504899,1,0.6712536134094735,0,0.7150001380400366,1
48f7ac02dc2d1657,2022_23,E1,X2,0.7143845231715356,0,0.5720598997164876,1,0.7143845231715356,0,0.7135555771119768,1
ae24a24f7423cac9,2022_23,E1,12,0.6885497989772602,1,0.6302401729369209,1,0.6812100280858189,0,0.6885497989772602,1
2eb3afde7c7ec535,2022_23,E1,1X,0.7566050198634203,1,0.7566050198634203,1,0.5355841103790955,1,0.7078108697574842,0
57f838aa753a7eb6,2022_23,E1,X2,0.7092102153607197,1,0.5974134213027311,0,0.7092102153607197,1,0.6933763633365491,1
659136ef2fc2f2cd,2022_23,E1,1X,0.833024159131173,1,0.833024159131173,1,0.39613893744541834,0,0.7708369034234088,1
83f1fa76b84b180a,2022_23,E1,X2,0.7294778277173295,1,0.5537548241574042,0,0.7294778277173295,1,0.7167673481252663,1
b35257b17b68cbf8,2022_23,E1,1X,0.7671502158751999,1,0.7671502158751999,1,0.49929940320526384,1,0.7335503809195364,0
a1358ad2d5deb899,2022_23,E1,X2,0.750484167060367,1,0.5248027589957858,1,0.750484167060367,1,0.7247130739438472,0
34f89f0ecb212b85,2022_23,E1,12,0.6972141769615848,1,0.6508039257006525,1,0.6519818973377628,0,0.6972141769615848,1
aa27faf6ab2eae04,2022_23,E1,1X,0.7477030564620251,1,0.7477030564620251,1,0.5370433007040603,0,0.7152536428339147,1
f8bd23deb7f9551d,2022_23,E1,X2,0.7008526117705339,1,0.6115595437192427,1,0.7008526117705339,1,0.6875878445102233,0
594a25069e172f2b,2022_23,E1,1X,0.8303044903479362,1,0.8303044903479362,1,0.41806359050396574,0,0.751631919148098,1
a12e1edfb875a84a,2022_23,E1,X2,0.7445915838873609,0,0.5453028548292542,1,0.7445915838873609,0,0.7101055612833849,1
9fb6becd45e98f6f,2022_23,E1,1X,0.7223401171533104,0,0.7223401171533104,0,0.5734573102635999,1,0.7042025725830896,1
80fa3c943c52d459,2022_23,E1,12,0.7109922952761654,1,0.6891640030936951,1,0.5998437016301397,0,0.7109922952761654,1
4e2f88c21f13eb6f,2022_23,E1,X2,0.7276702149499175,1,0.5865923248636711,0,0.7276702149499175,1,0.6857374601864114,1
f13e60b4162549d3,2022_23,E1,12,0.6992269703243024,1,0.6904974106470677,1,0.61027561902863,0,0.6992269703243024,1
e78cf2884e0f1f25,2022_23,E1,1X,0.9171228025698587,1,0.9171228025698587,1,0.2757808017949337,0,0.8070963956352079,1
05d50d33fed63f3a,2022_23,E1,1X,0.7899699727733591,1,0.7899699727733591,1,0.4825963157583895,0,0.7274337114682512,1
bc12230c8c794e1e,2022_23,E1,12,0.6856667143380695,1,0.6806228162318351,1,0.6337104694300957,0,0.6856667143380695,1
f056cf6ea360d63a,2022_23,E1,1X,0.7468960214597875,0,0.7468960214597875,0,0.5416755837096843,1,0.7114283948305282,1
e018a44886b6c367,2022_23,E1,1X,0.7227305503050077,1,0.7227305503050077,1,0.5647331046827355,0,0.7125363450122569,1
c80f2c3e59ee66c8,2022_23,E1,1X,0.7847694596974565,1,0.7847694596974565,1,0.4724460103234347,0,0.7427845299791088,1
0d98762d2d38bfce,2022_23,E1,1X,0.724025791422081,0,0.724025791422081,0,0.5812332593271077,1,0.6947409492508114,1
bcdc1d8ac17a4cc1,2022_23,E1,12,0.7198508275040998,1,0.7034469381439379,1,0.5767022343519624,0,0.7198508275040998,1
306d3a8f96f2d327,2022_23,E1,1X,0.8411706540831798,1,0.8411706540831798,1,0.3916432028921162,1,0.7671861430247042,0
6f4530f438787e5c,2022_23,E1,12,0.7022897566665928,0,0.6279385769698552,1,0.6697716663635521,1,0.7022897566665928,0
7313b8f69973e967,2022_23,E1,1X,0.7334088393174987,1,0.7334088393174987,1,0.575871322137373,1,0.6907198385451283,0
5aa1c8649703c59d,2022_23,E1,X2,0.7416469722827926,0,0.5526145904773345,1,0.7416469722827926,0,0.705738437239873,1
1465582c77f2eeda,2022_23,E1,X2,0.7425711205799645,0,0.5316029698713783,1,0.7425711205799645,0,0.7258259095486572,1
b2b7aeb4ecd0ea6c,2022_23,E1,1X,0.7229615511923861,1,0.7229615511923861,1,0.5803163478395034,0,0.6967221009681104,1
fb053939a66aa274,2022_23,E1,X2,0.8568668550396412,1,0.37931210019117556,1,0.8568668550396412,1,0.7638210447691832,0
51bbc473ed90fd5d,2022_23,E1,X2,0.7067053762258533,1,0.5994001036274811,0,0.7067053762258533,1,0.6938945201466655,1
4c14f454a273b4eb,2022_23,E1,1X,0.7840110691949559,1,0.7840110691949559,1,0.49062200234391484,0,0.7253669284611293,1
be1da2907158d09f,2022_23,E1,1X,0.8840935508645517,1,0.8840935508645517,1,0.31552975024534224,0,0.8003766988901061,1
94020cf0f0ccb28a,2022_23,E1,12,0.693130942762441,1,0.6522888200514216,0,0.6545802371861372,1,0.693130942762441,1
a0e78e0c60162901,2022_23,E1,12,0.6983099662956475,1,0.6803472606750305,1,0.621342773029322,0,0.6983099662956475,1
2b2d6239a48a0616,2022_23,E1,12,0.7054248864040257,1,0.7019815893204449,0,0.5925935242755294,1,0.7054248864040257,1
43e03d88354c8ad5,2022_23,E1,1X,0.8092710082528152,1,0.8092710082528152,1,0.45981234539321236,1,0.7309166463539726,0
a960d81cfb1f27bc,2022_23,E1,1X,0.7149236351818092,1,0.7149236351818092,1,0.5972866731319495,1,0.6877896916862412,0
6cec6caf50ab1b86,2022_23,E1,12,0.693730970917624,0,0.6307785519746261,1,0.6754904771077501,1,0.693730970917624,0
825f39c4748d86a5,2022_23,E1,X2,0.8289935445743444,1,0.4205098926727967,0,0.8289935445743444,1,0.7504965627528589,1
060d084490750f54,2022_23,E1,1X,0.8477455505143315,1,0.8477455505143315,1,0.3913879632228475,0,0.7608664862628209,1
da5f11a6dd85fb22,2022_23,E1,1X,0.7500407591296079,1,0.7500407591296079,1,0.5381616187893066,0,0.7117976220810858,1
a58cde22bd052bb9,2022_23,E1,1X,0.7601232439285961,1,0.7601232439285961,1,0.5093521000128101,0,0.7305246560585938,1
513fe70a015a5246,2022_23,E1,1X,0.7436002874002373,1,0.7436002874002373,1,0.5523502271119409,0,0.7040494854878219,1
4202173e477673e3,2022_23,E1,1X,0.9051345671236397,1,0.9051345671236397,1,0.2912403391110922,0,0.8036250937652681,1
3de19f6b327d8418,2022_23,E1,1X,0.7680007510048137,1,0.7680007510048137,1,0.5185470298063981,1,0.7134522191887884,0
a3ea61cef2a64e09,2022_23,E1,12,0.6828673368290428,1,0.6760164233500534,1,0.6411162398209038,0,0.6828673368290428,1
8d46d0b88757b294,2022_23,E1,X2,0.7783144685908535,0,0.5012178289410335,1,0.7783144685908535,0,0.7204677024681129,1
4b4a9071d572529c,2022_23,E1,X2,0.7736642493896975,1,0.5161331945666789,0,0.7736642493896975,1,0.7102025560436235,1
05516ab5afa6307f,2022_23,E1,1X,0.7663048769374587,0,0.7663048769374587,0,0.512854865498517,1,0.7208402575640245,1
9a97ea7d0fd4c400,2022_23,E1,12,0.7322743695899153,1,0.5721812838404567,0,0.6955443465696283,1,0.7322743695899153,1
61497eecbfb3fdcc,2022_23,E1,1X,0.8877808222634184,1,0.8877808222634184,1,0.3183297696685786,0,0.793889408068003,1
465e75833932bda1,2022_23,E1,1X,0.7987382382105659,0,0.7987382382105659,0,0.4492314642283246,1,0.7520302975611095,1
5d6d24864128e89f,2022_23,E1,1X,0.6894527562227578,1,0.6894527562227578,1,0.62429104035082,0,0.6862562034264224,1
2faf25fce001cb0d,2022_23,E1,1X,0.7901753908310276,1,0.7901753908310276,1,0.481827894831012,0,0.7279967143379605,1
1129cb757f5cc7f6,2022_23,E1,12,0.6865448869763875,1,0.6492803091157473,0,0.6641748039078652,1,0.6865448869763875,1
e93957d8d5ba0b7b,2022_23,E1,1X,0.7785405773814902,1,0.7785405773814902,1,0.5114876057599924,0,0.7099718168585175,1
7d1965ff9d99cc44,2022_23,E1,X2,0.7291261061964911,1,0.5628082859404568,1,0.7291261061964911,1,0.708065607863052,0
1dd773eb01c36f23,2022_23,E1,1X,0.8106788092559969,1,0.8106788092559969,1,0.43530909300459386,1,0.7540120977394092,0
7801fab9a930110b,2022_23,E1,1X,0.8250995723126937,1,0.8250995723126937,1,0.4437123823112482,0,0.7311880453760583,1
a53ddf195a0c33db,2022_23,E1,X2,0.7407279716284676,1,0.5537867498128319,1,0.7407279716284676,1,0.7054852785587005,0
919fdc16c05e324a,2022_23,E1,X2,0.7922559914950096,1,0.47258703829237014,1,0.7922559914950096,1,0.7351569702126204,0
eadf6b538b0d3db8,2022_23,E1,X2,0.8472802546511851,1,0.4050726404038596,0,0.8472802546511851,1,0.7476471049449555,1
aa106fe9f2d96bec,2022_23,E1,1X,0.7990037564463455,1,0.7990037564463455,1,0.4789795405729561,0,0.7220167029806985,1
3da76aa7ca00d903,2022_23,E1,X2,0.7035965800226026,1,0.5969130120222473,0,0.7035965800226026,1,0.6994904079551502,1
13889b1fdead301c,2022_23,E1,12,0.7108788500488672,1,0.5812202629755234,0,0.7079008869756094,1,0.7108788500488672,1
7a79df23a4754906,2022_23,E1,1X,0.8548452479498497,1,0.8548452479498497,1,0.3810896731640881,0,0.7640650788860621,1
5a3b61f5fd22ad25,2022_23,E1,1X,0.8594454962216196,0,0.8594454962216196,0,0.4058187604706218,1,0.7347357433077586,1
b17aeb79d0dc4956,2022_23,E1,12,0.6889025141151894,1,0.659294244623218,0,0.6518032412615925,1,0.6889025141151894,1
512f1d7351f42652,2022_23,E1,12,0.7007721848156228,0,0.6360169328066179,1,0.6632108823777594,1,0.7007721848156228,0
aeb935704f6cc83c,2022_23,E1,12,0.7096794301115483,0,0.6761143444417259,1,0.6142062254467258,1,0.7096794301115483,0
e9ad2b8fcb9a5fa7,2022_23,E1,12,0.6959185981236808,0,0.6306714647541845,1,0.6734099371221347,1,0.6959185981236808,0
1075912bc58e81cb,2022_23,E1,1X,0.8313602032154425,1,0.8313602032154425,1,0.4345865775864486,1,0.734053219198109,0
61efc0c9cfe7913c,2022_23,E1,1X,0.7580921058246209,1,0.7580921058246209,1,0.5134718247346818,0,0.7284360694406973,1
b0d1bf5b2c6c00ab,2022_23,E1,1X,0.878665681307409,1,0.878665681307409,1,0.3275573683620856,1,0.7937769503305052,0
0d63c1614f4fcd47,2022_23,E1,1X,0.758220911618615,1,0.758220911618615,1,0.5425889390397987,0,0.6991901493415863,1
4c50fc7b3201beed,2022_23,E1,1X,0.7434942092908933,1,0.7434942092908933,1,0.562468164323936,0,0.6940376263851709,1
c6d423062980b542,2022_23,E1,12,0.6809695790726875,1,0.6621556186448709,1,0.6568748022824416,0,0.6809695790726875,1
12da43e0b2132cdd,2022_23,E1,1X,0.808638491264859,1,0.808638491264859,1,0.4663757081989778,1,0.7249858005361633,0
45f3dd79d8002bfe,2022_23,E1,12,0.696997064283199,1,0.6805041180954541,0,0.6224988176213468,1,0.696997064283199,1
a8bb7f57c36a81a1,2022_23,E1,12,0.7079938685697886,1,0.6984943931782769,0,0.5935117382519346,1,0.7079938685697886,1
80ef9e5a584edcfc,2022_23,E1,X2,0.8066968369723445,0,0.44401415571475156,1,0.8066968369723445,0,0.7492890073129039,1
8070f317d8a2e8c7,2022_23,E1,1X,0.774571506019491,1,0.774571506019491,1,0.5052361602831424,1,0.7201923336973665,0
5843c230bc54fa43,2022_23,E1,12,0.7109294606902019,1,0.6683862675575218,0,0.6206842717522763,1,0.7109294606902019,1
fb464e16e4c1b04c,2022_23,E1,1X,0.7577976100401584,1,0.7577976100401584,1,0.5396670230261951,1,0.7025353669336466,0
199a7a40ce16e53b,2022_23,E1,12,0.6936372227974362,1,0.679034449860199,1,0.6273283273423647,0,0.6936372227974362,1
be20ec4029063938,2022_23,E1,12,0.6693990763543185,0,0.6662946006838314,1,0.6643063229618501,1,0.6693990763543185,0
4b3b187fe4bd6f68,2022_23,E1,X2,0.7821374188644062,0,0.50089687153685,1,0.7821374188644062,0,0.7169657095987438,1
c8129835f34c28ad,2022_23,E1,12,0.7053583383163988,1,0.6701855760962042,0,0.6244560855873971,1,0.7053583383163988,1
0f564d48cc592e49,2022_23,E1,12,0.6951408585910301,1,0.6522220480066899,0,0.65263709340228,1,0.6951408585910301,1
c56a9455b887ef65,2022_23,E1,1X,0.7251101653876627,0,0.7251101653876627,0,0.5778544517472549,1,0.6970353828650825,1
2e69103839aae0a9,2022_23,E1,12,0.6845927147392916,0,0.6524185936681302,1,0.6629886915925783,1,0.6845927147392916,0
50a936c1dae4b7ec,2022_23,E1,1X,0.8850578882571356,1,0.8850578882571356,1,0.3230585146405431,0,0.7918835971023213,1
5753c25e23217c39,2022_23,E1,1X,0.836158530994318,0,0.836158530994318,0,0.3973127791842246,1,0.7665286898214574,1
28f6426fc3bab683,2022_23,E1,12,0.725541085525645,0,0.6981777655492754,1,0.5762811489250798,1,0.725541085525645,0
b87719a036223004,2022_23,E1,1X,0.8097294994719715,0,0.8097294994719715,0,0.463242016467048,1,0.7270284840609803,1
9261570e2c742672,2022_23,E1,1X,0.7655207204183903,1,0.7655207204183903,1,0.5118577727245759,1,0.722621506857034,0
76b6cf2f21e1a668,2022_23,E1,12,0.7176562165407521,1,0.6418850418348541,0,0.6404587416243939,1,0.7176562165407521,1
3c77083ed07f33d0,2022_23,E1,12,0.704454749174628,0,0.6135134159864764,1,0.6820318348388956,1,0.704454749174628,0
48651f506e088d19,2022_23,E1,X2,0.7532645126217148,1,0.5295674494793154,1,0.7532645126217148,1,0.71716803789897,0
0debe646edee33a1,2022_23,E1,12,0.7040916326899895,1,0.7021001604542361,0,0.5938082068557744,1,0.7040916326899895,1
5c97b261fc79ccbe,2022_23,E1,1X,0.7451003396761233,1,0.7451003396761233,1,0.5289222666623924,1,0.7259773936614842,0
b1f60e3ae3721df7,2022_23,E1,X2,0.7099972828999775,0,0.5931861122062481,1,0.7099972828999775,0,0.6968166048937747,1
eab09ea9ec176443,2022_23,E1,1X,0.8742500284494468,1,0.8742500284494468,1,0.3449469129216315,0,0.7808030586289217,1
28eb535398571d2f,2022_23,E1,1X,0.8423735091328186,1,0.8423735091328186,1,0.38913757465004173,1,0.7684889162171398,0
778086d2b581d71b,2022_23,E1,1X,0.813594828730932,1,0.813594828730932,1,0.4601941432763488,0,0.7262110279927192,1
627c7ea6bd3dd4a8,2022_23,E1,1X,0.8182651523891784,1,0.8182651523891784,1,0.4471368511235424,1,0.7345979964872793,0
14f8d4d98854c961,2022_23,E1,X2,0.7163020351416864,1,0.5684241436176576,0,0.7163020351416864,1,0.7152738212406559,1
dee0d26c4212229a,2022_23,E1,X2,0.7442152060150027,1,0.5180115026935166,1,0.7442152060150027,1,0.7377732912914807,0
07ca911211a306fd,2022_23,E1,1X,0.7230997363938205,1,0.7230997363938205,1,0.5703138156576035,0,0.7065864479485758,1
7135f141e3632eda,2022_23,E1,12,0.7479738527065964,1,0.7468635360628919,1,0.5051626112305116,0,0.7479738527065964,1
5dcab8e1be500fc2,2022_23,E1,1X,0.8527318487596071,1,0.8527318487596071,1,0.38808091555404,0,0.7591872356863529,1
5f76132e83d2daea,2022_23,E1,1X,0.7410293865861395,1,0.7410293865861395,1,0.5421716103586383,0,0.7167990030552222,1
821c77d7f570fac0,2022_23,E1,1X,0.7986206185178701,1,0.7986206185178701,1,0.49399928360062617,0,0.7073800978815038,1
e46c89013f271424,2022_23,E1,12,0.7039043810944543,1,0.60403270937247,0,0.6920629095330757,1,0.7039043810944543,1
bb7704e870f801f2,2022_23,E1,X2,0.8659710159360399,1,0.3718160414323707,1,0.8659710159360399,1,0.7622129426315895,0
97a27ffd0f2d5d56,2022_23,E1,X2,0.7603289272675133,1,0.5369907212187077,0,0.7603289272675133,1,0.702680351513779,1
988dabcf79ca4e67,2022_23,E1,1X,0.7256287481628025,0,0.7256287481628025,0,0.5634785453733653,1,0.7108927064638324,1
219917030f298fca,2022_23,E1,1X,0.7867494331826228,1,0.7867494331826228,1,0.47661788339920264,0,0.7366326834181744,1
0e375343542a91f4,2022_23,E1,1X,0.8395935806154143,1,0.8395935806154143,1,0.39649350936483696,0,0.7639129100197489,1
103b92c3eeff0b52,2022_23,E1,1X,0.7527081963298892,1,0.7527081963298892,1,0.5255699275907301,0,0.7217218760793809,1
73c8823d6d39d0a2,2022_23,E1,1X,0.8183396278123785,1,0.8183396278123785,1,0.42142497907026033,1,0.7602353931173612,0
b063c9acf915a71f,2022_23,E1,X2,0.7396506797771911,1,0.530958291276419,0,0.7396506797771911,1,0.72939102894639,1
20f18acd8212cf14,2022_23,E1,X2,0.8232286595501168,1,0.43324935139030124,1,0.8232286595501168,1,0.7435219890595821,0
1677bfd44dd8cb46,2022_23,E1,1X,0.868885585427342,1,0.868885585427342,1,0.3449576085444722,0,0.786156806028186,1
bd5fcbcb0997a230,2022_23,E1,1X,0.814839623814644,0,0.814839623814644,0,0.44632237506542327,1,0.7388380011199327,1
46fc2f1b3ea36f4d,2022_23,E1,1X,0.8484483854491098,1,0.8484483854491098,1,0.39086839906251414,1,0.760683215488376,0
06e9440fd38d7928,2022_23,E1,1X,0.8336308393839493,0,0.8336308393839493,0,0.4309550517612771,1,0.7354141088547738,1
65aac2eff054df04,2022_23,E1,12,0.7158723529597852,0,0.6598616168261668,1,0.6242660302140481,1,0.7158723529597852,0
7792117a86308ab2,2022_23,E1,X2,0.7207719151699001,1,0.5605868299833097,1,0.7207719151699001,1,0.7186412548467903,0
18f1486846e672e6,2022_23,E1,1X,0.7416214039735615,1,0.7416214039735615,1,0.5316273458246322,0,0.7267512502018064,1
1a0004c610d081ff,2022_23,E1,1X,0.7513336128042406,0,0.7513336128042406,0,0.5463735385357439,1,0.7022928486600156,1
32468d9c121a8b63,2022_23,E1,1X,0.8695593019923081,1,0.8695593019923081,1,0.3249420656282985,0,0.8054986323793933,1
f41cb4c2e9dec677,2022_23,E1,X2,0.8110656608735555,1,0.47079276784522595,1,0.8110656608735555,1,0.7181415712812186,0
db72fb1e75de0ff4,2022_23,E1,1X,0.7203594964054385,0,0.7203594964054385,0,0.5734568435249169,1,0.7061836600696445,1
a5d5d36d53cf69d1,2022_23,E1,1X,0.7563818813631578,1,0.7563818813631578,1,0.5141940663994046,0,0.7294240522374378,1
c1352750038d5d7c,2022_23,E1,1X,0.901250332401276,0,0.901250332401276,0,0.284534702317915,1,0.8142149652808092,1
c5a4b6cd773c97e1,2022_23,E1,12,0.6940850798237144,0,0.680864663395693,1,0.6250502567805929,1,0.6940850798237144,0
8c2dcb1877f29c78,2022_23,E1,1X,0.8876322201937819,1,0.8876322201937819,1,0.31992845550325816,0,0.79243932430296,1
a0541e451cbb9816,2022_23,E1,12,0.7098233779675395,1,0.6208191270181527,1,0.669357495014308,0,0.7098233779675395,1
74ea9ea38ec148cc,2022_23,E1,1X,0.756410450893999,0,0.756410450893999,0,0.5058290359547061,1,0.737760513151295,1
d732d21fa17943ba,2022_23,E1,X2,0.7366683131887074,0,0.5542971962472829,1,0.7366683131887074,0,0.7090344905640096,1
9d5d46342aab9daa,2022_23,E1,12,0.6884125838630819,0,0.6734975698330046,1,0.6380898463039135,1,0.6884125838630819,0
ae4b589761aad790,2022_23,E1,1X,0.7751888492830159,0,0.7751888492830159,0,0.49017941696429035,1,0.7346317337526935,1
763a4d5c6d7457ac,2022_23,E1,1X,0.7291109691287769,1,0.7291109691287769,1,0.5562542450175245,0,0.7146347858536986,1
aa2e05feca7fde3b,2022_23,E1,X2,0.7339455633613372,1,0.5631450129263258,0,0.7339455633613372,1,0.702909423712337,1
19c2a9e1eafd1be5,2022_23,E1,1X,0.7759682253104248,1,0.7759682253104248,1,0.4951149392893285,0,0.728916835400247,1
cbdd9716696727fe,2022_23,E1,X2,0.683975552394544,1,0.6486237010034444,0,0.683975552394544,1,0.667400746602012,1
b2bd176719d15340,2022_23,E1,12,0.7187158901388802,1,0.5682108499878693,0,0.7130732598732505,1,0.7187158901388802,1
e314fdbc67143f1c,2022_23,E1,X2,0.7308935368418406,1,0.5435712700229478,0,0.7308935368418406,1,0.7255351931352116,1
f00b2d363c472336,2022_23,E1,1X,0.8568752879652729,1,0.8568752879652729,1,0.36499645605920383,0,0.7781282559755235,1
b9cc7ec5845379e1,2022_23,E1,X2,0.7599184758692776,1,0.4973365855658024,1,0.7599184758692776,1,0.7427449385649201,0
b2c2ad92750825ce,2022_23,E1,12,0.6967770542694537,0,0.6570764817438038,1,0.6461464639867426,1,0.6967770542694537,0
9e3e34a6971f2468,2022_23,E1,1X,0.8068611579855792,1,0.8068611579855792,1,0.4388142668413483,0,0.7543245751730725,1
d2fe118a8b10b719,2022_23,E1,1X,0.7583915841318075,0,0.7583915841318075,0,0.5211771265073547,1,0.7204312893608377,1
dd911b81fac81b06,2022_23,E1,1X,0.7951755444867135,1,0.7951755444867135,1,0.4643771468402049,1,0.7404473086730816,0
80f0bbb9c7a80293,2022_23,E1,1X,0.7791287728714855,1,0.7791287728714855,1,0.48452744805737225,0,0.7363437790711423,1
bb3dae4532c73c69,2022_23,E1,1X,0.6976380992928007,0,0.6976380992928007,0,0.6142133275433559,1,0.6881485731638437,1
5ef65095cb7ab8cc,2022_23,E1,X2,0.7334795708586159,0,0.5381520846428092,1,0.7334795708586159,0,0.7283683444985751,1
428390266e77ce89,2022_23,E1,1X,0.7244921746496277,1,0.7244921746496277,1,0.5580050288705477,1,0.7175027964798247,0
475458147eeec9f1,2022_23,E1,X2,0.7522433745707056,0,0.5657038694911805,1,0.7522433745707056,0,0.6820527559381141,1
37fc6800b663b8ce,2022_23,E1,X2,0.7521067740939742,1,0.5057523149325299,0,0.7521067740939742,1,0.7421409109734961,1
3b9a04af367c5a52,2022_23,E1,1X,0.9004803498368784,1,0.9004803498368784,1,0.25429278993518056,0,0.845226860227941,1
646ef367dd20e71e,2022_23,E1,1X,0.7755920128750808,1,0.7755920128750808,1,0.48849840049535026,0,0.7359095866295691,1
0f473557e7e3b04d,2022_23,E1,1X,0.7736872932384966,1,0.7736872932384966,1,0.485773484210628,1,0.7405392225508752,0
fc5a8198d89e2d80,2022_23,E1,12,0.7247065500789299,0,0.6966975049118278,1,0.578595945009242,1,0.7247065500789299,0
b4342d0f43f4f277,2022_23,E1,1X,0.7660692114920096,0,0.7660692114920096,0,0.49308822008454156,1,0.7408425684234489,1
2529d6e8f5a064a2,2022_23,E1,1X,0.8260202732319851,0,0.8260202732319851,0,0.3830162047971194,1,0.7909635219708955,1
cbf906f4c65c2888,2022_23,E1,12,0.7492714706013004,1,0.5269645318632756,0,0.723763997535424,1,0.7492714706013004,1
3680c5ab98e96709,2022_23,E1,12,0.7194605360329429,1,0.6553355197231174,0,0.6252039442439395,1,0.7194605360329429,1
c2a83f6be545d6f6,2022_23,E1,12,0.7382794201736445,1,0.5899890415197195,1,0.671731538306636,0,0.7382794201736445,1
fdbbbf79b7ceeb2a,2022_23,E1,12,0.7166736520157697,1,0.6584101431162512,1,0.624916204867979,0,0.7166736520157697,1
d3635cb0caac3065,2022_23,E1,12,0.7286124167916894,0,0.6190287305823221,1,0.6523588526259885,1,0.7286124167916894,0
2d2b6049fc64e6f7,2023_24,E1,12,0.7173853267065613,1,0.5857734665271124,0,0.6968412067663263,1,0.7173853267065613,1
fcaf29e995dab9cd,2023_24,E1,12,0.7075271125119483,1,0.6250763315903669,1,0.6673965558976847,0,0.7075271125119483,1
aa3ba983d343a112,2023_24,E1,1X,0.7327691150885314,1,0.7327691150885314,1,0.549156356037898,1,0.7180745288735706,0
6896bfe6bd536820,2023_24,E1,1X,0.7336662627145187,0,0.7336662627145187,0,0.5505198551988568,1,0.7158138820866246,1
63f74798bc3e804d,2023_24,E1,1X,0.7871355865181178,1,0.7871355865181178,1,0.467705658935735,0,0.7451587545461473,1
ed651f2ee867d8b4,2023_24,E1,12,0.7189850703155674,1,0.6916830420093745,1,0.5893318876750582,0,0.7189850703155674,1
2bd442941c6255c7,2023_24,E1,1X,0.8233119336925371,1,0.8233119336925371,1,0.42583062791681103,0,0.7508574383906519,1
87a017473cfe1603,2023_24,E1,1X,0.774986922297942,1,0.774986922297942,1,0.4929836130158891,1,0.7320294646861691,0
8a2c41bc9dcc7a99,2023_24,E1,1X,0.7896204603843606,1,0.7896204603843606,1,0.4713698371510613,0,0.7390097024645779,1
a4a03f302f7ffdb0,2023_24,E1,1X,0.7777964849379488,1,0.7777964849379488,1,0.47650457195462526,0,0.7456989431074259,1
a600e8eb08f15e77,2023_24,E1,1X,0.8567014178329616,1,0.8567014178329616,1,0.35112553520244455,1,0.792173046964594,0
8b6d21f367441048,2023_24,E1,12,0.7216370094419714,1,0.6048678534093106,0,0.6734951371487177,1,0.7216370094419714,1
f5a8f8de4bd029d6,2023_24,E1,12,0.7183458653456601,1,0.6852531446516698,1,0.5964009900026702,0,0.7183458653456601,1
21188fa1b3813652,2023_24,E1,12,0.7102079755306344,1,0.5805192715971557,1,0.70927275287221,0,0.7102079755306344,1
3a5fca91c83f857d,2023_24,E1,1X,0.7677798391264625,0,0.7677798391264625,0,0.4949026187359968,1,0.7373175421375405,1
81ea019c05500164,2023_24,E1,X2,0.7508611888414072,1,0.5038434031375314,0,0.7508611888414072,1,0.7452954080210614,1
be2ba9f5deba9919,2023_24,E1,12,0.7024930727728211,1,0.6871187080469803,1,0.6103882191801986,0,0.7024930727728211,1
6b4608039d1c2fa3,2023_24,E1,12,0.731308074854996,1,0.729150109561691,1,0.5395418155833128,0,0.731308074854996,1
29a61b9a72bb5b09,2023_24,E1,1X,0.7690766912026288,0,0.7690766912026288,0,0.49995696009402785,1,0.7309663487033434,1
e9c2d0bb8c85759f,2023_24,E1,12,0.7127854994994942,1,0.6691820979709093,1,0.6180324025295965,0,0.7127854994994942,1
0f6f91e489ef2e63,2023_24,E1,12,0.7230717456222434,0,0.5653481117945628,1,0.7115801425831937,1,0.7230717456222434,0
60e96b8eadb97f27,2023_24,E1,12,0.738046295468764,0,0.7342452934342028,1,0.5277084110970334,1,0.738046295468764,0
4effa0d6ce483651,2023_24,E1,1X,0.7916111766399401,1,0.7916111766399401,1,0.4499234737851666,1,0.7584653495748933,0
74199b98b19bbbb0,2023_24,E1,1X,0.7306981878110466,1,0.7306981878110466,1,0.5418312199239873,0,0.7274705922649662,1
7671ee41886c9aa4,2023_24,E1,1X,0.7279107798664042,1,0.7279107798664042,1,0.5447873490581627,1,0.7273018710754329,0
515def9727c3ccdb,2023_24,E1,X2,0.78945283891374,1,0.44800484538126706,0,0.78945283891374,1,0.7625423157049932,1
8cd3e36c49918d61,2023_24,E1,1X,0.767412759467283,0,0.767412759467283,0,0.4886090420223524,1,0.7439781985103645,1
88427b2fc592d0f2,2023_24,E1,1X,0.7085780763786413,0,0.7085780763786413,0,0.5885072408807221,1,0.7029146827406364,1
8a45ca5d71929177,2023_24,E1,1X,0.8478212930334836,1,0.8478212930334836,1,0.3670620306862789,0,0.7851166762802375,1
33b5565822642a7b,2023_24,E1,1X,0.7864349990449726,1,0.7864349990449726,1,0.46029244900570165,1,0.7532725519493257,0
71e1e877caa12691,2023_24,E1,X2,0.8144659308609686,1,0.42837302787836284,0,0.8144659308609686,1,0.7571610412606687,1
5c875a14212b4816,2023_24,E1,12,0.7050986059318554,1,0.6749576045314822,0,0.6199437895366624,1,0.7050986059318554,1
b7e313eed96011ea,2023_24,E1,12,0.7180561747068747,1,0.7018863215234864,1,0.5800575037696388,0,0.7180561747068747,1
46233df372321cf8,2023_24,E1,1X,0.828110046905004,1,0.828110046905004,1,0.4032235948139279,0,0.7686663582810679,1
8c5abb384c8b38af,2023_24,E1,12,0.7215699684390585,0,0.6987583667092164,1,0.5796716648517249,1,0.7215699684390585,0
b30483fcf51c59a8,2023_24,E1,1X,0.7479286115675051,1,0.7479286115675051,1,0.5163204335278416,0,0.7357509549046531,1
c2c7d6a17cc5d5ad,2023_24,E1,12,0.6972842549306901,0,0.6919558023114636,1,0.6107599427578465,1,0.6972842549306901,0
659bee52819e1a3d,2023_24,E1,12,0.7338939662830993,1,0.6120691711299302,1,0.6540368625869706,0,0.7338939662830993,1
fbcd82d4f0ed46a8,2023_24,E1,12,0.7189031449662702,1,0.7065688160572239,0,0.5745280389765062,1,0.7189031449662702,1
cc28825e18435a60,2023_24,E1,12,0.7223158199458373,0,0.6978792832969898,1,0.579804896757173,1,0.7223158199458373,0
484982d30a33f9a8,2023_24,E1,1X,0.8387723877587914,1,0.8387723877587914,1,0.3803755212543367,0,0.780852090986872,1
b155e6a590ecee50,2023_24,E1,1X,0.8541928853690745,1,0.8541928853690745,1,0.3467258709533388,1,0.7990812436775867,0
bec476aa9c21be6f,2023_24,E1,1X,0.850089078253475,0,0.850089078253475,0,0.3568499483546092,1,0.7930609733919158,1
3acfd089c546b6c7,2023_24,E1,1X,0.8403636094822076,0,0.8403636094822076,0,0.3736354647487127,1,0.7860009257690799,1
206ce066cef33c93,2023_24,E1,12,0.7453189105749478,1,0.5944803959665228,1,0.6602006934585294,0,0.7453189105749478,1
58b085e1edf8cbc7,2023_24,E1,X2,0.7830446930893801,0,0.4666762691975197,1,0.7830446930893801,0,0.7502790377131004,1
93c955c59428cd44,2023_24,E1,1X,0.7669606135248679,0,0.7669606135248679,0,0.5122851878798319,1,0.7207541985953003,1
216a0ee54408d5ee,2023_24,E1,1X,0.7954726268823484,0,0.7954726268823484,0,0.45361124376415546,1,0.7509161293534963,1
0d5fd2a499ae812f,2023_24,E1,12,0.7196893901506101,0,0.6359018304169326,1,0.6444087794324573,1,0.7196893901506101,0
f71aa7dd3fbd7dd2,2023_24,E1,12,0.7305941039501767,1,0.6835812093406842,0,0.5858246867091392,1,0.7305941039501767,1
de205adbbf45cbc2,2023_24,E1,12,0.7365012457831246,1,0.6726700337812621,1,0.5908287204356134,0,0.7365012457831246,1
b7694255f3e3ee94,2023_24,E1,1X,0.7125614588850594,1,0.7125614588850594,1,0.5806492270551218,1,0.7067893140598189,0
a2dafe19be0519f5,2023_24,E1,1X,0.7840833223673838,1,0.7840833223673838,1,0.48051876537214105,0,0.7353979122604755,1
01fcc292da030d5a,2023_24,E1,1X,0.7581000033402403,1,0.7581000033402403,1,0.5069573457845714,0,0.7349426508751884,1
21ab8671dcba64c8,2023_24,E1,12,0.7435822581133639,1,0.7413613146161855,1,0.5150564272704508,0,0.7435822581133639,1
fa2c2e83db1d9119,2023_24,E1,12,0.7263478648371855,1,0.5990021743451215,0,0.674649960817693,1,0.7263478648371855,1
3ec752b05fe66f9d,2023_24,E1,X2,0.7491981180598406,1,0.5175807323145505,0,0.7491981180598406,1,0.7332211496256091,1
f34405749eecd0f9,2023_24,E1,1X,0.7503297873371826,1,0.7503297873371826,1,0.5311781869609121,0,0.7184920257019054,1
be242735a1060b08,2023_24,E1,12,0.7054725916641235,1,0.7020468456352763,1,0.5924805627006003,0,0.7054725916641235,1
61b16e4864c0714f,2023_24,E1,X2,0.7399978748744955,1,0.5222713689811502,0,0.7399978748744955,1,0.7377307561443541,1
a23863cae37567d5,2023_24,E1,1X,0.8189287753902084,1,0.8189287753902084,1,0.40452902561411547,0,0.7765421989956762,1
9c2c32d888e0aa8e,2023_24,E1,12,0.7119179628397307,1,0.6407405895487666,1,0.6473414476115027,0,0.7119179628397307,1
77b7255b78760190,2023_24,E1,1X,0.7135681229068973,1,0.7135681229068973,1,0.5992018354208299,0,0.687230041672273,1
256d0c7ca77c03f0,2023_24,E1,12,0.7116525788467883,0,0.6390760107286425,1,0.6492714104245693,1,0.7116525788467883,0
a842c97bd13e6814,2023_24,E1,12,0.7326096092107945,1,0.7011191007312989,0,0.5662712900579066,1,0.7326096092107945,1
34b0412434e3a456,2023_24,E1,12,0.7300994807856866,0,0.5526393341454446,1,0.717261185068869,1,0.7300994807856866,0
6415140e507af8f5,2023_24,E1,12,0.7398334143739836,1,0.6819681500061118,0,0.5781984356199047,1,0.7398334143739836,1
8bd5581f63f508ad,2023_24,E1,12,0.7109646651387813,0,0.6052091493874739,1,0.6838261854737446,1,0.7109646651387813,0
20b4e0399b411a51,2023_24,E1,X2,0.7459016415696911,1,0.5099567022518393,1,0.7459016415696911,1,0.7441416561784695,0
2dcb50ad3cd57296,2023_24,E1,1X,0.8252387869492263,1,0.8252387869492263,1,0.42933840421644276,0,0.745422808834331,1
361f32603d4ecf7c,2023_24,E1,1X,0.7177920290258428,1,0.7177920290258428,1,0.5728228340642421,1,0.7093851369099151,0
bf5f500494a2735e,2023_24,E1,12,0.7268670759509641,1,0.6708015818777022,0,0.6023313421713338,1,0.7268670759509641,1
9f201095f5e9e6c1,2023_24,E1,1X,0.7803931200315535,1,0.7803931200315535,1,0.4926909533087887,1,0.7269159266596578,0
b7d6a78cdc74b764,2023_24,E1,1X,0.7976608543398176,1,0.7976608543398176,1,0.42994504527225585,0,0.7723941003879268,1
48021f4d8c12dc0c,2023_24,E1,1X,0.7887538515925183,1,0.7887538515925183,1,0.456006168426651,0,0.7552399799808309,1
e97ff2150b730689,2023_24,E1,1X,0.8051570367751766,1,0.8051570367751766,1,0.43063409500497457,0,0.764208868219849,1
13453920822a5596,2023_24,E1,12,0.7347054716911677,1,0.6844418794442311,1,0.5808526488646013,0,0.7347054716911677,1
f94200a02c40f048,2023_24,E1,12,0.7489651906132526,1,0.5354676916168084,1,0.715567117769939,0,0.7489651906132526,1
3d12fe61a8d04c87,2023_24,E1,X2,0.7194902750077368,1,0.5716182665098619,1,0.7194902750077368,1,0.7088914584824013,0
343cbd8f853138bd,2023_24,E1,1X,0.7481279178085407,1,0.7481279178085407,1,0.5298197448340829,0,0.7220523373573764,1
84ffcf4389c07c1a,2023_24,E1,1X,0.7394834181210943,1,0.7394834181210943,1,0.5455676861273,1,0.7149488957516059,0
1bda6ff1e3bfe8da,2023_24,E1,1X,0.7403439934097807,0,0.7403439934097807,0,0.5272370592963371,1,0.7324189472938825,1
7a8cb11a2eee6a72,2023_24,E1,1X,0.7647737464885627,0,0.7647737464885627,0,0.5061049096971943,1,0.729121343814243,1
d48adc9258ee0112,2023_24,E1,1X,0.7502314953354285,1,0.7502314953354285,1,0.5132568495599068,1,0.7365116551046647,0
25826b9736503247,2023_24,E1,12,0.7188403053995567,1,0.5683247756030246,0,0.7128349189974186,1,0.7188403053995567,1
6ef1cccaa69b6b44,2023_24,E1,12,0.7383900991567192,1,0.5847388075061613,1,0.6768710933371196,0,0.7383900991567192,1
e798f74d9497cefc,2023_24,E1,12,0.7061405145062898,1,0.6583314783794542,0,0.6355280071142562,1,0.7061405145062898,1
11c040cf8f207674,2023_24,E1,1X,0.8517958226513296,1,0.8517958226513296,1,0.39224328733663805,0,0.7559608900120321,1
95c43c4ec131c3c7,2023_24,E1,12,0.7347516284405553,0,0.5461869400774835,1,0.7190614314819612,1,0.7347516284405553,0
bfb7214fb39bf1d3,2023_24,E1,1X,0.7686923557651943,1,0.7686923557651943,1,0.47886362645420066,1,0.7524440177806052,0
8e0a5a8967744218,2023_24,E1,1X,0.7154671346243813,0,0.7154671346243813,0,0.5733493787132594,1,0.7111834866623592,1
b5e6a6cce1a670d5,2023_24,E1,1X,0.7685323525992132,1,0.7685323525992132,1,0.49685414626756436,0,0.7346135011332227,1
709d5c9a34aca562,2023_24,E1,12,0.6998680596327056,1,0.6730366904996492,0,0.6270952498676452,1,0.6998680596327056,1
a72bb3d7e39feba2,2023_24,E1,12,0.7134461406346186,1,0.6259223960189246,0,0.6606314633464567,1,0.7134461406346186,1
0e0ecf3bb951f95a,2023_24,E1,12,0.7172272426136284,1,0.6389594278975617,0,0.64381332948881,1,0.7172272426136284,1
a6294b4032ee21b1,2023_24,E1,12,0.7548056030333221,1,0.5088052781437238,0,0.7363891188229543,1,0.7548056030333221,1
763d779c563ee83c,2023_24,E1,1X,0.7426430134480926,1,0.7426430134480926,1,0.5504727427877245,0,0.7068842437641829,1
18124acc5ff04518,2023_24,E1,1X,0.7792134403816396,1,0.7792134403816396,1,0.47081547165857496,0,0.7499710879597854,1
051ee86321e2ec7a,2023_24,E1,1X,0.7818951115360298,1,0.7818951115360298,1,0.47937525946645465,0,0.7387296289975154,1
14f559d7dd72ed01,2023_24,E1,12,0.7295238057438599,1,0.6485358382866384,0,0.6219403559695016,1,0.7295238057438599,1
9ef0566a96bf27f7,2023_24,E1,12,0.7119317502651288,1,0.608968175029014,0,0.6791000747058573,1,0.7119317502651288,1
127461f3632703a6,2023_24,E1,1X,0.8387634043243473,1,0.8387634043243473,1,0.40811856825733117,0,0.7531180274183218,1
1db4d7a66616dd3e,2023_24,E1,12,0.7402631273645448,1,0.707257260549518,1,0.5524796120859372,0,0.7402631273645448,1
99c21efc4e1a4d5e,2023_24,E1,1X,0.8989200134073663,1,0.8989200134073663,1,0.2744689561332592,0,0.8266110304593746,1
29eb09d907d1f920,2023_24,E1,1X,0.8671329361806501,1,0.8671329361806501,1,0.35482337990491986,0,0.7780436839144302,1
f2c500e8390dbb72,2023_24,E1,1X,0.7299822504124431,1,0.7299822504124431,1,0.549402746137997,0,0.7206150034495598,1
c73195d393ea26a8,2023_24,E1,12,0.705302058565283,1,0.6383594964492786,1,0.6563384449854384,0,0.705302058565283,1
b6970fc37bac4d9b,2023_24,E1,X2,0.7630946605936457,1,0.5177144279245476,0,0.7630946605936457,1,0.7191909114818067,1
51735fba202a82b7,2023_24,E1,12,0.6996084138519287,1,0.634833669688504,1,0.6655579164595675,0,0.6996084138519287,1
3f9fccb1764a6c3e,2023_24,E1,12,0.7332995344994949,1,0.6861294415960218,0,0.5805710239044833,1,0.7332995344994949,1
2992d48641e28179,2023_24,E1,1X,0.7182422974785829,1,0.7182422974785829,1,0.5817709740953305,1,0.6999867284260868,0
eb0db4d410b59234,2023_24,E1,12,0.7176548682484098,0,0.6648183684975508,1,0.6175267632540392,1,0.7176548682484098,0
3c075c6334656315,2023_24,E1,1X,0.8502548826766779,1,0.8502548826766779,1,0.3715761403719508,0,0.7781689769513714,1
034dc5e894114652,2023_24,E1,1X,0.8535556623533407,1,0.8535556623533407,1,0.3507509972337795,0,0.7956933404128798,1
894c0c5484c33edf,2023_24,E1,1X,0.8604031925796681,1,0.8604031925796681,1,0.34841799936241724,0,0.7911788080579147,1
27a1096b1027dd79,2023_24,E1,12,0.7014208005217767,0,0.6724297522816198,1,0.6261494471966034,1,0.7014208005217767,0
7e7849f88fad8a63,2023_24,E1,12,0.7326570611054382,1,0.6526330117809374,0,0.6147099271136245,1,0.7326570611054382,1
710e44626b91686e,2023_24,E1,12,0.7441067744417469,1,0.5360696050797582,0,0.7198236204784951,1,0.7441067744417469,1
813c8a038919be52,2023_24,E1,12,0.7001552042690697,0,0.6514072911228184,1,0.6484375046081119,1,0.7001552042690697,0
2284150730367ceb,2023_24,E1,1X,0.9031806186904808,1,0.9031806186904808,1,0.25981421855418635,1,0.837005162755333,0
2f70527b3f84dfb0,2023_24,E1,12,0.6986855923408049,0,0.6896706192554212,1,0.611643788403774,1,0.6986855923408049,0
fbd2338cdfdd2909,2023_24,E1,1X,0.7385707117591159,1,0.7385707117591159,1,0.5280499014508843,0,0.7333793867899999,1
76271d02238f351f,2023_24,E1,12,0.7176456367262882,1,0.6196590588217101,1,0.6626953044520016,0,0.7176456367262882,1
dcf73b04bab21bb0,2023_24,E1,1X,0.7885887793685451,1,0.7885887793685451,1,0.46665357321912726,0,0.7447576474123278,1
d833f286ebf388f5,2023_24,E1,12,0.7258736161634604,1,0.5982588746269508,0,0.6758675092095887,1,0.7258736161634604,1
668086839e879386,2023_24,E1,1X,0.8026380670029017,1,0.8026380670029017,1,0.4462853940324708,0,0.7510765389646274,1
c645ebfcfa98f13c,2023_24,E1,12,0.7430002979786119,1,0.5226013493589026,0,0.7343983526624857,1,0.7430002979786119,1
855d24da40f977ab,2023_24,E1,12,0.7103348214961726,1,0.7007622298943045,1,0.5889029486095231,0,0.7103348214961726,1
bf5430eab9de5ddd,2023_24,E1,X2,0.7772378023598154,1,0.46796292076362245,0,0.7772378023598154,1,0.7547992768765623,1
123f5295c40097c4,2023_24,E1,1X,0.8005410972709672,1,0.8005410972709672,1,0.46813673028305863,0,0.7313221724459741,1
a05b0c62262e595f,2023_24,E1,1X,0.8180547311703615,1,0.8180547311703615,1,0.4180558320841654,1,0.763889436745473,0
bd191e09f904d06e,2023_24,E1,12,0.7005523351248333,1,0.6856328738007533,0,0.6138147910744134,1,0.7005523351248333,1
f022d63d3d037f35,2023_24,E1,12,0.7235415633518261,1,0.6409607098750016,0,0.6354977267731723,1,0.7235415633518261,1
6f8f0f7319b0804c,2023_24,E1,12,0.7374010695156776,1,0.623683738238662,0,0.6389151922456604,1,0.7374010695156776,1
5b6bbbde0fd49387,2023_24,E1,12,0.709591964323423,1,0.6821824242722432,0,0.6082256114043338,1,0.709591964323423,1
bc4a2b2dec57893a,2023_24,E1,1X,0.8352939239210322,1,0.8352939239210322,1,0.3799524468335808,0,0.7847536292453872,1
af8e50c7e2c60f59,2023_24,E1,1X,0.8260075390401864,1,0.8260075390401864,1,0.4271686124241483,0,0.7468238485356655,1
5e32592527d1019e,2023_24,E1,12,0.7063214593132163,1,0.6754277294341025,0,0.6182508112526812,1,0.7063214593132163,1
9977330e8e8bc491,2023_24,E1,X2,0.7582611907501053,1,0.4931538772662822,0,0.7582611907501053,1,0.7485849319836126,1
56a11dfc81b68357,2023_24,E1,12,0.717455294960942,1,0.7006038203525157,1,0.5819408846865423,0,0.717455294960942,1
db3ecd17a3e24e51,2023_24,E1,12,0.7141013478417408,0,0.5903160833720025,1,0.6955825687862567,1,0.7141013478417408,0
325bea3b992355f3,2023_24,E1,X2,0.8186110309796009,0,0.43512378271251784,1,0.8186110309796009,0,0.7462651863078814,1
cd907fd9ba9b4472,2023_24,E1,X2,0.7664397803826329,0,0.48783220098911484,1,0.7664397803826329,0,0.7457280186282522,1
94c42b702f39db82,2023_24,E1,1X,0.8999731764200906,1,0.8999731764200906,1,0.27092791325063303,0,0.8290989103292764,1
b370f688efc3f32b,2023_24,E1,1X,0.8505116420466161,1,0.8505116420466161,1,0.36331684674654535,0,0.7861715112068387,1
85a6f62d7bc27d68,2023_24,E1,12,0.7528846231986317,1,0.7403666908263399,0,0.5067486859750284,1,0.7528846231986317,1
211469d8ad599ee7,2023_24,E1,1X,0.7417068092739308,1,0.7417068092739308,1,0.5279539682425198,0,0.7303392224835494,1
a7ec0ac2d9239f77,2023_24,E1,1X,0.7605482013058285,1,0.7605482013058285,1,0.5150406722551834,0,0.7244111264389882,1
09d702451c80eadd,2023_24,E1,1X,0.8706692220792462,1,0.8706692220792462,1,0.2977350000714093,0,0.8315957778493445,1
b72a2e25ea476b54,2023_24,E1,1X,0.7878539147648348,0,0.7878539147648348,0,0.45810225316438324,1,0.754043832070782,1
c08f8329bd57667c,2023_24,E1,X2,0.8541370380062114,1,0.3492527419608178,0,0.8541370380062114,1,0.7966102200329708,1
d3f65575b0c9f763,2023_24,E1,12,0.7467192372025258,1,0.7384933965395648,1,0.5147873662579094,0,0.7467192372025258,1
f3e2d906cfe58549,2023_24,E1,1X,0.7482246537107667,1,0.7482246537107667,1,0.5497159926802098,1,0.7020593536090236,0
4cf9be36027e9458,2023_24,E1,1X,0.7973510051834959,1,0.7973510051834959,1,0.46570830662008933,0,0.736940688196415,1
4f87e580daf65431,2023_24,E1,12,0.7045620509795663,1,0.7001523807304418,0,0.5952855682899922,1,0.7045620509795663,1
01d6e210517bc8e6,2023_24,E1,12,0.7424123731074006,1,0.7105624124240281,0,0.5470252144685712,1,0.7424123731074006,1
4692d8e498fd5dfa,2023_24,E1,X2,0.7527231895254237,1,0.5014363238532572,1,0.7527231895254237,1,0.7458404866213192,0
e3c3b4c72f1c3601,2023_24,E1,1X,0.7315448474903226,1,0.7315448474903226,1,0.5737655596102811,0,0.6946895928993964,1
e29f99bd46ccbb0c,2023_24,E1,X2,0.733383065486245,1,0.5434954078705785,1,0.733383065486245,1,0.7231215266431766,0
ee9ddc47c92b8dd7,2023_24,E1,X2,0.7374406073216041,1,0.5359764991813933,0,0.7374406073216041,1,0.7265828934970027,1
8dc4dd4d080ada4e,2023_24,E1,X2,0.7590115334686726,1,0.4843885392295427,1,0.7590115334686726,1,0.7565999273017847,0
7b44373943b39e9f,2023_24,E1,12,0.7057514420350828,1,0.6367150192062201,1,0.6575335387586971,0,0.7057514420350828,1
532c59c2cafb53f7,2023_24,E1,12,0.7062182382658336,0,0.6072228862576879,1,0.6865588754764785,1,0.7062182382658336,0
118658097cd81f22,2023_24,E1,1X,0.746008778027591,1,0.746008778027591,1,0.5419298702847906,1,0.7120613516876184,0
1c7bafe888c8e0df,2023_24,E1,12,0.7242345083540944,0,0.6005827353191923,1,0.6751827563267132,1,0.7242345083540944,0
5743df7565503d39,2023_24,E1,1X,0.7728541184045656,1,0.7728541184045656,1,0.503612669462282,0,0.7235332121331521,1
fce8601cbc2d8f17,2023_24,E1,12,0.744262189540019,1,0.6879791380421123,0,0.5677586724178686,1,0.744262189540019,1
449f721e535e38b7,2023_24,E1,X2,0.8177166800341682,1,0.4055347799268051,1,0.8177166800341682,1,0.7767485400390267,0
21dc75bb9fc26cde,2023_24,E1,12,0.7357680728044188,1,0.7323101152356868,0,0.5319218119598943,1,0.7357680728044188,1
e02aa1a86872ede8,2023_24,E1,1X,0.8192596478177309,1,0.8192596478177309,1,0.41484602455423447,0,0.7658943276280348,1
75b7db8e3d7d4872,2023_24,E1,1X,0.7451207762925902,0,0.7451207762925902,0,0.5227968068522361,1,0.7320824168551738,1
74489ae498735fbc,2023_24,E1,12,0.7295430680405368,0,0.7024426886902687,1,0.5680142432691948,1,0.7295430680405368,0
d1b855cad128271b,2023_24,E1,1X,0.815802540752721,1,0.815802540752721,1,0.4577148421759716,0,0.7264826170713075,1
0e17873d438c01ad,2023_24,E1,1X,0.82425723904481,1,0.82425723904481,1,0.3895253012556138,0,0.7862174596995762,1
767ecfaca16058cf,2023_24,E1,1X,0.9168245427309195,1,0.9168245427309195,1,0.22568367261072209,0,0.8574917846583584,1
3a7449e9d3e95ac1,2023_24,E1,12,0.7351034023454901,1,0.615720415165395,1,0.6491761824891149,0,0.7351034023454901,1
490ba1ecfa1ef4ce,2023_24,E1,12,0.6947199301112896,0,0.6113791619657907,1,0.6939009079229198,1,0.6947199301112896,0
5e3097279f2bd896,2023_24,E1,1X,0.6920363983512254,0,0.6920363983512254,0,0.6240173442406678,1,0.6839462574081068,1
935c15e7cc87e92f,2023_24,E1,1X,0.7527306924240618,1,0.7527306924240618,1,0.5109501345126137,0,0.7363191730633243,1
b397fd9de85c10c6,2023_24,E1,1X,0.8686116068968626,1,0.8686116068968626,1,0.3494141266113403,0,0.7819742664917972,1
8d524f7097296bbf,2023_24,E1,X2,0.9024272152914342,1,0.2748355641838581,1,0.9024272152914342,1,0.8227372205247077,0
d6cfd611f9033e13,2023_24,E1,1X,0.7192231458265965,1,0.7192231458265965,1,0.5759823877075794,0,0.704794466465824,1
33c3ef00da7f996d,2023_24,E1,X2,0.7240835252341298,0,0.5590207902032072,1,0.7240835252341298,0,0.7168956845626631,1
b3c5db1b41a7bb53,2023_24,E1,X2,0.7918988223384439,1,0.4651179093583101,1,0.7918988223384439,1,0.742983268303246,0
d6fc5984c667189c,2023_24,E1,1X,0.8227823909464546,1,0.8227823909464546,1,0.4198850995412676,0,0.757332509512278,1
53818d231892a93e,2023_24,E1,12,0.7080261624700941,1,0.6527739567185544,0,0.6391998808113515,1,0.7080261624700941,1
77cafdfdd5bd037e,2023_24,E1,1X,0.7980138166166386,1,0.7980138166166386,1,0.4517031960033201,0,0.7502829873800413,1
4845e174e6a949d2,2023_24,E1,12,0.7532475682806712,1,0.5036737467092074,1,0.7430786850101215,0,0.7532475682806712,1
ac902a4d7c2a678f,2023_24,E1,1X,0.7088261708974559,0,0.7088261708974559,0,0.5915251476876865,1,0.6996486814148575,1
4c91060ee7ea52d5,2023_24,E1,12,0.7329764038353114,1,0.7059921133915558,0,0.561031482773133,1,0.7329764038353114,1
de07d5bae8c085b3,2023_24,E1,12,0.7125056857213925,0,0.6137839396183049,1,0.6737103746603026,1,0.7125056857213925,0
557a686ee7617ab3,2023_24,E1,12,0.7264667887870682,1,0.6659612620318778,1,0.6075719491810541,0,0.7264667887870682,1
aa12d66d77ac9fe6,2023_24,E1,X2,0.7195126549713048,1,0.5681699186079097,0,0.7195126549713048,1,0.7123174264207857,1
9c05ee476f188e6e,2023_24,E1,1X,0.8077922153324968,1,0.8077922153324968,1,0.4125076528038343,0,0.779700131863669,1
44a2171723739a9d,2023_24,E1,1X,0.8707846605487796,1,0.8707846605487796,1,0.3507872091130425,0,0.7784281303381779,1
cf89e6c53cfc7668,2023_24,E1,1X,0.8198475620024839,1,0.8198475620024839,1,0.4336700301914121,0,0.7464824078061041,1
4018a2e0963da7b2,2023_24,E1,12,0.6929221881026544,1,0.6383545617613595,1,0.6687232501359863,0,0.6929221881026544,1
55b06764e960ac0c,2023_24,E1,12,0.7237728194210993,1,0.7071236139880569,1,0.5691035665908437,0,0.7237728194210993,1
74fba682739a14cb,2023_24,E1,1X,0.7844852374018356,1,0.7844852374018356,1,0.45144866383381965,0,0.7640660987643447,1
39d511a0130c00fe,2023_24,E1,1X,0.8965234472093634,1,0.8965234472093634,1,0.26895762148722335,0,0.8345189313034133,1
02bb66c99c4f0d83,2023_24,E1,X2,0.8364343928510718,1,0.40678802859390456,1,0.8364343928510718,1,0.7567775785550237,0
391379e90222aaea,2023_24,E1,1X,0.8182059786374496,1,0.8182059786374496,1,0.41601543473035874,0,0.7657785866321917,1
72d43e5fb8301a1f,2023_24,E1,1X,0.8453921089392077,0,0.8453921089392077,0,0.37312634148138735,1,0.781481549579405,1
46c005298290f5f9,2023_24,E1,1X,0.8268594743876334,1,0.8268594743876334,1,0.4043265988599109,0,0.7688139267524559,1
5cc6c7d0ccc476df,2023_24,E1,1X,0.7364799883004137,0,0.7364799883004137,0,0.5599335463565867,1,0.703586465343,1
04f9f186012cd181,2023_24,E1,12,0.7102091891915499,1,0.5986641854573649,0,0.6911266253510853,1,0.7102091891915499,1
34dd5e18d68e1c53,2023_24,E1,1X,0.8322626338083325,1,0.8322626338083325,1,0.41280272903688686,1,0.7549346371547806,0
f231da68c3592b3c,2023_24,E1,1X,0.7537562280825415,0,0.7537562280825415,0,0.5164331870698229,1,0.7298105848476357,1
38aa5400aa38a714,2023_24,E1,1X,0.771664368979148,1,0.771664368979148,1,0.4677537810206026,0,0.7605818500002494,1
bab5353845db5552,2023_24,E1,1X,0.8040330206089366,1,0.8040330206089366,1,0.41920227950467914,0,0.7767646998863844,1
13b0449e22e5a65f,2023_24,E1,12,0.7114452814540566,0,0.5855934341067559,1,0.7029612844391876,1,0.7114452814540566,0
6b06ac2de3aa54cf,2023_24,E1,12,0.7323081929226523,1,0.6215335072182921,1,0.6461582998590556,0,0.7323081929226523,1
aa5bc4d0eedd159d,2023_24,E1,12,0.7186965928760097,1,0.6406767166840227,1,0.6406266904399677,0,0.7186965928760097,1
ff8bc56fcebe0a18,2023_24,E1,1X,0.8197796525612155,1,0.8197796525612155,1,0.41568021342448436,0,0.7645401340143002,1
790e64b11732451d,2023_24,E1,1X,0.7725684519417622,1,0.7725684519417622,1,0.5081821871015388,1,0.719249360956699,0
cdcb95250ddbde6d,2023_24,E1,12,0.7176164221647112,1,0.708957214306139,0,0.5734263635291501,1,0.7176164221647112,1
7b59f8f7c526a223,2023_24,E1,1X,0.7915520318439296,1,0.7915520318439296,1,0.4523628497402655,0,0.7560851184158048,1
4ce03fef4b2ceadf,2023_24,E1,X2,0.7899659539332171,1,0.42904366566164465,0,0.7899659539332171,1,0.7809903804051382,1
4910196a428a7204,2023_24,E1,1X,0.7259117316577368,1,0.7259117316577368,1,0.5614958968814612,0,0.712592371460802,1
65f43e31e4c69490,2023_24,E1,12,0.6997059412207309,0,0.6238816895260413,1,0.6764123692532279,1,0.6997059412207309,0
d039abee06623915,2023_24,E1,1X,0.9154984526309415,1,0.9154984526309415,1,0.23622715910401582,0,0.8482743882650429,1
4da174df4b7071fd,2023_24,E1,12,0.7378259961359073,1,0.6859738850769319,0,0.5762001187871608,1,0.7378259961359073,1
c7b61c46c9a85640,2023_24,E1,1X,0.7823087699031613,1,0.7823087699031613,1,0.4816401490322225,1,0.7360510810646161,0
e06097d7d9b2f5fb,2023_24,E1,12,0.7101558111202648,1,0.591875506463184,1,0.6979686824165513,0,0.7101558111202648,1
b85807259517ff99,2023_24,E1,12,0.7249750504321515,1,0.5698105378404184,0,0.7052144117274302,1,0.7249750504321515,1
9c5b053e0cbc748b,2023_24,E1,1X,0.7370807002818951,0,0.7370807002818951,0,0.5580449738194295,1,0.7048743258986753,1
12e2d62fe1eeb634,2023_24,E1,12,0.7232746285987828,0,0.6051565886364866,1,0.6715687827647308,1,0.7232746285987828,0
28c90665e2f2768d,2023_24,E1,12,0.7332127491944076,1,0.7305636509875706,1,0.5362235998180218,0,0.7332127491944076,1
b9e1ec48ec39efd0,2023_24,E1,12,0.6891661072963816,1,0.6562211186789122,0,0.6546127740247062,1,0.6891661072963816,1
e1985e0c0246d48f,2023_24,E1,X2,0.8378460318444755,1,0.413308216493989,0,0.8378460318444755,1,0.7488457516615357,1
6165c80ca73f660f,2023_24,E1,12,0.7288805596384267,0,0.7269478698035832,1,0.5441715705579901,1,0.7288805596384267,0
87e121c559b65840,2023_24,E1,12,0.7210667828777056,1,0.6067346705806081,0,0.6721985465416861,1,0.7210667828777056,1
2bbb6e052d2c1e15,2023_24,E1,12,0.7343961115125923,1,0.5521954349977573,1,0.7134084534896505,0,0.7343961115125923,1
003b24b0c393736c,2023_24,E1,1X,0.7585657652541248,0,0.7585657652541248,0,0.5145914765221449,1,0.7268427582237302,1
837dba5ef6ddd6b9,2023_24,E1,12,0.7290321221903198,0,0.6405614603627316,1,0.6304064174469486,1,0.7290321221903198,0
86bb1e508514e26e,2023_24,E1,1X,0.8799084086941285,1,0.8799084086941285,1,0.32011345461096197,0,0.7999781366949097,1
31c8322d75035cfb,2023_24,E1,1X,0.7751048643990528,1,0.7751048643990528,1,0.47788475415837034,0,0.7470103814425767,1
107a11a9f290936b,2023_24,E1,12,0.7316204153962351,0,0.7132939475431037,1,0.5550856370606614,1,0.7316204153962351,0
e8763120efc3445a,2023_24,E1,1X,0.7564277647022382,0,0.7564277647022382,0,0.49451628887295984,1,0.7490559464248021,1
2619d6285981bb71,2023_24,E1,1X,0.8358970072748824,1,0.8358970072748824,1,0.37618259931886544,1,0.7879203934062524,0
5c47da6706b577ff,2023_24,E1,12,0.7126248875210162,1,0.6209598200942616,1,0.6664152923847222,0,0.7126248875210162,1
53aa1860c145a40e,2023_24,E1,1X,0.8065310278117273,1,0.8065310278117273,1,0.4520029325331003,0,0.7414660396551724,1
d064a573088ab60a,2023_24,E1,1X,0.8446948476836115,1,0.8446948476836115,1,0.3761646504631656,1,0.7791405018532231,0
dea7a260f3bcc279,2023_24,E1,1X,0.8189762249098905,1,0.8189762249098905,1,0.44215916943622147,1,0.7388646056538882,0
4142a858e40d188e,2023_24,E1,1X,0.7995989263992203,1,0.7995989263992203,1,0.43951004642042424,0,0.7608910271803555,1
83eddb6401b63432,2023_24,E1,12,0.686949640270252,1,0.653369942170301,0,0.6596804175594471,1,0.686949640270252,1
4d579863a6006184,2023_24,E1,1X,0.7251892893891807,1,0.7251892893891807,1,0.5729249475486213,0,0.701885763062198,1
20304fcb273adbfa,2023_24,E1,1X,0.8016959390653616,1,0.8016959390653616,1,0.42320103627849553,0,0.775103024656143,1
e344b22d02223b71,2023_24,E1,12,0.7307252688723824,1,0.5635510364917244,0,0.7057236946358932,1,0.7307252688723824,1
b0d4519d96d73ac0,2023_24,E1,1X,0.7823578616215727,1,0.7823578616215727,1,0.49115508372291333,1,0.7264870546555138,0
c92b2469f818a9a1,2023_24,E1,X2,0.8498895246994638,1,0.35931133629888024,0,0.8498895246994638,1,0.7907991390016562,1
6b014aceeab15c53,2023_24,E1,12,0.7090631722362555,1,0.6278749716395196,1,0.663061856124225,0,0.7090631722362555,1
007f9175a58716ef,2023_24,E1,1X,0.7462634902222411,1,0.7462634902222411,1,0.5264877838664284,0,0.7272487259113305,1
7d074b37d91afe25,2023_24,E1,1X,0.7753560227429015,1,0.7753560227429015,1,0.45924971349331956,0,0.7653942637637792,1
686b4567a946735d,2023_24,E1,12,0.7302159455979436,1,0.6382242603439658,0,0.6315597940580906,1,0.7302159455979436,1
94e8befb7c3e55b7,2023_24,E1,1X,0.9388760548513397,1,0.9388760548513397,1,0.18557577892732235,0,0.8755481662213379,1
88ae728886dee1ea,2023_24,E1,12,0.7027179863195425,1,0.6784287462626262,1,0.6188532674178313,0,0.7027179863195425,1
0301a6f545fdb1e4,2023_24,E1,1X,0.8312269084710558,1,0.8312269084710558,1,0.40292319273140087,0,0.7658498987975433,1
4ed0aa23487618f4,2023_24,E1,12,0.7459248101718571,0,0.7098671421025764,1,0.5442080477255666,1,0.7459248101718571,0
07f13e5ee6c1c064,2023_24,E1,X2,0.7936817069047108,1,0.4708145198866695,0,0.7936817069047108,1,0.7355037732086198,1
c00c1a54fe1c4c74,2023_24,E1,1X,0.7375227624159061,0,0.7375227624159061,0,0.5530259171327183,1,0.7094513204513755,1
ec56dc57f874a71b,2023_24,E1,1X,0.7433701543010287,1,0.7433701543010287,1,0.5244363342727878,1,0.7321935114261836,0
dd325f2c6ea2b180,2023_24,E1,1X,0.7721705743797106,0,0.7721705743797106,0,0.47066839306467856,1,0.7571610325556111,1
e3bf14404a85fa07,2023_24,E1,X2,0.847348006990823,0,0.38253241774804014,1,0.847348006990823,0,0.7701195752611368,1
b964eaaf0d86be05,2023_24,E1,1X,0.7344175977236196,1,0.7344175977236196,1,0.5670976987722296,0,0.6984847035041508,1
098f194730881ed8,2023_24,E1,1X,0.754190525583696,1,0.754190525583696,1,0.5055339980894331,1,0.7402754763268709,0
5f9f98ebe3671b60,2023_24,E1,1X,0.7957658891155557,1,0.7957658891155557,1,0.4675198050660015,0,0.736714305818443,1
c49935940affff41,2023_24,E1,12,0.7384076498016118,1,0.5694348786943361,1,0.692157471504052,0,0.7384076498016118,1
82f81b067d82be0f,2023_24,E1,12,0.7242889733370823,1,0.6268806155261322,0,0.6488304111367855,1,0.7242889733370823,1
b88433ed41b8cd00,2023_24,E1,X2,0.8241251004863189,0,0.4151000569051776,1,0.8241251004863189,0,0.7607748426085035,1
7804329e068b5a39,2023_24,E1,1X,0.8574927907696097,1,0.8574927907696097,1,0.3370468322153712,0,0.8054603770150193,1
7b8f5a7db60e5ffb,2023_24,E1,1X,0.7656704034767052,0,0.7656704034767052,0,0.5084380223142404,1,0.7258915742090544,1
7a4aafc9139fa4fe,2023_24,E1,1X,0.7640289279624128,1,0.7640289279624128,1,0.5023825633153949,0,0.7335885087221924,1
0e35f638a8284b8d,2023_24,E1,12,0.7156094164260476,1,0.6244077425853989,0,0.6599828409885535,1,0.7156094164260476,1
8ad77e2e97e8e9e5,2023_24,E1,12,0.727054970896206,0,0.584402848546846,1,0.6885421805569479,1,0.727054970896206,0
151045d3675ca528,2023_24,E1,1X,0.892428092321683,1,0.892428092321683,1,0.2651404865521021,0,0.8424314211262152,1
ef59c18b6b59796e,2023_24,E1,12,0.7177436316584671,0,0.6107495419619999,1,0.6715068263795329,1,0.7177436316584671,0
94975df81e424674,2023_24,E1,X2,0.8400368064379324,1,0.3965792758805942,0,0.8400368064379324,1,0.7633839176814732,1
2d62a9acdeeecdb7,2023_24,E1,1X,0.7937864986816333,1,0.7937864986816333,1,0.44548834790921144,1,0.7607251534091555,0
a5866e6ca342416e,2023_24,E1,X2,0.7851335735800432,1,0.4577995621336274,0,0.7851335735800432,1,0.7570668642863296,1
5a82f25cb95571f6,2023_24,E1,12,0.7664732713900622,1,0.7558494150954811,1,0.47767731351445675,0,0.7664732713900622,1
7742ad6a8ed4f249,2023_24,E1,1X,0.8325006058652471,1,0.8325006058652471,1,0.40150228882724903,1,0.7659971053075039,0
77815177f6e0a41a,2023_24,E1,12,0.713046094038535,1,0.7025566799068685,1,0.5843972260545964,0,0.713046094038535,1
0cced4d7f9e3a9fa,2023_24,E1,1X,0.7364842755125766,0,0.7364842755125766,0,0.5768597354594416,1,0.686655989027982,1
b76bf2d213549ea3,2023_24,E1,X2,0.8600414363375628,1,0.35608498506521147,1,0.8600414363375628,1,0.7838735785972257,0
92d0b078902152c1,2023_24,E1,1X,0.7314393607766212,1,0.7314393607766212,1,0.542003949990969,1,0.7265566892324098,0
2d1eb3bad6a1e878,2023_24,E1,X2,0.7147284199508017,0,0.5731320642765161,1,0.7147284199508017,0,0.7121395157726822,1
9bc08fb5314e652b,2023_24,E1,1X,0.8220276728909437,1,0.8220276728909437,1,0.4281182030693753,0,0.7498541240396808,1
5e4fe3404e765879,2023_24,E1,1X,0.8435662699002542,1,0.8435662699002542,1,0.3619390799737155,1,0.7944946501260304,0
d0fed6e30ac16503,2023_24,E1,1X,0.7190492742980782,0,0.7190492742980782,0,0.5751261260461578,1,0.7058245996557642,1
c1e0d9d7ca28b10f,2023_24,E1,1X,0.9042939315769412,1,0.9042939315769412,1,0.25293386229419956,0,0.8427722061288594,1
4ce99dc8ecb40b3c,2023_24,E1,1X,0.9133285606955736,1,0.9133285606955736,1,0.24723110373646617,0,0.8394403355679603,1
3effea058a60d907,2023_24,E1,12,0.7372937700932205,1,0.720473005088941,0,0.5422332248178385,1,0.7372937700932205,1
5fc314fa847cacfd,2023_24,E1,12,0.7443800506754534,0,0.518746308804044,1,0.7368736405205025,1,0.7443800506754534,0
d9e56988c4f022c5,2023_24,E1,12,0.7442101984081148,0,0.6155595688012078,1,0.6402302327906776,1,0.7442101984081148,0
2a25ca6c4b76037d,2023_24,E1,1X,0.7077397857052924,0,0.7077397857052924,0,0.6141973105265675,1,0.6780629037681405,1
92bc2103f1df0ee5,2023_24,E1,12,0.7115210693988956,0,0.6029992281388521,1,0.6854797024622523,1,0.7115210693988956,0
397d3ed06fd7908e,2023_24,E1,12,0.7060866258301327,1,0.595974330386102,1,0.6979390437837654,0,0.7060866258301327,1
8d1ee64e5017643a,2023_24,E1,12,0.7111042475365432,1,0.6277201679808475,1,0.6611755844826093,0,0.7111042475365432,1
008e3d60efa36eaf,2023_24,E1,12,0.7339020963889303,1,0.6843062112296306,0,0.5817916923814391,1,0.7339020963889303,1
bdbe8968e3e04c2d,2023_24,E1,12,0.73022361750019,1,0.5691974397114418,1,0.7005789427883683,0,0.73022361750019,1
289add99d14d2a41,2023_24,E1,12,0.7283661621282755,0,0.6948794875507421,1,0.5767543503209824,1,0.7283661621282755,0
e244dc232e3f97ed,2023_24,E1,X2,0.8205879639525503,1,0.4131199169594785,0,0.8205879639525503,1,0.7662921190879715,1
25cc86453ee81d9b,2023_24,E1,12,0.7368778370976606,0,0.7034169129699333,1,0.5597052499324062,1,0.7368778370976606,0
fb422dce76f2ecc9,2023_24,E1,12,0.7202936704786476,1,0.5852110580346976,0,0.6944952714866548,1,0.7202936704786476,1
64f810ff90494b92,2023_24,E1,12,0.6909336673375832,1,0.6764656329556238,1,0.632600699706793,0,0.6909336673375832,1
ffd02cc0c6c04ddf,2023_24,E1,X2,0.756548293866244,1,0.5153429311804841,0,0.756548293866244,1,0.728108774953272,1
e606a7591207d836,2023_24,E1,1X,0.8770407141838427,1,0.8770407141838427,1,0.30362575696914634,0,0.8193335288470112,1
f5087b2072493782,2023_24,E1,1X,0.7783356558129098,1,0.7783356558129098,1,0.4732874822508398,0,0.7483768619362506,1
7ab447c727f96904,2023_24,E1,1X,0.7349380694943721,1,0.7349380694943721,1,0.541169225949548,0,0.7238927045560801,1
d96a3e2c23172c74,2023_24,E1,12,0.7015550342252899,1,0.6539857871285664,0,0.6444591786461438,1,0.7015550342252899,1
efa012aff799cded,2023_24,E1,1X,0.7823690318573346,0,0.7823690318573346,0,0.4797003667322642,1,0.7379306014104011,1
6bdadf5ef4963028,2023_24,E1,X2,0.8168012230559332,1,0.40578293999713033,0,0.8168012230559332,1,0.7774158369469365,1
bc2479d96c395003,2023_24,E1,1X,0.7640122241202827,1,0.7640122241202827,1,0.48827455046917345,1,0.7477132254105439,0
d9999754957107e4,2023_24,E1,1X,0.7190801298130507,1,0.7190801298130507,1,0.5713361909942949,1,0.7095836791926544,0
85d5cc63192053a8,2023_24,E1,1X,0.9075982895493083,1,0.9075982895493083,1,0.26842211733384896,1,0.8239795931168428,0
220a278f7309a5eb,2023_24,E1,12,0.7119591669867784,1,0.6413541851193865,1,0.6466866478938353,0,0.7119591669867784,1
1faef1919b217439,2023_24,E1,12,0.7227755075056612,1,0.6851886483824516,1,0.5920358441118874,0,0.7227755075056612,1
96e0d92f581b7bad,2023_24,E1,12,0.694384431389499,1,0.6750370849096708,1,0.6305784837008303,0,0.694384431389499,1
f6d898d9709ac2d3,2023_24,E1,12,0.7391927157774083,1,0.5300157084412295,0,0.7307915757813623,1,0.7391927157774083,1
8d8d1aff08ba9f88,2023_24,E1,12,0.7329532894100261,1,0.7228795098009138,0,0.5441672007890601,1,0.7329532894100261,1
71f12a1b806e33b8,2023_24,E1,1X,0.9052050008104444,1,0.9052050008104444,1,0.26150030745893776,0,0.833294691730618,1
6e176396522260c2,2023_24,E1,1X,0.7876008873470988,1,0.7876008873470988,1,0.47130786174881134,1,0.7410912509040897,0
d818a3261df049c8,2023_24,E1,1X,0.8706300911643532,1,0.8706300911643532,1,0.31300373848207563,0,0.8163661703535712,1
adb5d29166e816d9,2023_24,E1,1X,0.7488205562928618,1,0.7488205562928618,1,0.5610677850585992,1,0.690111658648539,0
ad5db34e75e010a9,2023_24,E1,1X,0.7474434888496646,1,0.7474434888496646,1,0.5283160827348596,0,0.7242404284154758,1
a299a55d7c369437,2023_24,E1,1X,0.7720784642136005,1,0.7720784642136005,1,0.5070581718560888,1,0.7208633639303108,0
4a668592125c124b,2023_24,E1,1X,0.8046526495050215,1,0.8046526495050215,1,0.4566398360663903,1,0.7387075144285883,0
4d9ef6b5bb5a74c6,2023_24,E1,1X,0.8850947077182411,1,0.8850947077182411,1,0.29443459472366396,0,0.8204706975580952,1
aef1ef48170ec393,2023_24,E1,12,0.7136843176756407,0,0.667770972328878,1,0.6185447099954813,1,0.7136843176756407,0
4e995f36aa8f41e7,2023_24,E1,X2,0.7858517394845739,1,0.47264766400614133,0,0.7858517394845739,1,0.7415005965092848,1
9dce28ca6db788a5,2023_24,E1,1X,0.7584104192963117,0,0.7584104192963117,0,0.500175493544247,1,0.7414140871594415,1
7cda0f2ab09fafc4,2023_24,E1,12,0.7030646003929251,1,0.6775698908145524,1,0.6193655087925225,0,0.7030646003929251,1
4e3a1157c689fca0,2023_24,E1,1X,0.7672186916796865,1,0.7672186916796865,1,0.5037740190858406,0,0.7290072892344728,1
5bcbb7db11331af5,2023_24,E1,12,0.7289570630666424,1,0.6625847421182862,1,0.6084581948150714,0,0.7289570630666424,1
8694aca3e3a06ce0,2023_24,E1,X2,0.7436636576724428,0,0.5323577615259633,1,0.7436636576724428,0,0.723978580801594,1
dd476f5e66de156f,2023_24,E1,X2,0.9002372005678837,1,0.27311465887595626,0,0.9002372005678837,1,0.8266481405561602,1
402354b336c36821,2023_24,E1,X2,0.7526164592916491,1,0.5037859451588438,0,0.7526164592916491,1,0.743597595549507,1
bbe78ad9a833a7ea,2023_24,E1,12,0.7473347652696287,1,0.7337975699267338,0,0.5188676648036377,1,0.7473347652696287,1
ac426c2f5de39d06,2023_24,E1,1X,0.771020396156024,0,0.771020396156024,0,0.4934427857698206,1,0.7355368180741556,1
f98739fbadc878d1,2023_24,E1,1X,0.8125255918832897,1,0.8125255918832897,1,0.4216379039341147,0,0.7658365041825959,1
6fad1e2b325df2ee,2023_24,E1,1X,0.7372503220390213,1,0.7372503220390213,1,0.5486030396978904,1,0.7141466382630884,0
7434b1e90f588120,2023_24,E1,12,0.7171594016678573,1,0.6847385769047365,1,0.5981020214274062,0,0.7171594016678573,1
fbf4a3dc434d51d1,2023_24,E1,1X,0.7572068535317542,1,0.7572068535317542,1,0.5096405608880987,1,0.7331525855801471,0
606629d17c75ff86,2023_24,E1,12,0.745649022608579,1,0.6827452597519423,1,0.5716057176394786,0,0.745649022608579,1
5219109f03502392,2023_24,E1,12,0.6912285013434434,1,0.6904355143720342,0,0.6183359842845224,1,0.6912285013434434,1
dd78df64b8e98fc9,2023_24,E1,1X,0.7989803624354452,0,0.7989803624354452,0,0.44578438912298635,1,0.7552352484415685,1
a784edce8871cc92,2023_24,E1,1X,0.9429712412598764,1,0.9429712412598764,1,0.17577556059919214,0,0.8812531981409314,1
d679364dae1e3aa6,2023_24,E1,1X,0.7953468242742037,0,0.7953468242742037,0,0.4585824147789083,1,0.746070760946888,1
1d7d820016ebf940,2023_24,E1,12,0.7209649098428582,0,0.6507757637200663,1,0.6282593264370754,1,0.7209649098428582,0
50bd3cb87ff9b2a7,2023_24,E1,1X,0.9181185112607214,1,0.9181185112607214,1,0.23928360738747334,0,0.8425978813518052,1
2310534654ba27e1,2023_24,E1,1X,0.8360326534641445,1,0.8360326534641445,1,0.3736670625902291,0,0.7903002839456265,1
cfdcf4c1d2c08218,2023_24,E1,12,0.7477421168109446,1,0.5204004704968286,0,0.7318574126922268,1,0.7477421168109446,1
cc87f002fc3ca796,2023_24,E1,1X,0.7851337860288236,1,0.7851337860288236,1,0.4576357021618678,0,0.7572305118093087,1
6b6d39eec8056dd6,2023_24,E1,12,0.7365829717232207,1,0.6694229903140737,1,0.5939940379627054,0,0.7365829717232207,1
fac544436674db6f,2023_24,E1,1X,0.9078333181187876,1,0.9078333181187876,1,0.2519595927176601,0,0.8402070891635522,1
6b91b155375c9b70,2023_24,E1,12,0.7369826442177443,1,0.7209115778396544,1,0.5421057779426013,0,0.7369826442177443,1
44ee74d584aa4b98,2023_24,E1,X2,0.8072090765868565,1,0.4697512692713869,0,0.8072090765868565,1,0.7230396541417567,1
c7614df74dba8d65,2023_24,E1,X2,0.8198656552281695,1,0.3982135217442619,0,0.8198656552281695,1,0.7819208230275688,1
bc678997fb189c75,2023_24,E1,X2,0.7739346210266982,0,0.4765435810005604,1,0.7739346210266982,0,0.7495217979727413,1
56b4f0611c0f02d0,2023_24,E1,1X,0.8240220156767939,1,0.8240220156767939,1,0.44356604146885215,0,0.7324119428543542,1
6ad0e509ab6959be,2023_24,E1,X2,0.7184887561637443,0,0.5744587040442194,1,0.7184887561637443,0,0.7070525397920362,1
cb0bfbd6c5f465d9,2023_24,E1,12,0.7454601555088722,0,0.5463189478247288,1,0.708220896666399,1,0.7454601555088722,0
5e9cf4efefdc20d3,2023_24,E1,12,0.7220533660388289,1,0.5822272705514997,1,0.6957193634096714,0,0.7220533660388289,1
baea145f830b17f1,2023_24,E1,1X,0.7238901182589201,1,0.7238901182589201,1,0.5740754899400101,0,0.7020343918010699,1
c89c329ce4410d45,2023_24,E1,X2,0.7488764910670989,1,0.5212248580888309,0,0.7488764910670989,1,0.7298986508440701,1
2ecb81d64c6251b4,2023_24,E1,12,0.7390920229772278,1,0.5776434718272101,0,0.6832645051955621,1,0.7390920229772278,1
fb13260ab0a74cd4,2023_24,E1,X2,0.8799021227482713,1,0.29810794636685267,0,0.8799021227482713,1,0.821989930884876,1
5aa38f4ad2538154,2023_24,E1,12,0.7123205156737908,1,0.6446983948239637,1,0.6429810895022454,0,0.7123205156737908,1
b27cdf6aac37b4f2,2023_24,E1,1X,0.7437670540214213,0,0.7437670540214213,0,0.551504665493355,1,0.7047282804852236,1
ce8a04f53953e264,2023_24,E1,12,0.7175342775350693,1,0.6380877090577939,0,0.6443780134071369,1,0.7175342775350693,1
f6a97ecc0892713b,2023_24,E1,1X,0.8319052747504945,0,0.8319052747504945,0,0.3757508184999234,1,0.7923439067495821,1
92bf366b4daa86bb,2023_24,E1,1X,0.7254432560190471,0,0.7254432560190471,0,0.5696194268436774,1,0.7049373171372757,1
a066cd698218c958,2023_24,E1,1X,0.8114084174270519,1,0.8114084174270519,1,0.4452062147135359,0,0.7433853678594123,1
27f9a476a8102121,2023_24,E1,12,0.7159742162036999,0,0.6503723009794475,1,0.6336534828168525,1,0.7159742162036999,0
24f8eaf7c7493f11,2023_24,E1,X2,0.7653722534331058,1,0.5145792796462678,0,0.7653722534331058,1,0.7200484669206266,1
52457485a5807ba9,2023_24,E1,12,0.7241773669868692,1,0.6092520905416763,0,0.6665705424714545,1,0.7241773669868692,1
c1c9f3afd35928fe,2023_24,E1,X2,0.7613657193891353,1,0.4891467281241153,0,0.7613657193891353,1,0.7494875524867496,1
16365931da05e57f,2023_24,E1,12,0.7111647061606016,0,0.5925855493461679,1,0.6962497444932304,1,0.7111647061606016,0
c9b97a4bbb727f94,2023_24,E1,1X,0.9225415644856538,1,0.9225415644856538,1,0.2408500314738642,0,0.8366084040404822,1
7cf14e543ca5d11e,2023_24,E1,12,0.7269852786618178,1,0.560532438753425,0,0.7124822825847572,1,0.7269852786618178,1
29dac5e18be26a40,2023_24,E1,1X,0.8322172171966957,0,0.8322172171966957,0,0.3825786565509441,1,0.7852041262523604,1
fab53fd149bca1a6,2023_24,E1,1X,0.811475558144574,0,0.811475558144574,0,0.42451686918371856,1,0.7640075726717075,1
1102d99dcd11cb8d,2023_24,E1,12,0.7342460094560048,1,0.7205645765145101,1,0.5451894140294852,0,0.7342460094560048,1
f87fc1fcc2202297,2023_24,E1,12,0.7069781952686774,0,0.7048350851021878,1,0.5881867196291346,1,0.7069781952686774,0
3af29b29752f5706,2023_24,E1,12,0.7266251601335472,0,0.6403910609863934,1,0.6329837788800596,1,0.7266251601335472,0
cd06597aca8882a8,2023_24,E1,12,0.697632876536344,1,0.6501662347746076,1,0.6522008886890485,0,0.697632876536344,1
710b148f9c5d7104,2023_24,E1,1X,0.8445432681349618,1,0.8445432681349618,1,0.3631150003487571,0,0.7923417315162808,1
72464cd2fc25ffb3,2023_24,E1,1X,0.852691513929504,0,0.852691513929504,0,0.3462074815618922,1,0.8011010045086038,1
5f02638eca89b300,2023_24,E1,1X,0.8430027384434067,1,0.8430027384434067,1,0.4185149981928715,0,0.7384822633637218,1
0a4d70fc012cbb42,2023_24,E1,12,0.7005321918388057,1,0.6548632555204192,1,0.6446045526407751,0,0.7005321918388057,1
8ac53b17437759c8,2023_24,E1,1X,0.8706917968377621,0,0.8706917968377621,0,0.32812978385838815,1,0.8011784193038499,1
f44757cad8568fd3,2023_24,E1,1X,0.7270622120105759,0,0.7270622120105759,0,0.5549248038892327,1,0.7180129841001914,1
2fba55984ebaa856,2023_24,E1,1X,0.7489486217688291,0,0.7489486217688291,0,0.5265937764211576,1,0.7244576018100134,1
77f405ce124d24de,2023_24,E1,1X,0.7341486288245632,1,0.7341486288245632,1,0.5501369271642061,0,0.7157144440112305,1
edb312afba2367e5,2023_24,E1,1X,0.7779659160244901,0,0.7779659160244901,0,0.5167553691453951,1,0.7052787148301146,1
fc5dece606087313,2023_24,E1,X2,0.8336360161769439,1,0.3877377870676108,1,0.8336360161769439,1,0.7786261967554454,0
4b7a14bcc6db5578,2023_24,E1,X2,0.7782807786710625,1,0.4485314966094296,0,0.7782807786710625,1,0.7731877247195081,1
c35ef8b090933780,2023_24,E1,1X,0.8451771798673198,0,0.8451771798673198,0,0.37603451034309493,1,0.7787883097895854,1
8ed54cf9e29fea7b,2023_24,E1,12,0.7027349673319148,1,0.6720873267809575,1,0.6251777058871277,0,0.7027349673319148,1
60bf18fb6df0047c,2023_24,E1,1X,0.7847629081203238,1,0.7847629081203238,1,0.4723971891555986,0,0.7428399027240778,1
a6333cfa51c270ab,2023_24,E1,X2,0.7669662928327422,1,0.4766506501636717,0,0.7669662928327422,1,0.7563830570035863,1
f2a15e45c5ba5c3b,2023_24,E1,12,0.7039353081638708,0,0.6172155370702035,1,0.6788491547659253,1,0.7039353081638708,0
fb8d04fae5123e87,2023_24,E1,X2,0.7147005828853363,1,0.5812865536319889,0,0.7147005828853363,1,0.7040128634826748,1
a12f6bdc08b37aee,2023_24,E1,12,0.7290817028801283,1,0.6723600022196959,1,0.5985582949001756,0,0.7290817028801283,1
06b5ed73a8b35fc5,2023_24,E1,12,0.7329532432096924,1,0.7275641378248503,1,0.5394826189654574,0,0.7329532432096924,1
999e3f49dde16c17,2023_24,E1,1X,0.7241292046565557,1,0.7241292046565557,1,0.5704008891978911,1,0.7054699061455532,0
229bafd00cb383e2,2023_24,E1,1X,0.890616695574683,1,0.890616695574683,1,0.2859715102219763,0,0.8234117942033407,1
baf14dd37d72bfc0,2023_24,E1,1X,0.812857965188958,1,0.812857965188958,1,0.42517577757561165,1,0.7619662572354303,0
dde3600132625199,2023_24,E1,1X,0.8713895666050596,1,0.8713895666050596,1,0.31692862774666924,0,0.8116818056482711,1
4147a1923f3600fc,2023_24,E1,1X,0.7603853569577418,1,0.7603853569577418,1,0.5041153359262708,0,0.7354993071159875,1
ef291bf63b16ddec,2023_24,E1,X2,0.7742575787573532,1,0.4779711691686237,0,0.7742575787573532,1,0.7477712520740231,1
c3385fd40922c4f9,2023_24,E1,1X,0.8258865726855971,1,0.8258865726855971,1,0.4145770229277291,0,0.759536404386674,1
9ccd9a7079c2e864,2023_24,E1,12,0.6964272564999492,1,0.6665598612668504,1,0.6370128822332004,0,0.6964272564999492,1
b45ec7ef1a4ec2cd,2023_24,E1,12,0.7110967098552929,1,0.6631666746227982,1,0.6257366155219088,0,0.7110967098552929,1
b4e3cd7f98d59bbf,2023_24,E1,12,0.7212563208544094,0,0.7139428337003992,1,0.5648008454451914,1,0.7212563208544094,0
30fb4951d66b0c95,2023_24,E1,X2,0.6956623987327626,1,0.6190496176928614,1,0.6956623987327626,1,0.6852879835743759,0
0c2e3a2c6a292beb,2023_24,E1,X2,0.8441996054276554,1,0.3692621731548445,0,0.8441996054276554,1,0.7865382214175003,1
72c7770e4844b7f1,2023_24,E1,X2,0.8086206301608447,0,0.4447321892785655,1,0.8086206301608447,0,0.7466471805605898,1
cfeaade8cc49b220,2023_24,E1,1X,0.775503228321023,1,0.775503228321023,1,0.48124123867322355,1,0.7432555330057534,0
078cf3262b2cbe5a,2023_24,E1,12,0.7249800992528168,0,0.5621137349567599,1,0.7129061657904232,1,0.7249800992528168,0
c278ca8e81698337,2023_24,E1,1X,0.7218387699754119,1,0.7218387699754119,1,0.5683975518835472,0,0.7097636781410408,1
e7625eef03f2c871,2023_24,E1,1X,0.8897205290002536,1,0.8897205290002536,1,0.3051021364646062,0,0.8051773345351403,1
32fc9ddb9bd9e03d,2023_24,E1,12,0.6926732579683118,1,0.6798929071370297,0,0.6274338348946584,1,0.6926732579683118,1
bed91a1c659d1305,2023_24,E1,12,0.7199164422083731,1,0.6978156475295961,0,0.5822679102620306,1,0.7199164422083731,1
a8114f2c36d2c841,2023_24,E1,1X,0.890708610811034,1,0.890708610811034,1,0.2838646127617467,0,0.8254267764272193,1
3d394b268c6903d2,2023_24,E1,12,0.7286889704664972,1,0.6105207153539693,0,0.6607903141795335,1,0.7286889704664972,1
6e543de1c4e129f3,2023_24,E1,12,0.7014070206304012,1,0.6390997492736407,0,0.6594932300959581,1,0.7014070206304012,1
8b9899d7277a4600,2023_24,E1,12,0.7128649431742711,1,0.7034530478843275,1,0.5836820089414014,0,0.7128649431742711,1
87f167cb79a5f146,2023_24,E1,12,0.7311402719610793,1,0.5909495273084889,0,0.6779102007304316,1,0.7311402719610793,1
4cd06dd956d8cdca,2023_24,E1,1X,0.7556764389592417,1,0.7556764389592417,1,0.5327549899306812,0,0.7115685711100772,1
50b30acb4032ff1d,2023_24,E1,12,0.7137529775491815,1,0.7026867659505514,0,0.5835602565002671,1,0.7137529775491815,1
bda24c61c34abbc3,2023_24,E1,1X,0.8310203221073571,1,0.8310203221073571,1,0.39604815111271335,0,0.7729315267799297,1
6a28760c2e5e1af0,2023_24,E1,1X,0.7833846682958276,1,0.7833846682958276,1,0.47038691536718247,1,0.7462284163369899,0
3be07c57bf452baa,2023_24,E1,12,0.7152776194820625,1,0.6942398085351421,0,0.5904825719827953,1,0.7152776194820625,1
d6fb5b052e9609ed,2023_24,E1,X2,0.808735761943659,1,0.4786049461786406,1,0.808735761943659,1,0.7126592918777004,0
a1081f543691ea96,2023_24,E1,12,0.7040815376413418,1,0.6557718848881703,0,0.640146577470488,1,0.7040815376413418,1
eb5d8aecc0c2d2fd,2023_24,E1,12,0.7054725755330333,0,0.616950282818234,1,0.6775771416487326,1,0.7054725755330333,0
48abe22f65c3c2f8,2023_24,E1,1X,0.8091805129046858,1,0.8091805129046858,1,0.4744008786323929,0,0.7164186084629215,1
a0df0c9879a5e033,2023_24,E1,1X,0.9089888972525109,1,0.9089888972525109,1,0.2657312579732757,0,0.8252798447742136,1
566d38f2820682a2,2023_24,E1,X2,0.8181989842655276,0,0.4261893322966385,1,0.8181989842655276,0,0.755611683437834,1
db9d18fe20fa0684,2023_24,E1,X2,0.7037364940229164,1,0.6102839367296257,1,0.7037364940229164,1,0.6859795692474581,0
d8ba0be2dbf2a5c5,2023_24,E1,12,0.6860802960097693,1,0.6815326561247843,0,0.6323870478654465,1,0.6860802960097693,1
c714289e2e2d3b8d,2023_24,E1,12,0.7284221105383902,1,0.5757629283434639,0,0.6958149611181458,1,0.7284221105383902,1
95cf7928c21a81af,2023_24,E1,1X,0.7492763320346776,0,0.7492763320346776,0,0.5089445658985308,1,0.7417791020667917,1
912e88cb2b750a62,2023_24,E1,1X,0.8489482676323503,1,0.8489482676323503,1,0.36108541933047456,0,0.7899663130371751,1
e2ecce60a87849d5,2023_24,E1,1X,0.8690510245477725,1,0.8690510245477725,1,0.3582732997686091,0,0.7726756756836184,1
1811e3d35c702abf,2023_24,E1,1X,0.7526703239268673,1,0.7526703239268673,1,0.522670094005703,0,0.7246595820674299,1
4253bbff9a65cf0d,2023_24,E1,12,0.7146150921933176,0,0.6582174444902875,1,0.6271674633163948,1,0.7146150921933176,0
0033ef348b8adc34,2023_24,E1,1X,0.8235075575368533,1,0.8235075575368533,1,0.3780481068095777,1,0.798444335653569,0
e08d90dddd8ffa3c,2023_24,E1,12,0.7461708616437059,1,0.5167876508304521,0,0.7370414875258416,1,0.7461708616437059,1
ddc67c64b2d69987,2023_24,E1,X2,0.8498244564635468,1,0.35345792665787423,1,0.8498244564635468,1,0.796717616878579,0
84d8c24b4569a2e4,2023_24,E1,1X,0.8123643600960683,1,0.8123643600960683,1,0.4081233805919869,0,0.779512259311945,1
1b60b0fb6fbc9106,2023_24,E1,1X,0.723081720786797,1,0.723081720786797,1,0.5590355455452414,0,0.7178827336679616,1
12bb49464a878480,2023_24,E1,1X,0.8632663790830105,0,0.8632663790830105,0,0.3504196779712542,1,0.7863139429457353,1
e6a3af6fe04de43c,2023_24,E1,1X,0.7855175502938203,1,0.7855175502938203,1,0.4697111632241113,0,0.7447712864820684,1
ccbd290e2564978e,2023_24,E1,12,0.7090250930824591,1,0.6130335711114681,0,0.6779413358060729,1,0.7090250930824591,1
1ff048bccbb69693,2023_24,E1,X2,0.8377355187475044,0,0.42738318504180395,1,0.8377355187475044,0,0.7348812962106918,1
dc798f3a28a20840,2023_24,E1,1X,0.7510128102149098,1,0.7510128102149098,1,0.5305586362217233,1,0.7184285535633671,0
588add3a00b08904,2023_24,E1,12,0.7177774172457837,1,0.7106032624612212,0,0.5716193202929952,1,0.7177774172457837,1
04d4aac5fa87cda1,2023_24,E1,12,0.7078849464403443,1,0.6660993522116014,0,0.6260157013480545,1,0.7078849464403443,1
46145e08dfb90325,2023_24,E1,1X,0.7692548643783408,1,0.7692548643783408,1,0.5119042458047509,1,0.7188408898169084,0
84d12284c81dfabe,2023_24,E1,12,0.7437998745784755,1,0.6620162363843494,1,0.594183889037175,0,0.7437998745784755,1
4901e8464008a3a7,2023_24,E1,1X,0.8733218436652839,1,0.8733218436652839,1,0.3115013037357909,0,0.8151768525989253,1
58e088c029328654,2023_24,E1,X2,0.7466279953826734,1,0.5216475001693734,0,0.7466279953826734,1,0.731724504447953,1
47183d81c6b836d4,2023_24,E1,12,0.7282121231595813,1,0.6165006541580571,1,0.6552872226823616,0,0.7282121231595813,1
5b43bb78b5e4bfcf,2023_24,E1,12,0.7512594700671257,0,0.5136396984934918,1,0.7351008314393824,1,0.7512594700671257,0
fd729cf4c634b3a6,2023_24,E1,12,0.7081512213847672,1,0.590855727530079,0,0.7009930510851542,1,0.7081512213847672,1
76b5c227058c5972,2023_24,E1,12,0.7483617384894481,1,0.5246940071029735,1,0.7269442544075783,0,0.7483617384894481,1
b9b4e17c227b2921,2023_24,E1,1X,0.69372572924169,1,0.69372572924169,1,0.6216622928696398,0,0.6846119778886701,1
3c8c4342b6507240,2023_24,E1,1X,0.8866307553600528,1,0.8866307553600528,1,0.2876131832046194,0,0.8257560614353279,1
4609a0a7bb51c752,2023_24,E1,1X,0.7750379276634545,1,0.7750379276634545,1,0.4571584415726009,0,0.7678036307639444,1
d647200c9040a832,2023_24,E1,1X,0.7696674055140211,0,0.7696674055140211,0,0.5148138495673993,1,0.7155187449185798,1
891fa722e5c6c8e9,2023_24,E1,12,0.6971294624382083,0,0.6477916967110762,1,0.6550788408507155,1,0.6971294624382083,0
4c67bce9c6cace6f,2023_24,E1,1X,0.7164124562699623,1,0.7164124562699623,1,0.5789698283263969,1,0.7046177154036408,0
54963d03ea737f5b,2023_24,E1,1X,0.7517974620381165,1,0.7517974620381165,1,0.5366004194936567,1,0.7116021184682269,0
419b317d129f9db5,2023_24,E1,X2,0.8167044703871972,0,0.4338992978328563,1,0.8167044703871972,0,0.7493962317799465,1
b0f17746a0033e89,2023_24,E1,12,0.6984498230929381,0,0.6198460622409876,1,0.6817041146660743,1,0.6984498230929381,0
60fc142aca9bf1e9,2023_24,E1,12,0.6945933436376797,1,0.6813478275903939,1,0.6240588287719264,0,0.6945933436376797,1
d96cfc1aea3ebb09,2023_24,E1,12,0.7147495913057367,0,0.5708495072916349,1,0.7144009014026285,1,0.7147495913057367,0
abdf6365ee313f69,2023_24,E1,12,0.7773768369566675,1,0.7766347488462662,1,0.44598841419706636,0,0.7773768369566675,1
06b551a62655a0a2,2023_24,E1,1X,0.8977114700109122,1,0.8977114700109122,1,0.2830440568174738,1,0.8192444731716142,0
41901de70997f52f,2023_24,E1,1X,0.7782355274170587,0,0.7782355274170587,0,0.4901430372126946,1,0.7316214353702467,1
563241daf6c48b35,2023_24,E1,12,0.7123676227487217,1,0.6443010623915071,1,0.6433313148597712,0,0.7123676227487217,1
8348b04c38bca854,2023_24,E1,12,0.7300263715016815,0,0.6637919030968582,1,0.6061817254014603,1,0.7300263715016815,0
44bd5070a0dd8467,2023_24,E1,1X,0.8355178996101257,1,0.8355178996101257,1,0.3792175467923515,1,0.7852645535975229,0
d38a550dc51e41ec,2023_24,E1,12,0.7180593207397294,1,0.6527637468591594,1,0.6291769324011114,0,0.7180593207397294,1
6ce08ecd8645cd66,2023_24,E1,1X,0.9271871895278571,1,0.9271871895278571,1,0.2285788048123461,0,0.8442340056597969,1
a27cd011017ee000,2023_24,E1,X2,0.8588395870002289,0,0.32940854503367767,1,0.8588395870002289,0,0.8117518679660934,1
51312fe244bfce7f,2023_24,E1,1X,0.8925011351797016,0,0.8925011351797016,0,0.2886161343451407,1,0.8188827304751578,1
5515f02058db3213,2023_24,E1,12,0.73880106203345,1,0.5464956677850996,1,0.7147032701814504,0,0.73880106203345,1
cc06f69b93e40f74,2023_24,E1,1X,0.7088130625767206,1,0.7088130625767206,1,0.5862155780443579,1,0.7049713593789217,0
e28b40860cdc0dcc,2023_24,E1,1X,0.7416197439216246,1,0.7416197439216246,1,0.5393732049690585,0,0.719007051109317,1
9ec4e7a6b4bdd167,2023_24,E1,1X,0.7741832370737521,1,0.7741832370737521,1,0.46594634230045584,1,0.759870420625792,0
fbde7d7a4bdb6506,2023_24,E1,1X,0.7806576442710339,1,0.7806576442710339,1,0.519825805268813,0,0.6995165504601533,1
2cf55a77e639aeaf,2023_24,E1,X2,0.7069848387789583,1,0.5862564689165324,0,0.7069848387789583,1,0.7067586923045093,1
268283f2b6fb5f3c,2023_24,E1,12,0.7070359914997344,0,0.6451658430691891,1,0.6477981654310765,1,0.7070359914997344,0
173090eb9ba193e8,2023_24,E1,1X,0.8606635940228526,1,0.8606635940228526,1,0.3217178956165106,0,0.8176185103606369,1
79e02f574e99ed94,2023_24,E1,1X,0.894258701720982,1,0.894258701720982,1,0.2885292707237888,0,0.8172120275552291,1
719fea6ba03a07ae,2023_24,E1,1X,0.750190776764094,0,0.750190776764094,0,0.5244829972975198,1,0.7253262259383864,1
fb140e928ea0ede4,2023_24,E1,1X,0.9011557389113125,1,0.9011557389113125,1,0.26684430325413144,0,0.831999957834556,1
e5cd38fa5de29cfe,2023_24,E1,1X,0.8471867697937481,1,0.8471867697937481,1,0.38579710244951004,0,0.7670161277567419,1
cddea853aa6b65e7,2023_24,E1,X2,0.9013233295010434,0,0.25892519805630204,1,0.9013233295010434,0,0.8397514724426546,1
3294af93a898f324,2023_24,E1,12,0.7326220284087479,1,0.7267823169742307,0,0.5405956546170213,1,0.7326220284087479,1
90add411044cff22,2023_24,E1,1X,0.8037604729696501,1,0.8037604729696501,1,0.43365449356986896,1,0.7625850334604811,0
81ef14ddb663ac07,2023_24,E1,X2,0.8143264139775352,1,0.4276134545422504,1,0.8143264139775352,1,0.7580601314802144,0
809c1c253b43508c,2023_24,E1,1X,0.808665909721029,1,0.808665909721029,1,0.44582169175881625,0,0.7455123985201549,1
0d9bb47bb1081c10,2023_24,E1,1X,0.7344597660695997,0,0.7344597660695997,0,0.5638630678639318,1,0.7016771660664685,1
3d0c7e17926a1610,2023_24,E1,12,0.7246799466398361,0,0.6086786739703531,1,0.6666413793898107,1,0.7246799466398361,0
3ff8502df4936ffe,2023_24,E1,1X,0.7758593894295513,1,0.7758593894295513,1,0.49895722161646716,0,0.7251833889539815,1
16ecd83a2526ac42,2023_24,E1,12,0.7260884688408644,1,0.7224170682097026,0,0.5514944629494327,1,0.7260884688408644,1
ea15d8e47cf08ada,2023_24,E1,X2,0.809939453643967,1,0.4111398159988225,0,0.809939453643967,1,0.7789207303572107,1
a7b5ba31ceecc754,2023_24,E1,12,0.7585349529741592,1,0.7301149044889421,1,0.5113501425368987,0,0.7585349529741592,1
5c53b9fd1dd97b3d,2023_24,E1,12,0.7269555731463528,1,0.6180552482591766,0,0.6549891785944705,1,0.7269555731463528,1
d563cdec2d877a54,2023_24,E1,X2,0.8160336961823543,0,0.4055391227762421,1,0.8160336961823543,0,0.7784271810414036,1
6cd05a06095ba460,2023_24,E1,12,0.7370733946825136,0,0.6970523649053351,1,0.5658742404121513,1,0.7370733946825136,0
316e02343bc274d2,2023_24,E1,1X,0.8849375951697156,1,0.8849375951697156,1,0.31213313600646697,0,0.8029292688238177,1
51f0912d19c31c4c,2023_24,E1,X2,0.7828656732675551,1,0.46248703753376963,0,0.7828656732675551,1,0.7546472891986753,1
96e5b1f2e6bbe328,2023_24,E1,12,0.7180931235171686,0,0.6548326431580533,1,0.6270742333247781,1,0.7180931235171686,0
b3defee3ed5ed513,2023_24,E1,1X,0.7493607960716149,1,0.7493607960716149,1,0.5303073186641278,0,0.7203318852642575,1
bbc12f045968e68d,2023_24,E1,1X,0.7995451469440036,1,0.7995451469440036,1,0.4301097728471055,1,0.7703450802088907,0
46302ca9aebfa50d,2023_24,E1,12,0.7021535194704835,1,0.6297184559269595,1,0.6681280246025569,0,0.7021535194704835,1
ce923e49fd711679,2023_24,E1,12,0.782373493434791,1,0.7679835939296575,0,0.44964291263555145,1,0.782373493434791,1
df508a2f30d58521,2023_24,E1,12,0.7092500717110092,1,0.6919539817910781,1,0.5987959464979126,0,0.7092500717110092,1
2f0c032a94c87262,2023_24,E1,12,0.73139182753523,0,0.6200866171801247,1,0.6485215552846453,1,0.73139182753523,0
46755b2b1267cdf8,2023_24,E1,12,0.7720992533236497,1,0.4559504521105725,0,0.7719502945657779,1,0.7720992533236497,1
052d722e333e559d,2023_24,E1,X2,0.7670752651871907,1,0.46640233293248246,0,0.7670752651871907,1,0.7665224018803268,1
164850cacda2b8a3,2023_24,E1,12,0.7416676835505025,1,0.6490885859610347,1,0.609243730488463,0,0.7416676835505025,1
d7beed8c08891b23,2023_24,E1,12,0.7576275220165098,1,0.7341306215113641,0,0.5082418564721259,1,0.7576275220165098,1
68eb6f422bd8dbed,2023_24,E1,1X,0.9131383049349656,1,0.9131383049349656,1,0.23138403058714574,0,0.8554776644778886,1
a848b45013dd4439,2023_24,E1,1X,0.7934324346638958,0,0.7934324346638958,0,0.4252794903853561,1,0.7812880749507481,1
22eb6a700c4ce709,2023_24,E1,1X,0.8452048992768988,0,0.8452048992768988,0,0.3701298582499314,1,0.7846652424731698,1
495775a898f80954,2023_24,E1,12,0.7739075186857288,1,0.7677821736329372,1,0.45831030768133396,0,0.7739075186857288,1
773d4d7d47c1960f,2023_24,E1,12,0.7716225346998771,1,0.46698004607002586,1,0.7613974192300973,0,0.7716225346998771,1
f68ed12457d76e13,2023_24,E1,12,0.7226639162456487,1,0.5596265649249549,1,0.7177095188293965,0,0.7226639162456487,1
acd77752005b3b5d,2023_24,E1,12,0.7385857321842517,1,0.7113800717185124,1,0.5500341960972358,0,0.7385857321842517,1
01d53a5fb80b7a59,2023_24,E1,12,0.7254573203930184,1,0.7017541897451431,0,0.5727884898618385,1,0.7254573203930184,1
8e53a686043a23d8,2023_24,E1,1X,0.8711678167458916,1,0.8711678167458916,1,0.3674435997545097,0,0.7613885834995987,1
42df8fa92d29e82c,2024_25,E1,12,0.7304586784864977,1,0.7197261574687932,1,0.5498151640447091,0,0.7304586784864977,1
f39bc4c79044b5b8,2024_25,E1,12,0.7228301773872408,1,0.5794776460015492,0,0.6976921766112101,1,0.7228301773872408,1
72d8a8e1239024cb,2024_25,E1,12,0.7066279023896386,1,0.6177641516523612,0,0.6756079459580003,1,0.7066279023896386,1
15051f42ad7fa788,2024_25,E1,12,0.7018987245516676,0,0.6397883507575807,1,0.6583129246907516,1,0.7018987245516676,0
28f8beceb3168410,2024_25,E1,1X,0.9107060568697942,1,0.9107060568697942,1,0.24189815866781295,1,0.8473957844623929,0
90e397371e663eeb,2024_25,E1,1X,0.8159186180247436,1,0.8159186180247436,1,0.42265438215778917,0,0.7614269998174672,1
884c1426f0272dc6,2024_25,E1,1X,0.7018849612311798,0,0.7018849612311798,0,0.601535638551592,1,0.6965794002172281,1
86ceacf78c0e67a9,2024_25,E1,12,0.7264772454911037,1,0.5953882447408272,1,0.6781345097680688,0,0.7264772454911037,1
5a2e4d51e94f2b4c,2024_25,E1,12,0.700503684478416,1,0.6525209407370529,0,0.6469753747845313,1,0.700503684478416,1
7474db22b3057bdb,2024_25,E1,12,0.7256080466002365,1,0.6585901988751377,1,0.6158017545246257,0,0.7256080466002365,1
668794ee94fc9df3,2024_25,E1,1X,0.7978896538661264,1,0.7978896538661264,1,0.4490982507822998,0,0.7530120953515735,1
81328e3b60ba3c49,2024_25,E1,12,0.7207489387192249,1,0.6279997136711488,0,0.6512513476096267,1,0.7207489387192249,1
3c7cbd1c6970fd85,2024_25,E1,1X,0.8052027368134607,1,0.8052027368134607,1,0.4289881457828737,0,0.7658091174036656,1
561e52c183ed7b0e,2024_25,E1,X2,0.7505003227393543,0,0.5075652870720612,1,0.7505003227393543,0,0.7419343901885846,1
6c758a6321dd1b9a,2024_25,E1,12,0.7432386215103894,0,0.5313385804587583,1,0.7254227980308523,1,0.7432386215103894,0
d4e214f79c1b9905,2024_25,E1,12,0.7305642604059164,0,0.5492536890541316,1,0.7201820505399521,1,0.7305642604059164,0
388734d1e114e7ff,2024_25,E1,1X,0.7558444179930124,1,0.7558444179930124,1,0.5397876402259065,0,0.7043679417810809,1
676e809e1950810a,2024_25,E1,1X,0.8251568709569266,1,0.8251568709569266,1,0.4034142768979091,0,0.7714288521451644,1
18d65f88bf3767fb,2024_25,E1,12,0.7165268539023563,0,0.6714480854708091,1,0.6120250606268344,1,0.7165268539023563,0
f26615441a2dd715,2024_25,E1,12,0.7424376174951721,0,0.5963350165751181,1,0.6612273659297097,1,0.7424376174951721,0
92df1260b794ff32,2024_25,E1,1X,0.8051366165239493,1,0.8051366165239493,1,0.4429477172034383,1,0.7519156662726124,0
74e30be56a3a616c,2024_25,E1,1X,0.7485199241294249,1,0.7485199241294249,1,0.5187779101242009,0,0.7327021657463741,1
7c85838ee539f2aa,2024_25,E1,12,0.7070579541408286,1,0.6490146560202955,1,0.6439273898388758,0,0.7070579541408286,1
d651dc3f194af7d8,2024_25,E1,12,0.7259355501884337,1,0.7065797126820039,1,0.5674847371295624,0,0.7259355501884337,1
0439f2d5d6da641b,2024_25,E1,X2,0.7513774765356878,1,0.524009874044272,0,0.7513774765356878,1,0.7246126494200401,1
e57e57574a036677,2024_25,E1,12,0.7274360709454306,0,0.6392994583830087,1,0.6332644706715607,1,0.7274360709454306,0
f412ce4c1ff47544,2024_25,E1,12,0.707854629280418,0,0.689036120909956,1,0.603109249809626,1,0.707854629280418,0
747d5bba6e5dde33,2024_25,E1,1X,0.7911380639380365,1,0.7911380639380365,1,0.4442014202833693,1,0.7646605157785942,0
e2cdb2adbe8ffa2b,2024_25,E1,1X,0.8206022900838786,1,0.8206022900838786,1,0.41203018925824997,0,0.7673675206578714,1
a193b73222b0b78f,2024_25,E1,1X,0.8978348078693299,1,0.8978348078693299,1,0.2676438875987982,1,0.834521304531872,0
160c4f41f98cfb70,2024_25,E1,12,0.7291579733046918,0,0.6353926852798386,1,0.6354493414154698,1,0.7291579733046918,0
53c7ad3c0a481df9,2024_25,E1,12,0.7273688090119692,1,0.5988027757787325,1,0.6738284152092984,0,0.7273688090119692,1
7c023c11f18a0ac7,2024_25,E1,12,0.710480722827548,1,0.652249802534428,0,0.6372694746380239,1,0.710480722827548,1
bf49959174429fab,2024_25,E1,12,0.7162373847041685,1,0.6738438522217931,1,0.6099187630740384,0,0.7162373847041685,1
e0dfda315323b561,2024_25,E1,1X,0.7734240663929188,1,0.7734240663929188,1,0.4963929192930335,0,0.7301830143140479,1
31c97148ad0b7d18,2024_25,E1,1X,0.7521485093187645,1,0.7521485093187645,1,0.523181417628082,1,0.7246700730531536,0
9245c97bf082875a,2024_25,E1,1X,0.7623920637995616,0,0.7623920637995616,0,0.4993357607895155,1,0.7382721754109229,1
de862d77091795c6,2024_25,E1,1X,0.7228769096499983,1,0.7228769096499983,1,0.5590784457313943,1,0.7180446446186075,0
ffa301cd1e87a3d4,2024_25,E1,12,0.7372077449904287,1,0.5306981860322055,0,0.7320940689773658,1,0.7372077449904287,1
cbd5d3017a51574a,2024_25,E1,12,0.7501948250917823,1,0.7436539749835037,0,0.5061511999247142,1,0.7501948250917823,1
3329a422db2a87ce,2024_25,E1,12,0.7033443012980043,1,0.6319293900259,1,0.6647263086760956,0,0.7033443012980043,1
64e18ab7cccd83b6,2024_25,E1,1X,0.8650505899455975,1,0.8650505899455975,1,0.33836443523690984,0,0.7965849748174927,1
05f159944fd3fdf3,2024_25,E1,12,0.7038752693302851,1,0.6956583944274177,1,0.6004663362422975,0,0.7038752693302851,1
5f144c23abdd21bb,2024_25,E1,12,0.708458330671188,1,0.6449529166151802,1,0.6465887527136318,0,0.708458330671188,1
bb015e4ee67b4821,2024_25,E1,12,0.7545929170284722,1,0.5458567093333364,0,0.6995503736381913,1,0.7545929170284722,1
a77110b77fa68029,2024_25,E1,X2,0.7508646359754119,1,0.5139334123130777,0,0.7508646359754119,1,0.7352019517115105,1
d0ec156c6cc4b6a6,2024_25,E1,1X,0.7713684120946334,1,0.7713684120946334,1,0.4986254503339541,0,0.7300061375714125,1
e4efd1c9e5e59e45,2024_25,E1,1X,0.7620905454899296,1,0.7620905454899296,1,0.48173730652420105,0,0.7561721479858694,1
a5b63519d5e873cd,2024_25,E1,12,0.7355082237048203,1,0.5666221571191984,0,0.6978696191759812,1,0.7355082237048203,1
8ef947eaba2c3247,2024_25,E1,1X,0.8264878533565705,0,0.8264878533565705,0,0.41081400640899196,1,0.7626981402344376,1
cba78bcb3134671a,2024_25,E1,12,0.699799280311683,1,0.6832066484400922,0,0.6169940712482247,1,0.699799280311683,1
497b205a95c366a7,2024_25,E1,12,0.7227435348237577,1,0.5904840528602032,1,0.6867724123160391,0,0.7227435348237577,1
5d8b1b8c04fee614,2024_25,E1,12,0.7178103594799937,1,0.6886471997577543,1,0.5935424407622518,0,0.7178103594799937,1
77bb8501936d44c7,2024_25,E1,1X,0.7136183773381293,1,0.7136183773381293,1,0.5739445148127482,0,0.7124371078491227,1
42ab0b2ad067d644,2024_25,E1,1X,0.8384775872637236,1,0.8384775872637236,1,0.37799795072019493,1,0.7835244620160813,0
320e296cce53e0ee,2024_25,E1,X2,0.8104484923149206,0,0.43147792280753294,1,0.8104484923149206,0,0.7580735848775465,1
58f9cec4bcb969f4,2024_25,E1,12,0.7206337757682646,0,0.7038560276247499,1,0.5755101966069855,1,0.7206337757682646,0
8425a703a17bb067,2024_25,E1,12,0.7182166050033161,1,0.6832052600794312,1,0.5985781349172529,0,0.7182166050033161,1
1f3fed2dffe0f181,2024_25,E1,12,0.7221046443931964,0,0.6578539653445425,1,0.620041390262261,1,0.7221046443931964,0
380b20316d083ed2,2024_25,E1,X2,0.771089286204934,1,0.4927169676989963,0,0.771089286204934,1,0.7361937460960697,1
7db266ec48fefe75,2024_25,E1,12,0.7247683831279212,1,0.72159226492159,0,0.553639351950489,1,0.7247683831279212,1
ecf689389d024a3d,2024_25,E1,12,0.741992143461212,1,0.7232878560319755,1,0.5347200005068127,0,0.741992143461212,1
8750d399748cdb3c,2024_25,E1,12,0.7067982317122588,0,0.6925469783035738,1,0.6006547899841674,1,0.7067982317122588,0
b34cbfda81585c28,2024_25,E1,12,0.7227751933852966,1,0.6352095456506066,1,0.6420152609640968,0,0.7227751933852966,1
35d85c0fb6f65d3c,2024_25,E1,1X,0.7862753424825517,1,0.7862753424825517,1,0.46620602262530575,0,0.7475186348921427,1
1374c34fb1720814,2024_25,E1,1X,0.8564390987653542,1,0.8564390987653542,1,0.35610135957328004,0,0.7874595416613658,1
56f5915a03c531e6,2024_25,E1,X2,0.8206911847035122,1,0.42551657443164076,0,0.8206911847035122,1,0.7537922408648472,1
6649b8cc156018a9,2024_25,E1,1X,0.7507247306174558,0,0.7507247306174558,0,0.5013124928476015,1,0.7479627765349425,1
4ed204fe075a5797,2024_25,E1,1X,0.7541432382249291,1,0.7541432382249291,1,0.5163333559413075,0,0.7295234058337635,1
07b60307da4bb1b7,2024_25,E1,1X,0.7849578703741364,1,0.7849578703741364,1,0.4604572539836703,0,0.7545848756421932,1
4ad125b61cb25a92,2024_25,E1,1X,0.8736222033210884,1,0.8736222033210884,1,0.31270478944803326,0,0.8136730072308783,1
84788896a566a724,2024_25,E1,12,0.7169372829860543,0,0.6108511399110373,1,0.6722115771029082,1,0.7169372829860543,0
e9c8e0d5828f8005,2024_25,E1,12,0.7455476988275258,1,0.5109682057806,1,0.7434840953918743,0,0.7455476988275258,1
53bfbc35128ef661,2024_25,E1,1X,0.7510228257693834,1,0.7510228257693834,1,0.5198406424300321,0,0.7291365318005845,1
77972e50c38bfc65,2024_25,E1,12,0.7214970764496214,1,0.6199400120381191,0,0.6585629115122595,1,0.7214970764496214,1
9976225893f0c26e,2024_25,E1,12,0.7181367495362949,1,0.6319496103614639,1,0.6499136401022412,0,0.7181367495362949,1
463a2682b078b774,2024_25,E1,1X,0.778913365310542,1,0.778913365310542,1,0.4761520979522745,0,0.7449345367371835,1
81d68f73b9b7a909,2024_25,E1,1X,0.8224576503803434,1,0.8224576503803434,1,0.39883472212856075,0,0.7787076274910959,1
699ed00cccd2e356,2024_25,E1,1X,0.8111863641370227,1,0.8111863641370227,1,0.4084085736207674,0,0.7804050622422101,1
04b57e6c2069f16c,2024_25,E1,1X,0.7701799914452889,1,0.7701799914452889,1,0.5158059327865684,0,0.7140140757681428,1
643bc9c00f62b4e9,2024_25,E1,12,0.7310286349776877,0,0.5635830839470023,1,0.7053882810753099,1,0.7310286349776877,0
2ca98cb69c8b3326,2024_25,E1,X2,0.7740526709079737,1,0.4685626293965751,1,0.7740526709079737,1,0.7573846996954512,0
80c02fd932eadc9f,2024_25,E1,12,0.7325777246799594,1,0.5770703199920464,1,0.6903519553279942,0,0.7325777246799594,1
e6e4ce29a2db8eca,2024_25,E1,12,0.7335446398990317,0,0.6596414166073532,1,0.6068139434936151,1,0.7335446398990317,0
a22db6453b425492,2024_25,E1,1X,0.8496847224442019,1,0.8496847224442019,1,0.35512770314563036,0,0.795187574410168,1
40370aa779780e49,2024_25,E1,X2,0.7118909937956248,0,0.5828842779926939,1,0.7118909937956248,0,0.7052247282116813,1
1a4d26da4d69ca80,2024_25,E1,1X,0.733652825747678,1,0.733652825747678,1,0.5397568857913702,0,0.7265902884609519,1
989314bd11c3885e,2024_25,E1,1X,0.8078040459586799,1,0.8078040459586799,1,0.4294957949808388,1,0.7627001590604813,0
38fca0b94492ead6,2024_25,E1,X2,0.7283050282854628,1,0.5462417993944482,1,0.7283050282854628,1,0.725453172320089,0
cc2d539d902cf0d1,2024_25,E1,12,0.7186330510085488,1,0.6533490796713228,0,0.6280178693201284,1,0.7186330510085488,1
3d525f2a420eb369,2024_25,E1,1X,0.8302748658575131,1,0.8302748658575131,1,0.4108181145211798,0,0.7589070196213074,1
ee35f7848a74f258,2024_25,E1,12,0.7223754120683696,1,0.6806069653726398,0,0.5970176225589907,1,0.7223754120683696,1
36171f4078eae1e5,2024_25,E1,12,0.7211010126595143,1,0.6699794046578564,1,0.6089195826826294,0,0.7211010126595143,1
40861db24f10cd49,2024_25,E1,1X,0.7907912055814922,1,0.7907912055814922,1,0.45829271458605403,0,0.750916079832454,1
bf4882a28be68e29,2024_25,E1,1X,0.7817272305034735,1,0.7817272305034735,1,0.47849259942986333,0,0.7397801700666632,1
dbf2920be88284ed,2024_25,E1,12,0.7280775364883917,0,0.726955738923044,1,0.5449667245885642,1,0.7280775364883917,0
2556f7ce56974f41,2024_25,E1,12,0.7102626843913571,0,0.5874060540664663,1,0.7023312615421767,1,0.7102626843913571,0
27f56d781ba0d14e,2024_25,E1,1X,0.8073713879518296,1,0.8073713879518296,1,0.4700940783211011,1,0.7225345337270694,0
539f85d174a58b97,2024_25,E1,12,0.7432526482507713,1,0.7304694335838975,1,0.5262779181653312,0,0.7432526482507713,1
0d5fa9b57adf2555,2024_25,E1,12,0.711833877392223,0,0.6561043183781325,1,0.6320618042296443,1,0.711833877392223,0
b157a3541dc5dad7,2024_25,E1,1X,0.8032362201142677,0,0.8032362201142677,0,0.45592640241537674,1,0.7408373774703556,1
04c2a6aac33f545c,2024_25,E1,12,0.7167001791208292,1,0.7049349534863361,1,0.5783648673928348,0,0.7167001791208292,1
266592665cc39747,2024_25,E1,12,0.7319347392540232,1,0.5732314653037753,1,0.6948337954422015,0,0.7319347392540232,1
75bcf57ea4d005c7,2024_25,E1,1X,0.7534637831793065,1,0.7534637831793065,1,0.5146710762265686,0,0.731865140594125,1
b7c9c30385ab26a6,2024_25,E1,12,0.7271658751155268,0,0.6914314930085976,1,0.5814026318758758,1,0.7271658751155268,0
6b1d0e4eae7e44dc,2024_25,E1,12,0.7481315584145141,1,0.5244264951611656,1,0.7274419464243203,0,0.7481315584145141,1
fe67ad39a97d3f1f,2024_25,E1,1X,0.7890255743887113,1,0.7890255743887113,1,0.4844186870143498,1,0.7265557385969388,0
0ca54175387a8f76,2024_25,E1,1X,0.798968246811684,1,0.798968246811684,1,0.4480967863964106,1,0.7529349667919056,0
1a5f7bb71ae2a5ad,2024_25,E1,1X,0.7669126354217821,1,0.7669126354217821,1,0.4939313317707662,0,0.7391560328074517,1
eb0527cf8ec43960,2024_25,E1,12,0.7425207388885506,1,0.7135591280203268,1,0.5439201330911225,0,0.7425207388885506,1
a8f74fb023c63c96,2024_25,E1,1X,0.7463754012362241,1,0.7463754012362241,1,0.5227999574172437,0,0.7308246413465322,1
02ea149b55cd6812,2024_25,E1,X2,0.753317480244608,1,0.5212445008664377,1,0.753317480244608,1,0.7254380188889542,0
cdc4854c977081fc,2024_25,E1,12,0.7060973688000296,1,0.6052085902923093,1,0.6886940409076612,0,0.7060973688000296,1
4580946b9ae3d0da,2024_25,E1,12,0.732660693081985,1,0.7227234329718697,1,0.5446158739461453,0,0.732660693081985,1
37a632e42ad502bd,2024_25,E1,1X,0.8159931101429101,0,0.8159931101429101,0,0.4160734688636919,1,0.767933420993398,1
566db165f66a2dfa,2024_25,E1,1X,0.7763848016992589,1,0.7763848016992589,1,0.52018651520128,1,0.703428683099461,0
f4dc663422f33e66,2024_25,E1,1X,0.7659063805695607,0,0.7659063805695607,0,0.4985832642181918,1,0.7355103552122476,1
1c70a7c6dd0b8c4c,2024_25,E1,12,0.6948340840387681,1,0.6742984870123114,0,0.6308674289489205,1,0.6948340840387681,1
878f23930ed04c72,2024_25,E1,12,0.7331248244193184,0,0.6491283310491337,1,0.6177468445315478,1,0.7331248244193184,0
98990d3d4beb25f5,2024_25,E1,12,0.7264680005809319,1,0.6028723171490038,0,0.6706596822700645,1,0.7264680005809319,1
cef287d3fac263dd,2024_25,E1,1X,0.782561615383575,1,0.782561615383575,1,0.4749703490851674,0,0.7424680355312574,1
4e081fa79c969884,2024_25,E1,1X,0.8962288794597799,1,0.8962288794597799,1,0.2825694193020703,0,0.8212017012381497,1
b60dac8abdc2ffff,2024_25,E1,12,0.7116666210968041,0,0.6496722818590055,1,0.6386610970441904,1,0.7116666210968041,0
74553e22831c734e,2024_25,E1,12,0.7082870876033529,0,0.6286255144334407,1,0.6630873979632066,1,0.7082870876033529,0
e3320488d33cacbe,2024_25,E1,1X,0.7449733523921216,1,0.7449733523921216,1,0.5343804136918648,1,0.7206462339160136,0
f4fc67a8a405be72,2024_25,E1,12,0.7261418287663632,0,0.6906546025030379,1,0.583203568730599,1,0.7261418287663632,0
47c1cfb1a911a9f9,2024_25,E1,12,0.7160091717338299,0,0.6123339368251219,1,0.6716568914410483,1,0.7160091717338299,0
2f50a6cdf253cdd2,2024_25,E1,12,0.7088763847736542,0,0.647086989370389,1,0.6440366258559567,1,0.7088763847736542,0
6dcd4336facc1c22,2024_25,E1,12,0.7120450884309807,0,0.6012381844866296,1,0.6867167270823896,1,0.7120450884309807,0
8d136c39eebfe392,2024_25,E1,12,0.7086808721762101,1,0.6664907082048648,0,0.6248284196189251,1,0.7086808721762101,1
11f77674d7f91702,2024_25,E1,1X,0.8266435503720146,1,0.8266435503720146,1,0.39919481838968274,0,0.7741616312383026,1
0e03ffc4d2f8cdf8,2024_25,E1,1X,0.7549929939117777,1,0.7549929939117777,1,0.5027530382177859,0,0.7422539678704362,1
604f61efee87ee1c,2024_25,E1,X2,0.7429525578404913,1,0.5284244470129851,0,0.7429525578404913,1,0.7286229951465235,1
3e0399d07254d0c9,2024_25,E1,X2,0.763185539473531,1,0.5033014439351836,1,0.763185539473531,1,0.7335130165912853,0
3d41ee070e6ea094,2024_25,E1,12,0.7257927186309148,1,0.691082491276632,1,0.5831247900924532,0,0.7257927186309148,1
0b2adf6b1a1e7286,2024_25,E1,12,0.7162769472113234,1,0.6784524544221837,1,0.605270598366493,0,0.7162769472113234,1
f3d302f44405481b,2024_25,E1,1X,0.8270276842579141,1,0.8270276842579141,1,0.43770619649874565,1,0.7352661192433404,0
dd83b1ce96ecd2d6,2024_25,E1,12,0.7197911550900989,0,0.7086482158020025,1,0.5715606291078986,1,0.7197911550900989,0
9ad6390bac3ea23e,2024_25,E1,12,0.7130218367510166,0,0.5978540815389674,1,0.6891240817100159,1,0.7130218367510166,0
c746db2b083981c1,2024_25,E1,1X,0.8048053085847657,1,0.8048053085847657,1,0.44869000054099045,0,0.7465046908742439,1
bd397aa1fcbd541a,2024_25,E1,1X,0.829058022703538,1,0.829058022703538,1,0.4002421755414892,0,0.770699801754973,1
3e80aa3170b33fb5,2024_25,E1,12,0.7032503216814058,1,0.6816885789163569,0,0.6150610994022374,1,0.7032503216814058,1
9d28e36029147886,2024_25,E1,1X,0.7719556244389736,1,0.7719556244389736,1,0.487406269009693,1,0.7406381065513332,0
6d7296e0abbe7af9,2024_25,E1,12,0.7271049248479817,0,0.606651492210476,1,0.6662435829415423,1,0.7271049248479817,0
d3587b33b5b5d5b4,2024_25,E1,12,0.718114675767191,0,0.6519303635846827,1,0.6299549606481263,1,0.718114675767191,0
0a7e8d5efe39e777,2024_25,E1,12,0.7075280554091998,1,0.6473159615538853,0,0.6451559830369149,1,0.7075280554091998,1
72a1a3ed66d6b550,2024_25,E1,12,0.7054002843439648,1,0.5914701465870207,0,0.7031295690690146,1,0.7054002843439648,1
8442757659ca7eca,2024_25,E1,12,0.7194005198059361,1,0.6850987040740095,1,0.5955007761200544,0,0.7194005198059361,1
186e719f552d0fb4,2024_25,E1,12,0.7370651034895046,1,0.6890566978232364,1,0.573878198687259,0,0.7370651034895046,1
7c4265535d5ff794,2024_25,E1,1X,0.8146493828732534,1,0.8146493828732534,1,0.41581373539578903,1,0.7695368817309576,0
668c00053d6d80a0,2024_25,E1,1X,0.9405788257144366,1,0.9405788257144366,1,0.1629471212344925,0,0.8964740530510709,1
ffc23705a55e4216,2024_25,E1,1X,0.767874867707599,0,0.767874867707599,0,0.4689035699326393,1,0.7632215623597617,1
7587d28f94b0725b,2024_25,E1,12,0.6985152964938026,1,0.6730910037356257,0,0.6283936997705717,1,0.6985152964938026,1
1de1ef8dd034c922,2024_25,E1,X2,0.747507510233488,1,0.528195413030661,1,0.747507510233488,1,0.724297076735851,0
fcfe5d26185b103c,2024_25,E1,1X,0.7812773413604017,0,0.7812773413604017,0,0.4775813464886201,1,0.741141312150978,1
f1387f4e3a2cbc31,2024_25,E1,12,0.6821201439842774,1,0.6659113615275418,1,0.6519684944881807,0,0.6821201439842774,1
36271ed05eb3ef1d,2024_25,E1,12,0.7216572120186853,1,0.5828317362595459,0,0.6955110517217689,1,0.7216572120186853,1
7c6e685323e21d40,2024_25,E1,12,0.7115096246641737,1,0.6127207421454066,1,0.6757696331904197,0,0.7115096246641737,1
272a43655ff3963f,2024_25,E1,X2,0.776034307059106,1,0.47148688696900476,0,0.776034307059106,1,0.7524788059718894,1
655eacd0445ab59a,2024_25,E1,1X,0.7219880216679089,1,0.7219880216679089,1,0.5589483604427488,0,0.7190636178893426,1
89d5804aabd9de96,2024_25,E1,12,0.7311122667733254,1,0.6658366938123881,1,0.6030510394142865,0,0.7311122667733254,1
9d622f989118b920,2024_25,E1,1X,0.7527865388330917,1,0.7527865388330917,1,0.5102525905057101,0,0.7369608706611983,1
7630181a2d347b7e,2024_25,E1,12,0.7284122910249538,1,0.717958387268061,0,0.5536293217069851,1,0.7284122910249538,1
4bcfe82a1092d5fd,2024_25,E1,1X,0.8472374267287944,0,0.8472374267287944,0,0.388690900056592,1,0.7640716732146138,1
39602e1ff8695005,2024_25,E1,X2,0.7953642923455606,0,0.4788024226522948,1,0.7953642923455606,0,0.7258332850021446,1
dfc1ebd8eba7ea2f,2024_25,E1,1X,0.7694151363747576,1,0.7694151363747576,1,0.4935890052263384,0,0.736995858398904,1
dbcc3d61258afcb5,2024_25,E1,12,0.6884027565536357,0,0.6599168983591741,1,0.6516803450871904,1,0.6884027565536357,0
87c5ec083d4db4d9,2024_25,E1,12,0.69534958574981,0,0.6930777648072657,1,0.6115726494429244,1,0.69534958574981,0
114bb442ea7dbfcc,2024_25,E1,1X,0.8039015391650313,1,0.8039015391650313,1,0.45405442016336967,0,0.742044040671599,1
26d99aa51392fd3c,2024_25,E1,12,0.7210973877161482,1,0.6861552005455163,0,0.5927474117383356,1,0.7210973877161482,1
d824c5bf048539de,2024_25,E1,1X,0.8302153913139745,1,0.8302153913139745,1,0.39343057814685467,0,0.7763540305391708,1
764c5fed6aba34c0,2024_25,E1,1X,0.7066485937778011,1,0.7066485937778011,1,0.5879064146991457,1,0.7054449915230532,0
db980647122f1c8d,2024_25,E1,1X,0.8001151059818857,1,0.8001151059818857,1,0.44466543238068934,1,0.7552194616374251,0
396d92763139cfa1,2024_25,E1,1X,0.9147641384345837,1,0.9147641384345837,1,0.25862808521666747,0,0.8266077763487488,1
16022393a3c9433a,2024_25,E1,12,0.7201588842294582,1,0.7190868958010592,0,0.5607542199694826,1,0.7201588842294582,1
995187e8518da6a5,2024_25,E1,12,0.702126593088014,1,0.6306139782067893,1,0.6672594287051968,0,0.702126593088014,1
4cc7fd3356b686d8,2024_25,E1,1X,0.7178150807038639,1,0.7178150807038639,1,0.5750270114413965,1,0.7071579078547396,0
d31019041c38f40a,2024_25,E1,1X,0.8002789338769911,1,0.8002789338769911,1,0.4619911957891203,0,0.7377298703338886,1
de75f360bf65aa47,2024_25,E1,12,0.7114556834290475,1,0.6097402984505571,0,0.6788040181203954,1,0.7114556834290475,1
0a50cbd510847c44,2024_25,E1,1X,0.7605817465546884,1,0.7605817465546884,1,0.5212926058849678,0,0.7181256475603441,1
5884ae5805cb8375,2024_25,E1,12,0.733790250314188,0,0.5561957846636627,1,0.7100139650221493,1,0.733790250314188,0
bd05e6be1f61af1e,2024_25,E1,12,0.6895242045316938,1,0.6403439462541562,0,0.6701318492141499,1,0.6895242045316938,1
55465640e921c2e3,2024_25,E1,12,0.7102481933999718,0,0.6649370012401286,1,0.6248148053598995,1,0.7102481933999718,0
2ba494facfa78e77,2024_25,E1,1X,0.747295684016074,1,0.747295684016074,1,0.5289899466916619,1,0.7237143692922643,0
8e5447375d044b68,2024_25,E1,1X,0.7292123525366292,1,0.7292123525366292,1,0.5512197841377667,0,0.7195678633256042,1
2d90c34ce2d6da73,2024_25,E1,1X,0.736574530931943,1,0.736574530931943,1,0.5658021100392092,1,0.6976233590288479,0
f4c9d104c4c5ba79,2024_25,E1,X2,0.7853633877314076,1,0.4596077580212644,0,0.7853633877314076,1,0.755028854247328,1
c5dc87551f61b6dd,2024_25,E1,1X,0.7035770889307414,1,0.7035770889307414,1,0.6039856131941491,1,0.6924372978751095,0
fddb0cdb8b563d65,2024_25,E1,12,0.7205056703957737,0,0.6129538772601988,1,0.6665404523440275,1,0.7205056703957737,0
3aa2e9892cf0d36d,2024_25,E1,1X,0.7665217501192028,1,0.7665217501192028,1,0.49554667915396783,1,0.7379315707268296,0
0534ce0254b67da7,2024_25,E1,X2,0.7797007540633771,1,0.48675456071537815,0,0.7797007540633771,1,0.7335446852212447,1
5ca6a61a0e0af10b,2024_25,E1,1X,0.7227318401834104,1,0.7227318401834104,1,0.5665669751560798,0,0.7107011846605098,1
860bae80da4609a1,2024_25,E1,12,0.7126027380624672,1,0.6836000813676364,0,0.6037971805698965,1,0.7126027380624672,1
39637df181352660,2024_25,E1,1X,0.8639954493893218,1,0.8639954493893218,1,0.336507278361192,0,0.7994972722494862,1
7e290c9802d2c527,2024_25,E1,1X,0.8787557559101971,1,0.8787557559101971,1,0.3330508747282287,0,0.7881933693615744,1
1c62271116c2c7c1,2024_25,E1,1X,0.7569262997368487,1,0.7569262997368487,1,0.5075627478154616,1,0.7355109524476897,0
fadec61adb1aebe4,2024_25,E1,12,0.7188857197082166,1,0.6871253578873204,1,0.5939889224044629,0,0.7188857197082166,1
10ca4f8d2733cc33,2024_25,E1,1X,0.7322804228601321,1,0.7322804228601321,1,0.5542299593993667,1,0.7134896177405012,0
26e271561a88168e,2024_25,E1,1X,0.7501927599405227,0,0.7501927599405227,0,0.5276811578319421,1,0.7221260822275353,1
b33544e44dc24b3a,2024_25,E1,1X,0.8760412475673119,1,0.8760412475673119,1,0.34856711795298123,0,0.7753916344797068,1
f4830c648901fdc6,2024_25,E1,1X,0.7883830805693587,0,0.7883830805693587,0,0.4524570406348889,1,0.7591598787957523,1
2a202821b2acb0ab,2024_25,E1,12,0.7047941405067115,1,0.6676769771522391,0,0.6275288823410493,1,0.7047941405067115,1
ff7bb7a1e8af1144,2024_25,E1,1X,0.7514894314536309,1,0.7514894314536309,1,0.5357594569286297,0,0.7127511116177395,1
547d0ec2a8a528fa,2024_25,E1,1X,0.8013948293435067,1,0.8013948293435067,1,0.4287027887888799,0,0.7699023818676134,1
64233224237c756b,2024_25,E1,X2,0.7416586502798435,1,0.5465872103662514,1,0.7416586502798435,1,0.7117541393539053,0
413b3e6078bbd54a,2024_25,E1,1X,0.7954951785552041,1,0.7954951785552041,1,0.45839206844402824,1,0.7461127530007676,0
5a4438abf252ed4f,2024_25,E1,X2,0.8058010824637274,0,0.44476763288120635,1,0.8058010824637274,0,0.7494312846550663,1
69294cf7fc628e52,2024_25,E1,1X,0.8766439338263943,1,0.8766439338263943,1,0.311772156883259,0,0.811583909290347,1
f35b54b96634e887,2024_25,E1,1X,0.7964003572816768,1,0.7964003572816768,1,0.443004590629163,1,0.7605950520891605,0
5e3ff9af06aeadc8,2024_25,E1,12,0.7355516343303539,1,0.7095359621627555,1,0.5549124035068906,0,0.7355516343303539,1
10424b29c5ef7809,2024_25,E1,12,0.7080391334527508,0,0.6026366342817061,1,0.6893242322655432,1,0.7080391334527508,0
b11c261b20f8cdc4,2024_25,E1,12,0.706521033977723,1,0.5978898738188898,0,0.6955890922033872,1,0.706521033977723,1
ccd01c5946e5a484,2024_25,E1,1X,0.7744920477534463,1,0.7744920477534463,1,0.4854105313757387,1,0.740097420870815,0
5227b64cdf54b40d,2024_25,E1,12,0.6935236208608316,1,0.67970798023344,0,0.6267683989057282,1,0.6935236208608316,1
f839182745e794e2,2024_25,E1,12,0.7028781140530501,0,0.6795049259251763,1,0.6176169600217737,1,0.7028781140530501,0
80ce8bcaab0b9027,2024_25,E1,1X,0.8925348238709677,1,0.8925348238709677,1,0.3103979092139334,0,0.7970672669150991,1
7b48db2457195547,2024_25,E1,1X,0.7464696052988924,1,0.7464696052988924,1,0.542527745483429,1,0.7110026492176786,0
96818860a334c42f,2024_25,E1,1X,0.8024396876441053,1,0.8024396876441053,1,0.44324597765669543,0,0.7543143346991994,1
be71a37de4e67a20,2024_25,E1,12,0.7211330844644257,1,0.6451009010187208,0,0.6337660145168535,1,0.7211330844644257,1
42e1cb62c1cc7b19,2024_25,E1,12,0.7144341690738899,0,0.694946508652885,1,0.5906193222732252,1,0.7144341690738899,0
055eb2dedbb25846,2024_25,E1,12,0.6957921193204797,1,0.6260394779429789,0,0.6781684027365418,1,0.6957921193204797,1
39d7979b2c0c1ece,2024_25,E1,X2,0.7388342339500649,0,0.5457570613800211,1,0.7388342339500649,0,0.715408704669914,1
8ff223a99d9b4232,2024_25,E1,12,0.7328923438117204,1,0.5416647250065505,1,0.7254429311817292,0,0.7328923438117204,1
646f33fc77ea5b9e,2024_25,E1,12,0.7099867278963705,0,0.6930186206319835,1,0.596994651471646,1,0.7099867278963705,0
30c0a08f788774dc,2024_25,E1,1X,0.8485978327010713,1,0.8485978327010713,1,0.42086175697057604,1,0.7305404103283527,0
7da01e02f06abb9c,2024_25,E1,1X,0.764944542689746,1,0.764944542689746,1,0.5074861603227355,0,0.7275692969875186,1
525fe2220676c6d5,2024_25,E1,X2,0.7936240570759341,1,0.4570977398597342,0,0.7936240570759341,1,0.7492782030643318,1
babb9579e2ae0aaf,2024_25,E1,12,0.7226492674919693,0,0.575061370295071,1,0.7022893622129596,1,0.7226492674919693,0
e3ee6d39fd89f799,2024_25,E1,12,0.713731197572935,1,0.704231481030124,0,0.5820373213969411,1,0.713731197572935,1
6c2ea2bb910eef62,2024_25,E1,1X,0.7729075912850244,1,0.7729075912850244,1,0.5054306869241479,1,0.7216617217908275,0
5c676e5f617f06ba,2024_25,E1,1X,0.7924817386305161,1,0.7924817386305161,1,0.45872490021491796,0,0.7487933611545662,1
b30d000985f86ad5,2024_25,E1,1X,0.7119611013320462,0,0.7119611013320462,0,0.5952128780375778,1,0.692826020630376,1
26adada0e77ace9a,2024_25,E1,12,0.7229138308918643,0,0.679750990135565,1,0.5973351789725707,1,0.7229138308918643,0
ca364f42540e0841,2024_25,E1,12,0.6949869551345489,1,0.6503562085562646,0,0.6546568363091867,1,0.6949869551345489,1
ef99317692371b4c,2024_25,E1,1X,0.7729646658492242,1,0.7729646658492242,1,0.4933742530572496,0,0.7336610810935263,1
f050801a1b800b3f,2024_25,E1,12,0.7107740216342111,1,0.6752189622631759,1,0.6140070161026128,0,0.7107740216342111,1
779303139e9be930,2024_25,E1,1X,0.7660894317436082,1,0.7660894317436082,1,0.5217237711361855,0,0.7121867971202063,1
12a76251626a7b20,2024_25,E1,1X,0.800875223991786,1,0.800875223991786,1,0.4624366567169203,1,0.7366881192912937,0
78daef1939502e82,2024_25,E1,1X,0.7957715197514043,1,0.7957715197514043,1,0.44213950750377706,0,0.7620889727448187,1
4647bd96ab4f9ef2,2024_25,E1,X2,0.8384447900812526,1,0.398084488040481,1,0.8384447900812526,1,0.7634707218782664,0
649b3fcd9e230d7a,2024_25,E1,12,0.7183459003799421,1,0.7030202146616799,1,0.5786338849583782,0,0.7183459003799421,1
5787e6a6f7ff9043,2024_25,E1,1X,0.8270661903681985,1,0.8270661903681985,1,0.4179947244547675,0,0.754939085177034,1
ababe87f72ead83b,2024_25,E1,X2,0.7411335111155783,1,0.5481102412151079,0,0.7411335111155783,1,0.7107562476693137,1
51728587041a6cd1,2024_25,E1,1X,0.8818276709670537,1,0.8818276709670537,1,0.29933148981905744,0,0.8188408392138888,1
6f0a3ddd43ee9abd,2024_25,E1,1X,0.7621360163353029,1,0.7621360163353029,1,0.5091689383081515,1,0.7286950453565455,0
2a41b126dff3f3ae,2024_25,E1,12,0.7064515094491081,1,0.6402806806128615,0,0.6532678099380306,1,0.7064515094491081,1
b40c31a276e616c1,2024_25,E1,12,0.7076045904741471,1,0.6641318743359009,1,0.628263535189952,0,0.7076045904741471,1
c17ff866ed8f6252,2024_25,E1,12,0.6954400319939402,1,0.6403785112807979,0,0.6641814567252622,1,0.6954400319939402,1
7bc119405999f4a2,2024_25,E1,1X,0.7515930753911959,1,0.7515930753911959,1,0.5455050927083444,0,0.7029018319004599,1
5c4ac911b4181cc9,2024_25,E1,12,0.714166716570806,1,0.6848361347674162,1,0.6009971486617779,0,0.714166716570806,1
96a1af71fa01bdff,2024_25,E1,X2,0.7798932797734323,0,0.46763950194873416,1,0.7798932797734323,0,0.7524672182778336,1
7adda75c91e1c774,2024_25,E1,1X,0.7788846560461755,1,0.7788846560461755,1,0.47789912046065003,0,0.7432162234931744,1
9f2c48581c4948f9,2024_25,E1,1X,0.8169375301483819,1,0.8169375301483819,1,0.4461905786917185,0,0.7368718911598996,1
b8adfb5ce268b6ab,2024_25,E1,12,0.7091419276723943,1,0.6009825252470709,0,0.6898755470805352,1,0.7091419276723943,1
0f0cddc17aa367ea,2024_25,E1,1X,0.9464837245459925,1,0.9464837245459925,1,0.185219680645799,0,0.8682965948082085,1
1d808d4c173415e8,2024_25,E1,1X,0.7182341140015381,1,0.7182341140015381,1,0.5809490226608739,0,0.7008168633375881,1
c324cb137c0e1cbb,2024_25,E1,X2,0.8348228012444834,1,0.3699248491691574,1,0.8348228012444834,1,0.7952523495863592,0
1754b0109195e096,2024_25,E1,12,0.6852729058642348,1,0.666968179492359,1,0.6477589146434062,0,0.6852729058642348,1
6e98c7af08f71d8c,2024_25,E1,1X,0.77132287660104,1,0.77132287660104,1,0.4969931152756254,0,0.7316840081233347,1
0ad5d10e60a27f2e,2024_25,E1,1X,0.7285163339647114,1,0.7285163339647114,1,0.5652965378508233,0,0.7061871281844654,1
9e992a14f56a2ac0,2024_25,E1,12,0.7046267399351049,0,0.6154894168117215,1,0.6798838432531735,1,0.7046267399351049,0
5ac6a3a7abac05ea,2024_25,E1,1X,0.7508012567064966,1,0.7508012567064966,1,0.5318001181220906,0,0.7173986251714128,1
6ac2ec0b15331e57,2024_25,E1,1X,0.8923879093868683,1,0.8923879093868683,1,0.26413670541675816,0,0.8434753851963736,1
6536869413100b18,2024_25,E1,1X,0.7694593034711579,1,0.7694593034711579,1,0.48185663256783406,1,0.7486840639610081,0
5c3cd96c80389aa2,2024_25,E1,1X,0.7178281392619695,1,0.7178281392619695,1,0.5868919517105409,0,0.6952799090274897,1
ecd6a715fc1d6e1b,2024_25,E1,12,0.6920106435795305,1,0.6582225243998252,1,0.6497668320206444,0,0.6920106435795305,1
f8e885a44d8263aa,2024_25,E1,1X,0.708365854269166,1,0.708365854269166,1,0.5862347044758577,0,0.7053994412549764,1
1ef7a8afe0e60127,2024_25,E1,1X,0.7035036112359367,0,0.7035036112359367,0,0.6099334759112804,1,0.6865629128527828,1
c9729a79ba594f4e,2024_25,E1,1X,0.7806464999781916,1,0.7806464999781916,1,0.49126388410591215,0,0.7280896159158963,1
1af0cb30f55f9ed6,2024_25,E1,1X,0.7727309511126343,1,0.7727309511126343,1,0.49015096904415795,0,0.7371180798432077,1
2745ff4ce82b7c5d,2024_25,E1,X2,0.6828821708302204,0,0.6348764830828745,1,0.6828821708302204,0,0.6822413460869053,1
e5b8aef0fdf8b467,2024_25,E1,X2,0.8576208959200983,1,0.35837564522396004,0,0.8576208959200983,1,0.7840034588559417,1
f57778a0a18200a3,2024_25,E1,1X,0.8171547588435163,1,0.8171547588435163,1,0.42328280313377764,1,0.7595624380227061,0
c81d8146cfc17fbf,2024_25,E1,12,0.6893628412570794,1,0.6465521877102539,1,0.6640849710326668,0,0.6893628412570794,1
c23cbc1a89accdd7,2024_25,E1,1X,0.7507480651033387,1,0.7507480651033387,1,0.5346163287527292,1,0.7146356061439321,0
47e16696bd0486f8,2024_25,E1,1X,0.7473057222491297,0,0.7473057222491297,0,0.5252053495599366,1,0.7274889281909336,1
1b21117a521f771c,2024_25,E1,1X,0.8325569499441938,1,0.8325569499441938,1,0.4091810139641121,0,0.7582620360916941,1
c8ceedecc6741a36,2024_25,E1,1X,0.7828968182269418,1,0.7828968182269418,1,0.4885643296899083,1,0.72853885208315,0
42f7b703b2f1b268,2024_25,E1,1X,0.7598150025279291,1,0.7598150025279291,1,0.50842287195126,0,0.731762125520811,1
c020e03b65496fd4,2024_25,E1,12,0.7172241338720096,1,0.5692812515252783,1,0.7134946146027121,0,0.7172241338720096,1
8b243ba4c9cd8747,2024_25,E1,1X,0.7462009701882711,1,0.7462009701882711,1,0.5274687629583018,0,0.7263302668534269,1
fb08de95014b57b7,2024_25,E1,1X,0.7753551374548258,0,0.7753551374548258,0,0.495551378471974,1,0.7290934840732001,1
2ed8bc5643ce6c28,2024_25,E1,X2,0.8310481677554823,1,0.41125605126929177,0,0.8310481677554823,1,0.7576957809752259,1
c18883d800418307,2024_25,E1,12,0.7040190242362239,0,0.6616502646552609,1,0.6343307111085152,1,0.7040190242362239,0
505ff905ec9400e6,2024_25,E1,X2,0.8024424391557002,1,0.44290568216765663,1,0.8024424391557002,1,0.754651878676643,0
9ba4499056a62e0f,2024_25,E1,12,0.7052671031531492,1,0.6671164984761807,1,0.62761639837067,0,0.7052671031531492,1
5aad8a95c2350963,2024_25,E1,1X,0.8118485930742501,0,0.8118485930742501,0,0.4651690916167335,1,0.7229823153090166,1
ca3f18284b844e62,2024_25,E1,1X,0.8527218874457596,1,0.8527218874457596,1,0.3689740305605707,1,0.7783040819936697,0
ecc36dcb3e152317,2024_25,E1,12,0.7119325773548508,0,0.5765049075642441,1,0.7115625150809051,1,0.7119325773548508,0
6967c18a65eb99d8,2024_25,E1,1X,0.9055792249332437,1,0.9055792249332437,1,0.2687316683151292,1,0.8256891067516274,0
ecb143bd6e447731,2024_25,E1,12,0.7141600487436353,1,0.6434171505243342,0,0.6424228007320304,1,0.7141600487436353,1
12540813f380714c,2024_25,E1,12,0.7227581301197257,1,0.5748198702974632,1,0.7024219995828114,0,0.7227581301197257,1
c61216cfc8195cd8,2024_25,E1,1X,0.7592139614140867,1,0.7592139614140867,1,0.5372638633130333,0,0.70352217527288,1
0aeb948860389ff6,2024_25,E1,1X,0.7714721532645038,1,0.7714721532645038,1,0.5136899200157192,0,0.7148379267197769,1
eb69004ee858be3d,2024_25,E1,12,0.7326565197401496,1,0.5782089920107188,0,0.6891344882491315,1,0.7326565197401496,1
73a1258db3091dee,2024_25,E1,1X,0.7495147643834505,1,0.7495147643834505,1,0.53232651451416,0,0.7181587211023894,1
cb715ce36da0a6f7,2024_25,E1,X2,0.72358148131579,1,0.5928744318339196,0,0.72358148131579,1,0.6835440868502902,1
00854225bddb5a2b,2024_25,E1,1X,0.8047248123281733,1,0.8047248123281733,1,0.41062091881123164,1,0.7846542688605953,0
d08e4ed283f2356b,2024_25,E1,12,0.7141504425442078,0,0.704256180892969,1,0.5815933765628232,1,0.7141504425442078,0
2df51b46f21e4202,2024_25,E1,1X,0.7982325208077146,1,0.7982325208077146,1,0.4723962160785922,0,0.7293712631136932,1
1312bd50dc90875b,2024_25,E1,X2,0.8510584987763736,1,0.3753008329178672,1,0.8510584987763736,1,0.7736406683057592,0
59f09dd8b6b9e0af,2024_25,E1,1X,0.8311070230650964,1,0.8311070230650964,1,0.3925385505229938,1,0.7763544264119098,0
f3783c6e80a88f07,2024_25,E1,1X,0.7403576094761041,1,0.7403576094761041,1,0.5342570776222995,0,0.7253853129015966,1
ded9d421d866313f,2024_25,E1,1X,0.7767108403311968,1,0.7767108403311968,1,0.5053806750857459,1,0.7179084845830574,0
c0f58ddf39928e9e,2024_25,E1,1X,0.7227796935506656,1,0.7227796935506656,1,0.5879742424531503,1,0.6892460639961842,0
8c8ee041bb72ba50,2024_25,E1,12,0.7044242962716907,1,0.652167907951515,0,0.6434077957767942,1,0.7044242962716907,1
0bce8f4b5f0c6967,2024_25,E1,1X,0.8396950694520401,1,0.8396950694520401,1,0.37164001668755814,0,0.7886649138604017,1
369fd79fbc6fd07f,2024_25,E1,12,0.7007770797968971,1,0.6918643759515621,1,0.6073585442515411,0,0.7007770797968971,1
5d31b552ff0d8c47,2024_25,E1,1X,0.7084871160236413,1,0.7084871160236413,1,0.5832390363286032,1,0.7082738476477556,0
c24a0475c88d3028,2024_25,E1,1X,0.721036163333334,1,0.721036163333334,1,0.56659834622104,1,0.7123654904456262,0
3c35f7e112e49811,2024_25,E1,1X,0.8093957483699427,1,0.8093957483699427,1,0.44280347385715235,0,0.747800777772905,1
a9eeed8bf0e777a1,2024_25,E1,1X,0.7275182343019052,1,0.7275182343019052,1,0.5766869385161926,1,0.6957948271819023,0
e5c5a6b14dd444a2,2024_25,E1,12,0.6899795536482629,1,0.6558702107743457,1,0.6541502355773916,0,0.6899795536482629,1
ef449ba3a7dff7e0,2024_25,E1,1X,0.7504634823697933,0,0.7504634823697933,0,0.5543660243217998,1,0.6951704933084066,1
aa7231897daff773,2024_25,E1,12,0.7082635551206864,1,0.6421331970670837,0,0.6496032478122302,1,0.7082635551206864,1
29945c19b98cab18,2024_25,E1,12,0.7013556766566478,1,0.6824473759400154,1,0.6161969474033371,0,0.7013556766566478,1
48edce4d07934a87,2024_25,E1,1X,0.7541969192171287,0,0.7541969192171287,0,0.5265546128362432,1,0.7192484679466282,1
28997bd43bd5dbba,2024_25,E1,1X,0.7766776379570987,1,0.7766776379570987,1,0.5245428079327255,1,0.6987795541101758,0
256b0991736cbf7e,2024_25,E1,X2,0.7149923346189482,0,0.5882169516252589,1,0.7149923346189482,0,0.6967907137557929,1
cf300c39e2a6f93d,2024_25,E1,X2,0.7653085135165121,0,0.5006589669566521,1,0.7653085135165121,0,0.7340325195268359,1
ea72ef7f4eda050d,2024_25,E1,1X,0.7511878075469373,1,0.7511878075469373,1,0.5229511349093955,0,0.7258610575436675,1
f60d17978ab8cd2b,2024_25,E1,1X,0.7568547588308763,1,0.7568547588308763,1,0.5166793698143677,1,0.7264658713547562,0
ffbd3753e1188f43,2024_25,E1,1X,0.8733977103618152,1,0.8733977103618152,1,0.32142921917311845,0,0.8051730704650663,1
239580fff9d03e22,2024_25,E1,12,0.7147276103695066,1,0.6709120470585377,0,0.6143603425719557,1,0.7147276103695066,1
516150298ba0c138,2024_25,E1,X2,0.7653463530496446,1,0.49925131414829693,0,0.7653463530496446,1,0.7354023328020585,1
7e1771030dc14d35,2024_25,E1,1X,0.7290138448961505,0,0.7290138448961505,0,0.5707141786563248,1,0.7002719764475246,1
134decd165c5b017,2024_25,E1,1X,0.7560242595435147,1,0.7560242595435147,1,0.5087376480700174,0,0.7352380923864679,1
366adedac37f0340,2024_25,E1,X2,0.711748361415921,0,0.5958665623569357,1,0.711748361415921,0,0.6923850762271433,1
8fac9b80137d750f,2024_25,E1,12,0.7023114722908576,1,0.6584711390633238,0,0.6392173886458188,1,0.7023114722908576,1
a587d958e25db69e,2024_25,E1,1X,0.7414375250419951,0,0.7414375250419951,0,0.5442276658203433,1,0.7143348091376616,1
bb44437ee333fa40,2024_25,E1,1X,0.7570056532656605,1,0.7570056532656605,1,0.5778346859849094,1,0.6651596607494302,0
360d1316cd131380,2024_25,E1,1X,0.8950696750204091,1,0.8950696750204091,1,0.289654256497189,0,0.8152760684824019,1
0767f56f3ea3672b,2024_25,E1,12,0.696778108840453,1,0.692770996644754,1,0.6104508945147931,0,0.696778108840453,1
3036a5ba11f46697,2024_25,E1,1X,0.7051280236810537,1,0.7051280236810537,1,0.591878250872149,1,0.7029937254467973,0
ace18140bc522cb7,2024_25,E1,X2,0.8393752878621078,1,0.40282410407016417,0,0.8393752878621078,1,0.7578006080677279,1
a09a6be9bc6ab10c,2024_25,E1,1X,0.810233373914844,0,0.810233373914844,0,0.44648990407289363,1,0.7432767220122625,1
1973c11027c44b43,2024_25,E1,1X,0.797494752461947,0,0.797494752461947,0,0.521504903030929,1,0.6810003445071241,1
9123288537ff8d5c,2024_25,E1,1X,0.7327893745801244,1,0.7327893745801244,1,0.553555469075803,0,0.7136551563440727,1
eb072b715db6dff4,2024_25,E1,1X,0.7154163720953493,1,0.7154163720953493,1,0.5756015212499082,1,0.7089821066547428,0
3b6e5f4882f77b3c,2024_25,E1,1X,0.8034599812564112,1,0.8034599812564112,1,0.47792549975562415,0,0.7186145189879646,1
5324dce79b087be8,2024_25,E1,1X,0.7576592112638185,1,0.7576592112638185,1,0.5423565261600386,0,0.6999842625761431,1
2edde8f84b00ae74,2024_25,E1,1X,0.792845804180609,1,0.792845804180609,1,0.4631514293906417,0,0.7440027664287495,1
d71822fd09c9af88,2024_25,E1,X2,0.7253659299422941,0,0.5564261332484255,1,0.7253659299422941,0,0.7182079368092803,1
f27d8e9dba6066ec,2024_25,E1,12,0.7073261871354988,1,0.6716655169482943,0,0.6210082959162069,1,0.7073261871354988,1
5982f0a217819c24,2024_25,E1,1X,0.923198821512322,1,0.923198821512322,1,0.2272792140132404,1,0.8495219644744376,0
4dfe65672786c42c,2024_25,E1,1X,0.8384724264260732,1,0.8384724264260732,1,0.40406879036260146,0,0.7574587832113255,1
2dbb512cf2803a47,2024_25,E1,X2,0.704759043407825,1,0.6013747170066951,1,0.704759043407825,1,0.6938662395854802,0
c52c5ec2dacd83cf,2024_25,E1,1X,0.7151675987921418,0,0.7151675987921418,0,0.6028894986413491,1,0.6819429025665092,1
330a0cd89c108e3c,2024_25,E1,1X,0.7446414977461799,1,0.7446414977461799,1,0.5598840863363138,0,0.695474415917506,1
5c0c3c8d43fd1afc,2024_25,E1,X2,0.7034913981327651,1,0.5974173512809363,1,0.7034913981327651,1,0.6990912505862985,0
401dbdd0c16e0b28,2024_25,E1,X2,0.7936240681501778,0,0.4687399253150346,1,0.7936240681501778,0,0.7376360065347876,1
1eb1a79595b7ea12,2024_25,E1,12,0.7137018131009935,1,0.6315521692351633,0,0.6547460176638432,1,0.7137018131009935,1
df36687b9702a953,2024_25,E1,X2,0.7227078349668853,1,0.5665405459920242,0,0.7227078349668853,1,0.7107516190410906,1
40df951f641a6188,2024_25,E1,1X,0.7419450081778545,0,0.7419450081778545,0,0.5331100749929354,1,0.7249449168292101,1
ddad0a0a343dcdce,2024_25,E1,1X,0.9091330551600538,1,0.9091330551600538,1,0.266605409349678,0,0.8242615354902684,1
277ce5a439237a0e,2024_25,E1,1X,0.7597262533321542,1,0.7597262533321542,1,0.5592421668389803,0,0.6810315798288656,1
3c6cdcf0e67a29d9,2024_25,E1,X2,0.7642912260489971,1,0.537741298742496,1,0.7642912260489971,1,0.697967475208507,0
cd1493b17254b862,2024_25,E1,1X,0.764100887290688,1,0.764100887290688,1,0.523607930941575,1,0.7122911817677371,0
ec32d49aa36657cd,2024_25,E1,12,0.7165629671147958,1,0.6410430671755879,0,0.6423939657096162,1,0.7165629671147958,1
d3f8e193b5990384,2024_25,E1,12,0.718601250529732,1,0.6328027758115133,0,0.6485959736587548,1,0.718601250529732,1
a11ccc8ba6aeaa9f,2024_25,E1,1X,0.8705142462049207,1,0.8705142462049207,1,0.37792664594595315,0,0.7515591078491262,1
293ae6fb5c342cdf,2024_25,E1,12,0.7026213969181767,1,0.6644746330650644,1,0.6329039700167589,0,0.7026213969181767,1
5e6b8fdda0095bdf,2024_25,E1,X2,0.7819575152854368,1,0.4738186329358026,0,0.7819575152854368,1,0.7442238517787607,1
08db4e8d6cfbc0b7,2024_25,E1,1X,0.8584485914510405,1,0.8584485914510405,1,0.3520916251637738,1,0.7894597833851857,0
0b7655818d862724,2024_25,E1,1X,0.7285176623680716,1,0.7285176623680716,1,0.5456541342052315,0,0.725828203426697,1
09e43fa0784c72f8,2024_25,E1,1X,0.7896894625540223,1,0.7896894625540223,1,0.4711354784836784,1,0.7391750589622993,0
e4f5df8e915eaba5,2024_25,E1,1X,0.8363568267713176,1,0.8363568267713176,1,0.39328418433583534,0,0.770358988892847,1
7c6d31bb849c557d,2024_25,E1,1X,0.7917991375060286,0,0.7917991375060286,0,0.4708648217825864,1,0.7373360407113853,1
f56445bd0cbacfb3,2020_21,SC0,X2,0.8557981338658579,1,0.3810774608412373,0,0.8557981338658579,1,0.7631244052929049,1
d52ad946d93381fc,2020_21,SC0,12,0.7063806416342887,0,0.6456906042025865,1,0.6479287541631251,1,0.7063806416342887,0
683383f19335ee0c,2020_21,SC0,1X,0.7542632111860519,1,0.7542632111860519,1,0.511908352660159,0,0.7338284361537891,1
c7ff5278abfacc50,2020_21,SC0,X2,0.7081023328940179,0,0.5963011921877408,1,0.7081023328940179,0,0.6955964749182414,1
955a2f968de9ae11,2020_21,SC0,1X,0.9639048588790893,1,0.9639048588790893,1,0.10590264104589817,0,0.9301925000750125,1
83c3fa7d35c21651,2020_21,SC0,X2,0.7425676957728453,0,0.5206506544266218,1,0.7425676957728453,0,0.7367816498005328,1
364456b2334d2795,2020_21,SC0,12,0.7118525564685032,1,0.637715494524481,0,0.6504319490070158,1,0.7118525564685032,1
2970c137779ffb6e,2020_21,SC0,12,0.7077367757058295,1,0.6645468336280023,0,0.6277163906661685,1,0.7077367757058295,1
3f3629e2506ee13f,2020_21,SC0,1X,0.7739104148234084,0,0.7739104148234084,0,0.5023690804918959,1,0.7237205046846955,1
022afb7557076f49,2020_21,SC0,1X,0.9412234856179976,1,0.9412234856179976,1,0.190586703521701,0,0.8681898108603013,1
210d79774fae3afe,2020_21,SC0,X2,0.9134583153916672,1,0.24060071955016632,1,0.9134583153916672,1,0.8459409650581666,0
774da289f5d94403,2020_21,SC0,12,0.7198884323967811,1,0.561282265406014,0,0.7188293021972048,1,0.7198884323967811,1
f1012e2e161cb32b,2020_21,SC0,12,0.7072085228087881,0,0.6847633622075744,1,0.6080281149836375,1,0.7072085228087881,0
aec325973ce9a64d,2020_21,SC0,1X,0.9384124865519755,1,0.9384124865519755,1,0.20382371680158218,0,0.8577637966464425,1
bb2dd6ee5c0b4ceb,2020_21,SC0,12,0.7041494892401259,0,0.5975036996877654,1,0.6983468110721088,1,0.7041494892401259,0
8256d30a396ccb7d,2020_21,SC0,12,0.6972624012270758,1,0.6187879365009541,0,0.6839496622719701,1,0.6972624012270758,1
f3eaabfad8e098d4,2020_21,SC0,1X,0.7065493478922129,0,0.7065493478922129,0,0.5951344843192952,1,0.6983161677884919,1
d5e1bdc4f48e58b8,2020_21,SC0,12,0.7093919447846126,1,0.6299523577845079,0,0.6606556974308795,1,0.7093919447846126,1
60511561857b11c7,2020_21,SC0,1X,0.7371762161179861,1,0.7371762161179861,1,0.5269565274720089,1,0.735867256410005,0
e5b2fc76f14afb0a,2020_21,SC0,X2,0.9110150433907205,1,0.2586604534332954,1,0.9110150433907205,1,0.8303245031759843,0
88b0b5d5cea34fa0,2020_21,SC0,12,0.6904976258891105,1,0.6434479559438175,0,0.6660544181670722,1,0.6904976258891105,1
ac4c15bb17c04be9,2020_21,SC0,1X,0.8486159293210478,0,0.8486159293210478,0,0.38726902238189853,1,0.7641150482970538,1
02c285f0b463332e,2020_21,SC0,1X,0.9182029961066073,1,0.9182029961066073,1,0.2361906077033069,0,0.8456063961900858,1
574732931cc7b14f,2020_21,SC0,12,0.7116215081777526,0,0.6784141568995501,1,0.6099643349226972,1,0.7116215081777526,0
35f47b8de653587c,2020_21,SC0,X2,0.919415767632917,1,0.24086871680318328,0,0.919415767632917,1,0.8397155155638998,1
22f41d6b5147c920,2020_21,SC0,1X,0.7792001214168356,1,0.7792001214168356,1,0.5074890971137187,0,0.7133107814694457,1
1f6bc3d31fdcfccd,2020_21,SC0,12,0.716274839224689,1,0.581147748610292,0,0.7025774121650191,1,0.716274839224689,1
68ec0712d4856a0c,2020_21,SC0,12,0.7098556194661974,1,0.6712150242635446,1,0.618929356270258,0,0.7098556194661974,1
b8a4f300a13b47d1,2020_21,SC0,1X,0.7559399752575747,1,0.7559399752575747,1,0.5174028085918784,0,0.726657216150547,1
ddac8aa611e0f92c,2020_21,SC0,1X,0.7283493742574552,1,0.7283493742574552,1,0.5566424449456049,0,0.71500818079694,1
b25201ac61a60ea5,2020_21,SC0,X2,0.9488959677989708,1,0.16988747633162662,0,0.9488959677989708,1,0.8812165558694027,1
86d138c2a99a1d3f,2020_21,SC0,1X,0.9240864906322531,1,0.9240864906322531,1,0.22356173661554352,0,0.8523517727522035,1
09a2c4bfef64a8e1,2020_21,SC0,12,0.7072673701175899,1,0.6720043097306037,0,0.6207283201518063,1,0.7072673701175899,1
1320b7e3689d0445,2020_21,SC0,1X,0.7855672975386747,1,0.7855672975386747,1,0.4774152292551888,0,0.7370174732061363,1
a6d0dc420ee8eada,2020_21,SC0,1X,0.8396908873870932,0,0.8396908873870932,0,0.4024512743230051,1,0.7578578382899015,1
d14361937c81ef7b,2020_21,SC0,12,0.7084375141063022,1,0.6669516915301941,1,0.6246107943635038,0,0.7084375141063022,1
914f9d879230a40c,2020_21,SC0,1X,0.951853590699773,1,0.951853590699773,1,0.1717665883221631,0,0.8763798209780638,1
26fbb0108ea7fc9b,2020_21,SC0,X2,0.9434488074428649,1,0.18350808744583974,0,0.9434488074428649,1,0.8730431051112955,1
1dffaacc3bee6446,2020_21,SC0,X2,0.8025000598314636,1,0.44538493596873974,0,0.8025000598314636,1,0.7521150041997967,1
c140400160762e2b,2020_21,SC0,X2,0.9453177324594334,1,0.16797925832362406,0,0.9453177324594334,1,0.8867030092169426,1
c108c5ade1e99ac4,2020_21,SC0,1X,0.9008096156177633,1,0.9008096156177633,1,0.26809742367433864,0,0.8310929607078983,1
ac535b2b9b32b30e,2020_21,SC0,1X,0.7490604411984794,1,0.7490604411984794,1,0.5193276635569265,0,0.7316118952445942,1
9dc8d48218efb0d1,2020_21,SC0,1X,0.7991516480785886,1,0.7991516480785886,1,0.44226780243039643,0,0.7585805494910149,1
5b37a087398e7cf3,2020_21,SC0,1X,0.7768265857903345,0,0.7768265857903345,0,0.4973303084843615,1,0.7258431057253039,1
ba116abea69090f6,2020_21,SC0,X2,0.8908157328280437,1,0.29984565937158797,1,0.8908157328280437,1,0.8093386078003683,0
ef5bdbbdcadf6040,2020_21,SC0,1X,0.7659247220033569,0,0.7659247220033569,0,0.5188583316108064,1,0.7152169463858364,1
847b9238a2e2c1d1,2020_21,SC0,12,0.7400491880320477,0,0.5199892541030786,1,0.7399615578648736,1,0.7400491880320477,0
d6641aa201c3b5ee,2020_21,SC0,1X,0.6881455893673882,1,0.6881455893673882,1,0.6312890735930246,0,0.6805653370395872,1
d6ca7ae0632a6fac,2020_21,SC0,12,0.7161879918946076,1,0.5790057034296846,0,0.7048063046757077,1,0.7161879918946076,1
43001b08b66b629b,2020_21,SC0,X2,0.9115732459159082,1,0.255538735516788,0,0.9115732459159082,1,0.8328880185673038,1
6ff7ec9c6d715937,2020_21,SC0,1X,0.9027559407338329,1,0.9027559407338329,1,0.2690110004656715,0,0.8282330588004956,1
69bbde2922f2ab18,2020_21,SC0,X2,0.7818463690933695,1,0.4879720676843643,0,0.7818463690933695,1,0.7301815632222663,1
db8311f7b1973700,2020_21,SC0,1X,0.8639257306611328,1,0.8639257306611328,1,0.3718384462162203,0,0.764235823122647,1
eae4901591d0dc45,2020_21,SC0,12,0.708328554464168,1,0.6369332865682807,0,0.6547381589675512,1,0.708328554464168,1
d68ddfb69b8e413d,2020_21,SC0,1X,0.8625965818961174,1,0.8625965818961174,1,0.3412462856041888,0,0.7961571324996937,1
1a678db639b81bbc,2020_21,SC0,X2,0.8808781914326228,1,0.33549124491446136,0,0.8808781914326228,1,0.7836305636529158,1
d263e789f6152180,2020_21,SC0,1X,0.9668885917572363,1,0.9668885917572363,1,0.11545149499874746,0,0.9176599132440164,1
88b793e9da751a1f,2020_21,SC0,12,0.7188236716324444,1,0.5920539770021545,0,0.6891223513654012,1,0.7188236716324444,1
1847147cdc9aa8aa,2020_21,SC0,X2,0.7564685307502786,1,0.5191467140818343,1,0.7564685307502786,1,0.7243847551678869,0
1d2881d9f17dde50,2020_21,SC0,X2,0.7901557806637555,1,0.4707089564518899,0,0.7901557806637555,1,0.7391352628843546,1
01686d434a424723,2020_21,SC0,1X,0.7707180458724389,0,0.7707180458724389,0,0.49707676953514934,1,0.7322051845924118,1
04123f87725cf894,2020_21,SC0,X2,0.7748944389928472,1,0.4725251944484059,1,0.7748944389928472,1,0.7525803665587469,0
cd7090e6e9fdbfee,2020_21,SC0,1X,0.8935268624551527,1,0.8935268624551527,1,0.3045374179449285,0,0.8019357195999186,1
3eb5600c16eab413,2020_21,SC0,1X,0.8080787150682124,1,0.8080787150682124,1,0.44084408887178916,0,0.7510771960599985,1
06992d732307ad1e,2020_21,SC0,1X,0.7733694420818773,1,0.7733694420818773,1,0.5091579631364219,1,0.7174725947817007,0
5be69ff55d7fb951,2020_21,SC0,X2,0.8123053668431697,1,0.4465465807071842,1,0.8123053668431697,1,0.7411480524496461,0
16edf2b4c3d1e075,2020_21,SC0,1X,0.9265636065365394,1,0.9265636065365394,1,0.22806101278491903,0,0.8453753806785412,1
c02e13a2e62f0aee,2020_21,SC0,1X,0.7137889496884466,1,0.7137889496884466,1,0.5765328514462249,0,0.7096781988653285,1
9329404c12b54908,2020_21,SC0,12,0.7225291392579303,1,0.7218334363381129,0,0.5556374244039568,1,0.7225291392579303,1
803882a19529dc44,2020_21,SC0,X2,0.9079170103028437,1,0.26476895773922526,0,0.9079170103028437,1,0.8273140319579311,1
95998a44347d1e6a,2020_21,SC0,1X,0.7209535450926705,1,0.7209535450926705,1,0.5644486575582235,0,0.714597797349106,1
5cc2ee6187272031,2020_21,SC0,X2,0.7686545151966324,1,0.49293376286062607,1,0.7686545151966324,1,0.7384117219427417,0
1f25fa46b53a94d3,2020_21,SC0,1X,0.7630370752453364,1,0.7630370752453364,1,0.5343025218052416,0,0.7026604029494218,1
f27dde6dfcf566d5,2020_21,SC0,12,0.7054118035192203,0,0.6879334334825725,1,0.6066547629982071,1,0.7054118035192203,0
441247e9ccab1bd7,2020_21,SC0,X2,0.881621724152567,1,0.30050910270195036,0,0.881621724152567,1,0.8178691731454826,1
386822508573335c,2020_21,SC0,1X,0.9751089778372009,1,0.9751089778372009,1,0.10038818559717139,0,0.9245028365656278,1
509969db74935a7b,2020_21,SC0,1X,0.7837022387713017,1,0.7837022387713017,1,0.48416684570235263,0,0.7321309155263457,1
8b8643d1828b1cba,2020_21,SC0,X2,0.8486632867496263,1,0.36144846037258543,1,0.8486632867496263,1,0.7898882528777882,0
6b9ee77b37aa013e,2020_21,SC0,1X,0.7689869022683233,1,0.7689869022683233,1,0.5043707748837005,0,0.7266423228479764,1
f839dccdd7c7f5f3,2020_21,SC0,1X,0.7670623259655622,0,0.7670623259655622,0,0.5146232894968799,1,0.7183143845375579,1
cd38e247b305fd4f,2020_21,SC0,1X,0.7236257513722835,1,0.7236257513722835,1,0.5690000708551539,1,0.7073741777725627,0
206b323ff94b3d61,2020_21,SC0,1X,0.9271522080622876,1,0.9271522080622876,1,0.22742672711255407,0,0.8454210648251583,1
64deec8336a0e6f3,2020_21,SC0,1X,0.7145847675610824,1,0.7145847675610824,1,0.5776561205840477,1,0.7077591118548698,0
75cdb6b7e477feb2,2020_21,SC0,X2,0.8465653202707362,1,0.3903268131585834,1,0.8465653202707362,1,0.7631078665706806,0
ea122738dc2ef0fe,2020_21,SC0,X2,0.7874178485397791,0,0.4689741048161692,1,0.7874178485397791,0,0.7436080466440517,1
6baf1a5d37dc0732,2020_21,SC0,1X,0.8033500010210601,1,0.8033500010210601,1,0.4730715264696097,0,0.7235784725093303,1
818cca6851b0b2ba,2020_21,SC0,12,0.7175100546015664,1,0.5945397068045195,0,0.6879502385939145,1,0.7175100546015664,1
e0dd92aba84739f4,2020_21,SC0,X2,0.7305009909707871,1,0.5531429324735804,1,0.7305009909707871,1,0.7163560765556325,0
0019a7aa0ece9b02,2020_21,SC0,X2,0.9373913657915816,1,0.17762364137294984,0,0.9373913657915816,1,0.8849849928354686,1
64095e2df041810d,2020_21,SC0,1X,0.8995169198843422,1,0.8995169198843422,1,0.2761113175297698,1,0.824371762585888,0
88a24359a60c9041,2020_21,SC0,1X,0.8224068001855902,1,0.8224068001855902,1,0.44167507271002526,0,0.7359181271043848,1
3b5a3b9e5515d7c5,2020_21,SC0,X2,0.8534115184797073,1,0.35775311847987823,0,0.8534115184797073,1,0.7888353630404145,1
21ac92bf8d78fdd2,2020_21,SC0,12,0.7182407666298223,1,0.7140140849772547,0,0.5677451483929232,1,0.7182407666298223,1
1df84e07aa7a90de,2020_21,SC0,1X,0.7185497247559702,0,0.7185497247559702,0,0.5957748911789646,1,0.6856753840650652,1
9cfb285222e19ce8,2020_21,SC0,X2,0.9490098353999108,1,0.17203752326951605,0,0.9490098353999108,1,0.8789526413305732,1
4e3d96e004712e12,2020_21,SC0,1X,0.9123290540651641,1,0.9123290540651641,1,0.24853703390024917,0,0.8391339120345868,1
04dbbdd48275915b,2020_21,SC0,1X,0.819122620213303,1,0.819122620213303,1,0.42947707343211894,1,0.7514003063545781,0
e94adb950dd4caf0,2020_21,SC0,1X,0.9251360653712919,1,0.9251360653712919,1,0.2199696920217087,0,0.8548942426069992,1
efc21d5627223167,2020_21,SC0,1X,0.7789032452302531,0,0.7789032452302531,0,0.48033958899569895,1,0.7407571657740482,1
af7c26a629194946,2020_21,SC0,X2,0.706300056119086,0,0.6078960909076427,1,0.706300056119086,0,0.6858038529732713,1
b759ecceaf75b5cf,2020_21,SC0,12,0.714884553019727,1,0.5722865927075047,0,0.7128288542727681,1,0.714884553019727,1
9f80e445e7a5966f,2020_21,SC0,1X,0.94883665448382,1,0.94883665448382,1,0.16803244251700322,0,0.8831309029991767,1
5925510ad4662d37,2020_21,SC0,X2,0.8364960263182524,1,0.39534531374710047,0,0.8364960263182524,1,0.7681586599346472,1
a5d42aa568cfa7ee,2020_21,SC0,1X,0.7485930372687226,1,0.7485930372687226,1,0.5324736248254498,0,0.7189333379058276,1
97365d29a17db1f5,2020_21,SC0,X2,0.9014504754763274,1,0.2801654427624919,0,0.9014504754763274,1,0.8183840817611809,1
c9b8a6e642ceece6,2020_21,SC0,X2,0.6995462058402184,1,0.6010128347134376,1,0.6995462058402184,1,0.699440959446344,0
1208e267d2267846,2020_21,SC0,12,0.707588763215087,1,0.6484397560153341,1,0.6439714807695789,0,0.707588763215087,1
5f4a2183c9756d55,2020_21,SC0,1X,0.9118862768212931,1,0.9118862768212931,1,0.24206104448552643,0,0.8460526786931807,1
36a3e27d425e92c2,2020_21,SC0,1X,0.7421363049609655,1,0.7421363049609655,1,0.5586462588895849,0,0.6992174361494496,1
8e0dbf9299f15954,2020_21,SC0,12,0.7058456320919781,0,0.6108872491155437,1,0.6832671187924781,1,0.7058456320919781,0
0d9add76f5d29bc5,2020_21,SC0,X2,0.9608554115670727,1,0.12918556402574344,0,0.9608554115670727,1,0.9099590244071839,1
d35f64823ac5b0eb,2020_21,SC0,X2,0.7173128887512589,1,0.5851705538999868,0,0.7173128887512589,1,0.6975165573487542,1
c7e1d0f9cadc8690,2020_21,SC0,X2,0.7231870845745503,1,0.5678061771191704,0,0.7231870845745503,1,0.7090067383062795,1
d6e29180e03d6723,2020_21,SC0,1X,0.9471480511757774,1,0.9471480511757774,1,0.16998892041043495,0,0.8828630284137876,1
bf10a91b5c66e9b5,2020_21,SC0,1X,0.8939399394048271,1,0.8939399394048271,1,0.3103393969907324,1,0.7957206636044407,0
f94fda071d447dc8,2020_21,SC0,X2,0.9063316738115881,1,0.2784950814229822,0,0.9063316738115881,1,0.8151732447654298,1
ecdfbc26d885ff35,2020_21,SC0,1X,0.859480848442861,0,0.859480848442861,0,0.3540724134914609,1,0.7864467380656781,1
cac6335fb94a6301,2020_21,SC0,1X,0.7439276812901541,0,0.7439276812901541,0,0.540028745369001,1,0.716043573340845,1
027f02b6f2b7fc35,2020_21,SC0,12,0.7376412182704329,1,0.7251784477194951,1,0.537180334010072,0,0.7376412182704329,1
9913b00948f7ef0f,2020_21,SC0,1X,0.8479858341959702,1,0.8479858341959702,1,0.3996881073042745,1,0.7523260584997553,0
69234071e876843d,2020_21,SC0,X2,0.8009126601303684,0,0.43613343964684814,1,0.8009126601303684,0,0.7629539002227834,1
3b94c83eca98e664,2020_21,SC0,12,0.7022550204326797,1,0.69663827202652,0,0.6011067075408004,1,0.7022550204326797,1
f6a4e4171a1ae1f0,2020_21,SC0,X2,0.7027476298152634,1,0.598170794968251,1,0.7027476298152634,1,0.6990815752164857,0
26c7f5d74d046d16,2020_21,SC0,X2,0.7658160141678858,1,0.5207263123252551,1,0.7658160141678858,1,0.7134576735068593,0
1765368565d6fba4,2020_21,SC0,1X,0.8679154371903386,1,0.8679154371903386,1,0.3405313272060577,0,0.7915532356036037,1
5cab66cdcb4170e7,2020_21,SC0,12,0.7132820687110625,0,0.7012286335660144,1,0.5854892977229232,1,0.7132820687110625,0
3063ee52e0e6b3f3,2020_21,SC0,X2,0.8604923394174504,1,0.3663362430874876,0,0.8604923394174504,1,0.773171417495062,1
0aff6ba4001b86aa,2020_21,SC0,1X,0.8370672431509252,1,0.8370672431509252,1,0.423061835901347,0,0.7398709209477277,1
09f56ae60038d325,2020_21,SC0,1X,0.7901127107998175,1,0.7901127107998175,1,0.4506922340859243,1,0.7591950551142582,0
7b423d3476ecb47e,2020_21,SC0,X2,0.7719573170525031,1,0.5153367624610452,1,0.7719573170525031,1,0.7127059204864516,0
0309bef66a5a00ed,2020_21,SC0,1X,0.8048206980293398,1,0.8048206980293398,1,0.4488676545705317,1,0.7463116474001287,0
bacceb5f61ebefc1,2020_21,SC0,X2,0.7318952368063127,1,0.554763946480648,1,0.7318952368063127,1,0.7133408167130393,0
8997ee75653f93c2,2020_21,SC0,1X,0.7769093328742815,1,0.7769093328742815,1,0.4933423879987079,0,0.7297482791270108,1
d7bc9f8c5e3b713d,2020_21,SC0,X2,0.8065067079291016,0,0.4536247708122938,1,0.8065067079291016,0,0.7398685212586046,1
d79e1cbd7ccb6b14,2020_21,SC0,1X,0.760992914511132,1,0.760992914511132,1,0.5428981304677354,0,0.6961089550211327,1
5969426ae72bba57,2020_21,SC0,X2,0.9171936144603379,1,0.2418748196986622,1,0.9171936144603379,1,0.8409315658410002,0
8abfdace4242e3a4,2020_21,SC0,X2,0.8390874143743704,1,0.39937066248833164,1,0.8390874143743704,1,0.761541923137298,0
d7ad45d8599b2035,2020_21,SC0,1X,0.7579408989052309,1,0.7579408989052309,1,0.5128754336852306,0,0.7291836674095384,1
295a3a8901bf6647,2020_21,SC0,1X,0.9517395172738802,1,0.9517395172738802,1,0.1521683039763142,0,0.8960921787498058,1
d30ca1e515fc5385,2020_21,SC0,12,0.7144959548860508,1,0.5814584948834034,0,0.7040455502305458,1,0.7144959548860508,1
4497e90aca7873b1,2020_21,SC0,12,0.7179543644026423,1,0.6006953984671952,0,0.6813502371301625,1,0.7179543644026423,1
1f54d9f486eae1cd,2020_21,SC0,12,0.6901464918707179,0,0.6278682499622279,1,0.6819852581670542,1,0.6901464918707179,0
628d872bdc8ab9c0,2020_21,SC0,1X,0.9612443219646455,1,0.9612443219646455,1,0.13333263435026393,0,0.9054230436850905,1
361c0aae38c2e4c7,2020_21,SC0,X2,0.8823292484581075,1,0.3084277419456928,0,0.8823292484581075,1,0.8092430095961998,1
f2ee98ff4c139595,2020_21,SC0,1X,0.7840868907222052,1,0.7840868907222052,1,0.49204502389368066,0,0.7238680853841142,1
09ae6221f17e3c09,2020_21,SC0,1X,0.9075773224184396,0,0.9075773224184396,0,0.26134954189300785,1,0.8310731356885528,1
00d5a6dfcbc5e710,2020_21,SC0,X2,0.7894115025698358,1,0.46699004717444714,0,0.7894115025698358,1,0.743598450255717,1
cc504570d2ad25f3,2020_21,SC0,X2,0.7841852743428357,1,0.505713870672925,0,0.7841852743428357,1,0.7101008549842394,1
1c7f26a53dcbac31,2020_21,SC0,12,0.690258894703224,0,0.6632276675836619,1,0.6465134377131141,1,0.690258894703224,0
dfbe5156a256777a,2020_21,SC0,1X,0.7320821298184987,0,0.7320821298184987,0,0.5751909061192126,1,0.6927269640622886,1
78515d769eef5627,2020_21,SC0,12,0.7068673540195866,1,0.6158618870163142,0,0.6772707589640992,1,0.7068673540195866,1
591cda1dcd675f0e,2020_21,SC0,X2,0.8929892899218337,1,0.2823290072356029,0,0.8929892899218337,1,0.8246817028425636,1
4271de82ea826cf7,2020_21,SC0,12,0.7212897388388335,1,0.562707159440744,0,0.7160031017204224,1,0.7212897388388335,1
d4b39f185d3624eb,2020_21,SC0,1X,0.7378880048745657,1,0.7378880048745657,1,0.540225686531953,0,0.7218863085934812,1
f069f14ff47cac86,2020_21,SC0,1X,0.908234139432129,1,0.908234139432129,1,0.27768642062996063,0,0.8140794399379103,1
45e283eb761c88a9,2020_21,SC0,1X,0.9066737977280689,1,0.9066737977280689,1,0.2495371065405595,0,0.8437890957313716,1
c525349fe52644d9,2020_21,SC0,12,0.6983175490909345,1,0.6897679555455611,1,0.6119144953635047,0,0.6983175490909345,1
191c315676db20c5,2020_21,SC0,12,0.6873362292980296,1,0.6821519418929598,0,0.6305118288090106,1,0.6873362292980296,1
9be68fc2b186125c,2020_21,SC0,12,0.713459789110177,1,0.6708615954558066,0,0.6156786154340164,1,0.713459789110177,1
2a91019ced2bdaea,2020_21,SC0,1X,0.7525390834297123,1,0.7525390834297123,1,0.5297192405867868,0,0.7177416759835009,1
96ae6b8a7ebbd3ce,2020_21,SC0,X2,0.9559655816445632,1,0.14986132555520748,1,0.9559655816445632,1,0.8941730928002295,0
eb6da116c578c410,2020_21,SC0,12,0.7053782498237773,1,0.629239181184857,0,0.6653825689913657,1,0.7053782498237773,1
8caf5035914aceab,2020_21,SC0,X2,0.8617995045952911,1,0.3537964351834213,0,0.8617995045952911,1,0.7844040602212876,1
6fc9b4d37abf3bf8,2020_21,SC0,1X,0.7603514434400891,1,0.7603514434400891,1,0.524545277094157,1,0.715103279465754,0
d11b0f695157d4e5,2020_21,SC0,X2,0.7641136461870941,0,0.5379673759677175,1,0.7641136461870941,0,0.6979189778451883,1
db369eaba295c983,2020_21,SC0,1X,0.7894193170460755,0,0.7894193170460755,0,0.4763231398772571,1,0.7342575430766672,1
51e618aa95082aa3,2020_21,SC0,1X,0.9398551478844845,1,0.9398551478844845,1,0.18474938832014728,0,0.8753954637953683,1
8298336b2022134a,2020_21,SC0,X2,0.8371586544946316,1,0.40562605289553966,0,0.8371586544946316,1,0.7572152926098288,1
35857de454a4f3ff,2020_21,SC0,1X,0.8651980329768487,1,0.8651980329768487,1,0.3566555752529717,0,0.7781463917701796,1
037416afb267be53,2020_21,SC0,1X,0.8274178690144425,1,0.8274178690144425,1,0.44290459933511045,1,0.7296775316504472,0
529c57e2a8c3f32e,2020_21,SC0,1X,0.810620730583228,1,0.810620730583228,1,0.46714557275335156,0,0.7222336966634202,1
97eb140426710c66,2020_21,SC0,1X,0.8759552957113761,1,0.8759552957113761,1,0.33191857180111983,0,0.7921261324875041,1
6128bfaeba4cd2c6,2020_21,SC0,X2,0.7654485935026651,1,0.5035260808901434,0,0.7654485935026651,1,0.7310253256071914,1
05116e456d2d99f6,2020_21,SC0,X2,0.6871277772934791,1,0.6401416868923285,1,0.6871277772934791,1,0.6727305358141925,0
fc183548d14bd2f5,2020_21,SC0,1X,0.9334595162810526,1,0.9334595162810526,1,0.21651383893069806,0,0.8500266447882492,1
cabe562e5527b795,2020_21,SC0,X2,0.92973680424878,0,0.21438621578503458,1,0.92973680424878,0,0.8558769799661854,1
a1aa98128fd8bdf5,2020_21,SC0,1X,0.7881141884520235,1,0.7881141884520235,1,0.4880007828868392,1,0.7238850286611371,0
fc519f0066404d1f,2020_21,SC0,1X,0.8594057992589846,1,0.8594057992589846,1,0.3839939083941516,0,0.7566002923468638,1
7c49d3a23360b07e,2020_21,SC0,1X,0.8411194045716288,0,0.8411194045716288,0,0.4096158959034627,1,0.7492646995249085,1
8e988f35de9d700d,2020_21,SC0,12,0.7153037200520902,0,0.6971463401668001,1,0.5875499397811097,1,0.7153037200520902,0
bebf6d1f51a3b4af,2020_21,SC0,1X,0.80134847859214,1,0.80134847859214,1,0.4691705511856513,0,0.7294809702222087,1
03c53151b2d89f92,2020_21,SC0,X2,0.8132920782426335,1,0.4438965491028938,1,0.8132920782426335,1,0.7428113726544727,0
d7950138aa4dbc33,2020_21,SC0,X2,0.8871848540025247,1,0.338488151966757,0,0.8871848540025247,1,0.7743269940307183,1
7d924d8bfea8d76e,2020_21,SC0,1X,0.8716425283241604,1,0.8716425283241604,1,0.37183849344513087,1,0.7565189782307087,0
5fbc327065388583,2020_21,SC0,12,0.7028323820605232,1,0.6129955909899695,1,0.6841720269495074,0,0.7028323820605232,1
3b0c56e9f5880c95,2020_21,SC0,1X,0.906511106239161,1,0.906511106239161,1,0.2764226819628289,0,0.8170662117980101,1
e9449dad0f1dac0b,2020_21,SC0,12,0.6985359480119835,1,0.603758428284326,1,0.6977056237036908,0,0.6985359480119835,1
4a4fabfdeaaebfe3,2020_21,SC0,12,0.6978023212922427,1,0.6335990138326917,1,0.6685986648750659,0,0.6978023212922427,1
a45f02f18a27a3c7,2020_21,SC0,X2,0.9025244498475709,1,0.2807912241552119,1,0.9025244498475709,1,0.8166843259972172,0
f9f18ca9858de39a,2020_21,SC0,1X,0.812364866072339,1,0.812364866072339,1,0.4637345085204084,0,0.7239006254072524,1
24d3167838a25203,2020_21,SC0,X2,0.8142195242560163,1,0.4265937865150903,0,0.8142195242560163,1,0.7591866892288934,1
8991cae530a0a2e1,2020_21,SC0,X2,0.7602803971382446,0,0.533237151556202,1,0.7602803971382446,0,0.7064824513055534,1
bca9d1bbc6f0fca4,2020_21,SC0,X2,0.7732751156759154,1,0.5138083668343837,1,0.7732751156759154,1,0.7129165174897006,0
6ef68308a8689b1b,2020_21,SC0,12,0.7201803415904666,1,0.7055706623466085,1,0.5742489960629249,0,0.7201803415904666,1
d4d621dee7351d97,2020_21,SC0,X2,0.712563363137451,1,0.5776341103195717,1,0.712563363137451,1,0.7098025265429775,0
7a05c4c3500c5c38,2020_21,SC0,1X,0.8295160424916896,1,0.8295160424916896,1,0.42186438642690527,0,0.7486195710814049,1
e6c041e919c33a18,2020_21,SC0,12,0.720388900936533,0,0.651407133403511,1,0.6282039656599561,1,0.720388900936533,0
89587a0f3aba8201,2020_21,SC0,1X,0.9018960219550114,1,0.9018960219550114,1,0.2922053102673777,0,0.805898667777611,1
ff1caa4e7984f069,2020_21,SC0,12,0.7129466186924283,1,0.5929017451412714,0,0.6941516361663007,1,0.7129466186924283,1
f07d9625a02c540d,2020_21,SC0,1X,0.7965071044940071,1,0.7965071044940071,1,0.4689815422226223,1,0.7345113532833708,0
679903743a798d61,2020_21,SC0,12,0.7023313296821334,1,0.6356527802850825,1,0.662015890032784,0,0.7023313296821334,1
cc478654990aaa67,2020_21,SC0,1X,0.7268066144295924,0,0.7268066144295924,0,0.5968965209069477,1,0.6762968646634598,1
881eb392f54a6049,2020_21,SC0,1X,0.8472961658208572,1,0.8472961658208572,1,0.3663584979144523,0,0.7863453362646905,1
151df774e1320a50,2020_21,SC0,12,0.7178970129044095,1,0.6114246771277647,0,0.6706783099678256,1,0.7178970129044095,1
756cd597f8d071ee,2020_21,SC0,1X,0.8027115078063415,1,0.8027115078063415,1,0.4673796869329101,0,0.7299088052607486,1
3ab51b2d908e590c,2020_21,SC0,X2,0.7831626299523481,1,0.4940460661092819,1,0.7831626299523481,1,0.72279130393837,0
334833a4309f6434,2020_21,SC0,X2,0.8500947850957827,1,0.3623085947801998,1,0.8500947850957827,1,0.7875966201240177,0
01c28bd492eac354,2020_21,SC0,1X,0.8048688957314637,1,0.8048688957314637,1,0.4405539459916161,0,0.7545771582769202,1
818ce7869f7efe22,2020_21,SC0,12,0.7103567211091235,1,0.6403720965664449,0,0.6492711823244315,1,0.7103567211091235,1
506750ccbe605aea,2020_21,SC0,12,0.7126937956600181,1,0.6518636594783267,0,0.6354425448616552,1,0.7126937956600181,1
3629bfd7e56300dd,2020_21,SC0,1X,0.7204491853266278,0,0.7204491853266278,0,0.5752802374298326,1,0.7042705772435395,1
c793f3802b1509a1,2020_21,SC0,1X,0.7010477170061685,0,0.7010477170061685,0,0.6046326328575164,1,0.6943196501363151,1
ea3311614a6b55e5,2020_21,SC0,12,0.7151699702525507,1,0.6070607101526417,1,0.6777693195948076,0,0.7151699702525507,1
3566a744baa2a63f,2020_21,SC0,1X,0.7401292209495673,0,0.7401292209495673,0,0.5402435149448384,1,0.7196272641055943,1
f0badc6630ce269c,2020_21,SC0,12,0.7244673631408294,1,0.662802715583964,1,0.6127299212752069,0,0.7244673631408294,1
2ffb93684ea72aaf,2020_21,SC0,12,0.7206140109781416,0,0.5731420466707353,1,0.7062439423511231,1,0.7206140109781416,0
7c8421e75deb3655,2020_21,SC0,X2,0.8833619451070264,1,0.3196819441317226,0,0.8833619451070264,1,0.7969561107612511,1
4ca6193939c91b03,2020_21,SC0,1X,0.9029780030594456,1,0.9029780030594456,1,0.2718556989938693,0,0.8251662979466848,1
370929805da6ac89,2020_21,SC0,12,0.6983300728922364,1,0.6140564395237045,0,0.6876134875840594,1,0.6983300728922364,1
de8246cc93a1c158,2020_21,SC0,1X,0.7601683044542943,1,0.7601683044542943,1,0.5157650698771488,1,0.7240666256685571,0
7726d855bcc1f2b7,2020_21,SC0,1X,0.7287260485494971,1,0.7287260485494971,1,0.5473536432138588,0,0.7239203082366441,1
7d026edf4bcec2d6,2020_21,SC0,X2,0.8612734128153006,1,0.3354603848276353,1,0.8612734128153006,1,0.8032662023570641,0
eb42b5d802240a02,2020_21,SC0,1X,0.9152156515322025,1,0.9152156515322025,1,0.2369203714194012,0,0.8478639770483963,1
000d54ed41befb34,2020_21,SC0,1X,0.7465328415862793,1,0.7465328415862793,1,0.5624104418523834,1,0.6910567165613373,0
baa39a38a64f729c,2020_21,SC0,X2,0.8433484923541882,1,0.35590219215757546,0,0.8433484923541882,1,0.8007493154882366,1
cea718591b160e38,2020_21,SC0,12,0.6918080612706955,1,0.6379456868487301,0,0.6702462518805747,1,0.6918080612706955,1
17a31188896d4142,2020_21,SC0,1X,0.747485537487095,1,0.747485537487095,1,0.5271835605776635,1,0.7253309019352413,0
808904876546a855,2021_22,SC0,1X,0.9499559897828671,1,0.9499559897828671,1,0.18368153125469058,0,0.8663624789624423,1
3970bb9f857be015,2021_22,SC0,12,0.7066107330797762,0,0.6610942453020061,1,0.6322950216182177,1,0.7066107330797762,0
15fd85004f32e679,2021_22,SC0,X2,0.7686693316739599,1,0.5268201269972669,1,0.7686693316739599,1,0.7045105413287731,0
ab173d7a0d2ffd52,2021_22,SC0,X2,0.7612485985598895,0,0.486255968662339,1,0.7612485985598895,0,0.7524954327777715,1
d6e3da56e113420b,2021_22,SC0,1X,0.819729193807889,1,0.819729193807889,1,0.4524478838228906,0,0.7278229223692202,1
66f3f6090c144739,2021_22,SC0,12,0.7196988350998093,1,0.5639745943346155,0,0.7163265705655752,1,0.7196988350998093,1
cd9398663b17bce6,2021_22,SC0,X2,0.9128797659877532,0,0.2679358398434021,1,0.9128797659877532,0,0.8191843941688447,1
f2b2f0682691d13b,2021_22,SC0,12,0.707247410765518,1,0.6062656723884369,0,0.686486916846045,1,0.707247410765518,1
e6b6bd141f3ee1c5,2021_22,SC0,1X,0.9161395293976025,1,0.9161395293976025,1,0.22692190681319563,0,0.856938563789202,1
dc4a5c2658fd1c5f,2021_22,SC0,1X,0.852239164953736,1,0.852239164953736,1,0.38123573707918235,0,0.7665250979670817,1
c36cd4363f275732,2021_22,SC0,12,0.6821116314240903,1,0.663617967151344,0,0.6542704014245657,1,0.6821116314240903,1
b32b4bb2b773be45,2021_22,SC0,1X,0.7860632027291519,1,0.7860632027291519,1,0.508420613503328,1,0.7055161837675201,0
45cb8fc69902c31a,2021_22,SC0,1X,0.9305324631512525,1,0.9305324631512525,1,0.21228194871256323,0,0.8571855881361843,1
d6420e8432e7db82,2021_22,SC0,1X,0.7569437860351089,0,0.7569437860351089,0,0.5247903407217972,1,0.7182658732430939,1
5ac629e9fc6d4b85,2021_22,SC0,12,0.7175376313501184,0,0.5711941593671644,1,0.7112682092827173,1,0.7175376313501184,0
90dc54074aa1f75d,2021_22,SC0,1X,0.7734863345575288,1,0.7734863345575288,1,0.5047643120281478,1,0.7217493534143233,0
0338244ca827304a,2021_22,SC0,X2,0.9254196076021481,1,0.2332613035854027,0,0.9254196076021481,1,0.8413190888124492,1
2f0854ad09c045e8,2021_22,SC0,1X,0.7886910123156832,0,0.7886910123156832,0,0.49341620442894374,1,0.717892783255373,1
94eeb06527cd2950,2021_22,SC0,12,0.7244846825572465,1,0.5625869637405797,0,0.7129283537021739,1,0.7244846825572465,1
c19cb9643f0d6940,2021_22,SC0,1X,0.8210222891258184,1,0.8210222891258184,1,0.4376861804163972,0,0.7412915304577844,1
da95f669a5e71448,2021_22,SC0,12,0.7161001723403094,1,0.7154832976496993,1,0.5684165300099911,0,0.7161001723403094,1
91790bf75718d7b6,2021_22,SC0,12,0.720456978479789,1,0.6715296104161259,1,0.6080134111040851,0,0.720456978479789,1
0e6e3d185979f981,2021_22,SC0,1X,0.8586519150908443,1,0.8586519150908443,1,0.38065224989612123,1,0.7606958350130345,0
2bc9644d34d13ec3,2021_22,SC0,12,0.6880259081895078,0,0.658499576686029,1,0.6534745151244633,1,0.6880259081895078,0
e482e0b67419011f,2021_22,SC0,X2,0.889485062595225,1,0.3189213880205806,0,0.889485062595225,1,0.7915935493841946,1
09893922457d85b5,2021_22,SC0,1X,0.9578367603097675,1,0.9578367603097675,1,0.13576419481833685,0,0.9063990448718957,1
ba1d22643a2396f8,2021_22,SC0,12,0.6922649848171869,0,0.6859770833816237,1,0.6217579318011894,1,0.6922649848171869,0
92b7a4be1f959c80,2021_22,SC0,X2,0.7137779639248655,0,0.5792766399940132,1,0.7137779639248655,0,0.7069453960811216,1
94ec9d8030ab800e,2021_22,SC0,1X,0.7263514534418367,1,0.7263514534418367,1,0.5650496131888607,1,0.7085989333693026,0
23513059abf7a62f,2021_22,SC0,1X,0.7317382735566811,1,0.7317382735566811,1,0.5460412767836367,1,0.722220449659682,0
2ad55911d8da6641,2021_22,SC0,1X,0.7568578576598846,0,0.7568578576598846,0,0.5564380040401359,1,0.6867041382999797,1
96f7df6b4e0fde86,2021_22,SC0,1X,0.8190438566748428,1,0.8190438566748428,1,0.44188745730907764,1,0.7390686860160797,0
1cd87458d35f314e,2021_22,SC0,X2,0.812629301898099,1,0.42385730805074573,1,0.812629301898099,1,0.7635133900511553,0
c24f89c34a28a6fe,2021_22,SC0,12,0.6926901118130426,1,0.6806563420031314,1,0.6266535461838261,0,0.6926901118130426,1
15dc300d97ceea46,2021_22,SC0,X2,0.8800883185886696,0,0.3245611099326751,1,0.8800883185886696,0,0.7953505714786554,1
fadfc84fb3f7ea03,2021_22,SC0,1X,0.9403676313621577,1,0.9403676313621577,1,0.19992960587992292,1,0.8597027627579193,0
6bc0083d1a5792cb,2021_22,SC0,X2,0.9151078239984687,1,0.26177763640589213,0,0.9151078239984687,1,0.8231145395956394,1
8fa29bc120fcf66a,2021_22,SC0,1X,0.8616780580009986,1,0.8616780580009986,1,0.3924390425723364,0,0.7458828994266649,1
2ae7b311bcce328e,2021_22,SC0,1X,0.7957003811148988,1,0.7957003811148988,1,0.46662356697933516,0,0.737676051905766,1
d65007d5552558d8,2021_22,SC0,12,0.6907827970851393,1,0.6349269845810789,1,0.6742902183337819,0,0.6907827970851393,1
da1aacd6a8a3184f,2021_22,SC0,1X,0.9438625386178774,1,0.9438625386178774,1,0.18318685940019946,1,0.8729506019819232,0
e0ad4ad8f03e5691,2021_22,SC0,1X,0.7667234705162516,1,0.7667234705162516,1,0.5275680808285769,0,0.7057084486551717,1
9ed5ab09eddd75e4,2021_22,SC0,1X,0.7475565769615172,1,0.7475565769615172,1,0.5351961236190262,0,0.7172472994194564,1
f6108e9adbed1cbb,2021_22,SC0,1X,0.8457775346179248,1,0.8457775346179248,1,0.3868428886876665,0,0.7673795766944085,1
7167432754d3b592,2021_22,SC0,12,0.686143213548897,1,0.6413769248030883,0,0.672479861648015,1,0.686143213548897,1
a571985a96ad0d95,2021_22,SC0,1X,0.7725369342743749,1,0.7725369342743749,1,0.5192123610886445,0,0.7082507046369808,1
a838a268c9da8cb7,2021_22,SC0,X2,0.8289333264691341,1,0.4155872205054174,0,0.8289333264691341,1,0.7554794530254487,1
5d3e9263f438d521,2021_22,SC0,1X,0.8811317729322873,1,0.8811317729322873,1,0.31654629670164247,0,0.8023219303660702,1
fc0465c9cd9fcbcb,2021_22,SC0,1X,0.8219058548258593,0,0.8219058548258593,0,0.42368700603042775,1,0.7544071391437129,1
6c143d2f6763e606,2021_22,SC0,X2,0.8847907045327343,1,0.32554217963248894,0,0.8847907045327343,1,0.7896671158347767,1
2c2cc917b041727b,2021_22,SC0,1X,0.8646551891188452,1,0.8646551891188452,1,0.3540632655810073,1,0.7812815453001476,0
4a6d52525e362476,2021_22,SC0,12,0.7098003924417136,1,0.6049919271650042,0,0.6852076803932822,1,0.7098003924417136,1
3c1a7e7407205d0a,2021_22,SC0,1X,0.804409923975943,0,0.804409923975943,0,0.48425900872244115,1,0.7113310673016159,1
5001026cc7086ebe,2021_22,SC0,12,0.7090886625623234,1,0.6162309249289524,1,0.674680412508724,0,0.7090886625623234,1
9e7a7d12cc9d1143,2021_22,SC0,1X,0.7262936033487869,1,0.7262936033487869,1,0.5702790155709256,0,0.7034273810802876,1
64f243753dceb04a,2021_22,SC0,1X,0.9263880757155428,1,0.9263880757155428,1,0.22246411029207502,0,0.8511478139923822,1
4337572748f4f697,2021_22,SC0,1X,0.7096769738657445,1,0.7096769738657445,1,0.5834506782812782,0,0.7068723478529775,1
b4b6580ca14c7eac,2021_22,SC0,1X,0.8546362143404778,1,0.8546362143404778,1,0.36672649209452446,1,0.7786372935649978,0
e93be6363e373231,2021_22,SC0,12,0.7032311288122349,1,0.7003892458726272,0,0.5963796253151378,1,0.7032311288122349,1
8916e483aedfedc9,2021_22,SC0,X2,0.8865184258683804,1,0.3157932892361405,0,0.8865184258683804,1,0.7976882848954792,1
95f5c927eecf4444,2021_22,SC0,12,0.7301227745488246,1,0.7289473456841493,0,0.5409298797670261,1,0.7301227745488246,1
49699f2fa926562a,2021_22,SC0,X2,0.8202173934701754,1,0.4035355970167024,0,0.8202173934701754,1,0.7762470095131222,1
8c4ca307113cdaf1,2021_22,SC0,1X,0.6947532557796026,1,0.6947532557796026,1,0.612370641730201,1,0.6928761024901966,0
351c73a3150777ff,2021_22,SC0,12,0.7091185507662285,0,0.7030100860959102,1,0.5878713631378615,1,0.7091185507662285,0
5e12ac8f5299ba7d,2021_22,SC0,1X,0.9150655101429619,1,0.9150655101429619,1,0.24823206195640485,1,0.8367024279006334,0
fda9f2d5ec658f7b,2021_22,SC0,X2,0.7141786735090712,1,0.5855826451174186,1,0.7141786735090712,1,0.7002386813735102,0
3fa37d854fc36697,2021_22,SC0,12,0.700971687969566,1,0.6488335654784068,1,0.6501947465520271,0,0.700971687969566,1
192c0a1ddd91e86d,2021_22,SC0,1X,0.9485392912228828,1,0.9485392912228828,1,0.16652688255625048,1,0.8849338262208667,0
be31821a2c79d8ce,2021_22,SC0,1X,0.6830446429540729,0,0.6830446429540729,0,0.6495829190719554,1,0.6673724379739718,1
a11dda6029ff8efd,2021_22,SC0,1X,0.7529592610904186,0,0.7529592610904186,0,0.5069775844694744,1,0.7400631544401068,1
dafa34e20c816112,2021_22,SC0,X2,0.9155077928201447,1,0.25904536749251195,0,0.9155077928201447,1,0.8254468396873433,1
12b5f655221cb3d1,2021_22,SC0,1X,0.8466458064722403,0,0.8466458064722403,0,0.38980291952800805,1,0.7635512739997516,1
1fefbb2d759f9823,2021_22,SC0,1X,0.8210784797748503,1,0.8210784797748503,1,0.44674212433026206,0,0.7321793958948878,1
7ad15f8138e6e443,2021_22,SC0,1X,0.7071402570136349,1,0.7071402570136349,1,0.6092213590241229,1,0.6836383839622422,0
3b46f4ed3e211925,2021_22,SC0,X2,0.9100670218369642,1,0.25649719030934404,0,0.9100670218369642,1,0.833435787853692,1
98a6434f40775f27,2021_22,SC0,1X,0.9427537257406675,1,0.9427537257406675,1,0.19033479110616455,0,0.8669114831531679,1
7615a925aeb8e2f5,2021_22,SC0,12,0.694975569649718,1,0.6212167887094782,1,0.6838076416408039,0,0.694975569649718,1
0ca4b1e386e1c58b,2021_22,SC0,X2,0.7869268063763606,0,0.4624013020308957,1,0.7869268063763606,0,0.7506718915927438,1
77e5c80c785e6c9e,2021_22,SC0,1X,0.7839591116310352,1,0.7839591116310352,1,0.5222421962720505,1,0.6937986920969141,0
33071228b12d7351,2021_22,SC0,12,0.7242972371423885,1,0.5852189271913004,1,0.6904838356663108,0,0.7242972371423885,1
b643e3f9ea603a98,2021_22,SC0,12,0.7113468354567213,1,0.692013060982771,1,0.5966401035605078,0,0.7113468354567213,1
e1811c213518d78d,2021_22,SC0,1X,0.8015254510179041,1,0.8015254510179041,1,0.44733739276045625,0,0.7511371562216397,1
fe9a3a9cb10a9cd8,2021_22,SC0,1X,0.7201409953276343,1,0.7201409953276343,1,0.5676495548784778,1,0.712209449793888,0
8a0f924483fe6a6c,2021_22,SC0,X2,0.7059338143086867,1,0.6298091286167036,0,0.7059338143086867,1,0.6642570570746098,1
fc4b4c34aff19cfa,2021_22,SC0,X2,0.9149953227481248,1,0.2690140045819188,0,0.9149953227481248,1,0.8159906726699564,1
a28133fa09b166dc,2021_22,SC0,1X,0.8807925701064809,1,0.8807925701064809,1,0.3125415818667068,0,0.8066658480268123,1
70b8fb97d9b8b3ef,2021_22,SC0,1X,0.7118905044624927,1,0.7118905044624927,1,0.5776655220695429,0,0.7104439734679645,1
34f786a0498f1ccc,2021_22,SC0,1X,0.8293404800948335,1,0.8293404800948335,1,0.45646809632719776,0,0.7141914235779687,1
3e0b47b5d1fc8f47,2021_22,SC0,12,0.6754646663875938,1,0.6599100598543459,1,0.6646252737580602,0,0.6754646663875938,1
1fc322cd04c80df4,2021_22,SC0,X2,0.8422977167233004,1,0.3928717948334885,0,0.8422977167233004,1,0.7648304884432112,1
f0428efca5aa8488,2021_22,SC0,1X,0.7300669921773664,1,0.7300669921773664,1,0.5684167137411298,1,0.7015162940815038,0
5c4266688eaabf40,2021_22,SC0,1X,0.905567053507215,1,0.905567053507215,1,0.2537707462688778,0,0.8406622002239074,1
7b8e532a79120249,2021_22,SC0,1X,0.7758161788115141,1,0.7758161788115141,1,0.5051984854908287,0,0.7189853356976572,1
332b22c8c4b0bbb9,2021_22,SC0,1X,0.8188816660268969,1,0.8188816660268969,1,0.4215815801827835,1,0.7595367537903197,0
502ce49607df9e56,2021_22,SC0,1X,0.9482829584918349,1,0.9482829584918349,1,0.17351644786704323,0,0.8782005936411219,1
a2943ddf3a5b25d4,2021_22,SC0,X2,0.8930387664953411,1,0.28876592262071454,0,0.8930387664953411,1,0.8181953108839444,1
5b1952a54b27d468,2021_22,SC0,X2,0.7450079295532058,1,0.534747026574939,0,0.7450079295532058,1,0.7202450438718548,1
027462831d428ae1,2021_22,SC0,X2,0.7514648325760318,0,0.5518540242981258,1,0.7514648325760318,0,0.6966811431258425,1
bb38a4aa8c5b27ce,2021_22,SC0,1X,0.7047696523777388,0,0.7047696523777388,0,0.6059838496987078,1,0.6892464979235533,1
8b0bf85846c6d1a6,2021_22,SC0,12,0.7199885744986834,1,0.7139557013707678,1,0.5660557241305488,0,0.7199885744986834,1
121cdc2c8e34e046,2021_22,SC0,X2,0.7343939672978396,1,0.5886286754509829,0,0.7343939672978396,1,0.6769773572511775,1
08fd429681b6a217,2021_22,SC0,12,0.7033236219718506,0,0.6402936175408416,1,0.6563827604873078,1,0.7033236219718506,0
2a2606f7dd86f8ae,2021_22,SC0,X2,0.8305321624280007,1,0.3984633766188753,0,0.8305321624280007,1,0.771004460953124,1
d88d38eae17c6501,2021_22,SC0,1X,0.9428034435769034,1,0.9428034435769034,1,0.19208577843937652,0,0.8651107779837197,1
b777d9824bbd28f0,2021_22,SC0,1X,0.8154075682843487,1,0.8154075682843487,1,0.4279413546301062,0,0.7566510770855451,1
ef40f0db9361735c,2021_22,SC0,1X,0.9400299116692259,1,0.9400299116692259,1,0.19470193944526795,0,0.8652681488855062,1
66747570cea10c4e,2021_22,SC0,X2,0.8996267760025204,1,0.2718192033437551,0,0.8996267760025204,1,0.8285540206537247,1
b7be96b3cf9d158b,2021_22,SC0,X2,0.7793806615073592,1,0.4747871377158246,0,0.7793806615073592,1,0.7458322007768164,1
471697466a8ffb2f,2021_22,SC0,12,0.7186392208962674,0,0.7035142845285561,1,0.5778464945751766,1,0.7186392208962674,0
63a45744fe26fe9b,2021_22,SC0,1X,0.7209508328725134,1,0.7209508328725134,1,0.5933271086935243,0,0.6857220584339623,1
f81baccc21c5ecdc,2021_22,SC0,1X,0.9780643321041498,1,0.9780643321041498,1,0.08979054888369165,0,0.9321451190121586,1
fec6dd0848f1ad21,2021_22,SC0,1X,0.7156489527612931,1,0.7156489527612931,1,0.5746658998135474,0,0.7096851474251593,1
b0f4beeca78ba2d1,2021_22,SC0,1X,0.6941048405820854,0,0.6941048405820854,0,0.6203126387096334,1,0.6855825207082813,1
86adbd5a3dece422,2021_22,SC0,X2,0.9466271803084404,1,0.17841177488012158,1,0.9466271803084404,1,0.874961044811438,0
f2ecab26640232df,2021_22,SC0,X2,0.9014146956118106,1,0.2922058017039475,0,0.9014146956118106,1,0.8063795026842421,1
b9786dea21f52930,2021_22,SC0,1X,0.8511712704452192,1,0.8511712704452192,1,0.3680151591114913,0,0.7808135704432897,1
0ae0e4e8c4ed3356,2021_22,SC0,X2,0.8083599671010921,1,0.4560911666613019,0,0.8083599671010921,1,0.735548866237606,1
721396aa6ac383b5,2021_22,SC0,1X,0.8205798320846235,1,0.8205798320846235,1,0.41237988333914194,0,0.7670402845762346,1
590410ac3af3a76d,2021_22,SC0,1X,0.7159648180514198,1,0.7159648180514198,1,0.5886909580229536,0,0.6953442239256267,1
5447eaf636a8f8d8,2021_22,SC0,1X,0.9480379693275593,1,0.9480379693275593,1,0.17067947450768464,0,0.881282556164756,1
6788b463d7927cc1,2021_22,SC0,1X,0.900659396525712,1,0.900659396525712,1,0.26405216908098383,0,0.8352884343933041,1
ff8fccfae46f0f25,2021_22,SC0,X2,0.8103401183981532,1,0.47887828494238316,1,0.8103401183981532,1,0.7107815966594638,0
07b25de78ec020fd,2021_22,SC0,12,0.6928335019263756,1,0.6880360900890448,0,0.6191304079845796,1,0.6928335019263756,1
70b8d66d705e8221,2021_22,SC0,1X,0.8407041721286977,1,0.8407041721286977,1,0.40942959987268124,0,0.749866227998621,1
f8bc7fb152344ca7,2021_22,SC0,1X,0.720188071998807,1,0.720188071998807,1,0.586250228494299,0,0.6935616995068941,1
a3831aa39b5d2572,2021_22,SC0,12,0.7184726793277851,1,0.7033974415789137,1,0.5781298790933012,0,0.7184726793277851,1
5d88a78de99fe350,2021_22,SC0,X2,0.7115237177233332,0,0.599266656435372,1,0.7115237177233332,0,0.6892096258412946,1
0bb02cac65c4cba2,2021_22,SC0,12,0.7038013175114366,1,0.6801105353656829,1,0.6160881471228805,0,0.7038013175114366,1
de27ad70cb4bb91a,2021_22,SC0,X2,0.7965140310355727,1,0.44040227265078713,0,0.7965140310355727,1,0.7630836963136401,1
5a0456c68f9c0ebd,2021_22,SC0,12,0.7072478285905448,0,0.5913419908076298,1,0.7014101806018254,1,0.7072478285905448,0
d86957ccc63f3cf7,2021_22,SC0,1X,0.9218401406079492,1,0.9218401406079492,1,0.2492670055575135,0,0.8288928538345374,1
6ac50b98771cc1fb,2021_22,SC0,1X,0.7323202367822644,1,0.7323202367822644,1,0.5858739725857612,1,0.6818057906319742,0
ceb9eed15ceb9dcd,2021_22,SC0,X2,0.8916318718667563,1,0.296412675261766,1,0.8916318718667563,1,0.8119554528714776,0
aff1c2d2878d22e8,2021_22,SC0,1X,0.941015930307395,1,0.941015930307395,1,0.16592998322209546,0,0.8930540864705097,1
dfdfdb14a4e4359c,2021_22,SC0,1X,0.8338811351124193,1,0.8338811351124193,1,0.40898605866684123,0,0.7571328062207395,1
850ff3ef7d11bedf,2021_22,SC0,1X,0.7890403486514548,0,0.7890403486514548,0,0.512999071980253,1,0.6979605793682919,1
49c747e03370d3d6,2021_22,SC0,12,0.7057246718625303,0,0.7033397530986114,1,0.5909355750388584,1,0.7057246718625303,0
381e95c3021c157e,2021_22,SC0,12,0.6962195555549233,0,0.6287311778251732,1,0.6750492666199035,1,0.6962195555549233,0
084765dcfd6e68d9,2021_22,SC0,1X,0.756302217783533,0,0.756302217783533,0,0.5695893247510456,1,0.6741084574654213,1
71fabc6020c90a6e,2021_22,SC0,X2,0.7419329467965796,1,0.5440251266202927,1,0.7419329467965796,1,0.7140419265831277,0
52317368309d9d7e,2021_22,SC0,1X,0.7219320100057302,1,0.7219320100057302,1,0.590038264776982,1,0.688029725217288,0
f2bcf58361d14f85,2021_22,SC0,1X,0.7152530898104399,1,0.7152530898104399,1,0.5709849414310383,0,0.7137619687585217,1
5f9992deefb6f752,2021_22,SC0,12,0.7158661417728298,1,0.6790749356313472,0,0.6050589225958228,1,0.7158661417728298,1
b15a2739f12cfa82,2021_22,SC0,1X,0.7470909421029163,0,0.7470909421029163,0,0.5397006096083126,1,0.7132084482887712,1
83d0d71305a136cc,2021_22,SC0,X2,0.7347778505310154,0,0.5842650690806448,1,0.7347778505310154,0,0.6809570803883398,1
30bb33a1afacc0ca,2021_22,SC0,1X,0.748877571929164,1,0.748877571929164,1,0.5917683943703762,1,0.6593540337004598,0
c6a502aa5d2aeafc,2021_22,SC0,X2,0.898289018530856,1,0.27934308564186766,0,0.898289018530856,1,0.8223678958272763,1
14995d752137a3a7,2021_22,SC0,1X,0.8741810754382107,1,0.8741810754382107,1,0.32352014758098085,0,0.8022987769808086,1
44d21002da7f5220,2021_22,SC0,X2,0.8585845724061963,1,0.3740185389241425,0,0.8585845724061963,1,0.7673968886696612,1
f327ce053fff8229,2021_22,SC0,12,0.6876571295931244,1,0.6862660159308793,1,0.6260768544759961,0,0.6876571295931244,1
0ac21980de9c8631,2021_22,SC0,1X,0.8591365018247534,0,0.8591365018247534,0,0.37010291368867787,1,0.7707605844865688,1
b51bad541a988c2a,2021_22,SC0,1X,0.9139998834349061,1,0.9139998834349061,1,0.25813722665547,0,0.8278628899096239,1
1b677ab4a3973636,2021_22,SC0,12,0.6954353456281108,0,0.6818665582173882,1,0.622698096154501,1,0.6954353456281108,0
5925670a00749aa4,2021_22,SC0,1X,0.7489119872202413,1,0.7489119872202413,1,0.584429029157053,0,0.6666589836227058,1
04a2c09c7283c90a,2021_22,SC0,1X,0.8240543928063591,1,0.8240543928063591,1,0.47881547789518214,1,0.6971301292984587,0
0cbe86a27d39cade,2021_22,SC0,1X,0.7938487131680625,1,0.7938487131680625,1,0.4652017325222575,0,0.7409495543096802,1
0419ce5631bb3af7,2021_22,SC0,1X,0.737625405393609,1,0.737625405393609,1,0.5714137534985548,1,0.6909608411078363,0
720bdcbae1977640,2021_22,SC0,X2,0.701527382467521,1,0.611506525811671,1,0.701527382467521,1,0.686966091720808,0
01e314d2c09314be,2021_22,SC0,X2,0.772685755471802,0,0.5247437142560114,1,0.772685755471802,0,0.7025705302721867,1
0a6feb2a79a82269,2021_22,SC0,X2,0.9002169497480395,1,0.28186677913351804,1,0.9002169497480395,1,0.8179162711184423,0
e308121a43b85082,2021_22,SC0,1X,0.9593624680023086,1,0.9593624680023086,1,0.13990309501239245,0,0.9007344369852988,1
1483709d8734ff90,2021_22,SC0,1X,0.7829874852867396,1,0.7829874852867396,1,0.5064331946453412,1,0.710579320067919,0
251f5e59857f1d03,2021_22,SC0,X2,0.7160877518016413,1,0.6054914910869409,0,0.7160877518016413,1,0.6784207571114178,1
0dfd29ff877af0d1,2021_22,SC0,1X,0.7250360018937652,1,0.7250360018937652,1,0.5904060345098321,0,0.6845579635964028,1
1c050771c8fb6fa6,2021_22,SC0,X2,0.7308579719195119,1,0.5713059649943155,0,0.7308579719195119,1,0.6978360630861726,1
b9855d68a84188c8,2021_22,SC0,X2,0.8676752369030294,1,0.3295749715880068,1,0.8676752369030294,1,0.8027497915089639,0
032e2a115c46c184,2021_22,SC0,1X,0.9382802801044219,1,0.9382802801044219,1,0.19187607657830216,1,0.869843643317276,0
e27ad2042a8f25fe,2021_22,SC0,1X,0.9473752985339894,1,0.9473752985339894,1,0.16222433657799876,0,0.8904003648880118,1
c69fbf1ee103458e,2021_22,SC0,X2,0.7108131957228678,1,0.5971982054067448,1,0.7108131957228678,1,0.6919885988703873,0
325dc812d9bc04e8,2021_22,SC0,1X,0.7662814706562731,1,0.7662814706562731,1,0.5135336252571923,0,0.7201849040865347,1
db01dcc54f421e59,2021_22,SC0,1X,0.7811735828778326,1,0.7811735828778326,1,0.5114545288910941,0,0.7073718882310731,1
5ba9fba6474b65c6,2021_22,SC0,12,0.7077922069028004,1,0.6981483232984341,0,0.5940594697987658,1,0.7077922069028004,1
8d6fb31df59a4fbe,2021_22,SC0,X2,0.9193121208834882,1,0.2578018696414381,0,0.9193121208834882,1,0.8228860094750737,1
2d56f9228c805d2b,2021_22,SC0,X2,0.797084924753505,1,0.46316303786936497,1,0.797084924753505,1,0.7397520373771301,0
67892e41a7a54b68,2021_22,SC0,1X,0.7981855720753682,1,0.7981855720753682,1,0.5077759433842854,1,0.6940384845403462,0
a7ff64431981e2ae,2021_22,SC0,1X,0.7973081323546376,1,0.7973081323546376,1,0.4943514619673043,1,0.7083404056780579,0
0a39472ba5972ee9,2021_22,SC0,1X,0.9198338376801303,1,0.9198338376801303,1,0.2557907243204534,0,0.8243754379994163,1
a3bde8493cfbb292,2021_22,SC0,1X,0.722612890220663,1,0.722612890220663,1,0.5875244203719867,0,0.6898626894073505,1
1f271cfa114bc211,2021_22,SC0,X2,0.8890384591319869,1,0.31092448530382494,0,0.8890384591319869,1,0.8000370555641882,1
339eb0492b3d52fd,2021_22,SC0,12,0.6770396600373838,1,0.6489176409973829,0,0.6740426989652333,1,0.6770396600373838,1
acb62e074da29b44,2021_22,SC0,1X,0.7402181680483545,1,0.7402181680483545,1,0.5840361724529767,0,0.6757456594986687,1
c1b63d43b65c6703,2021_22,SC0,1X,0.957942430031919,1,0.957942430031919,1,0.14608347546632763,0,0.8959740945017535,1
57aa28f64bf19dfc,2021_22,SC0,1X,0.7750546658107111,1,0.7750546658107111,1,0.5042379285904106,0,0.7207074055988782,1
d8feafe207cebf9a,2021_22,SC0,1X,0.7134808028865534,1,0.7134808028865534,1,0.6243849748599717,0,0.6621342222534748,1
104db2a8b340aa64,2021_22,SC0,1X,0.7427021032218608,0,0.7427021032218608,0,0.5659283411339271,1,0.6913695556442121,1
f8b4cc77498ebb7c,2021_22,SC0,X2,0.9351131391023142,1,0.21098395747245846,0,0.9351131391023142,1,0.8539029034252276,1
472601033f38ecaa,2021_22,SC0,X2,0.7771808484623113,1,0.5187243522620858,1,0.7771808484623113,1,0.704094799275603,0
1de7aed110c31ce1,2021_22,SC0,1X,0.7786033055704566,1,0.7786033055704566,1,0.5135896437585543,1,0.707807050670989,0
e07179027f024d9a,2021_22,SC0,1X,0.7128719618827327,1,0.7128719618827327,1,0.5807394253754844,0,0.706388612741783,1
33655ad20367c2d0,2021_22,SC0,X2,0.7321922229392157,1,0.5519723095460606,1,0.7321922229392157,1,0.7158354675147238,0
adc1d309b9a268e6,2021_22,SC0,1X,0.6989065035713531,1,0.6989065035713531,1,0.6372896784433029,0,0.663803817985344,1
785b76c72ed28ee2,2021_22,SC0,12,0.6960996453840599,1,0.6572707246096083,0,0.6466296300063317,1,0.6960996453840599,1
5124d56cbf0c8118,2021_22,SC0,1X,0.8226167225011665,0,0.8226167225011665,0,0.44628548157464565,1,0.731097795924188,1
e4d3060418f58ead,2021_22,SC0,1X,0.9560675334336514,1,0.9560675334336514,1,0.1670594089293113,0,0.8768730576370374,1
dd64c188f0e3f6b9,2021_22,SC0,1X,0.7100843116841318,1,0.7100843116841318,1,0.586287538978232,1,0.7036281493376361,0
0679ba51548c484c,2021_22,SC0,1X,0.7648204590738283,1,0.7648204590738283,1,0.5172665722389457,0,0.7179129686872256,1
7c4e212766d4e9b3,2021_22,SC0,1X,0.7334314786736338,1,0.7334314786736338,1,0.570744074956623,1,0.6958244463697432,0
fe428c322ad0f55f,2021_22,SC0,X2,0.9084644270318257,1,0.26963013937556346,0,0.9084644270318257,1,0.8219054335926108,1
e934e39282f8033f,2021_22,SC0,X2,0.8755866418810285,1,0.327646728967686,0,0.8755866418810285,1,0.7967666291512854,1
dcb77dfe1e8d9315,2021_22,SC0,1X,0.7750754677432337,0,0.7750754677432337,0,0.529285659254938,1,0.6956388730018285,1
9145f42e1b07e63c,2021_22,SC0,12,0.6804301436059936,0,0.6773675465907925,1,0.6422023098032139,1,0.6804301436059936,0
1fbf62e024d198b5,2021_22,SC0,X2,0.6730539351608085,1,0.6543886523769469,0,0.6730539351608085,1,0.6725574124622445,1
8a53743bcdf00188,2021_22,SC0,X2,0.9224907817885009,1,0.2353246247125404,0,0.9224907817885009,1,0.8421845934989589,1
557ec801ec51eb61,2021_22,SC0,12,0.7179006098273842,1,0.5951504902841491,0,0.6869488998884665,1,0.7179006098273842,1
b19d2602905fab7f,2021_22,SC0,1X,0.866873199830807,1,0.866873199830807,1,0.3658840042129371,0,0.767242795956256,1
dbd3ddf935c3cb7a,2021_22,SC0,12,0.688257825047856,1,0.6639354658779149,1,0.647806709074229,0,0.688257825047856,1
e7aeb1fe3c137a09,2021_22,SC0,1X,0.8196255955388669,1,0.8196255955388669,1,0.4228620917716556,1,0.7575123126894776,0
b077158b64140b10,2021_22,SC0,12,0.6839730675365392,1,0.6521146166990259,1,0.6639123157644349,0,0.6839730675365392,1
79fa85aae69d15f5,2021_22,SC0,1X,0.7056928493702841,0,0.7056928493702841,0,0.6117665695300094,1,0.6825405810997065,1
d7f3d692c558def2,2021_22,SC0,1X,0.7677402224873462,1,0.7677402224873462,1,0.49568801193804907,1,0.7365717655746047,0
85f2d12cfd802c70,2021_22,SC0,1X,0.9068569824523923,1,0.9068569824523923,1,0.2463603368533553,0,0.8467826806942524,1
607f174fffb94ae0,2021_22,SC0,1X,0.6838035841001634,1,0.6838035841001634,1,0.6487700382896104,1,0.6674263776102263,0
772704bd3f97a5a3,2021_22,SC0,1X,0.7052748828598578,1,0.7052748828598578,1,0.6038762792538979,1,0.6908488378862444,0
5e049433afae5f75,2021_22,SC0,1X,0.713446347735433,0,0.713446347735433,0,0.5837412883296791,1,0.702812363934888,1
d2f4b9ab1cd86436,2021_22,SC0,1X,0.734598793326784,1,0.734598793326784,1,0.5618210658760556,0,0.7035801407971605,1
c9dc73b45d742eb3,2021_22,SC0,1X,0.9220470855253262,1,0.9220470855253262,1,0.2247182044963085,0,0.8532347099783655,1
1de4728b4d06475b,2021_22,SC0,X2,0.7591946305758478,0,0.522590506448984,1,0.7591946305758478,0,0.7182148629751681,1
a444b77e89f5401e,2021_22,SC0,X2,0.9466343714221803,1,0.18437456027831425,1,0.9466343714221803,1,0.8689910682995056,0
4bcea2af67e64fc1,2021_22,SC0,12,0.7147142125728612,1,0.6368807935398821,1,0.6484049938872567,0,0.7147142125728612,1
3471cd2e8bd8ceb8,2021_22,SC0,1X,0.9225574775894916,1,0.9225574775894916,1,0.22482916551302168,0,0.8526133568974867,1
66b893dd4dc05423,2021_22,SC0,1X,0.7180101770386436,1,0.7180101770386436,1,0.6337789348391342,0,0.6482108881222222,1
a633b43e7f515682,2021_22,SC0,1X,0.7090083032515936,1,0.7090083032515936,1,0.6218763175037225,1,0.669115379244684,0
7f25722c2d998235,2021_22,SC0,1X,0.9299055648897869,1,0.9299055648897869,1,0.18839352346464988,0,0.8817009116455632,1
61191fa1e01f64aa,2021_22,SC0,12,0.7301079512563482,1,0.6121289221361803,0,0.6577631266074715,1,0.7301079512563482,1
667dd042cc724d03,2021_22,SC0,12,0.7131650393314979,1,0.588828866007155,0,0.6980060946613471,1,0.7131650393314979,1
535a27a0b6eef528,2021_22,SC0,1X,0.7888261341371052,1,0.7888261341371052,1,0.48036903594280433,1,0.7308048299200907,0
b178a8128d502d65,2021_22,SC0,1X,0.8376849695377528,1,0.8376849695377528,1,0.4264327806159234,0,0.735882249846324,1
48fcaff8518edc25,2021_22,SC0,1X,0.7596663571634181,1,0.7596663571634181,1,0.5242714092082192,0,0.7160622336283626,1
67feee3d6c4ebe81,2022_23,SC0,X2,0.8866656266537141,1,0.2966254901822362,0,0.8866656266537141,1,0.8167088831640498,1
a500f2e531fa0301,2022_23,SC0,1X,0.8463166012805559,1,0.8463166012805559,1,0.3853412809272919,0,0.7683421177921522,1
0a17b50e44eafa75,2022_23,SC0,1X,0.703386846579974,1,0.703386846579974,1,0.6012114931244208,1,0.6954016602956054,0
0d53950f5143bc1d,2022_23,SC0,X2,0.7180140617947246,1,0.5971184325835939,0,0.7180140617947246,1,0.6848675056216815,1
a31ddc26a0336501,2022_23,SC0,1X,0.6993292484624465,0,0.6993292484624465,0,0.6049181818393767,1,0.6957525696981768,1
5138a28b6ce372cc,2022_23,SC0,1X,0.930030231064264,1,0.930030231064264,1,0.1994517737519662,0,0.8705179951837698,1
0e210628eeaf40de,2022_23,SC0,1X,0.799955701742606,1,0.799955701742606,1,0.47814696574183785,0,0.7218973325155561,1
8bf37c49d6efc9f8,2022_23,SC0,1X,0.7379355168548589,0,0.7379355168548589,0,0.5731185016499898,1,0.6889459814951513,1
7bc6933201c22a3b,2022_23,SC0,1X,0.938807361679094,1,0.938807361679094,1,0.18923031561810072,0,0.8719623227028053,1
64a3db3e33e20770,2022_23,SC0,X2,0.9271631025196208,1,0.2091811837917731,0,0.9271631025196208,1,0.8636557136886063,1
b3815de0c54fffb5,2022_23,SC0,12,0.700010501097635,0,0.658130578250631,1,0.641858920651734,1,0.700010501097635,0
1a9bbc2915aaa8fb,2022_23,SC0,1X,0.6989664787758011,0,0.6989664787758011,0,0.6069764038021058,1,0.694057117422093,1
821f989ba5b862f0,2022_23,SC0,1X,0.8196320265421702,0,0.8196320265421702,0,0.44290307970009557,1,0.7374648937577343,1
9606a8637db4e798,2022_23,SC0,X2,0.7093550170896779,0,0.5982515895486644,1,0.7093550170896779,0,0.692393393361658,1
ea532f4cd3628d20,2022_23,SC0,1X,0.948352628125306,1,0.948352628125306,1,0.17769218570802728,0,0.8739551861666668,1
7b5d84efebbd291e,2022_23,SC0,1X,0.6971620991967702,1,0.6971620991967702,1,0.606509728656192,0,0.6963281721470378,1
31718b4105518c2b,2022_23,SC0,X2,0.9377736936205366,1,0.1853661482178014,0,0.9377736936205366,1,0.876860158161662,1
83ccdd77a93904e8,2022_23,SC0,1X,0.8595404667620608,1,0.8595404667620608,1,0.3704331967423237,0,0.7700263364956157,1
dbd7c1fc1c978834,2022_23,SC0,X2,0.8400423576383476,1,0.3918105253343452,1,0.8400423576383476,1,0.7681471170273072,0
0e03d239c26b343c,2022_23,SC0,1X,0.7088749593604353,0,0.7088749593604353,0,0.600222231335972,1,0.6909028093035927,1
14afa4d79777457f,2022_23,SC0,1X,0.7116052219149482,1,0.7116052219149482,1,0.6061333853929548,0,0.6822613926920968,1
877c002db1474c25,2022_23,SC0,1X,0.7222389475292555,1,0.7222389475292555,1,0.5734024126599846,0,0.70435863981076,1
edcaa28980abf4a3,2022_23,SC0,X2,0.7352032670480786,1,0.57036863651417,0,0.7352032670480786,1,0.6944280964377514,1
6f2bea507e85ae55,2022_23,SC0,1X,0.941828941782311,1,0.941828941782311,1,0.16547322036664605,0,0.8926978378510428,1
4e7e99c0f8715ea7,2022_23,SC0,1X,0.7943151153493047,1,0.7943151153493047,1,0.4786217772057491,0,0.7270631074449464,1
133e3baa4bee59d5,2022_23,SC0,12,0.702773108757766,1,0.6486601810592783,1,0.6485667101829558,0,0.702773108757766,1
745a79f583424932,2022_23,SC0,1X,0.9574395730515703,1,0.9574395730515703,1,0.14241501528059808,0,0.9001454116678316,1
6125d9e1789a768c,2022_23,SC0,X2,0.7166485647189682,0,0.5881427987374961,1,0.7166485647189682,0,0.6952086365435357,1
e785089f5ba17583,2022_23,SC0,X2,0.9554583156613401,1,0.1386191311490036,0,0.9554583156613401,1,0.9059225531896563,1
6ebb589827361e63,2022_23,SC0,1X,0.7974092552261738,1,0.7974092552261738,1,0.48156248208546387,0,0.7210282626883622,1
cca7c08cc3d1e1ab,2022_23,SC0,1X,0.7913183635310188,1,0.7913183635310188,1,0.45836771321102393,0,0.7503139232579574,1
fe5cf5d7272c2be0,2022_23,SC0,1X,0.8337651835721962,1,0.8337651835721962,1,0.4249619416711595,0,0.7412728747566445,1
00ae3b296b594970,2022_23,SC0,12,0.7236787759454164,1,0.5600361522662243,1,0.7162850717883593,0,0.7236787759454164,1
429247a1eee7811a,2022_23,SC0,1X,0.7676298910432764,1,0.7676298910432764,1,0.5170271302611902,1,0.7153429786955333,0
1e015eeb646ed530,2022_23,SC0,X2,0.7302438378255349,1,0.5670147572681561,1,0.7302438378255349,1,0.702741404906309,0
3d36c44e3e639cc1,2022_23,SC0,12,0.680836169221225,1,0.6453890649840923,1,0.6737747657946829,0,0.680836169221225,1
5560b6669d9268a0,2022_23,SC0,1X,0.7114851004864594,1,0.7114851004864594,1,0.5787296203302852,0,0.7097852791832555,1
f4794767461e04dd,2022_23,SC0,1X,0.7522245587397011,1,0.7522245587397011,1,0.5412860725923908,0,0.7064893686679081,1
37f8b08799d40538,2022_23,SC0,1X,0.9456331817269945,1,0.9456331817269945,1,0.16826108318786592,0,0.8861057350851396,1
b06435ba44e7de2c,2022_23,SC0,1X,0.6996572566396546,1,0.6996572566396546,1,0.6216605410678708,1,0.6786822022924748,0
92ee4fb54d855271,2022_23,SC0,X2,0.924458860448371,0,0.23133851995474505,1,0.924458860448371,0,0.8442026195968839,1
db0b461deb8ff1dd,2022_23,SC0,12,0.714876138648826,1,0.6508001337956271,0,0.6343237275555471,1,0.714876138648826,1
633f90244aae37df,2022_23,SC0,X2,0.8304077895327031,1,0.3861719262431028,0,0.8304077895327031,1,0.7834202842241943,1
5d6c87f7cd35c3be,2022_23,SC0,1X,0.8116131625626883,1,0.8116131625626883,1,0.44448771726277936,0,0.7438991201745324,1
3216b8c95f2ec734,2022_23,SC0,1X,0.9544081207952958,1,0.9544081207952958,1,0.13546023632507379,0,0.9101316428796304,1
6686c2b5df68a834,2022_23,SC0,1X,0.715161154854781,0,0.715161154854781,0,0.6002842106213057,1,0.6845546345239134,1
854aaf022e73c09b,2022_23,SC0,X2,0.7747762816309184,1,0.5039489012182565,0,0.7747762816309184,1,0.7212748171508251,1
7a7e345052cda7c4,2022_23,SC0,1X,0.7385954400642998,1,0.7385954400642998,1,0.5699415280254632,0,0.6914630319102371,1
b20de6c977d0674d,2022_23,SC0,12,0.7049955514424828,1,0.6120412417987358,0,0.6829632067587814,1,0.7049955514424828,1
e77c47c19e4c1834,2022_23,SC0,1X,0.7338984540803389,1,0.7338984540803389,1,0.5688338827579286,0,0.6972676631617326,1
8bb2706d38502064,2022_23,SC0,X2,0.9302562477138369,1,0.20616059993013328,0,0.9302562477138369,1,0.86358315235603,1
f88e8b2e919d6de6,2022_23,SC0,1X,0.7993469466083256,1,0.7993469466083256,1,0.4535386684579557,0,0.7471143849337186,1
de966501d4a90b5c,2022_23,SC0,1X,0.7816392835812009,0,0.7816392835812009,0,0.5036181804406763,1,0.7147425359781228,1
c4edd39cad0e2839,2022_23,SC0,1X,0.9344987495113198,1,0.9344987495113198,1,0.21139031610117331,0,0.8541109343875068,1
021a96b916d3ef9c,2022_23,SC0,X2,0.7633760716295619,0,0.5070504804173763,1,0.7633760716295619,0,0.729573447953062,1
9c69c5ed9088090e,2022_23,SC0,12,0.7314377024700138,0,0.5470418098178131,1,0.7215204877121731,1,0.7314377024700138,0
d8d6a950a04014f7,2022_23,SC0,X2,0.7720342485962449,0,0.4872862265047848,1,0.7720342485962449,0,0.7406795248989703,1
615826468e154ad1,2022_23,SC0,1X,0.8920940048795871,1,0.8920940048795871,1,0.29626951604546176,0,0.8116364790749512,1
bb1f3eb8e045388a,2022_23,SC0,1X,0.7889522592716807,1,0.7889522592716807,1,0.5072104246148281,0,0.7038373161134912,1
cbe43a410cf3ebbe,2022_23,SC0,12,0.7058322850624568,0,0.6226350459451453,1,0.6715326689923978,1,0.7058322850624568,0
0550fe5c7bfa035d,2022_23,SC0,1X,0.7857812443822766,1,0.7857812443822766,1,0.4998845864057586,1,0.7143341692119648,0
74702f39764f376e,2022_23,SC0,X2,0.859363383672372,1,0.361542136276212,0,0.859363383672372,1,0.7790944800514162,1
49f4c1fc0abab580,2022_23,SC0,1X,0.7245972168776295,1,0.7245972168776295,1,0.5509468380952895,0,0.7244559450270813,1
1fca64c75f387b19,2022_23,SC0,1X,0.8459681097197687,0,0.8459681097197687,0,0.40172144667729914,1,0.752310443602932,1
92b500d9213deafd,2022_23,SC0,X2,0.892242795220772,1,0.270098406568803,0,0.892242795220772,1,0.8376587982104252,1
c6612a8a5ed51b9a,2022_23,SC0,1X,0.7853332242755666,1,0.7853332242755666,1,0.5035703826900144,0,0.7110963930344188,1
fa9e6902b88b4a26,2022_23,SC0,12,0.7066187434985277,1,0.6643490907165175,0,0.6290321657849549,1,0.7066187434985277,1
8484f3d7f37225ae,2022_23,SC0,1X,0.920452770152358,1,0.920452770152358,1,0.22431412570184317,1,0.8552331041457988,0
7bc18900d6202b2b,2022_23,SC0,1X,0.7488226560956741,1,0.7488226560956741,1,0.5346657887426249,0,0.716511555161701,1
42342c26f82d952b,2022_23,SC0,12,0.700904604009675,1,0.6192799801382209,0,0.6798154158521041,1,0.700904604009675,1
0123af0f05c5ed6d,2022_23,SC0,1X,0.785855819291301,1,0.785855819291301,1,0.47916668665185935,0,0.7349774940568399,1
5e1cd1bbf2681c58,2022_23,SC0,1X,0.8737611995224773,1,0.8737611995224773,1,0.30538679098359656,0,0.8208520094939261,1
c02c0239d0eb72bc,2022_23,SC0,1X,0.720065792096375,1,0.720065792096375,1,0.6044055591471781,0,0.675528648756447,1
cb3a64dca835ad66,2022_23,SC0,X2,0.9196474354118949,1,0.23366976046518584,0,0.9196474354118949,1,0.8466828041229193,1
74a9908d855e1d5d,2022_23,SC0,12,0.7168135541287973,1,0.5747987522691838,0,0.708387693602019,1,0.7168135541287973,1
07f4c303faadb087,2022_23,SC0,12,0.7111656205579421,1,0.6725241189877907,1,0.6163102604542671,0,0.7111656205579421,1
dcdbe26428f8e83a,2022_23,SC0,1X,0.7112125160095136,0,0.7112125160095136,0,0.6080462727521349,1,0.6807412112383516,1
72eeccf911633695,2022_23,SC0,1X,0.9634183161950415,1,0.9634183161950415,1,0.11631609582918909,0,0.9202655879757694,1
744f0cdcafea1471,2022_23,SC0,X2,0.716975964458928,0,0.590762479047217,1,0.716975964458928,0,0.692261556493855,1
821fdadbac21e97b,2022_23,SC0,X2,0.9071244002110292,0,0.26794542774958185,1,0.9071244002110292,0,0.8249301720393889,1
6875260eef70b889,2022_23,SC0,12,0.7262873335289247,1,0.7129653176865614,1,0.560747348784514,0,0.7262873335289247,1
74edde35f3855510,2022_23,SC0,1X,0.8842516402637657,0,0.8842516402637657,0,0.32542655480058996,1,0.7903218049356444,1
ab9f83455d2df082,2022_23,SC0,12,0.7094997552266702,1,0.6706116584726025,1,0.6198885863007273,0,0.7094997552266702,1
b7124899b54bf056,2022_23,SC0,1X,0.7332729720821323,1,0.7332729720821323,1,0.555717941325607,0,0.7110090865922608,1
7a8dcd08eb3c246d,2022_23,SC0,X2,0.9063952396284015,1,0.23609917300551528,0,0.9063952396284015,1,0.8575055873660834,1
c7c059d0d8f3d3ba,2022_23,SC0,1X,0.920479603094901,1,0.920479603094901,1,0.20588686327027453,0,0.8736335336348245,1
3f89298324ff4431,2022_23,SC0,1X,0.7433283908060195,1,0.7433283908060195,1,0.5551210583486701,1,0.7015505508453104,0
35db852968f61e7a,2022_23,SC0,X2,0.8761705476789309,1,0.3222507668493875,1,0.8761705476789309,1,0.8015786854716817,0
f15525f67da3cb2f,2022_23,SC0,1X,0.964292025135307,1,0.964292025135307,1,0.10444849300700218,0,0.9312594818576908,1
373247cf37bf5e47,2022_23,SC0,1X,0.7835799537833075,1,0.7835799537833075,1,0.47291045911864116,1,0.7435095870980516,0
6632abd870cf720f,2022_23,SC0,X2,0.7398577216977414,0,0.5425898853098655,1,0.7398577216977414,0,0.7175523929923932,1
a08da9882451fb76,2022_23,SC0,12,0.6958797632102417,0,0.6414000782010149,1,0.6627201585887436,1,0.6958797632102417,0
616de0fd29d92a67,2022_23,SC0,1X,0.7871243577122142,1,0.7871243577122142,1,0.4636207264472567,0,0.7492549158405291,1
f53c3f5cc0223d95,2022_23,SC0,1X,0.88863930513988,1,0.88863930513988,1,0.2921257840575135,0,0.8192349108026064,1
026671e40e06cfa2,2022_23,SC0,X2,0.892796084461648,1,0.26997895052921467,0,0.892796084461648,1,0.8372249650091373,1
f1cf53b3ecf456c7,2022_23,SC0,1X,0.8181986351320476,1,0.8181986351320476,1,0.42358449980903967,0,0.7582168650589127,1
fe75cab5a022042f,2022_23,SC0,12,0.6926362435718039,1,0.6892480574352922,0,0.618115698992904,1,0.6926362435718039,1
e96fbdc57151c066,2022_23,SC0,X2,0.8407212093794825,1,0.37777160137967886,0,0.8407212093794825,1,0.7815071892408385,1
3366f112dd0659d1,2022_23,SC0,1X,0.9587143302726634,1,0.9587143302726634,1,0.13246867554193711,0,0.9088169941853995,1
1afde67f2cc81edd,2022_23,SC0,X2,0.9116424479171776,1,0.25099906141544215,0,0.9116424479171776,1,0.8373584906673802,1
a5ac7f93d422430b,2022_23,SC0,1X,0.7592517868671933,1,0.7592517868671933,1,0.515948398813088,1,0.7247998143197187,0
60a4c2000969082f,2022_23,SC0,1X,0.9640418063043796,1,0.9640418063043796,1,0.11819981923488464,0,0.9177583744607358,1
a2edfcbd22368479,2022_23,SC0,12,0.7022033939266819,1,0.6574718910209234,1,0.6403247150523947,0,0.7022033939266819,1
4a0ca01be1bd2e4f,2022_23,SC0,12,0.7375869903425794,0,0.5579115213806852,1,0.7045014882767353,1,0.7375869903425794,0
2aa790940493f27f,2022_23,SC0,1X,0.8039544497786624,1,0.8039544497786624,1,0.4406745178028991,0,0.7553710324184383,1
52fd801179c4aaad,2022_23,SC0,1X,0.7726886400971374,1,0.7726886400971374,1,0.5039989566556903,0,0.7233124032471724,1
bc58283656031724,2022_23,SC0,12,0.7241851648722043,1,0.583417738942021,1,0.692397096185775,0,0.7241851648722043,1
59b398b87727feba,2022_23,SC0,12,0.7033847752653095,0,0.6370597725134715,1,0.659555452221219,1,0.7033847752653095,0
f9cffe6060d1e6c8,2022_23,SC0,1X,0.9270592571469357,1,0.9270592571469357,1,0.19733894436365434,0,0.8756017984894101,1
c86697d8e1c6a5c5,2022_23,SC0,12,0.7316181626850539,1,0.5701620132181753,0,0.6982198240967707,1,0.7316181626850539,1
cb8e3e035501362d,2022_23,SC0,X2,0.8832366057055757,1,0.2773448360602174,0,0.8832366057055757,1,0.8394185582342069,1
774d6ed5aef24038,2022_23,SC0,12,0.7379062599529094,0,0.5826240973592303,1,0.6794696426878604,1,0.7379062599529094,0
6de8a0c6493afa60,2022_23,SC0,1X,0.8398904735284882,1,0.8398904735284882,1,0.38380527405939885,1,0.776304252412113,0
0d38e77db74389f7,2022_23,SC0,12,0.7350518147143883,1,0.6882810453589068,1,0.5766671399267049,0,0.7350518147143883,1
9b7e00fb228f539c,2022_23,SC0,12,0.7000052454207335,0,0.650162319913238,1,0.6498324346660285,1,0.7000052454207335,0
f655ed3a77db08d0,2022_23,SC0,12,0.7110215372465347,0,0.6133045769547816,1,0.6756738857986838,1,0.7110215372465347,0
3b817bd9929bc344,2022_23,SC0,12,0.7060070639480566,1,0.6844812779003292,0,0.6095116581516143,1,0.7060070639480566,1
b8ee7cdd7dff76c7,2022_23,SC0,1X,0.8250844623125686,1,0.8250844623125686,1,0.4265596203516486,0,0.7483559173357828,1
a168fae147fb5fe1,2022_23,SC0,1X,0.962098603546801,1,0.962098603546801,1,0.12040927329611939,0,0.9174921231570796,1
b3dd0fd9f71549ba,2022_23,SC0,12,0.6819208123905363,1,0.665261290409826,0,0.6528178971996377,1,0.6819208123905363,1
520ec0c357ee10bc,2022_23,SC0,12,0.7229260126533311,0,0.6281375358336948,1,0.648936451512974,1,0.7229260126533311,0
1ce0e01f4da76314,2022_23,SC0,12,0.7124858309748661,1,0.6219481649721894,0,0.6655660040529445,1,0.7124858309748661,1
8d0ff2bf7f21e403,2022_23,SC0,X2,0.9044454658170497,1,0.27337274078872975,0,0.9044454658170497,1,0.8221817933942206,1
c3444b8e08807ab1,2022_23,SC0,1X,0.8073978053993526,1,0.8073978053993526,1,0.440621674766542,0,0.7519805198341054,1
487fa4ebf7039083,2022_23,SC0,1X,0.8048583248866565,1,0.8048583248866565,1,0.45206490560929113,1,0.7430767695040521,0
1fe738dc16f58b76,2022_23,SC0,1X,0.8098992777717016,1,0.8098992777717016,1,0.45286258306286215,1,0.7372381391654365,0
5326abfd26e77466,2022_23,SC0,1X,0.7074386247810356,0,0.7074386247810356,0,0.6068322990739988,1,0.6857290761449655,1
13baae28cffcd3d2,2022_23,SC0,1X,0.952434367350074,1,0.952434367350074,1,0.15606687734810804,0,0.891498755301818,1
0aa9037ba8f2aa25,2022_23,SC0,12,0.7332044565388915,1,0.721965868002163,1,0.5448296754589455,0,0.7332044565388915,1
adf25497a7e8ecab,2022_23,SC0,X2,0.8987512370585921,1,0.2795356921179291,0,0.8987512370585921,1,0.821713070823479,1
e2ac2abfd15855e7,2022_23,SC0,12,0.7305495792330841,1,0.6828077561051102,1,0.5866426646618057,0,0.7305495792330841,1
efe6ae3f2575757a,2022_23,SC0,1X,0.9531968685118328,1,0.9531968685118328,1,0.15962710848352807,0,0.8871760230046393,1
b42499f356ac17dc,2022_23,SC0,12,0.6833116861638087,1,0.6540143163696676,1,0.6626739974665237,0,0.6833116861638087,1
cb4c9f5dc294319a,2022_23,SC0,1X,0.7034047256814846,1,0.7034047256814846,1,0.6048701372560192,0,0.6917251370624962,1
cf4f4244f237beec,2022_23,SC0,12,0.7275042157701346,0,0.5933875682722949,1,0.6791082159575702,1,0.7275042157701346,0
1f9a4750946a76f4,2022_23,SC0,X2,0.9267786131027015,1,0.21108753712160927,0,0.9267786131027015,1,0.8621338497756894,1
872ba0f3507a87e6,2022_23,SC0,X2,0.7446994234797304,1,0.5294496059197469,1,0.7446994234797304,1,0.7258509706005227,0
926e400bbbee86c1,2022_23,SC0,1X,0.749098321848668,0,0.749098321848668,0,0.5358202373246256,1,0.7150814408267065,1
f71f4696416c48cc,2022_23,SC0,1X,0.9571535671290228,1,0.9571535671290228,1,0.146503193133666,0,0.8963432397373112,1
ffb6846633ecb09b,2022_23,SC0,X2,0.8411147932191834,1,0.36830140246418164,0,0.8411147932191834,1,0.790583804316635,1
66658f446a7dd25a,2022_23,SC0,1X,0.7228021440860153,1,0.7228021440860153,1,0.5809024609497417,0,0.696295394964243,1
cf5d31a7377bfcf2,2022_23,SC0,1X,0.7794174237562137,0,0.7794174237562137,0,0.5061199273514057,1,0.7144626488923809,1
2ca1ffaeaee0d881,2022_23,SC0,1X,0.7739313341993133,1,0.7739313341993133,1,0.4894858896117619,0,0.7365827761889249,1
6ffeaa2e11bc1d5f,2022_23,SC0,1X,0.8087050930962718,1,0.8087050930962718,1,0.43598540105694444,0,0.7553095058467838,1
a969ee928e16711b,2022_23,SC0,1X,0.7035147932431427,1,0.7035147932431427,1,0.5999485863417738,0,0.6965366204150836,1
964208c40d1849eb,2022_23,SC0,1X,0.9529730615318984,1,0.9529730615318984,1,0.1480727045932728,0,0.898954233874829,1
cd6e3fc23e186905,2022_23,SC0,12,0.6999374174398576,1,0.6753840853133246,0,0.624678497246818,1,0.6999374174398576,1
c580f2b2487ae2f1,2022_23,SC0,X2,0.9381061917510101,1,0.1910126434663436,0,0.9381061917510101,1,0.8708811647826463,1
136d86ec18693e93,2022_23,SC0,X2,0.6907974587975474,0,0.6228258434104073,1,0.6907974587975474,0,0.6863766977920454,1
4ddbeee04ece2fe4,2022_23,SC0,1X,0.9439240153874792,1,0.9439240153874792,1,0.1732258633408578,0,0.8828501212716631,1
9aa2f5d150763fcb,2022_23,SC0,12,0.6956207009635341,1,0.6954126139646025,0,0.6089666850718632,1,0.6956207009635341,1
3fab620c589d4855,2022_23,SC0,1X,0.766770766316974,1,0.766770766316974,1,0.5059097249081728,0,0.7273195087748533,1
48c28dac0b195288,2022_23,SC0,X2,0.8899958089324397,1,0.29939134311801857,0,0.8899958089324397,1,0.8106128479495418,1
475f4dedd68fb20a,2022_23,SC0,1X,0.7538921196441395,1,0.7538921196441395,1,0.5524175294583445,0,0.6936903508975157,1
c69b8033cc151a3a,2022_23,SC0,12,0.7260684587210582,1,0.5628715340452402,1,0.7110600072337017,0,0.7260684587210582,1
140e825cf032043e,2022_23,SC0,1X,0.7650607915832823,1,0.7650607915832823,1,0.5250824440004938,0,0.709856764416224,1
8af9627a581a12e9,2022_23,SC0,1X,0.7268356805474433,1,0.7268356805474433,1,0.5734238616221169,1,0.6997404578304399,0
f7a956ae03973cd2,2022_23,SC0,12,0.6988461876552807,1,0.685073746362027,1,0.6160800659826924,0,0.6988461876552807,1
c3197f6c0a3df63e,2022_23,SC0,1X,0.6902327793240686,1,0.6902327793240686,1,0.6377239615810809,1,0.6720432590948506,0
0e781372f3548f71,2022_23,SC0,1X,0.8135328142870877,1,0.8135328142870877,1,0.4338272528225354,0,0.7526399328903769,1
96b79f8b5aaf6310,2022_23,SC0,X2,0.693863244682512,1,0.6160323253534934,0,0.693863244682512,1,0.6901044299639947,1
294bf5af0ccd33d4,2022_23,SC0,1X,0.9336057527313696,1,0.9336057527313696,1,0.1971866162343389,0,0.8692076310342916,1
8cf52541e2f595c2,2022_23,SC0,12,0.6877842910233045,1,0.6794261277127742,0,0.6327895812639213,1,0.6877842910233045,1
457958167aa95149,2022_23,SC0,12,0.7082353191164505,1,0.6182816720403734,0,0.673483008843176,1,0.7082353191164505,1
9b605de729c7930c,2022_23,SC0,X2,0.9123853662533818,1,0.239847851508039,0,0.9123853662533818,1,0.8477667822385794,1
f8782e4c9f25097b,2022_23,SC0,1X,0.9449980620797259,1,0.9449980620797259,1,0.15175933825143506,0,0.9032425996688391,1
341bc8e185026c95,2022_23,SC0,X2,0.8248073335593054,1,0.4045160717085663,0,0.8248073335593054,1,0.7706765947321284,1
c0096c5835db96ee,2022_23,SC0,1X,0.7118731255474309,1,0.7118731255474309,1,0.5889761015541168,1,0.6991507728984522,0
c75832968055f15f,2022_23,SC0,X2,0.9079453200881327,1,0.2621498328085228,0,0.9079453200881327,1,0.8299048471033448,1
abc25069d95ea98b,2022_23,SC0,12,0.7209262674839956,1,0.7055154905270042,1,0.5735582419890002,0,0.7209262674839956,1
136f6bb03342fae6,2022_23,SC0,1X,0.9546697290831219,1,0.9546697290831219,1,0.13870664130825316,0,0.906623629608625,1
f6570dddc52304cd,2022_23,SC0,12,0.7024259460375855,0,0.6467742217969676,1,0.6507998321654469,1,0.7024259460375855,0
5aa1c073f5654812,2022_23,SC0,1X,0.7347608295741813,1,0.7347608295741813,1,0.559838543018203,1,0.7054006274076156,0
f02a68543f98a26d,2022_23,SC0,1X,0.7484742215284844,1,0.7484742215284844,1,0.5481248682077294,0,0.7034009102637863,1
fac1c5037e023413,2022_23,SC0,1X,0.7862572206519479,0,0.7862572206519479,0,0.4841298203487876,1,0.7296129589992645,1
fb6a572825271d28,2022_23,SC0,12,0.7208579930383217,1,0.6443429781286845,1,0.6347990288329941,0,0.7208579930383217,1
bf4013a91dbb99a6,2022_23,SC0,1X,0.9516980589909195,1,0.9516980589909195,1,0.14118701156094088,0,0.9071149294481398,1
79fd9c9801f4efb6,2022_23,SC0,X2,0.712880381539378,1,0.5825262426653828,0,0.712880381539378,1,0.7045933757952392,1
1813bed22ce3d509,2022_23,SC0,1X,0.7562237437359345,1,0.7562237437359345,1,0.5459016215734771,0,0.6978746346905884,1
569909c3d0c390bc,2022_23,SC0,X2,0.9424281606213102,1,0.17137651787694602,0,0.9424281606213102,1,0.8861953215017437,1
71b1cfd475dec3df,2022_23,SC0,1X,0.7994688665854995,1,0.7994688665854995,1,0.4296560274908692,0,0.7708751059236313,1
676683b79edbcbec,2022_23,SC0,1X,0.7845486114057498,1,0.7845486114057498,1,0.49272945886104774,0,0.7227219297332024,1
f54730b5513ddc54,2022_23,SC0,12,0.7172707716436386,1,0.7141230909416689,0,0.5686061374146925,1,0.7172707716436386,1
a8adad38b710b18e,2022_23,SC0,1X,0.7221417954485166,1,0.7221417954485166,1,0.579632234138314,0,0.6982259704131695,1
b929890b5b511e67,2022_23,SC0,1X,0.7064188100248098,0,0.7064188100248098,0,0.5959853629238061,1,0.6975958270513842,1
ca6ad5da2d78f571,2022_23,SC0,12,0.7229600827910365,1,0.5658222745247428,1,0.7112176426842207,0,0.7229600827910365,1
61247ead725da58d,2022_23,SC0,X2,0.7235248810815377,1,0.5555069702472795,0,0.7235248810815377,1,0.720968148671183,1
fe3a16777021f062,2022_23,SC0,12,0.7228793660654007,1,0.693426736244928,1,0.5836938976896715,0,0.7228793660654007,1
ca847e339d87f774,2022_23,SC0,1X,0.7423002092361435,1,0.7423002092361435,1,0.5506215658554128,0,0.7070782249084437,1
dc004238846e6b99,2022_23,SC0,1X,0.7610187687625848,0,0.7610187687625848,0,0.5137700751654776,1,0.7252111560719378,1
32246f13804b8c79,2022_23,SC0,1X,0.9208988526611231,1,0.9208988526611231,1,0.22667441892374124,0,0.8524267284151358,1
64dabaf488eb69b6,2022_23,SC0,X2,0.9193194767617769,1,0.22596057735850789,0,0.9193194767617769,1,0.8547199458797153,1
e28759b83807f2b1,2022_23,SC0,1X,0.7955751454622628,1,0.7955751454622628,1,0.4514410227988272,0,0.75298383173891,1
88483a1451a728d0,2022_23,SC0,1X,0.9474307567246678,1,0.9474307567246678,1,0.14096477619955708,1,0.9116044670757752,0
364a312af0d28500,2022_23,SC0,12,0.7050597469066368,1,0.6655381721073772,1,0.6294020809859859,0,0.7050597469066368,1
f6105a2ac78e79a6,2022_23,SC0,X2,0.7418921398674196,1,0.5420060118543792,1,0.7418921398674196,1,0.716101848278201,0
a0210e7f8f6dbf6a,2022_23,SC0,1X,0.7349581355035429,0,0.7349581355035429,0,0.5694008328377621,1,0.6956410316586951,1
78f97538475ccefa,2022_23,SC0,X2,0.8333900396852058,0,0.3924978688673738,1,0.8333900396852058,0,0.7741120914474207,1
5ec7987c946ecbff,2022_23,SC0,1X,0.7528050672819592,1,0.7528050672819592,1,0.529554623176295,0,0.717640309541746,1
062ba9b92ead4f71,2022_23,SC0,12,0.7193086390683233,1,0.6948171603706179,1,0.5858742005610585,0,0.7193086390683233,1
d42413c0b9a26fc8,2022_23,SC0,1X,0.7286714464347477,1,0.7286714464347477,1,0.556555981129599,0,0.7147725724356533,1
549f8794bf5ec54d,2022_23,SC0,12,0.6992307653845578,1,0.6947081360189291,1,0.6060610985965131,0,0.6992307653845578,1
0582254572621b80,2022_23,SC0,X2,0.8964016875264219,1,0.2626240775830561,0,0.8964016875264219,1,0.8409742348905218,1
d158da80b3f40ab6,2022_23,SC0,1X,0.8750482857515468,1,0.8750482857515468,1,0.29791686846774873,0,0.8270348457807044,1
b681020e58911178,2022_23,SC0,12,0.7431875760607685,1,0.6249832624334037,1,0.6318291615058278,0,0.7431875760607685,1
5a31d45cc7fc690d,2022_23,SC0,12,0.7274757287477502,0,0.7241968732210686,1,0.5483273980311811,1,0.7274757287477502,0
cbe6d50f3665198c,2022_23,SC0,12,0.7172320741320881,1,0.7051588324073468,0,0.577609093460565,1,0.7172320741320881,1
c1e492598b339da9,2022_23,SC0,1X,0.7872825989100255,1,0.7872825989100255,1,0.48143726030676326,0,0.7312801407832112,1
0d6157fc74b6027d,2022_23,SC0,12,0.6938783449982447,1,0.6391491182830632,0,0.6669725367186919,1,0.6938783449982447,1
6bfdbfb1610721e2,2022_23,SC0,12,0.7103575342686403,0,0.628305816427997,1,0.6613366493033626,1,0.7103575342686403,0
d846986386b208e7,2022_23,SC0,12,0.7434342934426938,1,0.7340032608629596,1,0.5225624456943465,0,0.7434342934426938,1
264b5fc8d59ce171,2022_23,SC0,1X,0.941490804300986,1,0.941490804300986,1,0.16808442626119685,1,0.8904247694378171,0
7864977bcd611fc2,2022_23,SC0,1X,0.7734227875773285,0,0.7734227875773285,0,0.5127804750086201,1,0.7137967374140513,1
80ecf4c5afb1b564,2022_23,SC0,12,0.7066153387919156,1,0.6638512685253808,1,0.6295333926827036,0,0.7066153387919156,1
205a3812ce5696bd,2022_23,SC0,1X,0.7485490699703714,1,0.7485490699703714,1,0.517114395874648,0,0.7343365341549806,1
2772ae8166a727f5,2022_23,SC0,X2,0.7795662267763452,1,0.45771126230681036,0,0.7795662267763452,1,0.7627225109168444,1
a3288a89a826ca2e,2022_23,SC0,1X,0.7872641202763866,1,0.7872641202763866,1,0.4790303142992,0,0.7337055654244132,1
40eeea85247440f8,2022_23,SC0,12,0.7035206472726219,1,0.6757819966254897,0,0.6206973561018885,1,0.7035206472726219,1
16354a07ea6a7350,2022_23,SC0,X2,0.8065013540947897,0,0.42747798242886265,1,0.8065013540947897,0,0.7660206634763477,1
dcf2a1f3d304266b,2022_23,SC0,12,0.7122108938485603,0,0.5781575367655204,1,0.7096315693859194,1,0.7122108938485603,0
98f76e873d6ab927,2022_23,SC0,1X,0.8800268964474809,1,0.8800268964474809,1,0.2974373737474682,1,0.822535729805051,0
1d39dc903791dac0,2022_23,SC0,1X,0.7652050947114875,1,0.7652050947114875,1,0.5145385196212415,1,0.720256385667271,0
c01cf67bff21ee9c,2022_23,SC0,1X,0.9286501482737102,1,0.9286501482737102,1,0.18576490557579353,0,0.8855849461504963,1
215164b983adde2a,2022_23,SC0,12,0.7332230902247925,0,0.7044634120922124,1,0.5623134976829951,1,0.7332230902247925,0
003527925369a911,2022_23,SC0,X2,0.8875646026854234,1,0.29594484100305085,0,0.8875646026854234,1,0.8164905563115257,1
1bc644eb4519e536,2022_23,SC0,1X,0.7622478136348476,1,0.7622478136348476,1,0.5054346159406587,0,0.7323175704244937,1
0e6de35618d7be19,2022_23,SC0,1X,0.7808832711783112,1,0.7808832711783112,1,0.45946609712535313,0,0.7596506316963356,1
013c07623616122f,2022_23,SC0,1X,0.76451076386741,1,0.76451076386741,1,0.5184421162050115,0,0.7170471199275785,1
bc1a6513f0bbfec9,2023_24,SC0,1X,0.9602321797407228,1,0.9602321797407228,1,0.10500135301619426,0,0.9347664672430829,1
78332830e5287803,2023_24,SC0,12,0.7056309827042679,0,0.7023249226399948,1,0.5920440946557373,1,0.7056309827042679,0
6f79a90d029b7259,2023_24,SC0,12,0.7022274332783631,0,0.6398797671780527,1,0.6578927995435844,1,0.7022274332783631,0
fdc372025fddea88,2023_24,SC0,X2,0.7283154398931642,1,0.5518000624081534,0,0.7283154398931642,1,0.7198844976986825,1
4fac90be5ada609b,2023_24,SC0,X2,0.8770593653424039,0,0.3124289983499049,1,0.8770593653424039,0,0.8105116363076911,1
1ae98e4a85b54352,2023_24,SC0,1X,0.750679703414215,0,0.750679703414215,0,0.5295586349677703,1,0.7197616616180147,1
5c9d77f52d9b7155,2023_24,SC0,1X,0.9345437553716744,1,0.9345437553716744,1,0.18470697171916756,0,0.8807492729091582,1
493a388a57e547ee,2023_24,SC0,1X,0.7775849175081877,1,0.7775849175081877,1,0.4940257840261285,0,0.7283892984656836,1
843f0bba5f7556f1,2023_24,SC0,1X,0.7089335506757759,1,0.7089335506757759,1,0.5843103549690649,0,0.7067560943551591,1
16aaa860d74de20b,2023_24,SC0,X2,0.9035330045661722,1,0.25100213341612804,0,0.9035330045661722,1,0.8454648620176998,1
485eb16b7807b5a8,2023_24,SC0,1X,0.7777409115656431,1,0.7777409115656431,1,0.4865061176817862,1,0.735752970752571,0
4732550b5826f88d,2023_24,SC0,12,0.7061380422804715,1,0.641721231760495,1,0.6521407259590335,0,0.7061380422804715,1
0f1daa3773a5d7f7,2023_24,SC0,1X,0.7832058434714776,0,0.7832058434714776,0,0.4871754504982124,1,0.7296187060303102,1
c34182bb21ea4778,2023_24,SC0,12,0.6854830174407984,0,0.6322476418022351,1,0.6822693407569664,1,0.6854830174407984,0
ae2a597deed014e9,2023_24,SC0,12,0.7013218845175595,0,0.608837432172087,1,0.6898406833103534,1,0.7013218845175595,0
0a7d333fd0b4f0d0,2023_24,SC0,12,0.7479713165269052,1,0.6816354150079534,0,0.5703932684651415,1,0.7479713165269052,1
27c2b40cebdc55d7,2023_24,SC0,12,0.7207511556974736,1,0.6844783325660326,0,0.5947705117364939,1,0.7207511556974736,1
1bd83a8f5dd80e7f,2023_24,SC0,1X,0.7974009939997426,0,0.7974009939997426,0,0.4537373511263928,1,0.7488616548738646,1
29efbd6b53dbeabf,2023_24,SC0,X2,0.9183172341057673,1,0.23356760152251327,0,0.9183172341057673,1,0.8481151643717195,1
fdf0dbb3d6dfa12f,2023_24,SC0,1X,0.9190116897854836,1,0.9190116897854836,1,0.20872459494407775,0,0.8722637152704386,1
1c2888317f9b089e,2023_24,SC0,12,0.7363573847324127,1,0.7168948101609367,1,0.5467478051066506,0,0.7363573847324127,1
ccf18b9f606b40a7,2023_24,SC0,12,0.7006471212618747,0,0.6635321999706506,1,0.6358206787674748,1,0.7006471212618747,0
4d3ccadcb729aa57,2023_24,SC0,12,0.6973250855615456,1,0.6463974329110314,0,0.656277481527423,1,0.6973250855615456,1
2c0f98efd29049d3,2023_24,SC0,1X,0.7260423948254877,1,0.7260423948254877,1,0.5703458211220962,1,0.7036117840524161,0
870671502fdc3b30,2023_24,SC0,X2,0.9070532206255735,1,0.2534332016093238,0,0.9070532206255735,1,0.839513577765103,1
0a0ced8946d6c59d,2023_24,SC0,12,0.7107102431295815,0,0.6791595332609186,1,0.6101302236095001,1,0.7107102431295815,0
68d0bdf1889a44c4,2023_24,SC0,1X,0.8306177892390093,1,0.8306177892390093,1,0.4012353918701601,0,0.7681468188908308,1
a715610de9617d0d,2023_24,SC0,12,0.7035292311535994,1,0.6415672268084345,1,0.6549035420379661,0,0.7035292311535994,1
6fa6e9089f37293a,2023_24,SC0,1X,0.7757845090056896,1,0.7757845090056896,1,0.4888354161494597,0,0.7353800748448507,1
bfeec56e5dc72507,2023_24,SC0,1X,0.9210383232939776,1,0.9210383232939776,1,0.21473213239991418,0,0.8642295443061082,1
24ec14096e74dd07,2023_24,SC0,X2,0.8667129343658946,1,0.32564021526634446,0,0.8667129343658946,1,0.8076468503677612,1
e5c382c41f4f68e6,2023_24,SC0,1X,0.820176399807968,1,0.820176399807968,1,0.41390872909844134,1,0.7659148710935909,0
aa453fcc6b4e81f9,2023_24,SC0,1X,0.7215668623341335,1,0.7215668623341335,1,0.5723447641345097,1,0.7060883735313567,0
baf83541533b3abc,2023_24,SC0,1X,0.8926397615501216,0,0.8926397615501216,0,0.28763046171656126,1,0.8197297767333172,1
8ac281075e574aa5,2023_24,SC0,12,0.7103057744237241,1,0.5921603418363746,0,0.6975338837399014,1,0.7103057744237241,1
5f3eb7b83ff858b3,2023_24,SC0,1X,0.7018942241222885,1,0.7018942241222885,1,0.6093705151185255,1,0.6887352607591861,0
0a0f4270a84281fd,2023_24,SC0,1X,0.9232000613619873,1,0.9232000613619873,1,0.21145154304995512,0,0.8653483955880575,1
923d3d26285ccd4a,2023_24,SC0,12,0.7233215478776862,0,0.6659602760024439,1,0.6107181761198699,1,0.7233215478776862,0
7a7183f030123a06,2023_24,SC0,12,0.6987425179631068,1,0.6127300917664553,1,0.688527390270438,0,0.6987425179631068,1
59bd560252ae8100,2023_24,SC0,X2,0.8290952272382273,1,0.4058777661158141,0,0.8290952272382273,1,0.7650270066459585,1
de73c82ead04b873,2023_24,SC0,1X,0.8680463554218696,1,0.8680463554218696,1,0.351500750551646,1,0.7804528940264845,0
7ff9612bb5a397eb,2023_24,SC0,1X,0.7730933608617871,1,0.7730933608617871,1,0.507593183893903,0,0.7193134552443099,1
846cf697ef2af583,2023_24,SC0,1X,0.8698773097374551,1,0.8698773097374551,1,0.31934304595228047,0,0.8107796443102644,1
696cda7952331a3a,2023_24,SC0,X2,0.8389792742087968,1,0.36139579355690366,0,0.8389792742087968,1,0.7996249322342995,1
e349672310fd0851,2023_24,SC0,12,0.7226776546580637,0,0.7141635818667573,1,0.5631587634751789,1,0.7226776546580637,0
5f42af5b2d1b5420,2023_24,SC0,X2,0.8395847738222006,1,0.3623983341217038,1,0.8395847738222006,1,0.7980168920560954,0
52d105d0b070af01,2023_24,SC0,12,0.704046044558235,1,0.6704307769099825,0,0.6255231785317823,1,0.704046044558235,1
6debcf8587f1e0eb,2023_24,SC0,1X,0.768478236409615,1,0.768478236409615,1,0.4933642496732344,1,0.7381575139171505,0
b31303887622d6af,2023_24,SC0,1X,0.8194183210850352,1,0.8194183210850352,1,0.4565490238853182,0,0.7240326550296466,1
2b5eff50bba84b10,2023_24,SC0,12,0.7052541124055696,1,0.6726408121848275,1,0.6221050754096031,0,0.7052541124055696,1
e6550b6b000ee032,2023_24,SC0,1X,0.9094291748424315,1,0.9094291748424315,1,0.24551506126744366,0,0.8450557638901248,1
909b25155dba2ccd,2023_24,SC0,1X,0.7950047169875557,1,0.7950047169875557,1,0.4487191452682079,1,0.7562761377442364,0
a18b53e5985b0b2a,2023_24,SC0,1X,0.9263733701853769,1,0.9263733701853769,1,0.21095389116207597,0,0.8626727386525472,1
0cc99388b84b5196,2023_24,SC0,X2,0.8665207799603515,1,0.3426747840974776,0,0.8665207799603515,1,0.7908044359421711,1
54398bbf2beccd26,2023_24,SC0,1X,0.8612026241621384,1,0.8612026241621384,1,0.35421539359240406,0,0.7845819822454575,1
0ab415c93425f9bf,2023_24,SC0,12,0.7028856116329214,1,0.6725110367144396,0,0.624603351652639,1,0.7028856116329214,1
b23e46642405ada4,2023_24,SC0,X2,0.7391130266735706,0,0.562487742441192,1,0.7391130266735706,0,0.6983992308852374,1
a2818849fbb54c64,2023_24,SC0,X2,0.8895287867316529,1,0.28453537442273974,0,0.8895287867316529,1,0.8259358388456073,1
6f362db13ee0d000,2023_24,SC0,1X,0.7599833103561003,1,0.7599833103561003,1,0.5153470695851865,0,0.7246696200587132,1
3c9d5152f64d450b,2023_24,SC0,1X,0.7928788869381607,1,0.7928788869381607,1,0.4737683847124183,0,0.7333527283494211,1
d7e625298810d2b2,2023_24,SC0,12,0.6946981842333781,0,0.654037847932925,1,0.6512639678336969,1,0.6946981842333781,0
082eef0e709b4c4b,2023_24,SC0,12,0.7079250974151199,0,0.7076563386466963,1,0.5844185639381837,1,0.7079250974151199,0
122fbd586ec357a5,2023_24,SC0,12,0.7009493446715458,1,0.6587912145155097,1,0.6402594408129445,0,0.7009493446715458,1
7c5ffdbb283c3637,2023_24,SC0,12,0.7266521594553179,1,0.7247775357843004,1,0.5485703047603816,0,0.7266521594553179,1
7f49ec93c12144ca,2023_24,SC0,12,0.714645622362172,1,0.5885624328617745,0,0.6967919447760536,1,0.714645622362172,1
91b42fb5cb1239c1,2023_24,SC0,12,0.6937526296341681,1,0.6810374312302006,1,0.6252099391356314,0,0.6937526296341681,1
bfc95175c2abb224,2023_24,SC0,X2,0.9179904451161137,1,0.23899003213796216,0,0.9179904451161137,1,0.8430195227459242,1
13655197012ab0fb,2023_24,SC0,1X,0.9179990184225382,1,0.9179990184225382,1,0.229294092622217,0,0.8527068889552449,1
97e85c61c125e1d1,2023_24,SC0,1X,0.9379170189091057,1,0.9379170189091057,1,0.1737359766830931,1,0.8883470044078012,0
9ad151a8e892bdf6,2023_24,SC0,12,0.7116420268949546,1,0.6096960785045404,0,0.678661894600505,1,0.7116420268949546,1
2a4c56ffdf5badee,2023_24,SC0,1X,0.8679718277938454,1,0.8679718277938454,1,0.35317592296090294,0,0.7788522492452516,1
259cd5b86dbfe511,2023_24,SC0,12,0.6916419654064699,0,0.6354651792480422,1,0.6728928553454877,1,0.6916419654064699,0
fb074a50c5ae5fc0,2023_24,SC0,1X,0.784957809538926,1,0.784957809538926,1,0.5011101468120628,0,0.7139320436490111,1
159598c3676377c6,2023_24,SC0,X2,0.8742133370548155,1,0.3354642848574908,1,0.8742133370548155,1,0.7903223780876937,0
af379d094b7e07f4,2023_24,SC0,1X,0.6982035952748731,1,0.6982035952748731,1,0.6199874804568195,0,0.6818089242683074,1
b533a984efa62493,2023_24,SC0,12,0.7095031182207112,1,0.646535471193489,0,0.6439614105857999,1,0.7095031182207112,1
2e422ddef0102b3d,2023_24,SC0,12,0.7102290384340143,0,0.7048689024572193,1,0.5849020591087665,1,0.7102290384340143,0
f7b5ee711f5b4656,2023_24,SC0,X2,0.9307904681275112,1,0.21012236561993974,0,0.9307904681275112,1,0.8590871662525491,1
61fa9ed6cfeca497,2023_24,SC0,12,0.7251567705305075,1,0.6906020303888549,1,0.5842411990806378,0,0.7251567705305075,1
feac473362337901,2023_24,SC0,1X,0.9447968828725861,1,0.9447968828725861,1,0.18257213732642633,0,0.8726309798009876,1
a7435c698e2a24be,2023_24,SC0,1X,0.7288188525510191,1,0.7288188525510191,1,0.5720031108344692,0,0.6991780366145118,1
87aff9119be811f3,2023_24,SC0,1X,0.7478886885084814,0,0.7478886885084814,0,0.5343239376239248,1,0.7177873738675937,1
ea9cb84fc15448b4,2023_24,SC0,1X,0.9204022098735375,1,0.9204022098735375,1,0.22003601824792607,0,0.8595617718785364,1
1f8d33cca48fac02,2023_24,SC0,12,0.6760306496630761,1,0.651656287864331,1,0.6723130624725929,0,0.6760306496630761,1
29a1333d55cbc449,2023_24,SC0,X2,0.8588807695327583,1,0.3581300122623435,0,0.8588807695327583,1,0.7829892182048983,1
255f0df34c92c1fe,2023_24,SC0,12,0.7224647183647116,1,0.6727172378194837,1,0.6048180438158048,0,0.7224647183647116,1
90958ae0e0628dc9,2023_24,SC0,X2,0.7529293738116036,1,0.5286412589128546,0,0.7529293738116036,1,0.7184293672755417,1
ca505d48a20e1642,2023_24,SC0,12,0.7071917157691523,0,0.7070584487522628,1,0.5857498354785851,1,0.7071917157691523,0
e63faec6cc55ed40,2023_24,SC0,1X,0.9552763103159225,1,0.9552763103159225,1,0.14816747577147066,0,0.8965562139126068,1
e1beb29c9920a397,2023_24,SC0,1X,0.733427691069439,1,0.733427691069439,1,0.5680789990743421,0,0.698493309856219,1
7248e14d06ed2e62,2023_24,SC0,X2,0.863768112806632,0,0.3193603628199593,1,0.863768112806632,0,0.8168715243734088,1
2e197b8724664872,2023_24,SC0,1X,0.9252629262541695,0,0.9252629262541695,0,0.21100908534343038,1,0.8637279884023997,1
e9c2b2b76572d5e1,2023_24,SC0,X2,0.7377631613817217,1,0.5604358002598562,1,0.7377631613817217,1,0.7018010383584221,0
322a8b8bc225eb56,2023_24,SC0,12,0.7103326304425708,1,0.705121145601615,0,0.5845462239558143,1,0.7103326304425708,1
aed1ab9981e3f946,2023_24,SC0,X2,0.7405317729875742,0,0.5409212149819311,1,0.7405317729875742,0,0.7185470120304946,1
72494c5917acfab9,2023_24,SC0,1X,0.764200302274708,1,0.764200302274708,1,0.5200635325871121,1,0.7157361651381797,0
edec52c2fb61e7f8,2023_24,SC0,1X,0.830771510958206,1,0.830771510958206,1,0.4096372785814437,0,0.7595912104603504,1
97be797580811573,2023_24,SC0,1X,0.9542948552790135,1,0.9542948552790135,1,0.15226415836900992,0,0.8934409863519767,1
f0fb24d135eed150,2023_24,SC0,1X,0.967446483422342,1,0.967446483422342,1,0.11144845120040647,0,0.9211050653772516,1
83cce578f11db648,2023_24,SC0,1X,0.7873903736938123,1,0.7873903736938123,1,0.48765320154779823,0,0.7249564247583895,1
d20de84b084338c4,2023_24,SC0,1X,0.8305469515966462,1,0.8305469515966462,1,0.4232765865700174,0,0.7461764618333363,1
9ddc9b464039f60e,2023_24,SC0,X2,0.9050546281852667,1,0.25423768272028,0,0.9050546281852667,1,0.8407076890944533,1
3391bb0c47ef65df,2023_24,SC0,X2,0.9074139258801305,1,0.24634513566915436,0,0.9074139258801305,1,0.8462409384507154,1
3912e28969c357e2,2023_24,SC0,1X,0.7284133676307712,1,0.7284133676307712,1,0.5886473481496652,1,0.6829392842195634,0
d56c1dfbea43f3a2,2023_24,SC0,12,0.6776714290877477,1,0.64998096174407,0,0.6723476091681823,1,0.6776714290877477,1
9f3891ef0f41af76,2023_24,SC0,12,0.7114234165671002,1,0.643435915105046,0,0.6451406683278537,1,0.7114234165671002,1
70b20189273a2bfa,2023_24,SC0,12,0.7287785217254604,1,0.7210704923596905,1,0.550150985914849,0,0.7287785217254604,1
5ed8e03c80a0097e,2023_24,SC0,1X,0.8083118386360233,0,0.8083118386360233,0,0.4660764254751225,1,0.7256117358888543,1
d4abf92a6a7c099f,2023_24,SC0,1X,0.8202103799445206,1,0.8202103799445206,1,0.42356596010810205,1,0.7562236599473774,0
22c948c3fe0c79c5,2023_24,SC0,1X,0.8043920720548048,1,0.8043920720548048,1,0.45145820629431305,1,0.7441497216508822,0
0d4a684660ade06b,2023_24,SC0,1X,0.7481349993961607,1,0.7481349993961607,1,0.5494585754031276,0,0.7024064252007118,1
fdf9ac0d5ae455bd,2023_24,SC0,1X,0.7533743656441594,1,0.7533743656441594,1,0.5163427709134696,1,0.730282863442371,0
901086277e162a2b,2023_24,SC0,X2,0.770916212695006,1,0.5045494596473142,0,0.770916212695006,1,0.7245343276576797,1
86dc6eb3a2f11b95,2023_24,SC0,1X,0.9265062459816377,1,0.9265062459816377,1,0.2152803760106236,0,0.8582133780077388,1
4bbe37e9255bb55d,2023_24,SC0,12,0.710214792216906,1,0.6049047411530835,0,0.6848804666300107,1,0.710214792216906,1
a89b286437e5751b,2023_24,SC0,X2,0.9128259720220361,1,0.2443215276803492,0,0.9128259720220361,1,0.8428525002976149,1
a1e15fcb9869ffe6,2023_24,SC0,1X,0.8005008393355351,1,0.8005008393355351,1,0.45513084826236816,0,0.7443683124020966,1
871fb0719c0db1ec,2023_24,SC0,X2,0.8875217288111975,1,0.2915913395427406,0,0.8875217288111975,1,0.8208869316460619,1
28e4b0dd3cf34331,2023_24,SC0,X2,0.7473256592546949,1,0.5523398885530237,1,0.7473256592546949,1,0.7003344521922815,0
af6a5e0842c20bd3,2023_24,SC0,X2,0.9206586123720524,1,0.24789825619606454,0,0.9206586123720524,1,0.8314431314318831,1
59aa8beee0fb5f16,2023_24,SC0,1X,0.9716941202570543,1,0.9716941202570543,1,0.09225585013283648,0,0.9360500296101093,1
ceed66562aec1b85,2023_24,SC0,1X,0.7273850348154882,1,0.7273850348154882,1,0.5465131799628602,0,0.7261017852216516,1
3facff8b17a8b02a,2023_24,SC0,1X,0.72894136626298,1,0.72894136626298,1,0.5473140009558515,1,0.7237446327811685,0
ef22699e852ae5d8,2023_24,SC0,12,0.6928837755913111,1,0.6685797637955297,0,0.6385364606131593,1,0.6928837755913111,1
135f3200e72491c0,2023_24,SC0,1X,0.6976748979268494,1,0.6976748979268494,1,0.6294114362754186,1,0.6729136657977319,0
15babdea97269d13,2023_24,SC0,1X,0.7796439701490252,1,0.7796439701490252,1,0.4876724008068951,1,0.7326836290440799,0
8b88132855183ebb,2023_24,SC0,1X,0.7165056410495708,1,0.7165056410495708,1,0.5850443872508816,1,0.6984499716995477,0
7ee044063f6a4dbe,2023_24,SC0,X2,0.8458194389493859,1,0.3502552380466225,1,0.8458194389493859,1,0.8039253230039916,0
6905edd90afab55b,2023_24,SC0,12,0.7214795267616863,1,0.6117458039584762,0,0.6667746692798374,1,0.7214795267616863,1
d7e6197e42861b6f,2023_24,SC0,1X,0.7855660845503595,0,0.7855660845503595,0,0.4900788889548322,1,0.7243550264948085,1
2eab9feeeda0b953,2023_24,SC0,12,0.692884156880332,0,0.6288600802367837,1,0.6782557628828844,1,0.692884156880332,0
989da90acd57d3bb,2023_24,SC0,1X,0.9614924823439477,1,0.9614924823439477,1,0.1299005882767354,0,0.908606929379317,1
e4ee0199adf1f8bd,2023_24,SC0,1X,0.7185807261733407,0,0.7185807261733407,0,0.5901552025958577,1,0.6912640712308015,1
d55543e4b8a1c29a,2023_24,SC0,1X,0.7761068220873039,1,0.7761068220873039,1,0.5028717663998384,0,0.7210214115128578,1
60f784b445583de7,2023_24,SC0,1X,0.9225012710918253,1,0.9225012710918253,1,0.2245164777338661,0,0.8529822511743086,1
6fb73fb8f771d5e2,2023_24,SC0,1X,0.8457418813159103,1,0.8457418813159103,1,0.40423264551105353,0,0.7500254731730361,1
dd6a4fd6d2db6652,2023_24,SC0,X2,0.7715572423305094,1,0.49662964116378816,0,0.7715572423305094,1,0.7318131165057025,1
cee5e5c3e2535af1,2023_24,SC0,1X,0.7049873203480919,1,0.7049873203480919,1,0.6004334802461118,0,0.6945791994057963,1
664135b36d2f0c17,2023_24,SC0,X2,0.845780708712741,1,0.3615250423341556,0,0.845780708712741,1,0.7926942489531035,1
0597b69b98aca0bf,2023_24,SC0,1X,0.7871259379249307,1,0.7871259379249307,1,0.4831102111198157,0,0.7297638509552534,1
427fdcff7c146656,2023_24,SC0,1X,0.7543984634411333,1,0.7543984634411333,1,0.5223888482033296,1,0.7232126883555372,0
ff548c281fe8590f,2023_24,SC0,1X,0.9578867221380466,1,0.9578867221380466,1,0.12047513603339272,0,0.9216381418285606,1
fc5bd7ace9be78c0,2023_24,SC0,12,0.7234563009829869,0,0.7100049615664232,1,0.56653873745059,1,0.7234563009829869,0
82e26b1b84ea5fc9,2023_24,SC0,1X,0.9238155413543011,1,0.9238155413543011,1,0.21714923386611157,1,0.8590352247795874,0
c3ece202f4c853a1,2023_24,SC0,1X,0.8120287745449551,1,0.8120287745449551,1,0.4093612126190843,0,0.7786100128359605,1
2ea371d4130cd880,2023_24,SC0,1X,0.8112717483262182,1,0.8112717483262182,1,0.44172414170484525,0,0.7470041099689366,1
7876bdb5d7be6ffd,2023_24,SC0,X2,0.7092448734523825,0,0.601985847387573,1,0.7092448734523825,0,0.6887692791600446,1
12733627dc99910d,2023_24,SC0,X2,0.9186784050806781,1,0.23901670975980924,0,0.9186784050806781,1,0.8423048851595129,1
38913d95d05bd516,2023_24,SC0,1X,0.754236712591621,1,0.754236712591621,1,0.5010988615355796,0,0.7446644258727995,1
9dcfdac173ff8458,2023_24,SC0,12,0.7014318969679738,1,0.6801185082480603,1,0.6184495947839659,0,0.7014318969679738,1
fb12c00351ef1d55,2023_24,SC0,1X,0.9013988270838614,1,0.9013988270838614,1,0.2597968919666679,0,0.8388042809494707,1
22b4b7e55d2324f6,2023_24,SC0,12,0.7044112708900854,1,0.6927668579430619,1,0.6028218711668527,0,0.7044112708900854,1
1a8f7f9876899d31,2023_24,SC0,1X,0.8214834839546732,1,0.8214834839546732,1,0.4688869187900604,0,0.7096295972552664,1
046854788f650649,2023_24,SC0,X2,0.8884008825975926,1,0.28076807748898247,0,0.8884008825975926,1,0.8308310399134249,1
02e5abd124c0a434,2023_24,SC0,X2,0.7415518082015002,1,0.552390248955506,1,0.7415518082015002,1,0.7060579428429936,0
b0521f2785edfe18,2023_24,SC0,1X,0.8369933562495566,0,0.8369933562495566,0,0.4324759976161653,1,0.7305306461342783,1
7a6ad7b398ea9d40,2023_24,SC0,1X,0.9440987430744624,1,0.9440987430744624,1,0.16047691072524906,0,0.8954243462002885,1
503a76a4e2f0898b,2023_24,SC0,1X,0.7429700113133386,1,0.7429700113133386,1,0.5241599198251548,1,0.7328700688615066,0
c01c99cf7e506765,2023_24,SC0,X2,0.8705741588540125,1,0.35328661090241265,0,0.8705741588540125,1,0.7761392302435749,1
b17813eda7e9e708,2023_24,SC0,12,0.7000729531932792,1,0.6063407278602089,0,0.6935863189465116,1,0.7000729531932792,1
91646386a4238655,2023_24,SC0,12,0.7162779740138163,0,0.6095661988979364,1,0.6741558270882472,1,0.7162779740138163,0
e424a1389dab9bce,2023_24,SC0,1X,0.8697426459420851,1,0.8697426459420851,1,0.320345178643316,0,0.8099121754145991,1
076a93373ef2726d,2023_24,SC0,1X,0.9416065131252706,0,0.9416065131252706,0,0.1738033565488917,1,0.8845901303258378,1
1f25d042d214a33b,2023_24,SC0,1X,0.7488967295136355,1,0.7488967295136355,1,0.5666551557642178,1,0.6844481147221468,0
0067245b442e83f0,2023_24,SC0,1X,0.7050084526896122,1,0.7050084526896122,1,0.594550715282004,0,0.7004408320283837,1
c2a9b4eab98b6211,2023_24,SC0,X2,0.8509318112245021,0,0.3511345520590613,1,0.8509318112245021,0,0.7979336367164366,1
7715bc7f703c3653,2023_24,SC0,12,0.7110255468015751,1,0.600348932056257,1,0.6886255211421679,0,0.7110255468015751,1
4801021cff21de76,2023_24,SC0,X2,0.7909345121127189,1,0.47498563811370514,1,0.7909345121127189,1,0.7340798497735761,0
a0d7a0c4f4edefe1,2023_24,SC0,1X,0.9511750021869012,1,0.9511750021869012,1,0.15685197891049393,0,0.8919730189026048,1
9249aa115a31f03c,2023_24,SC0,1X,0.8685462615706895,1,0.8685462615706895,1,0.3536574775890028,0,0.777796260840308,1
929683612e1e59fc,2023_24,SC0,1X,0.7727186792973411,1,0.7727186792973411,1,0.5410770768233675,0,0.6862042438792916,1
ecb4250067bdab1d,2023_24,SC0,12,0.709619807566763,1,0.6894474283864985,0,0.6009327640467386,1,0.709619807566763,1
41da139ff19194d8,2023_24,SC0,X2,0.7790564852300854,0,0.4870122887076861,1,0.7790564852300854,0,0.7339312260622285,1
307b4fe401f7e373,2023_24,SC0,1X,0.849610650001758,1,0.849610650001758,1,0.38899354758876925,0,0.7613958024094728,1
5394bfe9104095d6,2023_24,SC0,12,0.7174983739574011,0,0.7002775129832184,1,0.5822241130593804,1,0.7174983739574011,0
4c400fc519d2749d,2023_24,SC0,12,0.7063258885959836,0,0.6558517431565181,1,0.6378223682474984,1,0.7063258885959836,0
1f26028dcfe74a5b,2023_24,SC0,1X,0.9084931357706899,1,0.9084931357706899,1,0.23180162304619545,0,0.8597052411831146,1
aeca94c0c3641444,2023_24,SC0,12,0.6979721331086621,1,0.6134363433212765,0,0.6885915235700613,1,0.6979721331086621,1
57756bc269e99526,2023_24,SC0,X2,0.9258083462260328,1,0.19983009005655428,0,0.9258083462260328,1,0.8743615637174129,1
daa9c5ac2a1d2465,2023_24,SC0,12,0.7176786936819923,1,0.6982942892508589,0,0.5840270170671491,1,0.7176786936819923,1
72c6a8275e76c57a,2023_24,SC0,1X,0.8458776167290613,0,0.8458776167290613,0,0.38561102971503,1,0.7685113535559089,1
e52fdcc900e1585a,2023_24,SC0,X2,0.776983497792376,1,0.49568559719522987,1,0.776983497792376,1,0.7273309050123944,0
4cd68ecf0d5111c5,2023_24,SC0,1X,0.7039807788106991,0,0.7039807788106991,0,0.6004709061487192,1,0.6955483150405817,1
a0d7a36d591da380,2023_24,SC0,12,0.7317589181926356,0,0.6610366144063693,1,0.6072044674009951,1,0.7317589181926356,0
8a568d33d46139fc,2023_24,SC0,1X,0.7594980222278409,1,0.7594980222278409,1,0.509315568900845,1,0.7311864088713138,0
285993327c1bdffb,2023_24,SC0,1X,0.934525448155143,1,0.934525448155143,1,0.19621845895139906,0,0.869256092893458,1
c4590c267bff395f,2023_24,SC0,1X,0.8595093128299278,1,0.8595093128299278,1,0.3469617051570689,0,0.7935289820130033,1
c7538c81a8982ad6,2023_24,SC0,12,0.7310306442919936,0,0.6137802677722952,1,0.6551890879357112,1,0.7310306442919936,0
c7a2916e6481480a,2023_24,SC0,X2,0.7574491572453017,1,0.5361099486487104,0,0.7574491572453017,1,0.7064408941059879,1
af673800e9cfe203,2023_24,SC0,X2,0.9277720294029159,0,0.19849334644778294,1,0.9277720294029159,0,0.8737346241493014,1
6712704a7f6f971d,2023_24,SC0,X2,0.9091719930349006,1,0.24497980054931284,1,0.9091719930349006,1,0.8458482064157865,0
a467bfd051723ad1,2023_24,SC0,12,0.7248315134067658,1,0.7038545376236695,1,0.5713139489695649,0,0.7248315134067658,1
6eecee53fe36abd6,2023_24,SC0,12,0.7130526849374403,0,0.7043339382081782,1,0.5826133768543815,1,0.7130526849374403,0
c5f62e6d16402ef3,2023_24,SC0,12,0.7156781336877318,1,0.5817147554517333,1,0.7026071108605352,0,0.7156781336877318,1
35a06b1a27934f68,2023_24,SC0,X2,0.7309954730237176,1,0.5581782535801174,0,0.7309954730237176,1,0.7108262733961651,1
90f4332b9b19ee38,2023_24,SC0,X2,0.8895430529642563,1,0.3104595322305675,0,0.8895430529642563,1,0.799997414805176,1
39136243cee6ecf3,2023_24,SC0,X2,0.9147155649649013,1,0.217718566163019,0,0.9147155649649013,1,0.8675658688720799,1
0030528eef47ce0a,2023_24,SC0,1X,0.8237778134280209,1,0.8237778134280209,1,0.43690505336567415,0,0.739317133206305,1
c471ece1761fe1d9,2023_24,SC0,1X,0.9195661237686154,1,0.9195661237686154,1,0.22100843052484626,0,0.8594254457065384,1
2f37d0193723b954,2023_24,SC0,12,0.6864217560431665,1,0.66573816756731,0,0.6478400763895236,1,0.6864217560431665,1
9da95c3d71e5141c,2023_24,SC0,1X,0.8101330006910049,1,0.8101330006910049,1,0.43628802902529995,0,0.7535789702836954,1
cbc311a8b60eaadf,2023_24,SC0,12,0.7187502967803292,1,0.5996748625964268,1,0.681574840623244,0,0.7187502967803292,1
6588b66da74baff8,2023_24,SC0,1X,0.9186361952474847,1,0.9186361952474847,1,0.23763073793284695,0,0.8437330668196683,1
0ebcb3cb93629b35,2023_24,SC0,12,0.7628488147319669,1,0.7617073189780419,1,0.47544386628999125,0,0.7628488147319669,1
92e354aa621a5bcb,2023_24,SC0,1X,0.8092805448593325,1,0.8092805448593325,1,0.4080818709857651,0,0.7826375841549025,1
0e9a7f583e98b8be,2023_24,SC0,12,0.6996854593816573,1,0.6348915610313977,1,0.6654229795869453,0,0.6996854593816573,1
232d69ef6f0f7cec,2023_24,SC0,12,0.7294365265571707,1,0.7063288374475898,0,0.5642346359952395,1,0.7294365265571707,1
edb1e5149f02d9c3,2023_24,SC0,1X,0.7063731785580926,0,0.7063731785580926,0,0.6075172573930425,1,0.686109564048865,1
a701c50c47f69f40,2023_24,SC0,12,0.742153061991475,1,0.7261232546902184,0,0.5317236833183064,1,0.742153061991475,1
ab33ab8536e58248,2023_24,SC0,1X,0.9284633762679144,1,0.9284633762679144,1,0.19451360919883598,0,0.8770230145332496,1
2f81c30040d6f870,2023_24,SC0,X2,0.8867053853574002,1,0.27292886436294095,0,0.8867053853574002,1,0.8403657502796589,1
cd8060369119ef56,2023_24,SC0,1X,0.8374808894444528,1,0.8374808894444528,1,0.3851598795565423,0,0.777359230999005,1
8cd6127db8d0d971,2023_24,SC0,12,0.7415491194370987,1,0.693106109873396,1,0.5653447706895054,0,0.7415491194370987,1
9a9dc9cf4ba1d76f,2023_24,SC0,12,0.7026996286567164,0,0.6965436455685033,1,0.6007567257747806,1,0.7026996286567164,0
3ff536f535f40430,2023_24,SC0,12,0.713948520100222,0,0.6573421496413325,1,0.6287093302584454,1,0.713948520100222,0
76fd6cc91a2c01b5,2023_24,SC0,1X,0.9391139512942259,1,0.9391139512942259,1,0.17667806226865612,0,0.8842079864371181,1
9a77171413bad2d9,2023_24,SC0,12,0.7366780568052016,0,0.6649765434718913,1,0.5983453997229071,1,0.7366780568052016,0
f055267dfeac2c6b,2023_24,SC0,12,0.7763308251624559,0,0.4798081319741938,1,0.7438610428633503,1,0.7763308251624559,0
85206a7cc1071943,2023_24,SC0,12,0.7682581574934202,0,0.4656974952503766,1,0.7660443472562032,1,0.7682581574934202,0
046522970fdd565c,2023_24,SC0,12,0.7355629369769522,1,0.6952546267099371,0,0.5691824363131108,1,0.7355629369769522,1
b380ee2cbf4d5920,2023_24,SC0,12,0.7532549073612178,0,0.6594941535033287,1,0.5872509391354535,1,0.7532549073612178,0
d13d862cf323945c,2024_25,SC0,X2,0.7857092980764608,1,0.44246533504256413,1,0.7857092980764608,1,0.771825366880975,0
b8ae898f6983c833,2024_25,SC0,1X,0.7153728051609158,1,0.7153728051609158,1,0.5828785580572158,1,0.7017486367818685,0
683a13bbe191e5dc,2024_25,SC0,12,0.699863362293456,0,0.6922820361095744,1,0.6078546015969695,1,0.699863362293456,0
9c268034ab362bd8,2024_25,SC0,12,0.7126663925597118,1,0.6368838488910104,1,0.650449758549278,0,0.7126663925597118,1
314cc2a23bc16d72,2024_25,SC0,1X,0.9505250995289447,1,0.9505250995289447,1,0.15045404356015554,0,0.8990208569109,1
bbf2c6a14c12767e,2024_25,SC0,12,0.7548134930687809,1,0.5340846511348663,0,0.7111018557963528,1,0.7548134930687809,1
a705a928c2581a68,2024_25,SC0,1X,0.924737410596634,1,0.924737410596634,1,0.20114597770390594,0,0.8741166116994603,1
d948002d14b4b672,2024_25,SC0,12,0.7220600713965772,0,0.5697098524113187,1,0.7082300761921039,1,0.7220600713965772,0
84aac7e58642b57c,2024_25,SC0,12,0.7298430876213166,1,0.5826728479644167,1,0.6874840644142669,0,0.7298430876213166,1
b8abedc8bc016f2e,2024_25,SC0,X2,0.8901192768251557,1,0.2742174718449084,0,0.8901192768251557,1,0.8356632513299361,1
f54177657b06e503,2024_25,SC0,1X,0.8053755482970288,1,0.8053755482970288,1,0.4483434097132997,0,0.7462810419896716,1
24731996bc80e8ba,2024_25,SC0,1X,0.8230224701782163,0,0.8230224701782163,0,0.4062797738339177,1,0.770697755987866,1
5749d8957f8e0121,2024_25,SC0,1X,0.7870936678290605,1,0.7870936678290605,1,0.4607336566499334,0,0.7521726755210063,1
263d376b95b66af9,2024_25,SC0,12,0.7378415522592863,0,0.726025638152938,1,0.5361328095877759,1,0.7378415522592863,0
2d0f4d8bc5e17dc0,2024_25,SC0,1X,0.9378399809239331,1,0.9378399809239331,1,0.17866228903057357,0,0.8834977300454936,1
a8f88e6c22b3d407,2024_25,SC0,X2,0.9234130237992053,1,0.22106085479704646,0,0.9234130237992053,1,0.8555261214037483,1
a990741f7b2708d3,2024_25,SC0,1X,0.8081240534251912,1,0.8081240534251912,1,0.46402487354014316,0,0.7278510730346656,1
e5ef653eb0903675,2024_25,SC0,12,0.7097949877940177,1,0.5906970735950179,1,0.6995079386109644,0,0.7097949877940177,1
b193d1a29d936943,2024_25,SC0,12,0.7182755467097034,0,0.692451046987585,1,0.5892734063027115,1,0.7182755467097034,0
09b1f6a37bab5c9e,2024_25,SC0,12,0.7166018898587962,1,0.5929344242849133,0,0.6904636858562908,1,0.7166018898587962,1
aa1333cfa839907a,2024_25,SC0,X2,0.7791391918918817,1,0.4849052865512392,0,0.7791391918918817,1,0.7359555215568792,1
7c8e2fae87113259,2024_25,SC0,1X,0.802274897052512,1,0.802274897052512,1,0.43178223418835343,0,0.7659428687591348,1
4599ac9cb1c11ac9,2024_25,SC0,1X,0.7615259708096225,0,0.7615259708096225,0,0.4995884441329432,1,0.7388855850574343,1
9414d8115ed88650,2024_25,SC0,12,0.703840516806677,0,0.6634002161839165,1,0.6327592670094064,1,0.703840516806677,0
bde52331527fd2d0,2024_25,SC0,1X,0.8163416223474618,1,0.8163416223474618,1,0.43538134009852325,0,0.748277037554015,1
7b7c3d04e2c1cd77,2024_25,SC0,1X,0.9442861293100342,1,0.9442861293100342,1,0.1583569576133287,0,0.8973569130766372,1
002fb78dae699cf8,2024_25,SC0,1X,0.8252137402813423,1,0.8252137402813423,1,0.40161461814918886,0,0.773171641569469,1
58dd42779fba4c87,2024_25,SC0,12,0.7314982078054582,1,0.6016179975434801,1,0.6668837946510615,0,0.7314982078054582,1
20b70c36ed77c190,2024_25,SC0,12,0.7009425797091922,0,0.6901516102040186,1,0.6089058100867892,1,0.7009425797091922,0
59ad23bf10b1810d,2024_25,SC0,X2,0.8377790607522855,1,0.3762071517422359,0,0.8377790607522855,1,0.7860137875054785,1
9fb5ca0649f5ccd8,2024_25,SC0,1X,0.785659862540196,1,0.785659862540196,1,0.4872114471691829,1,0.7271286902906209,0
b8eff13705acca07,2024_25,SC0,12,0.7142265779686718,1,0.6338649113269332,1,0.6519085107043949,0,0.7142265779686718,1
8615048a090eaddf,2024_25,SC0,12,0.7389297609479073,1,0.5713664226159771,0,0.6897038164361156,1,0.7389297609479073,1
2370ae69e155fe7f,2024_25,SC0,1X,0.8287638663174491,1,0.8287638663174491,1,0.4079417914644168,1,0.7632943422181341,0
88bfbc69cfe9194e,2024_25,SC0,1X,0.7383676490139471,1,0.7383676490139471,1,0.5423953047921017,1,0.7192370461939512,0
bc6b7d47613561f7,2024_25,SC0,1X,0.731307212529811,1,0.731307212529811,1,0.5576035016417016,0,0.7110892858284874,1
b6a548b05cf4f220,2024_25,SC0,X2,0.9440566208291281,1,0.16806315231367797,0,0.9440566208291281,1,0.8878802268571939,1
de9ce45728957bec,2024_25,SC0,1X,0.9089385899765983,1,0.9089385899765983,1,0.26098167932361965,0,0.8300797306997822,1
abc5a2f05242c624,2024_25,SC0,12,0.7309509683875,1,0.6944814018399161,0,0.5745676297725839,1,0.7309509683875,1
0434ba59fb13690e,2024_25,SC0,1X,0.7814863144963364,0,0.7814863144963364,0,0.4793240440457989,1,0.7391896414578645,1
b801971d97ab47c6,2024_25,SC0,12,0.7087887537297766,1,0.696245535910624,0,0.5949657103595996,1,0.7087887537297766,1
0ff3017b5faa5cc5,2024_25,SC0,X2,0.929541768706146,1,0.1952837650318604,0,0.929541768706146,1,0.8751744662619936,1
4952e1431458fbc3,2024_25,SC0,1X,0.7677563299580373,1,0.7677563299580373,1,0.48207054576954655,0,0.7501731242724161,1
5c25752b3e19701a,2024_25,SC0,1X,0.958898077012383,1,0.958898077012383,1,0.12296374863613163,0,0.9181381743514854,1
9cb037f71eaebd71,2024_25,SC0,1X,0.9242740041611511,1,0.9242740041611511,1,0.201819580678924,1,0.8739064151599248,0
82710e1189cf2720,2024_25,SC0,12,0.715189106654416,1,0.6191394384921929,1,0.6656714548533911,0,0.715189106654416,1
031040f734a223f0,2024_25,SC0,1X,0.7885155167005287,1,0.7885155167005287,1,0.464627568251222,0,0.7468569150482496,1
fb099e2518c5d412,2024_25,SC0,12,0.7463444713239986,1,0.7293013155240462,0,0.5243542131519554,1,0.7463444713239986,1
7df34cad9df1f98c,2024_25,SC0,12,0.6995329874443693,1,0.6667594756638271,1,0.6337075368918035,0,0.6995329874443693,1
65f7ecc2205d714e,2024_25,SC0,X2,0.8377625228385698,0,0.3798180004450836,1,0.8377625228385698,0,0.7824194767163466,1
33c1c551e58ae470,2024_25,SC0,1X,0.7876956235930318,0,0.7876956235930318,0,0.47068756432719916,1,0.741616812079769,1
2e772e5c66a10be7,2024_25,SC0,X2,0.7555599571345093,0,0.5256595239675862,1,0.7555599571345093,0,0.7187805188979044,1
b931e045648e0bf3,2024_25,SC0,1X,0.7854733855987845,1,0.7854733855987845,1,0.4720236324402997,0,0.7425029819609156,1
46fe85885dff9566,2024_25,SC0,12,0.7146352189128027,0,0.696793676104961,1,0.5885711049822364,1,0.7146352189128027,0
79d00e6750477eef,2024_25,SC0,X2,0.9128280584387904,1,0.2235599630779461,0,0.9128280584387904,1,0.8636119784832634,1
46600d6943ee1add,2024_25,SC0,1X,0.9080200959730179,1,0.9080200959730179,1,0.26315094891478924,0,0.828828955112193,1
aeac017ebe60fc26,2024_25,SC0,1X,0.9349321016567953,1,0.9349321016567953,1,0.18374059740241463,0,0.8813273009407903,1
0c51bf843feafda9,2024_25,SC0,1X,0.7647201287387411,0,0.7647201287387411,0,0.5036888854620487,1,0.73159098579921,1
4f2a56efb35ae268,2024_25,SC0,1X,0.791761179452592,0,0.791761179452592,0,0.4645685005111291,1,0.7436703200362792,1
f6d326eefa0439ce,2024_25,SC0,X2,0.7712295294426467,1,0.5082495506381521,1,0.7712295294426467,1,0.7205209199192011,0
3d4fc517807482a6,2024_25,SC0,1X,0.7610379839548116,1,0.7610379839548116,1,0.5205530285859649,0,0.7184089874592238,1
84831e52e95ba2e5,2024_25,SC0,X2,0.7535252158078272,0,0.510649507328026,1,0.7535252158078272,0,0.7358252768641467,1
c0a62196ccc67105,2024_25,SC0,X2,0.7486389803062738,1,0.5132345420470437,0,0.7486389803062738,1,0.7381264776466825,1
0ad8ed6108d38033,2024_25,SC0,1X,0.8198039704645892,1,0.8198039704645892,1,0.4467649548079713,1,0.7334310747274395,0
b800ac30062508f1,2024_25,SC0,12,0.7174190991077006,1,0.6260672901386511,1,0.6565136107536483,0,0.7174190991077006,1
a4878fcc1cb3ec44,2024_25,SC0,1X,0.7892406979462946,1,0.7892406979462946,1,0.4720688459565444,1,0.738690456097161,0
5abebcc7dcde9e94,2024_25,SC0,1X,0.7976438823036592,1,0.7976438823036592,1,0.47652844884534495,0,0.7258276688509958,1
caac8e273cd3bdb8,2024_25,SC0,1X,0.7951052749658117,0,0.7951052749658117,0,0.47139780187111235,1,0.7334969231630759,1
2df4eb49da530090,2024_25,SC0,12,0.7222106018698471,1,0.7200442533856142,1,0.5577451447445386,0,0.7222106018698471,1
c9cd250fa54cad70,2024_25,SC0,1X,0.7736720930521717,1,0.7736720930521717,1,0.491807905736736,0,0.7345200012110922,1
8c26024e2cc93b6a,2024_25,SC0,X2,0.9106197124387184,1,0.24946745449795055,0,0.9106197124387184,1,0.8399128330633312,1
882ef45ea0e743b4,2024_25,SC0,1X,0.8768023440876016,1,0.8768023440876016,1,0.31229495495856546,0,0.8109027009538329,1
21b97a78e5bdb33a,2024_25,SC0,X2,0.7354824155692014,0,0.5395234120213516,1,0.7354824155692014,0,0.7249941724094472,1
524963a924f676e8,2024_25,SC0,12,0.6846466041894632,1,0.6723207839774861,1,0.6430326118330506,0,0.6846466041894632,1
bbe9b32a9aba5b1f,2024_25,SC0,1X,0.9194555835608061,1,0.9194555835608061,1,0.2328834903430467,1,0.8476609260961472,0
807080fb324fb84c,2024_25,SC0,12,0.7215769376739603,1,0.6307783186999011,1,0.647644743626139,0,0.7215769376739603,1
160e3ecc7faf2190,2024_25,SC0,12,0.7137969782407187,1,0.6225654025787073,1,0.663637619180574,0,0.7137969782407187,1
b0774a18c04fa3d8,2024_25,SC0,X2,0.8513897910231819,1,0.3463926557415777,0,0.8513897910231819,1,0.8022175532352405,1
591cb6340e8d20b2,2024_25,SC0,12,0.7128817667143439,0,0.66624361109732,1,0.620874622188336,1,0.7128817667143439,0
a5636858eab5831f,2024_25,SC0,1X,0.9684385761612145,1,0.9684385761612145,1,0.10580732071096083,0,0.9257541031278246,1
05d9997095dd6752,2024_25,SC0,12,0.7149588764242887,1,0.6953422130459924,1,0.589698910529719,0,0.7149588764242887,1
5bc211fa6846e2aa,2024_25,SC0,1X,0.7453728649356572,1,0.7453728649356572,1,0.5257608425054906,1,0.7288662925588523,0
432054f66cb60b75,2024_25,SC0,12,0.7145256919911696,1,0.6201665580205399,0,0.6653077499882907,1,0.7145256919911696,1
440b2ea7cc8482a4,2024_25,SC0,X2,0.8871026226105079,1,0.2746109286636816,0,0.8871026226105079,1,0.8382864487258107,1
f82130ea194904e1,2024_25,SC0,1X,0.7681475377828968,1,0.7681475377828968,1,0.4899609693832413,1,0.7418914928338619,0
a8a6be9893985689,2024_25,SC0,1X,0.7417146168516136,1,0.7417146168516136,1,0.526790956397492,0,0.7314944267508945,1
4d76906430bbea27,2024_25,SC0,1X,0.9259430441455941,1,0.9259430441455941,1,0.2251014504582641,0,0.8489555053961417,1
987a87be488ea70b,2024_25,SC0,X2,0.9125212185380913,1,0.2411567199045386,0,0.9125212185380913,1,0.8463220615573701,1
e43596788c939b8d,2024_25,SC0,1X,0.8183265871761916,1,0.8183265871761916,1,0.41425742466800164,1,0.7674159881558068,0
12c60a52db338b30,2024_25,SC0,1X,0.9331107906198772,1,0.9331107906198772,1,0.19025150934649887,0,0.8766377000336241,1
1bd6550f56cb024a,2024_25,SC0,1X,0.761631043500083,1,0.761631043500083,1,0.5150836927410698,1,0.7232852637588472,0
6dd0777d1791a39a,2024_25,SC0,1X,0.810718083217095,1,0.810718083217095,1,0.42202169216904073,0,0.7672602246138642,1
a4b7e00139a52aca,2024_25,SC0,1X,0.7834261375626337,0,0.7834261375626337,0,0.4915345865795006,1,0.7250392758578658,1
53b1365070f23822,2024_25,SC0,X2,0.9339473307660238,1,0.20528390858609324,0,0.9339473307660238,1,0.860768760647883,1
f530d90b155a8e15,2024_25,SC0,1X,0.8682694002066885,1,0.8682694002066885,1,0.34584689870125784,0,0.7858837010920536,1
4951de4c8451157f,2024_25,SC0,12,0.7187908750123342,1,0.6617918657984669,1,0.6194172591891989,0,0.7187908750123342,1
66fab6ba1604cdac,2024_25,SC0,12,0.7044000960702346,1,0.633334070650535,0,0.6622658332792304,1,0.7044000960702346,1
abe5faa96754ed2e,2024_25,SC0,12,0.7047255444962421,1,0.6404351336056711,1,0.6548393218980869,0,0.7047255444962421,1
0869d4ed0fd8f000,2024_25,SC0,1X,0.7329296406926409,1,0.7329296406926409,1,0.5458349751468947,1,0.7212353841604645,0
e09e77103340be10,2024_25,SC0,12,0.7367299643585803,1,0.7363546614197738,0,0.5269153742216459,1,0.7367299643585803,1
3de4c00ed2cbc140,2024_25,SC0,1X,0.9593890517176032,1,0.9593890517176032,1,0.12065416153647071,0,0.9199567867459264,1
48460e0429e44a5a,2024_25,SC0,12,0.6975273765919687,1,0.6312420825142114,0,0.6712305408938197,1,0.6975273765919687,1
9bbc65b840be12d6,2024_25,SC0,X2,0.8822202553097841,1,0.2975228834043953,1,0.8822202553097841,1,0.8202568612858208,0
16ad8e0b5dcd5735,2024_25,SC0,1X,0.822521343431191,1,0.822521343431191,1,0.41854320179712784,0,0.7589354547716812,1
32d8c2a4dc4b3180,2024_25,SC0,12,0.7263703866729654,1,0.719284881707621,0,0.5543447316194134,1,0.7263703866729654,1
d04a8c25c0ea3ffd,2024_25,SC0,1X,0.9415318530837926,1,0.9415318530837926,1,0.1630161998408672,0,0.8954519470753401,1
7114614a7d155438,2024_25,SC0,1X,0.7881082269625477,0,0.7881082269625477,0,0.47378354068509365,1,0.7381082323523587,1
9f80d0c6708e25ba,2024_25,SC0,12,0.7182117308711862,1,0.6617710310338161,1,0.6200172380949978,0,0.7182117308711862,1
020458de98d930b2,2024_25,SC0,12,0.7009983176971848,1,0.6102488120377776,0,0.6887528702650376,1,0.7009983176971848,1
68fe2ae6c9ade4be,2024_25,SC0,X2,0.8961678973578608,0,0.2813629538481225,1,0.8961678973578608,0,0.8224691487940167,1
2af40c280911a84b,2024_25,SC0,1X,0.9675961052078176,1,0.9675961052078176,1,0.11377076177736904,0,0.918633133014813,1
04864d934f00ac91,2024_25,SC0,1X,0.7552773817313831,1,0.7552773817313831,1,0.513982594924689,0,0.7307400233439278,1
8836b4cfcb8ce208,2024_25,SC0,X2,0.8821394747520647,1,0.29878714225296965,1,0.8821394747520647,1,0.8190733829949657,0
182f740c402b7325,2024_25,SC0,12,0.7159485726382422,0,0.5895889453051155,1,0.6944624820566423,1,0.7159485726382422,0
d1db139c6383f5a2,2024_25,SC0,1X,0.7624383124043128,0,0.7624383124043128,0,0.49868471948757653,1,0.7388769681081107,1
52c7d73817f85500,2024_25,SC0,12,0.7302003736718002,1,0.6950464981498765,1,0.5747531281783234,0,0.7302003736718002,1
556171bff3a51c14,2024_25,SC0,1X,0.8065525744138571,0,0.8065525744138571,0,0.4391685418330792,1,0.7542788837530637,1
0f34558a02fd5ac2,2024_25,SC0,1X,0.8119021613369599,1,0.8119021613369599,1,0.4399811498545627,0,0.7481166888084776,1
9fef1c497b0e33b4,2024_25,SC0,1X,0.7182020591199607,1,0.7182020591199607,1,0.5748603338831226,0,0.7069376069969169,1
8608424c69ebd241,2024_25,SC0,12,0.7445685226666192,1,0.5506019175623335,1,0.7048295597710477,0,0.7445685226666192,1
c2d8469a56560386,2024_25,SC0,X2,0.7388853095828638,1,0.5338852683863976,1,0.7388853095828638,1,0.7272294220307385,0
2aba0b39c775cc44,2024_25,SC0,12,0.7204598842179222,1,0.5843939114765799,0,0.6951462043054978,1,0.7204598842179222,1
a79cd31d7341efae,2024_25,SC0,X2,0.8354609615227407,1,0.3767416602983151,1,0.8354609615227407,1,0.7877973781789444,0
63933c856663c4f6,2024_25,SC0,12,0.7075213752440203,1,0.6383852160792074,1,0.6540934086767727,0,0.7075213752440203,1
67a91dbd300b74a2,2024_25,SC0,1X,0.9388914831704321,1,0.9388914831704321,1,0.16813329135081467,0,0.8929752254787532,1
032c5a131b19eb94,2024_25,SC0,12,0.7117302434314613,1,0.6783392790868304,0,0.6099304774817081,1,0.7117302434314613,1
44f20822c298249f,2024_25,SC0,1X,0.8421073726797644,0,0.8421073726797644,0,0.40181125978196436,1,0.7560813675382712,1
f1ddae7e889d6eb7,2024_25,SC0,12,0.7121784470978956,1,0.6594650143284622,0,0.6283565385736423,1,0.7121784470978956,1
badf796d8a870766,2024_25,SC0,1X,0.9499539162430113,1,0.9499539162430113,1,0.16024008299828552,0,0.8898060007587032,1
0272a244bec9c152,2024_25,SC0,1X,0.7932486270175234,1,0.7932486270175234,1,0.48052355061731794,1,0.7262278223651587,0
0a14e1dcb4bad9fb,2024_25,SC0,X2,0.9001710865086533,1,0.26225734716229815,1,0.9001710865086533,1,0.8375715663290486,0
4e20588c9daf1e44,2024_25,SC0,X2,0.9284359238353569,1,0.2134097130937188,0,0.9284359238353569,1,0.8581543630709245,1
3018f19b681783a7,2024_25,SC0,1X,0.8483601315303939,1,0.8483601315303939,1,0.3678285131592906,0,0.7838113553103154,1
6f720eb7d4d0cf1f,2024_25,SC0,12,0.6822187706338593,1,0.6774064589151862,0,0.6403747704509546,1,0.6822187706338593,1
f6cce3a016047f96,2024_25,SC0,12,0.7198594656980228,0,0.6425907903324084,1,0.6375497439695688,1,0.7198594656980228,0
5f52e5fd2e79a211,2024_25,SC0,1X,0.9530662684631637,1,0.9530662684631637,1,0.14646353520204022,0,0.9004701963347961,1
56f2370f5d9578e4,2024_25,SC0,X2,0.9265443862120404,1,0.20434430080598814,1,0.9265443862120404,1,0.8691113129819716,0
e676029003e62ab0,2024_25,SC0,1X,0.9250207630647495,1,0.9250207630647495,1,0.20657287042621603,0,0.8684063665090347,1
3a95da61b80fa17c,2024_25,SC0,1X,0.7501604515366251,0,0.7501604515366251,0,0.5268318472719085,1,0.7230077011914664,1
887d9eb779d89c0b,2024_25,SC0,1X,0.7774902381483035,1,0.7774902381483035,1,0.48803168112364204,0,0.7344780807280546,1
926414a9a487337d,2024_25,SC0,X2,0.7697093934169273,1,0.5093518026342962,1,0.7697093934169273,1,0.7209388039487765,0
1603bd4e2ae26970,2024_25,SC0,1X,0.7465557659853654,1,0.7465557659853654,1,0.5488972876412883,0,0.7045469463733463,1
5a1f84a243c6a133,2024_25,SC0,X2,0.8257307056398615,1,0.3965524835089975,0,0.8257307056398615,1,0.777716810851141,1
82f05c8bea013688,2024_25,SC0,12,0.7235597690706074,1,0.5731061910494282,0,0.7033340398799641,1,0.7235597690706074,1
129475911587b2b9,2024_25,SC0,1X,0.7875757402069701,1,0.7875757402069701,1,0.47234029942432965,0,0.7400839603687004,1
b7d3cfbdb2f26cc7,2024_25,SC0,1X,0.7933951599854707,0,0.7933951599854707,0,0.48461188333006894,1,0.7219929566844604,1
e1722f413af04ade,2024_25,SC0,12,0.717065230038285,1,0.694368868408467,1,0.5885659015532481,0,0.717065230038285,1
ab026869b380ad4c,2024_25,SC0,X2,0.9327309998007008,1,0.1963049794147648,0,0.9327309998007008,1,0.8709640207845344,1
e45156bd3775a425,2024_25,SC0,1X,0.9590835586005348,1,0.9590835586005348,1,0.128851231540118,0,0.9120652098593472,1
08369992a9ff7c70,2024_25,SC0,1X,0.9659063661598897,1,0.9659063661598897,1,0.10884351524405875,0,0.9252501185960516,1
E0_2025_26_15/08/2025_Liverpool_Bournemouth,2025_26,E0,1X,0.8921995253666092,1,0.8921995253666092,1,0.2627339144164519,0,0.8450665602169392,1
E0_2025_26_16/08/2025_Aston Villa_Newcastle,2025_26,E0,12,0.7261562892145256,0,0.6722783231491625,1,0.6015653876363121,1,0.7261562892145256,0
E0_2025_26_16/08/2025_Brighton_Fulham,2025_26,E0,1X,0.7746955408840204,1,0.7746955408840204,1,0.48629610145448415,1,0.7390083576614955,0
E0_2025_26_16/08/2025_Sunderland_West Ham,2025_26,E0,X2,0.7195676896128554,0,0.576914787328823,1,0.7195676896128554,0,0.7035175230583217,1
E0_2025_26_16/08/2025_Tottenham_Burnley,2025_26,E0,1X,0.8487586352993034,1,0.8487586352993034,1,0.38593848183055124,0,0.7653028828701454,1
E0_2025_26_16/08/2025_Wolves_Man City,2025_26,E0,X2,0.8446966141982576,1,0.3724622468192009,0,0.8446966141982576,1,0.7828411389825415,1
E0_2025_26_17/08/2025_Chelsea_Crystal Palace,2025_26,E0,1X,0.7810308942718489,1,0.7810308942718489,1,0.4695132723266092,1,0.749455833401542,0
E0_2025_26_17/08/2025_Nott'm Forest_Brentford,2025_26,E0,1X,0.7588930361861373,1,0.7588930361861373,1,0.5181471225653801,0,0.7229598412484824,1
E0_2025_26_17/08/2025_Man United_Arsenal,2025_26,E0,X2,0.7472032035331863,1,0.5107897915626068,0,0.7472032035331863,1,0.7420070049042068,1
E0_2025_26_18/08/2025_Leeds_Everton,2025_26,E0,12,0.7063809681610242,1,0.6991042563321783,1,0.5945147755067974,0,0.7063809681610242,1
E0_2025_26_22/08/2025_West Ham_Chelsea,2025_26,E0,X2,0.7988702564375487,1,0.4451528960434871,0,0.7988702564375487,1,0.7559768475189643,1
E0_2025_26_23/08/2025_Man City_Tottenham,2025_26,E0,1X,0.8266583821085866,0,0.8266583821085866,0,0.38174333170021113,1,0.7915982861912023,1
E0_2025_26_23/08/2025_Bournemouth_Wolves,2025_26,E0,1X,0.783668897057533,1,0.783668897057533,1,0.470395434550833,0,0.745935668391634,1
E0_2025_26_23/08/2025_Brentford_Aston Villa,2025_26,E0,12,0.7242483685309231,1,0.5653111326856525,1,0.7104404987834245,0,0.7242483685309231,1
E0_2025_26_23/08/2025_Burnley_Sunderland,2025_26,E0,1X,0.7087783780997838,1,0.7087783780997838,1,0.5938306809948328,0,0.6973909409053833,1
E0_2025_26_23/08/2025_Arsenal_Leeds,2025_26,E0,1X,0.8940648805008997,1,0.8940648805008997,1,0.27961034558016334,0,0.826324773918937,1
E0_2025_26_24/08/2025_Crystal Palace_Nott'm Forest,2025_26,E0,12,0.7049871991558736,0,0.6925067871594444,1,0.6025060136846822,1,0.7049871991558736,0
E0_2025_26_24/08/2025_Everton_Brighton,2025_26,E0,12,0.7131367223402542,1,0.6074961093902007,1,0.6793671682695452,0,0.7131367223402542,1
E0_2025_26_24/08/2025_Fulham_Man United,2025_26,E0,12,0.7295768971978307,0,0.5475862505740925,1,0.7228368522280768,1,0.7295768971978307,0
E0_2025_26_25/08/2025_Newcastle_Liverpool,2025_26,E0,12,0.738943215792204,1,0.5866777367552467,0,0.6743790474525493,1,0.738943215792204,1
E0_2025_26_30/08/2025_Chelsea_Fulham,2025_26,E0,1X,0.8098526277253053,1,0.8098526277253053,1,0.43227218501174713,0,0.7578751872629476,1
E0_2025_26_30/08/2025_Man United_Burnley,2025_26,E0,1X,0.8705029782096027,1,0.8705029782096027,1,0.31646917758794785,0,0.8130278442024497,1
E0_2025_26_30/08/2025_Sunderland_Brentford,2025_26,E0,12,0.7097568034241242,1,0.6013884665157728,1,0.6888547300601031,0,0.7097568034241242,1
E0_2025_26_30/08/2025_Tottenham_Bournemouth,2025_26,E0,1X,0.7519638963549404,0,0.7519638963549404,0,0.5040157057744755,1,0.7440203978705842,1
E0_2025_26_30/08/2025_Wolves_Everton,2025_26,E0,X2,0.7093370713031668,1,0.5921311693374858,0,0.7093370713031668,1,0.6985317593593474,1
E0_2025_26_30/08/2025_Leeds_Newcastle,2025_26,E0,X2,0.7328645856174498,1,0.5462866328231846,1,0.7328645856174498,1,0.7208487815593656,0
E0_2025_26_31/08/2025_Brighton_Man City,2025_26,E0,12,0.7419095598929253,1,0.5214861378672693,1,0.7366043022398052,0,0.7419095598929253,1
E0_2025_26_31/08/2025_Nott'm Forest_West Ham,2025_26,E0,1X,0.8119036236434762,0,0.8119036236434762,0,0.4258639947835555,1,0.7622323815729684,1
E0_2025_26_31/08/2025_Liverpool_Arsenal,2025_26,E0,12,0.7194220089793217,1,0.6829733982438225,1,0.5976045927768558,0,0.7194220089793217,1
E0_2025_26_31/08/2025_Aston Villa_Crystal Palace,2025_26,E0,12,0.7278508077504895,1,0.7277852898783608,0,0.5443639023711498,1,0.7278508077504895,1
E0_2025_26_13/09/2025_Arsenal_Nott'm Forest,2025_26,E0,1X,0.8727063075391758,1,0.8727063075391758,1,0.3219799089746369,0,0.8053137834861873,1
E0_2025_26_13/09/2025_Bournemouth_Brighton,2025_26,E0,12,0.728732738749001,1,0.6690111711676854,1,0.6022560900833136,0,0.728732738749001,1
E0_2025_26_13/09/2025_Crystal Palace_Sunderland,2025_26,E0,1X,0.8272791528120604,1,0.8272791528120604,1,0.4351645742240021,1,0.7375562729639374,0
E0_2025_26_13/09/2025_Everton_Aston Villa,2025_26,E0,12,0.6993326662077497,0,0.6623143637095921,1,0.6383529700826581,1,0.6993326662077497,0
E0_2025_26_13/09/2025_Fulham_Leeds,2025_26,E0,1X,0.7501596413009358,1,0.7501596413009358,1,0.5329167792548443,0,0.71692357944422,1
E0_2025_26_13/09/2025_Newcastle_Wolves,2025_26,E0,1X,0.8893429124761009,1,0.8893429124761009,1,0.29960984809351454,0,0.8110472394303846,1
E0_2025_26_13/09/2025_West Ham_Tottenham,2025_26,E0,12,0.7296030753793241,1,0.5647757448018906,0,0.7056211798187852,1,0.7296030753793241,1
E0_2025_26_13/09/2025_Brentford_Chelsea,2025_26,E0,X2,0.7722786886228189,1,0.48165036359390867,1,0.7722786886228189,1,0.7460709477832724,0
E0_2025_26_14/09/2025_Burnley_Liverpool,2025_26,E0,X2,0.8935879159231567,1,0.27568027026703223,0,0.8935879159231567,1,0.8307318138098111,1
E0_2025_26_14/09/2025_Man City_Man United,2025_26,E0,1X,0.7972865058229976,1,0.7972865058229976,1,0.4336970746710016,0,0.769016419506001,1
E0_2025_26_20/09/2025_Liverpool_Everton,2025_26,E0,1X,0.8469884979437423,1,0.8469884979437423,1,0.37134197386796897,0,0.7816695281882888,1
E0_2025_26_20/09/2025_Brighton_Tottenham,2025_26,E0,12,0.738860566338517,0,0.6956299480960328,1,0.5655094855654501,1,0.738860566338517,0
E0_2025_26_20/09/2025_Burnley_Nott'm Forest,2025_26,E0,X2,0.7236426374746985,1,0.5634906966652427,1,0.7236426374746985,1,0.7128666658600589,0
E0_2025_26_20/09/2025_West Ham_Crystal Palace,2025_26,E0,12,0.7238109906590868,1,0.5832081177656034,0,0.6929808915753095,1,0.7238109906590868,1
E0_2025_26_20/09/2025_Wolves_Leeds,2025_26,E0,12,0.6944250624755259,1,0.6307473442824869,0,0.6748275932419872,1,0.6944250624755259,1
E0_2025_26_20/09/2025_Man United_Chelsea,2025_26,E0,12,0.7403875325310034,1,0.6219796431005818,1,0.6376328243684148,0,0.7403875325310034,1
E0_2025_26_20/09/2025_Fulham_Brentford,2025_26,E0,1X,0.735900374013196,1,0.735900374013196,1,0.5532848713407235,0,0.7108147546460806,1
E0_2025_26_21/09/2025_Bournemouth_Newcastle,2025_26,E0,12,0.7123699390764755,0,0.6759854871123683,1,0.6116445738111564,1,0.7123699390764755,0
E0_2025_26_21/09/2025_Sunderland_Aston Villa,2025_26,E0,X2,0.7421213886425251,1,0.5464687546628044,1,0.7421213886425251,1,0.7114098566946705,0
E0_2025_26_21/09/2025_Arsenal_Man City,2025_26,E0,1X,0.7354295847869383,1,0.7354295847869383,1,0.5292240307476765,1,0.7353463844653854,0
E0_2025_26_27/09/2025_Brentford_Man United,2025_26,E0,12,0.745854531185095,1,0.5468222213945467,1,0.7073232474203583,0,0.745854531185095,1
E0_2025_26_27/09/2025_Chelsea_Brighton,2025_26,E0,12,0.746058736932768,1,0.7394132795715662,0,0.5145279834956658,1,0.746058736932768,1
E0_2025_26_27/09/2025_Crystal Palace_Liverpool,2025_26,E0,X2,0.7686842491198553,0,0.49034813158947965,1,0.7686842491198553,0,0.740967619290665,1
E0_2025_26_27/09/2025_Leeds_Bournemouth,2025_26,E0,12,0.7078098660855193,0,0.6123539773064237,1,0.6798361566080571,1,0.7078098660855193,0
E0_2025_26_27/09/2025_Man City_Burnley,2025_26,E0,1X,0.9316783603234848,1,0.9316783603234848,1,0.1975152281989102,0,0.870806411477605,1
E0_2025_26_27/09/2025_Nott'm Forest_Sunderland,2025_26,E0,1X,0.7970239400644707,0,0.7970239400644707,0,0.45649852735979457,1,0.7464775325757349,1
E0_2025_26_27/09/2025_Tottenham_Wolves,2025_26,E0,1X,0.8431706075937484,1,0.8431706075937484,1,0.3804624408664907,1,0.7763669515397607,0
E0_2025_26_28/09/2025_Aston Villa_Fulham,2025_26,E0,1X,0.7163514438708212,1,0.7163514438708212,1,0.5786421016315253,0,0.7050064544976535,1
E0_2025_26_28/09/2025_Newcastle_Arsenal,2025_26,E0,X2,0.7296589036562198,1,0.5599607141169358,0,0.7296589036562198,1,0.7103803822268444,1
E0_2025_26_29/09/2025_Everton_West Ham,2025_26,E0,1X,0.8205959369141218,1,0.8205959369141218,1,0.4258543742362476,1,0.7535496888496307,0
E0_2025_26_03/10/2025_Bournemouth_Fulham,2025_26,E0,1X,0.7641832393032202,1,0.7641832393032202,1,0.5132788884912451,0,0.7225378722055347,1
E0_2025_26_04/10/2025_Leeds_Tottenham,2025_26,E0,12,0.7199915505037726,1,0.6271234138176913,0,0.6528850356785361,1,0.7199915505037726,1
E0_2025_26_04/10/2025_Arsenal_West Ham,2025_26,E0,1X,0.9324603531303607,1,0.9324603531303607,1,0.19848970995916565,0,0.8690499369104738,1
E0_2025_26_04/10/2025_Man United_Sunderland,2025_26,E0,1X,0.8178329807640212,1,0.8178329807640212,1,0.403444820092149,0,0.77872219914383,1
E0_2025_26_04/10/2025_Chelsea_Liverpool,2025_26,E0,12,0.741676000078942,1,0.5900980778800329,1,0.6682259220410252,0,0.741676000078942,1
E0_2025_26_05/10/2025_Aston Villa_Burnley,2025_26,E0,1X,0.8389573868649947,1,0.8389573868649947,1,0.40134877692522664,0,0.7596938362097789,1
E0_2025_26_05/10/2025_Everton_Crystal Palace,2025_26,E0,12,0.6990061657921007,1,0.6659281531505221,1,0.6350656810573772,0,0.6990061657921007,1
E0_2025_26_05/10/2025_Newcastle_Nott'm Forest,2025_26,E0,1X,0.8380486790705247,1,0.8380486790705247,1,0.3782954174419098,0,0.7836559034875656,1
E0_2025_26_05/10/2025_Wolves_Brighton,2025_26,E0,12,0.7334060171505331,0,0.5378097485989237,1,0.7287842342505433,1,0.7334060171505331,0
E0_2025_26_05/10/2025_Brentford_Man City,2025_26,E0,X2,0.8045748996041948,1,0.41831789645618567,0,0.8045748996041948,1,0.7771072039396195,1
E0_2025_26_18/10/2025_Nott'm Forest_Chelsea,2025_26,E0,12,0.7245266315882306,1,0.5823657139963618,0,0.6931076544154074,1,0.7245266315882306,1
E0_2025_26_18/10/2025_Brighton_Newcastle,2025_26,E0,12,0.7248247610019591,1,0.6098901382268722,1,0.6652851007711686,0,0.7248247610019591,1
E0_2025_26_18/10/2025_Burnley_Leeds,2025_26,E0,X2,0.7249216667074407,0,0.5697299392553146,1,0.7249216667074407,0,0.7053483940372446,1
E0_2025_26_18/10/2025_Crystal Palace_Bournemouth,2025_26,E0,1X,0.7230987472286026,1,0.7230987472286026,1,0.5609239196435165,1,0.7159773331278809,0
E0_2025_26_18/10/2025_Man City_Everton,2025_26,E0,1X,0.8754246788203718,1,0.8754246788203718,1,0.33711814917125316,0,0.7874571720083751,1
E0_2025_26_18/10/2025_Sunderland_Wolves,2025_26,E0,1X,0.6900630319108192,1,0.6900630319108192,1,0.6263556160664198,0,0.6835813520227609,1
E0_2025_26_18/10/2025_Fulham_Arsenal,2025_26,E0,X2,0.8546909852451273,1,0.3731188066498734,0,0.8546909852451273,1,0.7721902081049993,1
E0_2025_26_19/10/2025_Tottenham_Aston Villa,2025_26,E0,12,0.7209027042739773,1,0.7013137050647307,0,0.577783590661292,1,0.7209027042739773,1
E0_2025_26_19/10/2025_Liverpool_Man United,2025_26,E0,1X,0.7922418423741234,0,0.7922418423741234,0,0.42759766290447887,1,0.7801604947213977,1
E0_2025_26_20/10/2025_West Ham_Brentford,2025_26,E0,12,0.7095265237232653,1,0.640970410119353,0,0.6495030661573817,1,0.7095265237232653,1
E0_2025_26_24/10/2025_Leeds_West Ham,2025_26,E0,1X,0.7925513191921254,1,0.7925513191921254,1,0.46953455325683857,0,0.7379141275510362,1
E0_2025_26_25/10/2025_Chelsea_Sunderland,2025_26,E0,1X,0.8668235471719494,0,0.8668235471719494,0,0.3424678478324088,1,0.7907086049956418,1
E0_2025_26_25/10/2025_Newcastle_Fulham,2025_26,E0,1X,0.830597864482854,1,0.830597864482854,1,0.4039399218106348,0,0.7654622137065114,1
E0_2025_26_25/10/2025_Man United_Brighton,2025_26,E0,12,0.7518788827309844,1,0.7232265783581462,1,0.5248945389108693,0,0.7518788827309844,1
E0_2025_26_25/10/2025_Brentford_Liverpool,2025_26,E0,X2,0.7620223722890944,0,0.4784641828812043,1,0.7620223722890944,0,0.7595134448297013,1
E0_2025_26_26/10/2025_Arsenal_Crystal Palace,2025_26,E0,1X,0.8822747216667995,1,0.8822747216667995,1,0.31169528982127004,0,0.8060299885119306,1
E0_2025_26_26/10/2025_Aston Villa_Man City,2025_26,E0,X2,0.7718585934978888,0,0.481456359511061,1,0.7718585934978888,0,0.7466850469910504,1
E0_2025_26_26/10/2025_Bournemouth_Nott'm Forest,2025_26,E0,1X,0.744391667292973,1,0.744391667292973,1,0.5201654246201934,0,0.7354429080868337,1
E0_2025_26_26/10/2025_Wolves_Burnley,2025_26,E0,1X,0.7812354962515792,0,0.7812354962515792,0,0.5044349341697505,1,0.7143295695786702,1
E0_2025_26_26/10/2025_Everton_Tottenham,2025_26,E0,12,0.7189393578759344,1,0.7107533817969034,0,0.5703072603271622,1,0.7189393578759344,1
E0_2025_26_01/11/2025_Brighton_Leeds,2025_26,E0,1X,0.7540909069401951,1,0.7540909069401951,1,0.5113785563719249,0,0.73453053668788,1
E0_2025_26_01/11/2025_Burnley_Arsenal,2025_26,E0,X2,0.9249833341119752,1,0.2337034681889837,0,0.9249833341119752,1,0.8413131976990411,1
E0_2025_26_01/11/2025_Crystal Palace_Brentford,2025_26,E0,1X,0.7383830248669156,1,0.7383830248669156,1,0.5377424712625258,0,0.7238745038705584,1
E0_2025_26_01/11/2025_Fulham_Wolves,2025_26,E0,1X,0.7898572128011772,1,0.7898572128011772,1,0.4665537223917359,0,0.7435890648070868,1
E0_2025_26_01/11/2025_Nott'm Forest_Man United,2025_26,E0,12,0.7437212523773178,0,0.5493383986636977,1,0.7069403489589844,1,0.7437212523773178,0
E0_2025_26_01/11/2025_Tottenham_Chelsea,2025_26,E0,12,0.7248002627441059,1,0.5965897948686983,0,0.6786099423871956,1,0.7248002627441059,1
E0_2025_26_01/11/2025_Liverpool_Aston Villa,2025_26,E0,1X,0.7950384429650648,1,0.7950384429650648,1,0.42743617768539366,0,0.7775253793495418,1
E0_2025_26_02/11/2025_West Ham_Newcastle,2025_26,E0,X2,0.8079882607602114,0,0.42062987149302355,1,0.8079882607602114,0,0.7713818677467651,1
E0_2025_26_02/11/2025_Man City_Bournemouth,2025_26,E0,1X,0.8601560879095821,1,0.8601560879095821,1,0.327160577246237,0,0.8126833348441811,1
E0_2025_26_03/11/2025_Sunderland_Everton,2025_26,E0,X2,0.7103752154537132,1,0.5988496602131477,1,0.7103752154537132,1,0.6907751243331393,0
E0_2025_26_08/11/2025_Tottenham_Man United,2025_26,E0,12,0.7249744276554471,0,0.6004397282675988,1,0.6745858440769541,1,0.7249744276554471,0
E0_2025_26_08/11/2025_Everton_Fulham,2025_26,E0,1X,0.7067471295704653,1,0.7067471295704653,1,0.588307779292097,0,0.7049450911374378,1
E0_2025_26_08/11/2025_West Ham_Burnley,2025_26,E0,1X,0.7760321038064755,1,0.7760321038064755,1,0.4890075930335986,0,0.7349603031599259,1
E0_2025_26_08/11/2025_Sunderland_Arsenal,2025_26,E0,X2,0.869026140765067,1,0.3507492677832963,1,0.869026140765067,1,0.7802245914516367,0
E0_2025_26_08/11/2025_Chelsea_Wolves,2025_26,E0,1X,0.8846779931515254,1,0.8846779931515254,1,0.30144708707681156,0,0.8138749197716628,1
E0_2025_26_09/11/2025_Aston Villa_Bournemouth,2025_26,E0,12,0.7150286469939016,1,0.6968355699758503,1,0.5881357830302483,0,0.7150286469939016,1
E0_2025_26_09/11/2025_Brentford_Newcastle,2025_26,E0,12,0.7190665223761142,1,0.6171550581936183,1,0.6637784194302672,0,0.7190665223761142,1
E0_2025_26_09/11/2025_Crystal Palace_Brighton,2025_26,E0,12,0.7192428176490394,0,0.6827073316668119,1,0.5980498506841486,1,0.7192428176490394,0
E0_2025_26_09/11/2025_Nott'm Forest_Leeds,2025_26,E0,1X,0.7339062206513207,1,0.7339062206513207,1,0.5698157065312905,0,0.696278072817389,1
E0_2025_26_09/11/2025_Man City_Liverpool,2025_26,E0,12,0.7589515913158449,1,0.749717378855475,1,0.49133102982868015,0,0.7589515913158449,1
E0_2025_26_22/11/2025_Burnley_Chelsea,2025_26,E0,X2,0.8240834016844437,1,0.40190062692388295,0,0.8240834016844437,1,0.7740159713916733,1
E0_2025_26_22/11/2025_Bournemouth_West Ham,2025_26,E0,1X,0.8079645503380056,1,0.8079645503380056,1,0.4281607732689374,1,0.763874676393057,0
E0_2025_26_22/11/2025_Brighton_Brentford,2025_26,E0,1X,0.7244614401714763,1,0.7244614401714763,1,0.5542019509053601,0,0.7213366089231638,1
E0_2025_26_22/11/2025_Fulham_Sunderland,2025_26,E0,1X,0.7555124585886357,1,0.7555124585886357,1,0.5307903729713906,0,0.7136971684399734,1
E0_2025_26_22/11/2025_Liverpool_Nott'm Forest,2025_26,E0,1X,0.8583072150396837,0,0.8583072150396837,0,0.34897564002580983,1,0.7927171449345065,1
E0_2025_26_22/11/2025_Wolves_Crystal Palace,2025_26,E0,X2,0.7835401530317578,1,0.4699033761250606,0,0.7835401530317578,1,0.7465564708431814,1
E0_2025_26_22/11/2025_Newcastle_Man City,2025_26,E0,X2,0.7492828431131455,0,0.5045582622431263,1,0.7492828431131455,0,0.7461588946437281,1
E0_2025_26_23/11/2025_Leeds_Aston Villa,2025_26,E0,12,0.7127658905060944,1,0.5819867247451446,0,0.7052473847487611,1,0.7127658905060944,1
E0_2025_26_23/11/2025_Arsenal_Tottenham,2025_26,E0,1X,0.8660907247611753,1,0.8660907247611753,1,0.3520477217654998,0,0.7818615534733251,1
E0_2025_26_24/11/2025_Man United_Everton,2025_26,E0,1X,0.7670438862388083,0,0.7670438862388083,0,0.4891808713873602,1,0.7437752423738316,1
E0_2025_26_29/11/2025_Brentford_Burnley,2025_26,E0,1X,0.8550577978117021,1,0.8550577978117021,1,0.3606598049170211,0,0.7842823972712768,1
E0_2025_26_29/11/2025_Man City_Leeds,2025_26,E0,1X,0.9155042284595196,1,0.9155042284595196,1,0.21690749774386348,0,0.867588273796617,1
E0_2025_26_29/11/2025_Sunderland_Bournemouth,2025_26,E0,12,0.7132347984776095,1,0.586756672926964,1,0.7000085285954266,0,0.7132347984776095,1
E0_2025_26_29/11/2025_Everton_Newcastle,2025_26,E0,12,0.7121140405161346,1,0.6428262396929092,0,0.6450597197909562,1,0.7121140405161346,1
E0_2025_26_29/11/2025_Tottenham_Fulham,2025_26,E0,12,0.7170234564277643,1,0.6853646514266192,0,0.5976118921456164,1,0.7170234564277643,1
E0_2025_26_30/11/2025_Crystal Palace_Man United,2025_26,E0,12,0.7401762740836156,1,0.7228476938464797,0,0.5369760320699045,1,0.7401762740836156,1
E0_2025_26_30/11/2025_Aston Villa_Wolves,2025_26,E0,1X,0.8540515739330076,1,0.8540515739330076,1,0.35782759900683014,0,0.7881208270601623,1
E0_2025_26_30/11/2025_Nott'm Forest_Brighton,2025_26,E0,12,0.7112643640997843,1,0.6153008786846378,0,0.6734347572155778,1,0.7112643640997843,1
E0_2025_26_30/11/2025_West Ham_Liverpool,2025_26,E0,X2,0.8081836441792878,1,0.4012099595770064,0,0.8081836441792878,1,0.7906063962437057,1
E0_2025_26_30/11/2025_Chelsea_Arsenal,2025_26,E0,12,0.6983664773916574,0,0.6169702525895979,1,0.6846632700187447,1,0.6983664773916574,0
E0_2025_26_02/12/2025_Bournemouth_Everton,2025_26,E0,12,0.7237108340593124,1,0.7129623866438393,0,0.5633267792968484,1,0.7237108340593124,1
E0_2025_26_02/12/2025_Fulham_Man City,2025_26,E0,X2,0.8133089040245426,1,0.41850985546696523,0,0.8133089040245426,1,0.7681812405084922,1
E0_2025_26_02/12/2025_Newcastle_Tottenham,2025_26,E0,1X,0.7690113981494755,1,0.7690113981494755,1,0.482342057317711,1,0.7486465445328133,0
E0_2025_26_03/12/2025_Arsenal_Brentford,2025_26,E0,1X,0.8710828377747085,1,0.8710828377747085,1,0.33716175305751217,0,0.7917554091677793,1
E0_2025_26_03/12/2025_Brighton_Aston Villa,2025_26,E0,12,0.7203984254922116,1,0.7004569303439803,0,0.5791446441638084,1,0.7203984254922116,1
E0_2025_26_03/12/2025_Burnley_Crystal Palace,2025_26,E0,X2,0.8059634910717519,1,0.4522444200998987,0,0.8059634910717519,1,0.7417920888283492,1
E0_2025_26_03/12/2025_Wolves_Nott'm Forest,2025_26,E0,12,0.7069961479161759,1,0.6018640641771266,0,0.6911397879066978,1,0.7069961479161759,1
E0_2025_26_03/12/2025_Leeds_Chelsea,2025_26,E0,X2,0.7592025227587247,0,0.5157103490418999,1,0.7592025227587247,0,0.7250871281993754,1
E0_2025_26_03/12/2025_Liverpool_Sunderland,2025_26,E0,1X,0.8763073442166787,1,0.8763073442166787,1,0.3002214117704223,1,0.8234712440128991,0
E0_2025_26_04/12/2025_Man United_West Ham,2025_26,E0,1X,0.8671797404076553,1,0.8671797404076553,1,0.3182220144633563,1,0.8145982451289884,0
E0_2025_26_06/12/2025_Aston Villa_Arsenal,2025_26,E0,X2,0.7750091010977221,0,0.4979354476230764,1,0.7750091010977221,0,0.7270554512792017,1
E0_2025_26_06/12/2025_Bournemouth_Chelsea,2025_26,E0,12,0.7471341790332567,0,0.5406173617979898,1,0.7122484591687536,1,0.7471341790332567,0
E0_2025_26_06/12/2025_Everton_Nott'm Forest,2025_26,E0,1X,0.7489140808296413,1,0.7489140808296413,1,0.5420224707331489,0,0.7090634484372098,1
E0_2025_26_06/12/2025_Man City_Sunderland,2025_26,E0,1X,0.9072199849130448,1,0.9072199849130448,1,0.24237320107210983,0,0.8504068140148454,1
E0_2025_26_06/12/2025_Newcastle_Burnley,2025_26,E0,1X,0.8966719595925152,1,0.8966719595925152,1,0.27446568071216354,0,0.8288623596953213,1
E0_2025_26_06/12/2025_Tottenham_Brentford,2025_26,E0,12,0.7167361790700499,1,0.673207188992071,1,0.6100566319378793,0,0.7167361790700499,1
E0_2025_26_06/12/2025_Leeds_Liverpool,2025_26,E0,X2,0.7828046415378649,1,0.4583050230076894,1,0.7828046415378649,1,0.7588903354544457,0
E0_2025_26_07/12/2025_Brighton_West Ham,2025_26,E0,1X,0.8165532904436373,1,0.8165532904436373,1,0.4078059476830712,1,0.7756407618732915,0
E0_2025_26_07/12/2025_Fulham_Crystal Palace,2025_26,E0,12,0.7153644617444297,1,0.6696844496180999,0,0.6149510886374707,1,0.7153644617444297,1
E0_2025_26_08/12/2025_Wolves_Man United,2025_26,E0,X2,0.8102793363488235,1,0.42224773531310855,0,0.8102793363488235,1,0.7674729283380679,1
E0_2025_26_13/12/2025_Chelsea_Everton,2025_26,E0,1X,0.7986450790765627,1,0.7986450790765627,1,0.44886315483162675,0,0.7524917660918107,1
E0_2025_26_13/12/2025_Liverpool_Brighton,2025_26,E0,1X,0.7794410949853442,1,0.7794410949853442,1,0.45842231494162117,0,0.7621365900730348,1
E0_2025_26_13/12/2025_Burnley_Fulham,2025_26,E0,X2,0.7582017579372349,1,0.5172688943596111,0,0.7582017579372349,1,0.724529347703154,1
E0_2025_26_13/12/2025_Arsenal_Wolves,2025_26,E0,1X,0.9570941953370835,1,0.9570941953370835,1,0.14533152900210206,0,0.8975742756608145,1
E0_2025_26_14/12/2025_Crystal Palace_Man City,2025_26,E0,X2,0.7650092317397141,1,0.4888038602002015,0,0.7650092317397141,1,0.7461869080600844,1
E0_2025_26_14/12/2025_Nott'm Forest_Tottenham,2025_26,E0,12,0.7108781439137994,1,0.6465895577169036,1,0.6425322983692969,0,0.7108781439137994,1
E0_2025_26_14/12/2025_Sunderland_Newcastle,2025_26,E0,X2,0.720052688077746,0,0.5617867632302178,1,0.720052688077746,0,0.7181605486920362,1
E0_2025_26_14/12/2025_West Ham_Aston Villa,2025_26,E0,12,0.7234796847836973,1,0.5676100764955563,0,0.7089102387207463,1,0.7234796847836973,1
E0_2025_26_14/12/2025_Brentford_Leeds,2025_26,E0,1X,0.7342666414796437,1,0.7342666414796437,1,0.5574243998851991,1,0.7083089586351572,0
E0_2025_26_15/12/2025_Man United_Bournemouth,2025_26,E0,12,0.7737074682443525,0,0.7686134595702547,1,0.4576790721853925,1,0.7737074682443525,0
E0_2025_26_20/12/2025_Newcastle_Chelsea,2025_26,E0,12,0.7319495615042986,0,0.6070569883974213,1,0.6609934500982801,1,0.7319495615042986,0
E0_2025_26_20/12/2025_Bournemouth_Burnley,2025_26,E0,1X,0.8502760906130276,1,0.8502760906130276,1,0.3559769919518506,1,0.7937469174351218,0
E0_2025_26_20/12/2025_Brighton_Sunderland,2025_26,E0,1X,0.7776595514896192,1,0.7776595514896192,1,0.4826935822193703,1,0.7396468662910107,0
E0_2025_26_20/12/2025_Man City_West Ham,2025_26,E0,1X,0.9180123013595832,1,0.9180123013595832,1,0.20552567771798574,0,0.8764620209224306,1
E0_2025_26_20/12/2025_Wolves_Brentford,2025_26,E0,12,0.7224282242834055,1,0.5582088118779943,0,0.7193629638386005,1,0.7224282242834055,1
E0_2025_26_20/12/2025_Tottenham_Liverpool,2025_26,E0,12,0.736884904132397,1,0.5306582198791617,0,0.7324568759884413,1,0.736884904132397,1
E0_2025_26_20/12/2025_Everton_Arsenal,2025_26,E0,X2,0.848148516913367,1,0.38491622239915674,0,0.848148516913367,1,0.7669352606874761,1
E0_2025_26_20/12/2025_Leeds_Crystal Palace,2025_26,E0,12,0.6915942911443479,1,0.6419389164182189,1,0.6664667924374333,0,0.6915942911443479,1
E0_2025_26_21/12/2025_Aston Villa_Man United,2025_26,E0,12,0.7422266891826484,1,0.7352181758173454,1,0.522555135000006,0,0.7422266891826484,1
E0_2025_26_22/12/2025_Fulham_Nott'm Forest,2025_26,E0,12,0.7140176074398457,1,0.6550243232762226,1,0.630958069283932,0,0.7140176074398457,1
E0_2025_26_26/12/2025_Man United_Newcastle,2025_26,E0,12,0.7422844975313623,1,0.6437804890250487,1,0.6139350134435889,0,0.7422844975313623,1
E0_2025_26_27/12/2025_Nott'm Forest_Man City,2025_26,E0,X2,0.8103093157064243,1,0.4175685526269206,0,0.8103093157064243,1,0.7721221316666551,1
E0_2025_26_27/12/2025_Arsenal_Brighton,2025_26,E0,1X,0.887478124998663,1,0.887478124998663,1,0.2824024353420312,0,0.8301194396593057,1
E0_2025_26_27/12/2025_Brentford_Bournemouth,2025_26,E0,12,0.7267660532440914,1,0.6933828567790474,1,0.5798510899768612,0,0.7267660532440914,1
E0_2025_26_27/12/2025_Burnley_Everton,2025_26,E0,X2,0.7411847298710512,1,0.5625416900258384,1,0.7411847298710512,1,0.6962735801031104,0
E0_2025_26_27/12/2025_Liverpool_Wolves,2025_26,E0,1X,0.91042939821048,1,0.91042939821048,1,0.23180376702438465,0,0.8577668347651354,1
E0_2025_26_27/12/2025_West Ham_Fulham,2025_26,E0,12,0.7165538707831627,1,0.6042624614137624,0,0.6791836678030749,1,0.7165538707831627,1
E0_2025_26_27/12/2025_Chelsea_Aston Villa,2025_26,E0,1X,0.7752588170737771,0,0.7752588170737771,0,0.46206660254821547,1,0.7626745803780074,1
E0_2025_26_28/12/2025_Sunderland_Leeds,2025_26,E0,12,0.6966118907426793,0,0.6347034466033938,1,0.6686846626539271,1,0.6966118907426793,0
E0_2025_26_28/12/2025_Crystal Palace_Tottenham,2025_26,E0,12,0.7207094022148984,1,0.7072608883836147,0,0.572029709401487,1,0.7207094022148984,1
E0_2025_26_30/12/2025_Burnley_Newcastle,2025_26,E0,X2,0.8338311104882378,1,0.3957419260953191,0,0.8338311104882378,1,0.7704269634164431,1
E0_2025_26_30/12/2025_Chelsea_Bournemouth,2025_26,E0,1X,0.8151187436269185,1,0.8151187436269185,1,0.3980122838579123,1,0.7868689725151692,0
E0_2025_26_30/12/2025_Nott'm Forest_Everton,2025_26,E0,1X,0.7788367994661647,0,0.7788367994661647,0,0.49643203879982933,1,0.724731161734006,1
E0_2025_26_30/12/2025_West Ham_Brighton,2025_26,E0,12,0.7374540271681361,0,0.545140596892498,1,0.7174053759393659,1,0.7374540271681361,0
E0_2025_26_30/12/2025_Arsenal_Aston Villa,2025_26,E0,1X,0.8738758300392687,1,0.8738758300392687,1,0.3078084770401873,0,0.8183156929205442,1
E0_2025_26_30/12/2025_Man United_Wolves,2025_26,E0,1X,0.8712061652231278,1,0.8712061652231278,1,0.3111418097773213,1,0.8176520249995507,0
E0_2025_26_01/01/2026_Crystal Palace_Fulham,2025_26,E0,1X,0.7188319848194551,1,0.7188319848194551,1,0.572599772659355,1,0.7085682425211899,0
E0_2025_26_01/01/2026_Liverpool_Leeds,2025_26,E0,1X,0.8575747355783577,1,0.8575747355783577,1,0.35327706963381944,1,0.7891481947878228,0
E0_2025_26_01/01/2026_Brentford_Tottenham,2025_26,E0,12,0.7225584137293452,0,0.6725752497084233,1,0.6048663365622317,1,0.7225584137293452,0
E0_2025_26_01/01/2026_Sunderland_Man City,2025_26,E0,X2,0.864110145949159,1,0.3343716139260776,1,0.864110145949159,1,0.8015182401247634,0
E0_2025_26_03/01/2026_Aston Villa_Nott'm Forest,2025_26,E0,1X,0.7668240482943752,1,0.7668240482943752,1,0.5036694734599101,0,0.7295064782457148,1
E0_2025_26_03/01/2026_Brighton_Burnley,2025_26,E0,1X,0.8617711079997715,1,0.8617711079997715,1,0.346999976442964,0,0.7912289155572645,1
E0_2025_26_03/01/2026_Wolves_West Ham,2025_26,E0,12,0.7192244710596677,1,0.6420051823278607,1,0.6387703466124715,0,0.7192244710596677,1
E0_2025_26_03/01/2026_Bournemouth_Arsenal,2025_26,E0,X2,0.8411439516366468,1,0.3718357669202408,0,0.8411439516366468,1,0.7870202814431124,1
E0_2025_26_04/01/2026_Leeds_Man United,2025_26,E0,12,0.7110050485330346,0,0.637053665386493,1,0.6519412860804724,1,0.7110050485330346,0
E0_2025_26_04/01/2026_Everton_Brentford,2025_26,E0,12,0.6989745505092126,1,0.6875247982178079,0,0.6135006512729795,1,0.6989745505092126,1
E0_2025_26_04/01/2026_Newcastle_Crystal Palace,2025_26,E0,1X,0.8047745936922389,1,0.8047745936922389,1,0.4339807661625036,0,0.7612446401452575,1
E0_2025_26_04/01/2026_Tottenham_Sunderland,2025_26,E0,1X,0.7614276532887605,1,0.7614276532887605,1,0.5151761446271025,1,0.7233962020841371,0
E0_2025_26_04/01/2026_Fulham_Liverpool,2025_26,E0,X2,0.7664192911446106,1,0.4936821629860981,1,0.7664192911446106,1,0.7398985458692914,0
E0_2025_26_04/01/2026_Man City_Chelsea,2025_26,E0,1X,0.8337322929990909,1,0.8337322929990909,1,0.35717616114220796,1,0.8090915458587014,0
E0_2025_26_06/01/2026_West Ham_Nott'm Forest,2025_26,E0,12,0.72512075185455,1,0.5979580186610789,0,0.676921229484371,1,0.72512075185455,1
E0_2025_26_07/01/2026_Bournemouth_Tottenham,2025_26,E0,12,0.7354793980251841,1,0.6990567531205645,1,0.5654638488542515,0,0.7354793980251841,1
E0_2025_26_07/01/2026_Brentford_Sunderland,2025_26,E0,1X,0.7621626535126567,1,0.7621626535126567,1,0.5336045890619676,0,0.7042327574253757,1
E0_2025_26_07/01/2026_Crystal Palace_Aston Villa,2025_26,E0,12,0.7193645389488527,0,0.5995083047547691,1,0.6811271562963781,1,0.7193645389488527,0
E0_2025_26_07/01/2026_Everton_Wolves,2025_26,E0,1X,0.7868156853852342,1,0.7868156853852342,1,0.48522549249312974,1,0.7279588221216361,0
E0_2025_26_07/01/2026_Fulham_Chelsea,2025_26,E0,X2,0.7371434748088557,0,0.5335254587830884,1,0.7371434748088557,0,0.7293310664080559,1
E0_2025_26_07/01/2026_Man City_Brighton,2025_26,E0,1X,0.8354757104011611,1,0.8354757104011611,1,0.3693149095176498,1,0.7952093800811891,0
E0_2025_26_07/01/2026_Burnley_Man United,2025_26,E0,X2,0.8003341922361196,1,0.44903795233616667,1,0.8003341922361196,1,0.7506278554277136,0
E0_2025_26_07/01/2026_Newcastle_Leeds,2025_26,E0,1X,0.8288262000259365,1,0.8288262000259365,1,0.4116524317251127,0,0.7595213682489508,1
E0_2025_26_08/01/2026_Arsenal_Liverpool,2025_26,E0,1X,0.828947904409458,1,0.828947904409458,1,0.3964429910977063,1,0.7746091044928359,0
E1_2025_26_08/08/2025_Birmingham_Ipswich,2025_26,E1,12,0.708129119745669,0,0.6651101289098444,1,0.6267607513444866,1,0.708129119745669,0
E1_2025_26_09/08/2025_Charlton_Watford,2025_26,E1,12,0.7142962671075244,1,0.7052205015653368,1,0.5804832313271387,0,0.7142962671075244,1
E1_2025_26_09/08/2025_Coventry_Hull,2025_26,E1,1X,0.8058503030596151,1,0.8058503030596151,1,0.44069134570640567,1,0.7534583512339794,0
E1_2025_26_09/08/2025_Southampton_Wrexham,2025_26,E1,1X,0.785972453607394,1,0.785972453607394,1,0.48046478519268876,0,0.7335627611999175,1
E1_2025_26_09/08/2025_Middlesbrough_Swansea,2025_26,E1,1X,0.7448876004375988,1,0.7448876004375988,1,0.5387283654906794,0,0.716384034071722,1
E1_2025_26_09/08/2025_Norwich_Millwall,2025_26,E1,1X,0.7254078023738597,0,0.7254078023738597,0,0.5613650087904303,1,0.71322718883571,1
E1_2025_26_09/08/2025_Oxford_Portsmouth,2025_26,E1,12,0.7053724860848609,1,0.651462144539862,0,0.6431653693752772,1,0.7053724860848609,1
E1_2025_26_09/08/2025_QPR_Preston,2025_26,E1,12,0.6995331270207878,0,0.6777836639632144,1,0.6226832090159979,1,0.6995331270207878,0
E1_2025_26_09/08/2025_Stoke_Derby,2025_26,E1,1X,0.743442773451015,1,0.743442773451015,1,0.5565992968274469,0,0.6999579297215381,1
E1_2025_26_09/08/2025_West Brom_Blackburn,2025_26,E1,1X,0.7802481196152031,1,0.7802481196152031,1,0.49326231266651166,0,0.7264895677182852,1
E1_2025_26_09/08/2025_Sheffield United_Bristol City,2025_26,E1,1X,0.8060834859554107,0,0.8060834859554107,0,0.4426148465517414,1,0.7513016674928481,1
E1_2025_26_10/08/2025_Leicester_Sheffield Weds,2025_26,E1,1X,0.9216258472661998,1,0.9216258472661998,1,0.23557279916003948,0,0.8428013535737607,1
E1_2025_26_16/08/2025_Derby_Coventry,2025_26,E1,X2,0.7214018710779435,1,0.5758731648382664,0,0.7214018710779435,1,0.70272496408379,1
E1_2025_26_16/08/2025_Portsmouth_Norwich,2025_26,E1,12,0.7202544963741458,1,0.6477278843229984,0,0.6320176193028558,1,0.7202544963741458,1
E1_2025_26_16/08/2025_Wrexham_West Brom,2025_26,E1,12,0.7004792625854274,1,0.6446052358821187,0,0.6549155015324538,1,0.7004792625854274,1
E1_2025_26_16/08/2025_Blackburn_Birmingham,2025_26,E1,12,0.7017809552514556,1,0.6007076505324545,0,0.6975113942160899,1,0.7017809552514556,1
E1_2025_26_16/08/2025_Bristol City_Charlton,2025_26,E1,1X,0.7543174568534929,1,0.7543174568534929,1,0.5136083944171136,1,0.7320741487293932,0
E1_2025_26_16/08/2025_Millwall_Middlesbrough,2025_26,E1,1X,0.7236406066705579,0,0.7236406066705579,0,0.5661594144485971,1,0.7101999788808451,1
E1_2025_26_16/08/2025_Preston_Leicester,2025_26,E1,X2,0.7549649707476326,0,0.5215397910328239,1,0.7549649707476326,0,0.7234952382195434,1
E1_2025_26_16/08/2025_Sheffield Weds_Stoke,2025_26,E1,X2,0.7264268881492328,1,0.554911675919908,0,0.7264268881492328,1,0.7186614359308592,1
E1_2025_26_16/08/2025_Swansea_Sheffield United,2025_26,E1,12,0.7012201838135994,1,0.6751965245305112,1,0.6235832916558894,0,0.7012201838135994,1
E1_2025_26_16/08/2025_Watford_QPR,2025_26,E1,1X,0.7547832019965766,1,0.7547832019965766,1,0.5189714770476787,0,0.726245320955745,1
E1_2025_26_17/08/2025_Ipswich_Southampton,2025_26,E1,1X,0.7497288340865116,1,0.7497288340865116,1,0.5090455482248493,1,0.7412256176886393,0
E1_2025_26_17/08/2025_Hull_Oxford,2025_26,E1,1X,0.7713268422908601,1,0.7713268422908601,1,0.5059563900337958,0,0.7227167676753439,1
E1_2025_26_22/08/2025_Derby_Bristol City,2025_26,E1,12,0.6956552095392963,0,0.6181311255985711,1,0.6862136648621326,1,0.6956552095392963,0
E1_2025_26_23/08/2025_Charlton_Leicester,2025_26,E1,12,0.7071554645219729,1,0.5942302150494239,0,0.6986143204286033,1,0.7071554645219729,1
E1_2025_26_23/08/2025_Hull_Blackburn,2025_26,E1,12,0.7084745587569483,1,0.6944753941717794,0,0.5970500470712725,1,0.7084745587569483,1
E1_2025_26_23/08/2025_Swansea_Watford,2025_26,E1,1X,0.7939792810115973,1,0.7939792810115973,1,0.4733761254742522,1,0.7326445935141507,0
E1_2025_26_23/08/2025_Birmingham_Oxford,2025_26,E1,1X,0.8614735450902142,1,0.8614735450902142,1,0.3637389906427674,0,0.7747874642670184,1
E1_2025_26_23/08/2025_Coventry_QPR,2025_26,E1,1X,0.8541614485817104,1,0.8541614485817104,1,0.35020177472971525,0,0.7956367766885744,1
E1_2025_26_23/08/2025_Norwich_Middlesbrough,2025_26,E1,12,0.7192585358481411,1,0.6792448178108956,0,0.6014966463409632,1,0.7192585358481411,1
E1_2025_26_23/08/2025_Preston_Ipswich,2025_26,E1,X2,0.7228858885017422,0,0.561191637630662,1,0.7228858885017422,0,0.7159224738675958,1
E1_2025_26_23/08/2025_Sheffield United_Millwall,2025_26,E1,1X,0.7680748991135338,0,0.7680748991135338,0,0.4893738828137408,1,0.7425512180727255,1
E1_2025_26_23/08/2025_Southampton_Stoke,2025_26,E1,1X,0.7583312753507228,0,0.7583312753507228,0,0.5018847769965566,1,0.7397839476527207,1
E1_2025_26_23/08/2025_West Brom_Portsmouth,2025_26,E1,1X,0.8123193245871275,1,0.8123193245871275,1,0.43682090277568697,1,0.7508597726371855,0
E1_2025_26_23/08/2025_Wrexham_Sheffield Weds,2025_26,E1,1X,0.8244406903254143,1,0.8244406903254143,1,0.41148577016016963,1,0.764073539514416,0
E1_2025_26_29/08/2025_Leicester_Birmingham,2025_26,E1,12,0.7055762574516442,1,0.6784026815139749,1,0.616021061034381,0,0.7055762574516442,1
E1_2025_26_30/08/2025_Middlesbrough_Sheffield United,2025_26,E1,12,0.7337235616596409,1,0.7037035210425145,1,0.5625729172978446,0,0.7337235616596409,1
E1_2025_26_30/08/2025_QPR_Charlton,2025_26,E1,12,0.7169150341858915,1,0.5844130529468172,1,0.6986719128672914,0,0.7169150341858915,1
E1_2025_26_30/08/2025_Stoke_West Brom,2025_26,E1,12,0.7105471455402794,1,0.6623952539693511,0,0.6270576004903694,1,0.7105471455402794,1
E1_2025_26_30/08/2025_Blackburn_Norwich,2025_26,E1,12,0.717458070520083,1,0.7147798798867601,0,0.567762049593157,1,0.717458070520083,1
E1_2025_26_30/08/2025_Bristol City_Hull,2025_26,E1,1X,0.7761759852285246,1,0.7761759852285246,1,0.48740288693125644,0,0.736421127840219,1
E1_2025_26_30/08/2025_Ipswich_Derby,2025_26,E1,1X,0.866490531132788,1,0.866490531132788,1,0.3747038103684337,1,0.7588056584987783,0
E1_2025_26_30/08/2025_Millwall_Wrexham,2025_26,E1,1X,0.7408823412980526,0,0.7408823412980526,0,0.5431601545233303,1,0.7159575041786171,1
E1_2025_26_30/08/2025_Oxford_Coventry,2025_26,E1,X2,0.7993761200620759,1,0.43521408220628377,1,0.7993761200620759,1,0.7654097977316403,0
E1_2025_26_30/08/2025_Portsmouth_Preston,2025_26,E1,1X,0.7219440124609827,1,0.7219440124609827,1,0.5618037842473756,0,0.7162522032916417,1
E1_2025_26_30/08/2025_Sheffield Weds_Swansea,2025_26,E1,X2,0.7201087399748087,1,0.5630923262399423,0,0.7201087399748087,1,0.716798933785249,1
E1_2025_26_30/08/2025_Watford_Southampton,2025_26,E1,12,0.7191126020818105,0,0.6135426886859244,1,0.667344709232265,1,0.7191126020818105,0
E1_2025_26_12/09/2025_Ipswich_Sheffield United,2025_26,E1,1X,0.7969726437430766,1,0.7969726437430766,1,0.4519183760372466,0,0.7511089802196768,1
E1_2025_26_13/09/2025_Charlton_Millwall,2025_26,E1,1X,0.6982138087788639,1,0.6982138087788639,1,0.608970913947724,1,0.6928152772734122,0
E1_2025_26_13/09/2025_Oxford_Leicester,2025_26,E1,X2,0.7564406583649366,1,0.5137841354535808,1,0.7564406583649366,1,0.7297752061814826,0
E1_2025_26_13/09/2025_Preston_Middlesbrough,2025_26,E1,12,0.7152162968609994,0,0.5883103771300551,1,0.6964733260089455,1,0.7152162968609994,0
E1_2025_26_13/09/2025_Coventry_Norwich,2025_26,E1,1X,0.7784918215027447,1,0.7784918215027447,1,0.4481684403852797,1,0.7733397381119759,0
E1_2025_26_13/09/2025_Sheffield Weds_Bristol City,2025_26,E1,X2,0.7560401138479764,1,0.5113070995310649,0,0.7560401138479764,1,0.7326527866209589,1
E1_2025_26_13/09/2025_Stoke_Birmingham,2025_26,E1,12,0.7033449641238587,1,0.6190201369870802,1,0.677634898889061,0,0.7033449641238587,1
E1_2025_26_13/09/2025_Swansea_Hull,2025_26,E1,1X,0.7844193774895978,1,0.7844193774895978,1,0.4748298213060672,1,0.7407508012043348,0
E1_2025_26_13/09/2025_Watford_Blackburn,2025_26,E1,12,0.7110466761656213,1,0.6784459612984391,0,0.6105073625359394,1,0.7110466761656213,1
E1_2025_26_13/09/2025_West Brom_Derby,2025_26,E1,1X,0.8087346119506318,0,0.8087346119506318,0,0.46368483647935455,1,0.7275805515700137,1
E1_2025_26_13/09/2025_Wrexham_QPR,2025_26,E1,1X,0.7353432670002549,0,0.7353432670002549,0,0.5470057334334485,1,0.7176509995662967,1
E1_2025_26_14/09/2025_Southampton_Portsmouth,2025_26,E1,1X,0.7828832394464462,1,0.7828832394464462,1,0.4543753934147195,1,0.7627413671388342,0
E1_2025_26_19/09/2025_Middlesbrough_West Brom,2025_26,E1,12,0.7158077327244932,1,0.7157709663048017,1,0.5684213009707053,0,0.7158077327244932,1
E1_2025_26_20/09/2025_Birmingham_Swansea,2025_26,E1,1X,0.7592106613433934,1,0.7592106613433934,1,0.5337811317704919,0,0.7070082068861148,1
E1_2025_26_20/09/2025_Leicester_Coventry,2025_26,E1,12,0.7309570988905548,0,0.6521176799101206,1,0.6169252211993247,1,0.7309570988905548,0
E1_2025_26_20/09/2025_QPR_Stoke,2025_26,E1,12,0.719131848910966,1,0.6158962453563743,1,0.6649719057326595,0,0.719131848910966,1
E1_2025_26_20/09/2025_Derby_Preston,2025_26,E1,1X,0.7044958477933515,0,0.7044958477933515,0,0.5963693697983928,1,0.6991347824082558,1
E1_2025_26_20/09/2025_Hull_Southampton,2025_26,E1,12,0.7375849718879228,1,0.5862683928808385,1,0.6761466352312386,0,0.7375849718879228,1
E1_2025_26_20/09/2025_Norwich_Wrexham,2025_26,E1,12,0.7355430463865573,1,0.729974173039676,0,0.5344827805737666,1,0.7355430463865573,1
E1_2025_26_20/09/2025_Portsmouth_Sheffield Weds,2025_26,E1,1X,0.8233175968713329,0,0.8233175968713329,0,0.4205174380072994,1,0.7561649651213679,1
E1_2025_26_20/09/2025_Sheffield United_Charlton,2025_26,E1,1X,0.7835622315956525,0,0.7835622315956525,0,0.4749292207701674,1,0.7415085476341801,1
E1_2025_26_21/09/2025_Bristol City_Oxford,2025_26,E1,1X,0.8243832120986092,0,0.8243832120986092,0,0.4088472978946851,1,0.7667694900067057,1
E1_2025_26_22/09/2025_Millwall_Watford,2025_26,E1,1X,0.7629648858724433,1,0.7629648858724433,1,0.5195223986319497,0,0.7175127154956071,1
E1_2025_26_26/09/2025_West Brom_Leicester,2025_26,E1,1X,0.7127315714954163,1,0.7127315714954163,1,0.5747169717465439,1,0.7125514567580398,0
E1_2025_26_27/09/2025_Coventry_Birmingham,2025_26,E1,1X,0.7325793658392028,1,0.7325793658392028,1,0.539200687630013,0,0.7282199465307844,1
E1_2025_26_27/09/2025_Swansea_Millwall,2025_26,E1,1X,0.7279221447573658,1,0.7279221447573658,1,0.5639380277567863,1,0.7081398274858479,0
E1_2025_26_27/09/2025_Wrexham_Derby,2025_26,E1,1X,0.7295377484393399,1,0.7295377484393399,1,0.5479829081255085,1,0.7224793434351515,0
E1_2025_26_27/09/2025_Charlton_Blackburn,2025_26,E1,12,0.7058373352648272,1,0.7036618563893753,1,0.5905008083457977,0,0.7058373352648272,1
E1_2025_26_27/09/2025_Ipswich_Portsmouth,2025_26,E1,1X,0.8753023825175116,1,0.8753023825175116,1,0.32739670896128914,0,0.7973009085211993,1
E1_2025_26_27/09/2025_Oxford_Sheffield United,2025_26,E1,12,0.7157284177715613,1,0.5943509763983637,0,0.6899206058300753,1,0.7157284177715613,1
E1_2025_26_27/09/2025_Preston_Bristol City,2025_26,E1,12,0.7111823370752696,0,0.6460220717556091,1,0.6427955911691212,1,0.7111823370752696,0
E1_2025_26_27/09/2025_Sheffield Weds_QPR,2025_26,E1,12,0.7230821147452682,0,0.5843091222844397,1,0.6926087629702922,1,0.7230821147452682,0
E1_2025_26_27/09/2025_Southampton_Middlesbrough,2025_26,E1,12,0.7297354717287722,0,0.6937328421112755,1,0.5765316861599524,1,0.7297354717287722,0
E1_2025_26_27/09/2025_Stoke_Norwich,2025_26,E1,1X,0.7489090944905082,1,0.7489090944905082,1,0.5103663584721427,1,0.7407245470373491,0
E1_2025_26_27/09/2025_Watford_Hull,2025_26,E1,12,0.7227042108737425,1,0.6785572635956258,1,0.5987385255306317,0,0.7227042108737425,1
E1_2025_26_30/09/2025_Birmingham_Sheffield Weds,2025_26,E1,1X,0.8708538310781202,1,0.8708538310781202,1,0.351457950905467,1,0.777688218016413,0
E1_2025_26_30/09/2025_Blackburn_Swansea,2025_26,E1,12,0.6998802239720495,1,0.6844660352783097,0,0.6156537407496409,1,0.6998802239720495,1
E1_2025_26_30/09/2025_Bristol City_Ipswich,2025_26,E1,12,0.7212002751814885,0,0.6202940414449747,1,0.6585056833735368,1,0.7212002751814885,0
E1_2025_26_30/09/2025_Hull_Preston,2025_26,E1,1X,0.7420902133804346,1,0.7420902133804346,1,0.5365314434309332,1,0.7213783431886323,0
E1_2025_26_30/09/2025_Leicester_Wrexham,2025_26,E1,1X,0.7825630175095426,1,0.7825630175095426,1,0.470614191084069,1,0.7468227914063885,0
E1_2025_26_30/09/2025_Middlesbrough_Stoke,2025_26,E1,1X,0.7771848366016296,1,0.7771848366016296,1,0.4887109890054987,1,0.7341041743928718,0
E1_2025_26_30/09/2025_Sheffield United_Southampton,2025_26,E1,12,0.7136039981299492,1,0.6690405408884706,0,0.61735546098158,1,0.7136039981299492,1
E1_2025_26_30/09/2025_Derby_Charlton,2025_26,E1,12,0.6974937925703084,0,0.6483870957419144,1,0.6541191116877771,1,0.6974937925703084,0
E1_2025_26_01/10/2025_Millwall_Coventry,2025_26,E1,X2,0.7416171407663056,1,0.5313034185194032,0,0.7416171407663056,1,0.7270794407142913,1
E1_2025_26_01/10/2025_Norwich_West Brom,2025_26,E1,12,0.7211824179807684,1,0.5666295261365415,0,0.71218805588269,1,0.7211824179807684,1
E1_2025_26_01/10/2025_Portsmouth_Watford,2025_26,E1,12,0.7114129441864068,0,0.6936700558969435,1,0.5949169999166497,1,0.7114129441864068,0
E1_2025_26_01/10/2025_QPR_Oxford,2025_26,E1,12,0.7264837335093852,0,0.7252629438133777,1,0.548253322677237,1,0.7264837335093852,0
E1_2025_26_03/10/2025_Wrexham_Birmingham,2025_26,E1,12,0.7014234911236361,0,0.6226775567439213,1,0.6758989521324426,1,0.7014234911236361,0
E1_2025_26_04/10/2025_Blackburn_Stoke,2025_26,E1,12,0.7126048071279748,0,0.6749939515239913,1,0.6124012413480338,1,0.7126048071279748,0
E1_2025_26_04/10/2025_Hull_Sheffield United,2025_26,E1,12,0.7194670286945593,1,0.6483123382057694,1,0.6322206330996714,0,0.7194670286945593,1
E1_2025_26_04/10/2025_Sheffield Weds_Coventry,2025_26,E1,X2,0.8048593382137111,1,0.4270098865124624,0,0.8048593382137111,1,0.7681307752738264,1
E1_2025_26_04/10/2025_Bristol City_QPR,2025_26,E1,1X,0.7740108647617436,0,0.7740108647617436,0,0.4890843035397859,1,0.7369048316984707,1
E1_2025_26_04/10/2025_Derby_Southampton,2025_26,E1,X2,0.7289194206456582,1,0.5606315551593528,1,0.7289194206456582,1,0.710449024194989,0
E1_2025_26_04/10/2025_Millwall_West Brom,2025_26,E1,12,0.6938282286054649,1,0.6420515780001474,1,0.6641201933943874,0,0.6938282286054649,1
E1_2025_26_04/10/2025_Portsmouth_Middlesbrough,2025_26,E1,12,0.7188294483326212,1,0.6002667747090857,1,0.6809037769582931,0,0.7188294483326212,1
E1_2025_26_04/10/2025_Preston_Charlton,2025_26,E1,12,0.6910804157866823,1,0.66070483801445,1,0.6482147461988674,0,0.6910804157866823,1
E1_2025_26_04/10/2025_Swansea_Leicester,2025_26,E1,12,0.7214041314736549,1,0.6542490631285701,0,0.6243468053977749,1,0.7214041314736549,1
E1_2025_26_04/10/2025_Watford_Oxford,2025_26,E1,1X,0.7783052984608851,1,0.7783052984608851,1,0.49923995574102287,0,0.7224547457980921,1
E1_2025_26_05/10/2025_Ipswich_Norwich,2025_26,E1,1X,0.8303636078175795,1,0.8303636078175795,1,0.39358381839227297,0,0.7760525737901476,1
E1_2025_26_17/10/2025_Middlesbrough_Ipswich,2025_26,E1,12,0.7117205287631407,1,0.6110363044737464,1,0.6772431667631129,0,0.7117205287631407,1
E1_2025_26_18/10/2025_Oxford_Derby,2025_26,E1,12,0.6997865964656989,1,0.6733041580496233,1,0.6269092454846779,0,0.6997865964656989,1
E1_2025_26_18/10/2025_QPR_Millwall,2025_26,E1,12,0.6998684465745111,1,0.6599586333244859,0,0.6401729201010029,1,0.6998684465745111,1
E1_2025_26_18/10/2025_Southampton_Swansea,2025_26,E1,1X,0.7485910236590024,1,0.7485910236590024,1,0.518899169024939,1,0.7325098073160586,0
E1_2025_26_18/10/2025_Birmingham_Hull,2025_26,E1,1X,0.787362494329864,0,0.787362494329864,0,0.4657251421933996,1,0.7469123634767363,1
E1_2025_26_18/10/2025_Charlton_Sheffield Weds,2025_26,E1,1X,0.8185764246305629,1,0.8185764246305629,1,0.4265463582052604,0,0.7548772171641769,1
E1_2025_26_18/10/2025_Coventry_Blackburn,2025_26,E1,1X,0.853441135733835,1,0.853441135733835,1,0.36171000731687786,0,0.7848488569492872,1
E1_2025_26_18/10/2025_Norwich_Bristol City,2025_26,E1,12,0.726717496999734,1,0.6494852939208422,0,0.6237972090794239,1,0.726717496999734,1
E1_2025_26_18/10/2025_Sheffield United_Watford,2025_26,E1,1X,0.7452267627563076,1,0.7452267627563076,1,0.5395870071556443,0,0.715186230088048,1
E1_2025_26_18/10/2025_Stoke_Wrexham,2025_26,E1,12,0.7311769960856999,1,0.7252743082045426,1,0.5435486957097576,0,0.7311769960856999,1
E1_2025_26_18/10/2025_West Brom_Preston,2025_26,E1,1X,0.8064119101968459,1,0.8064119101968459,1,0.45896813585213597,0,0.7346199539510183,1
E1_2025_26_18/10/2025_Leicester_Portsmouth,2025_26,E1,1X,0.8463669503095764,1,0.8463669503095764,1,0.37672607785381806,1,0.7769069718366055,0
E1_2025_26_21/10/2025_Blackburn_Sheffield United,2025_26,E1,12,0.7051184365297682,1,0.6686344019059518,0,0.62624716156428,1,0.7051184365297682,1
E1_2025_26_21/10/2025_Derby_Norwich,2025_26,E1,12,0.710105963727238,1,0.6881484814489425,1,0.6017455548238196,0,0.710105963727238,1
E1_2025_26_21/10/2025_Hull_Leicester,2025_26,E1,12,0.7335142421858811,1,0.5397142359003572,1,0.7267715219137616,0,0.7335142421858811,1
E1_2025_26_21/10/2025_Ipswich_Charlton,2025_26,E1,1X,0.8355215533438229,0,0.8355215533438229,0,0.40654668631181995,1,0.7579317603443572,1
E1_2025_26_21/10/2025_Millwall_Stoke,2025_26,E1,12,0.7072615311163097,1,0.689464320823068,1,0.6032741480606223,0,0.7072615311163097,1
E1_2025_26_21/10/2025_Portsmouth_Coventry,2025_26,E1,X2,0.7517656008889733,1,0.5090016115244251,0,0.7517656008889733,1,0.7392327875866015,1
E1_2025_26_21/10/2025_Preston_Birmingham,2025_26,E1,12,0.6964277777889196,1,0.6289345892113265,0,0.6746376329997539,1,0.6964277777889196,1
E1_2025_26_21/10/2025_Bristol City_Southampton,2025_26,E1,12,0.722785212970513,1,0.665583364985854,1,0.611631422043633,0,0.722785212970513,1
E1_2025_26_22/10/2025_Swansea_QPR,2025_26,E1,12,0.7272452369423923,1,0.7177543958639057,0,0.5550003671937023,1,0.7272452369423923,1
E1_2025_26_22/10/2025_Watford_West Brom,2025_26,E1,12,0.703774268960293,1,0.6414210275707789,1,0.6548047034689282,0,0.703774268960293,1
E1_2025_26_22/10/2025_Wrexham_Oxford,2025_26,E1,1X,0.745135275077019,1,0.745135275077019,1,0.5284755085276548,0,0.726389216395326,1
E1_2025_26_22/10/2025_Sheffield Weds_Middlesbrough,2025_26,E1,X2,0.7973356636654292,1,0.4415793291301155,0,0.7973356636654292,1,0.7610850072044555,1
E1_2025_26_24/10/2025_Preston_Sheffield United,2025_26,E1,12,0.6963213967999767,1,0.6621565964321393,1,0.6415220067678838,0,0.6963213967999767,1
E1_2025_26_25/10/2025_Coventry_Watford,2025_26,E1,1X,0.8324910329736251,1,0.8324910329736251,1,0.3781545620324152,0,0.7893544049939597,1
E1_2025_26_25/10/2025_Ipswich_West Brom,2025_26,E1,1X,0.7832507507803705,1,0.7832507507803705,1,0.4917890664909408,0,0.7249601827286888,1
E1_2025_26_25/10/2025_Portsmouth_Stoke,2025_26,E1,12,0.6999977994382924,1,0.6405234456670235,0,0.6594787548946841,1,0.6999977994382924,1
E1_2025_26_25/10/2025_Blackburn_Southampton,2025_26,E1,12,0.713332992838738,1,0.6040687578454087,1,0.6825982493158533,0,0.713332992838738,1
E1_2025_26_25/10/2025_Bristol City_Birmingham,2025_26,E1,1X,0.7145500699987426,1,0.7145500699987426,1,0.5724255357296071,0,0.7130243942716504,1
E1_2025_26_25/10/2025_Derby_QPR,2025_26,E1,12,0.7141661699096076,1,0.64737845884467,1,0.6384553712457224,0,0.7141661699096076,1
E1_2025_26_25/10/2025_Hull_Charlton,2025_26,E1,12,0.71661977751757,0,0.678174828940576,1,0.605205393541854,1,0.71661977751757,0
E1_2025_26_25/10/2025_Middlesbrough_Wrexham,2025_26,E1,1X,0.7904682695549301,1,0.7904682695549301,1,0.4678100082877807,1,0.7417217221572892,0
E1_2025_26_25/10/2025_Millwall_Leicester,2025_26,E1,12,0.7139597758556322,1,0.6046652463982871,1,0.6813749777460807,0,0.7139597758556322,1
E1_2025_26_25/10/2025_Sheffield Weds_Oxford,2025_26,E1,12,0.7174390315415041,1,0.6043398307652199,0,0.6782211376932761,1,0.7174390315415041,1
E1_2025_26_25/10/2025_Swansea_Norwich,2025_26,E1,12,0.7261419774661235,1,0.6986663001714783,1,0.5751917223623981,0,0.7261419774661235,1
E1_2025_26_21/11/2025_Preston_Blackburn,2025_26,E1,12,0.7058474195162892,1,0.6824388603296738,0,0.611713720154037,1,0.7058474195162892,1
E1_2025_26_22/11/2025_Bristol City_Swansea,2025_26,E1,1X,0.7578073436620018,1,0.7578073436620018,1,0.5093598066877408,0,0.7328328496502575,1
E1_2025_26_22/11/2025_Charlton_Southampton,2025_26,E1,12,0.7183148877537167,1,0.6266143874208656,0,0.6550707248254178,1,0.7183148877537167,1
E1_2025_26_22/11/2025_Coventry_West Brom,2025_26,E1,1X,0.7694738927061351,1,0.7694738927061351,1,0.49935682042372415,0,0.7311692868701406,1
E1_2025_26_22/11/2025_Birmingham_Norwich,2025_26,E1,1X,0.8066844951110097,1,0.8066844951110097,1,0.43391758665523195,0,0.7593979182337585,1
E1_2025_26_22/11/2025_Derby_Watford,2025_26,E1,12,0.7047654686194067,1,0.6887652321379603,0,0.606469299242633,1,0.7047654686194067,1
E1_2025_26_22/11/2025_Ipswich_Wrexham,2025_26,E1,1X,0.8650254509709833,1,0.8650254509709833,1,0.34863451128514583,1,0.786340037743871,0
E1_2025_26_22/11/2025_Leicester_Stoke,2025_26,E1,1X,0.7438526711993401,1,0.7438526711993401,1,0.5347799620251052,0,0.7213673667755549,1
E1_2025_26_22/11/2025_Oxford_Middlesbrough,2025_26,E1,X2,0.7356165946456772,1,0.5407182085101154,1,0.7356165946456772,1,0.7236651968442074,0
E1_2025_26_22/11/2025_Portsmouth_Millwall,2025_26,E1,12,0.7119531818412257,1,0.7015854735774907,1,0.5864613445812836,0,0.7119531818412257,1
E1_2025_26_22/11/2025_QPR_Hull,2025_26,E1,1X,0.7546210758546448,1,0.7546210758546448,1,0.5109803497991181,0,0.7343985743462371,1
E1_2025_26_23/11/2025_Sheffield Weds_Sheffield United,2025_26,E1,X2,0.7484579912114739,1,0.5137879409680073,0,0.7484579912114739,1,0.7377540678205188,1
E1_2025_26_25/11/2025_Hull_Ipswich,2025_26,E1,X2,0.7992810783169699,1,0.45349974828681594,0,0.7992810783169699,1,0.7472191733962141,1
E1_2025_26_25/11/2025_Middlesbrough_Coventry,2025_26,E1,12,0.7221356867963024,1,0.6270199325002448,0,0.6508443807034527,1,0.7221356867963024,1
E1_2025_26_25/11/2025_Norwich_Oxford,2025_26,E1,1X,0.7808770997739275,1,0.7808770997739275,1,0.47778994014699594,1,0.7413329600790766,0
E1_2025_26_25/11/2025_Stoke_Charlton,2025_26,E1,1X,0.7769731028741846,1,0.7769731028741846,1,0.49749279873228913,0,0.7255340983935262,1
E1_2025_26_25/11/2025_Swansea_Derby,2025_26,E1,1X,0.7386981148163458,0,0.7386981148163458,0,0.5721256755404582,1,0.6891762096431959,1
E1_2025_26_25/11/2025_Watford_Preston,2025_26,E1,1X,0.7982344369820904,1,0.7982344369820904,1,0.4718914500313702,1,0.7298741129865393,0
E1_2025_26_25/11/2025_Southampton_Leicester,2025_26,E1,1X,0.7676994100902035,1,0.7676994100902035,1,0.4895833412335539,0,0.7427172486762424,1
E1_2025_26_26/11/2025_Blackburn_QPR,2025_26,E1,12,0.7242029753628206,1,0.6928537344216559,0,0.5829432902155236,1,0.7242029753628206,1
E1_2025_26_26/11/2025_Millwall_Sheffield Weds,2025_26,E1,1X,0.8276701835226704,1,0.8276701835226704,1,0.41862576099279175,0,0.7537040554845379,1
E1_2025_26_26/11/2025_Sheffield United_Portsmouth,2025_26,E1,1X,0.8074098690370494,1,0.8074098690370494,1,0.43951243197132694,0,0.7530776989916237,1
E1_2025_26_26/11/2025_Wrexham_Bristol City,2025_26,E1,12,0.7113988822569741,1,0.6691417919011708,1,0.619459325841855,0,0.7113988822569741,1
E1_2025_26_26/11/2025_West Brom_Birmingham,2025_26,E1,12,0.6966686062358465,0,0.6304935224196537,1,0.6728378713444999,1,0.6966686062358465,0
E1_2025_26_28/11/2025_Oxford_Ipswich,2025_26,E1,X2,0.8369901734654207,0,0.4034744607149039,1,0.8369901734654207,0,0.7595353658196754,1
E1_2025_26_29/11/2025_Leicester_Sheffield United,2025_26,E1,12,0.7197539585625079,1,0.6825416581617485,0,0.5977043832757436,1,0.7197539585625079,1
E1_2025_26_29/11/2025_Portsmouth_Bristol City,2025_26,E1,12,0.7184416719828043,1,0.6289050333139871,0,0.6526532947032085,1,0.7184416719828043,1
E1_2025_26_29/11/2025_Stoke_Hull,2025_26,E1,1X,0.8048018369487151,0,0.8048018369487151,0,0.447442775554735,1,0.7477553874965501,1
E1_2025_26_29/11/2025_Coventry_Charlton,2025_26,E1,1X,0.8637285018972687,1,0.8637285018972687,1,0.3489473074974865,0,0.7873241906052451,1
E1_2025_26_29/11/2025_Middlesbrough_Derby,2025_26,E1,1X,0.7567048083130095,1,0.7567048083130095,1,0.5173154751910531,0,0.7259797164959374,1
E1_2025_26_29/11/2025_Millwall_Southampton,2025_26,E1,12,0.7269129756701601,1,0.5890980013769155,1,0.6839890229529243,0,0.7269129756701601,1
E1_2025_26_29/11/2025_Norwich_QPR,2025_26,E1,12,0.7332735037677103,1,0.6479700288262196,1,0.6187564674060702,0,0.7332735037677103,1
E1_2025_26_29/11/2025_Sheffield Weds_Preston,2025_26,E1,12,0.7258921539233257,1,0.5581306162957782,0,0.7159772297808962,1,0.7258921539233257,1
E1_2025_26_29/11/2025_West Brom_Swansea,2025_26,E1,1X,0.7866114981849432,1,0.7866114981849432,1,0.4816093721051849,0,0.7317791297098718,1
E1_2025_26_29/11/2025_Wrexham_Blackburn,2025_26,E1,12,0.7166247561283945,0,0.7073735235355844,1,0.5760017203360213,1,0.7166247561283945,0
E1_2025_26_01/12/2025_Birmingham_Watford,2025_26,E1,1X,0.7888470185771861,1,0.7888470185771861,1,0.4629667858907619,0,0.7481861955320522,1
E1_2025_26_02/12/2025_Blackburn_Ipswich,2025_26,E1,X2,0.7477442079401899,1,0.521730616890064,1,0.7477442079401899,1,0.7305251751697461,0
E1_2025_26_05/12/2025_Hull_Middlesbrough,2025_26,E1,12,0.7388226117770904,1,0.6083620501684679,0,0.6528153380544416,1,0.7388226117770904,1
E1_2025_26_06/12/2025_Derby_Leicester,2025_26,E1,12,0.705090594381708,1,0.6474989214352138,0,0.6474104841830781,1,0.705090594381708,1
E1_2025_26_06/12/2025_Watford_Norwich,2025_26,E1,1X,0.7711295915772051,1,0.7711295915772051,1,0.4625857576513639,0,0.7662846507714313,1
E1_2025_26_06/12/2025_Bristol City_Millwall,2025_26,E1,1X,0.7400422009430523,0,0.7400422009430523,0,0.5324865839531017,1,0.727471215103846,1
E1_2025_26_06/12/2025_Ipswich_Coventry,2025_26,E1,12,0.7364353360961353,1,0.731821650596691,1,0.5317430133071737,0,0.7364353360961353,1
E1_2025_26_06/12/2025_Preston_Wrexham,2025_26,E1,12,0.7071533577594276,0,0.705968559630801,1,0.5868780826097715,1,0.7071533577594276,0
E1_2025_26_06/12/2025_QPR_West Brom,2025_26,E1,12,0.7164292751066114,1,0.687591498244355,1,0.5959792266490338,0,0.7164292751066114,1
E1_2025_26_06/12/2025_Sheffield United_Stoke,2025_26,E1,1X,0.7452614097445363,1,0.7452614097445363,1,0.5281378035457607,0,0.7266007867097029,1
E1_2025_26_06/12/2025_Southampton_Birmingham,2025_26,E1,12,0.7377137194460837,1,0.6857033824344034,1,0.5765828981195129,0,0.7377137194460837,1
E1_2025_26_06/12/2025_Swansea_Oxford,2025_26,E1,1X,0.7441825624788633,1,0.7441825624788633,1,0.538019471980249,0,0.7177979655408878,1
E1_2025_26_09/12/2025_Blackburn_Oxford,2025_26,E1,1X,0.8056897680641333,1,0.8056897680641333,1,0.45373026393761445,1,0.7405799679982522,0
E1_2025_26_09/12/2025_Charlton_Middlesbrough,2025_26,E1,12,0.7164239622898912,1,0.6073074814988195,0,0.6762685562112891,1,0.7164239622898912,1
E1_2025_26_09/12/2025_Preston_Coventry,2025_26,E1,X2,0.7157698299089488,1,0.5694589244918908,1,0.7157698299089488,1,0.7147712455991604,0
E1_2025_26_09/12/2025_Sheffield United_Norwich,2025_26,E1,1X,0.8035374204282143,1,0.8035374204282143,1,0.4203776148150231,1,0.7760849647567626,0
E1_2025_26_09/12/2025_Southampton_West Brom,2025_26,E1,1X,0.7709502658196875,1,0.7709502658196875,1,0.47971176456078657,0,0.7493379696195259,1
E1_2025_26_09/12/2025_Swansea_Portsmouth,2025_26,E1,1X,0.7657378752649528,1,0.7657378752649528,1,0.5062126658986548,0,0.7280494588363924,1
E1_2025_26_09/12/2025_Watford_Sheffield Weds,2025_26,E1,1X,0.8295070205766009,1,0.8295070205766009,1,0.38424879974991377,1,0.7862441796734854,0
E1_2025_26_09/12/2025_QPR_Birmingham,2025_26,E1,12,0.7245064399749424,1,0.6138319651655058,1,0.6616615948595518,0,0.7245064399749424,1
E1_2025_26_10/12/2025_Bristol City_Leicester,2025_26,E1,12,0.7186135707618294,0,0.7052872638543202,1,0.5760991653838505,1,0.7186135707618294,0
E1_2025_26_10/12/2025_Derby_Millwall,2025_26,E1,12,0.7069168015632676,0,0.6466021805749795,1,0.6464810178617528,1,0.7069168015632676,0
E1_2025_26_10/12/2025_Ipswich_Stoke,2025_26,E1,1X,0.8406396879175128,1,0.8406396879175128,1,0.393904634920744,0,0.7654556771617433,1
E1_2025_26_10/12/2025_Hull_Wrexham,2025_26,E1,12,0.7214786319962391,1,0.6652670597382139,1,0.6132543082655469,0,0.7214786319962391,1
E1_2025_26_12/12/2025_West Brom_Sheffield United,2025_26,E1,12,0.7184882314705179,1,0.6756802528981773,1,0.6058315156313048,0,0.7184882314705179,1
E1_2025_26_13/12/2025_Norwich_Southampton,2025_26,E1,12,0.7571906414277877,1,0.518565554664687,1,0.7242438039075253,0,0.7571906414277877,1
E1_2025_26_13/12/2025_Oxford_Preston,2025_26,E1,12,0.7149610120557448,1,0.6457371198931496,0,0.6393018680511056,1,0.7149610120557448,1
E1_2025_26_13/12/2025_Stoke_Swansea,2025_26,E1,1X,0.7429568071051222,1,0.7429568071051222,1,0.5452823936725542,0,0.7117607992223236,1
E1_2025_26_13/12/2025_Birmingham_Charlton,2025_26,E1,1X,0.8499780335907756,1,0.8499780335907756,1,0.37614756120017306,1,0.7738744052090515,0
E1_2025_26_13/12/2025_Coventry_Bristol City,2025_26,E1,1X,0.8220721526834587,1,0.8220721526834587,1,0.38234600266934027,0,0.795581844647201,1
E1_2025_26_13/12/2025_Leicester_Ipswich,2025_26,E1,X2,0.7206321980965693,0,0.571477545415493,1,0.7206321980965693,0,0.7078902564879378,1
E1_2025_26_13/12/2025_Middlesbrough_QPR,2025_26,E1,1X,0.7635538279105992,1,0.7635538279105992,1,0.49339143873090874,0,0.743054733358492,1
E1_2025_26_13/12/2025_Millwall_Hull,2025_26,E1,1X,0.744629362769039,0,0.744629362769039,0,0.5195899531102287,1,0.7357806841207324,1
E1_2025_26_13/12/2025_Portsmouth_Blackburn,2025_26,E1,12,0.7209799457003956,1,0.6179175839965949,1,0.6611024703030096,0,0.7209799457003956,1
E1_2025_26_13/12/2025_Wrexham_Watford,2025_26,E1,12,0.7202142744007609,0,0.6208617444729038,1,0.6589239811263352,1,0.7202142744007609,0
E1_2025_26_15/12/2025_Sheffield Weds_Derby,2025_26,E1,X2,0.730780139427495,1,0.5533233277596228,0,0.730780139427495,1,0.7158965328128823,1
E1_2025_26_19/12/2025_Swansea_Wrexham,2025_26,E1,12,0.7189315670038006,1,0.717111611551064,1,0.5639568214451354,0,0.7189315670038006,1
E1_2025_26_20/12/2025_Blackburn_Millwall,2025_26,E1,12,0.7125683054470985,1,0.7060445045251692,1,0.5813871900277322,0,0.7125683054470985,1
E1_2025_26_20/12/2025_Preston_Norwich,2025_26,E1,12,0.7364804890432308,0,0.6967897184607557,1,0.5667297924960137,1,0.7364804890432308,0
E1_2025_26_20/12/2025_Southampton_Coventry,2025_26,E1,12,0.7540728950798804,0,0.6629369365564362,1,0.5829901683636833,1,0.7540728950798804,0
E1_2025_26_20/12/2025_Bristol City_Middlesbrough,2025_26,E1,12,0.7364283861091209,1,0.6222970617643635,1,0.6412745521265153,0,0.7364283861091209,1
E1_2025_26_20/12/2025_Charlton_Oxford,2025_26,E1,1X,0.7443477937127436,1,0.7443477937127436,1,0.5355972244076643,0,0.7200549818795923,1
E1_2025_26_20/12/2025_Derby_Portsmouth,2025_26,E1,1X,0.7634738349064164,1,0.7634738349064164,1,0.5197198893396099,1,0.7168062757539739,0
E1_2025_26_20/12/2025_Hull_West Brom,2025_26,E1,12,0.7227098849840972,1,0.6128790632403819,1,0.6644110517755213,0,0.7227098849840972,1
E1_2025_26_20/12/2025_Ipswich_Sheffield Weds,2025_26,E1,1X,0.9331826223465505,1,0.9331826223465505,1,0.20402530605689295,0,0.8627920715965566,1
E1_2025_26_20/12/2025_QPR_Leicester,2025_26,E1,12,0.7312247443625028,1,0.6610110823222282,1,0.6077641733152691,0,0.7312247443625028,1
E1_2025_26_20/12/2025_Sheffield United_Birmingham,2025_26,E1,12,0.7178178757132941,1,0.6931465429510695,1,0.5890355813356367,0,0.7178178757132941,1
E1_2025_26_20/12/2025_Watford_Stoke,2025_26,E1,1X,0.7437360492237981,1,0.7437360492237981,1,0.5324744077029504,0,0.7237895430732514,1
E1_2025_26_26/12/2025_Birmingham_Derby,2025_26,E1,1X,0.7685316779537175,1,0.7685316779537175,1,0.5098034490957992,1,0.7216648729504831,0
E1_2025_26_26/12/2025_Millwall_Ipswich,2025_26,E1,X2,0.7521760127853918,1,0.5296613674654875,1,0.7521760127853918,1,0.7181626197491207,0
E1_2025_26_26/12/2025_Coventry_Swansea,2025_26,E1,1X,0.8287147831364361,1,0.8287147831364361,1,0.3905184723173207,0,0.7807667445462434,1
E1_2025_26_26/12/2025_Leicester_Watford,2025_26,E1,12,0.7291135245197595,1,0.6891595091567095,0,0.5817269663235308,1,0.7291135245197595,1
E1_2025_26_26/12/2025_Middlesbrough_Blackburn,2025_26,E1,1X,0.7980021555063512,1,0.7980021555063512,1,0.445857833791657,1,0.756140010701992,0
E1_2025_26_26/12/2025_Norwich_Charlton,2025_26,E1,1X,0.7325040021088036,1,0.7325040021088036,1,0.534991995782393,0,0.7325040021088036,1
E1_2025_26_26/12/2025_Oxford_Southampton,2025_26,E1,X2,0.7538129954984404,0,0.49343240432070634,1,0.7538129954984404,0,0.7527546001808533,1
E1_2025_26_26/12/2025_Portsmouth_QPR,2025_26,E1,12,0.7219414554276213,0,0.586877254942338,1,0.6911812896300407,1,0.7219414554276213,0
E1_2025_26_26/12/2025_Sheffield Weds_Hull,2025_26,E1,X2,0.7750177283905773,1,0.48099539535621394,1,0.7750177283905773,1,0.7439868762532088,0
E1_2025_26_26/12/2025_Stoke_Preston,2025_26,E1,1X,0.7521451215548214,1,0.7521451215548214,1,0.5327062744981244,1,0.7151486039470543,0
E1_2025_26_26/12/2025_West Brom_Bristol City,2025_26,E1,1X,0.7352841653286711,0,0.7352841653286711,0,0.5400527229248447,1,0.724663111746484,1
E1_2025_26_26/12/2025_Wrexham_Sheffield United,2025_26,E1,12,0.7294198664104081,1,0.583584037893517,1,0.6869960956960748,0,0.7294198664104081,1
E1_2025_26_29/12/2025_Coventry_Ipswich,2025_26,E1,12,0.724875261314773,1,0.690760310765513,0,0.5843644279197139,1,0.724875261314773,1
E1_2025_26_29/12/2025_Leicester_Derby,2025_26,E1,1X,0.7360836287049526,1,0.7360836287049526,1,0.5470887449444832,0,0.7168276263505642,1
E1_2025_26_29/12/2025_Middlesbrough_Hull,2025_26,E1,1X,0.8020950907995653,0,0.8020950907995653,0,0.42875634633998594,1,0.7691485628604487,1
E1_2025_26_29/12/2025_Millwall_Bristol City,2025_26,E1,12,0.7112492339406722,1,0.6871226456600444,1,0.6016281203992833,0,0.7112492339406722,1
E1_2025_26_29/12/2025_Norwich_Watford,2025_26,E1,12,0.7170396786838552,1,0.6505765207217943,0,0.6323838005943506,1,0.7170396786838552,1
E1_2025_26_29/12/2025_Oxford_Swansea,2025_26,E1,12,0.7085145806765443,1,0.6523539406588594,0,0.6391314786645965,1,0.7085145806765443,1
E1_2025_26_29/12/2025_Portsmouth_Charlton,2025_26,E1,1X,0.6980459014860092,1,0.6980459014860092,1,0.613790973253622,0,0.6881631252603688,1
E1_2025_26_29/12/2025_Sheffield Weds_Blackburn,2025_26,E1,X2,0.8039810942537999,1,0.4557605424071073,1,0.8039810942537999,1,0.7402583633390928,0
E1_2025_26_29/12/2025_Stoke_Sheffield United,2025_26,E1,12,0.7201808197522557,1,0.6287539739398763,0,0.6510652063078679,1,0.7201808197522557,1
E1_2025_26_29/12/2025_West Brom_QPR,2025_26,E1,1X,0.7859947303938682,1,0.7859947303938682,1,0.4614489675333787,0,0.752556302072753,1
E1_2025_26_29/12/2025_Wrexham_Preston,2025_26,E1,1X,0.7261004121061277,1,0.7261004121061277,1,0.5541312794307779,0,0.7197683084630945,1
E1_2025_26_29/12/2025_Birmingham_Southampton,2025_26,E1,12,0.734240247153695,0,0.664968590056559,1,0.600791162789746,1,0.734240247153695,0
E1_2025_26_01/01/2026_Blackburn_Wrexham,2025_26,E1,1X,0.7597007412943102,0,0.7597007412943102,0,0.5194292158480032,1,0.7208700428576866,1
E1_2025_26_01/01/2026_Bristol City_Portsmouth,2025_26,E1,1X,0.8240555536443699,1,0.8240555536443699,1,0.4216474191994775,0,0.7542970271561525,1
E1_2025_26_01/01/2026_Charlton_Coventry,2025_26,E1,X2,0.7397969355516645,1,0.5324436706664879,1,0.7397969355516645,1,0.7277593937818476,0
E1_2025_26_01/01/2026_Derby_Middlesbrough,2025_26,E1,12,0.7141797309816129,1,0.6098519186341385,1,0.6759683503842485,0,0.7141797309816129,1
E1_2025_26_01/01/2026_Hull_Stoke,2025_26,E1,12,0.713135866908177,1,0.7040853234467342,0,0.5827788096450889,1,0.713135866908177,1
E1_2025_26_01/01/2026_Ipswich_Oxford,2025_26,E1,1X,0.8928501815295445,1,0.8928501815295445,1,0.2988494742472251,0,0.8083003442232304,1
E1_2025_26_01/01/2026_Preston_Sheffield Weds,2025_26,E1,1X,0.8500510877827112,1,0.8500510877827112,1,0.37652789036048456,0,0.7734210218568043,1
E1_2025_26_01/01/2026_QPR_Norwich,2025_26,E1,12,0.7400726923438932,1,0.7327410063004678,0,0.527186301355639,1,0.7400726923438932,1
E1_2025_26_01/01/2026_Southampton_Millwall,2025_26,E1,1X,0.7587044989609819,1,0.7587044989609819,1,0.5063441197890113,1,0.7349513812500066,0
E1_2025_26_01/01/2026_Swansea_West Brom,2025_26,E1,X2,0.7024461265819754,0,0.5966197599817052,1,0.7024461265819754,0,0.7009341134363193,1
E1_2025_26_01/01/2026_Watford_Birmingham,2025_26,E1,12,0.7198967291897151,1,0.699073152094912,1,0.5810301187153728,0,0.7198967291897151,1
E1_2025_26_01/01/2026_Sheffield United_Leicester,2025_26,E1,1X,0.7938927053769169,1,0.7938927053769169,1,0.4488036792318602,0,0.7573036153912228,1
E1_2025_26_04/01/2026_Birmingham_Coventry,2025_26,E1,12,0.7282087609231858,1,0.6352245941329417,1,0.6365666449438726,0,0.7282087609231858,1
E1_2025_26_04/01/2026_QPR_Sheffield Weds,2025_26,E1,1X,0.8920695869528129,1,0.8920695869528129,1,0.28979540825604666,0,0.8181350047911404,1
E1_2025_26_04/01/2026_Blackburn_Charlton,2025_26,E1,1X,0.755725653095138,1,0.755725653095138,1,0.5490657936044347,1,0.6952085533004273,0
E1_2025_26_04/01/2026_Bristol City_Preston,2025_26,E1,1X,0.7796652221848757,0,0.7796652221848757,0,0.4764396373851185,1,0.743895140430006,1
E1_2025_26_04/01/2026_Derby_Wrexham,2025_26,E1,1X,0.728343408248031,0,0.728343408248031,0,0.5700432548776254,1,0.7016133368743437,1
E1_2025_26_04/01/2026_Middlesbrough_Southampton,2025_26,E1,12,0.7449340639835479,1,0.6860274751082015,1,0.5690384609082507,0,0.7449340639835479,1
E1_2025_26_04/01/2026_Millwall_Swansea,2025_26,E1,1X,0.7488295874832478,1,0.7488295874832478,1,0.5519278840281718,0,0.6992425284885804,1
E1_2025_26_04/01/2026_Norwich_Stoke,2025_26,E1,1X,0.7460783852058186,0,0.7460783852058186,0,0.5197979785294904,1,0.734123636264691,1
E1_2025_26_05/01/2026_Leicester_West Brom,2025_26,E1,12,0.7159172482272307,1,0.6125208800031399,1,0.6715618717696294,0,0.7159172482272307,1
SC0_2025_26_02/08/2025_Kilmarnock_Livingston,2025_26,SC0,12,0.7194821827529545,0,0.6988520647702141,1,0.5816657524768315,1,0.7194821827529545,0
SC0_2025_26_02/08/2025_Motherwell_Rangers,2025_26,SC0,X2,0.8357791501712023,1,0.37526398229619273,1,0.8357791501712023,1,0.7889568675326052,0
SC0_2025_26_03/08/2025_Falkirk_Dundee United,2025_26,SC0,1X,0.7835629881331989,1,0.7835629881331989,1,0.4779799307305183,1,0.738457081136283,0
SC0_2025_26_03/08/2025_Dundee_Hibernian,2025_26,SC0,X2,0.7708579633799004,1,0.49219289824424994,0,0.7708579633799004,1,0.7369491383758496,1
SC0_2025_26_03/08/2025_Celtic_St Mirren,2025_26,SC0,1X,0.948345591773418,1,0.948345591773418,1,0.16146411995495258,0,0.8901902882716295,1
SC0_2025_26_04/08/2025_Hearts_Aberdeen,2025_26,SC0,1X,0.78923936815262,1,0.78923936815262,1,0.4783266644215747,0,0.7324339674258054,1
SC0_2025_26_09/08/2025_Livingston_Falkirk,2025_26,SC0,12,0.7196678265275549,1,0.6559778800426832,1,0.6243542934297621,0,0.7196678265275549,1
SC0_2025_26_09/08/2025_St Mirren_Motherwell,2025_26,SC0,12,0.7347406142675057,0,0.7338858276637525,1,0.531373558068742,1,0.7347406142675057,0
SC0_2025_26_09/08/2025_Rangers_Dundee,2025_26,SC0,1X,0.9476392475458408,1,0.9476392475458408,1,0.16147580524247085,1,0.8908849472116884,0
SC0_2025_26_10/08/2025_Aberdeen_Celtic,2025_26,SC0,X2,0.8829926437095434,1,0.2846894823248856,0,0.8829926437095434,1,0.8323178739655708,1
SC0_2025_26_10/08/2025_Dundee United_Hearts,2025_26,SC0,X2,0.7854360252516965,1,0.48379360585979103,0,0.7854360252516965,1,0.7307703688885127,1
SC0_2025_26_10/08/2025_Hibernian_Kilmarnock,2025_26,SC0,1X,0.8468482796058032,1,0.8468482796058032,1,0.3752575125665057,1,0.7778942078276911,0
SC0_2025_26_23/08/2025_Celtic_Livingston,2025_26,SC0,1X,0.9188235528150183,1,0.9188235528150183,1,0.2252949266496035,0,0.8558815205353782,1
SC0_2025_26_23/08/2025_Hearts_Motherwell,2025_26,SC0,1X,0.8186806093404239,1,0.8186806093404239,1,0.42591543406482035,1,0.755403956594756,0
SC0_2025_26_23/08/2025_Kilmarnock_Dundee,2025_26,SC0,1X,0.774286565564716,1,0.774286565564716,1,0.4947512222872946,1,0.7309622121479892,0
SC0_2025_26_24/08/2025_St Mirren_Rangers,2025_26,SC0,12,0.7532486128377187,0,0.5003984619128379,1,0.7463529252494434,1,0.7532486128377187,0
SC0_2025_26_30/08/2025_Livingston_Hearts,2025_26,SC0,X2,0.7403209773166519,1,0.5374288675333555,0,0.7403209773166519,1,0.7222501551499927,1
SC0_2025_26_30/08/2025_Motherwell_Kilmarnock,2025_26,SC0,1X,0.7604108926234421,1,0.7604108926234421,1,0.504103583049875,1,0.735485524326683,0
SC0_2025_26_31/08/2025_Rangers_Celtic,2025_26,SC0,X2,0.7696682610478268,1,0.4692727209611784,1,0.7696682610478268,1,0.7610590179909948,0
SC0_2025_26_31/08/2025_Dundee_Dundee United,2025_26,SC0,12,0.7109297799724039,1,0.6210235073224655,0,0.6680467127051306,1,0.7109297799724039,1
SC0_2025_26_31/08/2025_Aberdeen_Falkirk,2025_26,SC0,12,0.7355153643642398,1,0.7133823058243405,0,0.5511023298114197,1,0.7355153643642398,1
SC0_2025_26_31/08/2025_Hibernian_St Mirren,2025_26,SC0,1X,0.7593571093871203,1,0.7593571093871203,1,0.512612273602401,1,0.7280306170104788,0
SC0_2025_26_13/09/2025_Aberdeen_Livingston,2025_26,SC0,1X,0.7763500801679643,1,0.7763500801679643,1,0.47305555514196573,1,0.7505943646900702,0
SC0_2025_26_13/09/2025_Dundee_Motherwell,2025_26,SC0,12,0.7352266323031991,0,0.5508177221102566,1,0.7139556455865443,1,0.7352266323031991,0
SC0_2025_26_13/09/2025_Falkirk_St Mirren,2025_26,SC0,12,0.7290867332841013,1,0.6926435275706933,0,0.5782697391452054,1,0.7290867332841013,1
SC0_2025_26_13/09/2025_Rangers_Hearts,2025_26,SC0,12,0.762041053413845,1,0.761759391192022,0,0.47619955539413306,1,0.762041053413845,1
SC0_2025_26_13/09/2025_Hibernian_Dundee United,2025_26,SC0,1X,0.7986580382704037,1,0.7986580382704037,1,0.4437094570627277,1,0.7576325046668686,0
SC0_2025_26_14/09/2025_Kilmarnock_Celtic,2025_26,SC0,X2,0.9084402354612301,1,0.2535241767647479,0,0.9084402354612301,1,0.838035587774022,1
SC0_2025_26_20/09/2025_Dundee_Livingston,2025_26,SC0,12,0.7126485774703353,1,0.6080319017192869,1,0.6793195208103779,0,0.7126485774703353,1
SC0_2025_26_23/09/2025_Dundee United_Aberdeen,2025_26,SC0,12,0.7223318836802612,1,0.6483480600592133,1,0.6293200562605255,0,0.7223318836802612,1
SC0_2025_26_23/09/2025_Falkirk_Hibernian,2025_26,SC0,12,0.728192088681503,0,0.594974709891988,1,0.6768332014265092,1,0.728192088681503,0
SC0_2025_26_27/09/2025_Celtic_Hibernian,2025_26,SC0,1X,0.891945256627602,1,0.891945256627602,1,0.2772705501389069,1,0.8307841932334912,0
SC0_2025_26_27/09/2025_Dundee United_Kilmarnock,2025_26,SC0,1X,0.7680790671411244,0,0.7680790671411244,0,0.4853669392379154,1,0.7465539936209601,1
SC0_2025_26_27/09/2025_Hearts_Falkirk,2025_26,SC0,1X,0.8345219523078912,1,0.8345219523078912,1,0.3754307897712927,0,0.7900472579208162,1
SC0_2025_26_27/09/2025_St Mirren_Dundee,2025_26,SC0,1X,0.8267251105903464,1,0.8267251105903464,1,0.4047470192570589,0,0.7685278701525945,1
SC0_2025_26_27/09/2025_Motherwell_Aberdeen,2025_26,SC0,12,0.7445182739244702,1,0.7131560955872605,1,0.5423256304882691,0,0.7445182739244702,1
SC0_2025_26_28/09/2025_Livingston_Rangers,2025_26,SC0,X2,0.829156386418067,1,0.39121380441646403,0,0.829156386418067,1,0.779629809165469,1
SC0_2025_26_04/10/2025_Dundee United_Livingston,2025_26,SC0,1X,0.7728539253761288,1,0.7728539253761288,1,0.47993539121930356,1,0.7472106834045676,0
SC0_2025_26_04/10/2025_Kilmarnock_St Mirren,2025_26,SC0,12,0.7109769281177167,1,0.6264823469822323,1,0.6625407249000509,0,0.7109769281177167,1
SC0_2025_26_04/10/2025_Hearts_Hibernian,2025_26,SC0,1X,0.7704236946852556,1,0.7704236946852556,1,0.48678656824975347,0,0.7427897370649907,1
SC0_2025_26_05/10/2025_Aberdeen_Dundee,2025_26,SC0,1X,0.8187242843866658,1,0.8187242843866658,1,0.41523211511181346,0,0.7660436005015209,1
SC0_2025_26_05/10/2025_Celtic_Motherwell,2025_26,SC0,1X,0.9140326039730042,1,0.9140326039730042,1,0.21027007186752686,0,0.8756973241594689,1
SC0_2025_26_05/10/2025_Falkirk_Rangers,2025_26,SC0,X2,0.7953475733304094,1,0.42818048582783985,1,0.7953475733304094,1,0.7764719408417508,0
SC0_2025_26_18/10/2025_Hibernian_Livingston,2025_26,SC0,1X,0.8323153945343661,1,0.8323153945343661,1,0.3827915027843098,0,0.7848931026813243,1
SC0_2025_26_18/10/2025_Motherwell_Falkirk,2025_26,SC0,1X,0.7570804581417391,0,0.7570804581417391,0,0.48826933475017,1,0.7546502071080909,1
SC0_2025_26_18/10/2025_Rangers_Dundee United,2025_26,SC0,1X,0.8461750291581918,1,0.8461750291581918,1,0.32654886112751036,1,0.827276109714298,0
SC0_2025_26_18/10/2025_St Mirren_Aberdeen,2025_26,SC0,12,0.7157108522608774,1,0.6889713898538665,0,0.5953177578852559,1,0.7157108522608774,1
SC0_2025_26_18/10/2025_Kilmarnock_Hearts,2025_26,SC0,X2,0.7853767538809775,1,0.4743725381738678,0,0.7853767538809775,1,0.7402507079451547,1
SC0_2025_26_19/10/2025_Dundee_Celtic,2025_26,SC0,X2,0.9255024267453043,0,0.20159491714724936,1,0.9255024267453043,0,0.8729026561074466,1
SC0_2025_26_25/10/2025_Dundee United_St Mirren,2025_26,SC0,12,0.731267381584421,1,0.6865014896512053,1,0.5822311287643739,0,0.731267381584421,1
SC0_2025_26_25/10/2025_Falkirk_Dundee,2025_26,SC0,1X,0.7743610995762628,1,0.7743610995762628,1,0.4694312383705411,0,0.7562076620531961,1
SC0_2025_26_25/10/2025_Livingston_Motherwell,2025_26,SC0,12,0.7287715455055409,1,0.5794113797271963,0,0.6918170747672627,1,0.7287715455055409,1
SC0_2025_26_26/10/2025_Hearts_Celtic,2025_26,SC0,12,0.7426620735367686,1,0.5610203773421913,1,0.69631754912104,0,0.7426620735367686,1
SC0_2025_26_26/10/2025_Aberdeen_Hibernian,2025_26,SC0,12,0.719702198430146,1,0.6425402447002698,0,0.6377575568695841,1,0.719702198430146,1
SC0_2025_26_26/10/2025_Rangers_Kilmarnock,2025_26,SC0,1X,0.8838263307042586,1,0.8838263307042586,1,0.2910556684600835,0,0.8251180008356578,1
