date,sport,competition,event,market,selection,bookmaker,available_odds,estimated_probability,fair_odds,confidence,uncertainty,historical_statistical_support,current_context,expected_payout,ev_value_indicator,risk,recommended_stake,grade,reason,model_version,price_timestamp,research_grade,money_decision,money_qualified,money_rejection_reason,kickoff_time
2026-10-10,football,Serie A,Inter Milan v Parma,1x2,away,Matchbook,24.0,0.05544072948328267,18.037280701754387,High,0.007266116646947717,21,,0.0,0.3305775075987841,adequate,0.0,B,net EV/edge below Grade A thresholds; paper trade only,daily-engine-v1.1.0-odds-api,2026-10-09T06:16:33.795932+00:00,B,PAPER_ONLY,False,kickoff is 33.7h away -- outside the configured 24h money-event horizon; estimated probability 5.5% is below the 50% money-qualification floor,2026-10-10T16:00:00Z
2026-10-11,football,Primeira Liga,Benfica v Vitória SC,1x2,away,Matchbook,16.5,0.0789121694018384,12.672316672828705,High,0.009306790796422895,20,,0.0,0.3020507951303337,adequate,0.0,B,net EV/edge below Grade A thresholds; paper trade only,daily-engine-v1.1.0-odds-api,2026-10-09T06:16:33.795932+00:00,B,PAPER_ONLY,False,kickoff is 58.7h away -- outside the configured 24h money-event horizon; estimated probability 7.9% is below the 50% money-qualification floor,2026-10-11T17:00:00Z
2026-10-10,football,Ligue 1,Paris Saint Germain v Le Mans FC,1x2,away,Betfair Sportsbook,31.0,0.04064958069917604,24.600499754239035,High,0.005080158422437372,20,,0.0,0.2601370016744573,adequate,0.0,B,net EV/edge below Grade A thresholds; paper trade only,daily-engine-v1.1.0-odds-api,2026-10-09T06:16:33.795932+00:00,B,PAPER_ONLY,False,kickoff is 36.5h away -- outside the configured 24h money-event horizon; estimated probability 4.1% is below the 50% money-qualification floor,2026-10-10T18:45:00Z
2026-10-10,football,Scottish Premiership,Rangers v Kilmarnock,1x2,away,Smarkets,19.49,0.06147091108671789,16.267857142857142,High,0.00558872807289971,20,,0.0,0.19806805708013153,adequate,0.0,B,net EV/edge below Grade A thresholds; paper trade only,daily-engine-v1.1.0-odds-api,2026-10-09T06:16:33.795932+00:00,B,PAPER_ONLY,False,kickoff is 31.7h away -- outside the configured 24h money-event horizon; estimated probability 6.1% is below the 50% money-qualification floor,2026-10-10T14:00:00Z
2026-10-10,football,La Liga,Barcelona v Getafe,1x2,draw,Smarkets,16.0,0.07292655152780414,13.712426805465192,High,0.009808499113291977,20,,0.0,0.16682482444486624,adequate,0.0,B,net EV/edge below Grade A thresholds; paper trade only,daily-engine-v1.1.0-odds-api,2026-10-09T06:16:33.795932+00:00,B,PAPER_ONLY,False,kickoff is 34.2h away -- outside the configured 24h money-event horizon; estimated probability 7.3% is below the 50% money-qualification floor,2026-10-10T16:30:00Z
2026-10-10,football,Ligue 1,Paris Saint Germain v Le Mans FC,1x2,draw,Betfair,14.5,0.0796170397995168,12.56012535153397,High,0.008428549589663614,20,,0.0,0.15444707709299355,adequate,0.0,B,net EV/edge below Grade A thresholds; paper trade only,daily-engine-v1.1.0-odds-api,2026-10-09T06:16:33.795932+00:00,B,PAPER_ONLY,False,kickoff is 36.5h away -- outside the configured 24h money-event horizon; estimated probability 8.0% is below the 50% money-qualification floor,2026-10-10T18:45:00Z
2026-10-10,football,Bundesliga,Augsburg v Bayern Munich,1x2,home,Smarkets,13.5,0.0848269912776766,11.788700564971753,High,0.008747527233460973,21,,0.0,0.14516438224863404,adequate,0.0,B,net EV/edge below Grade A thresholds; paper trade only,daily-engine-v1.1.0-odds-api,2026-10-09T06:16:33.795932+00:00,B,PAPER_ONLY,False,kickoff is 31.2h away -- outside the configured 24h money-event horizon; estimated probability 8.5% is below the 50% money-qualification floor,2026-10-10T13:30:00Z
2026-10-10,football,Bundesliga,Augsburg v Bayern Munich,1x2,draw,Smarkets,9.8,0.11675587408146602,8.564879564879565,High,0.00845787988455688,21,,0.0,0.14420756599836704,adequate,0.0,B,net EV/edge below Grade A thresholds; paper trade only,daily-engine-v1.1.0-odds-api,2026-10-09T06:16:33.795932+00:00,B,PAPER_ONLY,False,kickoff is 31.2h away -- outside the configured 24h money-event horizon; estimated probability 11.7% is below the 50% money-qualification floor,2026-10-10T13:30:00Z
2026-10-17,football,Eredivisie,ADO Den Haag v PSV Eindhoven,1x2,home,Grosvenor,11.0,0.10309278350515462,9.700000000000001,High,0.010986963628770628,12,,0.0,0.1340206185567009,adequate,0.0,B,net EV/edge below Grade A thresholds; paper trade only,daily-engine-v1.1.0-odds-api,2026-10-09T06:16:33.795932+00:00,B,PAPER_ONLY,False,kickoff is 200.2h away -- outside the configured 24h money-event horizon; estimated probability 10.3% is below the 50% money-qualification floor,2026-10-17T14:30:00Z
2026-10-18,football,La Liga,Real Madrid v Sevilla,1x2,draw,Betfair,7.8,0.14442491436708482,6.9240131066188475,High,0.010441881365683064,14,,0.0,0.12651433206326157,adequate,0.0,B,net EV/edge below Grade A thresholds; paper trade only,daily-engine-v1.1.0-odds-api,2026-10-09T06:16:33.795932+00:00,B,PAPER_ONLY,False,kickoff is 228.7h away -- outside the configured 24h money-event horizon; estimated probability 14.4% is below the 50% money-qualification floor,2026-10-18T19:00:00Z
2026-10-10,football,La Liga,Real Madrid v Villarreal,1x2,away,Smarkets,8.0,0.14034470629616605,7.125313283208019,High,0.009598522592915121,20,,0.0,0.1227576503693284,adequate,0.0,B,net EV/edge below Grade A thresholds; paper trade only,daily-engine-v1.1.0-odds-api,2026-10-09T06:16:33.795932+00:00,B,PAPER_ONLY,False,kickoff is 36.7h away -- outside the configured 24h money-event horizon; estimated probability 14.0% is below the 50% money-qualification floor,2026-10-10T19:00:00Z
2026-10-09,football,Bundesliga,Borussia Dortmund v Werder Bremen,1x2,away,Smarkets,9.6,0.11653842559421826,8.580860732424485,High,0.007312153195676008,21,,0.0,0.11876888570449518,adequate,0.0,B,net EV/edge below Grade A thresholds; paper trade only,daily-engine-v1.1.0-odds-api,2026-10-09T06:16:33.795932+00:00,B,PAPER_ONLY,False,estimated probability 11.7% is below the 50% money-qualification floor,2026-10-09T18:30:00Z
2026-10-10,football,Serie A,Inter Milan v Parma,1x2,draw,Smarkets,10.0,0.11148903024795534,8.969492314857941,High,0.008242985665010442,21,,0.0,0.11489030247955345,adequate,0.0,B,net EV/edge below Grade A thresholds; paper trade only,daily-engine-v1.1.0-odds-api,2026-10-09T06:16:33.795932+00:00,B,PAPER_ONLY,False,kickoff is 33.7h away -- outside the configured 24h money-event horizon; estimated probability 11.1% is below the 50% money-qualification floor,2026-10-10T16:00:00Z
2026-10-09,football,Eredivisie,PSV Eindhoven v Heerenveen,1x2,away,Smarkets,10.0,0.11136449185510189,8.979522856361756,High,0.009475332388385105,20,,0.0,0.11364491855101899,adequate,0.0,B,net EV/edge below Grade A thresholds; paper trade only,daily-engine-v1.1.0-odds-api,2026-10-09T06:16:33.795932+00:00,B,PAPER_ONLY,False,estimated probability 11.1% is below the 50% money-qualification floor,2026-10-09T18:00:00Z
2026-10-18,football,Eredivisie,SC Cambuur v AZ Alkmaar,1x2,home,Grosvenor,8.5,0.1309900822670723,7.6341657528020015,High,0.011576960532453131,12,,0.0,0.11341569927011452,adequate,0.0,B,net EV/edge below Grade A thresholds; paper trade only,daily-engine-v1.1.0-odds-api,2026-10-09T06:16:33.795932+00:00,B,PAPER_ONLY,False,kickoff is 222.2h away -- outside the configured 24h money-event horizon; estimated probability 13.1% is below the 50% money-qualification floor,2026-10-18T12:30:00Z
2026-10-10,football,La Liga,Barcelona v Getafe,1x2,away,Betfair,30.0,0.03696720653169552,27.051002599901736,High,0.004752310582117666,20,,0.0,0.10901619595086576,adequate,0.0,B,net EV/edge below Grade A thresholds; paper trade only,daily-engine-v1.1.0-odds-api,2026-10-09T06:16:33.795932+00:00,B,PAPER_ONLY,False,kickoff is 34.2h away -- outside the configured 24h money-event horizon; estimated probability 3.7% is below the 50% money-qualification floor,2026-10-10T16:30:00Z
2026-10-10,football,Primeira Liga,CS Maritimo v FC Porto,1x2,home,Matchbook,11.5,0.09627459083191933,10.386956634755753,High,0.006275846610844054,20,,0.0,0.1071577945670723,adequate,0.0,B,net EV/edge below Grade A thresholds; paper trade only,daily-engine-v1.1.0-odds-api,2026-10-09T06:16:33.795932+00:00,B,PAPER_ONLY,False,kickoff is 34.7h away -- outside the configured 24h money-event horizon; estimated probability 9.6% is below the 50% money-qualification floor,2026-10-10T17:00:00Z
2026-10-11,football,Bundesliga,SC Freiburg v FC Schalke 04,1x2,away,Smarkets,5.6,0.19707551598082587,5.074197040779501,High,0.008914612321928549,21,,0.0,0.10362288949262477,adequate,0.0,B,net EV/edge below Grade A thresholds; paper trade only,daily-engine-v1.1.0-odds-api,2026-10-09T06:16:33.795932+00:00,B,PAPER_ONLY,False,kickoff is 57.2h away -- outside the configured 24h money-event horizon; estimated probability 19.7% is below the 50% money-qualification floor,2026-10-11T15:30:00Z
2026-10-11,football,Serie A,Cagliari v Juventus,1x2,home,Smarkets,7.0,0.1569620253164557,6.370967741935484,High,0.007468477553211296,21,,0.0,0.09873417721518984,adequate,0.0,B,net EV/edge below Grade A thresholds; paper trade only,daily-engine-v1.1.0-odds-api,2026-10-09T06:16:33.795932+00:00,B,PAPER_ONLY,False,kickoff is 60.5h away -- outside the configured 24h money-event horizon; estimated probability 15.7% is below the 50% money-qualification floor,2026-10-11T18:45:00Z
2026-10-10,football,Ligue 1,Lille v Le Havre,1x2,away,Betfair,7.8,0.14077215041854133,7.103677801516971,High,0.007617333277914984,20,,0.0,0.09802277326462228,adequate,0.0,B,net EV/edge below Grade A thresholds; paper trade only,daily-engine-v1.1.0-odds-api,2026-10-09T06:16:33.795932+00:00,B,PAPER_ONLY,False,kickoff is 33.0h away -- outside the configured 24h money-event horizon; estimated probability 14.1% is below the 50% money-qualification floor,2026-10-10T15:15:00Z
2026-10-17,football,Premier League,Manchester City v Ipswich Town,1x2,away,Betfair,13.5,0.08095485210171251,12.352564102564102,High,0.00816538925587568,17,,0.0,0.09289050337311888,adequate,0.0,B,net EV/edge below Grade A thresholds; paper trade only,daily-engine-v1.1.0-odds-api,2026-10-09T06:16:33.795932+00:00,B,PAPER_ONLY,False,kickoff is 199.7h away -- outside the configured 24h money-event horizon; estimated probability 8.1% is below the 50% money-qualification floor,2026-10-17T14:00:00Z
2026-10-17,football,Premier League,Manchester City v Ipswich Town,1x2,draw,Betfair,7.6,0.14371257485029942,6.958333333333332,High,0.0072668401587119855,17,,0.0,0.09221556886227555,adequate,0.0,B,net EV/edge below Grade A thresholds; paper trade only,daily-engine-v1.1.0-odds-api,2026-10-09T06:16:33.795932+00:00,B,PAPER_ONLY,False,kickoff is 199.7h away -- outside the configured 24h money-event horizon; estimated probability 14.4% is below the 50% money-qualification floor,2026-10-17T14:00:00Z
2026-10-10,football,Bundesliga,TSG Hoffenheim v Hamburger SV,1x2,away,Smarkets,7.4,0.14675907052588671,6.813888888888886,High,0.007906681774733013,21,,0.0,0.08601712189156174,adequate,0.0,B,net EV/edge below Grade A thresholds; paper trade only,daily-engine-v1.1.0-odds-api,2026-10-09T06:16:33.795932+00:00,B,PAPER_ONLY,False,kickoff is 31.2h away -- outside the configured 24h money-event horizon; estimated probability 14.7% is below the 50% money-qualification floor,2026-10-10T13:30:00Z
2026-10-10,football,Premier League,Arsenal v Leeds United,1x2,away,Betfair,9.2,0.11743972931058792,8.515006002400959,High,0.008509585894622211,21,,0.0,0.08044550965740882,adequate,0.0,B,net EV/edge below Grade A thresholds; paper trade only,daily-engine-v1.1.0-odds-api,2026-10-09T06:16:33.795932+00:00,B,PAPER_ONLY,False,kickoff is 29.2h away -- outside the configured 24h money-event horizon; estimated probability 11.7% is below the 50% money-qualification floor,2026-10-10T11:30:00Z
2026-10-11,football,La Liga,Real Betis v CA Osasuna,1x2,away,Smarkets,6.4,0.1678847369856673,5.956467621504939,High,0.008150928979958668,20,,0.0,0.07446231670827086,adequate,0.0,B,net EV/edge below Grade A thresholds; paper trade only,daily-engine-v1.1.0-odds-api,2026-10-09T06:16:33.795932+00:00,B,PAPER_ONLY,False,kickoff is 58.2h away -- outside the configured 24h money-event horizon; estimated probability 16.8% is below the 50% money-qualification floor,2026-10-11T16:30:00Z
2026-10-12,football,Serie A,Atalanta BC v Venezia,1x2,away,Smarkets,6.2,0.17320838460970087,5.773392565569791,High,0.009966864598897535,21,,0.0,0.07389198458014545,adequate,0.0,B,net EV/edge below Grade A thresholds; paper trade only,daily-engine-v1.1.0-odds-api,2026-10-09T06:16:33.795932+00:00,B,PAPER_ONLY,False,kickoff is 82.2h away -- outside the configured 24h money-event horizon; estimated probability 17.3% is below the 50% money-qualification floor,2026-10-12T16:30:00Z
2026-10-09,football,Championship,West Ham United v Queens Park Rangers,1x2,away,Betfair,6.8,0.15789473684210525,6.333333333333334,High,0.008150664479988625,21,,0.0,0.0736842105263158,adequate,0.0,B,net EV/edge below Grade A thresholds; paper trade only,daily-engine-v1.1.0-odds-api,2026-10-09T06:16:33.795932+00:00,B,PAPER_ONLY,False,estimated probability 15.8% is below the 50% money-qualification floor,2026-10-09T19:00:00Z
2026-10-11,football,Eredivisie,FC Utrecht v Willem II,1x2,away,Grosvenor,6.4,0.16771569671734288,5.962471131639723,Low,0.07696304118267511,19,,0.0,0.07338045899099443,adequate,0.0,B,net EV/edge below Grade A thresholds; paper trade only,daily-engine-v1.1.0-odds-api,2026-10-09T06:16:33.795932+00:00,B,PAPER_ONLY,False,"kickoff is 52.0h away -- outside the configured 24h money-event horizon; confidence 'Low' is not eligible for real-money qualification (requires one of ['High'], or ['Medium'] with every other requirement strong)",2026-10-11T10:15:00Z
2026-10-18,football,Serie A,Juventus v Lazio,1x2,away,Betfair,5.8,0.18501479861021747,5.4049730481655365,High,0.007197526284356028,15,,0.0,0.07308583193926133,adequate,0.0,B,net EV/edge below Grade A thresholds; paper trade only,daily-engine-v1.1.0-odds-api,2026-10-09T06:16:33.795932+00:00,B,PAPER_ONLY,False,kickoff is 228.5h away -- outside the configured 24h money-event horizon; estimated probability 18.5% is below the 50% money-qualification floor,2026-10-18T18:45:00Z
2026-10-10,football,Belgian Pro League,Genk v KV Kortrijk,1x2,away,Betfair,7.6,0.14109742441209405,7.087301587301588,High,0.009047114759711324,19,,0.0,0.07234042553191478,adequate,0.0,B,net EV/edge below Grade A thresholds; paper trade only,daily-engine-v1.1.0-odds-api,2026-10-09T06:16:33.795932+00:00,B,PAPER_ONLY,False,kickoff is 36.5h away -- outside the configured 24h money-event horizon; estimated probability 14.1% is below the 50% money-qualification floor,2026-10-10T18:45:00Z
2026-10-10,football,Scottish Premiership,Rangers v Kilmarnock,1x2,draw,Smarkets,9.2,0.11652279956032244,8.582011449890647,High,0.00758818929547431,20,,0.0,0.07200975595496628,adequate,0.0,B,net EV/edge below Grade A thresholds; paper trade only,daily-engine-v1.1.0-odds-api,2026-10-09T06:16:33.795932+00:00,B,PAPER_ONLY,False,kickoff is 31.7h away -- outside the configured 24h money-event horizon; estimated probability 11.7% is below the 50% money-qualification floor,2026-10-10T14:00:00Z
2026-10-10,football,Belgian Pro League,Cercle Brugge KSV v Anderlecht,1x2,home,Grosvenor,3.95,0.2707443850164029,3.6935207352108725,High,0.013570798758682336,18,,0.0,0.06944032081479146,adequate,0.0,B,net EV/edge below Grade A thresholds; paper trade only,daily-engine-v1.1.0-odds-api,2026-10-09T06:16:33.795932+00:00,B,PAPER_ONLY,False,kickoff is 31.7h away -- outside the configured 24h money-event horizon; estimated probability 27.1% is below the 50% money-qualification floor,2026-10-10T14:00:00Z
2026-10-11,football,Primeira Liga,Benfica v Vitória SC,1x2,draw,Betfair,7.4,0.14444024049409615,6.923278420052713,High,0.009004679117073184,20,,0.0,0.06885777965631146,adequate,0.0,B,net EV/edge below Grade A thresholds; paper trade only,daily-engine-v1.1.0-odds-api,2026-10-09T06:16:33.795932+00:00,B,PAPER_ONLY,False,kickoff is 58.7h away -- outside the configured 24h money-event horizon; estimated probability 14.4% is below the 50% money-qualification floor,2026-10-11T17:00:00Z
2026-10-17,football,Serie A,AS Roma v Genoa,1x2,away,Grosvenor,10.5,0.10178432682215348,9.824695326101512,High,0.009953420507532475,15,,0.0,0.06873543163261153,adequate,0.0,B,net EV/edge below Grade A thresholds; paper trade only,daily-engine-v1.1.0-odds-api,2026-10-09T06:16:33.795932+00:00,B,PAPER_ONLY,False,kickoff is 204.5h away -- outside the configured 24h money-event horizon; estimated probability 10.2% is below the 50% money-qualification floor,2026-10-17T18:45:00Z
2026-10-09,football,Eredivisie,PSV Eindhoven v Heerenveen,1x2,draw,Smarkets,7.6,0.13997633217280944,7.144064889237404,High,0.0055090939224935525,20,,0.0,0.06382012451335173,adequate,0.0,B,net EV/edge below Grade A thresholds; paper trade only,daily-engine-v1.1.0-odds-api,2026-10-09T06:16:33.795932+00:00,B,PAPER_ONLY,False,estimated probability 14.0% is below the 50% money-qualification floor,2026-10-09T18:00:00Z
2026-10-17,football,Bundesliga,Hamburger SV v VfB Stuttgart,1x2,home,Grosvenor,4.2,0.25228224138800626,3.9638144742103156,High,0.010894036057328343,19,,0.0,0.059585413829626344,adequate,0.0,B,net EV/edge below Grade A thresholds; paper trade only,daily-engine-v1.1.0-odds-api,2026-10-09T06:16:33.795932+00:00,B,PAPER_ONLY,False,kickoff is 199.2h away -- outside the configured 24h money-event horizon; estimated probability 25.2% is below the 50% money-qualification floor,2026-10-17T13:30:00Z
2026-10-11,football,La Liga,Real Sociedad v Deportivo La Coruña,1x2,away,Smarkets,5.9,0.17942467089224767,5.573369565217392,High,0.007182429314270311,19,,0.0,0.05860555826426128,adequate,0.0,B,net EV/edge below Grade A thresholds; paper trade only,daily-engine-v1.1.0-odds-api,2026-10-09T06:16:33.795932+00:00,B,PAPER_ONLY,False,kickoff is 56.0h away -- outside the configured 24h money-event horizon; estimated probability 17.9% is below the 50% money-qualification floor,2026-10-11T14:15:00Z
2026-10-18,football,La Liga,Real Madrid v Sevilla,1x2,away,Betfair,11.5,0.09203931949252159,10.864921704264148,High,0.007121658927079227,14,,0.0,0.05845217416399817,adequate,0.0,B,net EV/edge below Grade A thresholds; paper trade only,daily-engine-v1.1.0-odds-api,2026-10-09T06:16:33.795932+00:00,B,PAPER_ONLY,False,kickoff is 228.7h away -- outside the configured 24h money-event horizon; estimated probability 9.2% is below the 50% money-qualification floor,2026-10-18T19:00:00Z
2026-10-11,football,Ligue 1,Rennes v Auxerre,1x2,away,Smarkets,7.4,0.14262734584450404,7.011278195488721,High,0.008252595119764302,20,,0.0,0.05544235924932983,adequate,0.0,B,net EV/edge below Grade A thresholds; paper trade only,daily-engine-v1.1.0-odds-api,2026-10-09T06:16:33.795932+00:00,B,PAPER_ONLY,False,kickoff is 57.0h away -- outside the configured 24h money-event horizon; estimated probability 14.3% is below the 50% money-qualification floor,2026-10-11T15:15:00Z
2026-10-10,football,Eredivisie,Go Ahead Eagles v Sparta Rotterdam,1x2,away,Betfair,4.5,0.23449299683728136,4.264519680704652,High,0.010337493396373887,19,,0.0,0.05521848576776611,adequate,0.0,B,net EV/edge below Grade A thresholds; paper trade only,daily-engine-v1.1.0-odds-api,2026-10-09T06:16:33.795932+00:00,B,PAPER_ONLY,False,kickoff is 32.2h away -- outside the configured 24h money-event horizon; estimated probability 23.4% is below the 50% money-qualification floor,2026-10-10T14:30:00Z
2026-10-17,football,Bundesliga,Union Berlin v Borussia Dortmund,1x2,home,Grosvenor,5.2,0.202896970722588,4.928609808409883,High,0.012447827987407423,16,,0.0,0.05506424775745766,adequate,0.0,B,net EV/edge below Grade A thresholds; paper trade only,daily-engine-v1.1.0-odds-api,2026-10-09T06:16:33.795932+00:00,B,PAPER_ONLY,False,kickoff is 199.2h away -- outside the configured 24h money-event horizon; estimated probability 20.3% is below the 50% money-qualification floor,2026-10-17T13:30:00Z
2026-10-09,football,Primeira Liga,Moreirense FC v Gil Vicente,1x2,home,Betfair,3.85,0.2729478574741443,3.663703423994554,High,0.010438057741013251,20,,0.0,0.05084925127545559,adequate,0.0,B,net EV/edge below Grade A thresholds; paper trade only,daily-engine-v1.1.0-odds-api,2026-10-09T06:16:33.795932+00:00,B,PAPER_ONLY,False,estimated probability 27.3% is below the 50% money-qualification floor,2026-10-09T17:45:00Z
2026-10-10,football,Belgian Pro League,RAAL La Louvière v Club Brugge,1x2,home,Grosvenor,8.0,0.13122080032500508,7.620743034055728,High,0.009879177743786985,19,,0.0,0.049766402600040616,adequate,0.0,B,net EV/edge below Grade A thresholds; paper trade only,daily-engine-v1.1.0-odds-api,2026-10-09T06:16:33.795932+00:00,B,PAPER_ONLY,False,kickoff is 34.0h away -- outside the configured 24h money-event horizon; estimated probability 13.1% is below the 50% money-qualification floor,2026-10-10T16:15:00Z
2026-10-10,football,Bundesliga,SC Paderborn v VfB Stuttgart,1x2,home,Smarkets,5.3,0.19732791170490854,5.06770680011775,High,0.00611145219059351,21,,0.0,0.04583793203601516,adequate,0.0,B,net EV/edge below Grade A thresholds; paper trade only,daily-engine-v1.1.0-odds-api,2026-10-09T06:16:33.795932+00:00,B,PAPER_ONLY,False,kickoff is 31.2h away -- outside the configured 24h money-event horizon; estimated probability 19.7% is below the 50% money-qualification floor,2026-10-10T13:30:00Z
2026-10-10,football,Ligue 1,AS Monaco v Toulouse,1x2,away,Betfair,5.6,0.1865215402257021,5.361311078548573,High,0.005316216961289993,20,,0.0,0.044520625263931746,adequate,0.0,B,net EV/edge below Grade A thresholds; paper trade only,daily-engine-v1.1.0-odds-api,2026-10-09T06:16:33.795932+00:00,B,PAPER_ONLY,False,kickoff is 36.5h away -- outside the configured 24h money-event horizon; estimated probability 18.7% is below the 50% money-qualification floor,2026-10-10T18:45:00Z
2026-10-18,football,Eredivisie,SC Cambuur v AZ Alkmaar,1x2,draw,Grosvenor,5.8,0.17987969328529185,5.559271209196389,High,0.009414422089858177,12,,0.0,0.043302221054692724,adequate,0.0,B,net EV/edge below Grade A thresholds; paper trade only,daily-engine-v1.1.0-odds-api,2026-10-09T06:16:33.795932+00:00,B,PAPER_ONLY,False,kickoff is 222.2h away -- outside the configured 24h money-event horizon; estimated probability 18.0% is below the 50% money-qualification floor,2026-10-18T12:30:00Z
2026-10-11,football,Serie A,Lazio v Monza,1x2,away,Smarkets,6.2,0.16805160418016393,5.950553134428428,High,0.007521350500783956,21,,0.0,0.04191994591701642,adequate,0.0,B,net EV/edge below Grade A thresholds; paper trade only,daily-engine-v1.1.0-odds-api,2026-10-09T06:16:33.795932+00:00,B,PAPER_ONLY,False,kickoff is 54.7h away -- outside the configured 24h money-event horizon; estimated probability 16.8% is below the 50% money-qualification floor,2026-10-11T13:00:00Z
2026-10-10,football,La Liga,Real Madrid v Villarreal,1x2,draw,Smarkets,6.2,0.1679286761113825,5.954909090909091,High,0.0067180716222992485,20,,0.0,0.04115779189057156,adequate,0.0,B,net EV/edge below Grade A thresholds; paper trade only,daily-engine-v1.1.0-odds-api,2026-10-09T06:16:33.795932+00:00,B,PAPER_ONLY,False,kickoff is 36.7h away -- outside the configured 24h money-event horizon; estimated probability 16.8% is below the 50% money-qualification floor,2026-10-10T19:00:00Z
2026-10-11,football,Premier League,Liverpool v Manchester City,over_under_2_5,under,Matchbook,2.56,0.4058811185142438,2.463775609125573,Medium,0.010267341698533184,4,,0.0,0.03905566339646416,adequate,0.0,B,net EV/edge below Grade A thresholds; paper trade only,daily-engine-v1.1.0-odds-api,2026-10-09T06:16:33.795932+00:00,B,PAPER_ONLY,False,kickoff is 57.2h away -- outside the configured 24h money-event horizon; estimated probability 40.6% is below the 60% money-qualification floor (the stricter Medium-confidence floor); Medium-confidence candidates require odds inside the preferred range 1.40-2.50; odds are 2.56; net EV 3.91% is below the 5.00% money-qualification value floor (the stricter Medium-confidence floor),2026-10-11T15:30:00Z
2026-10-11,football,Serie A,Lecce v Bologna,1x2,home,Smarkets,4.6,0.2258573117855735,4.4275741710296685,High,0.009010257463013373,21,,0.0,0.03894363421363811,adequate,0.0,B,net EV/edge below Grade A thresholds; paper trade only,daily-engine-v1.1.0-odds-api,2026-10-09T06:16:33.795932+00:00,B,PAPER_ONLY,False,kickoff is 54.7h away -- outside the configured 24h money-event horizon; estimated probability 22.6% is below the 50% money-qualification floor,2026-10-11T13:00:00Z
2026-10-10,football,Serie A,Napoli v Frosinone,1x2,away,Matchbook,7.2,0.14415197417432335,6.937123169681308,High,0.007521267783673321,21,,0.0,0.03789421405512816,adequate,0.0,B,net EV/edge below Grade A thresholds; paper trade only,daily-engine-v1.1.0-odds-api,2026-10-09T06:16:33.795932+00:00,B,PAPER_ONLY,False,kickoff is 36.5h away -- outside the configured 24h money-event horizon; estimated probability 14.4% is below the 50% money-qualification floor,2026-10-10T18:45:00Z
2026-10-17,football,Serie A,AS Roma v Genoa,1x2,draw,Betfair,5.7,0.18206435170436447,5.492563429571303,High,0.008606133223298375,15,,0.0,0.03776680471487759,adequate,0.0,B,net EV/edge below Grade A thresholds; paper trade only,daily-engine-v1.1.0-odds-api,2026-10-09T06:16:33.795932+00:00,B,PAPER_ONLY,False,kickoff is 204.5h away -- outside the configured 24h money-event horizon; estimated probability 18.2% is below the 50% money-qualification floor,2026-10-17T18:45:00Z
2026-10-10,football,Championship,Swansea City v Norwich City,1x2,away,Smarkets,3.1,0.3344279521870485,2.9901806755695204,High,0.009174561827911848,21,,0.0,0.03672665177985046,adequate,0.0,B,net EV/edge below Grade A thresholds; paper trade only,daily-engine-v1.1.0-odds-api,2026-10-09T06:16:33.795932+00:00,B,PAPER_ONLY,False,kickoff is 29.2h away -- outside the configured 24h money-event horizon; estimated probability 33.4% is below the 50% money-qualification floor,2026-10-10T11:30:00Z
2026-10-12,football,Premier League,Coventry City v Newcastle United,over_under_2_5,under,Matchbook,2.34,0.44297082228116713,2.2574850299401197,High,0.011839024255286887,5,,0.0,0.03655172413793106,adequate,0.0,B,net EV/edge below Grade A thresholds; paper trade only,daily-engine-v1.1.0-odds-api,2026-10-09T06:16:33.795932+00:00,B,PAPER_ONLY,False,kickoff is 84.7h away -- outside the configured 24h money-event horizon; estimated probability 44.3% is below the 50% money-qualification floor,2026-10-12T19:00:00Z
2026-10-17,football,Eredivisie,ADO Den Haag v PSV Eindhoven,1x2,draw,Grosvenor,7.0,0.1480574407417622,6.75413538819824,High,0.008930741788666515,12,,0.0,0.03640208519233534,adequate,0.0,B,net EV/edge below Grade A thresholds; paper trade only,daily-engine-v1.1.0-odds-api,2026-10-09T06:16:33.795932+00:00,B,PAPER_ONLY,False,kickoff is 200.2h away -- outside the configured 24h money-event horizon; estimated probability 14.8% is below the 50% money-qualification floor,2026-10-17T14:30:00Z
2026-10-17,football,La Liga,Real Betis v Barcelona,1x2,draw,Betfair,6.0,0.1726268019547042,5.792843224092117,High,0.007580808372495197,14,,0.0,0.035760811728225095,adequate,0.0,B,net EV/edge below Grade A thresholds; paper trade only,daily-engine-v1.1.0-odds-api,2026-10-09T06:16:33.795932+00:00,B,PAPER_ONLY,False,kickoff is 202.2h away -- outside the configured 24h money-event horizon; estimated probability 17.3% is below the 50% money-qualification floor,2026-10-17T16:30:00Z
2026-10-11,football,Championship,Southampton v Portsmouth,1x2,away,Betfair,5.7,0.1816493450422981,5.505112059540563,High,0.005239299767888367,20,,0.0,0.035401266741099224,adequate,0.0,B,net EV/edge below Grade A thresholds; paper trade only,daily-engine-v1.1.0-odds-api,2026-10-09T06:16:33.795932+00:00,B,PAPER_ONLY,False,kickoff is 52.7h away -- outside the configured 24h money-event horizon; estimated probability 18.2% is below the 50% money-qualification floor,2026-10-11T11:00:00Z
2026-10-18,football,Eredivisie,NEC Nijmegen v Fortuna Sittard,1x2,away,William Hill,6.0,0.17240842833819117,5.800180476318885,High,0.010020917891393097,12,,0.0,0.034450570029146976,adequate,0.0,B,net EV/edge below Grade A thresholds; paper trade only,daily-engine-v1.1.0-odds-api,2026-10-09T06:16:33.795932+00:00,B,PAPER_ONLY,False,kickoff is 227.7h away -- outside the configured 24h money-event horizon; estimated probability 17.2% is below the 50% money-qualification floor,2026-10-18T18:00:00Z
2026-10-18,football,Eredivisie,FC Zwolle v Go Ahead Eagles,1x2,home,Grosvenor,3.05,0.3389830508474576,2.95,High,0.015919961074658255,12,,0.0,0.03389830508474567,adequate,0.0,B,net EV/edge below Grade A thresholds; paper trade only,daily-engine-v1.1.0-odds-api,2026-10-09T06:16:33.795932+00:00,B,PAPER_ONLY,False,kickoff is 220.0h away -- outside the configured 24h money-event horizon; estimated probability 33.9% is below the 50% money-qualification floor,2026-10-18T10:15:00Z
2026-10-17,football,La Liga,Espanyol v Atlético Madrid,1x2,home,Betfair,4.5,0.22971545911654861,4.353211594229882,High,0.006459919342494557,14,,0.0,0.033719566024468794,adequate,0.0,B,net EV/edge below Grade A thresholds; paper trade only,daily-engine-v1.1.0-odds-api,2026-10-09T06:16:33.795932+00:00,B,PAPER_ONLY,False,kickoff is 197.7h away -- outside the configured 24h money-event horizon; estimated probability 23.0% is below the 50% money-qualification floor,2026-10-17T12:00:00Z
2026-10-10,football,Premier League,Arsenal v Leeds United,1x2,draw,Betfair,5.3,0.194954128440367,5.129411764705882,High,0.006472335238050085,21,,0.0,0.03325688073394506,adequate,0.0,B,net EV/edge below Grade A thresholds; paper trade only,daily-engine-v1.1.0-odds-api,2026-10-09T06:16:33.795932+00:00,B,PAPER_ONLY,False,kickoff is 29.2h away -- outside the configured 24h money-event horizon; estimated probability 19.5% is below the 50% money-qualification floor,2026-10-10T11:30:00Z
2026-10-18,football,Ligue 1,Angers v Marseille,1x2,draw,Betfred (UK),4.0,0.25802615933412604,3.8755760368663594,Medium,0.020985635913314146,15,,0.0,0.03210463733650415,adequate,0.0,B,net EV/edge below Grade A thresholds; paper trade only,daily-engine-v1.1.0-odds-api,2026-10-09T06:16:33.795932+00:00,B,PAPER_ONLY,False,kickoff is 222.7h away -- outside the configured 24h money-event horizon; estimated probability 25.8% is below the 60% money-qualification floor (the stricter Medium-confidence floor); Medium-confidence candidates require odds inside the preferred range 1.40-2.50; odds are 4.00; net EV 3.21% is below the 5.00% money-qualification value floor (the stricter Medium-confidence floor),2026-10-18T13:00:00Z
2026-10-18,football,Premier League,Nottingham Forest v Arsenal,1x2,home,Casumo,6.1,0.16910627485638532,5.913441123632206,Low,0.06927646077669757,17,,0.0,0.03154827662395043,adequate,0.0,B,net EV/edge below Grade A thresholds; paper trade only,daily-engine-v1.1.0-odds-api,2026-10-09T06:16:33.795932+00:00,B,PAPER_ONLY,False,"kickoff is 225.2h away -- outside the configured 24h money-event horizon; confidence 'Low' is not eligible for real-money qualification (requires one of ['High'], or ['Medium'] with every other requirement strong)",2026-10-18T15:30:00Z
2026-10-11,football,Premier League,Crystal Palace v Nottingham Forest,over_under_2_5,under,Matchbook,2.02,0.5105820105820106,1.9585492227979275,High,0.010028134828458246,5,,0.0,0.03137566137566139,adequate,0.0,B,net EV/edge below Grade A thresholds; paper trade only,daily-engine-v1.1.0-odds-api,2026-10-09T06:16:33.795932+00:00,B,WATCH,False,kickoff is 54.7h away -- outside the configured 24h money-event horizon,2026-10-11T13:00:00Z
2026-10-17,football,Bundesliga,Bayern Munich v RB Leipzig,1x2,away,Grosvenor,10.5,0.09819967266775777,10.183333333333334,High,0.008105020435456915,19,,0.0,0.03109656301145658,adequate,0.0,B,net EV/edge below Grade A thresholds; paper trade only,daily-engine-v1.1.0-odds-api,2026-10-09T06:16:33.795932+00:00,B,PAPER_ONLY,False,kickoff is 202.2h away -- outside the configured 24h money-event horizon; estimated probability 9.8% is below the 50% money-qualification floor,2026-10-17T16:30:00Z
2026-10-17,football,Serie A,Bologna v Inter Milan,1x2,home,Betfair,5.5,0.18739155581260844,5.33641975308642,High,0.005704431033412361,15,,0.0,0.030653556969346463,adequate,0.0,B,net EV/edge below Grade A thresholds; paper trade only,daily-engine-v1.1.0-odds-api,2026-10-09T06:16:33.795932+00:00,B,PAPER_ONLY,False,kickoff is 201.7h away -- outside the configured 24h money-event horizon; estimated probability 18.7% is below the 50% money-qualification floor,2026-10-17T16:00:00Z
2026-10-10,football,Eredivisie,Feyenoord v AZ Alkmaar,1x2,away,Grosvenor,4.2,0.24532710280373832,4.076190476190476,High,0.010665104978154072,19,,0.0,0.030373831775700966,adequate,0.0,B,net EV/edge below Grade A thresholds; paper trade only,daily-engine-v1.1.0-odds-api,2026-10-09T06:16:33.795932+00:00,B,PAPER_ONLY,False,kickoff is 34.5h away -- outside the configured 24h money-event horizon; estimated probability 24.5% is below the 50% money-qualification floor,2026-10-10T16:45:00Z
2026-10-10,football,Championship,Preston North End v Millwall,1x2,home,Betfair,3.05,0.33707865168539325,2.966666666666667,High,0.009460461503074351,21,,0.0,0.028089887640449285,adequate,0.0,B,net EV/edge below Grade A thresholds; paper trade only,daily-engine-v1.1.0-odds-api,2026-10-09T06:16:33.795932+00:00,B,PAPER_ONLY,False,kickoff is 31.7h away -- outside the configured 24h money-event horizon; estimated probability 33.7% is below the 50% money-qualification floor,2026-10-10T14:00:00Z
2026-10-10,football,Premier League,Chelsea v Bournemouth,1x2,away,Matchbook,4.9,0.2097902097902098,4.766666666666667,High,0.004490954964429852,21,,0.0,0.027972027972028024,adequate,0.0,B,net EV/edge below Grade A thresholds; paper trade only,daily-engine-v1.1.0-odds-api,2026-10-09T06:16:33.795932+00:00,B,PAPER_ONLY,False,kickoff is 31.7h away -- outside the configured 24h money-event horizon; estimated probability 21.0% is below the 50% money-qualification floor,2026-10-10T14:00:00Z
2026-10-18,football,Serie A,Fiorentina v Como,1x2,home,Grosvenor,3.65,0.28148293448411144,3.5526132404181183,High,0.009209332273341695,15,,0.0,0.027412710867006695,adequate,0.0,B,net EV/edge below Grade A thresholds; paper trade only,daily-engine-v1.1.0-odds-api,2026-10-09T06:16:33.795932+00:00,B,PAPER_ONLY,False,kickoff is 222.7h away -- outside the configured 24h money-event horizon; estimated probability 28.1% is below the 50% money-qualification floor,2026-10-18T13:00:00Z
2026-10-16,football,Bundesliga,Eintracht Frankfurt v 1. FC Köln,1x2,draw,Betfair,4.4,0.23339074352303124,4.284660072224839,High,0.004846916487419384,19,,0.0,0.02691927150133755,adequate,0.0,B,net EV/edge below Grade A thresholds; paper trade only,daily-engine-v1.1.0-odds-api,2026-10-09T06:16:33.795932+00:00,B,PAPER_ONLY,False,kickoff is 180.2h away -- outside the configured 24h money-event horizon; estimated probability 23.3% is below the 50% money-qualification floor,2026-10-16T18:30:00Z
2026-10-10,football,Premier League,Manchester United v Tottenham Hotspur,1x2,away,Betfair,4.8,0.2138893602851004,4.675314371257486,High,0.004936311023711369,21,,0.0,0.026668929368481864,adequate,0.0,B,net EV/edge below Grade A thresholds; paper trade only,daily-engine-v1.1.0-odds-api,2026-10-09T06:16:33.795932+00:00,B,PAPER_ONLY,False,kickoff is 34.2h away -- outside the configured 24h money-event horizon; estimated probability 21.4% is below the 50% money-qualification floor,2026-10-10T16:30:00Z
2026-10-09,football,Primeira Liga,Braga v Sporting Lisbon,1x2,home,Matchbook,3.35,0.30632108486439197,3.2645483755801497,High,0.009812324292765132,20,,0.0,0.026175634295713124,adequate,0.0,B,net EV/edge below Grade A thresholds; paper trade only,daily-engine-v1.1.0-odds-api,2026-10-09T06:16:33.795932+00:00,B,PAPER_ONLY,False,estimated probability 30.6% is below the 50% money-qualification floor,2026-10-09T19:15:00Z
2026-10-10,football,La Liga,Alavés v Atlético Madrid,1x2,home,Smarkets,4.7,0.21809773986391123,4.585100242780969,High,0.006073004900856708,20,,0.0,0.025059377360382884,adequate,0.0,B,net EV/edge below Grade A thresholds; paper trade only,daily-engine-v1.1.0-odds-api,2026-10-09T06:16:33.795932+00:00,B,PAPER_ONLY,False,kickoff is 32.0h away -- outside the configured 24h money-event horizon; estimated probability 21.8% is below the 50% money-qualification floor,2026-10-10T14:15:00Z
2026-10-19,football,Premier League,Tottenham Hotspur v Coventry City,1x2,away,Grosvenor,6.4,0.1600609756097561,6.247619047619048,High,0.006659146073702126,15,,0.0,0.024390243902439046,adequate,0.0,B,net EV/edge below Grade A thresholds; paper trade only,daily-engine-v1.1.0-odds-api,2026-10-09T06:16:33.795932+00:00,B,PAPER_ONLY,False,kickoff is 252.7h away -- outside the configured 24h money-event horizon; estimated probability 16.0% is below the 50% money-qualification floor,2026-10-19T19:00:00Z
2026-10-11,football,Serie A,Como v AS Roma,1x2,home,Smarkets,2.76,0.37110187110187104,2.69467787114846,High,0.005705323772496674,21,,0.0,0.02424116424116396,adequate,0.0,B,net EV/edge below Grade A thresholds; paper trade only,daily-engine-v1.1.0-odds-api,2026-10-09T06:16:33.795932+00:00,B,PAPER_ONLY,False,kickoff is 52.2h away -- outside the configured 24h money-event horizon; estimated probability 37.1% is below the 50% money-qualification floor,2026-10-11T10:30:00Z
2026-10-10,football,Scottish Premiership,Falkirk F.C. v Dundee FC,1x2,away,Matchbook,3.75,0.2730816990088516,3.6619077866788365,High,0.0048568537493838045,20,,0.0,0.02405637128319349,adequate,0.0,B,net EV/edge below Grade A thresholds; paper trade only,daily-engine-v1.1.0-odds-api,2026-10-09T06:16:33.795932+00:00,B,PAPER_ONLY,False,kickoff is 31.7h away -- outside the configured 24h money-event horizon; estimated probability 27.3% is below the 50% money-qualification floor,2026-10-10T14:00:00Z
2026-10-17,football,La Liga,Real Betis v Barcelona,1x2,home,Smarkets,6.2,0.16516516516516516,6.054545454545455,High,0.00543401885423507,14,,0.0,0.024024024024023927,adequate,0.0,B,net EV/edge below Grade A thresholds; paper trade only,daily-engine-v1.1.0-odds-api,2026-10-09T06:16:33.795932+00:00,B,PAPER_ONLY,False,kickoff is 202.2h away -- outside the configured 24h money-event horizon; estimated probability 16.5% is below the 50% money-qualification floor,2026-10-17T16:30:00Z
2026-10-10,football,Bundesliga,RB Leipzig v Eintracht Frankfurt,1x2,away,Matchbook,5.3,0.19302287312818828,5.180733162830349,High,0.008472431383193396,21,,0.0,0.02302122757939773,adequate,0.0,B,net EV/edge below Grade A thresholds; paper trade only,daily-engine-v1.1.0-odds-api,2026-10-09T06:16:33.795932+00:00,B,PAPER_ONLY,False,kickoff is 34.2h away -- outside the configured 24h money-event horizon; estimated probability 19.3% is below the 50% money-qualification floor,2026-10-10T16:30:00Z
2026-10-12,football,Premier League,Coventry City v Newcastle United,1x2,home,Smarkets,3.6,0.2841443872329399,3.5193375091382886,High,0.0072589092027439805,20,,0.0,0.022919794038583574,adequate,0.0,B,net EV/edge below Grade A thresholds; paper trade only,daily-engine-v1.1.0-odds-api,2026-10-09T06:16:33.795932+00:00,B,PAPER_ONLY,False,kickoff is 84.7h away -- outside the configured 24h money-event horizon; estimated probability 28.4% is below the 50% money-qualification floor,2026-10-12T19:00:00Z
2026-10-18,football,Eredivisie,FC Twente Enschede v FC Utrecht,1x2,draw,Unibet (UK),5.75,0.1777763261039979,5.625045932240758,High,0.009824764872710862,12,,0.0,0.022213875097988,adequate,0.0,B,net EV/edge below Grade A thresholds; paper trade only,daily-engine-v1.1.0-odds-api,2026-10-09T06:16:33.795932+00:00,B,PAPER_ONLY,False,kickoff is 227.7h away -- outside the configured 24h money-event horizon; estimated probability 17.8% is below the 50% money-qualification floor,2026-10-18T18:00:00Z
2026-10-10,football,Serie A,Genoa v Fiorentina,1x2,home,Smarkets,3.45,0.29621557360808404,3.375919732441471,High,0.005686617625177386,21,,0.0,0.021943728947889984,adequate,0.0,B,net EV/edge below Grade A thresholds; paper trade only,daily-engine-v1.1.0-odds-api,2026-10-09T06:16:33.795932+00:00,B,PAPER_ONLY,False,kickoff is 30.7h away -- outside the configured 24h money-event horizon; estimated probability 29.6% is below the 50% money-qualification floor,2026-10-10T13:00:00Z
2026-10-10,football,Ligue 1,Lorient v Paris FC,1x2,home,Betfair,3.45,0.29605263157894735,3.377777777777778,High,0.005720976446308333,20,,0.0,0.021381578947368363,adequate,0.0,B,net EV/edge below Grade A thresholds; paper trade only,daily-engine-v1.1.0-odds-api,2026-10-09T06:16:33.795932+00:00,B,PAPER_ONLY,False,kickoff is 36.5h away -- outside the configured 24h money-event horizon; estimated probability 29.6% is below the 50% money-qualification floor,2026-10-10T18:45:00Z
2026-10-17,football,Eredivisie,SC Telstar v Feyenoord,1x2,home,William Hill,7.5,0.13613952572959825,7.3454053452941395,High,0.008643380055649217,12,,0.0,0.02104644297198699,adequate,0.0,B,net EV/edge below Grade A thresholds; paper trade only,daily-engine-v1.1.0-odds-api,2026-10-09T06:16:33.795932+00:00,B,PAPER_ONLY,False,kickoff is 203.7h away -- outside the configured 24h money-event horizon; estimated probability 13.6% is below the 50% money-qualification floor,2026-10-17T18:00:00Z
2026-10-17,football,Serie A,Bologna v Inter Milan,1x2,draw,Sky Bet,4.33,0.23565918704899072,4.243416149068324,High,0.009072269042256336,15,,0.0,0.020404279922129787,adequate,0.0,B,net EV/edge below Grade A thresholds; paper trade only,daily-engine-v1.1.0-odds-api,2026-10-09T06:16:33.795932+00:00,B,PAPER_ONLY,False,kickoff is 201.7h away -- outside the configured 24h money-event horizon; estimated probability 23.6% is below the 50% money-qualification floor,2026-10-17T16:00:00Z
2026-10-18,football,Ligue 1,Lorient v AS Monaco,1x2,home,Grosvenor,3.65,0.27930274494089363,3.580344332855093,High,0.010397797980122981,15,,0.0,0.019455019034261722,adequate,0.0,C,net EV 1.95% is below Grade B threshold; watchlist only,daily-engine-v1.1.0-odds-api,2026-10-09T06:16:33.795932+00:00,C,REJECT,False,"kickoff is 225.0h away -- outside the configured 24h money-event horizon; research grade 'C' is not in the actionable set ['A', 'A+', 'B']; estimated probability 27.9% is below the 50% money-qualification floor; net EV 1.95% is below the 2.00% money-qualification value floor",2026-10-18T15:15:00Z
2026-10-19,football,Serie A,Monza v Cagliari,1x2,home,Betfair,2.42,0.4212076583210604,2.374125874125874,High,0.012569892625424127,15,,0.0,0.01932253313696619,adequate,0.0,C,net EV 1.93% is below Grade B threshold; watchlist only,daily-engine-v1.1.0-odds-api,2026-10-09T06:16:33.795932+00:00,C,REJECT,False,"kickoff is 250.2h away -- outside the configured 24h money-event horizon; research grade 'C' is not in the actionable set ['A', 'A+', 'B']; estimated probability 42.1% is below the 50% money-qualification floor; net EV 1.93% is below the 2.00% money-qualification value floor",2026-10-19T16:30:00Z
2026-10-17,football,Bundesliga,Union Berlin v Borussia Dortmund,1x2,draw,Betfair,4.6,0.22140360826698968,4.516638223863562,High,0.0052652067491352665,16,,0.0,0.01845659802815247,adequate,0.0,C,net EV 1.85% is below Grade B threshold; watchlist only,daily-engine-v1.1.0-odds-api,2026-10-09T06:16:33.795932+00:00,C,REJECT,False,"kickoff is 199.2h away -- outside the configured 24h money-event horizon; research grade 'C' is not in the actionable set ['A', 'A+', 'B']; estimated probability 22.1% is below the 50% money-qualification floor; net EV 1.85% is below the 2.00% money-qualification value floor",2026-10-17T13:30:00Z
2026-10-11,football,Ligue 1,Nice v Strasbourg,1x2,away,Betfair,3.1,0.3284671532846716,3.044444444444444,High,0.005293944649456589,20,,0.0,0.018248175182481896,adequate,0.0,C,net EV 1.82% is below Grade B threshold; watchlist only,daily-engine-v1.1.0-odds-api,2026-10-09T06:16:33.795932+00:00,C,REJECT,False,"kickoff is 54.7h away -- outside the configured 24h money-event horizon; research grade 'C' is not in the actionable set ['A', 'A+', 'B']; estimated probability 32.8% is below the 50% money-qualification floor; net EV 1.82% is below the 2.00% money-qualification value floor",2026-10-11T13:00:00Z
2026-10-10,football,Bundesliga,FSV Mainz 05 v Bayer Leverkusen,1x2,draw,Betfair,4.2,0.2424242424242424,4.125,High,0.005963812467084374,21,,0.0,0.018181818181818188,adequate,0.0,C,net EV 1.82% is below Grade B threshold; watchlist only,daily-engine-v1.1.0-odds-api,2026-10-09T06:16:33.795932+00:00,C,REJECT,False,"kickoff is 31.2h away -- outside the configured 24h money-event horizon; research grade 'C' is not in the actionable set ['A', 'A+', 'B']; estimated probability 24.2% is below the 50% money-qualification floor; net EV 1.82% is below the 2.00% money-qualification value floor",2026-10-10T13:30:00Z
2026-10-17,football,La Liga,Villarreal v Elche CF,1x2,away,Betfair,6.6,0.15424223943226645,6.483308357560106,High,0.00654449641879206,14,,0.0,0.017998780252958535,adequate,0.0,C,net EV 1.80% is below Grade B threshold; watchlist only,daily-engine-v1.1.0-odds-api,2026-10-09T06:16:33.795932+00:00,C,REJECT,False,"kickoff is 200.0h away -- outside the configured 24h money-event horizon; research grade 'C' is not in the actionable set ['A', 'A+', 'B']; estimated probability 15.4% is below the 50% money-qualification floor; net EV 1.80% is below the 2.00% money-qualification value floor",2026-10-17T14:15:00Z
2026-10-10,football,Bundesliga,SC Paderborn v VfB Stuttgart,1x2,draw,Smarkets,4.9,0.2077442718852288,4.813610459269192,High,0.003857914597989633,21,,0.0,0.017946932237621116,adequate,0.0,C,net EV 1.79% is below Grade B threshold; watchlist only,daily-engine-v1.1.0-odds-api,2026-10-09T06:16:33.795932+00:00,C,REJECT,False,"kickoff is 31.2h away -- outside the configured 24h money-event horizon; research grade 'C' is not in the actionable set ['A', 'A+', 'B']; estimated probability 20.8% is below the 50% money-qualification floor; net EV 1.79% is below the 2.00% money-qualification value floor",2026-10-10T13:30:00Z
2026-10-17,football,La Liga,Valencia v Athletic Bilbao,1x2,home,Betfair,3.7,0.2745881779735512,3.6418173840547565,High,0.0062600737142718965,14,,0.0,0.01597625850213935,adequate,0.0,C,net EV 1.60% is below Grade B threshold; watchlist only,daily-engine-v1.1.0-odds-api,2026-10-09T06:16:33.795932+00:00,C,REJECT,False,"kickoff is 204.7h away -- outside the configured 24h money-event horizon; research grade 'C' is not in the actionable set ['A', 'A+', 'B']; estimated probability 27.5% is below the 50% money-qualification floor; net EV 1.60% is below the 2.00% money-qualification value floor",2026-10-17T19:00:00Z
2026-10-12,football,La Liga,Levante v Sevilla,1x2,away,Grosvenor,2.8,0.36279405571265266,2.7563847429519073,High,0.008820704557489858,19,,0.0,0.01582335599542739,adequate,0.0,C,net EV 1.58% is below Grade B threshold; watchlist only,daily-engine-v1.1.0-odds-api,2026-10-09T06:16:33.795932+00:00,C,REJECT,False,"kickoff is 84.7h away -- outside the configured 24h money-event horizon; research grade 'C' is not in the actionable set ['A', 'A+', 'B']; estimated probability 36.3% is below the 50% money-qualification floor; net EV 1.58% is below the 2.00% money-qualification value floor",2026-10-12T19:00:00Z
2026-10-11,football,Serie A,Sassuolo v AC Milan,1x2,home,Smarkets,4.4,0.23076923076923073,4.333333333333334,High,0.005538385232261002,21,,0.0,0.01538461538461533,adequate,0.0,C,net EV 1.54% is below Grade B threshold; watchlist only,daily-engine-v1.1.0-odds-api,2026-10-09T06:16:33.795932+00:00,C,REJECT,False,"kickoff is 57.7h away -- outside the configured 24h money-event horizon; research grade 'C' is not in the actionable set ['A', 'A+', 'B']; estimated probability 23.1% is below the 50% money-qualification floor; net EV 1.54% is below the 2.00% money-qualification value floor",2026-10-11T16:00:00Z
2026-10-18,football,Premier League,Brighton and Hove Albion v Crystal Palace,1x2,away,Casumo,5.3,0.19154228855721395,5.22077922077922,High,0.005878170651804378,17,,0.0,0.015174129353233923,adequate,0.0,C,net EV 1.52% is below Grade B threshold; watchlist only,daily-engine-v1.1.0-odds-api,2026-10-09T06:16:33.795932+00:00,C,REJECT,False,"kickoff is 222.7h away -- outside the configured 24h money-event horizon; research grade 'C' is not in the actionable set ['A', 'A+', 'B']; estimated probability 19.2% is below the 50% money-qualification floor; net EV 1.52% is below the 2.00% money-qualification value floor",2026-10-18T13:00:00Z
2026-10-11,football,Premier League,Hull City v Everton,1x2,home,Betfair,3.9,0.2601213252449837,3.8443599311136616,High,0.005115362107691096,21,,0.0,0.014473168455436447,adequate,0.0,C,net EV 1.45% is below Grade B threshold; watchlist only,daily-engine-v1.1.0-odds-api,2026-10-09T06:16:33.795932+00:00,C,REJECT,False,"kickoff is 54.7h away -- outside the configured 24h money-event horizon; research grade 'C' is not in the actionable set ['A', 'A+', 'B']; estimated probability 26.0% is below the 50% money-qualification floor; net EV 1.45% is below the 2.00% money-qualification value floor",2026-10-11T13:00:00Z
2026-10-18,football,Serie A,Udinese v Lecce,1x2,away,Betfair,4.4,0.23048735800659584,4.338632750397456,High,0.006634192200429272,15,,0.0,0.014144375229021788,adequate,0.0,C,net EV 1.41% is below Grade B threshold; watchlist only,daily-engine-v1.1.0-odds-api,2026-10-09T06:16:33.795932+00:00,C,REJECT,False,"kickoff is 220.2h away -- outside the configured 24h money-event horizon; research grade 'C' is not in the actionable set ['A', 'A+', 'B']; estimated probability 23.0% is below the 50% money-qualification floor; net EV 1.41% is below the 2.00% money-qualification value floor",2026-10-18T10:30:00Z
2026-10-10,football,Ligue 1,AS Monaco v Toulouse,1x2,draw,Betfair,4.6,0.22045430604640678,4.5360874003046,High,0.003473482693333191,20,,0.0,0.014089807813471134,adequate,0.0,C,net EV 1.41% is below Grade B threshold; watchlist only,daily-engine-v1.1.0-odds-api,2026-10-09T06:16:33.795932+00:00,C,REJECT,False,"kickoff is 36.5h away -- outside the configured 24h money-event horizon; research grade 'C' is not in the actionable set ['A', 'A+', 'B']; estimated probability 22.0% is below the 50% money-qualification floor; net EV 1.41% is below the 2.00% money-qualification value floor",2026-10-10T18:45:00Z
2026-10-19,football,Serie A,Monza v Cagliari,1x2,away,Grosvenor,3.6,0.2812095032397408,3.556067588325653,High,0.009839565179600603,15,,0.0,0.012354211663066939,adequate,0.0,C,net EV 1.24% is below Grade B threshold; watchlist only,daily-engine-v1.1.0-odds-api,2026-10-09T06:16:33.795932+00:00,C,REJECT,False,"kickoff is 250.2h away -- outside the configured 24h money-event horizon; research grade 'C' is not in the actionable set ['A', 'A+', 'B']; estimated probability 28.1% is below the 50% money-qualification floor; net EV 1.24% is below the 2.00% money-qualification value floor",2026-10-19T16:30:00Z
2026-10-10,football,Bundesliga,TSG Hoffenheim v Hamburger SV,1x2,draw,Smarkets,5.4,0.1874510997131183,5.33472463768116,High,0.004611273037694616,21,,0.0,0.012235938450838812,adequate,0.0,C,net EV 1.22% is below Grade B threshold; watchlist only,daily-engine-v1.1.0-odds-api,2026-10-09T06:16:33.795932+00:00,C,REJECT,False,"kickoff is 31.2h away -- outside the configured 24h money-event horizon; research grade 'C' is not in the actionable set ['A', 'A+', 'B']; estimated probability 18.7% is below the 50% money-qualification floor; net EV 1.22% is below the 2.00% money-qualification value floor",2026-10-10T13:30:00Z
2026-10-10,football,Championship,Bolton Wanderers v Stoke City,1x2,home,Betfair,2.9,0.3488270689805529,2.86675,High,0.008144352294941662,21,,0.0,0.0115985000436033,adequate,0.0,C,net EV 1.16% is below Grade B threshold; watchlist only,daily-engine-v1.1.0-odds-api,2026-10-09T06:16:33.795932+00:00,C,REJECT,False,"kickoff is 31.7h away -- outside the configured 24h money-event horizon; research grade 'C' is not in the actionable set ['A', 'A+', 'B']; estimated probability 34.9% is below the 50% money-qualification floor; net EV 1.16% is below the 2.00% money-qualification value floor",2026-10-10T14:00:00Z
2026-10-09,football,Championship,West Ham United v Queens Park Rangers,1x2,draw,Betfair,5.0,0.20229885057471264,4.943181818181818,High,0.003986991114484124,21,,0.0,0.011494252873563204,adequate,0.0,C,net EV 1.15% is below Grade B threshold; watchlist only,daily-engine-v1.1.0-odds-api,2026-10-09T06:16:33.795932+00:00,C,REJECT,False,"research grade 'C' is not in the actionable set ['A', 'A+', 'B']; estimated probability 20.2% is below the 50% money-qualification floor; net EV 1.15% is below the 2.00% money-qualification value floor",2026-10-09T19:00:00Z
2026-10-10,football,Belgian Pro League,RAAL La Louvière v Club Brugge,1x2,draw,Matchbook,5.3,0.19076216550384173,5.24212962962963,High,0.004372868212658595,19,,0.0,0.011039477170361134,adequate,0.0,C,net EV 1.10% is below Grade B threshold; watchlist only,daily-engine-v1.1.0-odds-api,2026-10-09T06:16:33.795932+00:00,C,REJECT,False,"kickoff is 34.0h away -- outside the configured 24h money-event horizon; research grade 'C' is not in the actionable set ['A', 'A+', 'B']; estimated probability 19.1% is below the 50% money-qualification floor; net EV 1.10% is below the 2.00% money-qualification value floor",2026-10-10T16:15:00Z
2026-10-09,football,La Liga,Málaga v Espanyol,1x2,home,Matchbook,3.0,0.33667516082928617,2.9702220904471712,High,0.0042748132940411444,20,,0.0,0.010025482487858506,adequate,0.0,C,net EV 1.00% is below Grade B threshold; watchlist only,daily-engine-v1.1.0-odds-api,2026-10-09T06:16:33.795932+00:00,C,REJECT,False,"research grade 'C' is not in the actionable set ['A', 'A+', 'B']; estimated probability 33.7% is below the 50% money-qualification floor; net EV 1.00% is below the 2.00% money-qualification value floor",2026-10-09T19:00:00Z
2026-10-17,football,Serie A,Venezia v Napoli,1x2,home,Betfair,4.8,0.21039642407193276,4.75293249118202,High,0.005078201670888447,15,,0.0,0.009902835545277155,adequate,0.0,C,net EV 0.99% is below Grade B threshold; watchlist only,daily-engine-v1.1.0-odds-api,2026-10-09T06:16:33.795932+00:00,C,REJECT,False,"kickoff is 198.7h away -- outside the configured 24h money-event horizon; research grade 'C' is not in the actionable set ['A', 'A+', 'B']; estimated probability 21.0% is below the 50% money-qualification floor; net EV 0.99% is below the 2.00% money-qualification value floor",2026-10-17T13:00:00Z
2026-10-10,football,Championship,Charlton Athletic v Bristol City,1x2,home,Betfair,3.4,0.29697061431011745,3.3673365370613073,High,0.00499777135121104,21,,0.0,0.009700088654399308,adequate,0.0,C,net EV 0.97% is below Grade B threshold; watchlist only,daily-engine-v1.1.0-odds-api,2026-10-09T06:16:33.795932+00:00,C,REJECT,False,"kickoff is 29.2h away -- outside the configured 24h money-event horizon; research grade 'C' is not in the actionable set ['A', 'A+', 'B']; estimated probability 29.7% is below the 50% money-qualification floor; net EV 0.97% is below the 2.00% money-qualification value floor",2026-10-10T11:30:00Z
2026-10-10,football,Ligue 1,Brest v Angers,1x2,away,Smarkets,3.8,0.26570702743148167,3.763543665618222,High,0.005496656505697777,20,,0.0,0.00968670423963025,adequate,0.0,C,net EV 0.97% is below Grade B threshold; watchlist only,daily-engine-v1.1.0-odds-api,2026-10-09T06:16:33.795932+00:00,C,REJECT,False,"kickoff is 36.5h away -- outside the configured 24h money-event horizon; research grade 'C' is not in the actionable set ['A', 'A+', 'B']; estimated probability 26.6% is below the 50% money-qualification floor; net EV 0.97% is below the 2.00% money-qualification value floor",2026-10-10T18:45:00Z
2026-10-10,football,Championship,Derby County v Wrexham AFC,1x2,home,Betfair,2.9,0.34807388523064076,2.8729532505358164,High,0.006745461434673308,20,,0.0,0.009414267168858181,adequate,0.0,C,net EV 0.94% is below Grade B threshold; watchlist only,daily-engine-v1.1.0-odds-api,2026-10-09T06:16:33.795932+00:00,C,REJECT,False,"kickoff is 31.7h away -- outside the configured 24h money-event horizon; research grade 'C' is not in the actionable set ['A', 'A+', 'B']; estimated probability 34.8% is below the 50% money-qualification floor; net EV 0.94% is below the 2.00% money-qualification value floor",2026-10-10T14:00:00Z
2026-10-10,football,Belgian Pro League,SV Zulte-Waregem v Gent,1x2,away,Betfair,2.62,0.38526912181303113,2.5955882352941178,High,0.005207658339057078,19,,0.0,0.009405099150141538,adequate,0.0,C,net EV 0.94% is below Grade B threshold; watchlist only,daily-engine-v1.1.0-odds-api,2026-10-09T06:16:33.795932+00:00,C,REJECT,False,"kickoff is 36.5h away -- outside the configured 24h money-event horizon; research grade 'C' is not in the actionable set ['A', 'A+', 'B']; estimated probability 38.5% is below the 50% money-qualification floor; net EV 0.94% is below the 2.00% money-qualification value floor",2026-10-10T18:45:00Z
2026-10-11,football,Eredivisie,Excelsior v Groningen,1x2,away,Grosvenor,2.7,0.3737373737373737,2.675675675675676,Medium,0.04771204891695516,19,,0.0,0.009090909090909038,adequate,0.0,C,net EV 0.91% is below Grade B threshold; watchlist only,daily-engine-v1.1.0-odds-api,2026-10-09T06:16:33.795932+00:00,C,REJECT,False,"kickoff is 56.5h away -- outside the configured 24h money-event horizon; research grade 'C' is not in the actionable set ['A', 'A+', 'B']; estimated probability 37.4% is below the 60% money-qualification floor (the stricter Medium-confidence floor); Medium-confidence candidates require odds inside the preferred range 1.40-2.50; odds are 2.70; net EV 0.91% is below the 5.00% money-qualification value floor (the stricter Medium-confidence floor)",2026-10-11T14:45:00Z
2026-10-11,football,La Liga,Real Betis v CA Osasuna,1x2,draw,Smarkets,4.5,0.2242311393773624,4.459683890367622,High,0.004375293714396429,20,,0.0,0.009040127198130743,adequate,0.0,C,net EV 0.90% is below Grade B threshold; watchlist only,daily-engine-v1.1.0-odds-api,2026-10-09T06:16:33.795932+00:00,C,REJECT,False,"kickoff is 58.2h away -- outside the configured 24h money-event horizon; research grade 'C' is not in the actionable set ['A', 'A+', 'B']; estimated probability 22.4% is below the 50% money-qualification floor; net EV 0.90% is below the 2.00% money-qualification value floor",2026-10-11T16:30:00Z
2026-10-10,football,Scottish Premiership,Hearts v St Mirren,1x2,away,Betfair,6.6,0.1528828185187311,6.54095737957291,High,0.010451547324413073,20,,0.0,0.009026602223625169,adequate,0.0,C,net EV 0.90% is below Grade B threshold; watchlist only,daily-engine-v1.1.0-odds-api,2026-10-09T06:16:33.795932+00:00,C,REJECT,False,"kickoff is 31.7h away -- outside the configured 24h money-event horizon; research grade 'C' is not in the actionable set ['A', 'A+', 'B']; estimated probability 15.3% is below the 50% money-qualification floor; net EV 0.90% is below the 2.00% money-qualification value floor",2026-10-10T14:00:00Z
2026-10-12,football,La Liga,Levante v Sevilla,1x2,home,Smarkets,2.88,0.35031174046285535,2.8546003016591253,High,0.00739356366030959,19,,0.0,0.008897812533023353,adequate,0.0,C,net EV 0.89% is below Grade B threshold; watchlist only,daily-engine-v1.1.0-odds-api,2026-10-09T06:16:33.795932+00:00,C,REJECT,False,"kickoff is 84.7h away -- outside the configured 24h money-event horizon; research grade 'C' is not in the actionable set ['A', 'A+', 'B']; estimated probability 35.0% is below the 50% money-qualification floor; net EV 0.89% is below the 2.00% money-qualification value floor",2026-10-12T19:00:00Z
2026-10-10,football,Premier League,Ipswich Town v Fulham,1x2,home,Smarkets,2.98,0.33847231955150664,2.9544513457556936,High,0.0033232155290289465,21,,0.0,0.00864751226348981,adequate,0.0,C,net EV 0.86% is below Grade B threshold; watchlist only,daily-engine-v1.1.0-odds-api,2026-10-09T06:16:33.795932+00:00,C,REJECT,False,"kickoff is 31.7h away -- outside the configured 24h money-event horizon; research grade 'C' is not in the actionable set ['A', 'A+', 'B']; estimated probability 33.8% is below the 50% money-qualification floor; net EV 0.86% is below the 2.00% money-qualification value floor",2026-10-10T14:00:00Z
2026-10-09,football,Ligue 1,RC Lens v Lyon,1x2,away,Smarkets,2.98,0.33817918433239297,2.9570122773053646,High,0.0037452034424294606,20,,0.0,0.0077739693105309815,adequate,0.0,C,net EV 0.78% is below Grade B threshold; watchlist only,daily-engine-v1.1.0-odds-api,2026-10-09T06:16:33.795932+00:00,C,REJECT,False,"research grade 'C' is not in the actionable set ['A', 'A+', 'B']; estimated probability 33.8% is below the 50% money-qualification floor; net EV 0.78% is below the 2.00% money-qualification value floor",2026-10-09T18:45:00Z
2026-10-10,football,Bundesliga,RB Leipzig v Eintracht Frankfurt,1x2,draw,Smarkets,5.1,0.19757499966017372,5.061369109047128,High,0.00439506988815226,21,,0.0,0.007632498266885834,adequate,0.0,C,net EV 0.76% is below Grade B threshold; watchlist only,daily-engine-v1.1.0-odds-api,2026-10-09T06:16:33.795932+00:00,C,REJECT,False,"kickoff is 34.2h away -- outside the configured 24h money-event horizon; research grade 'C' is not in the actionable set ['A', 'A+', 'B']; estimated probability 19.8% is below the 50% money-qualification floor; net EV 0.76% is below the 2.00% money-qualification value floor",2026-10-10T16:30:00Z
2026-10-09,football,Belgian Pro League,SK Beveren v Lommel SK,1x2,draw,Smarkets,4.1,0.2456896551724138,4.070175438596491,High,0.0046353932578608115,19,,0.0,0.0073275862068965525,adequate,0.0,C,net EV 0.73% is below Grade B threshold; watchlist only,daily-engine-v1.1.0-odds-api,2026-10-09T06:16:33.795932+00:00,C,REJECT,False,"research grade 'C' is not in the actionable set ['A', 'A+', 'B']; estimated probability 24.6% is below the 50% money-qualification floor; net EV 0.73% is below the 2.00% money-qualification value floor",2026-10-09T18:45:00Z
2026-10-10,football,Bundesliga,FSV Mainz 05 v Bayer Leverkusen,1x2,home,Smarkets,3.1,0.3246753246753247,3.08,High,0.003740173592347694,21,,0.0,0.006493506493506551,adequate,0.0,C,net EV 0.65% is below Grade B threshold; watchlist only,daily-engine-v1.1.0-odds-api,2026-10-09T06:16:33.795932+00:00,C,REJECT,False,"kickoff is 31.2h away -- outside the configured 24h money-event horizon; research grade 'C' is not in the actionable set ['A', 'A+', 'B']; estimated probability 32.5% is below the 50% money-qualification floor; net EV 0.65% is below the 2.00% money-qualification value floor",2026-10-10T13:30:00Z
2026-10-10,football,Serie A,Napoli v Frosinone,1x2,draw,Smarkets,5.1,0.19716885743174925,5.0717948717948715,High,0.00509673563789951,21,,0.0,0.005561172901921152,adequate,0.0,C,net EV 0.56% is below Grade B threshold; watchlist only,daily-engine-v1.1.0-odds-api,2026-10-09T06:16:33.795932+00:00,C,REJECT,False,"kickoff is 36.5h away -- outside the configured 24h money-event horizon; research grade 'C' is not in the actionable set ['A', 'A+', 'B']; estimated probability 19.7% is below the 50% money-qualification floor; net EV 0.56% is below the 2.00% money-qualification value floor",2026-10-10T18:45:00Z
2026-10-11,football,Premier League,Crystal Palace v Nottingham Forest,1x2,draw,Betfred (UK),3.5,0.2871900826446281,3.4820143884892087,High,0.007150475049566915,21,,0.0,0.005165289256198302,adequate,0.0,C,net EV 0.52% is below Grade B threshold; watchlist only,daily-engine-v1.1.0-odds-api,2026-10-09T06:16:33.795932+00:00,C,REJECT,False,"kickoff is 54.7h away -- outside the configured 24h money-event horizon; research grade 'C' is not in the actionable set ['A', 'A+', 'B']; estimated probability 28.7% is below the 50% money-qualification floor; net EV 0.52% is below the 2.00% money-qualification value floor",2026-10-11T13:00:00Z
2026-10-11,football,Scottish Premiership,Motherwell v Celtic,1x2,draw,Smarkets,4.7,0.2138373456577223,4.676451612903225,High,0.006341652766869378,20,,0.0,0.00503552459129486,adequate,0.0,C,net EV 0.50% is below Grade B threshold; watchlist only,daily-engine-v1.1.0-odds-api,2026-10-09T06:16:33.795932+00:00,C,REJECT,False,"kickoff is 52.7h away -- outside the configured 24h money-event horizon; research grade 'C' is not in the actionable set ['A', 'A+', 'B']; estimated probability 21.4% is below the 50% money-qualification floor; net EV 0.50% is below the 2.00% money-qualification value floor",2026-10-11T11:00:00Z
2026-10-11,football,La Liga,Real Racing Club de Santander v Valencia,1x2,draw,Betfair Sportsbook,3.75,0.26774243070770726,3.7349328507878297,High,0.004925697413862754,20,,0.0,0.004034115153902174,adequate,0.0,C,net EV 0.40% is below Grade B threshold; watchlist only,daily-engine-v1.1.0-odds-api,2026-10-09T06:16:33.795932+00:00,C,REJECT,False,"kickoff is 60.7h away -- outside the configured 24h money-event horizon; research grade 'C' is not in the actionable set ['A', 'A+', 'B']; estimated probability 26.8% is below the 50% money-qualification floor; net EV 0.40% is below the 2.00% money-qualification value floor",2026-10-11T19:00:00Z
2026-10-17,football,Bundesliga,Bayern Munich v RB Leipzig,1x2,draw,Betfair,7.6,0.1320973348783314,7.5701754385964914,High,0.008244370896224597,19,,0.0,0.003939745075318579,adequate,0.0,C,net EV 0.39% is below Grade B threshold; watchlist only,daily-engine-v1.1.0-odds-api,2026-10-09T06:16:33.795932+00:00,C,REJECT,False,"kickoff is 202.2h away -- outside the configured 24h money-event horizon; research grade 'C' is not in the actionable set ['A', 'A+', 'B']; estimated probability 13.2% is below the 50% money-qualification floor; net EV 0.39% is below the 2.00% money-qualification value floor",2026-10-17T16:30:00Z
2026-10-11,football,La Liga,Real Racing Club de Santander v Valencia,1x2,away,Smarkets,3.1,0.3238134071821358,3.0881982580712863,High,0.005847834152794351,20,,0.0,0.003821562264621048,adequate,0.0,C,net EV 0.38% is below Grade B threshold; watchlist only,daily-engine-v1.1.0-odds-api,2026-10-09T06:16:33.795932+00:00,C,REJECT,False,"kickoff is 60.7h away -- outside the configured 24h money-event horizon; research grade 'C' is not in the actionable set ['A', 'A+', 'B']; estimated probability 32.4% is below the 50% money-qualification floor; net EV 0.38% is below the 2.00% money-qualification value floor",2026-10-11T19:00:00Z
2026-10-09,football,Primeira Liga,Moreirense FC v Gil Vicente,1x2,draw,Sky Bet,3.4,0.295163290615957,3.3879551820728295,High,0.00799152760126535,20,,0.0,0.003555188094253592,adequate,0.0,C,net EV 0.36% is below Grade B threshold; watchlist only,daily-engine-v1.1.0-odds-api,2026-10-09T06:16:33.795932+00:00,C,REJECT,False,"research grade 'C' is not in the actionable set ['A', 'A+', 'B']; estimated probability 29.5% is below the 50% money-qualification floor; net EV 0.36% is below the 2.00% money-qualification value floor",2026-10-09T17:45:00Z
2026-10-18,football,Eredivisie,FC Twente Enschede v FC Utrecht,1x2,away,William Hill,7.5,0.13376301648111488,7.475907962506089,High,0.011010263439102936,12,,0.0,0.0032226236083615634,adequate,0.0,C,net EV 0.32% is below Grade B threshold; watchlist only,daily-engine-v1.1.0-odds-api,2026-10-09T06:16:33.795932+00:00,C,REJECT,False,"kickoff is 227.7h away -- outside the configured 24h money-event horizon; research grade 'C' is not in the actionable set ['A', 'A+', 'B']; estimated probability 13.4% is below the 50% money-qualification floor; net EV 0.32% is below the 2.00% money-qualification value floor",2026-10-18T18:00:00Z
2026-10-12,football,Serie A,Torino v Udinese,1x2,away,Smarkets,3.35,0.2994276118955442,3.3397053587324192,High,0.006483954394396541,20,,0.0,0.0030824998500729173,adequate,0.0,C,net EV 0.31% is below Grade B threshold; watchlist only,daily-engine-v1.1.0-odds-api,2026-10-09T06:16:33.795932+00:00,C,REJECT,False,"kickoff is 84.5h away -- outside the configured 24h money-event horizon; research grade 'C' is not in the actionable set ['A', 'A+', 'B']; estimated probability 29.9% is below the 50% money-qualification floor; net EV 0.31% is below the 2.00% money-qualification value floor",2026-10-12T18:45:00Z
2026-10-11,football,Premier League,Hull City v Everton,over_under_2_5,under,Matchbook,1.9,0.5277044854881265,1.8950000000000005,High,0.005915284937372382,5,,0.0,0.002638522427440393,adequate,0.0,C,net EV 0.26% is below Grade B threshold; watchlist only,daily-engine-v1.1.0-odds-api,2026-10-09T06:16:33.795932+00:00,C,REJECT,False,"kickoff is 54.7h away -- outside the configured 24h money-event horizon; research grade 'C' is not in the actionable set ['A', 'A+', 'B']; net EV 0.26% is below the 2.00% money-qualification value floor",2026-10-11T13:00:00Z
2026-10-10,football,Premier League,Sunderland v Brighton and Hove Albion,1x2,home,Betfair,3.15,0.31828583315997505,3.141830065359477,High,0.005320752209955454,21,,0.0,0.0026003744539213614,adequate,0.0,C,net EV 0.26% is below Grade B threshold; watchlist only,daily-engine-v1.1.0-odds-api,2026-10-09T06:16:33.795932+00:00,C,REJECT,False,"kickoff is 31.7h away -- outside the configured 24h money-event horizon; research grade 'C' is not in the actionable set ['A', 'A+', 'B']; estimated probability 31.8% is below the 50% money-qualification floor; net EV 0.26% is below the 2.00% money-qualification value floor",2026-10-10T14:00:00Z
2026-10-11,football,Ligue 1,Nice v Strasbourg,1x2,draw,Betfair Sportsbook,3.8,0.2638221955771295,3.790431649666284,High,0.006865124195805585,20,,0.0,0.002524343193092027,adequate,0.0,C,net EV 0.25% is below Grade B threshold; watchlist only,daily-engine-v1.1.0-odds-api,2026-10-09T06:16:33.795932+00:00,C,REJECT,False,"kickoff is 54.7h away -- outside the configured 24h money-event horizon; research grade 'C' is not in the actionable set ['A', 'A+', 'B']; estimated probability 26.4% is below the 50% money-qualification floor; net EV 0.25% is below the 2.00% money-qualification value floor",2026-10-11T13:00:00Z
2026-10-10,football,Championship,West Bromwich Albion v Birmingham City,1x2,home,Betfair,2.52,0.39772498083982083,2.514300202839757,High,0.007105314162983122,21,,0.0,0.0022669517163486086,adequate,0.0,C,net EV 0.23% is below Grade B threshold; watchlist only,daily-engine-v1.1.0-odds-api,2026-10-09T06:16:33.795932+00:00,C,REJECT,False,"kickoff is 29.2h away -- outside the configured 24h money-event horizon; research grade 'C' is not in the actionable set ['A', 'A+', 'B']; estimated probability 39.8% is below the 50% money-qualification floor; net EV 0.23% is below the 2.00% money-qualification value floor",2026-10-10T11:30:00Z
2026-10-11,football,Belgian Pro League,Union Saint-Gilloise v Leuven,1x2,away,Grosvenor,10.5,0.09542743538767397,10.479166666666666,Low,0.08349744596555463,19,,0.0,0.001988071570576677,adequate,0.0,C,net EV 0.20% is below Grade B threshold; watchlist only,daily-engine-v1.1.0-odds-api,2026-10-09T06:16:33.795932+00:00,C,REJECT,False,"kickoff is 55.7h away -- outside the configured 24h money-event horizon; research grade 'C' is not in the actionable set ['A', 'A+', 'B']; confidence 'Low' is not eligible for real-money qualification (requires one of ['High'], or ['Medium'] with every other requirement strong)",2026-10-11T14:00:00Z
2026-10-10,football,Eredivisie,Ajax v NEC Nijmegen,1x2,away,Grosvenor,8.5,0.1178247734138973,8.487179487179485,High,0.007426602042051866,19,,0.0,0.0015105740181270422,adequate,0.0,C,net EV 0.15% is below Grade B threshold; watchlist only,daily-engine-v1.1.0-odds-api,2026-10-09T06:16:33.795932+00:00,C,REJECT,False,"kickoff is 36.7h away -- outside the configured 24h money-event horizon; research grade 'C' is not in the actionable set ['A', 'A+', 'B']; estimated probability 11.8% is below the 50% money-qualification floor; net EV 0.15% is below the 2.00% money-qualification value floor",2026-10-10T19:00:00Z
2026-10-11,football,Premier League,Liverpool v Manchester City,1x2,home,Betfair,2.8,0.35750476267682707,2.797165532879818,High,0.005265082276774543,21,,0.0,0.0010133354951157303,adequate,0.0,C,net EV 0.10% is below Grade B threshold; watchlist only,daily-engine-v1.1.0-odds-api,2026-10-09T06:16:33.795932+00:00,C,REJECT,False,"kickoff is 57.2h away -- outside the configured 24h money-event horizon; research grade 'C' is not in the actionable set ['A', 'A+', 'B']; estimated probability 35.8% is below the 50% money-qualification floor; net EV 0.10% is below the 2.00% money-qualification value floor",2026-10-11T15:30:00Z
2026-10-11,football,La Liga,Real Racing Club de Santander v Valencia,1x2,home,Betfair,2.44,0.4102457420535224,2.4375633857755816,High,0.0038218078263872594,20,,0.0,0.0009996106105946145,adequate,0.0,C,net EV 0.10% is below Grade B threshold; watchlist only,daily-engine-v1.1.0-odds-api,2026-10-09T06:16:33.795932+00:00,C,REJECT,False,"kickoff is 60.7h away -- outside the configured 24h money-event horizon; research grade 'C' is not in the actionable set ['A', 'A+', 'B']; estimated probability 41.0% is below the 50% money-qualification floor; net EV 0.10% is below the 2.00% money-qualification value floor",2026-10-11T19:00:00Z
2026-10-17,football,Eredivisie,Sparta Rotterdam v Willem II,1x2,away,Grosvenor,5.5,0.18192372119636296,5.4968092859129145,High,0.006625715204829337,12,,0.0,0.0005804665799962194,adequate,0.0,C,net EV 0.06% is below Grade B threshold; watchlist only,daily-engine-v1.1.0-odds-api,2026-10-09T06:16:33.795932+00:00,C,REJECT,False,"kickoff is 204.7h away -- outside the configured 24h money-event horizon; research grade 'C' is not in the actionable set ['A', 'A+', 'B']; estimated probability 18.2% is below the 50% money-qualification floor; net EV 0.06% is below the 2.00% money-qualification value floor",2026-10-17T19:00:00Z
2026-10-11,football,Ligue 1,Troyes v Marseille,1x2,away,Betfair,2.0,0.5000752464551824,1.9996990594686868,High,0.006655276497329248,20,,0.0,0.00015049291036484114,adequate,0.0,C,net EV 0.02% is below Grade B threshold; watchlist only,daily-engine-v1.1.0-odds-api,2026-10-09T06:16:33.795932+00:00,C,REJECT,False,"kickoff is 60.5h away -- outside the configured 24h money-event horizon; research grade 'C' is not in the actionable set ['A', 'A+', 'B']; net EV 0.02% is below the 2.00% money-qualification value floor",2026-10-11T18:45:00Z
2026-10-10,football,Championship,West Bromwich Albion v Birmingham City,over_under_2_5,over,Matchbook,2.06,0.4851752021563342,2.0611111111111113,High,0.007223569477137928,5,,0.0,-0.0005390835579515141,adequate,0.0,Reject,net EV -0.05% is below the minimum Grade C floor,daily-engine-v1.1.0-odds-api,2026-10-09T06:16:33.795932+00:00,Reject,REJECT,False,"kickoff is 29.2h away -- outside the configured 24h money-event horizon; research grade 'Reject' is not in the actionable set ['A', 'A+', 'B']; estimated probability 48.5% is below the 50% money-qualification floor; net EV -0.05% is below the 2.00% money-qualification value floor",2026-10-10T11:30:00Z
2026-10-10,football,Championship,Preston North End v Millwall,over_under_2_5,under,Matchbook,2.06,0.4851752021563342,2.0611111111111113,High,0.00692472647434602,5,,0.0,-0.0005390835579515141,adequate,0.0,Reject,net EV -0.05% is below the minimum Grade C floor,daily-engine-v1.1.0-odds-api,2026-10-09T06:16:33.795932+00:00,Reject,REJECT,False,"kickoff is 31.7h away -- outside the configured 24h money-event horizon; research grade 'Reject' is not in the actionable set ['A', 'A+', 'B']; estimated probability 48.5% is below the 50% money-qualification floor; net EV -0.05% is below the 2.00% money-qualification value floor",2026-10-10T14:00:00Z
2026-10-10,football,Premier League,Aston Villa v Brentford,1x2,home,Betfair,2.78,0.3593429158110883,2.782857142857143,High,0.006766880296557988,21,,0.0,-0.0010266940451745254,adequate,0.0,Reject,net EV -0.10% is below the minimum Grade C floor,daily-engine-v1.1.0-odds-api,2026-10-09T06:16:33.795932+00:00,Reject,REJECT,False,"kickoff is 31.7h away -- outside the configured 24h money-event horizon; research grade 'Reject' is not in the actionable set ['A', 'A+', 'B']; estimated probability 35.9% is below the 50% money-qualification floor; net EV -0.10% is below the 2.00% money-qualification value floor",2026-10-10T14:00:00Z
2026-10-10,football,Championship,Blackburn Rovers v Cardiff City,1x2,home,Betfair,2.8,0.3565775956852229,2.8044386750612706,High,0.005750444688707446,20,,0.0,-0.0015827320813759371,adequate,0.0,Reject,net EV -0.16% is below the minimum Grade C floor,daily-engine-v1.1.0-odds-api,2026-10-09T06:16:33.795932+00:00,Reject,REJECT,False,"kickoff is 31.7h away -- outside the configured 24h money-event horizon; research grade 'Reject' is not in the actionable set ['A', 'A+', 'B']; estimated probability 35.7% is below the 50% money-qualification floor; net EV -0.16% is below the 2.00% money-qualification value floor",2026-10-10T14:00:00Z
2026-10-19,football,La Liga,Getafe v Rayo Vallecano,1x2,away,Grosvenor,2.8,0.35653792266995676,2.8047507331378294,High,0.008220908827281699,13,,0.0,-0.00169381652412115,adequate,0.0,Reject,net EV -0.17% is below the minimum Grade C floor,daily-engine-v1.1.0-odds-api,2026-10-09T06:16:33.795932+00:00,Reject,REJECT,False,"kickoff is 252.7h away -- outside the configured 24h money-event horizon; research grade 'Reject' is not in the actionable set ['A', 'A+', 'B']; estimated probability 35.7% is below the 50% money-qualification floor; net EV -0.17% is below the 2.00% money-qualification value floor",2026-10-19T19:00:00Z
2026-10-18,football,La Liga,CA Osasuna v Real Racing Club de Santander,1x2,draw,Betfred (UK),3.75,0.26619527998291004,3.756640613853863,High,0.006612262638868381,14,,0.0,-0.0017677000640873297,adequate,0.0,Reject,net EV -0.18% is below the minimum Grade C floor,daily-engine-v1.1.0-odds-api,2026-10-09T06:16:33.795932+00:00,Reject,REJECT,False,"kickoff is 221.7h away -- outside the configured 24h money-event horizon; research grade 'Reject' is not in the actionable set ['A', 'A+', 'B']; estimated probability 26.6% is below the 50% money-qualification floor; net EV -0.18% is below the 2.00% money-qualification value floor",2026-10-18T12:00:00Z
2026-10-17,football,Ligue 1,Strasbourg v Paris Saint Germain,1x2,draw,Betfred (UK),5.5,0.18149466192170818,5.509803921568627,High,0.006585218315758349,15,,0.0,-0.001779359430605032,adequate,0.0,Reject,net EV -0.18% is below the minimum Grade C floor,daily-engine-v1.1.0-odds-api,2026-10-09T06:16:33.795932+00:00,Reject,REJECT,False,"kickoff is 201.0h away -- outside the configured 24h money-event horizon; research grade 'Reject' is not in the actionable set ['A', 'A+', 'B']; estimated probability 18.1% is below the 50% money-qualification floor; net EV -0.18% is below the 2.00% money-qualification value floor",2026-10-17T15:15:00Z
2026-10-11,football,Premier League,Crystal Palace v Nottingham Forest,1x2,away,Betfair,2.8,0.356359649122807,2.806153846153846,High,0.004802804339538415,21,,0.0,-0.0021929824561405242,adequate,0.0,Reject,net EV -0.22% is below the minimum Grade C floor,daily-engine-v1.1.0-odds-api,2026-10-09T06:16:33.795932+00:00,Reject,REJECT,False,"kickoff is 54.7h away -- outside the configured 24h money-event horizon; research grade 'Reject' is not in the actionable set ['A', 'A+', 'B']; estimated probability 35.6% is below the 50% money-qualification floor; net EV -0.22% is below the 2.00% money-qualification value floor",2026-10-11T13:00:00Z
2026-10-17,football,Ligue 1,Lille v Brest,1x2,away,Grosvenor,5.2,0.19182894234440623,5.21297770700637,Low,0.050949431482551974,15,,0.0,-0.0024894998090876364,adequate,0.0,Reject,net EV -0.25% is below the minimum Grade C floor,daily-engine-v1.1.0-odds-api,2026-10-09T06:16:33.795932+00:00,Reject,REJECT,False,"kickoff is 204.5h away -- outside the configured 24h money-event horizon; research grade 'Reject' is not in the actionable set ['A', 'A+', 'B']; confidence 'Low' is not eligible for real-money qualification (requires one of ['High'], or ['Medium'] with every other requirement strong)",2026-10-17T18:45:00Z
2026-10-16,football,La Liga,Deportivo La Coruña v Levante,1x2,away,Grosvenor,3.6,0.27702702702702703,3.6097560975609757,High,0.0045960975944127486,13,,0.0,-0.002702702702702675,adequate,0.0,Reject,net EV -0.27% is below the minimum Grade C floor,daily-engine-v1.1.0-odds-api,2026-10-09T06:16:33.795932+00:00,Reject,REJECT,False,"kickoff is 180.7h away -- outside the configured 24h money-event horizon; research grade 'Reject' is not in the actionable set ['A', 'A+', 'B']; estimated probability 27.7% is below the 50% money-qualification floor; net EV -0.27% is below the 2.00% money-qualification value floor",2026-10-16T19:00:00Z
2026-10-09,football,Ligue 1,RC Lens v Lyon,1x2,home,Smarkets,2.48,0.40204866019158403,2.4872611179041875,High,0.004324022698939934,20,,0.0,-0.002919322724871609,adequate,0.0,Reject,net EV -0.29% is below the minimum Grade C floor,daily-engine-v1.1.0-odds-api,2026-10-09T06:16:33.795932+00:00,Reject,REJECT,False,"research grade 'Reject' is not in the actionable set ['A', 'A+', 'B']; estimated probability 40.2% is below the 50% money-qualification floor; net EV -0.29% is below the 2.00% money-qualification value floor",2026-10-09T18:45:00Z
2026-10-10,football,La Liga,Rayo Vallecano v Athletic Bilbao,1x2,draw,Betfair,3.5,0.28485638539393315,3.510540929658577,High,0.005390597767085493,20,,0.0,-0.003002651121233879,adequate,0.0,Reject,net EV -0.30% is below the minimum Grade C floor,daily-engine-v1.1.0-odds-api,2026-10-09T06:16:33.795932+00:00,Reject,REJECT,False,"kickoff is 29.7h away -- outside the configured 24h money-event horizon; research grade 'Reject' is not in the actionable set ['A', 'A+', 'B']; estimated probability 28.5% is below the 50% money-qualification floor; net EV -0.30% is below the 2.00% money-qualification value floor",2026-10-10T12:00:00Z
2026-10-10,football,La Liga,Rayo Vallecano v Athletic Bilbao,1x2,away,Smarkets,2.72,0.3665431429701346,2.7281918081918084,High,0.004703544080914936,20,,0.0,-0.003002651121233879,adequate,0.0,Reject,net EV -0.30% is below the minimum Grade C floor,daily-engine-v1.1.0-odds-api,2026-10-09T06:16:33.795932+00:00,Reject,REJECT,False,"kickoff is 29.7h away -- outside the configured 24h money-event horizon; research grade 'Reject' is not in the actionable set ['A', 'A+', 'B']; estimated probability 36.7% is below the 50% money-qualification floor; net EV -0.30% is below the 2.00% money-qualification value floor",2026-10-10T12:00:00Z
2026-10-10,football,Championship,Watford v Burnley,1x2,away,Betfair,2.44,0.4085383908117627,2.4477503766855486,High,0.007269312604248862,20,,0.0,-0.003166326419299037,adequate,0.0,Reject,net EV -0.32% is below the minimum Grade C floor,daily-engine-v1.1.0-odds-api,2026-10-09T06:16:33.795932+00:00,Reject,REJECT,False,"kickoff is 31.7h away -- outside the configured 24h money-event horizon; research grade 'Reject' is not in the actionable set ['A', 'A+', 'B']; estimated probability 40.9% is below the 50% money-qualification floor; net EV -0.32% is below the 2.00% money-qualification value floor",2026-10-10T14:00:00Z
2026-10-11,football,Serie A,Lazio v Monza,1x2,draw,Smarkets,4.2,0.23727959697732998,4.214437367303609,High,0.0038121323550361274,21,,0.0,-0.0034256926952139777,adequate,0.0,Reject,net EV -0.34% is below the minimum Grade C floor,daily-engine-v1.1.0-odds-api,2026-10-09T06:16:33.795932+00:00,Reject,REJECT,False,"kickoff is 54.7h away -- outside the configured 24h money-event horizon; research grade 'Reject' is not in the actionable set ['A', 'A+', 'B']; estimated probability 23.7% is below the 50% money-qualification floor; net EV -0.34% is below the 2.00% money-qualification value floor",2026-10-11T13:00:00Z
2026-10-09,football,Belgian Pro League,SK Beveren v Lommel SK,1x2,away,Smarkets,4.2,0.2372595342558218,4.21479374110953,High,0.007600923027090306,19,,0.0,-0.0035099561255483858,adequate,0.0,Reject,net EV -0.35% is below the minimum Grade C floor,daily-engine-v1.1.0-odds-api,2026-10-09T06:16:33.795932+00:00,Reject,REJECT,False,"research grade 'Reject' is not in the actionable set ['A', 'A+', 'B']; estimated probability 23.7% is below the 50% money-qualification floor; net EV -0.35% is below the 2.00% money-qualification value floor",2026-10-09T18:45:00Z
2026-10-11,football,Belgian Pro League,KV Mechelen v Sint Truiden,1x2,home,Betfair,3.35,0.29745042492917845,3.361904761904762,High,0.008856529042840311,19,,0.0,-0.003541076487252104,adequate,0.0,Reject,net EV -0.35% is below the minimum Grade C floor,daily-engine-v1.1.0-odds-api,2026-10-09T06:16:33.795932+00:00,Reject,REJECT,False,"kickoff is 59.0h away -- outside the configured 24h money-event horizon; research grade 'Reject' is not in the actionable set ['A', 'A+', 'B']; estimated probability 29.7% is below the 50% money-qualification floor; net EV -0.35% is below the 2.00% money-qualification value floor",2026-10-11T17:15:00Z
2026-10-11,football,Eredivisie,FC Utrecht v Willem II,1x2,draw,Betfair,4.9,0.20335044059262128,4.917619047619048,Medium,0.020866891895795724,19,,0.0,-0.0035828410961555868,adequate,0.0,Reject,net EV -0.36% is below the minimum Grade C floor,daily-engine-v1.1.0-odds-api,2026-10-09T06:16:33.795932+00:00,Reject,REJECT,False,"kickoff is 52.0h away -- outside the configured 24h money-event horizon; research grade 'Reject' is not in the actionable set ['A', 'A+', 'B']; estimated probability 20.3% is below the 60% money-qualification floor (the stricter Medium-confidence floor); Medium-confidence candidates require odds inside the preferred range 1.40-2.50; odds are 4.90; net EV -0.36% is below the 5.00% money-qualification value floor (the stricter Medium-confidence floor)",2026-10-11T10:15:00Z
2026-10-10,football,La Liga,Alavés v Atlético Madrid,1x2,draw,Smarkets,3.9,0.2554907321493495,3.914036300210846,High,0.0023033141814994824,20,,0.0,-0.003586144617537035,adequate,0.0,Reject,net EV -0.36% is below the minimum Grade C floor,daily-engine-v1.1.0-odds-api,2026-10-09T06:16:33.795932+00:00,Reject,REJECT,False,"kickoff is 32.0h away -- outside the configured 24h money-event horizon; research grade 'Reject' is not in the actionable set ['A', 'A+', 'B']; estimated probability 25.5% is below the 50% money-qualification floor; net EV -0.36% is below the 2.00% money-qualification value floor",2026-10-10T14:15:00Z
2026-10-19,football,La Liga,Getafe v Rayo Vallecano,1x2,home,Betfair,2.92,0.3412346965355561,2.9305343511450386,High,0.0071022483990642316,13,,0.0,-0.0035946861161761934,adequate,0.0,Reject,net EV -0.36% is below the minimum Grade C floor,daily-engine-v1.1.0-odds-api,2026-10-09T06:16:33.795932+00:00,Reject,REJECT,False,"kickoff is 252.7h away -- outside the configured 24h money-event horizon; research grade 'Reject' is not in the actionable set ['A', 'A+', 'B']; estimated probability 34.1% is below the 50% money-qualification floor; net EV -0.36% is below the 2.00% money-qualification value floor",2026-10-19T19:00:00Z
2026-10-10,football,Premier League,Manchester United v Tottenham Hotspur,1x2,draw,Betfair,4.4,0.22641509433962262,4.416666666666667,High,0.004813671486330059,21,,0.0,-0.0037735849056603765,adequate,0.0,Reject,net EV -0.38% is below the minimum Grade C floor,daily-engine-v1.1.0-odds-api,2026-10-09T06:16:33.795932+00:00,Reject,REJECT,False,"kickoff is 34.2h away -- outside the configured 24h money-event horizon; research grade 'Reject' is not in the actionable set ['A', 'A+', 'B']; estimated probability 22.6% is below the 50% money-qualification floor; net EV -0.38% is below the 2.00% money-qualification value floor",2026-10-10T16:30:00Z
2026-10-11,football,Bundesliga,SC Freiburg v FC Schalke 04,1x2,draw,Grosvenor,4.25,0.23423944476576056,4.269135802469136,High,0.005708968709082577,21,,0.0,-0.0044823597455176944,adequate,0.0,Reject,net EV -0.45% is below the minimum Grade C floor,daily-engine-v1.1.0-odds-api,2026-10-09T06:16:33.795932+00:00,Reject,REJECT,False,"kickoff is 57.2h away -- outside the configured 24h money-event horizon; research grade 'Reject' is not in the actionable set ['A', 'A+', 'B']; estimated probability 23.4% is below the 50% money-qualification floor; net EV -0.45% is below the 2.00% money-qualification value floor",2026-10-11T15:30:00Z
2026-10-12,football,Primeira Liga,Famalicão v Alverca,1x2,away,Coral,4.6,0.21635439727798167,4.62204610852053,Low,0.051834944181145315,18,,0.0,-0.00476977252128441,adequate,0.0,Reject,net EV -0.48% is below the minimum Grade C floor,daily-engine-v1.1.0-odds-api,2026-10-09T06:16:33.795932+00:00,Reject,REJECT,False,"kickoff is 85.0h away -- outside the configured 24h money-event horizon; research grade 'Reject' is not in the actionable set ['A', 'A+', 'B']; confidence 'Low' is not eligible for real-money qualification (requires one of ['High'], or ['Medium'] with every other requirement strong)",2026-10-12T19:15:00Z
2026-10-11,football,Bundesliga,1. FC Köln v Borussia Monchengladbach,1x2,away,Smarkets,3.4,0.29270489342539774,3.416410256410257,High,0.008059100358041015,21,,0.0,-0.0048033623536477554,adequate,0.0,Reject,net EV -0.48% is below the minimum Grade C floor,daily-engine-v1.1.0-odds-api,2026-10-09T06:16:33.795932+00:00,Reject,REJECT,False,"kickoff is 55.2h away -- outside the configured 24h money-event horizon; research grade 'Reject' is not in the actionable set ['A', 'A+', 'B']; estimated probability 29.3% is below the 50% money-qualification floor; net EV -0.48% is below the 2.00% money-qualification value floor",2026-10-11T13:30:00Z
2026-10-10,football,Ligue 1,Lille v Le Havre,1x2,draw,Betfair,5.0,0.19900027820198266,5.0251186030253345,High,0.003511434041426896,20,,0.0,-0.00499860899008675,adequate,0.0,Reject,net EV -0.50% is below the minimum Grade C floor,daily-engine-v1.1.0-odds-api,2026-10-09T06:16:33.795932+00:00,Reject,REJECT,False,"kickoff is 33.0h away -- outside the configured 24h money-event horizon; research grade 'Reject' is not in the actionable set ['A', 'A+', 'B']; estimated probability 19.9% is below the 50% money-qualification floor; net EV -0.50% is below the 2.00% money-qualification value floor",2026-10-10T15:15:00Z
2026-10-10,football,Championship,Watford v Burnley,1x2,home,Betfair,3.15,0.31585760517799355,3.165983606557377,High,0.005039819996435609,20,,0.0,-0.005048543689320395,adequate,0.0,Reject,net EV -0.50% is below the minimum Grade C floor,daily-engine-v1.1.0-odds-api,2026-10-09T06:16:33.795932+00:00,Reject,REJECT,False,"kickoff is 31.7h away -- outside the configured 24h money-event horizon; research grade 'Reject' is not in the actionable set ['A', 'A+', 'B']; estimated probability 31.6% is below the 50% money-qualification floor; net EV -0.50% is below the 2.00% money-qualification value floor",2026-10-10T14:00:00Z
2026-10-10,football,Scottish Premiership,Dundee United v Hibernian,1x2,home,Betfair,2.86,0.34787947818968123,2.8745587558193075,High,0.007735200141711203,20,,0.0,-0.005064692377511726,adequate,0.0,Reject,net EV -0.51% is below the minimum Grade C floor,daily-engine-v1.1.0-odds-api,2026-10-09T06:16:33.795932+00:00,Reject,REJECT,False,"kickoff is 31.7h away -- outside the configured 24h money-event horizon; research grade 'Reject' is not in the actionable set ['A', 'A+', 'B']; estimated probability 34.8% is below the 50% money-qualification floor; net EV -0.51% is below the 2.00% money-qualification value floor",2026-10-10T14:00:00Z
2026-10-10,football,Primeira Liga,Casa Pia v Santa Clara,1x2,home,Betfair,4.7,0.21167548060845848,4.724212729436176,High,0.0041168517990957595,20,,0.0,-0.005125241140245151,adequate,0.0,Reject,net EV -0.51% is below the minimum Grade C floor,daily-engine-v1.1.0-odds-api,2026-10-09T06:16:33.795932+00:00,Reject,REJECT,False,"kickoff is 32.2h away -- outside the configured 24h money-event horizon; research grade 'Reject' is not in the actionable set ['A', 'A+', 'B']; estimated probability 21.2% is below the 50% money-qualification floor; net EV -0.51% is below the 2.00% money-qualification value floor",2026-10-10T14:30:00Z
2026-10-10,football,Premier League,Sunderland v Brighton and Hove Albion,over_under_2_5,under,Matchbook,2.1,0.47368421052631576,2.111111111111111,High,0.004393658638475351,5,,0.0,-0.0052631578947368585,adequate,0.0,Reject,net EV -0.53% is below the minimum Grade C floor,daily-engine-v1.1.0-odds-api,2026-10-09T06:16:33.795932+00:00,Reject,REJECT,False,"kickoff is 31.7h away -- outside the configured 24h money-event horizon; research grade 'Reject' is not in the actionable set ['A', 'A+', 'B']; estimated probability 47.4% is below the 50% money-qualification floor; net EV -0.53% is below the 2.00% money-qualification value floor",2026-10-10T14:00:00Z
2026-10-10,football,Championship,Derby County v Wrexham AFC,over_under_2_5,under,Matchbook,1.86,0.5347593582887701,1.8699999999999999,High,0.006373077754706751,5,,0.0,-0.005347593582887611,adequate,0.0,Reject,net EV -0.53% is below the minimum Grade C floor,daily-engine-v1.1.0-odds-api,2026-10-09T06:16:33.795932+00:00,Reject,REJECT,False,"kickoff is 31.7h away -- outside the configured 24h money-event horizon; research grade 'Reject' is not in the actionable set ['A', 'A+', 'B']; net EV -0.53% is below the 2.00% money-qualification value floor",2026-10-10T14:00:00Z
2026-10-17,football,Ligue 1,Strasbourg v Paris Saint Germain,1x2,home,Betfred (UK),6.5,0.1530054644808743,6.5357142857142865,High,0.004400648948189114,15,,0.0,-0.005464480874317168,adequate,0.0,Reject,net EV -0.55% is below the minimum Grade C floor,daily-engine-v1.1.0-odds-api,2026-10-09T06:16:33.795932+00:00,Reject,REJECT,False,"kickoff is 201.0h away -- outside the configured 24h money-event horizon; research grade 'Reject' is not in the actionable set ['A', 'A+', 'B']; estimated probability 15.3% is below the 50% money-qualification floor; net EV -0.55% is below the 2.00% money-qualification value floor",2026-10-17T15:15:00Z
2026-10-18,football,Serie A,Juventus v Lazio,1x2,draw,Betfred (UK),4.0,0.2485875706214689,4.022727272727273,High,0.004842385287034896,15,,0.0,-0.005649717514124353,adequate,0.0,Reject,net EV -0.56% is below the minimum Grade C floor,daily-engine-v1.1.0-odds-api,2026-10-09T06:16:33.795932+00:00,Reject,REJECT,False,"kickoff is 228.5h away -- outside the configured 24h money-event horizon; research grade 'Reject' is not in the actionable set ['A', 'A+', 'B']; estimated probability 24.9% is below the 50% money-qualification floor; net EV -0.56% is below the 2.00% money-qualification value floor",2026-10-18T18:45:00Z
2026-10-10,football,La Liga,Rayo Vallecano v Athletic Bilbao,1x2,home,Smarkets,2.86,0.34764021855469573,2.8765371399128425,High,0.004285938212382648,20,,0.0,-0.005748974933570294,adequate,0.0,Reject,net EV -0.57% is below the minimum Grade C floor,daily-engine-v1.1.0-odds-api,2026-10-09T06:16:33.795932+00:00,Reject,REJECT,False,"kickoff is 29.7h away -- outside the configured 24h money-event horizon; research grade 'Reject' is not in the actionable set ['A', 'A+', 'B']; estimated probability 34.8% is below the 50% money-qualification floor; net EV -0.57% is below the 2.00% money-qualification value floor",2026-10-10T12:00:00Z
2026-10-10,football,Championship,Charlton Athletic v Bristol City,over_under_2_5,over,Matchbook,2.18,0.45599999999999996,2.192982456140351,High,0.0014660020276291844,5,,0.0,-0.005920000000000036,adequate,0.0,Reject,net EV -0.59% is below the minimum Grade C floor,daily-engine-v1.1.0-odds-api,2026-10-09T06:16:33.795932+00:00,Reject,REJECT,False,"kickoff is 29.2h away -- outside the configured 24h money-event horizon; research grade 'Reject' is not in the actionable set ['A', 'A+', 'B']; estimated probability 45.6% is below the 50% money-qualification floor; net EV -0.59% is below the 2.00% money-qualification value floor",2026-10-10T11:30:00Z
2026-10-10,football,Bundesliga,Union Berlin v Elversberg,1x2,home,Betfair,2.42,0.41071777821239974,2.434761904761905,High,0.006475408661374886,21,,0.0,-0.006062976725992653,adequate,0.0,Reject,net EV -0.61% is below the minimum Grade C floor,daily-engine-v1.1.0-odds-api,2026-10-09T06:16:33.795932+00:00,Reject,REJECT,False,"kickoff is 31.2h away -- outside the configured 24h money-event horizon; research grade 'Reject' is not in the actionable set ['A', 'A+', 'B']; estimated probability 41.1% is below the 50% money-qualification floor; net EV -0.61% is below the 2.00% money-qualification value floor",2026-10-10T13:30:00Z
2026-10-18,football,La Liga,Celta Vigo v Alavés,1x2,away,Grosvenor,3.95,0.25159930350693704,3.9745738007276645,High,0.0044867466776104745,14,,0.0,-0.006182751147598586,adequate,0.0,Reject,net EV -0.62% is below the minimum Grade C floor,daily-engine-v1.1.0-odds-api,2026-10-09T06:16:33.795932+00:00,Reject,REJECT,False,"kickoff is 224.0h away -- outside the configured 24h money-event horizon; research grade 'Reject' is not in the actionable set ['A', 'A+', 'B']; estimated probability 25.2% is below the 50% money-qualification floor; net EV -0.62% is below the 2.00% money-qualification value floor",2026-10-18T14:15:00Z
2026-10-11,football,Ligue 1,Rennes v Auxerre,1x2,draw,Betfair,5.1,0.19486321153112895,5.131804983313909,High,0.0042448038964927265,20,,0.0,-0.006197621191242453,adequate,0.0,Reject,net EV -0.62% is below the minimum Grade C floor,daily-engine-v1.1.0-odds-api,2026-10-09T06:16:33.795932+00:00,Reject,REJECT,False,"kickoff is 57.0h away -- outside the configured 24h money-event horizon; research grade 'Reject' is not in the actionable set ['A', 'A+', 'B']; estimated probability 19.5% is below the 50% money-qualification floor; net EV -0.62% is below the 2.00% money-qualification value floor",2026-10-11T15:15:00Z
2026-10-11,football,Serie A,Lecce v Bologna,1x2,away,Betfred (UK),2.0,0.4968594317672272,2.012641677029668,High,0.009744514511141862,21,,0.0,-0.006281136465545567,adequate,0.0,Reject,net EV -0.63% is below the minimum Grade C floor,daily-engine-v1.1.0-odds-api,2026-10-09T06:16:33.795932+00:00,Reject,REJECT,False,"kickoff is 54.7h away -- outside the configured 24h money-event horizon; research grade 'Reject' is not in the actionable set ['A', 'A+', 'B']; estimated probability 49.7% is below the 50% money-qualification floor; net EV -0.63% is below the 2.00% money-qualification value floor",2026-10-11T13:00:00Z
2026-10-10,football,Premier League,Ipswich Town v Fulham,1x2,draw,Betfair,3.65,0.27223885791347346,3.673244913177799,High,0.00399633921322618,21,,0.0,-0.006328168615821861,adequate,0.0,Reject,net EV -0.63% is below the minimum Grade C floor,daily-engine-v1.1.0-odds-api,2026-10-09T06:16:33.795932+00:00,Reject,REJECT,False,"kickoff is 31.7h away -- outside the configured 24h money-event horizon; research grade 'Reject' is not in the actionable set ['A', 'A+', 'B']; estimated probability 27.2% is below the 50% money-qualification floor; net EV -0.63% is below the 2.00% money-qualification value floor",2026-10-10T14:00:00Z
2026-10-11,football,La Liga,Real Sociedad v Deportivo La Coruña,1x2,draw,Smarkets,4.2,0.23658366749105575,4.226834466659901,High,0.004395847193633906,19,,0.0,-0.006348596537565809,adequate,0.0,Reject,net EV -0.63% is below the minimum Grade C floor,daily-engine-v1.1.0-odds-api,2026-10-09T06:16:33.795932+00:00,Reject,REJECT,False,"kickoff is 56.0h away -- outside the configured 24h money-event horizon; research grade 'Reject' is not in the actionable set ['A', 'A+', 'B']; estimated probability 23.7% is below the 50% money-qualification floor; net EV -0.63% is below the 2.00% money-qualification value floor",2026-10-11T14:15:00Z
2026-10-11,football,Serie A,Como v AS Roma,1x2,away,Smarkets,2.72,0.36524260640279305,2.7379062093790623,High,0.0033148529297919176,21,,0.0,-0.006540110584402847,adequate,0.0,Reject,net EV -0.65% is below the minimum Grade C floor,daily-engine-v1.1.0-odds-api,2026-10-09T06:16:33.795932+00:00,Reject,REJECT,False,"kickoff is 52.2h away -- outside the configured 24h money-event horizon; research grade 'Reject' is not in the actionable set ['A', 'A+', 'B']; estimated probability 36.5% is below the 50% money-qualification floor; net EV -0.65% is below the 2.00% money-qualification value floor",2026-10-11T10:30:00Z
2026-10-11,football,Premier League,Crystal Palace v Nottingham Forest,1x2,home,Smarkets,2.78,0.3573145921953024,2.7986542443064177,High,0.006492981914943293,21,,0.0,-0.0066654336970592976,adequate,0.0,Reject,net EV -0.67% is below the minimum Grade C floor,daily-engine-v1.1.0-odds-api,2026-10-09T06:16:33.795932+00:00,Reject,REJECT,False,"kickoff is 54.7h away -- outside the configured 24h money-event horizon; research grade 'Reject' is not in the actionable set ['A', 'A+', 'B']; estimated probability 35.7% is below the 50% money-qualification floor; net EV -0.67% is below the 2.00% money-qualification value floor",2026-10-11T13:00:00Z
2026-10-09,football,La Liga,Málaga v Espanyol,1x2,away,Betfair,2.74,0.362501832018428,2.7586067480871774,High,0.0045832392586489,20,,0.0,-0.006744980269507206,adequate,0.0,Reject,net EV -0.67% is below the minimum Grade C floor,daily-engine-v1.1.0-odds-api,2026-10-09T06:16:33.795932+00:00,Reject,REJECT,False,"research grade 'Reject' is not in the actionable set ['A', 'A+', 'B']; estimated probability 36.3% is below the 50% money-qualification floor; net EV -0.67% is below the 2.00% money-qualification value floor",2026-10-09T19:00:00Z
2026-10-10,football,Championship,Watford v Burnley,over_under_2_5,under,Matchbook,2.1,0.47297297297297297,2.1142857142857143,High,0.0034555964136544484,5,,0.0,-0.006756756756756688,adequate,0.0,Reject,net EV -0.68% is below the minimum Grade C floor,daily-engine-v1.1.0-odds-api,2026-10-09T06:16:33.795932+00:00,Reject,REJECT,False,"kickoff is 31.7h away -- outside the configured 24h money-event horizon; research grade 'Reject' is not in the actionable set ['A', 'A+', 'B']; estimated probability 47.3% is below the 50% money-qualification floor; net EV -0.68% is below the 2.00% money-qualification value floor",2026-10-10T14:00:00Z
2026-10-10,football,Bundesliga,Union Berlin v Elversberg,1x2,away,Smarkets,2.96,0.3354256571204394,2.981286549707602,High,0.005909738969034643,21,,0.0,-0.007140054923499228,adequate,0.0,Reject,net EV -0.71% is below the minimum Grade C floor,daily-engine-v1.1.0-odds-api,2026-10-09T06:16:33.795932+00:00,Reject,REJECT,False,"kickoff is 31.2h away -- outside the configured 24h money-event horizon; research grade 'Reject' is not in the actionable set ['A', 'A+', 'B']; estimated probability 33.5% is below the 50% money-qualification floor; net EV -0.71% is below the 2.00% money-qualification value floor",2026-10-10T13:30:00Z
2026-10-18,football,Eredivisie,Groningen v Ajax,1x2,home,Unibet (UK),4.2,0.23635087765100732,4.230997616503829,High,0.014289779232182033,12,,0.0,-0.007326313865769318,adequate,0.0,Reject,net EV -0.73% is below the minimum Grade C floor,daily-engine-v1.1.0-odds-api,2026-10-09T06:16:33.795932+00:00,Reject,REJECT,False,"kickoff is 224.5h away -- outside the configured 24h money-event horizon; research grade 'Reject' is not in the actionable set ['A', 'A+', 'B']; estimated probability 23.6% is below the 50% money-qualification floor; net EV -0.73% is below the 2.00% money-qualification value floor",2026-10-18T14:45:00Z
2026-10-10,football,Premier League,Ipswich Town v Fulham,over_under_2_5,under,Matchbook,2.18,0.4552631578947368,2.1965317919075145,High,0.001386372591613333,5,,0.0,-0.007526315789473714,adequate,0.0,Reject,net EV -0.75% is below the minimum Grade C floor,daily-engine-v1.1.0-odds-api,2026-10-09T06:16:33.795932+00:00,Reject,REJECT,False,"kickoff is 31.7h away -- outside the configured 24h money-event horizon; research grade 'Reject' is not in the actionable set ['A', 'A+', 'B']; estimated probability 45.5% is below the 50% money-qualification floor; net EV -0.75% is below the 2.00% money-qualification value floor",2026-10-10T14:00:00Z
2026-10-11,football,Championship,Southampton v Portsmouth,over_under_2_5,under,Matchbook,2.34,0.42408376963350786,2.3580246913580245,High,0.0020260390142715933,5,,0.0,-0.007643979057591732,adequate,0.0,Reject,net EV -0.76% is below the minimum Grade C floor,daily-engine-v1.1.0-odds-api,2026-10-09T06:16:33.795932+00:00,Reject,REJECT,False,"kickoff is 52.7h away -- outside the configured 24h money-event horizon; research grade 'Reject' is not in the actionable set ['A', 'A+', 'B']; estimated probability 42.4% is below the 50% money-qualification floor; net EV -0.76% is below the 2.00% money-qualification value floor",2026-10-11T11:00:00Z
2026-10-18,football,Eredivisie,NEC Nijmegen v Fortuna Sittard,1x2,draw,Paddy Power,5.0,0.19846551461682538,5.038658740943918,High,0.01003698381890428,12,,0.0,-0.0076724269158731095,adequate,0.0,Reject,net EV -0.77% is below the minimum Grade C floor,daily-engine-v1.1.0-odds-api,2026-10-09T06:16:33.795932+00:00,Reject,REJECT,False,"kickoff is 227.7h away -- outside the configured 24h money-event horizon; research grade 'Reject' is not in the actionable set ['A', 'A+', 'B']; estimated probability 19.8% is below the 50% money-qualification floor; net EV -0.77% is below the 2.00% money-qualification value floor",2026-10-18T18:00:00Z
2026-10-11,football,Serie A,Sassuolo v AC Milan,1x2,draw,Smarkets,3.95,0.2512212142358688,3.9805555555555556,High,0.004456262935412234,21,,0.0,-0.007676203768318235,adequate,0.0,Reject,net EV -0.77% is below the minimum Grade C floor,daily-engine-v1.1.0-odds-api,2026-10-09T06:16:33.795932+00:00,Reject,REJECT,False,"kickoff is 57.7h away -- outside the configured 24h money-event horizon; research grade 'Reject' is not in the actionable set ['A', 'A+', 'B']; estimated probability 25.1% is below the 50% money-qualification floor; net EV -0.77% is below the 2.00% money-qualification value floor",2026-10-11T16:00:00Z
2026-10-09,football,La Liga,Málaga v Espanyol,1x2,draw,Smarkets,3.3,0.3005914801853805,3.326774263140395,High,0.005446678489858424,20,,0.0,-0.008048115388244348,adequate,0.0,Reject,net EV -0.80% is below the minimum Grade C floor,daily-engine-v1.1.0-odds-api,2026-10-09T06:16:33.795932+00:00,Reject,REJECT,False,"research grade 'Reject' is not in the actionable set ['A', 'A+', 'B']; estimated probability 30.1% is below the 50% money-qualification floor; net EV -0.80% is below the 2.00% money-qualification value floor",2026-10-09T19:00:00Z
2026-10-10,football,Premier League,Manchester United v Tottenham Hotspur,1x2,home,Betfair,1.76,0.5635939323220537,1.774327122153209,High,0.007352663100945898,21,,0.0,-0.00807467911318549,adequate,0.0,Reject,net EV -0.81% is below the minimum Grade C floor,daily-engine-v1.1.0-odds-api,2026-10-09T06:16:33.795932+00:00,Reject,REJECT,False,"kickoff is 34.2h away -- outside the configured 24h money-event horizon; research grade 'Reject' is not in the actionable set ['A', 'A+', 'B']; net EV -0.81% is below the 2.00% money-qualification value floor",2026-10-10T16:30:00Z
2026-10-11,football,Premier League,Hull City v Everton,1x2,away,Betfair,2.16,0.45921123716909784,2.177647058823529,High,0.006009901396164324,21,,0.0,-0.008103727714748543,adequate,0.0,Reject,net EV -0.81% is below the minimum Grade C floor,daily-engine-v1.1.0-odds-api,2026-10-09T06:16:33.795932+00:00,Reject,REJECT,False,"kickoff is 54.7h away -- outside the configured 24h money-event horizon; research grade 'Reject' is not in the actionable set ['A', 'A+', 'B']; estimated probability 45.9% is below the 50% money-qualification floor; net EV -0.81% is below the 2.00% money-qualification value floor",2026-10-11T13:00:00Z
2026-10-10,football,Ligue 1,Brest v Angers,1x2,home,Betfair,2.08,0.47676897122806106,2.0974519323776484,High,0.00670217207862108,20,,0.0,-0.008320539845632968,adequate,0.0,Reject,net EV -0.83% is below the minimum Grade C floor,daily-engine-v1.1.0-odds-api,2026-10-09T06:16:33.795932+00:00,Reject,REJECT,False,"kickoff is 36.5h away -- outside the configured 24h money-event horizon; research grade 'Reject' is not in the actionable set ['A', 'A+', 'B']; estimated probability 47.7% is below the 50% money-qualification floor; net EV -0.83% is below the 2.00% money-qualification value floor",2026-10-10T18:45:00Z
2026-10-10,football,Premier League,Sunderland v Brighton and Hove Albion,1x2,away,Betfair,2.42,0.4097560975609756,2.4404761904761907,High,0.0021118005460324836,21,,0.0,-0.008390243902439143,adequate,0.0,Reject,net EV -0.84% is below the minimum Grade C floor,daily-engine-v1.1.0-odds-api,2026-10-09T06:16:33.795932+00:00,Reject,REJECT,False,"kickoff is 31.7h away -- outside the configured 24h money-event horizon; research grade 'Reject' is not in the actionable set ['A', 'A+', 'B']; estimated probability 41.0% is below the 50% money-qualification floor; net EV -0.84% is below the 2.00% money-qualification value floor",2026-10-10T14:00:00Z
2026-10-16,football,Ligue 1,Le Mans FC v Toulouse,1x2,home,Grosvenor,3.2,0.30982532751091707,3.2276250880902038,High,0.008853182650293253,15,,0.0,-0.008558951965065287,adequate,0.0,Reject,net EV -0.86% is below the minimum Grade C floor,daily-engine-v1.1.0-odds-api,2026-10-09T06:16:33.795932+00:00,Reject,REJECT,False,"kickoff is 180.5h away -- outside the configured 24h money-event horizon; research grade 'Reject' is not in the actionable set ['A', 'A+', 'B']; estimated probability 31.0% is below the 50% money-qualification floor; net EV -0.86% is below the 2.00% money-qualification value floor",2026-10-16T18:45:00Z
2026-10-10,football,Championship,Sheffield United v Lincoln City,1x2,away,Betfair,3.65,0.2716248989490704,3.681547619047618,High,0.005430464297823791,21,,0.0,-0.008569118835893175,adequate,0.0,Reject,net EV -0.86% is below the minimum Grade C floor,daily-engine-v1.1.0-odds-api,2026-10-09T06:16:33.795932+00:00,Reject,REJECT,False,"kickoff is 31.7h away -- outside the configured 24h money-event horizon; research grade 'Reject' is not in the actionable set ['A', 'A+', 'B']; estimated probability 27.2% is below the 50% money-qualification floor; net EV -0.86% is below the 2.00% money-qualification value floor",2026-10-10T14:00:00Z
2026-10-10,football,Premier League,Ipswich Town v Fulham,over_under_2_5,over,Matchbook,1.82,0.5447368421052632,1.8357487922705313,High,0.0013863725916133177,5,,0.0,-0.008578947368420964,adequate,0.0,Reject,net EV -0.86% is below the minimum Grade C floor,daily-engine-v1.1.0-odds-api,2026-10-09T06:16:33.795932+00:00,Reject,REJECT,False,"kickoff is 31.7h away -- outside the configured 24h money-event horizon; research grade 'Reject' is not in the actionable set ['A', 'A+', 'B']; net EV -0.86% is below the 2.00% money-qualification value floor",2026-10-10T14:00:00Z
2026-10-11,football,La Liga,Elche CF v Celta Vigo,1x2,home,Smarkets,2.92,0.3394465023286154,2.9459723200562196,High,0.005979236690897441,20,,0.0,-0.008816213200443013,adequate,0.0,Reject,net EV -0.88% is below the minimum Grade C floor,daily-engine-v1.1.0-odds-api,2026-10-09T06:16:33.795932+00:00,Reject,REJECT,False,"kickoff is 53.7h away -- outside the configured 24h money-event horizon; research grade 'Reject' is not in the actionable set ['A', 'A+', 'B']; estimated probability 33.9% is below the 50% money-qualification floor; net EV -0.88% is below the 2.00% money-qualification value floor",2026-10-11T12:00:00Z
2026-10-11,football,Premier League,Liverpool v Manchester City,1x2,draw,Betfair,3.85,0.25742574257425743,3.8846153846153846,High,0.003486995131743536,21,,0.0,-0.008910891089108808,adequate,0.0,Reject,net EV -0.89% is below the minimum Grade C floor,daily-engine-v1.1.0-odds-api,2026-10-09T06:16:33.795932+00:00,Reject,REJECT,False,"kickoff is 57.2h away -- outside the configured 24h money-event horizon; research grade 'Reject' is not in the actionable set ['A', 'A+', 'B']; estimated probability 25.7% is below the 50% money-qualification floor; net EV -0.89% is below the 2.00% money-qualification value floor",2026-10-11T15:30:00Z
2026-10-10,football,Eredivisie,Ajax v NEC Nijmegen,1x2,draw,Grosvenor,6.1,0.16244009754932895,6.156115485564303,High,0.007928705230457387,19,,0.0,-0.009115404949093464,adequate,0.0,Reject,net EV -0.91% is below the minimum Grade C floor,daily-engine-v1.1.0-odds-api,2026-10-09T06:16:33.795932+00:00,Reject,REJECT,False,"kickoff is 36.7h away -- outside the configured 24h money-event horizon; research grade 'Reject' is not in the actionable set ['A', 'A+', 'B']; estimated probability 16.2% is below the 50% money-qualification floor; net EV -0.91% is below the 2.00% money-qualification value floor",2026-10-10T19:00:00Z
2026-10-10,football,Championship,West Bromwich Albion v Birmingham City,1x2,away,Betfair,3.1,0.3196206021837432,3.1287094547964114,High,0.0039065487743877945,21,,0.0,-0.00917613323039601,adequate,0.0,Reject,net EV -0.92% is below the minimum Grade C floor,daily-engine-v1.1.0-odds-api,2026-10-09T06:16:33.795932+00:00,Reject,REJECT,False,"kickoff is 29.2h away -- outside the configured 24h money-event horizon; research grade 'Reject' is not in the actionable set ['A', 'A+', 'B']; estimated probability 32.0% is below the 50% money-qualification floor; net EV -0.92% is below the 2.00% money-qualification value floor",2026-10-10T11:30:00Z
2026-10-10,football,Eredivisie,Feyenoord v AZ Alkmaar,1x2,draw,Betfair Sportsbook,4.2,0.23590143177169567,4.239058629232041,High,0.009590580909397543,19,,0.0,-0.009213986558878173,adequate,0.0,Reject,net EV -0.92% is below the minimum Grade C floor,daily-engine-v1.1.0-odds-api,2026-10-09T06:16:33.795932+00:00,Reject,REJECT,False,"kickoff is 34.5h away -- outside the configured 24h money-event horizon; research grade 'Reject' is not in the actionable set ['A', 'A+', 'B']; estimated probability 23.6% is below the 50% money-qualification floor; net EV -0.92% is below the 2.00% money-qualification value floor",2026-10-10T16:45:00Z
2026-10-18,football,La Liga,CA Osasuna v Real Racing Club de Santander,1x2,away,Betfair,4.2,0.23589226147305703,4.239223422402168,High,0.006951513177772922,14,,0.0,-0.009252501813160507,adequate,0.0,Reject,net EV -0.93% is below the minimum Grade C floor,daily-engine-v1.1.0-odds-api,2026-10-09T06:16:33.795932+00:00,Reject,REJECT,False,"kickoff is 221.7h away -- outside the configured 24h money-event horizon; research grade 'Reject' is not in the actionable set ['A', 'A+', 'B']; estimated probability 23.6% is below the 50% money-qualification floor; net EV -0.93% is below the 2.00% money-qualification value floor",2026-10-18T12:00:00Z
2026-10-10,football,Championship,Bolton Wanderers v Stoke City,over_under_2_5,over,Matchbook,1.92,0.5158730158730157,1.9384615384615391,High,0.007460420963922976,5,,0.0,-0.009523809523809879,adequate,0.0,Reject,net EV -0.95% is below the minimum Grade C floor,daily-engine-v1.1.0-odds-api,2026-10-09T06:16:33.795932+00:00,Reject,REJECT,False,"kickoff is 31.7h away -- outside the configured 24h money-event horizon; research grade 'Reject' is not in the actionable set ['A', 'A+', 'B']; net EV -0.95% is below the 2.00% money-qualification value floor",2026-10-10T14:00:00Z
2026-10-10,football,Championship,Watford v Burnley,1x2,draw,Betfair,3.6,0.27510745996348074,3.6349432332105622,High,0.005821585205315106,20,,0.0,-0.009613144131469298,adequate,0.0,Reject,net EV -0.96% is below the minimum Grade C floor,daily-engine-v1.1.0-odds-api,2026-10-09T06:16:33.795932+00:00,Reject,REJECT,False,"kickoff is 31.7h away -- outside the configured 24h money-event horizon; research grade 'Reject' is not in the actionable set ['A', 'A+', 'B']; estimated probability 27.5% is below the 50% money-qualification floor; net EV -0.96% is below the 2.00% money-qualification value floor",2026-10-10T14:00:00Z
2026-10-11,football,Bundesliga,1. FC Köln v Borussia Monchengladbach,1x2,home,Betfair,2.12,0.4671581769436997,2.140602582496413,High,0.008264387092525508,21,,0.0,-0.009624664879356648,adequate,0.0,Reject,net EV -0.96% is below the minimum Grade C floor,daily-engine-v1.1.0-odds-api,2026-10-09T06:16:33.795932+00:00,Reject,REJECT,False,"kickoff is 55.2h away -- outside the configured 24h money-event horizon; research grade 'Reject' is not in the actionable set ['A', 'A+', 'B']; estimated probability 46.7% is below the 50% money-qualification floor; net EV -0.96% is below the 2.00% money-qualification value floor",2026-10-11T13:30:00Z
2026-10-12,football,Serie A,Torino v Udinese,1x2,draw,Smarkets,3.35,0.29555867888204024,3.3834228918011497,High,0.004634729066183412,20,,0.0,-0.009878425745165176,adequate,0.0,Reject,net EV -0.99% is below the minimum Grade C floor,daily-engine-v1.1.0-odds-api,2026-10-09T06:16:33.795932+00:00,Reject,REJECT,False,"kickoff is 84.5h away -- outside the configured 24h money-event horizon; research grade 'Reject' is not in the actionable set ['A', 'A+', 'B']; estimated probability 29.6% is below the 50% money-qualification floor; net EV -0.99% is below the 2.00% money-qualification value floor",2026-10-12T18:45:00Z
2026-10-11,football,La Liga,Elche CF v Celta Vigo,1x2,away,Smarkets,2.68,0.36943772090051585,2.70681617882026,High,0.004639018392178058,20,,0.0,-0.00990690798661742,adequate,0.0,Reject,net EV -0.99% is below the minimum Grade C floor,daily-engine-v1.1.0-odds-api,2026-10-09T06:16:33.795932+00:00,Reject,REJECT,False,"kickoff is 53.7h away -- outside the configured 24h money-event horizon; research grade 'Reject' is not in the actionable set ['A', 'A+', 'B']; estimated probability 36.9% is below the 50% money-qualification floor; net EV -0.99% is below the 2.00% money-qualification value floor",2026-10-11T12:00:00Z
2026-10-10,football,Premier League,Chelsea v Bournemouth,1x2,draw,Betfair,4.4,0.22495151906916613,4.445402298850575,High,0.005756512236927375,21,,0.0,-0.010213316095669,adequate,0.0,Reject,net EV -1.02% is below the minimum Grade C floor,daily-engine-v1.1.0-odds-api,2026-10-09T06:16:33.795932+00:00,Reject,REJECT,False,"kickoff is 31.7h away -- outside the configured 24h money-event horizon; research grade 'Reject' is not in the actionable set ['A', 'A+', 'B']; estimated probability 22.5% is below the 50% money-qualification floor; net EV -1.02% is below the 2.00% money-qualification value floor",2026-10-10T14:00:00Z
2026-10-10,football,Championship,Swansea City v Norwich City,1x2,draw,Matchbook,3.65,0.27116212338593976,3.6878306878306875,High,0.005732424964678614,21,,0.0,-0.010258249641319828,adequate,0.0,Reject,net EV -1.03% is below the minimum Grade C floor,daily-engine-v1.1.0-odds-api,2026-10-09T06:16:33.795932+00:00,Reject,REJECT,False,"kickoff is 29.2h away -- outside the configured 24h money-event horizon; research grade 'Reject' is not in the actionable set ['A', 'A+', 'B']; estimated probability 27.1% is below the 50% money-qualification floor; net EV -1.03% is below the 2.00% money-qualification value floor",2026-10-10T11:30:00Z
2026-10-10,football,Championship,Blackburn Rovers v Cardiff City,1x2,away,Betfair,2.58,0.3835904817569528,2.6069468549368517,High,0.003944699886417683,20,,0.0,-0.010336557067061602,adequate,0.0,Reject,net EV -1.03% is below the minimum Grade C floor,daily-engine-v1.1.0-odds-api,2026-10-09T06:16:33.795932+00:00,Reject,REJECT,False,"kickoff is 31.7h away -- outside the configured 24h money-event horizon; research grade 'Reject' is not in the actionable set ['A', 'A+', 'B']; estimated probability 38.4% is below the 50% money-qualification floor; net EV -1.03% is below the 2.00% money-qualification value floor",2026-10-10T14:00:00Z
2026-10-10,football,Eredivisie,Fortuna Sittard v FC Twente Enschede,1x2,draw,Coral,5.25,0.18848167539267016,5.305555555555555,High,0.005292414934533549,19,,0.0,-0.010471204188481686,adequate,0.0,Reject,net EV -1.05% is below the minimum Grade C floor,daily-engine-v1.1.0-odds-api,2026-10-09T06:16:33.795932+00:00,Reject,REJECT,False,"kickoff is 35.7h away -- outside the configured 24h money-event horizon; research grade 'Reject' is not in the actionable set ['A', 'A+', 'B']; estimated probability 18.8% is below the 50% money-qualification floor; net EV -1.05% is below the 2.00% money-qualification value floor",2026-10-10T18:00:00Z
2026-10-10,football,Premier League,Sunderland v Brighton and Hove Albion,over_under_2_5,over,Matchbook,1.88,0.5263157894736842,1.9000000000000001,High,0.004393658638475358,5,,0.0,-0.010526315789473772,adequate,0.0,Reject,net EV -1.05% is below the minimum Grade C floor,daily-engine-v1.1.0-odds-api,2026-10-09T06:16:33.795932+00:00,Reject,REJECT,False,"kickoff is 31.7h away -- outside the configured 24h money-event horizon; research grade 'Reject' is not in the actionable set ['A', 'A+', 'B']; net EV -1.05% is below the 2.00% money-qualification value floor",2026-10-10T14:00:00Z
2026-10-11,football,Serie A,Lecce v Bologna,1x2,draw,Smarkets,3.5,0.2826839691798983,3.5375193114102848,High,0.006149168287699844,21,,0.0,-0.010606107870355874,adequate,0.0,Reject,net EV -1.06% is below the minimum Grade C floor,daily-engine-v1.1.0-odds-api,2026-10-09T06:16:33.795932+00:00,Reject,REJECT,False,"kickoff is 54.7h away -- outside the configured 24h money-event horizon; research grade 'Reject' is not in the actionable set ['A', 'A+', 'B']; estimated probability 28.3% is below the 50% money-qualification floor; net EV -1.06% is below the 2.00% money-qualification value floor",2026-10-11T13:00:00Z
2026-10-19,football,La Liga,Getafe v Rayo Vallecano,1x2,draw,Betfair,3.25,0.3043286219081272,3.285921625544267,High,0.004784824229852216,13,,0.0,-0.01093197879858665,adequate,0.0,Reject,net EV -1.09% is below the minimum Grade C floor,daily-engine-v1.1.0-odds-api,2026-10-09T06:16:33.795932+00:00,Reject,REJECT,False,"kickoff is 252.7h away -- outside the configured 24h money-event horizon; research grade 'Reject' is not in the actionable set ['A', 'A+', 'B']; estimated probability 30.4% is below the 50% money-qualification floor; net EV -1.09% is below the 2.00% money-qualification value floor",2026-10-19T19:00:00Z
2026-10-10,football,Premier League,Aston Villa v Brentford,1x2,away,Betfair,2.66,0.3718173470239586,2.6894925909295018,High,0.0046249131350035765,21,,0.0,-0.010965856916270167,adequate,0.0,Reject,net EV -1.10% is below the minimum Grade C floor,daily-engine-v1.1.0-odds-api,2026-10-09T06:16:33.795932+00:00,Reject,REJECT,False,"kickoff is 31.7h away -- outside the configured 24h money-event horizon; research grade 'Reject' is not in the actionable set ['A', 'A+', 'B']; estimated probability 37.2% is below the 50% money-qualification floor; net EV -1.10% is below the 2.00% money-qualification value floor",2026-10-10T14:00:00Z
2026-10-18,football,Premier League,Leeds United v Manchester United,1x2,draw,Betfair,3.8,0.2602661920899676,3.8422201207536193,High,0.005397818016857579,17,,0.0,-0.010988470058123201,adequate,0.0,Reject,net EV -1.10% is below the minimum Grade C floor,daily-engine-v1.1.0-odds-api,2026-10-09T06:16:33.795932+00:00,Reject,REJECT,False,"kickoff is 222.7h away -- outside the configured 24h money-event horizon; research grade 'Reject' is not in the actionable set ['A', 'A+', 'B']; estimated probability 26.0% is below the 50% money-qualification floor; net EV -1.10% is below the 2.00% money-qualification value floor",2026-10-18T13:00:00Z
2026-10-10,football,Ligue 1,Lorient v Paris FC,1x2,draw,Betfred (UK),3.5,0.28253251766941856,3.539415598066008,High,0.006661526146187372,20,,0.0,-0.011136188157034987,adequate,0.0,Reject,net EV -1.11% is below the minimum Grade C floor,daily-engine-v1.1.0-odds-api,2026-10-09T06:16:33.795932+00:00,Reject,REJECT,False,"kickoff is 36.5h away -- outside the configured 24h money-event horizon; research grade 'Reject' is not in the actionable set ['A', 'A+', 'B']; estimated probability 28.3% is below the 50% money-qualification floor; net EV -1.11% is below the 2.00% money-qualification value floor",2026-10-10T18:45:00Z
2026-10-10,football,Championship,Blackburn Rovers v Cardiff City,over_under_2_5,under,LeoVegas,2.3,0.42989368924224713,2.32615650107042,Medium,0.0072286572276119496,4,,0.0,-0.011244514742831613,adequate,0.0,Reject,net EV -1.12% is below the minimum Grade C floor,daily-engine-v1.1.0-odds-api,2026-10-09T06:16:33.795932+00:00,Reject,REJECT,False,"kickoff is 31.7h away -- outside the configured 24h money-event horizon; research grade 'Reject' is not in the actionable set ['A', 'A+', 'B']; estimated probability 43.0% is below the 60% money-qualification floor (the stricter Medium-confidence floor); net EV -1.12% is below the 5.00% money-qualification value floor (the stricter Medium-confidence floor)",2026-10-10T14:00:00Z
2026-10-10,football,Serie A,Genoa v Fiorentina,1x2,away,Smarkets,2.38,0.41534713763702796,2.407624633431085,High,0.004888431737908679,21,,0.0,-0.011473812423873575,adequate,0.0,Reject,net EV -1.15% is below the minimum Grade C floor,daily-engine-v1.1.0-odds-api,2026-10-09T06:16:33.795932+00:00,Reject,REJECT,False,"kickoff is 30.7h away -- outside the configured 24h money-event horizon; research grade 'Reject' is not in the actionable set ['A', 'A+', 'B']; estimated probability 41.5% is below the 50% money-qualification floor; net EV -1.15% is below the 2.00% money-qualification value floor",2026-10-10T13:00:00Z
2026-10-11,football,Premier League,Liverpool v Manchester City,1x2,away,Betfair,2.56,0.3861386138613862,2.5897435897435894,High,0.003663633921993733,21,,0.0,-0.011485148514851273,adequate,0.0,Reject,net EV -1.15% is below the minimum Grade C floor,daily-engine-v1.1.0-odds-api,2026-10-09T06:16:33.795932+00:00,Reject,REJECT,False,"kickoff is 57.2h away -- outside the configured 24h money-event horizon; research grade 'Reject' is not in the actionable set ['A', 'A+', 'B']; estimated probability 38.6% is below the 50% money-qualification floor; net EV -1.15% is below the 2.00% money-qualification value floor",2026-10-11T15:30:00Z
2026-10-18,football,Premier League,Leeds United v Manchester United,1x2,home,Casumo,2.95,0.3349985307081986,2.985087719298246,High,0.005421654582358101,17,,0.0,-0.011754334410813971,adequate,0.0,Reject,net EV -1.18% is below the minimum Grade C floor,daily-engine-v1.1.0-odds-api,2026-10-09T06:16:33.795932+00:00,Reject,REJECT,False,"kickoff is 222.7h away -- outside the configured 24h money-event horizon; research grade 'Reject' is not in the actionable set ['A', 'A+', 'B']; estimated probability 33.5% is below the 50% money-qualification floor; net EV -1.18% is below the 2.00% money-qualification value floor",2026-10-18T13:00:00Z
2026-10-10,football,Championship,Sheffield United v Lincoln City,1x2,home,Betfair,2.22,0.44509090909090904,2.2467320261437913,High,0.005786759164506299,21,,0.0,-0.011898181818181919,adequate,0.0,Reject,net EV -1.19% is below the minimum Grade C floor,daily-engine-v1.1.0-odds-api,2026-10-09T06:16:33.795932+00:00,Reject,REJECT,False,"kickoff is 31.7h away -- outside the configured 24h money-event horizon; research grade 'Reject' is not in the actionable set ['A', 'A+', 'B']; estimated probability 44.5% is below the 50% money-qualification floor; net EV -1.19% is below the 2.00% money-qualification value floor",2026-10-10T14:00:00Z
2026-10-10,football,Scottish Premiership,Hearts v St Mirren,1x2,draw,Paddy Power,5.0,0.19761393813595418,5.06037180085962,High,0.005774670112534879,20,,0.0,-0.011930309320229093,adequate,0.0,Reject,net EV -1.19% is below the minimum Grade C floor,daily-engine-v1.1.0-odds-api,2026-10-09T06:16:33.795932+00:00,Reject,REJECT,False,"kickoff is 31.7h away -- outside the configured 24h money-event horizon; research grade 'Reject' is not in the actionable set ['A', 'A+', 'B']; estimated probability 19.8% is below the 50% money-qualification floor; net EV -1.19% is below the 2.00% money-qualification value floor",2026-10-10T14:00:00Z
2026-10-11,football,Bundesliga,1. FC Köln v Borussia Monchengladbach,1x2,draw,Smarkets,4.1,0.24096385542168677,4.1499999999999995,High,0.003996739028758794,21,,0.0,-0.012048192771084376,adequate,0.0,Reject,net EV -1.20% is below the minimum Grade C floor,daily-engine-v1.1.0-odds-api,2026-10-09T06:16:33.795932+00:00,Reject,REJECT,False,"kickoff is 55.2h away -- outside the configured 24h money-event horizon; research grade 'Reject' is not in the actionable set ['A', 'A+', 'B']; estimated probability 24.1% is below the 50% money-qualification floor; net EV -1.20% is below the 2.00% money-qualification value floor",2026-10-11T13:30:00Z
2026-10-16,football,Bundesliga,Eintracht Frankfurt v 1. FC Köln,1x2,away,Grosvenor,3.55,0.27827327863003926,3.5935897435897433,High,0.006223552330122452,19,,0.0,-0.012129860863360653,adequate,0.0,Reject,net EV -1.21% is below the minimum Grade C floor,daily-engine-v1.1.0-odds-api,2026-10-09T06:16:33.795932+00:00,Reject,REJECT,False,"kickoff is 180.2h away -- outside the configured 24h money-event horizon; research grade 'Reject' is not in the actionable set ['A', 'A+', 'B']; estimated probability 27.8% is below the 50% money-qualification floor; net EV -1.21% is below the 2.00% money-qualification value floor",2026-10-16T18:30:00Z
2026-10-10,football,Championship,Derby County v Wrexham AFC,1x2,draw,Betfair,3.45,0.2863044974428083,3.4927848110376205,High,0.005892286954801144,20,,0.0,-0.012249483822311391,adequate,0.0,Reject,net EV -1.22% is below the minimum Grade C floor,daily-engine-v1.1.0-odds-api,2026-10-09T06:16:33.795932+00:00,Reject,REJECT,False,"kickoff is 31.7h away -- outside the configured 24h money-event horizon; research grade 'Reject' is not in the actionable set ['A', 'A+', 'B']; estimated probability 28.6% is below the 50% money-qualification floor; net EV -1.22% is below the 2.00% money-qualification value floor",2026-10-10T14:00:00Z
2026-10-11,football,Eredivisie,SC Telstar v ADO Den Haag,1x2,away,Grosvenor,3.45,0.28617552098620486,3.4943589743589745,High,0.006936985448429434,19,,0.0,-0.012694452597593164,adequate,0.0,Reject,net EV -1.27% is below the minimum Grade C floor,daily-engine-v1.1.0-odds-api,2026-10-09T06:16:33.795932+00:00,Reject,REJECT,False,"kickoff is 54.2h away -- outside the configured 24h money-event horizon; research grade 'Reject' is not in the actionable set ['A', 'A+', 'B']; estimated probability 28.6% is below the 50% money-qualification floor; net EV -1.27% is below the 2.00% money-qualification value floor",2026-10-11T12:30:00Z
2026-10-09,football,Primeira Liga,Moreirense FC v Gil Vicente,1x2,away,Virgin Bet,2.28,0.4330065943420403,2.309433650818908,High,0.012445602143184274,20,,0.0,-0.012744964900148203,adequate,0.0,Reject,net EV -1.27% is below the minimum Grade C floor,daily-engine-v1.1.0-odds-api,2026-10-09T06:16:33.795932+00:00,Reject,REJECT,False,"research grade 'Reject' is not in the actionable set ['A', 'A+', 'B']; estimated probability 43.3% is below the 50% money-qualification floor; net EV -1.27% is below the 2.00% money-qualification value floor",2026-10-09T17:45:00Z
2026-10-10,football,Championship,Derby County v Wrexham AFC,1x2,away,Sky Bet,2.7,0.3655707682916195,2.7354484732824424,High,0.008487275659890107,20,,0.0,-0.012958925612627348,adequate,0.0,Reject,net EV -1.30% is below the minimum Grade C floor,daily-engine-v1.1.0-odds-api,2026-10-09T06:16:33.795932+00:00,Reject,REJECT,False,"kickoff is 31.7h away -- outside the configured 24h money-event horizon; research grade 'Reject' is not in the actionable set ['A', 'A+', 'B']; estimated probability 36.6% is below the 50% money-qualification floor; net EV -1.30% is below the 2.00% money-qualification value floor",2026-10-10T14:00:00Z
2026-10-10,football,Premier League,Ipswich Town v Fulham,1x2,away,Betfair,2.54,0.3883495145631068,2.575,High,0.0029064637514178864,21,,0.0,-0.013592233009708687,adequate,0.0,Reject,net EV -1.36% is below the minimum Grade C floor,daily-engine-v1.1.0-odds-api,2026-10-09T06:16:33.795932+00:00,Reject,REJECT,False,"kickoff is 31.7h away -- outside the configured 24h money-event horizon; research grade 'Reject' is not in the actionable set ['A', 'A+', 'B']; estimated probability 38.8% is below the 50% money-qualification floor; net EV -1.36% is below the 2.00% money-qualification value floor",2026-10-10T14:00:00Z
2026-10-11,football,Premier League,Hull City v Everton,1x2,draw,Betfred (UK),3.5,0.28181880155429817,3.548379293662313,High,0.0057792444589329205,21,,0.0,-0.013634194559956403,adequate,0.0,Reject,net EV -1.36% is below the minimum Grade C floor,daily-engine-v1.1.0-odds-api,2026-10-09T06:16:33.795932+00:00,Reject,REJECT,False,"kickoff is 54.7h away -- outside the configured 24h money-event horizon; research grade 'Reject' is not in the actionable set ['A', 'A+', 'B']; estimated probability 28.2% is below the 50% money-qualification floor; net EV -1.36% is below the 2.00% money-qualification value floor",2026-10-11T13:00:00Z
2026-10-10,football,Eredivisie,Fortuna Sittard v FC Twente Enschede,1x2,home,Betfred (UK),6.5,0.15174363807728555,6.5900621118012435,High,0.006780107319772668,19,,0.0,-0.013666352497643919,adequate,0.0,Reject,net EV -1.37% is below the minimum Grade C floor,daily-engine-v1.1.0-odds-api,2026-10-09T06:16:33.795932+00:00,Reject,REJECT,False,"kickoff is 35.7h away -- outside the configured 24h money-event horizon; research grade 'Reject' is not in the actionable set ['A', 'A+', 'B']; estimated probability 15.2% is below the 50% money-qualification floor; net EV -1.37% is below the 2.00% money-qualification value floor",2026-10-10T18:00:00Z
2026-10-12,football,Premier League,Coventry City v Newcastle United,1x2,draw,Betfred (UK),3.75,0.26299839927301405,3.802304511222205,High,0.005319858490528236,20,,0.0,-0.01375600272619737,adequate,0.0,Reject,net EV -1.38% is below the minimum Grade C floor,daily-engine-v1.1.0-odds-api,2026-10-09T06:16:33.795932+00:00,Reject,REJECT,False,"kickoff is 84.7h away -- outside the configured 24h money-event horizon; research grade 'Reject' is not in the actionable set ['A', 'A+', 'B']; estimated probability 26.3% is below the 50% money-qualification floor; net EV -1.38% is below the 2.00% money-qualification value floor",2026-10-12T19:00:00Z
2026-10-10,football,Championship,Swansea City v Norwich City,over_under_2_5,over,Matchbook,1.8,0.547872340425532,1.8252427184466016,High,0.0060480629106076135,5,,0.0,-0.013829787234042379,adequate,0.0,Reject,net EV -1.38% is below the minimum Grade C floor,daily-engine-v1.1.0-odds-api,2026-10-09T06:16:33.795932+00:00,Reject,REJECT,False,"kickoff is 29.2h away -- outside the configured 24h money-event horizon; research grade 'Reject' is not in the actionable set ['A', 'A+', 'B']; net EV -1.38% is below the 2.00% money-qualification value floor",2026-10-10T11:30:00Z
2026-10-11,football,Eredivisie,FC Zwolle v SC Cambuur,1x2,away,Coral,3.6,0.273830092269235,3.651899583836757,High,0.004069784512590563,19,,0.0,-0.014211667830754005,adequate,0.0,Reject,net EV -1.42% is below the minimum Grade C floor,daily-engine-v1.1.0-odds-api,2026-10-09T06:16:33.795932+00:00,Reject,REJECT,False,"kickoff is 54.2h away -- outside the configured 24h money-event horizon; research grade 'Reject' is not in the actionable set ['A', 'A+', 'B']; estimated probability 27.4% is below the 50% money-qualification floor; net EV -1.42% is below the 2.00% money-qualification value floor",2026-10-11T12:30:00Z
2026-10-09,football,Bundesliga,Borussia Dortmund v Werder Bremen,1x2,draw,Betfred (UK),6.0,0.16427104722792607,6.0875,High,0.006452263281243912,21,,0.0,-0.014373716632443578,adequate,0.0,Reject,net EV -1.44% is below the minimum Grade C floor,daily-engine-v1.1.0-odds-api,2026-10-09T06:16:33.795932+00:00,Reject,REJECT,False,"research grade 'Reject' is not in the actionable set ['A', 'A+', 'B']; estimated probability 16.4% is below the 50% money-qualification floor; net EV -1.44% is below the 2.00% money-qualification value floor",2026-10-09T18:30:00Z
2026-10-13,football,Championship,Wolverhampton Wanderers v Bolton Wanderers,1x2,away,Casumo,7.5,0.13141600932290987,7.609422970247424,High,0.00643761396805538,6,,0.0,-0.014379930078176062,adequate,0.0,Reject,net EV -1.44% is below the minimum Grade C floor,daily-engine-v1.1.0-odds-api,2026-10-09T06:16:33.795932+00:00,Reject,REJECT,False,"kickoff is 108.5h away -- outside the configured 24h money-event horizon; research grade 'Reject' is not in the actionable set ['A', 'A+', 'B']; estimated probability 13.1% is below the 50% money-qualification floor; net EV -1.44% is below the 2.00% money-qualification value floor",2026-10-13T18:45:00Z
2026-10-12,football,Primeira Liga,Famalicão v Alverca,1x2,home,Betfair,1.94,0.5080174927113702,1.968436154949785,Medium,0.03738252828241366,18,,0.0,-0.014446064139941817,adequate,0.0,Reject,net EV -1.44% is below the minimum Grade C floor,daily-engine-v1.1.0-odds-api,2026-10-09T06:16:33.795932+00:00,Reject,REJECT,False,"kickoff is 85.0h away -- outside the configured 24h money-event horizon; research grade 'Reject' is not in the actionable set ['A', 'A+', 'B']; estimated probability 50.8% is below the 60% money-qualification floor (the stricter Medium-confidence floor); net EV -1.44% is below the 5.00% money-qualification value floor (the stricter Medium-confidence floor)",2026-10-12T19:15:00Z
2026-10-10,football,Bundesliga,Union Berlin v Elversberg,1x2,draw,Smarkets,3.9,0.2526887064389797,3.957438439147196,High,0.0037397135416194546,21,,0.0,-0.014514044887979027,adequate,0.0,Reject,net EV -1.45% is below the minimum Grade C floor,daily-engine-v1.1.0-odds-api,2026-10-09T06:16:33.795932+00:00,Reject,REJECT,False,"kickoff is 31.2h away -- outside the configured 24h money-event horizon; research grade 'Reject' is not in the actionable set ['A', 'A+', 'B']; estimated probability 25.3% is below the 50% money-qualification floor; net EV -1.45% is below the 2.00% money-qualification value floor",2026-10-10T13:30:00Z
2026-10-16,football,Serie A,Frosinone v Sassuolo,1x2,draw,Betfair,3.7,0.2663378545006165,3.75462962962963,High,0.00767751433323116,15,,0.0,-0.014549938347718894,adequate,0.0,Reject,net EV -1.45% is below the minimum Grade C floor,daily-engine-v1.1.0-odds-api,2026-10-09T06:16:33.795932+00:00,Reject,REJECT,False,"kickoff is 180.5h away -- outside the configured 24h money-event horizon; research grade 'Reject' is not in the actionable set ['A', 'A+', 'B']; estimated probability 26.6% is below the 50% money-qualification floor; net EV -1.45% is below the 2.00% money-qualification value floor",2026-10-16T18:45:00Z
2026-10-10,football,Championship,Middlesbrough v Wolverhampton Wanderers,1x2,away,Betfair,3.15,0.3127962085308057,3.196969696969697,High,0.007181490301078211,21,,0.0,-0.01469194312796207,adequate,0.0,Reject,net EV -1.47% is below the minimum Grade C floor,daily-engine-v1.1.0-odds-api,2026-10-09T06:16:33.795932+00:00,Reject,REJECT,False,"kickoff is 31.7h away -- outside the configured 24h money-event horizon; research grade 'Reject' is not in the actionable set ['A', 'A+', 'B']; estimated probability 31.3% is below the 50% money-qualification floor; net EV -1.47% is below the 2.00% money-qualification value floor",2026-10-10T14:00:00Z
2026-10-17,football,Bundesliga,Elversberg v Augsburg,1x2,draw,Betfred (UK),4.0,0.24631566073503336,4.059831181727904,High,0.007618968056794272,17,,0.0,-0.014737357059866563,adequate,0.0,Reject,net EV -1.47% is below the minimum Grade C floor,daily-engine-v1.1.0-odds-api,2026-10-09T06:16:33.795932+00:00,Reject,REJECT,False,"kickoff is 199.2h away -- outside the configured 24h money-event horizon; research grade 'Reject' is not in the actionable set ['A', 'A+', 'B']; estimated probability 24.6% is below the 50% money-qualification floor; net EV -1.47% is below the 2.00% money-qualification value floor",2026-10-17T13:30:00Z
2026-10-18,football,Eredivisie,Groningen v Ajax,1x2,away,Grosvenor,1.83,0.5383635030584399,1.8574810408190856,High,0.017797247088960487,12,,0.0,-0.014794789403054898,adequate,0.0,Reject,net EV -1.48% is below the minimum Grade C floor,daily-engine-v1.1.0-odds-api,2026-10-09T06:16:33.795932+00:00,Reject,REJECT,False,"kickoff is 224.5h away -- outside the configured 24h money-event horizon; research grade 'Reject' is not in the actionable set ['A', 'A+', 'B']; net EV -1.48% is below the 2.00% money-qualification value floor",2026-10-18T14:45:00Z
2026-10-09,football,Primeira Liga,Braga v Sporting Lisbon,1x2,draw,Smarkets,3.5,0.28147251191225386,3.5527447892025052,High,0.005976908354198968,20,,0.0,-0.014846208307111475,adequate,0.0,Reject,net EV -1.48% is below the minimum Grade C floor,daily-engine-v1.1.0-odds-api,2026-10-09T06:16:33.795932+00:00,Reject,REJECT,False,"research grade 'Reject' is not in the actionable set ['A', 'A+', 'B']; estimated probability 28.1% is below the 50% money-qualification floor; net EV -1.48% is below the 2.00% money-qualification value floor",2026-10-09T19:15:00Z
2026-10-17,football,Premier League,Everton v Chelsea,1x2,home,Casumo,2.95,0.3338709677419355,2.995169082125604,High,0.006674069042273316,17,,0.0,-0.015080645161290263,adequate,0.0,Reject,net EV -1.51% is below the minimum Grade C floor,daily-engine-v1.1.0-odds-api,2026-10-09T06:16:33.795932+00:00,Reject,REJECT,False,"kickoff is 197.2h away -- outside the configured 24h money-event horizon; research grade 'Reject' is not in the actionable set ['A', 'A+', 'B']; estimated probability 33.4% is below the 50% money-qualification floor; net EV -1.51% is below the 2.00% money-qualification value floor",2026-10-17T11:30:00Z
2026-10-10,football,Championship,Charlton Athletic v Bristol City,over_under_2_5,under,Matchbook,1.81,0.5439999999999999,1.8382352941176474,High,0.0014660020276291619,5,,0.0,-0.015360000000000096,adequate,0.0,Reject,net EV -1.54% is below the minimum Grade C floor,daily-engine-v1.1.0-odds-api,2026-10-09T06:16:33.795932+00:00,Reject,REJECT,False,"kickoff is 29.2h away -- outside the configured 24h money-event horizon; research grade 'Reject' is not in the actionable set ['A', 'A+', 'B']; net EV -1.54% is below the 2.00% money-qualification value floor",2026-10-10T11:30:00Z
2026-10-11,football,Ligue 1,Troyes v Marseille,1x2,draw,Betfred (UK),4.0,0.24611743919835954,4.063100945862049,High,0.004438515899047166,20,,0.0,-0.015530243206561822,adequate,0.0,Reject,net EV -1.55% is below the minimum Grade C floor,daily-engine-v1.1.0-odds-api,2026-10-09T06:16:33.795932+00:00,Reject,REJECT,False,"kickoff is 60.5h away -- outside the configured 24h money-event horizon; research grade 'Reject' is not in the actionable set ['A', 'A+', 'B']; estimated probability 24.6% is below the 50% money-qualification floor; net EV -1.55% is below the 2.00% money-qualification value floor",2026-10-11T18:45:00Z
2026-10-11,football,La Liga,Elche CF v Celta Vigo,1x2,draw,Betfred (UK),3.4,0.28950027116519594,3.4542281980432947,High,0.00520388997453633,20,,0.0,-0.015699078038333814,adequate,0.0,Reject,net EV -1.57% is below the minimum Grade C floor,daily-engine-v1.1.0-odds-api,2026-10-09T06:16:33.795932+00:00,Reject,REJECT,False,"kickoff is 53.7h away -- outside the configured 24h money-event horizon; research grade 'Reject' is not in the actionable set ['A', 'A+', 'B']; estimated probability 29.0% is below the 50% money-qualification floor; net EV -1.57% is below the 2.00% money-qualification value floor",2026-10-11T12:00:00Z
2026-10-10,football,Primeira Liga,Casa Pia v Santa Clara,1x2,draw,Betway,3.5,0.2812043367669078,3.556132922761098,High,0.005212045567080415,20,,0.0,-0.015784821315822595,adequate,0.0,Reject,net EV -1.58% is below the minimum Grade C floor,daily-engine-v1.1.0-odds-api,2026-10-09T06:16:33.795932+00:00,Reject,REJECT,False,"kickoff is 32.2h away -- outside the configured 24h money-event horizon; research grade 'Reject' is not in the actionable set ['A', 'A+', 'B']; estimated probability 28.1% is below the 50% money-qualification floor; net EV -1.58% is below the 2.00% money-qualification value floor",2026-10-10T14:30:00Z
2026-10-18,football,Serie A,Fiorentina v Como,1x2,draw,Betfred (UK),3.75,0.26242544731610334,3.810606060606061,High,0.004705389011516184,15,,0.0,-0.015904572564612418,adequate,0.0,Reject,net EV -1.59% is below the minimum Grade C floor,daily-engine-v1.1.0-odds-api,2026-10-09T06:16:33.795932+00:00,Reject,REJECT,False,"kickoff is 222.7h away -- outside the configured 24h money-event horizon; research grade 'Reject' is not in the actionable set ['A', 'A+', 'B']; estimated probability 26.2% is below the 50% money-qualification floor; net EV -1.59% is below the 2.00% money-qualification value floor",2026-10-18T13:00:00Z
2026-10-11,football,Championship,Southampton v Portsmouth,1x2,draw,Coral,4.33,0.22723190129792462,4.400790532878991,High,0.004215972705787042,20,,0.0,-0.016085867379986407,adequate,0.0,Reject,net EV -1.61% is below the minimum Grade C floor,daily-engine-v1.1.0-odds-api,2026-10-09T06:16:33.795932+00:00,Reject,REJECT,False,"kickoff is 52.7h away -- outside the configured 24h money-event horizon; research grade 'Reject' is not in the actionable set ['A', 'A+', 'B']; estimated probability 22.7% is below the 50% money-qualification floor; net EV -1.61% is below the 2.00% money-qualification value floor",2026-10-11T11:00:00Z
2026-10-18,football,La Liga,Celta Vigo v Alavés,1x2,draw,Betfair,3.5,0.28111637765605446,3.557245608875548,High,0.004872597355218129,14,,0.0,-0.01609267820380944,adequate,0.0,Reject,net EV -1.61% is below the minimum Grade C floor,daily-engine-v1.1.0-odds-api,2026-10-09T06:16:33.795932+00:00,Reject,REJECT,False,"kickoff is 224.0h away -- outside the configured 24h money-event horizon; research grade 'Reject' is not in the actionable set ['A', 'A+', 'B']; estimated probability 28.1% is below the 50% money-qualification floor; net EV -1.61% is below the 2.00% money-qualification value floor",2026-10-18T14:15:00Z
2026-10-10,football,Premier League,Chelsea v Bournemouth,1x2,home,Betfair,1.74,0.5653773669568339,1.7687301587301585,High,0.007725193181036428,21,,0.0,-0.016243381495108955,adequate,0.0,Reject,net EV -1.62% is below the minimum Grade C floor,daily-engine-v1.1.0-odds-api,2026-10-09T06:16:33.795932+00:00,Reject,REJECT,False,"kickoff is 31.7h away -- outside the configured 24h money-event horizon; research grade 'Reject' is not in the actionable set ['A', 'A+', 'B']; net EV -1.62% is below the 2.00% money-qualification value floor",2026-10-10T14:00:00Z
2026-10-11,football,Eredivisie,SC Telstar v ADO Den Haag,1x2,draw,Betfair Sportsbook,3.9,0.2521666200726866,3.9656319290465634,High,0.00811878812194288,19,,0.0,-0.016550181716522228,adequate,0.0,Reject,net EV -1.66% is below the minimum Grade C floor,daily-engine-v1.1.0-odds-api,2026-10-09T06:16:33.795932+00:00,Reject,REJECT,False,"kickoff is 54.2h away -- outside the configured 24h money-event horizon; research grade 'Reject' is not in the actionable set ['A', 'A+', 'B']; estimated probability 25.2% is below the 50% money-qualification floor; net EV -1.66% is below the 2.00% money-qualification value floor",2026-10-11T12:30:00Z
2026-10-10,football,Scottish Premiership,Dundee United v Hibernian,1x2,draw,Betfred (UK),3.75,0.26223193882581236,3.8134180164234315,High,0.006386173834582621,20,,0.0,-0.01663022940320369,adequate,0.0,Reject,net EV -1.66% is below the minimum Grade C floor,daily-engine-v1.1.0-odds-api,2026-10-09T06:16:33.795932+00:00,Reject,REJECT,False,"kickoff is 31.7h away -- outside the configured 24h money-event horizon; research grade 'Reject' is not in the actionable set ['A', 'A+', 'B']; estimated probability 26.2% is below the 50% money-qualification floor; net EV -1.66% is below the 2.00% money-qualification value floor",2026-10-10T14:00:00Z
2026-10-10,football,Primeira Liga,Académico de Viseu v Estoril,1x2,home,Virgin Bet,2.4,0.4096069868995634,2.4413646055437095,High,0.010108450398402158,20,,0.0,-0.016943231441048034,adequate,0.0,Reject,net EV -1.69% is below the minimum Grade C floor,daily-engine-v1.1.0-odds-api,2026-10-09T06:16:33.795932+00:00,Reject,REJECT,False,"kickoff is 37.2h away -- outside the configured 24h money-event horizon; research grade 'Reject' is not in the actionable set ['A', 'A+', 'B']; estimated probability 41.0% is below the 50% money-qualification floor; net EV -1.69% is below the 2.00% money-qualification value floor",2026-10-10T19:30:00Z
2026-10-11,football,Scottish Premiership,Aberdeen v St Johnstone,over_under_2_5,over,William Hill,1.95,0.504032028672204,1.984000902947276,Medium,0.015605969416222526,4,,0.0,-0.01713754408920226,adequate,0.0,Reject,net EV -1.71% is below the minimum Grade C floor,daily-engine-v1.1.0-odds-api,2026-10-09T06:16:33.795932+00:00,Reject,REJECT,False,"kickoff is 54.7h away -- outside the configured 24h money-event horizon; research grade 'Reject' is not in the actionable set ['A', 'A+', 'B']; estimated probability 50.4% is below the 60% money-qualification floor (the stricter Medium-confidence floor); net EV -1.71% is below the 5.00% money-qualification value floor (the stricter Medium-confidence floor)",2026-10-11T13:00:00Z
2026-10-11,football,Championship,Southampton v Portsmouth,1x2,home,Betfair,1.66,0.5920637338006458,1.6890073532805012,High,0.0049986977399894585,20,,0.0,-0.017174201890927998,adequate,0.0,Reject,net EV -1.72% is below the minimum Grade C floor,daily-engine-v1.1.0-odds-api,2026-10-09T06:16:33.795932+00:00,Reject,REJECT,False,"kickoff is 52.7h away -- outside the configured 24h money-event horizon; research grade 'Reject' is not in the actionable set ['A', 'A+', 'B']; net EV -1.72% is below the 2.00% money-qualification value floor",2026-10-11T11:00:00Z
2026-10-17,football,Bundesliga,Werder Bremen v SC Paderborn,1x2,away,Coral,4.0,0.2456896551724138,4.070175438596491,High,0.005768559685643572,17,,0.0,-0.01724137931034475,adequate,0.0,Reject,net EV -1.72% is below the minimum Grade C floor,daily-engine-v1.1.0-odds-api,2026-10-09T06:16:33.795932+00:00,Reject,REJECT,False,"kickoff is 199.2h away -- outside the configured 24h money-event horizon; research grade 'Reject' is not in the actionable set ['A', 'A+', 'B']; estimated probability 24.6% is below the 50% money-qualification floor; net EV -1.72% is below the 2.00% money-qualification value floor",2026-10-17T13:30:00Z
2026-10-10,football,Ligue 1,Brest v Angers,1x2,draw,Betfair,3.8,0.258614577424844,3.866758053461275,High,0.0038446180611197843,20,,0.0,-0.017264605785592746,adequate,0.0,Reject,net EV -1.73% is below the minimum Grade C floor,daily-engine-v1.1.0-odds-api,2026-10-09T06:16:33.795932+00:00,Reject,REJECT,False,"kickoff is 36.5h away -- outside the configured 24h money-event horizon; research grade 'Reject' is not in the actionable set ['A', 'A+', 'B']; estimated probability 25.9% is below the 50% money-qualification floor; net EV -1.73% is below the 2.00% money-qualification value floor",2026-10-10T18:45:00Z
2026-10-10,football,Primeira Liga,Académico de Viseu v Estoril,1x2,away,Betfair,3.15,0.311971782116743,3.205418109339741,High,0.008050259079648688,20,,0.0,-0.017288886332259668,adequate,0.0,Reject,net EV -1.73% is below the minimum Grade C floor,daily-engine-v1.1.0-odds-api,2026-10-09T06:16:33.795932+00:00,Reject,REJECT,False,"kickoff is 37.2h away -- outside the configured 24h money-event horizon; research grade 'Reject' is not in the actionable set ['A', 'A+', 'B']; estimated probability 31.2% is below the 50% money-qualification floor; net EV -1.73% is below the 2.00% money-qualification value floor",2026-10-10T19:30:00Z
2026-10-10,football,Serie A,Genoa v Fiorentina,1x2,draw,Betfred (UK),3.4,0.28901154039136984,3.4600694444444438,High,0.004147891023981645,21,,0.0,-0.01736076266934261,adequate,0.0,Reject,net EV -1.74% is below the minimum Grade C floor,daily-engine-v1.1.0-odds-api,2026-10-09T06:16:33.795932+00:00,Reject,REJECT,False,"kickoff is 30.7h away -- outside the configured 24h money-event horizon; research grade 'Reject' is not in the actionable set ['A', 'A+', 'B']; estimated probability 28.9% is below the 50% money-qualification floor; net EV -1.74% is below the 2.00% money-qualification value floor",2026-10-10T13:00:00Z
2026-10-18,football,La Liga,Málaga v Real Sociedad,1x2,home,Grosvenor,3.3,0.2977406964209087,3.358627194806868,High,0.004210508116373109,14,,0.0,-0.017455701811001312,adequate,0.0,Reject,net EV -1.75% is below the minimum Grade C floor,daily-engine-v1.1.0-odds-api,2026-10-09T06:16:33.795932+00:00,Reject,REJECT,False,"kickoff is 226.2h away -- outside the configured 24h money-event horizon; research grade 'Reject' is not in the actionable set ['A', 'A+', 'B']; estimated probability 29.8% is below the 50% money-qualification floor; net EV -1.75% is below the 2.00% money-qualification value floor",2026-10-18T16:30:00Z
2026-10-16,football,Ligue 1,Le Mans FC v Toulouse,1x2,draw,Betfred (UK),3.6,0.2729214354809359,3.6640581134194274,High,0.019986405324032064,15,,0.0,-0.017482832268630677,adequate,0.0,Reject,net EV -1.75% is below the minimum Grade C floor,daily-engine-v1.1.0-odds-api,2026-10-09T06:16:33.795932+00:00,Reject,REJECT,False,"kickoff is 180.5h away -- outside the configured 24h money-event horizon; research grade 'Reject' is not in the actionable set ['A', 'A+', 'B']; estimated probability 27.3% is below the 50% money-qualification floor; net EV -1.75% is below the 2.00% money-qualification value floor",2026-10-16T18:45:00Z
2026-10-11,football,Premier League,Hull City v Everton,over_under_2_5,over,Matchbook,2.08,0.4722955145118733,2.11731843575419,High,0.005915284937372459,5,,0.0,-0.017625329815303625,adequate,0.0,Reject,net EV -1.76% is below the minimum Grade C floor,daily-engine-v1.1.0-odds-api,2026-10-09T06:16:33.795932+00:00,Reject,REJECT,False,"kickoff is 54.7h away -- outside the configured 24h money-event horizon; research grade 'Reject' is not in the actionable set ['A', 'A+', 'B']; estimated probability 47.2% is below the 50% money-qualification floor; net EV -1.76% is below the 2.00% money-qualification value floor",2026-10-11T13:00:00Z
2026-10-12,football,Serie A,Torino v Udinese,1x2,home,Smarkets,2.44,0.4025974025974026,2.4838709677419355,High,0.006328865083179001,20,,0.0,-0.0176623376623376,adequate,0.0,Reject,net EV -1.77% is below the minimum Grade C floor,daily-engine-v1.1.0-odds-api,2026-10-09T06:16:33.795932+00:00,Reject,REJECT,False,"kickoff is 84.5h away -- outside the configured 24h money-event horizon; research grade 'Reject' is not in the actionable set ['A', 'A+', 'B']; estimated probability 40.3% is below the 50% money-qualification floor; net EV -1.77% is below the 2.00% money-qualification value floor",2026-10-12T18:45:00Z
2026-10-17,football,Premier League,Brentford v Liverpool,1x2,away,Casumo,2.48,0.3960854578860258,2.524707686409814,High,0.00656802898441479,17,,0.0,-0.017708064442656046,adequate,0.0,Reject,net EV -1.77% is below the minimum Grade C floor,daily-engine-v1.1.0-odds-api,2026-10-09T06:16:33.795932+00:00,Reject,REJECT,False,"kickoff is 199.7h away -- outside the configured 24h money-event horizon; research grade 'Reject' is not in the actionable set ['A', 'A+', 'B']; estimated probability 39.6% is below the 50% money-qualification floor; net EV -1.77% is below the 2.00% money-qualification value floor",2026-10-17T14:00:00Z
2026-10-18,football,Ligue 1,Lorient v AS Monaco,1x2,draw,Betfred (UK),3.6,0.2728226652675761,3.6653846153846152,High,0.007656275105801898,15,,0.0,-0.017838405036726068,adequate,0.0,Reject,net EV -1.78% is below the minimum Grade C floor,daily-engine-v1.1.0-odds-api,2026-10-09T06:16:33.795932+00:00,Reject,REJECT,False,"kickoff is 225.0h away -- outside the configured 24h money-event horizon; research grade 'Reject' is not in the actionable set ['A', 'A+', 'B']; estimated probability 27.3% is below the 50% money-qualification floor; net EV -1.78% is below the 2.00% money-qualification value floor",2026-10-18T15:15:00Z
2026-10-17,football,Bundesliga,Elversberg v Augsburg,1x2,away,Grosvenor,2.7,0.3636363636363636,2.7500000000000004,High,0.007629369647519302,17,,0.0,-0.0181818181818183,adequate,0.0,Reject,net EV -1.82% is below the minimum Grade C floor,daily-engine-v1.1.0-odds-api,2026-10-09T06:16:33.795932+00:00,Reject,REJECT,False,"kickoff is 199.2h away -- outside the configured 24h money-event horizon; research grade 'Reject' is not in the actionable set ['A', 'A+', 'B']; estimated probability 36.4% is below the 50% money-qualification floor; net EV -1.82% is below the 2.00% money-qualification value floor",2026-10-17T13:30:00Z
2026-10-17,football,Premier League,Fulham v Hull City,1x2,draw,Betfair,4.1,0.23944514779545334,4.176321839080459,High,0.0035819471474367133,17,,0.0,-0.018274894038641354,adequate,0.0,Reject,net EV -1.83% is below the minimum Grade C floor,daily-engine-v1.1.0-odds-api,2026-10-09T06:16:33.795932+00:00,Reject,REJECT,False,"kickoff is 199.7h away -- outside the configured 24h money-event horizon; research grade 'Reject' is not in the actionable set ['A', 'A+', 'B']; estimated probability 23.9% is below the 50% money-qualification floor; net EV -1.83% is below the 2.00% money-qualification value floor",2026-10-17T14:00:00Z
2026-10-17,football,Premier League,Fulham v Hull City,1x2,away,Betfred (UK),5.0,0.19634502119227173,5.093075413512755,High,0.004402933329321205,17,,0.0,-0.018274894038641354,adequate,0.0,Reject,net EV -1.83% is below the minimum Grade C floor,daily-engine-v1.1.0-odds-api,2026-10-09T06:16:33.795932+00:00,Reject,REJECT,False,"kickoff is 199.7h away -- outside the configured 24h money-event horizon; research grade 'Reject' is not in the actionable set ['A', 'A+', 'B']; estimated probability 19.6% is below the 50% money-qualification floor; net EV -1.83% is below the 2.00% money-qualification value floor",2026-10-17T14:00:00Z
2026-10-17,football,Premier League,Fulham v Hull City,1x2,home,Betfair,1.74,0.5642098310122751,1.7723902439024388,High,0.005718466870334205,17,,0.0,-0.01827489403864141,adequate,0.0,Reject,net EV -1.83% is below the minimum Grade C floor,daily-engine-v1.1.0-odds-api,2026-10-09T06:16:33.795932+00:00,Reject,REJECT,False,"kickoff is 199.7h away -- outside the configured 24h money-event horizon; research grade 'Reject' is not in the actionable set ['A', 'A+', 'B']; net EV -1.83% is below the 2.00% money-qualification value floor",2026-10-17T14:00:00Z
2026-10-10,football,Ligue 1,Lorient v Paris FC,1x2,away,Betfair,2.32,0.4230454293769015,2.363812325009368,High,0.00620272558410636,20,,0.0,-0.018534603845588582,adequate,0.0,Reject,net EV -1.85% is below the minimum Grade C floor,daily-engine-v1.1.0-odds-api,2026-10-09T06:16:33.795932+00:00,Reject,REJECT,False,"kickoff is 36.5h away -- outside the configured 24h money-event horizon; research grade 'Reject' is not in the actionable set ['A', 'A+', 'B']; estimated probability 42.3% is below the 50% money-qualification floor; net EV -1.85% is below the 2.00% money-qualification value floor",2026-10-10T18:45:00Z
2026-10-10,football,Championship,Middlesbrough v Wolverhampton Wanderers,1x2,home,Betfair,2.3,0.4267151194802335,2.343483870967742,High,0.006773675423898267,21,,0.0,-0.018555225195463043,adequate,0.0,Reject,net EV -1.86% is below the minimum Grade C floor,daily-engine-v1.1.0-odds-api,2026-10-09T06:16:33.795932+00:00,Reject,REJECT,False,"kickoff is 31.7h away -- outside the configured 24h money-event horizon; research grade 'Reject' is not in the actionable set ['A', 'A+', 'B']; estimated probability 42.7% is below the 50% money-qualification floor; net EV -1.86% is below the 2.00% money-qualification value floor",2026-10-10T14:00:00Z
2026-10-17,football,Premier League,Newcastle United v Aston Villa,1x2,away,Unibet (UK),3.3,0.2973670438344793,3.3628474329408906,High,0.006654762950071173,17,,0.0,-0.018688755346218278,adequate,0.0,Reject,net EV -1.87% is below the minimum Grade C floor,daily-engine-v1.1.0-odds-api,2026-10-09T06:16:33.795932+00:00,Reject,REJECT,False,"kickoff is 202.2h away -- outside the configured 24h money-event horizon; research grade 'Reject' is not in the actionable set ['A', 'A+', 'B']; estimated probability 29.7% is below the 50% money-qualification floor; net EV -1.87% is below the 2.00% money-qualification value floor",2026-10-17T16:30:00Z
2026-10-17,football,Ligue 1,Troyes v RC Lens,1x2,draw,Betfred (UK),4.0,0.24530831099195707,4.076502732240438,High,0.005183275837255218,15,,0.0,-0.018766756032171705,adequate,0.0,Reject,net EV -1.88% is below the minimum Grade C floor,daily-engine-v1.1.0-odds-api,2026-10-09T06:16:33.795932+00:00,Reject,REJECT,False,"kickoff is 204.5h away -- outside the configured 24h money-event horizon; research grade 'Reject' is not in the actionable set ['A', 'A+', 'B']; estimated probability 24.5% is below the 50% money-qualification floor; net EV -1.88% is below the 2.00% money-qualification value floor",2026-10-17T18:45:00Z
2026-10-09,football,Primeira Liga,Braga v Sporting Lisbon,1x2,away,Smarkets,2.38,0.4122804282033455,2.425533524251553,High,0.014540779999568319,20,,0.0,-0.018772580876037837,adequate,0.0,Reject,net EV -1.88% is below the minimum Grade C floor,daily-engine-v1.1.0-odds-api,2026-10-09T06:16:33.795932+00:00,Reject,REJECT,False,"research grade 'Reject' is not in the actionable set ['A', 'A+', 'B']; estimated probability 41.2% is below the 50% money-qualification floor; net EV -1.88% is below the 2.00% money-qualification value floor",2026-10-09T19:15:00Z
2026-10-10,football,Championship,Preston North End v Millwall,1x2,away,Betfred (UK),2.5,0.3924665856622114,2.5479876160990713,High,0.009597130906606527,21,,0.0,-0.01883353584447156,adequate,0.0,Reject,net EV -1.88% is below the minimum Grade C floor,daily-engine-v1.1.0-odds-api,2026-10-09T06:16:33.795932+00:00,Reject,REJECT,False,"kickoff is 31.7h away -- outside the configured 24h money-event horizon; research grade 'Reject' is not in the actionable set ['A', 'A+', 'B']; estimated probability 39.2% is below the 50% money-qualification floor; net EV -1.88% is below the 2.00% money-qualification value floor",2026-10-10T14:00:00Z
2026-10-19,football,Serie A,Monza v Cagliari,1x2,draw,Betfred (UK),3.3,0.2973177499369377,3.3634049773755654,High,0.006621005170342882,15,,0.0,-0.018851425208105566,adequate,0.0,Reject,net EV -1.89% is below the minimum Grade C floor,daily-engine-v1.1.0-odds-api,2026-10-09T06:16:33.795932+00:00,Reject,REJECT,False,"kickoff is 250.2h away -- outside the configured 24h money-event horizon; research grade 'Reject' is not in the actionable set ['A', 'A+', 'B']; estimated probability 29.7% is below the 50% money-qualification floor; net EV -1.89% is below the 2.00% money-qualification value floor",2026-10-19T16:30:00Z
2026-10-11,football,Scottish Premiership,Motherwell v Celtic,1x2,away,Smarkets,1.66,0.5910285497525276,1.6919656426389467,High,0.010510515798682372,20,,0.0,-0.01889260741080423,adequate,0.0,Reject,net EV -1.89% is below the minimum Grade C floor,daily-engine-v1.1.0-odds-api,2026-10-09T06:16:33.795932+00:00,Reject,REJECT,False,"kickoff is 52.7h away -- outside the configured 24h money-event horizon; research grade 'Reject' is not in the actionable set ['A', 'A+', 'B']; net EV -1.89% is below the 2.00% money-qualification value floor",2026-10-11T11:00:00Z
2026-10-11,football,Ligue 1,Nice v Strasbourg,1x2,home,Grosvenor,2.4,0.40875912408759124,2.4464285714285716,High,0.00931864666961274,20,,0.0,-0.018978102189781132,adequate,0.0,Reject,net EV -1.90% is below the minimum Grade C floor,daily-engine-v1.1.0-odds-api,2026-10-09T06:16:33.795932+00:00,Reject,REJECT,False,"kickoff is 54.7h away -- outside the configured 24h money-event horizon; research grade 'Reject' is not in the actionable set ['A', 'A+', 'B']; estimated probability 40.9% is below the 50% money-qualification floor; net EV -1.90% is below the 2.00% money-qualification value floor",2026-10-11T13:00:00Z
2026-10-11,football,Serie A,Sassuolo v AC Milan,1x2,away,Smarkets,1.89,0.518987341772152,1.9268292682926826,High,0.004542272236257673,21,,0.0,-0.01911392405063278,adequate,0.0,Reject,net EV -1.91% is below the minimum Grade C floor,daily-engine-v1.1.0-odds-api,2026-10-09T06:16:33.795932+00:00,Reject,REJECT,False,"kickoff is 57.7h away -- outside the configured 24h money-event horizon; research grade 'Reject' is not in the actionable set ['A', 'A+', 'B']; net EV -1.91% is below the 2.00% money-qualification value floor",2026-10-11T16:00:00Z
2026-10-18,football,Bundesliga,Borussia Monchengladbach v TSG Hoffenheim,1x2,draw,Betfred (UK),4.2,0.23353293413173648,4.282051282051283,High,0.005683471405458872,17,,0.0,-0.01916167664670676,adequate,0.0,Reject,net EV -1.92% is below the minimum Grade C floor,daily-engine-v1.1.0-odds-api,2026-10-09T06:16:33.795932+00:00,Reject,REJECT,False,"kickoff is 225.2h away -- outside the configured 24h money-event horizon; research grade 'Reject' is not in the actionable set ['A', 'A+', 'B']; estimated probability 23.4% is below the 50% money-qualification floor; net EV -1.92% is below the 2.00% money-qualification value floor",2026-10-18T15:30:00Z
2026-10-09,football,Bundesliga,Borussia Dortmund v Werder Bremen,1x2,home,Smarkets,1.36,0.7211687907988809,1.386637931034483,High,0.010903781927126247,21,,0.0,-0.01921044451352194,adequate,0.0,Reject,net EV -1.92% is below the minimum Grade C floor,daily-engine-v1.1.0-odds-api,2026-10-09T06:16:33.795932+00:00,Reject,REJECT,False,"research grade 'Reject' is not in the actionable set ['A', 'A+', 'B']; net EV -1.92% is below the 2.00% money-qualification value floor",2026-10-09T18:30:00Z
2026-10-17,football,Bundesliga,Hamburger SV v VfB Stuttgart,1x2,draw,Grosvenor,4.25,0.23076923076923073,4.333333333333334,High,0.007958140409024282,19,,0.0,-0.019230769230769384,adequate,0.0,Reject,net EV -1.92% is below the minimum Grade C floor,daily-engine-v1.1.0-odds-api,2026-10-09T06:16:33.795932+00:00,Reject,REJECT,False,"kickoff is 199.2h away -- outside the configured 24h money-event horizon; research grade 'Reject' is not in the actionable set ['A', 'A+', 'B']; estimated probability 23.1% is below the 50% money-qualification floor; net EV -1.92% is below the 2.00% money-qualification value floor",2026-10-17T13:30:00Z
2026-10-12,football,Premier League,Coventry City v Newcastle United,1x2,away,Smarkets,2.16,0.45392224192797753,2.2030204903655437,High,0.004976067750208737,20,,0.0,-0.019527957435568455,adequate,0.0,Reject,net EV -1.95% is below the minimum Grade C floor,daily-engine-v1.1.0-odds-api,2026-10-09T06:16:33.795932+00:00,Reject,REJECT,False,"kickoff is 84.7h away -- outside the configured 24h money-event horizon; research grade 'Reject' is not in the actionable set ['A', 'A+', 'B']; estimated probability 45.4% is below the 50% money-qualification floor; net EV -1.95% is below the 2.00% money-qualification value floor",2026-10-12T19:00:00Z
2026-10-10,football,Championship,Watford v Burnley,over_under_2_5,over,Matchbook,1.86,0.527027027027027,1.8974358974358976,High,0.003455596413654409,5,,0.0,-0.019729729729729806,adequate,0.0,Reject,net EV -1.97% is below the minimum Grade C floor,daily-engine-v1.1.0-odds-api,2026-10-09T06:16:33.795932+00:00,Reject,REJECT,False,"kickoff is 31.7h away -- outside the configured 24h money-event horizon; research grade 'Reject' is not in the actionable set ['A', 'A+', 'B']; net EV -1.97% is below the 2.00% money-qualification value floor",2026-10-10T14:00:00Z
2026-10-10,football,Championship,Charlton Athletic v Bristol City,1x2,away,Betfair,2.36,0.41534713763702796,2.407624633431085,High,0.004148513892412554,21,,0.0,-0.01978075517661415,adequate,0.0,Reject,net EV -1.98% is below the minimum Grade C floor,daily-engine-v1.1.0-odds-api,2026-10-09T06:16:33.795932+00:00,Reject,REJECT,False,"kickoff is 29.2h away -- outside the configured 24h money-event horizon; research grade 'Reject' is not in the actionable set ['A', 'A+', 'B']; estimated probability 41.5% is below the 50% money-qualification floor; net EV -1.98% is below the 2.00% money-qualification value floor",2026-10-10T11:30:00Z
2026-10-17,football,Premier League,Everton v Chelsea,1x2,draw,Betfair,3.8,0.25789762006208533,3.8775076705215956,High,0.0032832918822415075,17,,0.0,-0.019989043764075842,adequate,0.0,Reject,net EV -2.00% is below the minimum Grade C floor,daily-engine-v1.1.0-odds-api,2026-10-09T06:16:33.795932+00:00,Reject,REJECT,False,"kickoff is 197.2h away -- outside the configured 24h money-event horizon; research grade 'Reject' is not in the actionable set ['A', 'A+', 'B']; estimated probability 25.8% is below the 50% money-qualification floor; net EV -2.00% is below the 2.00% money-qualification value floor",2026-10-17T11:30:00Z
2026-10-12,football,Serie A,Atalanta BC v Venezia,1x2,draw,Unibet (UK),4.35,0.22528633671632445,4.438795599305154,High,0.005459007947716867,21,,0.0,-0.020004435283988653,adequate,0.0,Reject,net EV -2.00% is below the minimum Grade C floor,daily-engine-v1.1.0-odds-api,2026-10-09T06:16:33.795932+00:00,Reject,REJECT,False,"kickoff is 82.2h away -- outside the configured 24h money-event horizon; research grade 'Reject' is not in the actionable set ['A', 'A+', 'B']; estimated probability 22.5% is below the 50% money-qualification floor; net EV -2.00% is below the 2.00% money-qualification value floor",2026-10-12T16:30:00Z
2026-10-10,football,La Liga,Barcelona v Getafe,1x2,home,Smarkets,1.1,0.8907648186285507,1.1226307764822046,High,0.012608880822510517,20,,0.0,-0.020158699508594127,adequate,0.0,Reject,net EV -2.02% is below the minimum Grade C floor,daily-engine-v1.1.0-odds-api,2026-10-09T06:16:33.795932+00:00,Reject,REJECT,False,"kickoff is 34.2h away -- outside the configured 24h money-event horizon; research grade 'Reject' is not in the actionable set ['A', 'A+', 'B']; odds 1.10 are below the configured payout floor of 1.33; net EV -2.02% is below the 2.00% money-qualification value floor",2026-10-10T16:30:00Z
2026-10-10,football,Championship,Bolton Wanderers v Stoke City,1x2,away,Betfair,2.64,0.3711340206185567,2.694444444444444,High,0.007175738043515759,21,,0.0,-0.02020618556701026,adequate,0.0,Reject,net EV -2.02% is below the minimum Grade C floor,daily-engine-v1.1.0-odds-api,2026-10-09T06:16:33.795932+00:00,Reject,REJECT,False,"kickoff is 31.7h away -- outside the configured 24h money-event horizon; research grade 'Reject' is not in the actionable set ['A', 'A+', 'B']; estimated probability 37.1% is below the 50% money-qualification floor; net EV -2.02% is below the 2.00% money-qualification value floor",2026-10-10T14:00:00Z
2026-10-18,football,Serie A,AC Milan v Atalanta BC,1x2,home,Smarkets,1.92,0.5100671140939597,1.960526315789474,High,0.011603947285777561,15,,0.0,-0.020671140939597488,adequate,0.0,Reject,net EV -2.07% is below the minimum Grade C floor,daily-engine-v1.1.0-odds-api,2026-10-09T06:16:33.795932+00:00,Reject,REJECT,False,"kickoff is 225.7h away -- outside the configured 24h money-event horizon; research grade 'Reject' is not in the actionable set ['A', 'A+', 'B']; net EV -2.07% is below the 2.00% money-qualification value floor",2026-10-18T16:00:00Z
2026-10-10,football,Championship,Blackburn Rovers v Cardiff City,1x2,draw,Paddy Power,3.75,0.26112525234793293,3.829579831932773,High,0.0056150069171299255,20,,0.0,-0.020780303695251523,adequate,0.0,Reject,net EV -2.08% is below the minimum Grade C floor,daily-engine-v1.1.0-odds-api,2026-10-09T06:16:33.795932+00:00,Reject,REJECT,False,"kickoff is 31.7h away -- outside the configured 24h money-event horizon; research grade 'Reject' is not in the actionable set ['A', 'A+', 'B']; estimated probability 26.1% is below the 50% money-qualification floor; net EV -2.08% is below the 2.00% money-qualification value floor",2026-10-10T14:00:00Z
2026-10-10,football,Championship,Sheffield United v Lincoln City,over_under_2_5,over,Matchbook,2.08,0.4707379134860051,2.1243243243243244,High,0.014542187702773553,5,,0.0,-0.020865139949109435,adequate,0.0,Reject,net EV -2.09% is below the minimum Grade C floor,daily-engine-v1.1.0-odds-api,2026-10-09T06:16:33.795932+00:00,Reject,REJECT,False,"kickoff is 31.7h away -- outside the configured 24h money-event horizon; research grade 'Reject' is not in the actionable set ['A', 'A+', 'B']; estimated probability 47.1% is below the 50% money-qualification floor; net EV -2.09% is below the 2.00% money-qualification value floor",2026-10-10T14:00:00Z
2026-10-10,football,Championship,Sheffield United v Lincoln City,over_under_2_5,under,Grosvenor,1.85,0.5292620865139949,1.889423076923077,High,0.014542187702773463,5,,0.0,-0.020865139949109435,adequate,0.0,Reject,net EV -2.09% is below the minimum Grade C floor,daily-engine-v1.1.0-odds-api,2026-10-09T06:16:33.795932+00:00,Reject,REJECT,False,"kickoff is 31.7h away -- outside the configured 24h money-event horizon; research grade 'Reject' is not in the actionable set ['A', 'A+', 'B']; net EV -2.09% is below the 2.00% money-qualification value floor",2026-10-10T14:00:00Z
2026-10-10,football,Belgian Pro League,Cercle Brugge KSV v Anderlecht,1x2,draw,Betfair,3.85,0.25430967021238615,3.9322138209091784,High,0.003416920204464747,18,,0.0,-0.020907769682313337,adequate,0.0,Reject,net EV -2.09% is below the minimum Grade C floor,daily-engine-v1.1.0-odds-api,2026-10-09T06:16:33.795932+00:00,Reject,REJECT,False,"kickoff is 31.7h away -- outside the configured 24h money-event horizon; research grade 'Reject' is not in the actionable set ['A', 'A+', 'B']; estimated probability 25.4% is below the 50% money-qualification floor; net EV -2.09% is below the 2.00% money-qualification value floor",2026-10-10T14:00:00Z
2026-10-11,football,Championship,Southampton v Portsmouth,over_under_2_5,over,Matchbook,1.7,0.5759162303664922,1.736363636363636,High,0.0020260390142716345,5,,0.0,-0.020942408376963262,adequate,0.0,Reject,net EV -2.09% is below the minimum Grade C floor,daily-engine-v1.1.0-odds-api,2026-10-09T06:16:33.795932+00:00,Reject,REJECT,False,"kickoff is 52.7h away -- outside the configured 24h money-event horizon; research grade 'Reject' is not in the actionable set ['A', 'A+', 'B']; net EV -2.09% is below the 2.00% money-qualification value floor",2026-10-11T11:00:00Z
2026-10-17,football,Premier League,Everton v Chelsea,1x2,away,Betfair,2.4,0.40783289817232377,2.4519846350832264,High,0.007367151444640595,17,,0.0,-0.021201044386422896,adequate,0.0,Reject,net EV -2.12% is below the minimum Grade C floor,daily-engine-v1.1.0-odds-api,2026-10-09T06:16:33.795932+00:00,Reject,REJECT,False,"kickoff is 197.2h away -- outside the configured 24h money-event horizon; research grade 'Reject' is not in the actionable set ['A', 'A+', 'B']; estimated probability 40.8% is below the 50% money-qualification floor; net EV -2.12% is below the 2.00% money-qualification value floor",2026-10-17T11:30:00Z
2026-10-11,football,Primeira Liga,Arouca v CF Estrela,1x2,home,Coral,2.2,0.44488618912811667,2.2477658880798024,High,0.00756021593627212,20,,0.0,-0.021250383918143267,adequate,0.0,Reject,net EV -2.13% is below the minimum Grade C floor,daily-engine-v1.1.0-odds-api,2026-10-09T06:16:33.795932+00:00,Reject,REJECT,False,"kickoff is 61.2h away -- outside the configured 24h money-event horizon; research grade 'Reject' is not in the actionable set ['A', 'A+', 'B']; estimated probability 44.5% is below the 50% money-qualification floor; net EV -2.13% is below the 2.00% money-qualification value floor",2026-10-11T19:30:00Z
2026-10-17,football,La Liga,Espanyol v Atlético Madrid,1x2,draw,Betfair,3.85,0.25411651679615294,3.9352026881518274,High,0.004865449555049498,14,,0.0,-0.021651410334811105,adequate,0.0,Reject,net EV -2.17% is below the minimum Grade C floor,daily-engine-v1.1.0-odds-api,2026-10-09T06:16:33.795932+00:00,Reject,REJECT,False,"kickoff is 197.7h away -- outside the configured 24h money-event horizon; research grade 'Reject' is not in the actionable set ['A', 'A+', 'B']; estimated probability 25.4% is below the 50% money-qualification floor; net EV -2.17% is below the 2.00% money-qualification value floor",2026-10-17T12:00:00Z
2026-10-18,football,Premier League,Leeds United v Manchester United,1x2,away,William Hill,2.4,0.407581545694975,2.453496755587599,High,0.007154087885990931,17,,0.0,-0.021804290332060106,adequate,0.0,Reject,net EV -2.18% is below the minimum Grade C floor,daily-engine-v1.1.0-odds-api,2026-10-09T06:16:33.795932+00:00,Reject,REJECT,False,"kickoff is 222.7h away -- outside the configured 24h money-event horizon; research grade 'Reject' is not in the actionable set ['A', 'A+', 'B']; estimated probability 40.8% is below the 50% money-qualification floor; net EV -2.18% is below the 2.00% money-qualification value floor",2026-10-18T13:00:00Z
2026-10-10,football,Championship,West Bromwich Albion v Birmingham City,over_under_2_5,under,Matchbook,1.9,0.5148247978436657,1.942408376963351,High,0.007223569477137795,5,,0.0,-0.0218328840970351,adequate,0.0,Reject,net EV -2.18% is below the minimum Grade C floor,daily-engine-v1.1.0-odds-api,2026-10-09T06:16:33.795932+00:00,Reject,REJECT,False,"kickoff is 29.2h away -- outside the configured 24h money-event horizon; research grade 'Reject' is not in the actionable set ['A', 'A+', 'B']; net EV -2.18% is below the 2.00% money-qualification value floor",2026-10-10T11:30:00Z
2026-10-10,football,Championship,Preston North End v Millwall,over_under_2_5,over,Matchbook,1.9,0.5148247978436657,1.942408376963351,High,0.0069247264743460156,5,,0.0,-0.0218328840970351,adequate,0.0,Reject,net EV -2.18% is below the minimum Grade C floor,daily-engine-v1.1.0-odds-api,2026-10-09T06:16:33.795932+00:00,Reject,REJECT,False,"kickoff is 31.7h away -- outside the configured 24h money-event horizon; research grade 'Reject' is not in the actionable set ['A', 'A+', 'B']; net EV -2.18% is below the 2.00% money-qualification value floor",2026-10-10T14:00:00Z
2026-10-10,football,Bundesliga,RB Leipzig v Eintracht Frankfurt,1x2,home,Smarkets,1.61,0.6075334143377885,1.6460000000000001,High,0.006713469712350202,21,,0.0,-0.02187120291616046,adequate,0.0,Reject,net EV -2.19% is below the minimum Grade C floor,daily-engine-v1.1.0-odds-api,2026-10-09T06:16:33.795932+00:00,Reject,REJECT,False,"kickoff is 34.2h away -- outside the configured 24h money-event horizon; research grade 'Reject' is not in the actionable set ['A', 'A+', 'B']; net EV -2.19% is below the 2.00% money-qualification value floor",2026-10-10T16:30:00Z
2026-10-18,football,Eredivisie,FC Twente Enschede v FC Utrecht,1x2,home,Grosvenor,1.41,0.6936647955092221,1.4416184971098267,High,0.019134030551038135,12,,0.0,-0.02193263833199688,adequate,0.0,Reject,net EV -2.19% is below the minimum Grade C floor,daily-engine-v1.1.0-odds-api,2026-10-09T06:16:33.795932+00:00,Reject,REJECT,False,"kickoff is 227.7h away -- outside the configured 24h money-event horizon; research grade 'Reject' is not in the actionable set ['A', 'A+', 'B']; net EV -2.19% is below the 2.00% money-qualification value floor",2026-10-18T18:00:00Z
2026-10-18,football,Serie A,AC Milan v Atalanta BC,1x2,away,Grosvenor,4.25,0.23011456628477903,4.345661450924609,High,0.008398494281936909,15,,0.0,-0.022013093289689145,adequate,0.0,Reject,net EV -2.20% is below the minimum Grade C floor,daily-engine-v1.1.0-odds-api,2026-10-09T06:16:33.795932+00:00,Reject,REJECT,False,"kickoff is 225.7h away -- outside the configured 24h money-event horizon; research grade 'Reject' is not in the actionable set ['A', 'A+', 'B']; estimated probability 23.0% is below the 50% money-qualification floor; net EV -2.20% is below the 2.00% money-qualification value floor",2026-10-18T16:00:00Z
2026-10-19,football,Serie A,Parma v Torino,1x2,draw,Betfred (UK),3.2,0.30561508786969566,3.2720897615708275,High,0.0065692808943503675,15,,0.0,-0.022031718816973744,adequate,0.0,Reject,net EV -2.20% is below the minimum Grade C floor,daily-engine-v1.1.0-odds-api,2026-10-09T06:16:33.795932+00:00,Reject,REJECT,False,"kickoff is 252.5h away -- outside the configured 24h money-event horizon; research grade 'Reject' is not in the actionable set ['A', 'A+', 'B']; estimated probability 30.6% is below the 50% money-qualification floor; net EV -2.20% is below the 2.00% money-qualification value floor",2026-10-19T18:45:00Z
2026-10-10,football,Championship,Bolton Wanderers v Stoke City,over_under_2_5,under,Matchbook,2.02,0.48412698412698413,2.0655737704918034,High,0.007460420963922982,5,,0.0,-0.022063492063492007,adequate,0.0,Reject,net EV -2.21% is below the minimum Grade C floor,daily-engine-v1.1.0-odds-api,2026-10-09T06:16:33.795932+00:00,Reject,REJECT,False,"kickoff is 31.7h away -- outside the configured 24h money-event horizon; research grade 'Reject' is not in the actionable set ['A', 'A+', 'B']; estimated probability 48.4% is below the 50% money-qualification floor; net EV -2.21% is below the 2.00% money-qualification value floor",2026-10-10T14:00:00Z
2026-10-10,football,La Liga,Alavés v Atlético Madrid,1x2,away,Smarkets,1.86,0.5257095980311731,1.9021908744772484,High,0.0052434721193321725,20,,0.0,-0.022180147662017924,adequate,0.0,Reject,net EV -2.22% is below the minimum Grade C floor,daily-engine-v1.1.0-odds-api,2026-10-09T06:16:33.795932+00:00,Reject,REJECT,False,"kickoff is 32.0h away -- outside the configured 24h money-event horizon; research grade 'Reject' is not in the actionable set ['A', 'A+', 'B']; net EV -2.22% is below the 2.00% money-qualification value floor",2026-10-10T14:15:00Z
2026-10-18,football,Premier League,Nottingham Forest v Arsenal,1x2,draw,Casumo,4.1,0.23848320813079982,4.193167342211928,Medium,0.020910701809355357,17,,0.0,-0.02221884666372087,adequate,0.0,Reject,net EV -2.22% is below the minimum Grade C floor,daily-engine-v1.1.0-odds-api,2026-10-09T06:16:33.795932+00:00,Reject,REJECT,False,"kickoff is 225.2h away -- outside the configured 24h money-event horizon; research grade 'Reject' is not in the actionable set ['A', 'A+', 'B']; estimated probability 23.8% is below the 60% money-qualification floor (the stricter Medium-confidence floor); Medium-confidence candidates require odds inside the preferred range 1.40-2.50; odds are 4.10; net EV -2.22% is below the 5.00% money-qualification value floor (the stricter Medium-confidence floor)",2026-10-18T15:30:00Z
2026-10-10,football,Belgian Pro League,SV Zulte-Waregem v Gent,1x2,home,Coral,2.9,0.3371104815864023,2.966386554621849,High,0.006200495643005227,19,,0.0,-0.022379603399433345,adequate,0.0,Reject,net EV -2.24% is below the minimum Grade C floor,daily-engine-v1.1.0-odds-api,2026-10-09T06:16:33.795932+00:00,Reject,REJECT,False,"kickoff is 36.5h away -- outside the configured 24h money-event horizon; research grade 'Reject' is not in the actionable set ['A', 'A+', 'B']; estimated probability 33.7% is below the 50% money-qualification floor; net EV -2.24% is below the 2.00% money-qualification value floor",2026-10-10T18:45:00Z
2026-10-18,football,Bundesliga,Borussia Monchengladbach v TSG Hoffenheim,1x2,home,Coral,3.4,0.287519747235387,3.478021978021979,High,0.0055245564383211215,17,,0.0,-0.022432859399684313,adequate,0.0,Reject,net EV -2.24% is below the minimum Grade C floor,daily-engine-v1.1.0-odds-api,2026-10-09T06:16:33.795932+00:00,Reject,REJECT,False,"kickoff is 225.2h away -- outside the configured 24h money-event horizon; research grade 'Reject' is not in the actionable set ['A', 'A+', 'B']; estimated probability 28.8% is below the 50% money-qualification floor; net EV -2.24% is below the 2.00% money-qualification value floor",2026-10-18T15:30:00Z
2026-10-11,football,Primeira Liga,Arouca v CF Estrela,1x2,away,Betfair,3.45,0.28329993891829863,3.529827799533666,High,0.00480374120412543,20,,0.0,-0.022615210731869673,adequate,0.0,Reject,net EV -2.26% is below the minimum Grade C floor,daily-engine-v1.1.0-odds-api,2026-10-09T06:16:33.795932+00:00,Reject,REJECT,False,"kickoff is 61.2h away -- outside the configured 24h money-event horizon; research grade 'Reject' is not in the actionable set ['A', 'A+', 'B']; estimated probability 28.3% is below the 50% money-qualification floor; net EV -2.26% is below the 2.00% money-qualification value floor",2026-10-11T19:30:00Z
2026-10-10,football,Premier League,Sunderland v Brighton and Hove Albion,1x2,draw,Betfred (UK),3.6,0.2714790929893905,3.683524904214559,High,0.0051399411050402225,21,,0.0,-0.022675265238194298,adequate,0.0,Reject,net EV -2.27% is below the minimum Grade C floor,daily-engine-v1.1.0-odds-api,2026-10-09T06:16:33.795932+00:00,Reject,REJECT,False,"kickoff is 31.7h away -- outside the configured 24h money-event horizon; research grade 'Reject' is not in the actionable set ['A', 'A+', 'B']; estimated probability 27.1% is below the 50% money-qualification floor; net EV -2.27% is below the 2.00% money-qualification value floor",2026-10-10T14:00:00Z
2026-10-17,football,Premier League,Newcastle United v Aston Villa,1x2,draw,Grosvenor,3.9,0.25057786483839367,3.9907754846779246,High,0.004937436081221719,17,,0.0,-0.02274632713026481,adequate,0.0,Reject,net EV -2.27% is below the minimum Grade C floor,daily-engine-v1.1.0-odds-api,2026-10-09T06:16:33.795932+00:00,Reject,REJECT,False,"kickoff is 202.2h away -- outside the configured 24h money-event horizon; research grade 'Reject' is not in the actionable set ['A', 'A+', 'B']; estimated probability 25.1% is below the 50% money-qualification floor; net EV -2.27% is below the 2.00% money-qualification value floor",2026-10-17T16:30:00Z
2026-10-10,football,Premier League,Aston Villa v Brentford,1x2,draw,Betfair,3.65,0.2676747037188394,3.73587786259542,High,0.00539580853760949,21,,0.0,-0.022987331426236213,adequate,0.0,Reject,net EV -2.30% is below the minimum Grade C floor,daily-engine-v1.1.0-odds-api,2026-10-09T06:16:33.795932+00:00,Reject,REJECT,False,"kickoff is 31.7h away -- outside the configured 24h money-event horizon; research grade 'Reject' is not in the actionable set ['A', 'A+', 'B']; estimated probability 26.8% is below the 50% money-qualification floor; net EV -2.30% is below the 2.00% money-qualification value floor",2026-10-10T14:00:00Z
2026-10-19,football,Serie A,Parma v Torino,1x2,home,Sky Bet,3.2,0.3052695336159903,3.275793650793651,High,0.0077633714937833985,15,,0.0,-0.023137492428831008,adequate,0.0,Reject,net EV -2.31% is below the minimum Grade C floor,daily-engine-v1.1.0-odds-api,2026-10-09T06:16:33.795932+00:00,Reject,REJECT,False,"kickoff is 252.5h away -- outside the configured 24h money-event horizon; research grade 'Reject' is not in the actionable set ['A', 'A+', 'B']; estimated probability 30.5% is below the 50% money-qualification floor; net EV -2.31% is below the 2.00% money-qualification value floor",2026-10-19T18:45:00Z
2026-10-10,football,Bundesliga,FSV Mainz 05 v Bayer Leverkusen,1x2,away,Smarkets,2.26,0.43217286914765907,2.3138888888888887,High,0.006140216343237235,21,,0.0,-0.02328931572629056,adequate,0.0,Reject,net EV -2.33% is below the minimum Grade C floor,daily-engine-v1.1.0-odds-api,2026-10-09T06:16:33.795932+00:00,Reject,REJECT,False,"kickoff is 31.2h away -- outside the configured 24h money-event horizon; research grade 'Reject' is not in the actionable set ['A', 'A+', 'B']; estimated probability 43.2% is below the 50% money-qualification floor; net EV -2.33% is below the 2.00% money-qualification value floor",2026-10-10T13:30:00Z
2026-10-18,football,Ligue 1,Lyon v Nice,1x2,away,Betfred (UK),5.0,0.19532780708364733,5.119598765432099,Medium,0.03579470745089012,15,,0.0,-0.0233609645817634,adequate,0.0,Reject,net EV -2.34% is below the minimum Grade C floor,daily-engine-v1.1.0-odds-api,2026-10-09T06:16:33.795932+00:00,Reject,REJECT,False,"kickoff is 228.5h away -- outside the configured 24h money-event horizon; research grade 'Reject' is not in the actionable set ['A', 'A+', 'B']; estimated probability 19.5% is below the 60% money-qualification floor (the stricter Medium-confidence floor); Medium-confidence candidates require odds inside the preferred range 1.40-2.50; odds are 5.00; net EV -2.34% is below the 5.00% money-qualification value floor (the stricter Medium-confidence floor)",2026-10-18T18:45:00Z
2026-10-10,football,Championship,Swansea City v Norwich City,over_under_2_5,under,Matchbook,2.16,0.4521276595744681,2.211764705882353,High,0.006048062910607619,5,,0.0,-0.023404255319148803,adequate,0.0,Reject,net EV -2.34% is below the minimum Grade C floor,daily-engine-v1.1.0-odds-api,2026-10-09T06:16:33.795932+00:00,Reject,REJECT,False,"kickoff is 29.2h away -- outside the configured 24h money-event horizon; research grade 'Reject' is not in the actionable set ['A', 'A+', 'B']; estimated probability 45.2% is below the 50% money-qualification floor; net EV -2.34% is below the 2.00% money-qualification value floor",2026-10-10T11:30:00Z
2026-10-16,football,Serie A,Frosinone v Sassuolo,1x2,away,Betfair,2.86,0.3414634146341463,2.928571428571429,High,0.004467869316561473,15,,0.0,-0.023414634146341595,adequate,0.0,Reject,net EV -2.34% is below the minimum Grade C floor,daily-engine-v1.1.0-odds-api,2026-10-09T06:16:33.795932+00:00,Reject,REJECT,False,"kickoff is 180.5h away -- outside the configured 24h money-event horizon; research grade 'Reject' is not in the actionable set ['A', 'A+', 'B']; estimated probability 34.1% is below the 50% money-qualification floor; net EV -2.34% is below the 2.00% money-qualification value floor",2026-10-16T18:45:00Z
2026-10-17,football,Premier League,Brentford v Liverpool,1x2,home,Betfair,2.82,0.3461650344225734,2.8887955182072833,High,0.006488487331978921,17,,0.0,-0.02381460292834303,adequate,0.0,Reject,net EV -2.38% is below the minimum Grade C floor,daily-engine-v1.1.0-odds-api,2026-10-09T06:16:33.795932+00:00,Reject,REJECT,False,"kickoff is 199.7h away -- outside the configured 24h money-event horizon; research grade 'Reject' is not in the actionable set ['A', 'A+', 'B']; estimated probability 34.6% is below the 50% money-qualification floor; net EV -2.38% is below the 2.00% money-qualification value floor",2026-10-17T14:00:00Z
2026-10-18,football,La Liga,Málaga v Real Sociedad,1x2,draw,Betfred (UK),3.6,0.2711474796546902,3.688029854725232,High,0.006820196480711851,14,,0.0,-0.023869073243115158,adequate,0.0,Reject,net EV -2.39% is below the minimum Grade C floor,daily-engine-v1.1.0-odds-api,2026-10-09T06:16:33.795932+00:00,Reject,REJECT,False,"kickoff is 226.2h away -- outside the configured 24h money-event horizon; research grade 'Reject' is not in the actionable set ['A', 'A+', 'B']; estimated probability 27.1% is below the 50% money-qualification floor; net EV -2.39% is below the 2.00% money-qualification value floor",2026-10-18T16:30:00Z
2026-10-11,football,Belgian Pro League,Standard Liege v Charleroi,1x2,home,Grosvenor,3.05,0.32001011889704023,3.1249011857707507,Medium,0.027960395995299803,17,,0.0,-0.023969137364027393,adequate,0.0,Reject,net EV -2.40% is below the minimum Grade C floor,daily-engine-v1.1.0-odds-api,2026-10-09T06:16:33.795932+00:00,Reject,REJECT,False,"kickoff is 53.2h away -- outside the configured 24h money-event horizon; research grade 'Reject' is not in the actionable set ['A', 'A+', 'B']; estimated probability 32.0% is below the 60% money-qualification floor (the stricter Medium-confidence floor); Medium-confidence candidates require odds inside the preferred range 1.40-2.50; odds are 3.05; net EV -2.40% is below the 5.00% money-qualification value floor (the stricter Medium-confidence floor)",2026-10-11T11:30:00Z
2026-10-10,football,Eredivisie,Fortuna Sittard v FC Twente Enschede,1x2,away,Betfair,1.48,0.6593859468370081,1.5165624999999998,High,0.009820760583418641,19,,0.0,-0.024108798681228005,adequate,0.0,Reject,net EV -2.41% is below the minimum Grade C floor,daily-engine-v1.1.0-odds-api,2026-10-09T06:16:33.795932+00:00,Reject,REJECT,False,"kickoff is 35.7h away -- outside the configured 24h money-event horizon; research grade 'Reject' is not in the actionable set ['A', 'A+', 'B']; net EV -2.41% is below the 2.00% money-qualification value floor",2026-10-10T18:00:00Z
2026-10-10,football,Eredivisie,Feyenoord v AZ Alkmaar,1x2,home,Betfair,1.88,0.5190138736400838,1.9267307692307694,High,0.005258724255348898,19,,0.0,-0.02425391755664258,adequate,0.0,Reject,net EV -2.43% is below the minimum Grade C floor,daily-engine-v1.1.0-odds-api,2026-10-09T06:16:33.795932+00:00,Reject,REJECT,False,"kickoff is 34.5h away -- outside the configured 24h money-event horizon; research grade 'Reject' is not in the actionable set ['A', 'A+', 'B']; net EV -2.43% is below the 2.00% money-qualification value floor",2026-10-10T16:45:00Z
2026-10-11,football,Ligue 1,Troyes v Marseille,1x2,home,Grosvenor,3.85,0.2534246575342466,3.9459459459459456,High,0.004653775412860891,20,,0.0,-0.02431506849315057,adequate,0.0,Reject,net EV -2.43% is below the minimum Grade C floor,daily-engine-v1.1.0-odds-api,2026-10-09T06:16:33.795932+00:00,Reject,REJECT,False,"kickoff is 60.5h away -- outside the configured 24h money-event horizon; research grade 'Reject' is not in the actionable set ['A', 'A+', 'B']; estimated probability 25.3% is below the 50% money-qualification floor; net EV -2.43% is below the 2.00% money-qualification value floor",2026-10-11T18:45:00Z
2026-10-18,football,Premier League,Leeds United v Manchester United,over_under_2_5,under,LeoVegas,2.25,0.4335932996507409,2.306308701738471,Medium,0.013055839549847707,4,,0.0,-0.024415075785833018,adequate,0.0,Reject,net EV -2.44% is below the minimum Grade C floor,daily-engine-v1.1.0-odds-api,2026-10-09T06:16:33.795932+00:00,Reject,REJECT,False,"kickoff is 222.7h away -- outside the configured 24h money-event horizon; research grade 'Reject' is not in the actionable set ['A', 'A+', 'B']; estimated probability 43.4% is below the 60% money-qualification floor (the stricter Medium-confidence floor); net EV -2.44% is below the 5.00% money-qualification value floor (the stricter Medium-confidence floor)",2026-10-18T13:00:00Z
2026-10-10,football,Eredivisie,Go Ahead Eagles v Sparta Rotterdam,1x2,draw,Betano (UK),4.2,0.23227065712426806,4.30532212885154,High,0.006768613465858129,19,,0.0,-0.0244632400780741,adequate,0.0,Reject,net EV -2.45% is below the minimum Grade C floor,daily-engine-v1.1.0-odds-api,2026-10-09T06:16:33.795932+00:00,Reject,REJECT,False,"kickoff is 32.2h away -- outside the configured 24h money-event horizon; research grade 'Reject' is not in the actionable set ['A', 'A+', 'B']; estimated probability 23.2% is below the 50% money-qualification floor; net EV -2.45% is below the 2.00% money-qualification value floor",2026-10-10T14:30:00Z
2026-10-17,football,La Liga,Real Betis v Barcelona,1x2,away,Betfair,1.47,0.6635078780627728,1.507141110245254,High,0.011399661403787299,14,,0.0,-0.024643419247724008,adequate,0.0,Reject,net EV -2.46% is below the minimum Grade C floor,daily-engine-v1.1.0-odds-api,2026-10-09T06:16:33.795932+00:00,Reject,REJECT,False,"kickoff is 202.2h away -- outside the configured 24h money-event horizon; research grade 'Reject' is not in the actionable set ['A', 'A+', 'B']; net EV -2.46% is below the 2.00% money-qualification value floor",2026-10-17T16:30:00Z
2026-10-18,football,Serie A,Udinese v Lecce,1x2,draw,Betfair,3.65,0.26720250931189965,3.742479823917828,High,0.003701992334787441,15,,0.0,-0.024710841011566287,adequate,0.0,Reject,net EV -2.47% is below the minimum Grade C floor,daily-engine-v1.1.0-odds-api,2026-10-09T06:16:33.795932+00:00,Reject,REJECT,False,"kickoff is 220.2h away -- outside the configured 24h money-event horizon; research grade 'Reject' is not in the actionable set ['A', 'A+', 'B']; estimated probability 26.7% is below the 50% money-qualification floor; net EV -2.47% is below the 2.00% money-qualification value floor",2026-10-18T10:30:00Z
2026-10-09,football,Ligue 1,RC Lens v Lyon,1x2,draw,Smarkets,3.8,0.25663134198398707,3.8966401853690833,High,0.00442808650063277,20,,0.0,-0.02480090046084915,adequate,0.0,Reject,net EV -2.48% is below the minimum Grade C floor,daily-engine-v1.1.0-odds-api,2026-10-09T06:16:33.795932+00:00,Reject,REJECT,False,"research grade 'Reject' is not in the actionable set ['A', 'A+', 'B']; estimated probability 25.7% is below the 50% money-qualification floor; net EV -2.48% is below the 2.00% money-qualification value floor",2026-10-09T18:45:00Z
2026-10-11,football,Serie A,Lazio v Monza,1x2,home,Grosvenor,1.64,0.5944339367738449,1.6822727272727271,High,0.009892734593727635,21,,0.0,-0.025128343690894395,adequate,0.0,Reject,net EV -2.51% is below the minimum Grade C floor,daily-engine-v1.1.0-odds-api,2026-10-09T06:16:33.795932+00:00,Reject,REJECT,False,"kickoff is 54.7h away -- outside the configured 24h money-event horizon; research grade 'Reject' is not in the actionable set ['A', 'A+', 'B']; net EV -2.51% is below the 2.00% money-qualification value floor",2026-10-11T13:00:00Z
2026-10-10,football,Championship,Middlesbrough v Wolverhampton Wanderers,1x2,draw,Betfair,3.8,0.25649695681576656,3.8986817325800383,High,0.005116278229507401,21,,0.0,-0.02531156410008706,adequate,0.0,Reject,net EV -2.53% is below the minimum Grade C floor,daily-engine-v1.1.0-odds-api,2026-10-09T06:16:33.795932+00:00,Reject,REJECT,False,"kickoff is 31.7h away -- outside the configured 24h money-event horizon; research grade 'Reject' is not in the actionable set ['A', 'A+', 'B']; estimated probability 25.6% is below the 50% money-qualification floor; net EV -2.53% is below the 2.00% money-qualification value floor",2026-10-10T14:00:00Z
2026-10-11,football,Serie A,Como v AS Roma,1x2,draw,Coral,3.7,0.2634088200238379,3.7963800904977374,High,0.006316559427650942,21,,0.0,-0.025387365911799686,adequate,0.0,Reject,net EV -2.54% is below the minimum Grade C floor,daily-engine-v1.1.0-odds-api,2026-10-09T06:16:33.795932+00:00,Reject,REJECT,False,"kickoff is 52.2h away -- outside the configured 24h money-event horizon; research grade 'Reject' is not in the actionable set ['A', 'A+', 'B']; estimated probability 26.3% is below the 50% money-qualification floor; net EV -2.54% is below the 2.00% money-qualification value floor",2026-10-11T10:30:00Z
2026-10-17,football,Bundesliga,FC Schalke 04 v FSV Mainz 05,1x2,draw,Betfred (UK),3.75,0.2598536592786406,3.848319868867814,High,0.005876758298009277,17,,0.0,-0.02554877770509756,adequate,0.0,Reject,net EV -2.55% is below the minimum Grade C floor,daily-engine-v1.1.0-odds-api,2026-10-09T06:16:33.795932+00:00,Reject,REJECT,False,"kickoff is 199.2h away -- outside the configured 24h money-event horizon; research grade 'Reject' is not in the actionable set ['A', 'A+', 'B']; estimated probability 26.0% is below the 50% money-qualification floor; net EV -2.55% is below the 2.00% money-qualification value floor",2026-10-17T13:30:00Z
2026-10-10,football,Championship,Charlton Athletic v Bristol City,1x2,draw,Betfred (UK),3.4,0.2866031538791081,3.489145134885045,High,0.00456494324260543,21,,0.0,-0.025549276811032473,adequate,0.0,Reject,net EV -2.55% is below the minimum Grade C floor,daily-engine-v1.1.0-odds-api,2026-10-09T06:16:33.795932+00:00,Reject,REJECT,False,"kickoff is 29.2h away -- outside the configured 24h money-event horizon; research grade 'Reject' is not in the actionable set ['A', 'A+', 'B']; estimated probability 28.7% is below the 50% money-qualification floor; net EV -2.55% is below the 2.00% money-qualification value floor",2026-10-10T11:30:00Z
2026-10-17,football,La Liga,Villarreal v Elche CF,1x2,draw,Betfred (UK),5.0,0.19483027360770236,5.132672564087937,High,0.0051168040726475,14,,0.0,-0.025848631961488233,adequate,0.0,Reject,net EV -2.58% is below the minimum Grade C floor,daily-engine-v1.1.0-odds-api,2026-10-09T06:16:33.795932+00:00,Reject,REJECT,False,"kickoff is 200.0h away -- outside the configured 24h money-event horizon; research grade 'Reject' is not in the actionable set ['A', 'A+', 'B']; estimated probability 19.5% is below the 50% money-qualification floor; net EV -2.58% is below the 2.00% money-qualification value floor",2026-10-17T14:15:00Z
2026-10-10,football,Scottish Premiership,Falkirk F.C. v Dundee FC,1x2,draw,Smarkets,3.7,0.2632390825830604,3.798828009076,High,0.008539142867520543,20,,0.0,-0.02601539444267653,adequate,0.0,Reject,net EV -2.60% is below the minimum Grade C floor,daily-engine-v1.1.0-odds-api,2026-10-09T06:16:33.795932+00:00,Reject,REJECT,False,"kickoff is 31.7h away -- outside the configured 24h money-event horizon; research grade 'Reject' is not in the actionable set ['A', 'A+', 'B']; estimated probability 26.3% is below the 50% money-qualification floor; net EV -2.60% is below the 2.00% money-qualification value floor",2026-10-10T14:00:00Z
2026-10-17,football,Ligue 1,Lille v Brest,1x2,draw,Betfred (UK),4.2,0.23188405797101455,4.312499999999999,High,0.005586764071485197,15,,0.0,-0.02608695652173887,adequate,0.0,Reject,net EV -2.61% is below the minimum Grade C floor,daily-engine-v1.1.0-odds-api,2026-10-09T06:16:33.795932+00:00,Reject,REJECT,False,"kickoff is 204.5h away -- outside the configured 24h money-event horizon; research grade 'Reject' is not in the actionable set ['A', 'A+', 'B']; estimated probability 23.2% is below the 50% money-qualification floor; net EV -2.61% is below the 2.00% money-qualification value floor",2026-10-17T18:45:00Z
2026-10-11,football,La Liga,Real Sociedad v Deportivo La Coruña,1x2,home,Smarkets,1.67,0.5830841520717642,1.715018315018315,High,0.009533625893783416,19,,0.0,-0.02624946604015377,adequate,0.0,Reject,net EV -2.62% is below the minimum Grade C floor,daily-engine-v1.1.0-odds-api,2026-10-09T06:16:33.795932+00:00,Reject,REJECT,False,"kickoff is 56.0h away -- outside the configured 24h money-event horizon; research grade 'Reject' is not in the actionable set ['A', 'A+', 'B']; net EV -2.62% is below the 2.00% money-qualification value floor",2026-10-11T14:15:00Z
2026-10-18,football,Premier League,Bournemouth v Sunderland,1x2,draw,Betfair,3.7,0.2631578947368421,3.8000000000000003,High,0.003960166783634559,17,,0.0,-0.026315789473684292,adequate,0.0,Reject,net EV -2.63% is below the minimum Grade C floor,daily-engine-v1.1.0-odds-api,2026-10-09T06:16:33.795932+00:00,Reject,REJECT,False,"kickoff is 222.7h away -- outside the configured 24h money-event horizon; research grade 'Reject' is not in the actionable set ['A', 'A+', 'B']; estimated probability 26.3% is below the 50% money-qualification floor; net EV -2.63% is below the 2.00% money-qualification value floor",2026-10-18T13:00:00Z
2026-10-18,football,Ligue 1,Le Havre v Auxerre,1x2,draw,Betfred (UK),3.5,0.27817482133040133,3.5948616600790513,High,0.015362713592071734,15,,0.0,-0.026388125343595248,adequate,0.0,Reject,net EV -2.64% is below the minimum Grade C floor,daily-engine-v1.1.0-odds-api,2026-10-09T06:16:33.795932+00:00,Reject,REJECT,False,"kickoff is 225.0h away -- outside the configured 24h money-event horizon; research grade 'Reject' is not in the actionable set ['A', 'A+', 'B']; estimated probability 27.8% is below the 50% money-qualification floor; net EV -2.64% is below the 2.00% money-qualification value floor",2026-10-18T15:15:00Z
2026-10-10,football,Championship,Bolton Wanderers v Stoke City,1x2,draw,Betfred (UK),3.5,0.27805864509605666,3.5963636363636358,High,0.004476576610623995,21,,0.0,-0.02679474216380162,adequate,0.0,Reject,net EV -2.68% is below the minimum Grade C floor,daily-engine-v1.1.0-odds-api,2026-10-09T06:16:33.795932+00:00,Reject,REJECT,False,"kickoff is 31.7h away -- outside the configured 24h money-event horizon; research grade 'Reject' is not in the actionable set ['A', 'A+', 'B']; estimated probability 27.8% is below the 50% money-qualification floor; net EV -2.68% is below the 2.00% money-qualification value floor",2026-10-10T14:00:00Z
2026-10-17,football,La Liga,Espanyol v Atlético Madrid,1x2,away,Grosvenor,1.88,0.5175766207615531,1.9320810869096399,High,0.009635546345557576,14,,0.0,-0.02695595296828024,adequate,0.0,Reject,net EV -2.70% is below the minimum Grade C floor,daily-engine-v1.1.0-odds-api,2026-10-09T06:16:33.795932+00:00,Reject,REJECT,False,"kickoff is 197.7h away -- outside the configured 24h money-event horizon; research grade 'Reject' is not in the actionable set ['A', 'A+', 'B']; net EV -2.70% is below the 2.00% money-qualification value floor",2026-10-17T12:00:00Z
2026-10-10,football,Serie A,Napoli v Frosinone,1x2,home,Smarkets,1.49,0.6528835690968444,1.5316666666666665,High,0.008357752347372367,21,,0.0,-0.027203482045701832,adequate,0.0,Reject,net EV -2.72% is below the minimum Grade C floor,daily-engine-v1.1.0-odds-api,2026-10-09T06:16:33.795932+00:00,Reject,REJECT,False,"kickoff is 36.5h away -- outside the configured 24h money-event horizon; research grade 'Reject' is not in the actionable set ['A', 'A+', 'B']; net EV -2.72% is below the 2.00% money-qualification value floor",2026-10-10T18:45:00Z
2026-10-17,football,Premier League,Brentford v Liverpool,1x2,draw,Paddy Power,3.8,0.2559881715130606,3.906430496726993,High,0.006125893970223299,17,,0.0,-0.027244948250369938,adequate,0.0,Reject,net EV -2.72% is below the minimum Grade C floor,daily-engine-v1.1.0-odds-api,2026-10-09T06:16:33.795932+00:00,Reject,REJECT,False,"kickoff is 199.7h away -- outside the configured 24h money-event horizon; research grade 'Reject' is not in the actionable set ['A', 'A+', 'B']; estimated probability 25.6% is below the 50% money-qualification floor; net EV -2.72% is below the 2.00% money-qualification value floor",2026-10-17T14:00:00Z
2026-10-17,football,Serie A,Venezia v Napoli,1x2,draw,Betfred (UK),4.0,0.2431379025598679,4.112892270072001,High,0.004537607925299785,15,,0.0,-0.027448389760528435,adequate,0.0,Reject,net EV -2.74% is below the minimum Grade C floor,daily-engine-v1.1.0-odds-api,2026-10-09T06:16:33.795932+00:00,Reject,REJECT,False,"kickoff is 198.7h away -- outside the configured 24h money-event horizon; research grade 'Reject' is not in the actionable set ['A', 'A+', 'B']; estimated probability 24.3% is below the 50% money-qualification floor; net EV -2.74% is below the 2.00% money-qualification value floor",2026-10-17T13:00:00Z
2026-10-10,football,Championship,Swansea City v Norwich City,1x2,home,Betfair,2.46,0.3952569169960474,2.5300000000000002,High,0.007802901421429028,21,,0.0,-0.027667984189723382,adequate,0.0,Reject,net EV -2.77% is below the minimum Grade C floor,daily-engine-v1.1.0-odds-api,2026-10-09T06:16:33.795932+00:00,Reject,REJECT,False,"kickoff is 29.2h away -- outside the configured 24h money-event horizon; research grade 'Reject' is not in the actionable set ['A', 'A+', 'B']; estimated probability 39.5% is below the 50% money-qualification floor; net EV -2.77% is below the 2.00% money-qualification value floor",2026-10-10T11:30:00Z
2026-10-11,football,Eredivisie,FC Zwolle v SC Cambuur,1x2,home,Unibet (UK),2.0,0.48572645930975716,2.0587719298245615,High,0.006191217487716288,19,,0.0,-0.028547081380485617,adequate,0.0,Reject,net EV -2.85% is below the minimum Grade C floor,daily-engine-v1.1.0-odds-api,2026-10-09T06:16:33.795932+00:00,Reject,REJECT,False,"kickoff is 54.2h away -- outside the configured 24h money-event horizon; research grade 'Reject' is not in the actionable set ['A', 'A+', 'B']; estimated probability 48.6% is below the 50% money-qualification floor; net EV -2.85% is below the 2.00% money-qualification value floor",2026-10-11T12:30:00Z
2026-10-11,football,Belgian Pro League,Westerlo v Royal Antwerp,1x2,draw,Betfair,3.9,0.24904977105376735,4.015261671467709,Medium,0.024652042966562447,18,,0.0,-0.02870589289030734,adequate,0.0,Reject,net EV -2.87% is below the minimum Grade C floor,daily-engine-v1.1.0-odds-api,2026-10-09T06:16:33.795932+00:00,Reject,REJECT,False,"kickoff is 58.2h away -- outside the configured 24h money-event horizon; research grade 'Reject' is not in the actionable set ['A', 'A+', 'B']; estimated probability 24.9% is below the 60% money-qualification floor (the stricter Medium-confidence floor); Medium-confidence candidates require odds inside the preferred range 1.40-2.50; odds are 3.90; net EV -2.87% is below the 5.00% money-qualification value floor (the stricter Medium-confidence floor)",2026-10-11T16:30:00Z
2026-10-11,football,Serie A,Cagliari v Juventus,1x2,away,Smarkets,1.61,0.6032703603746626,1.6576315789473683,High,0.006733917110208322,21,,0.0,-0.028734719796793096,adequate,0.0,Reject,net EV -2.87% is below the minimum Grade C floor,daily-engine-v1.1.0-odds-api,2026-10-09T06:16:33.795932+00:00,Reject,REJECT,False,"kickoff is 60.5h away -- outside the configured 24h money-event horizon; research grade 'Reject' is not in the actionable set ['A', 'A+', 'B']; net EV -2.87% is below the 2.00% money-qualification value floor",2026-10-11T18:45:00Z
2026-10-11,football,La Liga,Real Betis v CA Osasuna,1x2,home,Smarkets,1.6,0.6069164839545546,1.6476731583960063,High,0.010798785260038126,20,,0.0,-0.02893362567271268,adequate,0.0,Reject,net EV -2.89% is below the minimum Grade C floor,daily-engine-v1.1.0-odds-api,2026-10-09T06:16:33.795932+00:00,Reject,REJECT,False,"kickoff is 58.2h away -- outside the configured 24h money-event horizon; research grade 'Reject' is not in the actionable set ['A', 'A+', 'B']; net EV -2.89% is below the 2.00% money-qualification value floor",2026-10-11T16:30:00Z
2026-10-16,football,Serie A,Frosinone v Sassuolo,1x2,home,Grosvenor,2.5,0.3884093711467324,2.574603174603175,High,0.009310009261248765,15,,0.0,-0.028976572133168954,adequate,0.0,Reject,net EV -2.90% is below the minimum Grade C floor,daily-engine-v1.1.0-odds-api,2026-10-09T06:16:33.795932+00:00,Reject,REJECT,False,"kickoff is 180.5h away -- outside the configured 24h money-event horizon; research grade 'Reject' is not in the actionable set ['A', 'A+', 'B']; estimated probability 38.8% is below the 50% money-qualification floor; net EV -2.90% is below the 2.00% money-qualification value floor",2026-10-16T18:45:00Z
2026-10-10,football,Primeira Liga,Académico de Viseu v Estoril,1x2,draw,Paddy Power,3.5,0.27742346938775514,3.604597701149425,High,0.005529975715665657,20,,0.0,-0.029017857142857095,adequate,0.0,Reject,net EV -2.90% is below the minimum Grade C floor,daily-engine-v1.1.0-odds-api,2026-10-09T06:16:33.795932+00:00,Reject,REJECT,False,"kickoff is 37.2h away -- outside the configured 24h money-event horizon; research grade 'Reject' is not in the actionable set ['A', 'A+', 'B']; estimated probability 27.7% is below the 50% money-qualification floor; net EV -2.90% is below the 2.00% money-qualification value floor",2026-10-10T19:30:00Z
2026-10-12,football,Serie A,Atalanta BC v Venezia,1x2,home,Betfair,1.6,0.6065800751631832,1.648586956521739,High,0.008317486839056695,21,,0.0,-0.029471879738906748,adequate,0.0,Reject,net EV -2.95% is below the minimum Grade C floor,daily-engine-v1.1.0-odds-api,2026-10-09T06:16:33.795932+00:00,Reject,REJECT,False,"kickoff is 82.2h away -- outside the configured 24h money-event horizon; research grade 'Reject' is not in the actionable set ['A', 'A+', 'B']; net EV -2.95% is below the 2.00% money-qualification value floor",2026-10-12T16:30:00Z
2026-10-11,football,Eredivisie,Excelsior v Groningen,1x2,home,Betfair,2.62,0.37037037037037035,2.7,Medium,0.028237461721618146,19,,0.0,-0.029629629629629672,adequate,0.0,Reject,net EV -2.96% is below the minimum Grade C floor,daily-engine-v1.1.0-odds-api,2026-10-09T06:16:33.795932+00:00,Reject,REJECT,False,"kickoff is 56.5h away -- outside the configured 24h money-event horizon; research grade 'Reject' is not in the actionable set ['A', 'A+', 'B']; estimated probability 37.0% is below the 60% money-qualification floor (the stricter Medium-confidence floor); Medium-confidence candidates require odds inside the preferred range 1.40-2.50; odds are 2.62; net EV -2.96% is below the 5.00% money-qualification value floor (the stricter Medium-confidence floor)",2026-10-11T14:45:00Z
2026-10-10,football,Bundesliga,SC Paderborn v VfB Stuttgart,1x2,away,Smarkets,1.64,0.5916483265212793,1.690193236714976,High,0.007490926361607819,21,,0.0,-0.029696744505102013,adequate,0.0,Reject,net EV -2.97% is below the minimum Grade C floor,daily-engine-v1.1.0-odds-api,2026-10-09T06:16:33.795932+00:00,Reject,REJECT,False,"kickoff is 31.2h away -- outside the configured 24h money-event horizon; research grade 'Reject' is not in the actionable set ['A', 'A+', 'B']; net EV -2.97% is below the 2.00% money-qualification value floor",2026-10-10T13:30:00Z
2026-10-18,football,Premier League,Brighton and Hove Albion v Crystal Palace,1x2,draw,Betfair,4.3,0.22560160427807488,4.432592592592592,High,0.004519990759112225,17,,0.0,-0.02991310160427807,adequate,0.0,Reject,net EV -2.99% is below the minimum Grade C floor,daily-engine-v1.1.0-odds-api,2026-10-09T06:16:33.795932+00:00,Reject,REJECT,False,"kickoff is 222.7h away -- outside the configured 24h money-event horizon; research grade 'Reject' is not in the actionable set ['A', 'A+', 'B']; estimated probability 22.6% is below the 50% money-qualification floor; net EV -2.99% is below the 2.00% money-qualification value floor",2026-10-18T13:00:00Z
2026-10-11,football,Belgian Pro League,Union Saint-Gilloise v Leuven,1x2,draw,Grosvenor,6.1,0.15903017662777813,6.288114754098361,High,0.012213399811233806,19,,0.0,-0.02991592257055342,adequate,0.0,Reject,net EV -2.99% is below the minimum Grade C floor,daily-engine-v1.1.0-odds-api,2026-10-09T06:16:33.795932+00:00,Reject,REJECT,False,"kickoff is 55.7h away -- outside the configured 24h money-event horizon; research grade 'Reject' is not in the actionable set ['A', 'A+', 'B']; estimated probability 15.9% is below the 50% money-qualification floor; net EV -2.99% is below the 2.00% money-qualification value floor",2026-10-11T14:00:00Z
2026-10-11,football,Scottish Premiership,Aberdeen v St Johnstone,1x2,draw,Betfred (UK),3.5,0.2771653543307087,3.607954545454545,High,0.008662963730500895,19,,0.0,-0.029921259842519587,adequate,0.0,Reject,net EV -2.99% is below the minimum Grade C floor,daily-engine-v1.1.0-odds-api,2026-10-09T06:16:33.795932+00:00,Reject,REJECT,False,"kickoff is 54.7h away -- outside the configured 24h money-event horizon; research grade 'Reject' is not in the actionable set ['A', 'A+', 'B']; estimated probability 27.7% is below the 50% money-qualification floor; net EV -2.99% is below the 2.00% money-qualification value floor",2026-10-11T13:00:00Z
2026-10-10,football,Primeira Liga,CS Maritimo v FC Porto,1x2,draw,Betfair,5.1,0.1902106197179973,5.257330013868738,High,0.005125650484959301,20,,0.0,-0.029925839438213808,adequate,0.0,Reject,net EV -2.99% is below the minimum Grade C floor,daily-engine-v1.1.0-odds-api,2026-10-09T06:16:33.795932+00:00,Reject,REJECT,False,"kickoff is 34.7h away -- outside the configured 24h money-event horizon; research grade 'Reject' is not in the actionable set ['A', 'A+', 'B']; estimated probability 19.0% is below the 50% money-qualification floor; net EV -2.99% is below the 2.00% money-qualification value floor",2026-10-10T17:00:00Z
2026-10-18,football,Ligue 1,Paris FC v Rennes,1x2,away,Grosvenor,3.1,0.3127933566012757,3.1969988457098886,High,0.008108802596828555,15,,0.0,-0.030340594536045207,adequate,0.0,Reject,net EV -3.03% is below the minimum Grade C floor,daily-engine-v1.1.0-odds-api,2026-10-09T06:16:33.795932+00:00,Reject,REJECT,False,"kickoff is 225.0h away -- outside the configured 24h money-event horizon; research grade 'Reject' is not in the actionable set ['A', 'A+', 'B']; estimated probability 31.3% is below the 50% money-qualification floor; net EV -3.03% is below the 2.00% money-qualification value floor",2026-10-18T15:15:00Z
2026-10-10,football,Premier League,Arsenal v Leeds United,1x2,home,Betfair,1.41,0.6876951685905758,1.4541326530612244,High,0.010917338301826068,21,,0.0,-0.030349812287288225,adequate,0.0,Reject,net EV -3.03% is below the minimum Grade C floor,daily-engine-v1.1.0-odds-api,2026-10-09T06:16:33.795932+00:00,Reject,REJECT,False,"kickoff is 29.2h away -- outside the configured 24h money-event horizon; research grade 'Reject' is not in the actionable set ['A', 'A+', 'B']; net EV -3.03% is below the 2.00% money-qualification value floor",2026-10-10T11:30:00Z
2026-10-11,football,Eredivisie,FC Zwolle v SC Cambuur,1x2,draw,Betfair,4.0,0.24241142252776307,4.12521815008726,High,0.004345788253838926,19,,0.0,-0.030354309888947717,adequate,0.0,Reject,net EV -3.04% is below the minimum Grade C floor,daily-engine-v1.1.0-odds-api,2026-10-09T06:16:33.795932+00:00,Reject,REJECT,False,"kickoff is 54.2h away -- outside the configured 24h money-event horizon; research grade 'Reject' is not in the actionable set ['A', 'A+', 'B']; estimated probability 24.2% is below the 50% money-qualification floor; net EV -3.04% is below the 2.00% money-qualification value floor",2026-10-11T12:30:00Z
2026-10-17,football,Bundesliga,Elversberg v Augsburg,1x2,home,Betfair,2.5,0.38785008573528207,2.5783157894736846,High,0.009282313261091829,17,,0.0,-0.030374785661794856,adequate,0.0,Reject,net EV -3.04% is below the minimum Grade C floor,daily-engine-v1.1.0-odds-api,2026-10-09T06:16:33.795932+00:00,Reject,REJECT,False,"kickoff is 199.2h away -- outside the configured 24h money-event horizon; research grade 'Reject' is not in the actionable set ['A', 'A+', 'B']; estimated probability 38.8% is below the 50% money-qualification floor; net EV -3.04% is below the 2.00% money-qualification value floor",2026-10-17T13:30:00Z
2026-10-09,football,Championship,West Ham United v Queens Park Rangers,1x2,home,Betfair,1.52,0.6378454996456413,1.567777777777778,High,0.008459064774915932,21,,0.0,-0.030474840538625203,adequate,0.0,Reject,net EV -3.05% is below the minimum Grade C floor,daily-engine-v1.1.0-odds-api,2026-10-09T06:16:33.795932+00:00,Reject,REJECT,False,"research grade 'Reject' is not in the actionable set ['A', 'A+', 'B']; net EV -3.05% is below the 2.00% money-qualification value floor",2026-10-09T19:00:00Z
2026-10-11,football,Primeira Liga,Rio Ave FC v Nacional,1x2,away,Betfair Sportsbook,3.2,0.30293159609120524,3.301075268817204,High,0.007291110536103969,19,,0.0,-0.030618892508143203,adequate,0.0,Reject,net EV -3.06% is below the minimum Grade C floor,daily-engine-v1.1.0-odds-api,2026-10-09T06:16:33.795932+00:00,Reject,REJECT,False,"kickoff is 56.2h away -- outside the configured 24h money-event horizon; research grade 'Reject' is not in the actionable set ['A', 'A+', 'B']; estimated probability 30.3% is below the 50% money-qualification floor; net EV -3.06% is below the 2.00% money-qualification value floor",2026-10-11T14:30:00Z
2026-10-11,football,Belgian Pro League,KV Mechelen v Sint Truiden,1x2,away,Grosvenor,2.2,0.440361204777962,2.270863075924724,High,0.00839065136375633,19,,0.0,-0.031205349488483636,adequate,0.0,Reject,net EV -3.12% is below the minimum Grade C floor,daily-engine-v1.1.0-odds-api,2026-10-09T06:16:33.795932+00:00,Reject,REJECT,False,"kickoff is 59.0h away -- outside the configured 24h money-event horizon; research grade 'Reject' is not in the actionable set ['A', 'A+', 'B']; estimated probability 44.0% is below the 50% money-qualification floor; net EV -3.12% is below the 2.00% money-qualification value floor",2026-10-11T17:15:00Z
2026-10-10,football,Bundesliga,TSG Hoffenheim v Hamburger SV,1x2,home,Smarkets,1.46,0.6635474266269672,1.5070512820512822,High,0.008321197870899114,21,,0.0,-0.031220757124627907,adequate,0.0,Reject,net EV -3.12% is below the minimum Grade C floor,daily-engine-v1.1.0-odds-api,2026-10-09T06:16:33.795932+00:00,Reject,REJECT,False,"kickoff is 31.2h away -- outside the configured 24h money-event horizon; research grade 'Reject' is not in the actionable set ['A', 'A+', 'B']; net EV -3.12% is below the 2.00% money-qualification value floor",2026-10-10T13:30:00Z
2026-10-10,football,Scottish Premiership,Falkirk F.C. v Dundee FC,1x2,home,Paddy Power,2.1,0.4613080629330294,2.1677488003177943,High,0.009036292362048939,20,,0.0,-0.03125306784063819,adequate,0.0,Reject,net EV -3.13% is below the minimum Grade C floor,daily-engine-v1.1.0-odds-api,2026-10-09T06:16:33.795932+00:00,Reject,REJECT,False,"kickoff is 31.7h away -- outside the configured 24h money-event horizon; research grade 'Reject' is not in the actionable set ['A', 'A+', 'B']; estimated probability 46.1% is below the 50% money-qualification floor; net EV -3.13% is below the 2.00% money-qualification value floor",2026-10-10T14:00:00Z
2026-10-10,football,Primeira Liga,Casa Pia v Santa Clara,1x2,away,Coral,1.91,0.5071544999321134,1.9717857184228038,High,0.00843307069543055,20,,0.0,-0.031334905129663526,adequate,0.0,Reject,net EV -3.13% is below the minimum Grade C floor,daily-engine-v1.1.0-odds-api,2026-10-09T06:16:33.795932+00:00,Reject,REJECT,False,"kickoff is 32.2h away -- outside the configured 24h money-event horizon; research grade 'Reject' is not in the actionable set ['A', 'A+', 'B']; net EV -3.13% is below the 2.00% money-qualification value floor",2026-10-10T14:30:00Z
2026-10-10,football,Premier League,Aston Villa v Brentford,over_under_2_5,under,Grosvenor,2.25,0.4303681690830454,2.3235919192876837,Medium,0.011266929121985816,4,,0.0,-0.03167161956314779,adequate,0.0,Reject,net EV -3.17% is below the minimum Grade C floor,daily-engine-v1.1.0-odds-api,2026-10-09T06:16:33.795932+00:00,Reject,REJECT,False,"kickoff is 31.7h away -- outside the configured 24h money-event horizon; research grade 'Reject' is not in the actionable set ['A', 'A+', 'B']; estimated probability 43.0% is below the 60% money-qualification floor (the stricter Medium-confidence floor); net EV -3.17% is below the 5.00% money-qualification value floor (the stricter Medium-confidence floor)",2026-10-10T14:00:00Z
2026-10-10,football,Belgian Pro League,Genk v KV Kortrijk,1x2,draw,Grosvenor,4.75,0.20385322567751218,4.905490196078431,High,0.00527648778083966,19,,0.0,-0.03169717803181715,adequate,0.0,Reject,net EV -3.17% is below the minimum Grade C floor,daily-engine-v1.1.0-odds-api,2026-10-09T06:16:33.795932+00:00,Reject,REJECT,False,"kickoff is 36.5h away -- outside the configured 24h money-event horizon; research grade 'Reject' is not in the actionable set ['A', 'A+', 'B']; estimated probability 20.4% is below the 50% money-qualification floor; net EV -3.17% is below the 2.00% money-qualification value floor",2026-10-10T18:45:00Z
2026-10-10,football,Championship,Derby County v Wrexham AFC,over_under_2_5,over,Matchbook,2.08,0.46524064171123,2.1494252873563218,High,0.006373077754706734,5,,0.0,-0.032299465240641534,adequate,0.0,Reject,net EV -3.23% is below the minimum Grade C floor,daily-engine-v1.1.0-odds-api,2026-10-09T06:16:33.795932+00:00,Reject,REJECT,False,"kickoff is 31.7h away -- outside the configured 24h money-event horizon; research grade 'Reject' is not in the actionable set ['A', 'A+', 'B']; estimated probability 46.5% is below the 50% money-qualification floor; net EV -3.23% is below the 2.00% money-qualification value floor",2026-10-10T14:00:00Z
2026-10-18,football,Bundesliga,Bayer Leverkusen v SC Freiburg,1x2,draw,Betfair,4.4,0.21991854868567198,4.547138047138047,High,0.0058153259437834824,17,,0.0,-0.032358385783043175,adequate,0.0,Reject,net EV -3.24% is below the minimum Grade C floor,daily-engine-v1.1.0-odds-api,2026-10-09T06:16:33.795932+00:00,Reject,REJECT,False,"kickoff is 223.2h away -- outside the configured 24h money-event horizon; research grade 'Reject' is not in the actionable set ['A', 'A+', 'B']; estimated probability 22.0% is below the 50% money-qualification floor; net EV -3.24% is below the 2.00% money-qualification value floor",2026-10-18T13:30:00Z
2026-10-14,football,Championship,Portsmouth v Sheffield United,1x2,draw,LeoVegas,3.4,0.2845817659362787,3.513928577644402,High,0.0052306193201916325,6,,0.0,-0.032421995816652394,adequate,0.0,Reject,net EV -3.24% is below the minimum Grade C floor,daily-engine-v1.1.0-odds-api,2026-10-09T06:16:33.795932+00:00,Reject,REJECT,False,"kickoff is 132.5h away -- outside the configured 24h money-event horizon; research grade 'Reject' is not in the actionable set ['A', 'A+', 'B']; estimated probability 28.5% is below the 50% money-qualification floor; net EV -3.24% is below the 2.00% money-qualification value floor",2026-10-14T18:45:00Z
2026-10-10,football,Scottish Premiership,Dundee United v Hibernian,1x2,away,Betfred (UK),2.5,0.3870262020948342,2.583804389954371,High,0.007506348812846934,20,,0.0,-0.0324344947629146,adequate,0.0,Reject,net EV -3.24% is below the minimum Grade C floor,daily-engine-v1.1.0-odds-api,2026-10-09T06:16:33.795932+00:00,Reject,REJECT,False,"kickoff is 31.7h away -- outside the configured 24h money-event horizon; research grade 'Reject' is not in the actionable set ['A', 'A+', 'B']; estimated probability 38.7% is below the 50% money-qualification floor; net EV -3.24% is below the 2.00% money-qualification value floor",2026-10-10T14:00:00Z
2026-10-09,football,Eredivisie,PSV Eindhoven v Heerenveen,1x2,home,Smarkets,1.29,0.7495504298421847,1.3341330485402385,High,0.012154727637735126,20,,0.0,-0.03307994550358173,adequate,0.0,Reject,net EV -3.31% is below the minimum Grade C floor,daily-engine-v1.1.0-odds-api,2026-10-09T06:16:33.795932+00:00,Reject,REJECT,False,"research grade 'Reject' is not in the actionable set ['A', 'A+', 'B']; odds 1.29 are below the configured payout floor of 1.33; net EV -3.31% is below the 2.00% money-qualification value floor",2026-10-09T18:00:00Z
2026-10-11,football,Scottish Premiership,Motherwell v Celtic,1x2,home,Betfred (UK),5.0,0.19336594222015435,5.171541526487961,High,0.009556403963219181,20,,0.0,-0.03317028889922824,adequate,0.0,Reject,net EV -3.32% is below the minimum Grade C floor,daily-engine-v1.1.0-odds-api,2026-10-09T06:16:33.795932+00:00,Reject,REJECT,False,"kickoff is 52.7h away -- outside the configured 24h money-event horizon; research grade 'Reject' is not in the actionable set ['A', 'A+', 'B']; estimated probability 19.3% is below the 50% money-qualification floor; net EV -3.32% is below the 2.00% money-qualification value floor",2026-10-11T11:00:00Z
2026-10-11,football,Serie A,Cagliari v Juventus,1x2,draw,Betfred (UK),4.0,0.24169102887089602,4.1375139353400225,High,0.003274292396510193,21,,0.0,-0.0332358845164159,adequate,0.0,Reject,net EV -3.32% is below the minimum Grade C floor,daily-engine-v1.1.0-odds-api,2026-10-09T06:16:33.795932+00:00,Reject,REJECT,False,"kickoff is 60.5h away -- outside the configured 24h money-event horizon; research grade 'Reject' is not in the actionable set ['A', 'A+', 'B']; estimated probability 24.2% is below the 50% money-qualification floor; net EV -3.32% is below the 2.00% money-qualification value floor",2026-10-11T18:45:00Z
2026-10-18,football,Premier League,Bournemouth v Sunderland,1x2,home,Betfair,2.04,0.47387627636057406,2.1102554609403925,High,0.004282397710442995,17,,0.0,-0.03329239622442892,adequate,0.0,Reject,net EV -3.33% is below the minimum Grade C floor,daily-engine-v1.1.0-odds-api,2026-10-09T06:16:33.795932+00:00,Reject,REJECT,False,"kickoff is 222.7h away -- outside the configured 24h money-event horizon; research grade 'Reject' is not in the actionable set ['A', 'A+', 'B']; estimated probability 47.4% is below the 50% money-qualification floor; net EV -3.33% is below the 2.00% money-qualification value floor",2026-10-18T13:00:00Z
2026-10-17,football,Eredivisie,SC Telstar v Feyenoord,1x2,draw,Paddy Power,5.5,0.17576021800491587,5.689569638403787,High,0.006876089178257403,12,,0.0,-0.0333188009729628,adequate,0.0,Reject,net EV -3.33% is below the minimum Grade C floor,daily-engine-v1.1.0-odds-api,2026-10-09T06:16:33.795932+00:00,Reject,REJECT,False,"kickoff is 203.7h away -- outside the configured 24h money-event horizon; research grade 'Reject' is not in the actionable set ['A', 'A+', 'B']; estimated probability 17.6% is below the 50% money-qualification floor; net EV -3.33% is below the 2.00% money-qualification value floor",2026-10-17T18:00:00Z
2026-10-11,football,Eredivisie,Excelsior v Groningen,1x2,draw,Betfair Sportsbook,3.75,0.25773195876288657,3.8800000000000003,Medium,0.020506790800919442,19,,0.0,-0.03350515463917536,adequate,0.0,Reject,net EV -3.35% is below the minimum Grade C floor,daily-engine-v1.1.0-odds-api,2026-10-09T06:16:33.795932+00:00,Reject,REJECT,False,"kickoff is 56.5h away -- outside the configured 24h money-event horizon; research grade 'Reject' is not in the actionable set ['A', 'A+', 'B']; estimated probability 25.8% is below the 60% money-qualification floor (the stricter Medium-confidence floor); Medium-confidence candidates require odds inside the preferred range 1.40-2.50; odds are 3.75; net EV -3.35% is below the 5.00% money-qualification value floor (the stricter Medium-confidence floor)",2026-10-11T14:45:00Z
2026-10-18,football,Premier League,Bournemouth v Sunderland,1x2,away,Casumo,3.7,0.2611940298507463,3.8285714285714283,High,0.0040759549860572945,17,,0.0,-0.033582089552238736,adequate,0.0,Reject,net EV -3.36% is below the minimum Grade C floor,daily-engine-v1.1.0-odds-api,2026-10-09T06:16:33.795932+00:00,Reject,REJECT,False,"kickoff is 222.7h away -- outside the configured 24h money-event horizon; research grade 'Reject' is not in the actionable set ['A', 'A+', 'B']; estimated probability 26.1% is below the 50% money-qualification floor; net EV -3.36% is below the 2.00% money-qualification value floor",2026-10-18T13:00:00Z
2026-10-17,football,Premier League,Newcastle United v Aston Villa,1x2,home,Betfred (UK),2.15,0.44919892526619565,2.2261852015950376,High,0.0048865740890034195,17,,0.0,-0.034222310677679446,adequate,0.0,Reject,net EV -3.42% is below the minimum Grade C floor,daily-engine-v1.1.0-odds-api,2026-10-09T06:16:33.795932+00:00,Reject,REJECT,False,"kickoff is 202.2h away -- outside the configured 24h money-event horizon; research grade 'Reject' is not in the actionable set ['A', 'A+', 'B']; estimated probability 44.9% is below the 50% money-qualification floor; net EV -3.42% is below the 2.00% money-qualification value floor",2026-10-17T16:30:00Z
2026-10-11,football,Primeira Liga,Benfica v Vitória SC,1x2,home,Coral,1.25,0.7726194933164288,1.2942981747814208,High,0.017297729098200994,20,,0.0,-0.03422563335446405,adequate,0.0,Reject,net EV -3.42% is below the minimum Grade C floor,daily-engine-v1.1.0-odds-api,2026-10-09T06:16:33.795932+00:00,Reject,REJECT,False,"kickoff is 58.7h away -- outside the configured 24h money-event horizon; research grade 'Reject' is not in the actionable set ['A', 'A+', 'B']; odds 1.25 are below the configured payout floor of 1.33; net EV -3.42% is below the 2.00% money-qualification value floor",2026-10-11T17:00:00Z
2026-10-17,football,Bundesliga,FC Schalke 04 v FSV Mainz 05,1x2,home,Betfair,2.92,0.3307423241352507,3.0235017626321974,High,0.004880763148824393,17,,0.0,-0.034232413525068006,adequate,0.0,Reject,net EV -3.42% is below the minimum Grade C floor,daily-engine-v1.1.0-odds-api,2026-10-09T06:16:33.795932+00:00,Reject,REJECT,False,"kickoff is 199.2h away -- outside the configured 24h money-event horizon; research grade 'Reject' is not in the actionable set ['A', 'A+', 'B']; estimated probability 33.1% is below the 50% money-qualification floor; net EV -3.42% is below the 2.00% money-qualification value floor",2026-10-17T13:30:00Z
2026-10-10,football,Eredivisie,Go Ahead Eagles v Sparta Rotterdam,1x2,home,Coral,1.8,0.5365353328146,1.8638101516150296,High,0.00737706445034593,19,,0.0,-0.034236400933720046,adequate,0.0,Reject,net EV -3.42% is below the minimum Grade C floor,daily-engine-v1.1.0-odds-api,2026-10-09T06:16:33.795932+00:00,Reject,REJECT,False,"kickoff is 32.2h away -- outside the configured 24h money-event horizon; research grade 'Reject' is not in the actionable set ['A', 'A+', 'B']; net EV -3.42% is below the 2.00% money-qualification value floor",2026-10-10T14:30:00Z
2026-10-10,football,Ligue 1,AS Monaco v Toulouse,1x2,home,Betfair,1.63,0.5924839182936463,1.6878095238095239,High,0.005577384202371141,20,,0.0,-0.03425121318135654,adequate,0.0,Reject,net EV -3.43% is below the minimum Grade C floor,daily-engine-v1.1.0-odds-api,2026-10-09T06:16:33.795932+00:00,Reject,REJECT,False,"kickoff is 36.5h away -- outside the configured 24h money-event horizon; research grade 'Reject' is not in the actionable set ['A', 'A+', 'B']; net EV -3.43% is below the 2.00% money-qualification value floor",2026-10-10T18:45:00Z
2026-10-18,football,Bundesliga,Bayer Leverkusen v SC Freiburg,1x2,away,Betfred (UK),4.6,0.20992225101814144,4.7636684303350965,High,0.006472782138966666,17,,0.0,-0.0343576453165495,adequate,0.0,Reject,net EV -3.44% is below the minimum Grade C floor,daily-engine-v1.1.0-odds-api,2026-10-09T06:16:33.795932+00:00,Reject,REJECT,False,"kickoff is 223.2h away -- outside the configured 24h money-event horizon; research grade 'Reject' is not in the actionable set ['A', 'A+', 'B']; estimated probability 21.0% is below the 50% money-qualification floor; net EV -3.44% is below the 2.00% money-qualification value floor",2026-10-18T13:30:00Z
2026-10-12,football,La Liga,Levante v Sevilla,1x2,draw,Smarkets,3.35,0.2881684243479622,3.4701928299837044,High,0.005049296774895888,19,,0.0,-0.034635778434326636,adequate,0.0,Reject,net EV -3.46% is below the minimum Grade C floor,daily-engine-v1.1.0-odds-api,2026-10-09T06:16:33.795932+00:00,Reject,REJECT,False,"kickoff is 84.7h away -- outside the configured 24h money-event horizon; research grade 'Reject' is not in the actionable set ['A', 'A+', 'B']; estimated probability 28.8% is below the 50% money-qualification floor; net EV -3.46% is below the 2.00% money-qualification value floor",2026-10-12T19:00:00Z
2026-10-18,football,Ligue 1,Le Havre v Auxerre,1x2,away,Grosvenor,2.9,0.33281389136242207,3.0046822742474917,High,0.004040851064647134,15,,0.0,-0.03483971504897598,adequate,0.0,Reject,net EV -3.48% is below the minimum Grade C floor,daily-engine-v1.1.0-odds-api,2026-10-09T06:16:33.795932+00:00,Reject,REJECT,False,"kickoff is 225.0h away -- outside the configured 24h money-event horizon; research grade 'Reject' is not in the actionable set ['A', 'A+', 'B']; estimated probability 33.3% is below the 50% money-qualification floor; net EV -3.48% is below the 2.00% money-qualification value floor",2026-10-18T15:15:00Z
2026-10-16,football,Eredivisie,Heerenveen v Excelsior,1x2,draw,Paddy Power,4.2,0.22974647403947548,4.352623926790615,High,0.007066793402629391,12,,0.0,-0.03506480903420295,adequate,0.0,Reject,net EV -3.51% is below the minimum Grade C floor,daily-engine-v1.1.0-odds-api,2026-10-09T06:16:33.795932+00:00,Reject,REJECT,False,"kickoff is 179.7h away -- outside the configured 24h money-event horizon; research grade 'Reject' is not in the actionable set ['A', 'A+', 'B']; estimated probability 23.0% is below the 50% money-qualification floor; net EV -3.51% is below the 2.00% money-qualification value floor",2026-10-16T18:00:00Z
2026-10-17,football,Ligue 1,Troyes v RC Lens,1x2,home,Betfred (UK),4.0,0.24119392955143645,4.146041328070582,High,0.005384950640801251,15,,0.0,-0.035224281794254186,adequate,0.0,Reject,net EV -3.52% is below the minimum Grade C floor,daily-engine-v1.1.0-odds-api,2026-10-09T06:16:33.795932+00:00,Reject,REJECT,False,"kickoff is 204.5h away -- outside the configured 24h money-event horizon; research grade 'Reject' is not in the actionable set ['A', 'A+', 'B']; estimated probability 24.1% is below the 50% money-qualification floor; net EV -3.52% is below the 2.00% money-qualification value floor",2026-10-17T18:45:00Z
2026-10-10,football,Ligue 1,Paris Saint Germain v Le Mans FC,1x2,home,Coral,1.1,0.8768514956775197,1.1404439690523955,High,0.012338003270982797,20,,0.0,-0.0354633547547282,adequate,0.0,Reject,net EV -3.55% is below the minimum Grade C floor,daily-engine-v1.1.0-odds-api,2026-10-09T06:16:33.795932+00:00,Reject,REJECT,False,"kickoff is 36.5h away -- outside the configured 24h money-event horizon; research grade 'Reject' is not in the actionable set ['A', 'A+', 'B']; odds 1.10 are below the configured payout floor of 1.33; net EV -3.55% is below the 2.00% money-qualification value floor",2026-10-10T18:45:00Z
2026-10-10,football,Championship,Preston North End v Millwall,1x2,draw,Betfair,3.55,0.271699943075204,3.6805307674400556,High,0.0042754208124108324,21,,0.0,-0.035465202083025726,adequate,0.0,Reject,net EV -3.55% is below the minimum Grade C floor,daily-engine-v1.1.0-odds-api,2026-10-09T06:16:33.795932+00:00,Reject,REJECT,False,"kickoff is 31.7h away -- outside the configured 24h money-event horizon; research grade 'Reject' is not in the actionable set ['A', 'A+', 'B']; estimated probability 27.2% is below the 50% money-qualification floor; net EV -3.55% is below the 2.00% money-qualification value floor",2026-10-10T14:00:00Z
2026-10-11,football,Premier League,Crystal Palace v Nottingham Forest,over_under_2_5,over,Matchbook,1.97,0.48941798941798953,2.043243243243243,High,0.010028134828458277,5,,0.0,-0.03584656084656063,adequate,0.0,Reject,net EV -3.58% is below the minimum Grade C floor,daily-engine-v1.1.0-odds-api,2026-10-09T06:16:33.795932+00:00,Reject,REJECT,False,"kickoff is 54.7h away -- outside the configured 24h money-event horizon; research grade 'Reject' is not in the actionable set ['A', 'A+', 'B']; estimated probability 48.9% is below the 50% money-qualification floor; net EV -3.58% is below the 2.00% money-qualification value floor",2026-10-11T13:00:00Z
2026-10-18,football,Premier League,Nottingham Forest v Arsenal,over_under_2_5,under,Casumo,1.97,0.4894179894179894,2.0432432432432432,Medium,0.010610228878491595,4,,0.0,-0.03584656084656085,adequate,0.0,Reject,net EV -3.58% is below the minimum Grade C floor,daily-engine-v1.1.0-odds-api,2026-10-09T06:16:33.795932+00:00,Reject,REJECT,False,"kickoff is 225.2h away -- outside the configured 24h money-event horizon; research grade 'Reject' is not in the actionable set ['A', 'A+', 'B']; estimated probability 48.9% is below the 60% money-qualification floor (the stricter Medium-confidence floor); net EV -3.58% is below the 5.00% money-qualification value floor (the stricter Medium-confidence floor)",2026-10-18T15:30:00Z
2026-10-10,football,Scottish Premiership,Dundee United v Hibernian,over_under_2_5,over,Matchbook,1.66,0.5807291666666666,1.7219730941704037,High,0.004187006645336573,5,,0.0,-0.035989583333333464,adequate,0.0,Reject,net EV -3.60% is below the minimum Grade C floor,daily-engine-v1.1.0-odds-api,2026-10-09T06:16:33.795932+00:00,Reject,REJECT,False,"kickoff is 31.7h away -- outside the configured 24h money-event horizon; research grade 'Reject' is not in the actionable set ['A', 'A+', 'B']; net EV -3.60% is below the 2.00% money-qualification value floor",2026-10-10T14:00:00Z
2026-10-10,football,La Liga,Real Madrid v Villarreal,1x2,home,Coral,1.4,0.6885488683617219,1.452329741503054,High,0.014258645922338898,20,,0.0,-0.03603158429358938,adequate,0.0,Reject,net EV -3.60% is below the minimum Grade C floor,daily-engine-v1.1.0-odds-api,2026-10-09T06:16:33.795932+00:00,Reject,REJECT,False,"kickoff is 36.7h away -- outside the configured 24h money-event horizon; research grade 'Reject' is not in the actionable set ['A', 'A+', 'B']; net EV -3.60% is below the 2.00% money-qualification value floor",2026-10-10T19:00:00Z
2026-10-18,football,Premier League,Brighton and Hove Albion v Crystal Palace,1x2,home,Betfair,1.66,0.5806428417343784,1.7222291021671825,High,0.005973579911744435,17,,0.0,-0.0361328827209319,adequate,0.0,Reject,net EV -3.61% is below the minimum Grade C floor,daily-engine-v1.1.0-odds-api,2026-10-09T06:16:33.795932+00:00,Reject,REJECT,False,"kickoff is 222.7h away -- outside the configured 24h money-event horizon; research grade 'Reject' is not in the actionable set ['A', 'A+', 'B']; net EV -3.61% is below the 2.00% money-qualification value floor",2026-10-18T13:00:00Z
2026-10-10,football,Bundesliga,Augsburg v Bayern Munich,1x2,away,Smarkets,1.21,0.7964089197799016,1.2556363636363637,High,0.013188903793833678,21,,0.0,-0.03634520706631911,adequate,0.0,Reject,net EV -3.63% is below the minimum Grade C floor,daily-engine-v1.1.0-odds-api,2026-10-09T06:16:33.795932+00:00,Reject,REJECT,False,"kickoff is 31.2h away -- outside the configured 24h money-event horizon; research grade 'Reject' is not in the actionable set ['A', 'A+', 'B']; odds 1.21 are below the configured payout floor of 1.33; net EV -3.63% is below the 2.00% money-qualification value floor",2026-10-10T13:30:00Z
2026-10-10,football,Championship,West Bromwich Albion v Birmingham City,1x2,draw,LeoVegas,3.45,0.2793185419968304,3.580141843971631,High,0.0052892364959961045,21,,0.0,-0.03635103011093488,adequate,0.0,Reject,net EV -3.64% is below the minimum Grade C floor,daily-engine-v1.1.0-odds-api,2026-10-09T06:16:33.795932+00:00,Reject,REJECT,False,"kickoff is 29.2h away -- outside the configured 24h money-event horizon; research grade 'Reject' is not in the actionable set ['A', 'A+', 'B']; estimated probability 27.9% is below the 50% money-qualification floor; net EV -3.64% is below the 2.00% money-qualification value floor",2026-10-10T11:30:00Z
2026-10-11,football,Belgian Pro League,Westerlo v Royal Antwerp,1x2,away,Ladbrokes,3.1,0.3108430297469982,3.2170578211579057,Medium,0.027225118210309682,18,,0.0,-0.03638660778430558,adequate,0.0,Reject,net EV -3.64% is below the minimum Grade C floor,daily-engine-v1.1.0-odds-api,2026-10-09T06:16:33.795932+00:00,Reject,REJECT,False,"kickoff is 58.2h away -- outside the configured 24h money-event horizon; research grade 'Reject' is not in the actionable set ['A', 'A+', 'B']; estimated probability 31.1% is below the 60% money-qualification floor (the stricter Medium-confidence floor); Medium-confidence candidates require odds inside the preferred range 1.40-2.50; odds are 3.10; net EV -3.64% is below the 5.00% money-qualification value floor (the stricter Medium-confidence floor)",2026-10-11T16:30:00Z
2026-10-18,football,Eredivisie,FC Zwolle v Go Ahead Eagles,1x2,draw,Grosvenor,4.0,0.24085294429873932,4.151911046433631,High,0.007571750916084384,12,,0.0,-0.0365882228050427,adequate,0.0,Reject,net EV -3.66% is below the minimum Grade C floor,daily-engine-v1.1.0-odds-api,2026-10-09T06:16:33.795932+00:00,Reject,REJECT,False,"kickoff is 220.0h away -- outside the configured 24h money-event horizon; research grade 'Reject' is not in the actionable set ['A', 'A+', 'B']; estimated probability 24.1% is below the 50% money-qualification floor; net EV -3.66% is below the 2.00% money-qualification value floor",2026-10-18T10:15:00Z
2026-10-18,football,Ligue 1,Lorient v AS Monaco,1x2,away,Betfair,2.14,0.45015739769150054,2.2214452214452214,High,0.00706565850681879,15,,0.0,-0.03666316894018884,adequate,0.0,Reject,net EV -3.67% is below the minimum Grade C floor,daily-engine-v1.1.0-odds-api,2026-10-09T06:16:33.795932+00:00,Reject,REJECT,False,"kickoff is 225.0h away -- outside the configured 24h money-event horizon; research grade 'Reject' is not in the actionable set ['A', 'A+', 'B']; estimated probability 45.0% is below the 50% money-qualification floor; net EV -3.67% is below the 2.00% money-qualification value floor",2026-10-18T15:15:00Z
2026-10-10,football,Championship,Sheffield United v Lincoln City,1x2,draw,Betfair,3.45,0.2792207792207792,3.5813953488372094,High,0.003678909463347487,21,,0.0,-0.03668831168831166,adequate,0.0,Reject,net EV -3.67% is below the minimum Grade C floor,daily-engine-v1.1.0-odds-api,2026-10-09T06:16:33.795932+00:00,Reject,REJECT,False,"kickoff is 31.7h away -- outside the configured 24h money-event horizon; research grade 'Reject' is not in the actionable set ['A', 'A+', 'B']; estimated probability 27.9% is below the 50% money-qualification floor; net EV -3.67% is below the 2.00% money-qualification value floor",2026-10-10T14:00:00Z
2026-10-11,football,Primeira Liga,Arouca v CF Estrela,1x2,draw,Paddy Power,3.5,0.27517306482064197,3.63407661520869,High,0.0055034271674965505,20,,0.0,-0.036894273127753174,adequate,0.0,Reject,net EV -3.69% is below the minimum Grade C floor,daily-engine-v1.1.0-odds-api,2026-10-09T06:16:33.795932+00:00,Reject,REJECT,False,"kickoff is 61.2h away -- outside the configured 24h money-event horizon; research grade 'Reject' is not in the actionable set ['A', 'A+', 'B']; estimated probability 27.5% is below the 50% money-qualification floor; net EV -3.69% is below the 2.00% money-qualification value floor",2026-10-11T19:30:00Z
2026-10-11,football,Belgian Pro League,Standard Liege v Charleroi,1x2,draw,Grosvenor,3.55,0.27118353017496327,3.6875395764441006,Low,0.060741448565824224,17,,0.0,-0.03729846787888047,adequate,0.0,Reject,net EV -3.73% is below the minimum Grade C floor,daily-engine-v1.1.0-odds-api,2026-10-09T06:16:33.795932+00:00,Reject,REJECT,False,"kickoff is 53.2h away -- outside the configured 24h money-event horizon; research grade 'Reject' is not in the actionable set ['A', 'A+', 'B']; confidence 'Low' is not eligible for real-money qualification (requires one of ['High'], or ['Medium'] with every other requirement strong)",2026-10-11T11:30:00Z
2026-10-17,football,La Liga,Valencia v Athletic Bilbao,1x2,draw,Betfred (UK),3.5,0.27504741336899463,3.6357367907998928,High,0.0037380619248580504,14,,0.0,-0.03733405320851879,adequate,0.0,Reject,net EV -3.73% is below the minimum Grade C floor,daily-engine-v1.1.0-odds-api,2026-10-09T06:16:33.795932+00:00,Reject,REJECT,False,"kickoff is 204.7h away -- outside the configured 24h money-event horizon; research grade 'Reject' is not in the actionable set ['A', 'A+', 'B']; estimated probability 27.5% is below the 50% money-qualification floor; net EV -3.73% is below the 2.00% money-qualification value floor",2026-10-17T19:00:00Z
2026-10-13,football,Championship,Burnley v Charlton Athletic,1x2,away,LeoVegas,4.6,0.2092380780901959,4.779244815893079,High,0.0028863295568751883,6,,0.0,-0.03750484078509897,adequate,0.0,Reject,net EV -3.75% is below the minimum Grade C floor,daily-engine-v1.1.0-odds-api,2026-10-09T06:16:33.795932+00:00,Reject,REJECT,False,"kickoff is 108.5h away -- outside the configured 24h money-event horizon; research grade 'Reject' is not in the actionable set ['A', 'A+', 'B']; estimated probability 20.9% is below the 50% money-qualification floor; net EV -3.75% is below the 2.00% money-qualification value floor",2026-10-13T18:45:00Z
2026-10-11,football,Premier League,Liverpool v Manchester City,over_under_2_5,over,Matchbook,1.62,0.5941188814857563,1.683164819638836,Medium,0.010267341698533133,4,,0.0,-0.03752741199307469,adequate,0.0,Reject,net EV -3.75% is below the minimum Grade C floor,daily-engine-v1.1.0-odds-api,2026-10-09T06:16:33.795932+00:00,Reject,REJECT,False,"kickoff is 57.2h away -- outside the configured 24h money-event horizon; research grade 'Reject' is not in the actionable set ['A', 'A+', 'B']; estimated probability 59.4% is below the 60% money-qualification floor (the stricter Medium-confidence floor); net EV -3.75% is below the 5.00% money-qualification value floor (the stricter Medium-confidence floor)",2026-10-11T15:30:00Z
2026-10-16,football,La Liga,Deportivo La Coruña v Levante,1x2,draw,Betfair,3.55,0.271087958324985,3.6888396156688836,High,0.0025520219080644615,13,,0.0,-0.03763774794630326,adequate,0.0,Reject,net EV -3.76% is below the minimum Grade C floor,daily-engine-v1.1.0-odds-api,2026-10-09T06:16:33.795932+00:00,Reject,REJECT,False,"kickoff is 180.7h away -- outside the configured 24h money-event horizon; research grade 'Reject' is not in the actionable set ['A', 'A+', 'B']; estimated probability 27.1% is below the 50% money-qualification floor; net EV -3.76% is below the 2.00% money-qualification value floor",2026-10-16T19:00:00Z
2026-10-17,football,Bundesliga,Union Berlin v Borussia Dortmund,1x2,away,William Hill,1.67,0.5762348099048817,1.7354036632480925,High,0.01656234743909698,16,,0.0,-0.03768786745884756,adequate,0.0,Reject,net EV -3.77% is below the minimum Grade C floor,daily-engine-v1.1.0-odds-api,2026-10-09T06:16:33.795932+00:00,Reject,REJECT,False,"kickoff is 199.2h away -- outside the configured 24h money-event horizon; research grade 'Reject' is not in the actionable set ['A', 'A+', 'B']; net EV -3.77% is below the 2.00% money-qualification value floor",2026-10-17T13:30:00Z
2026-10-10,football,Primeira Liga,CS Maritimo v FC Porto,1x2,away,Betfair,1.35,0.7127978359944981,1.4029223287480894,High,0.009798931854208185,20,,0.0,-0.03772292140742753,adequate,0.0,Reject,net EV -3.77% is below the minimum Grade C floor,daily-engine-v1.1.0-odds-api,2026-10-09T06:16:33.795932+00:00,Reject,REJECT,False,"kickoff is 34.7h away -- outside the configured 24h money-event horizon; research grade 'Reject' is not in the actionable set ['A', 'A+', 'B']; net EV -3.77% is below the 2.00% money-qualification value floor",2026-10-10T17:00:00Z
2026-10-11,football,Eredivisie,FC Utrecht v Willem II,1x2,home,Coral,1.53,0.6289338626900358,1.5899923017705928,Low,0.05784884721003761,19,,0.0,-0.03773119008424519,adequate,0.0,Reject,net EV -3.77% is below the minimum Grade C floor,daily-engine-v1.1.0-odds-api,2026-10-09T06:16:33.795932+00:00,Reject,REJECT,False,"kickoff is 52.0h away -- outside the configured 24h money-event horizon; research grade 'Reject' is not in the actionable set ['A', 'A+', 'B']; confidence 'Low' is not eligible for real-money qualification (requires one of ['High'], or ['Medium'] with every other requirement strong)",2026-10-11T10:15:00Z
2026-10-11,football,Scottish Premiership,Aberdeen v St Johnstone,1x2,away,888sport,3.3,0.29158356601515756,3.4295485636114913,High,0.005924283980176382,19,,0.0,-0.0377742321499801,adequate,0.0,Reject,net EV -3.78% is below the minimum Grade C floor,daily-engine-v1.1.0-odds-api,2026-10-09T06:16:33.795932+00:00,Reject,REJECT,False,"kickoff is 54.7h away -- outside the configured 24h money-event horizon; research grade 'Reject' is not in the actionable set ['A', 'A+', 'B']; estimated probability 29.2% is below the 50% money-qualification floor; net EV -3.78% is below the 2.00% money-qualification value floor",2026-10-11T13:00:00Z
2026-10-17,football,Serie A,Venezia v Napoli,1x2,away,Betfair,1.75,0.5496173894121875,1.819447527068774,High,0.0042689270795587065,15,,0.0,-0.038169568528671816,adequate,0.0,Reject,net EV -3.82% is below the minimum Grade C floor,daily-engine-v1.1.0-odds-api,2026-10-09T06:16:33.795932+00:00,Reject,REJECT,False,"kickoff is 198.7h away -- outside the configured 24h money-event horizon; research grade 'Reject' is not in the actionable set ['A', 'A+', 'B']; net EV -3.82% is below the 2.00% money-qualification value floor",2026-10-17T13:00:00Z
2026-10-19,football,Premier League,Tottenham Hotspur v Coventry City,1x2,draw,Betfred (UK),4.6,0.2090909090909091,4.782608695652174,High,0.005207917205831841,15,,0.0,-0.038181818181818206,adequate,0.0,Reject,net EV -3.82% is below the minimum Grade C floor,daily-engine-v1.1.0-odds-api,2026-10-09T06:16:33.795932+00:00,Reject,REJECT,False,"kickoff is 252.7h away -- outside the configured 24h money-event horizon; research grade 'Reject' is not in the actionable set ['A', 'A+', 'B']; estimated probability 20.9% is below the 50% money-qualification floor; net EV -3.82% is below the 2.00% money-qualification value floor",2026-10-19T19:00:00Z
2026-10-17,football,Premier League,Manchester City v Ipswich Town,1x2,home,Smarkets,1.24,0.7755791985681615,1.2893589743589744,High,0.0115763585074096,17,,0.0,-0.03828179377547977,adequate,0.0,Reject,net EV -3.83% is below the minimum Grade C floor,daily-engine-v1.1.0-odds-api,2026-10-09T06:16:33.795932+00:00,Reject,REJECT,False,"kickoff is 199.7h away -- outside the configured 24h money-event horizon; research grade 'Reject' is not in the actionable set ['A', 'A+', 'B']; odds 1.24 are below the configured payout floor of 1.33; net EV -3.83% is below the 2.00% money-qualification value floor",2026-10-17T14:00:00Z
2026-10-11,football,Belgian Pro League,Westerlo v Royal Antwerp,1x2,home,Grosvenor,2.18,0.4411457945317738,2.266824284387402,High,0.008350477796402552,18,,0.0,-0.03830216792073293,adequate,0.0,Reject,net EV -3.83% is below the minimum Grade C floor,daily-engine-v1.1.0-odds-api,2026-10-09T06:16:33.795932+00:00,Reject,REJECT,False,"kickoff is 58.2h away -- outside the configured 24h money-event horizon; research grade 'Reject' is not in the actionable set ['A', 'A+', 'B']; estimated probability 44.1% is below the 50% money-qualification floor; net EV -3.83% is below the 2.00% money-qualification value floor",2026-10-11T16:30:00Z
2026-10-16,football,Bundesliga,Eintracht Frankfurt v 1. FC Köln,1x2,home,Ladbrokes,1.95,0.4931337039260881,2.027847604084839,High,0.007836927552269064,19,,0.0,-0.038389277344128225,adequate,0.0,Reject,net EV -3.84% is below the minimum Grade C floor,daily-engine-v1.1.0-odds-api,2026-10-09T06:16:33.795932+00:00,Reject,REJECT,False,"kickoff is 180.2h away -- outside the configured 24h money-event horizon; research grade 'Reject' is not in the actionable set ['A', 'A+', 'B']; estimated probability 49.3% is below the 50% money-qualification floor; net EV -3.84% is below the 2.00% money-qualification value floor",2026-10-16T18:30:00Z
2026-10-10,football,Belgian Pro League,Cercle Brugge KSV v Anderlecht,1x2,away,Betfair,2.02,0.47603976111135915,2.1006648639294476,High,0.012075817803351936,18,,0.0,-0.03839968255505449,adequate,0.0,Reject,net EV -3.84% is below the minimum Grade C floor,daily-engine-v1.1.0-odds-api,2026-10-09T06:16:33.795932+00:00,Reject,REJECT,False,"kickoff is 31.7h away -- outside the configured 24h money-event horizon; research grade 'Reject' is not in the actionable set ['A', 'A+', 'B']; estimated probability 47.6% is below the 50% money-qualification floor; net EV -3.84% is below the 2.00% money-qualification value floor",2026-10-10T14:00:00Z
2026-10-19,football,Premier League,Tottenham Hotspur v Coventry City,1x2,home,Betfair,1.53,0.6283856988082339,1.591379310344828,High,0.007259793735217645,15,,0.0,-0.03856988082340207,adequate,0.0,Reject,net EV -3.86% is below the minimum Grade C floor,daily-engine-v1.1.0-odds-api,2026-10-09T06:16:33.795932+00:00,Reject,REJECT,False,"kickoff is 252.7h away -- outside the configured 24h money-event horizon; research grade 'Reject' is not in the actionable set ['A', 'A+', 'B']; net EV -3.86% is below the 2.00% money-qualification value floor",2026-10-19T19:00:00Z
2026-10-10,football,Ligue 1,Lille v Le Havre,1x2,home,Betfair,1.46,0.6583514878743626,1.5189454545454546,High,0.008435171506418704,20,,0.0,-0.038806827703430635,adequate,0.0,Reject,net EV -3.88% is below the minimum Grade C floor,daily-engine-v1.1.0-odds-api,2026-10-09T06:16:33.795932+00:00,Reject,REJECT,False,"kickoff is 33.0h away -- outside the configured 24h money-event horizon; research grade 'Reject' is not in the actionable set ['A', 'A+', 'B']; net EV -3.88% is below the 2.00% money-qualification value floor",2026-10-10T15:15:00Z
2026-10-17,football,Premier League,Fulham v Hull City,over_under_2_5,under,Casumo,2.2,0.4368901108794869,2.288905093289793,Medium,0.008043538659660118,4,,0.0,-0.03884175606512874,adequate,0.0,Reject,net EV -3.88% is below the minimum Grade C floor,daily-engine-v1.1.0-odds-api,2026-10-09T06:16:33.795932+00:00,Reject,REJECT,False,"kickoff is 199.7h away -- outside the configured 24h money-event horizon; research grade 'Reject' is not in the actionable set ['A', 'A+', 'B']; estimated probability 43.7% is below the 60% money-qualification floor (the stricter Medium-confidence floor); net EV -3.88% is below the 5.00% money-qualification value floor (the stricter Medium-confidence floor)",2026-10-17T14:00:00Z
2026-10-17,football,Bundesliga,FC Schalke 04 v FSV Mainz 05,1x2,away,Betfair,2.34,0.41071777821239974,2.434761904761905,High,0.006544481895159002,17,,0.0,-0.038920398982984716,adequate,0.0,Reject,net EV -3.89% is below the minimum Grade C floor,daily-engine-v1.1.0-odds-api,2026-10-09T06:16:33.795932+00:00,Reject,REJECT,False,"kickoff is 199.2h away -- outside the configured 24h money-event horizon; research grade 'Reject' is not in the actionable set ['A', 'A+', 'B']; estimated probability 41.1% is below the 50% money-qualification floor; net EV -3.89% is below the 2.00% money-qualification value floor",2026-10-17T13:30:00Z
2026-10-18,football,Ligue 1,Angers v Marseille,1x2,home,Grosvenor,3.15,0.30509181969949917,3.2777017783857727,High,0.008780300458678945,15,,0.0,-0.03896076794657766,adequate,0.0,Reject,net EV -3.90% is below the minimum Grade C floor,daily-engine-v1.1.0-odds-api,2026-10-09T06:16:33.795932+00:00,Reject,REJECT,False,"kickoff is 222.7h away -- outside the configured 24h money-event horizon; research grade 'Reject' is not in the actionable set ['A', 'A+', 'B']; estimated probability 30.5% is below the 50% money-qualification floor; net EV -3.90% is below the 2.00% money-qualification value floor",2026-10-18T13:00:00Z
2026-10-10,football,Scottish Premiership,Hearts v St Mirren,1x2,home,Ladbrokes,1.48,0.6487549469417869,1.5414140650702899,High,0.009520222703414346,20,,0.0,-0.03984267852615536,adequate,0.0,Reject,net EV -3.98% is below the minimum Grade C floor,daily-engine-v1.1.0-odds-api,2026-10-09T06:16:33.795932+00:00,Reject,REJECT,False,"kickoff is 31.7h away -- outside the configured 24h money-event horizon; research grade 'Reject' is not in the actionable set ['A', 'A+', 'B']; net EV -3.98% is below the 2.00% money-qualification value floor",2026-10-10T14:00:00Z
2026-10-17,football,Premier League,Everton v Chelsea,over_under_2_5,under,Casumo,2.28,0.421025641025641,2.3751522533495737,Medium,0.008764316150279314,4,,0.0,-0.04006153846153859,adequate,0.0,Reject,net EV -4.01% is below the minimum Grade C floor,daily-engine-v1.1.0-odds-api,2026-10-09T06:16:33.795932+00:00,Reject,REJECT,False,"kickoff is 197.2h away -- outside the configured 24h money-event horizon; research grade 'Reject' is not in the actionable set ['A', 'A+', 'B']; estimated probability 42.1% is below the 60% money-qualification floor (the stricter Medium-confidence floor); net EV -4.01% is below the 5.00% money-qualification value floor (the stricter Medium-confidence floor)",2026-10-17T11:30:00Z
2026-10-10,football,Scottish Premiership,Falkirk F.C. v Dundee FC,over_under_2_5,over,Matchbook,1.77,0.5423280423280423,1.8439024390243903,High,0.005045475140986796,5,,0.0,-0.04007936507936505,adequate,0.0,Reject,net EV -4.01% is below the minimum Grade C floor,daily-engine-v1.1.0-odds-api,2026-10-09T06:16:33.795932+00:00,Reject,REJECT,False,"kickoff is 31.7h away -- outside the configured 24h money-event horizon; research grade 'Reject' is not in the actionable set ['A', 'A+', 'B']; net EV -4.01% is below the 2.00% money-qualification value floor",2026-10-10T14:00:00Z
2026-10-18,football,Ligue 1,Lyon v Nice,1x2,draw,Betfred (UK),4.0,0.2398358713555061,4.169518072289157,Medium,0.023622502242611525,15,,0.0,-0.04065651457797559,adequate,0.0,Reject,net EV -4.07% is below the minimum Grade C floor,daily-engine-v1.1.0-odds-api,2026-10-09T06:16:33.795932+00:00,Reject,REJECT,False,"kickoff is 228.5h away -- outside the configured 24h money-event horizon; research grade 'Reject' is not in the actionable set ['A', 'A+', 'B']; estimated probability 24.0% is below the 60% money-qualification floor (the stricter Medium-confidence floor); Medium-confidence candidates require odds inside the preferred range 1.40-2.50; odds are 4.00; net EV -4.07% is below the 5.00% money-qualification value floor (the stricter Medium-confidence floor)",2026-10-18T18:45:00Z
2026-10-17,football,Eredivisie,Sparta Rotterdam v Willem II,1x2,draw,Unibet (UK),4.5,0.2131801575366839,4.690868097458464,High,0.006916836432874968,12,,0.0,-0.040689291084922474,adequate,0.0,Reject,net EV -4.07% is below the minimum Grade C floor,daily-engine-v1.1.0-odds-api,2026-10-09T06:16:33.795932+00:00,Reject,REJECT,False,"kickoff is 204.7h away -- outside the configured 24h money-event horizon; research grade 'Reject' is not in the actionable set ['A', 'A+', 'B']; estimated probability 21.3% is below the 50% money-qualification floor; net EV -4.07% is below the 2.00% money-qualification value floor",2026-10-17T19:00:00Z
2026-10-18,football,Serie A,Juventus v Lazio,1x2,home,Grosvenor,1.68,0.5709391949757351,1.7515,High,0.006889226294451467,15,,0.0,-0.04082215244076509,adequate,0.0,Reject,net EV -4.08% is below the minimum Grade C floor,daily-engine-v1.1.0-odds-api,2026-10-09T06:16:33.795932+00:00,Reject,REJECT,False,"kickoff is 228.5h away -- outside the configured 24h money-event horizon; research grade 'Reject' is not in the actionable set ['A', 'A+', 'B']; net EV -4.08% is below the 2.00% money-qualification value floor",2026-10-18T18:45:00Z
2026-10-18,football,Eredivisie,NEC Nijmegen v Fortuna Sittard,1x2,home,Grosvenor,1.51,0.6351305344272096,1.5744794901127637,High,0.016052160758528354,12,,0.0,-0.04095289301491356,adequate,0.0,Reject,net EV -4.10% is below the minimum Grade C floor,daily-engine-v1.1.0-odds-api,2026-10-09T06:16:33.795932+00:00,Reject,REJECT,False,"kickoff is 227.7h away -- outside the configured 24h money-event horizon; research grade 'Reject' is not in the actionable set ['A', 'A+', 'B']; net EV -4.10% is below the 2.00% money-qualification value floor",2026-10-18T18:00:00Z
2026-10-11,football,Bundesliga,SC Freiburg v FC Schalke 04,1x2,home,Smarkets,1.68,0.5708059683423625,1.7519088016967126,High,0.007687761203276083,21,,0.0,-0.041045973184831,adequate,0.0,Reject,net EV -4.10% is below the minimum Grade C floor,daily-engine-v1.1.0-odds-api,2026-10-09T06:16:33.795932+00:00,Reject,REJECT,False,"kickoff is 57.2h away -- outside the configured 24h money-event horizon; research grade 'Reject' is not in the actionable set ['A', 'A+', 'B']; net EV -4.10% is below the 2.00% money-qualification value floor",2026-10-11T15:30:00Z
2026-10-18,football,Serie A,Udinese v Lecce,1x2,home,Betfred (UK),1.9,0.5045845649840904,1.9818283582089555,High,0.005814666609941826,15,,0.0,-0.04128932653022821,adequate,0.0,Reject,net EV -4.13% is below the minimum Grade C floor,daily-engine-v1.1.0-odds-api,2026-10-09T06:16:33.795932+00:00,Reject,REJECT,False,"kickoff is 220.2h away -- outside the configured 24h money-event horizon; research grade 'Reject' is not in the actionable set ['A', 'A+', 'B']; net EV -4.13% is below the 2.00% money-qualification value floor",2026-10-18T10:30:00Z
2026-10-10,football,Scottish Premiership,Rangers v Kilmarnock,1x2,home,William Hill,1.17,0.8193922840559918,1.2204166666666667,High,0.011291933765602395,20,,0.0,-0.0413110276544896,adequate,0.0,Reject,net EV -4.13% is below the minimum Grade C floor,daily-engine-v1.1.0-odds-api,2026-10-09T06:16:33.795932+00:00,Reject,REJECT,False,"kickoff is 31.7h away -- outside the configured 24h money-event horizon; research grade 'Reject' is not in the actionable set ['A', 'A+', 'B']; odds 1.17 are below the configured payout floor of 1.33; net EV -4.13% is below the 2.00% money-qualification value floor",2026-10-10T14:00:00Z
2026-10-18,football,La Liga,Real Madrid v Sevilla,1x2,home,Betway,1.25,0.7666907979500972,1.3043067722655628,High,0.01630939505444186,14,,0.0,-0.0416365025623785,adequate,0.0,Reject,net EV -4.16% is below the minimum Grade C floor,daily-engine-v1.1.0-odds-api,2026-10-09T06:16:33.795932+00:00,Reject,REJECT,False,"kickoff is 228.7h away -- outside the configured 24h money-event horizon; research grade 'Reject' is not in the actionable set ['A', 'A+', 'B']; odds 1.25 are below the configured payout floor of 1.33; net EV -4.16% is below the 2.00% money-qualification value floor",2026-10-18T19:00:00Z
2026-10-18,football,La Liga,CA Osasuna v Real Racing Club de Santander,1x2,home,Betfair,1.93,0.4965580170690821,2.013863366666534,High,0.0036663307148147744,14,,0.0,-0.04164302705667161,adequate,0.0,Reject,net EV -4.16% is below the minimum Grade C floor,daily-engine-v1.1.0-odds-api,2026-10-09T06:16:33.795932+00:00,Reject,REJECT,False,"kickoff is 221.7h away -- outside the configured 24h money-event horizon; research grade 'Reject' is not in the actionable set ['A', 'A+', 'B']; estimated probability 49.7% is below the 50% money-qualification floor; net EV -4.16% is below the 2.00% money-qualification value floor",2026-10-18T12:00:00Z
2026-10-18,football,La Liga,Málaga v Real Sociedad,1x2,away,Grosvenor,2.23,0.42970957308897473,2.327153181185801,High,0.0058921897761907045,14,,0.0,-0.04174765201158637,adequate,0.0,Reject,net EV -4.17% is below the minimum Grade C floor,daily-engine-v1.1.0-odds-api,2026-10-09T06:16:33.795932+00:00,Reject,REJECT,False,"kickoff is 226.2h away -- outside the configured 24h money-event horizon; research grade 'Reject' is not in the actionable set ['A', 'A+', 'B']; estimated probability 43.0% is below the 50% money-qualification floor; net EV -4.17% is below the 2.00% money-qualification value floor",2026-10-18T16:30:00Z
2026-10-18,football,Premier League,Nottingham Forest v Arsenal,1x2,away,William Hill,1.62,0.5913978494623655,1.6909090909090911,Low,0.050489348672876695,17,,0.0,-0.041935483870967794,adequate,0.0,Reject,net EV -4.19% is below the minimum Grade C floor,daily-engine-v1.1.0-odds-api,2026-10-09T06:16:33.795932+00:00,Reject,REJECT,False,"kickoff is 225.2h away -- outside the configured 24h money-event horizon; research grade 'Reject' is not in the actionable set ['A', 'A+', 'B']; confidence 'Low' is not eligible for real-money qualification (requires one of ['High'], or ['Medium'] with every other requirement strong)",2026-10-18T15:30:00Z
2026-10-18,football,Serie A,AC Milan v Atalanta BC,1x2,draw,Betfred (UK),3.75,0.25547445255474455,3.914285714285714,High,0.005541673182837441,15,,0.0,-0.041970802919707895,adequate,0.0,Reject,net EV -4.20% is below the minimum Grade C floor,daily-engine-v1.1.0-odds-api,2026-10-09T06:16:33.795932+00:00,Reject,REJECT,False,"kickoff is 225.7h away -- outside the configured 24h money-event horizon; research grade 'Reject' is not in the actionable set ['A', 'A+', 'B']; estimated probability 25.5% is below the 50% money-qualification floor; net EV -4.20% is below the 2.00% money-qualification value floor",2026-10-18T16:00:00Z
2026-10-13,football,Championship,Wolverhampton Wanderers v Bolton Wanderers,1x2,draw,Casumo,5.0,0.19160441568920417,5.21908639945997,High,0.005174438782019287,6,,0.0,-0.04197792155397917,adequate,0.0,Reject,net EV -4.20% is below the minimum Grade C floor,daily-engine-v1.1.0-odds-api,2026-10-09T06:16:33.795932+00:00,Reject,REJECT,False,"kickoff is 108.5h away -- outside the configured 24h money-event horizon; research grade 'Reject' is not in the actionable set ['A', 'A+', 'B']; estimated probability 19.2% is below the 50% money-qualification floor; net EV -4.20% is below the 2.00% money-qualification value floor",2026-10-13T18:45:00Z
2026-10-16,football,Eredivisie,Heerenveen v Excelsior,1x2,away,Paddy Power,4.0,0.2394810659186536,4.175695461200585,High,0.00700119572085947,12,,0.0,-0.04207573632538564,adequate,0.0,Reject,net EV -4.21% is below the minimum Grade C floor,daily-engine-v1.1.0-odds-api,2026-10-09T06:16:33.795932+00:00,Reject,REJECT,False,"kickoff is 179.7h away -- outside the configured 24h money-event horizon; research grade 'Reject' is not in the actionable set ['A', 'A+', 'B']; estimated probability 23.9% is below the 50% money-qualification floor; net EV -4.21% is below the 2.00% money-qualification value floor",2026-10-16T18:00:00Z
2026-10-13,football,Championship,Cardiff City v Watford,1x2,away,LeoVegas,3.7,0.25887352246480033,3.8628902271609196,High,0.004064455936516166,6,,0.0,-0.042167966880238716,adequate,0.0,Reject,net EV -4.22% is below the minimum Grade C floor,daily-engine-v1.1.0-odds-api,2026-10-09T06:16:33.795932+00:00,Reject,REJECT,False,"kickoff is 108.5h away -- outside the configured 24h money-event horizon; research grade 'Reject' is not in the actionable set ['A', 'A+', 'B']; estimated probability 25.9% is below the 50% money-qualification floor; net EV -4.22% is below the 2.00% money-qualification value floor",2026-10-13T18:45:00Z
2026-10-10,football,Serie A,Inter Milan v Parma,1x2,home,Smarkets,1.15,0.8325171400587659,1.2011764705882353,High,0.01430406100399193,21,,0.0,-0.04260528893241933,adequate,0.0,Reject,net EV -4.26% is below the minimum Grade C floor,daily-engine-v1.1.0-odds-api,2026-10-09T06:16:33.795932+00:00,Reject,REJECT,False,"kickoff is 33.7h away -- outside the configured 24h money-event horizon; research grade 'Reject' is not in the actionable set ['A', 'A+', 'B']; odds 1.15 are below the configured payout floor of 1.33; net EV -4.26% is below the 2.00% money-qualification value floor",2026-10-10T16:00:00Z
2026-10-11,football,Scottish Premiership,Aberdeen v St Johnstone,over_under_2_5,under,Casumo,1.93,0.49596797132779613,2.0162592300523334,Medium,0.015605969416222444,4,,0.0,-0.04278181533735348,adequate,0.0,Reject,net EV -4.28% is below the minimum Grade C floor,daily-engine-v1.1.0-odds-api,2026-10-09T06:16:33.795932+00:00,Reject,REJECT,False,"kickoff is 54.7h away -- outside the configured 24h money-event horizon; research grade 'Reject' is not in the actionable set ['A', 'A+', 'B']; estimated probability 49.6% is below the 60% money-qualification floor (the stricter Medium-confidence floor); net EV -4.28% is below the 5.00% money-qualification value floor (the stricter Medium-confidence floor)",2026-10-11T13:00:00Z
2026-10-18,football,Ligue 1,Paris FC v Rennes,1x2,home,Betfred (UK),2.3,0.4161607241417375,2.4029177718832893,High,0.00489924351937266,15,,0.0,-0.04283033447400375,adequate,0.0,Reject,net EV -4.28% is below the minimum Grade C floor,daily-engine-v1.1.0-odds-api,2026-10-09T06:16:33.795932+00:00,Reject,REJECT,False,"kickoff is 225.0h away -- outside the configured 24h money-event horizon; research grade 'Reject' is not in the actionable set ['A', 'A+', 'B']; estimated probability 41.6% is below the 50% money-qualification floor; net EV -4.28% is below the 2.00% money-qualification value floor",2026-10-18T15:15:00Z
2026-10-13,football,Championship,Bristol City v Blackburn Rovers,1x2,home,LeoVegas,1.95,0.4908257111756331,2.0373830816743177,High,0.00833164463059163,6,,0.0,-0.04288986320751542,adequate,0.0,Reject,net EV -4.29% is below the minimum Grade C floor,daily-engine-v1.1.0-odds-api,2026-10-09T06:16:33.795932+00:00,Reject,REJECT,False,"kickoff is 108.5h away -- outside the configured 24h money-event horizon; research grade 'Reject' is not in the actionable set ['A', 'A+', 'B']; estimated probability 49.1% is below the 50% money-qualification floor; net EV -4.29% is below the 2.00% money-qualification value floor",2026-10-13T18:45:00Z
2026-10-17,football,Bundesliga,Werder Bremen v SC Paderborn,1x2,draw,BoyleSports,4.0,0.23926710975390691,4.17942942942943,High,0.006501261057224887,17,,0.0,-0.04293156098437234,adequate,0.0,Reject,net EV -4.29% is below the minimum Grade C floor,daily-engine-v1.1.0-odds-api,2026-10-09T06:16:33.795932+00:00,Reject,REJECT,False,"kickoff is 199.2h away -- outside the configured 24h money-event horizon; research grade 'Reject' is not in the actionable set ['A', 'A+', 'B']; estimated probability 23.9% is below the 50% money-qualification floor; net EV -4.29% is below the 2.00% money-qualification value floor",2026-10-17T13:30:00Z
2026-10-19,football,Serie A,Parma v Torino,1x2,away,Betfair,2.44,0.39215686274509803,2.55,High,0.005741439361713413,15,,0.0,-0.04313725490196085,adequate,0.0,Reject,net EV -4.31% is below the minimum Grade C floor,daily-engine-v1.1.0-odds-api,2026-10-09T06:16:33.795932+00:00,Reject,REJECT,False,"kickoff is 252.5h away -- outside the configured 24h money-event horizon; research grade 'Reject' is not in the actionable set ['A', 'A+', 'B']; estimated probability 39.2% is below the 50% money-qualification floor; net EV -4.31% is below the 2.00% money-qualification value floor",2026-10-19T18:45:00Z
2026-10-11,football,Ligue 1,Rennes v Auxerre,1x2,home,Smarkets,1.45,0.6597938144329897,1.515625,High,0.007745981811041013,20,,0.0,-0.04329896907216502,adequate,0.0,Reject,net EV -4.33% is below the minimum Grade C floor,daily-engine-v1.1.0-odds-api,2026-10-09T06:16:33.795932+00:00,Reject,REJECT,False,"kickoff is 57.0h away -- outside the configured 24h money-event horizon; research grade 'Reject' is not in the actionable set ['A', 'A+', 'B']; net EV -4.33% is below the 2.00% money-qualification value floor",2026-10-11T15:15:00Z
2026-10-11,football,Belgian Pro League,Standard Liege v Charleroi,1x2,away,Grosvenor,2.33,0.41056270915981474,2.435681511470985,Medium,0.033844241015837634,17,,0.0,-0.0433888876576316,adequate,0.0,Reject,net EV -4.34% is below the minimum Grade C floor,daily-engine-v1.1.0-odds-api,2026-10-09T06:16:33.795932+00:00,Reject,REJECT,False,"kickoff is 53.2h away -- outside the configured 24h money-event horizon; research grade 'Reject' is not in the actionable set ['A', 'A+', 'B']; estimated probability 41.1% is below the 60% money-qualification floor (the stricter Medium-confidence floor); net EV -4.34% is below the 5.00% money-qualification value floor (the stricter Medium-confidence floor)",2026-10-11T11:30:00Z
2026-10-10,football,Belgian Pro League,Genk v KV Kortrijk,1x2,home,Betfair,1.46,0.6550951847704367,1.5264957264957266,High,0.0115275222118728,19,,0.0,-0.043561030235162446,adequate,0.0,Reject,net EV -4.36% is below the minimum Grade C floor,daily-engine-v1.1.0-odds-api,2026-10-09T06:16:33.795932+00:00,Reject,REJECT,False,"kickoff is 36.5h away -- outside the configured 24h money-event horizon; research grade 'Reject' is not in the actionable set ['A', 'A+', 'B']; net EV -4.36% is below the 2.00% money-qualification value floor",2026-10-10T18:45:00Z
2026-10-16,football,La Liga,Deportivo La Coruña v Levante,1x2,home,Betfair,2.12,0.45092838196286467,2.2176470588235295,High,0.005165505575118669,13,,0.0,-0.04403183023872681,adequate,0.0,Reject,net EV -4.40% is below the minimum Grade C floor,daily-engine-v1.1.0-odds-api,2026-10-09T06:16:33.795932+00:00,Reject,REJECT,False,"kickoff is 180.7h away -- outside the configured 24h money-event horizon; research grade 'Reject' is not in the actionable set ['A', 'A+', 'B']; estimated probability 45.1% is below the 50% money-qualification floor; net EV -4.40% is below the 2.00% money-qualification value floor",2026-10-16T19:00:00Z
2026-10-09,football,Belgian Pro League,SK Beveren v Lommel SK,1x2,home,Smarkets,1.85,0.5167207247511464,1.9352813852813853,High,0.008882203362376813,19,,0.0,-0.04406665921037911,adequate,0.0,Reject,net EV -4.41% is below the minimum Grade C floor,daily-engine-v1.1.0-odds-api,2026-10-09T06:16:33.795932+00:00,Reject,REJECT,False,"research grade 'Reject' is not in the actionable set ['A', 'A+', 'B']; net EV -4.41% is below the 2.00% money-qualification value floor",2026-10-09T18:45:00Z
2026-10-17,football,Premier League,Everton v Chelsea,over_under_2_5,over,William Hill,1.65,0.578974358974359,1.7271922054915854,Medium,0.00876431615027932,4,,0.0,-0.0446923076923077,adequate,0.0,Reject,net EV -4.47% is below the minimum Grade C floor,daily-engine-v1.1.0-odds-api,2026-10-09T06:16:33.795932+00:00,Reject,REJECT,False,"kickoff is 197.2h away -- outside the configured 24h money-event horizon; research grade 'Reject' is not in the actionable set ['A', 'A+', 'B']; estimated probability 57.9% is below the 60% money-qualification floor (the stricter Medium-confidence floor); net EV -4.47% is below the 5.00% money-qualification value floor (the stricter Medium-confidence floor)",2026-10-17T11:30:00Z
2026-10-11,football,Primeira Liga,Rio Ave FC v Nacional,1x2,draw,Betfair Sportsbook,3.3,0.28947914505084044,3.454480286738351,High,0.004212187270652369,19,,0.0,-0.0447188213322266,adequate,0.0,Reject,net EV -4.47% is below the minimum Grade C floor,daily-engine-v1.1.0-odds-api,2026-10-09T06:16:33.795932+00:00,Reject,REJECT,False,"kickoff is 56.2h away -- outside the configured 24h money-event horizon; research grade 'Reject' is not in the actionable set ['A', 'A+', 'B']; estimated probability 28.9% is below the 50% money-qualification floor; net EV -4.47% is below the 2.00% money-qualification value floor",2026-10-11T14:30:00Z
2026-10-14,football,Championship,Queens Park Rangers v Derby County,1x2,home,LeoVegas,1.83,0.5218021228699994,1.9164352848927326,High,0.010221225387970004,6,,0.0,-0.04510211514790108,adequate,0.0,Reject,net EV -4.51% is below the minimum Grade C floor,daily-engine-v1.1.0-odds-api,2026-10-09T06:16:33.795932+00:00,Reject,REJECT,False,"kickoff is 132.5h away -- outside the configured 24h money-event horizon; research grade 'Reject' is not in the actionable set ['A', 'A+', 'B']; net EV -4.51% is below the 2.00% money-qualification value floor",2026-10-14T18:45:00Z
2026-10-17,football,La Liga,Valencia v Athletic Bilbao,1x2,away,Grosvenor,2.12,0.4502775609332986,2.2208523958584157,High,0.004410862742618375,14,,0.0,-0.0454115708214069,adequate,0.0,Reject,net EV -4.54% is below the minimum Grade C floor,daily-engine-v1.1.0-odds-api,2026-10-09T06:16:33.795932+00:00,Reject,REJECT,False,"kickoff is 204.7h away -- outside the configured 24h money-event horizon; research grade 'Reject' is not in the actionable set ['A', 'A+', 'B']; estimated probability 45.0% is below the 50% money-qualification floor; net EV -4.54% is below the 2.00% money-qualification value floor",2026-10-17T19:00:00Z
2026-10-11,football,Belgian Pro League,Union Saint-Gilloise v Leuven,1x2,home,Ladbrokes,1.28,0.7455268389662029,1.3413333333333333,Low,0.0726939699311654,19,,0.0,-0.0457256461232603,adequate,0.0,Reject,net EV -4.57% is below the minimum Grade C floor,daily-engine-v1.1.0-odds-api,2026-10-09T06:16:33.795932+00:00,Reject,REJECT,False,"kickoff is 55.7h away -- outside the configured 24h money-event horizon; research grade 'Reject' is not in the actionable set ['A', 'A+', 'B']; confidence 'Low' is not eligible for real-money qualification (requires one of ['High'], or ['Medium'] with every other requirement strong); odds 1.28 are below the configured payout floor of 1.33",2026-10-11T14:00:00Z
2026-10-10,football,Championship,Middlesbrough v Wolverhampton Wanderers,over_under_2_5,over,William Hill,1.62,0.5890052356020942,1.697777777777778,Medium,0.005782140159227179,4,,0.0,-0.04581151832460739,adequate,0.0,Reject,net EV -4.58% is below the minimum Grade C floor,daily-engine-v1.1.0-odds-api,2026-10-09T06:16:33.795932+00:00,Reject,REJECT,False,"kickoff is 31.7h away -- outside the configured 24h money-event horizon; research grade 'Reject' is not in the actionable set ['A', 'A+', 'B']; estimated probability 58.9% is below the 60% money-qualification floor (the stricter Medium-confidence floor); net EV -4.58% is below the 5.00% money-qualification value floor (the stricter Medium-confidence floor)",2026-10-10T14:00:00Z
2026-10-18,football,Bundesliga,Bayer Leverkusen v SC Freiburg,1x2,home,Grosvenor,1.68,0.5679680150517403,1.7606625258799173,High,0.006946216800678363,17,,0.0,-0.04581373471307626,adequate,0.0,Reject,net EV -4.58% is below the minimum Grade C floor,daily-engine-v1.1.0-odds-api,2026-10-09T06:16:33.795932+00:00,Reject,REJECT,False,"kickoff is 223.2h away -- outside the configured 24h money-event horizon; research grade 'Reject' is not in the actionable set ['A', 'A+', 'B']; net EV -4.58% is below the 2.00% money-qualification value floor",2026-10-18T13:30:00Z
2026-10-17,football,Serie A,Bologna v Inter Milan,1x2,away,888sport,1.65,0.5781700551823065,1.729594936708861,High,0.01212693203151314,15,,0.0,-0.046019408949194374,adequate,0.0,Reject,net EV -4.60% is below the minimum Grade C floor,daily-engine-v1.1.0-odds-api,2026-10-09T06:16:33.795932+00:00,Reject,REJECT,False,"kickoff is 201.7h away -- outside the configured 24h money-event horizon; research grade 'Reject' is not in the actionable set ['A', 'A+', 'B']; net EV -4.60% is below the 2.00% money-qualification value floor",2026-10-17T16:00:00Z
2026-10-14,football,Championship,Lincoln City v West Ham United,1x2,draw,LeoVegas,4.1,0.23252765402309677,4.300563751013764,High,0.0029501905748028916,6,,0.0,-0.04663661850530332,adequate,0.0,Reject,net EV -4.66% is below the minimum Grade C floor,daily-engine-v1.1.0-odds-api,2026-10-09T06:16:33.795932+00:00,Reject,REJECT,False,"kickoff is 132.7h away -- outside the configured 24h money-event horizon; research grade 'Reject' is not in the actionable set ['A', 'A+', 'B']; estimated probability 23.3% is below the 50% money-qualification floor; net EV -4.66% is below the 2.00% money-qualification value floor",2026-10-14T19:00:00Z
2026-10-17,football,Serie A,AS Roma v Genoa,1x2,home,Unibet (UK),1.33,0.7167887862376553,1.3951111111111112,High,0.016115222957968387,15,,0.0,-0.0466709143039184,adequate,0.0,Reject,net EV -4.67% is below the minimum Grade C floor,daily-engine-v1.1.0-odds-api,2026-10-09T06:16:33.795932+00:00,Reject,REJECT,False,"kickoff is 204.5h away -- outside the configured 24h money-event horizon; research grade 'Reject' is not in the actionable set ['A', 'A+', 'B']; net EV -4.67% is below the 2.00% money-qualification value floor",2026-10-17T18:45:00Z
2026-10-18,football,Bundesliga,Borussia Monchengladbach v TSG Hoffenheim,1x2,away,Betfair,1.99,0.47904191616766467,2.0875,High,0.004677058901786421,17,,0.0,-0.04670658682634732,adequate,0.0,Reject,net EV -4.67% is below the minimum Grade C floor,daily-engine-v1.1.0-odds-api,2026-10-09T06:16:33.795932+00:00,Reject,REJECT,False,"kickoff is 225.2h away -- outside the configured 24h money-event horizon; research grade 'Reject' is not in the actionable set ['A', 'A+', 'B']; estimated probability 47.9% is below the 50% money-qualification floor; net EV -4.67% is below the 2.00% money-qualification value floor",2026-10-18T15:30:00Z
2026-10-18,football,La Liga,Celta Vigo v Alavés,1x2,home,Grosvenor,2.04,0.46726234674538997,2.1401253641883913,High,0.0033423875122443997,14,,0.0,-0.04678481263940437,adequate,0.0,Reject,net EV -4.68% is below the minimum Grade C floor,daily-engine-v1.1.0-odds-api,2026-10-09T06:16:33.795932+00:00,Reject,REJECT,False,"kickoff is 224.0h away -- outside the configured 24h money-event horizon; research grade 'Reject' is not in the actionable set ['A', 'A+', 'B']; estimated probability 46.7% is below the 50% money-qualification floor; net EV -4.68% is below the 2.00% money-qualification value floor",2026-10-18T14:15:00Z
2026-10-11,football,Eredivisie,SC Telstar v ADO Den Haag,1x2,home,Betfair,2.06,0.4626168224299065,2.1616161616161618,High,0.004979935602609089,19,,0.0,-0.04700934579439259,adequate,0.0,Reject,net EV -4.70% is below the minimum Grade C floor,daily-engine-v1.1.0-odds-api,2026-10-09T06:16:33.795932+00:00,Reject,REJECT,False,"kickoff is 54.2h away -- outside the configured 24h money-event horizon; research grade 'Reject' is not in the actionable set ['A', 'A+', 'B']; estimated probability 46.3% is below the 50% money-qualification floor; net EV -4.70% is below the 2.00% money-qualification value floor",2026-10-11T12:30:00Z
2026-10-12,football,Primeira Liga,Famalicão v Alverca,1x2,draw,Paddy Power,3.5,0.27224075961221916,3.673219254252758,High,0.015085876016697681,18,,0.0,-0.04715734135723293,adequate,0.0,Reject,net EV -4.72% is below the minimum Grade C floor,daily-engine-v1.1.0-odds-api,2026-10-09T06:16:33.795932+00:00,Reject,REJECT,False,"kickoff is 85.0h away -- outside the configured 24h money-event horizon; research grade 'Reject' is not in the actionable set ['A', 'A+', 'B']; estimated probability 27.2% is below the 50% money-qualification floor; net EV -4.72% is below the 2.00% money-qualification value floor",2026-10-12T19:15:00Z
2026-10-18,football,Serie A,Fiorentina v Como,1x2,away,Unibet (UK),2.08,0.45807309952326397,2.183057684550222,High,0.009229570801784201,15,,0.0,-0.047207952991610846,adequate,0.0,Reject,net EV -4.72% is below the minimum Grade C floor,daily-engine-v1.1.0-odds-api,2026-10-09T06:16:33.795932+00:00,Reject,REJECT,False,"kickoff is 222.7h away -- outside the configured 24h money-event horizon; research grade 'Reject' is not in the actionable set ['A', 'A+', 'B']; estimated probability 45.8% is below the 50% money-qualification floor; net EV -4.72% is below the 2.00% money-qualification value floor",2026-10-18T13:00:00Z
2026-10-12,football,Premier League,Coventry City v Newcastle United,over_under_2_5,over,Casumo,1.71,0.557029177718833,1.7952380952380949,High,0.011839024255286865,5,,0.0,-0.047480106100795616,adequate,0.0,Reject,net EV -4.75% is below the minimum Grade C floor,daily-engine-v1.1.0-odds-api,2026-10-09T06:16:33.795932+00:00,Reject,REJECT,False,"kickoff is 84.7h away -- outside the configured 24h money-event horizon; research grade 'Reject' is not in the actionable set ['A', 'A+', 'B']; net EV -4.75% is below the 2.00% money-qualification value floor",2026-10-12T19:00:00Z
2026-10-17,football,Bundesliga,Bayern Munich v RB Leipzig,1x2,home,William Hill,1.25,0.7619738751814223,1.3123809523809524,High,0.012165364854542412,19,,0.0,-0.04753265602322207,adequate,0.0,Reject,net EV -4.75% is below the minimum Grade C floor,daily-engine-v1.1.0-odds-api,2026-10-09T06:16:33.795932+00:00,Reject,REJECT,False,"kickoff is 202.2h away -- outside the configured 24h money-event horizon; research grade 'Reject' is not in the actionable set ['A', 'A+', 'B']; odds 1.25 are below the configured payout floor of 1.33; net EV -4.75% is below the 2.00% money-qualification value floor",2026-10-17T16:30:00Z
2026-10-18,football,Eredivisie,Groningen v Ajax,1x2,draw,Paddy Power,4.2,0.226705448339922,4.411010001403233,High,0.006068778293299912,12,,0.0,-0.04783711697232751,adequate,0.0,Reject,net EV -4.78% is below the minimum Grade C floor,daily-engine-v1.1.0-odds-api,2026-10-09T06:16:33.795932+00:00,Reject,REJECT,False,"kickoff is 224.5h away -- outside the configured 24h money-event horizon; research grade 'Reject' is not in the actionable set ['A', 'A+', 'B']; estimated probability 22.7% is below the 50% money-qualification floor; net EV -4.78% is below the 2.00% money-qualification value floor",2026-10-18T14:45:00Z
2026-10-10,football,Scottish Premiership,Falkirk F.C. v Dundee FC,over_under_2_5,under,Matchbook,2.08,0.4576719576719577,2.184971098265896,High,0.0050454751409868435,5,,0.0,-0.048042328042328,adequate,0.0,Reject,net EV -4.80% is below the minimum Grade C floor,daily-engine-v1.1.0-odds-api,2026-10-09T06:16:33.795932+00:00,Reject,REJECT,False,"kickoff is 31.7h away -- outside the configured 24h money-event horizon; research grade 'Reject' is not in the actionable set ['A', 'A+', 'B']; estimated probability 45.8% is below the 50% money-qualification floor; net EV -4.80% is below the 2.00% money-qualification value floor",2026-10-10T14:00:00Z
2026-10-17,football,Bundesliga,Hamburger SV v VfB Stuttgart,1x2,away,Coral,1.85,0.5143906919779547,1.9440476190476188,High,0.014447798155728721,19,,0.0,-0.04837721984078369,adequate,0.0,Reject,net EV -4.84% is below the minimum Grade C floor,daily-engine-v1.1.0-odds-api,2026-10-09T06:16:33.795932+00:00,Reject,REJECT,False,"kickoff is 199.2h away -- outside the configured 24h money-event horizon; research grade 'Reject' is not in the actionable set ['A', 'A+', 'B']; net EV -4.84% is below the 2.00% money-qualification value floor",2026-10-17T13:30:00Z
2026-10-13,football,Championship,Stoke City v Middlesbrough,1x2,draw,LeoVegas,3.65,0.2606939005774208,3.8359163669923313,High,0.0031666469152575854,6,,0.0,-0.0484672628924141,adequate,0.0,Reject,net EV -4.85% is below the minimum Grade C floor,daily-engine-v1.1.0-odds-api,2026-10-09T06:16:33.795932+00:00,Reject,REJECT,False,"kickoff is 108.7h away -- outside the configured 24h money-event horizon; research grade 'Reject' is not in the actionable set ['A', 'A+', 'B']; estimated probability 26.1% is below the 50% money-qualification floor; net EV -4.85% is below the 2.00% money-qualification value floor",2026-10-13T19:00:00Z
2026-10-11,football,Primeira Liga,Rio Ave FC v Nacional,1x2,home,Betfair,2.34,0.40657571013196153,2.459566508966883,High,0.0072128844544447615,19,,0.0,-0.04861283829120999,adequate,0.0,Reject,net EV -4.86% is below the minimum Grade C floor,daily-engine-v1.1.0-odds-api,2026-10-09T06:16:33.795932+00:00,Reject,REJECT,False,"kickoff is 56.2h away -- outside the configured 24h money-event horizon; research grade 'Reject' is not in the actionable set ['A', 'A+', 'B']; estimated probability 40.7% is below the 50% money-qualification floor; net EV -4.86% is below the 2.00% money-qualification value floor",2026-10-11T14:30:00Z
2026-10-10,football,Premier League,Aston Villa v Brentford,over_under_2_5,over,LeoVegas,1.67,0.5696318309169546,1.7555198739337794,Medium,0.011266929121985788,4,,0.0,-0.048714842368685896,adequate,0.0,Reject,net EV -4.87% is below the minimum Grade C floor,daily-engine-v1.1.0-odds-api,2026-10-09T06:16:33.795932+00:00,Reject,REJECT,False,"kickoff is 31.7h away -- outside the configured 24h money-event horizon; research grade 'Reject' is not in the actionable set ['A', 'A+', 'B']; estimated probability 57.0% is below the 60% money-qualification floor (the stricter Medium-confidence floor); net EV -4.87% is below the 5.00% money-qualification value floor (the stricter Medium-confidence floor)",2026-10-10T14:00:00Z
2026-10-17,football,Bundesliga,Werder Bremen v SC Paderborn,1x2,home,Betfair,1.85,0.5140066820868672,1.9454999999999998,High,0.006992370646425031,17,,0.0,-0.049087638139295675,adequate,0.0,Reject,net EV -4.91% is below the minimum Grade C floor,daily-engine-v1.1.0-odds-api,2026-10-09T06:16:33.795932+00:00,Reject,REJECT,False,"kickoff is 199.2h away -- outside the configured 24h money-event horizon; research grade 'Reject' is not in the actionable set ['A', 'A+', 'B']; net EV -4.91% is below the 2.00% money-qualification value floor",2026-10-17T13:30:00Z
2026-10-14,football,Championship,Lincoln City v West Ham United,1x2,home,Casumo,4.9,0.19391438020558,5.156915123777006,High,0.00819356752460003,6,,0.0,-0.04981953699265795,adequate,0.0,Reject,net EV -4.98% is below the minimum Grade C floor,daily-engine-v1.1.0-odds-api,2026-10-09T06:16:33.795932+00:00,Reject,REJECT,False,"kickoff is 132.7h away -- outside the configured 24h money-event horizon; research grade 'Reject' is not in the actionable set ['A', 'A+', 'B']; estimated probability 19.4% is below the 50% money-qualification floor; net EV -4.98% is below the 2.00% money-qualification value floor",2026-10-14T19:00:00Z
2026-10-18,football,Ligue 1,Paris FC v Rennes,1x2,draw,888sport,3.5,0.2714007782101167,3.684587813620072,High,0.0057635245082072704,15,,0.0,-0.050097276264591595,adequate,0.0,Reject,net EV -5.01% is below the minimum Grade C floor,daily-engine-v1.1.0-odds-api,2026-10-09T06:16:33.795932+00:00,Reject,REJECT,False,"kickoff is 225.0h away -- outside the configured 24h money-event horizon; research grade 'Reject' is not in the actionable set ['A', 'A+', 'B']; estimated probability 27.1% is below the 50% money-qualification floor; net EV -5.01% is below the 2.00% money-qualification value floor",2026-10-18T15:15:00Z
2026-10-10,football,Eredivisie,Ajax v NEC Nijmegen,1x2,home,Betfair,1.32,0.7194244604316546,1.3900000000000001,High,0.009635709811583888,19,,0.0,-0.05035971223021582,adequate,0.0,Reject,net EV -5.04% is below the minimum Grade C floor,daily-engine-v1.1.0-odds-api,2026-10-09T06:16:33.795932+00:00,Reject,REJECT,False,"kickoff is 36.7h away -- outside the configured 24h money-event horizon; research grade 'Reject' is not in the actionable set ['A', 'A+', 'B']; odds 1.32 are below the configured payout floor of 1.33; net EV -5.04% is below the 2.00% money-qualification value floor",2026-10-10T19:00:00Z
2026-10-10,football,Belgian Pro League,SV Zulte-Waregem v Gent,1x2,draw,Grosvenor,3.4,0.27925646186201125,3.580937727751235,High,0.0057547822682203435,19,,0.0,-0.05052802966916181,adequate,0.0,Reject,net EV -5.05% is below the minimum Grade C floor,daily-engine-v1.1.0-odds-api,2026-10-09T06:16:33.795932+00:00,Reject,REJECT,False,"kickoff is 36.5h away -- outside the configured 24h money-event horizon; research grade 'Reject' is not in the actionable set ['A', 'A+', 'B']; estimated probability 27.9% is below the 50% money-qualification floor; net EV -5.05% is below the 2.00% money-qualification value floor",2026-10-10T18:45:00Z
2026-10-17,football,La Liga,Villarreal v Elche CF,1x2,home,Grosvenor,1.47,0.645848596068348,1.5483505051920456,High,0.00968597391307354,14,,0.0,-0.05060256377952849,adequate,0.0,Reject,net EV -5.06% is below the minimum Grade C floor,daily-engine-v1.1.0-odds-api,2026-10-09T06:16:33.795932+00:00,Reject,REJECT,False,"kickoff is 200.0h away -- outside the configured 24h money-event horizon; research grade 'Reject' is not in the actionable set ['A', 'A+', 'B']; net EV -5.06% is below the 2.00% money-qualification value floor",2026-10-17T14:15:00Z
2026-10-18,football,Premier League,Bournemouth v Sunderland,over_under_2_5,over,Casumo,1.81,0.5241518113858539,1.907844212835985,Medium,0.00290363208328663,4,,0.0,-0.05128522139160446,adequate,0.0,Reject,net EV -5.13% is below the minimum Grade C floor,daily-engine-v1.1.0-odds-api,2026-10-09T06:16:33.795932+00:00,Reject,REJECT,False,"kickoff is 222.7h away -- outside the configured 24h money-event horizon; research grade 'Reject' is not in the actionable set ['A', 'A+', 'B']; estimated probability 52.4% is below the 60% money-qualification floor (the stricter Medium-confidence floor); net EV -5.13% is below the 5.00% money-qualification value floor (the stricter Medium-confidence floor)",2026-10-18T13:00:00Z
2026-10-17,football,Premier League,Newcastle United v Aston Villa,over_under_2_5,over,Casumo,1.61,0.5889894419306183,1.6978233034571066,Medium,0.0027943928178449083,4,,0.0,-0.05172699849170448,adequate,0.0,Reject,net EV -5.17% is below the minimum Grade C floor,daily-engine-v1.1.0-odds-api,2026-10-09T06:16:33.795932+00:00,Reject,REJECT,False,"kickoff is 202.2h away -- outside the configured 24h money-event horizon; research grade 'Reject' is not in the actionable set ['A', 'A+', 'B']; estimated probability 58.9% is below the 60% money-qualification floor (the stricter Medium-confidence floor); net EV -5.17% is below the 5.00% money-qualification value floor (the stricter Medium-confidence floor)",2026-10-17T16:30:00Z
2026-10-10,football,Scottish Premiership,Dundee United v Hibernian,over_under_2_5,under,Matchbook,2.26,0.4192708333333333,2.3850931677018634,High,0.004187006645336576,5,,0.0,-0.052447916666666816,adequate,0.0,Reject,net EV -5.24% is below the minimum Grade C floor,daily-engine-v1.1.0-odds-api,2026-10-09T06:16:33.795932+00:00,Reject,REJECT,False,"kickoff is 31.7h away -- outside the configured 24h money-event horizon; research grade 'Reject' is not in the actionable set ['A', 'A+', 'B']; estimated probability 41.9% is below the 50% money-qualification floor; net EV -5.24% is below the 2.00% money-qualification value floor",2026-10-10T14:00:00Z
2026-10-10,football,Premier League,Arsenal v Leeds United,over_under_2_5,under,William Hill,2.0,0.47348109058926996,2.112016762391613,Medium,0.003521964548730016,4,,0.0,-0.053037818821460136,adequate,0.0,Reject,net EV -5.30% is below the minimum Grade C floor,daily-engine-v1.1.0-odds-api,2026-10-09T06:16:33.795932+00:00,Reject,REJECT,False,"kickoff is 29.2h away -- outside the configured 24h money-event horizon; research grade 'Reject' is not in the actionable set ['A', 'A+', 'B']; estimated probability 47.3% is below the 60% money-qualification floor (the stricter Medium-confidence floor); net EV -5.30% is below the 5.00% money-qualification value floor (the stricter Medium-confidence floor)",2026-10-10T11:30:00Z
2026-10-11,football,Scottish Premiership,Aberdeen v St Johnstone,1x2,home,Unibet (UK),2.2,0.4304055431016915,2.3233901515151514,High,0.00667464198078461,19,,0.0,-0.053107805176278555,adequate,0.0,Reject,net EV -5.31% is below the minimum Grade C floor,daily-engine-v1.1.0-odds-api,2026-10-09T06:16:33.795932+00:00,Reject,REJECT,False,"kickoff is 54.7h away -- outside the configured 24h money-event horizon; research grade 'Reject' is not in the actionable set ['A', 'A+', 'B']; estimated probability 43.0% is below the 50% money-qualification floor; net EV -5.31% is below the 2.00% money-qualification value floor",2026-10-11T13:00:00Z
2026-10-13,football,Championship,Bristol City v Blackburn Rovers,1x2,away,Casumo,3.85,0.2457467577089501,4.0692296790517535,High,0.006919758266297349,6,,0.0,-0.05387498282054215,adequate,0.0,Reject,net EV -5.39% is below the minimum Grade C floor,daily-engine-v1.1.0-odds-api,2026-10-09T06:16:33.795932+00:00,Reject,REJECT,False,"kickoff is 108.5h away -- outside the configured 24h money-event horizon; research grade 'Reject' is not in the actionable set ['A', 'A+', 'B']; estimated probability 24.6% is below the 50% money-qualification floor; net EV -5.39% is below the 2.00% money-qualification value floor",2026-10-13T18:45:00Z
2026-10-18,football,Premier League,Brighton and Hove Albion v Crystal Palace,over_under_2_5,under,William Hill,2.38,0.3974580341958015,2.515988894332843,Medium,0.002107402013423619,4,,0.0,-0.054049878613992464,adequate,0.0,Reject,net EV -5.40% is below the minimum Grade C floor,daily-engine-v1.1.0-odds-api,2026-10-09T06:16:33.795932+00:00,Reject,REJECT,False,"kickoff is 222.7h away -- outside the configured 24h money-event horizon; research grade 'Reject' is not in the actionable set ['A', 'A+', 'B']; estimated probability 39.7% is below the 60% money-qualification floor (the stricter Medium-confidence floor); net EV -5.40% is below the 5.00% money-qualification value floor (the stricter Medium-confidence floor)",2026-10-18T13:00:00Z
2026-10-18,football,Premier League,Leeds United v Manchester United,over_under_2_5,over,William Hill,1.67,0.5664067003492591,1.7655158376187596,Medium,0.013055839549847636,4,,0.0,-0.05410081041673731,adequate,0.0,Reject,net EV -5.41% is below the minimum Grade C floor,daily-engine-v1.1.0-odds-api,2026-10-09T06:16:33.795932+00:00,Reject,REJECT,False,"kickoff is 222.7h away -- outside the configured 24h money-event horizon; research grade 'Reject' is not in the actionable set ['A', 'A+', 'B']; estimated probability 56.6% is below the 60% money-qualification floor (the stricter Medium-confidence floor); net EV -5.41% is below the 5.00% money-qualification value floor (the stricter Medium-confidence floor)",2026-10-18T13:00:00Z
2026-10-10,football,Belgian Pro League,RAAL La Louvière v Club Brugge,1x2,away,Ladbrokes,1.4,0.6754011781434085,1.4806015037593985,High,0.010726671060130944,19,,0.0,-0.054438350599228136,adequate,0.0,Reject,net EV -5.44% is below the minimum Grade C floor,daily-engine-v1.1.0-odds-api,2026-10-09T06:16:33.795932+00:00,Reject,REJECT,False,"kickoff is 34.0h away -- outside the configured 24h money-event horizon; research grade 'Reject' is not in the actionable set ['A', 'A+', 'B']; net EV -5.44% is below the 2.00% money-qualification value floor",2026-10-10T16:15:00Z
2026-10-17,football,Premier League,Newcastle United v Aston Villa,over_under_2_5,under,Grosvenor,2.3,0.4110105580693816,2.43302752293578,Medium,0.0027943928178449312,4,,0.0,-0.05467571644042246,adequate,0.0,Reject,net EV -5.47% is below the minimum Grade C floor,daily-engine-v1.1.0-odds-api,2026-10-09T06:16:33.795932+00:00,Reject,REJECT,False,"kickoff is 202.2h away -- outside the configured 24h money-event horizon; research grade 'Reject' is not in the actionable set ['A', 'A+', 'B']; estimated probability 41.1% is below the 60% money-qualification floor (the stricter Medium-confidence floor); net EV -5.47% is below the 5.00% money-qualification value floor (the stricter Medium-confidence floor)",2026-10-17T16:30:00Z
2026-10-10,football,Championship,Middlesbrough v Wolverhampton Wanderers,over_under_2_5,under,LeoVegas,2.3,0.4109947643979057,2.4331210191082806,Medium,0.005782140159227251,4,,0.0,-0.05471204188481693,adequate,0.0,Reject,net EV -5.47% is below the minimum Grade C floor,daily-engine-v1.1.0-odds-api,2026-10-09T06:16:33.795932+00:00,Reject,REJECT,False,"kickoff is 31.7h away -- outside the configured 24h money-event horizon; research grade 'Reject' is not in the actionable set ['A', 'A+', 'B']; estimated probability 41.1% is below the 60% money-qualification floor (the stricter Medium-confidence floor); net EV -5.47% is below the 5.00% money-qualification value floor (the stricter Medium-confidence floor)",2026-10-10T14:00:00Z
2026-10-13,football,Championship,Cardiff City v Watford,1x2,draw,LeoVegas,3.9,0.24234367207371132,4.126371410662787,High,0.0028476631355974454,6,,0.0,-0.054859678912525855,adequate,0.0,Reject,net EV -5.49% is below the minimum Grade C floor,daily-engine-v1.1.0-odds-api,2026-10-09T06:16:33.795932+00:00,Reject,REJECT,False,"kickoff is 108.5h away -- outside the configured 24h money-event horizon; research grade 'Reject' is not in the actionable set ['A', 'A+', 'B']; estimated probability 24.2% is below the 50% money-qualification floor; net EV -5.49% is below the 2.00% money-qualification value floor",2026-10-13T18:45:00Z
2026-10-14,football,Championship,Norwich City v Southampton,1x2,home,LeoVegas,2.2,0.42960732582050953,2.3277070475697643,High,0.006193239642860116,6,,0.0,-0.054863883194879004,adequate,0.0,Reject,net EV -5.49% is below the minimum Grade C floor,daily-engine-v1.1.0-odds-api,2026-10-09T06:16:33.795932+00:00,Reject,REJECT,False,"kickoff is 132.5h away -- outside the configured 24h money-event horizon; research grade 'Reject' is not in the actionable set ['A', 'A+', 'B']; estimated probability 43.0% is below the 50% money-qualification floor; net EV -5.49% is below the 2.00% money-qualification value floor",2026-10-14T18:45:00Z
2026-10-18,football,Ligue 1,Angers v Marseille,1x2,away,William Hill,2.15,0.4395144411887819,2.275238095238095,Medium,0.026913048886089024,15,,0.0,-0.05504395144411889,adequate,0.0,Reject,net EV -5.50% is below the minimum Grade C floor,daily-engine-v1.1.0-odds-api,2026-10-09T06:16:33.795932+00:00,Reject,REJECT,False,"kickoff is 222.7h away -- outside the configured 24h money-event horizon; research grade 'Reject' is not in the actionable set ['A', 'A+', 'B']; estimated probability 44.0% is below the 60% money-qualification floor (the stricter Medium-confidence floor); net EV -5.50% is below the 5.00% money-qualification value floor (the stricter Medium-confidence floor)",2026-10-18T13:00:00Z
2026-10-16,football,Eredivisie,Heerenveen v Excelsior,1x2,home,Grosvenor,1.79,0.527897869175015,1.894305808740569,High,0.009140801745266623,12,,0.0,-0.055062814176723096,adequate,0.0,Reject,net EV -5.51% is below the minimum Grade C floor,daily-engine-v1.1.0-odds-api,2026-10-09T06:16:33.795932+00:00,Reject,REJECT,False,"kickoff is 179.7h away -- outside the configured 24h money-event horizon; research grade 'Reject' is not in the actionable set ['A', 'A+', 'B']; net EV -5.51% is below the 2.00% money-qualification value floor",2026-10-16T18:00:00Z
2026-10-18,football,Premier League,Nottingham Forest v Arsenal,over_under_2_5,over,William Hill,1.85,0.5105820105820106,1.9585492227979275,Medium,0.010610228878491553,4,,0.0,-0.055423280423280374,adequate,0.0,Reject,net EV -5.54% is below the minimum Grade C floor,daily-engine-v1.1.0-odds-api,2026-10-09T06:16:33.795932+00:00,Reject,REJECT,False,"kickoff is 225.2h away -- outside the configured 24h money-event horizon; research grade 'Reject' is not in the actionable set ['A', 'A+', 'B']; estimated probability 51.1% is below the 60% money-qualification floor (the stricter Medium-confidence floor); net EV -5.54% is below the 5.00% money-qualification value floor (the stricter Medium-confidence floor)",2026-10-18T15:30:00Z
2026-10-17,football,Ligue 1,Strasbourg v Paris Saint Germain,1x2,away,Grosvenor,1.42,0.6648936170212766,1.504,High,0.007585932558304495,15,,0.0,-0.05585106382978727,adequate,0.0,Reject,net EV -5.59% is below the minimum Grade C floor,daily-engine-v1.1.0-odds-api,2026-10-09T06:16:33.795932+00:00,Reject,REJECT,False,"kickoff is 201.0h away -- outside the configured 24h money-event horizon; research grade 'Reject' is not in the actionable set ['A', 'A+', 'B']; net EV -5.59% is below the 2.00% money-qualification value floor",2026-10-17T15:15:00Z
2026-10-16,football,Ligue 1,Le Mans FC v Toulouse,1x2,away,Unibet (UK),2.25,0.41953203622945323,2.383608195902049,Medium,0.024358388106485523,15,,0.0,-0.056052918483730174,adequate,0.0,Reject,net EV -5.61% is below the minimum Grade C floor,daily-engine-v1.1.0-odds-api,2026-10-09T06:16:33.795932+00:00,Reject,REJECT,False,"kickoff is 180.5h away -- outside the configured 24h money-event horizon; research grade 'Reject' is not in the actionable set ['A', 'A+', 'B']; estimated probability 42.0% is below the 60% money-qualification floor (the stricter Medium-confidence floor); net EV -5.61% is below the 5.00% money-qualification value floor (the stricter Medium-confidence floor)",2026-10-16T18:45:00Z
2026-10-17,football,Eredivisie,SC Telstar v Feyenoord,1x2,away,Casumo,1.36,0.6938498389239117,1.4412340306238236,High,0.012360819917016583,12,,0.0,-0.05636421906347999,adequate,0.0,Reject,net EV -5.64% is below the minimum Grade C floor,daily-engine-v1.1.0-odds-api,2026-10-09T06:16:33.795932+00:00,Reject,REJECT,False,"kickoff is 203.7h away -- outside the configured 24h money-event horizon; research grade 'Reject' is not in the actionable set ['A', 'A+', 'B']; net EV -5.64% is below the 2.00% money-qualification value floor",2026-10-17T18:00:00Z
2026-10-11,football,Belgian Pro League,KV Mechelen v Sint Truiden,1x2,draw,Grosvenor,3.6,0.2620070285044904,3.8166915052160957,High,0.009862265348647049,19,,0.0,-0.05677469738383445,adequate,0.0,Reject,net EV -5.68% is below the minimum Grade C floor,daily-engine-v1.1.0-odds-api,2026-10-09T06:16:33.795932+00:00,Reject,REJECT,False,"kickoff is 59.0h away -- outside the configured 24h money-event horizon; research grade 'Reject' is not in the actionable set ['A', 'A+', 'B']; estimated probability 26.2% is below the 50% money-qualification floor; net EV -5.68% is below the 2.00% money-qualification value floor",2026-10-11T17:15:00Z
2026-10-18,football,Ligue 1,Lyon v Nice,1x2,home,Betfred (UK),1.67,0.5645903651426818,1.7711956521739132,Low,0.05848429219680109,15,,0.0,-0.057134090211721444,adequate,0.0,Reject,net EV -5.71% is below the minimum Grade C floor,daily-engine-v1.1.0-odds-api,2026-10-09T06:16:33.795932+00:00,Reject,REJECT,False,"kickoff is 228.5h away -- outside the configured 24h money-event horizon; research grade 'Reject' is not in the actionable set ['A', 'A+', 'B']; confidence 'Low' is not eligible for real-money qualification (requires one of ['High'], or ['Medium'] with every other requirement strong)",2026-10-18T18:45:00Z
2026-10-10,football,Premier League,Arsenal v Leeds United,over_under_2_5,over,Casumo,1.79,0.5265189094107299,1.8992670199047197,Medium,0.0035219645487300244,4,,0.0,-0.057531152154793486,adequate,0.0,Reject,net EV -5.75% is below the minimum Grade C floor,daily-engine-v1.1.0-odds-api,2026-10-09T06:16:33.795932+00:00,Reject,REJECT,False,"kickoff is 29.2h away -- outside the configured 24h money-event horizon; research grade 'Reject' is not in the actionable set ['A', 'A+', 'B']; estimated probability 52.7% is below the 60% money-qualification floor (the stricter Medium-confidence floor); net EV -5.75% is below the 5.00% money-qualification value floor (the stricter Medium-confidence floor)",2026-10-10T11:30:00Z
2026-10-19,football,Premier League,Tottenham Hotspur v Coventry City,over_under_2_5,under,Casumo,2.35,0.40102827763496146,2.4935897435897436,Medium,0.002326827823104956,3,,0.0,-0.057583547557840564,adequate,0.0,Reject,net EV -5.76% is below the minimum Grade C floor,daily-engine-v1.1.0-odds-api,2026-10-09T06:16:33.795932+00:00,Reject,REJECT,False,"kickoff is 252.7h away -- outside the configured 24h money-event horizon; research grade 'Reject' is not in the actionable set ['A', 'A+', 'B']; estimated probability 40.1% is below the 60% money-qualification floor (the stricter Medium-confidence floor); net EV -5.76% is below the 5.00% money-qualification value floor (the stricter Medium-confidence floor)",2026-10-19T19:00:00Z
2026-10-13,football,Championship,Millwall v Swansea City,1x2,away,LeoVegas,2.85,0.3302137395353463,3.02834158689802,High,0.0034471035411353487,6,,0.0,-0.058890842324263115,adequate,0.0,Reject,net EV -5.89% is below the minimum Grade C floor,daily-engine-v1.1.0-odds-api,2026-10-09T06:16:33.795932+00:00,Reject,REJECT,False,"kickoff is 108.5h away -- outside the configured 24h money-event horizon; research grade 'Reject' is not in the actionable set ['A', 'A+', 'B']; estimated probability 33.0% is below the 50% money-qualification floor; net EV -5.89% is below the 2.00% money-qualification value floor",2026-10-13T18:45:00Z
2026-10-13,football,Championship,Millwall v Swansea City,1x2,draw,LeoVegas,3.3,0.28518449667580315,3.506501972078787,High,0.0023151547380865466,6,,0.0,-0.0588911609698497,adequate,0.0,Reject,net EV -5.89% is below the minimum Grade C floor,daily-engine-v1.1.0-odds-api,2026-10-09T06:16:33.795932+00:00,Reject,REJECT,False,"kickoff is 108.5h away -- outside the configured 24h money-event horizon; research grade 'Reject' is not in the actionable set ['A', 'A+', 'B']; estimated probability 28.5% is below the 50% money-qualification floor; net EV -5.89% is below the 2.00% money-qualification value floor",2026-10-13T18:45:00Z
2026-10-14,football,Championship,Queens Park Rangers v Derby County,1x2,away,Casumo,4.25,0.2213089107170088,4.5185708824834245,High,0.008233157417580279,6,,0.0,-0.05943712945271262,adequate,0.0,Reject,net EV -5.94% is below the minimum Grade C floor,daily-engine-v1.1.0-odds-api,2026-10-09T06:16:33.795932+00:00,Reject,REJECT,False,"kickoff is 132.5h away -- outside the configured 24h money-event horizon; research grade 'Reject' is not in the actionable set ['A', 'A+', 'B']; estimated probability 22.1% is below the 50% money-qualification floor; net EV -5.94% is below the 2.00% money-qualification value floor",2026-10-14T18:45:00Z
2026-10-13,football,Championship,Wrexham AFC v West Bromwich Albion,1x2,draw,Casumo,3.35,0.2807293303992455,3.5621500559910415,High,0.003455826335584585,6,,0.0,-0.05955674316252746,adequate,0.0,Reject,net EV -5.96% is below the minimum Grade C floor,daily-engine-v1.1.0-odds-api,2026-10-09T06:16:33.795932+00:00,Reject,REJECT,False,"kickoff is 108.5h away -- outside the configured 24h money-event horizon; research grade 'Reject' is not in the actionable set ['A', 'A+', 'B']; estimated probability 28.1% is below the 50% money-qualification floor; net EV -5.96% is below the 2.00% money-qualification value floor",2026-10-13T18:45:00Z
2026-10-17,football,Premier League,Fulham v Hull City,over_under_2_5,over,William Hill,1.67,0.5631098891205131,1.7758523146553844,Medium,0.008043538659660038,4,,0.0,-0.05960648516874323,adequate,0.0,Reject,net EV -5.96% is below the minimum Grade C floor,daily-engine-v1.1.0-odds-api,2026-10-09T06:16:33.795932+00:00,Reject,REJECT,False,"kickoff is 199.7h away -- outside the configured 24h money-event horizon; research grade 'Reject' is not in the actionable set ['A', 'A+', 'B']; estimated probability 56.3% is below the 60% money-qualification floor (the stricter Medium-confidence floor); net EV -5.96% is below the 5.00% money-qualification value floor (the stricter Medium-confidence floor)",2026-10-17T14:00:00Z
2026-10-19,football,Premier League,Tottenham Hotspur v Coventry City,over_under_2_5,over,Casumo,1.57,0.5989717223650385,1.6695278969957084,Medium,0.0023268278231049146,3,,0.0,-0.05961439588688955,adequate,0.0,Reject,net EV -5.96% is below the minimum Grade C floor,daily-engine-v1.1.0-odds-api,2026-10-09T06:16:33.795932+00:00,Reject,REJECT,False,"kickoff is 252.7h away -- outside the configured 24h money-event horizon; research grade 'Reject' is not in the actionable set ['A', 'A+', 'B']; estimated probability 59.9% is below the 60% money-qualification floor (the stricter Medium-confidence floor); net EV -5.96% is below the 5.00% money-qualification value floor (the stricter Medium-confidence floor)",2026-10-19T19:00:00Z
2026-10-18,football,Eredivisie,FC Zwolle v Go Ahead Eagles,1x2,away,William Hill,2.25,0.4179427741090697,2.392672064092277,High,0.017231501669836616,12,,0.0,-0.05962875825459313,adequate,0.0,Reject,net EV -5.96% is below the minimum Grade C floor,daily-engine-v1.1.0-odds-api,2026-10-09T06:16:33.795932+00:00,Reject,REJECT,False,"kickoff is 220.0h away -- outside the configured 24h money-event horizon; research grade 'Reject' is not in the actionable set ['A', 'A+', 'B']; estimated probability 41.8% is below the 50% money-qualification floor; net EV -5.96% is below the 2.00% money-qualification value floor",2026-10-18T10:15:00Z
2026-10-18,football,Premier League,Brighton and Hove Albion v Crystal Palace,over_under_2_5,over,Casumo,1.56,0.6025419658041985,1.659635439110575,Medium,0.002107402013423599,4,,0.0,-0.060034533345450336,adequate,0.0,Reject,net EV -6.00% is below the minimum Grade C floor,daily-engine-v1.1.0-odds-api,2026-10-09T06:16:33.795932+00:00,Reject,REJECT,False,"kickoff is 222.7h away -- outside the configured 24h money-event horizon; research grade 'Reject' is not in the actionable set ['A', 'A+', 'B']; net EV -6.00% is below the 5.00% money-qualification value floor (the stricter Medium-confidence floor)",2026-10-18T13:00:00Z
2026-10-13,football,Championship,Birmingham City v Preston North End,1x2,draw,Casumo,3.9,0.24097754758849152,4.149764200055945,High,0.002461741052242656,6,,0.0,-0.06018756440488304,adequate,0.0,Reject,net EV -6.02% is below the minimum Grade C floor,daily-engine-v1.1.0-odds-api,2026-10-09T06:16:33.795932+00:00,Reject,REJECT,False,"kickoff is 108.7h away -- outside the configured 24h money-event horizon; research grade 'Reject' is not in the actionable set ['A', 'A+', 'B']; estimated probability 24.1% is below the 50% money-qualification floor; net EV -6.02% is below the 2.00% money-qualification value floor",2026-10-13T19:00:00Z
2026-10-17,football,Ligue 1,Troyes v RC Lens,1x2,away,Unibet (UK),1.83,0.5133404482390608,1.9480249480249483,High,0.008236359906933773,15,,0.0,-0.06058697972251875,adequate,0.0,Reject,net EV -6.06% is below the minimum Grade C floor,daily-engine-v1.1.0-odds-api,2026-10-09T06:16:33.795932+00:00,Reject,REJECT,False,"kickoff is 204.5h away -- outside the configured 24h money-event horizon; research grade 'Reject' is not in the actionable set ['A', 'A+', 'B']; net EV -6.06% is below the 2.00% money-qualification value floor",2026-10-17T18:45:00Z
2026-10-14,football,Championship,Lincoln City v West Ham United,1x2,away,LeoVegas,1.64,0.5726449865375906,1.7462826419669637,High,0.0073925717670674535,6,,0.0,-0.06086222207835157,adequate,0.0,Reject,net EV -6.09% is below the minimum Grade C floor,daily-engine-v1.1.0-odds-api,2026-10-09T06:16:33.795932+00:00,Reject,REJECT,False,"kickoff is 132.7h away -- outside the configured 24h money-event horizon; research grade 'Reject' is not in the actionable set ['A', 'A+', 'B']; net EV -6.09% is below the 2.00% money-qualification value floor",2026-10-14T19:00:00Z
2026-10-17,football,Ligue 1,Lille v Brest,1x2,home,William Hill,1.62,0.5797101449275363,1.7249999999999999,Medium,0.04697216883006605,15,,0.0,-0.06086956521739123,adequate,0.0,Reject,net EV -6.09% is below the minimum Grade C floor,daily-engine-v1.1.0-odds-api,2026-10-09T06:16:33.795932+00:00,Reject,REJECT,False,"kickoff is 204.5h away -- outside the configured 24h money-event horizon; research grade 'Reject' is not in the actionable set ['A', 'A+', 'B']; estimated probability 58.0% is below the 60% money-qualification floor (the stricter Medium-confidence floor); net EV -6.09% is below the 5.00% money-qualification value floor (the stricter Medium-confidence floor)",2026-10-17T18:45:00Z
2026-10-13,football,Championship,Stoke City v Middlesbrough,1x2,home,Casumo,3.6,0.2606939005774208,3.8359163669923313,High,0.0020885843607909784,6,,0.0,-0.0615019579212851,adequate,0.0,Reject,net EV -6.15% is below the minimum Grade C floor,daily-engine-v1.1.0-odds-api,2026-10-09T06:16:33.795932+00:00,Reject,REJECT,False,"kickoff is 108.7h away -- outside the configured 24h money-event horizon; research grade 'Reject' is not in the actionable set ['A', 'A+', 'B']; estimated probability 26.1% is below the 50% money-qualification floor; net EV -6.15% is below the 2.00% money-qualification value floor",2026-10-13T19:00:00Z
2026-10-13,football,Championship,Birmingham City v Preston North End,1x2,away,Grosvenor,4.9,0.19151419600479236,5.221545038755124,High,0.0020939025914779533,6,,0.0,-0.061580439576517376,adequate,0.0,Reject,net EV -6.16% is below the minimum Grade C floor,daily-engine-v1.1.0-odds-api,2026-10-09T06:16:33.795932+00:00,Reject,REJECT,False,"kickoff is 108.7h away -- outside the configured 24h money-event horizon; research grade 'Reject' is not in the actionable set ['A', 'A+', 'B']; estimated probability 19.2% is below the 50% money-qualification floor; net EV -6.16% is below the 2.00% money-qualification value floor",2026-10-13T19:00:00Z
2026-10-13,football,Championship,Bristol City v Blackburn Rovers,1x2,draw,Casumo,3.55,0.2641999826632517,3.785011603405729,High,0.0015573481516553674,6,,0.0,-0.06209006154545649,adequate,0.0,Reject,net EV -6.21% is below the minimum Grade C floor,daily-engine-v1.1.0-odds-api,2026-10-09T06:16:33.795932+00:00,Reject,REJECT,False,"kickoff is 108.5h away -- outside the configured 24h money-event horizon; research grade 'Reject' is not in the actionable set ['A', 'A+', 'B']; estimated probability 26.4% is below the 50% money-qualification floor; net EV -6.21% is below the 2.00% money-qualification value floor",2026-10-13T18:45:00Z
2026-10-18,football,Ligue 1,Le Havre v Auxerre,1x2,home,888sport,2.4,0.3906945681211042,2.5595441595441595,High,0.014912112002269851,15,,0.0,-0.06233303650934985,adequate,0.0,Reject,net EV -6.23% is below the minimum Grade C floor,daily-engine-v1.1.0-odds-api,2026-10-09T06:16:33.795932+00:00,Reject,REJECT,False,"kickoff is 225.0h away -- outside the configured 24h money-event horizon; research grade 'Reject' is not in the actionable set ['A', 'A+', 'B']; estimated probability 39.1% is below the 50% money-qualification floor; net EV -6.23% is below the 2.00% money-qualification value floor",2026-10-18T15:15:00Z
2026-10-14,football,Championship,Queens Park Rangers v Derby County,1x2,draw,Casumo,3.65,0.25688896641299175,3.892732389262424,High,0.00254292044244105,6,,0.0,-0.06235527259258011,adequate,0.0,Reject,net EV -6.24% is below the minimum Grade C floor,daily-engine-v1.1.0-odds-api,2026-10-09T06:16:33.795932+00:00,Reject,REJECT,False,"kickoff is 132.5h away -- outside the configured 24h money-event horizon; research grade 'Reject' is not in the actionable set ['A', 'A+', 'B']; estimated probability 25.7% is below the 50% money-qualification floor; net EV -6.24% is below the 2.00% money-qualification value floor",2026-10-14T18:45:00Z
2026-10-14,football,Championship,Norwich City v Southampton,1x2,away,Casumo,2.95,0.31781282842967473,3.146506089578064,High,0.005327694575722876,6,,0.0,-0.06245215613245947,adequate,0.0,Reject,net EV -6.25% is below the minimum Grade C floor,daily-engine-v1.1.0-odds-api,2026-10-09T06:16:33.795932+00:00,Reject,REJECT,False,"kickoff is 132.5h away -- outside the configured 24h money-event horizon; research grade 'Reject' is not in the actionable set ['A', 'A+', 'B']; estimated probability 31.8% is below the 50% money-qualification floor; net EV -6.25% is below the 2.00% money-qualification value floor",2026-10-14T18:45:00Z
2026-10-10,football,Premier League,Manchester United v Tottenham Hotspur,over_under_2_5,over,William Hill,1.5,0.625,1.6,Low,0.0,1,,0.0,-0.0625,adequate,0.0,Reject,data quality is insufficient,daily-engine-v1.1.0-odds-api,2026-10-09T06:16:33.795932+00:00,Reject,REJECT,False,"kickoff is 34.2h away -- outside the configured 24h money-event horizon; research grade 'Reject' is not in the actionable set ['A', 'A+', 'B']; confidence 'Low' is not eligible for real-money qualification (requires one of ['High'], or ['Medium'] with every other requirement strong); data quality did not pass the mechanical data-quality check",2026-10-10T16:30:00Z
2026-10-10,football,Premier League,Manchester United v Tottenham Hotspur,over_under_2_5,under,William Hill,2.5,0.375,2.6666666666666665,Low,0.0,1,,0.0,-0.0625,adequate,0.0,Reject,data quality is insufficient,daily-engine-v1.1.0-odds-api,2026-10-09T06:16:33.795932+00:00,Reject,REJECT,False,"kickoff is 34.2h away -- outside the configured 24h money-event horizon; research grade 'Reject' is not in the actionable set ['A', 'A+', 'B']; confidence 'Low' is not eligible for real-money qualification (requires one of ['High'], or ['Medium'] with every other requirement strong); data quality did not pass the mechanical data-quality check",2026-10-10T16:30:00Z
2026-10-09,football,Championship,West Ham United v Queens Park Rangers,over_under_2_5,over,William Hill,1.5,0.625,1.6,Low,0.0,1,,0.0,-0.0625,adequate,0.0,Reject,data quality is insufficient,daily-engine-v1.1.0-odds-api,2026-10-09T06:16:33.795932+00:00,Reject,REJECT,False,"research grade 'Reject' is not in the actionable set ['A', 'A+', 'B']; confidence 'Low' is not eligible for real-money qualification (requires one of ['High'], or ['Medium'] with every other requirement strong); data quality did not pass the mechanical data-quality check",2026-10-09T19:00:00Z
2026-10-09,football,Championship,West Ham United v Queens Park Rangers,over_under_2_5,under,William Hill,2.5,0.375,2.6666666666666665,Low,0.0,1,,0.0,-0.0625,adequate,0.0,Reject,data quality is insufficient,daily-engine-v1.1.0-odds-api,2026-10-09T06:16:33.795932+00:00,Reject,REJECT,False,"research grade 'Reject' is not in the actionable set ['A', 'A+', 'B']; confidence 'Low' is not eligible for real-money qualification (requires one of ['High'], or ['Medium'] with every other requirement strong); data quality did not pass the mechanical data-quality check",2026-10-09T19:00:00Z
2026-10-18,football,Premier League,Bournemouth v Sunderland,over_under_2_5,under,Casumo,1.97,0.475848188614146,2.101510574018127,Medium,0.0029036320832866165,4,,0.0,-0.06257906843013233,adequate,0.0,Reject,net EV -6.26% is below the minimum Grade C floor,daily-engine-v1.1.0-odds-api,2026-10-09T06:16:33.795932+00:00,Reject,REJECT,False,"kickoff is 222.7h away -- outside the configured 24h money-event horizon; research grade 'Reject' is not in the actionable set ['A', 'A+', 'B']; estimated probability 47.6% is below the 60% money-qualification floor (the stricter Medium-confidence floor); net EV -6.26% is below the 5.00% money-qualification value floor (the stricter Medium-confidence floor)",2026-10-18T13:00:00Z
2026-10-17,football,Eredivisie,ADO Den Haag v PSV Eindhoven,1x2,away,William Hill,1.25,0.7498389675151982,1.333619674786682,High,0.0186556537622577,12,,0.0,-0.06270129060600227,adequate,0.0,Reject,net EV -6.27% is below the minimum Grade C floor,daily-engine-v1.1.0-odds-api,2026-10-09T06:16:33.795932+00:00,Reject,REJECT,False,"kickoff is 200.2h away -- outside the configured 24h money-event horizon; research grade 'Reject' is not in the actionable set ['A', 'A+', 'B']; odds 1.25 are below the configured payout floor of 1.33; net EV -6.27% is below the 2.00% money-qualification value floor",2026-10-17T14:30:00Z
2026-10-13,football,Championship,Wrexham AFC v West Bromwich Albion,1x2,home,Casumo,2.38,0.3936529329811148,2.540308775110725,High,0.0015622588319842107,6,,0.0,-0.06310601950494676,adequate,0.0,Reject,net EV -6.31% is below the minimum Grade C floor,daily-engine-v1.1.0-odds-api,2026-10-09T06:16:33.795932+00:00,Reject,REJECT,False,"kickoff is 108.5h away -- outside the configured 24h money-event horizon; research grade 'Reject' is not in the actionable set ['A', 'A+', 'B']; estimated probability 39.4% is below the 50% money-qualification floor; net EV -6.31% is below the 2.00% money-qualification value floor",2026-10-13T18:45:00Z
2026-10-17,football,Eredivisie,Sparta Rotterdam v Willem II,1x2,home,William Hill,1.55,0.6043125341457205,1.6547728923306855,High,0.010349639107558454,12,,0.0,-0.06331557207413319,adequate,0.0,Reject,net EV -6.33% is below the minimum Grade C floor,daily-engine-v1.1.0-odds-api,2026-10-09T06:16:33.795932+00:00,Reject,REJECT,False,"kickoff is 204.7h away -- outside the configured 24h money-event horizon; research grade 'Reject' is not in the actionable set ['A', 'A+', 'B']; net EV -6.33% is below the 2.00% money-qualification value floor",2026-10-17T19:00:00Z
2026-10-18,football,Eredivisie,SC Cambuur v AZ Alkmaar,1x2,away,Unibet (UK),1.37,0.683400316599396,1.4632711980234452,High,0.01942333728858055,12,,0.0,-0.06374156625882738,adequate,0.0,Reject,net EV -6.37% is below the minimum Grade C floor,daily-engine-v1.1.0-odds-api,2026-10-09T06:16:33.795932+00:00,Reject,REJECT,False,"kickoff is 222.2h away -- outside the configured 24h money-event horizon; research grade 'Reject' is not in the actionable set ['A', 'A+', 'B']; net EV -6.37% is below the 2.00% money-qualification value floor",2026-10-18T12:30:00Z
2026-10-13,football,Championship,Wolverhampton Wanderers v Bolton Wanderers,1x2,home,LeoVegas,1.38,0.6776968970270145,1.4755859210613116,High,0.011464490230396964,6,,0.0,-0.06477828210272002,adequate,0.0,Reject,net EV -6.48% is below the minimum Grade C floor,daily-engine-v1.1.0-odds-api,2026-10-09T06:16:33.795932+00:00,Reject,REJECT,False,"kickoff is 108.5h away -- outside the configured 24h money-event horizon; research grade 'Reject' is not in the actionable set ['A', 'A+', 'B']; net EV -6.48% is below the 2.00% money-qualification value floor",2026-10-13T18:45:00Z
2026-10-14,football,Championship,Norwich City v Southampton,1x2,draw,Casumo,3.7,0.2525088225879607,3.9602576644689433,High,0.002769748960006745,6,,0.0,-0.06571735642454535,adequate,0.0,Reject,net EV -6.57% is below the minimum Grade C floor,daily-engine-v1.1.0-odds-api,2026-10-09T06:16:33.795932+00:00,Reject,REJECT,False,"kickoff is 132.5h away -- outside the configured 24h money-event horizon; research grade 'Reject' is not in the actionable set ['A', 'A+', 'B']; estimated probability 25.3% is below the 50% money-qualification floor; net EV -6.57% is below the 2.00% money-qualification value floor",2026-10-14T18:45:00Z
2026-10-13,football,Championship,Burnley v Charlton Athletic,1x2,draw,Casumo,3.75,0.24891846921797,4.017379679144386,High,0.001232599231261174,6,,0.0,-0.06655574043261248,adequate,0.0,Reject,net EV -6.66% is below the minimum Grade C floor,daily-engine-v1.1.0-odds-api,2026-10-09T06:16:33.795932+00:00,Reject,REJECT,False,"kickoff is 108.5h away -- outside the configured 24h money-event horizon; research grade 'Reject' is not in the actionable set ['A', 'A+', 'B']; estimated probability 24.9% is below the 50% money-qualification floor; net EV -6.66% is below the 2.00% money-qualification value floor",2026-10-13T18:45:00Z
2026-10-13,football,Championship,Millwall v Swansea City,1x2,home,Casumo,2.43,0.38379778396835396,2.605538754445896,High,0.005308052101483982,6,,0.0,-0.06737138495689987,adequate,0.0,Reject,net EV -6.74% is below the minimum Grade C floor,daily-engine-v1.1.0-odds-api,2026-10-09T06:16:33.795932+00:00,Reject,REJECT,False,"kickoff is 108.5h away -- outside the configured 24h money-event horizon; research grade 'Reject' is not in the actionable set ['A', 'A+', 'B']; estimated probability 38.4% is below the 50% money-qualification floor; net EV -6.74% is below the 2.00% money-qualification value floor",2026-10-13T18:45:00Z
2026-10-13,football,Championship,Cardiff City v Watford,1x2,home,Casumo,1.87,0.49836466267897156,2.0065628141138165,High,0.006626756079701843,6,,0.0,-0.06805808079032316,adequate,0.0,Reject,net EV -6.81% is below the minimum Grade C floor,daily-engine-v1.1.0-odds-api,2026-10-09T06:16:33.795932+00:00,Reject,REJECT,False,"kickoff is 108.5h away -- outside the configured 24h money-event horizon; research grade 'Reject' is not in the actionable set ['A', 'A+', 'B']; estimated probability 49.8% is below the 50% money-qualification floor; net EV -6.81% is below the 2.00% money-qualification value floor",2026-10-13T18:45:00Z
2026-10-14,football,Championship,Portsmouth v Sheffield United,over_under_2_5,under,Casumo,1.81,0.514745308310992,1.9427083333333333,Low,0.0,2,,0.0,-0.0683109919571045,adequate,0.0,Reject,data quality is insufficient,daily-engine-v1.1.0-odds-api,2026-10-09T06:16:33.795932+00:00,Reject,REJECT,False,"kickoff is 132.5h away -- outside the configured 24h money-event horizon; research grade 'Reject' is not in the actionable set ['A', 'A+', 'B']; confidence 'Low' is not eligible for real-money qualification (requires one of ['High'], or ['Medium'] with every other requirement strong); data quality did not pass the mechanical data-quality check",2026-10-14T18:45:00Z
2026-10-14,football,Championship,Portsmouth v Sheffield United,over_under_2_5,over,Casumo,1.92,0.48525469168900803,2.0607734806629834,Low,0.0,2,,0.0,-0.0683109919571046,adequate,0.0,Reject,data quality is insufficient,daily-engine-v1.1.0-odds-api,2026-10-09T06:16:33.795932+00:00,Reject,REJECT,False,"kickoff is 132.5h away -- outside the configured 24h money-event horizon; research grade 'Reject' is not in the actionable set ['A', 'A+', 'B']; confidence 'Low' is not eligible for real-money qualification (requires one of ['High'], or ['Medium'] with every other requirement strong); data quality did not pass the mechanical data-quality check",2026-10-14T18:45:00Z
2026-10-17,football,Premier League,Manchester City v Ipswich Town,over_under_2_5,over,William Hill,1.35,0.6896551724137931,1.45,Low,0.0,1,,0.0,-0.0689655172413792,adequate,0.0,Reject,data quality is insufficient,daily-engine-v1.1.0-odds-api,2026-10-09T06:16:33.795932+00:00,Reject,REJECT,False,"kickoff is 199.7h away -- outside the configured 24h money-event horizon; research grade 'Reject' is not in the actionable set ['A', 'A+', 'B']; confidence 'Low' is not eligible for real-money qualification (requires one of ['High'], or ['Medium'] with every other requirement strong); data quality did not pass the mechanical data-quality check",2026-10-17T14:00:00Z
2026-10-17,football,Premier League,Manchester City v Ipswich Town,over_under_2_5,under,William Hill,3.0,0.3103448275862069,3.2222222222222223,Low,0.0,1,,0.0,-0.06896551724137934,adequate,0.0,Reject,data quality is insufficient,daily-engine-v1.1.0-odds-api,2026-10-09T06:16:33.795932+00:00,Reject,REJECT,False,"kickoff is 199.7h away -- outside the configured 24h money-event horizon; research grade 'Reject' is not in the actionable set ['A', 'A+', 'B']; confidence 'Low' is not eligible for real-money qualification (requires one of ['High'], or ['Medium'] with every other requirement strong); data quality did not pass the mechanical data-quality check",2026-10-17T14:00:00Z
2026-10-14,football,Championship,Lincoln City v West Ham United,over_under_2_5,over,Casumo,1.55,0.6005154639175257,1.665236051502146,Low,0.0,2,,0.0,-0.06920103092783508,adequate,0.0,Reject,data quality is insufficient,daily-engine-v1.1.0-odds-api,2026-10-09T06:16:33.795932+00:00,Reject,REJECT,False,"kickoff is 132.7h away -- outside the configured 24h money-event horizon; research grade 'Reject' is not in the actionable set ['A', 'A+', 'B']; confidence 'Low' is not eligible for real-money qualification (requires one of ['High'], or ['Medium'] with every other requirement strong); data quality did not pass the mechanical data-quality check",2026-10-14T19:00:00Z
2026-10-14,football,Championship,Lincoln City v West Ham United,over_under_2_5,under,Casumo,2.33,0.3994845360824742,2.503225806451613,Low,0.0,2,,0.0,-0.06920103092783514,adequate,0.0,Reject,data quality is insufficient,daily-engine-v1.1.0-odds-api,2026-10-09T06:16:33.795932+00:00,Reject,REJECT,False,"kickoff is 132.7h away -- outside the configured 24h money-event horizon; research grade 'Reject' is not in the actionable set ['A', 'A+', 'B']; confidence 'Low' is not eligible for real-money qualification (requires one of ['High'], or ['Medium'] with every other requirement strong); data quality did not pass the mechanical data-quality check",2026-10-14T19:00:00Z
2026-10-14,football,Championship,Portsmouth v Sheffield United,1x2,home,Casumo,2.5,0.372319177907546,2.6858675548760456,High,0.005835585721147195,6,,0.0,-0.0692020552311351,adequate,0.0,Reject,net EV -6.92% is below the minimum Grade C floor,daily-engine-v1.1.0-odds-api,2026-10-09T06:16:33.795932+00:00,Reject,REJECT,False,"kickoff is 132.5h away -- outside the configured 24h money-event horizon; research grade 'Reject' is not in the actionable set ['A', 'A+', 'B']; estimated probability 37.2% is below the 50% money-qualification floor; net EV -6.92% is below the 2.00% money-qualification value floor",2026-10-14T18:45:00Z
2026-10-10,football,Scottish Premiership,Rangers v Kilmarnock,over_under_2_5,over,William Hill,1.33,0.6997742663656885,1.429032258064516,Low,0.0,1,,0.0,-0.06930022573363423,adequate,0.0,Reject,data quality is insufficient,daily-engine-v1.1.0-odds-api,2026-10-09T06:16:33.795932+00:00,Reject,REJECT,False,"kickoff is 31.7h away -- outside the configured 24h money-event horizon; research grade 'Reject' is not in the actionable set ['A', 'A+', 'B']; confidence 'Low' is not eligible for real-money qualification (requires one of ['High'], or ['Medium'] with every other requirement strong); data quality did not pass the mechanical data-quality check",2026-10-10T14:00:00Z
2026-10-10,football,Scottish Premiership,Rangers v Kilmarnock,over_under_2_5,under,William Hill,3.1,0.30022573363431154,3.3308270676691727,Low,0.0,1,,0.0,-0.06930022573363426,adequate,0.0,Reject,data quality is insufficient,daily-engine-v1.1.0-odds-api,2026-10-09T06:16:33.795932+00:00,Reject,REJECT,False,"kickoff is 31.7h away -- outside the configured 24h money-event horizon; research grade 'Reject' is not in the actionable set ['A', 'A+', 'B']; confidence 'Low' is not eligible for real-money qualification (requires one of ['High'], or ['Medium'] with every other requirement strong); data quality did not pass the mechanical data-quality check",2026-10-10T14:00:00Z
2026-10-13,football,Championship,Stoke City v Middlesbrough,over_under_2_5,over,Casumo,1.67,0.557029177718833,1.7952380952380949,Low,0.0,2,,0.0,-0.06976127320954895,adequate,0.0,Reject,data quality is insufficient,daily-engine-v1.1.0-odds-api,2026-10-09T06:16:33.795932+00:00,Reject,REJECT,False,"kickoff is 108.7h away -- outside the configured 24h money-event horizon; research grade 'Reject' is not in the actionable set ['A', 'A+', 'B']; confidence 'Low' is not eligible for real-money qualification (requires one of ['High'], or ['Medium'] with every other requirement strong); data quality did not pass the mechanical data-quality check",2026-10-13T19:00:00Z
2026-10-13,football,Championship,Stoke City v Middlesbrough,over_under_2_5,under,Casumo,2.1,0.44297082228116713,2.2574850299401197,Low,0.0,2,,0.0,-0.069761273209549,adequate,0.0,Reject,data quality is insufficient,daily-engine-v1.1.0-odds-api,2026-10-09T06:16:33.795932+00:00,Reject,REJECT,False,"kickoff is 108.7h away -- outside the configured 24h money-event horizon; research grade 'Reject' is not in the actionable set ['A', 'A+', 'B']; confidence 'Low' is not eligible for real-money qualification (requires one of ['High'], or ['Medium'] with every other requirement strong); data quality did not pass the mechanical data-quality check",2026-10-13T19:00:00Z
2026-10-10,football,Championship,Blackburn Rovers v Cardiff City,over_under_2_5,over,Casumo,1.63,0.5701063107577529,1.7540588152249303,Medium,0.007228657227611909,4,,0.0,-0.07072671346486287,adequate,0.0,Reject,net EV -7.07% is below the minimum Grade C floor,daily-engine-v1.1.0-odds-api,2026-10-09T06:16:33.795932+00:00,Reject,REJECT,False,"kickoff is 31.7h away -- outside the configured 24h money-event horizon; research grade 'Reject' is not in the actionable set ['A', 'A+', 'B']; estimated probability 57.0% is below the 60% money-qualification floor (the stricter Medium-confidence floor); net EV -7.07% is below the 5.00% money-qualification value floor (the stricter Medium-confidence floor)",2026-10-10T14:00:00Z
2026-10-11,football,Scottish Premiership,Motherwell v Celtic,over_under_2_5,under,William Hill,2.62,0.35467980295566504,2.819444444444444,Low,0.0,1,,0.0,-0.07073891625615758,adequate,0.0,Reject,data quality is insufficient,daily-engine-v1.1.0-odds-api,2026-10-09T06:16:33.795932+00:00,Reject,REJECT,False,"kickoff is 52.7h away -- outside the configured 24h money-event horizon; research grade 'Reject' is not in the actionable set ['A', 'A+', 'B']; confidence 'Low' is not eligible for real-money qualification (requires one of ['High'], or ['Medium'] with every other requirement strong); data quality did not pass the mechanical data-quality check",2026-10-11T11:00:00Z
2026-10-11,football,Scottish Premiership,Motherwell v Celtic,over_under_2_5,over,William Hill,1.44,0.645320197044335,1.549618320610687,Low,0.0,1,,0.0,-0.07073891625615769,adequate,0.0,Reject,data quality is insufficient,daily-engine-v1.1.0-odds-api,2026-10-09T06:16:33.795932+00:00,Reject,REJECT,False,"kickoff is 52.7h away -- outside the configured 24h money-event horizon; research grade 'Reject' is not in the actionable set ['A', 'A+', 'B']; confidence 'Low' is not eligible for real-money qualification (requires one of ['High'], or ['Medium'] with every other requirement strong); data quality did not pass the mechanical data-quality check",2026-10-11T11:00:00Z
2026-10-13,football,Championship,Birmingham City v Preston North End,over_under_2_5,under,Grosvenor,2.02,0.4598930481283422,2.174418604651163,Low,0.0,2,,0.0,-0.07101604278074874,adequate,0.0,Reject,data quality is insufficient,daily-engine-v1.1.0-odds-api,2026-10-09T06:16:33.795932+00:00,Reject,REJECT,False,"kickoff is 108.7h away -- outside the configured 24h money-event horizon; research grade 'Reject' is not in the actionable set ['A', 'A+', 'B']; confidence 'Low' is not eligible for real-money qualification (requires one of ['High'], or ['Medium'] with every other requirement strong); data quality did not pass the mechanical data-quality check",2026-10-13T19:00:00Z
2026-10-13,football,Championship,Birmingham City v Preston North End,over_under_2_5,over,Grosvenor,1.72,0.5401069518716577,1.8514851485148518,Low,0.0,2,,0.0,-0.0710160427807488,adequate,0.0,Reject,data quality is insufficient,daily-engine-v1.1.0-odds-api,2026-10-09T06:16:33.795932+00:00,Reject,REJECT,False,"kickoff is 108.7h away -- outside the configured 24h money-event horizon; research grade 'Reject' is not in the actionable set ['A', 'A+', 'B']; confidence 'Low' is not eligible for real-money qualification (requires one of ['High'], or ['Medium'] with every other requirement strong); data quality did not pass the mechanical data-quality check",2026-10-13T19:00:00Z
2026-10-13,football,Championship,Burnley v Charlton Athletic,over_under_2_5,under,Casumo,1.93,0.48118279569892475,2.078212290502793,Low,0.0,2,,0.0,-0.07131720430107524,adequate,0.0,Reject,data quality is insufficient,daily-engine-v1.1.0-odds-api,2026-10-09T06:16:33.795932+00:00,Reject,REJECT,False,"kickoff is 108.5h away -- outside the configured 24h money-event horizon; research grade 'Reject' is not in the actionable set ['A', 'A+', 'B']; confidence 'Low' is not eligible for real-money qualification (requires one of ['High'], or ['Medium'] with every other requirement strong); data quality did not pass the mechanical data-quality check",2026-10-13T18:45:00Z
2026-10-14,football,Championship,Queens Park Rangers v Derby County,over_under_2_5,under,Grosvenor,1.93,0.48118279569892475,2.078212290502793,Low,0.0,2,,0.0,-0.07131720430107524,adequate,0.0,Reject,data quality is insufficient,daily-engine-v1.1.0-odds-api,2026-10-09T06:16:33.795932+00:00,Reject,REJECT,False,"kickoff is 132.5h away -- outside the configured 24h money-event horizon; research grade 'Reject' is not in the actionable set ['A', 'A+', 'B']; confidence 'Low' is not eligible for real-money qualification (requires one of ['High'], or ['Medium'] with every other requirement strong); data quality did not pass the mechanical data-quality check",2026-10-14T18:45:00Z
2026-10-13,football,Championship,Burnley v Charlton Athletic,over_under_2_5,over,Casumo,1.79,0.5188172043010751,1.9274611398963735,Low,0.0,2,,0.0,-0.07131720430107547,adequate,0.0,Reject,data quality is insufficient,daily-engine-v1.1.0-odds-api,2026-10-09T06:16:33.795932+00:00,Reject,REJECT,False,"kickoff is 108.5h away -- outside the configured 24h money-event horizon; research grade 'Reject' is not in the actionable set ['A', 'A+', 'B']; confidence 'Low' is not eligible for real-money qualification (requires one of ['High'], or ['Medium'] with every other requirement strong); data quality did not pass the mechanical data-quality check",2026-10-13T18:45:00Z
2026-10-14,football,Championship,Queens Park Rangers v Derby County,over_under_2_5,over,Grosvenor,1.79,0.5188172043010751,1.9274611398963735,Low,0.0,2,,0.0,-0.07131720430107547,adequate,0.0,Reject,data quality is insufficient,daily-engine-v1.1.0-odds-api,2026-10-09T06:16:33.795932+00:00,Reject,REJECT,False,"kickoff is 132.5h away -- outside the configured 24h money-event horizon; research grade 'Reject' is not in the actionable set ['A', 'A+', 'B']; confidence 'Low' is not eligible for real-money qualification (requires one of ['High'], or ['Medium'] with every other requirement strong); data quality did not pass the mechanical data-quality check",2026-10-14T18:45:00Z
2026-10-13,football,Championship,Wrexham AFC v West Bromwich Albion,1x2,away,Casumo,2.85,0.3254770229791948,3.072413502024449,High,0.0021934230908571347,6,,0.0,-0.07239048450929486,adequate,0.0,Reject,net EV -7.24% is below the minimum Grade C floor,daily-engine-v1.1.0-odds-api,2026-10-09T06:16:33.795932+00:00,Reject,REJECT,False,"kickoff is 108.5h away -- outside the configured 24h money-event horizon; research grade 'Reject' is not in the actionable set ['A', 'A+', 'B']; estimated probability 32.5% is below the 50% money-qualification floor; net EV -7.24% is below the 2.00% money-qualification value floor",2026-10-13T18:45:00Z
2026-10-13,football,Championship,Wrexham AFC v West Bromwich Albion,over_under_2_5,over,Casumo,1.88,0.4932614555256065,2.0273224043715845,Low,0.0,2,,0.0,-0.0726684636118598,adequate,0.0,Reject,data quality is insufficient,daily-engine-v1.1.0-odds-api,2026-10-09T06:16:33.795932+00:00,Reject,REJECT,False,"kickoff is 108.5h away -- outside the configured 24h money-event horizon; research grade 'Reject' is not in the actionable set ['A', 'A+', 'B']; confidence 'Low' is not eligible for real-money qualification (requires one of ['High'], or ['Medium'] with every other requirement strong); data quality did not pass the mechanical data-quality check",2026-10-13T18:45:00Z
2026-10-13,football,Championship,Wrexham AFC v West Bromwich Albion,over_under_2_5,under,Casumo,1.83,0.5067385444743935,1.973404255319149,Low,0.0,2,,0.0,-0.07266846361185991,adequate,0.0,Reject,data quality is insufficient,daily-engine-v1.1.0-odds-api,2026-10-09T06:16:33.795932+00:00,Reject,REJECT,False,"kickoff is 108.5h away -- outside the configured 24h money-event horizon; research grade 'Reject' is not in the actionable set ['A', 'A+', 'B']; confidence 'Low' is not eligible for real-money qualification (requires one of ['High'], or ['Medium'] with every other requirement strong); data quality did not pass the mechanical data-quality check",2026-10-13T18:45:00Z
2026-10-13,football,Championship,Bristol City v Blackburn Rovers,over_under_2_5,under,Casumo,1.96,0.47311827956989244,2.1136363636363638,Low,0.0,2,,0.0,-0.07268817204301076,adequate,0.0,Reject,data quality is insufficient,daily-engine-v1.1.0-odds-api,2026-10-09T06:16:33.795932+00:00,Reject,REJECT,False,"kickoff is 108.5h away -- outside the configured 24h money-event horizon; research grade 'Reject' is not in the actionable set ['A', 'A+', 'B']; confidence 'Low' is not eligible for real-money qualification (requires one of ['High'], or ['Medium'] with every other requirement strong); data quality did not pass the mechanical data-quality check",2026-10-13T18:45:00Z
2026-10-13,football,Championship,Bristol City v Blackburn Rovers,over_under_2_5,over,Casumo,1.76,0.5268817204301075,1.8979591836734695,Low,0.0,2,,0.0,-0.07268817204301081,adequate,0.0,Reject,data quality is insufficient,daily-engine-v1.1.0-odds-api,2026-10-09T06:16:33.795932+00:00,Reject,REJECT,False,"kickoff is 108.5h away -- outside the configured 24h money-event horizon; research grade 'Reject' is not in the actionable set ['A', 'A+', 'B']; confidence 'Low' is not eligible for real-money qualification (requires one of ['High'], or ['Medium'] with every other requirement strong); data quality did not pass the mechanical data-quality check",2026-10-13T18:45:00Z
2026-10-13,football,Championship,Birmingham City v Preston North End,1x2,home,Casumo,1.63,0.5687204179346217,1.7583332134120018,High,0.003917053671583486,6,,0.0,-0.07298571876656668,adequate,0.0,Reject,net EV -7.30% is below the minimum Grade C floor,daily-engine-v1.1.0-odds-api,2026-10-09T06:16:33.795932+00:00,Reject,REJECT,False,"kickoff is 108.7h away -- outside the configured 24h money-event horizon; research grade 'Reject' is not in the actionable set ['A', 'A+', 'B']; net EV -7.30% is below the 2.00% money-qualification value floor",2026-10-13T19:00:00Z
2026-10-13,football,Championship,Burnley v Charlton Athletic,1x2,home,Casumo,1.71,0.5417637271214643,1.8458230958230957,High,0.003910403643424422,6,,0.0,-0.07358402662229613,adequate,0.0,Reject,net EV -7.36% is below the minimum Grade C floor,daily-engine-v1.1.0-odds-api,2026-10-09T06:16:33.795932+00:00,Reject,REJECT,False,"kickoff is 108.5h away -- outside the configured 24h money-event horizon; research grade 'Reject' is not in the actionable set ['A', 'A+', 'B']; net EV -7.36% is below the 2.00% money-qualification value floor",2026-10-13T18:45:00Z
2026-10-17,football,Premier League,Brentford v Liverpool,over_under_2_5,under,William Hill,2.3,0.4025974025974026,2.4838709677419355,Low,0.0,1,,0.0,-0.074025974025974,adequate,0.0,Reject,data quality is insufficient,daily-engine-v1.1.0-odds-api,2026-10-09T06:16:33.795932+00:00,Reject,REJECT,False,"kickoff is 199.7h away -- outside the configured 24h money-event horizon; research grade 'Reject' is not in the actionable set ['A', 'A+', 'B']; confidence 'Low' is not eligible for real-money qualification (requires one of ['High'], or ['Medium'] with every other requirement strong); data quality did not pass the mechanical data-quality check",2026-10-17T14:00:00Z
2026-10-17,football,Premier League,Brentford v Liverpool,over_under_2_5,over,William Hill,1.55,0.5974025974025974,1.673913043478261,Low,0.0,1,,0.0,-0.07402597402597405,adequate,0.0,Reject,data quality is insufficient,daily-engine-v1.1.0-odds-api,2026-10-09T06:16:33.795932+00:00,Reject,REJECT,False,"kickoff is 199.7h away -- outside the configured 24h money-event horizon; research grade 'Reject' is not in the actionable set ['A', 'A+', 'B']; confidence 'Low' is not eligible for real-money qualification (requires one of ['High'], or ['Medium'] with every other requirement strong); data quality did not pass the mechanical data-quality check",2026-10-17T14:00:00Z
2026-10-13,football,Championship,Millwall v Swansea City,over_under_2_5,over,Grosvenor,1.85,0.5,2.0,Low,0.0,2,,0.0,-0.07499999999999996,adequate,0.0,Reject,data quality is insufficient,daily-engine-v1.1.0-odds-api,2026-10-09T06:16:33.795932+00:00,Reject,REJECT,False,"kickoff is 108.5h away -- outside the configured 24h money-event horizon; research grade 'Reject' is not in the actionable set ['A', 'A+', 'B']; confidence 'Low' is not eligible for real-money qualification (requires one of ['High'], or ['Medium'] with every other requirement strong); data quality did not pass the mechanical data-quality check",2026-10-13T18:45:00Z
2026-10-13,football,Championship,Millwall v Swansea City,over_under_2_5,under,Grosvenor,1.85,0.5,2.0,Low,0.0,2,,0.0,-0.07499999999999996,adequate,0.0,Reject,data quality is insufficient,daily-engine-v1.1.0-odds-api,2026-10-09T06:16:33.795932+00:00,Reject,REJECT,False,"kickoff is 108.5h away -- outside the configured 24h money-event horizon; research grade 'Reject' is not in the actionable set ['A', 'A+', 'B']; confidence 'Low' is not eligible for real-money qualification (requires one of ['High'], or ['Medium'] with every other requirement strong); data quality did not pass the mechanical data-quality check",2026-10-13T18:45:00Z
2026-10-14,football,Championship,Portsmouth v Sheffield United,1x2,away,Virgin Bet,2.7,0.3425480744785243,2.9192982664472513,High,0.0018414256325199859,6,,0.0,-0.07512019890798427,adequate,0.0,Reject,net EV -7.51% is below the minimum Grade C floor,daily-engine-v1.1.0-odds-api,2026-10-09T06:16:33.795932+00:00,Reject,REJECT,False,"kickoff is 132.5h away -- outside the configured 24h money-event horizon; research grade 'Reject' is not in the actionable set ['A', 'A+', 'B']; estimated probability 34.3% is below the 50% money-qualification floor; net EV -7.51% is below the 2.00% money-qualification value floor",2026-10-14T18:45:00Z
2026-10-13,football,Championship,Stoke City v Middlesbrough,1x2,away,Casumo,1.93,0.4788424201754724,2.0883696971407604,High,0.0028718243852561545,6,,0.0,-0.0758341290613383,adequate,0.0,Reject,net EV -7.58% is below the minimum Grade C floor,daily-engine-v1.1.0-odds-api,2026-10-09T06:16:33.795932+00:00,Reject,REJECT,False,"kickoff is 108.7h away -- outside the configured 24h money-event horizon; research grade 'Reject' is not in the actionable set ['A', 'A+', 'B']; estimated probability 47.9% is below the 50% money-qualification floor; net EV -7.58% is below the 2.00% money-qualification value floor",2026-10-13T19:00:00Z
2026-10-10,football,Premier League,Chelsea v Bournemouth,over_under_2_5,under,William Hill,2.5,0.36548223350253806,2.736111111111111,Low,0.0,1,,0.0,-0.08629441624365486,adequate,0.0,Reject,data quality is insufficient,daily-engine-v1.1.0-odds-api,2026-10-09T06:16:33.795932+00:00,Reject,REJECT,False,"kickoff is 31.7h away -- outside the configured 24h money-event horizon; research grade 'Reject' is not in the actionable set ['A', 'A+', 'B']; confidence 'Low' is not eligible for real-money qualification (requires one of ['High'], or ['Medium'] with every other requirement strong); data quality did not pass the mechanical data-quality check",2026-10-10T14:00:00Z
2026-10-10,football,Scottish Premiership,Hearts v St Mirren,over_under_2_5,under,William Hill,2.5,0.36548223350253806,2.736111111111111,Low,0.0,1,,0.0,-0.08629441624365486,adequate,0.0,Reject,data quality is insufficient,daily-engine-v1.1.0-odds-api,2026-10-09T06:16:33.795932+00:00,Reject,REJECT,False,"kickoff is 31.7h away -- outside the configured 24h money-event horizon; research grade 'Reject' is not in the actionable set ['A', 'A+', 'B']; confidence 'Low' is not eligible for real-money qualification (requires one of ['High'], or ['Medium'] with every other requirement strong); data quality did not pass the mechanical data-quality check",2026-10-10T14:00:00Z
2026-10-10,football,Premier League,Chelsea v Bournemouth,over_under_2_5,over,William Hill,1.44,0.6345177664974618,1.5760000000000003,Low,0.0,1,,0.0,-0.08629441624365497,adequate,0.0,Reject,data quality is insufficient,daily-engine-v1.1.0-odds-api,2026-10-09T06:16:33.795932+00:00,Reject,REJECT,False,"kickoff is 31.7h away -- outside the configured 24h money-event horizon; research grade 'Reject' is not in the actionable set ['A', 'A+', 'B']; confidence 'Low' is not eligible for real-money qualification (requires one of ['High'], or ['Medium'] with every other requirement strong); data quality did not pass the mechanical data-quality check",2026-10-10T14:00:00Z
2026-10-10,football,Scottish Premiership,Hearts v St Mirren,over_under_2_5,over,William Hill,1.44,0.6345177664974618,1.5760000000000003,Low,0.0,1,,0.0,-0.08629441624365497,adequate,0.0,Reject,data quality is insufficient,daily-engine-v1.1.0-odds-api,2026-10-09T06:16:33.795932+00:00,Reject,REJECT,False,"kickoff is 31.7h away -- outside the configured 24h money-event horizon; research grade 'Reject' is not in the actionable set ['A', 'A+', 'B']; confidence 'Low' is not eligible for real-money qualification (requires one of ['High'], or ['Medium'] with every other requirement strong); data quality did not pass the mechanical data-quality check",2026-10-10T14:00:00Z
