date,sport,competition,event,market,selection,bookmaker,available_odds,estimated_probability,fair_odds,confidence,uncertainty,historical_statistical_support,current_context,expected_payout,ev_value_indicator,risk,recommended_stake,grade,reason,model_version,price_timestamp,research_grade,money_decision,money_qualified,money_rejection_reason,kickoff_time
2026-10-10,football,Premier League,Arsenal v Leeds United,1x2,away,Betfair,9.2,0.12277258811523668,8.145140664961636,High,0.0072305916856968975,19,,0.0,0.12950781066017736,adequate,0.0,B,net EV/edge below Grade A thresholds; paper trade only,daily-engine-v1.1.0-odds-api,2026-09-27T12:52:52.264019+00:00,B,PAPER_ONLY,False,kickoff is 310.6h away -- outside the configured 24h money-event horizon; estimated probability 12.3% is below the 50% money-qualification floor,2026-10-10T11:30:00Z
2026-10-17,football,Premier League,Manchester City v Ipswich Town,1x2,away,Paddy Power,13.0,0.08649555374523278,11.561287912502845,High,0.008644670008487404,14,,0.0,0.1244421986880262,adequate,0.0,B,net EV/edge below Grade A thresholds; paper trade only,daily-engine-v1.1.0-odds-api,2026-09-27T12:52:52.264019+00:00,B,PAPER_ONLY,False,kickoff is 481.1h away -- outside the configured 24h money-event horizon; estimated probability 8.6% is below the 50% money-qualification floor,2026-10-17T14:00:00Z
2026-10-09,football,Championship,West Ham United v Queens Park Rangers,1x2,away,Betfair,6.6,0.16981132075471697,5.888888888888889,High,0.011253035096237431,14,,0.0,0.12075471698113194,adequate,0.0,B,net EV/edge below Grade A thresholds; paper trade only,daily-engine-v1.1.0-odds-api,2026-09-27T12:52:52.264019+00:00,B,PAPER_ONLY,False,kickoff is 294.1h away -- outside the configured 24h money-event horizon; estimated probability 17.0% is below the 50% money-qualification floor,2026-10-09T19:00:00Z
2026-10-10,football,Premier League,Chelsea v Bournemouth,1x2,away,Betfair,4.8,0.22332666365455367,4.477745664739884,High,0.00872517913082256,19,,0.0,0.07196798554185757,adequate,0.0,B,net EV/edge below Grade A thresholds; paper trade only,daily-engine-v1.1.0-odds-api,2026-09-27T12:52:52.264019+00:00,B,PAPER_ONLY,False,kickoff is 313.1h away -- outside the configured 24h money-event horizon; estimated probability 22.3% is below the 50% money-qualification floor,2026-10-10T14:00:00Z
2026-10-10,football,Scottish Premiership,Rangers v Kilmarnock,1x2,away,Betfred (UK),17.0,0.062371768567911365,16.032894736842106,High,0.00693132668187624,7,,0.0,0.060320065654493216,adequate,0.0,B,net EV/edge below Grade A thresholds; paper trade only,daily-engine-v1.1.0-odds-api,2026-09-27T12:52:52.264019+00:00,B,PAPER_ONLY,False,kickoff is 313.1h away -- outside the configured 24h money-event horizon; estimated probability 6.2% is below the 50% money-qualification floor,2026-10-10T14:00:00Z
2026-10-17,football,Premier League,Manchester City v Ipswich Town,1x2,draw,Betfair,7.2,0.14507428141521042,6.893020528827891,High,0.006600747942565173,14,,0.0,0.04453482618951499,adequate,0.0,B,net EV/edge below Grade A thresholds; paper trade only,daily-engine-v1.1.0-odds-api,2026-09-27T12:52:52.264019+00:00,B,PAPER_ONLY,False,kickoff is 481.1h away -- outside the configured 24h money-event horizon; estimated probability 14.5% is below the 50% money-qualification floor,2026-10-17T14:00:00Z
2026-10-18,football,Premier League,Nottingham Forest v Arsenal,1x2,home,Betfair,6.2,0.167823431426985,5.9586435070306045,High,0.0061754917666458665,14,,0.0,0.04050527484730704,adequate,0.0,B,net EV/edge below Grade A thresholds; paper trade only,daily-engine-v1.1.0-odds-api,2026-09-27T12:52:52.264019+00:00,B,PAPER_ONLY,False,kickoff is 506.6h away -- outside the configured 24h money-event horizon; estimated probability 16.8% is below the 50% money-qualification floor,2026-10-18T15:30:00Z
2026-10-18,football,Premier League,Brighton and Hove Albion v Crystal Palace,1x2,away,Betfair,5.6,0.18330611216378845,5.455355460850513,High,0.006262932107715392,14,,0.0,0.026514228117215266,adequate,0.0,B,net EV/edge below Grade A thresholds; paper trade only,daily-engine-v1.1.0-odds-api,2026-09-27T12:52:52.264019+00:00,B,PAPER_ONLY,False,kickoff is 504.1h away -- outside the configured 24h money-event horizon; estimated probability 18.3% is below the 50% money-qualification floor,2026-10-18T13:00:00Z
2026-10-10,football,Premier League,Arsenal v Leeds United,1x2,draw,Betfair,5.2,0.19605972427610552,5.100486618004866,High,0.005278801050648322,19,,0.0,0.01951056623574876,adequate,0.0,C,net EV 1.95% is below Grade B threshold; watchlist only,daily-engine-v1.1.0-odds-api,2026-09-27T12:52:52.264019+00:00,C,REJECT,False,"kickoff is 310.6h away -- outside the configured 24h money-event horizon; research grade 'C' is not in the actionable set ['A', 'A+', 'B']; estimated probability 19.6% is below the 50% money-qualification floor; net EV 1.95% is below the 2.00% money-qualification value floor",2026-10-10T11:30:00Z
2026-10-11,football,Premier League,Hull City v Everton,1x2,home,Betfair,3.9,0.25994236311239194,3.8470066518847004,High,0.007293505155671002,19,,0.0,0.01377521613832855,adequate,0.0,C,net EV 1.38% is below Grade B threshold; watchlist only,daily-engine-v1.1.0-odds-api,2026-09-27T12:52:52.264019+00:00,C,REJECT,False,"kickoff is 336.1h away -- outside the configured 24h money-event horizon; research grade 'C' is not in the actionable set ['A', 'A+', 'B']; estimated probability 26.0% is below the 50% money-qualification floor; net EV 1.38% is below the 2.00% money-qualification value floor",2026-10-11T13:00:00Z
2026-10-10,football,Premier League,Sunderland v Brighton and Hove Albion,1x2,home,Betfair,3.15,0.32114989733059546,3.11381074168798,High,0.008803499083461988,19,,0.0,0.011622176591375766,adequate,0.0,C,net EV 1.16% is below Grade B threshold; watchlist only,daily-engine-v1.1.0-odds-api,2026-09-27T12:52:52.264019+00:00,C,REJECT,False,"kickoff is 313.1h away -- outside the configured 24h money-event horizon; research grade 'C' is not in the actionable set ['A', 'A+', 'B']; estimated probability 32.1% is below the 50% money-qualification floor; net EV 1.16% is below the 2.00% money-qualification value floor",2026-10-10T14:00:00Z
2026-10-11,football,Premier League,Liverpool v Manchester City,1x2,away,Betfair,2.66,0.3784570596797671,2.6423076923076922,High,0.006310633629529425,19,,0.0,0.006695778748180614,adequate,0.0,C,net EV 0.67% is below Grade B threshold; watchlist only,daily-engine-v1.1.0-odds-api,2026-09-27T12:52:52.264019+00:00,C,REJECT,False,"kickoff is 338.6h away -- outside the configured 24h money-event horizon; research grade 'C' is not in the actionable set ['A', 'A+', 'B']; estimated probability 37.8% is below the 50% money-qualification floor; net EV 0.67% is below the 2.00% money-qualification value floor",2026-10-11T15:30:00Z
2026-10-12,football,Premier League,Coventry City v Newcastle United,1x2,away,Betfair,2.24,0.4487253120414746,2.228534858999825,High,0.005612621876010813,18,,0.0,0.00514469897290315,adequate,0.0,C,net EV 0.51% is below Grade B threshold; watchlist only,daily-engine-v1.1.0-odds-api,2026-09-27T12:52:52.264019+00:00,C,REJECT,False,"kickoff is 366.1h away -- outside the configured 24h money-event horizon; research grade 'C' is not in the actionable set ['A', 'A+', 'B']; estimated probability 44.9% is below the 50% money-qualification floor; net EV 0.51% is below the 2.00% money-qualification value floor",2026-10-12T19:00:00Z
2026-10-19,football,Premier League,Tottenham Hotspur v Coventry City,1x2,away,Grosvenor,6.25,0.16070011938002488,6.222770735068294,Medium,0.047013758049323076,14,,0.0,0.004375746125155455,adequate,0.0,C,net EV 0.44% is below Grade B threshold; watchlist only,daily-engine-v1.1.0-odds-api,2026-09-27T12:52:52.264019+00:00,C,REJECT,False,"kickoff is 534.1h away -- outside the configured 24h money-event horizon; research grade 'C' is not in the actionable set ['A', 'A+', 'B']; estimated probability 16.1% is below the 60% money-qualification floor (the stricter Medium-confidence floor); Medium-confidence candidates require odds inside the preferred range 1.40-2.50; odds are 6.25; net EV 0.44% is below the 5.00% money-qualification value floor (the stricter Medium-confidence floor)",2026-10-19T19:00:00Z
2026-10-10,football,Premier League,Aston Villa v Brentford,1x2,home,Betfair,2.76,0.3638253638253638,2.7485714285714287,High,0.005136182649648875,19,,0.0,0.004158004158003936,adequate,0.0,C,net EV 0.42% is below Grade B threshold; watchlist only,daily-engine-v1.1.0-odds-api,2026-09-27T12:52:52.264019+00:00,C,REJECT,False,"kickoff is 313.1h away -- outside the configured 24h money-event horizon; research grade 'C' is not in the actionable set ['A', 'A+', 'B']; estimated probability 36.4% is below the 50% money-qualification floor; net EV 0.42% is below the 2.00% money-qualification value floor",2026-10-10T14:00:00Z
2026-10-11,football,Premier League,Crystal Palace v Nottingham Forest,1x2,away,Betfair,2.82,0.3547671840354767,2.81875,High,0.0035081621240634474,19,,0.0,0.0004434589800441646,adequate,0.0,C,net EV 0.04% is below Grade B threshold; watchlist only,daily-engine-v1.1.0-odds-api,2026-09-27T12:52:52.264019+00:00,C,REJECT,False,"kickoff is 336.1h away -- outside the configured 24h money-event horizon; research grade 'C' is not in the actionable set ['A', 'A+', 'B']; estimated probability 35.5% is below the 50% money-qualification floor; net EV 0.04% is below the 2.00% money-qualification value floor",2026-10-11T13:00:00Z
2026-10-10,football,Scottish Premiership,Hearts v St Mirren,1x2,away,Betfred (UK),6.5,0.15384615384615385,6.5,High,0.006102909689885813,7,,0.0,1.1102230246251565e-16,adequate,0.0,C,net EV 0.00% is below Grade B threshold; watchlist only,daily-engine-v1.1.0-odds-api,2026-09-27T12:52:52.264019+00:00,C,REJECT,False,"kickoff is 313.1h away -- outside the configured 24h money-event horizon; research grade 'C' is not in the actionable set ['A', 'A+', 'B']; estimated probability 15.4% is below the 50% money-qualification floor; net EV 0.00% is below the 2.00% money-qualification value floor",2026-10-10T14:00:00Z
2026-10-10,football,Championship,Bolton Wanderers v Stoke City,1x2,draw,Betfred (UK),3.6,0.27755258505361036,3.6029208656328895,High,0.007409967853899033,14,,0.0,-0.0008106938070027159,adequate,0.0,Reject,net EV -0.08% is below the minimum Grade C floor,daily-engine-v1.1.0-odds-api,2026-09-27T12:52:52.264019+00:00,Reject,REJECT,False,"kickoff is 313.1h away -- outside the configured 24h money-event horizon; research grade 'Reject' is not in the actionable set ['A', 'A+', 'B']; estimated probability 27.8% is below the 50% money-qualification floor; net EV -0.08% is below the 2.00% money-qualification value floor",2026-10-10T14:00:00Z
2026-10-10,football,Premier League,Ipswich Town v Fulham,1x2,home,Betfair,2.82,0.3539159761835367,2.8255294117647054,High,0.0057838961081169045,19,,0.0,-0.001956947162426559,adequate,0.0,Reject,net EV -0.20% is below the minimum Grade C floor,daily-engine-v1.1.0-odds-api,2026-09-27T12:52:52.264019+00:00,Reject,REJECT,False,"kickoff is 313.1h away -- outside the configured 24h money-event horizon; research grade 'Reject' is not in the actionable set ['A', 'A+', 'B']; estimated probability 35.4% is below the 50% money-qualification floor; net EV -0.20% is below the 2.00% money-qualification value floor",2026-10-10T14:00:00Z
2026-10-10,football,Championship,Derby County v Wrexham AFC,1x2,draw,Betfred (UK),3.5,0.28503437334743525,3.5083487940630795,Medium,0.028231709511130063,13,,0.0,-0.0023796932839766916,adequate,0.0,Reject,net EV -0.24% is below the minimum Grade C floor,daily-engine-v1.1.0-odds-api,2026-09-27T12:52:52.264019+00:00,Reject,REJECT,False,"kickoff is 313.1h away -- outside the configured 24h money-event horizon; research grade 'Reject' is not in the actionable set ['A', 'A+', 'B']; estimated probability 28.5% is below the 60% money-qualification floor (the stricter Medium-confidence floor); Medium-confidence candidates require odds inside the preferred range 1.40-2.50; odds are 3.50; net EV -0.24% is below the 5.00% money-qualification value floor (the stricter Medium-confidence floor)",2026-10-10T14:00:00Z
2026-10-11,football,Championship,Southampton v Portsmouth,1x2,away,Betfred (UK),5.5,0.1812259401835949,5.517973856209151,High,0.005922146027708602,13,,0.0,-0.0032573289902280145,adequate,0.0,Reject,net EV -0.33% is below the minimum Grade C floor,daily-engine-v1.1.0-odds-api,2026-09-27T12:52:52.264019+00:00,Reject,REJECT,False,"kickoff is 334.1h away -- outside the configured 24h money-event horizon; research grade 'Reject' is not in the actionable set ['A', 'A+', 'B']; estimated probability 18.1% is below the 50% money-qualification floor; net EV -0.33% is below the 2.00% money-qualification value floor",2026-10-11T11:00:00Z
2026-10-11,football,Premier League,Crystal Palace v Nottingham Forest,1x2,home,Betfair,2.76,0.3609341825902335,2.770588235294118,High,0.005543125696276915,19,,0.0,-0.003821656050955635,adequate,0.0,Reject,net EV -0.38% is below the minimum Grade C floor,daily-engine-v1.1.0-odds-api,2026-09-27T12:52:52.264019+00:00,Reject,REJECT,False,"kickoff is 336.1h away -- outside the configured 24h money-event horizon; research grade 'Reject' is not in the actionable set ['A', 'A+', 'B']; estimated probability 36.1% is below the 50% money-qualification floor; net EV -0.38% is below the 2.00% money-qualification value floor",2026-10-11T13:00:00Z
2026-10-12,football,Premier League,Coventry City v Newcastle United,1x2,draw,Betfair,3.8,0.2620082417575085,3.8166738316785893,High,0.005727074195731856,18,,0.0,-0.004368681321467838,adequate,0.0,Reject,net EV -0.44% is below the minimum Grade C floor,daily-engine-v1.1.0-odds-api,2026-09-27T12:52:52.264019+00:00,Reject,REJECT,False,"kickoff is 366.1h away -- outside the configured 24h money-event horizon; research grade 'Reject' is not in the actionable set ['A', 'A+', 'B']; estimated probability 26.2% is below the 50% money-qualification floor; net EV -0.44% is below the 2.00% money-qualification value floor",2026-10-12T19:00:00Z
2026-10-10,football,Premier League,Manchester United v Tottenham Hotspur,1x2,draw,Betfair,4.3,0.23153523250862118,4.318997109706684,High,0.004806675983935077,19,,0.0,-0.00439850021292898,adequate,0.0,Reject,net EV -0.44% is below the minimum Grade C floor,daily-engine-v1.1.0-odds-api,2026-09-27T12:52:52.264019+00:00,Reject,REJECT,False,"kickoff is 315.6h away -- outside the configured 24h money-event horizon; research grade 'Reject' is not in the actionable set ['A', 'A+', 'B']; estimated probability 23.2% is below the 50% money-qualification floor; net EV -0.44% is below the 2.00% money-qualification value floor",2026-10-10T16:30:00Z
2026-10-10,football,Premier League,Aston Villa v Brentford,1x2,away,Betfair,2.68,0.37110187110187104,2.69467787114846,High,0.007031939110296128,19,,0.0,-0.0054469854469856305,adequate,0.0,Reject,net EV -0.54% is below the minimum Grade C floor,daily-engine-v1.1.0-odds-api,2026-09-27T12:52:52.264019+00:00,Reject,REJECT,False,"kickoff is 313.1h away -- outside the configured 24h money-event horizon; research grade 'Reject' is not in the actionable set ['A', 'A+', 'B']; estimated probability 37.1% is below the 50% money-qualification floor; net EV -0.54% is below the 2.00% money-qualification value floor",2026-10-10T14:00:00Z
2026-10-10,football,Premier League,Chelsea v Bournemouth,1x2,draw,Betfair,4.3,0.23124105499897774,4.324491600353669,High,0.004231501639306428,19,,0.0,-0.005663463504395727,adequate,0.0,Reject,net EV -0.57% is below the minimum Grade C floor,daily-engine-v1.1.0-odds-api,2026-09-27T12:52:52.264019+00:00,Reject,REJECT,False,"kickoff is 313.1h away -- outside the configured 24h money-event horizon; research grade 'Reject' is not in the actionable set ['A', 'A+', 'B']; estimated probability 23.1% is below the 50% money-qualification floor; net EV -0.57% is below the 2.00% money-qualification value floor",2026-10-10T14:00:00Z
2026-10-10,football,Premier League,Sunderland v Brighton and Hove Albion,1x2,away,Betfair,2.46,0.4040270671728008,2.475081699346405,High,0.007628256605794346,19,,0.0,-0.006093414754910098,adequate,0.0,Reject,net EV -0.61% is below the minimum Grade C floor,daily-engine-v1.1.0-odds-api,2026-09-27T12:52:52.264019+00:00,Reject,REJECT,False,"kickoff is 313.1h away -- outside the configured 24h money-event horizon; research grade 'Reject' is not in the actionable set ['A', 'A+', 'B']; estimated probability 40.4% is below the 50% money-qualification floor; net EV -0.61% is below the 2.00% money-qualification value floor",2026-10-10T14:00:00Z
2026-10-11,football,Premier League,Liverpool v Manchester City,1x2,draw,Betfair,3.85,0.25773195876288657,3.8800000000000003,High,0.004096461494294067,19,,0.0,-0.0077319587628866815,adequate,0.0,Reject,net EV -0.77% is below the minimum Grade C floor,daily-engine-v1.1.0-odds-api,2026-09-27T12:52:52.264019+00:00,Reject,REJECT,False,"kickoff is 338.6h away -- outside the configured 24h money-event horizon; research grade 'Reject' is not in the actionable set ['A', 'A+', 'B']; estimated probability 25.8% is below the 50% money-qualification floor; net EV -0.77% is below the 2.00% money-qualification value floor",2026-10-11T15:30:00Z
2026-10-10,football,Premier League,Manchester United v Tottenham Hotspur,1x2,home,Betfair,1.8,0.5509280514199515,1.8151190476190475,High,0.006384243789649278,19,,0.0,-0.00832950744408728,adequate,0.0,Reject,net EV -0.83% is below the minimum Grade C floor,daily-engine-v1.1.0-odds-api,2026-09-27T12:52:52.264019+00:00,Reject,REJECT,False,"kickoff is 315.6h away -- outside the configured 24h money-event horizon; research grade 'Reject' is not in the actionable set ['A', 'A+', 'B']; net EV -0.83% is below the 2.00% money-qualification value floor",2026-10-10T16:30:00Z
2026-10-10,football,Championship,West Bromwich Albion v Birmingham City,1x2,home,Betfair,2.38,0.416255210222259,2.402372331786673,High,0.006540229777409262,14,,0.0,-0.009312599671023714,adequate,0.0,Reject,net EV -0.93% is below the minimum Grade C floor,daily-engine-v1.1.0-odds-api,2026-09-27T12:52:52.264019+00:00,Reject,REJECT,False,"kickoff is 310.6h away -- outside the configured 24h money-event horizon; research grade 'Reject' is not in the actionable set ['A', 'A+', 'B']; estimated probability 41.6% is below the 50% money-qualification floor; net EV -0.93% is below the 2.00% money-qualification value floor",2026-10-10T11:30:00Z
2026-10-10,football,Championship,Blackburn Rovers v Cardiff City,1x2,draw,Betfred (UK),3.75,0.26395173453996984,3.7885714285714287,High,0.007562503480217155,13,,0.0,-0.010180995475113197,adequate,0.0,Reject,net EV -1.02% is below the minimum Grade C floor,daily-engine-v1.1.0-odds-api,2026-09-27T12:52:52.264019+00:00,Reject,REJECT,False,"kickoff is 313.1h away -- outside the configured 24h money-event horizon; research grade 'Reject' is not in the actionable set ['A', 'A+', 'B']; estimated probability 26.4% is below the 50% money-qualification floor; net EV -1.02% is below the 2.00% money-qualification value floor",2026-10-10T14:00:00Z
2026-10-11,football,Premier League,Liverpool v Manchester City,1x2,home,Coral,2.7,0.3665241295051924,2.7283333333333335,High,0.007206620162842343,19,,0.0,-0.010384850335980356,adequate,0.0,Reject,net EV -1.04% is below the minimum Grade C floor,daily-engine-v1.1.0-odds-api,2026-09-27T12:52:52.264019+00:00,Reject,REJECT,False,"kickoff is 338.6h away -- outside the configured 24h money-event horizon; research grade 'Reject' is not in the actionable set ['A', 'A+', 'B']; estimated probability 36.7% is below the 50% money-qualification floor; net EV -1.04% is below the 2.00% money-qualification value floor",2026-10-11T15:30:00Z
2026-10-12,football,Premier League,Coventry City v Newcastle United,1x2,home,Betfair,3.4,0.2909226205104109,3.4373401361693503,High,0.007200508293160199,18,,0.0,-0.01086309026460286,adequate,0.0,Reject,net EV -1.09% is below the minimum Grade C floor,daily-engine-v1.1.0-odds-api,2026-09-27T12:52:52.264019+00:00,Reject,REJECT,False,"kickoff is 366.1h away -- outside the configured 24h money-event horizon; research grade 'Reject' is not in the actionable set ['A', 'A+', 'B']; estimated probability 29.1% is below the 50% money-qualification floor; net EV -1.09% is below the 2.00% money-qualification value floor",2026-10-12T19:00:00Z
2026-10-10,football,Premier League,Sunderland v Brighton and Hove Albion,1x2,draw,Betfred (UK),3.6,0.2747021723896286,3.6403061224489797,High,0.005809750201876276,19,,0.0,-0.011072179397337067,adequate,0.0,Reject,net EV -1.11% is below the minimum Grade C floor,daily-engine-v1.1.0-odds-api,2026-09-27T12:52:52.264019+00:00,Reject,REJECT,False,"kickoff is 313.1h away -- outside the configured 24h money-event horizon; research grade 'Reject' is not in the actionable set ['A', 'A+', 'B']; estimated probability 27.5% is below the 50% money-qualification floor; net EV -1.11% is below the 2.00% money-qualification value floor",2026-10-10T14:00:00Z
2026-10-10,football,Premier League,Ipswich Town v Fulham,1x2,draw,Betfair,3.65,0.2707581227436823,3.693333333333334,High,0.0059409605898273375,19,,0.0,-0.011732851985559734,adequate,0.0,Reject,net EV -1.17% is below the minimum Grade C floor,daily-engine-v1.1.0-odds-api,2026-09-27T12:52:52.264019+00:00,Reject,REJECT,False,"kickoff is 313.1h away -- outside the configured 24h money-event horizon; research grade 'Reject' is not in the actionable set ['A', 'A+', 'B']; estimated probability 27.1% is below the 50% money-qualification floor; net EV -1.17% is below the 2.00% money-qualification value floor",2026-10-10T14:00:00Z
2026-10-18,football,Premier League,Bournemouth v Sunderland,1x2,away,Betfair,3.75,0.26335693346574396,3.7971280529436853,High,0.004411501376771835,14,,0.0,-0.0124114995034601,adequate,0.0,Reject,net EV -1.24% is below the minimum Grade C floor,daily-engine-v1.1.0-odds-api,2026-09-27T12:52:52.264019+00:00,Reject,REJECT,False,"kickoff is 504.1h away -- outside the configured 24h money-event horizon; research grade 'Reject' is not in the actionable set ['A', 'A+', 'B']; estimated probability 26.3% is below the 50% money-qualification floor; net EV -1.24% is below the 2.00% money-qualification value floor",2026-10-18T13:00:00Z
2026-10-11,football,Championship,Southampton v Portsmouth,1x2,home,Betfair,1.65,0.5977396400167434,1.67296918767507,High,0.008261355291377701,13,,0.0,-0.013729593972373444,adequate,0.0,Reject,net EV -1.37% is below the minimum Grade C floor,daily-engine-v1.1.0-odds-api,2026-09-27T12:52:52.264019+00:00,Reject,REJECT,False,"kickoff is 334.1h away -- outside the configured 24h money-event horizon; research grade 'Reject' is not in the actionable set ['A', 'A+', 'B']; net EV -1.37% is below the 2.00% money-qualification value floor",2026-10-11T11:00:00Z
2026-10-18,football,Premier League,Nottingham Forest v Arsenal,1x2,draw,Grosvenor,4.1,0.2405016494613637,4.157975640664572,High,0.0075796181380862575,14,,0.0,-0.013943237208408954,adequate,0.0,Reject,net EV -1.39% is below the minimum Grade C floor,daily-engine-v1.1.0-odds-api,2026-09-27T12:52:52.264019+00:00,Reject,REJECT,False,"kickoff is 506.6h away -- outside the configured 24h money-event horizon; research grade 'Reject' is not in the actionable set ['A', 'A+', 'B']; estimated probability 24.1% is below the 50% money-qualification floor; net EV -1.39% is below the 2.00% money-qualification value floor",2026-10-18T15:30:00Z
2026-10-11,football,Premier League,Hull City v Everton,1x2,away,Betfair,2.16,0.4564841498559078,2.1906565656565657,High,0.005409628602493908,19,,0.0,-0.013994236311239083,adequate,0.0,Reject,net EV -1.40% is below the minimum Grade C floor,daily-engine-v1.1.0-odds-api,2026-09-27T12:52:52.264019+00:00,Reject,REJECT,False,"kickoff is 336.1h away -- outside the configured 24h money-event horizon; research grade 'Reject' is not in the actionable set ['A', 'A+', 'B']; estimated probability 45.6% is below the 50% money-qualification floor; net EV -1.40% is below the 2.00% money-qualification value floor",2026-10-11T13:00:00Z
2026-10-17,football,Premier League,Fulham v Hull City,1x2,away,Betfred (UK),5.0,0.19703812764902612,5.075159878606076,High,0.006280037592785888,14,,0.0,-0.014809361754869466,adequate,0.0,Reject,net EV -1.48% is below the minimum Grade C floor,daily-engine-v1.1.0-odds-api,2026-09-27T12:52:52.264019+00:00,Reject,REJECT,False,"kickoff is 481.1h away -- outside the configured 24h money-event horizon; research grade 'Reject' is not in the actionable set ['A', 'A+', 'B']; estimated probability 19.7% is below the 50% money-qualification floor; net EV -1.48% is below the 2.00% money-qualification value floor",2026-10-17T14:00:00Z
2026-10-18,football,Premier League,Brighton and Hove Albion v Crystal Palace,1x2,home,Betfair,1.63,0.6040878549832309,1.6553883541124317,High,0.009034589690458132,14,,0.0,-0.01533679637733365,adequate,0.0,Reject,net EV -1.53% is below the minimum Grade C floor,daily-engine-v1.1.0-odds-api,2026-09-27T12:52:52.264019+00:00,Reject,REJECT,False,"kickoff is 504.1h away -- outside the configured 24h money-event horizon; research grade 'Reject' is not in the actionable set ['A', 'A+', 'B']; net EV -1.53% is below the 2.00% money-qualification value floor",2026-10-18T13:00:00Z
2026-10-10,football,Premier League,Ipswich Town v Fulham,1x2,away,Betfair,2.62,0.375767498976668,2.661220043572985,High,0.005361696557563057,19,,0.0,-0.015489152681129825,adequate,0.0,Reject,net EV -1.55% is below the minimum Grade C floor,daily-engine-v1.1.0-odds-api,2026-09-27T12:52:52.264019+00:00,Reject,REJECT,False,"kickoff is 313.1h away -- outside the configured 24h money-event horizon; research grade 'Reject' is not in the actionable set ['A', 'A+', 'B']; estimated probability 37.6% is below the 50% money-qualification floor; net EV -1.55% is below the 2.00% money-qualification value floor",2026-10-10T14:00:00Z
2026-10-17,football,Premier League,Everton v Chelsea,1x2,draw,Betway,3.8,0.25898663163853997,3.861203158144744,High,0.005265183509146221,14,,0.0,-0.015850799773548196,adequate,0.0,Reject,net EV -1.59% is below the minimum Grade C floor,daily-engine-v1.1.0-odds-api,2026-09-27T12:52:52.264019+00:00,Reject,REJECT,False,"kickoff is 478.6h away -- outside the configured 24h money-event horizon; research grade 'Reject' is not in the actionable set ['A', 'A+', 'B']; estimated probability 25.9% is below the 50% money-qualification floor; net EV -1.59% is below the 2.00% money-qualification value floor",2026-10-17T11:30:00Z
2026-10-10,football,Championship,Watford v Burnley,1x2,home,Betfair,3.05,0.32262712430462126,3.099553399781136,High,0.0033813852035336116,14,,0.0,-0.015987270870905235,adequate,0.0,Reject,net EV -1.60% is below the minimum Grade C floor,daily-engine-v1.1.0-odds-api,2026-09-27T12:52:52.264019+00:00,Reject,REJECT,False,"kickoff is 313.1h away -- outside the configured 24h money-event horizon; research grade 'Reject' is not in the actionable set ['A', 'A+', 'B']; estimated probability 32.3% is below the 50% money-qualification floor; net EV -1.60% is below the 2.00% money-qualification value floor",2026-10-10T14:00:00Z
2026-10-19,football,Premier League,Tottenham Hotspur v Coventry City,1x2,draw,Grosvenor,4.7,0.20931631468600687,4.777458467583328,Medium,0.04211608751427899,14,,0.0,-0.016213320975767664,adequate,0.0,Reject,net EV -1.62% is below the minimum Grade C floor,daily-engine-v1.1.0-odds-api,2026-09-27T12:52:52.264019+00:00,Reject,REJECT,False,"kickoff is 534.1h away -- outside the configured 24h money-event horizon; research grade 'Reject' is not in the actionable set ['A', 'A+', 'B']; estimated probability 20.9% is below the 60% money-qualification floor (the stricter Medium-confidence floor); Medium-confidence candidates require odds inside the preferred range 1.40-2.50; odds are 4.70; net EV -1.62% is below the 5.00% money-qualification value floor (the stricter Medium-confidence floor)",2026-10-19T19:00:00Z
2026-10-10,football,Scottish Premiership,Dundee United v Hibernian,1x2,draw,Betfred (UK),3.75,0.2621453445224639,3.814677700348432,High,0.00692966167063073,7,,0.0,-0.016954958040760304,adequate,0.0,Reject,net EV -1.70% is below the minimum Grade C floor,daily-engine-v1.1.0-odds-api,2026-09-27T12:52:52.264019+00:00,Reject,REJECT,False,"kickoff is 313.1h away -- outside the configured 24h money-event horizon; research grade 'Reject' is not in the actionable set ['A', 'A+', 'B']; estimated probability 26.2% is below the 50% money-qualification floor; net EV -1.70% is below the 2.00% money-qualification value floor",2026-10-10T14:00:00Z
2026-10-10,football,Championship,Middlesbrough v Wolverhampton Wanderers,1x2,draw,Betfair,3.85,0.2552609782059452,3.917559225183246,High,0.006967716296668184,14,,0.0,-0.01724523390711108,adequate,0.0,Reject,net EV -1.72% is below the minimum Grade C floor,daily-engine-v1.1.0-odds-api,2026-09-27T12:52:52.264019+00:00,Reject,REJECT,False,"kickoff is 313.1h away -- outside the configured 24h money-event horizon; research grade 'Reject' is not in the actionable set ['A', 'A+', 'B']; estimated probability 25.5% is below the 50% money-qualification floor; net EV -1.72% is below the 2.00% money-qualification value floor",2026-10-10T14:00:00Z
2026-10-10,football,Championship,West Bromwich Albion v Birmingham City,1x2,draw,Betfred (UK),3.6,0.27269336464716054,3.6671225986518063,High,0.005852911257841031,14,,0.0,-0.01830388727022203,adequate,0.0,Reject,net EV -1.83% is below the minimum Grade C floor,daily-engine-v1.1.0-odds-api,2026-09-27T12:52:52.264019+00:00,Reject,REJECT,False,"kickoff is 310.6h away -- outside the configured 24h money-event horizon; research grade 'Reject' is not in the actionable set ['A', 'A+', 'B']; estimated probability 27.3% is below the 50% money-qualification floor; net EV -1.83% is below the 2.00% money-qualification value floor",2026-10-10T11:30:00Z
2026-10-17,football,Premier League,Fulham v Hull City,1x2,draw,Betfair,4.1,0.23924956938551256,4.179735840563455,High,0.0029601396910740024,14,,0.0,-0.01907676551939863,adequate,0.0,Reject,net EV -1.91% is below the minimum Grade C floor,daily-engine-v1.1.0-odds-api,2026-09-27T12:52:52.264019+00:00,Reject,REJECT,False,"kickoff is 481.1h away -- outside the configured 24h money-event horizon; research grade 'Reject' is not in the actionable set ['A', 'A+', 'B']; estimated probability 23.9% is below the 50% money-qualification floor; net EV -1.91% is below the 2.00% money-qualification value floor",2026-10-17T14:00:00Z
2026-10-10,football,Scottish Premiership,Rangers v Kilmarnock,1x2,draw,Betfred (UK),8.0,0.12261106974435344,8.15587044534413,High,0.007024985046420951,7,,0.0,-0.019111442045172455,adequate,0.0,Reject,net EV -1.91% is below the minimum Grade C floor,daily-engine-v1.1.0-odds-api,2026-09-27T12:52:52.264019+00:00,Reject,REJECT,False,"kickoff is 313.1h away -- outside the configured 24h money-event horizon; research grade 'Reject' is not in the actionable set ['A', 'A+', 'B']; estimated probability 12.3% is below the 50% money-qualification floor; net EV -1.91% is below the 2.00% money-qualification value floor",2026-10-10T14:00:00Z
2026-10-10,football,Championship,Preston North End v Millwall,over_under_2_5,over,William Hill,1.91,0.5134408602150538,1.9476439790575917,Medium,0.011395004998540239,3,,0.0,-0.019327956989247386,adequate,0.0,Reject,net EV -1.93% is below the minimum Grade C floor,daily-engine-v1.1.0-odds-api,2026-09-27T12:52:52.264019+00:00,Reject,REJECT,False,"kickoff is 313.1h away -- outside the configured 24h money-event horizon; research grade 'Reject' is not in the actionable set ['A', 'A+', 'B']; estimated probability 51.3% is below the 60% money-qualification floor (the stricter Medium-confidence floor); net EV -1.93% is below the 5.00% money-qualification value floor (the stricter Medium-confidence floor)",2026-10-10T14:00:00Z
2026-10-17,football,Premier League,Brentford v Liverpool,1x2,draw,Paddy Power,3.8,0.2579964108518949,3.8760229132569552,High,0.00873695512658343,14,,0.0,-0.019613638762799535,adequate,0.0,Reject,net EV -1.96% is below the minimum Grade C floor,daily-engine-v1.1.0-odds-api,2026-09-27T12:52:52.264019+00:00,Reject,REJECT,False,"kickoff is 481.1h away -- outside the configured 24h money-event horizon; research grade 'Reject' is not in the actionable set ['A', 'A+', 'B']; estimated probability 25.8% is below the 50% money-qualification floor; net EV -1.96% is below the 2.00% money-qualification value floor",2026-10-17T14:00:00Z
2026-10-10,football,Championship,Charlton Athletic v Bristol City,1x2,draw,Betfred (UK),3.4,0.2882326137371173,3.469420018208108,High,0.0049588988737580214,14,,0.0,-0.020009113293801284,adequate,0.0,Reject,net EV -2.00% is below the minimum Grade C floor,daily-engine-v1.1.0-odds-api,2026-09-27T12:52:52.264019+00:00,Reject,REJECT,False,"kickoff is 310.6h away -- outside the configured 24h money-event horizon; research grade 'Reject' is not in the actionable set ['A', 'A+', 'B']; estimated probability 28.8% is below the 50% money-qualification floor; net EV -2.00% is below the 2.00% money-qualification value floor",2026-10-10T11:30:00Z
2026-10-17,football,Premier League,Fulham v Hull City,1x2,home,Betfair,1.74,0.5628145960537042,1.7767840546633216,High,0.006964515170028005,14,,0.0,-0.020702602866554676,adequate,0.0,Reject,net EV -2.07% is below the minimum Grade C floor,daily-engine-v1.1.0-odds-api,2026-09-27T12:52:52.264019+00:00,Reject,REJECT,False,"kickoff is 481.1h away -- outside the configured 24h money-event horizon; research grade 'Reject' is not in the actionable set ['A', 'A+', 'B']; net EV -2.07% is below the 2.00% money-qualification value floor",2026-10-17T14:00:00Z
2026-10-18,football,Premier League,Leeds United v Manchester United,1x2,draw,Betfair,3.75,0.2608342845680887,3.8338518329976594,High,0.00566166693243462,14,,0.0,-0.021871432869667418,adequate,0.0,Reject,net EV -2.19% is below the minimum Grade C floor,daily-engine-v1.1.0-odds-api,2026-09-27T12:52:52.264019+00:00,Reject,REJECT,False,"kickoff is 504.1h away -- outside the configured 24h money-event horizon; research grade 'Reject' is not in the actionable set ['A', 'A+', 'B']; estimated probability 26.1% is below the 50% money-qualification floor; net EV -2.19% is below the 2.00% money-qualification value floor",2026-10-18T13:00:00Z
2026-10-10,football,Championship,Sheffield United v Lincoln City,1x2,away,Betfair,3.8,0.25722679135030857,3.887619927731919,High,0.006471431356811688,14,,0.0,-0.022538192868827522,adequate,0.0,Reject,net EV -2.25% is below the minimum Grade C floor,daily-engine-v1.1.0-odds-api,2026-09-27T12:52:52.264019+00:00,Reject,REJECT,False,"kickoff is 313.1h away -- outside the configured 24h money-event horizon; research grade 'Reject' is not in the actionable set ['A', 'A+', 'B']; estimated probability 25.7% is below the 50% money-qualification floor; net EV -2.25% is below the 2.00% money-qualification value floor",2026-10-10T14:00:00Z
2026-10-11,football,Premier League,Hull City v Everton,1x2,draw,Betfair,3.45,0.28328611898017,3.53,High,0.006110961480244934,19,,0.0,-0.022662889518413554,adequate,0.0,Reject,net EV -2.27% is below the minimum Grade C floor,daily-engine-v1.1.0-odds-api,2026-09-27T12:52:52.264019+00:00,Reject,REJECT,False,"kickoff is 336.1h away -- outside the configured 24h money-event horizon; research grade 'Reject' is not in the actionable set ['A', 'A+', 'B']; estimated probability 28.3% is below the 50% money-qualification floor; net EV -2.27% is below the 2.00% money-qualification value floor",2026-10-11T13:00:00Z
2026-10-10,football,Premier League,Chelsea v Bournemouth,1x2,home,Betfred (UK),1.8,0.542180339508165,1.8444047619047617,High,0.008530001596875888,19,,0.0,-0.024075388885302917,adequate,0.0,Reject,net EV -2.41% is below the minimum Grade C floor,daily-engine-v1.1.0-odds-api,2026-09-27T12:52:52.264019+00:00,Reject,REJECT,False,"kickoff is 313.1h away -- outside the configured 24h money-event horizon; research grade 'Reject' is not in the actionable set ['A', 'A+', 'B']; net EV -2.41% is below the 2.00% money-qualification value floor",2026-10-10T14:00:00Z
2026-10-18,football,Premier League,Leeds United v Manchester United,1x2,away,William Hill,2.4,0.40639203336454166,2.460678157790018,High,0.007250474475127146,14,,0.0,-0.02465911992510006,adequate,0.0,Reject,net EV -2.47% is below the minimum Grade C floor,daily-engine-v1.1.0-odds-api,2026-09-27T12:52:52.264019+00:00,Reject,REJECT,False,"kickoff is 504.1h away -- outside the configured 24h money-event horizon; research grade 'Reject' is not in the actionable set ['A', 'A+', 'B']; estimated probability 40.6% is below the 50% money-qualification floor; net EV -2.47% is below the 2.00% money-qualification value floor",2026-10-18T13:00:00Z
2026-10-18,football,Premier League,Bournemouth v Sunderland,1x2,draw,Betfair,3.7,0.2635135135135135,3.794871794871795,High,0.0036860548692344624,14,,0.0,-0.025000000000000022,adequate,0.0,Reject,net EV -2.50% is below the minimum Grade C floor,daily-engine-v1.1.0-odds-api,2026-09-27T12:52:52.264019+00:00,Reject,REJECT,False,"kickoff is 504.1h away -- outside the configured 24h money-event horizon; research grade 'Reject' is not in the actionable set ['A', 'A+', 'B']; estimated probability 26.4% is below the 50% money-qualification floor; net EV -2.50% is below the 2.00% money-qualification value floor",2026-10-18T13:00:00Z
2026-10-18,football,Premier League,Nottingham Forest v Arsenal,over_under_2_5,under,Grosvenor,1.95,0.5,2.0,Medium,0.008776147993450037,3,,0.0,-0.025000000000000022,adequate,0.0,Reject,net EV -2.50% is below the minimum Grade C floor,daily-engine-v1.1.0-odds-api,2026-09-27T12:52:52.264019+00:00,Reject,REJECT,False,"kickoff is 506.6h away -- outside the configured 24h money-event horizon; research grade 'Reject' is not in the actionable set ['A', 'A+', 'B']; estimated probability 50.0% is below the 60% money-qualification floor (the stricter Medium-confidence floor); net EV -2.50% is below the 5.00% money-qualification value floor (the stricter Medium-confidence floor)",2026-10-18T15:30:00Z
2026-10-17,football,Premier League,Everton v Chelsea,1x2,away,Betfair,2.36,0.41313148451005133,2.4205368932022666,High,0.0038176215276626495,14,,0.0,-0.025009696556278938,adequate,0.0,Reject,net EV -2.50% is below the minimum Grade C floor,daily-engine-v1.1.0-odds-api,2026-09-27T12:52:52.264019+00:00,Reject,REJECT,False,"kickoff is 478.6h away -- outside the configured 24h money-event horizon; research grade 'Reject' is not in the actionable set ['A', 'A+', 'B']; estimated probability 41.3% is below the 50% money-qualification floor; net EV -2.50% is below the 2.00% money-qualification value floor",2026-10-17T11:30:00Z
2026-10-18,football,Premier League,Bournemouth v Sunderland,1x2,home,Betfair,2.06,0.47297297297297297,2.1142857142857143,High,0.005782252511136565,14,,0.0,-0.025675675675675635,adequate,0.0,Reject,net EV -2.57% is below the minimum Grade C floor,daily-engine-v1.1.0-odds-api,2026-09-27T12:52:52.264019+00:00,Reject,REJECT,False,"kickoff is 504.1h away -- outside the configured 24h money-event horizon; research grade 'Reject' is not in the actionable set ['A', 'A+', 'B']; estimated probability 47.3% is below the 50% money-qualification floor; net EV -2.57% is below the 2.00% money-qualification value floor",2026-10-18T13:00:00Z
2026-10-10,football,Championship,Swansea City v Norwich City,1x2,draw,Betfred (UK),3.6,0.27045820931008624,3.697428902420478,High,0.006582257905368044,14,,0.0,-0.02635044648368956,adequate,0.0,Reject,net EV -2.64% is below the minimum Grade C floor,daily-engine-v1.1.0-odds-api,2026-09-27T12:52:52.264019+00:00,Reject,REJECT,False,"kickoff is 310.6h away -- outside the configured 24h money-event horizon; research grade 'Reject' is not in the actionable set ['A', 'A+', 'B']; estimated probability 27.0% is below the 50% money-qualification floor; net EV -2.64% is below the 2.00% money-qualification value floor",2026-10-10T11:30:00Z
2026-10-17,football,Premier League,Everton v Chelsea,1x2,home,Betfair,2.96,0.32851430549188804,3.0440074702460493,High,0.005182281508911506,14,,0.0,-0.027597655744011518,adequate,0.0,Reject,net EV -2.76% is below the minimum Grade C floor,daily-engine-v1.1.0-odds-api,2026-09-27T12:52:52.264019+00:00,Reject,REJECT,False,"kickoff is 478.6h away -- outside the configured 24h money-event horizon; research grade 'Reject' is not in the actionable set ['A', 'A+', 'B']; estimated probability 32.9% is below the 50% money-qualification floor; net EV -2.76% is below the 2.00% money-qualification value floor",2026-10-17T11:30:00Z
2026-10-10,football,Championship,Bolton Wanderers v Stoke City,1x2,home,Betfair,2.62,0.37101530834378943,2.695306574987418,High,0.003890084455453212,14,,0.0,-0.027939892139271616,adequate,0.0,Reject,net EV -2.79% is below the minimum Grade C floor,daily-engine-v1.1.0-odds-api,2026-09-27T12:52:52.264019+00:00,Reject,REJECT,False,"kickoff is 313.1h away -- outside the configured 24h money-event horizon; research grade 'Reject' is not in the actionable set ['A', 'A+', 'B']; estimated probability 37.1% is below the 50% money-qualification floor; net EV -2.79% is below the 2.00% money-qualification value floor",2026-10-10T14:00:00Z
2026-10-10,football,Premier League,Manchester United v Tottenham Hotspur,1x2,away,Grosvenor,4.5,0.2160033035799371,4.629558823529412,High,0.00475855808500489,19,,0.0,-0.02798513389028301,adequate,0.0,Reject,net EV -2.80% is below the minimum Grade C floor,daily-engine-v1.1.0-odds-api,2026-09-27T12:52:52.264019+00:00,Reject,REJECT,False,"kickoff is 315.6h away -- outside the configured 24h money-event horizon; research grade 'Reject' is not in the actionable set ['A', 'A+', 'B']; estimated probability 21.6% is below the 50% money-qualification floor; net EV -2.80% is below the 2.00% money-qualification value floor",2026-10-10T16:30:00Z
2026-10-09,football,Championship,West Ham United v Queens Park Rangers,1x2,draw,Sky Bet,4.5,0.21588167678631232,4.6321670967464135,High,0.004745041584251168,14,,0.0,-0.02853245446159458,adequate,0.0,Reject,net EV -2.85% is below the minimum Grade C floor,daily-engine-v1.1.0-odds-api,2026-09-27T12:52:52.264019+00:00,Reject,REJECT,False,"kickoff is 294.1h away -- outside the configured 24h money-event horizon; research grade 'Reject' is not in the actionable set ['A', 'A+', 'B']; estimated probability 21.6% is below the 50% money-qualification floor; net EV -2.85% is below the 2.00% money-qualification value floor",2026-10-09T19:00:00Z
2026-10-10,football,Championship,Middlesbrough v Wolverhampton Wanderers,1x2,away,888sport,3.1,0.3130918414868503,3.1939509993332083,High,0.008657550845366239,14,,0.0,-0.02941529139076393,adequate,0.0,Reject,net EV -2.94% is below the minimum Grade C floor,daily-engine-v1.1.0-odds-api,2026-09-27T12:52:52.264019+00:00,Reject,REJECT,False,"kickoff is 313.1h away -- outside the configured 24h money-event horizon; research grade 'Reject' is not in the actionable set ['A', 'A+', 'B']; estimated probability 31.3% is below the 50% money-qualification floor; net EV -2.94% is below the 2.00% money-qualification value floor",2026-10-10T14:00:00Z
2026-10-10,football,Premier League,Aston Villa v Brentford,1x2,draw,Betfair,3.65,0.26587934886690073,3.7611044417767108,High,0.005301212473500195,19,,0.0,-0.029540376635812438,adequate,0.0,Reject,net EV -2.95% is below the minimum Grade C floor,daily-engine-v1.1.0-odds-api,2026-09-27T12:52:52.264019+00:00,Reject,REJECT,False,"kickoff is 313.1h away -- outside the configured 24h money-event horizon; research grade 'Reject' is not in the actionable set ['A', 'A+', 'B']; estimated probability 26.6% is below the 50% money-qualification floor; net EV -2.95% is below the 2.00% money-qualification value floor",2026-10-10T14:00:00Z
2026-10-10,football,Championship,Watford v Burnley,over_under_2_5,over,William Hill,1.85,0.5241935483870968,1.9076923076923078,Medium,0.012088474519025116,3,,0.0,-0.03024193548387094,adequate,0.0,Reject,net EV -3.02% is below the minimum Grade C floor,daily-engine-v1.1.0-odds-api,2026-09-27T12:52:52.264019+00:00,Reject,REJECT,False,"kickoff is 313.1h away -- outside the configured 24h money-event horizon; research grade 'Reject' is not in the actionable set ['A', 'A+', 'B']; estimated probability 52.4% is below the 60% money-qualification floor (the stricter Medium-confidence floor); net EV -3.02% is below the 5.00% money-qualification value floor (the stricter Medium-confidence floor)",2026-10-10T14:00:00Z
2026-10-18,football,Premier League,Leeds United v Manchester United,1x2,home,Betfair,2.9,0.3342456022762207,2.9918119885197463,High,0.003326107760451512,14,,0.0,-0.030687753398960016,adequate,0.0,Reject,net EV -3.07% is below the minimum Grade C floor,daily-engine-v1.1.0-odds-api,2026-09-27T12:52:52.264019+00:00,Reject,REJECT,False,"kickoff is 504.1h away -- outside the configured 24h money-event horizon; research grade 'Reject' is not in the actionable set ['A', 'A+', 'B']; estimated probability 33.4% is below the 50% money-qualification floor; net EV -3.07% is below the 2.00% money-qualification value floor",2026-10-18T13:00:00Z
2026-10-10,football,Premier League,Aston Villa v Brentford,over_under_2_5,over,William Hill,1.73,0.5602094240837696,1.7850467289719627,Medium,0.012461197037261503,3,,0.0,-0.0308376963350786,adequate,0.0,Reject,net EV -3.08% is below the minimum Grade C floor,daily-engine-v1.1.0-odds-api,2026-09-27T12:52:52.264019+00:00,Reject,REJECT,False,"kickoff is 313.1h away -- outside the configured 24h money-event horizon; research grade 'Reject' is not in the actionable set ['A', 'A+', 'B']; estimated probability 56.0% is below the 60% money-qualification floor (the stricter Medium-confidence floor); net EV -3.08% is below the 5.00% money-qualification value floor (the stricter Medium-confidence floor)",2026-10-10T14:00:00Z
2026-10-10,football,Championship,Charlton Athletic v Bristol City,1x2,home,Betfair,3.25,0.2981785889853843,3.3536948558335844,High,0.006022488608833058,14,,0.0,-0.030919585797501092,adequate,0.0,Reject,net EV -3.09% is below the minimum Grade C floor,daily-engine-v1.1.0-odds-api,2026-09-27T12:52:52.264019+00:00,Reject,REJECT,False,"kickoff is 310.6h away -- outside the configured 24h money-event horizon; research grade 'Reject' is not in the actionable set ['A', 'A+', 'B']; estimated probability 29.8% is below the 50% money-qualification floor; net EV -3.09% is below the 2.00% money-qualification value floor",2026-10-10T11:30:00Z
2026-10-10,football,Championship,Preston North End v Millwall,1x2,draw,Betfred (UK),3.5,0.2765957446808511,3.6153846153846154,High,0.012602215806650349,14,,0.0,-0.031914893617021156,adequate,0.0,Reject,net EV -3.19% is below the minimum Grade C floor,daily-engine-v1.1.0-odds-api,2026-09-27T12:52:52.264019+00:00,Reject,REJECT,False,"kickoff is 313.1h away -- outside the configured 24h money-event horizon; research grade 'Reject' is not in the actionable set ['A', 'A+', 'B']; estimated probability 27.7% is below the 50% money-qualification floor; net EV -3.19% is below the 2.00% money-qualification value floor",2026-10-10T14:00:00Z
2026-10-10,football,Scottish Premiership,Falkirk F.C. v Dundee FC,1x2,draw,Betfred (UK),3.6,0.2687423187218353,3.721036585365854,High,0.006489828069828039,7,,0.0,-0.0325276526013929,adequate,0.0,Reject,net EV -3.25% is below the minimum Grade C floor,daily-engine-v1.1.0-odds-api,2026-09-27T12:52:52.264019+00:00,Reject,REJECT,False,"kickoff is 313.1h away -- outside the configured 24h money-event horizon; research grade 'Reject' is not in the actionable set ['A', 'A+', 'B']; estimated probability 26.9% is below the 50% money-qualification floor; net EV -3.25% is below the 2.00% money-qualification value floor",2026-10-10T14:00:00Z
2026-10-10,football,Scottish Premiership,Dundee United v Hibernian,1x2,home,William Hill,2.75,0.3516583889935491,2.843668831168831,High,0.009081389696261308,7,,0.0,-0.03293943026773982,adequate,0.0,Reject,net EV -3.29% is below the minimum Grade C floor,daily-engine-v1.1.0-odds-api,2026-09-27T12:52:52.264019+00:00,Reject,REJECT,False,"kickoff is 313.1h away -- outside the configured 24h money-event horizon; research grade 'Reject' is not in the actionable set ['A', 'A+', 'B']; estimated probability 35.2% is below the 50% money-qualification floor; net EV -3.29% is below the 2.00% money-qualification value floor",2026-10-10T14:00:00Z
2026-10-17,football,Premier League,Newcastle United v Aston Villa,1x2,away,Unibet (UK),3.25,0.2974853394294802,3.36151019044437,High,0.005704981717947423,14,,0.0,-0.033172646854189414,adequate,0.0,Reject,net EV -3.32% is below the minimum Grade C floor,daily-engine-v1.1.0-odds-api,2026-09-27T12:52:52.264019+00:00,Reject,REJECT,False,"kickoff is 483.6h away -- outside the configured 24h money-event horizon; research grade 'Reject' is not in the actionable set ['A', 'A+', 'B']; estimated probability 29.7% is below the 50% money-qualification floor; net EV -3.32% is below the 2.00% money-qualification value floor",2026-10-17T16:30:00Z
2026-10-18,football,Premier League,Brighton and Hove Albion v Crystal Palace,1x2,draw,Betfred (UK),4.5,0.21485046997126211,4.654399872310066,High,0.004602767919035701,14,,0.0,-0.033172885129320484,adequate,0.0,Reject,net EV -3.32% is below the minimum Grade C floor,daily-engine-v1.1.0-odds-api,2026-09-27T12:52:52.264019+00:00,Reject,REJECT,False,"kickoff is 504.1h away -- outside the configured 24h money-event horizon; research grade 'Reject' is not in the actionable set ['A', 'A+', 'B']; estimated probability 21.5% is below the 50% money-qualification floor; net EV -3.32% is below the 2.00% money-qualification value floor",2026-10-18T13:00:00Z
2026-10-17,football,Premier League,Fulham v Hull City,over_under_2_5,under,Grosvenor,2.23,0.4331550802139037,2.308641975308642,Medium,0.009079756887954806,3,,0.0,-0.03406417112299476,adequate,0.0,Reject,net EV -3.41% is below the minimum Grade C floor,daily-engine-v1.1.0-odds-api,2026-09-27T12:52:52.264019+00:00,Reject,REJECT,False,"kickoff is 481.1h away -- outside the configured 24h money-event horizon; research grade 'Reject' is not in the actionable set ['A', 'A+', 'B']; estimated probability 43.3% is below the 60% money-qualification floor (the stricter Medium-confidence floor); net EV -3.41% is below the 5.00% money-qualification value floor (the stricter Medium-confidence floor)",2026-10-17T14:00:00Z
2026-10-11,football,Premier League,Hull City v Everton,over_under_2_5,over,Grosvenor,2.18,0.44297082228116713,2.2574850299401197,Medium,0.010502126570207725,3,,0.0,-0.034323607427055536,adequate,0.0,Reject,net EV -3.43% is below the minimum Grade C floor,daily-engine-v1.1.0-odds-api,2026-09-27T12:52:52.264019+00:00,Reject,REJECT,False,"kickoff is 336.1h away -- outside the configured 24h money-event horizon; research grade 'Reject' is not in the actionable set ['A', 'A+', 'B']; estimated probability 44.3% is below the 60% money-qualification floor (the stricter Medium-confidence floor); net EV -3.43% is below the 5.00% money-qualification value floor (the stricter Medium-confidence floor)",2026-10-11T13:00:00Z
2026-10-17,football,Premier League,Newcastle United v Aston Villa,1x2,home,Betfred (UK),2.15,0.4491431862054027,2.2264614731184604,High,0.008123408068062717,14,,0.0,-0.034342149658384225,adequate,0.0,Reject,net EV -3.43% is below the minimum Grade C floor,daily-engine-v1.1.0-odds-api,2026-09-27T12:52:52.264019+00:00,Reject,REJECT,False,"kickoff is 483.6h away -- outside the configured 24h money-event horizon; research grade 'Reject' is not in the actionable set ['A', 'A+', 'B']; estimated probability 44.9% is below the 50% money-qualification floor; net EV -3.43% is below the 2.00% money-qualification value floor",2026-10-17T16:30:00Z
2026-10-10,football,Scottish Premiership,Dundee United v Hibernian,1x2,away,Betfred (UK),2.5,0.38619626648398697,2.5893569844789357,High,0.002679154840901488,7,,0.0,-0.034509333790032515,adequate,0.0,Reject,net EV -3.45% is below the minimum Grade C floor,daily-engine-v1.1.0-odds-api,2026-09-27T12:52:52.264019+00:00,Reject,REJECT,False,"kickoff is 313.1h away -- outside the configured 24h money-event horizon; research grade 'Reject' is not in the actionable set ['A', 'A+', 'B']; estimated probability 38.6% is below the 50% money-qualification floor; net EV -3.45% is below the 2.00% money-qualification value floor",2026-10-10T14:00:00Z
2026-10-17,football,Premier League,Newcastle United v Aston Villa,1x2,draw,Paddy Power,3.8,0.25384597765396555,3.939396673691505,High,0.00815903148666661,14,,0.0,-0.03538528491493098,adequate,0.0,Reject,net EV -3.54% is below the minimum Grade C floor,daily-engine-v1.1.0-odds-api,2026-09-27T12:52:52.264019+00:00,Reject,REJECT,False,"kickoff is 483.6h away -- outside the configured 24h money-event horizon; research grade 'Reject' is not in the actionable set ['A', 'A+', 'B']; estimated probability 25.4% is below the 50% money-qualification floor; net EV -3.54% is below the 2.00% money-qualification value floor",2026-10-17T16:30:00Z
2026-10-10,football,Championship,Watford v Burnley,1x2,away,Betfair,2.4,0.4019213769259965,2.4880488011069994,High,0.00520413251316916,14,,0.0,-0.03538869537760847,adequate,0.0,Reject,net EV -3.54% is below the minimum Grade C floor,daily-engine-v1.1.0-odds-api,2026-09-27T12:52:52.264019+00:00,Reject,REJECT,False,"kickoff is 313.1h away -- outside the configured 24h money-event horizon; research grade 'Reject' is not in the actionable set ['A', 'A+', 'B']; estimated probability 40.2% is below the 50% money-qualification floor; net EV -3.54% is below the 2.00% money-qualification value floor",2026-10-10T14:00:00Z
2026-10-09,football,Championship,West Ham United v Queens Park Rangers,1x2,home,Betfair,1.56,0.617478718678774,1.6194890119285583,High,0.010850732518956503,14,,0.0,-0.03673319886111248,adequate,0.0,Reject,net EV -3.67% is below the minimum Grade C floor,daily-engine-v1.1.0-odds-api,2026-09-27T12:52:52.264019+00:00,Reject,REJECT,False,"kickoff is 294.1h away -- outside the configured 24h money-event horizon; research grade 'Reject' is not in the actionable set ['A', 'A+', 'B']; net EV -3.67% is below the 2.00% money-qualification value floor",2026-10-09T19:00:00Z
2026-10-10,football,Premier League,Arsenal v Leeds United,1x2,home,Betfair,1.41,0.6822901216256304,1.4656521739130435,High,0.00793950440486568,19,,0.0,-0.03797092850786116,adequate,0.0,Reject,net EV -3.80% is below the minimum Grade C floor,daily-engine-v1.1.0-odds-api,2026-09-27T12:52:52.264019+00:00,Reject,REJECT,False,"kickoff is 310.6h away -- outside the configured 24h money-event horizon; research grade 'Reject' is not in the actionable set ['A', 'A+', 'B']; net EV -3.80% is below the 2.00% money-qualification value floor",2026-10-10T11:30:00Z
2026-10-10,football,Championship,Swansea City v Norwich City,1x2,away,Betfair,2.7,0.3562329570050007,2.8071518379641733,High,0.006421166930800309,14,,0.0,-0.03817101608649809,adequate,0.0,Reject,net EV -3.82% is below the minimum Grade C floor,daily-engine-v1.1.0-odds-api,2026-09-27T12:52:52.264019+00:00,Reject,REJECT,False,"kickoff is 310.6h away -- outside the configured 24h money-event horizon; research grade 'Reject' is not in the actionable set ['A', 'A+', 'B']; estimated probability 35.6% is below the 50% money-qualification floor; net EV -3.82% is below the 2.00% money-qualification value floor",2026-10-10T11:30:00Z
2026-10-11,football,Scottish Premiership,Motherwell v Celtic,1x2,home,Betfred (UK),5.0,0.19230096237970254,5.200181983621474,High,0.002997605937474208,7,,0.0,-0.03849518810148733,adequate,0.0,Reject,net EV -3.85% is below the minimum Grade C floor,daily-engine-v1.1.0-odds-api,2026-09-27T12:52:52.264019+00:00,Reject,REJECT,False,"kickoff is 334.1h away -- outside the configured 24h money-event horizon; research grade 'Reject' is not in the actionable set ['A', 'A+', 'B']; estimated probability 19.2% is below the 50% money-qualification floor; net EV -3.85% is below the 2.00% money-qualification value floor",2026-10-11T11:00:00Z
2026-10-17,football,Premier League,Brentford v Liverpool,1x2,home,Betfair,2.8,0.3432144644323982,2.913630116533059,High,0.009138441257596842,14,,0.0,-0.03899949958928506,adequate,0.0,Reject,net EV -3.90% is below the minimum Grade C floor,daily-engine-v1.1.0-odds-api,2026-09-27T12:52:52.264019+00:00,Reject,REJECT,False,"kickoff is 481.1h away -- outside the configured 24h money-event horizon; research grade 'Reject' is not in the actionable set ['A', 'A+', 'B']; estimated probability 34.3% is below the 50% money-qualification floor; net EV -3.90% is below the 2.00% money-qualification value floor",2026-10-17T14:00:00Z
2026-10-11,football,Premier League,Crystal Palace v Nottingham Forest,1x2,draw,Betfred (UK),3.4,0.28260869565217395,3.538461538461538,High,0.006760938001772975,19,,0.0,-0.03913043478260858,adequate,0.0,Reject,net EV -3.91% is below the minimum Grade C floor,daily-engine-v1.1.0-odds-api,2026-09-27T12:52:52.264019+00:00,Reject,REJECT,False,"kickoff is 336.1h away -- outside the configured 24h money-event horizon; research grade 'Reject' is not in the actionable set ['A', 'A+', 'B']; estimated probability 28.3% is below the 50% money-qualification floor; net EV -3.91% is below the 2.00% money-qualification value floor",2026-10-11T13:00:00Z
2026-10-18,football,Premier League,Nottingham Forest v Arsenal,1x2,away,William Hill,1.62,0.592919717319963,1.6865689751726716,High,0.010153612836101552,14,,0.0,-0.03947005794165992,adequate,0.0,Reject,net EV -3.95% is below the minimum Grade C floor,daily-engine-v1.1.0-odds-api,2026-09-27T12:52:52.264019+00:00,Reject,REJECT,False,"kickoff is 506.6h away -- outside the configured 24h money-event horizon; research grade 'Reject' is not in the actionable set ['A', 'A+', 'B']; net EV -3.95% is below the 2.00% money-qualification value floor",2026-10-18T15:30:00Z
2026-10-10,football,Championship,Swansea City v Norwich City,1x2,home,Betfair,2.56,0.3751980397216719,2.6652591275312005,High,0.008159421941041883,14,,0.0,-0.039493018312519945,adequate,0.0,Reject,net EV -3.95% is below the minimum Grade C floor,daily-engine-v1.1.0-odds-api,2026-09-27T12:52:52.264019+00:00,Reject,REJECT,False,"kickoff is 310.6h away -- outside the configured 24h money-event horizon; research grade 'Reject' is not in the actionable set ['A', 'A+', 'B']; estimated probability 37.5% is below the 50% money-qualification floor; net EV -3.95% is below the 2.00% money-qualification value floor",2026-10-10T11:30:00Z
2026-10-10,football,Championship,Sheffield United v Lincoln City,1x2,home,Betfair,2.04,0.47081961762580116,2.1239556776386954,High,0.007451877589996584,14,,0.0,-0.03952798004336561,adequate,0.0,Reject,net EV -3.95% is below the minimum Grade C floor,daily-engine-v1.1.0-odds-api,2026-09-27T12:52:52.264019+00:00,Reject,REJECT,False,"kickoff is 313.1h away -- outside the configured 24h money-event horizon; research grade 'Reject' is not in the actionable set ['A', 'A+', 'B']; estimated probability 47.1% is below the 50% money-qualification floor; net EV -3.95% is below the 2.00% money-qualification value floor",2026-10-10T14:00:00Z
2026-10-11,football,Championship,Southampton v Portsmouth,1x2,draw,Betfred (UK),4.33,0.22179172926385704,4.50873440285205,High,0.0032972669912322526,13,,0.0,-0.03964181228749897,adequate,0.0,Reject,net EV -3.96% is below the minimum Grade C floor,daily-engine-v1.1.0-odds-api,2026-09-27T12:52:52.264019+00:00,Reject,REJECT,False,"kickoff is 334.1h away -- outside the configured 24h money-event horizon; research grade 'Reject' is not in the actionable set ['A', 'A+', 'B']; estimated probability 22.2% is below the 50% money-qualification floor; net EV -3.96% is below the 2.00% money-qualification value floor",2026-10-11T11:00:00Z
2026-10-10,football,Premier League,Arsenal v Leeds United,over_under_2_5,over,Grosvenor,1.74,0.5510752688172044,1.8146341463414632,Medium,0.005370584018228645,3,,0.0,-0.04112903225806441,adequate,0.0,Reject,net EV -4.11% is below the minimum Grade C floor,daily-engine-v1.1.0-odds-api,2026-09-27T12:52:52.264019+00:00,Reject,REJECT,False,"kickoff is 310.6h away -- outside the configured 24h money-event horizon; research grade 'Reject' is not in the actionable set ['A', 'A+', 'B']; estimated probability 55.1% is below the 60% money-qualification floor (the stricter Medium-confidence floor); net EV -4.11% is below the 5.00% money-qualification value floor (the stricter Medium-confidence floor)",2026-10-10T11:30:00Z
2026-10-10,football,Scottish Premiership,Hearts v St Mirren,1x2,draw,LeoVegas,4.7,0.20399267718594716,4.9021367521367525,High,0.002848082352846038,7,,0.0,-0.04123441722604837,adequate,0.0,Reject,net EV -4.12% is below the minimum Grade C floor,daily-engine-v1.1.0-odds-api,2026-09-27T12:52:52.264019+00:00,Reject,REJECT,False,"kickoff is 313.1h away -- outside the configured 24h money-event horizon; research grade 'Reject' is not in the actionable set ['A', 'A+', 'B']; estimated probability 20.4% is below the 50% money-qualification floor; net EV -4.12% is below the 2.00% money-qualification value floor",2026-10-10T14:00:00Z
2026-10-10,football,Championship,West Bromwich Albion v Birmingham City,1x2,away,Betfair,3.05,0.3139264020898526,3.1854600101898343,High,0.0037364831996651838,14,,0.0,-0.042524473625949466,adequate,0.0,Reject,net EV -4.25% is below the minimum Grade C floor,daily-engine-v1.1.0-odds-api,2026-09-27T12:52:52.264019+00:00,Reject,REJECT,False,"kickoff is 310.6h away -- outside the configured 24h money-event horizon; research grade 'Reject' is not in the actionable set ['A', 'A+', 'B']; estimated probability 31.4% is below the 50% money-qualification floor; net EV -4.25% is below the 2.00% money-qualification value floor",2026-10-10T11:30:00Z
2026-10-18,football,Premier League,Leeds United v Manchester United,over_under_2_5,over,William Hill,1.67,0.5733333333333334,1.744186046511628,Medium,0.008901865324607901,3,,0.0,-0.04253333333333331,adequate,0.0,Reject,net EV -4.25% is below the minimum Grade C floor,daily-engine-v1.1.0-odds-api,2026-09-27T12:52:52.264019+00:00,Reject,REJECT,False,"kickoff is 504.1h away -- outside the configured 24h money-event horizon; research grade 'Reject' is not in the actionable set ['A', 'A+', 'B']; estimated probability 57.3% is below the 60% money-qualification floor (the stricter Medium-confidence floor); net EV -4.25% is below the 5.00% money-qualification value floor (the stricter Medium-confidence floor)",2026-10-18T13:00:00Z
2026-10-10,football,Championship,Watford v Burnley,1x2,draw,Betfred (UK),3.5,0.2734062481643372,3.6575608886557953,High,0.005395270295996955,14,,0.0,-0.043078131424819976,adequate,0.0,Reject,net EV -4.31% is below the minimum Grade C floor,daily-engine-v1.1.0-odds-api,2026-09-27T12:52:52.264019+00:00,Reject,REJECT,False,"kickoff is 313.1h away -- outside the configured 24h money-event horizon; research grade 'Reject' is not in the actionable set ['A', 'A+', 'B']; estimated probability 27.3% is below the 50% money-qualification floor; net EV -4.31% is below the 2.00% money-qualification value floor",2026-10-10T14:00:00Z
2026-10-10,football,Championship,Preston North End v Millwall,1x2,home,Betfair,2.68,0.3561904761904761,2.8074866310160433,Medium,0.028283322990897634,14,,0.0,-0.0454095238095239,adequate,0.0,Reject,net EV -4.54% is below the minimum Grade C floor,daily-engine-v1.1.0-odds-api,2026-09-27T12:52:52.264019+00:00,Reject,REJECT,False,"kickoff is 313.1h away -- outside the configured 24h money-event horizon; research grade 'Reject' is not in the actionable set ['A', 'A+', 'B']; estimated probability 35.6% is below the 60% money-qualification floor (the stricter Medium-confidence floor); Medium-confidence candidates require odds inside the preferred range 1.40-2.50; odds are 2.68; net EV -4.54% is below the 5.00% money-qualification value floor (the stricter Medium-confidence floor)",2026-10-10T14:00:00Z
2026-10-10,football,Championship,Middlesbrough v Wolverhampton Wanderers,1x2,home,Betfred (UK),2.2,0.4337849572094581,2.305289714131646,High,0.004509652476320392,14,,0.0,-0.04567309413919218,adequate,0.0,Reject,net EV -4.57% is below the minimum Grade C floor,daily-engine-v1.1.0-odds-api,2026-09-27T12:52:52.264019+00:00,Reject,REJECT,False,"kickoff is 313.1h away -- outside the configured 24h money-event horizon; research grade 'Reject' is not in the actionable set ['A', 'A+', 'B']; estimated probability 43.4% is below the 50% money-qualification floor; net EV -4.57% is below the 2.00% money-qualification value floor",2026-10-10T14:00:00Z
2026-10-10,football,Championship,Derby County v Wrexham AFC,1x2,home,Unibet (UK),2.75,0.34682080924855485,2.8833333333333337,High,0.017828623952184267,13,,0.0,-0.04624277456647419,adequate,0.0,Reject,net EV -4.62% is below the minimum Grade C floor,daily-engine-v1.1.0-odds-api,2026-09-27T12:52:52.264019+00:00,Reject,REJECT,False,"kickoff is 313.1h away -- outside the configured 24h money-event horizon; research grade 'Reject' is not in the actionable set ['A', 'A+', 'B']; estimated probability 34.7% is below the 50% money-qualification floor; net EV -4.62% is below the 2.00% money-qualification value floor",2026-10-10T14:00:00Z
2026-10-10,football,Championship,Derby County v Wrexham AFC,over_under_2_5,over,William Hill,2.05,0.46524064171123,2.1494252873563218,Medium,0.007437003484519704,3,,0.0,-0.04625668449197856,adequate,0.0,Reject,net EV -4.63% is below the minimum Grade C floor,daily-engine-v1.1.0-odds-api,2026-09-27T12:52:52.264019+00:00,Reject,REJECT,False,"kickoff is 313.1h away -- outside the configured 24h money-event horizon; research grade 'Reject' is not in the actionable set ['A', 'A+', 'B']; estimated probability 46.5% is below the 60% money-qualification floor (the stricter Medium-confidence floor); net EV -4.63% is below the 5.00% money-qualification value floor (the stricter Medium-confidence floor)",2026-10-10T14:00:00Z
2026-10-19,football,Premier League,Tottenham Hotspur v Coventry City,1x2,home,Betfair,1.51,0.6314955953677125,1.5835423197492164,Low,0.08886157022309929,14,,0.0,-0.04644165099475411,adequate,0.0,Reject,net EV -4.64% is below the minimum Grade C floor,daily-engine-v1.1.0-odds-api,2026-09-27T12:52:52.264019+00:00,Reject,REJECT,False,"kickoff is 534.1h away -- outside the configured 24h money-event horizon; research grade 'Reject' is not in the actionable set ['A', 'A+', 'B']; confidence 'Low' is not eligible for real-money qualification (requires one of ['High'], or ['Medium'] with every other requirement strong)",2026-10-19T19:00:00Z
2026-10-10,football,Championship,Blackburn Rovers v Cardiff City,1x2,home,Betfair,2.64,0.36109064112011796,2.7693877551020405,High,0.006212133647869421,13,,0.0,-0.046720707442888476,adequate,0.0,Reject,net EV -4.67% is below the minimum Grade C floor,daily-engine-v1.1.0-odds-api,2026-09-27T12:52:52.264019+00:00,Reject,REJECT,False,"kickoff is 313.1h away -- outside the configured 24h money-event horizon; research grade 'Reject' is not in the actionable set ['A', 'A+', 'B']; estimated probability 36.1% is below the 50% money-qualification floor; net EV -4.67% is below the 2.00% money-qualification value floor",2026-10-10T14:00:00Z
2026-10-10,football,Premier League,Sunderland v Brighton and Hove Albion,over_under_2_5,over,Grosvenor,1.85,0.5148247978436657,1.942408376963351,Medium,0.00727716914877037,3,,0.0,-0.04757412398921834,adequate,0.0,Reject,net EV -4.76% is below the minimum Grade C floor,daily-engine-v1.1.0-odds-api,2026-09-27T12:52:52.264019+00:00,Reject,REJECT,False,"kickoff is 313.1h away -- outside the configured 24h money-event horizon; research grade 'Reject' is not in the actionable set ['A', 'A+', 'B']; estimated probability 51.5% is below the 60% money-qualification floor (the stricter Medium-confidence floor); net EV -4.76% is below the 5.00% money-qualification value floor (the stricter Medium-confidence floor)",2026-10-10T14:00:00Z
2026-10-10,football,Championship,Bolton Wanderers v Stoke City,over_under_2_5,over,William Hill,1.85,0.5148247978436657,1.942408376963351,Medium,0.009960343040775851,3,,0.0,-0.04757412398921834,adequate,0.0,Reject,net EV -4.76% is below the minimum Grade C floor,daily-engine-v1.1.0-odds-api,2026-09-27T12:52:52.264019+00:00,Reject,REJECT,False,"kickoff is 313.1h away -- outside the configured 24h money-event horizon; research grade 'Reject' is not in the actionable set ['A', 'A+', 'B']; estimated probability 51.5% is below the 60% money-qualification floor (the stricter Medium-confidence floor); net EV -4.76% is below the 5.00% money-qualification value floor (the stricter Medium-confidence floor)",2026-10-10T14:00:00Z
2026-10-18,football,Premier League,Brighton and Hove Albion v Crystal Palace,over_under_2_5,under,Grosvenor,2.4,0.39673017337991956,2.5206048521103357,Low,0.005867229217483033,2,,0.0,-0.0478475838881931,adequate,0.0,Reject,data quality is insufficient,daily-engine-v1.1.0-odds-api,2026-09-27T12:52:52.264019+00:00,Reject,REJECT,False,"kickoff is 504.1h away -- outside the configured 24h money-event horizon; research grade 'Reject' is not in the actionable set ['A', 'A+', 'B']; confidence 'Low' is not eligible for real-money qualification (requires one of ['High'], or ['Medium'] with every other requirement strong); data quality did not pass the mechanical data-quality check",2026-10-18T13:00:00Z
2026-10-10,football,Championship,Preston North End v Millwall,1x2,away,888sport,2.62,0.3631746031746032,2.7534965034965033,High,0.018927654192633557,14,,0.0,-0.04848253968253946,adequate,0.0,Reject,net EV -4.85% is below the minimum Grade C floor,daily-engine-v1.1.0-odds-api,2026-09-27T12:52:52.264019+00:00,Reject,REJECT,False,"kickoff is 313.1h away -- outside the configured 24h money-event horizon; research grade 'Reject' is not in the actionable set ['A', 'A+', 'B']; estimated probability 36.3% is below the 50% money-qualification floor; net EV -4.85% is below the 2.00% money-qualification value floor",2026-10-10T14:00:00Z
2026-10-18,football,Premier League,Leeds United v Manchester United,over_under_2_5,under,Grosvenor,2.23,0.4266666666666667,2.34375,Medium,0.008901865324607927,3,,0.0,-0.048533333333333206,adequate,0.0,Reject,net EV -4.85% is below the minimum Grade C floor,daily-engine-v1.1.0-odds-api,2026-09-27T12:52:52.264019+00:00,Reject,REJECT,False,"kickoff is 504.1h away -- outside the configured 24h money-event horizon; research grade 'Reject' is not in the actionable set ['A', 'A+', 'B']; estimated probability 42.7% is below the 60% money-qualification floor (the stricter Medium-confidence floor); net EV -4.85% is below the 5.00% money-qualification value floor (the stricter Medium-confidence floor)",2026-10-18T13:00:00Z
2026-10-10,football,Premier League,Ipswich Town v Fulham,over_under_2_5,over,William Hill,1.75,0.5435356200527705,1.8398058252427185,Medium,0.010042674944563606,3,,0.0,-0.04881266490765168,adequate,0.0,Reject,net EV -4.88% is below the minimum Grade C floor,daily-engine-v1.1.0-odds-api,2026-09-27T12:52:52.264019+00:00,Reject,REJECT,False,"kickoff is 313.1h away -- outside the configured 24h money-event horizon; research grade 'Reject' is not in the actionable set ['A', 'A+', 'B']; estimated probability 54.4% is below the 60% money-qualification floor (the stricter Medium-confidence floor); net EV -4.88% is below the 5.00% money-qualification value floor (the stricter Medium-confidence floor)",2026-10-10T14:00:00Z
2026-10-10,football,Championship,Sheffield United v Lincoln City,1x2,draw,Betfred (UK),3.5,0.2716378378150376,3.681372256691704,High,0.00494947813583616,14,,0.0,-0.049267567647368504,adequate,0.0,Reject,net EV -4.93% is below the minimum Grade C floor,daily-engine-v1.1.0-odds-api,2026-09-27T12:52:52.264019+00:00,Reject,REJECT,False,"kickoff is 313.1h away -- outside the configured 24h money-event horizon; research grade 'Reject' is not in the actionable set ['A', 'A+', 'B']; estimated probability 27.2% is below the 50% money-qualification floor; net EV -4.93% is below the 2.00% money-qualification value floor",2026-10-10T14:00:00Z
2026-10-17,football,Premier League,Brentford v Liverpool,1x2,away,Betfair,2.42,0.39285714285714285,2.5454545454545454,High,0.0061858463139947235,14,,0.0,-0.04928571428571438,adequate,0.0,Reject,net EV -4.93% is below the minimum Grade C floor,daily-engine-v1.1.0-odds-api,2026-09-27T12:52:52.264019+00:00,Reject,REJECT,False,"kickoff is 481.1h away -- outside the configured 24h money-event horizon; research grade 'Reject' is not in the actionable set ['A', 'A+', 'B']; estimated probability 39.3% is below the 50% money-qualification floor; net EV -4.93% is below the 2.00% money-qualification value floor",2026-10-17T14:00:00Z
2026-10-10,football,Championship,Blackburn Rovers v Cardiff City,1x2,away,Betfair,2.52,0.37700956183671325,2.652452619843924,High,0.003517409844443313,13,,0.0,-0.049935904171482526,adequate,0.0,Reject,net EV -4.99% is below the minimum Grade C floor,daily-engine-v1.1.0-odds-api,2026-09-27T12:52:52.264019+00:00,Reject,REJECT,False,"kickoff is 313.1h away -- outside the configured 24h money-event horizon; research grade 'Reject' is not in the actionable set ['A', 'A+', 'B']; estimated probability 37.7% is below the 50% money-qualification floor; net EV -4.99% is below the 2.00% money-qualification value floor",2026-10-10T14:00:00Z
2026-10-11,football,Scottish Premiership,Motherwell v Celtic,1x2,draw,Betfred (UK),4.5,0.21094977866855077,4.740464798359534,High,0.005692843327433391,7,,0.0,-0.0507259959915215,adequate,0.0,Reject,net EV -5.07% is below the minimum Grade C floor,daily-engine-v1.1.0-odds-api,2026-09-27T12:52:52.264019+00:00,Reject,REJECT,False,"kickoff is 334.1h away -- outside the configured 24h money-event horizon; research grade 'Reject' is not in the actionable set ['A', 'A+', 'B']; estimated probability 21.1% is below the 50% money-qualification floor; net EV -5.07% is below the 2.00% money-qualification value floor",2026-10-11T11:00:00Z
2026-10-18,football,Premier League,Bournemouth v Sunderland,over_under_2_5,over,Grosvenor,1.8,0.527027027027027,1.8974358974358976,Medium,0.003312572308261322,3,,0.0,-0.05135135135135144,adequate,0.0,Reject,net EV -5.14% is below the minimum Grade C floor,daily-engine-v1.1.0-odds-api,2026-09-27T12:52:52.264019+00:00,Reject,REJECT,False,"kickoff is 504.1h away -- outside the configured 24h money-event horizon; research grade 'Reject' is not in the actionable set ['A', 'A+', 'B']; estimated probability 52.7% is below the 60% money-qualification floor (the stricter Medium-confidence floor); net EV -5.14% is below the 5.00% money-qualification value floor (the stricter Medium-confidence floor)",2026-10-18T13:00:00Z
2026-10-17,football,Premier League,Manchester City v Ipswich Town,1x2,home,Betfair,1.24,0.764486370907413,1.3080677930373596,High,0.0110776885993159,14,,0.0,-0.05203690007480788,adequate,0.0,Reject,net EV -5.20% is below the minimum Grade C floor,daily-engine-v1.1.0-odds-api,2026-09-27T12:52:52.264019+00:00,Reject,REJECT,False,"kickoff is 481.1h away -- outside the configured 24h money-event horizon; research grade 'Reject' is not in the actionable set ['A', 'A+', 'B']; odds 1.24 are below the configured payout floor of 1.33; net EV -5.20% is below the 2.00% money-qualification value floor",2026-10-17T14:00:00Z
2026-10-17,football,Premier League,Fulham v Hull City,over_under_2_5,over,William Hill,1.67,0.5668449197860962,1.7641509433962266,Medium,0.009079756887954742,3,,0.0,-0.053368983957219396,adequate,0.0,Reject,net EV -5.34% is below the minimum Grade C floor,daily-engine-v1.1.0-odds-api,2026-09-27T12:52:52.264019+00:00,Reject,REJECT,False,"kickoff is 481.1h away -- outside the configured 24h money-event horizon; research grade 'Reject' is not in the actionable set ['A', 'A+', 'B']; estimated probability 56.7% is below the 60% money-qualification floor (the stricter Medium-confidence floor); net EV -5.34% is below the 5.00% money-qualification value floor (the stricter Medium-confidence floor)",2026-10-17T14:00:00Z
2026-10-10,football,Championship,Derby County v Wrexham AFC,over_under_2_5,under,LeoVegas,1.77,0.5347593582887701,1.8699999999999999,Medium,0.007437003484519706,3,,0.0,-0.05347593582887694,adequate,0.0,Reject,net EV -5.35% is below the minimum Grade C floor,daily-engine-v1.1.0-odds-api,2026-09-27T12:52:52.264019+00:00,Reject,REJECT,False,"kickoff is 313.1h away -- outside the configured 24h money-event horizon; research grade 'Reject' is not in the actionable set ['A', 'A+', 'B']; estimated probability 53.5% is below the 60% money-qualification floor (the stricter Medium-confidence floor); net EV -5.35% is below the 5.00% money-qualification value floor (the stricter Medium-confidence floor)",2026-10-10T14:00:00Z
2026-10-11,football,Premier League,Crystal Palace v Nottingham Forest,over_under_2_5,over,Grosvenor,2.06,0.45945945945945943,2.1764705882352944,Medium,0.008982464230592057,3,,0.0,-0.05351351351351358,adequate,0.0,Reject,net EV -5.35% is below the minimum Grade C floor,daily-engine-v1.1.0-odds-api,2026-09-27T12:52:52.264019+00:00,Reject,REJECT,False,"kickoff is 336.1h away -- outside the configured 24h money-event horizon; research grade 'Reject' is not in the actionable set ['A', 'A+', 'B']; estimated probability 45.9% is below the 60% money-qualification floor (the stricter Medium-confidence floor); net EV -5.35% is below the 5.00% money-qualification value floor (the stricter Medium-confidence floor)",2026-10-11T13:00:00Z
2026-10-10,football,Championship,Bolton Wanderers v Stoke City,over_under_2_5,under,Grosvenor,1.95,0.4851752021563342,2.0611111111111113,Medium,0.009960343040775853,3,,0.0,-0.0539083557951483,adequate,0.0,Reject,net EV -5.39% is below the minimum Grade C floor,daily-engine-v1.1.0-odds-api,2026-09-27T12:52:52.264019+00:00,Reject,REJECT,False,"kickoff is 313.1h away -- outside the configured 24h money-event horizon; research grade 'Reject' is not in the actionable set ['A', 'A+', 'B']; estimated probability 48.5% is below the 60% money-qualification floor (the stricter Medium-confidence floor); net EV -5.39% is below the 5.00% money-qualification value floor (the stricter Medium-confidence floor)",2026-10-10T14:00:00Z
2026-10-11,football,Premier League,Crystal Palace v Nottingham Forest,over_under_2_5,under,LeoVegas,1.75,0.5405405405405405,1.8500000000000003,Medium,0.008982464230591942,3,,0.0,-0.05405405405405417,adequate,0.0,Reject,net EV -5.41% is below the minimum Grade C floor,daily-engine-v1.1.0-odds-api,2026-09-27T12:52:52.264019+00:00,Reject,REJECT,False,"kickoff is 336.1h away -- outside the configured 24h money-event horizon; research grade 'Reject' is not in the actionable set ['A', 'A+', 'B']; estimated probability 54.1% is below the 60% money-qualification floor (the stricter Medium-confidence floor); net EV -5.41% is below the 5.00% money-qualification value floor (the stricter Medium-confidence floor)",2026-10-11T13:00:00Z
2026-10-10,football,Championship,Bolton Wanderers v Stoke City,1x2,away,888sport,2.7,0.3502243537088228,2.855312571527798,High,0.007628744999063429,14,,0.0,-0.0543942449861784,adequate,0.0,Reject,net EV -5.44% is below the minimum Grade C floor,daily-engine-v1.1.0-odds-api,2026-09-27T12:52:52.264019+00:00,Reject,REJECT,False,"kickoff is 313.1h away -- outside the configured 24h money-event horizon; research grade 'Reject' is not in the actionable set ['A', 'A+', 'B']; estimated probability 35.0% is below the 50% money-qualification floor; net EV -5.44% is below the 2.00% money-qualification value floor",2026-10-10T14:00:00Z
2026-10-17,football,Premier League,Everton v Chelsea,over_under_2_5,under,Grosvenor,2.25,0.4202127659574468,2.379746835443038,Medium,0.00489942215895629,3,,0.0,-0.05452127659574468,adequate,0.0,Reject,net EV -5.45% is below the minimum Grade C floor,daily-engine-v1.1.0-odds-api,2026-09-27T12:52:52.264019+00:00,Reject,REJECT,False,"kickoff is 478.6h away -- outside the configured 24h money-event horizon; research grade 'Reject' is not in the actionable set ['A', 'A+', 'B']; estimated probability 42.0% is below the 60% money-qualification floor (the stricter Medium-confidence floor); net EV -5.45% is below the 5.00% money-qualification value floor (the stricter Medium-confidence floor)",2026-10-17T11:30:00Z
2026-10-10,football,Championship,Blackburn Rovers v Cardiff City,over_under_2_5,under,LeoVegas,2.2,0.4297082228116711,2.3271604938271606,Medium,0.004944687284421998,3,,0.0,-0.054641909814323486,adequate,0.0,Reject,net EV -5.46% is below the minimum Grade C floor,daily-engine-v1.1.0-odds-api,2026-09-27T12:52:52.264019+00:00,Reject,REJECT,False,"kickoff is 313.1h away -- outside the configured 24h money-event horizon; research grade 'Reject' is not in the actionable set ['A', 'A+', 'B']; estimated probability 43.0% is below the 60% money-qualification floor (the stricter Medium-confidence floor); net EV -5.46% is below the 5.00% money-qualification value floor (the stricter Medium-confidence floor)",2026-10-10T14:00:00Z
2026-10-17,football,Premier League,Newcastle United v Aston Villa,over_under_2_5,under,Grosvenor,2.3,0.4109947643979057,2.4331210191082806,Medium,0.0027601004146304404,3,,0.0,-0.05471204188481693,adequate,0.0,Reject,net EV -5.47% is below the minimum Grade C floor,daily-engine-v1.1.0-odds-api,2026-09-27T12:52:52.264019+00:00,Reject,REJECT,False,"kickoff is 483.6h away -- outside the configured 24h money-event horizon; research grade 'Reject' is not in the actionable set ['A', 'A+', 'B']; estimated probability 41.1% is below the 60% money-qualification floor (the stricter Medium-confidence floor); net EV -5.47% is below the 5.00% money-qualification value floor (the stricter Medium-confidence floor)",2026-10-17T16:30:00Z
2026-10-11,football,Scottish Premiership,Aberdeen v St Johnstone,1x2,away,BoyleSports,3.2,0.29539892810193147,3.3852526359030533,Medium,0.004973188785087359,3,,0.0,-0.0547234300738193,adequate,0.0,Reject,net EV -5.47% is below the minimum Grade C floor,daily-engine-v1.1.0-odds-api,2026-09-27T12:52:52.264019+00:00,Reject,REJECT,False,"kickoff is 336.1h away -- outside the configured 24h money-event horizon; research grade 'Reject' is not in the actionable set ['A', 'A+', 'B']; estimated probability 29.5% is below the 60% money-qualification floor (the stricter Medium-confidence floor); Medium-confidence candidates require odds inside the preferred range 1.40-2.50; odds are 3.20; net EV -5.47% is below the 5.00% money-qualification value floor (the stricter Medium-confidence floor)",2026-10-11T13:00:00Z
2026-10-09,football,Championship,West Ham United v Queens Park Rangers,over_under_2_5,over,William Hill,1.55,0.609704353032285,1.6401391838956547,Low,0.004106388655694626,2,,0.0,-0.05495825279995825,adequate,0.0,Reject,data quality is insufficient,daily-engine-v1.1.0-odds-api,2026-09-27T12:52:52.264019+00:00,Reject,REJECT,False,"kickoff is 294.1h away -- outside the configured 24h money-event horizon; research grade 'Reject' is not in the actionable set ['A', 'A+', 'B']; confidence 'Low' is not eligible for real-money qualification (requires one of ['High'], or ['Medium'] with every other requirement strong); data quality did not pass the mechanical data-quality check",2026-10-09T19:00:00Z
2026-10-10,football,Scottish Premiership,Falkirk F.C. v Dundee FC,1x2,away,William Hill,3.4,0.27754795035727714,3.6029810298102984,High,0.006802409507076808,7,,0.0,-0.056336968785257846,adequate,0.0,Reject,net EV -5.63% is below the minimum Grade C floor,daily-engine-v1.1.0-odds-api,2026-09-27T12:52:52.264019+00:00,Reject,REJECT,False,"kickoff is 313.1h away -- outside the configured 24h money-event horizon; research grade 'Reject' is not in the actionable set ['A', 'A+', 'B']; estimated probability 27.8% is below the 50% money-qualification floor; net EV -5.63% is below the 2.00% money-qualification value floor",2026-10-10T14:00:00Z
2026-10-10,football,Championship,Derby County v Wrexham AFC,1x2,away,Betfred (UK),2.6,0.36271020553430017,2.757021955108549,High,0.013133371726836806,13,,0.0,-0.0569534656108196,adequate,0.0,Reject,net EV -5.70% is below the minimum Grade C floor,daily-engine-v1.1.0-odds-api,2026-09-27T12:52:52.264019+00:00,Reject,REJECT,False,"kickoff is 313.1h away -- outside the configured 24h money-event horizon; research grade 'Reject' is not in the actionable set ['A', 'A+', 'B']; estimated probability 36.3% is below the 50% money-qualification floor; net EV -5.70% is below the 2.00% money-qualification value floor",2026-10-10T14:00:00Z
2026-10-17,football,Premier League,Newcastle United v Aston Villa,over_under_2_5,over,Grosvenor,1.6,0.5890052356020942,1.697777777777778,Medium,0.0027601004146303627,3,,0.0,-0.057591623036649275,adequate,0.0,Reject,net EV -5.76% is below the minimum Grade C floor,daily-engine-v1.1.0-odds-api,2026-09-27T12:52:52.264019+00:00,Reject,REJECT,False,"kickoff is 483.6h away -- outside the configured 24h money-event horizon; research grade 'Reject' is not in the actionable set ['A', 'A+', 'B']; estimated probability 58.9% is below the 60% money-qualification floor (the stricter Medium-confidence floor); net EV -5.76% is below the 5.00% money-qualification value floor (the stricter Medium-confidence floor)",2026-10-17T16:30:00Z
2026-10-10,football,Championship,Swansea City v Norwich City,over_under_2_5,under,Grosvenor,2.06,0.4569892473118279,2.1882352941176473,Medium,0.004790299095753209,3,,0.0,-0.05860215053763451,adequate,0.0,Reject,net EV -5.86% is below the minimum Grade C floor,daily-engine-v1.1.0-odds-api,2026-09-27T12:52:52.264019+00:00,Reject,REJECT,False,"kickoff is 310.6h away -- outside the configured 24h money-event horizon; research grade 'Reject' is not in the actionable set ['A', 'A+', 'B']; estimated probability 45.7% is below the 60% money-qualification floor (the stricter Medium-confidence floor); net EV -5.86% is below the 5.00% money-qualification value floor (the stricter Medium-confidence floor)",2026-10-10T11:30:00Z
2026-10-10,football,Premier League,Aston Villa v Brentford,over_under_2_5,under,Grosvenor,2.14,0.4397905759162304,2.2738095238095237,Medium,0.012461197037261514,3,,0.0,-0.058848167539266916,adequate,0.0,Reject,net EV -5.88% is below the minimum Grade C floor,daily-engine-v1.1.0-odds-api,2026-09-27T12:52:52.264019+00:00,Reject,REJECT,False,"kickoff is 313.1h away -- outside the configured 24h money-event horizon; research grade 'Reject' is not in the actionable set ['A', 'A+', 'B']; estimated probability 44.0% is below the 60% money-qualification floor (the stricter Medium-confidence floor); net EV -5.88% is below the 5.00% money-qualification value floor (the stricter Medium-confidence floor)",2026-10-10T14:00:00Z
2026-10-10,football,Premier League,Ipswich Town v Fulham,over_under_2_5,under,Grosvenor,2.06,0.4564643799472295,2.1907514450867054,Medium,0.010042674944563547,3,,0.0,-0.059683377308707264,adequate,0.0,Reject,net EV -5.97% is below the minimum Grade C floor,daily-engine-v1.1.0-odds-api,2026-09-27T12:52:52.264019+00:00,Reject,REJECT,False,"kickoff is 313.1h away -- outside the configured 24h money-event horizon; research grade 'Reject' is not in the actionable set ['A', 'A+', 'B']; estimated probability 45.6% is below the 60% money-qualification floor (the stricter Medium-confidence floor); net EV -5.97% is below the 5.00% money-qualification value floor (the stricter Medium-confidence floor)",2026-10-10T14:00:00Z
2026-10-10,football,Championship,Swansea City v Norwich City,over_under_2_5,over,William Hill,1.73,0.543010752688172,1.8415841584158417,Medium,0.004790299095753223,3,,0.0,-0.060591397849462436,adequate,0.0,Reject,net EV -6.06% is below the minimum Grade C floor,daily-engine-v1.1.0-odds-api,2026-09-27T12:52:52.264019+00:00,Reject,REJECT,False,"kickoff is 310.6h away -- outside the configured 24h money-event horizon; research grade 'Reject' is not in the actionable set ['A', 'A+', 'B']; estimated probability 54.3% is below the 60% money-qualification floor (the stricter Medium-confidence floor); net EV -6.06% is below the 5.00% money-qualification value floor (the stricter Medium-confidence floor)",2026-10-10T11:30:00Z
2026-10-10,football,Championship,Charlton Athletic v Bristol City,1x2,away,Betfred (UK),2.3,0.40841400884708,2.44849583593599,High,0.005378727937764459,14,,0.0,-0.06064777965171608,adequate,0.0,Reject,net EV -6.06% is below the minimum Grade C floor,daily-engine-v1.1.0-odds-api,2026-09-27T12:52:52.264019+00:00,Reject,REJECT,False,"kickoff is 310.6h away -- outside the configured 24h money-event horizon; research grade 'Reject' is not in the actionable set ['A', 'A+', 'B']; estimated probability 40.8% is below the 50% money-qualification floor; net EV -6.06% is below the 2.00% money-qualification value floor",2026-10-10T11:30:00Z
2026-10-17,football,Premier League,Everton v Chelsea,over_under_2_5,over,William Hill,1.62,0.5797872340425532,1.724770642201835,Medium,0.004899422158956296,3,,0.0,-0.060744680851063826,adequate,0.0,Reject,net EV -6.07% is below the minimum Grade C floor,daily-engine-v1.1.0-odds-api,2026-09-27T12:52:52.264019+00:00,Reject,REJECT,False,"kickoff is 478.6h away -- outside the configured 24h money-event horizon; research grade 'Reject' is not in the actionable set ['A', 'A+', 'B']; estimated probability 58.0% is below the 60% money-qualification floor (the stricter Medium-confidence floor); net EV -6.07% is below the 5.00% money-qualification value floor (the stricter Medium-confidence floor)",2026-10-17T11:30:00Z
2026-10-10,football,Scottish Premiership,Falkirk F.C. v Dundee FC,over_under_2_5,over,William Hill,1.73,0.5428954423592494,1.8419753086419752,Low,0.006702412868632657,2,,0.0,-0.06079088471849864,adequate,0.0,Reject,data quality is insufficient,daily-engine-v1.1.0-odds-api,2026-09-27T12:52:52.264019+00:00,Reject,REJECT,False,"kickoff is 313.1h away -- outside the configured 24h money-event horizon; research grade 'Reject' is not in the actionable set ['A', 'A+', 'B']; confidence 'Low' is not eligible for real-money qualification (requires one of ['High'], or ['Medium'] with every other requirement strong); data quality did not pass the mechanical data-quality check",2026-10-10T14:00:00Z
2026-10-11,football,Premier League,Liverpool v Manchester City,over_under_2_5,under,Grosvenor,2.3,0.4083397594599348,2.4489410517422745,Low,0.0026550049379709395,2,,0.0,-0.06081855324215013,adequate,0.0,Reject,data quality is insufficient,daily-engine-v1.1.0-odds-api,2026-09-27T12:52:52.264019+00:00,Reject,REJECT,False,"kickoff is 338.6h away -- outside the configured 24h money-event horizon; research grade 'Reject' is not in the actionable set ['A', 'A+', 'B']; confidence 'Low' is not eligible for real-money qualification (requires one of ['High'], or ['Medium'] with every other requirement strong); data quality did not pass the mechanical data-quality check",2026-10-11T15:30:00Z
2026-10-10,football,Championship,Charlton Athletic v Bristol City,over_under_2_5,under,LeoVegas,1.73,0.5423280423280423,1.8439024390243903,Medium,0.004124821287292603,3,,0.0,-0.06177248677248681,adequate,0.0,Reject,net EV -6.18% is below the minimum Grade C floor,daily-engine-v1.1.0-odds-api,2026-09-27T12:52:52.264019+00:00,Reject,REJECT,False,"kickoff is 310.6h away -- outside the configured 24h money-event horizon; research grade 'Reject' is not in the actionable set ['A', 'A+', 'B']; estimated probability 54.2% is below the 60% money-qualification floor (the stricter Medium-confidence floor); net EV -6.18% is below the 5.00% money-qualification value floor (the stricter Medium-confidence floor)",2026-10-10T11:30:00Z
2026-10-10,football,Championship,Charlton Athletic v Bristol City,over_under_2_5,over,William Hill,2.05,0.4576719576719577,2.184971098265896,Medium,0.004124821287292589,3,,0.0,-0.06177248677248687,adequate,0.0,Reject,net EV -6.18% is below the minimum Grade C floor,daily-engine-v1.1.0-odds-api,2026-09-27T12:52:52.264019+00:00,Reject,REJECT,False,"kickoff is 310.6h away -- outside the configured 24h money-event horizon; research grade 'Reject' is not in the actionable set ['A', 'A+', 'B']; estimated probability 45.8% is below the 60% money-qualification floor (the stricter Medium-confidence floor); net EV -6.18% is below the 5.00% money-qualification value floor (the stricter Medium-confidence floor)",2026-10-10T11:30:00Z
2026-10-10,football,Championship,Middlesbrough v Wolverhampton Wanderers,over_under_2_5,over,Grosvenor,1.57,0.5974025974025974,1.673913043478261,Medium,0.003958554315475132,3,,0.0,-0.062077922077922065,adequate,0.0,Reject,net EV -6.21% is below the minimum Grade C floor,daily-engine-v1.1.0-odds-api,2026-09-27T12:52:52.264019+00:00,Reject,REJECT,False,"kickoff is 313.1h away -- outside the configured 24h money-event horizon; research grade 'Reject' is not in the actionable set ['A', 'A+', 'B']; estimated probability 59.7% is below the 60% money-qualification floor (the stricter Medium-confidence floor); net EV -6.21% is below the 5.00% money-qualification value floor (the stricter Medium-confidence floor)",2026-10-10T14:00:00Z
2026-10-11,football,Championship,Southampton v Portsmouth,over_under_2_5,under,William Hill,2.2,0.4263157894736842,2.345679012345679,Medium,0.0024740765162913863,3,,0.0,-0.06210526315789466,adequate,0.0,Reject,net EV -6.21% is below the minimum Grade C floor,daily-engine-v1.1.0-odds-api,2026-09-27T12:52:52.264019+00:00,Reject,REJECT,False,"kickoff is 334.1h away -- outside the configured 24h money-event horizon; research grade 'Reject' is not in the actionable set ['A', 'A+', 'B']; estimated probability 42.6% is below the 60% money-qualification floor (the stricter Medium-confidence floor); net EV -6.21% is below the 5.00% money-qualification value floor (the stricter Medium-confidence floor)",2026-10-11T11:00:00Z
2026-10-12,football,Premier League,Coventry City v Newcastle United,over_under_2_5,over,Grosvenor,1.68,0.5578947368421052,1.7924528301886793,Medium,0.004437263416639526,3,,0.0,-0.06273684210526326,adequate,0.0,Reject,net EV -6.27% is below the minimum Grade C floor,daily-engine-v1.1.0-odds-api,2026-09-27T12:52:52.264019+00:00,Reject,REJECT,False,"kickoff is 366.1h away -- outside the configured 24h money-event horizon; research grade 'Reject' is not in the actionable set ['A', 'A+', 'B']; estimated probability 55.8% is below the 60% money-qualification floor (the stricter Medium-confidence floor); net EV -6.27% is below the 5.00% money-qualification value floor (the stricter Medium-confidence floor)",2026-10-12T19:00:00Z
2026-10-12,football,Premier League,Coventry City v Newcastle United,over_under_2_5,under,LeoVegas,2.12,0.44210526315789467,2.2619047619047623,Medium,0.004437263416639586,3,,0.0,-0.06273684210526326,adequate,0.0,Reject,net EV -6.27% is below the minimum Grade C floor,daily-engine-v1.1.0-odds-api,2026-09-27T12:52:52.264019+00:00,Reject,REJECT,False,"kickoff is 366.1h away -- outside the configured 24h money-event horizon; research grade 'Reject' is not in the actionable set ['A', 'A+', 'B']; estimated probability 44.2% is below the 60% money-qualification floor (the stricter Medium-confidence floor); net EV -6.27% is below the 5.00% money-qualification value floor (the stricter Medium-confidence floor)",2026-10-12T19:00:00Z
2026-10-10,football,Scottish Premiership,Falkirk F.C. v Dundee FC,over_under_2_5,under,LeoVegas,2.05,0.4571045576407507,2.187683284457478,Low,0.006702412868632712,2,,0.0,-0.06293565683646118,adequate,0.0,Reject,data quality is insufficient,daily-engine-v1.1.0-odds-api,2026-09-27T12:52:52.264019+00:00,Reject,REJECT,False,"kickoff is 313.1h away -- outside the configured 24h money-event horizon; research grade 'Reject' is not in the actionable set ['A', 'A+', 'B']; confidence 'Low' is not eligible for real-money qualification (requires one of ['High'], or ['Medium'] with every other requirement strong); data quality did not pass the mechanical data-quality check",2026-10-10T14:00:00Z
2026-10-09,football,Championship,West Ham United v Queens Park Rangers,over_under_2_5,under,Grosvenor,2.4,0.39029564696771507,2.562160269450095,Low,0.004106388655694626,2,,0.0,-0.0632904472774839,adequate,0.0,Reject,data quality is insufficient,daily-engine-v1.1.0-odds-api,2026-09-27T12:52:52.264019+00:00,Reject,REJECT,False,"kickoff is 294.1h away -- outside the configured 24h money-event horizon; research grade 'Reject' is not in the actionable set ['A', 'A+', 'B']; confidence 'Low' is not eligible for real-money qualification (requires one of ['High'], or ['Medium'] with every other requirement strong); data quality did not pass the mechanical data-quality check",2026-10-09T19:00:00Z
2026-10-11,football,Premier League,Hull City v Everton,over_under_2_5,under,LeoVegas,1.68,0.557029177718833,1.7952380952380949,Medium,0.010502126570207706,3,,0.0,-0.06419098143236063,adequate,0.0,Reject,net EV -6.42% is below the minimum Grade C floor,daily-engine-v1.1.0-odds-api,2026-09-27T12:52:52.264019+00:00,Reject,REJECT,False,"kickoff is 336.1h away -- outside the configured 24h money-event horizon; research grade 'Reject' is not in the actionable set ['A', 'A+', 'B']; estimated probability 55.7% is below the 60% money-qualification floor (the stricter Medium-confidence floor); net EV -6.42% is below the 5.00% money-qualification value floor (the stricter Medium-confidence floor)",2026-10-11T13:00:00Z
2026-10-10,football,Scottish Premiership,Dundee United v Hibernian,over_under_2_5,under,LeoVegas,2.3,0.40679608349765417,2.4582340896744808,Low,0.00419868090025155,2,,0.0,-0.06436900795539546,adequate,0.0,Reject,data quality is insufficient,daily-engine-v1.1.0-odds-api,2026-09-27T12:52:52.264019+00:00,Reject,REJECT,False,"kickoff is 313.1h away -- outside the configured 24h money-event horizon; research grade 'Reject' is not in the actionable set ['A', 'A+', 'B']; confidence 'Low' is not eligible for real-money qualification (requires one of ['High'], or ['Medium'] with every other requirement strong); data quality did not pass the mechanical data-quality check",2026-10-10T14:00:00Z
2026-10-10,football,Championship,Blackburn Rovers v Cardiff City,over_under_2_5,over,Grosvenor,1.64,0.5702917771883289,1.7534883720930232,Medium,0.004944687284421998,3,,0.0,-0.06472148541114064,adequate,0.0,Reject,net EV -6.47% is below the minimum Grade C floor,daily-engine-v1.1.0-odds-api,2026-09-27T12:52:52.264019+00:00,Reject,REJECT,False,"kickoff is 313.1h away -- outside the configured 24h money-event horizon; research grade 'Reject' is not in the actionable set ['A', 'A+', 'B']; estimated probability 57.0% is below the 60% money-qualification floor (the stricter Medium-confidence floor); net EV -6.47% is below the 5.00% money-qualification value floor (the stricter Medium-confidence floor)",2026-10-10T14:00:00Z
2026-10-11,football,Championship,Southampton v Portsmouth,over_under_2_5,over,Grosvenor,1.63,0.5736842105263158,1.7431192660550459,Medium,0.0024740765162913824,3,,0.0,-0.06489473684210534,adequate,0.0,Reject,net EV -6.49% is below the minimum Grade C floor,daily-engine-v1.1.0-odds-api,2026-09-27T12:52:52.264019+00:00,Reject,REJECT,False,"kickoff is 334.1h away -- outside the configured 24h money-event horizon; research grade 'Reject' is not in the actionable set ['A', 'A+', 'B']; estimated probability 57.4% is below the 60% money-qualification floor (the stricter Medium-confidence floor); net EV -6.49% is below the 5.00% money-qualification value floor (the stricter Medium-confidence floor)",2026-10-11T11:00:00Z
2026-10-18,football,Premier League,Brighton and Hove Albion v Crystal Palace,over_under_2_5,over,William Hill,1.55,0.6032698266200804,1.6576330455687902,Low,0.005867229217483005,2,,0.0,-0.0649317687388753,adequate,0.0,Reject,data quality is insufficient,daily-engine-v1.1.0-odds-api,2026-09-27T12:52:52.264019+00:00,Reject,REJECT,False,"kickoff is 504.1h away -- outside the configured 24h money-event horizon; research grade 'Reject' is not in the actionable set ['A', 'A+', 'B']; confidence 'Low' is not eligible for real-money qualification (requires one of ['High'], or ['Medium'] with every other requirement strong); data quality did not pass the mechanical data-quality check",2026-10-18T13:00:00Z
2026-10-10,football,Scottish Premiership,Rangers v Kilmarnock,1x2,home,William Hill,1.15,0.8130081300813009,1.2299999999999998,High,0.01336868764292527,7,,0.0,-0.06504065040650403,adequate,0.0,Reject,net EV -6.50% is below the minimum Grade C floor,daily-engine-v1.1.0-odds-api,2026-09-27T12:52:52.264019+00:00,Reject,REJECT,False,"kickoff is 313.1h away -- outside the configured 24h money-event horizon; research grade 'Reject' is not in the actionable set ['A', 'A+', 'B']; odds 1.15 are below the configured payout floor of 1.33; net EV -6.50% is below the 2.00% money-qualification value floor",2026-10-10T14:00:00Z
2026-10-11,football,Scottish Premiership,Motherwell v Celtic,1x2,away,William Hill,1.57,0.5953253895508709,1.6797536566589681,High,0.006390221897356163,7,,0.0,-0.06533913840513267,adequate,0.0,Reject,net EV -6.53% is below the minimum Grade C floor,daily-engine-v1.1.0-odds-api,2026-09-27T12:52:52.264019+00:00,Reject,REJECT,False,"kickoff is 334.1h away -- outside the configured 24h money-event horizon; research grade 'Reject' is not in the actionable set ['A', 'A+', 'B']; net EV -6.53% is below the 2.00% money-qualification value floor",2026-10-11T11:00:00Z
2026-10-10,football,Scottish Premiership,Rangers v Kilmarnock,over_under_2_5,under,William Hill,3.3,0.28260869565217395,3.538461538461538,Low,0.0,1,,0.0,-0.06739130434782603,adequate,0.0,Reject,data quality is insufficient,daily-engine-v1.1.0-odds-api,2026-09-27T12:52:52.264019+00:00,Reject,REJECT,False,"kickoff is 313.1h away -- outside the configured 24h money-event horizon; research grade 'Reject' is not in the actionable set ['A', 'A+', 'B']; confidence 'Low' is not eligible for real-money qualification (requires one of ['High'], or ['Medium'] with every other requirement strong); data quality did not pass the mechanical data-quality check",2026-10-10T14:00:00Z
2026-10-10,football,Scottish Premiership,Rangers v Kilmarnock,over_under_2_5,over,William Hill,1.3,0.717391304347826,1.393939393939394,Low,0.0,1,,0.0,-0.06739130434782609,adequate,0.0,Reject,data quality is insufficient,daily-engine-v1.1.0-odds-api,2026-09-27T12:52:52.264019+00:00,Reject,REJECT,False,"kickoff is 313.1h away -- outside the configured 24h money-event horizon; research grade 'Reject' is not in the actionable set ['A', 'A+', 'B']; confidence 'Low' is not eligible for real-money qualification (requires one of ['High'], or ['Medium'] with every other requirement strong); data quality did not pass the mechanical data-quality check; odds 1.30 are below the configured payout floor of 1.33",2026-10-10T14:00:00Z
2026-10-10,football,Championship,Watford v Burnley,over_under_2_5,under,Grosvenor,1.96,0.47580645161290325,2.101694915254237,Medium,0.01208847451902513,3,,0.0,-0.06741935483870964,adequate,0.0,Reject,net EV -6.74% is below the minimum Grade C floor,daily-engine-v1.1.0-odds-api,2026-09-27T12:52:52.264019+00:00,Reject,REJECT,False,"kickoff is 313.1h away -- outside the configured 24h money-event horizon; research grade 'Reject' is not in the actionable set ['A', 'A+', 'B']; estimated probability 47.6% is below the 60% money-qualification floor (the stricter Medium-confidence floor); net EV -6.74% is below the 5.00% money-qualification value floor (the stricter Medium-confidence floor)",2026-10-10T14:00:00Z
2026-10-10,football,Championship,West Bromwich Albion v Birmingham City,over_under_2_5,under,Grosvenor,1.97,0.47297297297297297,2.1142857142857143,Medium,0.0005294377271401161,3,,0.0,-0.06824324324324321,adequate,0.0,Reject,net EV -6.82% is below the minimum Grade C floor,daily-engine-v1.1.0-odds-api,2026-09-27T12:52:52.264019+00:00,Reject,REJECT,False,"kickoff is 310.6h away -- outside the configured 24h money-event horizon; research grade 'Reject' is not in the actionable set ['A', 'A+', 'B']; estimated probability 47.3% is below the 60% money-qualification floor (the stricter Medium-confidence floor); net EV -6.82% is below the 5.00% money-qualification value floor (the stricter Medium-confidence floor)",2026-10-10T11:30:00Z
2026-10-10,football,Premier League,Sunderland v Brighton and Hove Albion,over_under_2_5,under,LeoVegas,1.92,0.4851752021563342,2.0611111111111113,Medium,0.007277169148770305,3,,0.0,-0.06846361185983835,adequate,0.0,Reject,net EV -6.85% is below the minimum Grade C floor,daily-engine-v1.1.0-odds-api,2026-09-27T12:52:52.264019+00:00,Reject,REJECT,False,"kickoff is 313.1h away -- outside the configured 24h money-event horizon; research grade 'Reject' is not in the actionable set ['A', 'A+', 'B']; estimated probability 48.5% is below the 60% money-qualification floor (the stricter Medium-confidence floor); net EV -6.85% is below the 5.00% money-qualification value floor (the stricter Medium-confidence floor)",2026-10-10T14:00:00Z
2026-10-10,football,Scottish Premiership,Dundee United v Hibernian,over_under_2_5,over,William Hill,1.57,0.5932039165023457,1.685760953663639,Low,0.004198680900251606,2,,0.0,-0.06866985109131718,adequate,0.0,Reject,data quality is insufficient,daily-engine-v1.1.0-odds-api,2026-09-27T12:52:52.264019+00:00,Reject,REJECT,False,"kickoff is 313.1h away -- outside the configured 24h money-event horizon; research grade 'Reject' is not in the actionable set ['A', 'A+', 'B']; confidence 'Low' is not eligible for real-money qualification (requires one of ['High'], or ['Medium'] with every other requirement strong); data quality did not pass the mechanical data-quality check",2026-10-10T14:00:00Z
2026-10-17,football,Premier League,Manchester City v Ipswich Town,over_under_2_5,over,William Hill,1.35,0.6896551724137931,1.45,Low,0.0,1,,0.0,-0.0689655172413792,adequate,0.0,Reject,data quality is insufficient,daily-engine-v1.1.0-odds-api,2026-09-27T12:52:52.264019+00:00,Reject,REJECT,False,"kickoff is 481.1h away -- outside the configured 24h money-event horizon; research grade 'Reject' is not in the actionable set ['A', 'A+', 'B']; confidence 'Low' is not eligible for real-money qualification (requires one of ['High'], or ['Medium'] with every other requirement strong); data quality did not pass the mechanical data-quality check",2026-10-17T14:00:00Z
2026-10-17,football,Premier League,Manchester City v Ipswich Town,over_under_2_5,under,William Hill,3.0,0.3103448275862069,3.2222222222222223,Low,0.0,1,,0.0,-0.06896551724137934,adequate,0.0,Reject,data quality is insufficient,daily-engine-v1.1.0-odds-api,2026-09-27T12:52:52.264019+00:00,Reject,REJECT,False,"kickoff is 481.1h away -- outside the configured 24h money-event horizon; research grade 'Reject' is not in the actionable set ['A', 'A+', 'B']; confidence 'Low' is not eligible for real-money qualification (requires one of ['High'], or ['Medium'] with every other requirement strong); data quality did not pass the mechanical data-quality check",2026-10-17T14:00:00Z
2026-10-11,football,Scottish Premiership,Aberdeen v St Johnstone,1x2,draw,LeoVegas,3.35,0.2778240933722384,3.599399849962491,Medium,0.0013435013018621427,3,,0.0,-0.06928928720300132,adequate,0.0,Reject,net EV -6.93% is below the minimum Grade C floor,daily-engine-v1.1.0-odds-api,2026-09-27T12:52:52.264019+00:00,Reject,REJECT,False,"kickoff is 336.1h away -- outside the configured 24h money-event horizon; research grade 'Reject' is not in the actionable set ['A', 'A+', 'B']; estimated probability 27.8% is below the 60% money-qualification floor (the stricter Medium-confidence floor); Medium-confidence candidates require odds inside the preferred range 1.40-2.50; odds are 3.35; net EV -6.93% is below the 5.00% money-qualification value floor (the stricter Medium-confidence floor)",2026-10-11T13:00:00Z
2026-10-11,football,Scottish Premiership,Aberdeen v St Johnstone,1x2,home,LeoVegas,2.18,0.42683790069774497,2.3428097607202085,Medium,0.00363173626403841,3,,0.0,-0.06949337647891596,adequate,0.0,Reject,net EV -6.95% is below the minimum Grade C floor,daily-engine-v1.1.0-odds-api,2026-09-27T12:52:52.264019+00:00,Reject,REJECT,False,"kickoff is 336.1h away -- outside the configured 24h money-event horizon; research grade 'Reject' is not in the actionable set ['A', 'A+', 'B']; estimated probability 42.7% is below the 60% money-qualification floor (the stricter Medium-confidence floor); net EV -6.95% is below the 5.00% money-qualification value floor (the stricter Medium-confidence floor)",2026-10-11T13:00:00Z
2026-10-19,football,Premier League,Tottenham Hotspur v Coventry City,over_under_2_5,over,William Hill,1.55,0.5997484191201468,1.6673657955898196,Low,0.0023458217175494345,2,,0.0,-0.07038995036377249,adequate,0.0,Reject,data quality is insufficient,daily-engine-v1.1.0-odds-api,2026-09-27T12:52:52.264019+00:00,Reject,REJECT,False,"kickoff is 534.1h away -- outside the configured 24h money-event horizon; research grade 'Reject' is not in the actionable set ['A', 'A+', 'B']; confidence 'Low' is not eligible for real-money qualification (requires one of ['High'], or ['Medium'] with every other requirement strong); data quality did not pass the mechanical data-quality check",2026-10-19T19:00:00Z
2026-10-10,football,Championship,Preston North End v Millwall,over_under_2_5,under,Grosvenor,1.91,0.4865591397849462,2.0552486187845305,Medium,0.011395004998540226,3,,0.0,-0.07067204301075275,adequate,0.0,Reject,net EV -7.07% is below the minimum Grade C floor,daily-engine-v1.1.0-odds-api,2026-09-27T12:52:52.264019+00:00,Reject,REJECT,False,"kickoff is 313.1h away -- outside the configured 24h money-event horizon; research grade 'Reject' is not in the actionable set ['A', 'A+', 'B']; estimated probability 48.7% is below the 60% money-qualification floor (the stricter Medium-confidence floor); net EV -7.07% is below the 5.00% money-qualification value floor (the stricter Medium-confidence floor)",2026-10-10T14:00:00Z
2026-10-11,football,Scottish Premiership,Motherwell v Celtic,over_under_2_5,under,William Hill,2.62,0.35467980295566504,2.819444444444444,Low,0.0,1,,0.0,-0.07073891625615758,adequate,0.0,Reject,data quality is insufficient,daily-engine-v1.1.0-odds-api,2026-09-27T12:52:52.264019+00:00,Reject,REJECT,False,"kickoff is 334.1h away -- outside the configured 24h money-event horizon; research grade 'Reject' is not in the actionable set ['A', 'A+', 'B']; confidence 'Low' is not eligible for real-money qualification (requires one of ['High'], or ['Medium'] with every other requirement strong); data quality did not pass the mechanical data-quality check",2026-10-11T11:00:00Z
2026-10-11,football,Scottish Premiership,Motherwell v Celtic,over_under_2_5,over,William Hill,1.44,0.645320197044335,1.549618320610687,Low,0.0,1,,0.0,-0.07073891625615769,adequate,0.0,Reject,data quality is insufficient,daily-engine-v1.1.0-odds-api,2026-09-27T12:52:52.264019+00:00,Reject,REJECT,False,"kickoff is 334.1h away -- outside the configured 24h money-event horizon; research grade 'Reject' is not in the actionable set ['A', 'A+', 'B']; confidence 'Low' is not eligible for real-money qualification (requires one of ['High'], or ['Medium'] with every other requirement strong); data quality did not pass the mechanical data-quality check",2026-10-11T11:00:00Z
2026-10-11,football,Premier League,Liverpool v Manchester City,over_under_2_5,over,William Hill,1.57,0.5916602405400652,1.6901592019893104,Low,0.002655004937970995,2,,0.0,-0.07109342235209765,adequate,0.0,Reject,data quality is insufficient,daily-engine-v1.1.0-odds-api,2026-09-27T12:52:52.264019+00:00,Reject,REJECT,False,"kickoff is 338.6h away -- outside the configured 24h money-event horizon; research grade 'Reject' is not in the actionable set ['A', 'A+', 'B']; confidence 'Low' is not eligible for real-money qualification (requires one of ['High'], or ['Medium'] with every other requirement strong); data quality did not pass the mechanical data-quality check",2026-10-11T15:30:00Z
2026-10-10,football,Championship,West Bromwich Albion v Birmingham City,over_under_2_5,over,Grosvenor,1.76,0.527027027027027,1.8974358974358976,Medium,0.0005294377271402208,3,,0.0,-0.07243243243243253,adequate,0.0,Reject,net EV -7.24% is below the minimum Grade C floor,daily-engine-v1.1.0-odds-api,2026-09-27T12:52:52.264019+00:00,Reject,REJECT,False,"kickoff is 310.6h away -- outside the configured 24h money-event horizon; research grade 'Reject' is not in the actionable set ['A', 'A+', 'B']; estimated probability 52.7% is below the 60% money-qualification floor (the stricter Medium-confidence floor); net EV -7.24% is below the 5.00% money-qualification value floor (the stricter Medium-confidence floor)",2026-10-10T11:30:00Z
2026-10-11,football,Scottish Premiership,Aberdeen v St Johnstone,over_under_2_5,over,LeoVegas,1.88,0.4932614555256065,2.0273224043715845,Low,0.0,1,,0.0,-0.0726684636118598,adequate,0.0,Reject,data quality is insufficient,daily-engine-v1.1.0-odds-api,2026-09-27T12:52:52.264019+00:00,Reject,REJECT,False,"kickoff is 336.1h away -- outside the configured 24h money-event horizon; research grade 'Reject' is not in the actionable set ['A', 'A+', 'B']; confidence 'Low' is not eligible for real-money qualification (requires one of ['High'], or ['Medium'] with every other requirement strong); data quality did not pass the mechanical data-quality check",2026-10-11T13:00:00Z
2026-10-11,football,Scottish Premiership,Aberdeen v St Johnstone,over_under_2_5,under,LeoVegas,1.83,0.5067385444743935,1.973404255319149,Low,0.0,1,,0.0,-0.07266846361185991,adequate,0.0,Reject,data quality is insufficient,daily-engine-v1.1.0-odds-api,2026-09-27T12:52:52.264019+00:00,Reject,REJECT,False,"kickoff is 336.1h away -- outside the configured 24h money-event horizon; research grade 'Reject' is not in the actionable set ['A', 'A+', 'B']; confidence 'Low' is not eligible for real-money qualification (requires one of ['High'], or ['Medium'] with every other requirement strong); data quality did not pass the mechanical data-quality check",2026-10-11T13:00:00Z
2026-10-17,football,Premier League,Brentford v Liverpool,over_under_2_5,under,William Hill,2.3,0.4025974025974026,2.4838709677419355,Low,0.0,1,,0.0,-0.074025974025974,adequate,0.0,Reject,data quality is insufficient,daily-engine-v1.1.0-odds-api,2026-09-27T12:52:52.264019+00:00,Reject,REJECT,False,"kickoff is 481.1h away -- outside the configured 24h money-event horizon; research grade 'Reject' is not in the actionable set ['A', 'A+', 'B']; confidence 'Low' is not eligible for real-money qualification (requires one of ['High'], or ['Medium'] with every other requirement strong); data quality did not pass the mechanical data-quality check",2026-10-17T14:00:00Z
2026-10-10,football,Championship,Middlesbrough v Wolverhampton Wanderers,over_under_2_5,under,LeoVegas,2.3,0.4025974025974026,2.4838709677419355,Medium,0.003958554315475079,3,,0.0,-0.074025974025974,adequate,0.0,Reject,net EV -7.40% is below the minimum Grade C floor,daily-engine-v1.1.0-odds-api,2026-09-27T12:52:52.264019+00:00,Reject,REJECT,False,"kickoff is 313.1h away -- outside the configured 24h money-event horizon; research grade 'Reject' is not in the actionable set ['A', 'A+', 'B']; estimated probability 40.3% is below the 60% money-qualification floor (the stricter Medium-confidence floor); net EV -7.40% is below the 5.00% money-qualification value floor (the stricter Medium-confidence floor)",2026-10-10T14:00:00Z
2026-10-17,football,Premier League,Brentford v Liverpool,over_under_2_5,over,William Hill,1.55,0.5974025974025974,1.673913043478261,Low,0.0,1,,0.0,-0.07402597402597405,adequate,0.0,Reject,data quality is insufficient,daily-engine-v1.1.0-odds-api,2026-09-27T12:52:52.264019+00:00,Reject,REJECT,False,"kickoff is 481.1h away -- outside the configured 24h money-event horizon; research grade 'Reject' is not in the actionable set ['A', 'A+', 'B']; confidence 'Low' is not eligible for real-money qualification (requires one of ['High'], or ['Medium'] with every other requirement strong); data quality did not pass the mechanical data-quality check",2026-10-17T14:00:00Z
2026-10-18,football,Premier League,Nottingham Forest v Arsenal,over_under_2_5,over,William Hill,1.85,0.5,2.0,Medium,0.008776147993450037,3,,0.0,-0.07499999999999996,adequate,0.0,Reject,net EV -7.50% is below the minimum Grade C floor,daily-engine-v1.1.0-odds-api,2026-09-27T12:52:52.264019+00:00,Reject,REJECT,False,"kickoff is 506.6h away -- outside the configured 24h money-event horizon; research grade 'Reject' is not in the actionable set ['A', 'A+', 'B']; estimated probability 50.0% is below the 60% money-qualification floor (the stricter Medium-confidence floor); net EV -7.50% is below the 5.00% money-qualification value floor (the stricter Medium-confidence floor)",2026-10-18T15:30:00Z
2026-10-10,football,Championship,Sheffield United v Lincoln City,over_under_2_5,over,William Hill,1.85,0.5,2.0,Medium,0.001280990545627783,3,,0.0,-0.07499999999999996,adequate,0.0,Reject,net EV -7.50% is below the minimum Grade C floor,daily-engine-v1.1.0-odds-api,2026-09-27T12:52:52.264019+00:00,Reject,REJECT,False,"kickoff is 313.1h away -- outside the configured 24h money-event horizon; research grade 'Reject' is not in the actionable set ['A', 'A+', 'B']; estimated probability 50.0% is below the 60% money-qualification floor (the stricter Medium-confidence floor); net EV -7.50% is below the 5.00% money-qualification value floor (the stricter Medium-confidence floor)",2026-10-10T14:00:00Z
2026-10-10,football,Championship,Sheffield United v Lincoln City,over_under_2_5,under,LeoVegas,1.85,0.5,2.0,Medium,0.0012809905456278353,3,,0.0,-0.07499999999999996,adequate,0.0,Reject,net EV -7.50% is below the minimum Grade C floor,daily-engine-v1.1.0-odds-api,2026-09-27T12:52:52.264019+00:00,Reject,REJECT,False,"kickoff is 313.1h away -- outside the configured 24h money-event horizon; research grade 'Reject' is not in the actionable set ['A', 'A+', 'B']; estimated probability 50.0% is below the 60% money-qualification floor (the stricter Medium-confidence floor); net EV -7.50% is below the 5.00% money-qualification value floor (the stricter Medium-confidence floor)",2026-10-10T14:00:00Z
2026-10-10,football,Scottish Premiership,Hearts v St Mirren,1x2,home,William Hill,1.44,0.6410256410256411,1.5599999999999998,High,0.00676753919738012,7,,0.0,-0.07692307692307687,adequate,0.0,Reject,net EV -7.69% is below the minimum Grade C floor,daily-engine-v1.1.0-odds-api,2026-09-27T12:52:52.264019+00:00,Reject,REJECT,False,"kickoff is 313.1h away -- outside the configured 24h money-event horizon; research grade 'Reject' is not in the actionable set ['A', 'A+', 'B']; net EV -7.69% is below the 2.00% money-qualification value floor",2026-10-10T14:00:00Z
2026-10-18,football,Premier League,Bournemouth v Sunderland,over_under_2_5,under,LeoVegas,1.95,0.47297297297297297,2.1142857142857143,Medium,0.003312572308261296,3,,0.0,-0.07770270270270269,adequate,0.0,Reject,net EV -7.77% is below the minimum Grade C floor,daily-engine-v1.1.0-odds-api,2026-09-27T12:52:52.264019+00:00,Reject,REJECT,False,"kickoff is 504.1h away -- outside the configured 24h money-event horizon; research grade 'Reject' is not in the actionable set ['A', 'A+', 'B']; estimated probability 47.3% is below the 60% money-qualification floor (the stricter Medium-confidence floor); net EV -7.77% is below the 5.00% money-qualification value floor (the stricter Medium-confidence floor)",2026-10-18T13:00:00Z
2026-10-10,football,Scottish Premiership,Falkirk F.C. v Dundee FC,1x2,home,William Hill,2.05,0.4496092967341215,2.224153297682709,High,0.006889407470717003,7,,0.0,-0.07830094169505109,adequate,0.0,Reject,net EV -7.83% is below the minimum Grade C floor,daily-engine-v1.1.0-odds-api,2026-09-27T12:52:52.264019+00:00,Reject,REJECT,False,"kickoff is 313.1h away -- outside the configured 24h money-event horizon; research grade 'Reject' is not in the actionable set ['A', 'A+', 'B']; estimated probability 45.0% is below the 50% money-qualification floor; net EV -7.83% is below the 2.00% money-qualification value floor",2026-10-10T14:00:00Z
2026-10-19,football,Premier League,Tottenham Hotspur v Coventry City,over_under_2_5,under,LeoVegas,2.3,0.40025158087985313,2.498428607831479,Low,0.00234582171754949,2,,0.0,-0.07942136397633792,adequate,0.0,Reject,data quality is insufficient,daily-engine-v1.1.0-odds-api,2026-09-27T12:52:52.264019+00:00,Reject,REJECT,False,"kickoff is 534.1h away -- outside the configured 24h money-event horizon; research grade 'Reject' is not in the actionable set ['A', 'A+', 'B']; confidence 'Low' is not eligible for real-money qualification (requires one of ['High'], or ['Medium'] with every other requirement strong); data quality did not pass the mechanical data-quality check",2026-10-19T19:00:00Z
2026-10-10,football,Premier League,Arsenal v Leeds United,over_under_2_5,under,LeoVegas,2.05,0.44892473118279574,2.2275449101796405,Medium,0.0053705840182285665,3,,0.0,-0.07970430107526882,adequate,0.0,Reject,net EV -7.97% is below the minimum Grade C floor,daily-engine-v1.1.0-odds-api,2026-09-27T12:52:52.264019+00:00,Reject,REJECT,False,"kickoff is 310.6h away -- outside the configured 24h money-event horizon; research grade 'Reject' is not in the actionable set ['A', 'A+', 'B']; estimated probability 44.9% is below the 60% money-qualification floor (the stricter Medium-confidence floor); net EV -7.97% is below the 5.00% money-qualification value floor (the stricter Medium-confidence floor)",2026-10-10T11:30:00Z
2026-10-10,football,Scottish Premiership,Hearts v St Mirren,over_under_2_5,under,William Hill,2.5,0.36548223350253806,2.736111111111111,Low,0.0,1,,0.0,-0.08629441624365486,adequate,0.0,Reject,data quality is insufficient,daily-engine-v1.1.0-odds-api,2026-09-27T12:52:52.264019+00:00,Reject,REJECT,False,"kickoff is 313.1h away -- outside the configured 24h money-event horizon; research grade 'Reject' is not in the actionable set ['A', 'A+', 'B']; confidence 'Low' is not eligible for real-money qualification (requires one of ['High'], or ['Medium'] with every other requirement strong); data quality did not pass the mechanical data-quality check",2026-10-10T14:00:00Z
2026-10-10,football,Scottish Premiership,Hearts v St Mirren,over_under_2_5,over,William Hill,1.44,0.6345177664974618,1.5760000000000003,Low,0.0,1,,0.0,-0.08629441624365497,adequate,0.0,Reject,data quality is insufficient,daily-engine-v1.1.0-odds-api,2026-09-27T12:52:52.264019+00:00,Reject,REJECT,False,"kickoff is 313.1h away -- outside the configured 24h money-event horizon; research grade 'Reject' is not in the actionable set ['A', 'A+', 'B']; confidence 'Low' is not eligible for real-money qualification (requires one of ['High'], or ['Medium'] with every other requirement strong); data quality did not pass the mechanical data-quality check",2026-10-10T14:00:00Z
2026-10-10,football,Premier League,Chelsea v Bournemouth,over_under_2_5,under,William Hill,2.62,0.34825870646766166,2.871428571428572,Low,0.0,1,,0.0,-0.08756218905472646,adequate,0.0,Reject,data quality is insufficient,daily-engine-v1.1.0-odds-api,2026-09-27T12:52:52.264019+00:00,Reject,REJECT,False,"kickoff is 313.1h away -- outside the configured 24h money-event horizon; research grade 'Reject' is not in the actionable set ['A', 'A+', 'B']; confidence 'Low' is not eligible for real-money qualification (requires one of ['High'], or ['Medium'] with every other requirement strong); data quality did not pass the mechanical data-quality check",2026-10-10T14:00:00Z
2026-10-10,football,Premier League,Chelsea v Bournemouth,over_under_2_5,over,William Hill,1.4,0.6517412935323382,1.5343511450381682,Low,0.0,1,,0.0,-0.08756218905472651,adequate,0.0,Reject,data quality is insufficient,daily-engine-v1.1.0-odds-api,2026-09-27T12:52:52.264019+00:00,Reject,REJECT,False,"kickoff is 313.1h away -- outside the configured 24h money-event horizon; research grade 'Reject' is not in the actionable set ['A', 'A+', 'B']; confidence 'Low' is not eligible for real-money qualification (requires one of ['High'], or ['Medium'] with every other requirement strong); data quality did not pass the mechanical data-quality check",2026-10-10T14:00:00Z
2026-10-10,football,Premier League,Manchester United v Tottenham Hotspur,over_under_2_5,over,William Hill,1.44,0.6298200514138818,1.5877551020408163,Low,0.0,1,,0.0,-0.09305912596401028,adequate,0.0,Reject,data quality is insufficient,daily-engine-v1.1.0-odds-api,2026-09-27T12:52:52.264019+00:00,Reject,REJECT,False,"kickoff is 315.6h away -- outside the configured 24h money-event horizon; research grade 'Reject' is not in the actionable set ['A', 'A+', 'B']; confidence 'Low' is not eligible for real-money qualification (requires one of ['High'], or ['Medium'] with every other requirement strong); data quality did not pass the mechanical data-quality check",2026-10-10T16:30:00Z
2026-10-10,football,Premier League,Manchester United v Tottenham Hotspur,over_under_2_5,under,William Hill,2.45,0.3701799485861182,2.7013888888888893,Low,0.0,1,,0.0,-0.09305912596401045,adequate,0.0,Reject,data quality is insufficient,daily-engine-v1.1.0-odds-api,2026-09-27T12:52:52.264019+00:00,Reject,REJECT,False,"kickoff is 315.6h away -- outside the configured 24h money-event horizon; research grade 'Reject' is not in the actionable set ['A', 'A+', 'B']; confidence 'Low' is not eligible for real-money qualification (requires one of ['High'], or ['Medium'] with every other requirement strong); data quality did not pass the mechanical data-quality check",2026-10-10T16:30:00Z
