scan_timestamp,market_id,competition,event,kickoff,n_books,p_frozen_home,p_frozen_draw,p_frozen_away,p_power_home,p_power_draw,p_power_away,pn_frozen_home,pn_frozen_draw,pn_frozen_away,pn_power_home,pn_power_draw,pn_power_away,book_odds_json
2026-10-08T14:28:00.276280+00:00,soccer_epl-b870dcfba5e5920d3f1551a3aa1ea435-1x2,Premier League,Arsenal v Leeds United,2026-10-10T11:30:00Z,21,0.680394,0.196918,0.118295,0.707201,0.186086,0.107743,0.683396,0.197787,0.118817,0.706473,0.185895,0.107632,"{""888sport"": [1.4, 4.6, 7.5], ""Bet Victor"": [1.4, 4.6, 8.0], ""Betano (UK)"": [1.4, 4.6, 8.0], ""Betfair"": [1.41, 5.3, 9.2], ""Betfair Sportsbook"": [1.36, 5.0, 8.5], ""Betfred (UK)"": [1.36, 4.6, 9.0], ""Betway"": [1.36, 5.0, 7.5], ""BoyleSports"": [1.36, 4.5, 8.0], ""Casumo"": [1.38, 4.9, 8.0], ""Coral"": [1.4, 5.0, 7.0], ""Grosvenor"": [1.38, 4.8, 8.0], ""Ladbrokes"": [1.4, 5.0, 7.0], ""LeoVegas"": [1.38, 4.6, 7.5], ""LiveScore Bet"": [1.37, 4.7, 7.5], ""Matchbook"": [1.41, 5.3, 9.2], ""Paddy Power"": [1.33, 5.0, 8.0], ""Sky Bet"": [1.36, 4.8, 8.0], ""Smarkets"": [1.41, 5.3, 9.2], ""Unibet (UK)"": [1.4, 4.75, 8.0], ""Virgin Bet"": [1.38, 4.7, 7.5], ""William Hill"": [1.4, 4.6, 7.5]}"
2026-10-08T14:28:00.276280+00:00,soccer_epl-02e6c0ccb11bb7ce78989ce49d67110b-1x2,Premier League,Aston Villa v Brentford,2026-10-10T14:00:00Z,21,0.360182,0.26694,0.369682,0.361286,0.262822,0.371076,0.361337,0.267796,0.370867,0.363034,0.264094,0.372872,"{""888sport"": [2.62, 3.3, 2.5], ""Bet Victor"": [2.6, 3.6, 2.55], ""Betano (UK)"": [2.6, 3.6, 2.55], ""Betfair"": [2.78, 3.65, 2.68], ""Betfair Sportsbook"": [2.7, 3.5, 2.6], ""Betfred (UK)"": [2.62, 3.6, 2.5], ""Betway"": [2.5, 3.5, 2.5], ""BoyleSports"": [2.6, 3.5, 2.5], ""Casumo"": [2.55, 3.6, 2.6], ""Coral"": [2.6, 3.6, 2.6], ""Grosvenor"": [2.55, 3.6, 2.6], ""Ladbrokes"": [2.6, 3.5, 2.5], ""LeoVegas"": [2.55, 3.45, 2.5], ""LiveScore Bet"": [2.5, 3.5, 2.55], ""Matchbook"": [2.78, 3.65, 2.68], ""Paddy Power"": [2.62, 3.4, 2.5], ""Sky Bet"": [2.63, 3.4, 2.5], ""Smarkets"": [2.78, 3.65, 2.68], ""Unibet (UK)"": [2.65, 3.5, 2.6], ""Virgin Bet"": [2.5, 3.55, 2.6], ""William Hill"": [2.62, 3.3, 2.5]}"
2026-10-08T14:28:00.276280+00:00,soccer_epl-45d4a466e32cd2b4ea535207923ceaf5-1x2,Premier League,Chelsea v Bournemouth,2026-10-10T14:00:00Z,21,0.559093,0.227585,0.211244,0.573467,0.221874,0.204649,0.560258,0.228059,0.211684,0.573472,0.221876,0.204651,"{""888sport"": [1.73, 3.9, 4.2], ""Bet Victor"": [1.67, 4.33, 4.5], ""Betano (UK)"": [1.67, 4.33, 4.5], ""Betfair"": [1.73, 4.5, 4.9], ""Betfair Sportsbook"": [1.7, 4.2, 4.6], ""Betfred (UK)"": [1.7, 4.2, 4.33], ""Betway"": [1.67, 4.0, 4.33], ""BoyleSports"": [1.67, 3.8, 4.5], ""Casumo"": [1.72, 4.1, 4.4], ""Coral"": [1.67, 4.2, 4.5], ""Grosvenor"": [1.71, 4.1, 4.4], ""Ladbrokes"": [1.67, 4.2, 4.5], ""LeoVegas"": [1.68, 4.1, 4.3], ""LiveScore Bet"": [1.68, 3.95, 4.2], ""Matchbook"": [1.74, 4.5, 4.9], ""Paddy Power"": [1.67, 4.2, 4.5], ""Sky Bet"": [1.67, 4.0, 4.5], ""Smarkets"": [1.74, 4.5, 4.9], ""Unibet (UK)"": [1.7, 4.2, 4.5], ""Virgin Bet"": [1.7, 4.0, 4.25], ""William Hill"": [1.73, 3.9, 4.2]}"
2026-10-08T14:28:00.276280+00:00,soccer_epl-380b8f24ec5430fb545a7490c1017285-1x2,Premier League,Sunderland v Brighton and Hove Albion,2026-10-10T14:00:00Z,21,0.318506,0.273521,0.409842,0.317057,0.269909,0.414057,0.317912,0.27301,0.409078,0.316733,0.269633,0.413634,"{""888sport"": [2.9, 3.3, 2.3], ""Bet Victor"": [3.0, 3.6, 2.25], ""Betano (UK)"": [3.0, 3.6, 2.25], ""Betfair"": [3.25, 3.6, 2.38], ""Betfair Sportsbook"": [3.0, 3.4, 2.3], ""Betfred (UK)"": [2.88, 3.6, 2.3], ""Betway"": [3.0, 3.4, 2.25], ""BoyleSports"": [3.0, 3.4, 2.2], ""Casumo"": [2.95, 3.55, 2.32], ""Coral"": [2.9, 3.5, 2.3], ""Grosvenor"": [2.95, 3.55, 2.3], ""Ladbrokes"": [2.87, 3.5, 2.3], ""LeoVegas"": [2.9, 3.4, 2.3], ""LiveScore Bet"": [2.88, 3.45, 2.25], ""Matchbook"": [3.25, 3.6, 2.38], ""Paddy Power"": [3.0, 3.4, 2.3], ""Sky Bet"": [3.0, 3.3, 2.3], ""Smarkets"": [3.25, 3.6, 2.38], ""Unibet (UK)"": [3.0, 3.5, 2.35], ""Virgin Bet"": [2.9, 3.45, 2.28], ""William Hill"": [2.9, 3.3, 2.38]}"
2026-10-08T14:28:00.276280+00:00,soccer_epl-288b4ff00c79daa712c911c564fe1be7-1x2,Premier League,Ipswich Town v Fulham,2026-10-10T14:00:00Z,21,0.339806,0.271577,0.38835,0.339941,0.267528,0.39168,0.339897,0.27165,0.388453,0.340231,0.267756,0.392014,"{""888sport"": [2.75, 3.4, 2.4], ""Bet Victor"": [2.8, 3.6, 2.4], ""Betano (UK)"": [2.8, 3.6, 2.4], ""Betfair"": [2.98, 3.65, 2.52], ""Betfair Sportsbook"": [2.8, 3.5, 2.45], ""Betfred (UK)"": [2.75, 3.6, 2.4], ""Betway"": [2.75, 3.5, 2.4], ""BoyleSports"": [2.75, 3.5, 2.38], ""Casumo"": [2.75, 3.5, 2.5], ""Coral"": [2.75, 3.5, 2.45], ""Grosvenor"": [2.7, 3.5, 2.48], ""Ladbrokes"": [2.7, 3.5, 2.45], ""LeoVegas"": [2.75, 3.45, 2.38], ""LiveScore Bet"": [2.65, 3.4, 2.43], ""Matchbook"": [2.98, 3.65, 2.52], ""Paddy Power"": [2.75, 3.4, 2.4], ""Sky Bet"": [2.75, 3.4, 2.4], ""Smarkets"": [2.96, 3.65, 2.52], ""Unibet (UK)"": [2.8, 3.5, 2.45], ""Virgin Bet"": [2.7, 3.45, 2.45], ""William Hill"": [2.75, 3.4, 2.4]}"
2026-10-08T14:28:00.276280+00:00,soccer_epl-22c9b2c43cbe1334381269550dab78e6-1x2,Premier League,Manchester United v Tottenham Hotspur,2026-10-10T16:30:00Z,21,0.56112,0.225197,0.21216,0.575243,0.218533,0.206577,0.561976,0.22554,0.212484,0.57504,0.218456,0.206504,"{""888sport"": [1.7, 3.9, 4.33], ""Bet Victor"": [1.65, 4.1, 4.4], ""Betano (UK)"": [1.65, 4.1, 4.4], ""Betfair"": [1.74, 4.5, 4.8], ""Betfair Sportsbook"": [1.67, 4.33, 4.6], ""Betfred (UK)"": [1.7, 4.2, 4.33], ""Betway"": [1.67, 4.2, 4.33], ""BoyleSports"": [1.7, 4.0, 4.2], ""Casumo"": [1.67, 4.25, 4.6], ""Coral"": [1.7, 4.2, 4.33], ""Grosvenor"": [1.66, 4.25, 4.6], ""Ladbrokes"": [1.7, 4.2, 4.33], ""LeoVegas"": [1.7, 4.1, 4.2], ""LiveScore Bet"": [1.64, 4.1, 4.35], ""Matchbook"": [1.74, 4.5, 4.8], ""Paddy Power"": [1.65, 4.2, 4.5], ""Sky Bet"": [1.67, 4.2, 4.33], ""Smarkets"": [1.73, 4.5, 4.8], ""Unibet (UK)"": [1.7, 4.2, 4.35], ""Virgin Bet"": [1.66, 4.1, 4.4], ""William Hill"": [1.7, 4.0, 4.33]}"
2026-10-08T14:28:00.276280+00:00,soccer_epl-86effab5c6e7bfd58c8e88b1fb7c6ba9-1x2,Premier League,Crystal Palace v Nottingham Forest,2026-10-11T13:00:00Z,21,0.357315,0.283385,0.354839,0.357457,0.280966,0.356239,0.358916,0.284655,0.356429,0.359375,0.282474,0.35815,"{""888sport"": [2.62, 3.1, 2.62], ""Bet Victor"": [2.55, 3.4, 2.6], ""Betano (UK)"": [2.55, 3.4, 2.6], ""Betfair"": [2.78, 3.45, 2.8], ""Betfair Sportsbook"": [2.7, 3.3, 2.7], ""Betfred (UK)"": [2.6, 3.5, 2.6], ""Betway"": [2.6, 3.3, 2.62], ""BoyleSports"": [2.6, 3.4, 2.6], ""Casumo"": [2.7, 3.4, 2.6], ""Coral"": [2.6, 3.4, 2.7], ""Grosvenor"": [2.7, 3.35, 2.6], ""Ladbrokes"": [2.5, 3.3, 2.7], ""LeoVegas"": [2.6, 3.25, 2.65], ""LiveScore Bet"": [2.63, 3.3, 2.5], ""Matchbook"": [2.78, 3.45, 2.8], ""Paddy Power"": [2.62, 3.25, 2.62], ""Sky Bet"": [2.63, 3.2, 2.63], ""Smarkets"": [2.78, 3.45, 2.8], ""Unibet (UK)"": [2.65, 3.3, 2.7], ""Virgin Bet"": [2.63, 3.3, 2.5], ""William Hill"": [2.62, 3.2, 2.62]}"
2026-10-08T14:28:00.276280+00:00,soccer_epl-0bdae4d304810578e47386606bff7106-1x2,Premier League,Hull City v Everton,2026-10-11T13:00:00Z,21,0.259146,0.280374,0.462398,0.253805,0.277275,0.468149,0.25865,0.279837,0.461513,0.254001,0.277489,0.468511,"{""888sport"": [3.5, 3.3, 2.05], ""Bet Victor"": [3.6, 3.4, 2.0], ""Betano (UK)"": [3.6, 3.4, 2.0], ""Betfair"": [3.9, 3.5, 2.14], ""Betfair Sportsbook"": [3.75, 3.4, 2.05], ""Betfred (UK)"": [3.75, 3.5, 2.0], ""Betway"": [3.5, 3.5, 2.0], ""BoyleSports"": [3.6, 3.4, 1.95], ""Casumo"": [3.7, 3.4, 2.06], ""Coral"": [3.5, 3.5, 2.05], ""Grosvenor"": [3.7, 3.35, 2.05], ""Ladbrokes"": [3.5, 3.5, 2.05], ""LeoVegas"": [3.45, 3.35, 2.05], ""LiveScore Bet"": [3.55, 3.25, 2.02], ""Matchbook"": [3.9, 3.5, 2.14], ""Paddy Power"": [3.6, 3.3, 2.0], ""Sky Bet"": [3.6, 3.3, 2.05], ""Smarkets"": [3.9, 3.5, 2.12], ""Unibet (UK)"": [3.6, 3.4, 2.08], ""Virgin Bet"": [3.55, 3.25, 2.02], ""William Hill"": [3.6, 3.3, 2.05]}"
2026-10-08T14:28:00.276280+00:00,soccer_epl-6dbab232dd8d2aed0cb1d6f7978fb7b1-1x2,Premier League,Liverpool v Manchester City,2026-10-11T15:30:00Z,21,0.362027,0.257655,0.381553,0.363519,0.252482,0.383813,0.36158,0.257337,0.381082,0.363586,0.252529,0.383885,"{""888sport"": [2.5, 3.5, 2.5], ""Bet Victor"": [2.55, 3.6, 2.45], ""Betano (UK)"": [2.55, 3.6, 2.45], ""Betfair"": [2.82, 3.85, 2.56], ""Betfair Sportsbook"": [2.63, 3.6, 2.4], ""Betfred (UK)"": [2.62, 3.75, 2.5], ""Betway"": [2.5, 3.6, 2.4], ""BoyleSports"": [2.6, 3.6, 2.4], ""Casumo"": [2.6, 3.8, 2.5], ""Coral"": [2.62, 3.6, 2.5], ""Grosvenor"": [2.6, 3.75, 2.48], ""Ladbrokes"": [2.6, 3.6, 2.5], ""LeoVegas"": [2.6, 3.65, 2.4], ""LiveScore Bet"": [2.5, 3.65, 2.43], ""Matchbook"": [2.82, 3.85, 2.56], ""Paddy Power"": [2.62, 3.6, 2.4], ""Sky Bet"": [2.63, 3.6, 2.4], ""Smarkets"": [2.82, 3.85, 2.6], ""Unibet (UK)"": [2.6, 3.75, 2.5], ""Virgin Bet"": [2.5, 3.65, 2.43], ""William Hill"": [2.6, 3.5, 2.5]}"
2026-10-08T14:28:00.276280+00:00,soccer_epl-acd5bd945dd953ad1e300df5bfe696f9-1x2,Premier League,Coventry City v Newcastle United,2026-10-12T19:00:00Z,20,0.286585,0.262998,0.453922,0.283686,0.259248,0.459645,0.285584,0.26208,0.452337,0.282956,0.258581,0.458463,"{""888sport"": [3.2, 3.4, 2.1], ""Bet Victor"": [3.2, 3.6, 2.05], ""Betano (UK)"": [3.2, 3.6, 2.05], ""Betfair"": [3.6, 3.7, 2.18], ""Betfred (UK)"": [3.2, 3.75, 2.1], ""Betway"": [3.25, 3.6, 2.0], ""BoyleSports"": [3.4, 3.5, 2.05], ""Casumo"": [3.3, 3.7, 2.08], ""Coral"": [3.2, 3.6, 2.15], ""Grosvenor"": [3.3, 3.65, 2.08], ""Ladbrokes"": [3.2, 3.6, 2.1], ""LeoVegas"": [3.2, 3.5, 2.1], ""LiveScore Bet"": [3.25, 3.55, 2.02], ""Matchbook"": [3.6, 3.75, 2.18], ""Paddy Power"": [3.4, 3.5, 2.05], ""Sky Bet"": [3.4, 3.4, 2.05], ""Smarkets"": [3.6, 3.7, 2.18], ""Unibet (UK)"": [3.3, 3.6, 2.1], ""Virgin Bet"": [3.25, 3.55, 2.02], ""William Hill"": [3.25, 3.5, 2.1]}"
2026-10-08T14:28:00.276280+00:00,soccer_epl-764e6513cb3f348881503df70ccb90e0-1x2,Premier League,Everton v Chelsea,2026-10-17T11:30:00Z,17,0.333871,0.257898,0.407833,0.333522,0.25267,0.414351,0.334004,0.258,0.407995,0.333341,0.252533,0.414126,"{""888sport"": [2.7, 3.5, 2.3], ""Bet Victor"": [2.8, 3.6, 2.3], ""Betano (UK)"": [2.8, 3.6, 2.3], ""Betfair"": [2.9, 3.8, 2.4], ""Betfred (UK)"": [2.8, 3.75, 2.3], ""Betway"": [2.7, 3.6, 2.25], ""BoyleSports"": [2.7, 3.6, 2.38], ""Casumo"": [2.95, 3.8, 2.3], ""Grosvenor"": [2.9, 3.7, 2.25], ""LeoVegas"": [2.75, 3.55, 2.25], ""LiveScore Bet"": [2.85, 3.6, 2.23], ""Paddy Power"": [2.8, 3.75, 2.25], ""Sky Bet"": [2.8, 3.6, 2.25], ""Smarkets"": [2.88, 3.7, 2.38], ""Unibet (UK)"": [2.88, 3.7, 2.3], ""Virgin Bet"": [2.85, 3.6, 2.23], ""William Hill"": [2.75, 3.6, 2.3]}"
2026-10-08T14:28:00.276280+00:00,soccer_epl-8f1945e7272bc7e89016439f5ab321c7-1x2,Premier League,Brentford v Liverpool,2026-10-17T14:00:00Z,17,0.346688,0.253855,0.399981,0.347088,0.250365,0.403136,0.346507,0.253722,0.399772,0.346884,0.250218,0.402899,"{""888sport"": [2.75, 3.5, 2.3], ""Bet Victor"": [2.7, 3.7, 2.3], ""Betano (UK)"": [2.7, 3.7, 2.3], ""Betfair"": [2.82, 3.9, 2.44], ""Betfred (UK)"": [2.75, 3.75, 2.38], ""Betway"": [2.62, 3.6, 2.3], ""BoyleSports"": [2.75, 3.5, 2.38], ""Casumo"": [2.7, 3.8, 2.48], ""Grosvenor"": [2.65, 3.7, 2.45], ""LeoVegas"": [2.65, 3.6, 2.3], ""LiveScore Bet"": [2.6, 3.6, 2.4], ""Paddy Power"": [2.7, 3.8, 2.3], ""Sky Bet"": [2.63, 3.75, 2.3], ""Smarkets"": [2.76, 3.85, 2.4], ""Unibet (UK)"": [2.75, 3.7, 2.35], ""Virgin Bet"": [2.6, 3.6, 2.4], ""William Hill"": [2.75, 3.5, 2.38]}"
2026-10-08T14:28:00.276280+00:00,soccer_epl-7895f97f2f9577f3b13287a3d086859d-1x2,Premier League,Fulham v Hull City,2026-10-17T14:00:00Z,17,0.56421,0.239445,0.196345,0.581271,0.231368,0.19094,0.56421,0.239445,0.196345,0.579198,0.230543,0.190259,"{""888sport"": [1.65, 3.9, 4.8], ""Bet Victor"": [1.65, 3.9, 4.75], ""Betano (UK)"": [1.65, 3.9, 4.75], ""Betfair"": [1.74, 4.1, 5.0], ""Betfred (UK)"": [1.67, 4.0, 5.0], ""Betway"": [1.65, 4.0, 4.5], ""BoyleSports"": [1.62, 3.8, 4.75], ""Casumo"": [1.72, 4.0, 4.8], ""Grosvenor"": [1.72, 4.0, 4.8], ""LeoVegas"": [1.64, 3.9, 4.5], ""LiveScore Bet"": [1.67, 3.8, 4.5], ""Paddy Power"": [1.62, 4.0, 4.75], ""Sky Bet"": [1.62, 4.0, 4.75], ""Smarkets"": [1.73, 4.0, 4.9], ""Unibet (UK)"": [1.67, 4.0, 4.75], ""Virgin Bet"": [1.67, 3.8, 4.5], ""William Hill"": [1.67, 3.9, 4.8]}"
2026-10-08T14:28:00.276280+00:00,soccer_epl-bf2142d1ca76ba2fc9e61afce80f86c0-1x2,Premier League,Manchester City v Ipswich Town,2026-10-17T14:00:00Z,17,0.775579,0.143713,0.080955,0.806117,0.12521,0.067885,0.775388,0.143677,0.080935,0.806752,0.125309,0.067939,"{""888sport"": [1.22, 6.0, 10.0], ""Bet Victor"": [1.2, 6.5, 11.5], ""Betano (UK)"": [1.2, 6.5, 11.5], ""Betfair"": [1.22, 7.6, 13.5], ""Betfred (UK)"": [1.22, 6.5, 12.0], ""Betway"": [1.22, 6.5, 9.0], ""BoyleSports"": [1.22, 6.0, 12.0], ""Casumo"": [1.23, 7.0, 12.5], ""Grosvenor"": [1.22, 6.75, 12.0], ""LeoVegas"": [1.2, 6.5, 9.5], ""LiveScore Bet"": [1.21, 6.4, 11.0], ""Paddy Power"": [1.2, 6.5, 13.0], ""Sky Bet"": [1.2, 6.5, 12.0], ""Smarkets"": [1.24, 7.4, 13.0], ""Unibet (UK)"": [1.22, 6.5, 11.0], ""Virgin Bet"": [1.21, 6.4, 11.0], ""William Hill"": [1.22, 6.0, 10.0]}"
2026-10-08T14:28:00.276280+00:00,soccer_epl-d1bbbdcd3d430e70091b518369b559cf-1x2,Premier League,Newcastle United v Aston Villa,2026-10-17T16:30:00Z,17,0.452262,0.25084,0.29716,0.459276,0.245515,0.293773,0.452144,0.250774,0.297082,0.459937,0.245868,0.294195,"{""888sport"": [2.05, 3.6, 3.1], ""Bet Victor"": [2.05, 3.7, 3.12], ""Betano (UK)"": [2.05, 3.7, 3.12], ""Betfair"": [2.14, 3.9, 3.35], ""Betfred (UK)"": [2.15, 3.75, 3.1], ""Betway"": [2.05, 3.6, 3.1], ""BoyleSports"": [2.05, 3.6, 3.2], ""Casumo"": [2.12, 3.9, 3.2], ""Grosvenor"": [2.12, 3.9, 3.2], ""LeoVegas"": [2.02, 3.65, 3.15], ""LiveScore Bet"": [2.05, 3.7, 3.05], ""Paddy Power"": [2.1, 3.8, 3.0], ""Sky Bet"": [2.1, 3.75, 3.0], ""Smarkets"": [2.12, 3.85, 3.3], ""Unibet (UK)"": [2.05, 3.7, 3.3], ""Virgin Bet"": [2.05, 3.7, 3.05], ""William Hill"": [2.1, 3.6, 3.2]}"
2026-10-08T14:28:00.276280+00:00,soccer_epl-dfd5d6648be46426e418801584d46a68-1x2,Premier League,Bournemouth v Sunderland,2026-10-18T13:00:00Z,17,0.474813,0.264356,0.260831,0.484955,0.260027,0.25672,0.474813,0.264356,0.260831,0.48413,0.259586,0.256284,"{""888sport"": [1.95, 3.4, 3.6], ""Bet Victor"": [1.95, 3.5, 3.6], ""Betano (UK)"": [1.95, 3.5, 3.6], ""Betfair"": [2.06, 3.7, 3.75], ""Betfred (UK)"": [2.0, 3.6, 3.6], ""Betway"": [1.91, 3.5, 3.5], ""BoyleSports"": [1.95, 3.4, 3.6], ""Casumo"": [2.0, 3.7, 3.7], ""Grosvenor"": [2.0, 3.7, 3.7], ""LeoVegas"": [1.98, 3.45, 3.4], ""LiveScore Bet"": [1.94, 3.55, 3.5], ""Paddy Power"": [2.0, 3.6, 3.5], ""Sky Bet"": [2.0, 3.6, 3.5], ""Smarkets"": [2.02, 3.6, 3.7], ""Unibet (UK)"": [2.0, 3.5, 3.5], ""Virgin Bet"": [1.94, 3.55, 3.5], ""William Hill"": [1.95, 3.5, 3.6]}"
2026-10-08T14:28:00.276280+00:00,soccer_epl-9fc08b390a49c4434f7cf631a0bb88fb-1x2,Premier League,Brighton and Hove Albion v Crystal Palace,2026-10-18T13:00:00Z,17,0.582142,0.223117,0.191881,0.599765,0.218283,0.183399,0.583812,0.223757,0.192431,0.598898,0.217968,0.183134,"{""888sport"": [1.61, 4.0, 4.75], ""Bet Victor"": [1.57, 4.2, 5.0], ""Betano (UK)"": [1.57, 4.2, 5.0], ""Betfair"": [1.66, 4.4, 5.1], ""Betfred (UK)"": [1.62, 4.2, 5.0], ""Betway"": [1.6, 4.2, 4.5], ""BoyleSports"": [1.62, 4.0, 4.75], ""Casumo"": [1.64, 4.25, 5.3], ""Grosvenor"": [1.61, 4.1, 5.2], ""LeoVegas"": [1.58, 4.1, 4.6], ""LiveScore Bet"": [1.6, 4.0, 4.9], ""Paddy Power"": [1.6, 4.2, 4.75], ""Sky Bet"": [1.6, 4.2, 4.75], ""Smarkets"": [1.64, 4.3, 5.0], ""Unibet (UK)"": [1.62, 4.25, 4.75], ""Virgin Bet"": [1.6, 4.0, 4.9], ""William Hill"": [1.62, 4.0, 4.8]}"
2026-10-08T14:28:00.276280+00:00,soccer_epl-676b3b0b609e9cf565da450786618d26-1x2,Premier League,Leeds United v Manchester United,2026-10-18T13:00:00Z,17,0.335417,0.260266,0.40678,0.335167,0.255185,0.413368,0.334593,0.259627,0.40578,0.333925,0.254239,0.411836,"{""888sport"": [2.75, 3.4, 2.38], ""Bet Victor"": [2.75, 3.6, 2.3], ""Betano (UK)"": [2.75, 3.6, 2.3], ""Betfair"": [2.9, 3.8, 2.4], ""Betfred (UK)"": [2.8, 3.75, 2.3], ""Betway"": [2.7, 3.6, 2.25], ""BoyleSports"": [2.75, 3.5, 2.3], ""Casumo"": [2.95, 3.7, 2.33], ""Grosvenor"": [2.95, 3.7, 2.33], ""LeoVegas"": [2.75, 3.5, 2.25], ""LiveScore Bet"": [2.85, 3.5, 2.25], ""Paddy Power"": [2.8, 3.75, 2.25], ""Sky Bet"": [2.8, 3.6, 2.25], ""Smarkets"": [2.86, 3.75, 2.38], ""Unibet (UK)"": [2.85, 3.6, 2.3], ""Virgin Bet"": [2.85, 3.5, 2.25], ""William Hill"": [2.75, 3.5, 2.4]}"
2026-10-08T14:28:00.276280+00:00,soccer_epl-f696a248965373d9071dc0662e5c58a8-1x2,Premier League,Nottingham Forest v Arsenal,2026-10-18T15:30:00Z,17,0.169372,0.238515,0.591398,0.15825,0.228881,0.613412,0.169493,0.238685,0.591821,0.158164,0.228757,0.613079,"{""888sport"": [5.5, 3.7, 1.61], ""Bet Victor"": [5.5, 3.9, 1.57], ""Betano (UK)"": [5.5, 3.9, 1.57], ""Betfair"": [1.28, 3.75, 1.55], ""Betfred (UK)"": [5.5, 4.0, 1.6], ""Betway"": [5.25, 3.8, 1.6], ""BoyleSports"": [5.5, 3.75, 1.6], ""Casumo"": [6.1, 4.1, 1.57], ""Grosvenor"": [6.1, 4.1, 1.57], ""LeoVegas"": [5.2, 3.85, 1.57], ""LiveScore Bet"": [5.6, 3.85, 1.55], ""Paddy Power"": [5.5, 4.0, 1.53], ""Sky Bet"": [5.75, 3.9, 1.55], ""Smarkets"": [4.7, 3.5, 1.5], ""Unibet (UK)"": [5.25, 3.9, 1.6], ""Virgin Bet"": [5.6, 3.85, 1.55], ""William Hill"": [5.5, 3.7, 1.62]}"
2026-10-08T14:28:00.276280+00:00,soccer_epl-9baaf4e48b041cfef04e70e42532502e-1x2,Premier League,Tottenham Hotspur v Coventry City,2026-10-19T19:00:00Z,15,0.629535,0.208968,0.159263,0.651057,0.199319,0.148058,0.630944,0.209436,0.15962,0.652078,0.199631,0.148291,"{""888sport"": [1.5, 4.2, 5.75], ""Betfair"": [1.53, 4.7, 6.4], ""Betfred (UK)"": [1.5, 4.6, 6.0], ""Betway"": [1.5, 4.5, 5.25], ""BoyleSports"": [1.44, 4.33, 6.0], ""Casumo"": [1.5, 4.6, 6.4], ""Grosvenor"": [1.5, 4.6, 6.4], ""LeoVegas"": [1.45, 4.4, 5.6], ""LiveScore Bet"": [1.47, 4.35, 5.8], ""Paddy Power"": [1.5, 4.5, 5.5], ""Sky Bet"": [1.5, 4.5, 5.75], ""Smarkets"": [1.51, 4.6, 6.2], ""Unibet (UK)"": [1.48, 4.6, 5.75], ""Virgin Bet"": [1.47, 4.35, 5.8], ""William Hill"": [1.5, 4.33, 6.0]}"
2026-10-08T14:28:00.276280+00:00,soccer_efl_champ-838aaa8567409b87835ad22ed9255e61-1x2,Championship,West Ham United v Queens Park Rangers,2026-10-09T19:00:00Z,21,0.631579,0.20595,0.158871,0.655031,0.196355,0.147159,0.633861,0.206694,0.159445,0.655986,0.196641,0.147373,"{""888sport"": [1.44, 4.4, 5.5], ""Bet Victor"": [1.5, 4.5, 5.75], ""Betano (UK)"": [1.5, 4.5, 5.75], ""Betfair"": [1.52, 4.9, 6.8], ""Betfair Sportsbook"": [1.44, 4.6, 6.5], ""Betfred (UK)"": [1.5, 4.5, 6.0], ""Betway"": [1.48, 4.75, 5.5], ""BoyleSports"": [1.5, 4.5, 5.0], ""Casumo"": [1.47, 4.5, 6.0], ""Coral"": [1.5, 4.8, 5.5], ""Grosvenor"": [1.45, 4.4, 5.8], ""Ladbrokes"": [1.5, 4.8, 5.25], ""LeoVegas"": [1.52, 4.7, 5.75], ""LiveScore Bet"": [1.47, 4.3, 5.8], ""Matchbook"": [1.52, 4.9, 6.8], ""Paddy Power"": [1.44, 4.5, 6.5], ""Sky Bet"": [1.44, 4.5, 6.25], ""Smarkets"": [1.52, 4.8, 6.8], ""Unibet (UK)"": [1.5, 4.6, 5.75], ""Virgin Bet"": [1.47, 4.4, 6.0], ""William Hill"": [1.44, 4.4, 5.5]}"
2026-10-08T14:28:00.276280+00:00,soccer_efl_champ-3e8a2baae4566a7c7fcc390dc089e9b8-1x2,Championship,West Bromwich Albion v Birmingham City,2026-10-10T11:30:00Z,21,0.40066,0.276425,0.320937,0.406341,0.272963,0.320849,0.401454,0.276972,0.321573,0.406279,0.272921,0.3208,"{""888sport"": [2.38, 3.2, 2.9], ""Bet Victor"": [2.38, 3.4, 2.9], ""Betano (UK)"": [2.38, 3.4, 2.9], ""Betfair"": [2.52, 3.5, 3.1], ""Betfair Sportsbook"": [2.3, 3.5, 2.9], ""Betfred (UK)"": [2.38, 3.5, 2.88], ""Betway"": [2.3, 3.3, 2.88], ""BoyleSports"": [2.25, 3.25, 2.8], ""Casumo"": [2.25, 3.35, 2.95], ""Coral"": [2.37, 3.4, 2.87], ""Grosvenor"": [2.25, 3.35, 2.9], ""Ladbrokes"": [2.37, 3.4, 2.87], ""LeoVegas"": [2.35, 3.45, 3.0], ""LiveScore Bet"": [2.18, 3.25, 2.85], ""Matchbook"": [2.52, 3.5, 3.1], ""Paddy Power"": [2.3, 3.5, 2.88], ""Sky Bet"": [2.3, 3.4, 2.88], ""Smarkets"": [2.48, 3.45, 3.05], ""Unibet (UK)"": [2.35, 3.4, 3.0], ""Virgin Bet"": [2.2, 3.25, 2.85], ""William Hill"": [2.38, 3.2, 2.9]}"
2026-10-08T14:28:00.276280+00:00,soccer_efl_champ-4e129a33a3e42b361294e9dd393c9513-1x2,Championship,Charlton Athletic v Bristol City,2026-10-10T11:30:00Z,21,0.296971,0.286603,0.415347,0.29542,0.283122,0.42104,0.297291,0.286913,0.415796,0.295544,0.28324,0.421216,"{""888sport"": [3.1, 3.1, 2.25], ""Bet Victor"": [3.2, 3.3, 2.25], ""Betano (UK)"": [3.2, 3.3, 2.25], ""Betfair"": [3.35, 3.4, 2.38], ""Betfair Sportsbook"": [3.1, 3.4, 2.3], ""Betfred (UK)"": [3.1, 3.4, 2.3], ""Betway"": [3.0, 3.3, 2.2], ""BoyleSports"": [3.0, 3.1, 2.25], ""Casumo"": [3.15, 3.25, 2.23], ""Coral"": [3.1, 3.3, 2.3], ""Grosvenor"": [3.15, 3.2, 2.23], ""Ladbrokes"": [3.1, 3.3, 2.25], ""LeoVegas"": [3.2, 3.3, 2.3], ""LiveScore Bet"": [3.05, 3.15, 2.18], ""Matchbook"": [3.35, 3.4, 2.4], ""Paddy Power"": [3.1, 3.3, 2.25], ""Sky Bet"": [3.1, 3.3, 2.25], ""Smarkets"": [3.3, 3.4, 2.36], ""Unibet (UK)"": [3.2, 3.3, 2.25], ""Virgin Bet"": [3.05, 3.15, 2.18], ""William Hill"": [3.1, 3.1, 2.25]}"
2026-10-08T14:28:00.276280+00:00,soccer_efl_champ-34156ace068fbe5b24944791e752b43d-1x2,Championship,Swansea City v Norwich City,2026-10-10T11:30:00Z,21,0.393795,0.270239,0.335968,0.39858,0.266996,0.335869,0.393794,0.270238,0.335968,0.398005,0.266611,0.335384,"{""888sport"": [2.38, 3.3, 2.75], ""Bet Victor"": [2.38, 3.6, 2.8], ""Betano (UK)"": [2.38, 3.6, 2.8], ""Betfair"": [2.42, 3.65, 3.1], ""Betfair Sportsbook"": [2.3, 3.4, 2.9], ""Betfred (UK)"": [2.4, 3.6, 2.75], ""Betway"": [2.38, 3.4, 2.75], ""BoyleSports"": [2.3, 3.3, 2.7], ""Casumo"": [2.45, 3.45, 2.65], ""Coral"": [2.4, 3.6, 2.75], ""Grosvenor"": [2.43, 3.4, 2.65], ""Ladbrokes"": [2.4, 3.6, 2.7], ""LeoVegas"": [2.38, 3.6, 2.85], ""LiveScore Bet"": [2.38, 3.35, 2.55], ""Matchbook"": [2.4, 3.65, 3.1], ""Paddy Power"": [2.3, 3.4, 2.9], ""Sky Bet"": [2.3, 3.4, 2.9], ""Smarkets"": [2.34, 3.55, 3.0], ""Unibet (UK)"": [2.38, 3.5, 2.8], ""Virgin Bet"": [2.35, 3.35, 2.6], ""William Hill"": [2.38, 3.3, 2.75]}"
2026-10-08T14:28:00.276280+00:00,soccer_efl_champ-713bc529f655efc0aff6109cb2396c11-1x2,Championship,Blackburn Rovers v Cardiff City,2026-10-10T14:00:00Z,20,0.357108,0.260056,0.384264,0.357839,0.254055,0.386013,0.356599,0.259685,0.383716,0.35859,0.254588,0.386822,"{""888sport"": [2.7, 3.4, 2.38], ""Bet Victor"": [2.62, 3.7, 2.45], ""Betano (UK)"": [2.62, 3.7, 2.45], ""Betfair"": [2.78, 3.75, 2.56], ""Betfred (UK)"": [2.62, 3.75, 2.5], ""Betway"": [2.62, 3.6, 2.4], ""BoyleSports"": [2.5, 3.5, 2.25], ""Casumo"": [2.6, 3.55, 2.45], ""Coral"": [2.62, 3.7, 2.45], ""Grosvenor"": [2.6, 3.5, 2.43], ""Ladbrokes"": [2.6, 3.7, 2.45], ""LeoVegas"": [2.7, 3.65, 2.5], ""LiveScore Bet"": [2.5, 3.45, 2.38], ""Matchbook"": [2.76, 3.8, 2.56], ""Paddy Power"": [2.62, 3.75, 2.4], ""Sky Bet"": [2.63, 3.6, 2.4], ""Smarkets"": [2.76, 3.7, 2.54], ""Unibet (UK)"": [2.65, 3.6, 2.5], ""Virgin Bet"": [2.5, 3.45, 2.38], ""William Hill"": [2.7, 3.4, 2.38]}"
2026-10-08T14:28:00.276280+00:00,soccer_efl_champ-23b8467e4efdab4833d7e38ccfc06353-1x2,Championship,Bolton Wanderers v Stoke City,2026-10-10T14:00:00Z,21,0.348827,0.276971,0.371817,0.350066,0.273022,0.373194,0.349661,0.277633,0.372706,0.351372,0.274041,0.374587,"{""888sport"": [2.62, 3.2, 2.5], ""Bet Victor"": [2.7, 3.4, 2.5], ""Betano (UK)"": [2.7, 3.4, 2.5], ""Betfair"": [2.84, 3.5, 2.64], ""Betfair Sportsbook"": [2.63, 3.4, 2.55], ""Betfred (UK)"": [2.62, 3.5, 2.6], ""Betway"": [2.7, 3.3, 2.5], ""BoyleSports"": [2.62, 3.25, 2.38], ""Casumo"": [2.55, 3.35, 2.6], ""Coral"": [2.7, 3.4, 2.5], ""Grosvenor"": [2.55, 3.35, 2.55], ""Ladbrokes"": [2.7, 3.4, 2.5], ""LeoVegas"": [2.7, 3.45, 2.55], ""LiveScore Bet"": [2.48, 3.25, 2.5], ""Matchbook"": [2.84, 3.5, 2.64], ""Paddy Power"": [2.62, 3.4, 2.5], ""Sky Bet"": [2.63, 3.4, 2.5], ""Smarkets"": [2.82, 3.4, 2.62], ""Unibet (UK)"": [2.7, 3.4, 2.55], ""Virgin Bet"": [2.48, 3.25, 2.5], ""William Hill"": [2.62, 3.2, 2.5]}"
2026-10-08T14:28:00.276280+00:00,soccer_efl_champ-92f161645aed415d240b06de729f5015-1x2,Championship,Watford v Burnley,2026-10-10T14:00:00Z,20,0.319516,0.270518,0.410471,0.318752,0.267756,0.414568,0.319355,0.270382,0.410264,0.318409,0.267469,0.414122,"{""888sport"": [2.9, 3.3, 2.25], ""Bet Victor"": [3.0, 3.5, 2.25], ""Betano (UK)"": [3.0, 3.5, 2.25], ""Betfair"": [3.1, 3.6, 2.42], ""Betfair Sportsbook"": [2.9, 3.6, 2.3], ""Betfred (UK)"": [2.88, 3.5, 2.38], ""Betway"": [2.9, 3.5, 2.25], ""BoyleSports"": [2.75, 3.5, 2.15], ""Casumo"": [2.9, 3.4, 2.32], ""Coral"": [3.0, 3.6, 2.25], ""Grosvenor"": [2.85, 3.35, 2.3], ""LeoVegas"": [3.05, 3.55, 2.3], ""LiveScore Bet"": [2.75, 3.25, 2.28], ""Matchbook"": [3.15, 3.6, 2.42], ""Paddy Power"": [2.88, 3.5, 2.25], ""Sky Bet"": [2.88, 3.5, 2.25], ""Smarkets"": [3.1, 3.6, 2.4], ""Unibet (UK)"": [3.0, 3.5, 2.25], ""Virgin Bet"": [2.8, 3.25, 2.25], ""William Hill"": [2.9, 3.3, 2.25]}"
2026-10-08T14:28:00.276280+00:00,soccer_efl_champ-9f2bb19d00e60d89a304ff8c8da85e2c-1x2,Championship,Derby County v Wrexham AFC,2026-10-10T14:00:00Z,20,0.348981,0.285602,0.365571,0.349956,0.283098,0.367857,0.348927,0.285558,0.365515,0.349637,0.282841,0.367522,"{""888sport"": [2.62, 3.2, 2.5], ""Bet Victor"": [2.75, 3.3, 2.55], ""Betano (UK)"": [2.75, 3.3, 2.55], ""Betfair"": [2.82, 3.5, 2.68], ""Betfred (UK)"": [2.62, 3.4, 2.62], ""Betway"": [2.7, 3.3, 2.4], ""BoyleSports"": [2.6, 3.4, 2.4], ""Casumo"": [2.7, 3.2, 2.6], ""Coral"": [2.7, 3.4, 2.6], ""Grosvenor"": [2.65, 3.2, 2.55], ""Ladbrokes"": [2.62, 3.3, 2.6], ""LeoVegas"": [2.75, 3.35, 2.6], ""LiveScore Bet"": [2.6, 3.1, 2.48], ""Matchbook"": [2.84, 3.5, 2.7], ""Paddy Power"": [2.6, 3.3, 2.7], ""Sky Bet"": [2.6, 3.25, 2.7], ""Smarkets"": [2.8, 3.45, 2.66], ""Unibet (UK)"": [2.7, 3.3, 2.6], ""Virgin Bet"": [2.6, 3.1, 2.5], ""William Hill"": [2.62, 3.2, 2.5]}"
2026-10-08T14:28:00.276280+00:00,soccer_efl_champ-6e370faecd2f841fc843ec49c641a9e3-1x2,Championship,Sheffield United v Lincoln City,2026-10-10T14:00:00Z,21,0.449609,0.278515,0.271625,0.455207,0.275368,0.267562,0.449722,0.278585,0.271693,0.456056,0.275882,0.268061,"{""888sport"": [2.1, 3.2, 3.4], ""Bet Victor"": [2.1, 3.4, 3.5], ""Betano (UK)"": [2.1, 3.4, 3.5], ""Betfair"": [2.18, 3.55, 3.65], ""Betfair Sportsbook"": [2.05, 3.4, 3.6], ""Betfred (UK)"": [2.15, 3.4, 3.4], ""Betway"": [2.1, 3.4, 3.3], ""BoyleSports"": [2.05, 3.25, 3.25], ""Casumo"": [2.06, 3.35, 3.45], ""Coral"": [2.15, 3.4, 3.4], ""Grosvenor"": [2.05, 3.3, 3.4], ""Ladbrokes"": [2.1, 3.4, 3.4], ""LeoVegas"": [2.18, 3.4, 3.4], ""LiveScore Bet"": [2.02, 3.25, 3.3], ""Matchbook"": [2.18, 3.6, 3.65], ""Paddy Power"": [2.05, 3.3, 3.6], ""Sky Bet"": [2.05, 3.3, 3.5], ""Smarkets"": [2.14, 3.5, 3.6], ""Unibet (UK)"": [2.15, 3.4, 3.4], ""Virgin Bet"": [2.0, 3.25, 3.3], ""William Hill"": [2.1, 3.2, 3.4]}"
2026-10-08T14:28:00.276280+00:00,soccer_efl_champ-96673c1fdea1d48aa7440246f5e00bd6-1x2,Championship,Middlesbrough v Wolverhampton Wanderers,2026-10-10T14:00:00Z,21,0.421053,0.254507,0.323959,0.426961,0.24927,0.323695,0.421255,0.254629,0.324115,0.426992,0.249289,0.323719,"{""888sport"": [2.25, 3.4, 2.9], ""Bet Victor"": [2.25, 3.7, 2.88], ""Betano (UK)"": [2.25, 3.7, 2.88], ""Betfair"": [2.3, 3.95, 3.05], ""Betfair Sportsbook"": [2.2, 3.75, 2.9], ""Betfred (UK)"": [2.25, 3.75, 2.88], ""Betway"": [2.2, 3.6, 2.9], ""BoyleSports"": [2.15, 3.5, 2.75], ""Casumo"": [2.14, 3.65, 3.0], ""Coral"": [2.25, 3.75, 2.87], ""Grosvenor"": [2.12, 3.6, 3.0], ""Ladbrokes"": [2.25, 3.75, 2.8], ""LeoVegas"": [2.3, 3.65, 2.9], ""LiveScore Bet"": [2.06, 3.55, 2.9], ""Matchbook"": [2.32, 3.95, 3.05], ""Paddy Power"": [2.2, 3.75, 2.88], ""Sky Bet"": [2.2, 3.6, 2.88], ""Smarkets"": [2.28, 3.9, 3.0], ""Unibet (UK)"": [2.3, 3.6, 2.85], ""Virgin Bet"": [2.08, 3.55, 2.9], ""William Hill"": [2.25, 3.4, 2.9]}"
2026-10-08T14:28:00.276280+00:00,soccer_efl_champ-1f9e31de12bb3b92a0deaaf9ee57af3d-1x2,Championship,Preston North End v Millwall,2026-10-10T14:00:00Z,21,0.337349,0.272856,0.389794,0.33737,0.269498,0.394015,0.337349,0.272856,0.389794,0.337072,0.26926,0.393668,"{""888sport"": [2.75, 3.4, 2.25], ""Bet Victor"": [2.8, 3.5, 2.4], ""Betano (UK)"": [2.8, 3.5, 2.4], ""Betfair"": [3.0, 3.6, 2.48], ""Betfair Sportsbook"": [2.7, 3.5, 2.45], ""Betfred (UK)"": [2.75, 3.5, 2.5], ""Betway"": [2.75, 3.4, 2.38], ""BoyleSports"": [2.62, 3.4, 2.3], ""Casumo"": [2.65, 3.4, 2.48], ""Coral"": [2.8, 3.4, 2.45], ""Grosvenor"": [2.63, 3.35, 2.45], ""Ladbrokes"": [2.75, 3.4, 2.45], ""LeoVegas"": [2.88, 3.5, 2.4], ""LiveScore Bet"": [2.6, 3.25, 2.4], ""Matchbook"": [3.05, 3.6, 2.48], ""Paddy Power"": [2.7, 3.5, 2.45], ""Sky Bet"": [2.63, 3.4, 2.45], ""Smarkets"": [3.0, 3.55, 2.42], ""Unibet (UK)"": [2.85, 3.4, 2.4], ""Virgin Bet"": [2.55, 3.25, 2.4], ""William Hill"": [2.75, 3.4, 2.25]}"
2026-10-08T14:28:00.276280+00:00,soccer_efl_champ-e0fe5ad17865ef24994316c5e46dc8b1-1x2,Championship,Southampton v Portsmouth,2026-10-11T11:00:00Z,20,0.591666,0.227232,0.181649,0.612876,0.216933,0.170901,0.591342,0.227108,0.18155,0.612441,0.216779,0.170779,"{""888sport"": [1.57, 3.9, 5.0], ""Bet Victor"": [1.55, 4.0, 5.25], ""Betano (UK)"": [1.55, 4.0, 5.25], ""Betfair"": [1.66, 4.3, 5.7], ""Betfred (UK)"": [1.57, 4.2, 5.5], ""Betway"": [1.6, 4.2, 4.75], ""BoyleSports"": [1.53, 4.0, 5.0], ""Casumo"": [1.57, 4.1, 5.1], ""Coral"": [1.6, 4.33, 5.0], ""Grosvenor"": [1.56, 4.1, 5.0], ""Ladbrokes"": [1.6, 4.2, 5.0], ""LeoVegas"": [1.58, 4.2, 5.2], ""LiveScore Bet"": [1.53, 3.95, 4.8], ""Matchbook"": [1.66, 4.3, 5.7], ""Paddy Power"": [1.57, 4.0, 5.0], ""Sky Bet"": [1.57, 4.0, 5.25], ""Smarkets"": [1.64, 4.2, 5.6], ""Unibet (UK)"": [1.58, 4.25, 5.25], ""Virgin Bet"": [1.55, 4.0, 4.9], ""William Hill"": [1.57, 3.9, 5.0]}"
2026-10-08T14:28:00.276280+00:00,soccer_efl_champ-59aa75d21f765e6ec2c671f4d8e76a27-1x2,Championship,Bristol City v Blackburn Rovers,2026-10-13T18:45:00Z,6,0.490826,0.2642,0.245747,0.505636,0.257055,0.237605,0.490447,0.263996,0.245557,0.505486,0.256979,0.237535,"{""Casumo"": [1.88, 3.55, 3.85], ""Grosvenor"": [1.88, 3.5, 3.8], ""LeoVegas"": [1.95, 3.5, 3.6], ""LiveScore Bet"": [1.86, 3.45, 3.7], ""Smarkets"": [1.86, 3.3, 3.4], ""Virgin Bet"": [1.87, 3.5, 3.75]}"
2026-10-08T14:28:00.276280+00:00,soccer_efl_champ-bd2a85de0af046a3b15fdfac6e78d0c5-1x2,Championship,Wolverhampton Wanderers v Bolton Wanderers,2026-10-13T18:45:00Z,6,0.682842,0.190368,0.127341,0.716706,0.173342,0.110959,0.682466,0.190263,0.127271,0.715985,0.173168,0.110848,"{""Casumo"": [1.36, 5.0, 7.5], ""Grosvenor"": [1.35, 4.9, 7.5], ""LeoVegas"": [1.38, 4.75, 6.75], ""LiveScore Bet"": [1.34, 4.75, 7.0], ""Smarkets"": [1.34, 4.3, 6.0], ""Virgin Bet"": [1.35, 4.9, 7.5]}"
2026-10-08T14:28:00.276280+00:00,soccer_efl_champ-6742eb24c0e60f9d3fec73a2aa324227-1x2,Championship,Burnley v Charlton Athletic,2026-10-13T18:45:00Z,6,0.541764,0.248918,0.209238,0.562448,0.239736,0.197503,0.541807,0.248938,0.209255,0.562624,0.239811,0.197565,"{""Casumo"": [1.71, 3.75, 4.5], ""Grosvenor"": [1.7, 3.7, 4.4], ""LeoVegas"": [1.68, 3.75, 4.6], ""LiveScore Bet"": [1.68, 3.65, 4.35], ""Smarkets"": [1.63, 3.5, 4.2], ""Virgin Bet"": [1.7, 3.7, 4.4]}"
2026-10-08T14:28:00.276280+00:00,soccer_efl_champ-3cd5667183559b0598e304d98a23cc20-1x2,Championship,Cardiff City v Watford,2026-10-13T18:45:00Z,6,0.498365,0.242344,0.258874,0.512151,0.235144,0.251695,0.498573,0.242445,0.258982,0.512669,0.235382,0.25195,"{""Casumo"": [1.87, 3.85, 3.6], ""Grosvenor"": [1.85, 3.8, 3.55], ""LeoVegas"": [1.8, 3.9, 3.7], ""LiveScore Bet"": [1.84, 3.7, 3.5], ""Smarkets"": [1.74, 3.65, 3.5], ""Virgin Bet"": [1.85, 3.75, 3.55]}"
2026-10-08T14:28:00.276280+00:00,soccer_efl_champ-a1b3fc4030f9f511934c8165151346a3-1x2,Championship,Millwall v Swansea City,2026-10-13T18:45:00Z,6,0.383798,0.285184,0.330214,0.387827,0.28139,0.329724,0.384107,0.285414,0.330479,0.388238,0.281689,0.330073,"{""Casumo"": [2.43, 3.25, 2.8], ""Grosvenor"": [2.4, 3.25, 2.8], ""LeoVegas"": [2.35, 3.3, 2.85], ""LiveScore Bet"": [2.38, 3.15, 2.75], ""Smarkets"": [2.24, 3.1, 2.72], ""Virgin Bet"": [2.4, 3.2, 2.75]}"
2026-10-08T14:28:00.276280+00:00,soccer_efl_champ-c46cfc0e1bcc460e455e006428cd4e83-1x2,Championship,Wrexham AFC v West Bromwich Albion,2026-10-13T18:45:00Z,6,0.393653,0.280729,0.325477,0.398928,0.276505,0.324547,0.393708,0.280769,0.325523,0.398936,0.27651,0.324553,"{""Casumo"": [2.38, 3.35, 2.85], ""Grosvenor"": [2.35, 3.3, 2.85], ""LeoVegas"": [2.35, 3.3, 2.85], ""LiveScore Bet"": [2.32, 3.25, 2.8], ""Smarkets"": [2.26, 3.05, 2.74], ""Virgin Bet"": [2.33, 3.3, 2.8]}"
2026-10-08T14:28:00.276280+00:00,soccer_efl_champ-c12dc476d773ac521742384d8d8d1481-1x2,Championship,Birmingham City v Preston North End,2026-10-13T19:00:00Z,6,0.56872,0.240978,0.191514,0.590859,0.230425,0.1787,0.568032,0.240686,0.191282,0.590868,0.230429,0.178703,"{""Casumo"": [1.63, 3.9, 4.9], ""Grosvenor"": [1.62, 3.85, 4.9], ""LeoVegas"": [1.62, 3.9, 4.8], ""LiveScore Bet"": [1.61, 3.75, 4.75], ""Smarkets"": [1.57, 3.6, 4.5], ""Virgin Bet"": [1.62, 3.8, 4.8]}"
2026-10-08T14:28:00.276280+00:00,soccer_efl_champ-b7eaf1b7d03aaf459509c65197a1fa26-1x2,Championship,Stoke City v Middlesbrough,2026-10-13T19:00:00Z,6,0.263398,0.257832,0.478818,0.256643,0.251279,0.492888,0.263386,0.25782,0.478795,0.256436,0.251075,0.492489,"{""Casumo"": [3.55, 3.65, 1.93], ""Grosvenor"": [3.5, 3.6, 1.93], ""LeoVegas"": [3.5, 3.65, 1.92], ""LiveScore Bet"": [3.45, 3.5, 1.91], ""Smarkets"": [3.35, 3.35, 1.86], ""Virgin Bet"": [3.5, 3.55, 1.92]}"
2026-10-08T14:28:00.276280+00:00,soccer_efl_champ-35d7cc4a96b152b4a31b0b151cb70feb-1x2,Championship,Queens Park Rangers v Derby County,2026-10-14T18:45:00Z,6,0.523903,0.256457,0.220323,0.542235,0.248804,0.209896,0.523545,0.256282,0.220173,0.541728,0.248572,0.2097,"{""Casumo"": [1.76, 3.65, 4.3], ""Grosvenor"": [1.76, 3.6, 4.25], ""LeoVegas"": [1.83, 3.6, 3.9], ""LiveScore Bet"": [1.74, 3.55, 4.1], ""Smarkets"": [1.77, 3.35, 3.7], ""Virgin Bet"": [1.75, 3.6, 4.2]}"
2026-10-08T14:28:00.276280+00:00,soccer_efl_champ-a6a5201c913ad65608fee5eb63532c62-1x2,Championship,Norwich City v Southampton,2026-10-14T18:45:00Z,6,0.429607,0.252509,0.317813,0.437823,0.246426,0.315897,0.429638,0.252527,0.317835,0.437759,0.24639,0.315851,"{""Casumo"": [2.16, 3.7, 2.95], ""Grosvenor"": [2.15, 3.65, 2.9], ""LeoVegas"": [2.2, 3.7, 2.8], ""LiveScore Bet"": [2.12, 3.6, 2.88], ""Smarkets"": [2.12, 3.4, 2.7], ""Virgin Bet"": [2.14, 3.65, 2.9]}"
2026-10-08T14:28:00.276280+00:00,soccer_efl_champ-6e99ceb52a57b3410b81067110589458-1x2,Championship,Portsmouth v Sheffield United,2026-10-14T18:45:00Z,6,0.372319,0.284582,0.343039,0.375634,0.280608,0.343616,0.372341,0.284599,0.34306,0.375688,0.280648,0.343664,"{""Casumo"": [2.5, 3.25, 2.7], ""Grosvenor"": [2.48, 3.25, 2.7], ""LeoVegas"": [2.4, 3.45, 2.7], ""LiveScore Bet"": [2.45, 3.2, 2.65], ""Smarkets"": [2.3, 3.15, 2.6], ""Virgin Bet"": [2.48, 3.2, 2.7]}"
2026-10-08T14:28:00.276280+00:00,soccer_efl_champ-b6f4ecaf15915781326083408fba0e52-1x2,Championship,Lincoln City v West Ham United,2026-10-14T19:00:00Z,6,0.193914,0.232528,0.572645,0.181747,0.221767,0.595846,0.194092,0.23274,0.573168,0.181863,0.221909,0.596228,"{""Casumo"": [4.9, 4.0, 1.61], ""Grosvenor"": [4.8, 4.0, 1.61], ""LeoVegas"": [4.5, 4.1, 1.64], ""LiveScore Bet"": [4.7, 3.9, 1.6], ""Smarkets"": [4.2, 3.75, 1.58], ""Virgin Bet"": [4.75, 3.95, 1.6]}"
2026-10-08T14:28:00.276280+00:00,soccer_spl-2ea2ad084a23df9b8efc76bc9e5d7811-1x2,Scottish Premiership,Falkirk F.C. v Dundee FC,2026-10-10T14:00:00Z,20,0.461308,0.264187,0.271386,0.47074,0.261146,0.266214,0.462751,0.265013,0.272235,0.471636,0.261643,0.266721,"{""888sport"": [2.05, 3.3, 3.4], ""Bet Victor"": [1.95, 3.5, 3.4], ""Betano (UK)"": [1.95, 3.5, 3.4], ""Betfair"": [2.06, 3.65, 3.65], ""Betfred (UK)"": [2.05, 3.6, 3.4], ""Betway"": [1.95, 3.6, 3.4], ""BoyleSports"": [1.91, 3.4, 3.3], ""Casumo"": [2.0, 3.5, 3.3], ""Coral"": [2.05, 3.6, 3.5], ""Grosvenor"": [2.0, 3.5, 3.3], ""Ladbrokes"": [2.05, 3.5, 3.4], ""LeoVegas"": [2.08, 3.45, 3.4], ""LiveScore Bet"": [2.02, 3.55, 3.4], ""Matchbook"": [2.06, 3.65, 3.6], ""Paddy Power"": [2.1, 3.3, 3.5], ""Sky Bet"": [2.1, 3.2, 3.4], ""Smarkets"": [2.04, 3.65, 3.7], ""Unibet (UK)"": [2.05, 3.5, 3.4], ""Virgin Bet"": [2.02, 3.55, 3.4], ""William Hill"": [2.05, 3.3, 3.4]}"
2026-10-08T14:28:00.276280+00:00,soccer_spl-6e6ba2e883c5bda81a3f3c073e347e93-1x2,Scottish Premiership,Dundee United v Hibernian,2026-10-10T14:00:00Z,20,0.350006,0.262085,0.387026,0.350851,0.25744,0.391976,0.350315,0.262317,0.387368,0.350757,0.257371,0.391872,"{""888sport"": [2.75, 3.4, 2.38], ""Bet Victor"": [2.6, 3.5, 2.38], ""Betano (UK)"": [2.6, 3.5, 2.38], ""Betfair"": [2.82, 3.7, 2.4], ""Betfred (UK)"": [2.62, 3.6, 2.5], ""Betway"": [2.7, 3.5, 2.3], ""BoyleSports"": [2.5, 3.4, 2.3], ""Casumo"": [2.6, 3.45, 2.43], ""Coral"": [2.75, 3.6, 2.4], ""Grosvenor"": [2.6, 3.45, 2.43], ""Ladbrokes"": [2.75, 3.6, 2.37], ""LeoVegas"": [2.7, 3.6, 2.4], ""LiveScore Bet"": [2.6, 3.55, 2.45], ""Matchbook"": [2.78, 3.7, 2.44], ""Paddy Power"": [2.7, 3.4, 2.5], ""Sky Bet"": [2.63, 3.25, 2.45], ""Smarkets"": [2.68, 3.7, 2.42], ""Unibet (UK)"": [2.65, 3.6, 2.4], ""Virgin Bet"": [2.6, 3.55, 2.45], ""William Hill"": [2.75, 3.4, 2.38]}"
2026-10-08T14:28:00.276280+00:00,soccer_spl-53fe5171e2c7a834388133b06b571727-1x2,Scottish Premiership,Hearts v St Mirren,2026-10-10T14:00:00Z,20,0.64625,0.198799,0.156223,0.669458,0.185375,0.143391,0.645429,0.198547,0.156025,0.670649,0.185705,0.143646,"{""888sport"": [1.44, 4.4, 5.75], ""Bet Victor"": [1.4, 4.6, 6.5], ""Betano (UK)"": [1.4, 4.6, 6.5], ""Betfair"": [1.48, 4.7, 6.4], ""Betfred (UK)"": [1.44, 4.6, 6.5], ""Betway"": [1.45, 4.75, 5.5], ""BoyleSports"": [1.44, 4.5, 5.5], ""Casumo"": [1.4, 4.7, 6.25], ""Coral"": [1.48, 4.6, 6.0], ""Grosvenor"": [1.4, 4.7, 6.25], ""Ladbrokes"": [1.48, 4.6, 6.0], ""LeoVegas"": [1.45, 4.75, 6.0], ""LiveScore Bet"": [1.41, 4.8, 6.5], ""Matchbook"": [1.48, 4.7, 6.2], ""Paddy Power"": [1.44, 5.0, 5.5], ""Sky Bet"": [1.44, 5.0, 5.0], ""Smarkets"": [1.45, 4.8, 5.9], ""Unibet (UK)"": [1.45, 4.75, 6.0], ""Virgin Bet"": [1.41, 4.8, 6.5], ""William Hill"": [1.44, 4.4, 5.8]}"
2026-10-08T14:28:00.276280+00:00,soccer_spl-672b72aadaf61287e9a244945c61d0d8-1x2,Scottish Premiership,Rangers v Kilmarnock,2026-10-10T14:00:00Z,20,0.823271,0.115258,0.061471,0.858804,0.093389,0.04468,0.823271,0.115258,0.061471,0.861498,0.093682,0.044821,"{""888sport"": [1.17, 7.0, 15.0], ""Bet Victor"": [1.12, 8.0, 15.0], ""Betano (UK)"": [1.12, 8.0, 15.0], ""Betfair"": [1.16, 9.0, 19.5], ""Betfred (UK)"": [1.14, 8.5, 17.0], ""Betway"": [1.15, 8.0, 13.0], ""BoyleSports"": [1.15, 7.5, 13.0], ""Casumo"": [1.12, 8.0, 15.0], ""Coral"": [1.17, 8.0, 15.0], ""Grosvenor"": [1.12, 8.0, 15.0], ""Ladbrokes"": [1.15, 8.0, 15.0], ""LeoVegas"": [1.14, 8.0, 15.0], ""LiveScore Bet"": [1.13, 8.5, 16.0], ""Matchbook"": [1.17, 9.0, 19.5], ""Paddy Power"": [1.12, 8.5, 16.0], ""Sky Bet"": [1.13, 7.5, 13.0], ""Smarkets"": [1.16, 9.2, 19.49], ""Unibet (UK)"": [1.15, 7.5, 16.0], ""Virgin Bet"": [1.13, 8.5, 16.0], ""William Hill"": [1.17, 7.0, 15.0]}"
2026-10-08T14:28:00.276280+00:00,soccer_spl-1a9cae480abd2c5e487d431ee1c331fb-1x2,Scottish Premiership,Motherwell v Celtic,2026-10-11T11:00:00Z,20,0.193366,0.21506,0.590454,0.185297,0.204198,0.609327,0.193583,0.215301,0.591116,0.185516,0.204439,0.610046,"{""888sport"": [4.6, 4.0, 1.6], ""Bet Victor"": [4.8, 4.2, 1.55], ""Betano (UK)"": [4.8, 4.2, 1.55], ""Betfair"": [4.7, 4.7, 1.65], ""Betfred (UK)"": [5.0, 4.5, 1.6], ""Betway"": [4.5, 4.33, 1.61], ""BoyleSports"": [4.2, 4.33, 1.57], ""Casumo"": [4.9, 4.25, 1.54], ""Coral"": [5.0, 4.4, 1.6], ""Grosvenor"": [4.9, 4.25, 1.54], ""Ladbrokes"": [4.8, 4.33, 1.6], ""LeoVegas"": [4.7, 4.4, 1.58], ""LiveScore Bet"": [5.0, 4.35, 1.55], ""Matchbook"": [4.4, 4.3, 1.61], ""Paddy Power"": [5.0, 4.5, 1.5], ""Sky Bet"": [5.0, 4.33, 1.5], ""Smarkets"": [4.7, 4.7, 1.65], ""Unibet (UK)"": [4.75, 4.35, 1.6], ""Virgin Bet"": [5.0, 4.35, 1.55], ""William Hill"": [4.6, 4.0, 1.6]}"
2026-10-08T14:28:00.276280+00:00,soccer_spl-70ec22b3cd559dd3b8eda7df486a266c-1x2,Scottish Premiership,Aberdeen v St Johnstone,2026-10-11T13:00:00Z,19,0.430296,0.278352,0.291277,0.435724,0.273599,0.288361,0.430328,0.278373,0.291299,0.436736,0.274234,0.28903,"{""888sport"": [2.15, 3.2, 3.3], ""Bet Victor"": [2.15, 3.3, 3.12], ""Betano (UK)"": [2.15, 3.3, 3.12], ""Betfair"": [2.0, 3.3, 3.4], ""Betfred (UK)"": [2.25, 3.4, 3.2], ""Betway"": [2.15, 3.4, 3.2], ""BoyleSports"": [2.1, 3.3, 3.1], ""Casumo"": [2.08, 3.4, 3.2], ""Coral"": [2.2, 3.4, 3.25], ""Grosvenor"": [2.08, 3.4, 3.2], ""Ladbrokes"": [2.2, 3.3, 3.2], ""LeoVegas"": [2.2, 3.4, 3.15], ""LiveScore Bet"": [2.12, 3.45, 3.25], ""Paddy Power"": [2.2, 3.2, 3.3], ""Sky Bet"": [2.2, 3.1, 3.2], ""Smarkets"": [2.14, 3.25, 3.05], ""Unibet (UK)"": [2.2, 3.4, 3.2], ""Virgin Bet"": [2.12, 3.45, 3.25], ""William Hill"": [2.15, 3.2, 3.3]}"
2026-10-08T14:28:00.276280+00:00,soccer_netherlands_eredivisie-217aec5dbea235fb2716756cd089c458-1x2,Eredivisie,PSV Eindhoven v Heerenveen,2026-10-09T18:00:00Z,19,0.767632,0.133787,0.100879,0.802095,0.112127,0.083502,0.765872,0.13348,0.100648,0.803925,0.112382,0.083693,"{""888sport"": [1.25, 6.5, 7.5], ""Bet Victor"": [1.22, 7.0, 9.5], ""Betano (UK)"": [1.22, 7.0, 9.5], ""Betfair"": [1.27, 7.8, 11.0], ""Betfair Sportsbook"": [1.2, 7.0, 9.5], ""Betfred (UK)"": [1.2, 7.0, 9.0], ""Betway"": [1.22, 7.5, 8.0], ""BoyleSports"": [1.22, 6.5, 7.0], ""Casumo"": [1.2, 7.5, 10.0], ""Coral"": [1.25, 7.0, 8.5], ""Grosvenor"": [1.21, 7.5, 10.5], ""Ladbrokes"": [1.25, 7.0, 8.5], ""LiveScore Bet"": [1.18, 6.75, 9.5], ""Paddy Power"": [1.18, 7.0, 9.0], ""Sky Bet"": [1.2, 6.25, 8.0], ""Smarkets"": [1.27, 7.6, 10.0], ""Unibet (UK)"": [1.25, 7.0, 8.5], ""Virgin Bet"": [1.18, 6.75, 9.5], ""William Hill"": [1.25, 6.5, 7.5]}"
2026-10-08T14:28:00.276280+00:00,soccer_netherlands_eredivisie-883135d737b3dce356ccd04a9e6d2124-1x2,Eredivisie,Go Ahead Eagles v Sparta Rotterdam,2026-10-10T14:30:00Z,19,0.534083,0.232271,0.234493,0.554727,0.223819,0.22739,0.533631,0.232074,0.234295,0.551454,0.222499,0.226048,"{""888sport"": [1.73, 4.0, 3.75], ""Bet Victor"": [1.73, 4.2, 4.0], ""Betano (UK)"": [1.73, 4.2, 4.0], ""Betfair"": [1.77, 4.1, 4.4], ""Betfair Sportsbook"": [1.73, 4.2, 3.9], ""Betfred (UK)"": [1.73, 4.0, 3.75], ""Betway"": [1.7, 4.0, 4.2], ""BoyleSports"": [1.62, 3.8, 3.75], ""Casumo"": [1.73, 3.85, 4.25], ""Coral"": [1.8, 4.0, 4.0], ""Grosvenor"": [1.75, 3.95, 4.35], ""Ladbrokes"": [1.8, 4.0, 3.9], ""LiveScore Bet"": [1.7, 3.7, 4.1], ""Paddy Power"": [1.7, 4.0, 3.8], ""Sky Bet"": [1.67, 3.9, 3.6], ""Smarkets"": [1.7, 4.0, 4.3], ""Unibet (UK)"": [1.78, 4.0, 4.0], ""Virgin Bet"": [1.7, 3.7, 4.1], ""William Hill"": [1.73, 4.0, 3.75]}"
2026-10-08T14:28:00.276280+00:00,soccer_netherlands_eredivisie-a8273db43fe2d76ba5342e37a10f9e93-1x2,Eredivisie,Feyenoord v AZ Alkmaar,2026-10-10T16:45:00Z,19,0.519343,0.23543,0.245239,0.537079,0.229161,0.238145,0.519336,0.235427,0.245237,0.534734,0.228161,0.237105,"{""888sport"": [1.75, 4.0, 3.6], ""Bet Victor"": [1.8, 4.1, 3.7], ""Betano (UK)"": [1.8, 4.1, 3.7], ""Betfair"": [1.87, 3.95, 4.2], ""Betfair Sportsbook"": [1.75, 4.2, 3.8], ""Betfred (UK)"": [1.8, 4.0, 3.6], ""Betway"": [1.77, 3.8, 3.8], ""BoyleSports"": [1.7, 3.75, 3.6], ""Casumo"": [1.78, 3.7, 4.1], ""Coral"": [1.83, 4.0, 3.9], ""Grosvenor"": [1.8, 3.8, 4.2], ""Ladbrokes"": [1.8, 4.0, 3.9], ""LiveScore Bet"": [1.75, 3.55, 3.95], ""Paddy Power"": [1.75, 4.0, 3.7], ""Sky Bet"": [1.73, 3.8, 3.5], ""Smarkets"": [1.82, 3.95, 4.1], ""Unibet (UK)"": [1.84, 3.9, 3.8], ""Virgin Bet"": [1.75, 3.55, 3.95], ""William Hill"": [1.75, 4.0, 3.6]}"
2026-10-08T14:28:00.276280+00:00,soccer_netherlands_eredivisie-f5f8b64c3c4062dfaf01b6d09e4e15c1-1x2,Eredivisie,Fortuna Sittard v FC Twente Enschede,2026-10-10T18:00:00Z,19,0.152889,0.187243,0.65445,0.138856,0.174506,0.685295,0.153722,0.188263,0.658015,0.139042,0.17474,0.686217,"{""888sport"": [6.0, 4.6, 1.4], ""Bet Victor"": [6.5, 5.0, 1.4], ""Betano (UK)"": [6.5, 5.0, 1.4], ""Betfair"": [1.12, 5.1, 1.48], ""Betfair Sportsbook"": [6.5, 5.0, 1.36], ""Betfred (UK)"": [6.5, 5.0, 1.36], ""Betway"": [5.75, 5.0, 1.43], ""BoyleSports"": [5.5, 4.75, 1.4], ""Casumo"": [6.1, 4.9, 1.42], ""Coral"": [6.0, 5.25, 1.44], ""Grosvenor"": [6.25, 5.1, 1.43], ""Ladbrokes"": [6.0, 5.0, 1.44], ""LiveScore Bet"": [5.8, 4.7, 1.4], ""Paddy Power"": [6.5, 5.0, 1.33], ""Sky Bet"": [6.0, 4.75, 1.33], ""Smarkets"": [5.5, 5.0, 1.41], ""Unibet (UK)"": [6.0, 5.0, 1.45], ""Virgin Bet"": [5.8, 4.7, 1.4], ""William Hill"": [6.0, 4.6, 1.4]}"
2026-10-08T14:28:00.276280+00:00,soccer_netherlands_eredivisie-5d3dff37b4525ccc6f8dd17248a05917-1x2,Eredivisie,Ajax v NEC Nijmegen,2026-10-10T19:00:00Z,19,0.722793,0.161945,0.114236,0.754508,0.140212,0.096017,0.723536,0.162111,0.114353,0.761562,0.141523,0.096915,"{""888sport"": [1.3, 5.0, 8.0], ""Bet Victor"": [1.29, 5.75, 8.5], ""Betano (UK)"": [1.29, 5.75, 8.5], ""Betfair"": [1.29, 6.2, 7.2], ""Betfair Sportsbook"": [1.25, 6.0, 8.5], ""Betfred (UK)"": [1.29, 5.5, 8.0], ""Betway"": [1.3, 5.75, 7.0], ""BoyleSports"": [1.29, 5.5, 6.5], ""Casumo"": [1.26, 6.0, 9.0], ""Coral"": [1.3, 6.0, 8.0], ""Grosvenor"": [1.27, 6.25, 9.0], ""Ladbrokes"": [1.3, 6.0, 8.0], ""LiveScore Bet"": [1.24, 5.6, 8.5], ""Paddy Power"": [1.25, 5.5, 8.0], ""Sky Bet"": [1.25, 5.5, 7.5], ""Smarkets"": [1.29, 5.6, 7.0], ""Unibet (UK)"": [1.3, 6.0, 7.5], ""Virgin Bet"": [1.24, 5.6, 8.5], ""William Hill"": [1.3, 5.0, 8.0]}"
2026-10-08T14:28:00.276280+00:00,soccer_netherlands_eredivisie-f3f0ca7293ea22fd29623c8d82b8ecfb-1x2,Eredivisie,FC Utrecht v Willem II,2026-10-11T10:15:00Z,19,0.62579,0.205564,0.167716,0.658237,0.188713,0.153397,0.626373,0.205755,0.167872,0.658009,0.188647,0.153344,"{""888sport"": [1.5, 4.2, 5.5], ""Bet Victor"": [1.5, 4.5, 5.5], ""Betano (UK)"": [1.5, 4.5, 5.5], ""Betfair"": [1.49, 4.9, 1.1], ""Betfair Sportsbook"": [1.44, 4.75, 5.5], ""Betfred (UK)"": [1.44, 4.5, 5.5], ""Betway"": [1.48, 4.5, 5.5], ""BoyleSports"": [1.44, 4.5, 5.0], ""Casumo"": [1.43, 4.6, 6.25], ""Coral"": [1.53, 4.6, 5.5], ""Grosvenor"": [1.44, 4.7, 6.4], ""Ladbrokes"": [1.53, 4.5, 5.5], ""LiveScore Bet"": [1.41, 4.4, 6.0], ""Paddy Power"": [1.4, 4.5, 5.5], ""Sky Bet"": [1.4, 4.33, 5.25], ""Smarkets"": [1.45, 4.4, 5.3], ""Unibet (UK)"": [1.5, 4.75, 5.5], ""Virgin Bet"": [1.41, 4.4, 6.0], ""William Hill"": [1.5, 4.2, 5.5]}"
2026-10-08T14:28:00.276280+00:00,soccer_netherlands_eredivisie-ac89f943c22fc8634ca573a77548615a-1x2,Eredivisie,SC Telstar v ADO Den Haag,2026-10-11T12:30:00Z,19,0.466818,0.247148,0.286553,0.476546,0.241115,0.283548,0.466575,0.24702,0.286404,0.475971,0.240824,0.283206,"{""888sport"": [2.0, 3.4, 3.3], ""Bet Victor"": [2.0, 3.8, 3.25], ""Betano (UK)"": [2.0, 3.8, 3.25], ""Betfair"": [2.06, 4.0, 3.35], ""Betfair Sportsbook"": [2.0, 3.9, 3.25], ""Betfred (UK)"": [1.95, 3.75, 3.2], ""Betway"": [2.0, 3.8, 3.25], ""BoyleSports"": [1.95, 3.6, 3.0], ""Casumo"": [1.97, 3.65, 3.4], ""Coral"": [2.05, 3.75, 3.3], ""Grosvenor"": [2.0, 3.75, 3.45], ""Ladbrokes"": [2.05, 3.75, 3.3], ""LiveScore Bet"": [1.94, 3.5, 3.3], ""Paddy Power"": [1.95, 3.8, 3.1], ""Sky Bet"": [1.91, 3.6, 3.0], ""Smarkets"": [2.08, 3.95, 3.3], ""Unibet (UK)"": [2.05, 3.75, 3.3], ""Virgin Bet"": [1.94, 3.5, 3.3], ""William Hill"": [2.0, 3.4, 3.3]}"
2026-10-08T14:28:00.276280+00:00,soccer_netherlands_eredivisie-77c21a6fdd5be6d774addfacd8964d49-1x2,Eredivisie,FC Zwolle v SC Cambuur,2026-10-11T12:30:00Z,19,0.479228,0.245678,0.273962,0.494435,0.237385,0.268413,0.479771,0.245957,0.274272,0.49432,0.23733,0.26835,"{""888sport"": [1.91, 3.7, 3.4], ""Bet Victor"": [1.95, 3.8, 3.4], ""Betano (UK)"": [1.95, 3.8, 3.4], ""Betfair"": [2.06, 4.0, 1.1], ""Betfair Sportsbook"": [1.91, 3.9, 3.4], ""Betfred (UK)"": [1.91, 3.75, 3.3], ""Betway"": [1.95, 3.8, 3.3], ""BoyleSports"": [1.87, 3.8, 3.0], ""Casumo"": [1.93, 3.8, 3.45], ""Coral"": [1.91, 3.9, 3.6], ""Grosvenor"": [1.94, 3.9, 3.5], ""Ladbrokes"": [1.91, 3.9, 3.5], ""LiveScore Bet"": [1.89, 3.65, 3.3], ""Paddy Power"": [1.87, 3.8, 3.3], ""Sky Bet"": [1.85, 3.6, 3.25], ""Smarkets"": [1.92, 3.6, 3.2], ""Unibet (UK)"": [2.0, 3.8, 3.4], ""Virgin Bet"": [1.89, 3.65, 3.3], ""William Hill"": [1.91, 3.7, 3.4]}"
2026-10-08T14:28:00.276280+00:00,soccer_netherlands_eredivisie-d1d3c9da05a1c64da18dd5e5ee3e820e-1x2,Eredivisie,Excelsior v Groningen,2026-10-11T14:45:00Z,18,0.37007,0.261613,0.370182,0.373557,0.252565,0.374952,0.369381,0.261126,0.369493,0.373156,0.252294,0.37455,"{""888sport"": [2.5, 3.4, 2.5], ""Bet Victor"": [2.5, 3.7, 2.5], ""Betano (UK)"": [2.5, 3.7, 2.5], ""Betfair"": [1.32, 1.72, 1.32], ""Betfair Sportsbook"": [2.5, 3.7, 2.45], ""Betfred (UK)"": [2.5, 3.6, 2.4], ""BoyleSports"": [2.38, 3.6, 2.38], ""Casumo"": [2.45, 3.4, 2.65], ""Coral"": [2.6, 3.7, 2.5], ""Grosvenor"": [2.5, 3.5, 2.7], ""Ladbrokes"": [2.5, 3.6, 2.5], ""LiveScore Bet"": [2.4, 3.3, 2.6], ""Paddy Power"": [2.5, 3.6, 2.4], ""Sky Bet"": [2.38, 3.3, 2.3], ""Smarkets"": [2.4, 3.35, 2.4], ""Unibet (UK)"": [2.55, 3.6, 2.55], ""Virgin Bet"": [2.4, 3.3, 2.6], ""William Hill"": [2.5, 3.4, 2.5]}"
2026-10-08T14:28:00.276280+00:00,soccer_netherlands_eredivisie-629893a6ea12183c2474ac48c4fbe2ee-1x2,Eredivisie,Heerenveen v Excelsior,2026-10-16T18:00:00Z,12,0.527898,0.229746,0.239481,0.545298,0.219546,0.225725,0.52942,0.230409,0.240171,0.55049,0.221636,0.227874,"{""888sport"": [1.75, 3.8, 3.9], ""Betfred (UK)"": [1.7, 4.0, 4.0], ""BoyleSports"": [1.67, 4.0, 3.6], ""Casumo"": [1.77, 4.1, 3.8], ""Grosvenor"": [1.79, 4.2, 3.85], ""LiveScore Bet"": [1.74, 3.95, 3.65], ""Paddy Power"": [1.65, 4.2, 4.0], ""Sky Bet"": [1.62, 3.8, 3.6], ""Smarkets"": [1.65, 3.6, 3.6], ""Unibet (UK)"": [1.75, 4.0, 4.0], ""Virgin Bet"": [1.74, 3.95, 3.65], ""William Hill"": [1.75, 3.8, 3.9]}"
2026-10-08T14:28:00.276280+00:00,soccer_netherlands_eredivisie-81b7e4b9208cf3cf7214c9900540d0ff-1x2,Eredivisie,ADO Den Haag v PSV Eindhoven,2026-10-17T14:30:00Z,12,0.103093,0.148057,0.749839,0.076618,0.119824,0.798436,0.102991,0.147911,0.749098,0.077012,0.120441,0.802547,"{""888sport"": [9.0, 6.0, 1.25], ""Betfred (UK)"": [9.5, 6.0, 1.22], ""BoyleSports"": [7.5, 6.0, 1.22], ""Casumo"": [10.5, 7.0, 1.21], ""Grosvenor"": [11.0, 7.0, 1.22], ""LiveScore Bet"": [9.5, 6.5, 1.19], ""Paddy Power"": [8.5, 6.0, 1.18], ""Sky Bet"": [7.0, 5.5, 1.2], ""Smarkets"": [7.4, 5.2, 1.19], ""Unibet (UK)"": [9.0, 6.5, 1.25], ""Virgin Bet"": [9.5, 6.5, 1.19], ""William Hill"": [9.0, 6.0, 1.25]}"
2026-10-08T14:28:00.276280+00:00,soccer_netherlands_eredivisie-d9b03d772e9b039441049be8b83290e6-1x2,Eredivisie,SC Telstar v Feyenoord,2026-10-17T18:00:00Z,12,0.13614,0.17576,0.69385,0.113866,0.156961,0.74078,0.135361,0.174755,0.689883,0.11256,0.15516,0.732281,"{""888sport"": [7.5, 5.0, 1.3], ""Betfred (UK)"": [7.5, 5.5, 1.3], ""BoyleSports"": [6.5, 5.5, 1.3], ""Casumo"": [6.75, 5.25, 1.36], ""Grosvenor"": [7.0, 5.4, 1.36], ""LiveScore Bet"": [6.5, 5.0, 1.34], ""Paddy Power"": [7.5, 5.5, 1.25], ""Sky Bet"": [6.25, 5.0, 1.25], ""Smarkets"": [5.9, 4.7, 1.27], ""Unibet (UK)"": [7.0, 5.5, 1.34], ""Virgin Bet"": [6.5, 5.0, 1.34], ""William Hill"": [7.5, 5.0, 1.3]}"
2026-10-08T14:28:00.276280+00:00,soccer_netherlands_eredivisie-fc96145ee5d186e331503870bfef8020-1x2,Eredivisie,Sparta Rotterdam v Willem II,2026-10-17T19:00:00Z,12,0.604313,0.21318,0.181924,0.635964,0.198207,0.164184,0.604665,0.213305,0.18203,0.637012,0.198533,0.164455,"{""888sport"": [1.53, 4.0, 5.0], ""Betfred (UK)"": [1.53, 4.33, 5.0], ""BoyleSports"": [1.5, 4.33, 4.75], ""Casumo"": [1.51, 4.4, 5.4], ""Grosvenor"": [1.53, 4.5, 5.5], ""LiveScore Bet"": [1.49, 4.25, 5.1], ""Paddy Power"": [1.44, 4.33, 5.0], ""Sky Bet"": [1.44, 3.9, 4.6], ""Smarkets"": [1.46, 3.95, 4.4], ""Unibet (UK)"": [1.54, 4.5, 5.0], ""Virgin Bet"": [1.49, 4.25, 5.1], ""William Hill"": [1.55, 4.0, 5.0]}"
2026-10-08T14:28:00.276280+00:00,soccer_netherlands_eredivisie-4568ee08a32d34347100042cc7868839-1x2,Eredivisie,FC Zwolle v Go Ahead Eagles,2026-10-18T10:15:00Z,12,0.338983,0.240853,0.417943,0.338905,0.232288,0.426644,0.339738,0.241389,0.418873,0.33964,0.232791,0.427569,"{""888sport"": [2.7, 3.6, 2.25], ""Betfred (UK)"": [2.62, 4.0, 2.2], ""BoyleSports"": [2.5, 3.8, 2.1], ""Casumo"": [3.0, 3.9, 2.07], ""Grosvenor"": [3.05, 4.0, 2.1], ""LiveScore Bet"": [2.9, 3.75, 2.02], ""Paddy Power"": [2.6, 3.8, 2.15], ""Sky Bet"": [2.5, 3.6, 2.1], ""Smarkets"": [2.54, 3.45, 2.08], ""Unibet (UK)"": [2.75, 3.8, 2.25], ""Virgin Bet"": [2.9, 3.75, 2.02], ""William Hill"": [2.7, 3.6, 2.25]}"
2026-10-08T14:28:00.276280+00:00,soccer_netherlands_eredivisie-a46c19cc6ee20067da4e68356f247bfb-1x2,Eredivisie,SC Cambuur v AZ Alkmaar,2026-10-18T12:30:00Z,12,0.13099,0.17988,0.6834,0.112867,0.154114,0.730142,0.131745,0.180916,0.687339,0.113193,0.154559,0.732249,"{""888sport"": [7.0, 4.8, 1.36], ""Betfred (UK)"": [7.0, 5.0, 1.33], ""BoyleSports"": [6.5, 5.0, 1.33], ""Casumo"": [8.5, 5.75, 1.29], ""Grosvenor"": [8.5, 5.8, 1.3], ""LiveScore Bet"": [8.0, 5.4, 1.27], ""Paddy Power"": [7.0, 5.0, 1.29], ""Sky Bet"": [6.0, 4.75, 1.29], ""Smarkets"": [5.7, 4.6, 1.3], ""Unibet (UK)"": [6.5, 5.25, 1.37], ""Virgin Bet"": [8.0, 5.4, 1.27], ""William Hill"": [7.0, 4.8, 1.36]}"
2026-10-08T14:28:00.276280+00:00,soccer_netherlands_eredivisie-1c871e0acb43e1baa366e05f9e8271c4-1x2,Eredivisie,Groningen v Ajax,2026-10-18T14:45:00Z,6,0.231,0.223458,0.54353,0.219954,0.209335,0.568777,0.231466,0.223908,0.544626,0.22038,0.209741,0.569879,"{""888sport"": [4.0, 4.0, 1.7], ""BoyleSports"": [3.75, 4.2, 1.62], ""Paddy Power"": [4.0, 4.2, 1.62], ""Sky Bet"": [3.6, 3.8, 1.6], ""Unibet (UK)"": [4.0, 4.2, 1.7], ""William Hill"": [4.0, 4.0, 1.7]}"
2026-10-08T14:28:00.276280+00:00,soccer_netherlands_eredivisie-f5f058db1f3692fe9aff846162be3065-1x2,Eredivisie,FC Twente Enschede v FC Utrecht,2026-10-18T18:00:00Z,6,0.697674,0.175648,0.122396,0.745629,0.148806,0.101785,0.700675,0.176404,0.122922,0.748458,0.149371,0.102171,"{""888sport"": [1.3, 5.0, 7.5], ""BoyleSports"": [1.29, 5.0, 7.0], ""Paddy Power"": [1.25, 5.5, 7.5], ""Sky Bet"": [1.25, 5.0, 6.25], ""Unibet (UK)"": [1.3, 5.75, 7.5], ""William Hill"": [1.3, 5.0, 7.5]}"
2026-10-08T14:28:00.276280+00:00,soccer_netherlands_eredivisie-49d62e8cae430b679acc50c2e26f391e-1x2,Eredivisie,NEC Nijmegen v Fortuna Sittard,2026-10-18T18:00:00Z,7,0.647482,0.190818,0.161309,0.684179,0.167055,0.132908,0.647736,0.190893,0.161372,0.695203,0.169747,0.13505,"{""888sport"": [1.4, 4.5, 6.0], ""BoyleSports"": [1.4, 4.75, 5.0], ""Paddy Power"": [1.33, 5.0, 6.0], ""Sky Bet"": [1.33, 4.5, 5.25], ""Smarkets"": [1.36, 4.4, 5.0], ""Unibet (UK)"": [1.42, 5.0, 5.75], ""William Hill"": [1.4, 4.5, 6.0]}"
2026-10-08T14:28:00.276280+00:00,soccer_germany_bundesliga-3fb63658405d468954f57745cd115118-1x2,Bundesliga,Borussia Dortmund v Werder Bremen,2026-10-09T18:30:00Z,21,0.709906,0.169492,0.12093,0.735099,0.158984,0.105452,0.709673,0.169436,0.120891,0.735441,0.159058,0.105501,"{""888sport"": [1.33, 5.0, 7.0], ""Bet Victor"": [1.3, 5.0, 7.5], ""Betano (UK)"": [1.3, 5.0, 7.5], ""Betfair"": [1.36, 6.2, 9.4], ""Betfair Sportsbook"": [1.33, 5.5, 8.5], ""Betfred (UK)"": [1.33, 5.5, 8.0], ""Betway"": [1.33, 5.75, 7.5], ""BoyleSports"": [1.33, 5.0, 6.5], ""Casumo"": [1.29, 5.8, 8.0], ""Coral"": [1.36, 5.25, 7.5], ""Grosvenor"": [1.25, 6.0, 9.0], ""Ladbrokes"": [1.36, 5.25, 7.5], ""LeoVegas"": [1.32, 5.5, 7.5], ""LiveScore Bet"": [1.29, 5.6, 7.5], ""Matchbook"": [1.36, 6.2, 9.4], ""Paddy Power"": [1.3, 5.5, 8.0], ""Sky Bet"": [1.3, 5.25, 8.0], ""Smarkets"": [1.36, 6.0, 9.2], ""Unibet (UK)"": [1.33, 5.75, 7.5], ""Virgin Bet"": [1.3, 5.8, 8.0], ""William Hill"": [1.33, 5.0, 7.0]}"
2026-10-08T14:28:00.276280+00:00,soccer_germany_bundesliga-3b71160ad20dba786c4f92e33c987d80-1x2,Bundesliga,Augsburg v Bayern Munich,2026-10-10T13:30:00Z,21,0.084827,0.116555,0.796409,0.071718,0.095942,0.830604,0.085015,0.116813,0.798172,0.071842,0.096109,0.832049,"{""888sport"": [10.0, 8.0, 1.18], ""Bet Victor"": [11.0, 7.5, 1.14], ""Betano (UK)"": [11.0, 7.5, 1.14], ""Betfair"": [13.0, 9.8, 1.2], ""Betfair Sportsbook"": [13.0, 8.5, 1.17], ""Betfred (UK)"": [12.0, 8.0, 1.18], ""Betway"": [10.0, 9.0, 1.18], ""BoyleSports"": [9.0, 8.0, 1.15], ""Casumo"": [11.0, 7.5, 1.19], ""Coral"": [10.0, 9.0, 1.2], ""Grosvenor"": [11.5, 7.5, 1.19], ""Ladbrokes"": [9.5, 8.5, 1.2], ""LeoVegas"": [10.0, 8.0, 1.18], ""LiveScore Bet"": [10.5, 6.75, 1.17], ""Matchbook"": [13.0, 10.0, 1.2], ""Paddy Power"": [13.0, 8.5, 1.14], ""Sky Bet"": [12.0, 8.0, 1.17], ""Smarkets"": [13.0, 10.0, 1.2], ""Unibet (UK)"": [11.0, 8.0, 1.19], ""Virgin Bet"": [11.0, 7.5, 1.18], ""William Hill"": [10.0, 8.0, 1.18]}"
2026-10-08T14:28:00.276280+00:00,soccer_germany_bundesliga-418f8c26d46eaabd829f2e265673b855-1x2,Bundesliga,FSV Mainz 05 v Bayer Leverkusen,2026-10-10T13:30:00Z,21,0.326187,0.245536,0.431194,0.324705,0.242098,0.437121,0.325238,0.244821,0.42994,0.323436,0.241152,0.435412,"{""888sport"": [2.8, 3.6, 2.25], ""Bet Victor"": [2.8, 3.75, 2.1], ""Betano (UK)"": [2.8, 3.75, 2.1], ""Betfair"": [3.15, 4.0, 2.26], ""Betfair Sportsbook"": [3.0, 3.9, 2.2], ""Betfred (UK)"": [2.88, 4.0, 2.2], ""Betway"": [2.9, 3.8, 2.15], ""BoyleSports"": [2.7, 3.8, 2.0], ""Casumo"": [2.85, 3.85, 2.17], ""Coral"": [2.9, 3.75, 2.25], ""Grosvenor"": [2.88, 3.95, 2.2], ""Ladbrokes"": [2.87, 3.75, 2.2], ""LeoVegas"": [2.85, 3.7, 2.2], ""LiveScore Bet"": [2.75, 3.75, 2.12], ""Matchbook"": [3.15, 4.0, 2.26], ""Paddy Power"": [3.0, 3.8, 2.15], ""Sky Bet"": [2.8, 3.9, 2.15], ""Smarkets"": [3.15, 4.0, 2.28], ""Unibet (UK)"": [2.9, 3.8, 2.2], ""Virgin Bet"": [2.8, 3.8, 2.16], ""William Hill"": [2.8, 3.6, 2.25]}"
2026-10-08T14:28:00.276280+00:00,soccer_germany_bundesliga-2fd48be0a24ed906187067d4170bf010-1x2,Bundesliga,Union Berlin v Elversberg,2026-10-10T13:30:00Z,21,0.410718,0.25382,0.335426,0.414709,0.247726,0.33507,0.410733,0.25383,0.335438,0.415746,0.248346,0.335908,"{""888sport"": [2.25, 3.6, 2.7], ""Bet Victor"": [2.2, 3.6, 2.7], ""Betano (UK)"": [2.2, 3.6, 2.7], ""Betfair"": [2.44, 3.9, 2.98], ""Betfair Sportsbook"": [2.3, 3.75, 2.9], ""Betfred (UK)"": [2.3, 3.75, 2.8], ""Betway"": [2.3, 3.75, 2.7], ""BoyleSports"": [2.2, 3.6, 2.5], ""Casumo"": [2.23, 3.7, 2.85], ""Coral"": [2.25, 3.9, 2.8], ""Grosvenor"": [2.25, 3.8, 2.88], ""Ladbrokes"": [2.25, 3.8, 2.8], ""LeoVegas"": [2.35, 3.65, 2.7], ""LiveScore Bet"": [2.17, 3.6, 2.75], ""Matchbook"": [2.44, 3.9, 2.98], ""Paddy Power"": [2.3, 3.6, 2.88], ""Sky Bet"": [2.3, 3.6, 2.8], ""Smarkets"": [2.4, 3.9, 2.98], ""Unibet (UK)"": [2.35, 3.7, 2.75], ""Virgin Bet"": [2.2, 3.65, 2.85], ""William Hill"": [2.25, 3.6, 2.7]}"
2026-10-08T14:28:00.276280+00:00,soccer_germany_bundesliga-f03c08c0ae5fd66c2d2df2053115bb94-1x2,Bundesliga,TSG Hoffenheim v Hamburger SV,2026-10-10T13:30:00Z,21,0.663507,0.189189,0.144033,0.687748,0.176431,0.134528,0.665684,0.18981,0.144506,0.688638,0.176659,0.134703,"{""888sport"": [1.4, 4.5, 6.5], ""Bet Victor"": [1.4, 4.75, 6.0], ""Betano (UK)"": [1.4, 4.75, 6.0], ""Betfair"": [1.46, 5.5, 7.4], ""Betfair Sportsbook"": [1.4, 5.0, 6.5], ""Betfred (UK)"": [1.4, 5.0, 7.0], ""Betway"": [1.43, 4.75, 6.0], ""BoyleSports"": [1.36, 4.75, 6.0], ""Casumo"": [1.4, 4.9, 6.5], ""Coral"": [1.44, 5.0, 6.5], ""Grosvenor"": [1.4, 5.1, 6.75], ""Ladbrokes"": [1.44, 5.0, 6.0], ""LeoVegas"": [1.4, 5.0, 6.0], ""LiveScore Bet"": [1.37, 4.7, 6.1], ""Matchbook"": [1.46, 5.5, 7.4], ""Paddy Power"": [1.36, 5.0, 6.5], ""Sky Bet"": [1.4, 5.0, 6.25], ""Smarkets"": [1.46, 5.5, 7.4], ""Unibet (UK)"": [1.42, 5.25, 6.0], ""Virgin Bet"": [1.38, 4.8, 6.4], ""William Hill"": [1.4, 4.5, 6.5]}"
2026-10-08T14:28:00.276280+00:00,soccer_germany_bundesliga-9aade3e736c3d113dab19e641c43e272-1x2,Bundesliga,SC Paderborn v VfB Stuttgart,2026-10-10T13:30:00Z,21,0.197328,0.208551,0.592105,0.188318,0.201203,0.610479,0.197727,0.208972,0.593302,0.188318,0.201203,0.610479,"{""888sport"": [4.6, 4.33, 1.57], ""Bet Victor"": [4.6, 4.33, 1.53], ""Betano (UK)"": [4.6, 4.33, 1.53], ""Betfair"": [5.1, 4.9, 1.65], ""Betfair Sportsbook"": [5.0, 4.6, 1.6], ""Betfred (UK)"": [4.6, 4.6, 1.6], ""Betway"": [4.5, 4.5, 1.57], ""BoyleSports"": [4.33, 4.33, 1.5], ""Casumo"": [4.75, 4.35, 1.57], ""Coral"": [4.8, 4.5, 1.6], ""Grosvenor"": [4.9, 4.5, 1.6], ""Ladbrokes"": [4.8, 4.5, 1.6], ""LeoVegas"": [4.6, 4.5, 1.57], ""LiveScore Bet"": [4.5, 4.2, 1.56], ""Matchbook"": [5.2, 4.9, 1.65], ""Paddy Power"": [4.75, 4.5, 1.57], ""Sky Bet"": [4.75, 4.5, 1.57], ""Smarkets"": [5.1, 4.9, 1.65], ""Unibet (UK)"": [4.75, 4.6, 1.58], ""Virgin Bet"": [4.7, 4.3, 1.58], ""William Hill"": [4.6, 4.33, 1.57]}"
2026-10-08T14:28:00.276280+00:00,soccer_germany_bundesliga-01cb7a67c8ae71201ec27297455fc0e8-1x2,Bundesliga,RB Leipzig v Eintracht Frankfurt,2026-10-10T16:30:00Z,21,0.610282,0.197984,0.190713,0.630641,0.187007,0.180439,0.610906,0.198186,0.190908,0.63185,0.187365,0.180785,"{""888sport"": [1.5, 4.6, 4.8], ""Bet Victor"": [1.5, 4.5, 4.75], ""Betano (UK)"": [1.5, 4.5, 4.75], ""Betfair"": [1.6, 5.0, 5.4], ""Betfair Sportsbook"": [1.55, 4.75, 5.0], ""Betfred (UK)"": [1.53, 4.5, 4.5], ""Betway"": [1.53, 4.75, 4.75], ""BoyleSports"": [1.5, 4.75, 4.0], ""Casumo"": [1.5, 4.7, 5.1], ""Coral"": [1.55, 4.8, 4.8], ""Grosvenor"": [1.51, 4.8, 5.2], ""Ladbrokes"": [1.55, 4.8, 4.8], ""LeoVegas"": [1.53, 4.8, 4.7], ""LiveScore Bet"": [1.48, 4.5, 4.8], ""Matchbook"": [1.6, 5.0, 5.4], ""Paddy Power"": [1.5, 4.5, 5.0], ""Sky Bet"": [1.5, 5.0, 5.0], ""Smarkets"": [1.59, 5.0, 5.4], ""Unibet (UK)"": [1.55, 4.75, 4.75], ""Virgin Bet"": [1.5, 4.6, 5.0], ""William Hill"": [1.5, 4.6, 4.8]}"
2026-10-08T14:28:00.276280+00:00,soccer_germany_bundesliga-a8801462cb97a43570956e4b3ef4aedf-1x2,Bundesliga,1. FC Köln v Borussia Monchengladbach,2026-10-11T13:30:00Z,21,0.467158,0.241555,0.291287,0.479217,0.235146,0.28759,0.467158,0.241555,0.291287,0.478283,0.234688,0.28703,"{""888sport"": [2.0, 3.8, 3.1], ""Bet Victor"": [1.95, 3.75, 3.1], ""Betano (UK)"": [1.95, 3.75, 3.1], ""Betfair"": [2.12, 4.1, 3.35], ""Betfair Sportsbook"": [2.0, 4.0, 3.3], ""Betfred (UK)"": [2.0, 4.0, 3.3], ""Betway"": [2.0, 3.8, 3.1], ""BoyleSports"": [1.95, 3.8, 2.88], ""Casumo"": [1.93, 4.0, 3.25], ""Coral"": [2.0, 3.9, 3.4], ""Grosvenor"": [1.94, 4.1, 3.35], ""Ladbrokes"": [1.95, 3.8, 3.4], ""LeoVegas"": [2.05, 3.8, 3.1], ""LiveScore Bet"": [1.89, 3.85, 3.15], ""Matchbook"": [2.12, 4.1, 3.4], ""Paddy Power"": [1.95, 3.8, 3.25], ""Sky Bet"": [2.0, 3.9, 3.25], ""Smarkets"": [2.12, 4.1, 3.4], ""Unibet (UK)"": [2.08, 3.9, 3.2], ""Virgin Bet"": [1.92, 3.95, 3.25], ""William Hill"": [2.0, 3.8, 3.1]}"
2026-10-08T14:28:00.276280+00:00,soccer_germany_bundesliga-eaf509fb37413b7d055cd394667792b3-1x2,Bundesliga,SC Freiburg v FC Schalke 04,2026-10-11T15:30:00Z,21,0.570806,0.231952,0.197383,0.589492,0.22258,0.187482,0.570726,0.231919,0.197355,0.589755,0.22268,0.187566,"{""888sport"": [1.65, 4.0, 4.5], ""Bet Victor"": [1.6, 3.9, 4.5], ""Betano (UK)"": [1.6, 3.9, 4.5], ""Betfair"": [1.7, 4.1, 5.6], ""Betfair Sportsbook"": [1.65, 4.2, 5.0], ""Betfred (UK)"": [1.67, 4.2, 4.6], ""Betway"": [1.61, 4.0, 4.75], ""BoyleSports"": [1.6, 3.75, 4.5], ""Casumo"": [1.62, 4.2, 4.7], ""Coral"": [1.65, 4.0, 5.0], ""Grosvenor"": [1.63, 4.25, 4.8], ""Ladbrokes"": [1.65, 4.0, 4.8], ""LeoVegas"": [1.64, 4.0, 4.6], ""LiveScore Bet"": [1.6, 4.0, 4.5], ""Matchbook"": [1.7, 4.0, 5.6], ""Paddy Power"": [1.62, 4.0, 4.75], ""Sky Bet"": [1.62, 4.0, 4.75], ""Smarkets"": [1.7, 4.1, 5.6], ""Unibet (UK)"": [1.65, 4.0, 4.75], ""Virgin Bet"": [1.63, 4.1, 4.6], ""William Hill"": [1.65, 4.0, 4.5]}"
2026-10-08T14:28:00.276280+00:00,soccer_germany_bundesliga-947bd5d924835af090d9cdc7bbdf10f6-1x2,Bundesliga,Eintracht Frankfurt v 1. FC Köln,2026-10-16T18:30:00Z,19,0.490269,0.23505,0.272429,0.502454,0.227263,0.26848,0.491376,0.23558,0.273044,0.503361,0.227674,0.268965,"{""888sport"": [1.91, 3.9, 3.3], ""Bet Victor"": [1.87, 3.9, 3.25], ""Betano (UK)"": [1.87, 3.9, 3.25], ""Betfair"": [1.92, 3.9, 3.55], ""Betfred (UK)"": [1.9, 4.2, 3.5], ""Betway"": [1.88, 4.0, 3.3], ""BoyleSports"": [1.75, 3.8, 3.2], ""Casumo"": [1.87, 3.95, 3.5], ""Coral"": [1.95, 4.0, 3.4], ""Grosvenor"": [1.88, 4.0, 3.55], ""Ladbrokes"": [1.95, 4.0, 3.3], ""LeoVegas"": [1.92, 3.9, 3.2], ""LiveScore Bet"": [1.83, 3.8, 3.35], ""Paddy Power"": [1.83, 4.0, 3.4], ""Sky Bet"": [1.85, 4.0, 3.4], ""Smarkets"": [1.88, 3.5, 3.4], ""Unibet (UK)"": [1.93, 4.0, 3.3], ""Virgin Bet"": [1.86, 3.9, 3.45], ""William Hill"": [1.91, 3.9, 3.3]}"
2026-10-08T14:28:00.276280+00:00,soccer_germany_bundesliga-0bf757f3bd903496ce2fa27bd0481869-1x2,Bundesliga,Elversberg v Augsburg,2026-10-17T13:30:00Z,17,0.38785,0.24473,0.363636,0.391928,0.238944,0.364951,0.389323,0.245659,0.365017,0.393572,0.239946,0.366482,"{""888sport"": [2.4, 3.6, 2.6], ""Betfair"": [2.5, 3.9, 2.64], ""Betfred (UK)"": [2.4, 4.0, 2.6], ""Betway"": [2.38, 3.8, 2.5], ""BoyleSports"": [2.25, 3.6, 2.4], ""Casumo"": [2.3, 3.8, 2.65], ""Coral"": [2.4, 3.9, 2.6], ""Grosvenor"": [2.32, 3.9, 2.7], ""Ladbrokes"": [2.4, 3.9, 2.6], ""LeoVegas"": [2.38, 3.7, 2.5], ""LiveScore Bet"": [2.23, 3.65, 2.6], ""Paddy Power"": [2.38, 3.8, 2.5], ""Sky Bet"": [2.4, 3.8, 2.5], ""Smarkets"": [2.4, 3.4, 2.56], ""Unibet (UK)"": [2.45, 3.75, 2.55], ""Virgin Bet"": [2.28, 3.75, 2.65], ""William Hill"": [2.4, 3.6, 2.6]}"
2026-10-08T14:28:00.276280+00:00,soccer_germany_bundesliga-d8eac776adb07b0e7f01d8736d097291-1x2,Bundesliga,Union Berlin v Borussia Dortmund,2026-10-17T13:30:00Z,16,0.205391,0.219944,0.575737,0.19848,0.210671,0.589684,0.205171,0.219709,0.57512,0.198711,0.210917,0.590372,"{""888sport"": [4.33, 4.0, 1.67], ""Betfair"": [4.9, 4.6, 1.68], ""Betway"": [4.33, 4.2, 1.61], ""BoyleSports"": [4.0, 4.0, 1.62], ""Casumo"": [5.1, 4.3, 1.56], ""Coral"": [4.5, 4.2, 1.67], ""Grosvenor"": [5.2, 4.4, 1.56], ""Ladbrokes"": [4.5, 4.2, 1.67], ""LeoVegas"": [4.4, 4.1, 1.62], ""LiveScore Bet"": [4.8, 4.1, 1.53], ""Paddy Power"": [4.75, 4.2, 1.57], ""Sky Bet"": [4.75, 4.33, 1.6], ""Smarkets"": [4.8, 4.5, 1.67], ""Unibet (UK)"": [4.5, 4.2, 1.65], ""Virgin Bet"": [5.0, 4.25, 1.55], ""William Hill"": [4.33, 4.0, 1.67]}"
2026-10-08T14:28:00.276280+00:00,soccer_germany_bundesliga-606d65d57a9a6d8f9b53faee1ad10009-1x2,Bundesliga,FC Schalke 04 v FSV Mainz 05,2026-10-17T13:30:00Z,17,0.331797,0.259677,0.408793,0.330994,0.255109,0.413026,0.331709,0.259608,0.408683,0.331283,0.255331,0.413386,"{""888sport"": [2.8, 3.4, 2.3], ""Betfair"": [2.86, 3.8, 2.36], ""Betfred (UK)"": [2.8, 3.75, 2.3], ""Betway"": [2.7, 3.6, 2.3], ""BoyleSports"": [2.6, 3.4, 2.25], ""Casumo"": [2.88, 3.6, 2.25], ""Coral"": [2.87, 3.7, 2.3], ""Grosvenor"": [2.9, 3.65, 2.28], ""Ladbrokes"": [2.8, 3.6, 2.3], ""LeoVegas"": [2.75, 3.5, 2.25], ""LiveScore Bet"": [2.8, 3.45, 2.18], ""Paddy Power"": [2.75, 3.6, 2.2], ""Sky Bet"": [2.8, 3.6, 2.25], ""Smarkets"": [2.84, 3.75, 2.34], ""Unibet (UK)"": [2.8, 3.6, 2.3], ""Virgin Bet"": [2.85, 3.55, 2.23], ""William Hill"": [2.8, 3.4, 2.3]}"
2026-10-08T14:28:00.276280+00:00,soccer_germany_bundesliga-221916b8b36706ec52aa655a64e5f1d2-1x2,Bundesliga,Hamburger SV v VfB Stuttgart,2026-10-17T13:30:00Z,19,0.252708,0.231427,0.514391,0.24358,0.222272,0.528543,0.253081,0.231769,0.51515,0.244953,0.223525,0.531522,"{""888sport"": [3.75, 3.75, 1.83], ""Bet Victor"": [3.5, 4.0, 1.75], ""Betano (UK)"": [3.5, 4.0, 1.75], ""Betfair"": [3.85, 4.1, 1.83], ""Betfred (UK)"": [3.6, 4.2, 1.83], ""Betway"": [3.6, 3.8, 1.8], ""BoyleSports"": [3.5, 3.8, 1.7], ""Casumo"": [4.1, 4.1, 1.71], ""Coral"": [3.7, 4.0, 1.85], ""Grosvenor"": [4.2, 4.25, 1.72], ""Ladbrokes"": [3.7, 4.0, 1.83], ""LeoVegas"": [3.55, 3.9, 1.8], ""LiveScore Bet"": [3.9, 4.0, 1.67], ""Paddy Power"": [3.6, 4.0, 1.75], ""Sky Bet"": [3.6, 4.0, 1.8], ""Smarkets"": [3.65, 3.55, 1.81], ""Unibet (UK)"": [3.6, 4.0, 1.83], ""Virgin Bet"": [4.0, 4.1, 1.7], ""William Hill"": [3.75, 3.75, 1.83]}"
2026-10-08T14:28:00.276280+00:00,soccer_germany_bundesliga-9a422e1aad1053828eaf629a58d901de-1x2,Bundesliga,Werder Bremen v SC Paderborn,2026-10-17T13:30:00Z,17,0.515055,0.239267,0.24569,0.527906,0.23221,0.237746,0.515049,0.239264,0.245687,0.529037,0.232707,0.238255,"{""888sport"": [1.8, 3.8, 3.75], ""Betfair"": [1.84, 4.0, 3.9], ""Betfred (UK)"": [1.83, 4.0, 3.75], ""Betway"": [1.75, 4.0, 3.8], ""BoyleSports"": [1.7, 4.0, 3.6], ""Casumo"": [1.83, 3.9, 3.65], ""Coral"": [1.83, 3.9, 4.0], ""Grosvenor"": [1.85, 3.95, 3.75], ""Ladbrokes"": [1.83, 3.9, 3.9], ""LeoVegas"": [1.8, 3.85, 3.7], ""LiveScore Bet"": [1.81, 3.75, 3.55], ""Paddy Power"": [1.75, 3.8, 3.75], ""Sky Bet"": [1.8, 3.9, 3.75], ""Smarkets"": [1.79, 3.85, 3.8], ""Unibet (UK)"": [1.8, 3.9, 3.9], ""Virgin Bet"": [1.83, 3.85, 3.6], ""William Hill"": [1.8, 3.8, 3.75]}"
2026-10-08T14:28:00.276280+00:00,soccer_germany_bundesliga-9a64448205fdc4b95f45641bb946706c-1x2,Bundesliga,Bayern Munich v RB Leipzig,2026-10-17T16:30:00Z,19,0.761974,0.13389,0.0982,0.803938,0.113397,0.082058,0.766525,0.134689,0.098786,0.804426,0.113466,0.082108,"{""888sport"": [1.25, 6.0, 9.5], ""Bet Victor"": [1.2, 6.5, 9.0], ""Betano (UK)"": [1.2, 6.5, 9.0], ""Betfair"": [1.25, 7.6, 10.5], ""Betfred (UK)"": [1.22, 7.5, 10.0], ""Betway"": [1.22, 7.0, 8.0], ""BoyleSports"": [1.2, 6.5, 7.5], ""Casumo"": [1.2, 7.5, 10.0], ""Coral"": [1.25, 7.0, 8.5], ""Grosvenor"": [1.21, 7.5, 10.5], ""Ladbrokes"": [1.25, 7.0, 8.5], ""LeoVegas"": [1.22, 6.75, 8.5], ""LiveScore Bet"": [1.19, 6.75, 9.0], ""Paddy Power"": [1.18, 7.0, 10.0], ""Sky Bet"": [1.2, 7.0, 9.5], ""Smarkets"": [1.23, 7.6, 10.5], ""Unibet (UK)"": [1.23, 7.0, 9.0], ""Virgin Bet"": [1.2, 7.0, 9.5], ""William Hill"": [1.25, 6.0, 9.5]}"
2026-10-08T14:28:00.276280+00:00,soccer_germany_bundesliga-096d800bcc95c547ef592cbef624d080-1x2,Bundesliga,Bayer Leverkusen v SC Freiburg,2026-10-18T13:30:00Z,17,0.567968,0.219378,0.211257,0.585009,0.209516,0.20438,0.568762,0.219685,0.211552,0.58565,0.209745,0.204604,"{""888sport"": [1.61, 4.2, 4.4], ""Betfair"": [1.67, 4.5, 4.6], ""Betfred (UK)"": [1.67, 4.33, 4.6], ""Betway"": [1.61, 4.2, 4.2], ""BoyleSports"": [1.57, 4.2, 4.0], ""Casumo"": [1.66, 4.25, 4.2], ""Coral"": [1.67, 4.2, 4.6], ""Grosvenor"": [1.68, 4.35, 4.3], ""Ladbrokes"": [1.65, 4.2, 4.5], ""LeoVegas"": [1.64, 4.1, 4.3], ""LiveScore Bet"": [1.63, 4.1, 4.0], ""Paddy Power"": [1.6, 4.2, 4.5], ""Sky Bet"": [1.62, 4.33, 4.5], ""Smarkets"": [1.66, 4.4, 4.5], ""Unibet (UK)"": [1.65, 4.2, 4.35], ""Virgin Bet"": [1.66, 4.2, 4.2], ""William Hill"": [1.62, 4.2, 4.4]}"
2026-10-08T14:28:00.276280+00:00,soccer_germany_bundesliga-fd9b8c185737a15615aa0c9daaa3dfbf-1x2,Bundesliga,Borussia Monchengladbach v TSG Hoffenheim,2026-10-18T15:30:00Z,13,0.286765,0.234554,0.482073,0.280955,0.227035,0.49401,0.285795,0.233761,0.480443,0.280394,0.226582,0.493024,"{""888sport"": [3.3, 3.9, 1.91], ""Betfair"": [3.35, 4.2, 1.99], ""Betfred (UK)"": [3.3, 4.2, 1.95], ""Betway"": [3.25, 4.0, 1.91], ""BoyleSports"": [2.9, 4.0, 1.83], ""Coral"": [3.4, 4.0, 1.95], ""Ladbrokes"": [3.3, 4.0, 1.95], ""LeoVegas"": [3.2, 3.9, 1.92], ""Paddy Power"": [3.2, 4.0, 1.91], ""Sky Bet"": [3.25, 4.0, 1.95], ""Smarkets"": [3.15, 3.65, 1.94], ""Unibet (UK)"": [3.25, 3.9, 1.93], ""William Hill"": [3.3, 3.9, 1.91]}"
2026-10-08T14:28:00.276280+00:00,soccer_france_ligue_one-17694e68f399fdf9c5030021ec9bb595-1x2,Ligue 1,RC Lens v Lyon,2026-10-09T18:45:00Z,20,0.396197,0.255399,0.35002,0.398301,0.250871,0.350629,0.395558,0.254987,0.349455,0.39838,0.250921,0.350699,"{""888sport"": [2.4, 3.5, 2.62], ""Bet Victor"": [2.3, 3.7, 2.6], ""Betano (UK)"": [2.3, 3.7, 2.6], ""Betfair"": [2.5, 3.85, 2.88], ""Betfair Sportsbook"": [2.4, 3.75, 2.75], ""Betfred (UK)"": [2.38, 3.75, 2.75], ""Betway"": [2.3, 3.75, 2.75], ""BoyleSports"": [2.2, 3.6, 2.6], ""Casumo"": [2.4, 3.65, 2.63], ""Coral"": [2.37, 3.75, 2.7], ""Grosvenor"": [2.43, 3.7, 2.65], ""Ladbrokes"": [2.37, 3.75, 2.7], ""LeoVegas"": [2.35, 3.65, 2.65], ""LiveScore Bet"": [2.33, 3.55, 2.6], ""Paddy Power"": [2.38, 3.6, 2.7], ""Sky Bet"": [2.38, 3.6, 2.7], ""Smarkets"": [2.48, 3.85, 2.86], ""Unibet (UK)"": [2.4, 3.7, 2.7], ""Virgin Bet"": [2.33, 3.55, 2.6], ""William Hill"": [2.4, 3.5, 2.62]}"
2026-10-08T14:28:00.276280+00:00,soccer_france_ligue_one-2c173b3bd3a1491f17fcad1012019c4f-1x2,Ligue 1,Lille v Le Havre,2026-10-10T15:15:00Z,20,0.658725,0.198867,0.140772,0.685228,0.186032,0.126193,0.659805,0.199193,0.141003,0.686978,0.186507,0.126515,"{""888sport"": [1.4, 4.4, 6.5], ""Bet Victor"": [1.4, 4.5, 6.5], ""Betano (UK)"": [1.4, 4.5, 6.5], ""Betfair"": [1.47, 5.1, 7.8], ""Betfair Sportsbook"": [1.44, 5.0, 7.0], ""Betfred (UK)"": [1.44, 4.6, 7.0], ""Betway"": [1.44, 4.75, 6.0], ""BoyleSports"": [1.4, 4.5, 6.0], ""Casumo"": [1.4, 4.75, 7.0], ""Coral"": [1.44, 4.8, 6.5], ""Grosvenor"": [1.41, 4.8, 7.0], ""Ladbrokes"": [1.44, 4.6, 6.5], ""LeoVegas"": [1.42, 4.7, 6.5], ""LiveScore Bet"": [1.34, 4.4, 6.4], ""Paddy Power"": [1.4, 4.75, 6.5], ""Sky Bet"": [1.4, 4.75, 6.5], ""Smarkets"": [1.45, 4.9, 7.6], ""Unibet (UK)"": [1.42, 4.75, 6.5], ""Virgin Bet"": [1.34, 4.4, 6.4], ""William Hill"": [1.4, 4.4, 6.5]}"
2026-10-08T14:28:00.276280+00:00,soccer_france_ligue_one-c2c64ebfc5810226f807c1920d580392-1x2,Ligue 1,AS Monaco v Toulouse,2026-10-10T18:45:00Z,20,0.593504,0.219764,0.18449,0.617634,0.211168,0.173249,0.594838,0.220258,0.184905,0.61637,0.210736,0.172894,"{""888sport"": [1.57, 4.2, 5.0], ""Bet Victor"": [1.55, 4.1, 5.0], ""Betano (UK)"": [1.55, 4.1, 5.0], ""Betfair"": [1.63, 4.6, 5.6], ""Betfair Sportsbook"": [1.55, 4.5, 5.5], ""Betfred (UK)"": [1.57, 4.33, 5.5], ""Betway"": [1.55, 4.33, 5.0], ""BoyleSports"": [1.53, 4.2, 4.75], ""Casumo"": [1.56, 4.2, 5.0], ""Coral"": [1.61, 4.33, 5.0], ""Grosvenor"": [1.57, 4.3, 5.2], ""Ladbrokes"": [1.6, 4.2, 4.8], ""LeoVegas"": [1.57, 4.2, 5.0], ""LiveScore Bet"": [1.52, 3.95, 4.7], ""Paddy Power"": [1.5, 4.33, 5.0], ""Sky Bet"": [1.53, 4.33, 5.25], ""Smarkets"": [1.62, 4.5, 5.5], ""Unibet (UK)"": [1.58, 4.35, 5.25], ""Virgin Bet"": [1.52, 3.95, 4.7], ""William Hill"": [1.57, 4.2, 5.0]}"
2026-10-08T14:28:00.276280+00:00,soccer_france_ligue_one-007dc2ff845c33e3e18f2bd2bc126304-1x2,Ligue 1,Brest v Angers,2026-10-10T18:45:00Z,20,0.476089,0.258615,0.263514,0.486486,0.253072,0.259415,0.476939,0.259076,0.263984,0.486986,0.253332,0.259682,"{""888sport"": [1.95, 3.5, 3.5], ""Bet Victor"": [1.93, 3.5, 3.5], ""Betano (UK)"": [1.93, 3.5, 3.5], ""Betfair"": [2.08, 3.75, 3.8], ""Betfair Sportsbook"": [2.0, 3.75, 3.6], ""Betfred (UK)"": [2.0, 3.6, 3.6], ""Betway"": [1.95, 3.6, 3.5], ""BoyleSports"": [1.87, 3.6, 3.3], ""Casumo"": [1.89, 3.65, 3.7], ""Coral"": [2.0, 3.7, 3.5], ""Grosvenor"": [1.92, 3.7, 3.75], ""Ladbrokes"": [1.95, 3.7, 3.5], ""LeoVegas"": [2.0, 3.55, 3.4], ""LiveScore Bet"": [1.82, 3.45, 3.45], ""Paddy Power"": [1.95, 3.6, 3.5], ""Sky Bet"": [2.0, 3.6, 3.4], ""Smarkets"": [2.06, 3.7, 3.8], ""Unibet (UK)"": [2.0, 3.6, 3.5], ""Virgin Bet"": [1.82, 3.45, 3.45], ""William Hill"": [1.95, 3.5, 3.5]}"
2026-10-08T14:28:00.276280+00:00,soccer_france_ligue_one-2849460eb4d15adbb20ec15927a0fd4a-1x2,Ligue 1,Paris Saint Germain v Le Mans FC,2026-10-10T18:45:00Z,20,0.881474,0.078376,0.040943,0.923919,0.052681,0.022906,0.880775,0.078314,0.04091,0.924376,0.052707,0.022917,"{""888sport"": [1.06, 13.0, 26.0], ""Bet Victor"": [1.06, 10.0, 21.0], ""Betano (UK)"": [1.06, 10.0, 21.0], ""Betfair"": [1.1, 15.0, 23.0], ""Betfair Sportsbook"": [1.07, 14.0, 31.0], ""Betfred (UK)"": [1.07, 12.0, 26.0], ""Betway"": [1.07, 13.0, 23.0], ""BoyleSports"": [1.07, 11.0, 21.0], ""Casumo"": [1.07, 11.0, 23.0], ""Coral"": [1.08, 13.0, 21.0], ""Grosvenor"": [1.08, 12.0, 25.0], ""Ladbrokes"": [1.08, 13.0, 21.0], ""LeoVegas"": [1.07, 11.0, 21.0], ""LiveScore Bet"": [1.03, 10.0, 20.0], ""Paddy Power"": [1.06, 13.0, 26.0], ""Sky Bet"": [1.06, 12.0, 23.0], ""Smarkets"": [1.09, 14.49, 28.99], ""Unibet (UK)"": [1.08, 11.0, 26.0], ""Virgin Bet"": [1.03, 10.0, 20.0], ""William Hill"": [1.07, 13.0, 26.0]}"
2026-10-08T14:28:00.276280+00:00,soccer_france_ligue_one-3aa72885e0aa107c62843749f7930a9a-1x2,Ligue 1,Lorient v Paris FC,2026-10-10T18:45:00Z,20,0.299466,0.281647,0.419698,0.295738,0.279208,0.425667,0.299223,0.281419,0.419358,0.295557,0.279037,0.425406,"{""888sport"": [3.1, 3.1, 2.25], ""Bet Victor"": [3.1, 3.3, 2.15], ""Betano (UK)"": [3.1, 3.3, 2.15], ""Betfair"": [3.4, 3.5, 2.3], ""Betfair Sportsbook"": [3.1, 3.5, 2.25], ""Betfred (UK)"": [3.1, 3.5, 2.25], ""Betway"": [3.1, 3.3, 2.2], ""BoyleSports"": [3.0, 3.25, 2.15], ""Casumo"": [3.05, 3.3, 2.25], ""Coral"": [3.2, 3.3, 2.25], ""Grosvenor"": [3.1, 3.35, 2.28], ""Ladbrokes"": [3.2, 3.25, 2.25], ""LeoVegas"": [3.1, 3.3, 2.25], ""LiveScore Bet"": [2.95, 3.1, 2.14], ""Paddy Power"": [3.0, 3.4, 2.2], ""Sky Bet"": [3.1, 3.4, 2.2], ""Smarkets"": [3.35, 3.45, 2.26], ""Unibet (UK)"": [3.2, 3.3, 2.25], ""Virgin Bet"": [2.95, 3.1, 2.14], ""William Hill"": [3.1, 3.1, 2.25]}"
2026-10-08T14:28:00.276280+00:00,soccer_france_ligue_one-5d3606630a2d3a218a6340d082c1bdc6-1x2,Ligue 1,Nice v Strasbourg,2026-10-11T13:00:00Z,20,0.410246,0.264093,0.328255,0.41521,0.26109,0.327543,0.409185,0.26341,0.327406,0.41362,0.260091,0.326289,"{""888sport"": [2.25, 3.4, 2.9], ""Bet Victor"": [2.25, 3.5, 2.8], ""Betano (UK)"": [2.25, 3.5, 2.8], ""Betfair"": [2.38, 3.7, 3.05], ""Betfair Sportsbook"": [2.3, 3.8, 2.88], ""Betfred (UK)"": [2.3, 3.6, 2.88], ""Betway"": [2.25, 3.6, 2.9], ""BoyleSports"": [2.15, 3.5, 2.75], ""Casumo"": [2.35, 3.4, 2.8], ""Coral"": [2.3, 3.6, 2.9], ""Grosvenor"": [2.38, 3.5, 2.85], ""Ladbrokes"": [2.25, 3.6, 2.9], ""LeoVegas"": [2.3, 3.45, 2.8], ""LiveScore Bet"": [2.3, 3.3, 2.75], ""Paddy Power"": [2.25, 3.7, 2.8], ""Sky Bet"": [2.25, 3.6, 2.8], ""Smarkets"": [2.36, 3.65, 3.05], ""Unibet (UK)"": [2.35, 3.5, 2.88], ""Virgin Bet"": [2.3, 3.3, 2.75], ""William Hill"": [2.25, 3.4, 2.9]}"
2026-10-08T14:28:00.276280+00:00,soccer_france_ligue_one-34f584ab922e220dc4f3b81217959d6d-1x2,Ligue 1,Rennes v Auxerre,2026-10-11T15:15:00Z,20,0.658902,0.195881,0.142268,0.687362,0.180137,0.128673,0.660851,0.19646,0.142689,0.690003,0.180829,0.129167,"{""888sport"": [1.4, 4.6, 6.0], ""Bet Victor"": [1.4, 4.6, 6.5], ""Betano (UK)"": [1.4, 4.6, 6.5], ""Betfair"": [1.46, 5.0, 7.0], ""Betfair Sportsbook"": [1.4, 5.0, 7.0], ""Betfred (UK)"": [1.4, 5.0, 7.0], ""Betway"": [1.43, 5.0, 6.0], ""BoyleSports"": [1.4, 4.5, 5.5], ""Casumo"": [1.4, 4.8, 6.75], ""Coral"": [1.44, 4.8, 6.5], ""Grosvenor"": [1.41, 4.9, 7.0], ""Ladbrokes"": [1.44, 4.8, 6.5], ""LeoVegas"": [1.42, 4.9, 6.0], ""LiveScore Bet"": [1.38, 4.6, 6.4], ""Paddy Power"": [1.36, 5.0, 6.5], ""Sky Bet"": [1.4, 5.0, 6.5], ""Smarkets"": [1.45, 4.9, 7.4], ""Unibet (UK)"": [1.45, 5.0, 6.0], ""Virgin Bet"": [1.38, 4.6, 6.4], ""William Hill"": [1.4, 4.6, 6.0]}"
2026-10-08T14:28:00.276280+00:00,soccer_france_ligue_one-cb7067ac191abf32ad49dad45e46f639-1x2,Ligue 1,Troyes v Marseille,2026-10-11T18:45:00Z,20,0.253425,0.246936,0.500075,0.245558,0.23881,0.516088,0.253314,0.246828,0.499857,0.245446,0.238701,0.515852,"{""888sport"": [3.6, 3.6, 1.85], ""Bet Victor"": [3.6, 3.7, 1.83], ""Betano (UK)"": [3.6, 3.7, 1.83], ""Betfair"": [3.85, 3.9, 2.0], ""Betfair Sportsbook"": [3.8, 4.0, 1.87], ""Betfred (UK)"": [3.75, 4.0, 1.83], ""Betway"": [3.6, 3.8, 1.88], ""BoyleSports"": [3.5, 3.75, 1.8], ""Casumo"": [3.75, 3.75, 1.85], ""Coral"": [3.8, 3.9, 1.85], ""Grosvenor"": [3.85, 3.85, 1.87], ""Ladbrokes"": [3.8, 3.8, 1.85], ""LeoVegas"": [3.6, 3.75, 1.88], ""LiveScore Bet"": [3.6, 3.65, 1.81], ""Paddy Power"": [3.7, 3.8, 1.85], ""Sky Bet"": [3.6, 3.8, 1.85], ""Smarkets"": [3.85, 3.9, 1.99], ""Unibet (UK)"": [3.7, 3.8, 1.9], ""Virgin Bet"": [3.6, 3.65, 1.81], ""William Hill"": [3.6, 3.6, 1.85]}"
2026-10-08T14:28:00.276280+00:00,soccer_france_ligue_one-66c168c030f3faad3983fcadc3060009-1x2,Ligue 1,Le Mans FC v Toulouse,2026-10-16T18:45:00Z,15,0.310484,0.268657,0.419532,0.308483,0.264885,0.426119,0.310897,0.269014,0.42009,0.308642,0.265021,0.426338,"{""888sport"": [3.0, 3.3, 2.2], ""Betfair"": [3.0, 3.55, 2.24], ""Betfred (UK)"": [3.0, 3.6, 2.25], ""Betway"": [2.9, 3.5, 2.2], ""BoyleSports"": [2.9, 3.3, 2.15], ""Casumo"": [3.15, 3.4, 2.17], ""Grosvenor"": [3.2, 3.45, 2.2], ""LeoVegas"": [2.9, 3.45, 2.18], ""LiveScore Bet"": [3.05, 3.25, 2.12], ""Paddy Power"": [2.9, 3.5, 2.2], ""Sky Bet"": [3.0, 3.5, 2.2], ""Smarkets"": [2.72, 3.5, 2.22], ""Unibet (UK)"": [3.0, 3.5, 2.25], ""Virgin Bet"": [3.05, 3.25, 2.12], ""William Hill"": [3.0, 3.3, 2.2]}"
2026-10-08T14:28:00.276280+00:00,soccer_france_ligue_one-f3034246520a2ee4ff0ac0d5074966f8-1x2,Ligue 1,Strasbourg v Paris Saint Germain,2026-10-17T15:15:00Z,15,0.153005,0.182518,0.664886,0.138774,0.166204,0.694037,0.152943,0.182443,0.664614,0.138911,0.166368,0.694721,"{""888sport"": [6.0, 4.8, 1.4], ""Betfair"": [6.4, 5.5, 1.42], ""Betfred (UK)"": [6.5, 5.5, 1.4], ""Betway"": [5.75, 5.0, 1.4], ""BoyleSports"": [5.5, 5.0, 1.36], ""Casumo"": [6.1, 5.1, 1.4], ""Grosvenor"": [6.25, 5.25, 1.42], ""LeoVegas"": [5.75, 5.0, 1.38], ""LiveScore Bet"": [5.75, 4.9, 1.38], ""Paddy Power"": [6.5, 5.0, 1.36], ""Sky Bet"": [6.5, 5.0, 1.4], ""Smarkets"": [5.9, 5.4, 1.4], ""Unibet (UK)"": [6.0, 5.25, 1.4], ""Virgin Bet"": [5.75, 4.9, 1.38], ""William Hill"": [6.0, 4.8, 1.4]}"
2026-10-08T14:28:00.276280+00:00,soccer_france_ligue_one-ad25a350c89b64715e15c59cde5653d3-1x2,Ligue 1,Lille v Brest,2026-10-17T18:45:00Z,15,0.580374,0.232063,0.191829,0.601442,0.219858,0.17798,0.577909,0.231077,0.191014,0.601875,0.220016,0.178109,"{""888sport"": [1.61, 3.9, 4.8], ""Betfair"": [1.14, 2.06, 1.14], ""Betfred (UK)"": [1.62, 4.2, 5.0], ""Betway"": [1.6, 4.0, 4.75], ""BoyleSports"": [1.57, 4.0, 4.75], ""Casumo"": [1.6, 4.0, 5.1], ""Grosvenor"": [1.61, 4.1, 5.25], ""LeoVegas"": [1.6, 3.95, 4.7], ""LiveScore Bet"": [1.56, 3.9, 4.9], ""Paddy Power"": [1.57, 4.0, 5.0], ""Sky Bet"": [1.6, 4.0, 5.0], ""Smarkets"": [1.52, 3.65, 4.3], ""Unibet (UK)"": [1.62, 4.0, 4.75], ""Virgin Bet"": [1.56, 3.9, 4.9], ""William Hill"": [1.62, 3.9, 4.8]}"
2026-10-08T14:28:00.276280+00:00,soccer_france_ligue_one-b077aa049133c0358bcd643bfee48da3-1x2,Ligue 1,Troyes v RC Lens,2026-10-17T18:45:00Z,15,0.241144,0.245308,0.51334,0.232177,0.233664,0.530987,0.241194,0.245359,0.513447,0.232916,0.234408,0.532676,"{""888sport"": [3.9, 3.7, 1.8], ""Betfair"": [2.14, 2.16, 1.12], ""Betfred (UK)"": [4.0, 4.0, 1.8], ""Betway"": [3.8, 3.8, 1.77], ""BoyleSports"": [3.6, 3.8, 1.73], ""Casumo"": [3.9, 3.8, 1.81], ""Grosvenor"": [3.95, 3.9, 1.83], ""LeoVegas"": [3.7, 3.8, 1.8], ""LiveScore Bet"": [3.75, 3.65, 1.77], ""Paddy Power"": [3.8, 3.8, 1.75], ""Sky Bet"": [3.9, 3.9, 1.8], ""Smarkets"": [3.45, 3.45, 1.71], ""Unibet (UK)"": [3.8, 3.8, 1.83], ""Virgin Bet"": [3.75, 3.65, 1.77], ""William Hill"": [3.9, 3.7, 1.8]}"
2026-10-08T14:28:00.276280+00:00,soccer_france_ligue_one-c7a60aa94470fe959fbf6b0c68060fc1-1x2,Ligue 1,Angers v Marseille,2026-10-18T13:00:00Z,15,0.305092,0.258026,0.439514,0.302104,0.251318,0.448918,0.304291,0.257349,0.43836,0.301399,0.250732,0.44787,"{""888sport"": [3.0, 3.4, 2.15], ""Betfair"": [1.1, 1.1, 1.1], ""Betfred (UK)"": [3.0, 4.0, 2.15], ""Betway"": [3.0, 3.6, 2.1], ""BoyleSports"": [2.9, 3.6, 2.0], ""Casumo"": [3.1, 3.65, 2.1], ""Grosvenor"": [3.15, 3.7, 2.14], ""LeoVegas"": [3.05, 3.55, 2.08], ""LiveScore Bet"": [3.0, 3.5, 2.06], ""Paddy Power"": [2.9, 3.75, 2.1], ""Sky Bet"": [3.0, 3.75, 2.1], ""Smarkets"": [2.82, 3.25, 1.99], ""Unibet (UK)"": [3.1, 3.6, 2.1], ""Virgin Bet"": [3.0, 3.5, 2.06], ""William Hill"": [3.0, 3.4, 2.15]}"
2026-10-08T14:28:00.276280+00:00,soccer_france_ligue_one-53f5fe7ed0ba0fbf6345c73270e4cd00-1x2,Ligue 1,Lorient v AS Monaco,2026-10-18T15:15:00Z,15,0.27702,0.274656,0.450157,0.270508,0.270296,0.459677,0.276513,0.274154,0.449334,0.270378,0.270166,0.459456,"{""888sport"": [3.4, 3.3, 2.05], ""Betfair"": [3.35, 3.35, 2.14], ""Betfred (UK)"": [3.3, 3.6, 2.1], ""Betway"": [3.1, 3.5, 2.05], ""BoyleSports"": [3.25, 3.3, 2.0], ""Casumo"": [3.55, 3.4, 2.02], ""Grosvenor"": [3.65, 3.45, 2.04], ""LeoVegas"": [3.2, 3.45, 2.05], ""LiveScore Bet"": [3.45, 3.25, 1.97], ""Paddy Power"": [3.2, 3.6, 2.05], ""Sky Bet"": [3.25, 3.6, 2.05], ""Smarkets"": [3.25, 3.05, 2.08], ""Unibet (UK)"": [3.25, 3.4, 2.08], ""Virgin Bet"": [3.45, 3.25, 1.97], ""William Hill"": [3.4, 3.3, 2.05]}"
2026-10-08T14:28:00.276280+00:00,soccer_france_ligue_one-d637845b9760bb02b55bbbaa32b5c21e-1x2,Ligue 1,Le Havre v Auxerre,2026-10-18T15:15:00Z,15,0.390695,0.278175,0.330583,0.396657,0.272774,0.330135,0.390908,0.278327,0.330764,0.396829,0.272893,0.330278,"{""888sport"": [2.4, 3.25, 2.8], ""Betfair"": [1.1, 1.1, 1.1], ""Betfred (UK)"": [2.4, 3.5, 2.8], ""Betway"": [2.38, 3.4, 2.75], ""BoyleSports"": [2.3, 3.25, 2.7], ""Casumo"": [2.35, 3.35, 2.85], ""Grosvenor"": [2.4, 3.4, 2.9], ""LeoVegas"": [2.35, 3.3, 2.75], ""LiveScore Bet"": [2.3, 3.25, 2.75], ""Paddy Power"": [2.3, 3.5, 2.7], ""Sky Bet"": [2.38, 3.5, 2.75], ""Smarkets"": [1.05, 1.01, 1.05], ""Unibet (UK)"": [2.38, 3.3, 2.8], ""Virgin Bet"": [2.3, 3.25, 2.75], ""William Hill"": [2.4, 3.25, 2.8]}"
2026-10-08T14:28:00.276280+00:00,soccer_france_ligue_one-27f7222d2abde93fc6e8d17b5b05b272-1x2,Ligue 1,Paris FC v Rennes,2026-10-18T15:15:00Z,15,0.415683,0.271401,0.312695,0.423351,0.268063,0.311279,0.415775,0.271461,0.312764,0.422214,0.267343,0.310443,"{""888sport"": [2.25, 3.5, 2.88], ""Betfair"": [2.38, 3.2, 3.0], ""Betfred (UK)"": [2.3, 3.5, 3.0], ""Betway"": [2.2, 3.4, 2.9], ""BoyleSports"": [2.15, 3.25, 2.9], ""Casumo"": [2.23, 3.4, 3.05], ""Grosvenor"": [2.25, 3.5, 3.1], ""LeoVegas"": [2.18, 3.45, 2.9], ""LiveScore Bet"": [2.16, 3.3, 2.95], ""Paddy Power"": [2.25, 3.5, 2.8], ""Sky Bet"": [2.3, 3.5, 2.8], ""Smarkets"": [2.3, 2.96, 2.98], ""Unibet (UK)"": [2.2, 3.4, 3.0], ""Virgin Bet"": [2.16, 3.3, 2.95], ""William Hill"": [2.25, 3.5, 2.88]}"
2026-10-08T14:28:00.276280+00:00,soccer_france_ligue_one-471f891b1f6516a864ad94c8eb649f5e-1x2,Ligue 1,Lyon v Nice,2026-10-18T18:45:00Z,15,0.567705,0.237447,0.195328,0.590044,0.227151,0.184703,0.567433,0.237333,0.195234,0.588926,0.226721,0.184353,"{""888sport"": [1.65, 3.8, 4.8], ""Betfair"": [1.12, 1.13, 1.1], ""Betfred (UK)"": [1.67, 4.0, 5.0], ""Betway"": [1.61, 4.0, 4.5], ""BoyleSports"": [1.6, 4.0, 4.5], ""Casumo"": [1.63, 3.95, 4.9], ""Grosvenor"": [1.65, 4.0, 5.0], ""LeoVegas"": [1.64, 3.9, 4.5], ""LiveScore Bet"": [1.6, 3.8, 4.7], ""Paddy Power"": [1.62, 4.0, 4.75], ""Sky Bet"": [1.62, 4.0, 4.75], ""Smarkets"": [1.56, 3.55, 4.1], ""Unibet (UK)"": [1.65, 3.9, 4.6], ""Virgin Bet"": [1.6, 3.8, 4.7], ""William Hill"": [1.65, 3.8, 4.8]}"
2026-10-08T14:28:00.276280+00:00,soccer_spain_la_liga-4e4c6763037ffc0e1dfe92ed16287b6d-1x2,La Liga,Málaga v Espanyol,2026-10-09T19:00:00Z,20,0.348525,0.295836,0.355743,0.349342,0.293337,0.35632,0.348489,0.295805,0.355706,0.349692,0.293631,0.356677,"{""Bet Victor"": [2.7, 3.3, 2.62], ""Betano (UK)"": [2.7, 3.3, 2.62], ""Betfair"": [2.9, 3.3, 2.8], ""Betfair Sportsbook"": [2.8, 3.2, 2.7], ""Betfred (UK)"": [2.75, 3.0, 2.62], ""Betway"": [2.75, 3.2, 2.62], ""BoyleSports"": [2.62, 3.1, 2.6], ""Casumo"": [2.65, 3.25, 2.7], ""Coral"": [2.7, 3.25, 2.6], ""Grosvenor"": [2.7, 3.3, 2.7], ""Ladbrokes"": [2.7, 3.25, 2.6], ""LeoVegas"": [2.65, 3.2, 2.6], ""LiveScore Bet"": [2.6, 3.15, 2.6], ""Matchbook"": [2.9, 3.3, 2.84], ""Paddy Power"": [2.75, 3.1, 2.62], ""Sky Bet"": [2.75, 3.1, 2.63], ""Smarkets"": [2.9, 3.3, 2.8], ""Unibet (UK)"": [2.75, 3.2, 2.65], ""Virgin Bet"": [2.55, 3.05, 2.55], ""William Hill"": [2.62, 3.1, 2.62]}"
2026-10-08T14:28:00.276280+00:00,soccer_spain_la_liga-349c47668fdd909039a9408c14cad8bc-1x2,La Liga,Rayo Vallecano v Athletic Bilbao,2026-10-10T12:00:00Z,20,0.347167,0.287105,0.366047,0.347574,0.284593,0.367948,0.347056,0.287013,0.36593,0.347534,0.28456,0.367906,"{""Bet Victor"": [2.6, 3.25, 2.45], ""Betano (UK)"": [2.6, 3.25, 2.45], ""Betfair"": [2.86, 3.45, 2.72], ""Betfair Sportsbook"": [2.75, 3.3, 2.63], ""Betfred (UK)"": [2.75, 3.4, 2.5], ""Betway"": [2.7, 3.3, 2.5], ""BoyleSports"": [2.5, 3.3, 2.5], ""Casumo"": [2.75, 3.25, 2.6], ""Coral"": [2.7, 3.4, 2.5], ""Grosvenor"": [2.8, 3.35, 2.63], ""Ladbrokes"": [2.7, 3.3, 2.5], ""LeoVegas"": [2.65, 3.35, 2.5], ""LiveScore Bet"": [2.65, 3.15, 2.55], ""Matchbook"": [2.86, 3.45, 2.72], ""Paddy Power"": [2.7, 3.3, 2.6], ""Sky Bet"": [2.7, 3.25, 2.6], ""Smarkets"": [2.86, 3.45, 2.72], ""Unibet (UK)"": [2.7, 3.4, 2.55], ""Virgin Bet"": [2.63, 3.1, 2.48], ""William Hill"": [2.7, 3.2, 2.5]}"
2026-10-08T14:28:00.276280+00:00,soccer_spain_la_liga-3869391e3dbdcaa74153b11df56a3fe5-1x2,La Liga,Alavés v Atlético Madrid,2026-10-10T14:15:00Z,20,0.217656,0.254953,0.527978,0.209649,0.250256,0.537795,0.217528,0.254804,0.527668,0.210133,0.250832,0.539035,"{""Bet Victor"": [4.2, 3.6, 1.73], ""Betano (UK)"": [4.2, 3.6, 1.73], ""Betfair"": [4.7, 3.9, 1.85], ""Betfair Sportsbook"": [4.6, 3.7, 1.8], ""Betfred (UK)"": [4.2, 3.75, 1.83], ""Betway"": [4.2, 3.6, 1.8], ""BoyleSports"": [4.0, 3.6, 1.75], ""Casumo"": [4.4, 3.7, 1.8], ""Coral"": [4.33, 3.7, 1.8], ""Grosvenor"": [4.5, 3.75, 1.82], ""Ladbrokes"": [4.2, 3.7, 1.8], ""LeoVegas"": [4.1, 3.65, 1.8], ""LiveScore Bet"": [4.25, 3.6, 1.76], ""Matchbook"": [4.7, 3.9, 1.85], ""Paddy Power"": [4.5, 3.6, 1.75], ""Sky Bet"": [4.33, 3.6, 1.75], ""Smarkets"": [4.7, 3.9, 1.86], ""Unibet (UK)"": [4.25, 3.75, 1.8], ""Virgin Bet"": [4.1, 3.45, 1.74], ""William Hill"": [4.2, 3.6, 1.73]}"
2026-10-08T14:28:00.276280+00:00,soccer_spain_la_liga-edb80d633a1906e5865ab70cc9b540ea-1x2,La Liga,Barcelona v Getafe,2026-10-10T16:30:00Z,20,0.881638,0.073651,0.041044,0.919874,0.053532,0.024208,0.884883,0.073922,0.041195,0.922074,0.05366,0.024266,"{""Bet Victor"": [1.06, 9.5, 21.0], ""Betano (UK)"": [1.06, 9.5, 21.0], ""Betfair"": [1.1, 16.5, 30.0], ""Betfair Sportsbook"": [1.08, 15.0, 26.0], ""Betfred (UK)"": [1.08, 11.0, 26.0], ""Betway"": [1.08, 13.0, 21.0], ""BoyleSports"": [1.08, 11.0, 23.0], ""Casumo"": [1.06, 14.0, 26.0], ""Coral"": [1.09, 12.0, 23.0], ""Grosvenor"": [1.07, 15.0, 29.0], ""Ladbrokes"": [1.09, 11.0, 23.0], ""LeoVegas"": [1.07, 11.0, 19.0], ""LiveScore Bet"": [1.05, 12.5, 21.0], ""Matchbook"": [1.1, 16.5, 30.0], ""Paddy Power"": [1.06, 14.0, 23.0], ""Sky Bet"": [1.06, 13.0, 21.0], ""Smarkets"": [1.1, 16.5, 28.99], ""Unibet (UK)"": [1.08, 10.5, 26.0], ""Virgin Bet"": [1.05, 12.0, 19.0], ""William Hill"": [1.06, 13.0, 29.0]}"
2026-10-08T14:28:00.276280+00:00,soccer_spain_la_liga-551f242223b1625f458d1a2ea212a0c3-1x2,La Liga,Real Madrid v Villarreal,2026-10-10T19:00:00Z,20,0.703101,0.163723,0.131646,0.72966,0.149705,0.118367,0.704179,0.163974,0.131848,0.731319,0.150045,0.118636,"{""Bet Victor"": [1.3, 5.5, 7.0], ""Betano (UK)"": [1.3, 5.5, 7.0], ""Betfair"": [1.36, 6.4, 8.6], ""Betfair Sportsbook"": [1.33, 6.0, 8.0], ""Betfred (UK)"": [1.3, 6.0, 8.0], ""Betway"": [1.35, 5.75, 6.5], ""BoyleSports"": [1.33, 5.5, 5.5], ""Casumo"": [1.34, 5.8, 7.0], ""Coral"": [1.36, 5.75, 7.0], ""Grosvenor"": [1.35, 6.0, 7.5], ""Ladbrokes"": [1.35, 5.75, 7.0], ""LeoVegas"": [1.35, 5.6, 6.5], ""LiveScore Bet"": [1.32, 5.4, 6.25], ""Matchbook"": [1.36, 6.4, 8.6], ""Paddy Power"": [1.3, 5.5, 7.5], ""Sky Bet"": [1.3, 5.75, 7.5], ""Smarkets"": [1.36, 6.4, 8.6], ""Unibet (UK)"": [1.35, 5.75, 7.0], ""Virgin Bet"": [1.32, 5.4, 6.25], ""William Hill"": [1.33, 5.5, 7.0]}"
2026-10-08T14:28:00.276280+00:00,soccer_spain_la_liga-7daf7edaf572eba3ac86196c663d67d3-1x2,La Liga,Elche CF v Celta Vigo,2026-10-11T12:00:00Z,20,0.339467,0.2895,0.369013,0.339815,0.287344,0.370998,0.340154,0.290086,0.36976,0.340442,0.287874,0.371683,"{""Bet Victor"": [2.7, 3.2, 2.45], ""Betano (UK)"": [2.7, 3.2, 2.45], ""Betfair"": [2.92, 3.35, 2.68], ""Betfair Sportsbook"": [2.75, 3.3, 2.63], ""Betfred (UK)"": [2.75, 3.4, 2.5], ""Betway"": [2.7, 3.3, 2.5], ""BoyleSports"": [2.6, 3.3, 2.5], ""Casumo"": [2.8, 3.2, 2.55], ""Coral"": [2.75, 3.3, 2.6], ""Grosvenor"": [2.85, 3.25, 2.6], ""Ladbrokes"": [2.75, 3.25, 2.5], ""LeoVegas"": [2.7, 3.25, 2.5], ""LiveScore Bet"": [2.7, 3.1, 2.5], ""Matchbook"": [2.9, 3.4, 2.74], ""Paddy Power"": [2.62, 3.25, 2.6], ""Sky Bet"": [2.7, 3.25, 2.6], ""Smarkets"": [2.92, 3.4, 2.68], ""Unibet (UK)"": [2.8, 3.25, 2.55], ""Virgin Bet"": [2.63, 3.0, 2.4], ""William Hill"": [2.8, 3.1, 2.5]}"
2026-10-08T14:28:00.276280+00:00,soccer_spain_la_liga-2997b68cc93f62d8a1dee9f06bedbefd-1x2,La Liga,Real Sociedad v Deportivo La Coruña,2026-10-11T14:15:00Z,19,0.58508,0.235495,0.179425,0.602669,0.225587,0.169456,0.58508,0.235495,0.179425,0.60405,0.226105,0.169845,"{""Bet Victor"": [1.57, 3.9, 5.0], ""Betano (UK)"": [1.57, 3.9, 5.0], ""Betfair"": [1.67, 4.2, 5.8], ""Betfair Sportsbook"": [1.6, 4.1, 5.5], ""Betfred (UK)"": [1.62, 4.0, 5.5], ""Betway"": [1.61, 4.0, 5.0], ""BoyleSports"": [1.57, 3.8, 4.75], ""Casumo"": [1.61, 4.1, 5.25], ""Coral"": [1.61, 4.0, 5.25], ""Grosvenor"": [1.62, 4.2, 5.4], ""Ladbrokes"": [1.61, 3.9, 5.25], ""LeoVegas"": [1.64, 3.9, 4.9], ""LiveScore Bet"": [1.58, 3.95, 5.0], ""Matchbook"": [1.67, 4.2, 5.8], ""Paddy Power"": [1.57, 4.0, 5.5], ""Sky Bet"": [1.57, 3.9, 5.25], ""Smarkets"": [1.67, 4.2, 5.8], ""Virgin Bet"": [1.56, 3.9, 4.9], ""William Hill"": [1.67, 3.75, 4.8]}"
2026-10-08T14:28:00.276280+00:00,soccer_spain_la_liga-984691837d31fd0c59c088f377f55f75-1x2,La Liga,Real Betis v CA Osasuna,2026-10-11T16:30:00Z,20,0.606916,0.224231,0.168077,0.628109,0.215872,0.157904,0.607388,0.224405,0.168207,0.626927,0.215466,0.157607,"{""Bet Victor"": [1.5, 4.0, 5.5], ""Betano (UK)"": [1.5, 4.0, 5.5], ""Betfair"": [1.59, 4.6, 6.4], ""Betfair Sportsbook"": [1.55, 4.33, 6.0], ""Betfred (UK)"": [1.53, 4.2, 6.0], ""Betway"": [1.53, 4.33, 5.5], ""BoyleSports"": [1.53, 4.0, 5.0], ""Casumo"": [1.56, 4.2, 5.6], ""Coral"": [1.57, 4.2, 5.5], ""Grosvenor"": [1.57, 4.25, 5.75], ""Ladbrokes"": [1.57, 4.2, 5.25], ""LeoVegas"": [1.53, 4.2, 5.4], ""LiveScore Bet"": [1.55, 3.95, 5.3], ""Matchbook"": [1.59, 4.6, 6.4], ""Paddy Power"": [1.5, 4.2, 5.5], ""Sky Bet"": [1.53, 4.2, 5.75], ""Smarkets"": [1.59, 4.6, 6.4], ""Unibet (UK)"": [1.55, 4.2, 5.5], ""Virgin Bet"": [1.53, 3.9, 5.2], ""William Hill"": [1.55, 4.0, 5.5]}"
2026-10-08T14:28:00.276280+00:00,soccer_spain_la_liga-66a4f4201806b928c9007116727fdd61-1x2,La Liga,Real Racing Club de Santander v Valencia,2026-10-11T19:00:00Z,20,0.413008,0.268583,0.318915,0.418038,0.263284,0.318712,0.412799,0.268447,0.318754,0.418024,0.263275,0.318701,"{""Bet Victor"": [2.2, 3.5, 2.8], ""Betano (UK)"": [2.2, 3.5, 2.8], ""Betfair"": [2.4, 3.65, 3.1], ""Betfair Sportsbook"": [2.3, 3.5, 3.0], ""Betfred (UK)"": [2.25, 3.6, 3.0], ""Betway"": [2.25, 3.5, 2.9], ""BoyleSports"": [2.2, 3.3, 2.75], ""Casumo"": [2.25, 3.55, 3.0], ""Coral"": [2.2, 3.6, 3.1], ""Grosvenor"": [2.28, 3.65, 3.05], ""Ladbrokes"": [2.2, 3.6, 3.0], ""LeoVegas"": [2.3, 3.45, 2.88], ""LiveScore Bet"": [2.2, 3.4, 2.9], ""Matchbook"": [2.42, 3.65, 3.1], ""Paddy Power"": [2.3, 3.4, 2.88], ""Sky Bet"": [2.3, 3.4, 2.9], ""Smarkets"": [2.42, 3.65, 3.1], ""Unibet (UK)"": [2.3, 3.5, 2.9], ""Virgin Bet"": [2.18, 3.4, 2.9], ""William Hill"": [2.25, 3.4, 2.9]}"
2026-10-08T14:28:00.276280+00:00,soccer_spain_la_liga-529fc26c7774d5b469932e275c668921-1x2,La Liga,Levante v Sevilla,2026-10-12T19:00:00Z,19,0.351004,0.288168,0.362794,0.352014,0.286176,0.363185,0.350315,0.287603,0.362082,0.35153,0.285783,0.362687,"{""Bet Victor"": [2.6, 3.2, 2.5], ""Betano (UK)"": [2.6, 3.2, 2.5], ""Betfair"": [2.88, 3.35, 2.72], ""Betfred (UK)"": [2.75, 3.3, 2.6], ""Betway"": [2.5, 3.25, 2.62], ""BoyleSports"": [2.62, 3.2, 2.5], ""Casumo"": [2.6, 3.25, 2.75], ""Coral"": [2.7, 3.3, 2.62], ""Grosvenor"": [2.63, 3.35, 2.8], ""Ladbrokes"": [2.62, 3.3, 2.6], ""LeoVegas"": [2.65, 3.25, 2.55], ""LiveScore Bet"": [2.5, 3.15, 2.65], ""Matchbook"": [2.88, 3.35, 2.72], ""Paddy Power"": [2.62, 3.3, 2.5], ""Sky Bet"": [2.63, 3.3, 2.5], ""Smarkets"": [2.9, 3.35, 2.72], ""Unibet (UK)"": [2.7, 3.25, 2.6], ""Virgin Bet"": [2.45, 3.0, 2.55], ""William Hill"": [2.62, 3.1, 2.62]}"
2026-10-08T14:28:00.276280+00:00,soccer_spain_la_liga-19ee731602634e5c9e3106630e087464-1x2,La Liga,Deportivo La Coruña v Levante,2026-10-16T19:00:00Z,13,0.450928,0.272608,0.277027,0.460899,0.26742,0.271156,0.450674,0.272455,0.276871,0.461141,0.267561,0.271298,"{""Betfair"": [1.12, 1.85, 1.82], ""Betfred (UK)"": [2.1, 3.5, 3.4], ""Betway"": [2.05, 3.5, 3.25], ""BoyleSports"": [2.0, 3.3, 3.3], ""Casumo"": [2.08, 3.55, 3.6], ""Grosvenor"": [2.08, 3.55, 3.6], ""LeoVegas"": [2.05, 3.3, 3.3], ""LiveScore Bet"": [2.0, 3.35, 3.4], ""Paddy Power"": [2.05, 3.4, 3.3], ""Sky Bet"": [2.05, 3.4, 3.3], ""Smarkets"": [1.95, 3.05, 3.05], ""Virgin Bet"": [1.98, 3.3, 3.35], ""William Hill"": [2.05, 3.3, 3.3]}"
2026-10-08T14:28:00.276280+00:00,soccer_spain_la_liga-6436925dd15916d7041ba32b60000d48-1x2,La Liga,Espanyol v Atlético Madrid,2026-10-17T12:00:00Z,14,0.232672,0.256668,0.510256,0.225032,0.251454,0.523308,0.232766,0.256772,0.510462,0.225078,0.251506,0.523416,"{""Betfair"": [4.4, 3.75, 1.82], ""Betfred (UK)"": [4.2, 3.75, 1.8], ""Betway"": [3.8, 3.6, 1.8], ""BoyleSports"": [3.8, 3.5, 1.8], ""Casumo"": [4.1, 3.65, 1.85], ""Grosvenor"": [4.2, 3.75, 1.88], ""LeoVegas"": [3.9, 3.6, 1.8], ""LiveScore Bet"": [3.95, 3.5, 1.82], ""Paddy Power"": [4.0, 3.75, 1.75], ""Sky Bet"": [4.0, 3.75, 1.8], ""Smarkets"": [4.3, 3.7, 1.81], ""Unibet (UK)"": [4.0, 3.6, 1.83], ""Virgin Bet"": [3.85, 3.45, 1.8], ""William Hill"": [3.9, 3.6, 1.85]}"
2026-10-08T14:28:00.276280+00:00,soccer_spain_la_liga-aef660734585649651415961a9d177c6-1x2,La Liga,Villarreal v Elche CF,2026-10-17T14:15:00Z,14,0.65008,0.195631,0.152143,0.669004,0.183001,0.142533,0.651478,0.196051,0.15247,0.672678,0.184006,0.143316,"{""Betfair"": [1.48, 5.0, 6.6], ""Betfred (UK)"": [1.44, 5.0, 6.5], ""Betway"": [1.44, 4.5, 5.75], ""BoyleSports"": [1.44, 4.5, 5.5], ""Casumo"": [1.44, 4.9, 6.25], ""Grosvenor"": [1.47, 5.0, 6.4], ""LeoVegas"": [1.44, 4.7, 5.6], ""LiveScore Bet"": [1.42, 4.7, 5.8], ""Paddy Power"": [1.36, 4.75, 6.0], ""Sky Bet"": [1.4, 4.75, 6.25], ""Smarkets"": [1.47, 4.9, 6.4], ""Unibet (UK)"": [1.45, 4.75, 5.75], ""Virgin Bet"": [1.41, 4.6, 5.75], ""William Hill"": [1.44, 4.4, 6.0]}"
2026-10-08T14:28:00.276280+00:00,soccer_spain_la_liga-846e496fc232b2fc20214754836727d0-1x2,La Liga,Real Betis v Barcelona,2026-10-17T16:30:00Z,14,0.165308,0.172627,0.663508,0.154464,0.163143,0.683199,0.16507,0.172378,0.662552,0.15434,0.163011,0.682649,"{""Betfair"": [6.0, 6.0, 1.47], ""Betfred (UK)"": [6.0, 5.5, 1.4], ""Betway"": [5.5, 5.0, 1.4], ""BoyleSports"": [5.5, 5.0, 1.33], ""Casumo"": [5.8, 5.5, 1.45], ""Grosvenor"": [5.8, 5.5, 1.45], ""LeoVegas"": [5.5, 5.4, 1.38], ""LiveScore Bet"": [5.4, 5.1, 1.42], ""Paddy Power"": [5.5, 5.5, 1.36], ""Sky Bet"": [5.5, 5.75, 1.4], ""Smarkets"": [6.2, 5.8, 1.46], ""Unibet (UK)"": [5.75, 5.5, 1.4], ""Virgin Bet"": [5.25, 5.0, 1.41], ""William Hill"": [5.0, 4.6, 1.4]}"
2026-10-08T14:28:00.276280+00:00,soccer_spain_la_liga-f00cd1ea41fa39149729d14ebc07aa6c-1x2,La Liga,Valencia v Athletic Bilbao,2026-10-17T19:00:00Z,14,0.272858,0.27963,0.449609,0.269113,0.27448,0.457702,0.272287,0.279045,0.448668,0.268765,0.274125,0.45711,"{""Betfair"": [3.65, 3.35, 2.12], ""Betfred (UK)"": [3.4, 3.5, 2.1], ""Betway"": [3.3, 3.4, 2.05], ""BoyleSports"": [3.4, 3.25, 2.0], ""Casumo"": [3.5, 3.35, 2.12], ""Grosvenor"": [3.6, 3.4, 2.15], ""LeoVegas"": [3.3, 3.35, 2.05], ""LiveScore Bet"": [3.4, 3.2, 2.07], ""Paddy Power"": [3.3, 3.4, 2.05], ""Sky Bet"": [3.3, 3.4, 2.05], ""Smarkets"": [3.6, 3.3, 2.06], ""Unibet (UK)"": [3.4, 3.4, 2.08], ""Virgin Bet"": [3.35, 3.15, 2.05], ""William Hill"": [3.3, 3.3, 2.1]}"
2026-10-08T14:28:00.276280+00:00,soccer_spain_la_liga-1f566f17c50fe5162724ec2863d2207b-1x2,La Liga,CA Osasuna v Real Racing Club de Santander,2026-10-18T12:00:00Z,14,0.496558,0.265119,0.237128,0.507439,0.259623,0.229732,0.497152,0.265436,0.237412,0.509071,0.260458,0.230471,"{""Betfair"": [1.93, 3.65, 4.2], ""Betfred (UK)"": [1.9, 3.75, 3.75], ""Betway"": [1.85, 3.6, 3.75], ""BoyleSports"": [1.8, 3.4, 3.8], ""Casumo"": [1.93, 3.55, 4.1], ""Grosvenor"": [1.93, 3.55, 4.1], ""LeoVegas"": [1.85, 3.55, 3.7], ""LiveScore Bet"": [1.87, 3.35, 3.9], ""Paddy Power"": [1.87, 3.6, 3.8], ""Sky Bet"": [1.91, 3.6, 3.8], ""Smarkets"": [1.92, 3.6, 4.1], ""Unibet (UK)"": [1.88, 3.6, 3.8], ""Virgin Bet"": [1.85, 3.3, 3.8], ""William Hill"": [1.85, 3.4, 4.0]}"
2026-10-08T14:28:00.276280+00:00,soccer_spain_la_liga-aabe899ecc4c19a1fafe5440151b62e4-1x2,La Liga,Celta Vigo v Alavés,2026-10-18T14:15:00Z,13,0.466926,0.282077,0.251812,0.479397,0.27743,0.246071,0.466546,0.281847,0.251607,0.478012,0.276628,0.24536,"{""Betfred (UK)"": [2.0, 3.4, 3.75], ""Betway"": [1.95, 3.4, 3.6], ""BoyleSports"": [1.95, 3.25, 3.6], ""Casumo"": [2.0, 3.35, 3.85], ""Grosvenor"": [2.04, 3.4, 3.95], ""LeoVegas"": [1.98, 3.3, 3.55], ""LiveScore Bet"": [1.97, 3.25, 3.7], ""Paddy Power"": [1.95, 3.4, 3.6], ""Sky Bet"": [2.0, 3.4, 3.6], ""Smarkets"": [1.88, 3.0, 3.35], ""Unibet (UK)"": [2.0, 3.3, 3.7], ""Virgin Bet"": [1.94, 3.15, 3.65], ""William Hill"": [2.0, 3.3, 3.7]}"
2026-10-08T14:28:00.276280+00:00,soccer_spain_la_liga-1051298b4aca6f07113309bff598a5c1-1x2,La Liga,Málaga v Real Sociedad,2026-10-18T16:30:00Z,14,0.297515,0.271364,0.431216,0.294859,0.26783,0.437206,0.297486,0.271338,0.431175,0.29489,0.267858,0.437252,"{""Betfair"": [3.3, 3.6, 2.24], ""Betfred (UK)"": [3.2, 3.6, 2.15], ""Betway"": [3.0, 3.5, 2.1], ""BoyleSports"": [3.0, 3.3, 2.1], ""Casumo"": [3.2, 3.45, 2.2], ""Grosvenor"": [3.3, 3.5, 2.23], ""LeoVegas"": [3.0, 3.4, 2.18], ""LiveScore Bet"": [3.1, 3.35, 2.14], ""Paddy Power"": [3.0, 3.6, 2.1], ""Sky Bet"": [3.1, 3.6, 2.1], ""Smarkets"": [3.25, 3.55, 2.22], ""Unibet (UK)"": [3.0, 3.4, 2.2], ""Virgin Bet"": [3.05, 3.25, 2.12], ""William Hill"": [3.1, 3.3, 2.2]}"
2026-10-08T14:28:00.276280+00:00,soccer_spain_la_liga-eccd63bf768e2f2a358b871d3f33a63d-1x2,La Liga,Real Madrid v Sevilla,2026-10-18T19:00:00Z,14,0.765131,0.144425,0.091582,0.797858,0.126436,0.075044,0.764262,0.144261,0.091478,0.798387,0.12652,0.075093,"{""Betfair"": [1.25, 7.2, 12.0], ""Betfred (UK)"": [1.22, 6.5, 11.0], ""Betway"": [1.25, 6.0, 8.5], ""BoyleSports"": [1.22, 6.0, 9.0], ""Casumo"": [1.23, 6.75, 11.0], ""Grosvenor"": [1.24, 7.0, 11.5], ""LeoVegas"": [1.22, 6.25, 9.0], ""LiveScore Bet"": [1.21, 6.4, 10.0], ""Paddy Power"": [1.18, 6.5, 10.0], ""Sky Bet"": [1.22, 6.5, 10.5], ""Smarkets"": [1.23, 6.8, 11.49], ""Unibet (UK)"": [1.23, 6.0, 9.5], ""Virgin Bet"": [1.2, 6.1, 9.5], ""William Hill"": [1.25, 5.8, 9.5]}"
2026-10-08T14:28:00.276280+00:00,soccer_spain_la_liga-4a88bc4de574d43ef34677fd8d78722f-1x2,La Liga,Getafe v Rayo Vallecano,2026-10-19T19:00:00Z,13,0.336719,0.304329,0.358679,0.336744,0.303345,0.358916,0.336811,0.304412,0.358777,0.337079,0.303647,0.359273,"{""Betfair"": [2.94, 3.25, 2.76], ""Betway"": [2.7, 3.2, 2.5], ""BoyleSports"": [2.75, 3.0, 2.5], ""Casumo"": [2.7, 3.1, 2.75], ""Grosvenor"": [2.75, 3.2, 2.8], ""LeoVegas"": [2.75, 3.05, 2.55], ""LiveScore Bet"": [2.6, 3.0, 2.65], ""Paddy Power"": [2.75, 3.0, 2.6], ""Sky Bet"": [2.8, 3.1, 2.6], ""Smarkets"": [2.9, 3.2, 2.7], ""Unibet (UK)"": [2.8, 3.0, 2.55], ""Virgin Bet"": [2.6, 2.95, 2.63], ""William Hill"": [2.7, 3.0, 2.62]}"
2026-10-08T14:28:00.276280+00:00,soccer_italy_serie_a-2f8e871a0f7f66ae22938028645e1066-1x2,Serie A,Genoa v Fiorentina,2026-10-10T13:00:00Z,21,0.300602,0.287867,0.412126,0.296237,0.284859,0.417342,0.300423,0.287696,0.411881,0.296701,0.285304,0.417995,"{""888sport"": [3.0, 3.2, 2.25], ""Bet Victor"": [3.1, 3.25, 2.15], ""Betano (UK)"": [3.1, 3.25, 2.15], ""Betfair"": [3.4, 3.4, 2.38], ""Betfair Sportsbook"": [3.25, 3.3, 2.3], ""Betfred (UK)"": [3.1, 3.4, 2.3], ""Betway"": [3.1, 3.3, 2.25], ""BoyleSports"": [3.0, 3.0, 2.25], ""Casumo"": [3.1, 3.25, 2.28], ""Coral"": [3.1, 3.3, 2.3], ""Grosvenor"": [3.15, 3.3, 2.3], ""Ladbrokes"": [3.1, 3.3, 2.25], ""LeoVegas"": [3.05, 3.25, 2.3], ""LiveScore Bet"": [2.95, 3.05, 2.17], ""Matchbook"": [3.4, 3.4, 2.38], ""Paddy Power"": [3.2, 3.25, 2.25], ""Sky Bet"": [3.1, 3.2, 2.25], ""Smarkets"": [3.4, 3.4, 2.38], ""Unibet (UK)"": [3.2, 3.25, 2.3], ""Virgin Bet"": [2.95, 3.05, 2.17], ""William Hill"": [3.0, 3.2, 2.25]}"
2026-10-08T14:28:00.276280+00:00,soccer_italy_serie_a-1a01b0611dacd334e1558a5097e05023-1x2,Serie A,Inter Milan v Parma,2026-10-10T16:00:00Z,21,0.832517,0.111489,0.054599,0.869828,0.090983,0.038638,0.83368,0.111645,0.054675,0.870307,0.091034,0.038659,"{""888sport"": [1.14, 8.0, 15.0], ""Bet Victor"": [1.11, 8.5, 18.0], ""Betano (UK)"": [1.11, 8.5, 18.0], ""Betfair"": [1.15, 10.0, 24.0], ""Betfair Sportsbook"": [1.13, 9.5, 21.0], ""Betfred (UK)"": [1.14, 8.5, 17.0], ""Betway"": [1.13, 9.0, 15.0], ""BoyleSports"": [1.12, 8.5, 15.0], ""Casumo"": [1.13, 8.0, 18.0], ""Coral"": [1.15, 8.5, 15.0], ""Grosvenor"": [1.13, 8.5, 19.0], ""Ladbrokes"": [1.15, 8.0, 15.0], ""LeoVegas"": [1.13, 8.0, 15.0], ""LiveScore Bet"": [1.09, 7.5, 15.0], ""Matchbook"": [1.15, 10.0, 24.0], ""Paddy Power"": [1.1, 9.0, 18.0], ""Sky Bet"": [1.11, 8.5, 17.0], ""Smarkets"": [1.15, 10.0, 22.99], ""Unibet (UK)"": [1.13, 8.0, 18.0], ""Virgin Bet"": [1.09, 7.5, 15.0], ""William Hill"": [1.14, 8.0, 15.0]}"
2026-10-08T14:28:00.276280+00:00,soccer_italy_serie_a-40c1bd70fee927f9bfa8901edab02b48-1x2,Serie A,Napoli v Frosinone,2026-10-10T18:45:00Z,21,0.65516,0.197335,0.144364,0.674942,0.186051,0.136693,0.657224,0.197957,0.144819,0.676507,0.186483,0.13701,"{""888sport"": [1.44, 4.5, 6.0], ""Bet Victor"": [1.4, 4.8, 6.5], ""Betano (UK)"": [1.4, 4.8, 6.5], ""Betfair"": [1.49, 5.2, 7.2], ""Betfair Sportsbook"": [1.44, 5.0, 6.5], ""Betfred (UK)"": [1.44, 4.6, 6.5], ""Betway"": [1.45, 4.75, 6.0], ""BoyleSports"": [1.4, 4.75, 5.5], ""Casumo"": [1.41, 4.7, 6.75], ""Coral"": [1.44, 4.8, 6.5], ""Grosvenor"": [1.42, 4.8, 7.0], ""Ladbrokes"": [1.44, 4.6, 6.5], ""LeoVegas"": [1.44, 4.75, 6.0], ""LiveScore Bet"": [1.35, 4.35, 6.25], ""Matchbook"": [1.49, 5.1, 7.2], ""Paddy Power"": [1.4, 4.75, 6.0], ""Sky Bet"": [1.44, 4.75, 6.25], ""Smarkets"": [1.48, 5.2, 7.2], ""Unibet (UK)"": [1.45, 4.75, 6.0], ""Virgin Bet"": [1.35, 4.35, 6.25], ""William Hill"": [1.44, 4.5, 6.0]}"
2026-10-08T14:28:00.276280+00:00,soccer_italy_serie_a-2547c0dbddd26d23fa532228e36348cb-1x2,Serie A,Como v AS Roma,2026-10-11T10:30:00Z,21,0.371134,0.263409,0.363448,0.373705,0.26008,0.365727,0.371881,0.263939,0.364179,0.373888,0.260207,0.365905,"{""888sport"": [2.5, 3.4, 2.5], ""Bet Victor"": [2.45, 3.6, 2.55], ""Betano (UK)"": [2.45, 3.6, 2.55], ""Betfair"": [2.72, 3.65, 2.74], ""Betfair Sportsbook"": [2.63, 3.5, 2.63], ""Betfred (UK)"": [2.5, 3.6, 2.6], ""Betway"": [2.5, 3.6, 2.5], ""BoyleSports"": [2.38, 3.5, 2.5], ""Casumo"": [2.5, 3.55, 2.55], ""Coral"": [2.5, 3.7, 2.6], ""Grosvenor"": [2.55, 3.6, 2.6], ""Ladbrokes"": [2.5, 3.6, 2.5], ""LeoVegas"": [2.5, 3.5, 2.6], ""LiveScore Bet"": [2.43, 3.45, 2.5], ""Matchbook"": [2.72, 3.65, 2.74], ""Paddy Power"": [2.6, 3.4, 2.5], ""Sky Bet"": [2.5, 3.4, 2.6], ""Smarkets"": [2.7, 3.65, 2.72], ""Unibet (UK)"": [2.55, 3.5, 2.6], ""Virgin Bet"": [2.43, 3.45, 2.5], ""William Hill"": [2.5, 3.4, 2.5]}"
2026-10-08T14:28:00.276280+00:00,soccer_italy_serie_a-946716d7e5e52822f08be8cb95193d9d-1x2,Serie A,Lecce v Bologna,2026-10-11T13:00:00Z,21,0.225908,0.281466,0.493298,0.219151,0.277574,0.502432,0.225757,0.281277,0.492967,0.219336,0.277808,0.502856,"{""888sport"": [3.9, 3.25, 1.91], ""Bet Victor"": [4.1, 3.4, 1.87], ""Betano (UK)"": [4.1, 3.4, 1.87], ""Betfair"": [4.6, 3.5, 1.97], ""Betfair Sportsbook"": [4.4, 3.4, 1.91], ""Betfred (UK)"": [4.0, 3.4, 1.95], ""Betway"": [4.2, 3.3, 1.88], ""BoyleSports"": [4.0, 3.0, 1.91], ""Casumo"": [4.1, 3.35, 1.88], ""Coral"": [4.2, 3.3, 1.95], ""Grosvenor"": [4.2, 3.45, 1.89], ""Ladbrokes"": [4.2, 3.25, 1.95], ""LeoVegas"": [3.95, 3.35, 1.92], ""LiveScore Bet"": [3.95, 3.25, 1.84], ""Matchbook"": [4.6, 3.5, 1.98], ""Paddy Power"": [4.2, 3.3, 1.87], ""Sky Bet"": [4.2, 3.25, 1.91], ""Smarkets"": [4.5, 3.5, 1.97], ""Unibet (UK)"": [4.2, 3.4, 1.93], ""Virgin Bet"": [3.95, 3.25, 1.84], ""William Hill"": [3.9, 3.25, 1.91]}"
2026-10-08T14:28:00.276280+00:00,soccer_italy_serie_a-c0f72699f32ec193b64fd54092fe268d-1x2,Serie A,Lazio v Monza,2026-10-11T13:00:00Z,21,0.595964,0.239546,0.168052,0.61174,0.230172,0.155669,0.593849,0.238696,0.167455,0.613224,0.23073,0.156046,"{""888sport"": [1.53, 3.8, 5.5], ""Bet Victor"": [1.55, 3.9, 5.75], ""Betano (UK)"": [1.55, 3.9, 5.75], ""Betfair"": [1.63, 4.1, 6.4], ""Betfair Sportsbook"": [1.6, 4.0, 6.0], ""Betfred (UK)"": [1.57, 4.0, 6.0], ""Betway"": [1.57, 4.0, 5.5], ""BoyleSports"": [1.55, 3.8, 5.0], ""Casumo"": [1.61, 3.85, 5.25], ""Coral"": [1.6, 4.0, 5.5], ""Grosvenor"": [1.64, 4.0, 5.5], ""Ladbrokes"": [1.57, 4.0, 5.5], ""LeoVegas"": [1.55, 4.0, 5.5], ""LiveScore Bet"": [1.58, 3.7, 5.0], ""Matchbook"": [1.63, 4.2, 6.4], ""Paddy Power"": [1.57, 3.8, 5.5], ""Sky Bet"": [1.57, 3.9, 5.75], ""Smarkets"": [1.63, 4.1, 6.4], ""Unibet (UK)"": [1.58, 4.0, 5.5], ""Virgin Bet"": [1.58, 3.7, 5.0], ""William Hill"": [1.55, 3.8, 5.5]}"
2026-10-08T14:28:00.276280+00:00,soccer_italy_serie_a-1cf64166dda1e0da8b325161deb39662-1x2,Serie A,Sassuolo v AC Milan,2026-10-11T16:00:00Z,21,0.222368,0.253734,0.521757,0.217582,0.249185,0.533253,0.222845,0.254279,0.522877,0.217577,0.24918,0.533243,"{""888sport"": [4.0, 3.6, 1.8], ""Bet Victor"": [4.2, 3.75, 1.75], ""Betano (UK)"": [4.2, 3.75, 1.75], ""Betfair"": [4.4, 3.9, 1.88], ""Betfair Sportsbook"": [4.33, 3.75, 1.85], ""Betfred (UK)"": [4.0, 3.75, 1.83], ""Betway"": [4.0, 3.8, 1.8], ""BoyleSports"": [4.0, 3.75, 1.73], ""Casumo"": [4.2, 3.65, 1.79], ""Coral"": [4.33, 3.8, 1.75], ""Grosvenor"": [4.3, 3.7, 1.8], ""Ladbrokes"": [4.2, 3.8, 1.75], ""LeoVegas"": [4.0, 3.7, 1.8], ""LiveScore Bet"": [4.1, 3.5, 1.75], ""Matchbook"": [4.5, 3.9, 1.88], ""Paddy Power"": [4.2, 3.6, 1.8], ""Sky Bet"": [4.2, 3.6, 1.83], ""Smarkets"": [4.6, 3.85, 1.89], ""Unibet (UK)"": [4.2, 3.75, 1.8], ""Virgin Bet"": [4.1, 3.5, 1.75], ""William Hill"": [4.0, 3.6, 1.8]}"
2026-10-08T14:28:00.276280+00:00,soccer_italy_serie_a-407f7d03157d1dfad384876e6a6bc910-1x2,Serie A,Cagliari v Juventus,2026-10-11T18:45:00Z,21,0.15602,0.241892,0.60327,0.145237,0.231434,0.620045,0.155836,0.241606,0.602558,0.145716,0.232196,0.622088,"{""888sport"": [6.0, 3.8, 1.53], ""Bet Victor"": [6.0, 3.9, 1.53], ""Betano (UK)"": [6.0, 3.9, 1.53], ""Betfair"": [6.8, 4.0, 1.62], ""Betfair Sportsbook"": [6.0, 4.0, 1.57], ""Betfred (UK)"": [6.0, 4.0, 1.57], ""Betway"": [6.0, 3.8, 1.55], ""BoyleSports"": [5.5, 3.8, 1.53], ""Casumo"": [5.75, 3.85, 1.56], ""Coral"": [6.0, 3.9, 1.57], ""Grosvenor"": [5.8, 3.95, 1.57], ""Ladbrokes"": [6.0, 3.9, 1.57], ""LeoVegas"": [5.75, 3.9, 1.55], ""LiveScore Bet"": [5.4, 3.7, 1.54], ""Matchbook"": [6.8, 4.0, 1.62], ""Paddy Power"": [6.0, 3.8, 1.53], ""Sky Bet"": [6.0, 3.9, 1.55], ""Smarkets"": [6.8, 4.0, 1.62], ""Unibet (UK)"": [6.0, 3.9, 1.55], ""Virgin Bet"": [5.4, 3.7, 1.54], ""William Hill"": [6.0, 3.8, 1.55]}"
2026-10-08T14:28:00.276280+00:00,soccer_italy_serie_a-0f2e7ff90b994f31d5cd48a9680943e1-1x2,Serie A,Atalanta BC v Venezia,2026-10-12T16:30:00Z,21,0.606044,0.219796,0.175451,0.621354,0.211391,0.165525,0.605263,0.219512,0.175225,0.62243,0.211757,0.165812,"{""888sport"": [1.53, 4.2, 5.0], ""Bet Victor"": [1.53, 4.33, 5.25], ""Betano (UK)"": [1.53, 4.33, 5.25], ""Betfair"": [1.6, 4.5, 6.0], ""Betfair Sportsbook"": [1.55, 4.33, 6.0], ""Betfred (UK)"": [1.57, 4.33, 5.5], ""Betway"": [1.55, 4.0, 5.25], ""BoyleSports"": [1.53, 4.0, 5.0], ""Casumo"": [1.56, 4.2, 5.0], ""Coral"": [1.57, 4.2, 5.5], ""Grosvenor"": [1.57, 4.3, 5.2], ""Ladbrokes"": [1.57, 4.2, 5.5], ""LeoVegas"": [1.53, 4.3, 5.2], ""LiveScore Bet"": [1.54, 4.0, 4.8], ""Matchbook"": [1.6, 4.5, 6.0], ""Paddy Power"": [1.5, 4.2, 5.5], ""Sky Bet"": [1.53, 4.2, 5.5], ""Smarkets"": [1.59, 4.5, 6.0], ""Unibet (UK)"": [1.55, 4.35, 5.5], ""Virgin Bet"": [1.54, 4.0, 4.8], ""William Hill"": [1.55, 4.2, 5.0]}"
2026-10-08T14:28:00.276280+00:00,soccer_italy_serie_a-f4a28510bb0c835280a2aca709c19d50-1x2,Serie A,Torino v Udinese,2026-10-12T18:45:00Z,20,0.405268,0.293657,0.300154,0.409586,0.291275,0.297598,0.405642,0.293927,0.300431,0.410218,0.291725,0.298057,"{""888sport"": [2.3, 3.1, 3.1], ""Bet Victor"": [2.25, 3.25, 3.1], ""Betano (UK)"": [2.25, 3.25, 3.1], ""Betfair"": [2.4, 3.3, 3.4], ""Betfred (UK)"": [2.3, 3.3, 3.2], ""Betway"": [2.25, 3.2, 3.0], ""BoyleSports"": [2.2, 3.0, 3.1], ""Casumo"": [2.35, 3.2, 3.0], ""Coral"": [2.37, 3.25, 3.1], ""Grosvenor"": [2.38, 3.25, 3.05], ""Ladbrokes"": [2.3, 3.25, 3.0], ""LeoVegas"": [2.35, 3.15, 3.0], ""LiveScore Bet"": [2.3, 3.1, 2.9], ""Matchbook"": [2.42, 3.3, 3.4], ""Paddy Power"": [2.25, 3.1, 3.2], ""Sky Bet"": [2.3, 3.1, 3.2], ""Smarkets"": [2.42, 3.3, 3.4], ""Unibet (UK)"": [2.35, 3.2, 3.1], ""Virgin Bet"": [2.3, 3.1, 2.9], ""William Hill"": [2.3, 3.1, 3.1]}"
2026-10-08T14:28:00.276280+00:00,soccer_italy_serie_a-7d3160040958fe21778fd5ee485666c3-1x2,Serie A,Frosinone v Sassuolo,2026-10-16T18:45:00Z,15,0.390897,0.26513,0.342065,0.395745,0.260368,0.342207,0.391644,0.265637,0.342719,0.396411,0.260806,0.342783,"{""888sport"": [2.4, 3.3, 2.75], ""Betfair"": [2.42, 3.75, 2.86], ""Betfred (UK)"": [2.4, 3.6, 2.75], ""Betway"": [2.3, 3.5, 2.7], ""BoyleSports"": [2.2, 3.4, 2.6], ""Casumo"": [2.45, 3.35, 2.7], ""Grosvenor"": [2.5, 3.45, 2.75], ""LeoVegas"": [2.35, 3.5, 2.65], ""LiveScore Bet"": [2.4, 3.25, 2.63], ""Paddy Power"": [2.3, 3.5, 2.75], ""Sky Bet"": [2.3, 3.5, 2.8], ""Smarkets"": [2.4, 3.7, 2.8], ""Unibet (UK)"": [2.4, 3.5, 2.7], ""Virgin Bet"": [2.4, 3.25, 2.63], ""William Hill"": [2.4, 3.3, 2.75]}"
2026-10-08T14:28:00.276280+00:00,soccer_italy_serie_a-907639dade64cca45d1ab639195d201e-1x2,Serie A,Venezia v Napoli,2026-10-17T13:00:00Z,15,0.212863,0.243138,0.548577,0.20353,0.235839,0.563848,0.211893,0.24203,0.546077,0.202877,0.235083,0.56204,"{""888sport"": [4.33, 3.8, 1.7], ""Betfair"": [4.9, 4.0, 1.72], ""Betfred (UK)"": [4.5, 4.0, 1.73], ""Betway"": [4.2, 4.0, 1.7], ""BoyleSports"": [4.2, 3.8, 1.62], ""Casumo"": [4.35, 3.75, 1.74], ""Grosvenor"": [4.5, 3.9, 1.78], ""LeoVegas"": [4.33, 3.85, 1.67], ""LiveScore Bet"": [4.2, 3.6, 1.71], ""Paddy Power"": [4.5, 3.75, 1.67], ""Sky Bet"": [4.6, 3.75, 1.7], ""Smarkets"": [4.8, 3.95, 1.71], ""Unibet (UK)"": [4.5, 3.9, 1.7], ""Virgin Bet"": [4.2, 3.6, 1.71], ""William Hill"": [4.33, 3.8, 1.7]}"
2026-10-08T14:28:00.276280+00:00,soccer_italy_serie_a-bfefc309177723410230fee52f650315-1x2,Serie A,Bologna v Inter Milan,2026-10-17T16:00:00Z,15,0.185855,0.236348,0.578369,0.176101,0.226201,0.598927,0.185749,0.236213,0.578038,0.175885,0.225923,0.598192,"{""888sport"": [4.8, 3.75, 1.65], ""Betfair"": [5.3, 4.2, 1.64], ""Betfred (UK)"": [5.0, 4.2, 1.62], ""Betway"": [4.75, 3.8, 1.61], ""BoyleSports"": [4.75, 3.8, 1.57], ""Casumo"": [5.1, 3.95, 1.61], ""Grosvenor"": [5.25, 4.0, 1.62], ""LeoVegas"": [4.75, 3.95, 1.6], ""LiveScore Bet"": [4.9, 3.8, 1.58], ""Paddy Power"": [5.0, 4.2, 1.5], ""Sky Bet"": [5.0, 4.33, 1.55], ""Smarkets"": [5.2, 4.1, 1.63], ""Unibet (UK)"": [5.0, 4.0, 1.62], ""Virgin Bet"": [4.9, 3.8, 1.58], ""William Hill"": [4.8, 3.75, 1.65]}"
2026-10-08T14:28:00.276280+00:00,soccer_italy_serie_a-18d478f469da3bcc654dd4555b85c7e3-1x2,Serie A,AS Roma v Genoa,2026-10-17T18:45:00Z,15,0.716789,0.182064,0.101147,0.745605,0.162826,0.089517,0.716789,0.182064,0.101147,0.747138,0.16316,0.089701,"{""888sport"": [1.33, 4.8, 8.5], ""Betfair"": [1.33, 5.6, 10.0], ""Betfred (UK)"": [1.3, 5.5, 9.5], ""Betway"": [1.33, 5.0, 7.5], ""BoyleSports"": [1.3, 5.0, 8.0], ""Casumo"": [1.29, 5.25, 10.0], ""Grosvenor"": [1.3, 5.5, 10.5], ""LeoVegas"": [1.32, 5.0, 7.5], ""LiveScore Bet"": [1.27, 5.0, 9.0], ""Paddy Power"": [1.22, 5.5, 10.0], ""Sky Bet"": [1.25, 5.5, 9.5], ""Smarkets"": [1.32, 5.5, 9.8], ""Unibet (UK)"": [1.33, 5.0, 8.0], ""Virgin Bet"": [1.27, 5.0, 9.0], ""William Hill"": [1.33, 4.8, 8.5]}"
2026-10-08T14:28:00.276280+00:00,soccer_italy_serie_a-367da93aa21a1e13eeafb94fd2263c75-1x2,Serie A,Udinese v Lecce,2026-10-18T10:30:00Z,15,0.504585,0.266958,0.230487,0.519481,0.261343,0.222122,0.503562,0.266418,0.23002,0.517955,0.260576,0.221469,"{""888sport"": [1.85, 3.4, 3.9], ""Betfair"": [1.87, 3.65, 4.4], ""Betfred (UK)"": [1.9, 3.6, 4.0], ""Betway"": [1.83, 3.5, 4.0], ""BoyleSports"": [1.83, 3.4, 3.8], ""Casumo"": [1.83, 3.5, 4.2], ""Grosvenor"": [1.88, 3.6, 4.35], ""LeoVegas"": [1.85, 3.4, 4.0], ""LiveScore Bet"": [1.79, 3.35, 4.0], ""Paddy Power"": [1.83, 3.5, 4.0], ""Sky Bet"": [1.85, 3.5, 4.0], ""Smarkets"": [1.86, 3.6, 4.3], ""Unibet (UK)"": [1.85, 3.5, 4.2], ""Virgin Bet"": [1.79, 3.35, 4.0], ""William Hill"": [1.85, 3.4, 3.9]}"
2026-10-08T14:28:00.276280+00:00,soccer_italy_serie_a-3ea32a0aa44a5f0ef7fd088155430087-1x2,Serie A,Fiorentina v Como,2026-10-18T13:00:00Z,15,0.281483,0.262425,0.458599,0.277275,0.255711,0.468699,0.280779,0.261769,0.457452,0.276808,0.255281,0.467911,"{""888sport"": [3.3, 3.5, 2.05], ""Betfair"": [3.35, 3.75, 2.08], ""Betfred (UK)"": [3.3, 3.75, 2.05], ""Betway"": [3.2, 3.6, 2.0], ""BoyleSports"": [3.1, 3.5, 1.95], ""Casumo"": [3.5, 3.55, 1.96], ""Grosvenor"": [3.65, 3.7, 2.02], ""LeoVegas"": [3.15, 3.45, 2.08], ""LiveScore Bet"": [3.4, 3.45, 1.93], ""Paddy Power"": [3.3, 3.5, 2.0], ""Sky Bet"": [3.4, 3.5, 2.05], ""Smarkets"": [3.25, 3.7, 2.06], ""Unibet (UK)"": [3.25, 3.5, 2.08], ""Virgin Bet"": [3.4, 3.45, 1.93], ""William Hill"": [3.3, 3.5, 2.05]}"
2026-10-08T14:28:00.276280+00:00,soccer_italy_serie_a-f9403dd597edbfaa73abdc974e55344c-1x2,Serie A,AC Milan v Atalanta BC,2026-10-18T16:00:00Z,15,0.510067,0.255474,0.234899,0.529718,0.249134,0.222767,0.509842,0.255362,0.234796,0.528862,0.248731,0.222407,"{""888sport"": [1.85, 3.4, 3.9], ""Betfair"": [1.9, 3.7, 3.95], ""Betfred (UK)"": [1.83, 3.75, 4.2], ""Betway"": [1.83, 3.6, 3.8], ""BoyleSports"": [1.75, 3.5, 3.8], ""Casumo"": [1.78, 3.7, 4.1], ""Grosvenor"": [1.8, 3.75, 4.25], ""LeoVegas"": [1.88, 3.45, 3.75], ""LiveScore Bet"": [1.75, 3.55, 3.95], ""Paddy Power"": [1.75, 3.6, 4.2], ""Sky Bet"": [1.8, 3.6, 4.2], ""Smarkets"": [1.92, 3.65, 4.0], ""Unibet (UK)"": [1.85, 3.5, 3.8], ""Virgin Bet"": [1.75, 3.55, 3.95], ""William Hill"": [1.85, 3.4, 3.9]}"
2026-10-08T14:28:00.276280+00:00,soccer_italy_serie_a-4c4026e2782f09d6f0ff2bde2a390513-1x2,Serie A,Juventus v Lazio,2026-10-18T18:45:00Z,15,0.56734,0.248588,0.185015,0.584801,0.240618,0.172814,0.566806,0.248354,0.184841,0.585836,0.241044,0.17312,"{""888sport"": [1.61, 3.8, 5.0], ""Betfair"": [1.67, 3.9, 5.8], ""Betfred (UK)"": [1.67, 4.0, 5.0], ""Betway"": [1.61, 3.8, 4.75], ""BoyleSports"": [1.6, 3.75, 5.0], ""Casumo"": [1.65, 3.7, 5.1], ""Grosvenor"": [1.68, 3.85, 5.4], ""LeoVegas"": [1.62, 3.75, 4.9], ""LiveScore Bet"": [1.62, 3.55, 4.9], ""Paddy Power"": [1.65, 3.75, 4.75], ""Sky Bet"": [1.67, 3.75, 5.0], ""Smarkets"": [1.65, 3.85, 5.7], ""Unibet (UK)"": [1.65, 3.75, 5.0], ""Virgin Bet"": [1.62, 3.55, 4.9], ""William Hill"": [1.62, 3.8, 5.0]}"
2026-10-08T14:28:00.276280+00:00,soccer_italy_serie_a-ce94aca384a20f6af459366da6e1dd21-1x2,Serie A,Monza v Cagliari,2026-10-19T16:30:00Z,15,0.421208,0.297318,0.28121,0.426386,0.293718,0.275408,0.421319,0.297397,0.281284,0.428308,0.295042,0.276649,"{""888sport"": [2.2, 3.0, 3.3], ""Betfair"": [2.42, 3.2, 3.4], ""Betfred (UK)"": [2.25, 3.3, 3.25], ""Betway"": [2.15, 3.1, 3.3], ""BoyleSports"": [2.1, 3.1, 3.2], ""Casumo"": [2.14, 3.15, 3.5], ""Grosvenor"": [2.16, 3.2, 3.6], ""LeoVegas"": [2.2, 3.15, 3.2], ""LiveScore Bet"": [2.08, 3.05, 3.4], ""Paddy Power"": [2.25, 3.0, 3.2], ""Sky Bet"": [2.3, 3.0, 3.2], ""Smarkets"": [2.4, 3.15, 3.35], ""Unibet (UK)"": [2.2, 3.2, 3.25], ""Virgin Bet"": [2.08, 3.05, 3.4], ""William Hill"": [2.2, 3.0, 3.3]}"
2026-10-08T14:28:00.276280+00:00,soccer_italy_serie_a-07014d9adc65ca39710bd9f0c7c0d3f0-1x2,Serie A,Parma v Torino,2026-10-19T18:45:00Z,15,0.30527,0.305615,0.392157,0.303257,0.303055,0.394774,0.304344,0.304688,0.390968,0.302928,0.302726,0.394346,"{""888sport"": [3.0, 3.0, 2.4], ""Betfair"": [3.2, 3.1, 2.44], ""Betfred (UK)"": [3.0, 3.2, 2.4], ""Betway"": [3.1, 3.0, 2.38], ""BoyleSports"": [3.0, 2.9, 2.38], ""Casumo"": [3.05, 3.1, 2.35], ""Grosvenor"": [3.1, 3.15, 2.4], ""LeoVegas"": [2.88, 3.1, 2.38], ""LiveScore Bet"": [2.95, 3.0, 2.3], ""Paddy Power"": [3.1, 3.0, 2.3], ""Sky Bet"": [3.2, 3.0, 2.3], ""Smarkets"": [3.1, 2.92, 2.4], ""Unibet (UK)"": [2.9, 3.1, 2.4], ""Virgin Bet"": [2.95, 3.0, 2.3], ""William Hill"": [3.0, 3.0, 2.4]}"
2026-10-08T14:28:00.276280+00:00,soccer_portugal_primeira_liga-0956c06cd173899e11422bece0fbf94f-1x2,Primeira Liga,Moreirense FC v Gil Vicente,2026-10-09T17:45:00Z,20,0.287365,0.296015,0.414894,0.284559,0.292615,0.421185,0.287862,0.296527,0.415611,0.285027,0.293096,0.421877,"{""888sport"": [3.2, 3.1, 2.2], ""Bet Victor"": [3.12, 3.12, 2.2], ""Betano (UK)"": [3.12, 3.12, 2.2], ""Betfair"": [3.4, 3.3, 2.38], ""Betfair Sportsbook"": [3.3, 3.3, 2.2], ""Betfred (UK)"": [3.1, 3.2, 2.2], ""Betway"": [3.25, 3.1, 2.25], ""BoyleSports"": [3.2, 3.0, 2.2], ""Casumo"": [3.25, 3.05, 2.28], ""Coral"": [3.2, 3.25, 2.3], ""Grosvenor"": [3.25, 3.05, 2.28], ""Ladbrokes"": [3.2, 3.2, 2.25], ""LiveScore Bet"": [3.15, 2.95, 2.23], ""Matchbook"": [3.45, 3.35, 2.38], ""Paddy Power"": [3.3, 3.3, 2.2], ""Sky Bet"": [3.2, 3.2, 2.2], ""Smarkets"": [3.35, 3.25, 2.34], ""Unibet (UK)"": [3.25, 3.2, 2.25], ""Virgin Bet"": [3.25, 3.05, 2.28], ""William Hill"": [3.2, 3.1, 2.2]}"
2026-10-08T14:28:00.276280+00:00,soccer_portugal_primeira_liga-b4d52d1abd5efcd669a093139239c7b0-1x2,Primeira Liga,Braga v Sporting Lisbon,2026-10-09T19:15:00Z,20,0.284686,0.270557,0.445462,0.280969,0.267083,0.453824,0.284485,0.270366,0.445148,0.280443,0.266583,0.452974,"{""888sport"": [3.25, 3.3, 2.1], ""Bet Victor"": [3.2, 3.4, 2.05], ""Betano (UK)"": [3.2, 3.4, 2.05], ""Betfair"": [3.45, 3.65, 2.24], ""Betfair Sportsbook"": [3.3, 3.5, 2.1], ""Betfred (UK)"": [3.25, 3.4, 2.05], ""Betway"": [3.25, 3.5, 2.1], ""BoyleSports"": [3.2, 3.3, 2.0], ""Casumo"": [3.3, 3.4, 2.14], ""Coral"": [3.4, 3.5, 2.1], ""Grosvenor"": [3.3, 3.4, 2.0], ""Ladbrokes"": [3.4, 3.5, 2.1], ""LiveScore Bet"": [3.15, 3.3, 2.08], ""Matchbook"": [3.45, 3.65, 2.24], ""Paddy Power"": [3.3, 3.5, 2.1], ""Sky Bet"": [3.2, 3.4, 2.05], ""Smarkets"": [3.35, 3.6, 2.22], ""Unibet (UK)"": [3.25, 3.4, 2.15], ""Virgin Bet"": [3.3, 3.4, 2.14], ""William Hill"": [3.25, 3.3, 2.1]}"
2026-10-08T14:28:00.276280+00:00,soccer_portugal_primeira_liga-710dd3ffd365c610f1969a86cd70e074-1x2,Primeira Liga,Casa Pia v Santa Clara,2026-10-10T14:30:00Z,20,0.212877,0.281547,0.507154,0.204339,0.276066,0.521474,0.212542,0.281103,0.506355,0.203956,0.275548,0.520496,"{""888sport"": [4.2, 3.2, 1.85], ""Bet Victor"": [4.33, 3.25, 1.8], ""Betano (UK)"": [4.33, 3.25, 1.8], ""Betfair"": [4.8, 3.45, 1.88], ""Betfair Sportsbook"": [4.4, 3.3, 1.85], ""Betfred (UK)"": [4.2, 3.25, 1.83], ""Betway"": [4.33, 3.5, 1.77], ""BoyleSports"": [4.2, 3.3, 1.8], ""Casumo"": [4.5, 3.4, 1.82], ""Coral"": [4.4, 3.3, 1.91], ""Grosvenor"": [4.5, 3.4, 1.82], ""Ladbrokes"": [4.33, 3.25, 1.91], ""LiveScore Bet"": [4.35, 3.25, 1.77], ""Matchbook"": [4.8, 3.5, 1.88], ""Paddy Power"": [4.33, 3.3, 1.85], ""Sky Bet"": [4.2, 3.25, 1.83], ""Smarkets"": [4.7, 3.4, 1.87], ""Unibet (UK)"": [4.35, 3.25, 1.9], ""Virgin Bet"": [4.5, 3.4, 1.82], ""William Hill"": [4.2, 3.2, 1.85]}"
2026-10-08T14:28:00.276280+00:00,soccer_portugal_primeira_liga-d9bfec13c112810701ee7e60f02bffa5-1x2,Primeira Liga,CS Maritimo v FC Porto,2026-10-10T17:00:00Z,20,0.097989,0.18557,0.712025,0.084333,0.169708,0.746438,0.098424,0.186393,0.715183,0.084293,0.169627,0.74608,"{""888sport"": [9.0, 5.0, 1.3], ""Bet Victor"": [9.0, 4.6, 1.3], ""Betano (UK)"": [9.0, 4.6, 1.3], ""Betfair"": [10.5, 5.6, 1.35], ""Betfair Sportsbook"": [10.5, 5.0, 1.29], ""Betfred (UK)"": [9.5, 4.6, 1.3], ""Betway"": [9.0, 5.0, 1.3], ""BoyleSports"": [8.0, 4.75, 1.33], ""Casumo"": [10.0, 5.2, 1.29], ""Coral"": [9.5, 5.0, 1.33], ""Grosvenor"": [10.0, 5.2, 1.29], ""Ladbrokes"": [9.5, 5.0, 1.33], ""LiveScore Bet"": [10.0, 5.2, 1.29], ""Matchbook"": [11.0, 5.6, 1.35], ""Paddy Power"": [10.0, 5.0, 1.29], ""Sky Bet"": [9.0, 4.75, 1.29], ""Smarkets"": [10.0, 5.5, 1.32], ""Unibet (UK)"": [9.0, 5.0, 1.33], ""Virgin Bet"": [10.0, 5.2, 1.29], ""William Hill"": [9.0, 5.0, 1.3]}"
2026-10-08T14:28:00.276280+00:00,soccer_portugal_primeira_liga-2444214363711d31867a9df8c712ec8d-1x2,Primeira Liga,Académico de Viseu v Estoril,2026-10-10T19:30:00Z,20,0.413392,0.277423,0.313086,0.416972,0.272787,0.31113,0.411785,0.276345,0.311869,0.416602,0.272545,0.310853,"{""888sport"": [2.25, 3.3, 2.9], ""Bet Victor"": [2.2, 3.3, 3.0], ""Betano (UK)"": [2.2, 3.3, 3.0], ""Betfair"": [2.34, 3.45, 3.2], ""Betfair Sportsbook"": [2.2, 3.5, 3.0], ""Betfred (UK)"": [2.2, 3.4, 2.88], ""Betway"": [2.25, 3.4, 2.9], ""BoyleSports"": [2.15, 3.25, 2.9], ""Casumo"": [2.4, 3.35, 2.88], ""Coral"": [2.3, 3.4, 2.9], ""Grosvenor"": [2.4, 3.35, 2.88], ""Ladbrokes"": [2.3, 3.4, 2.9], ""LiveScore Bet"": [2.33, 3.25, 2.8], ""Matchbook"": [2.32, 3.45, 3.2], ""Paddy Power"": [2.2, 3.5, 3.0], ""Sky Bet"": [2.2, 3.4, 3.0], ""Smarkets"": [2.3, 3.3, 3.15], ""Unibet (UK)"": [2.25, 3.4, 3.1], ""Virgin Bet"": [2.4, 3.35, 2.88], ""William Hill"": [2.25, 3.3, 2.9]}"
2026-10-08T14:28:00.276280+00:00,soccer_portugal_primeira_liga-5ecd75456d38ef4c394e502ecdd8937c-1x2,Primeira Liga,Rio Ave FC v Nacional,2026-10-11T14:30:00Z,17,0.41002,0.285884,0.303502,0.414572,0.283044,0.300477,0.410264,0.286054,0.303682,0.415364,0.283585,0.301051,"{""888sport"": [2.25, 3.2, 3.1], ""Bet Victor"": [2.25, 3.12, 3.0], ""Betano (UK)"": [2.25, 3.12, 3.0], ""Betfair"": [1.12, 3.2, 1.42], ""Betfair Sportsbook"": [2.25, 3.3, 3.2], ""Betfred (UK)"": [2.2, 3.25, 3.1], ""BoyleSports"": [2.25, 3.1, 3.0], ""Casumo"": [2.33, 3.3, 3.0], ""Coral"": [2.3, 3.3, 3.1], ""Grosvenor"": [2.33, 3.3, 3.0], ""Ladbrokes"": [2.3, 3.3, 3.1], ""LiveScore Bet"": [2.28, 3.2, 2.88], ""Paddy Power"": [2.25, 3.25, 3.1], ""Sky Bet"": [2.15, 3.1, 3.0], ""Smarkets"": [2.16, 3.0, 2.94], ""Virgin Bet"": [2.33, 3.3, 3.0], ""William Hill"": [2.25, 3.2, 3.1]}"
2026-10-08T14:28:00.276280+00:00,soccer_portugal_primeira_liga-5696ee371ba00ede3dc8a64d24ce79f1-1x2,Primeira Liga,Benfica v Vitória SC,2026-10-11T17:00:00Z,18,0.76966,0.149997,0.078974,0.810066,0.128574,0.062161,0.770715,0.150203,0.079082,0.809418,0.128471,0.062111,"{""888sport"": [1.22, 6.0, 11.0], ""Bet Victor"": [1.18, 6.0, 11.5], ""Betano (UK)"": [1.18, 6.0, 11.5], ""Betfair"": [1.23, 7.0, 13.5], ""Betfair Sportsbook"": [1.18, 6.5, 13.0], ""Betfred (UK)"": [1.2, 6.0, 11.0], ""BoyleSports"": [1.22, 6.0, 10.0], ""Casumo"": [1.21, 6.4, 12.5], ""Coral"": [1.25, 6.0, 12.0], ""Grosvenor"": [1.21, 6.4, 12.5], ""Ladbrokes"": [1.25, 6.0, 12.0], ""LiveScore Bet"": [1.19, 6.0, 11.0], ""Paddy Power"": [1.17, 6.5, 13.0], ""Sky Bet"": [1.17, 6.0, 10.0], ""Smarkets"": [1.23, 6.8, 13.0], ""Unibet (UK)"": [1.22, 6.5, 12.0], ""Virgin Bet"": [1.21, 6.4, 12.5], ""William Hill"": [1.22, 6.0, 11.0]}"
2026-10-08T14:28:00.276280+00:00,soccer_portugal_primeira_liga-2aa9808e7e84598f45ccf338a9b8912a-1x2,Primeira Liga,Arouca v CF Estrela,2026-10-11T19:30:00Z,18,0.441315,0.275173,0.283512,0.454683,0.271217,0.279988,0.441315,0.275173,0.283512,0.452021,0.269629,0.27835,"{""888sport"": [2.1, 3.3, 3.25], ""Bet Victor"": [2.05, 3.3, 3.25], ""Betano (UK)"": [2.05, 3.3, 3.25], ""Betfair"": [1.29, 3.35, 1.29], ""Betfair Sportsbook"": [2.1, 3.5, 3.3], ""Betfred (UK)"": [2.05, 3.5, 3.2], ""BoyleSports"": [2.0, 3.4, 3.2], ""Casumo"": [2.12, 3.4, 3.3], ""Coral"": [2.2, 3.4, 3.25], ""Grosvenor"": [2.12, 3.4, 3.3], ""Ladbrokes"": [2.2, 3.3, 3.25], ""LiveScore Bet"": [2.12, 3.4, 3.3], ""Paddy Power"": [2.05, 3.5, 3.25], ""Sky Bet"": [2.0, 3.3, 3.1], ""Smarkets"": [2.0, 3.15, 3.15], ""Unibet (UK)"": [2.1, 3.4, 3.4], ""Virgin Bet"": [2.12, 3.4, 3.3], ""William Hill"": [2.1, 3.3, 3.25]}"
2026-10-08T14:28:00.276280+00:00,soccer_portugal_primeira_liga-789c3dd95a7fcef675ce5a40b07371a2-1x2,Primeira Liga,Famalicão v Alverca,2026-10-12T19:15:00Z,18,0.51073,0.271861,0.216354,0.524811,0.266824,0.209355,0.511269,0.272148,0.216583,0.524292,0.26656,0.209148,"{""888sport"": [1.8, 3.4, 4.2], ""Bet Victor"": [1.8, 3.4, 4.2], ""Betano (UK)"": [1.8, 3.4, 4.2], ""Betfair"": [1.94, 3.5, 4.6], ""Betfair Sportsbook"": [1.85, 3.5, 4.2], ""Betfred (UK)"": [1.83, 3.4, 4.0], ""BoyleSports"": [1.75, 3.3, 4.5], ""Casumo"": [1.83, 3.45, 4.35], ""Coral"": [1.85, 3.4, 4.6], ""Grosvenor"": [1.83, 3.45, 4.35], ""Ladbrokes"": [1.83, 3.3, 4.5], ""LiveScore Bet"": [1.79, 3.3, 4.2], ""Paddy Power"": [1.85, 3.5, 4.0], ""Sky Bet"": [1.8, 3.3, 3.8], ""Smarkets"": [1.75, 3.1, 4.1], ""Unibet (UK)"": [1.83, 3.4, 4.5], ""Virgin Bet"": [1.84, 3.45, 4.35], ""William Hill"": [1.8, 3.4, 4.2]}"
2026-10-08T14:28:00.276280+00:00,soccer_belgium_first_div-13f6082d5c8639fefe5928313d221b44-1x2,Belgian Pro League,SK Beveren v Lommel SK,2026-10-09T18:45:00Z,19,0.518889,0.245936,0.235294,0.53426,0.23925,0.227562,0.518827,0.245907,0.235266,0.533688,0.238994,0.227318,"{""888sport"": [1.8, 3.6, 3.9], ""Bet Victor"": [1.75, 3.75, 3.9], ""Betano (UK)"": [1.75, 3.75, 3.9], ""Betfair"": [1.84, 4.0, 4.2], ""Betfair Sportsbook"": [1.75, 3.8, 3.8], ""Betfred (UK)"": [1.8, 3.75, 3.75], ""BoyleSports"": [1.73, 3.8, 3.75], ""Casumo"": [1.79, 3.75, 4.0], ""Coral"": [1.85, 3.8, 4.0], ""Grosvenor"": [1.81, 3.85, 4.1], ""Ladbrokes"": [1.83, 3.75, 3.9], ""LiveScore Bet"": [1.74, 3.6, 3.85], ""Matchbook"": [1.83, 4.0, 4.2], ""Paddy Power"": [1.75, 3.75, 3.8], ""Sky Bet"": [1.75, 3.6, 3.6], ""Smarkets"": [1.8, 3.95, 4.0], ""Unibet (UK)"": [1.85, 3.7, 3.9], ""Virgin Bet"": [1.74, 3.6, 3.85], ""William Hill"": [1.8, 3.6, 3.9]}"
2026-10-08T14:28:00.276280+00:00,soccer_belgium_first_div-8247c76fda17e722cbfca878c81bad67-1x2,Belgian Pro League,Cercle Brugge KSV v Anderlecht,2026-10-10T14:00:00Z,18,0.270583,0.254767,0.475365,0.263954,0.248947,0.488644,0.270389,0.254585,0.475026,0.263547,0.248563,0.48789,"{""888sport"": [3.4, 3.5, 1.95], ""Bet Victor"": [3.4, 3.6, 1.93], ""Betano (UK)"": [3.4, 3.6, 1.93], ""Betfair"": [3.45, 3.85, 1.97], ""Betfair Sportsbook"": [3.4, 3.7, 1.91], ""Betfred (UK)"": [3.4, 3.6, 1.95], ""BoyleSports"": [3.2, 3.5, 1.91], ""Casumo"": [3.9, 3.65, 1.85], ""Coral"": [3.4, 3.7, 2.0], ""Grosvenor"": [3.95, 3.7, 1.87], ""Ladbrokes"": [3.4, 3.7, 2.0], ""LiveScore Bet"": [3.7, 3.45, 1.79], ""Matchbook"": [3.55, 3.75, 1.97], ""Paddy Power"": [3.3, 3.6, 1.9], ""Sky Bet"": [3.25, 3.5, 1.85], ""Smarkets"": [3.4, 3.55, 1.96], ""Unibet (UK)"": [3.4, 3.7, 2.0], ""Virgin Bet"": [3.7, 3.45, 1.79]}"
2026-10-08T14:28:00.276280+00:00,soccer_belgium_first_div-4e3982f14172b814682bc1c3ad9e48db-1x2,Belgian Pro League,RAAL La Louvière v Club Brugge,2026-10-10T16:15:00Z,19,0.133309,0.190762,0.675401,0.114228,0.174506,0.707808,0.13338,0.190863,0.675757,0.114625,0.175111,0.710264,"{""888sport"": [6.0, 4.75, 1.4], ""Bet Victor"": [7.0, 4.75, 1.36], ""Betano (UK)"": [7.0, 4.75, 1.36], ""Betfair"": [7.2, 5.3, 1.4], ""Betfair Sportsbook"": [7.0, 4.75, 1.3], ""Betfred (UK)"": [7.0, 4.6, 1.36], ""BoyleSports"": [6.5, 4.75, 1.36], ""Casumo"": [8.0, 4.9, 1.35], ""Coral"": [6.5, 5.0, 1.4], ""Grosvenor"": [8.0, 5.0, 1.36], ""Ladbrokes"": [6.5, 5.0, 1.4], ""LiveScore Bet"": [7.0, 4.6, 1.32], ""Matchbook"": [7.0, 5.2, 1.38], ""Paddy Power"": [7.0, 4.75, 1.3], ""Sky Bet"": [6.5, 4.6, 1.33], ""Smarkets"": [7.0, 5.2, 1.39], ""Unibet (UK)"": [6.5, 5.0, 1.4], ""Virgin Bet"": [7.0, 4.6, 1.32], ""William Hill"": [6.0, 4.75, 1.4]}"
2026-10-08T14:28:00.276280+00:00,soccer_belgium_first_div-298b9a7c4e3da71c8b4f8e5af71e80fb-1x2,Belgian Pro League,Genk v KV Kortrijk,2026-10-10T18:45:00Z,19,0.655095,0.203807,0.141097,0.687748,0.187914,0.124628,0.655095,0.203807,0.141097,0.687548,0.187859,0.124592,"{""888sport"": [1.44, 4.2, 6.0], ""Bet Victor"": [1.4, 4.5, 6.5], ""Betano (UK)"": [1.4, 4.5, 6.5], ""Betfair"": [1.45, 4.9, 7.6], ""Betfair Sportsbook"": [1.36, 4.6, 6.0], ""Betfred (UK)"": [1.4, 4.5, 6.5], ""BoyleSports"": [1.4, 4.33, 6.0], ""Casumo"": [1.4, 4.7, 7.5], ""Coral"": [1.48, 4.6, 6.5], ""Grosvenor"": [1.4, 4.75, 7.5], ""Ladbrokes"": [1.48, 4.5, 6.5], ""LiveScore Bet"": [1.36, 4.4, 6.75], ""Matchbook"": [1.46, 4.9, 7.0], ""Paddy Power"": [1.36, 4.5, 6.0], ""Sky Bet"": [1.36, 4.33, 6.0], ""Smarkets"": [1.43, 4.8, 7.4], ""Unibet (UK)"": [1.45, 4.75, 6.0], ""Virgin Bet"": [1.36, 4.4, 6.75], ""William Hill"": [1.44, 4.2, 6.0]}"
2026-10-08T14:28:00.276280+00:00,soccer_belgium_first_div-b1d8811ec053caa5df544a512f747c8f-1x2,Belgian Pro League,SV Zulte-Waregem v Gent,2026-10-10T18:45:00Z,19,0.329163,0.283587,0.38769,0.328596,0.279704,0.3917,0.329018,0.283462,0.38752,0.328596,0.279704,0.3917,"{""888sport"": [2.9, 3.1, 2.3], ""Bet Victor"": [2.8, 3.25, 2.38], ""Betano (UK)"": [2.8, 3.25, 2.38], ""Betfair"": [2.94, 3.2, 2.42], ""Betfair Sportsbook"": [2.7, 3.3, 2.3], ""Betfred (UK)"": [2.75, 3.3, 2.38], ""BoyleSports"": [2.88, 3.1, 2.3], ""Casumo"": [2.65, 3.4, 2.5], ""Coral"": [2.9, 3.3, 2.4], ""Grosvenor"": [2.75, 3.5, 2.55], ""Ladbrokes"": [2.87, 3.3, 2.4], ""LiveScore Bet"": [2.55, 3.25, 2.4], ""Matchbook"": [3.05, 3.25, 2.42], ""Paddy Power"": [2.7, 3.3, 2.3], ""Sky Bet"": [2.7, 3.25, 2.25], ""Smarkets"": [2.74, 3.1, 2.34], ""Unibet (UK)"": [2.85, 3.3, 2.45], ""Virgin Bet"": [2.55, 3.25, 2.4], ""William Hill"": [2.9, 3.1, 2.3]}"
2026-10-08T14:28:00.276280+00:00,soccer_belgium_first_div-10257421c02c59079850eb4eeb36a74a-1x2,Belgian Pro League,Standard Liege v Charleroi,2026-10-11T11:30:00Z,18,0.32001,0.272068,0.409918,0.318635,0.268339,0.416454,0.319373,0.271526,0.409102,0.317547,0.267422,0.415031,"{""888sport"": [2.88, 3.3, 2.3], ""Bet Victor"": [2.8, 3.4, 2.3], ""Betano (UK)"": [2.8, 3.4, 2.3], ""Betfair"": [2.92, 1.6, 2.26], ""Betfair Sportsbook"": [2.8, 3.4, 2.2], ""Betfred (UK)"": [2.8, 3.4, 2.3], ""BoyleSports"": [2.7, 3.3, 2.3], ""Casumo"": [2.95, 3.4, 2.25], ""Coral"": [3.0, 3.5, 2.3], ""Grosvenor"": [3.05, 3.55, 2.33], ""Ladbrokes"": [3.0, 3.5, 2.3], ""LiveScore Bet"": [2.85, 3.25, 2.18], ""Matchbook"": [2.68, 3.1, 2.22], ""Paddy Power"": [2.8, 3.4, 2.2], ""Sky Bet"": [2.75, 3.3, 2.15], ""Smarkets"": [2.92, 3.25, 2.22], ""Virgin Bet"": [2.85, 3.25, 2.18], ""William Hill"": [2.88, 3.3, 2.3]}"
2026-10-08T14:28:00.276280+00:00,soccer_belgium_first_div-5f8e963a122b780d963c3c220379ae24-1x2,Belgian Pro League,Union Saint-Gilloise v Leuven,2026-10-11T14:00:00Z,19,0.749527,0.156951,0.09375,0.791818,0.133711,0.075831,0.749357,0.156915,0.093729,0.790742,0.13353,0.075728,"{""888sport"": [1.25, 5.5, 9.5], ""Bet Victor"": [1.22, 5.75, 10.0], ""Betano (UK)"": [1.22, 5.75, 10.0], ""Betfair"": [1.21, 6.6, 1.12], ""Betfair Sportsbook"": [1.18, 6.0, 10.5], ""Betfred (UK)"": [1.22, 6.0, 10.0], ""BoyleSports"": [1.25, 5.5, 9.5], ""Casumo"": [1.25, 6.0, 10.0], ""Coral"": [1.28, 6.0, 10.0], ""Grosvenor"": [1.26, 6.1, 10.5], ""Ladbrokes"": [1.28, 5.75, 9.5], ""LiveScore Bet"": [1.22, 5.6, 9.0], ""Matchbook"": [1.22, 6.2, 10.0], ""Paddy Power"": [1.18, 6.0, 10.0], ""Sky Bet"": [1.2, 5.75, 9.5], ""Smarkets"": [1.21, 6.0, 10.0], ""Unibet (UK)"": [1.25, 6.0, 10.5], ""Virgin Bet"": [1.22, 5.6, 9.0], ""William Hill"": [1.25, 5.5, 9.5]}"
2026-10-08T14:28:00.276280+00:00,soccer_belgium_first_div-87af86a487f65496a87ff2a8193d8928-1x2,Belgian Pro League,Westerlo v Royal Antwerp,2026-10-11T16:30:00Z,18,0.444588,0.251083,0.310238,0.454958,0.24539,0.306514,0.441977,0.249608,0.308415,0.451857,0.243718,0.304425,"{""888sport"": [2.1, 3.6, 2.9], ""Bet Victor"": [2.05, 3.7, 3.0], ""Betano (UK)"": [2.05, 3.7, 3.0], ""Betfair"": [1.12, 1.12, 1.12], ""Betfair Sportsbook"": [2.0, 3.75, 2.9], ""Betfred (UK)"": [2.05, 3.75, 3.0], ""BoyleSports"": [1.95, 3.8, 2.8], ""Casumo"": [2.16, 3.65, 3.0], ""Coral"": [2.1, 3.8, 3.1], ""Grosvenor"": [2.18, 3.75, 3.0], ""Ladbrokes"": [2.1, 3.75, 3.1], ""LiveScore Bet"": [2.08, 3.5, 2.85], ""Paddy Power"": [2.0, 3.75, 2.9], ""Sky Bet"": [1.95, 3.5, 2.8], ""Smarkets"": [2.0, 3.45, 2.9], ""Unibet (UK)"": [2.1, 3.7, 3.1], ""Virgin Bet"": [2.08, 3.5, 2.85], ""William Hill"": [2.1, 3.6, 2.9]}"
2026-10-08T14:28:00.276280+00:00,soccer_belgium_first_div-be4f5fa775ae774256ec0909fa4702ed-1x2,Belgian Pro League,KV Mechelen v Sint Truiden,2026-10-11T17:15:00Z,18,0.296768,0.260664,0.445037,0.292646,0.253979,0.455981,0.296037,0.260022,0.443941,0.291886,0.253319,0.454795,"{""888sport"": [3.1, 3.5, 2.05], ""Bet Victor"": [3.1, 3.6, 2.05], ""Betano (UK)"": [3.1, 3.6, 2.05], ""Betfair"": [1.29, 3.4, 1.29], ""Betfair Sportsbook"": [3.0, 3.6, 2.0], ""Betfred (UK)"": [3.1, 3.6, 2.05], ""BoyleSports"": [3.0, 3.5, 2.0], ""Casumo"": [3.0, 3.55, 2.18], ""Coral"": [3.25, 3.6, 2.1], ""Grosvenor"": [3.05, 3.6, 2.2], ""Ladbrokes"": [3.2, 3.6, 2.1], ""LiveScore Bet"": [2.88, 3.4, 2.1], ""Paddy Power"": [3.0, 3.6, 2.0], ""Sky Bet"": [2.9, 3.3, 1.95], ""Smarkets"": [2.98, 3.25, 2.02], ""Unibet (UK)"": [3.2, 3.5, 2.15], ""Virgin Bet"": [2.88, 3.4, 2.1], ""William Hill"": [3.1, 3.5, 2.05]}"
2026-10-08T14:28:00.276280+00:00,soccer_england_league1-f62bbfdf5adc6caa96b7efcae3c0cbec-1x2,League One,Notts County v Oxford United,2026-10-10T11:30:00Z,21,0.36803,0.280351,0.353035,0.370144,0.278837,0.353658,0.367509,0.279955,0.352536,0.36917,0.278103,0.352727,"{""888sport"": [2.5, 3.2, 2.62], ""Bet Victor"": [2.55, 3.3, 2.7], ""Betano (UK)"": [2.55, 3.3, 2.7], ""Betfair"": [2.7, 3.5, 2.74], ""Betfair Sportsbook"": [2.63, 3.5, 2.63], ""Betfred (UK)"": [2.6, 3.5, 2.62], ""Betway"": [2.4, 3.5, 2.6], ""BoyleSports"": [2.4, 3.4, 2.5], ""Casumo"": [2.5, 3.25, 2.75], ""Coral"": [2.6, 3.4, 2.7], ""Grosvenor"": [2.43, 3.15, 2.65], ""Ladbrokes"": [2.5, 3.4, 2.62], ""LeoVegas"": [2.5, 3.4, 2.65], ""LiveScore Bet"": [2.5, 3.25, 2.75], ""Matchbook"": [2.7, 3.5, 2.76], ""Paddy Power"": [2.6, 3.4, 2.6], ""Sky Bet"": [2.5, 3.3, 2.5], ""Smarkets"": [2.64, 3.45, 2.74], ""Unibet (UK)"": [2.5, 3.4, 2.65], ""Virgin Bet"": [2.43, 3.15, 2.65], ""William Hill"": [2.5, 3.2, 2.62]}"
2026-10-08T14:28:00.276280+00:00,soccer_england_league1-5bbf732565427bf7b459216e04114db0-1x2,League One,Plymouth Argyle v Wimbledon,2026-10-10T11:30:00Z,21,0.628571,0.213527,0.157143,0.649517,0.206914,0.145926,0.629049,0.213689,0.157262,0.64799,0.206427,0.145583,"{""888sport"": [1.5, 4.0, 5.5], ""Bet Victor"": [1.5, 4.33, 6.0], ""Betano (UK)"": [1.5, 4.33, 6.0], ""Betfair"": [1.52, 4.6, 6.6], ""Betfair Sportsbook"": [1.47, 4.5, 6.0], ""Betfred (UK)"": [1.5, 4.5, 6.0], ""Betway"": [1.45, 4.5, 5.75], ""BoyleSports"": [1.44, 4.33, 5.5], ""Casumo"": [1.44, 4.4, 6.5], ""Coral"": [1.53, 4.4, 5.75], ""Grosvenor"": [1.42, 4.25, 6.1], ""Ladbrokes"": [1.53, 4.33, 5.5], ""LeoVegas"": [1.5, 4.3, 5.6], ""LiveScore Bet"": [1.45, 4.4, 6.5], ""Matchbook"": [1.52, 4.6, 6.6], ""Paddy Power"": [1.5, 4.4, 6.0], ""Sky Bet"": [1.5, 4.2, 5.75], ""Smarkets"": [1.51, 4.5, 6.4], ""Unibet (UK)"": [1.52, 4.35, 5.75], ""Virgin Bet"": [1.42, 4.25, 6.1], ""William Hill"": [1.5, 4.0, 5.5]}"
2026-10-08T14:28:00.276280+00:00,soccer_england_league1-46565a1cbc6f2e15ba0b2223a5a1fde8-1x2,League One,Stockport County FC v Barnsley,2026-10-10T14:00:00Z,21,0.657606,0.187243,0.155633,0.683207,0.174506,0.14276,0.657289,0.187152,0.155558,0.682884,0.174423,0.142693,"{""888sport"": [1.4, 4.8, 5.5], ""Bet Victor"": [1.4, 5.0, 6.5], ""Betano (UK)"": [1.4, 5.0, 6.5], ""Betfair"": [1.45, 5.3, 6.6], ""Betfair Sportsbook"": [1.36, 5.0, 6.5], ""Betfred (UK)"": [1.4, 5.0, 7.0], ""Betway"": [1.43, 5.25, 5.5], ""BoyleSports"": [1.4, 4.75, 5.5], ""Casumo"": [1.45, 4.7, 6.0], ""Coral"": [1.44, 5.25, 6.0], ""Grosvenor"": [1.42, 4.5, 5.6], ""Ladbrokes"": [1.44, 5.0, 6.0], ""LeoVegas"": [1.42, 5.0, 6.0], ""LiveScore Bet"": [1.43, 4.5, 5.75], ""Matchbook"": [1.45, 5.3, 7.0], ""Paddy Power"": [1.36, 5.0, 6.5], ""Sky Bet"": [1.4, 5.0, 6.25], ""Smarkets"": [1.45, 5.2, 6.4], ""Unibet (UK)"": [1.42, 5.0, 6.0], ""Virgin Bet"": [1.42, 4.5, 5.6], ""William Hill"": [1.4, 4.8, 5.5]}"
2026-10-08T14:28:00.276280+00:00,soccer_england_league1-da9455392ae630109d4a778c371a47a0-1x2,League One,Cambridge United v Blackpool,2026-10-10T14:00:00Z,21,0.461847,0.25854,0.277763,0.472884,0.253035,0.273673,0.462703,0.259019,0.278278,0.473077,0.253138,0.273785,"{""888sport"": [2.0, 3.4, 3.3], ""Bet Victor"": [2.05, 3.6, 3.3], ""Betano (UK)"": [2.05, 3.6, 3.3], ""Betfair"": [2.06, 3.75, 3.5], ""Betfair Sportsbook"": [2.0, 3.75, 3.4], ""Betfred (UK)"": [2.05, 3.75, 3.3], ""Betway"": [1.95, 3.75, 3.3], ""BoyleSports"": [1.91, 3.6, 3.2], ""Casumo"": [2.02, 3.6, 3.4], ""Coral"": [2.05, 3.7, 3.3], ""Grosvenor"": [1.95, 3.45, 3.25], ""Ladbrokes"": [2.05, 3.7, 3.3], ""LeoVegas"": [2.02, 3.6, 3.3], ""LiveScore Bet"": [2.02, 3.6, 3.4], ""Matchbook"": [2.06, 3.7, 3.6], ""Paddy Power"": [2.0, 3.75, 3.3], ""Sky Bet"": [1.95, 3.6, 3.25], ""Smarkets"": [1.99, 3.6, 3.4], ""Unibet (UK)"": [2.05, 3.6, 3.4], ""Virgin Bet"": [1.96, 3.45, 3.25], ""William Hill"": [2.0, 3.4, 3.3]}"
2026-10-08T14:28:00.276280+00:00,soccer_england_league1-f7533418f3c1250cc4e5df52fb1ad3b7-1x2,League One,Bradford City v Leyton Orient,2026-10-10T14:00:00Z,21,0.547901,0.249013,0.204306,0.564667,0.243312,0.194232,0.547234,0.248709,0.204057,0.563422,0.242775,0.193803,"{""888sport"": [1.73, 3.5, 4.5], ""Bet Victor"": [1.7, 3.75, 4.75], ""Betano (UK)"": [1.7, 3.75, 4.75], ""Betfair"": [1.73, 4.0, 5.2], ""Betfair Sportsbook"": [1.75, 3.8, 4.5], ""Betfred (UK)"": [1.73, 3.75, 4.5], ""Betway"": [1.7, 3.8, 4.5], ""BoyleSports"": [1.67, 3.75, 4.5], ""Casumo"": [1.67, 3.8, 4.9], ""Coral"": [1.75, 3.75, 4.5], ""Grosvenor"": [1.62, 3.65, 4.7], ""Ladbrokes"": [1.75, 3.75, 4.5], ""LeoVegas"": [1.73, 3.7, 4.5], ""LiveScore Bet"": [1.63, 3.65, 4.7], ""Matchbook"": [1.73, 4.0, 5.2], ""Paddy Power"": [1.73, 3.8, 4.5], ""Sky Bet"": [1.73, 3.6, 4.33], ""Smarkets"": [1.72, 3.95, 5.1], ""Unibet (UK)"": [1.73, 3.7, 4.6], ""Virgin Bet"": [1.62, 3.65, 4.7], ""William Hill"": [1.73, 3.5, 4.5]}"
2026-10-08T14:28:00.276280+00:00,soccer_england_league1-39c218d909fdac4a2a1d91d301a55f9b-1x2,League One,Mansfield Town v Bromley FC,2026-10-10T14:00:00Z,21,0.535077,0.246973,0.220677,0.544841,0.241073,0.211828,0.533622,0.246301,0.220077,0.546074,0.241619,0.212307,"{""888sport"": [1.75, 3.6, 4.2], ""Bet Victor"": [1.75, 3.8, 4.33], ""Betano (UK)"": [1.75, 3.8, 4.33], ""Betfair"": [1.84, 4.0, 4.4], ""Betfair Sportsbook"": [1.73, 3.8, 4.5], ""Betfred (UK)"": [1.73, 4.0, 4.33], ""Betway"": [1.8, 3.8, 3.8], ""BoyleSports"": [1.75, 3.75, 3.75], ""Casumo"": [1.79, 3.7, 4.25], ""Coral"": [1.75, 4.0, 4.33], ""Grosvenor"": [1.73, 3.55, 4.1], ""Ladbrokes"": [1.73, 3.9, 4.2], ""LeoVegas"": [1.73, 3.9, 4.2], ""LiveScore Bet"": [1.74, 3.6, 4.1], ""Matchbook"": [1.84, 4.0, 4.5], ""Paddy Power"": [1.73, 3.8, 4.5], ""Sky Bet"": [1.7, 3.6, 4.33], ""Smarkets"": [1.82, 3.95, 4.4], ""Unibet (UK)"": [1.75, 3.9, 4.25], ""Virgin Bet"": [1.73, 3.55, 4.1], ""William Hill"": [1.75, 3.6, 4.2]}"
2026-10-08T14:28:00.276280+00:00,soccer_england_league1-e1450378be7485fb77b97e336ddf2ae4-1x2,League One,Doncaster Rovers v Burton Albion,2026-10-10T14:00:00Z,20,0.557871,0.240715,0.201222,0.574935,0.234099,0.19193,0.557979,0.240761,0.20126,0.574382,0.233873,0.191745,"{""888sport"": [1.67, 3.75, 4.4], ""Bet Victor"": [1.67, 3.9, 4.8], ""Betano (UK)"": [1.67, 3.9, 4.8], ""Betfair"": [1.76, 4.1, 4.9], ""Betfred (UK)"": [1.67, 4.0, 5.0], ""Betway"": [1.67, 4.2, 4.2], ""BoyleSports"": [1.6, 3.8, 4.5], ""Casumo"": [1.68, 3.85, 4.7], ""Coral"": [1.7, 4.0, 4.6], ""Grosvenor"": [1.64, 3.7, 4.5], ""Ladbrokes"": [1.7, 3.9, 4.5], ""LeoVegas"": [1.67, 3.9, 4.6], ""LiveScore Bet"": [1.65, 3.7, 4.5], ""Matchbook"": [1.76, 4.2, 5.0], ""Paddy Power"": [1.67, 3.8, 5.0], ""Sky Bet"": [1.67, 3.6, 4.75], ""Smarkets"": [1.75, 4.1, 4.9], ""Unibet (UK)"": [1.67, 3.9, 4.6], ""Virgin Bet"": [1.64, 3.7, 4.5], ""William Hill"": [1.67, 3.75, 4.4]}"
2026-10-08T14:28:00.276280+00:00,soccer_england_league1-9fa271d4bc9f3d18ae48c60f4a029374-1x2,League One,Huddersfield Town v Sheffield Wednesday,2026-10-10T14:00:00Z,21,0.547523,0.235747,0.219059,0.567261,0.227376,0.209211,0.54625,0.235199,0.21855,0.565087,0.226505,0.208409,"{""888sport"": [1.73, 3.7, 4.2], ""Bet Victor"": [1.7, 4.0, 4.4], ""Betano (UK)"": [1.7, 4.0, 4.4], ""Betfair"": [1.79, 4.2, 4.4], ""Betfair Sportsbook"": [1.7, 4.2, 4.4], ""Betfred (UK)"": [1.7, 4.0, 4.5], ""Betway"": [1.67, 4.0, 4.2], ""BoyleSports"": [1.62, 4.0, 4.0], ""Casumo"": [1.7, 4.0, 4.4], ""Coral"": [1.75, 4.0, 4.33], ""Grosvenor"": [1.65, 3.8, 4.2], ""Ladbrokes"": [1.73, 3.9, 4.2], ""LeoVegas"": [1.73, 3.95, 4.2], ""LiveScore Bet"": [1.66, 3.85, 4.2], ""Matchbook"": [1.84, 4.2, 4.5], ""Paddy Power"": [1.67, 4.0, 4.4], ""Sky Bet"": [1.67, 3.9, 4.2], ""Smarkets"": [1.78, 4.1, 4.4], ""Unibet (UK)"": [1.7, 4.0, 4.25], ""Virgin Bet"": [1.65, 3.8, 4.2], ""William Hill"": [1.73, 3.7, 4.2]}"
2026-10-08T14:28:00.276280+00:00,soccer_england_league1-bda45e4adb060dba4f588c53b32f6492-1x2,League One,Leicester City v Peterborough United,2026-10-10T14:00:00Z,21,0.588573,0.209809,0.197555,0.609442,0.201456,0.186438,0.590974,0.210665,0.198361,0.61107,0.201994,0.186936,"{""888sport"": [1.6, 4.0, 4.6], ""Bet Victor"": [1.57, 4.5, 5.0], ""Betano (UK)"": [1.57, 4.5, 5.0], ""Betfair"": [1.66, 4.7, 4.7], ""Betfair Sportsbook"": [1.55, 4.5, 5.0], ""Betfred (UK)"": [1.57, 4.5, 5.0], ""Betway"": [1.57, 4.5, 4.5], ""BoyleSports"": [1.55, 4.33, 4.2], ""Casumo"": [1.6, 4.3, 4.8], ""Coral"": [1.6, 4.5, 4.8], ""Grosvenor"": [1.56, 4.1, 4.6], ""Ladbrokes"": [1.6, 4.5, 4.6], ""LeoVegas"": [1.57, 4.5, 4.7], ""LiveScore Bet"": [1.57, 4.1, 4.6], ""Matchbook"": [1.66, 4.7, 4.8], ""Paddy Power"": [1.53, 4.5, 5.0], ""Sky Bet"": [1.53, 4.33, 4.75], ""Smarkets"": [1.65, 4.7, 4.7], ""Unibet (UK)"": [1.58, 4.5, 4.75], ""Virgin Bet"": [1.56, 4.1, 4.6], ""William Hill"": [1.6, 4.0, 4.6]}"
2026-10-08T14:28:00.276280+00:00,soccer_england_league1-25c7d39ef0b719e54043c88173c61d2b-1x2,League One,Wycombe Wanderers v Luton,2026-10-10T14:00:00Z,20,0.358157,0.262189,0.380735,0.358847,0.257,0.384907,0.35777,0.261906,0.380324,0.358577,0.256807,0.384617,"{""888sport"": [2.5, 3.4, 2.45], ""Bet Victor"": [2.62, 3.6, 2.45], ""Betano (UK)"": [2.62, 3.6, 2.45], ""Betfair"": [2.7, 3.75, 2.52], ""Betfred (UK)"": [2.62, 3.6, 2.5], ""Betway"": [2.5, 3.6, 2.4], ""BoyleSports"": [2.4, 3.75, 2.38], ""Casumo"": [2.63, 3.6, 2.45], ""Coral"": [2.62, 3.6, 2.5], ""Grosvenor"": [2.55, 3.45, 2.38], ""Ladbrokes"": [2.62, 3.6, 2.5], ""LeoVegas"": [2.6, 3.5, 2.5], ""LiveScore Bet"": [2.63, 3.6, 2.45], ""Matchbook"": [2.7, 3.7, 2.54], ""Paddy Power"": [2.62, 3.6, 2.45], ""Sky Bet"": [2.6, 3.5, 2.4], ""Smarkets"": [2.66, 3.55, 2.5], ""Unibet (UK)"": [2.6, 3.5, 2.5], ""Virgin Bet"": [2.55, 3.45, 2.38], ""William Hill"": [2.5, 3.4, 2.45]}"
2026-10-08T14:28:00.276280+00:00,soccer_england_league1-a0422c4834e2d72bcfcb4f7f2b4cb253-1x2,League One,Milton Keynes Dons v Reading,2026-10-10T14:00:00Z,21,0.345016,0.263274,0.396264,0.345666,0.259863,0.40017,0.343452,0.262081,0.394467,0.343707,0.25839,0.397902,"{""888sport"": [2.75, 3.4, 2.3], ""Bet Victor"": [2.7, 3.6, 2.4], ""Betano (UK)"": [2.7, 3.6, 2.4], ""Betfair"": [2.74, 3.65, 2.56], ""Betfair Sportsbook"": [2.8, 3.7, 2.3], ""Betfred (UK)"": [2.8, 3.6, 2.38], ""Betway"": [2.62, 3.6, 2.38], ""BoyleSports"": [2.6, 3.5, 2.25], ""Casumo"": [2.7, 3.5, 2.45], ""Coral"": [2.8, 3.6, 2.37], ""Grosvenor"": [2.6, 3.35, 2.35], ""Ladbrokes"": [2.8, 3.5, 2.37], ""LeoVegas"": [2.8, 3.5, 2.3], ""LiveScore Bet"": [2.6, 3.4, 2.38], ""Matchbook"": [2.74, 3.75, 2.56], ""Paddy Power"": [2.75, 3.6, 2.3], ""Sky Bet"": [2.7, 3.5, 2.3], ""Smarkets"": [2.72, 3.65, 2.52], ""Unibet (UK)"": [2.8, 3.6, 2.35], ""Virgin Bet"": [2.6, 3.35, 2.35], ""William Hill"": [2.75, 3.4, 2.3]}"
2026-10-08T14:28:00.276280+00:00,soccer_england_league1-f45913f87996bc8630020ff133f45e6b-1x2,League One,Stevenage v Wigan Athletic,2026-10-10T14:00:00Z,20,0.447804,0.285619,0.26487,0.455981,0.281526,0.259554,0.44857,0.286108,0.265322,0.457325,0.282356,0.260319,"{""888sport"": [2.05, 3.1, 3.5], ""Bet Victor"": [2.1, 3.3, 3.5], ""Betano (UK)"": [2.1, 3.3, 3.5], ""Betfair"": [2.16, 3.35, 3.85], ""Betfred (UK)"": [2.1, 3.3, 3.6], ""Betway"": [2.05, 3.3, 3.4], ""BoyleSports"": [2.0, 3.25, 3.4], ""Casumo"": [2.05, 3.25, 3.6], ""Coral"": [2.1, 3.3, 3.5], ""Grosvenor"": [1.97, 3.1, 3.45], ""Ladbrokes"": [2.1, 3.3, 3.5], ""LeoVegas"": [2.08, 3.3, 3.45], ""LiveScore Bet"": [2.0, 3.15, 3.5], ""Matchbook"": [2.18, 3.35, 3.9], ""Paddy Power"": [2.1, 3.3, 3.5], ""Sky Bet"": [2.05, 3.25, 3.4], ""Smarkets"": [2.16, 3.25, 3.8], ""Unibet (UK)"": [2.1, 3.3, 3.5], ""Virgin Bet"": [1.98, 3.1, 3.45], ""William Hill"": [2.05, 3.1, 3.5]}"
2026-10-08T14:28:00.276280+00:00,soccer_england_league2-d39a1c2978bc4f103c5e142364b3cb09-1x2,League Two,Oldham Athletic v Accrington Stanley,2026-10-10T11:30:00Z,21,0.567615,0.241334,0.189125,0.583984,0.234176,0.180743,0.56871,0.2418,0.18949,0.584626,0.234433,0.180941,"{""888sport"": [1.65, 3.7, 4.8], ""Bet Victor"": [1.65, 3.9, 5.0], ""Betano (UK)"": [1.65, 3.9, 5.0], ""Betfair"": [1.71, 3.95, 5.2], ""Betfair Sportsbook"": [1.62, 4.0, 5.0], ""Betfred (UK)"": [1.62, 4.0, 5.5], ""Betway"": [1.65, 3.8, 4.5], ""BoyleSports"": [1.62, 3.75, 4.5], ""Casumo"": [1.68, 3.7, 4.8], ""Coral"": [1.65, 4.0, 5.0], ""Grosvenor"": [1.64, 3.55, 4.6], ""Ladbrokes"": [1.65, 4.0, 4.8], ""LeoVegas"": [1.6, 4.0, 4.9], ""LiveScore Bet"": [1.63, 3.55, 4.6], ""Matchbook"": [1.74, 4.0, 5.2], ""Paddy Power"": [1.6, 4.0, 5.0], ""Sky Bet"": [1.6, 3.8, 5.0], ""Smarkets"": [1.69, 3.9, 5.1], ""Unibet (UK)"": [1.62, 4.0, 5.0], ""Virgin Bet"": [1.68, 3.7, 4.8], ""William Hill"": [1.65, 3.7, 4.8]}"
2026-10-08T14:28:00.276280+00:00,soccer_england_league2-55ccef63aba8acf1ae0844216d078c91-1x2,League Two,Swindon Town v Crewe Alexandra,2026-10-10T11:30:00Z,21,0.366256,0.268911,0.363064,0.36969,0.265256,0.365752,0.366905,0.269387,0.363707,0.369432,0.265071,0.365497,"{""888sport"": [2.5, 3.3, 2.5], ""Bet Victor"": [2.55, 3.5, 2.6], ""Betano (UK)"": [2.55, 3.5, 2.6], ""Betfair"": [2.74, 3.55, 2.62], ""Betfair Sportsbook"": [2.55, 3.7, 2.55], ""Betfred (UK)"": [2.6, 3.6, 2.5], ""Betway"": [2.5, 3.5, 2.5], ""BoyleSports"": [2.4, 3.4, 2.5], ""Casumo"": [2.48, 3.35, 2.5], ""Coral"": [2.5, 3.5, 2.62], ""Grosvenor"": [2.45, 3.3, 2.48], ""Ladbrokes"": [2.5, 3.5, 2.62], ""LeoVegas"": [2.55, 3.5, 2.5], ""LiveScore Bet"": [2.45, 3.3, 2.48], ""Matchbook"": [2.76, 3.6, 2.64], ""Paddy Power"": [2.5, 3.6, 2.5], ""Sky Bet"": [2.5, 3.5, 2.5], ""Smarkets"": [2.7, 3.5, 2.6], ""Unibet (UK)"": [2.65, 3.6, 2.45], ""Virgin Bet"": [2.55, 3.45, 2.6], ""William Hill"": [2.5, 3.3, 2.5]}"
2026-10-08T14:28:00.276280+00:00,soccer_england_league2-b5f968d75e72d5dfb0280ba17b5b6158-1x2,League Two,Bristol Rovers v Barnet,2026-10-10T14:00:00Z,21,0.423387,0.26513,0.312796,0.430507,0.260179,0.311109,0.422832,0.264782,0.312386,0.429735,0.259713,0.310552,"{""888sport"": [2.15, 3.4, 3.0], ""Bet Victor"": [2.2, 3.6, 3.0], ""Betano (UK)"": [2.2, 3.6, 3.0], ""Betfair"": [2.44, 3.6, 2.98], ""Betfair Sportsbook"": [2.2, 3.7, 3.0], ""Betfred (UK)"": [2.25, 3.6, 3.0], ""Betway"": [2.3, 3.5, 2.8], ""BoyleSports"": [2.25, 3.4, 2.7], ""Casumo"": [2.2, 3.5, 3.0], ""Coral"": [2.15, 3.7, 3.1], ""Grosvenor"": [2.14, 3.35, 2.9], ""Ladbrokes"": [2.15, 3.6, 3.1], ""LeoVegas"": [2.18, 3.5, 3.0], ""LiveScore Bet"": [2.12, 3.35, 2.9], ""Matchbook"": [2.44, 3.6, 3.0], ""Paddy Power"": [2.2, 3.6, 2.9], ""Sky Bet"": [2.2, 3.5, 2.88], ""Smarkets"": [2.4, 3.55, 2.92], ""Unibet (UK)"": [2.2, 3.6, 3.0], ""Virgin Bet"": [2.2, 3.5, 3.0], ""William Hill"": [2.15, 3.4, 3.0]}"
2026-10-08T14:28:00.276280+00:00,soccer_england_league2-0d8f917ffae03de3f9c0f381b1bc6be6-1x2,League Two,Cheltenham Town v Salford City,2026-10-10T14:00:00Z,20,0.246842,0.252381,0.500361,0.242296,0.247194,0.510963,0.246945,0.252486,0.500569,0.242186,0.247082,0.510732,"{""888sport"": [3.8, 3.5, 1.85], ""Bet Victor"": [3.9, 3.75, 1.85], ""Betano (UK)"": [3.9, 3.75, 1.85], ""Betfair"": [4.0, 3.95, 1.94], ""Betfred (UK)"": [3.75, 3.75, 1.9], ""Betway"": [3.6, 4.0, 1.83], ""BoyleSports"": [3.5, 3.75, 1.8], ""Casumo"": [3.35, 3.5, 1.92], ""Coral"": [3.9, 3.75, 1.85], ""Grosvenor"": [3.35, 3.45, 1.91], ""Ladbrokes"": [3.9, 3.7, 1.85], ""LeoVegas"": [3.75, 3.6, 1.88], ""LiveScore Bet"": [3.35, 3.45, 1.9], ""Matchbook"": [4.0, 3.95, 1.94], ""Paddy Power"": [3.8, 3.8, 1.85], ""Sky Bet"": [3.6, 3.6, 1.83], ""Smarkets"": [4.0, 3.85, 1.93], ""Unibet (UK)"": [3.8, 3.7, 1.88], ""Virgin Bet"": [3.5, 3.6, 1.98], ""William Hill"": [3.8, 3.5, 1.85]}"
2026-10-08T14:28:00.276280+00:00,soccer_england_league2-95ef1765c140859061160bc568599547-1x2,League Two,Crawley Town v Chesterfield FC,2026-10-10T14:00:00Z,21,0.204525,0.227139,0.567968,0.191437,0.221421,0.584387,0.2046,0.227222,0.568177,0.191966,0.222033,0.586001,"{""888sport"": [4.4, 3.9, 1.67], ""Bet Victor"": [5.0, 4.2, 1.6], ""Betano (UK)"": [5.0, 4.2, 1.6], ""Betfair"": [5.0, 4.3, 1.67], ""Betfair Sportsbook"": [4.75, 4.33, 1.62], ""Betfred (UK)"": [4.6, 4.2, 1.67], ""Betway"": [4.5, 4.33, 1.6], ""BoyleSports"": [4.33, 4.2, 1.55], ""Casumo"": [4.4, 3.75, 1.63], ""Coral"": [4.5, 4.2, 1.7], ""Grosvenor"": [4.4, 3.75, 1.62], ""Ladbrokes"": [4.4, 4.0, 1.7], ""LeoVegas"": [4.5, 4.1, 1.67], ""LiveScore Bet"": [4.35, 3.75, 1.61], ""Matchbook"": [5.0, 4.3, 1.67], ""Paddy Power"": [4.75, 4.2, 1.62], ""Sky Bet"": [4.6, 4.0, 1.62], ""Smarkets"": [4.9, 4.2, 1.65], ""Unibet (UK)"": [4.6, 4.0, 1.67], ""Virgin Bet"": [4.6, 3.9, 1.67], ""William Hill"": [4.4, 3.9, 1.67]}"
2026-10-08T14:28:00.276280+00:00,soccer_england_league2-a0a85e3cadea112c19e6d5692d74ded8-1x2,League Two,Newport County v Colchester United,2026-10-10T14:00:00Z,21,0.352186,0.275403,0.372477,0.353286,0.271631,0.375992,0.352163,0.275385,0.372452,0.352965,0.271385,0.37565,"{""888sport"": [2.6, 3.3, 2.45], ""Bet Victor"": [2.62, 3.4, 2.55], ""Betano (UK)"": [2.62, 3.4, 2.55], ""Betfair"": [2.68, 3.55, 2.72], ""Betfair Sportsbook"": [2.7, 3.6, 2.45], ""Betfred (UK)"": [2.75, 3.5, 2.5], ""Betway"": [2.5, 3.5, 2.5], ""BoyleSports"": [2.5, 3.5, 2.5], ""Casumo"": [2.7, 3.25, 2.35], ""Coral"": [2.62, 3.5, 2.5], ""Grosvenor"": [2.7, 3.2, 2.35], ""Ladbrokes"": [2.62, 3.4, 2.5], ""LeoVegas"": [2.65, 3.4, 2.5], ""LiveScore Bet"": [2.65, 3.2, 2.33], ""Matchbook"": [2.68, 3.55, 2.7], ""Paddy Power"": [2.7, 3.5, 2.45], ""Sky Bet"": [2.63, 3.4, 2.4], ""Smarkets"": [2.66, 3.5, 2.68], ""Unibet (UK)"": [2.65, 3.4, 2.55], ""Virgin Bet"": [2.8, 3.35, 2.43], ""William Hill"": [2.6, 3.3, 2.45]}"
2026-10-08T14:28:00.276280+00:00,soccer_england_league2-1cb816753074391e2c89ae2897582d08-1x2,League Two,Shrewsbury Town v Exeter City,2026-10-10T14:00:00Z,21,0.409449,0.285772,0.306787,0.414487,0.282909,0.304679,0.408629,0.285199,0.306172,0.413629,0.282323,0.304049,"{""888sport"": [2.25, 3.2, 2.9], ""Bet Victor"": [2.3, 3.25, 3.1], ""Betano (UK)"": [2.3, 3.25, 3.1], ""Betfair"": [2.34, 3.2, 3.35], ""Betfair Sportsbook"": [2.3, 3.4, 3.1], ""Betfred (UK)"": [2.3, 3.3, 3.2], ""Betway"": [2.25, 3.3, 3.0], ""BoyleSports"": [2.25, 3.2, 2.9], ""Casumo"": [2.48, 3.25, 2.75], ""Coral"": [2.3, 3.4, 3.1], ""Grosvenor"": [2.4, 3.15, 2.65], ""Ladbrokes"": [2.3, 3.3, 3.1], ""LeoVegas"": [2.25, 3.3, 3.05], ""LiveScore Bet"": [2.38, 3.1, 2.65], ""Matchbook"": [2.34, 3.25, 3.3], ""Paddy Power"": [2.25, 3.3, 3.1], ""Sky Bet"": [2.25, 3.25, 3.0], ""Smarkets"": [2.3, 3.15, 3.2], ""Unibet (UK)"": [2.25, 3.25, 3.1], ""Virgin Bet"": [2.48, 3.25, 2.75], ""William Hill"": [2.25, 3.2, 2.9]}"
2026-10-08T14:28:00.276280+00:00,soccer_england_league2-e7d28ab713370bbe60c3b842a0de3a4c-1x2,League Two,Fleetwood Town v Walsall,2026-10-10T14:00:00Z,21,0.41791,0.271752,0.309291,0.423191,0.266312,0.307117,0.418348,0.272037,0.309615,0.424627,0.267215,0.308158,"{""888sport"": [2.2, 3.25, 3.0], ""Bet Victor"": [2.2, 3.5, 3.1], ""Betano (UK)"": [2.2, 3.5, 3.1], ""Betfair"": [2.46, 3.45, 3.05], ""Betfair Sportsbook"": [2.15, 3.5, 3.2], ""Betfred (UK)"": [2.25, 3.6, 3.0], ""Betway"": [2.2, 3.4, 3.0], ""BoyleSports"": [2.2, 3.3, 2.88], ""Casumo"": [2.3, 3.45, 2.88], ""Coral"": [2.2, 3.5, 3.1], ""Grosvenor"": [2.23, 3.3, 2.75], ""Ladbrokes"": [2.2, 3.5, 3.1], ""LeoVegas"": [2.2, 3.45, 3.0], ""LiveScore Bet"": [2.23, 3.3, 2.75], ""Matchbook"": [2.46, 3.4, 3.05], ""Paddy Power"": [2.15, 3.4, 3.2], ""Sky Bet"": [2.15, 3.3, 3.1], ""Smarkets"": [2.44, 3.5, 3.05], ""Unibet (UK)"": [2.25, 3.5, 3.0], ""Virgin Bet"": [2.3, 3.45, 2.88], ""William Hill"": [2.2, 3.25, 3.0]}"
2026-10-08T14:28:00.276280+00:00,soccer_england_league2-f24c5b5697db672cf073eee6ceff3148-1x2,League Two,Rotherham United v Gillingham,2026-10-10T14:00:00Z,20,0.494812,0.264693,0.238129,0.507308,0.26031,0.23303,0.495985,0.265321,0.238694,0.50698,0.260141,0.232879,"{""888sport"": [1.85, 3.3, 3.9], ""Bet Victor"": [1.87, 3.6, 4.0], ""Betano (UK)"": [1.87, 3.6, 4.0], ""Betfair"": [1.99, 3.65, 4.1], ""Betfred (UK)"": [1.91, 3.6, 4.0], ""Betway"": [1.91, 3.6, 3.6], ""BoyleSports"": [1.83, 3.5, 3.6], ""Casumo"": [1.81, 3.45, 3.8], ""Coral"": [1.91, 3.6, 4.0], ""Grosvenor"": [1.8, 3.45, 3.8], ""Ladbrokes"": [1.85, 3.5, 4.0], ""LeoVegas"": [1.9, 3.45, 3.85], ""LiveScore Bet"": [1.79, 3.4, 3.75], ""Matchbook"": [1.98, 3.7, 4.1], ""Paddy Power"": [1.91, 3.5, 3.8], ""Sky Bet"": [1.91, 3.4, 3.8], ""Smarkets"": [1.94, 3.6, 4.0], ""Unibet (UK)"": [1.9, 3.5, 3.9], ""Virgin Bet"": [1.86, 3.6, 3.95], ""William Hill"": [1.85, 3.3, 3.9]}"
2026-10-08T14:28:00.276280+00:00,soccer_england_league2-0fd3782da0668831f01047e83d618638-1x2,League Two,Port Vale v Grimsby Town,2026-10-10T14:00:00Z,21,0.375,0.284091,0.340909,0.377658,0.281132,0.341245,0.375,0.284091,0.340909,0.377645,0.281122,0.341233,"{""888sport"": [2.45, 3.2, 2.7], ""Bet Victor"": [2.5, 3.3, 2.75], ""Betano (UK)"": [2.5, 3.3, 2.75], ""Betfair"": [2.64, 3.35, 2.82], ""Betfair Sportsbook"": [2.5, 3.5, 2.7], ""Betfred (UK)"": [2.5, 3.4, 2.75], ""Betway"": [2.4, 3.3, 2.7], ""BoyleSports"": [2.4, 3.1, 2.62], ""Casumo"": [2.4, 3.1, 2.75], ""Coral"": [2.5, 3.4, 2.75], ""Grosvenor"": [2.38, 3.1, 2.7], ""Ladbrokes"": [2.45, 3.4, 2.75], ""LeoVegas"": [2.5, 3.3, 2.7], ""LiveScore Bet"": [2.38, 3.1, 2.7], ""Matchbook"": [2.64, 3.45, 2.8], ""Paddy Power"": [2.5, 3.4, 2.7], ""Sky Bet"": [2.45, 3.3, 2.63], ""Smarkets"": [2.58, 3.25, 2.78], ""Unibet (UK)"": [2.5, 3.3, 2.75], ""Virgin Bet"": [2.48, 3.25, 2.8], ""William Hill"": [2.45, 3.2, 2.7]}"
2026-10-08T14:28:00.276280+00:00,soccer_england_league2-7e977593dbd49b0a49d2caed3e875dfa-1x2,League Two,York City v Northampton Town,2026-10-10T14:00:00Z,20,0.564419,0.241152,0.193804,0.581864,0.233629,0.183736,0.564772,0.241303,0.193925,0.582313,0.233809,0.183878,"{""888sport"": [1.65, 3.7, 4.8], ""Bet Victor"": [1.65, 3.9, 5.0], ""Betano (UK)"": [1.65, 3.9, 5.0], ""Betfair"": [1.66, 4.2, 5.4], ""Betfred (UK)"": [1.67, 4.0, 5.0], ""Betway"": [1.61, 4.0, 4.75], ""BoyleSports"": [1.62, 3.8, 4.5], ""Casumo"": [1.67, 3.6, 4.35], ""Coral"": [1.67, 4.0, 4.8], ""Grosvenor"": [1.66, 3.6, 4.3], ""Ladbrokes"": [1.67, 3.9, 4.8], ""LeoVegas"": [1.67, 3.9, 4.7], ""LiveScore Bet"": [1.65, 3.6, 4.3], ""Matchbook"": [1.66, 4.3, 5.5], ""Paddy Power"": [1.62, 3.8, 5.0], ""Sky Bet"": [1.62, 3.8, 4.75], ""Smarkets"": [1.65, 4.1, 5.3], ""Unibet (UK)"": [1.67, 3.9, 4.75], ""Virgin Bet"": [1.72, 3.75, 4.5], ""William Hill"": [1.65, 3.7, 4.8]}"
2026-10-08T14:28:00.276280+00:00,soccer_england_league2-d4e22c9c02af3147f4812a5761386656-1x2,League Two,Tranmere Rovers v Rochdale,2026-10-10T14:00:00Z,21,0.470149,0.269178,0.261487,0.476482,0.264396,0.256603,0.469767,0.268959,0.261274,0.477685,0.265063,0.257251,"{""888sport"": [2.0, 3.3, 3.4], ""Bet Victor"": [1.95, 3.5, 3.7], ""Betano (UK)"": [1.95, 3.5, 3.7], ""Betfair"": [2.06, 3.55, 3.8], ""Betfair Sportsbook"": [2.0, 3.6, 3.7], ""Betfred (UK)"": [2.0, 3.5, 3.75], ""Betway"": [1.95, 3.6, 3.4], ""BoyleSports"": [1.91, 3.5, 3.4], ""Casumo"": [2.02, 3.3, 3.3], ""Coral"": [2.0, 3.5, 3.6], ""Grosvenor"": [2.0, 3.3, 3.25], ""Ladbrokes"": [2.0, 3.5, 3.6], ""LeoVegas"": [2.0, 3.45, 3.45], ""LiveScore Bet"": [1.98, 3.25, 3.25], ""Matchbook"": [2.06, 3.55, 3.85], ""Paddy Power"": [2.0, 3.5, 3.6], ""Sky Bet"": [1.95, 3.4, 3.5], ""Smarkets"": [2.04, 3.5, 3.75], ""Unibet (UK)"": [2.0, 3.5, 3.5], ""Virgin Bet"": [2.07, 3.4, 3.4], ""William Hill"": [2.0, 3.3, 3.4]}"
2026-10-08T14:28:00.276280+00:00,soccer_spain_segunda_division-d77351dbeec002fbc5d942392f102eef-1x2,Segunda Division,AD Ceuta FC v Sabadell FC,2026-10-10T14:15:00Z,16,0.293155,0.283709,0.425313,0.289145,0.280078,0.431561,0.292518,0.283093,0.424389,0.288918,0.279859,0.431223,"{""Bet Victor"": [3.12, 3.25, 2.15], ""Betano (UK)"": [3.12, 3.25, 2.15], ""Betfair"": [3.45, 3.5, 2.3], ""Betfair Sportsbook"": [3.2, 3.2, 2.15], ""Betfred (UK)"": [3.1, 3.25, 2.2], ""Betway"": [3.2, 3.3, 2.15], ""BoyleSports"": [3.1, 3.25, 2.1], ""Casumo"": [2.95, 3.15, 2.23], ""Grosvenor"": [2.95, 3.15, 2.23], ""LiveScore Bet"": [2.95, 3.15, 2.2], ""Matchbook"": [3.45, 3.5, 2.3], ""Paddy Power"": [3.2, 3.2, 2.1], ""Sky Bet"": [3.1, 3.1, 2.1], ""Smarkets"": [3.3, 3.45, 2.28], ""Virgin Bet"": [2.95, 3.15, 2.2], ""William Hill"": [3.1, 3.2, 2.15]}"
2026-10-08T14:28:00.276280+00:00,soccer_spain_segunda_division-d79783ce845a4d360b3926e719d04f10-1x2,Segunda Division,CD Eldense v Córdoba,2026-10-10T16:30:00Z,18,0.396172,0.262771,0.342435,0.403077,0.254977,0.342905,0.395627,0.26241,0.341964,0.40269,0.254733,0.342577,"{""Bet Victor"": [2.3, 3.6, 2.62], ""Betano (UK)"": [2.3, 3.6, 2.62], ""Betfair"": [2.42, 3.65, 2.82], ""Betfair Sportsbook"": [2.3, 3.5, 2.63], ""Betfred (UK)"": [2.38, 3.5, 2.62], ""Betway"": [2.3, 3.6, 2.7], ""BoyleSports"": [2.25, 3.3, 2.5], ""Casumo"": [2.23, 3.45, 2.75], ""Coral"": [2.25, 3.4, 2.6], ""Grosvenor"": [2.23, 3.45, 2.75], ""Ladbrokes"": [2.25, 3.4, 2.6], ""LiveScore Bet"": [2.2, 3.4, 2.7], ""Matchbook"": [2.42, 3.65, 2.84], ""Paddy Power"": [2.3, 3.5, 2.62], ""Sky Bet"": [2.25, 3.4, 2.6], ""Smarkets"": [2.42, 3.6, 2.8], ""Virgin Bet"": [2.2, 3.4, 2.7], ""William Hill"": [2.4, 3.3, 2.62]}"
2026-10-08T14:28:00.276280+00:00,soccer_spain_segunda_division-e3c9d955043df858d28a6100e8fe6d28-1x2,Segunda Division,Celta Fortuna v Real Sociedad B,2026-10-10T19:00:00Z,18,0.418141,0.268837,0.313305,0.425525,0.263483,0.310769,0.418022,0.268761,0.313217,0.42562,0.263542,0.310838,"{""Bet Victor"": [2.2, 3.4, 2.88], ""Betano (UK)"": [2.2, 3.4, 2.88], ""Betfair"": [2.28, 3.6, 3.1], ""Betfair Sportsbook"": [2.15, 3.4, 2.88], ""Betfred (UK)"": [2.2, 3.5, 2.88], ""Betway"": [2.2, 3.5, 3.0], ""BoyleSports"": [2.15, 3.25, 2.8], ""Casumo"": [2.16, 3.35, 2.9], ""Coral"": [2.2, 3.3, 2.8], ""Grosvenor"": [2.16, 3.35, 2.9], ""Ladbrokes"": [2.2, 3.3, 2.8], ""LiveScore Bet"": [2.14, 3.3, 2.88], ""Matchbook"": [2.28, 3.6, 3.1], ""Paddy Power"": [2.15, 3.4, 2.88], ""Sky Bet"": [2.15, 3.3, 2.8], ""Smarkets"": [2.06, 3.25, 2.82], ""Virgin Bet"": [2.14, 3.3, 2.88], ""William Hill"": [2.2, 3.3, 2.9]}"
2026-10-08T14:28:00.276280+00:00,soccer_spain_segunda_division-dd1d8e31b59058edb81d3ff77fe3c95e-1x2,Segunda Division,Andorra CF v CD Castellón,2026-10-11T12:00:00Z,18,0.30354,0.260951,0.434079,0.299814,0.253364,0.443314,0.303975,0.261325,0.434701,0.30087,0.254256,0.444875,"{""Bet Victor"": [2.9, 3.6, 2.1], ""Betano (UK)"": [2.9, 3.6, 2.1], ""Betfair"": [3.25, 3.65, 2.2], ""Betfair Sportsbook"": [3.0, 3.5, 2.05], ""Betfred (UK)"": [3.0, 3.5, 2.1], ""Betway"": [3.0, 3.5, 2.15], ""BoyleSports"": [2.88, 3.3, 2.05], ""Casumo"": [3.0, 3.55, 2.04], ""Coral"": [2.87, 3.4, 2.1], ""Grosvenor"": [3.0, 3.55, 2.04], ""Ladbrokes"": [2.87, 3.4, 2.1], ""LiveScore Bet"": [2.95, 3.5, 2.02], ""Matchbook"": [3.25, 3.65, 2.2], ""Paddy Power"": [3.0, 3.5, 2.05], ""Sky Bet"": [2.9, 3.4, 2.05], ""Smarkets"": [2.94, 3.25, 2.14], ""Virgin Bet"": [2.95, 3.5, 2.02], ""William Hill"": [3.0, 3.3, 2.15]}"
2026-10-08T14:28:00.276280+00:00,soccer_spain_segunda_division-b6634ca0e08a2c96f3fb7504966c9eb6-1x2,Segunda Division,Almería v Leganés,2026-10-11T14:15:00Z,17,0.567273,0.232395,0.198695,0.591377,0.217487,0.185762,0.568203,0.232776,0.199021,0.594572,0.218663,0.186765,"{""Bet Victor"": [1.61, 3.9, 4.6], ""Betano (UK)"": [1.61, 3.9, 4.6], ""Betfair"": [1.66, 4.1, 4.3], ""Betfair Sportsbook"": [1.55, 4.0, 4.75], ""Betfred (UK)"": [1.6, 4.0, 4.6], ""BoyleSports"": [1.6, 4.0, 4.2], ""Casumo"": [1.56, 3.9, 4.7], ""Coral"": [1.6, 3.8, 4.4], ""Grosvenor"": [1.56, 3.9, 4.7], ""Ladbrokes"": [1.6, 3.8, 4.4], ""LiveScore Bet"": [1.55, 3.85, 4.7], ""Matchbook"": [1.64, 3.9, 4.5], ""Paddy Power"": [1.57, 4.0, 4.75], ""Sky Bet"": [1.53, 3.6, 4.33], ""Smarkets"": [1.65, 3.0, 2.06], ""Virgin Bet"": [1.55, 3.85, 4.7], ""William Hill"": [1.62, 3.9, 4.5]}"
2026-10-08T14:28:00.276280+00:00,soccer_spain_segunda_division-61302089b5064e90f300782acbcb1cd8-1x2,Segunda Division,Mallorca v Las Palmas,2026-10-11T16:30:00Z,16,0.590909,0.235312,0.174421,0.618888,0.221419,0.160529,0.59053,0.235161,0.174309,0.618371,0.221234,0.160395,"{""Bet Victor"": [1.55, 3.9, 5.25], ""Betano (UK)"": [1.55, 3.9, 5.25], ""Betfair"": [1.61, 4.1, 5.7], ""Betfair Sportsbook"": [1.5, 4.0, 5.0], ""Betfred (UK)"": [1.53, 4.0, 5.5], ""BoyleSports"": [1.55, 3.8, 4.75], ""Casumo"": [1.53, 3.85, 5.25], ""Coral"": [1.53, 3.8, 5.0], ""Grosvenor"": [1.53, 3.85, 5.25], ""Ladbrokes"": [1.53, 3.8, 5.0], ""LiveScore Bet"": [1.52, 3.8, 5.2], ""Paddy Power"": [1.5, 4.0, 5.0], ""Sky Bet"": [1.5, 3.6, 4.75], ""Smarkets"": [1.58, 4.0, 5.6], ""Virgin Bet"": [1.52, 3.8, 5.2], ""William Hill"": [1.57, 3.8, 5.0]}"
2026-10-08T14:28:00.276280+00:00,soccer_spain_segunda_division-e30010afc86f011e4de86e15f2f6ddb1-1x2,Segunda Division,Cádiz CF v Sporting Gijón,2026-10-11T19:00:00Z,16,0.373586,0.291628,0.339712,0.379883,0.287542,0.340372,0.371755,0.290199,0.338047,0.376944,0.285318,0.337739,"{""Bet Victor"": [2.45, 3.12, 2.7], ""Betano (UK)"": [2.45, 3.12, 2.7], ""Betfair"": [1.45, 3.15, 1.47], ""Betfair Sportsbook"": [2.4, 3.25, 2.63], ""Betfred (UK)"": [2.4, 3.2, 2.75], ""BoyleSports"": [2.3, 3.0, 2.75], ""Casumo"": [2.55, 3.05, 2.6], ""Coral"": [2.37, 3.1, 2.7], ""Grosvenor"": [2.55, 3.05, 2.6], ""Ladbrokes"": [2.37, 3.1, 2.7], ""LiveScore Bet"": [2.55, 3.0, 2.6], ""Paddy Power"": [2.4, 3.25, 2.62], ""Sky Bet"": [2.3, 3.0, 2.5], ""Smarkets"": [2.3, 2.94, 2.6], ""Virgin Bet"": [2.55, 3.0, 2.6], ""William Hill"": [2.45, 3.0, 2.75]}"
2026-10-08T14:28:00.276280+00:00,soccer_spain_segunda_division-8fd7558e7ee137b7c2df589a99585840-1x2,Segunda Division,Real Valladolid CF v Albacete,2026-10-12T12:00:00Z,16,0.465183,0.270766,0.259156,0.481376,0.263829,0.25145,0.467471,0.272098,0.260431,0.482991,0.264715,0.252294,"{""Bet Victor"": [1.93, 3.4, 3.6], ""Betano (UK)"": [1.93, 3.4, 3.6], ""Betfair"": [1.3, 3.3, 1.44], ""Betfair Sportsbook"": [1.91, 3.4, 3.5], ""Betfred (UK)"": [1.95, 3.4, 3.5], ""BoyleSports"": [1.87, 3.2, 3.6], ""Casumo"": [1.94, 3.35, 3.4], ""Coral"": [1.95, 3.2, 3.5], ""Grosvenor"": [1.94, 3.35, 3.4], ""Ladbrokes"": [1.95, 3.2, 3.5], ""LiveScore Bet"": [1.93, 3.3, 3.4], ""Paddy Power"": [1.91, 3.4, 3.5], ""Sky Bet"": [1.91, 3.2, 3.25], ""Smarkets"": [1.85, 3.0, 3.4], ""Virgin Bet"": [1.93, 3.3, 3.4], ""William Hill"": [1.95, 3.3, 3.5]}"
2026-10-08T14:28:00.276280+00:00,soccer_spain_segunda_division-8a4e09b20dd89e2f756af1907269766f-1x2,Segunda Division,Burgos CF v Granada CF,2026-10-12T14:15:00Z,16,0.389237,0.291663,0.320108,0.395482,0.287423,0.317982,0.388845,0.291369,0.319786,0.395131,0.287168,0.3177,"{""Bet Victor"": [2.4, 3.12, 2.8], ""Betano (UK)"": [2.4, 3.12, 2.8], ""Betfair"": [2.42, 3.15, 3.0], ""Betfair Sportsbook"": [2.3, 3.1, 2.8], ""Betfred (UK)"": [2.3, 3.2, 2.88], ""BoyleSports"": [2.3, 3.1, 2.75], ""Casumo"": [2.28, 3.1, 2.9], ""Coral"": [2.37, 3.1, 2.7], ""Grosvenor"": [2.28, 3.1, 2.9], ""Ladbrokes"": [2.37, 3.1, 2.7], ""LiveScore Bet"": [2.25, 3.05, 2.9], ""Paddy Power"": [2.3, 3.1, 2.8], ""Sky Bet"": [2.2, 3.0, 2.7], ""Smarkets"": [2.4, 3.1, 2.98], ""Virgin Bet"": [2.25, 3.05, 2.9], ""William Hill"": [2.4, 3.0, 2.8]}"
2026-10-08T14:28:00.276280+00:00,soccer_spain_segunda_division-fc9cdbc6bd9fd25f947caba859944c79-1x2,Segunda Division,Oviedo v SD Eibar,2026-10-12T16:30:00Z,15,0.432845,0.289722,0.277571,0.445758,0.284385,0.271058,0.432786,0.289682,0.277533,0.445223,0.284044,0.270733,"{""Bet Victor"": [2.1, 3.2, 3.3], ""Betano (UK)"": [2.1, 3.2, 3.3], ""Betfair"": [2.16, 3.2, 3.4], ""Betfred (UK)"": [2.1, 3.2, 3.3], ""BoyleSports"": [2.05, 3.1, 3.25], ""Casumo"": [2.25, 3.0, 3.05], ""Coral"": [2.05, 3.1, 3.25], ""Grosvenor"": [2.25, 3.0, 3.05], ""Ladbrokes"": [2.05, 3.1, 3.25], ""LiveScore Bet"": [2.23, 2.95, 3.05], ""Paddy Power"": [2.05, 3.1, 3.3], ""Sky Bet"": [2.0, 3.0, 3.1], ""Smarkets"": [2.14, 3.15, 3.35], ""Virgin Bet"": [2.23, 2.95, 3.05], ""William Hill"": [2.1, 3.0, 3.4]}"
2026-10-08T14:28:00.276280+00:00,soccer_spain_segunda_division-6c14ecd9bce26382c5cc5d5f5f28128f-1x2,Segunda Division,Tenerife v Girona FC,2026-10-12T19:00:00Z,15,0.333782,0.290713,0.371901,0.333619,0.286379,0.376529,0.334989,0.291765,0.373246,0.334782,0.287377,0.377841,"{""Bet Victor"": [2.7, 3.12, 2.45], ""Betano (UK)"": [2.7, 3.12, 2.45], ""Betfair"": [1.49, 3.1, 1.47], ""Betfred (UK)"": [2.75, 3.2, 2.4], ""BoyleSports"": [2.7, 3.0, 2.4], ""Casumo"": [2.7, 3.1, 2.4], ""Coral"": [2.62, 3.0, 2.45], ""Grosvenor"": [2.7, 3.1, 2.4], ""Ladbrokes"": [2.62, 3.0, 2.45], ""LiveScore Bet"": [2.7, 3.1, 2.38], ""Paddy Power"": [2.62, 3.1, 2.4], ""Sky Bet"": [2.6, 3.0, 2.3], ""Smarkets"": [2.58, 2.9, 2.32], ""Virgin Bet"": [2.7, 3.1, 2.38], ""William Hill"": [2.75, 3.0, 2.5]}"
2026-10-08T14:28:00.276280+00:00,soccer_germany_bundesliga2-78773ce49c803868efcc014fce7299c2-1x2,2. Bundesliga,1. FC Heidenheim v 1. FC Kaiserslautern,2026-10-09T16:30:00Z,19,0.500918,0.255172,0.247193,0.51692,0.248985,0.238906,0.499279,0.254337,0.246384,0.514445,0.247793,0.237762,"{""888sport"": [1.85, 3.6, 3.7], ""Bet Victor"": [1.83, 3.75, 3.6], ""Betano (UK)"": [1.83, 3.75, 3.6], ""Betfair"": [1.9, 3.85, 4.4], ""Betfair Sportsbook"": [1.83, 3.6, 4.2], ""Betfred (UK)"": [1.83, 3.75, 3.5], ""Casumo"": [1.87, 3.75, 3.8], ""Coral"": [1.8, 3.4, 3.6], ""Grosvenor"": [1.87, 3.75, 3.8], ""Ladbrokes"": [1.8, 3.4, 3.6], ""LeoVegas"": [1.88, 3.55, 3.6], ""LiveScore Bet"": [1.78, 3.5, 3.55], ""Matchbook"": [1.89, 3.85, 4.4], ""Paddy Power"": [1.8, 3.5, 4.0], ""Sky Bet"": [1.75, 3.4, 3.9], ""Smarkets"": [1.88, 3.75, 4.3], ""Unibet (UK)"": [1.9, 3.7, 3.75], ""Virgin Bet"": [1.8, 3.55, 3.6], ""William Hill"": [1.85, 3.6, 3.7]}"
2026-10-08T14:28:00.276280+00:00,soccer_germany_bundesliga2-8dbe13623ac23fa7d820a7d0c6c001ca-1x2,2. Bundesliga,Eintracht Braunschweig v Holstein Kiel,2026-10-09T16:30:00Z,19,0.35724,0.253154,0.388809,0.359163,0.246598,0.394239,0.357525,0.253356,0.38912,0.359163,0.246598,0.394239,"{""888sport"": [2.6, 3.5, 2.38], ""Bet Victor"": [2.55, 3.6, 2.38], ""Betano (UK)"": [2.55, 3.6, 2.38], ""Betfair"": [2.78, 3.9, 2.44], ""Betfair Sportsbook"": [2.55, 3.9, 2.4], ""Betfred (UK)"": [2.5, 3.75, 2.38], ""Casumo"": [2.63, 3.75, 2.43], ""Coral"": [2.5, 3.5, 2.3], ""Grosvenor"": [2.63, 3.75, 2.43], ""Ladbrokes"": [2.5, 3.5, 2.3], ""LeoVegas"": [2.6, 3.6, 2.35], ""LiveScore Bet"": [2.5, 3.5, 2.28], ""Matchbook"": [2.76, 3.95, 2.44], ""Paddy Power"": [2.5, 3.8, 2.3], ""Sky Bet"": [2.45, 3.6, 2.3], ""Smarkets"": [2.66, 3.85, 2.4], ""Unibet (UK)"": [2.65, 3.7, 2.4], ""Virgin Bet"": [2.5, 3.55, 2.32], ""William Hill"": [2.6, 3.5, 2.38]}"
2026-10-08T14:28:00.276280+00:00,soccer_germany_bundesliga2-3bb1d920fd29104775ac4f4878cbbf67-1x2,2. Bundesliga,1. FC Magdeburg v Hannover 96,2026-10-10T11:00:00Z,19,0.373951,0.2411,0.384949,0.377042,0.235415,0.389128,0.373951,0.2411,0.384949,0.376445,0.235043,0.388512,"{""888sport"": [2.45, 3.75, 2.4], ""Bet Victor"": [2.45, 3.8, 2.38], ""Betano (UK)"": [2.45, 3.8, 2.38], ""Betfair"": [2.6, 4.1, 2.5], ""Betfair Sportsbook"": [2.55, 4.0, 2.38], ""Betfred (UK)"": [2.5, 4.0, 2.3], ""Casumo"": [2.5, 3.85, 2.48], ""Coral"": [2.45, 3.6, 2.3], ""Grosvenor"": [2.5, 3.85, 2.48], ""Ladbrokes"": [2.45, 3.6, 2.3], ""LeoVegas"": [2.45, 3.75, 2.4], ""LiveScore Bet"": [2.35, 3.6, 2.33], ""Matchbook"": [2.6, 4.1, 2.5], ""Paddy Power"": [2.5, 4.0, 2.3], ""Sky Bet"": [2.45, 3.75, 2.25], ""Smarkets"": [2.56, 4.0, 2.48], ""Unibet (UK)"": [2.5, 3.9, 2.45], ""Virgin Bet"": [2.38, 3.65, 2.35], ""William Hill"": [2.45, 3.75, 2.4]}"
2026-10-08T14:28:00.276280+00:00,soccer_germany_bundesliga2-43e906d3142b57365c8ea449630934f3-1x2,2. Bundesliga,VfL Osnabrück v Dynamo Dresden,2026-10-10T11:00:00Z,18,0.354327,0.256081,0.389887,0.356405,0.24982,0.392973,0.354223,0.256006,0.389772,0.356691,0.25002,0.393289,"{""888sport"": [2.62, 3.5, 2.3], ""Bet Victor"": [2.55, 3.6, 2.38], ""Betano (UK)"": [2.55, 3.6, 2.38], ""Betfair"": [2.64, 3.85, 2.44], ""Betfred (UK)"": [2.6, 3.6, 2.38], ""Casumo"": [2.8, 3.65, 2.28], ""Coral"": [2.5, 3.4, 2.3], ""Grosvenor"": [2.8, 3.65, 2.28], ""Ladbrokes"": [2.5, 3.4, 2.3], ""LeoVegas"": [2.55, 3.6, 2.38], ""LiveScore Bet"": [2.65, 3.45, 2.17], ""Matchbook"": [2.64, 3.7, 2.46], ""Paddy Power"": [2.6, 3.7, 2.3], ""Sky Bet"": [2.5, 3.5, 2.25], ""Smarkets"": [2.62, 3.8, 2.44], ""Unibet (UK)"": [2.6, 3.7, 2.4], ""Virgin Bet"": [2.7, 3.45, 2.2], ""William Hill"": [2.62, 3.5, 2.3]}"
2026-10-08T14:28:00.276280+00:00,soccer_germany_bundesliga2-3c813baeb4f415e152409b8dafc46366-1x2,2. Bundesliga,SV Darmstadt 98 v FC Energie Cottbus,2026-10-10T11:00:00Z,19,0.417752,0.244294,0.337082,0.424947,0.23712,0.336855,0.418117,0.244507,0.337376,0.425406,0.237376,0.337219,"{""888sport"": [2.2, 3.7, 2.75], ""Bet Victor"": [2.2, 3.8, 2.7], ""Betano (UK)"": [2.2, 3.8, 2.7], ""Betfair"": [2.26, 4.1, 2.86], ""Betfair Sportsbook"": [2.15, 4.0, 2.8], ""Betfred (UK)"": [2.15, 3.75, 2.75], ""Casumo"": [2.28, 3.8, 2.75], ""Coral"": [2.15, 3.6, 2.7], ""Grosvenor"": [2.28, 3.8, 2.75], ""Ladbrokes"": [2.15, 3.6, 2.7], ""LeoVegas"": [2.2, 3.75, 2.7], ""LiveScore Bet"": [2.16, 3.55, 2.6], ""Matchbook"": [2.26, 4.0, 2.84], ""Paddy Power"": [2.1, 4.0, 2.75], ""Sky Bet"": [2.1, 3.75, 2.7], ""Smarkets"": [2.24, 4.0, 2.84], ""Unibet (UK)"": [2.3, 3.8, 2.75], ""Virgin Bet"": [2.18, 3.6, 2.6], ""William Hill"": [2.2, 3.7, 2.75]}"
2026-10-08T14:28:00.276280+00:00,soccer_germany_bundesliga2-82968b1158f3525b7e630cf633233708-1x2,2. Bundesliga,1. FC Nürnberg v VfL Wolfsburg,2026-10-10T18:30:00Z,19,0.373228,0.248242,0.38,0.377247,0.2416,0.383837,0.37268,0.247878,0.379442,0.376238,0.240953,0.38281,"{""888sport"": [2.5, 3.5, 2.45], ""Bet Victor"": [2.45, 3.8, 2.4], ""Betano (UK)"": [2.45, 3.8, 2.4], ""Betfair"": [2.54, 3.8, 2.48], ""Betfair Sportsbook"": [2.45, 4.0, 2.45], ""Betfred (UK)"": [2.4, 4.0, 2.4], ""Casumo"": [2.65, 3.7, 2.38], ""Coral"": [2.4, 3.6, 2.37], ""Grosvenor"": [2.65, 3.7, 2.38], ""Ladbrokes"": [2.4, 3.6, 2.37], ""LeoVegas"": [2.4, 3.7, 2.4], ""LiveScore Bet"": [2.5, 3.5, 2.25], ""Matchbook"": [2.52, 3.75, 2.5], ""Paddy Power"": [2.4, 3.8, 2.4], ""Sky Bet"": [2.38, 3.75, 2.38], ""Smarkets"": [2.52, 3.85, 2.5], ""Unibet (UK)"": [2.5, 3.8, 2.5], ""Virgin Bet"": [2.55, 3.5, 2.28], ""William Hill"": [2.5, 3.5, 2.45]}"
2026-10-08T14:28:00.276280+00:00,soccer_germany_bundesliga2-c5c7c608e7281f13de08f5a7d17f2501-1x2,2. Bundesliga,VfL Bochum v Arminia Bielefeld,2026-10-11T11:30:00Z,19,0.406195,0.26485,0.330973,0.413026,0.257849,0.330039,0.405377,0.264317,0.330307,0.412649,0.257613,0.329738,"{""888sport"": [2.25, 3.3, 2.88], ""Bet Victor"": [2.25, 3.5, 2.8], ""Betano (UK)"": [2.25, 3.5, 2.8], ""Betfair"": [2.32, 3.65, 3.05], ""Betfair Sportsbook"": [2.3, 3.6, 2.8], ""Betfred (UK)"": [2.25, 3.5, 2.75], ""Casumo"": [2.43, 3.55, 2.7], ""Coral"": [2.2, 3.4, 2.7], ""Grosvenor"": [2.43, 3.55, 2.7], ""Ladbrokes"": [2.2, 3.4, 2.7], ""LeoVegas"": [2.25, 3.45, 2.75], ""LiveScore Bet"": [2.3, 3.35, 2.55], ""Matchbook"": [2.26, 3.4, 2.88], ""Paddy Power"": [2.25, 3.5, 2.75], ""Sky Bet"": [2.2, 3.4, 2.7], ""Smarkets"": [2.3, 3.6, 3.0], ""Unibet (UK)"": [2.3, 3.5, 2.85], ""Virgin Bet"": [2.32, 3.35, 2.55], ""William Hill"": [2.25, 3.3, 2.88]}"
2026-10-08T14:28:00.276280+00:00,soccer_germany_bundesliga2-493003b887e713d8b4a45eff72a8a8b4-1x2,2. Bundesliga,FC St. Pauli v Karlsruher SC,2026-10-11T11:30:00Z,19,0.541033,0.226719,0.230533,0.560568,0.21584,0.220341,0.541963,0.227108,0.230929,0.562396,0.216544,0.22106,"{""888sport"": [1.73, 3.9, 4.0], ""Bet Victor"": [1.67, 4.1, 4.1], ""Betano (UK)"": [1.67, 4.1, 4.1], ""Betfair"": [1.76, 4.2, 4.1], ""Betfair Sportsbook"": [1.73, 4.2, 4.0], ""Betfred (UK)"": [1.7, 4.0, 4.0], ""Casumo"": [1.65, 4.3, 4.4], ""Coral"": [1.67, 3.8, 3.8], ""Grosvenor"": [1.65, 4.3, 4.4], ""Ladbrokes"": [1.67, 3.8, 3.8], ""LeoVegas"": [1.68, 4.0, 3.9], ""LiveScore Bet"": [1.58, 4.0, 4.1], ""Matchbook"": [1.72, 4.1, 3.9], ""Paddy Power"": [1.67, 4.0, 4.0], ""Sky Bet"": [1.67, 3.9, 3.75], ""Smarkets"": [1.65, 3.85, 3.7], ""Unibet (UK)"": [1.73, 4.2, 4.2], ""Virgin Bet"": [1.6, 4.0, 4.2], ""William Hill"": [1.73, 3.9, 4.0]}"
2026-10-08T14:28:00.276280+00:00,soccer_germany_bundesliga2-7bf8808d17b4001e62c11bf125a9ac34-1x2,2. Bundesliga,Hertha Berlin v Greuther Fürth,2026-10-11T11:30:00Z,19,0.590546,0.211467,0.198803,0.616051,0.198343,0.18542,0.590064,0.211295,0.198641,0.616165,0.19838,0.185455,"{""888sport"": [1.57, 4.2, 4.6], ""Bet Victor"": [1.55, 4.33, 4.6], ""Betano (UK)"": [1.55, 4.33, 4.6], ""Betfair"": [1.6, 4.9, 5.2], ""Betfair Sportsbook"": [1.55, 4.6, 5.0], ""Betfred (UK)"": [1.57, 4.33, 4.6], ""Casumo"": [1.57, 4.4, 4.75], ""Coral"": [1.55, 4.2, 4.4], ""Grosvenor"": [1.57, 4.4, 4.75], ""Ladbrokes"": [1.55, 4.2, 4.4], ""LeoVegas"": [1.53, 4.33, 4.5], ""LiveScore Bet"": [1.52, 4.1, 4.4], ""Matchbook"": [1.56, 4.5, 4.6], ""Paddy Power"": [1.5, 4.5, 4.75], ""Sky Bet"": [1.5, 4.2, 4.6], ""Smarkets"": [1.59, 4.8, 5.1], ""Unibet (UK)"": [1.58, 4.5, 4.75], ""Virgin Bet"": [1.54, 4.2, 4.5], ""William Hill"": [1.57, 4.2, 4.6]}"
2026-10-08T14:28:00.276280+00:00,soccer_italy_serie_b-22ce0c24a7181089c924cf68110e2203-1x2,Serie B,Avellino v Sampdoria,2026-10-09T18:30:00Z,19,0.347826,0.292523,0.362873,0.349341,0.289452,0.363643,0.346709,0.291583,0.361708,0.348492,0.288748,0.362759,"{""888sport"": [2.62, 3.0, 2.62], ""Bet Victor"": [2.62, 3.2, 2.5], ""Betano (UK)"": [2.62, 3.2, 2.5], ""Betfair"": [2.84, 3.3, 2.68], ""Betfred (UK)"": [2.62, 3.25, 2.5], ""Betway"": [2.7, 3.1, 2.62], ""BoyleSports"": [2.5, 3.0, 2.4], ""Casumo"": [2.55, 3.2, 2.75], ""Coral"": [2.6, 3.2, 2.4], ""Grosvenor"": [2.55, 3.2, 2.75], ""Ladbrokes"": [2.6, 3.2, 2.4], ""LiveScore Bet"": [2.43, 3.0, 2.6], ""Matchbook"": [2.84, 3.3, 2.68], ""Paddy Power"": [2.62, 3.3, 2.4], ""Sky Bet"": [2.6, 3.1, 2.38], ""Smarkets"": [2.82, 3.25, 2.66], ""Unibet (UK)"": [2.7, 3.3, 2.55], ""Virgin Bet"": [2.45, 3.05, 2.63], ""William Hill"": [2.62, 3.0, 2.62]}"
2026-10-08T14:28:00.276280+00:00,soccer_italy_serie_b-d4b4b1c6db1258fa90bb32e8b5548869-1x2,Serie B,Südtirol v Ascoli,2026-10-10T13:00:00Z,20,0.387767,0.294948,0.315899,0.394316,0.291359,0.314754,0.388305,0.295357,0.316337,0.394147,0.291234,0.314619,"{""888sport"": [2.4, 3.0, 2.9], ""Bet Victor"": [2.38, 3.2, 2.75], ""Betano (UK)"": [2.38, 3.2, 2.75], ""Betfair"": [2.5, 3.15, 2.98], ""Betfair Sportsbook"": [2.4, 3.3, 2.88], ""Betfred (UK)"": [2.38, 3.1, 2.88], ""Betway"": [2.4, 3.0, 2.9], ""BoyleSports"": [2.25, 2.9, 2.8], ""Casumo"": [2.35, 3.15, 3.0], ""Coral"": [2.25, 3.1, 2.8], ""Grosvenor"": [2.35, 3.15, 3.0], ""Ladbrokes"": [2.25, 3.1, 2.8], ""LiveScore Bet"": [2.25, 3.0, 2.85], ""Matchbook"": [2.52, 3.15, 3.05], ""Paddy Power"": [2.3, 3.2, 2.8], ""Sky Bet"": [2.3, 3.1, 2.75], ""Smarkets"": [2.46, 3.1, 2.96], ""Unibet (UK)"": [2.4, 3.25, 3.0], ""Virgin Bet"": [2.28, 3.05, 2.88], ""William Hill"": [2.4, 3.0, 2.9]}"
2026-10-08T14:28:00.276280+00:00,soccer_italy_serie_b-399fb77a197def79a24831a51ff317b4-1x2,Serie B,Benevento v Cesena FC,2026-10-10T13:00:00Z,20,0.490763,0.265354,0.24351,0.508086,0.255846,0.236664,0.490946,0.265453,0.243601,0.507784,0.255693,0.236523,"{""888sport"": [1.85, 3.4, 3.8], ""Bet Victor"": [1.87, 3.5, 3.6], ""Betano (UK)"": [1.87, 3.5, 3.6], ""Betfair"": [1.99, 3.6, 4.0], ""Betfair Sportsbook"": [1.85, 3.75, 3.9], ""Betfred (UK)"": [1.83, 3.6, 3.75], ""Betway"": [1.88, 3.6, 3.8], ""BoyleSports"": [1.8, 3.3, 3.5], ""Casumo"": [1.89, 3.5, 3.85], ""Coral"": [1.83, 3.4, 3.6], ""Grosvenor"": [1.89, 3.5, 3.85], ""Ladbrokes"": [1.83, 3.4, 3.6], ""LiveScore Bet"": [1.81, 3.3, 3.65], ""Matchbook"": [1.99, 3.6, 4.0], ""Paddy Power"": [1.8, 3.6, 3.8], ""Sky Bet"": [1.8, 3.5, 3.6], ""Smarkets"": [1.98, 3.6, 3.95], ""Unibet (UK)"": [1.9, 3.5, 3.9], ""Virgin Bet"": [1.83, 3.35, 3.65], ""William Hill"": [1.85, 3.4, 3.8]}"
2026-10-08T14:28:00.276280+00:00,soccer_italy_serie_b-80e0ce2fd3fae9a4a1fafc4a25339997-1x2,Serie B,Empoli v Palermo,2026-10-10T13:00:00Z,20,0.260442,0.264061,0.473085,0.254525,0.258295,0.484806,0.261072,0.264699,0.474229,0.255131,0.25891,0.485959,"{""888sport"": [3.5, 3.3, 1.95], ""Bet Victor"": [3.4, 3.5, 1.95], ""Betano (UK)"": [3.4, 3.5, 1.95], ""Betfair"": [3.75, 3.5, 2.02], ""Betfair Sportsbook"": [3.5, 3.75, 1.95], ""Betfred (UK)"": [3.4, 3.5, 1.95], ""Betway"": [3.6, 3.5, 1.95], ""BoyleSports"": [3.4, 3.2, 1.87], ""Casumo"": [3.6, 3.55, 1.96], ""Coral"": [3.3, 3.3, 1.95], ""Grosvenor"": [3.6, 3.55, 1.96], ""Ladbrokes"": [3.3, 3.3, 1.95], ""LiveScore Bet"": [3.4, 3.35, 1.87], ""Matchbook"": [3.8, 3.5, 2.02], ""Paddy Power"": [3.4, 3.6, 1.91], ""Sky Bet"": [3.3, 3.5, 1.85], ""Smarkets"": [3.7, 3.45, 2.0], ""Unibet (UK)"": [3.6, 3.6, 1.95], ""Virgin Bet"": [3.4, 3.4, 1.89], ""William Hill"": [3.5, 3.3, 1.95]}"
2026-10-08T14:28:00.276280+00:00,soccer_italy_serie_b-7e624ab39c4b3406fdcf3bae75c18e0b-1x2,Serie B,Virtus Entella v Juve Stabia,2026-10-10T13:00:00Z,20,0.450322,0.293661,0.259582,0.463799,0.29004,0.25309,0.448722,0.292618,0.25866,0.460607,0.288044,0.251348,"{""888sport"": [2.05, 3.1, 3.5], ""Bet Victor"": [2.0, 3.25, 3.5], ""Betano (UK)"": [2.0, 3.25, 3.5], ""Betfair"": [2.1, 3.2, 4.1], ""Betfair Sportsbook"": [2.1, 3.2, 3.6], ""Betfred (UK)"": [2.1, 3.1, 3.5], ""Betway"": [2.05, 2.9, 4.0], ""BoyleSports"": [1.91, 2.9, 3.6], ""Casumo"": [2.07, 3.2, 3.6], ""Coral"": [1.95, 3.1, 3.5], ""Grosvenor"": [2.07, 3.2, 3.6], ""Ladbrokes"": [1.95, 3.1, 3.5], ""LiveScore Bet"": [1.97, 3.05, 3.4], ""Matchbook"": [2.1, 3.2, 4.1], ""Paddy Power"": [2.05, 3.1, 3.5], ""Sky Bet"": [2.05, 3.0, 3.4], ""Smarkets"": [2.08, 3.15, 4.0], ""Unibet (UK)"": [2.05, 3.25, 3.75], ""Virgin Bet"": [2.0, 3.1, 3.45], ""William Hill"": [2.05, 3.1, 3.5]}"
2026-10-08T14:28:00.276280+00:00,soccer_italy_serie_b-331406f6e1871f65240ff8e43707dd32-1x2,Serie B,Vicenza v Pisa,2026-10-10T15:15:00Z,20,0.319904,0.2744,0.406069,0.318382,0.26912,0.413607,0.319785,0.274297,0.405917,0.318029,0.268822,0.413149,"{""888sport"": [2.9, 3.2, 2.3], ""Bet Victor"": [2.8, 3.4, 2.25], ""Betano (UK)"": [2.8, 3.4, 2.25], ""Betfair"": [3.0, 3.5, 2.34], ""Betfair Sportsbook"": [2.88, 3.5, 2.25], ""Betfred (UK)"": [2.8, 3.4, 2.3], ""Betway"": [2.8, 3.4, 2.3], ""BoyleSports"": [2.7, 3.2, 2.15], ""Casumo"": [3.05, 3.3, 2.28], ""Coral"": [2.8, 3.25, 2.2], ""Grosvenor"": [3.05, 3.3, 2.28], ""Ladbrokes"": [2.8, 3.25, 2.2], ""LiveScore Bet"": [2.88, 3.15, 2.18], ""Matchbook"": [3.0, 3.5, 2.38], ""Paddy Power"": [2.8, 3.4, 2.2], ""Sky Bet"": [2.75, 3.3, 2.15], ""Smarkets"": [2.98, 3.4, 2.32], ""Unibet (UK)"": [2.9, 3.4, 2.3], ""Virgin Bet"": [2.9, 3.2, 2.2], ""William Hill"": [2.9, 3.2, 2.3]}"
2026-10-08T14:28:00.276280+00:00,soccer_italy_serie_b-3263d7997e69a2d57187c53aa3f1221d-1x2,Serie B,Arezzo v Cremonese,2026-10-10T17:30:00Z,20,0.318317,0.292678,0.388364,0.316603,0.289966,0.393481,0.318521,0.292866,0.388613,0.316587,0.289951,0.393461,"{""888sport"": [3.0, 3.0, 2.38], ""Bet Victor"": [2.8, 3.12, 2.38], ""Betano (UK)"": [2.8, 3.12, 2.38], ""Betfair"": [3.1, 3.15, 2.44], ""Betfair Sportsbook"": [2.88, 3.3, 2.4], ""Betfred (UK)"": [2.88, 3.1, 2.38], ""Betway"": [2.9, 3.2, 2.4], ""BoyleSports"": [2.75, 2.9, 2.3], ""Casumo"": [2.95, 3.2, 2.4], ""Coral"": [2.8, 3.1, 2.3], ""Grosvenor"": [2.95, 3.2, 2.4], ""Ladbrokes"": [2.8, 3.1, 2.3], ""LiveScore Bet"": [2.8, 3.0, 2.28], ""Matchbook"": [3.15, 3.15, 2.5], ""Paddy Power"": [2.8, 3.2, 2.3], ""Sky Bet"": [2.75, 3.1, 2.3], ""Smarkets"": [3.05, 3.1, 2.42], ""Unibet (UK)"": [3.0, 3.2, 2.4], ""Virgin Bet"": [2.8, 3.05, 2.3], ""William Hill"": [3.0, 3.0, 2.38]}"
2026-10-08T14:28:00.276280+00:00,soccer_italy_serie_b-b5fc30e75f41f50796033c0c7a4de15e-1x2,Serie B,US Catanzaro 1929 v Mantova,2026-10-11T13:00:00Z,20,0.400811,0.273474,0.323932,0.406218,0.26867,0.322536,0.401527,0.273963,0.32451,0.407267,0.269364,0.323369,"{""888sport"": [2.3, 3.2, 2.9], ""Bet Victor"": [2.25, 3.4, 2.8], ""Betano (UK)"": [2.25, 3.4, 2.8], ""Betfair"": [2.34, 3.45, 2.96], ""Betfair Sportsbook"": [2.3, 3.6, 2.8], ""Betfred (UK)"": [2.25, 3.5, 2.8], ""Betway"": [2.3, 3.4, 2.8], ""BoyleSports"": [2.15, 3.2, 2.7], ""Casumo"": [2.33, 3.35, 2.88], ""Coral"": [2.25, 3.3, 2.7], ""Grosvenor"": [2.33, 3.35, 2.88], ""Ladbrokes"": [2.25, 3.3, 2.7], ""LiveScore Bet"": [2.23, 3.2, 2.75], ""Matchbook"": [2.36, 3.45, 2.96], ""Paddy Power"": [2.25, 3.5, 2.75], ""Sky Bet"": [2.2, 3.4, 2.7], ""Smarkets"": [2.34, 3.35, 2.94], ""Unibet (UK)"": [2.35, 3.3, 3.0], ""Virgin Bet"": [2.25, 3.2, 2.75], ""William Hill"": [2.3, 3.2, 2.9]}"
2026-10-08T14:28:00.276280+00:00,soccer_italy_serie_b-243fff8da05c0fd0ee71322f2fc43b5a-1x2,Serie B,Padova v Carrarese,2026-10-11T15:15:00Z,18,0.479985,0.272124,0.247038,0.494707,0.264561,0.239691,0.480395,0.272356,0.247249,0.495223,0.264837,0.239941,"{""888sport"": [1.95, 3.25, 3.7], ""Bet Victor"": [1.9, 3.4, 3.6], ""Betano (UK)"": [1.9, 3.4, 3.6], ""Betfair"": [1.34, 3.25, 1.43], ""Betfair Sportsbook"": [1.91, 3.5, 3.8], ""Betfred (UK)"": [1.9, 3.4, 3.75], ""BoyleSports"": [1.83, 3.2, 3.6], ""Casumo"": [1.83, 3.35, 3.95], ""Coral"": [1.91, 3.3, 3.5], ""Grosvenor"": [1.83, 3.35, 3.95], ""Ladbrokes"": [1.91, 3.3, 3.5], ""LiveScore Bet"": [1.79, 3.25, 3.85], ""Paddy Power"": [1.91, 3.4, 3.7], ""Sky Bet"": [1.85, 3.2, 3.4], ""Smarkets"": [1.83, 3.05, 3.5], ""Unibet (UK)"": [1.95, 3.4, 3.9], ""Virgin Bet"": [1.81, 3.3, 3.85], ""William Hill"": [1.95, 3.25, 3.7]}"
2026-10-08T14:28:00.276280+00:00,soccer_italy_serie_b-aba4d9883721a723252a252a86e1aa58-1x2,Serie B,Modena v Hellas Verona,2026-10-11T17:30:00Z,17,0.459033,0.282149,0.253996,0.475253,0.275348,0.246679,0.461257,0.283516,0.255227,0.476549,0.276099,0.247352,"{""888sport"": [2.0, 3.1, 3.75], ""Bet Victor"": [1.95, 3.3, 3.6], ""Betano (UK)"": [1.95, 3.3, 3.6], ""Betfair"": [1.44, 3.35, 1.45], ""Betfred (UK)"": [1.95, 3.3, 3.6], ""BoyleSports"": [1.87, 3.1, 3.6], ""Casumo"": [2.1, 3.3, 3.4], ""Coral"": [1.91, 3.2, 3.6], ""Grosvenor"": [2.1, 3.3, 3.4], ""Ladbrokes"": [1.91, 3.2, 3.6], ""LiveScore Bet"": [2.0, 3.15, 3.25], ""Paddy Power"": [1.95, 3.3, 3.6], ""Sky Bet"": [1.91, 3.1, 3.3], ""Smarkets"": [1.89, 3.0, 3.3], ""Unibet (UK)"": [2.0, 3.3, 3.7], ""Virgin Bet"": [2.02, 3.15, 3.25], ""William Hill"": [2.0, 3.1, 3.75]}"
2026-10-08T14:28:00.276280+00:00,soccer_france_ligue_two-a51469305cf10ec897551514656c6659-1x2,Ligue 2,USL Dunkerque v Annecy FC,2026-10-09T18:00:00Z,20,0.416667,0.272785,0.31073,0.424245,0.268774,0.308815,0.416591,0.272736,0.310673,0.423468,0.268282,0.30825,"{""888sport"": [2.2, 3.3, 3.0], ""Bet Victor"": [2.2, 3.4, 3.0], ""Betano (UK)"": [2.2, 3.4, 3.0], ""Betfair"": [2.28, 3.5, 3.15], ""Betfair Sportsbook"": [2.2, 3.5, 3.0], ""Betfred (UK)"": [2.2, 3.4, 2.88], ""Betway"": [2.2, 3.5, 3.0], ""BoyleSports"": [2.05, 3.25, 2.8], ""Casumo"": [2.35, 3.3, 2.88], ""Coral"": [2.15, 3.3, 2.8], ""Grosvenor"": [2.35, 3.3, 2.88], ""Ladbrokes"": [2.15, 3.3, 2.8], ""LiveScore Bet"": [2.25, 3.15, 2.75], ""Matchbook"": [2.28, 3.5, 3.15], ""Paddy Power"": [2.15, 3.4, 2.9], ""Sky Bet"": [2.15, 3.3, 2.8], ""Smarkets"": [2.24, 3.45, 3.1], ""Unibet (UK)"": [2.25, 3.4, 3.0], ""Virgin Bet"": [2.28, 3.15, 2.75], ""William Hill"": [2.2, 3.3, 3.0]}"
2026-10-08T14:28:00.276280+00:00,soccer_france_ligue_two-7fe15f7d678d65f34d147ceb6ce1313b-1x2,Ligue 2,Sochaux v Boulogne,2026-10-09T18:00:00Z,20,0.413929,0.293585,0.291863,0.419226,0.289161,0.288781,0.414187,0.293768,0.292045,0.420417,0.289982,0.289601,"{""888sport"": [2.25, 3.0, 3.2], ""Bet Victor"": [2.25, 3.1, 3.12], ""Betano (UK)"": [2.25, 3.1, 3.12], ""Betfair"": [2.34, 3.3, 3.45], ""Betfair Sportsbook"": [2.25, 3.3, 3.2], ""Betfred (UK)"": [2.25, 3.1, 3.1], ""Betway"": [2.25, 3.2, 3.1], ""BoyleSports"": [2.15, 3.1, 3.0], ""Casumo"": [2.18, 3.2, 3.35], ""Coral"": [2.2, 3.1, 3.0], ""Grosvenor"": [2.18, 3.2, 3.35], ""Ladbrokes"": [2.2, 3.1, 3.0], ""LiveScore Bet"": [2.08, 3.0, 3.15], ""Matchbook"": [2.36, 3.2, 3.45], ""Paddy Power"": [2.2, 3.2, 3.1], ""Sky Bet"": [2.15, 3.1, 3.0], ""Smarkets"": [2.34, 3.1, 3.4], ""Unibet (UK)"": [2.25, 3.2, 3.25], ""Virgin Bet"": [2.1, 3.05, 3.2], ""William Hill"": [2.25, 3.0, 3.2]}"
2026-10-08T14:28:00.276280+00:00,soccer_france_ligue_two-7a73fcc27a988bb9be707933ea8123a7-1x2,Ligue 2,Montpellier v Grenoble,2026-10-09T18:00:00Z,20,0.585469,0.246775,0.168805,0.602106,0.239015,0.158149,0.584855,0.246516,0.168628,0.602546,0.23919,0.158265,"{""888sport"": [1.61, 3.6, 5.0], ""Bet Victor"": [1.6, 3.7, 5.5], ""Betano (UK)"": [1.6, 3.7, 5.5], ""Betfair"": [1.65, 3.95, 6.0], ""Betfair Sportsbook"": [1.57, 3.9, 5.5], ""Betfred (UK)"": [1.57, 3.75, 5.5], ""Betway"": [1.6, 3.8, 5.5], ""BoyleSports"": [1.55, 3.6, 5.0], ""Casumo"": [1.56, 3.9, 5.8], ""Coral"": [1.6, 3.5, 4.8], ""Grosvenor"": [1.56, 3.9, 5.8], ""Ladbrokes"": [1.6, 3.5, 4.8], ""LiveScore Bet"": [1.49, 3.65, 5.4], ""Matchbook"": [1.65, 3.95, 6.0], ""Paddy Power"": [1.53, 3.8, 5.5], ""Sky Bet"": [1.55, 3.6, 4.8], ""Smarkets"": [1.62, 3.8, 5.9], ""Unibet (UK)"": [1.62, 3.8, 5.5], ""Virgin Bet"": [1.5, 3.7, 5.5], ""William Hill"": [1.62, 3.6, 5.0]}"
2026-10-08T14:28:00.276280+00:00,soccer_france_ligue_two-225881660dfe725cda7ef9c358b441d3-1x2,Ligue 2,Nancy v Guingamp,2026-10-09T18:00:00Z,20,0.450061,0.267882,0.279303,0.46181,0.263504,0.273635,0.451304,0.268622,0.280074,0.462296,0.263782,0.273923,"{""888sport"": [2.05, 3.3, 3.3], ""Bet Victor"": [2.05, 3.4, 3.3], ""Betano (UK)"": [2.05, 3.4, 3.3], ""Betfair"": [2.1, 3.55, 3.5], ""Betfair Sportsbook"": [2.1, 3.6, 3.3], ""Betfred (UK)"": [2.05, 3.5, 3.2], ""Betway"": [2.05, 3.5, 3.3], ""BoyleSports"": [2.0, 3.25, 3.1], ""Casumo"": [2.0, 3.55, 3.35], ""Coral"": [2.0, 3.3, 3.2], ""Grosvenor"": [2.0, 3.55, 3.35], ""Ladbrokes"": [2.0, 3.3, 3.2], ""LiveScore Bet"": [1.9, 3.35, 3.2], ""Matchbook"": [2.1, 3.55, 3.55], ""Paddy Power"": [2.0, 3.5, 3.2], ""Sky Bet"": [2.0, 3.4, 3.1], ""Smarkets"": [2.06, 3.6, 3.55], ""Unibet (UK)"": [2.1, 3.4, 3.3], ""Virgin Bet"": [1.92, 3.4, 3.25], ""William Hill"": [2.05, 3.3, 3.3]}"
2026-10-08T14:28:00.276280+00:00,soccer_france_ligue_two-d521746ba593784ac8a1625cf8ffad4e-1x2,Ligue 2,Pau FC v Stade Lavallois,2026-10-09T18:00:00Z,20,0.455596,0.273384,0.27027,0.460448,0.267455,0.264557,0.455938,0.273589,0.270473,0.463946,0.269487,0.266567,"{""888sport"": [2.1, 3.2, 3.3], ""Bet Victor"": [2.0, 3.4, 3.4], ""Betano (UK)"": [2.0, 3.4, 3.4], ""Betfair"": [2.12, 3.45, 3.6], ""Betfair Sportsbook"": [2.0, 3.5, 3.5], ""Betfred (UK)"": [2.05, 3.4, 3.3], ""Betway"": [2.1, 3.4, 3.3], ""BoyleSports"": [2.0, 3.2, 3.1], ""Casumo"": [1.97, 3.4, 3.6], ""Coral"": [2.05, 3.2, 3.2], ""Grosvenor"": [1.97, 3.4, 3.6], ""Ladbrokes"": [2.05, 3.2, 3.2], ""LiveScore Bet"": [1.9, 3.25, 3.4], ""Matchbook"": [2.12, 3.5, 3.65], ""Paddy Power"": [2.0, 3.4, 3.4], ""Sky Bet"": [1.91, 3.3, 3.4], ""Smarkets"": [2.08, 3.45, 3.4], ""Unibet (UK)"": [2.1, 3.3, 3.5], ""Virgin Bet"": [1.92, 3.25, 3.45], ""William Hill"": [2.1, 3.2, 3.3]}"
2026-10-08T14:28:00.276280+00:00,soccer_france_ligue_two-675615889d558f6bd4e13840194b6794-1x2,Ligue 2,Clermont v Red Star,2026-10-10T12:00:00Z,20,0.26629,0.272799,0.459459,0.259476,0.265025,0.470885,0.266677,0.273196,0.460127,0.260678,0.266254,0.473068,"{""888sport"": [3.4, 3.1, 2.05], ""Bet Victor"": [3.4, 3.4, 2.0], ""Betano (UK)"": [3.4, 3.4, 2.0], ""Betfair"": [3.75, 3.45, 2.1], ""Betfair Sportsbook"": [3.5, 3.5, 2.0], ""Betfred (UK)"": [3.4, 3.4, 2.0], ""Betway"": [3.4, 3.4, 2.0], ""BoyleSports"": [3.3, 3.2, 1.91], ""Casumo"": [3.65, 3.45, 1.95], ""Coral"": [3.25, 3.2, 2.0], ""Grosvenor"": [3.65, 3.45, 1.95], ""Ladbrokes"": [3.25, 3.2, 2.0], ""LiveScore Bet"": [3.45, 3.25, 1.87], ""Matchbook"": [3.8, 3.45, 2.1], ""Paddy Power"": [3.4, 3.4, 2.0], ""Sky Bet"": [3.3, 3.25, 1.95], ""Smarkets"": [3.75, 3.4, 2.08], ""Unibet (UK)"": [3.6, 3.3, 2.08], ""Virgin Bet"": [3.5, 3.3, 1.89], ""William Hill"": [3.4, 3.1, 2.05]}"
2026-10-08T14:28:00.276280+00:00,soccer_france_ligue_two-6e64df16986bf9c7ce098cea7d824669-1x2,Ligue 2,Nantes v Stade de Reims,2026-10-10T12:00:00Z,20,0.449672,0.272607,0.277027,0.459677,0.267791,0.271625,0.449984,0.272797,0.277219,0.460094,0.268034,0.271872,"{""888sport"": [2.05, 3.3, 3.3], ""Bet Victor"": [2.05, 3.4, 3.3], ""Betano (UK)"": [2.05, 3.4, 3.3], ""Betfair"": [2.1, 3.5, 3.6], ""Betfair Sportsbook"": [2.0, 3.5, 3.4], ""Betfred (UK)"": [2.0, 3.5, 3.3], ""Betway"": [2.0, 3.4, 3.4], ""BoyleSports"": [1.91, 3.2, 3.25], ""Casumo"": [2.12, 3.35, 3.35], ""Coral"": [2.0, 3.3, 3.1], ""Grosvenor"": [2.12, 3.35, 3.35], ""Ladbrokes"": [2.0, 3.3, 3.1], ""LiveScore Bet"": [2.02, 3.15, 3.15], ""Matchbook"": [2.1, 3.55, 3.6], ""Paddy Power"": [2.0, 3.4, 3.3], ""Sky Bet"": [1.95, 3.3, 3.25], ""Smarkets"": [2.06, 3.45, 3.55], ""Unibet (UK)"": [2.08, 3.4, 3.4], ""Virgin Bet"": [2.04, 3.2, 3.2], ""William Hill"": [2.05, 3.3, 3.3]}"
2026-10-08T14:28:00.276280+00:00,soccer_france_ligue_two-fcef931dd86b6c626a3bc0006639c22f-1x2,Ligue 2,Saint Etienne v Rodez AF,2026-10-10T18:00:00Z,20,0.665751,0.192316,0.140793,0.704844,0.174747,0.119982,0.666511,0.192535,0.140954,0.705145,0.174822,0.120033,"{""888sport"": [1.36, 4.6, 6.5], ""Bet Victor"": [1.36, 4.8, 7.0], ""Betano (UK)"": [1.36, 4.8, 7.0], ""Betfair"": [1.35, 4.9, 7.2], ""Betfair Sportsbook"": [1.33, 5.0, 7.0], ""Betfred (UK)"": [1.33, 5.0, 7.0], ""Betway"": [1.4, 4.75, 6.0], ""BoyleSports"": [1.33, 4.75, 6.0], ""Casumo"": [1.42, 4.7, 6.5], ""Coral"": [1.36, 4.6, 5.75], ""Grosvenor"": [1.42, 4.7, 6.5], ""Ladbrokes"": [1.36, 4.6, 5.75], ""LiveScore Bet"": [1.36, 4.4, 6.0], ""Matchbook"": [1.38, 4.8, 6.8], ""Paddy Power"": [1.33, 5.0, 7.0], ""Sky Bet"": [1.33, 4.75, 6.25], ""Smarkets"": [1.23, 4.6, 7.0], ""Unibet (UK)"": [1.42, 5.0, 6.5], ""Virgin Bet"": [1.38, 4.5, 6.1], ""William Hill"": [1.36, 4.6, 6.5]}"
2026-10-08T14:28:00.276280+00:00,soccer_france_ligue_two-1abc2ac67c0776b1afb48749fe005ee2-1x2,Ligue 2,Dijon v Metz,2026-10-12T18:45:00Z,16,0.356623,0.269977,0.372761,0.358104,0.262919,0.376344,0.356851,0.27015,0.372999,0.35905,0.263613,0.377337,"{""888sport"": [2.5, 3.3, 2.5], ""Bet Victor"": [2.6, 3.5, 2.45], ""Betano (UK)"": [2.6, 3.5, 2.45], ""Betfair Sportsbook"": [2.63, 3.6, 2.4], ""Betfred (UK)"": [2.6, 3.5, 2.38], ""BoyleSports"": [2.38, 3.25, 2.4], ""Casumo"": [2.6, 3.45, 2.55], ""Coral"": [2.6, 3.3, 2.3], ""Grosvenor"": [2.6, 3.45, 2.55], ""Ladbrokes"": [2.6, 3.3, 2.3], ""LiveScore Bet"": [2.45, 3.25, 2.43], ""Paddy Power"": [2.6, 3.5, 2.4], ""Sky Bet"": [2.45, 3.25, 2.3], ""Smarkets"": [2.42, 3.05, 2.34], ""Virgin Bet"": [2.48, 3.3, 2.45], ""William Hill"": [2.5, 3.3, 2.5]}"
