scan_timestamp,market_id,competition,event,kickoff,n_books,p_frozen_home,p_frozen_draw,p_frozen_away,p_power_home,p_power_draw,p_power_away,pn_frozen_home,pn_frozen_draw,pn_frozen_away,pn_power_home,pn_power_draw,pn_power_away,book_odds_json
2026-10-09T06:16:33.795932+00:00,soccer_epl-b870dcfba5e5920d3f1551a3aa1ea435-1x2,Premier League,Arsenal v Leeds United,2026-10-10T11:30:00Z,21,0.687695,0.194954,0.11744,0.708745,0.184079,0.106713,0.687634,0.194937,0.117429,0.709074,0.184164,0.106762,"{""888sport"": [1.4, 4.6, 7.5], ""Bet Victor"": [1.36, 4.75, 8.5], ""Betano (UK)"": [1.36, 4.75, 8.5], ""Betfair"": [1.41, 5.3, 9.2], ""Betfair Sportsbook"": [1.36, 5.0, 8.5], ""Betfred (UK)"": [1.36, 4.6, 9.0], ""Betway"": [1.38, 5.0, 7.5], ""BoyleSports"": [1.36, 4.5, 8.0], ""Casumo"": [1.38, 4.9, 8.0], ""Coral"": [1.4, 5.0, 7.0], ""Grosvenor"": [1.36, 4.9, 8.0], ""Ladbrokes"": [1.4, 5.0, 7.0], ""LeoVegas"": [1.38, 4.6, 7.5], ""LiveScore Bet"": [1.36, 4.7, 7.5], ""Matchbook"": [1.41, 5.3, 9.2], ""Paddy Power"": [1.33, 5.0, 8.0], ""Sky Bet"": [1.36, 4.8, 8.0], ""Smarkets"": [1.4, 5.3, 9.2], ""Unibet (UK)"": [1.4, 4.75, 8.0], ""Virgin Bet"": [1.38, 4.75, 7.5], ""William Hill"": [1.4, 4.6, 7.5]}"
2026-10-09T06:16:33.795932+00:00,soccer_epl-02e6c0ccb11bb7ce78989ce49d67110b-1x2,Premier League,Aston Villa v Brentford,2026-10-10T14:00:00Z,21,0.359343,0.267675,0.371817,0.36088,0.263772,0.372691,0.359762,0.267987,0.372251,0.361841,0.264475,0.373684,"{""888sport"": [2.6, 3.3, 2.5], ""Bet Victor"": [2.62, 3.6, 2.5], ""Betano (UK)"": [2.62, 3.6, 2.5], ""Betfair"": [2.78, 3.65, 2.66], ""Betfair Sportsbook"": [2.7, 3.5, 2.6], ""Betfred (UK)"": [2.62, 3.6, 2.5], ""Betway"": [2.62, 3.5, 2.5], ""BoyleSports"": [2.6, 3.5, 2.5], ""Casumo"": [2.55, 3.65, 2.6], ""Coral"": [2.6, 3.6, 2.6], ""Grosvenor"": [2.55, 3.6, 2.6], ""Ladbrokes"": [2.6, 3.5, 2.5], ""LeoVegas"": [2.6, 3.45, 2.55], ""LiveScore Bet"": [2.5, 3.55, 2.55], ""Matchbook"": [2.78, 3.65, 2.66], ""Paddy Power"": [2.62, 3.4, 2.5], ""Sky Bet"": [2.63, 3.4, 2.5], ""Smarkets"": [2.78, 3.65, 2.66], ""Unibet (UK)"": [2.6, 3.5, 2.6], ""Virgin Bet"": [2.5, 3.55, 2.6], ""William Hill"": [2.6, 3.3, 2.5]}"
2026-10-09T06:16:33.795932+00:00,soccer_epl-45d4a466e32cd2b4ea535207923ceaf5-1x2,Premier League,Chelsea v Bournemouth,2026-10-10T14:00:00Z,21,0.565377,0.224952,0.20979,0.579957,0.219036,0.202328,0.56531,0.224925,0.209765,0.579192,0.218747,0.202061,"{""888sport"": [1.7, 3.8, 4.4], ""Bet Victor"": [1.65, 4.33, 4.6], ""Betano (UK)"": [1.65, 4.33, 4.6], ""Betfair"": [1.74, 4.4, 4.8], ""Betfair Sportsbook"": [1.67, 4.33, 4.6], ""Betfred (UK)"": [1.67, 4.2, 4.5], ""Betway"": [1.65, 4.2, 4.75], ""BoyleSports"": [1.62, 4.0, 4.75], ""Casumo"": [1.68, 4.2, 4.6], ""Coral"": [1.67, 4.2, 4.5], ""Grosvenor"": [1.67, 4.2, 4.5], ""Ladbrokes"": [1.67, 4.2, 4.5], ""LeoVegas"": [1.67, 4.1, 4.3], ""LiveScore Bet"": [1.65, 4.0, 4.4], ""Matchbook"": [1.74, 4.4, 4.9], ""Paddy Power"": [1.65, 4.2, 4.5], ""Sky Bet"": [1.67, 4.2, 4.5], ""Smarkets"": [1.74, 4.4, 4.8], ""Unibet (UK)"": [1.7, 4.25, 4.5], ""Virgin Bet"": [1.67, 4.1, 4.4], ""William Hill"": [1.7, 3.9, 4.4]}"
2026-10-09T06:16:33.795932+00:00,soccer_epl-380b8f24ec5430fb545a7490c1017285-1x2,Premier League,Sunderland v Brighton and Hove Albion,2026-10-10T14:00:00Z,21,0.318286,0.271479,0.409756,0.316711,0.268063,0.413941,0.318438,0.271609,0.409952,0.317118,0.268408,0.414474,"{""888sport"": [3.0, 3.3, 2.25], ""Bet Victor"": [3.0, 3.5, 2.3], ""Betano (UK)"": [3.0, 3.5, 2.3], ""Betfair"": [3.15, 3.6, 2.42], ""Betfair Sportsbook"": [3.0, 3.4, 2.3], ""Betfred (UK)"": [2.88, 3.6, 2.3], ""Betway"": [2.9, 3.5, 2.3], ""BoyleSports"": [2.9, 3.4, 2.25], ""Casumo"": [2.95, 3.55, 2.32], ""Coral"": [2.9, 3.5, 2.3], ""Grosvenor"": [2.95, 3.55, 2.3], ""Ladbrokes"": [2.87, 3.5, 2.3], ""LeoVegas"": [2.88, 3.4, 2.3], ""LiveScore Bet"": [2.88, 3.45, 2.25], ""Matchbook"": [3.15, 3.6, 2.42], ""Paddy Power"": [3.0, 3.4, 2.3], ""Sky Bet"": [3.0, 3.3, 2.3], ""Smarkets"": [3.15, 3.6, 2.42], ""Unibet (UK)"": [3.0, 3.5, 2.35], ""Virgin Bet"": [2.9, 3.45, 2.28], ""William Hill"": [3.0, 3.3, 2.25]}"
2026-10-09T06:16:33.795932+00:00,soccer_epl-288b4ff00c79daa712c911c564fe1be7-1x2,Premier League,Ipswich Town v Fulham,2026-10-10T14:00:00Z,21,0.338472,0.272239,0.38835,0.338564,0.269761,0.391842,0.338791,0.272495,0.388715,0.338507,0.269716,0.391776,"{""888sport"": [2.75, 3.4, 2.4], ""Bet Victor"": [2.75, 3.6, 2.4], ""Betano (UK)"": [2.75, 3.6, 2.4], ""Betfair"": [2.96, 3.65, 2.54], ""Betfair Sportsbook"": [2.8, 3.5, 2.45], ""Betfred (UK)"": [2.75, 3.6, 2.4], ""Betway"": [2.75, 3.5, 2.4], ""BoyleSports"": [2.75, 3.5, 2.38], ""Casumo"": [2.8, 3.45, 2.45], ""Coral"": [2.75, 3.5, 2.45], ""Grosvenor"": [2.8, 3.45, 2.43], ""Ladbrokes"": [2.7, 3.5, 2.45], ""LeoVegas"": [2.75, 3.45, 2.38], ""LiveScore Bet"": [2.75, 3.35, 2.38], ""Matchbook"": [2.96, 3.65, 2.54], ""Paddy Power"": [2.75, 3.4, 2.4], ""Sky Bet"": [2.75, 3.4, 2.4], ""Smarkets"": [2.98, 3.65, 2.52], ""Unibet (UK)"": [2.8, 3.5, 2.45], ""Virgin Bet"": [2.75, 3.4, 2.4], ""William Hill"": [2.75, 3.4, 2.4]}"
2026-10-09T06:16:33.795932+00:00,soccer_epl-22c9b2c43cbe1334381269550dab78e6-1x2,Premier League,Manchester United v Tottenham Hotspur,2026-10-10T16:30:00Z,21,0.563594,0.226415,0.213889,0.573467,0.219919,0.205679,0.561405,0.225536,0.213059,0.574004,0.220125,0.205872,"{""888sport"": [1.7, 3.9, 4.33], ""Bet Victor"": [1.67, 4.2, 4.5], ""Betano (UK)"": [1.67, 4.2, 4.5], ""Betfair"": [1.76, 4.4, 4.8], ""Betfair Sportsbook"": [1.7, 4.2, 4.6], ""Betfred (UK)"": [1.67, 4.2, 4.5], ""Betway"": [1.67, 4.33, 4.33], ""BoyleSports"": [1.7, 4.0, 4.2], ""Casumo"": [1.67, 4.3, 4.6], ""Coral"": [1.7, 4.2, 4.33], ""Grosvenor"": [1.66, 4.3, 4.5], ""Ladbrokes"": [1.7, 4.2, 4.33], ""LeoVegas"": [1.7, 4.1, 4.2], ""LiveScore Bet"": [1.64, 4.1, 4.3], ""Matchbook"": [1.76, 4.4, 4.8], ""Paddy Power"": [1.67, 4.0, 4.5], ""Sky Bet"": [1.67, 4.0, 4.33], ""Smarkets"": [1.76, 4.4, 4.8], ""Unibet (UK)"": [1.73, 4.2, 4.35], ""Virgin Bet"": [1.65, 4.2, 4.35], ""William Hill"": [1.7, 4.0, 4.33]}"
2026-10-09T06:16:33.795932+00:00,soccer_epl-86effab5c6e7bfd58c8e88b1fb7c6ba9-1x2,Premier League,Crystal Palace v Nottingham Forest,2026-10-11T13:00:00Z,21,0.357315,0.28719,0.35636,0.357457,0.284335,0.356593,0.357006,0.286942,0.356052,0.358035,0.284795,0.35717,"{""888sport"": [2.62, 3.1, 2.62], ""Bet Victor"": [2.55, 3.4, 2.6], ""Betano (UK)"": [2.55, 3.4, 2.6], ""Betfair"": [2.78, 3.45, 2.8], ""Betfair Sportsbook"": [2.7, 3.3, 2.7], ""Betfred (UK)"": [2.6, 3.5, 2.6], ""Betway"": [2.5, 3.4, 2.6], ""BoyleSports"": [2.6, 3.4, 2.6], ""Casumo"": [2.7, 3.35, 2.63], ""Coral"": [2.6, 3.4, 2.7], ""Grosvenor"": [2.7, 3.3, 2.63], ""Ladbrokes"": [2.5, 3.3, 2.7], ""LeoVegas"": [2.6, 3.25, 2.65], ""LiveScore Bet"": [2.63, 3.25, 2.55], ""Matchbook"": [2.78, 3.45, 2.8], ""Paddy Power"": [2.62, 3.25, 2.62], ""Sky Bet"": [2.63, 3.2, 2.63], ""Smarkets"": [2.78, 3.45, 2.78], ""Unibet (UK)"": [2.65, 3.3, 2.7], ""Virgin Bet"": [2.63, 3.25, 2.55], ""William Hill"": [2.62, 3.1, 2.62]}"
2026-10-09T06:16:33.795932+00:00,soccer_epl-0bdae4d304810578e47386606bff7106-1x2,Premier League,Hull City v Everton,2026-10-11T13:00:00Z,21,0.260121,0.281819,0.459211,0.256378,0.279505,0.464616,0.259822,0.281495,0.458683,0.25625,0.279365,0.464385,"{""888sport"": [3.5, 3.3, 2.05], ""Bet Victor"": [3.5, 3.4, 2.0], ""Betano (UK)"": [3.5, 3.4, 2.0], ""Betfair"": [3.9, 3.5, 2.16], ""Betfair Sportsbook"": [3.75, 3.4, 2.1], ""Betfred (UK)"": [3.75, 3.5, 2.0], ""Betway"": [3.5, 3.4, 2.0], ""BoyleSports"": [3.6, 3.4, 1.95], ""Casumo"": [3.65, 3.35, 2.08], ""Coral"": [3.5, 3.5, 2.05], ""Grosvenor"": [3.65, 3.35, 2.07], ""Ladbrokes"": [3.5, 3.5, 2.05], ""LeoVegas"": [3.45, 3.35, 2.05], ""LiveScore Bet"": [3.5, 3.25, 2.04], ""Matchbook"": [3.9, 3.5, 2.16], ""Paddy Power"": [3.6, 3.3, 2.05], ""Sky Bet"": [3.6, 3.25, 2.05], ""Smarkets"": [3.9, 3.5, 2.12], ""Unibet (UK)"": [3.6, 3.4, 2.1], ""Virgin Bet"": [3.5, 3.25, 2.04], ""William Hill"": [3.6, 3.3, 2.05]}"
2026-10-09T06:16:33.795932+00:00,soccer_epl-6dbab232dd8d2aed0cb1d6f7978fb7b1-1x2,Premier League,Liverpool v Manchester City,2026-10-11T15:30:00Z,21,0.357505,0.257426,0.386139,0.358798,0.253104,0.388083,0.357123,0.257151,0.385726,0.358803,0.253108,0.388089,"{""888sport"": [2.62, 3.5, 2.4], ""Bet Victor"": [2.6, 3.7, 2.4], ""Betano (UK)"": [2.6, 3.7, 2.4], ""Betfair"": [2.8, 3.85, 2.56], ""Betfair Sportsbook"": [2.7, 3.7, 2.45], ""Betfred (UK)"": [2.6, 3.75, 2.5], ""Betway"": [2.62, 3.6, 2.4], ""BoyleSports"": [2.6, 3.6, 2.4], ""Casumo"": [2.6, 3.8, 2.5], ""Coral"": [2.62, 3.6, 2.5], ""Grosvenor"": [2.6, 3.75, 2.48], ""Ladbrokes"": [2.62, 3.6, 2.45], ""LeoVegas"": [2.6, 3.65, 2.4], ""LiveScore Bet"": [2.5, 3.65, 2.43], ""Matchbook"": [2.8, 3.85, 2.56], ""Paddy Power"": [2.62, 3.6, 2.4], ""Sky Bet"": [2.63, 3.6, 2.4], ""Smarkets"": [2.78, 3.85, 2.56], ""Unibet (UK)"": [2.6, 3.75, 2.5], ""Virgin Bet"": [2.5, 3.65, 2.43], ""William Hill"": [2.62, 3.6, 2.45]}"
2026-10-09T06:16:33.795932+00:00,soccer_epl-acd5bd945dd953ad1e300df5bfe696f9-1x2,Premier League,Coventry City v Newcastle United,2026-10-12T19:00:00Z,20,0.284144,0.262998,0.453922,0.280552,0.259248,0.460615,0.283842,0.262719,0.453439,0.280436,0.25914,0.460424,"{""888sport"": [3.3, 3.4, 2.05], ""Bet Victor"": [3.2, 3.6, 2.05], ""Betano (UK)"": [3.2, 3.6, 2.05], ""Betfair"": [3.6, 3.7, 2.16], ""Betfred (UK)"": [3.2, 3.75, 2.1], ""Betway"": [3.3, 3.6, 2.05], ""BoyleSports"": [3.4, 3.5, 2.05], ""Casumo"": [3.3, 3.7, 2.08], ""Coral"": [3.2, 3.6, 2.15], ""Grosvenor"": [3.3, 3.65, 2.08], ""Ladbrokes"": [3.2, 3.6, 2.1], ""LeoVegas"": [3.2, 3.5, 2.1], ""LiveScore Bet"": [3.25, 3.55, 2.02], ""Matchbook"": [3.6, 3.7, 2.16], ""Paddy Power"": [3.4, 3.5, 2.05], ""Sky Bet"": [3.4, 3.4, 2.05], ""Smarkets"": [3.6, 3.7, 2.16], ""Unibet (UK)"": [3.3, 3.6, 2.1], ""Virgin Bet"": [3.25, 3.55, 2.02], ""William Hill"": [3.3, 3.5, 2.1]}"
2026-10-09T06:16:33.795932+00:00,soccer_epl-764e6513cb3f348881503df70ccb90e0-1x2,Premier League,Everton v Chelsea,2026-10-17T11:30:00Z,17,0.333871,0.257898,0.407833,0.333522,0.25267,0.414351,0.334004,0.258,0.407995,0.333341,0.252533,0.414126,"{""888sport"": [2.7, 3.5, 2.3], ""Bet Victor"": [2.8, 3.6, 2.3], ""Betano (UK)"": [2.8, 3.6, 2.3], ""Betfair"": [2.9, 3.8, 2.4], ""Betfred (UK)"": [2.8, 3.75, 2.3], ""Betway"": [2.62, 3.6, 2.3], ""BoyleSports"": [2.7, 3.6, 2.38], ""Casumo"": [2.95, 3.8, 2.3], ""Grosvenor"": [2.9, 3.7, 2.25], ""LeoVegas"": [2.75, 3.55, 2.25], ""LiveScore Bet"": [2.85, 3.6, 2.23], ""Paddy Power"": [2.8, 3.75, 2.25], ""Sky Bet"": [2.8, 3.6, 2.25], ""Smarkets"": [2.86, 3.75, 2.36], ""Unibet (UK)"": [2.88, 3.6, 2.3], ""Virgin Bet"": [2.85, 3.6, 2.23], ""William Hill"": [2.75, 3.6, 2.3]}"
2026-10-09T06:16:33.795932+00:00,soccer_epl-8f1945e7272bc7e89016439f5ab321c7-1x2,Premier League,Brentford v Liverpool,2026-10-17T14:00:00Z,17,0.346165,0.255988,0.396085,0.346498,0.252161,0.400463,0.346776,0.25644,0.396784,0.346803,0.252382,0.400815,"{""888sport"": [2.75, 3.5, 2.3], ""Bet Victor"": [2.7, 3.7, 2.3], ""Betano (UK)"": [2.7, 3.7, 2.3], ""Betfair"": [2.82, 3.7, 2.44], ""Betfred (UK)"": [2.75, 3.75, 2.38], ""Betway"": [2.62, 3.5, 2.3], ""BoyleSports"": [2.75, 3.5, 2.38], ""Casumo"": [2.7, 3.8, 2.48], ""Grosvenor"": [2.65, 3.7, 2.45], ""LeoVegas"": [2.65, 3.6, 2.3], ""LiveScore Bet"": [2.6, 3.6, 2.4], ""Paddy Power"": [2.7, 3.8, 2.3], ""Sky Bet"": [2.63, 3.75, 2.3], ""Smarkets"": [2.74, 3.55, 2.38], ""Unibet (UK)"": [2.75, 3.7, 2.35], ""Virgin Bet"": [2.6, 3.6, 2.4], ""William Hill"": [2.75, 3.5, 2.38]}"
2026-10-09T06:16:33.795932+00:00,soccer_epl-7895f97f2f9577f3b13287a3d086859d-1x2,Premier League,Fulham v Hull City,2026-10-17T14:00:00Z,17,0.56421,0.239445,0.196345,0.581271,0.231368,0.19094,0.56421,0.239445,0.196345,0.579198,0.230543,0.190259,"{""888sport"": [1.65, 3.9, 4.8], ""Bet Victor"": [1.65, 3.9, 4.75], ""Betano (UK)"": [1.65, 3.9, 4.75], ""Betfair"": [1.74, 4.1, 5.0], ""Betfred (UK)"": [1.67, 4.0, 5.0], ""Betway"": [1.65, 4.0, 4.5], ""BoyleSports"": [1.62, 3.8, 4.75], ""Casumo"": [1.72, 4.0, 4.8], ""Grosvenor"": [1.72, 4.0, 4.8], ""LeoVegas"": [1.64, 3.9, 4.5], ""LiveScore Bet"": [1.67, 3.8, 4.5], ""Paddy Power"": [1.62, 4.0, 4.75], ""Sky Bet"": [1.62, 4.0, 4.75], ""Smarkets"": [1.73, 4.0, 4.9], ""Unibet (UK)"": [1.67, 4.0, 4.75], ""Virgin Bet"": [1.67, 3.8, 4.5], ""William Hill"": [1.67, 3.9, 4.8]}"
2026-10-09T06:16:33.795932+00:00,soccer_epl-bf2142d1ca76ba2fc9e61afce80f86c0-1x2,Premier League,Manchester City v Ipswich Town,2026-10-17T14:00:00Z,17,0.775579,0.143713,0.080955,0.807481,0.12521,0.067885,0.775388,0.143677,0.080935,0.807016,0.125138,0.067846,"{""888sport"": [1.22, 6.0, 10.0], ""Bet Victor"": [1.2, 6.5, 11.5], ""Betano (UK)"": [1.2, 6.5, 11.5], ""Betfair"": [1.22, 7.6, 13.5], ""Betfred (UK)"": [1.22, 6.5, 12.0], ""Betway"": [1.2, 7.0, 9.0], ""BoyleSports"": [1.22, 6.0, 12.0], ""Casumo"": [1.23, 7.0, 12.5], ""Grosvenor"": [1.22, 6.75, 12.0], ""LeoVegas"": [1.2, 6.5, 9.5], ""LiveScore Bet"": [1.21, 6.4, 11.0], ""Paddy Power"": [1.2, 6.5, 13.0], ""Sky Bet"": [1.2, 6.5, 12.0], ""Smarkets"": [1.24, 7.4, 13.0], ""Unibet (UK)"": [1.22, 6.5, 11.0], ""Virgin Bet"": [1.21, 6.4, 11.0], ""William Hill"": [1.22, 6.0, 10.0]}"
2026-10-09T06:16:33.795932+00:00,soccer_epl-d1bbbdcd3d430e70091b518369b559cf-1x2,Premier League,Newcastle United v Aston Villa,2026-10-17T16:30:00Z,17,0.449199,0.250578,0.297367,0.458576,0.244509,0.295922,0.450486,0.251296,0.298219,0.459032,0.244752,0.296216,"{""888sport"": [2.05, 3.6, 3.1], ""Bet Victor"": [2.05, 3.7, 3.12], ""Betano (UK)"": [2.05, 3.7, 3.12], ""Betfair"": [2.14, 3.85, 3.25], ""Betfred (UK)"": [2.15, 3.75, 3.1], ""Betway"": [2.05, 3.75, 3.0], ""BoyleSports"": [2.05, 3.6, 3.2], ""Casumo"": [2.12, 3.9, 3.2], ""Grosvenor"": [2.12, 3.9, 3.2], ""LeoVegas"": [2.02, 3.65, 3.15], ""LiveScore Bet"": [2.05, 3.7, 3.05], ""Paddy Power"": [2.1, 3.8, 3.0], ""Sky Bet"": [2.1, 3.75, 3.0], ""Smarkets"": [2.1, 3.55, 3.15], ""Unibet (UK)"": [2.05, 3.7, 3.3], ""Virgin Bet"": [2.05, 3.7, 3.05], ""William Hill"": [2.1, 3.6, 3.2]}"
2026-10-09T06:16:33.795932+00:00,soccer_epl-dfd5d6648be46426e418801584d46a68-1x2,Premier League,Bournemouth v Sunderland,2026-10-18T13:00:00Z,17,0.473876,0.263158,0.261194,0.484955,0.259168,0.25672,0.474717,0.263625,0.261658,0.484546,0.25895,0.256504,"{""888sport"": [1.95, 3.4, 3.6], ""Bet Victor"": [1.95, 3.5, 3.6], ""Betano (UK)"": [1.95, 3.5, 3.6], ""Betfair"": [2.04, 3.7, 3.65], ""Betfred (UK)"": [2.0, 3.6, 3.6], ""Betway"": [1.91, 3.5, 3.5], ""BoyleSports"": [1.95, 3.4, 3.6], ""Casumo"": [2.0, 3.7, 3.7], ""Grosvenor"": [2.0, 3.7, 3.7], ""LeoVegas"": [1.98, 3.4, 3.45], ""LiveScore Bet"": [1.94, 3.55, 3.5], ""Paddy Power"": [2.0, 3.6, 3.5], ""Sky Bet"": [2.0, 3.6, 3.5], ""Smarkets"": [2.0, 3.55, 3.5], ""Unibet (UK)"": [2.0, 3.5, 3.6], ""Virgin Bet"": [1.94, 3.55, 3.5], ""William Hill"": [1.95, 3.5, 3.6]}"
2026-10-09T06:16:33.795932+00:00,soccer_epl-9fc08b390a49c4434f7cf631a0bb88fb-1x2,Premier League,Brighton and Hove Albion v Crystal Palace,2026-10-18T13:00:00Z,17,0.580643,0.225602,0.191542,0.599765,0.221126,0.183399,0.581931,0.226102,0.191967,0.597203,0.220181,0.182616,"{""888sport"": [1.61, 4.0, 4.75], ""Bet Victor"": [1.57, 4.2, 5.0], ""Betano (UK)"": [1.57, 4.2, 5.0], ""Betfair"": [1.66, 4.3, 5.1], ""Betfred (UK)"": [1.62, 4.2, 5.0], ""Betway"": [1.6, 4.2, 4.5], ""BoyleSports"": [1.62, 4.0, 4.75], ""Casumo"": [1.64, 4.25, 5.3], ""Grosvenor"": [1.61, 4.1, 5.2], ""LeoVegas"": [1.58, 4.1, 4.6], ""LiveScore Bet"": [1.6, 4.0, 4.9], ""Paddy Power"": [1.6, 4.2, 4.75], ""Sky Bet"": [1.6, 4.2, 4.75], ""Smarkets"": [1.65, 4.2, 5.0], ""Unibet (UK)"": [1.62, 4.25, 4.75], ""Virgin Bet"": [1.6, 4.0, 4.9], ""William Hill"": [1.62, 4.0, 4.8]}"
2026-10-09T06:16:33.795932+00:00,soccer_epl-676b3b0b609e9cf565da450786618d26-1x2,Premier League,Leeds United v Manchester United,2026-10-18T13:00:00Z,17,0.334999,0.260266,0.407582,0.334912,0.255946,0.413026,0.334048,0.259528,0.406425,0.333616,0.254956,0.411428,"{""888sport"": [2.75, 3.4, 2.38], ""Bet Victor"": [2.75, 3.6, 2.3], ""Betano (UK)"": [2.75, 3.6, 2.3], ""Betfair"": [2.92, 3.8, 2.4], ""Betfred (UK)"": [2.8, 3.75, 2.3], ""Betway"": [2.7, 3.6, 2.3], ""BoyleSports"": [2.75, 3.5, 2.3], ""Casumo"": [2.95, 3.7, 2.33], ""Grosvenor"": [2.95, 3.7, 2.33], ""LeoVegas"": [2.75, 3.5, 2.25], ""LiveScore Bet"": [2.85, 3.5, 2.25], ""Paddy Power"": [2.8, 3.75, 2.25], ""Sky Bet"": [2.8, 3.6, 2.25], ""Smarkets"": [2.86, 3.75, 2.38], ""Unibet (UK)"": [2.85, 3.6, 2.3], ""Virgin Bet"": [2.85, 3.5, 2.25], ""William Hill"": [2.75, 3.5, 2.4]}"
2026-10-09T06:16:33.795932+00:00,soccer_epl-f696a248965373d9071dc0662e5c58a8-1x2,Premier League,Nottingham Forest v Arsenal,2026-10-18T15:30:00Z,17,0.169106,0.238483,0.591398,0.157707,0.228881,0.613412,0.169278,0.238725,0.591997,0.157707,0.228881,0.613412,"{""888sport"": [5.5, 3.7, 1.61], ""Bet Victor"": [5.5, 3.9, 1.57], ""Betano (UK)"": [5.5, 3.9, 1.57], ""Betfair"": [1.28, 3.75, 1.55], ""Betfred (UK)"": [5.5, 4.0, 1.6], ""Betway"": [5.5, 3.6, 1.6], ""BoyleSports"": [5.5, 3.75, 1.6], ""Casumo"": [6.1, 4.1, 1.57], ""Grosvenor"": [6.1, 4.1, 1.57], ""LeoVegas"": [5.2, 3.85, 1.57], ""LiveScore Bet"": [5.6, 3.85, 1.55], ""Paddy Power"": [5.5, 4.0, 1.53], ""Sky Bet"": [5.75, 3.9, 1.55], ""Smarkets"": [4.7, 3.5, 1.5], ""Unibet (UK)"": [5.5, 4.0, 1.6], ""Virgin Bet"": [5.6, 3.85, 1.55], ""William Hill"": [5.5, 3.7, 1.62]}"
2026-10-09T06:16:33.795932+00:00,soccer_epl-9baaf4e48b041cfef04e70e42532502e-1x2,Premier League,Tottenham Hotspur v Coventry City,2026-10-19T19:00:00Z,15,0.628386,0.209091,0.160061,0.651057,0.199319,0.148356,0.629937,0.209607,0.160456,0.651883,0.199572,0.148545,"{""888sport"": [1.5, 4.2, 5.75], ""Betfair"": [1.53, 4.6, 6.0], ""Betfred (UK)"": [1.5, 4.6, 6.0], ""Betway"": [1.5, 4.5, 5.25], ""BoyleSports"": [1.44, 4.33, 6.0], ""Casumo"": [1.5, 4.6, 6.4], ""Grosvenor"": [1.5, 4.6, 6.4], ""LeoVegas"": [1.45, 4.5, 5.6], ""LiveScore Bet"": [1.47, 4.35, 5.8], ""Paddy Power"": [1.5, 4.5, 5.5], ""Sky Bet"": [1.5, 4.5, 5.75], ""Smarkets"": [1.5, 4.2, 5.8], ""Unibet (UK)"": [1.48, 4.6, 5.75], ""Virgin Bet"": [1.47, 4.35, 5.8], ""William Hill"": [1.5, 4.33, 6.0]}"
2026-10-09T06:16:33.795932+00:00,soccer_efl_champ-838aaa8567409b87835ad22ed9255e61-1x2,Championship,West Ham United v Queens Park Rangers,2026-10-09T19:00:00Z,21,0.637845,0.202299,0.157895,0.664403,0.191155,0.145473,0.639099,0.202696,0.158205,0.663718,0.190958,0.145323,"{""888sport"": [1.44, 4.5, 5.5], ""Bet Victor"": [1.45, 4.6, 6.5], ""Betano (UK)"": [1.45, 4.6, 6.5], ""Betfair"": [1.52, 5.0, 6.8], ""Betfair Sportsbook"": [1.44, 4.6, 6.0], ""Betfred (UK)"": [1.5, 4.5, 6.0], ""Betway"": [1.45, 4.75, 5.75], ""BoyleSports"": [1.44, 4.5, 5.5], ""Casumo"": [1.45, 4.6, 6.0], ""Coral"": [1.5, 4.8, 5.5], ""Grosvenor"": [1.45, 4.5, 5.8], ""Ladbrokes"": [1.5, 4.8, 5.5], ""LeoVegas"": [1.5, 4.7, 6.0], ""LiveScore Bet"": [1.46, 4.4, 5.8], ""Matchbook"": [1.52, 5.0, 6.8], ""Paddy Power"": [1.44, 4.5, 6.0], ""Sky Bet"": [1.44, 4.75, 6.0], ""Smarkets"": [1.52, 5.0, 6.8], ""Unibet (UK)"": [1.48, 4.6, 5.75], ""Virgin Bet"": [1.46, 4.5, 6.0], ""William Hill"": [1.44, 4.5, 5.5]}"
2026-10-09T06:16:33.795932+00:00,soccer_efl_champ-3e8a2baae4566a7c7fcc390dc089e9b8-1x2,Championship,West Bromwich Albion v Birmingham City,2026-10-10T11:30:00Z,21,0.397725,0.279319,0.319621,0.401517,0.275801,0.318749,0.399056,0.280253,0.32069,0.403102,0.27689,0.320008,"{""888sport"": [2.38, 3.2, 2.9], ""Bet Victor"": [2.38, 3.4, 2.9], ""Betano (UK)"": [2.38, 3.4, 2.9], ""Betfair"": [2.52, 3.45, 3.1], ""Betfair Sportsbook"": [2.3, 3.4, 3.0], ""Betfred (UK)"": [2.38, 3.4, 3.0], ""Betway"": [2.38, 3.3, 2.9], ""BoyleSports"": [2.3, 3.1, 2.8], ""Casumo"": [2.25, 3.35, 2.95], ""Coral"": [2.37, 3.4, 2.9], ""Grosvenor"": [2.25, 3.35, 2.9], ""Ladbrokes"": [2.37, 3.4, 2.87], ""LeoVegas"": [2.35, 3.45, 3.0], ""LiveScore Bet"": [2.18, 3.25, 2.85], ""Matchbook"": [2.52, 3.45, 3.1], ""Paddy Power"": [2.3, 3.3, 2.9], ""Sky Bet"": [2.3, 3.3, 2.9], ""Smarkets"": [2.5, 3.4, 3.05], ""Unibet (UK)"": [2.35, 3.4, 3.0], ""Virgin Bet"": [2.2, 3.25, 2.85], ""William Hill"": [2.38, 3.2, 2.9]}"
2026-10-09T06:16:33.795932+00:00,soccer_efl_champ-4e129a33a3e42b361294e9dd393c9513-1x2,Championship,Charlton Athletic v Bristol City,2026-10-10T11:30:00Z,21,0.296971,0.286603,0.415347,0.293058,0.283122,0.42104,0.297291,0.286913,0.415796,0.293875,0.283911,0.422214,"{""888sport"": [3.1, 3.1, 2.25], ""Bet Victor"": [3.2, 3.3, 2.25], ""Betano (UK)"": [3.2, 3.3, 2.25], ""Betfair"": [3.4, 3.4, 2.36], ""Betfair Sportsbook"": [3.1, 3.4, 2.3], ""Betfred (UK)"": [3.1, 3.4, 2.3], ""Betway"": [3.1, 3.3, 2.25], ""BoyleSports"": [3.0, 3.1, 2.25], ""Casumo"": [3.15, 3.25, 2.23], ""Coral"": [3.1, 3.3, 2.3], ""Grosvenor"": [3.15, 3.2, 2.23], ""Ladbrokes"": [3.1, 3.3, 2.25], ""LeoVegas"": [3.2, 3.3, 2.3], ""LiveScore Bet"": [3.05, 3.15, 2.18], ""Matchbook"": [3.4, 3.4, 2.36], ""Paddy Power"": [3.1, 3.3, 2.25], ""Sky Bet"": [3.1, 3.3, 2.25], ""Smarkets"": [3.4, 3.35, 2.34], ""Unibet (UK)"": [3.2, 3.3, 2.25], ""Virgin Bet"": [3.05, 3.15, 2.18], ""William Hill"": [3.1, 3.1, 2.25]}"
2026-10-09T06:16:33.795932+00:00,soccer_efl_champ-34156ace068fbe5b24944791e752b43d-1x2,Championship,Swansea City v Norwich City,2026-10-10T11:30:00Z,21,0.395257,0.271162,0.334428,0.398989,0.266436,0.334079,0.394922,0.270933,0.334145,0.399187,0.266568,0.334245,"{""888sport"": [2.38, 3.3, 2.75], ""Bet Victor"": [2.3, 3.6, 2.88], ""Betano (UK)"": [2.3, 3.6, 2.88], ""Betfair"": [2.46, 3.6, 3.05], ""Betfair Sportsbook"": [2.3, 3.4, 3.0], ""Betfred (UK)"": [2.4, 3.6, 2.75], ""Betway"": [2.38, 3.4, 2.8], ""BoyleSports"": [2.3, 3.3, 2.7], ""Casumo"": [2.38, 3.45, 2.75], ""Coral"": [2.4, 3.6, 2.75], ""Grosvenor"": [2.38, 3.4, 2.7], ""Ladbrokes"": [2.4, 3.6, 2.7], ""LeoVegas"": [2.38, 3.6, 2.85], ""LiveScore Bet"": [2.3, 3.35, 2.65], ""Matchbook"": [2.46, 3.65, 3.1], ""Paddy Power"": [2.3, 3.4, 2.9], ""Sky Bet"": [2.3, 3.4, 2.9], ""Smarkets"": [2.42, 3.55, 3.1], ""Unibet (UK)"": [2.38, 3.5, 2.8], ""Virgin Bet"": [2.28, 3.35, 2.7], ""William Hill"": [2.38, 3.3, 2.75]}"
2026-10-09T06:16:33.795932+00:00,soccer_efl_champ-713bc529f655efc0aff6109cb2396c11-1x2,Championship,Blackburn Rovers v Cardiff City,2026-10-10T14:00:00Z,20,0.356578,0.261125,0.38359,0.357839,0.254055,0.38594,0.356117,0.260788,0.383095,0.358616,0.254606,0.386778,"{""888sport"": [2.7, 3.4, 2.38], ""Bet Victor"": [2.62, 3.7, 2.45], ""Betano (UK)"": [2.62, 3.7, 2.45], ""Betfair"": [2.8, 3.75, 2.58], ""Betfred (UK)"": [2.62, 3.75, 2.5], ""Betway"": [2.62, 3.6, 2.4], ""BoyleSports"": [2.5, 3.5, 2.25], ""Casumo"": [2.6, 3.55, 2.45], ""Coral"": [2.62, 3.7, 2.45], ""Grosvenor"": [2.6, 3.5, 2.43], ""Ladbrokes"": [2.6, 3.7, 2.45], ""LeoVegas"": [2.7, 3.65, 2.5], ""LiveScore Bet"": [2.5, 3.45, 2.38], ""Matchbook"": [2.8, 3.75, 2.58], ""Paddy Power"": [2.62, 3.75, 2.4], ""Sky Bet"": [2.63, 3.6, 2.4], ""Smarkets"": [2.78, 3.7, 2.56], ""Unibet (UK)"": [2.65, 3.6, 2.5], ""Virgin Bet"": [2.5, 3.45, 2.38], ""William Hill"": [2.7, 3.4, 2.38]}"
2026-10-09T06:16:33.795932+00:00,soccer_efl_champ-23b8467e4efdab4833d7e38ccfc06353-1x2,Championship,Bolton Wanderers v Stoke City,2026-10-10T14:00:00Z,21,0.348827,0.278059,0.371134,0.350066,0.27521,0.373108,0.349519,0.27861,0.37187,0.350632,0.275656,0.373712,"{""888sport"": [2.62, 3.2, 2.5], ""Bet Victor"": [2.75, 3.4, 2.5], ""Betano (UK)"": [2.75, 3.4, 2.5], ""Betfair"": [2.9, 3.5, 2.64], ""Betfair Sportsbook"": [2.7, 3.3, 2.6], ""Betfred (UK)"": [2.62, 3.5, 2.6], ""Betway"": [2.75, 3.3, 2.5], ""BoyleSports"": [2.62, 3.25, 2.38], ""Casumo"": [2.55, 3.4, 2.6], ""Coral"": [2.7, 3.4, 2.5], ""Grosvenor"": [2.55, 3.35, 2.55], ""Ladbrokes"": [2.7, 3.4, 2.5], ""LeoVegas"": [2.7, 3.45, 2.55], ""LiveScore Bet"": [2.48, 3.25, 2.5], ""Matchbook"": [2.9, 3.5, 2.64], ""Paddy Power"": [2.62, 3.3, 2.6], ""Sky Bet"": [2.63, 3.25, 2.6], ""Smarkets"": [2.88, 3.45, 2.62], ""Unibet (UK)"": [2.7, 3.4, 2.55], ""Virgin Bet"": [2.48, 3.25, 2.5], ""William Hill"": [2.62, 3.2, 2.5]}"
2026-10-09T06:16:33.795932+00:00,soccer_efl_champ-92f161645aed415d240b06de729f5015-1x2,Championship,Watford v Burnley,2026-10-10T14:00:00Z,20,0.315858,0.275107,0.408538,0.315758,0.271329,0.413622,0.316015,0.275244,0.408741,0.315534,0.271137,0.413329,"{""888sport"": [2.9, 3.3, 2.25], ""Bet Victor"": [3.0, 3.5, 2.25], ""Betano (UK)"": [3.0, 3.5, 2.25], ""Betfair"": [3.15, 3.6, 2.44], ""Betfair Sportsbook"": [3.0, 3.4, 2.3], ""Betfred (UK)"": [2.88, 3.5, 2.38], ""Betway"": [2.9, 3.5, 2.25], ""BoyleSports"": [2.75, 3.5, 2.15], ""Casumo"": [2.9, 3.4, 2.32], ""Coral"": [3.0, 3.6, 2.25], ""Grosvenor"": [2.85, 3.35, 2.3], ""LeoVegas"": [3.05, 3.55, 2.3], ""LiveScore Bet"": [2.75, 3.25, 2.28], ""Matchbook"": [3.15, 3.6, 2.44], ""Paddy Power"": [3.0, 3.4, 2.3], ""Sky Bet"": [2.9, 3.3, 2.3], ""Smarkets"": [3.1, 3.6, 2.4], ""Unibet (UK)"": [3.0, 3.5, 2.25], ""Virgin Bet"": [2.8, 3.25, 2.25], ""William Hill"": [2.9, 3.3, 2.25]}"
2026-10-09T06:16:33.795932+00:00,soccer_efl_champ-9f2bb19d00e60d89a304ff8c8da85e2c-1x2,Championship,Derby County v Wrexham AFC,2026-10-10T14:00:00Z,20,0.348074,0.286304,0.365571,0.349266,0.283839,0.368259,0.348092,0.286319,0.365589,0.34879,0.283453,0.367757,"{""888sport"": [2.62, 3.2, 2.5], ""Bet Victor"": [2.75, 3.3, 2.55], ""Betano (UK)"": [2.75, 3.3, 2.55], ""Betfair"": [2.9, 3.45, 2.66], ""Betfred (UK)"": [2.62, 3.4, 2.62], ""Betway"": [2.7, 3.4, 2.4], ""BoyleSports"": [2.6, 3.4, 2.4], ""Casumo"": [2.7, 3.2, 2.6], ""Coral"": [2.7, 3.4, 2.6], ""Grosvenor"": [2.65, 3.2, 2.55], ""Ladbrokes"": [2.62, 3.3, 2.6], ""LeoVegas"": [2.75, 3.35, 2.6], ""LiveScore Bet"": [2.6, 3.1, 2.48], ""Matchbook"": [2.9, 3.45, 2.66], ""Paddy Power"": [2.6, 3.3, 2.7], ""Sky Bet"": [2.6, 3.25, 2.7], ""Smarkets"": [2.86, 3.4, 2.62], ""Unibet (UK)"": [2.7, 3.3, 2.6], ""Virgin Bet"": [2.6, 3.1, 2.5], ""William Hill"": [2.62, 3.2, 2.5]}"
2026-10-09T06:16:33.795932+00:00,soccer_efl_champ-6e370faecd2f841fc843ec49c641a9e3-1x2,Championship,Sheffield United v Lincoln City,2026-10-10T14:00:00Z,21,0.445091,0.279221,0.271625,0.453687,0.276338,0.267651,0.446907,0.28036,0.272733,0.454744,0.276982,0.268275,"{""888sport"": [2.1, 3.2, 3.4], ""Bet Victor"": [2.1, 3.4, 3.5], ""Betano (UK)"": [2.1, 3.4, 3.5], ""Betfair"": [2.22, 3.45, 3.65], ""Betfair Sportsbook"": [2.05, 3.4, 3.6], ""Betfred (UK)"": [2.15, 3.4, 3.4], ""Betway"": [2.1, 3.3, 3.4], ""BoyleSports"": [2.05, 3.25, 3.25], ""Casumo"": [2.06, 3.35, 3.45], ""Coral"": [2.15, 3.4, 3.4], ""Grosvenor"": [2.05, 3.3, 3.4], ""Ladbrokes"": [2.1, 3.4, 3.4], ""LeoVegas"": [2.18, 3.4, 3.4], ""LiveScore Bet"": [2.02, 3.25, 3.3], ""Matchbook"": [2.22, 3.45, 3.65], ""Paddy Power"": [2.05, 3.3, 3.6], ""Sky Bet"": [2.05, 3.3, 3.5], ""Smarkets"": [2.18, 3.4, 3.6], ""Unibet (UK)"": [2.15, 3.4, 3.4], ""Virgin Bet"": [2.0, 3.25, 3.3], ""William Hill"": [2.1, 3.2, 3.4]}"
2026-10-09T06:16:33.795932+00:00,soccer_efl_champ-96673c1fdea1d48aa7440246f5e00bd6-1x2,Championship,Middlesbrough v Wolverhampton Wanderers,2026-10-10T14:00:00Z,21,0.426715,0.256497,0.312796,0.429961,0.251328,0.312257,0.428425,0.257525,0.31405,0.432754,0.25296,0.314285,"{""888sport"": [2.2, 3.4, 2.9], ""Bet Victor"": [2.2, 3.7, 3.0], ""Betano (UK)"": [2.2, 3.7, 3.0], ""Betfair"": [2.3, 3.8, 3.15], ""Betfair Sportsbook"": [2.2, 3.6, 3.0], ""Betfred (UK)"": [2.25, 3.75, 2.88], ""Betway"": [2.15, 3.6, 3.0], ""BoyleSports"": [2.05, 3.5, 2.88], ""Casumo"": [2.14, 3.65, 3.0], ""Coral"": [2.25, 3.75, 2.87], ""Grosvenor"": [2.12, 3.6, 3.0], ""Ladbrokes"": [2.25, 3.75, 2.8], ""LeoVegas"": [2.25, 3.7, 2.95], ""LiveScore Bet"": [2.06, 3.55, 2.9], ""Matchbook"": [2.3, 3.8, 3.15], ""Paddy Power"": [2.2, 3.6, 3.0], ""Sky Bet"": [2.2, 3.5, 3.0], ""Smarkets"": [2.28, 3.75, 3.1], ""Unibet (UK)"": [2.25, 3.7, 2.9], ""Virgin Bet"": [2.08, 3.55, 2.9], ""William Hill"": [2.2, 3.4, 2.9]}"
2026-10-09T06:16:33.795932+00:00,soccer_efl_champ-1f9e31de12bb3b92a0deaaf9ee57af3d-1x2,Championship,Preston North End v Millwall,2026-10-10T14:00:00Z,21,0.337079,0.2717,0.392467,0.337058,0.267381,0.39597,0.336659,0.271362,0.391979,0.33692,0.267272,0.395808,"{""888sport"": [2.75, 3.4, 2.25], ""Bet Victor"": [2.8, 3.5, 2.4], ""Betano (UK)"": [2.8, 3.5, 2.4], ""Betfair"": [3.05, 3.55, 2.5], ""Betfair Sportsbook"": [2.7, 3.5, 2.45], ""Betfred (UK)"": [2.75, 3.5, 2.5], ""Betway"": [2.75, 3.5, 2.4], ""BoyleSports"": [2.62, 3.4, 2.3], ""Casumo"": [2.65, 3.4, 2.48], ""Coral"": [2.87, 3.5, 2.37], ""Grosvenor"": [2.63, 3.35, 2.45], ""Ladbrokes"": [2.87, 3.5, 2.37], ""LeoVegas"": [2.88, 3.5, 2.4], ""LiveScore Bet"": [2.6, 3.25, 2.4], ""Matchbook"": [3.05, 3.55, 2.5], ""Paddy Power"": [2.7, 3.5, 2.45], ""Sky Bet"": [2.63, 3.4, 2.45], ""Smarkets"": [2.98, 3.5, 2.48], ""Unibet (UK)"": [2.85, 3.4, 2.4], ""Virgin Bet"": [2.55, 3.25, 2.4], ""William Hill"": [2.75, 3.4, 2.25]}"
2026-10-09T06:16:33.795932+00:00,soccer_efl_champ-e0fe5ad17865ef24994316c5e46dc8b1-1x2,Championship,Southampton v Portsmouth,2026-10-11T11:00:00Z,20,0.592064,0.227232,0.181649,0.613024,0.216933,0.170901,0.591505,0.227017,0.181478,0.612499,0.216747,0.170754,"{""888sport"": [1.57, 3.9, 5.0], ""Bet Victor"": [1.55, 4.0, 5.25], ""Betano (UK)"": [1.55, 4.0, 5.25], ""Betfair"": [1.66, 4.3, 5.7], ""Betfred (UK)"": [1.57, 4.2, 5.5], ""Betway"": [1.57, 4.2, 5.0], ""BoyleSports"": [1.53, 4.0, 5.0], ""Casumo"": [1.57, 4.1, 5.1], ""Coral"": [1.6, 4.33, 5.0], ""Grosvenor"": [1.56, 4.1, 5.0], ""Ladbrokes"": [1.6, 4.2, 5.0], ""LeoVegas"": [1.58, 4.2, 5.2], ""LiveScore Bet"": [1.53, 3.95, 4.8], ""Matchbook"": [1.66, 4.3, 5.7], ""Paddy Power"": [1.57, 4.0, 5.0], ""Sky Bet"": [1.57, 4.0, 5.25], ""Smarkets"": [1.64, 4.2, 5.6], ""Unibet (UK)"": [1.58, 4.25, 5.25], ""Virgin Bet"": [1.55, 4.0, 4.9], ""William Hill"": [1.57, 3.9, 5.0]}"
2026-10-09T06:16:33.795932+00:00,soccer_efl_champ-59aa75d21f765e6ec2c671f4d8e76a27-1x2,Championship,Bristol City v Blackburn Rovers,2026-10-13T18:45:00Z,6,0.490826,0.2642,0.245747,0.505636,0.257055,0.237605,0.490447,0.263996,0.245557,0.505486,0.256979,0.237535,"{""Casumo"": [1.88, 3.55, 3.85], ""Grosvenor"": [1.88, 3.5, 3.8], ""LeoVegas"": [1.95, 3.5, 3.6], ""LiveScore Bet"": [1.86, 3.45, 3.7], ""Smarkets"": [1.86, 3.3, 3.4], ""Virgin Bet"": [1.87, 3.5, 3.75]}"
2026-10-09T06:16:33.795932+00:00,soccer_efl_champ-bd2a85de0af046a3b15fdfac6e78d0c5-1x2,Championship,Wolverhampton Wanderers v Bolton Wanderers,2026-10-13T18:45:00Z,6,0.677697,0.191604,0.131416,0.712723,0.173491,0.114572,0.677211,0.191467,0.131322,0.712163,0.173355,0.114482,"{""Casumo"": [1.36, 5.0, 7.5], ""Grosvenor"": [1.36, 4.9, 7.0], ""LeoVegas"": [1.38, 4.75, 6.75], ""LiveScore Bet"": [1.35, 4.75, 7.0], ""Smarkets"": [1.34, 4.3, 6.0], ""Virgin Bet"": [1.35, 4.8, 7.0]}"
2026-10-09T06:16:33.795932+00:00,soccer_efl_champ-6742eb24c0e60f9d3fec73a2aa324227-1x2,Championship,Burnley v Charlton Athletic,2026-10-13T18:45:00Z,6,0.541764,0.248918,0.209238,0.562448,0.239736,0.197503,0.541807,0.248938,0.209255,0.562624,0.239811,0.197565,"{""Casumo"": [1.71, 3.75, 4.5], ""Grosvenor"": [1.7, 3.7, 4.4], ""LeoVegas"": [1.68, 3.75, 4.6], ""LiveScore Bet"": [1.68, 3.65, 4.35], ""Smarkets"": [1.63, 3.5, 4.2], ""Virgin Bet"": [1.7, 3.7, 4.4]}"
2026-10-09T06:16:33.795932+00:00,soccer_efl_champ-3cd5667183559b0598e304d98a23cc20-1x2,Championship,Cardiff City v Watford,2026-10-13T18:45:00Z,6,0.498365,0.242344,0.258874,0.512151,0.235144,0.251695,0.498573,0.242445,0.258982,0.512669,0.235382,0.25195,"{""Casumo"": [1.87, 3.85, 3.6], ""Grosvenor"": [1.85, 3.8, 3.55], ""LeoVegas"": [1.8, 3.9, 3.7], ""LiveScore Bet"": [1.84, 3.7, 3.5], ""Smarkets"": [1.74, 3.65, 3.5], ""Virgin Bet"": [1.85, 3.75, 3.55]}"
2026-10-09T06:16:33.795932+00:00,soccer_efl_champ-a1b3fc4030f9f511934c8165151346a3-1x2,Championship,Millwall v Swansea City,2026-10-13T18:45:00Z,6,0.383798,0.285184,0.330214,0.387827,0.28139,0.329724,0.384107,0.285414,0.330479,0.388238,0.281689,0.330073,"{""Casumo"": [2.43, 3.25, 2.8], ""Grosvenor"": [2.4, 3.25, 2.8], ""LeoVegas"": [2.35, 3.3, 2.85], ""LiveScore Bet"": [2.38, 3.15, 2.75], ""Smarkets"": [2.24, 3.1, 2.72], ""Virgin Bet"": [2.4, 3.2, 2.75]}"
2026-10-09T06:16:33.795932+00:00,soccer_efl_champ-c46cfc0e1bcc460e455e006428cd4e83-1x2,Championship,Wrexham AFC v West Bromwich Albion,2026-10-13T18:45:00Z,6,0.393653,0.280729,0.325477,0.398928,0.276505,0.324547,0.393708,0.280769,0.325523,0.398936,0.27651,0.324553,"{""Casumo"": [2.38, 3.35, 2.85], ""Grosvenor"": [2.35, 3.3, 2.85], ""LeoVegas"": [2.35, 3.3, 2.85], ""LiveScore Bet"": [2.32, 3.25, 2.8], ""Smarkets"": [2.26, 3.05, 2.74], ""Virgin Bet"": [2.33, 3.3, 2.8]}"
2026-10-09T06:16:33.795932+00:00,soccer_efl_champ-c12dc476d773ac521742384d8d8d1481-1x2,Championship,Birmingham City v Preston North End,2026-10-13T19:00:00Z,6,0.56872,0.240978,0.191514,0.590859,0.230425,0.1787,0.568032,0.240686,0.191282,0.590868,0.230429,0.178703,"{""Casumo"": [1.63, 3.9, 4.9], ""Grosvenor"": [1.62, 3.85, 4.9], ""LeoVegas"": [1.62, 3.9, 4.8], ""LiveScore Bet"": [1.61, 3.75, 4.75], ""Smarkets"": [1.57, 3.6, 4.5], ""Virgin Bet"": [1.62, 3.8, 4.8]}"
2026-10-09T06:16:33.795932+00:00,soccer_efl_champ-b7eaf1b7d03aaf459509c65197a1fa26-1x2,Championship,Stoke City v Middlesbrough,2026-10-13T19:00:00Z,6,0.260694,0.260694,0.478842,0.253407,0.253407,0.493186,0.260634,0.260634,0.478732,0.253407,0.253407,0.493186,"{""Casumo"": [3.6, 3.6, 1.93], ""Grosvenor"": [3.55, 3.55, 1.93], ""LeoVegas"": [3.5, 3.65, 1.92], ""LiveScore Bet"": [3.5, 3.5, 1.91], ""Smarkets"": [3.35, 3.35, 1.86], ""Virgin Bet"": [3.55, 3.5, 1.92]}"
2026-10-09T06:16:33.795932+00:00,soccer_efl_champ-35d7cc4a96b152b4a31b0b151cb70feb-1x2,Championship,Queens Park Rangers v Derby County,2026-10-14T18:45:00Z,6,0.521802,0.256889,0.221309,0.538805,0.249589,0.211771,0.521802,0.256889,0.221309,0.538716,0.249548,0.211736,"{""Casumo"": [1.78, 3.65, 4.25], ""Grosvenor"": [1.77, 3.6, 4.2], ""LeoVegas"": [1.83, 3.6, 3.9], ""LiveScore Bet"": [1.75, 3.55, 4.1], ""Smarkets"": [1.77, 3.35, 3.7], ""Virgin Bet"": [1.76, 3.6, 4.2]}"
2026-10-09T06:16:33.795932+00:00,soccer_efl_champ-a6a5201c913ad65608fee5eb63532c62-1x2,Championship,Norwich City v Southampton,2026-10-14T18:45:00Z,6,0.429607,0.252509,0.317813,0.437823,0.246426,0.315897,0.429638,0.252527,0.317835,0.437759,0.24639,0.315851,"{""Casumo"": [2.16, 3.7, 2.95], ""Grosvenor"": [2.15, 3.65, 2.9], ""LeoVegas"": [2.2, 3.7, 2.8], ""LiveScore Bet"": [2.12, 3.6, 2.88], ""Smarkets"": [2.12, 3.4, 2.7], ""Virgin Bet"": [2.14, 3.65, 2.9]}"
2026-10-09T06:16:33.795932+00:00,soccer_efl_champ-6e99ceb52a57b3410b81067110589458-1x2,Championship,Portsmouth v Sheffield United,2026-10-14T18:45:00Z,6,0.372319,0.284582,0.342548,0.375634,0.280608,0.34304,0.372524,0.284739,0.342737,0.375904,0.28081,0.343286,"{""Casumo"": [2.5, 3.25, 2.7], ""Grosvenor"": [2.48, 3.25, 2.7], ""LeoVegas"": [2.4, 3.4, 2.7], ""LiveScore Bet"": [2.45, 3.2, 2.65], ""Smarkets"": [2.3, 3.15, 2.6], ""Virgin Bet"": [2.48, 3.2, 2.7]}"
2026-10-09T06:16:33.795932+00:00,soccer_efl_champ-b6f4ecaf15915781326083408fba0e52-1x2,Championship,Lincoln City v West Ham United,2026-10-14T19:00:00Z,6,0.193914,0.232528,0.572645,0.181747,0.221767,0.595846,0.194092,0.23274,0.573168,0.181863,0.221909,0.596228,"{""Casumo"": [4.9, 4.0, 1.61], ""Grosvenor"": [4.8, 4.0, 1.61], ""LeoVegas"": [4.4, 4.1, 1.64], ""LiveScore Bet"": [4.7, 3.9, 1.6], ""Smarkets"": [4.2, 3.75, 1.58], ""Virgin Bet"": [4.75, 3.95, 1.6]}"
2026-10-09T06:16:33.795932+00:00,soccer_spl-2ea2ad084a23df9b8efc76bc9e5d7811-1x2,Scottish Premiership,Falkirk F.C. v Dundee FC,2026-10-10T14:00:00Z,20,0.461308,0.263239,0.273082,0.47074,0.259404,0.269208,0.462404,0.263865,0.273731,0.471045,0.259572,0.269383,"{""888sport"": [2.05, 3.3, 3.4], ""Bet Victor"": [1.95, 3.5, 3.4], ""Betano (UK)"": [1.95, 3.5, 3.4], ""Betfair"": [2.06, 3.7, 3.7], ""Betfred (UK)"": [2.05, 3.6, 3.4], ""Betway"": [2.0, 3.6, 3.4], ""BoyleSports"": [1.91, 3.4, 3.3], ""Casumo"": [2.0, 3.5, 3.3], ""Coral"": [2.05, 3.6, 3.5], ""Grosvenor"": [2.0, 3.5, 3.3], ""Ladbrokes"": [2.05, 3.5, 3.4], ""LeoVegas"": [2.08, 3.45, 3.4], ""LiveScore Bet"": [2.02, 3.55, 3.4], ""Matchbook"": [2.04, 3.65, 3.75], ""Paddy Power"": [2.1, 3.3, 3.5], ""Sky Bet"": [2.1, 3.2, 3.4], ""Smarkets"": [2.04, 3.7, 3.45], ""Unibet (UK)"": [2.05, 3.5, 3.4], ""Virgin Bet"": [2.02, 3.55, 3.4], ""William Hill"": [2.05, 3.3, 3.4]}"
2026-10-09T06:16:33.795932+00:00,soccer_spl-6e6ba2e883c5bda81a3f3c073e347e93-1x2,Scottish Premiership,Dundee United v Hibernian,2026-10-10T14:00:00Z,20,0.347879,0.262232,0.387026,0.348544,0.257306,0.391976,0.348878,0.262985,0.388137,0.349303,0.257867,0.39283,"{""888sport"": [2.75, 3.4, 2.38], ""Bet Victor"": [2.6, 3.5, 2.38], ""Betano (UK)"": [2.6, 3.5, 2.38], ""Betfair"": [2.86, 3.7, 2.44], ""Betfred (UK)"": [2.62, 3.75, 2.5], ""Betway"": [2.75, 3.5, 2.38], ""BoyleSports"": [2.5, 3.4, 2.3], ""Casumo"": [2.6, 3.5, 2.4], ""Coral"": [2.75, 3.6, 2.4], ""Grosvenor"": [2.6, 3.5, 2.4], ""Ladbrokes"": [2.75, 3.6, 2.37], ""LeoVegas"": [2.7, 3.6, 2.4], ""LiveScore Bet"": [2.63, 3.6, 2.43], ""Matchbook"": [2.86, 3.65, 2.44], ""Paddy Power"": [2.7, 3.4, 2.5], ""Sky Bet"": [2.63, 3.25, 2.45], ""Smarkets"": [2.82, 3.65, 2.34], ""Unibet (UK)"": [2.65, 3.6, 2.4], ""Virgin Bet"": [2.63, 3.6, 2.43], ""William Hill"": [2.75, 3.4, 2.38]}"
2026-10-09T06:16:33.795932+00:00,soccer_spl-53fe5171e2c7a834388133b06b571727-1x2,Scottish Premiership,Hearts v St Mirren,2026-10-10T14:00:00Z,20,0.648755,0.197614,0.152883,0.669544,0.185955,0.141531,0.649241,0.197762,0.152997,0.671538,0.186509,0.141952,"{""888sport"": [1.44, 4.4, 5.75], ""Bet Victor"": [1.4, 4.6, 6.5], ""Betano (UK)"": [1.4, 4.6, 6.5], ""Betfair"": [1.48, 4.9, 6.6], ""Betfred (UK)"": [1.44, 4.6, 6.5], ""Betway"": [1.45, 4.75, 6.0], ""BoyleSports"": [1.44, 4.5, 5.5], ""Casumo"": [1.4, 4.7, 6.25], ""Coral"": [1.48, 4.8, 6.0], ""Grosvenor"": [1.4, 4.7, 6.25], ""Ladbrokes"": [1.48, 4.8, 5.75], ""LeoVegas"": [1.45, 4.75, 6.0], ""LiveScore Bet"": [1.41, 4.8, 6.5], ""Matchbook"": [1.48, 4.9, 6.6], ""Paddy Power"": [1.44, 5.0, 5.5], ""Sky Bet"": [1.44, 5.0, 5.0], ""Smarkets"": [1.47, 4.8, 6.4], ""Unibet (UK)"": [1.45, 4.75, 6.0], ""Virgin Bet"": [1.41, 4.8, 6.5], ""William Hill"": [1.44, 4.4, 5.8]}"
2026-10-09T06:16:33.795932+00:00,soccer_spl-672b72aadaf61287e9a244945c61d0d8-1x2,Scottish Premiership,Rangers v Kilmarnock,2026-10-10T14:00:00Z,20,0.819392,0.116523,0.061471,0.854926,0.094877,0.046774,0.82154,0.116828,0.061632,0.857863,0.095203,0.046934,"{""888sport"": [1.17, 7.0, 15.0], ""Bet Victor"": [1.12, 7.5, 15.0], ""Betano (UK)"": [1.12, 7.5, 15.0], ""Betfair"": [1.17, 8.8, 18.5], ""Betfred (UK)"": [1.14, 8.5, 17.0], ""Betway"": [1.15, 8.5, 13.0], ""BoyleSports"": [1.15, 7.5, 13.0], ""Casumo"": [1.12, 8.0, 15.0], ""Coral"": [1.17, 8.0, 15.0], ""Grosvenor"": [1.12, 8.0, 15.0], ""Ladbrokes"": [1.15, 8.0, 15.0], ""LeoVegas"": [1.15, 8.0, 15.0], ""LiveScore Bet"": [1.13, 8.5, 16.0], ""Matchbook"": [1.17, 8.8, 18.5], ""Paddy Power"": [1.12, 8.5, 16.0], ""Sky Bet"": [1.13, 7.5, 13.0], ""Smarkets"": [1.17, 9.2, 19.49], ""Unibet (UK)"": [1.15, 7.5, 15.0], ""Virgin Bet"": [1.13, 8.5, 16.0], ""William Hill"": [1.17, 7.0, 15.0]}"
2026-10-09T06:16:33.795932+00:00,soccer_spl-1a9cae480abd2c5e487d431ee1c331fb-1x2,Scottish Premiership,Motherwell v Celtic,2026-10-11T11:00:00Z,20,0.193366,0.213837,0.591029,0.185297,0.204678,0.609327,0.193708,0.214216,0.592075,0.185427,0.204821,0.609753,"{""888sport"": [4.6, 4.0, 1.6], ""Bet Victor"": [4.8, 4.2, 1.55], ""Betano (UK)"": [4.8, 4.2, 1.55], ""Betfair"": [4.9, 4.7, 1.66], ""Betfred (UK)"": [5.0, 4.5, 1.6], ""Betway"": [4.33, 4.5, 1.61], ""BoyleSports"": [4.2, 4.33, 1.57], ""Casumo"": [4.9, 4.25, 1.54], ""Coral"": [5.0, 4.4, 1.6], ""Grosvenor"": [4.9, 4.25, 1.54], ""Ladbrokes"": [4.8, 4.33, 1.6], ""LeoVegas"": [4.7, 4.4, 1.58], ""LiveScore Bet"": [5.0, 4.35, 1.55], ""Matchbook"": [4.4, 4.5, 1.6], ""Paddy Power"": [5.0, 4.5, 1.5], ""Sky Bet"": [5.0, 4.33, 1.5], ""Smarkets"": [4.9, 4.7, 1.66], ""Unibet (UK)"": [4.75, 4.35, 1.6], ""Virgin Bet"": [5.0, 4.35, 1.55], ""William Hill"": [4.6, 4.0, 1.6]}"
2026-10-09T06:16:33.795932+00:00,soccer_spl-70ec22b3cd559dd3b8eda7df486a266c-1x2,Scottish Premiership,Aberdeen v St Johnstone,2026-10-11T13:00:00Z,19,0.430406,0.277165,0.291584,0.436912,0.27225,0.288437,0.43077,0.2774,0.29183,0.437964,0.272905,0.289131,"{""888sport"": [2.15, 3.2, 3.3], ""Bet Victor"": [2.15, 3.3, 3.12], ""Betano (UK)"": [2.15, 3.3, 3.12], ""Betfair"": [2.02, 3.4, 2.9], ""Betfred (UK)"": [2.2, 3.5, 3.2], ""Betway"": [2.15, 3.4, 3.2], ""BoyleSports"": [2.1, 3.3, 3.1], ""Casumo"": [2.08, 3.4, 3.2], ""Coral"": [2.2, 3.4, 3.25], ""Grosvenor"": [2.08, 3.4, 3.2], ""Ladbrokes"": [2.2, 3.3, 3.2], ""LeoVegas"": [2.2, 3.4, 3.15], ""LiveScore Bet"": [2.12, 3.45, 3.25], ""Paddy Power"": [2.2, 3.2, 3.3], ""Sky Bet"": [2.2, 3.1, 3.2], ""Smarkets"": [2.12, 3.25, 3.05], ""Unibet (UK)"": [2.2, 3.4, 3.2], ""Virgin Bet"": [2.12, 3.45, 3.25], ""William Hill"": [2.15, 3.2, 3.3]}"
2026-10-09T06:16:33.795932+00:00,soccer_netherlands_eredivisie-217aec5dbea235fb2716756cd089c458-1x2,Eredivisie,PSV Eindhoven v Heerenveen,2026-10-09T18:00:00Z,20,0.74955,0.139976,0.111364,0.781438,0.120486,0.094992,0.748883,0.139852,0.111265,0.783856,0.120859,0.095286,"{""888sport"": [1.25, 6.5, 7.5], ""Bet Victor"": [1.22, 7.0, 9.0], ""Betano (UK)"": [1.22, 7.0, 9.0], ""Betfair"": [1.29, 7.4, 10.0], ""Betfair Sportsbook"": [1.22, 6.5, 8.5], ""Betfred (UK)"": [1.22, 6.5, 8.5], ""Betway"": [1.25, 7.0, 7.5], ""BoyleSports"": [1.22, 6.5, 6.5], ""Casumo"": [1.25, 6.5, 8.5], ""Coral"": [1.28, 7.0, 8.5], ""Grosvenor"": [1.26, 6.75, 9.0], ""Ladbrokes"": [1.25, 7.0, 8.0], ""LiveScore Bet"": [1.23, 6.1, 8.0], ""Matchbook"": [1.29, 7.2, 9.8], ""Paddy Power"": [1.2, 6.5, 8.5], ""Sky Bet"": [1.22, 6.0, 7.5], ""Smarkets"": [1.29, 7.6, 10.0], ""Unibet (UK)"": [1.27, 6.5, 8.0], ""Virgin Bet"": [1.23, 6.1, 8.0], ""William Hill"": [1.25, 6.5, 7.5]}"
2026-10-09T06:16:33.795932+00:00,soccer_netherlands_eredivisie-883135d737b3dce356ccd04a9e6d2124-1x2,Eredivisie,Go Ahead Eagles v Sparta Rotterdam,2026-10-10T14:30:00Z,19,0.536535,0.232271,0.234493,0.555954,0.223819,0.22739,0.534771,0.231507,0.233722,0.552,0.222227,0.225772,"{""888sport"": [1.73, 4.0, 3.75], ""Bet Victor"": [1.73, 4.2, 4.0], ""Betano (UK)"": [1.73, 4.2, 4.0], ""Betfair"": [1.79, 4.2, 4.5], ""Betfair Sportsbook"": [1.73, 4.2, 3.9], ""Betfred (UK)"": [1.73, 4.0, 3.75], ""Betway"": [1.7, 4.0, 4.2], ""BoyleSports"": [1.62, 3.8, 3.8], ""Casumo"": [1.72, 3.85, 4.3], ""Coral"": [1.8, 4.0, 4.0], ""Grosvenor"": [1.74, 3.95, 4.4], ""Ladbrokes"": [1.8, 4.0, 3.9], ""LiveScore Bet"": [1.68, 3.7, 4.1], ""Paddy Power"": [1.7, 4.0, 3.8], ""Sky Bet"": [1.67, 3.9, 3.6], ""Smarkets"": [1.77, 4.0, 4.3], ""Unibet (UK)"": [1.78, 4.0, 4.0], ""Virgin Bet"": [1.68, 3.7, 4.1], ""William Hill"": [1.73, 4.0, 3.75]}"
2026-10-09T06:16:33.795932+00:00,soccer_netherlands_eredivisie-a8273db43fe2d76ba5342e37a10f9e93-1x2,Eredivisie,Feyenoord v AZ Alkmaar,2026-10-10T16:45:00Z,19,0.519014,0.235901,0.245327,0.536426,0.229161,0.238539,0.518888,0.235844,0.245268,0.534221,0.228219,0.237559,"{""888sport"": [1.75, 4.0, 3.5], ""Bet Victor"": [1.8, 4.1, 3.7], ""Betano (UK)"": [1.8, 4.1, 3.7], ""Betfair"": [1.88, 3.95, 4.1], ""Betfair Sportsbook"": [1.75, 4.2, 3.8], ""Betfred (UK)"": [1.8, 4.0, 3.6], ""Betway"": [1.8, 3.75, 4.0], ""BoyleSports"": [1.73, 3.75, 3.5], ""Casumo"": [1.78, 3.75, 4.1], ""Coral"": [1.83, 4.0, 3.9], ""Grosvenor"": [1.8, 3.8, 4.2], ""Ladbrokes"": [1.8, 4.0, 3.9], ""LiveScore Bet"": [1.74, 3.6, 3.95], ""Paddy Power"": [1.75, 4.0, 3.7], ""Sky Bet"": [1.73, 3.8, 3.5], ""Smarkets"": [1.86, 3.9, 4.0], ""Unibet (UK)"": [1.84, 3.9, 3.8], ""Virgin Bet"": [1.74, 3.6, 3.95], ""William Hill"": [1.75, 4.0, 3.5]}"
2026-10-09T06:16:33.795932+00:00,soccer_netherlands_eredivisie-f5f8b64c3c4062dfaf01b6d09e4e15c1-1x2,Eredivisie,Fortuna Sittard v FC Twente Enschede,2026-10-10T18:00:00Z,19,0.151744,0.188482,0.659386,0.138856,0.175781,0.685295,0.151803,0.188555,0.659642,0.138865,0.175793,0.685342,"{""888sport"": [6.0, 4.6, 1.4], ""Bet Victor"": [6.5, 5.0, 1.4], ""Betano (UK)"": [6.5, 5.0, 1.4], ""Betfair"": [6.2, 5.1, 1.48], ""Betfair Sportsbook"": [6.5, 5.0, 1.36], ""Betfred (UK)"": [6.5, 5.0, 1.36], ""Betway"": [6.0, 5.25, 1.4], ""BoyleSports"": [5.5, 4.75, 1.4], ""Casumo"": [6.1, 4.9, 1.42], ""Coral"": [6.0, 5.25, 1.44], ""Grosvenor"": [6.25, 5.1, 1.43], ""Ladbrokes"": [6.0, 5.0, 1.44], ""LiveScore Bet"": [5.8, 4.7, 1.4], ""Paddy Power"": [6.5, 5.0, 1.33], ""Sky Bet"": [6.0, 4.75, 1.33], ""Smarkets"": [6.4, 5.0, 1.45], ""Unibet (UK)"": [6.0, 5.0, 1.45], ""Virgin Bet"": [5.8, 4.7, 1.4], ""William Hill"": [6.0, 4.6, 1.4]}"
2026-10-09T06:16:33.795932+00:00,soccer_netherlands_eredivisie-5d3dff37b4525ccc6f8dd17248a05917-1x2,Eredivisie,Ajax v NEC Nijmegen,2026-10-10T19:00:00Z,19,0.719424,0.16244,0.117825,0.75262,0.14307,0.099801,0.719648,0.162491,0.117861,0.756029,0.143718,0.100253,"{""888sport"": [1.3, 5.0, 8.0], ""Bet Victor"": [1.29, 5.75, 8.5], ""Betano (UK)"": [1.29, 5.75, 8.5], ""Betfair"": [1.32, 6.0, 7.8], ""Betfair Sportsbook"": [1.25, 6.0, 8.5], ""Betfred (UK)"": [1.29, 5.5, 8.0], ""Betway"": [1.3, 6.0, 7.0], ""BoyleSports"": [1.29, 5.5, 6.5], ""Casumo"": [1.29, 5.8, 8.0], ""Coral"": [1.3, 6.0, 8.0], ""Grosvenor"": [1.3, 6.1, 8.5], ""Ladbrokes"": [1.3, 6.0, 8.0], ""LiveScore Bet"": [1.27, 5.6, 7.5], ""Paddy Power"": [1.25, 5.5, 8.0], ""Sky Bet"": [1.25, 5.5, 7.5], ""Smarkets"": [1.31, 6.0, 7.6], ""Unibet (UK)"": [1.3, 6.0, 7.5], ""Virgin Bet"": [1.27, 5.6, 7.5], ""William Hill"": [1.3, 5.0, 8.0]}"
2026-10-09T06:16:33.795932+00:00,soccer_netherlands_eredivisie-f3f0ca7293ea22fd29623c8d82b8ecfb-1x2,Eredivisie,FC Utrecht v Willem II,2026-10-11T10:15:00Z,19,0.628934,0.20335,0.167716,0.66002,0.188636,0.153397,0.628934,0.20335,0.167716,0.658668,0.188249,0.153083,"{""888sport"": [1.5, 4.2, 5.5], ""Bet Victor"": [1.5, 4.5, 5.5], ""Betano (UK)"": [1.5, 4.5, 5.5], ""Betfair"": [1.51, 4.9, 1.12], ""Betfair Sportsbook"": [1.44, 4.75, 5.5], ""Betfred (UK)"": [1.44, 4.5, 5.5], ""Betway"": [1.45, 4.75, 5.5], ""BoyleSports"": [1.44, 4.5, 5.0], ""Casumo"": [1.43, 4.6, 6.25], ""Coral"": [1.53, 4.6, 5.5], ""Grosvenor"": [1.44, 4.7, 6.4], ""Ladbrokes"": [1.53, 4.5, 5.5], ""LiveScore Bet"": [1.41, 4.4, 6.0], ""Paddy Power"": [1.4, 4.5, 5.5], ""Sky Bet"": [1.4, 4.33, 5.25], ""Smarkets"": [1.45, 4.3, 5.1], ""Unibet (UK)"": [1.5, 4.75, 5.5], ""Virgin Bet"": [1.41, 4.4, 6.0], ""William Hill"": [1.5, 4.2, 5.5]}"
2026-10-09T06:16:33.795932+00:00,soccer_netherlands_eredivisie-ac89f943c22fc8634ca573a77548615a-1x2,Eredivisie,SC Telstar v ADO Den Haag,2026-10-11T12:30:00Z,19,0.462617,0.252167,0.286176,0.476546,0.247753,0.281065,0.462174,0.251925,0.285901,0.474003,0.246431,0.279565,"{""888sport"": [2.0, 3.4, 3.3], ""Bet Victor"": [2.0, 3.8, 3.25], ""Betano (UK)"": [2.0, 3.8, 3.25], ""Betfair"": [2.06, 3.65, 3.35], ""Betfair Sportsbook"": [2.0, 3.9, 3.25], ""Betfred (UK)"": [1.95, 3.75, 3.2], ""Betway"": [2.0, 3.6, 3.3], ""BoyleSports"": [1.95, 3.6, 3.0], ""Casumo"": [1.97, 3.65, 3.4], ""Coral"": [2.05, 3.75, 3.3], ""Grosvenor"": [2.02, 3.7, 3.45], ""Ladbrokes"": [2.05, 3.75, 3.3], ""LiveScore Bet"": [1.95, 3.5, 3.3], ""Paddy Power"": [1.95, 3.8, 3.1], ""Sky Bet"": [1.91, 3.6, 3.0], ""Smarkets"": [2.04, 3.6, 3.3], ""Unibet (UK)"": [2.05, 3.75, 3.3], ""Virgin Bet"": [1.95, 3.5, 3.3], ""William Hill"": [2.0, 3.4, 3.3]}"
2026-10-09T06:16:33.795932+00:00,soccer_netherlands_eredivisie-77c21a6fdd5be6d774addfacd8964d49-1x2,Eredivisie,FC Zwolle v SC Cambuur,2026-10-11T12:30:00Z,19,0.485726,0.242411,0.27383,0.499221,0.235826,0.267107,0.484772,0.241935,0.273292,0.498148,0.235319,0.266533,"{""888sport"": [1.91, 3.75, 3.3], ""Bet Victor"": [1.91, 3.9, 3.5], ""Betano (UK)"": [1.91, 3.9, 3.5], ""Betfair"": [1.98, 4.0, 3.5], ""Betfair Sportsbook"": [1.91, 3.9, 3.4], ""Betfred (UK)"": [1.91, 3.75, 3.3], ""Betway"": [1.88, 4.0, 3.4], ""BoyleSports"": [1.83, 3.8, 3.2], ""Casumo"": [1.93, 3.8, 3.45], ""Coral"": [1.91, 3.9, 3.6], ""Grosvenor"": [1.94, 3.9, 3.5], ""Ladbrokes"": [1.91, 3.9, 3.5], ""LiveScore Bet"": [1.89, 3.65, 3.3], ""Paddy Power"": [1.87, 3.8, 3.3], ""Sky Bet"": [1.85, 3.6, 3.25], ""Smarkets"": [1.91, 3.95, 3.45], ""Unibet (UK)"": [2.0, 3.8, 3.4], ""Virgin Bet"": [1.89, 3.65, 3.3], ""William Hill"": [1.91, 3.75, 3.3]}"
2026-10-09T06:16:33.795932+00:00,soccer_netherlands_eredivisie-d1d3c9da05a1c64da18dd5e5ee3e820e-1x2,Eredivisie,Excelsior v Groningen,2026-10-11T14:45:00Z,19,0.37037,0.257732,0.373737,0.37221,0.252589,0.376198,0.36969,0.257259,0.373051,0.371839,0.252338,0.375824,"{""888sport"": [2.5, 3.4, 2.5], ""Bet Victor"": [2.5, 3.7, 2.5], ""Betano (UK)"": [2.5, 3.7, 2.5], ""Betfair"": [2.62, 3.65, 1.12], ""Betfair Sportsbook"": [2.55, 3.75, 2.5], ""Betfred (UK)"": [2.5, 3.6, 2.4], ""Betway"": [2.5, 3.6, 2.5], ""BoyleSports"": [2.38, 3.6, 2.38], ""Casumo"": [2.45, 3.4, 2.65], ""Coral"": [2.6, 3.7, 2.5], ""Grosvenor"": [2.5, 3.5, 2.7], ""Ladbrokes"": [2.5, 3.6, 2.5], ""LiveScore Bet"": [2.4, 3.3, 2.6], ""Paddy Power"": [2.5, 3.6, 2.4], ""Sky Bet"": [2.45, 3.5, 2.38], ""Smarkets"": [2.58, 3.45, 2.44], ""Unibet (UK)"": [2.55, 3.6, 2.55], ""Virgin Bet"": [2.4, 3.3, 2.6], ""William Hill"": [2.5, 3.4, 2.5]}"
2026-10-09T06:16:33.795932+00:00,soccer_netherlands_eredivisie-629893a6ea12183c2474ac48c4fbe2ee-1x2,Eredivisie,Heerenveen v Excelsior,2026-10-16T18:00:00Z,12,0.527898,0.229746,0.239481,0.545298,0.219546,0.225725,0.52942,0.230409,0.240171,0.55049,0.221636,0.227874,"{""888sport"": [1.75, 3.8, 3.9], ""Betfred (UK)"": [1.7, 4.0, 4.0], ""BoyleSports"": [1.67, 4.0, 3.6], ""Casumo"": [1.77, 4.1, 3.8], ""Grosvenor"": [1.79, 4.2, 3.85], ""LiveScore Bet"": [1.74, 3.95, 3.65], ""Paddy Power"": [1.65, 4.2, 4.0], ""Sky Bet"": [1.62, 3.8, 3.6], ""Smarkets"": [1.65, 3.6, 3.6], ""Unibet (UK)"": [1.75, 4.0, 4.0], ""Virgin Bet"": [1.74, 3.95, 3.65], ""William Hill"": [1.75, 3.8, 3.9]}"
2026-10-09T06:16:33.795932+00:00,soccer_netherlands_eredivisie-81b7e4b9208cf3cf7214c9900540d0ff-1x2,Eredivisie,ADO Den Haag v PSV Eindhoven,2026-10-17T14:30:00Z,12,0.103093,0.148057,0.749839,0.076618,0.119824,0.798436,0.102991,0.147911,0.749098,0.077012,0.120441,0.802547,"{""888sport"": [9.0, 6.0, 1.25], ""Betfred (UK)"": [9.5, 6.0, 1.22], ""BoyleSports"": [7.5, 6.0, 1.22], ""Casumo"": [10.5, 7.0, 1.21], ""Grosvenor"": [11.0, 7.0, 1.22], ""LiveScore Bet"": [9.5, 6.5, 1.19], ""Paddy Power"": [8.5, 6.0, 1.18], ""Sky Bet"": [7.0, 5.5, 1.2], ""Smarkets"": [7.4, 5.2, 1.19], ""Unibet (UK)"": [9.0, 6.5, 1.25], ""Virgin Bet"": [9.5, 6.5, 1.19], ""William Hill"": [9.0, 6.0, 1.25]}"
2026-10-09T06:16:33.795932+00:00,soccer_netherlands_eredivisie-d9b03d772e9b039441049be8b83290e6-1x2,Eredivisie,SC Telstar v Feyenoord,2026-10-17T18:00:00Z,12,0.13614,0.17576,0.69385,0.113866,0.156961,0.74078,0.135361,0.174755,0.689883,0.11256,0.15516,0.732281,"{""888sport"": [7.5, 5.0, 1.3], ""Betfred (UK)"": [7.5, 5.5, 1.3], ""BoyleSports"": [6.5, 5.5, 1.3], ""Casumo"": [6.75, 5.25, 1.36], ""Grosvenor"": [7.0, 5.4, 1.36], ""LiveScore Bet"": [6.5, 5.0, 1.34], ""Paddy Power"": [7.5, 5.5, 1.25], ""Sky Bet"": [6.25, 5.0, 1.25], ""Smarkets"": [5.9, 4.7, 1.27], ""Unibet (UK)"": [7.0, 5.5, 1.34], ""Virgin Bet"": [6.5, 5.0, 1.34], ""William Hill"": [7.5, 5.0, 1.3]}"
2026-10-09T06:16:33.795932+00:00,soccer_netherlands_eredivisie-fc96145ee5d186e331503870bfef8020-1x2,Eredivisie,Sparta Rotterdam v Willem II,2026-10-17T19:00:00Z,12,0.604313,0.21318,0.181924,0.635964,0.198207,0.164184,0.604665,0.213305,0.18203,0.637012,0.198533,0.164455,"{""888sport"": [1.53, 4.0, 5.0], ""Betfred (UK)"": [1.53, 4.33, 5.0], ""BoyleSports"": [1.5, 4.33, 4.75], ""Casumo"": [1.51, 4.4, 5.4], ""Grosvenor"": [1.53, 4.5, 5.5], ""LiveScore Bet"": [1.49, 4.25, 5.1], ""Paddy Power"": [1.44, 4.33, 5.0], ""Sky Bet"": [1.44, 3.9, 4.6], ""Smarkets"": [1.46, 3.95, 4.4], ""Unibet (UK)"": [1.54, 4.5, 5.0], ""Virgin Bet"": [1.49, 4.25, 5.1], ""William Hill"": [1.55, 4.0, 5.0]}"
2026-10-09T06:16:33.795932+00:00,soccer_netherlands_eredivisie-4568ee08a32d34347100042cc7868839-1x2,Eredivisie,FC Zwolle v Go Ahead Eagles,2026-10-18T10:15:00Z,12,0.338983,0.240853,0.417943,0.338905,0.232288,0.426644,0.339738,0.241389,0.418873,0.33964,0.232791,0.427569,"{""888sport"": [2.7, 3.6, 2.25], ""Betfred (UK)"": [2.62, 4.0, 2.2], ""BoyleSports"": [2.5, 3.8, 2.1], ""Casumo"": [3.0, 3.9, 2.07], ""Grosvenor"": [3.05, 4.0, 2.1], ""LiveScore Bet"": [2.9, 3.75, 2.02], ""Paddy Power"": [2.6, 3.8, 2.15], ""Sky Bet"": [2.5, 3.6, 2.1], ""Smarkets"": [2.54, 3.45, 2.08], ""Unibet (UK)"": [2.75, 3.8, 2.25], ""Virgin Bet"": [2.9, 3.75, 2.02], ""William Hill"": [2.7, 3.6, 2.25]}"
2026-10-09T06:16:33.795932+00:00,soccer_netherlands_eredivisie-a46c19cc6ee20067da4e68356f247bfb-1x2,Eredivisie,SC Cambuur v AZ Alkmaar,2026-10-18T12:30:00Z,12,0.13099,0.17988,0.6834,0.112867,0.154114,0.730142,0.131745,0.180916,0.687339,0.113193,0.154559,0.732249,"{""888sport"": [7.0, 4.8, 1.36], ""Betfred (UK)"": [7.0, 5.0, 1.33], ""BoyleSports"": [6.5, 5.0, 1.33], ""Casumo"": [8.0, 5.6, 1.3], ""Grosvenor"": [8.5, 5.8, 1.3], ""LiveScore Bet"": [7.5, 5.4, 1.28], ""Paddy Power"": [7.0, 5.0, 1.29], ""Sky Bet"": [6.0, 4.75, 1.29], ""Smarkets"": [5.7, 4.6, 1.3], ""Unibet (UK)"": [6.5, 5.25, 1.37], ""Virgin Bet"": [7.5, 5.4, 1.28], ""William Hill"": [7.0, 4.8, 1.36]}"
2026-10-09T06:16:33.795932+00:00,soccer_netherlands_eredivisie-1c871e0acb43e1baa366e05f9e8271c4-1x2,Eredivisie,Groningen v Ajax,2026-10-18T14:45:00Z,12,0.236351,0.226705,0.538364,0.220025,0.217496,0.563857,0.236016,0.226384,0.5376,0.219722,0.217197,0.563081,"{""888sport"": [4.0, 4.0, 1.7], ""Betfred (UK)"": [4.0, 4.2, 1.67], ""BoyleSports"": [3.75, 4.2, 1.62], ""Casumo"": [3.6, 4.1, 1.82], ""Grosvenor"": [3.65, 4.2, 1.83], ""LiveScore Bet"": [3.45, 3.9, 1.78], ""Paddy Power"": [4.0, 4.2, 1.62], ""Sky Bet"": [3.6, 3.8, 1.6], ""Smarkets"": [3.65, 3.75, 1.6], ""Unibet (UK)"": [4.2, 4.2, 1.7], ""Virgin Bet"": [3.45, 3.9, 1.78], ""William Hill"": [4.0, 4.0, 1.7]}"
2026-10-09T06:16:33.795932+00:00,soccer_netherlands_eredivisie-f5f058db1f3692fe9aff846162be3065-1x2,Eredivisie,FC Twente Enschede v FC Utrecht,2026-10-18T18:00:00Z,12,0.693665,0.177776,0.133763,0.744506,0.152669,0.105777,0.690074,0.176856,0.13307,0.742315,0.15222,0.105465,"{""888sport"": [1.3, 5.0, 7.5], ""Betfred (UK)"": [1.29, 5.5, 7.5], ""BoyleSports"": [1.29, 5.5, 7.0], ""Casumo"": [1.4, 5.0, 6.4], ""Grosvenor"": [1.41, 5.2, 6.75], ""LiveScore Bet"": [1.37, 4.8, 6.1], ""Paddy Power"": [1.25, 5.5, 7.5], ""Sky Bet"": [1.25, 5.0, 6.25], ""Smarkets"": [1.24, 4.9, 6.2], ""Unibet (UK)"": [1.3, 5.75, 7.5], ""Virgin Bet"": [1.37, 4.8, 6.1], ""William Hill"": [1.3, 5.0, 7.5]}"
2026-10-09T06:16:33.795932+00:00,soccer_netherlands_eredivisie-49d62e8cae430b679acc50c2e26f391e-1x2,Eredivisie,NEC Nijmegen v Fortuna Sittard,2026-10-18T18:00:00Z,12,0.635131,0.198466,0.172408,0.682653,0.177462,0.147876,0.63134,0.197281,0.171379,0.677241,0.176055,0.146704,"{""888sport"": [1.4, 4.5, 6.0], ""Betfred (UK)"": [1.4, 5.0, 5.5], ""BoyleSports"": [1.4, 4.75, 5.0], ""Casumo"": [1.51, 4.5, 5.3], ""Grosvenor"": [1.51, 4.6, 5.4], ""LiveScore Bet"": [1.48, 4.35, 5.0], ""Paddy Power"": [1.36, 5.0, 5.5], ""Sky Bet"": [1.36, 4.5, 5.0], ""Smarkets"": [1.36, 4.4, 5.0], ""Unibet (UK)"": [1.42, 5.0, 5.75], ""Virgin Bet"": [1.48, 4.35, 5.0], ""William Hill"": [1.4, 4.5, 6.0]}"
2026-10-09T06:16:33.795932+00:00,soccer_germany_bundesliga-3fb63658405d468954f57745cd115118-1x2,Bundesliga,Borussia Dortmund v Werder Bremen,2026-10-09T18:30:00Z,21,0.721169,0.164271,0.116538,0.750244,0.147219,0.102274,0.719745,0.163947,0.116308,0.750441,0.147258,0.102301,"{""888sport"": [1.3, 5.0, 7.5], ""Bet Victor"": [1.25, 5.5, 8.0], ""Betano (UK)"": [1.25, 5.5, 8.0], ""Betfair"": [1.36, 6.0, 9.6], ""Betfair Sportsbook"": [1.3, 5.5, 9.0], ""Betfred (UK)"": [1.29, 6.0, 9.5], ""Betway"": [1.3, 5.75, 8.0], ""BoyleSports"": [1.29, 5.5, 7.5], ""Casumo"": [1.29, 5.8, 8.0], ""Coral"": [1.3, 6.0, 8.0], ""Grosvenor"": [1.25, 6.0, 9.0], ""Ladbrokes"": [1.3, 5.75, 8.0], ""LeoVegas"": [1.3, 5.6, 7.5], ""LiveScore Bet"": [1.29, 5.6, 7.5], ""Matchbook"": [1.36, 6.0, 9.6], ""Paddy Power"": [1.3, 5.5, 8.5], ""Sky Bet"": [1.3, 5.5, 8.5], ""Smarkets"": [1.36, 6.0, 9.6], ""Unibet (UK)"": [1.3, 5.75, 8.0], ""Virgin Bet"": [1.3, 5.8, 8.0], ""William Hill"": [1.3, 5.0, 7.5]}"
2026-10-09T06:16:33.795932+00:00,soccer_germany_bundesliga-3b71160ad20dba786c4f92e33c987d80-1x2,Bundesliga,Augsburg v Bayern Munich,2026-10-10T13:30:00Z,21,0.084827,0.116756,0.796409,0.067186,0.096697,0.831344,0.084998,0.116991,0.798011,0.067508,0.097161,0.835331,"{""888sport"": [11.0, 8.0, 1.17], ""Bet Victor"": [11.0, 7.5, 1.14], ""Betano (UK)"": [11.0, 7.5, 1.14], ""Betfair"": [13.5, 9.8, 1.21], ""Betfair Sportsbook"": [13.0, 8.5, 1.17], ""Betfred (UK)"": [12.0, 8.0, 1.18], ""Betway"": [10.0, 9.0, 1.18], ""BoyleSports"": [9.0, 8.0, 1.15], ""Casumo"": [11.0, 7.5, 1.19], ""Coral"": [9.5, 8.5, 1.2], ""Grosvenor"": [11.5, 7.5, 1.19], ""Ladbrokes"": [9.5, 8.5, 1.2], ""LeoVegas"": [10.0, 8.0, 1.18], ""LiveScore Bet"": [10.5, 6.75, 1.17], ""Matchbook"": [13.5, 9.8, 1.21], ""Paddy Power"": [13.0, 8.5, 1.14], ""Sky Bet"": [12.0, 8.0, 1.17], ""Smarkets"": [13.5, 9.8, 1.21], ""Unibet (UK)"": [11.0, 8.0, 1.19], ""Virgin Bet"": [11.0, 7.5, 1.18], ""William Hill"": [11.0, 8.0, 1.17]}"
2026-10-09T06:16:33.795932+00:00,soccer_germany_bundesliga-418f8c26d46eaabd829f2e265673b855-1x2,Bundesliga,FSV Mainz 05 v Bayer Leverkusen,2026-10-10T13:30:00Z,21,0.324675,0.242424,0.432173,0.322889,0.237287,0.437603,0.324912,0.242601,0.432488,0.323608,0.237815,0.438577,"{""888sport"": [2.88, 3.6, 2.2], ""Bet Victor"": [2.8, 3.75, 2.1], ""Betano (UK)"": [2.8, 3.75, 2.1], ""Betfair"": [3.1, 4.2, 2.26], ""Betfair Sportsbook"": [3.0, 3.9, 2.2], ""Betfred (UK)"": [2.88, 4.0, 2.2], ""Betway"": [2.9, 3.8, 2.15], ""BoyleSports"": [2.7, 3.8, 2.0], ""Casumo"": [2.85, 3.85, 2.17], ""Coral"": [2.87, 3.9, 2.2], ""Grosvenor"": [2.88, 3.95, 2.2], ""Ladbrokes"": [2.87, 3.8, 2.2], ""LeoVegas"": [2.8, 3.7, 2.2], ""LiveScore Bet"": [2.75, 3.75, 2.12], ""Matchbook"": [3.1, 4.2, 2.26], ""Paddy Power"": [2.9, 3.8, 2.15], ""Sky Bet"": [2.9, 3.8, 2.15], ""Smarkets"": [3.1, 4.1, 2.26], ""Unibet (UK)"": [2.9, 3.75, 2.2], ""Virgin Bet"": [2.8, 3.8, 2.16], ""William Hill"": [2.88, 3.6, 2.2]}"
2026-10-09T06:16:33.795932+00:00,soccer_germany_bundesliga-2fd48be0a24ed906187067d4170bf010-1x2,Bundesliga,Union Berlin v Elversberg,2026-10-10T13:30:00Z,21,0.410718,0.252689,0.335426,0.413368,0.247726,0.335303,0.411198,0.252984,0.335818,0.414863,0.248622,0.336515,"{""888sport"": [2.25, 3.6, 2.7], ""Bet Victor"": [2.2, 3.6, 2.7], ""Betano (UK)"": [2.2, 3.6, 2.7], ""Betfair"": [2.42, 3.9, 2.96], ""Betfair Sportsbook"": [2.3, 3.75, 2.8], ""Betfred (UK)"": [2.25, 3.8, 2.8], ""Betway"": [2.3, 3.75, 2.75], ""BoyleSports"": [2.2, 3.6, 2.5], ""Casumo"": [2.23, 3.7, 2.85], ""Coral"": [2.25, 3.8, 2.8], ""Grosvenor"": [2.25, 3.75, 2.88], ""Ladbrokes"": [2.25, 3.8, 2.8], ""LeoVegas"": [2.35, 3.6, 2.7], ""LiveScore Bet"": [2.17, 3.6, 2.75], ""Matchbook"": [2.42, 3.9, 2.96], ""Paddy Power"": [2.3, 3.6, 2.8], ""Sky Bet"": [2.3, 3.6, 2.75], ""Smarkets"": [2.4, 3.9, 2.96], ""Unibet (UK)"": [2.35, 3.7, 2.75], ""Virgin Bet"": [2.23, 3.65, 2.85], ""William Hill"": [2.25, 3.6, 2.7]}"
2026-10-09T06:16:33.795932+00:00,soccer_germany_bundesliga-f03c08c0ae5fd66c2d2df2053115bb94-1x2,Bundesliga,TSG Hoffenheim v Hamburger SV,2026-10-10T13:30:00Z,21,0.663547,0.187451,0.146759,0.690576,0.174113,0.133451,0.665039,0.187872,0.147089,0.691863,0.174437,0.1337,"{""888sport"": [1.4, 4.75, 6.0], ""Bet Victor"": [1.36, 4.75, 6.5], ""Betano (UK)"": [1.36, 4.75, 6.5], ""Betfair"": [1.46, 5.4, 7.4], ""Betfair Sportsbook"": [1.4, 5.0, 7.0], ""Betfred (UK)"": [1.44, 5.0, 6.5], ""Betway"": [1.43, 4.75, 6.5], ""BoyleSports"": [1.36, 4.75, 6.0], ""Casumo"": [1.4, 5.0, 6.25], ""Coral"": [1.44, 5.25, 6.0], ""Grosvenor"": [1.41, 5.1, 6.5], ""Ladbrokes"": [1.44, 5.25, 6.0], ""LeoVegas"": [1.4, 5.0, 6.0], ""LiveScore Bet"": [1.38, 4.75, 5.8], ""Matchbook"": [1.46, 5.4, 7.4], ""Paddy Power"": [1.4, 5.0, 6.5], ""Sky Bet"": [1.4, 4.8, 6.5], ""Smarkets"": [1.46, 5.4, 7.4], ""Unibet (UK)"": [1.42, 5.25, 6.0], ""Virgin Bet"": [1.38, 4.9, 6.25], ""William Hill"": [1.4, 4.75, 6.0]}"
2026-10-09T06:16:33.795932+00:00,soccer_germany_bundesliga-9aade3e736c3d113dab19e641c43e272-1x2,Bundesliga,SC Paderborn v VfB Stuttgart,2026-10-10T13:30:00Z,21,0.197328,0.207744,0.591648,0.187838,0.19975,0.610479,0.197977,0.208428,0.593595,0.188202,0.200137,0.611662,"{""888sport"": [4.6, 4.33, 1.57], ""Bet Victor"": [4.6, 4.33, 1.53], ""Betano (UK)"": [4.6, 4.33, 1.53], ""Betfair"": [5.3, 4.9, 1.64], ""Betfair Sportsbook"": [5.0, 4.6, 1.6], ""Betfred (UK)"": [4.6, 4.6, 1.6], ""Betway"": [4.5, 4.5, 1.57], ""BoyleSports"": [4.33, 4.33, 1.5], ""Casumo"": [4.75, 4.35, 1.57], ""Coral"": [4.5, 4.6, 1.61], ""Grosvenor"": [4.9, 4.5, 1.6], ""Ladbrokes"": [4.5, 4.5, 1.61], ""LeoVegas"": [4.6, 4.5, 1.57], ""LiveScore Bet"": [4.5, 4.2, 1.56], ""Matchbook"": [5.3, 4.9, 1.64], ""Paddy Power"": [4.75, 4.5, 1.57], ""Sky Bet"": [4.75, 4.5, 1.57], ""Smarkets"": [5.3, 4.9, 1.64], ""Unibet (UK)"": [4.75, 4.6, 1.6], ""Virgin Bet"": [4.7, 4.3, 1.58], ""William Hill"": [4.6, 4.33, 1.57]}"
2026-10-09T06:16:33.795932+00:00,soccer_germany_bundesliga-01cb7a67c8ae71201ec27297455fc0e8-1x2,Bundesliga,RB Leipzig v Eintracht Frankfurt,2026-10-10T16:30:00Z,21,0.607533,0.197575,0.193023,0.629227,0.187644,0.18468,0.608671,0.197945,0.193384,0.628253,0.187354,0.184394,"{""888sport"": [1.53, 4.6, 4.8], ""Bet Victor"": [1.5, 4.5, 4.75], ""Betano (UK)"": [1.5, 4.5, 4.75], ""Betfair"": [1.61, 5.0, 5.2], ""Betfair Sportsbook"": [1.57, 4.75, 5.0], ""Betfred (UK)"": [1.53, 5.0, 4.5], ""Betway"": [1.55, 4.75, 4.75], ""BoyleSports"": [1.5, 4.75, 4.0], ""Casumo"": [1.5, 4.7, 5.1], ""Coral"": [1.57, 4.8, 4.8], ""Grosvenor"": [1.51, 4.8, 5.2], ""Ladbrokes"": [1.55, 4.8, 4.8], ""LeoVegas"": [1.53, 4.7, 4.75], ""LiveScore Bet"": [1.48, 4.5, 4.8], ""Matchbook"": [1.61, 5.1, 5.3], ""Paddy Power"": [1.53, 4.75, 4.75], ""Sky Bet"": [1.55, 4.6, 4.75], ""Smarkets"": [1.61, 5.1, 5.2], ""Unibet (UK)"": [1.55, 4.75, 4.75], ""Virgin Bet"": [1.5, 4.6, 5.0], ""William Hill"": [1.53, 4.6, 4.8]}"
2026-10-09T06:16:33.795932+00:00,soccer_germany_bundesliga-a8801462cb97a43570956e4b3ef4aedf-1x2,Bundesliga,1. FC Köln v Borussia Monchengladbach,2026-10-11T13:30:00Z,21,0.467158,0.240964,0.292705,0.476577,0.233193,0.290815,0.466772,0.240765,0.292463,0.476299,0.233057,0.290645,"{""888sport"": [2.0, 3.8, 3.1], ""Bet Victor"": [1.95, 3.75, 3.1], ""Betano (UK)"": [1.95, 3.75, 3.1], ""Betfair"": [2.12, 4.1, 3.4], ""Betfair Sportsbook"": [2.0, 4.0, 3.3], ""Betfred (UK)"": [2.0, 4.0, 3.3], ""Betway"": [2.05, 4.0, 3.0], ""BoyleSports"": [1.95, 3.8, 2.88], ""Casumo"": [2.0, 3.95, 3.15], ""Coral"": [1.95, 3.9, 3.4], ""Grosvenor"": [2.02, 4.0, 3.2], ""Ladbrokes"": [1.95, 3.9, 3.4], ""LeoVegas"": [2.05, 3.75, 3.1], ""LiveScore Bet"": [1.95, 3.8, 3.05], ""Matchbook"": [2.12, 4.1, 3.4], ""Paddy Power"": [1.95, 4.0, 3.25], ""Sky Bet"": [2.0, 3.9, 3.25], ""Smarkets"": [2.1, 4.1, 3.4], ""Unibet (UK)"": [2.08, 3.8, 3.2], ""Virgin Bet"": [1.97, 3.9, 3.15], ""William Hill"": [2.0, 3.8, 3.1]}"
2026-10-09T06:16:33.795932+00:00,soccer_germany_bundesliga-eaf509fb37413b7d055cd394667792b3-1x2,Bundesliga,SC Freiburg v FC Schalke 04,2026-10-11T15:30:00Z,21,0.570806,0.234239,0.197076,0.591384,0.226047,0.184429,0.569598,0.233744,0.196658,0.590286,0.225627,0.184086,"{""888sport"": [1.61, 3.8, 4.8], ""Bet Victor"": [1.6, 3.9, 4.6], ""Betano (UK)"": [1.6, 3.9, 4.6], ""Betfair"": [1.68, 4.2, 5.6], ""Betfair Sportsbook"": [1.62, 4.0, 5.0], ""Betfred (UK)"": [1.67, 4.2, 4.6], ""Betway"": [1.61, 3.8, 5.0], ""BoyleSports"": [1.6, 3.75, 4.5], ""Casumo"": [1.62, 4.2, 4.7], ""Coral"": [1.65, 4.2, 4.8], ""Grosvenor"": [1.63, 4.25, 4.8], ""Ladbrokes"": [1.65, 4.0, 4.8], ""LeoVegas"": [1.64, 4.0, 4.6], ""LiveScore Bet"": [1.6, 4.0, 4.5], ""Matchbook"": [1.68, 4.2, 5.6], ""Paddy Power"": [1.6, 4.0, 5.0], ""Sky Bet"": [1.6, 3.9, 5.0], ""Smarkets"": [1.68, 4.2, 5.6], ""Unibet (UK)"": [1.65, 4.0, 4.75], ""Virgin Bet"": [1.63, 4.1, 4.6], ""William Hill"": [1.62, 3.8, 4.8]}"
2026-10-09T06:16:33.795932+00:00,soccer_germany_bundesliga-947bd5d924835af090d9cdc7bbdf10f6-1x2,Bundesliga,Eintracht Frankfurt v 1. FC Köln,2026-10-16T18:30:00Z,19,0.493134,0.233391,0.278273,0.50704,0.226737,0.273626,0.490779,0.232276,0.276945,0.503314,0.225071,0.271615,"{""888sport"": [1.91, 3.9, 3.3], ""Bet Victor"": [1.87, 3.9, 3.25], ""Betano (UK)"": [1.87, 3.9, 3.25], ""Betfair"": [1.92, 4.4, 3.45], ""Betfred (UK)"": [1.9, 4.2, 3.5], ""Betway"": [1.88, 4.0, 3.3], ""BoyleSports"": [1.75, 3.8, 3.2], ""Casumo"": [1.87, 3.95, 3.5], ""Coral"": [1.95, 4.0, 3.4], ""Grosvenor"": [1.88, 4.0, 3.55], ""Ladbrokes"": [1.95, 4.0, 3.3], ""LeoVegas"": [1.92, 3.85, 3.2], ""LiveScore Bet"": [1.83, 3.8, 3.35], ""Paddy Power"": [1.83, 4.0, 3.4], ""Sky Bet"": [1.85, 4.0, 3.4], ""Smarkets"": [1.9, 4.2, 3.4], ""Unibet (UK)"": [1.93, 4.0, 3.3], ""Virgin Bet"": [1.86, 3.9, 3.45], ""William Hill"": [1.91, 3.9, 3.3]}"
2026-10-09T06:16:33.795932+00:00,soccer_germany_bundesliga-0bf757f3bd903496ce2fa27bd0481869-1x2,Bundesliga,Elversberg v Augsburg,2026-10-17T13:30:00Z,17,0.38785,0.246316,0.363636,0.391928,0.239383,0.364951,0.388704,0.246858,0.364437,0.393399,0.240281,0.366321,"{""888sport"": [2.4, 3.6, 2.6], ""Betfair"": [2.5, 3.8, 2.64], ""Betfred (UK)"": [2.4, 4.0, 2.6], ""Betway"": [2.4, 3.6, 2.5], ""BoyleSports"": [2.25, 3.6, 2.4], ""Casumo"": [2.3, 3.8, 2.65], ""Coral"": [2.4, 3.9, 2.6], ""Grosvenor"": [2.32, 3.9, 2.7], ""Ladbrokes"": [2.4, 3.9, 2.6], ""LeoVegas"": [2.4, 3.7, 2.5], ""LiveScore Bet"": [2.23, 3.65, 2.6], ""Paddy Power"": [2.38, 3.8, 2.5], ""Sky Bet"": [2.4, 3.8, 2.5], ""Smarkets"": [2.4, 3.35, 2.56], ""Unibet (UK)"": [2.45, 3.75, 2.55], ""Virgin Bet"": [2.28, 3.75, 2.65], ""William Hill"": [2.4, 3.6, 2.6]}"
2026-10-09T06:16:33.795932+00:00,soccer_germany_bundesliga-d8eac776adb07b0e7f01d8736d097291-1x2,Bundesliga,Union Berlin v Borussia Dortmund,2026-10-17T13:30:00Z,16,0.202897,0.221404,0.576235,0.19473,0.209487,0.593948,0.202788,0.221285,0.575926,0.195088,0.209872,0.59504,"{""888sport"": [4.33, 4.0, 1.67], ""Betfair"": [5.0, 4.6, 1.65], ""Betway"": [4.33, 4.2, 1.61], ""BoyleSports"": [4.0, 4.0, 1.62], ""Casumo"": [5.1, 4.3, 1.56], ""Coral"": [4.5, 4.2, 1.67], ""Grosvenor"": [5.2, 4.4, 1.56], ""Ladbrokes"": [4.5, 4.2, 1.67], ""LeoVegas"": [4.4, 4.1, 1.62], ""LiveScore Bet"": [4.8, 4.1, 1.53], ""Paddy Power"": [4.75, 4.2, 1.57], ""Sky Bet"": [4.75, 4.33, 1.6], ""Smarkets"": [4.9, 4.3, 1.64], ""Unibet (UK)"": [4.5, 4.2, 1.65], ""Virgin Bet"": [5.0, 4.25, 1.55], ""William Hill"": [4.33, 4.0, 1.67]}"
2026-10-09T06:16:33.795932+00:00,soccer_germany_bundesliga-606d65d57a9a6d8f9b53faee1ad10009-1x2,Bundesliga,FC Schalke 04 v FSV Mainz 05,2026-10-17T13:30:00Z,17,0.330742,0.259854,0.410718,0.33021,0.255146,0.413857,0.330308,0.259513,0.410179,0.33047,0.255347,0.414183,"{""888sport"": [2.8, 3.4, 2.3], ""Betfair"": [2.92, 3.7, 2.34], ""Betfred (UK)"": [2.8, 3.75, 2.3], ""Betway"": [2.75, 3.5, 2.3], ""BoyleSports"": [2.6, 3.4, 2.25], ""Casumo"": [2.88, 3.6, 2.25], ""Coral"": [2.87, 3.7, 2.3], ""Grosvenor"": [2.9, 3.65, 2.28], ""Ladbrokes"": [2.8, 3.6, 2.3], ""LeoVegas"": [2.75, 3.5, 2.25], ""LiveScore Bet"": [2.8, 3.45, 2.18], ""Paddy Power"": [2.75, 3.6, 2.2], ""Sky Bet"": [2.8, 3.6, 2.25], ""Smarkets"": [2.82, 3.35, 2.32], ""Unibet (UK)"": [2.8, 3.6, 2.3], ""Virgin Bet"": [2.85, 3.55, 2.23], ""William Hill"": [2.8, 3.4, 2.3]}"
2026-10-09T06:16:33.795932+00:00,soccer_germany_bundesliga-221916b8b36706ec52aa655a64e5f1d2-1x2,Bundesliga,Hamburger SV v VfB Stuttgart,2026-10-17T13:30:00Z,19,0.252282,0.230769,0.514391,0.24358,0.222272,0.527906,0.252929,0.231361,0.51571,0.24511,0.223668,0.531222,"{""888sport"": [3.75, 3.75, 1.83], ""Bet Victor"": [3.5, 4.0, 1.75], ""Betano (UK)"": [3.5, 4.0, 1.75], ""Betfair"": [3.75, 4.1, 1.83], ""Betfred (UK)"": [3.6, 4.2, 1.83], ""Betway"": [3.75, 3.8, 1.8], ""BoyleSports"": [3.5, 3.8, 1.7], ""Casumo"": [4.1, 4.1, 1.71], ""Coral"": [3.7, 4.0, 1.85], ""Grosvenor"": [4.2, 4.25, 1.72], ""Ladbrokes"": [3.7, 4.0, 1.83], ""LeoVegas"": [3.55, 3.9, 1.8], ""LiveScore Bet"": [3.9, 4.0, 1.67], ""Paddy Power"": [3.6, 4.0, 1.75], ""Sky Bet"": [3.6, 4.0, 1.8], ""Smarkets"": [3.65, 3.65, 1.81], ""Unibet (UK)"": [3.6, 4.0, 1.83], ""Virgin Bet"": [4.0, 4.1, 1.7], ""William Hill"": [3.75, 3.75, 1.83]}"
2026-10-09T06:16:33.795932+00:00,soccer_germany_bundesliga-9a422e1aad1053828eaf629a58d901de-1x2,Bundesliga,Werder Bremen v SC Paderborn,2026-10-17T13:30:00Z,17,0.514007,0.239267,0.24569,0.527844,0.232829,0.237746,0.51454,0.239515,0.245945,0.52868,0.233198,0.238122,"{""888sport"": [1.8, 3.8, 3.75], ""Betfair"": [1.85, 4.0, 3.9], ""Betfred (UK)"": [1.83, 4.0, 3.75], ""Betway"": [1.75, 4.0, 3.8], ""BoyleSports"": [1.7, 4.0, 3.6], ""Casumo"": [1.83, 3.9, 3.65], ""Coral"": [1.83, 3.9, 4.0], ""Grosvenor"": [1.85, 3.95, 3.75], ""Ladbrokes"": [1.83, 3.9, 3.9], ""LeoVegas"": [1.8, 3.85, 3.7], ""LiveScore Bet"": [1.81, 3.75, 3.55], ""Paddy Power"": [1.75, 3.8, 3.75], ""Sky Bet"": [1.8, 3.9, 3.75], ""Smarkets"": [1.81, 3.55, 3.85], ""Unibet (UK)"": [1.8, 3.9, 3.9], ""Virgin Bet"": [1.83, 3.85, 3.6], ""William Hill"": [1.8, 3.8, 3.75]}"
2026-10-09T06:16:33.795932+00:00,soccer_germany_bundesliga-9a64448205fdc4b95f45641bb946706c-1x2,Bundesliga,Bayern Munich v RB Leipzig,2026-10-17T16:30:00Z,19,0.761974,0.132097,0.0982,0.803938,0.112148,0.082287,0.767909,0.133126,0.098965,0.805248,0.112331,0.082421,"{""888sport"": [1.25, 6.0, 9.5], ""Bet Victor"": [1.2, 6.5, 9.0], ""Betano (UK)"": [1.2, 6.5, 9.0], ""Betfair"": [1.25, 7.6, 10.0], ""Betfred (UK)"": [1.22, 7.5, 10.0], ""Betway"": [1.22, 7.0, 8.0], ""BoyleSports"": [1.2, 6.5, 7.5], ""Casumo"": [1.2, 7.5, 10.0], ""Coral"": [1.25, 7.0, 8.5], ""Grosvenor"": [1.21, 7.5, 10.5], ""Ladbrokes"": [1.25, 7.0, 8.5], ""LeoVegas"": [1.21, 7.0, 8.0], ""LiveScore Bet"": [1.19, 6.75, 9.0], ""Paddy Power"": [1.18, 7.0, 10.0], ""Sky Bet"": [1.2, 7.0, 9.5], ""Smarkets"": [1.24, 7.4, 9.8], ""Unibet (UK)"": [1.23, 7.0, 9.0], ""Virgin Bet"": [1.2, 7.0, 9.5], ""William Hill"": [1.25, 6.0, 9.5]}"
2026-10-09T06:16:33.795932+00:00,soccer_germany_bundesliga-096d800bcc95c547ef592cbef624d080-1x2,Bundesliga,Bayer Leverkusen v SC Freiburg,2026-10-18T13:30:00Z,17,0.567968,0.219919,0.209922,0.583743,0.210293,0.202723,0.569215,0.220401,0.210383,0.585641,0.210977,0.203382,"{""888sport"": [1.61, 4.2, 4.4], ""Betfair"": [1.67, 4.4, 4.6], ""Betfred (UK)"": [1.67, 4.33, 4.6], ""Betway"": [1.61, 4.33, 4.2], ""BoyleSports"": [1.57, 4.2, 4.0], ""Casumo"": [1.66, 4.25, 4.2], ""Coral"": [1.67, 4.2, 4.6], ""Grosvenor"": [1.68, 4.35, 4.3], ""Ladbrokes"": [1.65, 4.2, 4.5], ""LeoVegas"": [1.64, 4.1, 4.3], ""LiveScore Bet"": [1.63, 4.1, 4.0], ""Paddy Power"": [1.6, 4.2, 4.5], ""Sky Bet"": [1.62, 4.33, 4.5], ""Smarkets"": [1.66, 3.85, 4.4], ""Unibet (UK)"": [1.65, 4.2, 4.35], ""Virgin Bet"": [1.66, 4.2, 4.2], ""William Hill"": [1.62, 4.2, 4.4]}"
2026-10-09T06:16:33.795932+00:00,soccer_germany_bundesliga-fd9b8c185737a15615aa0c9daaa3dfbf-1x2,Bundesliga,Borussia Monchengladbach v TSG Hoffenheim,2026-10-18T15:30:00Z,17,0.28752,0.233533,0.479042,0.283461,0.226688,0.490743,0.287493,0.233511,0.478997,0.283208,0.226486,0.490306,"{""888sport"": [3.3, 3.9, 1.91], ""Betfair"": [3.35, 4.1, 1.99], ""Betfred (UK)"": [3.3, 4.2, 1.95], ""Betway"": [3.1, 4.0, 1.91], ""BoyleSports"": [2.9, 4.0, 1.83], ""Casumo"": [3.2, 4.0, 1.94], ""Coral"": [3.4, 4.0, 1.95], ""Grosvenor"": [3.25, 4.1, 1.96], ""Ladbrokes"": [3.3, 4.0, 1.95], ""LeoVegas"": [3.15, 3.95, 1.92], ""LiveScore Bet"": [3.1, 3.85, 1.91], ""Paddy Power"": [3.2, 4.0, 1.91], ""Sky Bet"": [3.25, 4.0, 1.95], ""Smarkets"": [3.15, 3.65, 1.94], ""Unibet (UK)"": [3.25, 4.0, 1.95], ""Virgin Bet"": [3.2, 3.95, 1.94], ""William Hill"": [3.3, 3.9, 1.91]}"
2026-10-09T06:16:33.795932+00:00,soccer_france_ligue_one-17694e68f399fdf9c5030021ec9bb595-1x2,Ligue 1,RC Lens v Lyon,2026-10-09T18:45:00Z,20,0.402049,0.256631,0.338179,0.406179,0.250701,0.338063,0.403315,0.25744,0.339245,0.408244,0.251975,0.339781,"{""888sport"": [2.3, 3.5, 2.75], ""Bet Victor"": [2.25, 3.6, 2.7], ""Betano (UK)"": [2.25, 3.6, 2.7], ""Betfair"": [2.48, 3.8, 2.98], ""Betfair Sportsbook"": [2.38, 3.7, 2.8], ""Betfred (UK)"": [2.38, 3.75, 2.75], ""Betway"": [2.3, 3.6, 2.8], ""BoyleSports"": [2.15, 3.6, 2.62], ""Casumo"": [2.32, 3.65, 2.7], ""Coral"": [2.3, 3.75, 2.8], ""Grosvenor"": [2.35, 3.7, 2.75], ""Ladbrokes"": [2.3, 3.7, 2.8], ""LeoVegas"": [2.35, 3.6, 2.75], ""LiveScore Bet"": [2.28, 3.55, 2.65], ""Paddy Power"": [2.3, 3.6, 2.8], ""Sky Bet"": [2.3, 3.75, 2.8], ""Smarkets"": [2.48, 3.8, 2.98], ""Unibet (UK)"": [2.35, 3.6, 2.8], ""Virgin Bet"": [2.28, 3.55, 2.65], ""William Hill"": [2.3, 3.5, 2.75]}"
2026-10-09T06:16:33.795932+00:00,soccer_france_ligue_one-2c173b3bd3a1491f17fcad1012019c4f-1x2,Ligue 1,Lille v Le Havre,2026-10-10T15:15:00Z,20,0.658351,0.199,0.140772,0.686278,0.187199,0.123909,0.659589,0.199374,0.141037,0.688076,0.18769,0.124234,"{""888sport"": [1.4, 4.4, 6.5], ""Bet Victor"": [1.4, 4.5, 6.5], ""Betano (UK)"": [1.4, 4.5, 6.5], ""Betfair"": [1.46, 5.0, 7.8], ""Betfair Sportsbook"": [1.4, 4.75, 7.5], ""Betfred (UK)"": [1.44, 4.6, 7.0], ""Betway"": [1.45, 4.75, 6.0], ""BoyleSports"": [1.4, 4.5, 6.0], ""Casumo"": [1.4, 4.7, 7.0], ""Coral"": [1.44, 4.8, 6.5], ""Grosvenor"": [1.41, 4.8, 7.0], ""Ladbrokes"": [1.44, 4.8, 6.5], ""LeoVegas"": [1.42, 4.7, 6.5], ""LiveScore Bet"": [1.34, 4.4, 6.25], ""Paddy Power"": [1.4, 4.75, 7.0], ""Sky Bet"": [1.4, 4.6, 7.0], ""Smarkets"": [1.45, 4.9, 7.6], ""Unibet (UK)"": [1.42, 4.75, 6.5], ""Virgin Bet"": [1.34, 4.4, 6.25], ""William Hill"": [1.4, 4.4, 6.5]}"
2026-10-09T06:16:33.795932+00:00,soccer_france_ligue_one-c2c64ebfc5810226f807c1920d580392-1x2,Ligue 1,AS Monaco v Toulouse,2026-10-10T18:45:00Z,20,0.592484,0.220454,0.186522,0.613573,0.21119,0.175028,0.592804,0.220573,0.186622,0.613701,0.211234,0.175064,"{""888sport"": [1.57, 4.2, 5.0], ""Bet Victor"": [1.55, 4.1, 5.0], ""Betano (UK)"": [1.55, 4.1, 5.0], ""Betfair"": [1.63, 4.6, 5.6], ""Betfair Sportsbook"": [1.6, 4.33, 5.0], ""Betfred (UK)"": [1.6, 4.2, 5.0], ""Betway"": [1.6, 4.33, 4.75], ""BoyleSports"": [1.53, 4.2, 4.75], ""Casumo"": [1.56, 4.2, 5.0], ""Coral"": [1.6, 4.4, 4.8], ""Grosvenor"": [1.57, 4.3, 5.2], ""Ladbrokes"": [1.6, 4.4, 4.8], ""LeoVegas"": [1.57, 4.3, 5.0], ""LiveScore Bet"": [1.52, 3.95, 4.7], ""Paddy Power"": [1.57, 4.2, 5.0], ""Sky Bet"": [1.57, 4.2, 5.0], ""Smarkets"": [1.62, 4.5, 5.5], ""Unibet (UK)"": [1.58, 4.25, 5.0], ""Virgin Bet"": [1.52, 3.95, 4.7], ""William Hill"": [1.57, 4.2, 5.0]}"
2026-10-09T06:16:33.795932+00:00,soccer_france_ligue_one-007dc2ff845c33e3e18f2bd2bc126304-1x2,Ligue 1,Brest v Angers,2026-10-10T18:45:00Z,20,0.476769,0.258615,0.265707,0.484598,0.254067,0.26207,0.47625,0.258333,0.265418,0.484242,0.25388,0.261878,"{""888sport"": [1.95, 3.5, 3.5], ""Bet Victor"": [1.95, 3.5, 3.4], ""Betano (UK)"": [1.95, 3.5, 3.4], ""Betfair"": [2.08, 3.8, 3.8], ""Betfair Sportsbook"": [2.0, 3.75, 3.6], ""Betfred (UK)"": [2.0, 3.75, 3.5], ""Betway"": [1.95, 3.6, 3.5], ""BoyleSports"": [1.87, 3.6, 3.3], ""Casumo"": [1.91, 3.65, 3.65], ""Coral"": [2.0, 3.7, 3.6], ""Grosvenor"": [1.93, 3.7, 3.7], ""Ladbrokes"": [1.95, 3.7, 3.5], ""LeoVegas"": [2.0, 3.55, 3.4], ""LiveScore Bet"": [1.83, 3.45, 3.4], ""Paddy Power"": [2.0, 3.6, 3.5], ""Sky Bet"": [2.0, 3.6, 3.4], ""Smarkets"": [2.04, 3.75, 3.8], ""Unibet (UK)"": [2.0, 3.6, 3.5], ""Virgin Bet"": [1.83, 3.45, 3.4], ""William Hill"": [1.95, 3.5, 3.5]}"
2026-10-09T06:16:33.795932+00:00,soccer_france_ligue_one-2849460eb4d15adbb20ec15927a0fd4a-1x2,Ligue 1,Paris Saint Germain v Le Mans FC,2026-10-10T18:45:00Z,20,0.876851,0.079617,0.04065,0.922707,0.054231,0.022478,0.879386,0.079847,0.040767,0.923246,0.054263,0.022491,"{""888sport"": [1.06, 13.0, 26.0], ""Bet Victor"": [1.06, 10.0, 21.0], ""Betano (UK)"": [1.06, 10.0, 21.0], ""Betfair"": [1.1, 14.5, 30.0], ""Betfair Sportsbook"": [1.07, 14.0, 31.0], ""Betfred (UK)"": [1.07, 12.0, 26.0], ""Betway"": [1.08, 13.0, 23.0], ""BoyleSports"": [1.07, 11.0, 21.0], ""Casumo"": [1.07, 11.0, 23.0], ""Coral"": [1.1, 12.0, 21.0], ""Grosvenor"": [1.08, 11.5, 25.0], ""Ladbrokes"": [1.09, 12.0, 19.0], ""LeoVegas"": [1.07, 11.0, 21.0], ""LiveScore Bet"": [1.03, 9.5, 20.0], ""Paddy Power"": [1.06, 13.0, 29.0], ""Sky Bet"": [1.06, 12.0, 23.0], ""Smarkets"": [1.09, 14.49, 28.99], ""Unibet (UK)"": [1.08, 10.5, 26.0], ""Virgin Bet"": [1.03, 9.5, 20.0], ""William Hill"": [1.07, 13.0, 26.0]}"
2026-10-09T06:16:33.795932+00:00,soccer_france_ligue_one-3aa72885e0aa107c62843749f7930a9a-1x2,Ligue 1,Lorient v Paris FC,2026-10-10T18:45:00Z,20,0.296053,0.282533,0.423045,0.292722,0.278727,0.429045,0.295571,0.282073,0.422357,0.292577,0.27859,0.428833,"{""888sport"": [3.1, 3.1, 2.25], ""Bet Victor"": [3.1, 3.3, 2.15], ""Betano (UK)"": [3.1, 3.3, 2.15], ""Betfair"": [3.45, 3.45, 2.32], ""Betfair Sportsbook"": [3.1, 3.5, 2.25], ""Betfred (UK)"": [3.1, 3.5, 2.25], ""Betway"": [3.2, 3.3, 2.2], ""BoyleSports"": [3.0, 3.25, 2.15], ""Casumo"": [3.15, 3.3, 2.2], ""Coral"": [3.2, 3.3, 2.3], ""Grosvenor"": [3.2, 3.35, 2.23], ""Ladbrokes"": [3.1, 3.25, 2.25], ""LeoVegas"": [3.05, 3.3, 2.25], ""LiveScore Bet"": [3.05, 3.1, 2.08], ""Paddy Power"": [3.1, 3.4, 2.2], ""Sky Bet"": [3.1, 3.4, 2.2], ""Smarkets"": [3.4, 3.45, 2.28], ""Unibet (UK)"": [3.1, 3.3, 2.25], ""Virgin Bet"": [3.05, 3.1, 2.08], ""William Hill"": [3.1, 3.1, 2.25]}"
2026-10-09T06:16:33.795932+00:00,soccer_france_ligue_one-5d3606630a2d3a218a6340d082c1bdc6-1x2,Ligue 1,Nice v Strasbourg,2026-10-11T13:00:00Z,20,0.408759,0.263822,0.328467,0.41469,0.261184,0.327584,0.408331,0.263546,0.328123,0.413261,0.260284,0.326455,"{""888sport"": [2.25, 3.4, 2.8], ""Bet Victor"": [2.25, 3.5, 2.8], ""Betano (UK)"": [2.25, 3.5, 2.8], ""Betfair"": [2.4, 3.75, 3.1], ""Betfair Sportsbook"": [2.3, 3.8, 2.88], ""Betfred (UK)"": [2.3, 3.6, 2.88], ""Betway"": [2.3, 3.6, 2.8], ""BoyleSports"": [2.15, 3.5, 2.75], ""Casumo"": [2.38, 3.4, 2.8], ""Coral"": [2.25, 3.6, 3.0], ""Grosvenor"": [2.4, 3.45, 2.85], ""Ladbrokes"": [2.25, 3.6, 2.9], ""LeoVegas"": [2.35, 3.5, 2.8], ""LiveScore Bet"": [2.32, 3.3, 2.7], ""Paddy Power"": [2.25, 3.7, 2.8], ""Sky Bet"": [2.25, 3.6, 2.8], ""Smarkets"": [2.36, 3.7, 3.05], ""Unibet (UK)"": [2.35, 3.5, 2.88], ""Virgin Bet"": [2.32, 3.3, 2.7], ""William Hill"": [2.25, 3.4, 2.8]}"
2026-10-09T06:16:33.795932+00:00,soccer_france_ligue_one-34f584ab922e220dc4f3b81217959d6d-1x2,Ligue 1,Rennes v Auxerre,2026-10-11T15:15:00Z,20,0.659794,0.194863,0.142627,0.68444,0.181084,0.130941,0.66159,0.195394,0.143016,0.686868,0.181727,0.131405,"{""888sport"": [1.4, 4.6, 6.0], ""Bet Victor"": [1.4, 4.6, 6.5], ""Betano (UK)"": [1.4, 4.6, 6.5], ""Betfair"": [1.45, 5.1, 7.2], ""Betfair Sportsbook"": [1.44, 5.0, 7.0], ""Betfred (UK)"": [1.44, 4.6, 6.5], ""Betway"": [1.43, 5.0, 6.0], ""BoyleSports"": [1.4, 4.75, 5.5], ""Casumo"": [1.4, 4.8, 6.75], ""Coral"": [1.44, 5.0, 6.5], ""Grosvenor"": [1.41, 4.9, 7.0], ""Ladbrokes"": [1.44, 5.0, 6.5], ""LeoVegas"": [1.42, 4.9, 6.0], ""LiveScore Bet"": [1.38, 4.6, 6.4], ""Paddy Power"": [1.4, 4.75, 6.5], ""Sky Bet"": [1.4, 4.75, 6.5], ""Smarkets"": [1.45, 5.0, 7.4], ""Unibet (UK)"": [1.45, 5.0, 6.0], ""Virgin Bet"": [1.38, 4.6, 6.4], ""William Hill"": [1.4, 4.6, 6.0]}"
2026-10-09T06:16:33.795932+00:00,soccer_france_ligue_one-cb7067ac191abf32ad49dad45e46f639-1x2,Ligue 1,Troyes v Marseille,2026-10-11T18:45:00Z,20,0.253425,0.246117,0.500075,0.246151,0.23881,0.515197,0.253522,0.246212,0.500267,0.246112,0.238772,0.515116,"{""888sport"": [3.6, 3.6, 1.85], ""Bet Victor"": [3.5, 3.75, 1.85], ""Betano (UK)"": [3.5, 3.75, 1.85], ""Betfair"": [3.85, 3.95, 2.0], ""Betfair Sportsbook"": [3.8, 4.0, 1.87], ""Betfred (UK)"": [3.75, 4.0, 1.83], ""Betway"": [3.6, 3.8, 1.88], ""BoyleSports"": [3.5, 3.75, 1.8], ""Casumo"": [3.75, 3.75, 1.85], ""Coral"": [3.8, 3.9, 1.85], ""Grosvenor"": [3.85, 3.85, 1.87], ""Ladbrokes"": [3.75, 3.8, 1.85], ""LeoVegas"": [3.55, 3.75, 1.9], ""LiveScore Bet"": [3.6, 3.65, 1.81], ""Paddy Power"": [3.7, 3.8, 1.85], ""Sky Bet"": [3.6, 3.8, 1.85], ""Smarkets"": [3.8, 3.95, 1.99], ""Unibet (UK)"": [3.7, 3.8, 1.91], ""Virgin Bet"": [3.6, 3.65, 1.81], ""William Hill"": [3.6, 3.6, 1.85]}"
2026-10-09T06:16:33.795932+00:00,soccer_france_ligue_one-66c168c030f3faad3983fcadc3060009-1x2,Ligue 1,Le Mans FC v Toulouse,2026-10-16T18:45:00Z,15,0.309825,0.272921,0.419532,0.305713,0.267101,0.427186,0.309121,0.272301,0.418578,0.305713,0.267101,0.427186,"{""888sport"": [3.0, 3.3, 2.2], ""Betfair"": [1.18, 1.1, 1.18], ""Betfred (UK)"": [3.0, 3.6, 2.25], ""Betway"": [3.0, 3.4, 2.2], ""BoyleSports"": [2.9, 3.3, 2.15], ""Casumo"": [3.15, 3.4, 2.17], ""Grosvenor"": [3.2, 3.45, 2.2], ""LeoVegas"": [2.9, 3.45, 2.18], ""LiveScore Bet"": [3.05, 3.25, 2.12], ""Paddy Power"": [2.9, 3.5, 2.2], ""Sky Bet"": [3.0, 3.5, 2.2], ""Smarkets"": [2.74, 3.15, 2.08], ""Unibet (UK)"": [3.0, 3.5, 2.25], ""Virgin Bet"": [3.05, 3.25, 2.12], ""William Hill"": [3.0, 3.3, 2.2]}"
2026-10-09T06:16:33.795932+00:00,soccer_france_ligue_one-f3034246520a2ee4ff0ac0d5074966f8-1x2,Ligue 1,Strasbourg v Paris Saint Germain,2026-10-17T15:15:00Z,15,0.153005,0.181495,0.664894,0.138532,0.164619,0.694305,0.153098,0.181605,0.665297,0.138885,0.165039,0.696076,"{""888sport"": [6.0, 4.8, 1.4], ""Betfair"": [6.4, 5.5, 1.41], ""Betfred (UK)"": [6.5, 5.5, 1.4], ""Betway"": [6.0, 5.25, 1.38], ""BoyleSports"": [5.5, 5.0, 1.36], ""Casumo"": [6.1, 5.0, 1.41], ""Grosvenor"": [6.4, 5.2, 1.42], ""LeoVegas"": [5.75, 5.2, 1.38], ""LiveScore Bet"": [5.8, 4.8, 1.38], ""Paddy Power"": [6.0, 5.0, 1.36], ""Sky Bet"": [6.25, 5.0, 1.4], ""Smarkets"": [5.8, 5.4, 1.38], ""Unibet (UK)"": [6.0, 5.25, 1.4], ""Virgin Bet"": [5.8, 4.8, 1.38], ""William Hill"": [6.0, 4.8, 1.4]}"
2026-10-09T06:16:33.795932+00:00,soccer_france_ligue_one-ad25a350c89b64715e15c59cde5653d3-1x2,Ligue 1,Lille v Brest,2026-10-17T18:45:00Z,15,0.57971,0.231884,0.191829,0.606717,0.218455,0.17798,0.577732,0.231093,0.191175,0.60481,0.217769,0.177421,"{""888sport"": [1.61, 3.9, 4.8], ""Betfair"": [1.14, 2.1, 1.14], ""Betfred (UK)"": [1.62, 4.2, 5.0], ""Betway"": [1.57, 4.0, 4.75], ""BoyleSports"": [1.57, 4.0, 4.75], ""Casumo"": [1.57, 4.1, 5.1], ""Grosvenor"": [1.6, 4.2, 5.2], ""LeoVegas"": [1.6, 3.95, 4.7], ""LiveScore Bet"": [1.56, 3.9, 4.8], ""Paddy Power"": [1.57, 4.0, 5.0], ""Sky Bet"": [1.6, 4.0, 5.0], ""Smarkets"": [1.52, 3.65, 4.3], ""Unibet (UK)"": [1.62, 4.0, 4.75], ""Virgin Bet"": [1.56, 3.9, 4.8], ""William Hill"": [1.62, 3.9, 4.8]}"
2026-10-09T06:16:33.795932+00:00,soccer_france_ligue_one-b077aa049133c0358bcd643bfee48da3-1x2,Ligue 1,Troyes v RC Lens,2026-10-17T18:45:00Z,15,0.241194,0.245308,0.51334,0.232177,0.233664,0.530987,0.241232,0.245347,0.513421,0.232916,0.234408,0.532676,"{""888sport"": [3.9, 3.7, 1.8], ""Betfair"": [2.14, 2.16, 1.12], ""Betfred (UK)"": [4.0, 4.0, 1.8], ""Betway"": [3.75, 3.8, 1.77], ""BoyleSports"": [3.6, 3.8, 1.73], ""Casumo"": [3.9, 3.8, 1.81], ""Grosvenor"": [3.95, 3.9, 1.83], ""LeoVegas"": [3.7, 3.8, 1.8], ""LiveScore Bet"": [3.75, 3.65, 1.77], ""Paddy Power"": [3.8, 3.8, 1.75], ""Sky Bet"": [3.9, 3.9, 1.8], ""Smarkets"": [3.45, 3.45, 1.71], ""Unibet (UK)"": [3.8, 3.8, 1.83], ""Virgin Bet"": [3.75, 3.65, 1.77], ""William Hill"": [3.9, 3.7, 1.8]}"
2026-10-09T06:16:33.795932+00:00,soccer_france_ligue_one-c7a60aa94470fe959fbf6b0c68060fc1-1x2,Ligue 1,Angers v Marseille,2026-10-18T13:00:00Z,15,0.305092,0.258026,0.439514,0.302104,0.251318,0.448918,0.304291,0.257349,0.43836,0.301399,0.250732,0.44787,"{""888sport"": [3.0, 3.4, 2.15], ""Betfair"": [1.1, 1.1, 1.1], ""Betfred (UK)"": [3.0, 4.0, 2.15], ""Betway"": [3.0, 3.6, 2.1], ""BoyleSports"": [2.9, 3.6, 2.0], ""Casumo"": [3.1, 3.65, 2.1], ""Grosvenor"": [3.15, 3.7, 2.14], ""LeoVegas"": [3.05, 3.55, 2.08], ""LiveScore Bet"": [3.0, 3.5, 2.06], ""Paddy Power"": [2.9, 3.75, 2.1], ""Sky Bet"": [3.0, 3.75, 2.1], ""Smarkets"": [2.82, 3.25, 1.99], ""Unibet (UK)"": [3.1, 3.6, 2.1], ""Virgin Bet"": [3.0, 3.5, 2.06], ""William Hill"": [3.0, 3.4, 2.15]}"
2026-10-09T06:16:33.795932+00:00,soccer_france_ligue_one-53f5fe7ed0ba0fbf6345c73270e4cd00-1x2,Ligue 1,Lorient v AS Monaco,2026-10-18T15:15:00Z,15,0.279303,0.272823,0.450157,0.273984,0.265966,0.459677,0.278667,0.272201,0.449132,0.274086,0.266066,0.459848,"{""888sport"": [3.4, 3.3, 2.05], ""Betfair"": [3.35, 3.55, 2.14], ""Betfred (UK)"": [3.3, 3.6, 2.1], ""Betway"": [3.3, 3.4, 2.05], ""BoyleSports"": [3.25, 3.3, 2.0], ""Casumo"": [3.55, 3.4, 2.02], ""Grosvenor"": [3.65, 3.45, 2.04], ""LeoVegas"": [3.2, 3.45, 2.05], ""LiveScore Bet"": [3.45, 3.25, 1.97], ""Paddy Power"": [3.2, 3.6, 2.05], ""Sky Bet"": [3.25, 3.6, 2.05], ""Smarkets"": [3.25, 3.2, 2.08], ""Unibet (UK)"": [3.25, 3.5, 2.1], ""Virgin Bet"": [3.45, 3.25, 1.97], ""William Hill"": [3.4, 3.3, 2.05]}"
2026-10-09T06:16:33.795932+00:00,soccer_france_ligue_one-d637845b9760bb02b55bbbaa32b5c21e-1x2,Ligue 1,Le Havre v Auxerre,2026-10-18T15:15:00Z,15,0.390695,0.278175,0.332814,0.396657,0.272774,0.332363,0.390038,0.277707,0.332255,0.395946,0.272286,0.331768,"{""888sport"": [2.4, 3.25, 2.8], ""Betfair"": [1.1, 1.1, 1.1], ""Betfred (UK)"": [2.4, 3.5, 2.8], ""Betway"": [2.38, 3.3, 2.75], ""BoyleSports"": [2.3, 3.25, 2.7], ""Casumo"": [2.35, 3.35, 2.85], ""Grosvenor"": [2.4, 3.4, 2.9], ""LeoVegas"": [2.35, 3.3, 2.75], ""LiveScore Bet"": [2.3, 3.25, 2.75], ""Paddy Power"": [2.3, 3.5, 2.7], ""Sky Bet"": [2.38, 3.5, 2.75], ""Smarkets"": [2.22, 3.05, 2.58], ""Unibet (UK)"": [2.4, 3.4, 2.8], ""Virgin Bet"": [2.3, 3.25, 2.75], ""William Hill"": [2.4, 3.25, 2.8]}"
2026-10-09T06:16:33.795932+00:00,soccer_france_ligue_one-27f7222d2abde93fc6e8d17b5b05b272-1x2,Ligue 1,Paris FC v Rennes,2026-10-18T15:15:00Z,15,0.416161,0.271401,0.312793,0.421111,0.268275,0.311222,0.416013,0.271305,0.312682,0.420855,0.268112,0.311033,"{""888sport"": [2.25, 3.5, 2.88], ""Betfair"": [2.28, 3.5, 3.05], ""Betfred (UK)"": [2.3, 3.5, 3.0], ""Betway"": [2.25, 3.2, 3.0], ""BoyleSports"": [2.15, 3.25, 2.9], ""Casumo"": [2.23, 3.4, 3.05], ""Grosvenor"": [2.25, 3.5, 3.1], ""LeoVegas"": [2.2, 3.45, 2.9], ""LiveScore Bet"": [2.16, 3.3, 2.95], ""Paddy Power"": [2.25, 3.5, 2.8], ""Sky Bet"": [2.3, 3.5, 2.8], ""Smarkets"": [2.26, 3.45, 3.0], ""Unibet (UK)"": [2.25, 3.5, 3.0], ""Virgin Bet"": [2.16, 3.3, 2.95], ""William Hill"": [2.25, 3.5, 2.88]}"
2026-10-09T06:16:33.795932+00:00,soccer_france_ligue_one-471f891b1f6516a864ad94c8eb649f5e-1x2,Ligue 1,Lyon v Nice,2026-10-18T18:45:00Z,15,0.56459,0.239836,0.195328,0.586422,0.232753,0.184703,0.564729,0.239895,0.195376,0.584157,0.231854,0.18399,"{""888sport"": [1.65, 3.8, 4.8], ""Betfair"": [1.12, 1.13, 1.1], ""Betfred (UK)"": [1.67, 4.0, 5.0], ""Betway"": [1.61, 4.0, 4.5], ""BoyleSports"": [1.6, 4.0, 4.5], ""Casumo"": [1.64, 3.85, 4.9], ""Grosvenor"": [1.66, 3.95, 5.0], ""LeoVegas"": [1.64, 3.95, 4.5], ""LiveScore Bet"": [1.61, 3.7, 4.7], ""Paddy Power"": [1.62, 4.0, 4.75], ""Sky Bet"": [1.62, 4.0, 4.75], ""Smarkets"": [1.56, 3.55, 4.1], ""Unibet (UK)"": [1.65, 4.0, 4.6], ""Virgin Bet"": [1.61, 3.7, 4.7], ""William Hill"": [1.65, 3.8, 4.8]}"
2026-10-09T06:16:33.795932+00:00,soccer_spain_la_liga-4e4c6763037ffc0e1dfe92ed16287b6d-1x2,La Liga,Málaga v Espanyol,2026-10-09T19:00:00Z,20,0.336675,0.300591,0.362502,0.336815,0.298989,0.364007,0.336753,0.300661,0.362586,0.336879,0.299045,0.364076,"{""Bet Victor"": [2.8, 3.3, 2.55], ""Betano (UK)"": [2.8, 3.3, 2.55], ""Betfair"": [2.98, 3.3, 2.74], ""Betfair Sportsbook"": [2.88, 3.2, 2.63], ""Betfred (UK)"": [2.8, 3.0, 2.6], ""Betway"": [2.8, 3.1, 2.5], ""BoyleSports"": [2.7, 3.0, 2.5], ""Casumo"": [2.8, 3.15, 2.63], ""Coral"": [2.75, 3.2, 2.62], ""Grosvenor"": [2.85, 3.2, 2.65], ""Ladbrokes"": [2.7, 3.2, 2.6], ""LeoVegas"": [2.7, 3.1, 2.6], ""LiveScore Bet"": [2.7, 3.05, 2.55], ""Matchbook"": [3.0, 3.3, 2.72], ""Paddy Power"": [2.8, 3.1, 2.6], ""Sky Bet"": [2.8, 3.2, 2.6], ""Smarkets"": [2.98, 3.3, 2.72], ""Unibet (UK)"": [2.75, 3.2, 2.6], ""Virgin Bet"": [2.7, 3.0, 2.5], ""William Hill"": [2.75, 3.0, 2.6]}"
2026-10-09T06:16:33.795932+00:00,soccer_spain_la_liga-349c47668fdd909039a9408c14cad8bc-1x2,La Liga,Rayo Vallecano v Athletic Bilbao,2026-10-10T12:00:00Z,20,0.34764,0.284856,0.366543,0.348421,0.284352,0.367757,0.347974,0.28513,0.366895,0.348237,0.284201,0.367562,"{""Bet Victor"": [2.7, 3.4, 2.55], ""Betano (UK)"": [2.7, 3.4, 2.55], ""Betfair"": [2.86, 3.5, 2.72], ""Betfair Sportsbook"": [2.75, 3.3, 2.63], ""Betfred (UK)"": [2.75, 3.4, 2.5], ""Betway"": [2.7, 3.3, 2.5], ""BoyleSports"": [2.5, 3.3, 2.5], ""Casumo"": [2.75, 3.25, 2.6], ""Coral"": [2.7, 3.4, 2.5], ""Grosvenor"": [2.8, 3.35, 2.63], ""Ladbrokes"": [2.7, 3.3, 2.5], ""LeoVegas"": [2.65, 3.3, 2.55], ""LiveScore Bet"": [2.65, 3.15, 2.55], ""Matchbook"": [2.86, 3.5, 2.72], ""Paddy Power"": [2.7, 3.3, 2.6], ""Sky Bet"": [2.7, 3.25, 2.6], ""Smarkets"": [2.86, 3.45, 2.72], ""Unibet (UK)"": [2.7, 3.4, 2.55], ""Virgin Bet"": [2.63, 3.1, 2.48], ""William Hill"": [2.7, 3.2, 2.5]}"
2026-10-09T06:16:33.795932+00:00,soccer_spain_la_liga-3869391e3dbdcaa74153b11df56a3fe5-1x2,La Liga,Alavés v Atlético Madrid,2026-10-10T14:15:00Z,20,0.218098,0.255491,0.52571,0.210553,0.250664,0.537073,0.218251,0.25567,0.526079,0.210913,0.251093,0.537993,"{""Bet Victor"": [4.33, 3.7, 1.8], ""Betano (UK)"": [4.33, 3.7, 1.8], ""Betfair"": [4.7, 3.9, 1.86], ""Betfair Sportsbook"": [4.6, 3.7, 1.8], ""Betfred (UK)"": [4.2, 3.75, 1.83], ""Betway"": [4.2, 3.75, 1.8], ""BoyleSports"": [4.0, 3.6, 1.75], ""Casumo"": [4.4, 3.7, 1.8], ""Coral"": [4.33, 3.7, 1.8], ""Grosvenor"": [4.5, 3.75, 1.82], ""Ladbrokes"": [4.2, 3.7, 1.8], ""LeoVegas"": [4.1, 3.65, 1.8], ""LiveScore Bet"": [4.25, 3.6, 1.76], ""Matchbook"": [4.7, 3.9, 1.86], ""Paddy Power"": [4.5, 3.6, 1.75], ""Sky Bet"": [4.33, 3.6, 1.75], ""Smarkets"": [4.7, 3.9, 1.86], ""Unibet (UK)"": [4.2, 3.7, 1.8], ""Virgin Bet"": [4.1, 3.45, 1.74], ""William Hill"": [4.2, 3.6, 1.73]}"
2026-10-09T06:16:33.795932+00:00,soccer_spain_la_liga-edb80d633a1906e5865ab70cc9b540ea-1x2,La Liga,Barcelona v Getafe,2026-10-10T16:30:00Z,20,0.890765,0.072927,0.036967,0.922159,0.051926,0.024208,0.890179,0.072879,0.036943,0.923736,0.052014,0.02425,"{""Bet Victor"": [1.06, 13.0, 29.0], ""Betano (UK)"": [1.06, 13.0, 29.0], ""Betfair"": [1.1, 16.0, 30.0], ""Betfair Sportsbook"": [1.08, 15.0, 26.0], ""Betfred (UK)"": [1.08, 11.0, 26.0], ""Betway"": [1.07, 15.0, 23.0], ""BoyleSports"": [1.08, 11.0, 23.0], ""Casumo"": [1.07, 13.0, 26.0], ""Coral"": [1.09, 11.0, 23.0], ""Grosvenor"": [1.07, 14.0, 29.0], ""Ladbrokes"": [1.09, 11.0, 23.0], ""LeoVegas"": [1.08, 10.0, 21.0], ""LiveScore Bet"": [1.05, 12.0, 21.0], ""Matchbook"": [1.1, 16.0, 30.0], ""Paddy Power"": [1.06, 14.0, 23.0], ""Sky Bet"": [1.06, 13.0, 21.0], ""Smarkets"": [1.1, 16.0, 28.99], ""Unibet (UK)"": [1.08, 10.5, 26.0], ""Virgin Bet"": [1.05, 11.5, 19.0], ""William Hill"": [1.06, 13.0, 29.0]}"
2026-10-09T06:16:33.795932+00:00,soccer_spain_la_liga-551f242223b1625f458d1a2ea212a0c3-1x2,La Liga,Real Madrid v Villarreal,2026-10-10T19:00:00Z,20,0.688549,0.167929,0.140345,0.719767,0.154032,0.123127,0.690744,0.168464,0.140792,0.721987,0.154507,0.123506,"{""Bet Victor"": [1.33, 5.25, 6.5], ""Betano (UK)"": [1.33, 5.25, 6.5], ""Betfair"": [1.39, 6.2, 8.0], ""Betfair Sportsbook"": [1.33, 6.0, 7.5], ""Betfred (UK)"": [1.36, 5.5, 7.5], ""Betway"": [1.38, 5.75, 6.0], ""BoyleSports"": [1.33, 5.0, 6.0], ""Casumo"": [1.34, 5.8, 7.0], ""Coral"": [1.4, 5.5, 6.5], ""Grosvenor"": [1.35, 6.0, 7.5], ""Ladbrokes"": [1.36, 5.5, 6.5], ""LeoVegas"": [1.38, 5.4, 6.25], ""LiveScore Bet"": [1.32, 5.4, 6.25], ""Matchbook"": [1.39, 6.2, 8.0], ""Paddy Power"": [1.33, 5.5, 7.0], ""Sky Bet"": [1.33, 5.75, 7.0], ""Smarkets"": [1.39, 6.2, 8.0], ""Unibet (UK)"": [1.37, 5.75, 6.5], ""Virgin Bet"": [1.32, 5.4, 6.25], ""William Hill"": [1.35, 5.0, 6.5]}"
2026-10-09T06:16:33.795932+00:00,soccer_spain_la_liga-7daf7edaf572eba3ac86196c663d67d3-1x2,La Liga,Elche CF v Celta Vigo,2026-10-11T12:00:00Z,20,0.339447,0.2895,0.369438,0.339758,0.287242,0.371148,0.339996,0.289969,0.370036,0.340388,0.287775,0.371837,"{""Bet Victor"": [2.7, 3.2, 2.45], ""Betano (UK)"": [2.7, 3.2, 2.45], ""Betfair"": [2.9, 3.4, 2.68], ""Betfair Sportsbook"": [2.75, 3.3, 2.63], ""Betfred (UK)"": [2.75, 3.4, 2.5], ""Betway"": [2.7, 3.3, 2.5], ""BoyleSports"": [2.6, 3.3, 2.5], ""Casumo"": [2.8, 3.2, 2.55], ""Coral"": [2.8, 3.25, 2.5], ""Grosvenor"": [2.85, 3.25, 2.6], ""Ladbrokes"": [2.75, 3.25, 2.5], ""LeoVegas"": [2.75, 3.2, 2.5], ""LiveScore Bet"": [2.7, 3.1, 2.5], ""Matchbook"": [2.92, 3.4, 2.68], ""Paddy Power"": [2.62, 3.25, 2.6], ""Sky Bet"": [2.7, 3.25, 2.6], ""Smarkets"": [2.92, 3.4, 2.68], ""Unibet (UK)"": [2.75, 3.25, 2.55], ""Virgin Bet"": [2.63, 3.0, 2.4], ""William Hill"": [2.8, 3.1, 2.5]}"
2026-10-09T06:16:33.795932+00:00,soccer_spain_la_liga-2997b68cc93f62d8a1dee9f06bedbefd-1x2,La Liga,Real Sociedad v Deportivo La Coruña,2026-10-11T14:15:00Z,19,0.583084,0.236584,0.179425,0.601668,0.230423,0.169337,0.583614,0.236799,0.179588,0.60081,0.230094,0.169095,"{""Bet Victor"": [1.57, 3.9, 5.0], ""Betano (UK)"": [1.57, 3.9, 5.0], ""Betfair"": [1.67, 4.2, 5.9], ""Betfair Sportsbook"": [1.62, 4.0, 5.5], ""Betfred (UK)"": [1.62, 4.0, 5.5], ""Betway"": [1.57, 4.0, 5.25], ""BoyleSports"": [1.57, 3.8, 4.75], ""Casumo"": [1.61, 4.1, 5.25], ""Coral"": [1.61, 4.0, 5.25], ""Grosvenor"": [1.62, 4.2, 5.4], ""Ladbrokes"": [1.61, 3.9, 5.25], ""LeoVegas"": [1.64, 3.85, 4.9], ""LiveScore Bet"": [1.58, 3.95, 5.0], ""Matchbook"": [1.67, 4.2, 5.9], ""Paddy Power"": [1.6, 3.8, 5.0], ""Sky Bet"": [1.6, 3.9, 5.25], ""Smarkets"": [1.67, 4.2, 5.9], ""Virgin Bet"": [1.56, 3.9, 4.9], ""William Hill"": [1.67, 3.75, 4.8]}"
2026-10-09T06:16:33.795932+00:00,soccer_spain_la_liga-984691837d31fd0c59c088f377f55f75-1x2,La Liga,Real Betis v CA Osasuna,2026-10-11T16:30:00Z,20,0.606916,0.224231,0.167885,0.623887,0.215903,0.157221,0.607504,0.224448,0.168047,0.625757,0.21655,0.157693,"{""Bet Victor"": [1.5, 4.0, 5.5], ""Betano (UK)"": [1.5, 4.0, 5.5], ""Betfair"": [1.6, 4.5, 6.4], ""Betfair Sportsbook"": [1.55, 4.33, 6.0], ""Betfred (UK)"": [1.53, 4.2, 6.0], ""Betway"": [1.5, 4.33, 5.5], ""BoyleSports"": [1.53, 4.0, 5.0], ""Casumo"": [1.56, 4.2, 5.6], ""Coral"": [1.57, 4.2, 5.5], ""Grosvenor"": [1.57, 4.25, 5.75], ""Ladbrokes"": [1.57, 4.2, 5.25], ""LeoVegas"": [1.53, 4.2, 5.4], ""LiveScore Bet"": [1.55, 3.95, 5.3], ""Matchbook"": [1.6, 4.5, 6.4], ""Paddy Power"": [1.5, 4.2, 5.5], ""Sky Bet"": [1.53, 4.2, 5.75], ""Smarkets"": [1.6, 4.5, 6.4], ""Unibet (UK)"": [1.55, 4.2, 5.5], ""Virgin Bet"": [1.53, 3.9, 5.2], ""William Hill"": [1.57, 4.0, 5.0]}"
2026-10-09T06:16:33.795932+00:00,soccer_spain_la_liga-66a4f4201806b928c9007116727fdd61-1x2,La Liga,Real Racing Club de Santander v Valencia,2026-10-11T19:00:00Z,20,0.410246,0.267742,0.323813,0.415111,0.263284,0.322734,0.409508,0.267261,0.323231,0.414643,0.262987,0.32237,"{""Bet Victor"": [2.2, 3.5, 2.8], ""Betano (UK)"": [2.2, 3.5, 2.8], ""Betfair"": [2.44, 3.7, 3.1], ""Betfair Sportsbook"": [2.3, 3.75, 2.88], ""Betfred (UK)"": [2.3, 3.6, 2.88], ""Betway"": [2.25, 3.5, 2.9], ""BoyleSports"": [2.2, 3.3, 2.75], ""Casumo"": [2.28, 3.5, 3.0], ""Coral"": [2.3, 3.6, 2.9], ""Grosvenor"": [2.3, 3.6, 3.05], ""Ladbrokes"": [2.3, 3.5, 2.87], ""LeoVegas"": [2.3, 3.45, 2.88], ""LiveScore Bet"": [2.2, 3.4, 2.9], ""Matchbook"": [2.44, 3.7, 3.1], ""Paddy Power"": [2.3, 3.6, 2.8], ""Sky Bet"": [2.3, 3.6, 2.8], ""Smarkets"": [2.42, 3.65, 3.1], ""Unibet (UK)"": [2.3, 3.5, 2.9], ""Virgin Bet"": [2.18, 3.35, 2.9], ""William Hill"": [2.25, 3.4, 2.9]}"
2026-10-09T06:16:33.795932+00:00,soccer_spain_la_liga-529fc26c7774d5b469932e275c668921-1x2,La Liga,Levante v Sevilla,2026-10-12T19:00:00Z,19,0.350312,0.288168,0.362794,0.351437,0.286176,0.363185,0.349866,0.287802,0.362332,0.351156,0.285948,0.362896,"{""Bet Victor"": [2.62, 3.2, 2.5], ""Betano (UK)"": [2.62, 3.2, 2.5], ""Betfair"": [2.88, 3.35, 2.72], ""Betfred (UK)"": [2.75, 3.3, 2.6], ""Betway"": [2.7, 3.3, 2.5], ""BoyleSports"": [2.62, 3.2, 2.5], ""Casumo"": [2.6, 3.25, 2.75], ""Coral"": [2.7, 3.3, 2.62], ""Grosvenor"": [2.63, 3.35, 2.8], ""Ladbrokes"": [2.62, 3.3, 2.6], ""LeoVegas"": [2.65, 3.25, 2.55], ""LiveScore Bet"": [2.5, 3.15, 2.65], ""Matchbook"": [2.88, 3.35, 2.72], ""Paddy Power"": [2.62, 3.3, 2.5], ""Sky Bet"": [2.63, 3.3, 2.5], ""Smarkets"": [2.88, 3.35, 2.72], ""Unibet (UK)"": [2.7, 3.25, 2.6], ""Virgin Bet"": [2.45, 3.0, 2.55], ""William Hill"": [2.62, 3.1, 2.62]}"
2026-10-09T06:16:33.795932+00:00,soccer_spain_la_liga-19ee731602634e5c9e3106630e087464-1x2,La Liga,Deportivo La Coruña v Levante,2026-10-16T19:00:00Z,13,0.450928,0.271088,0.277027,0.459677,0.26742,0.271625,0.45136,0.271348,0.277292,0.460265,0.267762,0.271973,"{""Betfair"": [2.12, 3.55, 3.45], ""Betfred (UK)"": [2.1, 3.5, 3.4], ""Betway"": [2.05, 3.4, 3.3], ""BoyleSports"": [2.0, 3.3, 3.3], ""Casumo"": [2.08, 3.55, 3.6], ""Grosvenor"": [2.08, 3.55, 3.6], ""LeoVegas"": [2.05, 3.3, 3.3], ""LiveScore Bet"": [2.0, 3.35, 3.4], ""Paddy Power"": [2.05, 3.4, 3.3], ""Sky Bet"": [2.05, 3.4, 3.3], ""Smarkets"": [2.06, 3.35, 3.4], ""Virgin Bet"": [1.98, 3.3, 3.35], ""William Hill"": [2.05, 3.3, 3.3]}"
2026-10-09T06:16:33.795932+00:00,soccer_spain_la_liga-6436925dd15916d7041ba32b60000d48-1x2,La Liga,Espanyol v Atlético Madrid,2026-10-17T12:00:00Z,14,0.229715,0.254117,0.517577,0.222134,0.24917,0.53345,0.229392,0.253759,0.516849,0.221083,0.247991,0.530927,"{""Betfair"": [4.5, 3.85, 1.83], ""Betfred (UK)"": [4.2, 3.75, 1.8], ""Betway"": [4.0, 3.6, 1.77], ""BoyleSports"": [3.8, 3.5, 1.8], ""Casumo"": [4.1, 3.65, 1.85], ""Grosvenor"": [4.2, 3.75, 1.88], ""LeoVegas"": [4.0, 3.65, 1.77], ""LiveScore Bet"": [3.95, 3.5, 1.82], ""Paddy Power"": [4.0, 3.75, 1.75], ""Sky Bet"": [4.0, 3.75, 1.8], ""Smarkets"": [4.4, 3.8, 1.81], ""Unibet (UK)"": [4.2, 3.7, 1.8], ""Virgin Bet"": [3.85, 3.45, 1.8], ""William Hill"": [3.9, 3.6, 1.85]}"
2026-10-09T06:16:33.795932+00:00,soccer_spain_la_liga-aef660734585649651415961a9d177c6-1x2,La Liga,Villarreal v Elche CF,2026-10-17T14:15:00Z,14,0.645849,0.19483,0.154242,0.675656,0.182316,0.140398,0.649146,0.195825,0.15503,0.67676,0.182613,0.140627,"{""Betfair"": [1.44, 4.9, 6.6], ""Betfred (UK)"": [1.44, 5.0, 6.5], ""Betway"": [1.43, 4.75, 5.75], ""BoyleSports"": [1.44, 4.5, 5.5], ""Casumo"": [1.44, 4.9, 6.25], ""Grosvenor"": [1.47, 5.0, 6.4], ""LeoVegas"": [1.44, 4.7, 5.6], ""LiveScore Bet"": [1.42, 4.7, 5.8], ""Paddy Power"": [1.36, 4.75, 6.0], ""Sky Bet"": [1.4, 4.75, 6.25], ""Smarkets"": [1.43, 4.5, 5.9], ""Unibet (UK)"": [1.45, 4.75, 5.75], ""Virgin Bet"": [1.41, 4.6, 5.75], ""William Hill"": [1.44, 4.4, 6.0]}"
2026-10-09T06:16:33.795932+00:00,soccer_spain_la_liga-846e496fc232b2fc20214754836727d0-1x2,La Liga,Real Betis v Barcelona,2026-10-17T16:30:00Z,14,0.165165,0.172627,0.663508,0.154464,0.162012,0.685676,0.164951,0.172403,0.662647,0.154132,0.161665,0.684203,"{""Betfair"": [6.0, 6.0, 1.47], ""Betfred (UK)"": [6.0, 5.5, 1.4], ""Betway"": [5.75, 5.25, 1.4], ""BoyleSports"": [5.5, 5.0, 1.33], ""Casumo"": [5.8, 5.5, 1.45], ""Grosvenor"": [5.8, 5.5, 1.45], ""LeoVegas"": [5.5, 5.4, 1.38], ""LiveScore Bet"": [5.4, 5.1, 1.42], ""Paddy Power"": [5.5, 5.5, 1.36], ""Sky Bet"": [5.5, 5.75, 1.4], ""Smarkets"": [6.2, 5.8, 1.46], ""Unibet (UK)"": [5.75, 5.5, 1.4], ""Virgin Bet"": [5.25, 5.0, 1.41], ""William Hill"": [5.0, 4.6, 1.4]}"
2026-10-09T06:16:33.795932+00:00,soccer_spain_la_liga-f00cd1ea41fa39149729d14ebc07aa6c-1x2,La Liga,Valencia v Athletic Bilbao,2026-10-17T19:00:00Z,14,0.274588,0.275047,0.450278,0.269877,0.272432,0.459677,0.274612,0.275071,0.450317,0.269342,0.271893,0.458766,"{""Betfair"": [3.7, 3.45, 2.1], ""Betfred (UK)"": [3.4, 3.5, 2.1], ""Betway"": [3.3, 3.4, 2.05], ""BoyleSports"": [3.4, 3.25, 2.0], ""Casumo"": [3.55, 3.5, 2.12], ""Grosvenor"": [3.55, 3.5, 2.12], ""LeoVegas"": [3.3, 3.35, 2.05], ""LiveScore Bet"": [3.4, 3.3, 2.04], ""Paddy Power"": [3.3, 3.4, 2.05], ""Sky Bet"": [3.3, 3.4, 2.05], ""Smarkets"": [3.55, 3.3, 2.04], ""Unibet (UK)"": [3.4, 3.4, 2.08], ""Virgin Bet"": [3.3, 3.25, 2.02], ""William Hill"": [3.3, 3.3, 2.1]}"
2026-10-09T06:16:33.795932+00:00,soccer_spain_la_liga-1f566f17c50fe5162724ec2863d2207b-1x2,La Liga,CA Osasuna v Real Racing Club de Santander,2026-10-18T12:00:00Z,14,0.496558,0.266195,0.235892,0.507439,0.263473,0.229548,0.497231,0.266556,0.236212,0.507206,0.263352,0.229442,"{""Betfair"": [1.93, 3.65, 4.2], ""Betfred (UK)"": [1.9, 3.75, 3.75], ""Betway"": [1.85, 3.4, 4.0], ""BoyleSports"": [1.8, 3.4, 3.8], ""Casumo"": [1.93, 3.55, 4.1], ""Grosvenor"": [1.93, 3.55, 4.1], ""LeoVegas"": [1.85, 3.55, 3.7], ""LiveScore Bet"": [1.87, 3.35, 3.9], ""Paddy Power"": [1.87, 3.6, 3.8], ""Sky Bet"": [1.91, 3.6, 3.8], ""Smarkets"": [1.92, 3.6, 4.1], ""Unibet (UK)"": [1.88, 3.6, 3.8], ""Virgin Bet"": [1.85, 3.3, 3.8], ""William Hill"": [1.85, 3.4, 4.0]}"
2026-10-09T06:16:33.795932+00:00,soccer_spain_la_liga-aabe899ecc4c19a1fafe5440151b62e4-1x2,La Liga,Celta Vigo v Alavés,2026-10-18T14:15:00Z,14,0.467262,0.281116,0.251599,0.478866,0.276238,0.246071,0.467273,0.281123,0.251605,0.478304,0.275914,0.245782,"{""Betfair"": [2.04, 3.5, 3.85], ""Betfred (UK)"": [2.0, 3.4, 3.75], ""Betway"": [1.95, 3.4, 3.6], ""BoyleSports"": [1.95, 3.25, 3.6], ""Casumo"": [2.0, 3.35, 3.85], ""Grosvenor"": [2.04, 3.4, 3.95], ""LeoVegas"": [1.98, 3.3, 3.55], ""LiveScore Bet"": [1.97, 3.25, 3.7], ""Paddy Power"": [1.95, 3.4, 3.6], ""Sky Bet"": [2.0, 3.4, 3.6], ""Smarkets"": [1.99, 3.25, 3.75], ""Unibet (UK)"": [2.0, 3.3, 3.7], ""Virgin Bet"": [1.94, 3.15, 3.65], ""William Hill"": [2.0, 3.3, 3.7]}"
2026-10-09T06:16:33.795932+00:00,soccer_spain_la_liga-1051298b4aca6f07113309bff598a5c1-1x2,La Liga,Málaga v Real Sociedad,2026-10-18T16:30:00Z,14,0.297741,0.271147,0.42971,0.295087,0.267021,0.436508,0.298159,0.271528,0.430313,0.295495,0.267391,0.437113,"{""Betfair"": [3.25, 3.55, 2.22], ""Betfred (UK)"": [3.2, 3.6, 2.15], ""Betway"": [3.0, 3.4, 2.15], ""BoyleSports"": [3.0, 3.3, 2.1], ""Casumo"": [3.2, 3.45, 2.2], ""Grosvenor"": [3.3, 3.5, 2.23], ""LeoVegas"": [3.0, 3.4, 2.15], ""LiveScore Bet"": [3.1, 3.35, 2.14], ""Paddy Power"": [3.0, 3.6, 2.1], ""Sky Bet"": [3.1, 3.6, 2.1], ""Smarkets"": [3.2, 3.5, 2.2], ""Unibet (UK)"": [3.1, 3.5, 2.2], ""Virgin Bet"": [3.05, 3.25, 2.12], ""William Hill"": [3.1, 3.3, 2.2]}"
2026-10-09T06:16:33.795932+00:00,soccer_spain_la_liga-eccd63bf768e2f2a358b871d3f33a63d-1x2,La Liga,Real Madrid v Sevilla,2026-10-18T19:00:00Z,14,0.766691,0.144425,0.092039,0.799831,0.126306,0.076926,0.764279,0.143971,0.09175,0.797389,0.12592,0.076691,"{""Betfair"": [1.24, 7.8, 11.5], ""Betfred (UK)"": [1.22, 6.5, 11.0], ""Betway"": [1.25, 6.0, 8.5], ""BoyleSports"": [1.22, 6.0, 9.0], ""Casumo"": [1.23, 6.75, 11.0], ""Grosvenor"": [1.24, 7.0, 11.5], ""LeoVegas"": [1.23, 6.0, 9.0], ""LiveScore Bet"": [1.21, 6.4, 10.0], ""Paddy Power"": [1.18, 7.0, 10.0], ""Sky Bet"": [1.2, 7.0, 10.5], ""Smarkets"": [1.23, 7.4, 11.0], ""Unibet (UK)"": [1.25, 6.0, 10.0], ""Virgin Bet"": [1.2, 6.1, 9.5], ""William Hill"": [1.25, 5.8, 9.5]}"
2026-10-09T06:16:33.795932+00:00,soccer_spain_la_liga-4a88bc4de574d43ef34677fd8d78722f-1x2,La Liga,Getafe v Rayo Vallecano,2026-10-19T19:00:00Z,13,0.341235,0.304329,0.356538,0.341832,0.302699,0.357981,0.340519,0.30369,0.35579,0.340975,0.30194,0.357084,"{""Betfair"": [2.92, 3.25, 2.74], ""Betway"": [2.7, 3.2, 2.5], ""BoyleSports"": [2.75, 3.0, 2.5], ""Casumo"": [2.7, 3.1, 2.75], ""Grosvenor"": [2.75, 3.2, 2.8], ""LeoVegas"": [2.75, 3.05, 2.55], ""LiveScore Bet"": [2.6, 3.0, 2.65], ""Paddy Power"": [2.7, 3.0, 2.62], ""Sky Bet"": [2.75, 3.1, 2.63], ""Smarkets"": [2.88, 3.15, 2.7], ""Unibet (UK)"": [2.8, 3.0, 2.55], ""Virgin Bet"": [2.6, 2.95, 2.63], ""William Hill"": [2.7, 3.0, 2.62]}"
2026-10-09T06:16:33.795932+00:00,soccer_italy_serie_a-2f8e871a0f7f66ae22938028645e1066-1x2,Serie A,Genoa v Fiorentina,2026-10-10T13:00:00Z,21,0.296216,0.289012,0.415347,0.294188,0.285723,0.418775,0.296046,0.288846,0.415109,0.294575,0.286099,0.419326,"{""888sport"": [3.0, 3.2, 2.25], ""Bet Victor"": [3.2, 3.3, 2.25], ""Betano (UK)"": [3.2, 3.3, 2.25], ""Betfair"": [3.45, 3.4, 2.38], ""Betfair Sportsbook"": [3.25, 3.3, 2.3], ""Betfred (UK)"": [3.1, 3.4, 2.3], ""Betway"": [3.2, 3.2, 2.25], ""BoyleSports"": [3.0, 3.0, 2.25], ""Casumo"": [3.15, 3.25, 2.25], ""Coral"": [3.1, 3.3, 2.3], ""Grosvenor"": [3.2, 3.3, 2.28], ""Ladbrokes"": [3.1, 3.3, 2.25], ""LeoVegas"": [3.05, 3.25, 2.3], ""LiveScore Bet"": [3.0, 3.05, 2.15], ""Matchbook"": [3.45, 3.4, 2.38], ""Paddy Power"": [3.2, 3.25, 2.25], ""Sky Bet"": [3.1, 3.2, 2.25], ""Smarkets"": [3.45, 3.4, 2.38], ""Unibet (UK)"": [3.2, 3.25, 2.3], ""Virgin Bet"": [3.0, 3.05, 2.15], ""William Hill"": [3.0, 3.2, 2.25]}"
2026-10-09T06:16:33.795932+00:00,soccer_italy_serie_a-1a01b0611dacd334e1558a5097e05023-1x2,Serie A,Inter Milan v Parma,2026-10-10T16:00:00Z,21,0.832517,0.111489,0.055441,0.869828,0.090983,0.039892,0.832978,0.111551,0.055471,0.869217,0.090919,0.039864,"{""888sport"": [1.14, 8.0, 15.0], ""Bet Victor"": [1.12, 9.0, 19.0], ""Betano (UK)"": [1.12, 9.0, 19.0], ""Betfair"": [1.15, 10.0, 23.0], ""Betfair Sportsbook"": [1.13, 9.5, 21.0], ""Betfred (UK)"": [1.14, 8.5, 17.0], ""Betway"": [1.13, 9.0, 15.0], ""BoyleSports"": [1.12, 8.5, 15.0], ""Casumo"": [1.13, 8.0, 18.0], ""Coral"": [1.15, 8.5, 15.0], ""Grosvenor"": [1.13, 8.5, 19.0], ""Ladbrokes"": [1.15, 8.0, 15.0], ""LeoVegas"": [1.13, 8.0, 15.0], ""LiveScore Bet"": [1.09, 7.0, 15.0], ""Matchbook"": [1.15, 10.0, 24.0], ""Paddy Power"": [1.11, 9.0, 19.0], ""Sky Bet"": [1.11, 8.5, 17.0], ""Smarkets"": [1.15, 10.0, 22.99], ""Unibet (UK)"": [1.14, 8.0, 17.0], ""Virgin Bet"": [1.09, 7.0, 15.0], ""William Hill"": [1.14, 8.0, 15.0]}"
2026-10-09T06:16:33.795932+00:00,soccer_italy_serie_a-40c1bd70fee927f9bfa8901edab02b48-1x2,Serie A,Napoli v Frosinone,2026-10-10T18:45:00Z,21,0.652884,0.197169,0.144152,0.674686,0.186612,0.132659,0.656689,0.198318,0.144992,0.678788,0.187746,0.133466,"{""888sport"": [1.44, 4.5, 6.0], ""Bet Victor"": [1.4, 4.8, 6.5], ""Betano (UK)"": [1.4, 4.8, 6.5], ""Betfair"": [1.49, 5.1, 7.0], ""Betfair Sportsbook"": [1.44, 4.75, 7.0], ""Betfred (UK)"": [1.44, 4.6, 6.5], ""Betway"": [1.45, 4.75, 6.0], ""BoyleSports"": [1.4, 4.75, 5.5], ""Casumo"": [1.41, 4.7, 6.75], ""Coral"": [1.44, 4.8, 6.5], ""Grosvenor"": [1.43, 4.9, 7.0], ""Ladbrokes"": [1.44, 4.6, 6.5], ""LeoVegas"": [1.44, 4.8, 6.0], ""LiveScore Bet"": [1.35, 4.3, 6.1], ""Matchbook"": [1.49, 5.1, 7.2], ""Paddy Power"": [1.4, 4.75, 6.5], ""Sky Bet"": [1.44, 4.6, 6.5], ""Smarkets"": [1.49, 5.1, 7.0], ""Unibet (UK)"": [1.45, 5.0, 6.0], ""Virgin Bet"": [1.35, 4.3, 6.1], ""William Hill"": [1.44, 4.5, 6.0]}"
2026-10-09T06:16:33.795932+00:00,soccer_italy_serie_a-2547c0dbddd26d23fa532228e36348cb-1x2,Serie A,Como v AS Roma,2026-10-11T10:30:00Z,21,0.371102,0.263409,0.365243,0.373705,0.26008,0.366318,0.371193,0.263474,0.365333,0.373667,0.260053,0.36628,"{""888sport"": [2.5, 3.4, 2.5], ""Bet Victor"": [2.5, 3.6, 2.5], ""Betano (UK)"": [2.5, 3.6, 2.5], ""Betfair"": [2.76, 3.65, 2.72], ""Betfair Sportsbook"": [2.63, 3.5, 2.63], ""Betfred (UK)"": [2.5, 3.6, 2.6], ""Betway"": [2.5, 3.5, 2.5], ""BoyleSports"": [2.4, 3.5, 2.4], ""Casumo"": [2.5, 3.55, 2.55], ""Coral"": [2.5, 3.7, 2.6], ""Grosvenor"": [2.55, 3.6, 2.6], ""Ladbrokes"": [2.5, 3.6, 2.5], ""LeoVegas"": [2.5, 3.5, 2.55], ""LiveScore Bet"": [2.43, 3.45, 2.5], ""Matchbook"": [2.74, 3.65, 2.72], ""Paddy Power"": [2.6, 3.4, 2.5], ""Sky Bet"": [2.6, 3.4, 2.6], ""Smarkets"": [2.76, 3.65, 2.72], ""Unibet (UK)"": [2.55, 3.5, 2.6], ""Virgin Bet"": [2.43, 3.45, 2.5], ""William Hill"": [2.5, 3.4, 2.5]}"
2026-10-09T06:16:33.795932+00:00,soccer_italy_serie_a-946716d7e5e52822f08be8cb95193d9d-1x2,Serie A,Lecce v Bologna,2026-10-11T13:00:00Z,21,0.225857,0.282684,0.496859,0.216705,0.277574,0.50704,0.224644,0.281165,0.49419,0.216419,0.277208,0.506372,"{""888sport"": [3.9, 3.25, 1.91], ""Bet Victor"": [4.1, 3.4, 1.87], ""Betano (UK)"": [4.1, 3.4, 1.87], ""Betfair"": [4.6, 3.5, 1.97], ""Betfair Sportsbook"": [4.5, 3.4, 1.91], ""Betfred (UK)"": [3.75, 3.4, 2.0], ""Betway"": [4.33, 3.25, 1.88], ""BoyleSports"": [4.0, 3.0, 1.91], ""Casumo"": [4.1, 3.35, 1.87], ""Coral"": [4.2, 3.3, 1.95], ""Grosvenor"": [4.25, 3.45, 1.88], ""Ladbrokes"": [4.2, 3.25, 1.95], ""LeoVegas"": [3.95, 3.35, 1.91], ""LiveScore Bet"": [4.0, 3.25, 1.83], ""Matchbook"": [4.6, 3.5, 1.97], ""Paddy Power"": [4.33, 3.3, 1.85], ""Sky Bet"": [4.2, 3.25, 1.85], ""Smarkets"": [4.6, 3.5, 1.97], ""Unibet (UK)"": [4.2, 3.4, 1.9], ""Virgin Bet"": [4.0, 3.25, 1.83], ""William Hill"": [3.9, 3.25, 1.91]}"
2026-10-09T06:16:33.795932+00:00,soccer_italy_serie_a-c0f72699f32ec193b64fd54092fe268d-1x2,Serie A,Lazio v Monza,2026-10-11T13:00:00Z,21,0.594434,0.23728,0.168052,0.611726,0.230172,0.157255,0.594574,0.237335,0.168091,0.612245,0.230367,0.157388,"{""888sport"": [1.53, 3.8, 5.5], ""Bet Victor"": [1.55, 4.0, 5.75], ""Betano (UK)"": [1.55, 4.0, 5.75], ""Betfair"": [1.63, 4.2, 6.2], ""Betfair Sportsbook"": [1.6, 4.0, 6.0], ""Betfred (UK)"": [1.57, 4.0, 6.0], ""Betway"": [1.55, 4.0, 5.5], ""BoyleSports"": [1.55, 3.8, 5.0], ""Casumo"": [1.61, 3.85, 5.25], ""Coral"": [1.6, 4.0, 5.5], ""Grosvenor"": [1.64, 4.0, 5.5], ""Ladbrokes"": [1.6, 4.0, 5.5], ""LeoVegas"": [1.57, 4.0, 5.4], ""LiveScore Bet"": [1.58, 3.7, 5.0], ""Matchbook"": [1.63, 4.2, 6.2], ""Paddy Power"": [1.57, 3.8, 5.5], ""Sky Bet"": [1.57, 3.9, 5.75], ""Smarkets"": [1.63, 4.2, 6.2], ""Unibet (UK)"": [1.58, 4.0, 5.5], ""Virgin Bet"": [1.58, 3.7, 5.0], ""William Hill"": [1.55, 3.8, 5.5]}"
2026-10-09T06:16:33.795932+00:00,soccer_italy_serie_a-1cf64166dda1e0da8b325161deb39662-1x2,Serie A,Sassuolo v AC Milan,2026-10-11T16:00:00Z,21,0.230769,0.251221,0.518987,0.224133,0.249185,0.530962,0.230544,0.250976,0.51848,0.223178,0.248123,0.528699,"{""888sport"": [4.0, 3.6, 1.8], ""Bet Victor"": [4.0, 3.7, 1.8], ""Betano (UK)"": [4.0, 3.7, 1.8], ""Betfair"": [4.4, 3.95, 1.89], ""Betfair Sportsbook"": [4.2, 3.8, 1.83], ""Betfred (UK)"": [4.0, 3.75, 1.83], ""Betway"": [4.0, 3.8, 1.8], ""BoyleSports"": [3.75, 3.75, 1.75], ""Casumo"": [4.2, 3.65, 1.79], ""Coral"": [4.2, 3.8, 1.8], ""Grosvenor"": [4.3, 3.7, 1.8], ""Ladbrokes"": [4.0, 3.8, 1.8], ""LeoVegas"": [3.95, 3.65, 1.83], ""LiveScore Bet"": [4.1, 3.5, 1.75], ""Matchbook"": [4.4, 3.95, 1.89], ""Paddy Power"": [4.0, 3.7, 1.8], ""Sky Bet"": [4.0, 3.6, 1.8], ""Smarkets"": [4.4, 3.95, 1.89], ""Unibet (UK)"": [4.2, 3.7, 1.83], ""Virgin Bet"": [4.1, 3.5, 1.75], ""William Hill"": [4.0, 3.6, 1.8]}"
2026-10-09T06:16:33.795932+00:00,soccer_italy_serie_a-407f7d03157d1dfad384876e6a6bc910-1x2,Serie A,Cagliari v Juventus,2026-10-11T18:45:00Z,21,0.156962,0.241691,0.60327,0.147154,0.231434,0.620045,0.156661,0.241227,0.602112,0.147355,0.231751,0.620894,"{""888sport"": [6.0, 3.8, 1.53], ""Bet Victor"": [6.0, 3.9, 1.53], ""Betano (UK)"": [6.0, 3.9, 1.53], ""Betfair"": [7.0, 4.0, 1.61], ""Betfair Sportsbook"": [6.0, 4.0, 1.57], ""Betfred (UK)"": [6.0, 4.0, 1.57], ""Betway"": [6.0, 4.0, 1.55], ""BoyleSports"": [5.5, 3.8, 1.53], ""Casumo"": [5.75, 3.85, 1.56], ""Coral"": [6.0, 3.9, 1.57], ""Grosvenor"": [5.8, 3.95, 1.57], ""Ladbrokes"": [6.0, 3.9, 1.57], ""LeoVegas"": [5.75, 3.85, 1.55], ""LiveScore Bet"": [5.4, 3.7, 1.54], ""Matchbook"": [7.0, 4.0, 1.61], ""Paddy Power"": [6.0, 3.8, 1.53], ""Sky Bet"": [6.0, 3.9, 1.55], ""Smarkets"": [7.0, 4.0, 1.61], ""Unibet (UK)"": [6.0, 3.9, 1.55], ""Virgin Bet"": [5.4, 3.7, 1.54], ""William Hill"": [6.0, 3.8, 1.55]}"
2026-10-09T06:16:33.795932+00:00,soccer_italy_serie_a-0f2e7ff90b994f31d5cd48a9680943e1-1x2,Serie A,Atalanta BC v Venezia,2026-10-12T16:30:00Z,21,0.60658,0.225286,0.173208,0.621354,0.212529,0.165525,0.603517,0.224149,0.172334,0.621722,0.212655,0.165623,"{""888sport"": [1.53, 4.2, 5.0], ""Bet Victor"": [1.53, 4.33, 5.25], ""Betano (UK)"": [1.53, 4.33, 5.25], ""Betfair"": [1.6, 4.3, 6.2], ""Betfair Sportsbook"": [1.57, 4.2, 6.0], ""Betfred (UK)"": [1.57, 4.33, 5.5], ""Betway"": [1.55, 4.0, 5.5], ""BoyleSports"": [1.53, 4.0, 5.0], ""Casumo"": [1.56, 4.2, 5.0], ""Coral"": [1.57, 4.2, 5.5], ""Grosvenor"": [1.57, 4.3, 5.2], ""Ladbrokes"": [1.57, 4.2, 5.5], ""LeoVegas"": [1.53, 4.33, 5.2], ""LiveScore Bet"": [1.54, 4.0, 4.8], ""Matchbook"": [1.6, 4.3, 6.2], ""Paddy Power"": [1.5, 4.0, 5.5], ""Sky Bet"": [1.53, 4.0, 5.75], ""Smarkets"": [1.59, 4.3, 6.2], ""Unibet (UK)"": [1.55, 4.35, 5.5], ""Virgin Bet"": [1.54, 4.0, 4.8], ""William Hill"": [1.55, 4.2, 5.0]}"
2026-10-09T06:16:33.795932+00:00,soccer_italy_serie_a-f4a28510bb0c835280a2aca709c19d50-1x2,Serie A,Torino v Udinese,2026-10-12T18:45:00Z,20,0.402597,0.295559,0.299428,0.407802,0.294176,0.296916,0.403573,0.296275,0.300153,0.408254,0.294502,0.297245,"{""888sport"": [2.3, 3.1, 3.1], ""Bet Victor"": [2.25, 3.25, 3.1], ""Betano (UK)"": [2.25, 3.25, 3.1], ""Betfair"": [2.44, 3.35, 3.35], ""Betfred (UK)"": [2.3, 3.3, 3.2], ""Betway"": [2.3, 3.1, 3.1], ""BoyleSports"": [2.2, 3.0, 3.1], ""Casumo"": [2.35, 3.2, 3.0], ""Coral"": [2.37, 3.25, 3.1], ""Grosvenor"": [2.38, 3.25, 3.05], ""Ladbrokes"": [2.3, 3.25, 3.0], ""LeoVegas"": [2.38, 3.1, 3.0], ""LiveScore Bet"": [2.3, 3.1, 2.9], ""Matchbook"": [2.44, 3.35, 3.35], ""Paddy Power"": [2.3, 3.1, 3.1], ""Sky Bet"": [2.3, 3.1, 3.1], ""Smarkets"": [2.44, 3.35, 3.35], ""Unibet (UK)"": [2.35, 3.2, 3.1], ""Virgin Bet"": [2.3, 3.1, 2.9], ""William Hill"": [2.3, 3.1, 3.1]}"
2026-10-09T06:16:33.795932+00:00,soccer_italy_serie_a-7d3160040958fe21778fd5ee485666c3-1x2,Serie A,Frosinone v Sassuolo,2026-10-16T18:45:00Z,15,0.388409,0.266338,0.341463,0.392197,0.262011,0.341817,0.389887,0.267351,0.342762,0.393762,0.263057,0.343181,"{""888sport"": [2.4, 3.3, 2.75], ""Betfair"": [2.4, 3.7, 2.86], ""Betfred (UK)"": [2.4, 3.6, 2.75], ""Betway"": [2.38, 3.4, 2.7], ""BoyleSports"": [2.2, 3.4, 2.6], ""Casumo"": [2.45, 3.35, 2.7], ""Grosvenor"": [2.5, 3.45, 2.75], ""LeoVegas"": [2.35, 3.5, 2.65], ""LiveScore Bet"": [2.4, 3.25, 2.63], ""Paddy Power"": [2.3, 3.5, 2.75], ""Sky Bet"": [2.3, 3.5, 2.8], ""Smarkets"": [2.38, 3.65, 2.8], ""Unibet (UK)"": [2.4, 3.5, 2.7], ""Virgin Bet"": [2.4, 3.25, 2.63], ""William Hill"": [2.4, 3.3, 2.75]}"
2026-10-09T06:16:33.795932+00:00,soccer_italy_serie_a-907639dade64cca45d1ab639195d201e-1x2,Serie A,Venezia v Napoli,2026-10-17T13:00:00Z,15,0.210396,0.243138,0.549617,0.198598,0.235839,0.565067,0.209735,0.242374,0.547891,0.198697,0.235956,0.565347,"{""888sport"": [4.33, 3.8, 1.7], ""Betfair"": [4.8, 4.0, 1.75], ""Betfred (UK)"": [4.5, 4.0, 1.73], ""Betway"": [4.2, 4.0, 1.7], ""BoyleSports"": [4.2, 3.8, 1.62], ""Casumo"": [4.5, 3.8, 1.7], ""Grosvenor"": [4.7, 3.95, 1.74], ""LeoVegas"": [4.33, 3.85, 1.67], ""LiveScore Bet"": [4.3, 3.65, 1.67], ""Paddy Power"": [4.5, 3.75, 1.67], ""Sky Bet"": [4.6, 3.75, 1.7], ""Smarkets"": [4.7, 3.95, 1.72], ""Unibet (UK)"": [4.5, 3.9, 1.7], ""Virgin Bet"": [4.3, 3.65, 1.67], ""William Hill"": [4.33, 3.8, 1.7]}"
2026-10-09T06:16:33.795932+00:00,soccer_italy_serie_a-bfefc309177723410230fee52f650315-1x2,Serie A,Bologna v Inter Milan,2026-10-17T16:00:00Z,15,0.187392,0.235659,0.57817,0.175289,0.226047,0.599765,0.187163,0.235372,0.577465,0.175096,0.225799,0.599105,"{""888sport"": [4.8, 3.75, 1.65], ""Betfair"": [5.5, 4.1, 1.61], ""Betfred (UK)"": [5.0, 4.2, 1.62], ""Betway"": [5.0, 3.8, 1.61], ""BoyleSports"": [4.75, 3.8, 1.57], ""Casumo"": [5.0, 3.95, 1.61], ""Grosvenor"": [5.25, 4.1, 1.65], ""LeoVegas"": [4.75, 3.95, 1.6], ""LiveScore Bet"": [4.75, 3.8, 1.58], ""Paddy Power"": [5.0, 4.2, 1.5], ""Sky Bet"": [5.0, 4.33, 1.55], ""Smarkets"": [5.3, 3.95, 1.59], ""Unibet (UK)"": [5.0, 4.0, 1.62], ""Virgin Bet"": [4.75, 3.8, 1.58], ""William Hill"": [4.8, 3.75, 1.65]}"
2026-10-09T06:16:33.795932+00:00,soccer_italy_serie_a-18d478f469da3bcc654dd4555b85c7e3-1x2,Serie A,AS Roma v Genoa,2026-10-17T18:45:00Z,15,0.716789,0.182064,0.101784,0.750459,0.161815,0.087972,0.716332,0.181948,0.101719,0.750274,0.161776,0.08795,"{""888sport"": [1.33, 4.8, 8.5], ""Betfair"": [1.31, 5.7, 9.4], ""Betfred (UK)"": [1.3, 5.5, 9.5], ""Betway"": [1.3, 5.25, 7.5], ""BoyleSports"": [1.3, 5.0, 8.0], ""Casumo"": [1.29, 5.25, 10.0], ""Grosvenor"": [1.3, 5.5, 10.5], ""LeoVegas"": [1.32, 5.0, 7.5], ""LiveScore Bet"": [1.27, 5.0, 9.0], ""Paddy Power"": [1.22, 5.5, 10.0], ""Sky Bet"": [1.25, 5.5, 9.5], ""Smarkets"": [1.29, 4.9, 8.6], ""Unibet (UK)"": [1.33, 5.0, 8.0], ""Virgin Bet"": [1.27, 5.0, 9.0], ""William Hill"": [1.33, 4.8, 8.5]}"
2026-10-09T06:16:33.795932+00:00,soccer_italy_serie_a-367da93aa21a1e13eeafb94fd2263c75-1x2,Serie A,Udinese v Lecce,2026-10-18T10:30:00Z,15,0.504585,0.267203,0.230487,0.518881,0.261424,0.222122,0.50344,0.266596,0.229964,0.517625,0.260791,0.221584,"{""888sport"": [1.85, 3.4, 3.9], ""Betfair"": [1.89, 3.65, 4.4], ""Betfred (UK)"": [1.9, 3.6, 4.0], ""Betway"": [1.83, 3.6, 3.8], ""BoyleSports"": [1.83, 3.4, 3.8], ""Casumo"": [1.83, 3.5, 4.2], ""Grosvenor"": [1.88, 3.6, 4.35], ""LeoVegas"": [1.85, 3.4, 4.0], ""LiveScore Bet"": [1.79, 3.35, 4.0], ""Paddy Power"": [1.83, 3.5, 4.0], ""Sky Bet"": [1.85, 3.5, 4.0], ""Smarkets"": [1.85, 3.5, 4.2], ""Unibet (UK)"": [1.85, 3.5, 4.2], ""Virgin Bet"": [1.79, 3.35, 4.0], ""William Hill"": [1.85, 3.4, 3.9]}"
2026-10-09T06:16:33.795932+00:00,soccer_italy_serie_a-3ea32a0aa44a5f0ef7fd088155430087-1x2,Serie A,Fiorentina v Como,2026-10-18T13:00:00Z,15,0.281483,0.262425,0.458073,0.277275,0.255711,0.468699,0.280926,0.261906,0.457167,0.276808,0.255281,0.467911,"{""888sport"": [3.3, 3.5, 2.05], ""Betfair"": [3.35, 3.7, 2.08], ""Betfred (UK)"": [3.3, 3.75, 2.05], ""Betway"": [3.2, 3.6, 2.0], ""BoyleSports"": [3.1, 3.5, 1.95], ""Casumo"": [3.5, 3.55, 1.96], ""Grosvenor"": [3.65, 3.7, 2.02], ""LeoVegas"": [3.15, 3.45, 2.08], ""LiveScore Bet"": [3.4, 3.45, 1.93], ""Paddy Power"": [3.3, 3.5, 2.0], ""Sky Bet"": [3.4, 3.5, 2.05], ""Smarkets"": [3.25, 3.65, 2.06], ""Unibet (UK)"": [3.25, 3.5, 2.08], ""Virgin Bet"": [3.4, 3.45, 1.93], ""William Hill"": [3.3, 3.5, 2.05]}"
2026-10-09T06:16:33.795932+00:00,soccer_italy_serie_a-f9403dd597edbfaa73abdc974e55344c-1x2,Serie A,AC Milan v Atalanta BC,2026-10-18T16:00:00Z,15,0.510067,0.255474,0.230115,0.529718,0.249134,0.222767,0.512292,0.256589,0.231119,0.528862,0.248731,0.222407,"{""888sport"": [1.85, 3.4, 3.9], ""Betfair"": [1.9, 3.7, 4.2], ""Betfred (UK)"": [1.83, 3.75, 4.2], ""Betway"": [1.8, 3.6, 3.8], ""BoyleSports"": [1.75, 3.5, 3.8], ""Casumo"": [1.78, 3.7, 4.1], ""Grosvenor"": [1.8, 3.75, 4.25], ""LeoVegas"": [1.88, 3.55, 3.7], ""LiveScore Bet"": [1.75, 3.55, 3.95], ""Paddy Power"": [1.75, 3.6, 4.2], ""Sky Bet"": [1.8, 3.6, 4.2], ""Smarkets"": [1.92, 3.65, 4.0], ""Unibet (UK)"": [1.88, 3.6, 3.8], ""Virgin Bet"": [1.75, 3.55, 3.95], ""William Hill"": [1.85, 3.4, 3.9]}"
2026-10-09T06:16:33.795932+00:00,soccer_italy_serie_a-4c4026e2782f09d6f0ff2bde2a390513-1x2,Serie A,Juventus v Lazio,2026-10-18T18:45:00Z,15,0.570939,0.248588,0.185015,0.584801,0.240618,0.172567,0.568358,0.247464,0.184178,0.585981,0.241103,0.172915,"{""888sport"": [1.61, 3.8, 5.0], ""Betfair"": [1.66, 3.85, 5.8], ""Betfred (UK)"": [1.67, 4.0, 5.0], ""Betway"": [1.61, 3.8, 5.0], ""BoyleSports"": [1.6, 3.75, 5.0], ""Casumo"": [1.65, 3.7, 5.1], ""Grosvenor"": [1.68, 3.85, 5.4], ""LeoVegas"": [1.62, 3.75, 4.9], ""LiveScore Bet"": [1.62, 3.55, 4.9], ""Paddy Power"": [1.65, 3.75, 4.75], ""Sky Bet"": [1.67, 3.75, 5.0], ""Smarkets"": [1.65, 3.8, 5.7], ""Unibet (UK)"": [1.65, 3.75, 5.0], ""Virgin Bet"": [1.62, 3.55, 4.9], ""William Hill"": [1.62, 3.8, 5.0]}"
2026-10-09T06:16:33.795932+00:00,soccer_italy_serie_a-ce94aca384a20f6af459366da6e1dd21-1x2,Serie A,Monza v Cagliari,2026-10-19T16:30:00Z,15,0.421208,0.297318,0.28121,0.426386,0.293718,0.275408,0.421319,0.297397,0.281284,0.428308,0.295042,0.276649,"{""888sport"": [2.2, 3.0, 3.3], ""Betfair"": [2.42, 3.2, 3.35], ""Betfred (UK)"": [2.25, 3.3, 3.25], ""Betway"": [2.15, 3.1, 3.3], ""BoyleSports"": [2.1, 3.1, 3.2], ""Casumo"": [2.14, 3.15, 3.5], ""Grosvenor"": [2.16, 3.2, 3.6], ""LeoVegas"": [2.2, 3.15, 3.2], ""LiveScore Bet"": [2.08, 3.05, 3.4], ""Paddy Power"": [2.25, 3.0, 3.2], ""Sky Bet"": [2.3, 3.0, 3.2], ""Smarkets"": [2.4, 3.15, 3.3], ""Unibet (UK)"": [2.2, 3.2, 3.25], ""Virgin Bet"": [2.08, 3.05, 3.4], ""William Hill"": [2.2, 3.0, 3.3]}"
2026-10-09T06:16:33.795932+00:00,soccer_italy_serie_a-07014d9adc65ca39710bd9f0c7c0d3f0-1x2,Serie A,Parma v Torino,2026-10-19T18:45:00Z,15,0.30527,0.305615,0.392157,0.303257,0.303055,0.394774,0.304344,0.304688,0.390968,0.302928,0.302726,0.394346,"{""888sport"": [3.0, 3.0, 2.4], ""Betfair"": [3.2, 3.1, 2.44], ""Betfred (UK)"": [3.0, 3.2, 2.4], ""Betway"": [3.1, 3.0, 2.38], ""BoyleSports"": [3.0, 2.9, 2.38], ""Casumo"": [3.05, 3.1, 2.35], ""Grosvenor"": [3.1, 3.15, 2.4], ""LeoVegas"": [2.88, 3.1, 2.38], ""LiveScore Bet"": [2.95, 3.0, 2.3], ""Paddy Power"": [3.1, 3.0, 2.3], ""Sky Bet"": [3.2, 3.0, 2.3], ""Smarkets"": [3.1, 2.9, 2.4], ""Unibet (UK)"": [2.9, 3.1, 2.4], ""Virgin Bet"": [2.95, 3.0, 2.3], ""William Hill"": [3.0, 3.0, 2.4]}"
2026-10-09T06:16:33.795932+00:00,soccer_portugal_primeira_liga-0956c06cd173899e11422bece0fbf94f-1x2,Primeira Liga,Moreirense FC v Gil Vicente,2026-10-09T17:45:00Z,20,0.272948,0.295163,0.433007,0.268792,0.291643,0.438663,0.272643,0.294834,0.432523,0.269035,0.291906,0.439059,"{""888sport"": [3.4, 3.1, 2.15], ""Bet Victor"": [3.4, 3.1, 2.1], ""Betano (UK)"": [3.4, 3.1, 2.1], ""Betfair"": [3.85, 3.25, 2.24], ""Betfair Sportsbook"": [3.5, 3.3, 2.15], ""Betfred (UK)"": [3.3, 3.2, 2.1], ""Betway"": [3.5, 3.2, 2.1], ""BoyleSports"": [3.5, 3.1, 2.05], ""Casumo"": [3.25, 3.05, 2.28], ""Coral"": [3.4, 3.25, 2.2], ""Grosvenor"": [3.25, 3.05, 2.28], ""Ladbrokes"": [3.4, 3.25, 2.2], ""LiveScore Bet"": [3.15, 2.95, 2.23], ""Matchbook"": [3.8, 3.25, 2.22], ""Paddy Power"": [3.4, 3.3, 2.1], ""Sky Bet"": [3.2, 3.4, 2.2], ""Smarkets"": [3.75, 3.25, 2.24], ""Unibet (UK)"": [3.4, 3.2, 2.2], ""Virgin Bet"": [3.25, 3.05, 2.28], ""William Hill"": [3.4, 3.1, 2.15]}"
2026-10-09T06:16:33.795932+00:00,soccer_portugal_primeira_liga-b4d52d1abd5efcd669a093139239c7b0-1x2,Primeira Liga,Braga v Sporting Lisbon,2026-10-09T19:15:00Z,20,0.306321,0.281473,0.41228,0.303918,0.27754,0.416542,0.306298,0.281452,0.41225,0.304527,0.278096,0.417377,"{""888sport"": [3.0, 3.25, 2.25], ""Bet Victor"": [2.9, 3.25, 2.25], ""Betano (UK)"": [2.9, 3.25, 2.25], ""Betfair"": [3.3, 3.5, 2.38], ""Betfair Sportsbook"": [3.1, 3.3, 2.3], ""Betfred (UK)"": [3.0, 3.3, 2.2], ""Betway"": [3.0, 3.25, 2.3], ""BoyleSports"": [2.9, 3.2, 2.2], ""Casumo"": [3.25, 3.45, 2.12], ""Coral"": [3.0, 3.4, 2.3], ""Grosvenor"": [3.25, 3.45, 2.0], ""Ladbrokes"": [3.0, 3.3, 2.3], ""LiveScore Bet"": [3.25, 3.45, 2.12], ""Matchbook"": [3.35, 3.5, 2.38], ""Paddy Power"": [3.1, 3.3, 2.25], ""Sky Bet"": [3.0, 3.4, 2.2], ""Smarkets"": [3.25, 3.5, 2.38], ""Unibet (UK)"": [3.0, 3.3, 2.3], ""Virgin Bet"": [3.25, 3.45, 2.12], ""William Hill"": [3.0, 3.25, 2.25]}"
2026-10-09T06:16:33.795932+00:00,soccer_portugal_primeira_liga-710dd3ffd365c610f1969a86cd70e074-1x2,Primeira Liga,Casa Pia v Santa Clara,2026-10-10T14:30:00Z,20,0.211675,0.281204,0.507154,0.204643,0.275512,0.518344,0.211668,0.281195,0.507137,0.204951,0.275926,0.519123,"{""888sport"": [4.2, 3.2, 1.85], ""Bet Victor"": [4.33, 3.25, 1.8], ""Betano (UK)"": [4.33, 3.25, 1.8], ""Betfair"": [4.7, 3.45, 1.89], ""Betfair Sportsbook"": [4.4, 3.3, 1.85], ""Betfred (UK)"": [4.2, 3.25, 1.83], ""Betway"": [4.5, 3.5, 1.8], ""BoyleSports"": [4.2, 3.3, 1.8], ""Casumo"": [4.5, 3.4, 1.82], ""Coral"": [4.4, 3.3, 1.91], ""Grosvenor"": [4.5, 3.4, 1.82], ""Ladbrokes"": [4.33, 3.25, 1.91], ""LiveScore Bet"": [4.35, 3.25, 1.77], ""Matchbook"": [4.7, 3.5, 1.9], ""Paddy Power"": [4.4, 3.3, 1.85], ""Sky Bet"": [4.2, 3.25, 1.83], ""Smarkets"": [4.5, 3.45, 1.85], ""Unibet (UK)"": [4.35, 3.25, 1.9], ""Virgin Bet"": [4.5, 3.4, 1.82], ""William Hill"": [4.2, 3.2, 1.85]}"
2026-10-09T06:16:33.795932+00:00,soccer_portugal_primeira_liga-d9bfec13c112810701ee7e60f02bffa5-1x2,Primeira Liga,CS Maritimo v FC Porto,2026-10-10T17:00:00Z,20,0.096275,0.190211,0.712798,0.082006,0.176094,0.742803,0.096344,0.190347,0.713309,0.081932,0.175935,0.742133,"{""888sport"": [9.0, 5.0, 1.3], ""Bet Victor"": [9.0, 4.6, 1.3], ""Betano (UK)"": [9.0, 4.6, 1.3], ""Betfair"": [11.0, 5.1, 1.35], ""Betfair Sportsbook"": [10.5, 5.0, 1.29], ""Betfred (UK)"": [9.5, 4.6, 1.3], ""Betway"": [9.0, 4.75, 1.33], ""BoyleSports"": [8.5, 4.5, 1.33], ""Casumo"": [10.5, 5.0, 1.3], ""Coral"": [10.0, 5.0, 1.33], ""Grosvenor"": [10.5, 5.0, 1.3], ""Ladbrokes"": [9.5, 5.0, 1.33], ""LiveScore Bet"": [9.5, 4.8, 1.28], ""Matchbook"": [11.5, 5.1, 1.35], ""Paddy Power"": [10.0, 5.0, 1.29], ""Sky Bet"": [9.0, 4.75, 1.29], ""Smarkets"": [10.5, 5.0, 1.32], ""Unibet (UK)"": [9.5, 4.75, 1.33], ""Virgin Bet"": [10.5, 5.0, 1.3], ""William Hill"": [9.0, 5.0, 1.3]}"
2026-10-09T06:16:33.795932+00:00,soccer_portugal_primeira_liga-2444214363711d31867a9df8c712ec8d-1x2,Primeira Liga,Académico de Viseu v Estoril,2026-10-10T19:30:00Z,20,0.409607,0.277423,0.311972,0.413622,0.272787,0.310153,0.410016,0.277701,0.312283,0.415049,0.273728,0.311223,"{""888sport"": [2.25, 3.3, 2.9], ""Bet Victor"": [2.2, 3.3, 3.0], ""Betano (UK)"": [2.2, 3.3, 3.0], ""Betfair"": [2.34, 3.35, 3.15], ""Betfair Sportsbook"": [2.2, 3.5, 3.0], ""Betfred (UK)"": [2.2, 3.4, 2.88], ""Betway"": [2.25, 3.4, 3.0], ""BoyleSports"": [2.15, 3.25, 2.9], ""Casumo"": [2.4, 3.35, 2.88], ""Coral"": [2.3, 3.4, 2.9], ""Grosvenor"": [2.4, 3.35, 2.88], ""Ladbrokes"": [2.3, 3.4, 2.9], ""LiveScore Bet"": [2.33, 3.25, 2.8], ""Matchbook"": [2.34, 3.35, 3.15], ""Paddy Power"": [2.2, 3.5, 3.0], ""Sky Bet"": [2.2, 3.4, 3.0], ""Smarkets"": [2.28, 3.3, 2.96], ""Unibet (UK)"": [2.25, 3.4, 3.1], ""Virgin Bet"": [2.4, 3.35, 2.88], ""William Hill"": [2.25, 3.3, 2.9]}"
2026-10-09T06:16:33.795932+00:00,soccer_portugal_primeira_liga-5ecd75456d38ef4c394e502ecdd8937c-1x2,Primeira Liga,Rio Ave FC v Nacional,2026-10-11T14:30:00Z,19,0.406576,0.289479,0.302932,0.414572,0.28608,0.2998,0.406988,0.289773,0.303239,0.414385,0.28595,0.299665,"{""888sport"": [2.25, 3.2, 3.1], ""Bet Victor"": [2.25, 3.12, 3.0], ""Betano (UK)"": [2.25, 3.12, 3.0], ""Betfair"": [2.34, 3.1, 2.82], ""Betfair Sportsbook"": [2.25, 3.3, 3.2], ""Betfred (UK)"": [2.2, 3.25, 3.1], ""Betway"": [2.25, 3.2, 3.1], ""BoyleSports"": [2.25, 3.1, 3.0], ""Casumo"": [2.33, 3.3, 3.0], ""Coral"": [2.3, 3.3, 3.1], ""Grosvenor"": [2.33, 3.3, 3.0], ""Ladbrokes"": [2.3, 3.3, 3.1], ""LiveScore Bet"": [2.28, 3.2, 2.88], ""Matchbook"": [2.34, 3.15, 3.2], ""Paddy Power"": [2.25, 3.25, 3.1], ""Sky Bet"": [2.25, 3.2, 3.1], ""Smarkets"": [2.2, 3.05, 2.98], ""Virgin Bet"": [2.33, 3.3, 3.0], ""William Hill"": [2.25, 3.2, 3.1]}"
2026-10-09T06:16:33.795932+00:00,soccer_portugal_primeira_liga-5696ee371ba00ede3dc8a64d24ce79f1-1x2,Primeira Liga,Benfica v Vitória SC,2026-10-11T17:00:00Z,20,0.772619,0.14444,0.078912,0.819918,0.123291,0.056633,0.775744,0.145024,0.079231,0.820047,0.123311,0.056642,"{""888sport"": [1.22, 6.0, 11.0], ""Bet Victor"": [1.18, 6.0, 11.5], ""Betano (UK)"": [1.18, 6.0, 11.5], ""Betfair"": [1.21, 7.4, 15.5], ""Betfair Sportsbook"": [1.18, 6.5, 13.0], ""Betfred (UK)"": [1.2, 6.0, 11.0], ""Betway"": [1.22, 6.5, 10.0], ""BoyleSports"": [1.22, 6.0, 10.0], ""Casumo"": [1.18, 7.0, 14.0], ""Coral"": [1.25, 6.0, 12.0], ""Grosvenor"": [1.18, 7.0, 14.0], ""Ladbrokes"": [1.25, 6.0, 12.0], ""LiveScore Bet"": [1.16, 6.5, 12.5], ""Matchbook"": [1.21, 7.4, 16.5], ""Paddy Power"": [1.17, 6.5, 13.0], ""Sky Bet"": [1.2, 6.25, 11.0], ""Smarkets"": [1.2, 7.2, 14.99], ""Unibet (UK)"": [1.22, 6.5, 12.0], ""Virgin Bet"": [1.18, 7.0, 14.0], ""William Hill"": [1.22, 6.0, 11.0]}"
2026-10-09T06:16:33.795932+00:00,soccer_portugal_primeira_liga-2aa9808e7e84598f45ccf338a9b8912a-1x2,Primeira Liga,Arouca v CF Estrela,2026-10-11T19:30:00Z,20,0.444886,0.275173,0.2833,0.454993,0.270112,0.279302,0.443397,0.274252,0.282351,0.452997,0.268927,0.278076,"{""888sport"": [2.1, 3.3, 3.25], ""Bet Victor"": [2.05, 3.3, 3.25], ""Betano (UK)"": [2.05, 3.3, 3.25], ""Betfair"": [2.08, 3.45, 3.45], ""Betfair Sportsbook"": [2.1, 3.5, 3.3], ""Betfred (UK)"": [2.05, 3.5, 3.2], ""Betway"": [2.05, 3.5, 3.3], ""BoyleSports"": [2.0, 3.4, 3.2], ""Casumo"": [2.12, 3.4, 3.3], ""Coral"": [2.2, 3.4, 3.25], ""Grosvenor"": [2.12, 3.4, 3.3], ""Ladbrokes"": [2.2, 3.3, 3.25], ""LiveScore Bet"": [2.12, 3.4, 3.3], ""Matchbook"": [2.08, 3.5, 3.45], ""Paddy Power"": [2.05, 3.5, 3.25], ""Sky Bet"": [2.05, 3.4, 3.2], ""Smarkets"": [2.04, 3.4, 3.4], ""Unibet (UK)"": [2.1, 3.4, 3.4], ""Virgin Bet"": [2.12, 3.4, 3.3], ""William Hill"": [2.1, 3.3, 3.25]}"
2026-10-09T06:16:33.795932+00:00,soccer_portugal_primeira_liga-789c3dd95a7fcef675ce5a40b07371a2-1x2,Primeira Liga,Famalicão v Alverca,2026-10-12T19:15:00Z,18,0.508017,0.272241,0.216354,0.523189,0.267001,0.208663,0.509744,0.273166,0.21709,0.52379,0.267307,0.208903,"{""888sport"": [1.8, 3.4, 4.4], ""Bet Victor"": [1.8, 3.4, 4.1], ""Betano (UK)"": [1.8, 3.4, 4.1], ""Betfair"": [1.94, 3.2, 1.53], ""Betfair Sportsbook"": [1.85, 3.5, 4.2], ""Betfred (UK)"": [1.83, 3.4, 4.0], ""BoyleSports"": [1.75, 3.3, 4.5], ""Casumo"": [1.83, 3.45, 4.35], ""Coral"": [1.85, 3.4, 4.6], ""Grosvenor"": [1.83, 3.45, 4.35], ""Ladbrokes"": [1.83, 3.3, 4.5], ""LiveScore Bet"": [1.79, 3.3, 4.2], ""Paddy Power"": [1.85, 3.5, 4.0], ""Sky Bet"": [1.8, 3.3, 3.8], ""Smarkets"": [1.77, 3.1, 4.0], ""Unibet (UK)"": [1.85, 3.4, 4.35], ""Virgin Bet"": [1.84, 3.45, 4.35], ""William Hill"": [1.8, 3.4, 4.4]}"
2026-10-09T06:16:33.795932+00:00,soccer_belgium_first_div-13f6082d5c8639fefe5928313d221b44-1x2,Belgian Pro League,SK Beveren v Lommel SK,2026-10-09T18:45:00Z,19,0.516721,0.24569,0.23726,0.533136,0.237616,0.232067,0.516891,0.245771,0.237338,0.531637,0.236948,0.231415,"{""888sport"": [1.8, 3.75, 3.8], ""Bet Victor"": [1.75, 3.8, 3.9], ""Betano (UK)"": [1.75, 3.8, 3.9], ""Betfair"": [1.85, 4.1, 4.2], ""Betfair Sportsbook"": [1.8, 3.75, 3.6], ""Betfred (UK)"": [1.8, 3.75, 3.75], ""BoyleSports"": [1.7, 3.8, 3.6], ""Casumo"": [1.79, 3.75, 4.0], ""Coral"": [1.85, 3.8, 4.0], ""Grosvenor"": [1.81, 3.85, 4.1], ""Ladbrokes"": [1.83, 3.75, 3.9], ""LiveScore Bet"": [1.74, 3.6, 3.85], ""Matchbook"": [1.85, 4.1, 4.2], ""Paddy Power"": [1.8, 3.75, 3.6], ""Sky Bet"": [1.8, 3.6, 3.5], ""Smarkets"": [1.85, 4.1, 4.2], ""Unibet (UK)"": [1.85, 3.8, 3.8], ""Virgin Bet"": [1.74, 3.6, 3.85], ""William Hill"": [1.8, 3.75, 3.8]}"
2026-10-09T06:16:33.795932+00:00,soccer_belgium_first_div-8247c76fda17e722cbfca878c81bad67-1x2,Belgian Pro League,Cercle Brugge KSV v Anderlecht,2026-10-10T14:00:00Z,18,0.270744,0.25431,0.47604,0.263954,0.24775,0.488584,0.270449,0.254032,0.47552,0.263878,0.247679,0.488443,"{""888sport"": [3.4, 3.5, 1.95], ""Bet Victor"": [3.4, 3.6, 1.93], ""Betano (UK)"": [3.4, 3.6, 1.93], ""Betfair"": [3.55, 3.85, 2.02], ""Betfair Sportsbook"": [3.4, 3.7, 1.91], ""Betfred (UK)"": [3.4, 3.6, 1.95], ""BoyleSports"": [3.2, 3.5, 1.91], ""Casumo"": [3.9, 3.65, 1.85], ""Coral"": [3.5, 3.75, 2.0], ""Grosvenor"": [3.95, 3.7, 1.87], ""Ladbrokes"": [3.5, 3.7, 1.95], ""LiveScore Bet"": [3.7, 3.45, 1.79], ""Matchbook"": [3.5, 3.8, 2.0], ""Paddy Power"": [3.3, 3.6, 1.9], ""Sky Bet"": [3.25, 3.5, 1.85], ""Smarkets"": [3.35, 3.75, 1.98], ""Unibet (UK)"": [3.4, 3.7, 2.0], ""Virgin Bet"": [3.7, 3.45, 1.79]}"
2026-10-09T06:16:33.795932+00:00,soccer_belgium_first_div-4e3982f14172b814682bc1c3ad9e48db-1x2,Belgian Pro League,RAAL La Louvière v Club Brugge,2026-10-10T16:15:00Z,19,0.131221,0.190762,0.675401,0.114228,0.174506,0.709763,0.131565,0.191262,0.677173,0.1144,0.174768,0.710831,"{""888sport"": [6.0, 4.75, 1.4], ""Bet Victor"": [7.0, 4.75, 1.36], ""Betano (UK)"": [7.0, 4.75, 1.36], ""Betfair"": [7.6, 5.1, 1.38], ""Betfair Sportsbook"": [7.0, 4.75, 1.33], ""Betfred (UK)"": [7.0, 4.6, 1.36], ""BoyleSports"": [6.5, 4.75, 1.36], ""Casumo"": [8.0, 4.9, 1.35], ""Coral"": [6.5, 5.0, 1.4], ""Grosvenor"": [8.0, 5.0, 1.36], ""Ladbrokes"": [6.5, 5.0, 1.4], ""LiveScore Bet"": [7.0, 4.6, 1.32], ""Matchbook"": [7.0, 5.3, 1.38], ""Paddy Power"": [7.0, 4.75, 1.3], ""Sky Bet"": [6.5, 4.6, 1.33], ""Smarkets"": [6.8, 4.9, 1.33], ""Unibet (UK)"": [6.5, 5.0, 1.4], ""Virgin Bet"": [7.0, 4.6, 1.32], ""William Hill"": [6.0, 4.75, 1.4]}"
2026-10-09T06:16:33.795932+00:00,soccer_belgium_first_div-298b9a7c4e3da71c8b4f8e5af71e80fb-1x2,Belgian Pro League,Genk v KV Kortrijk,2026-10-10T18:45:00Z,19,0.655095,0.203853,0.141097,0.687748,0.187914,0.124628,0.655065,0.203844,0.141091,0.687548,0.187859,0.124592,"{""888sport"": [1.44, 4.2, 6.0], ""Bet Victor"": [1.4, 4.5, 6.5], ""Betano (UK)"": [1.4, 4.5, 6.5], ""Betfair"": [1.46, 4.7, 7.6], ""Betfair Sportsbook"": [1.36, 4.6, 6.5], ""Betfred (UK)"": [1.4, 4.5, 6.5], ""BoyleSports"": [1.4, 4.33, 6.0], ""Casumo"": [1.4, 4.7, 7.5], ""Coral"": [1.44, 4.6, 6.5], ""Grosvenor"": [1.4, 4.75, 7.5], ""Ladbrokes"": [1.44, 4.6, 6.5], ""LiveScore Bet"": [1.36, 4.4, 6.75], ""Matchbook"": [1.44, 4.7, 6.8], ""Paddy Power"": [1.36, 4.5, 6.0], ""Sky Bet"": [1.36, 4.33, 6.0], ""Smarkets"": [1.43, 4.6, 7.4], ""Unibet (UK)"": [1.45, 4.75, 6.0], ""Virgin Bet"": [1.36, 4.4, 6.75], ""William Hill"": [1.44, 4.2, 6.0]}"
2026-10-09T06:16:33.795932+00:00,soccer_belgium_first_div-b1d8811ec053caa5df544a512f747c8f-1x2,Belgian Pro League,SV Zulte-Waregem v Gent,2026-10-10T18:45:00Z,19,0.33711,0.279256,0.385269,0.337148,0.274512,0.389359,0.33656,0.2788,0.38464,0.336805,0.274232,0.388963,"{""888sport"": [2.8, 3.2, 2.38], ""Bet Victor"": [2.75, 3.3, 2.38], ""Betano (UK)"": [2.75, 3.3, 2.38], ""Betfair"": [2.86, 3.35, 2.62], ""Betfair Sportsbook"": [2.7, 3.3, 2.3], ""Betfred (UK)"": [2.62, 3.4, 2.38], ""BoyleSports"": [2.62, 3.25, 2.38], ""Casumo"": [2.75, 3.35, 2.43], ""Coral"": [2.9, 3.3, 2.4], ""Grosvenor"": [2.8, 3.4, 2.45], ""Ladbrokes"": [2.87, 3.3, 2.4], ""LiveScore Bet"": [2.65, 3.2, 2.33], ""Matchbook"": [2.84, 3.3, 2.5], ""Paddy Power"": [2.62, 3.3, 2.3], ""Sky Bet"": [2.63, 3.25, 2.3], ""Smarkets"": [2.72, 3.3, 2.48], ""Unibet (UK)"": [2.85, 3.3, 2.45], ""Virgin Bet"": [2.65, 3.2, 2.33], ""William Hill"": [2.8, 3.2, 2.38]}"
2026-10-09T06:16:33.795932+00:00,soccer_belgium_first_div-10257421c02c59079850eb4eeb36a74a-1x2,Belgian Pro League,Standard Liege v Charleroi,2026-10-11T11:30:00Z,17,0.32001,0.271184,0.410563,0.318635,0.268063,0.416174,0.319449,0.270708,0.409843,0.317723,0.267295,0.414982,"{""888sport"": [2.88, 3.3, 2.3], ""Bet Victor"": [2.8, 3.4, 2.3], ""Betano (UK)"": [2.8, 3.4, 2.3], ""Betfair"": [2.92, 1.13, 2.26], ""Betfair Sportsbook"": [2.8, 3.4, 2.2], ""Betfred (UK)"": [2.8, 3.4, 2.3], ""BoyleSports"": [2.7, 3.3, 2.3], ""Casumo"": [2.95, 3.4, 2.25], ""Coral"": [3.0, 3.5, 2.3], ""Grosvenor"": [3.05, 3.55, 2.33], ""Ladbrokes"": [3.0, 3.5, 2.3], ""LiveScore Bet"": [2.85, 3.25, 2.18], ""Paddy Power"": [2.8, 3.4, 2.2], ""Sky Bet"": [2.75, 3.3, 2.15], ""Smarkets"": [2.78, 3.25, 2.22], ""Virgin Bet"": [2.85, 3.25, 2.18], ""William Hill"": [2.88, 3.3, 2.3]}"
2026-10-09T06:16:33.795932+00:00,soccer_belgium_first_div-5f8e963a122b780d963c3c220379ae24-1x2,Belgian Pro League,Union Saint-Gilloise v Leuven,2026-10-11T14:00:00Z,19,0.745527,0.15903,0.095427,0.791818,0.133711,0.075831,0.745538,0.159033,0.095429,0.790742,0.13353,0.075728,"{""888sport"": [1.25, 5.5, 9.5], ""Bet Victor"": [1.22, 5.75, 10.0], ""Betano (UK)"": [1.22, 5.75, 10.0], ""Betfair"": [1.24, 4.8, 1.12], ""Betfair Sportsbook"": [1.18, 6.0, 10.5], ""Betfred (UK)"": [1.22, 6.0, 9.5], ""BoyleSports"": [1.22, 5.5, 10.0], ""Casumo"": [1.25, 6.0, 10.0], ""Coral"": [1.28, 6.0, 10.0], ""Grosvenor"": [1.26, 6.1, 10.5], ""Ladbrokes"": [1.28, 5.75, 9.5], ""LiveScore Bet"": [1.22, 5.6, 9.0], ""Matchbook"": [1.25, 5.6, 9.4], ""Paddy Power"": [1.18, 6.0, 10.0], ""Sky Bet"": [1.2, 5.75, 9.5], ""Smarkets"": [1.21, 5.6, 8.8], ""Unibet (UK)"": [1.25, 6.0, 10.5], ""Virgin Bet"": [1.22, 5.6, 9.0], ""William Hill"": [1.25, 5.5, 9.5]}"
2026-10-09T06:16:33.795932+00:00,soccer_belgium_first_div-87af86a487f65496a87ff2a8193d8928-1x2,Belgian Pro League,Westerlo v Royal Antwerp,2026-10-11T16:30:00Z,18,0.441146,0.24905,0.310843,0.454958,0.244137,0.308,0.440688,0.248791,0.310521,0.451752,0.242417,0.30583,"{""888sport"": [2.1, 3.6, 2.9], ""Bet Victor"": [2.05, 3.75, 3.0], ""Betano (UK)"": [2.05, 3.75, 3.0], ""Betfair"": [1.32, 3.9, 1.32], ""Betfair Sportsbook"": [2.0, 3.75, 2.9], ""Betfred (UK)"": [2.05, 3.75, 3.0], ""BoyleSports"": [1.95, 3.8, 2.8], ""Casumo"": [2.16, 3.65, 3.0], ""Coral"": [2.1, 3.8, 3.1], ""Grosvenor"": [2.18, 3.75, 3.0], ""Ladbrokes"": [2.1, 3.75, 3.1], ""LiveScore Bet"": [2.08, 3.5, 2.85], ""Paddy Power"": [2.0, 3.75, 2.9], ""Sky Bet"": [2.0, 3.6, 2.88], ""Smarkets"": [2.08, 3.55, 2.98], ""Unibet (UK)"": [2.15, 3.7, 3.0], ""Virgin Bet"": [2.08, 3.5, 2.85], ""William Hill"": [2.1, 3.6, 2.9]}"
2026-10-09T06:16:33.795932+00:00,soccer_belgium_first_div-be4f5fa775ae774256ec0909fa4702ed-1x2,Belgian Pro League,KV Mechelen v Sint Truiden,2026-10-11T17:15:00Z,19,0.29745,0.262007,0.440361,0.292809,0.25588,0.448116,0.297504,0.262055,0.440441,0.293747,0.256701,0.449552,"{""888sport"": [3.1, 3.5, 2.05], ""Bet Victor"": [3.1, 3.5, 2.1], ""Betano (UK)"": [3.1, 3.5, 2.1], ""Betfair"": [3.35, 3.45, 2.16], ""Betfair Sportsbook"": [3.0, 3.6, 2.0], ""Betfred (UK)"": [3.1, 3.6, 2.05], ""BoyleSports"": [3.0, 3.5, 2.0], ""Casumo"": [3.0, 3.55, 2.18], ""Coral"": [3.25, 3.6, 2.1], ""Grosvenor"": [3.05, 3.6, 2.2], ""Ladbrokes"": [3.2, 3.6, 2.1], ""LiveScore Bet"": [2.88, 3.4, 2.1], ""Matchbook"": [3.25, 3.3, 2.12], ""Paddy Power"": [3.0, 3.6, 2.0], ""Sky Bet"": [3.0, 3.5, 2.0], ""Smarkets"": [3.3, 3.15, 2.14], ""Unibet (UK)"": [3.2, 3.5, 2.15], ""Virgin Bet"": [2.88, 3.4, 2.1], ""William Hill"": [3.1, 3.5, 2.05]}"
