snapshot_id,prediction_id,source,decimal_odds,price_observed_at,evaluated_at,minutes_to_event,net_ev,decision,origin
386e1898b973ee09,e88636b0c87f3133,betfair_ex_uk,1.25,2026-09-29T13:13:46.945822+00:00,2026-09-29T13:13:48.871244+00:00,766.2,0.009245600000000048,REJECT,tennis_predictions/price_snapshots.csv
0318ac9f5de30300,e88636b0c87f3133,betano_uk,1.2,2026-09-29T13:13:46.945822+00:00,2026-09-29T13:13:48.871244+00:00,766.2,-0.021337599999999984,REJECT,tennis_predictions/price_snapshots.csv
902c6f1c474ce8ff,e88636b0c87f3133,betfair_sb_uk,1.22,2026-09-29T13:13:46.945822+00:00,2026-09-29T13:13:48.871244+00:00,766.2,-0.005026559999999958,REJECT,tennis_predictions/price_snapshots.csv
5260e8d36cab3fc9,e88636b0c87f3133,betvictor,1.2,2026-09-29T13:13:46.945822+00:00,2026-09-29T13:13:48.871244+00:00,766.2,-0.021337599999999984,REJECT,tennis_predictions/price_snapshots.csv
2cb309b965873694,e88636b0c87f3133,betway,1.22,2026-09-29T13:13:46.945822+00:00,2026-09-29T13:13:48.871244+00:00,766.2,-0.005026559999999958,REJECT,tennis_predictions/price_snapshots.csv
940d979ed0cd5ccc,e88636b0c87f3133,boylesports,1.2,2026-09-29T13:13:46.945822+00:00,2026-09-29T13:13:48.871244+00:00,766.2,-0.021337599999999984,REJECT,tennis_predictions/price_snapshots.csv
987f375c68b89af9,e88636b0c87f3133,casumo,1.18,2026-09-29T13:13:46.945822+00:00,2026-09-29T13:13:48.871244+00:00,766.2,-0.03764863999999998,REJECT,tennis_predictions/price_snapshots.csv
40073cc13d6c9940,e88636b0c87f3133,coral,1.22,2026-09-29T13:13:46.945822+00:00,2026-09-29T13:13:48.871244+00:00,766.2,-0.005026559999999958,REJECT,tennis_predictions/price_snapshots.csv
451b6a9050134268,e88636b0c87f3133,grosvenor,1.18,2026-09-29T13:13:46.945822+00:00,2026-09-29T13:13:48.871244+00:00,766.2,-0.03764863999999998,REJECT,tennis_predictions/price_snapshots.csv
657c7c9e1f7fc81e,e88636b0c87f3133,ladbrokes_uk,1.22,2026-09-29T13:13:46.945822+00:00,2026-09-29T13:13:48.871244+00:00,766.2,-0.005026559999999958,REJECT,tennis_predictions/price_snapshots.csv
668017e389d58af7,e88636b0c87f3133,leovegas,1.2,2026-09-29T13:13:46.945822+00:00,2026-09-29T13:13:48.871244+00:00,766.2,-0.021337599999999984,REJECT,tennis_predictions/price_snapshots.csv
d7ca5c71ba438324,e88636b0c87f3133,livescorebet,1.18,2026-09-29T13:13:46.945822+00:00,2026-09-29T13:13:48.871244+00:00,766.2,-0.03764863999999998,REJECT,tennis_predictions/price_snapshots.csv
6f38065ed436c191,e88636b0c87f3133,matchbook,1.25,2026-09-29T13:13:46.945822+00:00,2026-09-29T13:13:48.871244+00:00,766.2,,REJECT,tennis_predictions/price_snapshots.csv
d532ce772e6485f0,e88636b0c87f3133,paddypower,1.2,2026-09-29T13:13:46.945822+00:00,2026-09-29T13:13:48.871244+00:00,766.2,-0.021337599999999984,REJECT,tennis_predictions/price_snapshots.csv
62d2c57b0852c0c4,e88636b0c87f3133,skybet,1.2,2026-09-29T13:13:46.945822+00:00,2026-09-29T13:13:48.871244+00:00,766.2,-0.021337599999999984,REJECT,tennis_predictions/price_snapshots.csv
ce19b4f365e0c198,e88636b0c87f3133,smarkets,1.23,2026-09-29T13:13:46.945822+00:00,2026-09-29T13:13:48.871244+00:00,766.2,-0.000622579199999973,REJECT,tennis_predictions/price_snapshots.csv
2d96a966c0c0021b,e88636b0c87f3133,sport888,1.22,2026-09-29T13:13:46.945822+00:00,2026-09-29T13:13:48.871244+00:00,766.2,-0.005026559999999958,REJECT,tennis_predictions/price_snapshots.csv
8b47d21e646b07d5,e88636b0c87f3133,virginbet,1.18,2026-09-29T13:13:46.945822+00:00,2026-09-29T13:13:48.871244+00:00,766.2,-0.03764863999999998,REJECT,tennis_predictions/price_snapshots.csv
6c0a94c362b8ff88,e88636b0c87f3133,williamhill,1.22,2026-09-29T13:13:46.945822+00:00,2026-09-29T13:13:48.871244+00:00,766.2,-0.005026559999999958,REJECT,tennis_predictions/price_snapshots.csv
3251958e13bc0213,f76245b6aa7205c0,betfair_ex_uk,1.66,2026-09-29T13:13:46.945822+00:00,2026-09-29T13:13:48.871244+00:00,766.2,-0.013235889000000167,REJECT,tennis_predictions/price_snapshots.csv
22462bc5f6e36383,f76245b6aa7205c0,betano_uk,1.57,2026-09-29T13:13:46.945822+00:00,2026-09-29T13:13:48.871244+00:00,766.2,-0.04780599000000002,REJECT,tennis_predictions/price_snapshots.csv
f22bb4be86e2b87b,f76245b6aa7205c0,betfair_sb_uk,1.62,2026-09-29T13:13:46.945822+00:00,2026-09-29T13:13:48.871244+00:00,766.2,-0.017481340000000012,REJECT,tennis_predictions/price_snapshots.csv
16beaf492f3bd95d,f76245b6aa7205c0,betvictor,1.57,2026-09-29T13:13:46.945822+00:00,2026-09-29T13:13:48.871244+00:00,766.2,-0.04780599000000002,REJECT,tennis_predictions/price_snapshots.csv
939873fb84d65c34,f76245b6aa7205c0,betway,1.6,2026-09-29T13:13:46.945822+00:00,2026-09-29T13:13:48.871244+00:00,766.2,-0.029611200000000004,REJECT,tennis_predictions/price_snapshots.csv
87f29b9f019d3be4,f76245b6aa7205c0,boylesports,1.62,2026-09-29T13:13:46.945822+00:00,2026-09-29T13:13:48.871244+00:00,766.2,-0.017481340000000012,REJECT,tennis_predictions/price_snapshots.csv
094efe333c0f8bb9,f76245b6aa7205c0,casumo,1.57,2026-09-29T13:13:46.945822+00:00,2026-09-29T13:13:48.871244+00:00,766.2,-0.04780599000000002,REJECT,tennis_predictions/price_snapshots.csv
fef6397c3103b747,f76245b6aa7205c0,coral,1.55,2026-09-29T13:13:46.945822+00:00,2026-09-29T13:13:48.871244+00:00,766.2,-0.05993585000000007,REJECT,tennis_predictions/price_snapshots.csv
ec3ccf8afaa9b275,f76245b6aa7205c0,grosvenor,1.57,2026-09-29T13:13:46.945822+00:00,2026-09-29T13:13:48.871244+00:00,766.2,-0.04780599000000002,REJECT,tennis_predictions/price_snapshots.csv
7af2f6c9b75076d4,f76245b6aa7205c0,ladbrokes_uk,1.55,2026-09-29T13:13:46.945822+00:00,2026-09-29T13:13:48.871244+00:00,766.2,-0.05993585000000007,REJECT,tennis_predictions/price_snapshots.csv
a1475e1a6522f16e,f76245b6aa7205c0,leovegas,1.55,2026-09-29T13:13:46.945822+00:00,2026-09-29T13:13:48.871244+00:00,766.2,-0.05993585000000007,REJECT,tennis_predictions/price_snapshots.csv
51415dceb3bd23fc,f76245b6aa7205c0,livescorebet,1.58,2026-09-29T13:13:46.945822+00:00,2026-09-29T13:13:48.871244+00:00,766.2,-0.04174106000000005,REJECT,tennis_predictions/price_snapshots.csv
1482e9169c207658,f76245b6aa7205c0,matchbook,1.66,2026-09-29T13:13:46.945822+00:00,2026-09-29T13:13:48.871244+00:00,766.2,,REJECT,tennis_predictions/price_snapshots.csv
8ec0b9bad779328b,f76245b6aa7205c0,paddypower,1.57,2026-09-29T13:13:46.945822+00:00,2026-09-29T13:13:48.871244+00:00,766.2,-0.04780599000000002,REJECT,tennis_predictions/price_snapshots.csv
4198c7fb1167d13a,f76245b6aa7205c0,skybet,1.57,2026-09-29T13:13:46.945822+00:00,2026-09-29T13:13:48.871244+00:00,766.2,-0.04780599000000002,REJECT,tennis_predictions/price_snapshots.csv
adcc8066606ee0c2,f76245b6aa7205c0,smarkets,1.64,2026-09-29T13:13:46.945822+00:00,2026-09-29T13:13:48.871244+00:00,766.2,-0.013114590400000126,REJECT,tennis_predictions/price_snapshots.csv
f1619f295037dac5,f76245b6aa7205c0,sport888,1.61,2026-09-29T13:13:46.945822+00:00,2026-09-29T13:13:48.871244+00:00,766.2,-0.023546270000000036,REJECT,tennis_predictions/price_snapshots.csv
d13cdc6c0561aa40,f76245b6aa7205c0,unibet_uk,1.55,2026-09-29T13:13:46.945822+00:00,2026-09-29T13:13:48.871244+00:00,766.2,-0.05993585000000007,REJECT,tennis_predictions/price_snapshots.csv
32124b26ff09f589,f76245b6aa7205c0,virginbet,1.58,2026-09-29T13:13:46.945822+00:00,2026-09-29T13:13:48.871244+00:00,766.2,-0.04174106000000005,REJECT,tennis_predictions/price_snapshots.csv
6ee89e2962d2fda8,f76245b6aa7205c0,williamhill,1.62,2026-09-29T13:13:46.945822+00:00,2026-09-29T13:13:48.871244+00:00,766.2,-0.017481340000000012,REJECT,tennis_predictions/price_snapshots.csv
5c1e492dc5863712,990dd803693d7233,betfair_ex_uk,1.1,2026-09-29T13:13:46.945822+00:00,2026-09-29T13:13:48.871244+00:00,766.2,-0.06595404999999988,REJECT,tennis_predictions/price_snapshots.csv
00b90a7b36ed3edc,990dd803693d7233,betano_uk,1.07,2026-09-29T13:13:46.945822+00:00,2026-09-29T13:13:48.871244+00:00,766.2,-0.0872792999999999,REJECT,tennis_predictions/price_snapshots.csv
e68da9302db173f4,990dd803693d7233,betfair_sb_uk,1.06,2026-09-29T13:13:46.945822+00:00,2026-09-29T13:13:48.871244+00:00,766.2,-0.0958093999999999,REJECT,tennis_predictions/price_snapshots.csv
71fe357411375c71,990dd803693d7233,betvictor,1.07,2026-09-29T13:13:46.945822+00:00,2026-09-29T13:13:48.871244+00:00,766.2,-0.0872792999999999,REJECT,tennis_predictions/price_snapshots.csv
65068cfc2c630550,990dd803693d7233,betway,1.07,2026-09-29T13:13:46.945822+00:00,2026-09-29T13:13:48.871244+00:00,766.2,-0.0872792999999999,REJECT,tennis_predictions/price_snapshots.csv
8531535e5694eda3,990dd803693d7233,boylesports,1.1,2026-09-29T13:13:46.945822+00:00,2026-09-29T13:13:48.871244+00:00,766.2,-0.06168899999999987,REJECT,tennis_predictions/price_snapshots.csv
30b8eba5ecca9532,990dd803693d7233,casumo,1.05,2026-09-29T13:13:46.945822+00:00,2026-09-29T13:13:48.871244+00:00,766.2,-0.10433949999999992,REJECT,tennis_predictions/price_snapshots.csv
5f50007618844e4f,990dd803693d7233,coral,1.07,2026-09-29T13:13:46.945822+00:00,2026-09-29T13:13:48.871244+00:00,766.2,-0.0872792999999999,REJECT,tennis_predictions/price_snapshots.csv
aa91361efe523cec,990dd803693d7233,grosvenor,1.05,2026-09-29T13:13:46.945822+00:00,2026-09-29T13:13:48.871244+00:00,766.2,-0.10433949999999992,REJECT,tennis_predictions/price_snapshots.csv
e547750c49391973,990dd803693d7233,ladbrokes_uk,1.07,2026-09-29T13:13:46.945822+00:00,2026-09-29T13:13:48.871244+00:00,766.2,-0.0872792999999999,REJECT,tennis_predictions/price_snapshots.csv
3c3f67a3e87974a1,990dd803693d7233,leovegas,1.05,2026-09-29T13:13:46.945822+00:00,2026-09-29T13:13:48.871244+00:00,766.2,-0.10433949999999992,REJECT,tennis_predictions/price_snapshots.csv
96810f0f0f0e6d13,990dd803693d7233,livescorebet,1.05,2026-09-29T13:13:46.945822+00:00,2026-09-29T13:13:48.871244+00:00,766.2,-0.10433949999999992,REJECT,tennis_predictions/price_snapshots.csv
7cbf18c0d6515c94,990dd803693d7233,matchbook,1.1,2026-09-29T13:13:46.945822+00:00,2026-09-29T13:13:48.871244+00:00,766.2,,REJECT,tennis_predictions/price_snapshots.csv
d8cd7df720635037,990dd803693d7233,paddypower,1.05,2026-09-29T13:13:46.945822+00:00,2026-09-29T13:13:48.871244+00:00,766.2,-0.10433949999999992,REJECT,tennis_predictions/price_snapshots.csv
89d1d07762d986e2,990dd803693d7233,skybet,1.05,2026-09-29T13:13:46.945822+00:00,2026-09-29T13:13:48.871244+00:00,766.2,-0.10433949999999992,REJECT,tennis_predictions/price_snapshots.csv
26d4156890f38504,990dd803693d7233,smarkets,1.09,2026-09-29T13:13:46.945822+00:00,2026-09-29T13:13:48.871244+00:00,766.2,-0.07175451799999988,REJECT,tennis_predictions/price_snapshots.csv
28bb842a305c2d35,990dd803693d7233,sport888,1.05,2026-09-29T13:13:46.945822+00:00,2026-09-29T13:13:48.871244+00:00,766.2,-0.10433949999999992,REJECT,tennis_predictions/price_snapshots.csv
4b2d8848a7b4d41a,990dd803693d7233,unibet_uk,1.06,2026-09-29T13:13:46.945822+00:00,2026-09-29T13:13:48.871244+00:00,766.2,-0.0958093999999999,REJECT,tennis_predictions/price_snapshots.csv
3de6ef1eb9a395d1,990dd803693d7233,virginbet,1.05,2026-09-29T13:13:46.945822+00:00,2026-09-29T13:13:48.871244+00:00,766.2,-0.10433949999999992,REJECT,tennis_predictions/price_snapshots.csv
1e6a824548f800c9,990dd803693d7233,williamhill,1.05,2026-09-29T13:13:46.945822+00:00,2026-09-29T13:13:48.871244+00:00,766.2,-0.10433949999999992,REJECT,tennis_predictions/price_snapshots.csv
072cf28387adcd17,10c8c71d4a2f1521,betfair_ex_uk,1.56,2026-09-29T13:13:46.945822+00:00,2026-09-29T13:13:48.871244+00:00,766.2,-0.00912997600000004,REJECT,tennis_predictions/price_snapshots.csv
7956add73cbb584b,10c8c71d4a2f1521,betano_uk,1.45,2026-09-29T13:13:46.945822+00:00,2026-09-29T13:13:48.871244+00:00,766.2,-0.06216610000000006,REJECT,tennis_predictions/price_snapshots.csv
c78d6c41fd760e2f,10c8c71d4a2f1521,betfair_sb_uk,1.53,2026-09-29T13:13:46.945822+00:00,2026-09-29T13:13:48.871244+00:00,766.2,-0.010423540000000009,REJECT,tennis_predictions/price_snapshots.csv
c9fdce5b1c1f5383,10c8c71d4a2f1521,betvictor,1.45,2026-09-29T13:13:46.945822+00:00,2026-09-29T13:13:48.871244+00:00,766.2,-0.06216610000000006,REJECT,tennis_predictions/price_snapshots.csv
1e186e281f376518,10c8c71d4a2f1521,betway,1.5,2026-09-29T13:13:46.945822+00:00,2026-09-29T13:13:48.871244+00:00,766.2,-0.029827000000000048,REJECT,tennis_predictions/price_snapshots.csv
1d5a456e014d8ef1,10c8c71d4a2f1521,boylesports,1.5,2026-09-29T13:13:46.945822+00:00,2026-09-29T13:13:48.871244+00:00,766.2,-0.029827000000000048,REJECT,tennis_predictions/price_snapshots.csv
5e5bc92b72169141,10c8c71d4a2f1521,casumo,1.47,2026-09-29T13:13:46.945822+00:00,2026-09-29T13:13:48.871244+00:00,766.2,-0.04923046000000009,REJECT,tennis_predictions/price_snapshots.csv
3694068946bfaf41,10c8c71d4a2f1521,coral,1.48,2026-09-29T13:13:46.945822+00:00,2026-09-29T13:13:48.871244+00:00,766.2,-0.042762640000000074,REJECT,tennis_predictions/price_snapshots.csv
5275c9b37f2a5635,10c8c71d4a2f1521,grosvenor,1.47,2026-09-29T13:13:46.945822+00:00,2026-09-29T13:13:48.871244+00:00,766.2,-0.04923046000000009,REJECT,tennis_predictions/price_snapshots.csv
3fe432e3ae5b542e,10c8c71d4a2f1521,ladbrokes_uk,1.48,2026-09-29T13:13:46.945822+00:00,2026-09-29T13:13:48.871244+00:00,766.2,-0.042762640000000074,REJECT,tennis_predictions/price_snapshots.csv
8e8f034c3768f194,10c8c71d4a2f1521,leovegas,1.47,2026-09-29T13:13:46.945822+00:00,2026-09-29T13:13:48.871244+00:00,766.2,-0.04923046000000009,REJECT,tennis_predictions/price_snapshots.csv
a3c98f78a5a527cf,10c8c71d4a2f1521,livescorebet,1.47,2026-09-29T13:13:46.945822+00:00,2026-09-29T13:13:48.871244+00:00,766.2,-0.04923046000000009,REJECT,tennis_predictions/price_snapshots.csv
6a5f2e4cc3e484a7,10c8c71d4a2f1521,matchbook,1.56,2026-09-29T13:13:46.945822+00:00,2026-09-29T13:13:48.871244+00:00,766.2,,REJECT,tennis_predictions/price_snapshots.csv
0d557916784ffe06,10c8c71d4a2f1521,paddypower,1.5,2026-09-29T13:13:46.945822+00:00,2026-09-29T13:13:48.871244+00:00,766.2,-0.029827000000000048,REJECT,tennis_predictions/price_snapshots.csv
00142ee346e62e87,10c8c71d4a2f1521,skybet,1.5,2026-09-29T13:13:46.945822+00:00,2026-09-29T13:13:48.871244+00:00,766.2,-0.029827000000000048,REJECT,tennis_predictions/price_snapshots.csv
140102a72ac337bc,10c8c71d4a2f1521,smarkets,1.53,2026-09-29T13:13:46.945822+00:00,2026-09-29T13:13:48.871244+00:00,766.2,-0.01727942920000003,REJECT,tennis_predictions/price_snapshots.csv
db544e579cff3ca6,10c8c71d4a2f1521,sport888,1.5,2026-09-29T13:13:46.945822+00:00,2026-09-29T13:13:48.871244+00:00,766.2,-0.029827000000000048,REJECT,tennis_predictions/price_snapshots.csv
b8ea261d2b56f49c,10c8c71d4a2f1521,unibet_uk,1.48,2026-09-29T13:13:46.945822+00:00,2026-09-29T13:13:48.871244+00:00,766.2,-0.042762640000000074,REJECT,tennis_predictions/price_snapshots.csv
17fa3fa72339d9cd,10c8c71d4a2f1521,virginbet,1.47,2026-09-29T13:13:46.945822+00:00,2026-09-29T13:13:48.871244+00:00,766.2,-0.04923046000000009,REJECT,tennis_predictions/price_snapshots.csv
3fee3c9d08f3df69,10c8c71d4a2f1521,williamhill,1.5,2026-09-29T13:13:46.945822+00:00,2026-09-29T13:13:48.871244+00:00,766.2,-0.029827000000000048,REJECT,tennis_predictions/price_snapshots.csv
d7e0fea0526ff9df,94c234627eb38d36,betfair_ex_uk,1.68,2026-09-29T13:13:46.945822+00:00,2026-09-29T13:13:48.871244+00:00,766.2,-0.04286087600000016,REJECT,tennis_predictions/price_snapshots.csv
0431502284b438c7,94c234627eb38d36,betano_uk,1.6,2026-09-29T13:13:46.945822+00:00,2026-09-29T13:13:48.871244+00:00,766.2,-0.0696096,REJECT,tennis_predictions/price_snapshots.csv
f32db69457af6be3,94c234627eb38d36,betvictor,1.6,2026-09-29T13:13:46.945822+00:00,2026-09-29T13:13:48.871244+00:00,766.2,-0.0696096,REJECT,tennis_predictions/price_snapshots.csv
009817a6af3c6a0d,94c234627eb38d36,betway,1.65,2026-09-29T13:13:46.945822+00:00,2026-09-29T13:13:48.871244+00:00,766.2,-0.04053490000000015,REJECT,tennis_predictions/price_snapshots.csv
afe11057536b8bd9,94c234627eb38d36,boylesports,1.67,2026-09-29T13:13:46.945822+00:00,2026-09-29T13:13:48.871244+00:00,766.2,-0.028905020000000115,REJECT,tennis_predictions/price_snapshots.csv
fa261be8275a2c54,94c234627eb38d36,casumo,1.64,2026-09-29T13:13:46.945822+00:00,2026-09-29T13:13:48.871244+00:00,766.2,-0.04634984000000014,REJECT,tennis_predictions/price_snapshots.csv
77b8fca86ab425f7,94c234627eb38d36,coral,1.65,2026-09-29T13:13:46.945822+00:00,2026-09-29T13:13:48.871244+00:00,766.2,-0.04053490000000015,REJECT,tennis_predictions/price_snapshots.csv
3cc7f41fd3b4e039,94c234627eb38d36,grosvenor,1.64,2026-09-29T13:13:46.945822+00:00,2026-09-29T13:13:48.871244+00:00,766.2,-0.04634984000000014,REJECT,tennis_predictions/price_snapshots.csv
4603a101b63a19c6,94c234627eb38d36,ladbrokes_uk,1.65,2026-09-29T13:13:46.945822+00:00,2026-09-29T13:13:48.871244+00:00,766.2,-0.04053490000000015,REJECT,tennis_predictions/price_snapshots.csv
9017a3908c0a7c6a,94c234627eb38d36,leovegas,1.6,2026-09-29T13:13:46.945822+00:00,2026-09-29T13:13:48.871244+00:00,766.2,-0.0696096,REJECT,tennis_predictions/price_snapshots.csv
e3e9b8f4ebeb1b4e,94c234627eb38d36,livescorebet,1.64,2026-09-29T13:13:46.945822+00:00,2026-09-29T13:13:48.871244+00:00,766.2,-0.04634984000000014,REJECT,tennis_predictions/price_snapshots.csv
095d70cfb9067858,94c234627eb38d36,matchbook,1.68,2026-09-29T13:13:46.945822+00:00,2026-09-29T13:13:48.871244+00:00,766.2,,REJECT,tennis_predictions/price_snapshots.csv
e989912f553cee0c,94c234627eb38d36,paddypower,1.57,2026-09-29T13:13:46.945822+00:00,2026-09-29T13:13:48.871244+00:00,766.2,-0.08705442000000002,REJECT,tennis_predictions/price_snapshots.csv
69906a5885f1f968,94c234627eb38d36,skybet,1.57,2026-09-29T13:13:46.945822+00:00,2026-09-29T13:13:48.871244+00:00,766.2,-0.08705442000000002,REJECT,tennis_predictions/price_snapshots.csv
cdb8ae33793b784a,94c234627eb38d36,smarkets,1.65,2026-09-29T13:13:46.945822+00:00,2026-09-29T13:13:48.871244+00:00,766.2,-0.048094322000000134,REJECT,tennis_predictions/price_snapshots.csv
17819d805e1999bd,94c234627eb38d36,sport888,1.67,2026-09-29T13:13:46.945822+00:00,2026-09-29T13:13:48.871244+00:00,766.2,-0.028905020000000115,REJECT,tennis_predictions/price_snapshots.csv
3d8e0f73023ae1bb,94c234627eb38d36,unibet_uk,1.65,2026-09-29T13:13:46.945822+00:00,2026-09-29T13:13:48.871244+00:00,766.2,-0.04053490000000015,REJECT,tennis_predictions/price_snapshots.csv
94cdcaa63c2f6aff,94c234627eb38d36,virginbet,1.64,2026-09-29T13:13:46.945822+00:00,2026-09-29T13:13:48.871244+00:00,766.2,-0.04634984000000014,REJECT,tennis_predictions/price_snapshots.csv
9c825735a2af7ca1,94c234627eb38d36,williamhill,1.67,2026-09-29T13:13:46.945822+00:00,2026-09-29T13:13:48.871244+00:00,766.2,-0.028905020000000115,REJECT,tennis_predictions/price_snapshots.csv
0ebb265fc3a4329b,c6d6e023a3268598,betfair_ex_uk,1.66,2026-09-29T13:13:46.945822+00:00,2026-09-29T13:13:48.871244+00:00,766.2,-0.032323853000000125,REJECT,tennis_predictions/price_snapshots.csv
5451eaaeaccd100a,c6d6e023a3268598,betano_uk,1.57,2026-09-29T13:13:46.945822+00:00,2026-09-29T13:13:48.871244+00:00,766.2,-0.06622522999999997,REJECT,tennis_predictions/price_snapshots.csv
15c91fee812d9751,c6d6e023a3268598,betvictor,1.57,2026-09-29T13:13:46.945822+00:00,2026-09-29T13:13:48.871244+00:00,766.2,-0.06622522999999997,REJECT,tennis_predictions/price_snapshots.csv
0fbaf6cf7615a827,c6d6e023a3268598,betway,1.65,2026-09-29T13:13:46.945822+00:00,2026-09-29T13:13:48.871244+00:00,766.2,-0.018644350000000087,REJECT,tennis_predictions/price_snapshots.csv
3ca088febd3fe04f,c6d6e023a3268598,boylesports,1.62,2026-09-29T13:13:46.945822+00:00,2026-09-29T13:13:48.871244+00:00,766.2,-0.03648717999999995,REJECT,tennis_predictions/price_snapshots.csv
436a3dede197f148,c6d6e023a3268598,casumo,1.56,2026-09-29T13:13:46.945822+00:00,2026-09-29T13:13:48.871244+00:00,766.2,-0.07217284000000002,REJECT,tennis_predictions/price_snapshots.csv
919f3d0b5e30ee93,c6d6e023a3268598,coral,1.57,2026-09-29T13:13:46.945822+00:00,2026-09-29T13:13:48.871244+00:00,766.2,-0.06622522999999997,REJECT,tennis_predictions/price_snapshots.csv
59ae44464165f3a8,c6d6e023a3268598,grosvenor,1.56,2026-09-29T13:13:46.945822+00:00,2026-09-29T13:13:48.871244+00:00,766.2,-0.07217284000000002,REJECT,tennis_predictions/price_snapshots.csv
c50af8eb47ebaf2d,c6d6e023a3268598,ladbrokes_uk,1.57,2026-09-29T13:13:46.945822+00:00,2026-09-29T13:13:48.871244+00:00,766.2,-0.06622522999999997,REJECT,tennis_predictions/price_snapshots.csv
cd8657b5c5ed2316,c6d6e023a3268598,leovegas,1.57,2026-09-29T13:13:46.945822+00:00,2026-09-29T13:13:48.871244+00:00,766.2,-0.06622522999999997,REJECT,tennis_predictions/price_snapshots.csv
9caaf09268703e22,c6d6e023a3268598,livescorebet,1.57,2026-09-29T13:13:46.945822+00:00,2026-09-29T13:13:48.871244+00:00,766.2,-0.06622522999999997,REJECT,tennis_predictions/price_snapshots.csv
bba060e481e271ed,c6d6e023a3268598,matchbook,1.66,2026-09-29T13:13:46.945822+00:00,2026-09-29T13:13:48.871244+00:00,766.2,,REJECT,tennis_predictions/price_snapshots.csv
be750694f31997cd,c6d6e023a3268598,paddypower,1.57,2026-09-29T13:13:46.945822+00:00,2026-09-29T13:13:48.871244+00:00,766.2,-0.06622522999999997,REJECT,tennis_predictions/price_snapshots.csv
4b0945c1ce55e2d7,c6d6e023a3268598,skybet,1.57,2026-09-29T13:13:46.945822+00:00,2026-09-29T13:13:48.871244+00:00,766.2,-0.06622522999999997,REJECT,tennis_predictions/price_snapshots.csv
d2a8448ef364595d,c6d6e023a3268598,smarkets,1.64,2026-09-29T13:13:46.945822+00:00,2026-09-29T13:13:48.871244+00:00,766.2,-0.0322049008000001,REJECT,tennis_predictions/price_snapshots.csv
1eb67f0c7bda1a74,c6d6e023a3268598,sport888,1.61,2026-09-29T13:13:46.945822+00:00,2026-09-29T13:13:48.871244+00:00,766.2,-0.042434789999999944,REJECT,tennis_predictions/price_snapshots.csv
d8875b80f6065894,c6d6e023a3268598,unibet_uk,1.58,2026-09-29T13:13:46.945822+00:00,2026-09-29T13:13:48.871244+00:00,766.2,-0.060277619999999976,REJECT,tennis_predictions/price_snapshots.csv
3203db18c9e93f0a,c6d6e023a3268598,virginbet,1.57,2026-09-29T13:13:46.945822+00:00,2026-09-29T13:13:48.871244+00:00,766.2,-0.06622522999999997,REJECT,tennis_predictions/price_snapshots.csv
095433abdd2286b4,c6d6e023a3268598,williamhill,1.62,2026-09-29T13:13:46.945822+00:00,2026-09-29T13:13:48.871244+00:00,766.2,-0.03648717999999995,REJECT,tennis_predictions/price_snapshots.csv
5562c9eda0f5ceb1,018c9d3a0228786a,betfair_ex_uk,1.8,2026-09-29T13:13:46.945822+00:00,2026-09-29T13:13:48.871244+00:00,766.2,-0.05794064000000004,REJECT,tennis_predictions/price_snapshots.csv
77d73a25d306927d,018c9d3a0228786a,betano_uk,1.73,2026-09-29T13:13:46.945822+00:00,2026-09-29T13:13:48.871244+00:00,766.2,-0.07399847000000004,REJECT,tennis_predictions/price_snapshots.csv
a5fca3eda8806217,018c9d3a0228786a,betfair_sb_uk,1.73,2026-09-29T13:13:46.945822+00:00,2026-09-29T13:13:48.871244+00:00,766.2,-0.07399847000000004,REJECT,tennis_predictions/price_snapshots.csv
b883fc56f966ee1d,018c9d3a0228786a,betvictor,1.73,2026-09-29T13:13:46.945822+00:00,2026-09-29T13:13:48.871244+00:00,766.2,-0.07399847000000004,REJECT,tennis_predictions/price_snapshots.csv
296bfa6f9298f1dd,018c9d3a0228786a,betway,1.8,2026-09-29T13:13:46.945822+00:00,2026-09-29T13:13:48.871244+00:00,766.2,-0.03653020000000001,REJECT,tennis_predictions/price_snapshots.csv
604065308249d8b1,018c9d3a0228786a,boylesports,1.8,2026-09-29T13:13:46.945822+00:00,2026-09-29T13:13:48.871244+00:00,766.2,-0.03653020000000001,REJECT,tennis_predictions/price_snapshots.csv
c66eb2c05d8e03bd,018c9d3a0228786a,casumo,1.77,2026-09-29T13:13:46.945822+00:00,2026-09-29T13:13:48.871244+00:00,766.2,-0.05258803000000001,REJECT,tennis_predictions/price_snapshots.csv
41475d9888e00d1f,018c9d3a0228786a,coral,1.75,2026-09-29T13:13:46.945822+00:00,2026-09-29T13:13:48.871244+00:00,766.2,-0.06329325000000002,REJECT,tennis_predictions/price_snapshots.csv
9e691592c4adc9ab,018c9d3a0228786a,grosvenor,1.77,2026-09-29T13:13:46.945822+00:00,2026-09-29T13:13:48.871244+00:00,766.2,-0.05258803000000001,REJECT,tennis_predictions/price_snapshots.csv
d9b8a7a409753ba4,018c9d3a0228786a,ladbrokes_uk,1.75,2026-09-29T13:13:46.945822+00:00,2026-09-29T13:13:48.871244+00:00,766.2,-0.06329325000000002,REJECT,tennis_predictions/price_snapshots.csv
70c7401b3306d679,018c9d3a0228786a,leovegas,1.75,2026-09-29T13:13:46.945822+00:00,2026-09-29T13:13:48.871244+00:00,766.2,-0.06329325000000002,REJECT,tennis_predictions/price_snapshots.csv
a0029174cdf7812f,018c9d3a0228786a,livescorebet,1.77,2026-09-29T13:13:46.945822+00:00,2026-09-29T13:13:48.871244+00:00,766.2,-0.05258803000000001,REJECT,tennis_predictions/price_snapshots.csv
52ee45ca399a416c,018c9d3a0228786a,matchbook,1.79,2026-09-29T13:13:46.945822+00:00,2026-09-29T13:13:48.871244+00:00,766.2,,REJECT,tennis_predictions/price_snapshots.csv
8a539c3ed26678a2,018c9d3a0228786a,paddypower,1.67,2026-09-29T13:13:46.945822+00:00,2026-09-29T13:13:48.871244+00:00,766.2,-0.10611413000000008,REJECT,tennis_predictions/price_snapshots.csv
fe6b3c45465af709,018c9d3a0228786a,skybet,1.67,2026-09-29T13:13:46.945822+00:00,2026-09-29T13:13:48.871244+00:00,766.2,-0.10611413000000008,REJECT,tennis_predictions/price_snapshots.csv
9b21dc5f5d4e441d,018c9d3a0228786a,smarkets,1.78,2026-09-29T13:13:46.945822+00:00,2026-09-29T13:13:48.871244+00:00,766.2,-0.055585491600000037,REJECT,tennis_predictions/price_snapshots.csv
905c4eee46915db8,018c9d3a0228786a,sport888,1.8,2026-09-29T13:13:46.945822+00:00,2026-09-29T13:13:48.871244+00:00,766.2,-0.03653020000000001,REJECT,tennis_predictions/price_snapshots.csv
2b0e847831663a6f,018c9d3a0228786a,unibet_uk,1.76,2026-09-29T13:13:46.945822+00:00,2026-09-29T13:13:48.871244+00:00,766.2,-0.05794064000000004,REJECT,tennis_predictions/price_snapshots.csv
1e0d9d459eec7690,018c9d3a0228786a,virginbet,1.77,2026-09-29T13:13:46.945822+00:00,2026-09-29T13:13:48.871244+00:00,766.2,-0.05258803000000001,REJECT,tennis_predictions/price_snapshots.csv
70dfa7518de8732b,018c9d3a0228786a,williamhill,1.8,2026-09-29T13:13:46.945822+00:00,2026-09-29T13:13:48.871244+00:00,766.2,-0.03653020000000001,REJECT,tennis_predictions/price_snapshots.csv
faa55fe7ae0cc27f,7202f2615dfea79c,betfair_ex_uk,1.65,2026-09-29T13:13:46.945822+00:00,2026-09-29T13:13:48.871244+00:00,766.2,-0.02802160500000017,REJECT,tennis_predictions/price_snapshots.csv
de6f9e829fb7ef48,7202f2615dfea79c,betano_uk,1.57,2026-09-29T13:13:46.945822+00:00,2026-09-29T13:13:48.871244+00:00,766.2,-0.05656502000000002,REJECT,tennis_predictions/price_snapshots.csv
bb194f02bfb7cf7c,7202f2615dfea79c,betvictor,1.57,2026-09-29T13:13:46.945822+00:00,2026-09-29T13:13:48.871244+00:00,766.2,-0.05656502000000002,REJECT,tennis_predictions/price_snapshots.csv
7e617bfa1155a1e5,7202f2615dfea79c,betway,1.6,2026-09-29T13:13:46.945822+00:00,2026-09-29T13:13:48.871244+00:00,766.2,-0.038537600000000005,REJECT,tennis_predictions/price_snapshots.csv
d2af4b05f8e89056,7202f2615dfea79c,boylesports,1.62,2026-09-29T13:13:46.945822+00:00,2026-09-29T13:13:48.871244+00:00,766.2,-0.026519320000000013,REJECT,tennis_predictions/price_snapshots.csv
36b1e7c2bb6430b3,7202f2615dfea79c,casumo,1.63,2026-09-29T13:13:46.945822+00:00,2026-09-29T13:13:48.871244+00:00,766.2,-0.020510180000000156,REJECT,tennis_predictions/price_snapshots.csv
b59dc54455fb7183,7202f2615dfea79c,coral,1.6,2026-09-29T13:13:46.945822+00:00,2026-09-29T13:13:48.871244+00:00,766.2,-0.038537600000000005,REJECT,tennis_predictions/price_snapshots.csv
4ce63bba4cc885e5,7202f2615dfea79c,grosvenor,1.63,2026-09-29T13:13:46.945822+00:00,2026-09-29T13:13:48.871244+00:00,766.2,-0.020510180000000156,REJECT,tennis_predictions/price_snapshots.csv
3c1355b0b67daeaa,7202f2615dfea79c,ladbrokes_uk,1.6,2026-09-29T13:13:46.945822+00:00,2026-09-29T13:13:48.871244+00:00,766.2,-0.038537600000000005,REJECT,tennis_predictions/price_snapshots.csv
1aa1b299bf784890,7202f2615dfea79c,leovegas,1.6,2026-09-29T13:13:46.945822+00:00,2026-09-29T13:13:48.871244+00:00,766.2,-0.038537600000000005,REJECT,tennis_predictions/price_snapshots.csv
f464b81dc0d95cdf,7202f2615dfea79c,livescorebet,1.63,2026-09-29T13:13:46.945822+00:00,2026-09-29T13:13:48.871244+00:00,766.2,-0.020510180000000156,REJECT,tennis_predictions/price_snapshots.csv
771e627c4b87331a,7202f2615dfea79c,matchbook,1.64,2026-09-29T13:13:46.945822+00:00,2026-09-29T13:13:48.871244+00:00,766.2,,REJECT,tennis_predictions/price_snapshots.csv
6fceff75d6208c12,7202f2615dfea79c,paddypower,1.57,2026-09-29T13:13:46.945822+00:00,2026-09-29T13:13:48.871244+00:00,766.2,-0.05656502000000002,REJECT,tennis_predictions/price_snapshots.csv
f59d5674d2afec4b,7202f2615dfea79c,skybet,1.57,2026-09-29T13:13:46.945822+00:00,2026-09-29T13:13:48.871244+00:00,766.2,-0.05656502000000002,REJECT,tennis_predictions/price_snapshots.csv
0a54aa268b077845,7202f2615dfea79c,smarkets,1.64,2026-09-29T13:13:46.945822+00:00,2026-09-29T13:13:48.871244+00:00,766.2,-0.022192739200000144,REJECT,tennis_predictions/price_snapshots.csv
73ac970fc83b9853,7202f2615dfea79c,sport888,1.61,2026-09-29T13:13:46.945822+00:00,2026-09-29T13:13:48.871244+00:00,766.2,-0.03252846000000004,REJECT,tennis_predictions/price_snapshots.csv
33dfc8a94e86d19c,7202f2615dfea79c,unibet_uk,1.6,2026-09-29T13:13:46.945822+00:00,2026-09-29T13:13:48.871244+00:00,766.2,-0.038537600000000005,REJECT,tennis_predictions/price_snapshots.csv
bda7b1822e9cbea2,7202f2615dfea79c,virginbet,1.63,2026-09-29T13:13:46.945822+00:00,2026-09-29T13:13:48.871244+00:00,766.2,-0.020510180000000156,REJECT,tennis_predictions/price_snapshots.csv
e25d8b154a3836a9,7202f2615dfea79c,williamhill,1.62,2026-09-29T13:13:46.945822+00:00,2026-09-29T13:13:48.871244+00:00,766.2,-0.026519320000000013,REJECT,tennis_predictions/price_snapshots.csv
e75990bb09077bb4,302daebd1d5c53c1,betfair_ex_uk,1.85,2026-09-29T13:13:46.945822+00:00,2026-09-29T13:13:48.871244+00:00,766.2,0.033703827500000005,REJECT,tennis_predictions/price_snapshots.csv
0d35132351be2e50,302daebd1d5c53c1,betano_uk,1.75,2026-09-29T13:13:46.945822+00:00,2026-09-29T13:13:48.871244+00:00,766.2,0.000819750000000008,REJECT,tennis_predictions/price_snapshots.csv
6e89811db19a5e88,302daebd1d5c53c1,betvictor,1.75,2026-09-29T13:13:46.945822+00:00,2026-09-29T13:13:48.871244+00:00,766.2,0.000819750000000008,REJECT,tennis_predictions/price_snapshots.csv
22ee8edd6cadec51,302daebd1d5c53c1,betway,1.8,2026-09-29T13:13:46.945822+00:00,2026-09-29T13:13:48.871244+00:00,766.2,0.029414600000000013,REJECT,tennis_predictions/price_snapshots.csv
bac67fe2d07fd52d,302daebd1d5c53c1,boylesports,1.83,2026-09-29T13:13:46.945822+00:00,2026-09-29T13:13:48.871244+00:00,766.2,0.04657151000000004,REJECT,tennis_predictions/price_snapshots.csv
2749bfaf109e6e72,302daebd1d5c53c1,casumo,1.82,2026-09-29T13:13:46.945822+00:00,2026-09-29T13:13:48.871244+00:00,766.2,0.04085253999999999,REJECT,tennis_predictions/price_snapshots.csv
1933a5135712cccf,302daebd1d5c53c1,coral,1.8,2026-09-29T13:13:46.945822+00:00,2026-09-29T13:13:48.871244+00:00,766.2,0.029414600000000013,REJECT,tennis_predictions/price_snapshots.csv
9624a4262a4817fe,302daebd1d5c53c1,grosvenor,1.82,2026-09-29T13:13:46.945822+00:00,2026-09-29T13:13:48.871244+00:00,766.2,0.04085253999999999,REJECT,tennis_predictions/price_snapshots.csv
8fe123b1ff62608c,302daebd1d5c53c1,ladbrokes_uk,1.8,2026-09-29T13:13:46.945822+00:00,2026-09-29T13:13:48.871244+00:00,766.2,0.029414600000000013,REJECT,tennis_predictions/price_snapshots.csv
bd560a62dece633e,302daebd1d5c53c1,leovegas,1.75,2026-09-29T13:13:46.945822+00:00,2026-09-29T13:13:48.871244+00:00,766.2,0.000819750000000008,REJECT,tennis_predictions/price_snapshots.csv
6adc5d25269ddfea,302daebd1d5c53c1,livescorebet,1.82,2026-09-29T13:13:46.945822+00:00,2026-09-29T13:13:48.871244+00:00,766.2,0.04085253999999999,REJECT,tennis_predictions/price_snapshots.csv
fee1ca2342e0e1e6,302daebd1d5c53c1,matchbook,1.85,2026-09-29T13:13:46.945822+00:00,2026-09-29T13:13:48.871244+00:00,766.2,,REJECT,tennis_predictions/price_snapshots.csv
38ae389034e7b74c,302daebd1d5c53c1,paddypower,1.73,2026-09-29T13:13:46.945822+00:00,2026-09-29T13:13:48.871244+00:00,766.2,-0.010618190000000027,REJECT,tennis_predictions/price_snapshots.csv
14cd87bcb3836b73,302daebd1d5c53c1,skybet,1.73,2026-09-29T13:13:46.945822+00:00,2026-09-29T13:13:48.871244+00:00,766.2,-0.010618190000000027,REJECT,tennis_predictions/price_snapshots.csv
288554045554bd36,302daebd1d5c53c1,smarkets,1.83,2026-09-29T13:13:46.945822+00:00,2026-09-29T13:13:48.871244+00:00,766.2,0.03707801980000003,REJECT,tennis_predictions/price_snapshots.csv
e81f949c8180f437,302daebd1d5c53c1,sport888,1.8,2026-09-29T13:13:46.945822+00:00,2026-09-29T13:13:48.871244+00:00,766.2,0.029414600000000013,REJECT,tennis_predictions/price_snapshots.csv
952f66f7a65f4c36,302daebd1d5c53c1,unibet_uk,1.78,2026-09-29T13:13:46.945822+00:00,2026-09-29T13:13:48.871244+00:00,766.2,0.017976659999999978,REJECT,tennis_predictions/price_snapshots.csv
01383408c1391896,302daebd1d5c53c1,virginbet,1.82,2026-09-29T13:13:46.945822+00:00,2026-09-29T13:13:48.871244+00:00,766.2,0.04085253999999999,REJECT,tennis_predictions/price_snapshots.csv
54c3d25aa68135e1,302daebd1d5c53c1,williamhill,1.8,2026-09-29T13:13:46.945822+00:00,2026-09-29T13:13:48.871244+00:00,766.2,0.029414600000000013,REJECT,tennis_predictions/price_snapshots.csv
e1f2137c2d5ad4c5,248a03f45a0b0384,betfair_ex_uk,1.59,2026-09-29T13:13:46.945822+00:00,2026-09-29T13:13:48.871244+00:00,766.2,-0.10153900399999993,REJECT,tennis_predictions/price_snapshots.csv
2e7a0fd8936fc7fb,248a03f45a0b0384,betano_uk,1.53,2026-09-29T13:13:46.945822+00:00,2026-09-29T13:13:48.871244+00:00,766.2,-0.11909943999999995,REJECT,tennis_predictions/price_snapshots.csv
9f8127cdb4b169e4,248a03f45a0b0384,betvictor,1.53,2026-09-29T13:13:46.945822+00:00,2026-09-29T13:13:48.871244+00:00,766.2,-0.11909943999999995,REJECT,tennis_predictions/price_snapshots.csv
e974f37900a2f721,248a03f45a0b0384,betway,1.55,2026-09-29T13:13:46.945822+00:00,2026-09-29T13:13:48.871244+00:00,766.2,-0.10758439999999991,REJECT,tennis_predictions/price_snapshots.csv
564778b2dab37ac3,248a03f45a0b0384,boylesports,1.57,2026-09-29T13:13:46.945822+00:00,2026-09-29T13:13:48.871244+00:00,766.2,-0.09606935999999988,REJECT,tennis_predictions/price_snapshots.csv
3242ba680402b9f6,248a03f45a0b0384,casumo,1.53,2026-09-29T13:13:46.945822+00:00,2026-09-29T13:13:48.871244+00:00,766.2,-0.11909943999999995,REJECT,tennis_predictions/price_snapshots.csv
9d354cffa64cfd61,248a03f45a0b0384,coral,1.55,2026-09-29T13:13:46.945822+00:00,2026-09-29T13:13:48.871244+00:00,766.2,-0.10758439999999991,REJECT,tennis_predictions/price_snapshots.csv
bef94b03d899bf05,248a03f45a0b0384,grosvenor,1.53,2026-09-29T13:13:46.945822+00:00,2026-09-29T13:13:48.871244+00:00,766.2,-0.11909943999999995,REJECT,tennis_predictions/price_snapshots.csv
c50ddb8c30002936,248a03f45a0b0384,ladbrokes_uk,1.55,2026-09-29T13:13:46.945822+00:00,2026-09-29T13:13:48.871244+00:00,766.2,-0.10758439999999991,REJECT,tennis_predictions/price_snapshots.csv
dad8192b0963ee73,248a03f45a0b0384,leovegas,1.53,2026-09-29T13:13:46.945822+00:00,2026-09-29T13:13:48.871244+00:00,766.2,-0.11909943999999995,REJECT,tennis_predictions/price_snapshots.csv
6895f835eea9bec9,248a03f45a0b0384,livescorebet,1.53,2026-09-29T13:13:46.945822+00:00,2026-09-29T13:13:48.871244+00:00,766.2,-0.11909943999999995,REJECT,tennis_predictions/price_snapshots.csv
a2c9c10fb615ee23,248a03f45a0b0384,matchbook,1.59,2026-09-29T13:13:46.945822+00:00,2026-09-29T13:13:48.871244+00:00,766.2,,REJECT,tennis_predictions/price_snapshots.csv
f0c8740ea359ea8a,248a03f45a0b0384,paddypower,1.53,2026-09-29T13:13:46.945822+00:00,2026-09-29T13:13:48.871244+00:00,766.2,-0.11909943999999995,REJECT,tennis_predictions/price_snapshots.csv
ba4d8b9db014165d,248a03f45a0b0384,skybet,1.53,2026-09-29T13:13:46.945822+00:00,2026-09-29T13:13:48.871244+00:00,766.2,-0.11909943999999995,REJECT,tennis_predictions/price_snapshots.csv
08f2317c1fd2ebeb,248a03f45a0b0384,smarkets,1.58,2026-09-29T13:13:46.945822+00:00,2026-09-29T13:13:48.871244+00:00,766.2,-0.09699056319999994,REJECT,tennis_predictions/price_snapshots.csv
c2d0629f927aad83,248a03f45a0b0384,sport888,1.57,2026-09-29T13:13:46.945822+00:00,2026-09-29T13:13:48.871244+00:00,766.2,-0.09606935999999988,REJECT,tennis_predictions/price_snapshots.csv
cf9caa8c977169da,248a03f45a0b0384,unibet_uk,1.56,2026-09-29T13:13:46.945822+00:00,2026-09-29T13:13:48.871244+00:00,766.2,-0.1018268799999999,REJECT,tennis_predictions/price_snapshots.csv
7327ed24aaf8ba6b,248a03f45a0b0384,virginbet,1.53,2026-09-29T13:13:46.945822+00:00,2026-09-29T13:13:48.871244+00:00,766.2,-0.11909943999999995,REJECT,tennis_predictions/price_snapshots.csv
d3e8679dcde8537f,248a03f45a0b0384,williamhill,1.57,2026-09-29T13:13:46.945822+00:00,2026-09-29T13:13:48.871244+00:00,766.2,-0.09606935999999988,REJECT,tennis_predictions/price_snapshots.csv
57da67ab9233ea41,118df79f6804e299,betfair_ex_uk,1.69,2026-09-29T13:13:46.945822+00:00,2026-09-29T13:13:48.871244+00:00,766.2,-0.05454726100000007,REJECT,tennis_predictions/price_snapshots.csv
98ecb0bff358d86f,118df79f6804e299,betano_uk,1.61,2026-09-29T13:13:46.945822+00:00,2026-09-29T13:13:48.871244+00:00,766.2,-0.08053221999999993,REJECT,tennis_predictions/price_snapshots.csv
df61933bb00c3e26,118df79f6804e299,betfair_sb_uk,1.62,2026-09-29T13:13:46.945822+00:00,2026-09-29T13:13:48.871244+00:00,766.2,-0.07482123999999996,REJECT,tennis_predictions/price_snapshots.csv
67ec921beec1b2f8,118df79f6804e299,betvictor,1.61,2026-09-29T13:13:46.945822+00:00,2026-09-29T13:13:48.871244+00:00,766.2,-0.08053221999999993,REJECT,tennis_predictions/price_snapshots.csv
8adee46e26c5e63f,118df79f6804e299,betway,1.65,2026-09-29T13:13:46.945822+00:00,2026-09-29T13:13:48.871244+00:00,766.2,-0.05768830000000008,REJECT,tennis_predictions/price_snapshots.csv
842fdcc0b91c4534,118df79f6804e299,boylesports,1.67,2026-09-29T13:13:46.945822+00:00,2026-09-29T13:13:48.871244+00:00,766.2,-0.04626634000000007,REJECT,tennis_predictions/price_snapshots.csv
c8431d1cedbc2006,118df79f6804e299,casumo,1.68,2026-09-29T13:13:46.945822+00:00,2026-09-29T13:13:48.871244+00:00,766.2,-0.04055536000000004,REJECT,tennis_predictions/price_snapshots.csv
c89db47a06e2647a,118df79f6804e299,coral,1.65,2026-09-29T13:13:46.945822+00:00,2026-09-29T13:13:48.871244+00:00,766.2,-0.05768830000000008,REJECT,tennis_predictions/price_snapshots.csv
e4ef1ea7703468cb,118df79f6804e299,grosvenor,1.68,2026-09-29T13:13:46.945822+00:00,2026-09-29T13:13:48.871244+00:00,766.2,-0.04055536000000004,REJECT,tennis_predictions/price_snapshots.csv
33b02fdbec77e1c4,118df79f6804e299,ladbrokes_uk,1.65,2026-09-29T13:13:46.945822+00:00,2026-09-29T13:13:48.871244+00:00,766.2,-0.05768830000000008,REJECT,tennis_predictions/price_snapshots.csv
659da8c5e39fd7c8,118df79f6804e299,leovegas,1.62,2026-09-29T13:13:46.945822+00:00,2026-09-29T13:13:48.871244+00:00,766.2,-0.07482123999999996,REJECT,tennis_predictions/price_snapshots.csv
4c33d940105ea347,118df79f6804e299,livescorebet,1.68,2026-09-29T13:13:46.945822+00:00,2026-09-29T13:13:48.871244+00:00,766.2,-0.04055536000000004,REJECT,tennis_predictions/price_snapshots.csv
e903b243980efb2e,118df79f6804e299,matchbook,1.69,2026-09-29T13:13:46.945822+00:00,2026-09-29T13:13:48.871244+00:00,766.2,,REJECT,tennis_predictions/price_snapshots.csv
96a3938865c53fc7,118df79f6804e299,paddypower,1.57,2026-09-29T13:13:46.945822+00:00,2026-09-29T13:13:48.871244+00:00,766.2,-0.10337613999999995,REJECT,tennis_predictions/price_snapshots.csv
240b125829d19839,118df79f6804e299,skybet,1.57,2026-09-29T13:13:46.945822+00:00,2026-09-29T13:13:48.871244+00:00,766.2,-0.10337613999999995,REJECT,tennis_predictions/price_snapshots.csv
0f2dfa6f4dc9f178,118df79f6804e299,smarkets,1.67,2026-09-29T13:13:46.945822+00:00,2026-09-29T13:13:48.871244+00:00,766.2,-0.05391905320000007,REJECT,tennis_predictions/price_snapshots.csv
9d7e3542aa255c00,118df79f6804e299,sport888,1.67,2026-09-29T13:13:46.945822+00:00,2026-09-29T13:13:48.871244+00:00,766.2,-0.04626634000000007,REJECT,tennis_predictions/price_snapshots.csv
b178d80aea0264ca,118df79f6804e299,unibet_uk,1.65,2026-09-29T13:13:46.945822+00:00,2026-09-29T13:13:48.871244+00:00,766.2,-0.05768830000000008,REJECT,tennis_predictions/price_snapshots.csv
41bd7e7ed30269dc,118df79f6804e299,virginbet,1.68,2026-09-29T13:13:46.945822+00:00,2026-09-29T13:13:48.871244+00:00,766.2,-0.04055536000000004,REJECT,tennis_predictions/price_snapshots.csv
0318644f1f4ff5c8,118df79f6804e299,williamhill,1.67,2026-09-29T13:13:46.945822+00:00,2026-09-29T13:13:48.871244+00:00,766.2,-0.04626634000000007,REJECT,tennis_predictions/price_snapshots.csv
8d43a88f6e13ba0c,8e73e6f3a36ed0da,betfair_ex_uk,1.44,2026-09-29T13:13:46.945822+00:00,2026-09-29T13:13:48.871244+00:00,766.2,-0.05215207999999999,REJECT,tennis_predictions/price_snapshots.csv
2d8e453395dcb08c,8e73e6f3a36ed0da,betano_uk,1.4,2026-09-29T13:13:46.945822+00:00,2026-09-29T13:13:48.871244+00:00,766.2,-0.06418400000000002,REJECT,tennis_predictions/price_snapshots.csv
3f26c5cdef489e2a,8e73e6f3a36ed0da,betvictor,1.4,2026-09-29T13:13:46.945822+00:00,2026-09-29T13:13:48.871244+00:00,766.2,-0.06418400000000002,REJECT,tennis_predictions/price_snapshots.csv
b12a9d5ba51a38be,8e73e6f3a36ed0da,betway,1.38,2026-09-29T13:13:46.945822+00:00,2026-09-29T13:13:48.871244+00:00,766.2,-0.07755280000000003,REJECT,tennis_predictions/price_snapshots.csv
c5bca7059c85c740,8e73e6f3a36ed0da,boylesports,1.44,2026-09-29T13:13:46.945822+00:00,2026-09-29T13:13:48.871244+00:00,766.2,-0.03744639999999999,REJECT,tennis_predictions/price_snapshots.csv
333ebef1f1d2d986,8e73e6f3a36ed0da,casumo,1.42,2026-09-29T13:13:46.945822+00:00,2026-09-29T13:13:48.871244+00:00,766.2,-0.050815200000000005,REJECT,tennis_predictions/price_snapshots.csv
72b5ac407589de88,8e73e6f3a36ed0da,coral,1.4,2026-09-29T13:13:46.945822+00:00,2026-09-29T13:13:48.871244+00:00,766.2,-0.06418400000000002,REJECT,tennis_predictions/price_snapshots.csv
7fe250b1b9f98205,8e73e6f3a36ed0da,grosvenor,1.42,2026-09-29T13:13:46.945822+00:00,2026-09-29T13:13:48.871244+00:00,766.2,-0.050815200000000005,REJECT,tennis_predictions/price_snapshots.csv
ecd1bfc480022e53,8e73e6f3a36ed0da,ladbrokes_uk,1.4,2026-09-29T13:13:46.945822+00:00,2026-09-29T13:13:48.871244+00:00,766.2,-0.06418400000000002,REJECT,tennis_predictions/price_snapshots.csv
9088c0ba322229b3,8e73e6f3a36ed0da,leovegas,1.4,2026-09-29T13:13:46.945822+00:00,2026-09-29T13:13:48.871244+00:00,766.2,-0.06418400000000002,REJECT,tennis_predictions/price_snapshots.csv
185331b5ff26608b,8e73e6f3a36ed0da,livescorebet,1.42,2026-09-29T13:13:46.945822+00:00,2026-09-29T13:13:48.871244+00:00,766.2,-0.050815200000000005,REJECT,tennis_predictions/price_snapshots.csv
6926cc39619ddc9f,8e73e6f3a36ed0da,matchbook,1.44,2026-09-29T13:13:46.945822+00:00,2026-09-29T13:13:48.871244+00:00,766.2,,REJECT,tennis_predictions/price_snapshots.csv
8405855733562737,8e73e6f3a36ed0da,paddypower,1.36,2026-09-29T13:13:46.945822+00:00,2026-09-29T13:13:48.871244+00:00,766.2,-0.09092159999999988,REJECT,tennis_predictions/price_snapshots.csv
a9f555d8efb0a857,8e73e6f3a36ed0da,skybet,1.36,2026-09-29T13:13:46.945822+00:00,2026-09-29T13:13:48.871244+00:00,766.2,-0.09092159999999988,REJECT,tennis_predictions/price_snapshots.csv
36a930c89e332cc6,8e73e6f3a36ed0da,smarkets,1.42,2026-09-29T13:13:46.945822+00:00,2026-09-29T13:13:48.871244+00:00,766.2,-0.056430095999999985,REJECT,tennis_predictions/price_snapshots.csv
aa9c7f35063eda7f,8e73e6f3a36ed0da,sport888,1.44,2026-09-29T13:13:46.945822+00:00,2026-09-29T13:13:48.871244+00:00,766.2,-0.03744639999999999,REJECT,tennis_predictions/price_snapshots.csv
50700033cb8c2671,8e73e6f3a36ed0da,unibet_uk,1.42,2026-09-29T13:13:46.945822+00:00,2026-09-29T13:13:48.871244+00:00,766.2,-0.050815200000000005,REJECT,tennis_predictions/price_snapshots.csv
4ecd4ebf2696fc15,8e73e6f3a36ed0da,virginbet,1.42,2026-09-29T13:13:46.945822+00:00,2026-09-29T13:13:48.871244+00:00,766.2,-0.050815200000000005,REJECT,tennis_predictions/price_snapshots.csv
f1a1b0f67e75467f,8e73e6f3a36ed0da,williamhill,1.44,2026-09-29T13:13:46.945822+00:00,2026-09-29T13:13:48.871244+00:00,766.2,-0.03744639999999999,REJECT,tennis_predictions/price_snapshots.csv
e12f9ab211b79e98,970873b36d358f2b,betfair_ex_uk,1.88,2026-09-29T13:13:46.945822+00:00,2026-09-29T13:13:48.871244+00:00,766.2,-0.05858182000000012,REJECT,tennis_predictions/price_snapshots.csv
741d849e2a581562,970873b36d358f2b,betano_uk,1.8,2026-09-29T13:13:46.945822+00:00,2026-09-29T13:13:48.871244+00:00,766.2,-0.07704100000000003,REJECT,tennis_predictions/price_snapshots.csv
81190308e1b9a866,970873b36d358f2b,betfair_sb_uk,1.9,2026-09-29T13:13:46.945822+00:00,2026-09-29T13:13:48.871244+00:00,766.2,-0.025765500000000108,REJECT,tennis_predictions/price_snapshots.csv
a1531b0b0e0c164e,970873b36d358f2b,betvictor,1.8,2026-09-29T13:13:46.945822+00:00,2026-09-29T13:13:48.871244+00:00,766.2,-0.07704100000000003,REJECT,tennis_predictions/price_snapshots.csv
be809df003cfdd0b,970873b36d358f2b,betway,1.8,2026-09-29T13:13:46.945822+00:00,2026-09-29T13:13:48.871244+00:00,766.2,-0.07704100000000003,REJECT,tennis_predictions/price_snapshots.csv
d2f3fe00d75ba5bf,970873b36d358f2b,boylesports,1.83,2026-09-29T13:13:46.945822+00:00,2026-09-29T13:13:48.871244+00:00,766.2,-0.06165835000000003,REJECT,tennis_predictions/price_snapshots.csv
f2ca279f846c3255,970873b36d358f2b,casumo,1.91,2026-09-29T13:13:46.945822+00:00,2026-09-29T13:13:48.871244+00:00,766.2,-0.020637950000000127,REJECT,tennis_predictions/price_snapshots.csv
db6168f26873510b,970873b36d358f2b,coral,1.8,2026-09-29T13:13:46.945822+00:00,2026-09-29T13:13:48.871244+00:00,766.2,-0.07704100000000003,REJECT,tennis_predictions/price_snapshots.csv
514283ae8c480b36,970873b36d358f2b,grosvenor,1.91,2026-09-29T13:13:46.945822+00:00,2026-09-29T13:13:48.871244+00:00,766.2,-0.020637950000000127,REJECT,tennis_predictions/price_snapshots.csv
fd9256d087e7bc9b,970873b36d358f2b,ladbrokes_uk,1.8,2026-09-29T13:13:46.945822+00:00,2026-09-29T13:13:48.871244+00:00,766.2,-0.07704100000000003,REJECT,tennis_predictions/price_snapshots.csv
928d3f2af6c2f361,970873b36d358f2b,leovegas,1.8,2026-09-29T13:13:46.945822+00:00,2026-09-29T13:13:48.871244+00:00,766.2,-0.07704100000000003,REJECT,tennis_predictions/price_snapshots.csv
347722fe6a1b713b,970873b36d358f2b,livescorebet,1.91,2026-09-29T13:13:46.945822+00:00,2026-09-29T13:13:48.871244+00:00,766.2,-0.020637950000000127,REJECT,tennis_predictions/price_snapshots.csv
1e04e886da202a41,970873b36d358f2b,matchbook,1.88,2026-09-29T13:13:46.945822+00:00,2026-09-29T13:13:48.871244+00:00,766.2,,REJECT,tennis_predictions/price_snapshots.csv
458097bb00a6c365,970873b36d358f2b,paddypower,1.91,2026-09-29T13:13:46.945822+00:00,2026-09-29T13:13:48.871244+00:00,766.2,-0.020637950000000127,REJECT,tennis_predictions/price_snapshots.csv
e337903921e08928,970873b36d358f2b,skybet,1.91,2026-09-29T13:13:46.945822+00:00,2026-09-29T13:13:48.871244+00:00,766.2,-0.020637950000000127,REJECT,tennis_predictions/price_snapshots.csv
ca273e8f426709ad,970873b36d358f2b,smarkets,1.86,2026-09-29T13:13:46.945822+00:00,2026-09-29T13:13:48.871244+00:00,766.2,-0.055095086000000015,REJECT,tennis_predictions/price_snapshots.csv
64fade04ed79bb9e,970873b36d358f2b,sport888,1.8,2026-09-29T13:13:46.945822+00:00,2026-09-29T13:13:48.871244+00:00,766.2,-0.07704100000000003,REJECT,tennis_predictions/price_snapshots.csv
da3ef021c09e2684,970873b36d358f2b,unibet_uk,1.81,2026-09-29T13:13:46.945822+00:00,2026-09-29T13:13:48.871244+00:00,766.2,-0.07191345000000005,REJECT,tennis_predictions/price_snapshots.csv
80c872c7a8e3989a,970873b36d358f2b,virginbet,1.91,2026-09-29T13:13:46.945822+00:00,2026-09-29T13:13:48.871244+00:00,766.2,-0.020637950000000127,REJECT,tennis_predictions/price_snapshots.csv
61409995c0f651fb,970873b36d358f2b,williamhill,1.8,2026-09-29T13:13:46.945822+00:00,2026-09-29T13:13:48.871244+00:00,766.2,-0.07704100000000003,REJECT,tennis_predictions/price_snapshots.csv
ebed9d70bda2df4e,39d82f8735af7f6b,betfair_ex_uk,1.45,2026-09-29T13:13:46.945822+00:00,2026-09-29T13:13:48.871244+00:00,766.2,-0.06782251500000008,REJECT,tennis_predictions/price_snapshots.csv
a369e585dfb93e76,39d82f8735af7f6b,betano_uk,1.4,2026-09-29T13:13:46.945822+00:00,2026-09-29T13:13:48.871244+00:00,766.2,-0.08578040000000009,REJECT,tennis_predictions/price_snapshots.csv
c59f6285b4fe1348,39d82f8735af7f6b,betvictor,1.4,2026-09-29T13:13:46.945822+00:00,2026-09-29T13:13:48.871244+00:00,766.2,-0.08578040000000009,REJECT,tennis_predictions/price_snapshots.csv
4225984a42957c39,39d82f8735af7f6b,betway,1.44,2026-09-29T13:13:46.945822+00:00,2026-09-29T13:13:48.871244+00:00,766.2,-0.059659840000000075,REJECT,tennis_predictions/price_snapshots.csv
48eecd06124903a9,39d82f8735af7f6b,boylesports,1.4,2026-09-29T13:13:46.945822+00:00,2026-09-29T13:13:48.871244+00:00,766.2,-0.08578040000000009,REJECT,tennis_predictions/price_snapshots.csv
ee61fab3d0b326c8,39d82f8735af7f6b,casumo,1.43,2026-09-29T13:13:46.945822+00:00,2026-09-29T13:13:48.871244+00:00,766.2,-0.06618998000000004,REJECT,tennis_predictions/price_snapshots.csv
674f0dd831472c5f,39d82f8735af7f6b,coral,1.4,2026-09-29T13:13:46.945822+00:00,2026-09-29T13:13:48.871244+00:00,766.2,-0.08578040000000009,REJECT,tennis_predictions/price_snapshots.csv
4fa70149606fe89e,39d82f8735af7f6b,grosvenor,1.43,2026-09-29T13:13:46.945822+00:00,2026-09-29T13:13:48.871244+00:00,766.2,-0.06618998000000004,REJECT,tennis_predictions/price_snapshots.csv
89255801137d73c3,39d82f8735af7f6b,ladbrokes_uk,1.4,2026-09-29T13:13:46.945822+00:00,2026-09-29T13:13:48.871244+00:00,766.2,-0.08578040000000009,REJECT,tennis_predictions/price_snapshots.csv
ea3bf97973fc23f9,39d82f8735af7f6b,leovegas,1.4,2026-09-29T13:13:46.945822+00:00,2026-09-29T13:13:48.871244+00:00,766.2,-0.08578040000000009,REJECT,tennis_predictions/price_snapshots.csv
728d6b69082bd0a8,39d82f8735af7f6b,livescorebet,1.44,2026-09-29T13:13:46.945822+00:00,2026-09-29T13:13:48.871244+00:00,766.2,-0.059659840000000075,REJECT,tennis_predictions/price_snapshots.csv
d544c208e74e8588,39d82f8735af7f6b,matchbook,1.45,2026-09-29T13:13:46.945822+00:00,2026-09-29T13:13:48.871244+00:00,766.2,,REJECT,tennis_predictions/price_snapshots.csv
c4125357c4f99145,39d82f8735af7f6b,paddypower,1.36,2026-09-29T13:13:46.945822+00:00,2026-09-29T13:13:48.871244+00:00,766.2,-0.11190095999999997,REJECT,tennis_predictions/price_snapshots.csv
10c484451550df23,39d82f8735af7f6b,skybet,1.36,2026-09-29T13:13:46.945822+00:00,2026-09-29T13:13:48.871244+00:00,766.2,-0.11190095999999997,REJECT,tennis_predictions/price_snapshots.csv
4fd68c70c909139c,39d82f8735af7f6b,smarkets,1.43,2026-09-29T13:13:46.945822+00:00,2026-09-29T13:13:48.871244+00:00,766.2,-0.07180590040000007,REJECT,tennis_predictions/price_snapshots.csv
ede5363d2b26c502,39d82f8735af7f6b,sport888,1.4,2026-09-29T13:13:46.945822+00:00,2026-09-29T13:13:48.871244+00:00,766.2,-0.08578040000000009,REJECT,tennis_predictions/price_snapshots.csv
fa154a4f7251f1b6,39d82f8735af7f6b,unibet_uk,1.42,2026-09-29T13:13:46.945822+00:00,2026-09-29T13:13:48.871244+00:00,766.2,-0.07272012000000005,REJECT,tennis_predictions/price_snapshots.csv
b29ea345b5602f69,39d82f8735af7f6b,virginbet,1.44,2026-09-29T13:13:46.945822+00:00,2026-09-29T13:13:48.871244+00:00,766.2,-0.059659840000000075,REJECT,tennis_predictions/price_snapshots.csv
2314382aea854f0c,39d82f8735af7f6b,williamhill,1.4,2026-09-29T13:13:46.945822+00:00,2026-09-29T13:13:48.871244+00:00,766.2,-0.08578040000000009,REJECT,tennis_predictions/price_snapshots.csv
87da54f3f9b0b201,836f4c8bfb9203be,betfair_ex_uk,1.54,2026-09-29T13:13:46.945822+00:00,2026-09-29T13:13:48.871244+00:00,766.2,-0.06452420400000003,REJECT,tennis_predictions/price_snapshots.csv
0637fb7662940730,836f4c8bfb9203be,betano_uk,1.5,2026-09-29T13:13:46.945822+00:00,2026-09-29T13:13:48.871244+00:00,766.2,-0.07256200000000007,REJECT,tennis_predictions/price_snapshots.csv
dd7f5b090fb52a49,836f4c8bfb9203be,betfair_sb_uk,1.53,2026-09-29T13:13:46.945822+00:00,2026-09-29T13:13:48.871244+00:00,766.2,-0.05401324000000007,REJECT,tennis_predictions/price_snapshots.csv
d0ae7ebbe23bc3a5,836f4c8bfb9203be,betvictor,1.5,2026-09-29T13:13:46.945822+00:00,2026-09-29T13:13:48.871244+00:00,766.2,-0.07256200000000007,REJECT,tennis_predictions/price_snapshots.csv
b208bd490037a9b2,836f4c8bfb9203be,betway,1.5,2026-09-29T13:13:46.945822+00:00,2026-09-29T13:13:48.871244+00:00,766.2,-0.07256200000000007,REJECT,tennis_predictions/price_snapshots.csv
e75402576c993e19,836f4c8bfb9203be,boylesports,1.53,2026-09-29T13:13:46.945822+00:00,2026-09-29T13:13:48.871244+00:00,766.2,-0.05401324000000007,REJECT,tennis_predictions/price_snapshots.csv
7a33e429cebd753a,836f4c8bfb9203be,casumo,1.54,2026-09-29T13:13:46.945822+00:00,2026-09-29T13:13:48.871244+00:00,766.2,-0.04783032000000004,REJECT,tennis_predictions/price_snapshots.csv
36b88f20a75b9591,836f4c8bfb9203be,coral,1.48,2026-09-29T13:13:46.945822+00:00,2026-09-29T13:13:48.871244+00:00,766.2,-0.08492784000000009,REJECT,tennis_predictions/price_snapshots.csv
acda01162a3d018b,836f4c8bfb9203be,grosvenor,1.54,2026-09-29T13:13:46.945822+00:00,2026-09-29T13:13:48.871244+00:00,766.2,-0.04783032000000004,REJECT,tennis_predictions/price_snapshots.csv
2d132135e9e0f9a8,836f4c8bfb9203be,ladbrokes_uk,1.48,2026-09-29T13:13:46.945822+00:00,2026-09-29T13:13:48.871244+00:00,766.2,-0.08492784000000009,REJECT,tennis_predictions/price_snapshots.csv
406b27b1f917f973,836f4c8bfb9203be,leovegas,1.5,2026-09-29T13:13:46.945822+00:00,2026-09-29T13:13:48.871244+00:00,766.2,-0.07256200000000007,REJECT,tennis_predictions/price_snapshots.csv
8f67ffa9b92bda3f,836f4c8bfb9203be,livescorebet,1.54,2026-09-29T13:13:46.945822+00:00,2026-09-29T13:13:48.871244+00:00,766.2,-0.04783032000000004,REJECT,tennis_predictions/price_snapshots.csv
44ff6cc03a17c6c4,836f4c8bfb9203be,matchbook,1.55,2026-09-29T13:13:46.945822+00:00,2026-09-29T13:13:48.871244+00:00,766.2,,REJECT,tennis_predictions/price_snapshots.csv
1b3f2f8de048bff7,836f4c8bfb9203be,paddypower,1.53,2026-09-29T13:13:46.945822+00:00,2026-09-29T13:13:48.871244+00:00,766.2,-0.05401324000000007,REJECT,tennis_predictions/price_snapshots.csv
492cdedd062f5f44,836f4c8bfb9203be,skybet,1.53,2026-09-29T13:13:46.945822+00:00,2026-09-29T13:13:48.871244+00:00,766.2,-0.05401324000000007,REJECT,tennis_predictions/price_snapshots.csv
834b3ae6d32dd5af,836f4c8bfb9203be,smarkets,1.54,2026-09-29T13:13:46.945822+00:00,2026-09-29T13:13:48.871244+00:00,766.2,-0.054507873600000034,REJECT,tennis_predictions/price_snapshots.csv
e7b22841211bf16a,836f4c8bfb9203be,sport888,1.53,2026-09-29T13:13:46.945822+00:00,2026-09-29T13:13:48.871244+00:00,766.2,-0.05401324000000007,REJECT,tennis_predictions/price_snapshots.csv
26d72cb2286a721a,836f4c8bfb9203be,unibet_uk,1.52,2026-09-29T13:13:46.945822+00:00,2026-09-29T13:13:48.871244+00:00,766.2,-0.060196160000000054,REJECT,tennis_predictions/price_snapshots.csv
41726c19d7172f19,836f4c8bfb9203be,virginbet,1.54,2026-09-29T13:13:46.945822+00:00,2026-09-29T13:13:48.871244+00:00,766.2,-0.04783032000000004,REJECT,tennis_predictions/price_snapshots.csv
dbef27ad869edc62,836f4c8bfb9203be,williamhill,1.53,2026-09-29T13:13:46.945822+00:00,2026-09-29T13:13:48.871244+00:00,766.2,-0.05401324000000007,REJECT,tennis_predictions/price_snapshots.csv
982b3dd71370b1b6,47488b5b98a5ef91,betfair_ex_uk,1.71,2026-09-29T13:13:46.945822+00:00,2026-09-29T13:13:48.871244+00:00,766.2,-0.0275157055000001,REJECT,tennis_predictions/price_snapshots.csv
176fe93193fceb97,47488b5b98a5ef91,betano_uk,1.6,2026-09-29T13:13:46.945822+00:00,2026-09-29T13:13:48.871244+00:00,766.2,-0.07078239999999997,REJECT,tennis_predictions/price_snapshots.csv
1f70eba58422e567,47488b5b98a5ef91,betfair_sb_uk,1.67,2026-09-29T13:13:46.945822+00:00,2026-09-29T13:13:48.871244+00:00,766.2,-0.030129130000000115,REJECT,tennis_predictions/price_snapshots.csv
3ea86b4e771677f3,47488b5b98a5ef91,betvictor,1.6,2026-09-29T13:13:46.945822+00:00,2026-09-29T13:13:48.871244+00:00,766.2,-0.07078239999999997,REJECT,tennis_predictions/price_snapshots.csv
e220a9af758bda9a,47488b5b98a5ef91,betway,1.65,2026-09-29T13:13:46.945822+00:00,2026-09-29T13:13:48.871244+00:00,766.2,-0.0417443500000001,REJECT,tennis_predictions/price_snapshots.csv
6913aeb88e547cef,47488b5b98a5ef91,boylesports,1.57,2026-09-29T13:13:46.945822+00:00,2026-09-29T13:13:48.871244+00:00,766.2,-0.08820523000000002,REJECT,tennis_predictions/price_snapshots.csv
40f70b2766cea9af,47488b5b98a5ef91,casumo,1.56,2026-09-29T13:13:46.945822+00:00,2026-09-29T13:13:48.871244+00:00,766.2,-0.09401283999999999,REJECT,tennis_predictions/price_snapshots.csv
bba9831f2db20125,47488b5b98a5ef91,coral,1.57,2026-09-29T13:13:46.945822+00:00,2026-09-29T13:13:48.871244+00:00,766.2,-0.08820523000000002,REJECT,tennis_predictions/price_snapshots.csv
45c68239bb40332b,47488b5b98a5ef91,grosvenor,1.56,2026-09-29T13:13:46.945822+00:00,2026-09-29T13:13:48.871244+00:00,766.2,-0.09401283999999999,REJECT,tennis_predictions/price_snapshots.csv
dedd34df0dc5ce8e,47488b5b98a5ef91,ladbrokes_uk,1.57,2026-09-29T13:13:46.945822+00:00,2026-09-29T13:13:48.871244+00:00,766.2,-0.08820523000000002,REJECT,tennis_predictions/price_snapshots.csv
143e866fc2373d59,47488b5b98a5ef91,leovegas,1.57,2026-09-29T13:13:46.945822+00:00,2026-09-29T13:13:48.871244+00:00,766.2,-0.08820523000000002,REJECT,tennis_predictions/price_snapshots.csv
b4110e37154d14dd,47488b5b98a5ef91,livescorebet,1.57,2026-09-29T13:13:46.945822+00:00,2026-09-29T13:13:48.871244+00:00,766.2,-0.08820523000000002,REJECT,tennis_predictions/price_snapshots.csv
a9f02321c2579086,47488b5b98a5ef91,matchbook,1.7,2026-09-29T13:13:46.945822+00:00,2026-09-29T13:13:48.871244+00:00,766.2,,REJECT,tennis_predictions/price_snapshots.csv
e771aa34df18dcd3,47488b5b98a5ef91,paddypower,1.67,2026-09-29T13:13:46.945822+00:00,2026-09-29T13:13:48.871244+00:00,766.2,-0.030129130000000115,REJECT,tennis_predictions/price_snapshots.csv
3a64d48c5287bb8a,47488b5b98a5ef91,skybet,1.67,2026-09-29T13:13:46.945822+00:00,2026-09-29T13:13:48.871244+00:00,766.2,-0.030129130000000115,REJECT,tennis_predictions/price_snapshots.csv
ac7d6a0baf3326a9,47488b5b98a5ef91,smarkets,1.67,2026-09-29T13:13:46.945822+00:00,2026-09-29T13:13:48.871244+00:00,766.2,-0.03791132740000014,REJECT,tennis_predictions/price_snapshots.csv
4e1b8db08605773e,47488b5b98a5ef91,sport888,1.61,2026-09-29T13:13:46.945822+00:00,2026-09-29T13:13:48.871244+00:00,766.2,-0.06497479,REJECT,tennis_predictions/price_snapshots.csv
047c89dd9c99574d,47488b5b98a5ef91,unibet_uk,1.62,2026-09-29T13:13:46.945822+00:00,2026-09-29T13:13:48.871244+00:00,766.2,-0.059167179999999986,REJECT,tennis_predictions/price_snapshots.csv
c8ba578cc34a8708,47488b5b98a5ef91,virginbet,1.57,2026-09-29T13:13:46.945822+00:00,2026-09-29T13:13:48.871244+00:00,766.2,-0.08820523000000002,REJECT,tennis_predictions/price_snapshots.csv
a8920a86baba0737,47488b5b98a5ef91,williamhill,1.62,2026-09-29T13:13:46.945822+00:00,2026-09-29T13:13:48.871244+00:00,766.2,-0.059167179999999986,REJECT,tennis_predictions/price_snapshots.csv
5a58a776c0a4688e,b72e1241b292c0dc,betfair_ex_uk,1.96,2026-09-29T13:13:46.945822+00:00,2026-09-29T13:13:48.871244+00:00,766.2,-0.03094104000000003,REJECT,tennis_predictions/price_snapshots.csv
8423e68803855e96,b72e1241b292c0dc,betano_uk,1.85,2026-09-29T13:13:46.945822+00:00,2026-09-29T13:13:48.871244+00:00,766.2,-0.062364499999999934,REJECT,tennis_predictions/price_snapshots.csv
16384189fd911cf7,b72e1241b292c0dc,betfair_sb_uk,1.91,2026-09-29T13:13:46.945822+00:00,2026-09-29T13:13:48.871244+00:00,766.2,-0.03195470000000006,REJECT,tennis_predictions/price_snapshots.csv
51004150c4fbf848,b72e1241b292c0dc,betvictor,1.85,2026-09-29T13:13:46.945822+00:00,2026-09-29T13:13:48.871244+00:00,766.2,-0.062364499999999934,REJECT,tennis_predictions/price_snapshots.csv
fac49cffe4744e4d,b72e1241b292c0dc,betway,1.85,2026-09-29T13:13:46.945822+00:00,2026-09-29T13:13:48.871244+00:00,766.2,-0.062364499999999934,REJECT,tennis_predictions/price_snapshots.csv
867d566e7484c0b7,b72e1241b292c0dc,boylesports,1.91,2026-09-29T13:13:46.945822+00:00,2026-09-29T13:13:48.871244+00:00,766.2,-0.03195470000000006,REJECT,tennis_predictions/price_snapshots.csv
5bb71f215569b335,b72e1241b292c0dc,casumo,1.83,2026-09-29T13:13:46.945822+00:00,2026-09-29T13:13:48.871244+00:00,766.2,-0.07250109999999999,REJECT,tennis_predictions/price_snapshots.csv
a44d0b39b13a8051,b72e1241b292c0dc,coral,1.83,2026-09-29T13:13:46.945822+00:00,2026-09-29T13:13:48.871244+00:00,766.2,-0.07250109999999999,REJECT,tennis_predictions/price_snapshots.csv
6427a44cd7323f83,b72e1241b292c0dc,grosvenor,1.83,2026-09-29T13:13:46.945822+00:00,2026-09-29T13:13:48.871244+00:00,766.2,-0.07250109999999999,REJECT,tennis_predictions/price_snapshots.csv
677673583ae7b9f8,b72e1241b292c0dc,ladbrokes_uk,1.83,2026-09-29T13:13:46.945822+00:00,2026-09-29T13:13:48.871244+00:00,766.2,-0.07250109999999999,REJECT,tennis_predictions/price_snapshots.csv
cf2f975439c709af,b72e1241b292c0dc,leovegas,1.85,2026-09-29T13:13:46.945822+00:00,2026-09-29T13:13:48.871244+00:00,766.2,-0.062364499999999934,REJECT,tennis_predictions/price_snapshots.csv
cfd2698b36379345,b72e1241b292c0dc,livescorebet,1.84,2026-09-29T13:13:46.945822+00:00,2026-09-29T13:13:48.871244+00:00,766.2,-0.06743279999999996,REJECT,tennis_predictions/price_snapshots.csv
e8b4bae7943ed5b8,b72e1241b292c0dc,matchbook,1.95,2026-09-29T13:13:46.945822+00:00,2026-09-29T13:13:48.871244+00:00,766.2,,REJECT,tennis_predictions/price_snapshots.csv
38efd4263da4d909,b72e1241b292c0dc,paddypower,1.91,2026-09-29T13:13:46.945822+00:00,2026-09-29T13:13:48.871244+00:00,766.2,-0.03195470000000006,REJECT,tennis_predictions/price_snapshots.csv
6ff0f27fce52dea2,b72e1241b292c0dc,skybet,1.91,2026-09-29T13:13:46.945822+00:00,2026-09-29T13:13:48.871244+00:00,766.2,-0.03195470000000006,REJECT,tennis_predictions/price_snapshots.csv
69e6c1432497bad9,b72e1241b292c0dc,smarkets,1.93,2026-09-29T13:13:46.945822+00:00,2026-09-29T13:13:48.871244+00:00,766.2,-0.031245138000000006,REJECT,tennis_predictions/price_snapshots.csv
4ab7d10681921330,b72e1241b292c0dc,sport888,1.91,2026-09-29T13:13:46.945822+00:00,2026-09-29T13:13:48.871244+00:00,766.2,-0.03195470000000006,REJECT,tennis_predictions/price_snapshots.csv
1945972f55fc4610,b72e1241b292c0dc,unibet_uk,1.88,2026-09-29T13:13:46.945822+00:00,2026-09-29T13:13:48.871244+00:00,766.2,-0.047159600000000024,REJECT,tennis_predictions/price_snapshots.csv
fad86ea11a083a54,b72e1241b292c0dc,virginbet,1.84,2026-09-29T13:13:46.945822+00:00,2026-09-29T13:13:48.871244+00:00,766.2,-0.06743279999999996,REJECT,tennis_predictions/price_snapshots.csv
3f8168bddf40c0e1,b72e1241b292c0dc,williamhill,1.91,2026-09-29T13:13:46.945822+00:00,2026-09-29T13:13:48.871244+00:00,766.2,-0.03195470000000006,REJECT,tennis_predictions/price_snapshots.csv
31c040e79bbfc264,3f19d75250cc58b7,betfair_ex_uk,1.35,2026-09-29T13:13:46.945822+00:00,2026-09-29T13:13:48.871244+00:00,766.2,-0.0160007174999999,REJECT,tennis_predictions/price_snapshots.csv
7e5e910cf03b0769,3f19d75250cc58b7,betano_uk,1.3,2026-09-29T13:13:46.945822+00:00,2026-09-29T13:13:48.871244+00:00,766.2,-0.04000069999999992,REJECT,tennis_predictions/price_snapshots.csv
4f9469bdade2db22,3f19d75250cc58b7,betfair_sb_uk,1.3,2026-09-29T13:13:46.945822+00:00,2026-09-29T13:13:48.871244+00:00,766.2,-0.04000069999999992,REJECT,tennis_predictions/price_snapshots.csv
fa6a120bc67dea96,3f19d75250cc58b7,betvictor,1.3,2026-09-29T13:13:46.945822+00:00,2026-09-29T13:13:48.871244+00:00,766.2,-0.04000069999999992,REJECT,tennis_predictions/price_snapshots.csv
ae78abf7244dcf34,3f19d75250cc58b7,betway,1.3,2026-09-29T13:13:46.945822+00:00,2026-09-29T13:13:48.871244+00:00,766.2,-0.04000069999999992,REJECT,tennis_predictions/price_snapshots.csv
fd8c2843531b62ca,3f19d75250cc58b7,boylesports,1.33,2026-09-29T13:13:46.945822+00:00,2026-09-29T13:13:48.871244+00:00,766.2,-0.017846869999999904,REJECT,tennis_predictions/price_snapshots.csv
68ff263ff2cb3155,3f19d75250cc58b7,casumo,1.3,2026-09-29T13:13:46.945822+00:00,2026-09-29T13:13:48.871244+00:00,766.2,-0.04000069999999992,REJECT,tennis_predictions/price_snapshots.csv
bb222c8773c99944,3f19d75250cc58b7,coral,1.3,2026-09-29T13:13:46.945822+00:00,2026-09-29T13:13:48.871244+00:00,766.2,-0.04000069999999992,REJECT,tennis_predictions/price_snapshots.csv
8b268f64b4416458,3f19d75250cc58b7,grosvenor,1.3,2026-09-29T13:13:46.945822+00:00,2026-09-29T13:13:48.871244+00:00,766.2,-0.04000069999999992,REJECT,tennis_predictions/price_snapshots.csv
865e04da793e9e85,3f19d75250cc58b7,ladbrokes_uk,1.3,2026-09-29T13:13:46.945822+00:00,2026-09-29T13:13:48.871244+00:00,766.2,-0.04000069999999992,REJECT,tennis_predictions/price_snapshots.csv
bfe750d263621a65,3f19d75250cc58b7,leovegas,1.3,2026-09-29T13:13:46.945822+00:00,2026-09-29T13:13:48.871244+00:00,766.2,-0.04000069999999992,REJECT,tennis_predictions/price_snapshots.csv
5530d6f96f79edd5,3f19d75250cc58b7,livescorebet,1.3,2026-09-29T13:13:46.945822+00:00,2026-09-29T13:13:48.871244+00:00,766.2,-0.04000069999999992,REJECT,tennis_predictions/price_snapshots.csv
3ab583a7b39aee46,3f19d75250cc58b7,matchbook,1.35,2026-09-29T13:13:46.945822+00:00,2026-09-29T13:13:48.871244+00:00,766.2,,REJECT,tennis_predictions/price_snapshots.csv
8574621147e281e4,3f19d75250cc58b7,paddypower,1.29,2026-09-29T13:13:46.945822+00:00,2026-09-29T13:13:48.871244+00:00,766.2,-0.04738530999999993,REJECT,tennis_predictions/price_snapshots.csv
8c384d0e48a625ef,3f19d75250cc58b7,skybet,1.3,2026-09-29T13:13:46.945822+00:00,2026-09-29T13:13:48.871244+00:00,766.2,-0.04000069999999992,REJECT,tennis_predictions/price_snapshots.csv
055980353d0f9b9f,3f19d75250cc58b7,smarkets,1.34,2026-09-29T13:13:46.945822+00:00,2026-09-29T13:13:48.871244+00:00,766.2,-0.015483794799999895,REJECT,tennis_predictions/price_snapshots.csv
2666b59bd744d3a0,3f19d75250cc58b7,sport888,1.33,2026-09-29T13:13:46.945822+00:00,2026-09-29T13:13:48.871244+00:00,766.2,-0.017846869999999904,REJECT,tennis_predictions/price_snapshots.csv
1d22c46b54cc40af,3f19d75250cc58b7,unibet_uk,1.3,2026-09-29T13:13:46.945822+00:00,2026-09-29T13:13:48.871244+00:00,766.2,-0.04000069999999992,REJECT,tennis_predictions/price_snapshots.csv
5be97ee7b1963bdf,3f19d75250cc58b7,virginbet,1.3,2026-09-29T13:13:46.945822+00:00,2026-09-29T13:13:48.871244+00:00,766.2,-0.04000069999999992,REJECT,tennis_predictions/price_snapshots.csv
93e6adae3d3651ff,3f19d75250cc58b7,williamhill,1.33,2026-09-29T13:13:46.945822+00:00,2026-09-29T13:13:48.871244+00:00,766.2,-0.017846869999999904,REJECT,tennis_predictions/price_snapshots.csv
59e0a247d1d398d1,fc4fda3e9b6c59e1,betfair_ex_uk,1.62,2026-09-29T13:13:46.945822+00:00,2026-09-29T13:13:48.871244+00:00,766.2,-0.01543970999999994,REJECT,tennis_predictions/price_snapshots.csv
7568b05575b95a9d,fc4fda3e9b6c59e1,betano_uk,1.53,2026-09-29T13:13:46.945822+00:00,2026-09-29T13:13:48.871244+00:00,766.2,-0.05199670000000001,REJECT,tennis_predictions/price_snapshots.csv
cfd451118ffa1e88,fc4fda3e9b6c59e1,betfair_sb_uk,1.62,2026-09-29T13:13:46.945822+00:00,2026-09-29T13:13:48.871244+00:00,766.2,0.003768200000000055,REJECT,tennis_predictions/price_snapshots.csv
2d9a28851fbda155,fc4fda3e9b6c59e1,betvictor,1.53,2026-09-29T13:13:46.945822+00:00,2026-09-29T13:13:48.871244+00:00,766.2,-0.05199670000000001,REJECT,tennis_predictions/price_snapshots.csv
2cf60f25b493ec74,fc4fda3e9b6c59e1,betway,1.55,2026-09-29T13:13:46.945822+00:00,2026-09-29T13:13:48.871244+00:00,766.2,-0.03960449999999999,REJECT,tennis_predictions/price_snapshots.csv
72031bf2b47b6e94,fc4fda3e9b6c59e1,boylesports,1.57,2026-09-29T13:13:46.945822+00:00,2026-09-29T13:13:48.871244+00:00,766.2,-0.027212299999999967,REJECT,tennis_predictions/price_snapshots.csv
e00df9ffaef4e4ba,fc4fda3e9b6c59e1,casumo,1.57,2026-09-29T13:13:46.945822+00:00,2026-09-29T13:13:48.871244+00:00,766.2,-0.027212299999999967,REJECT,tennis_predictions/price_snapshots.csv
83b5cedae67632fa,fc4fda3e9b6c59e1,coral,1.55,2026-09-29T13:13:46.945822+00:00,2026-09-29T13:13:48.871244+00:00,766.2,-0.03960449999999999,REJECT,tennis_predictions/price_snapshots.csv
4fe49e1fed219ddd,fc4fda3e9b6c59e1,grosvenor,1.57,2026-09-29T13:13:46.945822+00:00,2026-09-29T13:13:48.871244+00:00,766.2,-0.027212299999999967,REJECT,tennis_predictions/price_snapshots.csv
b905cb41295491f8,fc4fda3e9b6c59e1,ladbrokes_uk,1.55,2026-09-29T13:13:46.945822+00:00,2026-09-29T13:13:48.871244+00:00,766.2,-0.03960449999999999,REJECT,tennis_predictions/price_snapshots.csv
cfd603044b997643,fc4fda3e9b6c59e1,leovegas,1.53,2026-09-29T13:13:46.945822+00:00,2026-09-29T13:13:48.871244+00:00,766.2,-0.05199670000000001,REJECT,tennis_predictions/price_snapshots.csv
adcd1d4c6bb45fb6,fc4fda3e9b6c59e1,livescorebet,1.58,2026-09-29T13:13:46.945822+00:00,2026-09-29T13:13:48.871244+00:00,766.2,-0.021016199999999985,REJECT,tennis_predictions/price_snapshots.csv
fe802185f0441d52,fc4fda3e9b6c59e1,matchbook,1.62,2026-09-29T13:13:46.945822+00:00,2026-09-29T13:13:48.871244+00:00,766.2,,REJECT,tennis_predictions/price_snapshots.csv
e0313d339e3e63ab,fc4fda3e9b6c59e1,paddypower,1.62,2026-09-29T13:13:46.945822+00:00,2026-09-29T13:13:48.871244+00:00,766.2,0.003768200000000055,REJECT,tennis_predictions/price_snapshots.csv
7127f7ba520da3ec,fc4fda3e9b6c59e1,skybet,1.62,2026-09-29T13:13:46.945822+00:00,2026-09-29T13:13:48.871244+00:00,766.2,0.003768200000000055,REJECT,tennis_predictions/price_snapshots.csv
1a2e6915733360f3,fc4fda3e9b6c59e1,smarkets,1.6,2026-09-29T13:13:46.945822+00:00,2026-09-29T13:13:48.871244+00:00,766.2,-0.016059319999999988,REJECT,tennis_predictions/price_snapshots.csv
78b8e5d7d069f571,fc4fda3e9b6c59e1,sport888,1.57,2026-09-29T13:13:46.945822+00:00,2026-09-29T13:13:48.871244+00:00,766.2,-0.027212299999999967,REJECT,tennis_predictions/price_snapshots.csv
25aaa50a6beb4ede,fc4fda3e9b6c59e1,unibet_uk,1.55,2026-09-29T13:13:46.945822+00:00,2026-09-29T13:13:48.871244+00:00,766.2,-0.03960449999999999,REJECT,tennis_predictions/price_snapshots.csv
0f4d64a14f2f6122,fc4fda3e9b6c59e1,virginbet,1.58,2026-09-29T13:13:46.945822+00:00,2026-09-29T13:13:48.871244+00:00,766.2,-0.021016199999999985,REJECT,tennis_predictions/price_snapshots.csv
1330dd8f80f5f234,fc4fda3e9b6c59e1,williamhill,1.57,2026-09-29T13:13:46.945822+00:00,2026-09-29T13:13:48.871244+00:00,766.2,-0.027212299999999967,REJECT,tennis_predictions/price_snapshots.csv
7c5ae44745052149,28488ff5abb7554e,betfair_ex_uk,1.56,2026-09-29T13:13:46.945822+00:00,2026-09-29T13:13:48.871244+00:00,766.2,-0.03918322000000002,REJECT,tennis_predictions/price_snapshots.csv
0d3e8a90d243080b,28488ff5abb7554e,betano_uk,1.5,2026-09-29T13:13:46.945822+00:00,2026-09-29T13:13:48.871244+00:00,766.2,-0.05925250000000004,REJECT,tennis_predictions/price_snapshots.csv
bdef9811a8ca39dd,28488ff5abb7554e,betvictor,1.5,2026-09-29T13:13:46.945822+00:00,2026-09-29T13:13:48.871244+00:00,766.2,-0.05925250000000004,REJECT,tennis_predictions/price_snapshots.csv
5c8ef3824863994a,28488ff5abb7554e,betway,1.45,2026-09-29T13:13:46.945822+00:00,2026-09-29T13:13:48.871244+00:00,766.2,-0.09061075000000007,REJECT,tennis_predictions/price_snapshots.csv
15ff2c7bbe17a166,28488ff5abb7554e,boylesports,1.53,2026-09-29T13:13:46.945822+00:00,2026-09-29T13:13:48.871244+00:00,766.2,-0.040437550000000044,REJECT,tennis_predictions/price_snapshots.csv
0deddf668711b944,28488ff5abb7554e,casumo,1.45,2026-09-29T13:13:46.945822+00:00,2026-09-29T13:13:48.871244+00:00,766.2,-0.09061075000000007,REJECT,tennis_predictions/price_snapshots.csv
49fbb06018d5aba6,28488ff5abb7554e,coral,1.48,2026-09-29T13:13:46.945822+00:00,2026-09-29T13:13:48.871244+00:00,766.2,-0.07179580000000008,REJECT,tennis_predictions/price_snapshots.csv
a0392bdd402421c9,28488ff5abb7554e,grosvenor,1.45,2026-09-29T13:13:46.945822+00:00,2026-09-29T13:13:48.871244+00:00,766.2,-0.09061075000000007,REJECT,tennis_predictions/price_snapshots.csv
e000e8726c102a11,28488ff5abb7554e,ladbrokes_uk,1.48,2026-09-29T13:13:46.945822+00:00,2026-09-29T13:13:48.871244+00:00,766.2,-0.07179580000000008,REJECT,tennis_predictions/price_snapshots.csv
a9a75b5d913ff33c,28488ff5abb7554e,leovegas,1.47,2026-09-29T13:13:46.945822+00:00,2026-09-29T13:13:48.871244+00:00,766.2,-0.07806745000000004,REJECT,tennis_predictions/price_snapshots.csv
1555e6bd760631bf,28488ff5abb7554e,livescorebet,1.46,2026-09-29T13:13:46.945822+00:00,2026-09-29T13:13:48.871244+00:00,766.2,-0.08433910000000006,REJECT,tennis_predictions/price_snapshots.csv
12262bfc6476c81f,28488ff5abb7554e,matchbook,1.55,2026-09-29T13:13:46.945822+00:00,2026-09-29T13:13:48.871244+00:00,766.2,,REJECT,tennis_predictions/price_snapshots.csv
2abe93f0b7639aae,28488ff5abb7554e,paddypower,1.5,2026-09-29T13:13:46.945822+00:00,2026-09-29T13:13:48.871244+00:00,766.2,-0.05925250000000004,REJECT,tennis_predictions/price_snapshots.csv
78f703e7bba56d72,28488ff5abb7554e,skybet,1.5,2026-09-29T13:13:46.945822+00:00,2026-09-29T13:13:48.871244+00:00,766.2,-0.05925250000000004,REJECT,tennis_predictions/price_snapshots.csv
a63a06ebda9c0318,28488ff5abb7554e,smarkets,1.52,2026-09-29T13:13:46.945822+00:00,2026-09-29T13:13:48.871244+00:00,766.2,-0.05323171600000004,REJECT,tennis_predictions/price_snapshots.csv
43cd2317759abc7c,28488ff5abb7554e,sport888,1.5,2026-09-29T13:13:46.945822+00:00,2026-09-29T13:13:48.871244+00:00,766.2,-0.05925250000000004,REJECT,tennis_predictions/price_snapshots.csv
9771cc1eafd801ab,28488ff5abb7554e,unibet_uk,1.52,2026-09-29T13:13:46.945822+00:00,2026-09-29T13:13:48.871244+00:00,766.2,-0.046709200000000006,REJECT,tennis_predictions/price_snapshots.csv
2e3ddde616c882c8,28488ff5abb7554e,virginbet,1.46,2026-09-29T13:13:46.945822+00:00,2026-09-29T13:13:48.871244+00:00,766.2,-0.08433910000000006,REJECT,tennis_predictions/price_snapshots.csv
8a3b22d8497a890f,28488ff5abb7554e,williamhill,1.5,2026-09-29T13:13:46.945822+00:00,2026-09-29T13:13:48.871244+00:00,766.2,-0.05925250000000004,REJECT,tennis_predictions/price_snapshots.csv
390cc4caf684aa09,6d67bfc497b0d25c,betfair_ex_uk,1.57,2026-09-29T13:13:46.945822+00:00,2026-09-29T13:13:48.871244+00:00,766.2,-0.07121542000000003,REJECT,tennis_predictions/price_snapshots.csv
a45f22cf8bb7ca93,6d67bfc497b0d25c,betano_uk,1.45,2026-09-29T13:13:46.945822+00:00,2026-09-29T13:13:48.871244+00:00,766.2,-0.12634600000000012,REJECT,tennis_predictions/price_snapshots.csv
fb137eadca4480e0,6d67bfc497b0d25c,betvictor,1.45,2026-09-29T13:13:46.945822+00:00,2026-09-29T13:13:48.871244+00:00,766.2,-0.12634600000000012,REJECT,tennis_predictions/price_snapshots.csv
817ebf480a816415,6d67bfc497b0d25c,betway,1.5,2026-09-29T13:13:46.945822+00:00,2026-09-29T13:13:48.871244+00:00,766.2,-0.09622000000000008,REJECT,tennis_predictions/price_snapshots.csv
27950047b1532264,6d67bfc497b0d25c,boylesports,1.5,2026-09-29T13:13:46.945822+00:00,2026-09-29T13:13:48.871244+00:00,766.2,-0.09622000000000008,REJECT,tennis_predictions/price_snapshots.csv
d7e53ec1e8d6f351,6d67bfc497b0d25c,casumo,1.49,2026-09-29T13:13:46.945822+00:00,2026-09-29T13:13:48.871244+00:00,766.2,-0.10224520000000009,REJECT,tennis_predictions/price_snapshots.csv
74c98339b3a4ffdc,6d67bfc497b0d25c,coral,1.48,2026-09-29T13:13:46.945822+00:00,2026-09-29T13:13:48.871244+00:00,766.2,-0.1082704000000001,REJECT,tennis_predictions/price_snapshots.csv
b95d5049cf147905,6d67bfc497b0d25c,grosvenor,1.49,2026-09-29T13:13:46.945822+00:00,2026-09-29T13:13:48.871244+00:00,766.2,-0.10224520000000009,REJECT,tennis_predictions/price_snapshots.csv
981a14e9b005c119,6d67bfc497b0d25c,ladbrokes_uk,1.48,2026-09-29T13:13:46.945822+00:00,2026-09-29T13:13:48.871244+00:00,766.2,-0.1082704000000001,REJECT,tennis_predictions/price_snapshots.csv
be6a077253b6f465,6d67bfc497b0d25c,leovegas,1.47,2026-09-29T13:13:46.945822+00:00,2026-09-29T13:13:48.871244+00:00,766.2,-0.11429560000000011,REJECT,tennis_predictions/price_snapshots.csv
1a940dfb63248431,6d67bfc497b0d25c,livescorebet,1.49,2026-09-29T13:13:46.945822+00:00,2026-09-29T13:13:48.871244+00:00,766.2,-0.10224520000000009,REJECT,tennis_predictions/price_snapshots.csv
3a772c3e2cf7e393,6d67bfc497b0d25c,matchbook,1.57,2026-09-29T13:13:46.945822+00:00,2026-09-29T13:13:48.871244+00:00,766.2,,REJECT,tennis_predictions/price_snapshots.csv
ae6f63676a0f7b8d,6d67bfc497b0d25c,paddypower,1.44,2026-09-29T13:13:46.945822+00:00,2026-09-29T13:13:48.871244+00:00,766.2,-0.13237120000000013,REJECT,tennis_predictions/price_snapshots.csv
8b604a6c35721427,6d67bfc497b0d25c,skybet,1.44,2026-09-29T13:13:46.945822+00:00,2026-09-29T13:13:48.871244+00:00,766.2,-0.13237120000000013,REJECT,tennis_predictions/price_snapshots.csv
98005cb9b6bc7f9d,6d67bfc497b0d25c,smarkets,1.48,2026-09-29T13:13:46.945822+00:00,2026-09-29T13:13:48.871244+00:00,766.2,-0.11405459200000012,REJECT,tennis_predictions/price_snapshots.csv
2d2e3bbc2a3b487a,6d67bfc497b0d25c,sport888,1.53,2026-09-29T13:13:46.945822+00:00,2026-09-29T13:13:48.871244+00:00,766.2,-0.07814440000000006,REJECT,tennis_predictions/price_snapshots.csv
2971c3956eaf67b7,6d67bfc497b0d25c,unibet_uk,1.47,2026-09-29T13:13:46.945822+00:00,2026-09-29T13:13:48.871244+00:00,766.2,-0.11429560000000011,REJECT,tennis_predictions/price_snapshots.csv
fb33e5783515a04a,6d67bfc497b0d25c,virginbet,1.49,2026-09-29T13:13:46.945822+00:00,2026-09-29T13:13:48.871244+00:00,766.2,-0.10224520000000009,REJECT,tennis_predictions/price_snapshots.csv
bf28c5ef1b34ffc3,9bd51c1d07e66c75,betfair_ex_uk,1.51,2026-09-29T13:13:46.945822+00:00,2026-09-29T13:13:48.871244+00:00,766.2,-0.028687196500000067,REJECT,tennis_predictions/price_snapshots.csv
3a698fbc33fc7827,9bd51c1d07e66c75,betano_uk,1.44,2026-09-29T13:13:46.945822+00:00,2026-09-29T13:13:48.871244+00:00,766.2,-0.05780368000000008,REJECT,tennis_predictions/price_snapshots.csv
70261859ef79af98,9bd51c1d07e66c75,betvictor,1.44,2026-09-29T13:13:46.945822+00:00,2026-09-29T13:13:48.871244+00:00,766.2,-0.05780368000000008,REJECT,tennis_predictions/price_snapshots.csv
850e76b1d15e9afd,9bd51c1d07e66c75,betway,1.44,2026-09-29T13:13:46.945822+00:00,2026-09-29T13:13:48.871244+00:00,766.2,-0.05780368000000008,REJECT,tennis_predictions/price_snapshots.csv
b6e22fb1e339dae2,9bd51c1d07e66c75,boylesports,1.44,2026-09-29T13:13:46.945822+00:00,2026-09-29T13:13:48.871244+00:00,766.2,-0.05780368000000008,REJECT,tennis_predictions/price_snapshots.csv
7e9ab87357217600,9bd51c1d07e66c75,casumo,1.43,2026-09-29T13:13:46.945822+00:00,2026-09-29T13:13:48.871244+00:00,766.2,-0.06434671000000008,REJECT,tennis_predictions/price_snapshots.csv
875c17565360a22d,9bd51c1d07e66c75,coral,1.4,2026-09-29T13:13:46.945822+00:00,2026-09-29T13:13:48.871244+00:00,766.2,-0.0839758000000001,REJECT,tennis_predictions/price_snapshots.csv
9b1e628ded2c2c33,9bd51c1d07e66c75,grosvenor,1.43,2026-09-29T13:13:46.945822+00:00,2026-09-29T13:13:48.871244+00:00,766.2,-0.06434671000000008,REJECT,tennis_predictions/price_snapshots.csv
f6bfb8d7f86f2db6,9bd51c1d07e66c75,ladbrokes_uk,1.4,2026-09-29T13:13:46.945822+00:00,2026-09-29T13:13:48.871244+00:00,766.2,-0.0839758000000001,REJECT,tennis_predictions/price_snapshots.csv
399d08064545a2a7,9bd51c1d07e66c75,leovegas,1.42,2026-09-29T13:13:46.945822+00:00,2026-09-29T13:13:48.871244+00:00,766.2,-0.07088974000000009,REJECT,tennis_predictions/price_snapshots.csv
ea07f3d9fd73feca,9bd51c1d07e66c75,livescorebet,1.44,2026-09-29T13:13:46.945822+00:00,2026-09-29T13:13:48.871244+00:00,766.2,-0.05780368000000008,REJECT,tennis_predictions/price_snapshots.csv
52f8ece31e3613d3,9bd51c1d07e66c75,matchbook,1.51,2026-09-29T13:13:46.945822+00:00,2026-09-29T13:13:48.871244+00:00,766.2,,REJECT,tennis_predictions/price_snapshots.csv
2f5d8ca267d3bffa,9bd51c1d07e66c75,paddypower,1.44,2026-09-29T13:13:46.945822+00:00,2026-09-29T13:13:48.871244+00:00,766.2,-0.05780368000000008,REJECT,tennis_predictions/price_snapshots.csv
5a2c207303210597,9bd51c1d07e66c75,skybet,1.44,2026-09-29T13:13:46.945822+00:00,2026-09-29T13:13:48.871244+00:00,766.2,-0.05780368000000008,REJECT,tennis_predictions/price_snapshots.csv
f2374e3dbffb110e,9bd51c1d07e66c75,smarkets,1.47,2026-09-29T13:13:46.945822+00:00,2026-09-29T13:13:48.871244+00:00,766.2,-0.044325038200000055,REJECT,tennis_predictions/price_snapshots.csv
b7048538b01ca888,9bd51c1d07e66c75,sport888,1.44,2026-09-29T13:13:46.945822+00:00,2026-09-29T13:13:48.871244+00:00,766.2,-0.05780368000000008,REJECT,tennis_predictions/price_snapshots.csv
f928cc123df49875,9bd51c1d07e66c75,unibet_uk,1.44,2026-09-29T13:13:46.945822+00:00,2026-09-29T13:13:48.871244+00:00,766.2,-0.05780368000000008,REJECT,tennis_predictions/price_snapshots.csv
92430d913f87e571,9bd51c1d07e66c75,virginbet,1.44,2026-09-29T13:13:46.945822+00:00,2026-09-29T13:13:48.871244+00:00,766.2,-0.05780368000000008,REJECT,tennis_predictions/price_snapshots.csv
bf46480a57d0e0c9,9bd51c1d07e66c75,williamhill,1.44,2026-09-29T13:13:46.945822+00:00,2026-09-29T13:13:48.871244+00:00,766.2,-0.05780368000000008,REJECT,tennis_predictions/price_snapshots.csv
c2a22b448bb9219e,bc953242e8ebd575,betfair_ex_uk,1.69,2026-09-29T13:13:46.945822+00:00,2026-09-29T13:13:48.871244+00:00,2326.2,0.001504657999999992,REJECT,tennis_predictions/price_snapshots.csv
164d5a693c2c6e9d,bc953242e8ebd575,betano_uk,1.57,2026-09-29T13:13:46.945822+00:00,2026-09-29T13:13:48.871244+00:00,2326.2,-0.05021907999999986,REJECT,tennis_predictions/price_snapshots.csv
fdfdeee497608be1,bc953242e8ebd575,betvictor,1.57,2026-09-29T13:13:46.945822+00:00,2026-09-29T13:13:48.871244+00:00,2326.2,-0.05021907999999986,REJECT,tennis_predictions/price_snapshots.csv
4a6aebdbacd5e763,bc953242e8ebd575,betway,1.65,2026-09-29T13:13:46.945822+00:00,2026-09-29T13:13:48.871244+00:00,2326.2,-0.001822599999999952,REJECT,tennis_predictions/price_snapshots.csv
d5748ceeac697d5c,bc953242e8ebd575,boylesports,1.57,2026-09-29T13:13:46.945822+00:00,2026-09-29T13:13:48.871244+00:00,2326.2,-0.05021907999999986,REJECT,tennis_predictions/price_snapshots.csv
683111efb5aa9ec8,bc953242e8ebd575,casumo,1.57,2026-09-29T13:13:46.945822+00:00,2026-09-29T13:13:48.871244+00:00,2326.2,-0.05021907999999986,REJECT,tennis_predictions/price_snapshots.csv
f29b1256c90d8ede,bc953242e8ebd575,coral,1.57,2026-09-29T13:13:46.945822+00:00,2026-09-29T13:13:48.871244+00:00,2326.2,-0.05021907999999986,REJECT,tennis_predictions/price_snapshots.csv
cfec930dacf1e020,bc953242e8ebd575,grosvenor,1.57,2026-09-29T13:13:46.945822+00:00,2026-09-29T13:13:48.871244+00:00,2326.2,-0.05021907999999986,REJECT,tennis_predictions/price_snapshots.csv
93dc637175b6ff9a,bc953242e8ebd575,ladbrokes_uk,1.57,2026-09-29T13:13:46.945822+00:00,2026-09-29T13:13:48.871244+00:00,2326.2,-0.05021907999999986,REJECT,tennis_predictions/price_snapshots.csv
38915889e84e1927,bc953242e8ebd575,leovegas,1.57,2026-09-29T13:13:46.945822+00:00,2026-09-29T13:13:48.871244+00:00,2326.2,-0.05021907999999986,REJECT,tennis_predictions/price_snapshots.csv
f29ede81b61dc0f7,bc953242e8ebd575,livescorebet,1.58,2026-09-29T13:13:46.945822+00:00,2026-09-29T13:13:48.871244+00:00,2326.2,-0.04416951999999991,REJECT,tennis_predictions/price_snapshots.csv
837778e2c928416f,bc953242e8ebd575,matchbook,1.69,2026-09-29T13:13:46.945822+00:00,2026-09-29T13:13:48.871244+00:00,2326.2,,REJECT,tennis_predictions/price_snapshots.csv
818ceaf6b5230715,bc953242e8ebd575,paddypower,1.62,2026-09-29T13:13:46.945822+00:00,2026-09-29T13:13:48.871244+00:00,2326.2,-0.01997127999999987,REJECT,tennis_predictions/price_snapshots.csv
c6c12fab3b180e23,bc953242e8ebd575,skybet,1.62,2026-09-29T13:13:46.945822+00:00,2026-09-29T13:13:48.871244+00:00,2326.2,-0.01997127999999987,REJECT,tennis_predictions/price_snapshots.csv
64505eaacf72decf,bc953242e8ebd575,smarkets,1.58,2026-09-29T13:13:46.945822+00:00,2026-09-29T13:13:48.871244+00:00,2326.2,-0.05118700959999989,REJECT,tennis_predictions/price_snapshots.csv
f5d4e2c674bc3bc5,bc953242e8ebd575,sport888,1.67,2026-09-29T13:13:46.945822+00:00,2026-09-29T13:13:48.871244+00:00,2326.2,0.010276520000000067,REJECT,tennis_predictions/price_snapshots.csv
a4cb6cf8f74cd7e4,bc953242e8ebd575,unibet_uk,1.58,2026-09-29T13:13:46.945822+00:00,2026-09-29T13:13:48.871244+00:00,2326.2,-0.04416951999999991,REJECT,tennis_predictions/price_snapshots.csv
b991d06240be60d4,bc953242e8ebd575,virginbet,1.58,2026-09-29T13:13:46.945822+00:00,2026-09-29T13:13:48.871244+00:00,2326.2,-0.04416951999999991,REJECT,tennis_predictions/price_snapshots.csv
dc3bd64b7f76ca16,4f203c8e6eaf4fdb,betfair_ex_uk,1.92,2026-09-29T13:13:46.945822+00:00,2026-09-29T13:13:48.871244+00:00,2326.2,-0.053806156000000105,REJECT,tennis_predictions/price_snapshots.csv
4cd3de0cc2914041,4f203c8e6eaf4fdb,betano_uk,1.8,2026-09-29T13:13:46.945822+00:00,2026-09-29T13:13:48.871244+00:00,2326.2,-0.09116920000000006,REJECT,tennis_predictions/price_snapshots.csv
0fb03b522d2463d3,4f203c8e6eaf4fdb,betvictor,1.8,2026-09-29T13:13:46.945822+00:00,2026-09-29T13:13:48.871244+00:00,2326.2,-0.09116920000000006,REJECT,tennis_predictions/price_snapshots.csv
99d15511b1f898b6,4f203c8e6eaf4fdb,betway,1.85,2026-09-29T13:13:46.945822+00:00,2026-09-29T13:13:48.871244+00:00,2326.2,-0.06592390000000004,REJECT,tennis_predictions/price_snapshots.csv
2e102a12a2104b4f,4f203c8e6eaf4fdb,boylesports,1.91,2026-09-29T13:13:46.945822+00:00,2026-09-29T13:13:48.871244+00:00,2326.2,-0.035629540000000126,REJECT,tennis_predictions/price_snapshots.csv
02f56831fc56d1c8,4f203c8e6eaf4fdb,casumo,1.85,2026-09-29T13:13:46.945822+00:00,2026-09-29T13:13:48.871244+00:00,2326.2,-0.06592390000000004,REJECT,tennis_predictions/price_snapshots.csv
fbaaca2e43ef7b18,4f203c8e6eaf4fdb,coral,1.83,2026-09-29T13:13:46.945822+00:00,2026-09-29T13:13:48.871244+00:00,2326.2,-0.07602202000000002,REJECT,tennis_predictions/price_snapshots.csv
cb453c5891d0140a,4f203c8e6eaf4fdb,grosvenor,1.85,2026-09-29T13:13:46.945822+00:00,2026-09-29T13:13:48.871244+00:00,2326.2,-0.06592390000000004,REJECT,tennis_predictions/price_snapshots.csv
d096858cbf0cde5d,4f203c8e6eaf4fdb,ladbrokes_uk,1.83,2026-09-29T13:13:46.945822+00:00,2026-09-29T13:13:48.871244+00:00,2326.2,-0.07602202000000002,REJECT,tennis_predictions/price_snapshots.csv
82e226f7661b5772,4f203c8e6eaf4fdb,leovegas,1.8,2026-09-29T13:13:46.945822+00:00,2026-09-29T13:13:48.871244+00:00,2326.2,-0.09116920000000006,REJECT,tennis_predictions/price_snapshots.csv
924fe6f5437eff19,4f203c8e6eaf4fdb,livescorebet,1.85,2026-09-29T13:13:46.945822+00:00,2026-09-29T13:13:48.871244+00:00,2326.2,-0.06592390000000004,REJECT,tennis_predictions/price_snapshots.csv
7c081483c78ca845,4f203c8e6eaf4fdb,matchbook,1.92,2026-09-29T13:13:46.945822+00:00,2026-09-29T13:13:48.871244+00:00,2326.2,,REJECT,tennis_predictions/price_snapshots.csv
2afc5501ec76699c,4f203c8e6eaf4fdb,paddypower,1.83,2026-09-29T13:13:46.945822+00:00,2026-09-29T13:13:48.871244+00:00,2326.2,-0.07602202000000002,REJECT,tennis_predictions/price_snapshots.csv
ad706fd7a7a483ee,4f203c8e6eaf4fdb,skybet,1.83,2026-09-29T13:13:46.945822+00:00,2026-09-29T13:13:48.871244+00:00,2326.2,-0.07602202000000002,REJECT,tennis_predictions/price_snapshots.csv
918597b86a313cce,4f203c8e6eaf4fdb,smarkets,1.81,2026-09-29T13:13:46.945822+00:00,2026-09-29T13:13:48.871244+00:00,2326.2,-0.09429961720000002,REJECT,tennis_predictions/price_snapshots.csv
1c15bf0558675852,4f203c8e6eaf4fdb,sport888,1.85,2026-09-29T13:13:46.945822+00:00,2026-09-29T13:13:48.871244+00:00,2326.2,-0.06592390000000004,REJECT,tennis_predictions/price_snapshots.csv
2d34f710b40b1e2e,4f203c8e6eaf4fdb,unibet_uk,1.81,2026-09-29T13:13:46.945822+00:00,2026-09-29T13:13:48.871244+00:00,2326.2,-0.08612014000000001,REJECT,tennis_predictions/price_snapshots.csv
2e81fbbc948d03a9,4f203c8e6eaf4fdb,virginbet,1.85,2026-09-29T13:13:46.945822+00:00,2026-09-29T13:13:48.871244+00:00,2326.2,-0.06592390000000004,REJECT,tennis_predictions/price_snapshots.csv
f57f9a85ed8266bb,4f203c8e6eaf4fdb,williamhill,1.85,2026-09-29T13:13:46.945822+00:00,2026-09-29T13:13:48.871244+00:00,2326.2,-0.06592390000000004,REJECT,tennis_predictions/price_snapshots.csv
c39e40b9d7741a46,b0de82088c8ca6f1,betfair_ex_uk,1.33,2026-09-29T13:13:46.945822+00:00,2026-09-29T13:13:48.871244+00:00,2326.2,0.0062211235000000364,REJECT,tennis_predictions/price_snapshots.csv
0b70ec143dfda07e,b0de82088c8ca6f1,betano_uk,1.29,2026-09-29T13:13:46.945822+00:00,2026-09-29T13:13:48.871244+00:00,2326.2,-0.01178130999999999,REJECT,tennis_predictions/price_snapshots.csv
42b18242a0f49eee,b0de82088c8ca6f1,betvictor,1.29,2026-09-29T13:13:46.945822+00:00,2026-09-29T13:13:48.871244+00:00,2326.2,-0.01178130999999999,REJECT,tennis_predictions/price_snapshots.csv
ad7d9fd71104681e,b0de82088c8ca6f1,betway,1.3,2026-09-29T13:13:46.945822+00:00,2026-09-29T13:13:48.871244+00:00,2326.2,-0.004120699999999977,REJECT,tennis_predictions/price_snapshots.csv
365889f46fd57ed2,b0de82088c8ca6f1,boylesports,1.3,2026-09-29T13:13:46.945822+00:00,2026-09-29T13:13:48.871244+00:00,2326.2,-0.004120699999999977,REJECT,tennis_predictions/price_snapshots.csv
e703bbb99b9becd0,b0de82088c8ca6f1,casumo,1.27,2026-09-29T13:13:46.945822+00:00,2026-09-29T13:13:48.871244+00:00,2326.2,-0.027102529999999986,REJECT,tennis_predictions/price_snapshots.csv
c1045bc3a5cffac2,b0de82088c8ca6f1,coral,1.28,2026-09-29T13:13:46.945822+00:00,2026-09-29T13:13:48.871244+00:00,2326.2,-0.01944192,REJECT,tennis_predictions/price_snapshots.csv
d1417963520e72ad,b0de82088c8ca6f1,grosvenor,1.27,2026-09-29T13:13:46.945822+00:00,2026-09-29T13:13:48.871244+00:00,2326.2,-0.027102529999999986,REJECT,tennis_predictions/price_snapshots.csv
d3c0cd0bfe603b83,b0de82088c8ca6f1,ladbrokes_uk,1.28,2026-09-29T13:13:46.945822+00:00,2026-09-29T13:13:48.871244+00:00,2326.2,-0.01944192,REJECT,tennis_predictions/price_snapshots.csv
baa1f35205c725ce,b0de82088c8ca6f1,leovegas,1.28,2026-09-29T13:13:46.945822+00:00,2026-09-29T13:13:48.871244+00:00,2326.2,-0.01944192,REJECT,tennis_predictions/price_snapshots.csv
cb9ac115095b5338,b0de82088c8ca6f1,livescorebet,1.27,2026-09-29T13:13:46.945822+00:00,2026-09-29T13:13:48.871244+00:00,2326.2,-0.027102529999999986,REJECT,tennis_predictions/price_snapshots.csv
82a94b868192afa7,b0de82088c8ca6f1,matchbook,1.33,2026-09-29T13:13:46.945822+00:00,2026-09-29T13:13:48.871244+00:00,2326.2,,REJECT,tennis_predictions/price_snapshots.csv
e627289ba452f872,b0de82088c8ca6f1,paddypower,1.25,2026-09-29T13:13:46.945822+00:00,2026-09-29T13:13:48.871244+00:00,2326.2,-0.04242375000000001,REJECT,tennis_predictions/price_snapshots.csv
bdb309e892b08e8a,b0de82088c8ca6f1,skybet,1.25,2026-09-29T13:13:46.945822+00:00,2026-09-29T13:13:48.871244+00:00,2326.2,-0.04242375000000001,REJECT,tennis_predictions/price_snapshots.csv
de1669ea699201bd,b0de82088c8ca6f1,smarkets,1.3,2026-09-29T13:13:46.945822+00:00,2026-09-29T13:13:48.871244+00:00,2326.2,-0.008717065999999996,REJECT,tennis_predictions/price_snapshots.csv
28bc01d876fbf50d,b0de82088c8ca6f1,sport888,1.33,2026-09-29T13:13:46.945822+00:00,2026-09-29T13:13:48.871244+00:00,2326.2,0.01886113000000006,REJECT,tennis_predictions/price_snapshots.csv
42c0983a1eaccbdc,b0de82088c8ca6f1,unibet_uk,1.28,2026-09-29T13:13:46.945822+00:00,2026-09-29T13:13:48.871244+00:00,2326.2,-0.01944192,REJECT,tennis_predictions/price_snapshots.csv
3d0953f050281204,b0de82088c8ca6f1,virginbet,1.27,2026-09-29T13:13:46.945822+00:00,2026-09-29T13:13:48.871244+00:00,2326.2,-0.027102529999999986,REJECT,tennis_predictions/price_snapshots.csv
2a55ee66f0ff2ec5,b0de82088c8ca6f1,williamhill,1.33,2026-09-29T13:13:46.945822+00:00,2026-09-29T13:13:48.871244+00:00,2326.2,0.01886113000000006,REJECT,tennis_predictions/price_snapshots.csv
464ac20e70ce3e66,a02deac1f4ebb391,betfair_ex_uk,1.72,2026-09-29T13:13:46.945822+00:00,2026-09-29T13:13:48.871244+00:00,2326.2,-0.014513096000000003,REJECT,tennis_predictions/price_snapshots.csv
f4caf8e2fb535fa1,a02deac1f4ebb391,betano_uk,1.6,2026-09-29T13:13:46.945822+00:00,2026-09-29T13:13:48.871244+00:00,2326.2,-0.06367039999999996,REJECT,tennis_predictions/price_snapshots.csv
f2deeaa40643fb61,a02deac1f4ebb391,betvictor,1.6,2026-09-29T13:13:46.945822+00:00,2026-09-29T13:13:48.871244+00:00,2326.2,-0.06367039999999996,REJECT,tennis_predictions/price_snapshots.csv
dfc2c022bdbcc9bb,a02deac1f4ebb391,betway,1.65,2026-09-29T13:13:46.945822+00:00,2026-09-29T13:13:48.871244+00:00,2326.2,-0.034410100000000055,REJECT,tennis_predictions/price_snapshots.csv
a07137ddb37a0f6c,a02deac1f4ebb391,boylesports,1.67,2026-09-29T13:13:46.945822+00:00,2026-09-29T13:13:48.871244+00:00,2326.2,-0.022705980000000014,REJECT,tennis_predictions/price_snapshots.csv
fd52250455a1b9da,a02deac1f4ebb391,casumo,1.6,2026-09-29T13:13:46.945822+00:00,2026-09-29T13:13:48.871244+00:00,2326.2,-0.06367039999999996,REJECT,tennis_predictions/price_snapshots.csv
2b7fe2edb093e2a0,a02deac1f4ebb391,coral,1.65,2026-09-29T13:13:46.945822+00:00,2026-09-29T13:13:48.871244+00:00,2326.2,-0.034410100000000055,REJECT,tennis_predictions/price_snapshots.csv
44f47b9429238276,a02deac1f4ebb391,grosvenor,1.6,2026-09-29T13:13:46.945822+00:00,2026-09-29T13:13:48.871244+00:00,2326.2,-0.06367039999999996,REJECT,tennis_predictions/price_snapshots.csv
8ce4036b0684e5a5,a02deac1f4ebb391,ladbrokes_uk,1.65,2026-09-29T13:13:46.945822+00:00,2026-09-29T13:13:48.871244+00:00,2326.2,-0.034410100000000055,REJECT,tennis_predictions/price_snapshots.csv
2c7e1ab1448eb5c3,a02deac1f4ebb391,leovegas,1.6,2026-09-29T13:13:46.945822+00:00,2026-09-29T13:13:48.871244+00:00,2326.2,-0.06367039999999996,REJECT,tennis_predictions/price_snapshots.csv
16b713c6000eb406,a02deac1f4ebb391,livescorebet,1.6,2026-09-29T13:13:46.945822+00:00,2026-09-29T13:13:48.871244+00:00,2326.2,-0.06367039999999996,REJECT,tennis_predictions/price_snapshots.csv
003d14c0f74e552f,a02deac1f4ebb391,matchbook,1.69,2026-09-29T13:13:46.945822+00:00,2026-09-29T13:13:48.871244+00:00,2326.2,,REJECT,tennis_predictions/price_snapshots.csv
e442738e37dc4c08,a02deac1f4ebb391,paddypower,1.62,2026-09-29T13:13:46.945822+00:00,2026-09-29T13:13:48.871244+00:00,2326.2,-0.05196627999999992,REJECT,tennis_predictions/price_snapshots.csv
7bbba87bcf65f88d,a02deac1f4ebb391,skybet,1.62,2026-09-29T13:13:46.945822+00:00,2026-09-29T13:13:48.871244+00:00,2326.2,-0.05196627999999992,REJECT,tennis_predictions/price_snapshots.csv
d8a80ecf3333532a,a02deac1f4ebb391,smarkets,1.57,2026-09-29T13:13:46.945822+00:00,2026-09-29T13:13:48.871244+00:00,2326.2,-0.08789792839999994,REJECT,tennis_predictions/price_snapshots.csv
93a9f35dc57ac0e8,a02deac1f4ebb391,sport888,1.73,2026-09-29T13:13:46.945822+00:00,2026-09-29T13:13:48.871244+00:00,2326.2,0.012406379999999995,REJECT,tennis_predictions/price_snapshots.csv
e531072e2c3c80b0,a02deac1f4ebb391,unibet_uk,1.62,2026-09-29T13:13:46.945822+00:00,2026-09-29T13:13:48.871244+00:00,2326.2,-0.05196627999999992,REJECT,tennis_predictions/price_snapshots.csv
7a5fe91a3c418f5e,a02deac1f4ebb391,virginbet,1.6,2026-09-29T13:13:46.945822+00:00,2026-09-29T13:13:48.871244+00:00,2326.2,-0.06367039999999996,REJECT,tennis_predictions/price_snapshots.csv
f37e910041821fca,6c01431d7e35a779,betfair_ex_uk,1.44,2026-09-29T13:13:46.945822+00:00,2026-09-29T13:13:48.871244+00:00,2326.2,-0.049073602000000105,REJECT,tennis_predictions/price_snapshots.csv
8ece530dc8b9abef,6c01431d7e35a779,betano_uk,1.4,2026-09-29T13:13:46.945822+00:00,2026-09-29T13:13:48.871244+00:00,2326.2,-0.061144600000000104,REJECT,tennis_predictions/price_snapshots.csv
24531b6b52c80fbd,6c01431d7e35a779,betvictor,1.4,2026-09-29T13:13:46.945822+00:00,2026-09-29T13:13:48.871244+00:00,2326.2,-0.061144600000000104,REJECT,tennis_predictions/price_snapshots.csv
002136969ebc4f88,6c01431d7e35a779,betway,1.4,2026-09-29T13:13:46.945822+00:00,2026-09-29T13:13:48.871244+00:00,2326.2,-0.061144600000000104,REJECT,tennis_predictions/price_snapshots.csv
b92c089bfd1cf8d4,6c01431d7e35a779,boylesports,1.4,2026-09-29T13:13:46.945822+00:00,2026-09-29T13:13:48.871244+00:00,2326.2,-0.061144600000000104,REJECT,tennis_predictions/price_snapshots.csv
3a84b5464cb2b733,6c01431d7e35a779,casumo,1.43,2026-09-29T13:13:46.945822+00:00,2026-09-29T13:13:48.871244+00:00,2326.2,-0.04102627000000009,REJECT,tennis_predictions/price_snapshots.csv
e99f5e3fd4ede40e,6c01431d7e35a779,coral,1.4,2026-09-29T13:13:46.945822+00:00,2026-09-29T13:13:48.871244+00:00,2326.2,-0.061144600000000104,REJECT,tennis_predictions/price_snapshots.csv
a953b44945f9dc06,6c01431d7e35a779,grosvenor,1.43,2026-09-29T13:13:46.945822+00:00,2026-09-29T13:13:48.871244+00:00,2326.2,-0.04102627000000009,REJECT,tennis_predictions/price_snapshots.csv
29117a9000676a5e,6c01431d7e35a779,ladbrokes_uk,1.4,2026-09-29T13:13:46.945822+00:00,2026-09-29T13:13:48.871244+00:00,2326.2,-0.061144600000000104,REJECT,tennis_predictions/price_snapshots.csv
914da898e5305182,6c01431d7e35a779,leovegas,1.38,2026-09-29T13:13:46.945822+00:00,2026-09-29T13:13:48.871244+00:00,2326.2,-0.07455682000000013,REJECT,tennis_predictions/price_snapshots.csv
d349c03556cf6948,6c01431d7e35a779,livescorebet,1.43,2026-09-29T13:13:46.945822+00:00,2026-09-29T13:13:48.871244+00:00,2326.2,-0.04102627000000009,REJECT,tennis_predictions/price_snapshots.csv
cee55cb82a225582,6c01431d7e35a779,matchbook,1.44,2026-09-29T13:13:46.945822+00:00,2026-09-29T13:13:48.871244+00:00,2326.2,,REJECT,tennis_predictions/price_snapshots.csv
53474a2d1d6e9aa7,6c01431d7e35a779,paddypower,1.4,2026-09-29T13:13:46.945822+00:00,2026-09-29T13:13:48.871244+00:00,2326.2,-0.061144600000000104,REJECT,tennis_predictions/price_snapshots.csv
aa3836a5657ef21f,6c01431d7e35a779,skybet,1.4,2026-09-29T13:13:46.945822+00:00,2026-09-29T13:13:48.871244+00:00,2326.2,-0.061144600000000104,REJECT,tennis_predictions/price_snapshots.csv
7545a406f05abed7,6c01431d7e35a779,smarkets,1.37,2026-09-29T13:13:46.945822+00:00,2026-09-29T13:13:48.871244+00:00,2326.2,-0.08622545139999999,REJECT,tennis_predictions/price_snapshots.csv
cf20846602b2c2f5,6c01431d7e35a779,sport888,1.4,2026-09-29T13:13:46.945822+00:00,2026-09-29T13:13:48.871244+00:00,2326.2,-0.061144600000000104,REJECT,tennis_predictions/price_snapshots.csv
1aa095349a6fa7f6,6c01431d7e35a779,unibet_uk,1.4,2026-09-29T13:13:46.945822+00:00,2026-09-29T13:13:48.871244+00:00,2326.2,-0.061144600000000104,REJECT,tennis_predictions/price_snapshots.csv
ed371c1e1373dee2,6c01431d7e35a779,virginbet,1.43,2026-09-29T13:13:46.945822+00:00,2026-09-29T13:13:48.871244+00:00,2326.2,-0.04102627000000009,REJECT,tennis_predictions/price_snapshots.csv
6bba08571c8652aa,6c01431d7e35a779,williamhill,1.4,2026-09-29T13:13:46.945822+00:00,2026-09-29T13:13:48.871244+00:00,2326.2,-0.061144600000000104,REJECT,tennis_predictions/price_snapshots.csv
dc6973ab9763b692,3239736eda27b679,betfair_ex_uk,1.61,2026-09-29T13:13:46.945822+00:00,2026-09-29T13:13:48.871244+00:00,2326.2,-0.023892692499999924,REJECT,tennis_predictions/price_snapshots.csv
8ac30b77ea9ef080,3239736eda27b679,betano_uk,1.53,2026-09-29T13:13:46.945822+00:00,2026-09-29T13:13:48.871244+00:00,2326.2,-0.054482949999999974,REJECT,tennis_predictions/price_snapshots.csv
50dacb5dcc7c0188,3239736eda27b679,betvictor,1.53,2026-09-29T13:13:46.945822+00:00,2026-09-29T13:13:48.871244+00:00,2326.2,-0.054482949999999974,REJECT,tennis_predictions/price_snapshots.csv
c974786a029b57d2,3239736eda27b679,betway,1.55,2026-09-29T13:13:46.945822+00:00,2026-09-29T13:13:48.871244+00:00,2326.2,-0.042123249999999945,REJECT,tennis_predictions/price_snapshots.csv
01ad6f8eac6bd771,3239736eda27b679,boylesports,1.57,2026-09-29T13:13:46.945822+00:00,2026-09-29T13:13:48.871244+00:00,2326.2,-0.029763549999999972,REJECT,tennis_predictions/price_snapshots.csv
eacc8fe02747addb,3239736eda27b679,casumo,1.57,2026-09-29T13:13:46.945822+00:00,2026-09-29T13:13:48.871244+00:00,2326.2,-0.029763549999999972,REJECT,tennis_predictions/price_snapshots.csv
cbfe561836062b29,3239736eda27b679,coral,1.53,2026-09-29T13:13:46.945822+00:00,2026-09-29T13:13:48.871244+00:00,2326.2,-0.054482949999999974,REJECT,tennis_predictions/price_snapshots.csv
e8903e44200641ed,3239736eda27b679,grosvenor,1.57,2026-09-29T13:13:46.945822+00:00,2026-09-29T13:13:48.871244+00:00,2326.2,-0.029763549999999972,REJECT,tennis_predictions/price_snapshots.csv
a29e9fc8fd7c9f56,3239736eda27b679,ladbrokes_uk,1.53,2026-09-29T13:13:46.945822+00:00,2026-09-29T13:13:48.871244+00:00,2326.2,-0.054482949999999974,REJECT,tennis_predictions/price_snapshots.csv
5c66105965b58f05,3239736eda27b679,leovegas,1.5,2026-09-29T13:13:46.945822+00:00,2026-09-29T13:13:48.871244+00:00,2326.2,-0.07302249999999999,REJECT,tennis_predictions/price_snapshots.csv
20f225d177017390,3239736eda27b679,livescorebet,1.58,2026-09-29T13:13:46.945822+00:00,2026-09-29T13:13:48.871244+00:00,2326.2,-0.02358369999999993,REJECT,tennis_predictions/price_snapshots.csv
e40a04881eea9529,3239736eda27b679,matchbook,1.61,2026-09-29T13:13:46.945822+00:00,2026-09-29T13:13:48.871244+00:00,2326.2,,REJECT,tennis_predictions/price_snapshots.csv
282652b0926aee67,3239736eda27b679,paddypower,1.57,2026-09-29T13:13:46.945822+00:00,2026-09-29T13:13:48.871244+00:00,2326.2,-0.029763549999999972,REJECT,tennis_predictions/price_snapshots.csv
6c9cbbbfe02ee8aa,3239736eda27b679,skybet,1.62,2026-09-29T13:13:46.945822+00:00,2026-09-29T13:13:48.871244+00:00,2326.2,0.0011357000000000728,REJECT,tennis_predictions/price_snapshots.csv
8e3a43ea1d664062,3239736eda27b679,smarkets,1.49,2026-09-29T13:13:46.945822+00:00,2026-09-29T13:13:48.871244+00:00,2326.2,-0.08525860299999999,REJECT,tennis_predictions/price_snapshots.csv
489b16ff028e586a,3239736eda27b679,sport888,1.57,2026-09-29T13:13:46.945822+00:00,2026-09-29T13:13:48.871244+00:00,2326.2,-0.029763549999999972,REJECT,tennis_predictions/price_snapshots.csv
f79811b53190bb4d,3239736eda27b679,unibet_uk,1.52,2026-09-29T13:13:46.945822+00:00,2026-09-29T13:13:48.871244+00:00,2326.2,-0.06066279999999996,REJECT,tennis_predictions/price_snapshots.csv
8af7e5227bf7f61a,3239736eda27b679,virginbet,1.58,2026-09-29T13:13:46.945822+00:00,2026-09-29T13:13:48.871244+00:00,2326.2,-0.02358369999999993,REJECT,tennis_predictions/price_snapshots.csv
24bd4b635325300f,3239736eda27b679,williamhill,1.57,2026-09-29T13:13:46.945822+00:00,2026-09-29T13:13:48.871244+00:00,2326.2,-0.029763549999999972,REJECT,tennis_predictions/price_snapshots.csv
a4263af58956b12c,6d63d0e3d38c1e59,betfair_ex_uk,1.94,2026-09-29T13:13:46.945822+00:00,2026-09-29T13:13:48.871244+00:00,2326.2,0.013582241000000106,REJECT,tennis_predictions/price_snapshots.csv
a508c5975b897abe,6d63d0e3d38c1e59,betano_uk,1.8,2026-09-29T13:13:46.945822+00:00,2026-09-29T13:13:48.871244+00:00,2326.2,-0.036213399999999896,REJECT,tennis_predictions/price_snapshots.csv
4c3eebe5ff62375a,6d63d0e3d38c1e59,betvictor,1.8,2026-09-29T13:13:46.945822+00:00,2026-09-29T13:13:48.871244+00:00,2326.2,-0.036213399999999896,REJECT,tennis_predictions/price_snapshots.csv
466bff5b93641b3d,6d63d0e3d38c1e59,betway,1.8,2026-09-29T13:13:46.945822+00:00,2026-09-29T13:13:48.871244+00:00,2326.2,-0.036213399999999896,REJECT,tennis_predictions/price_snapshots.csv
384cbfb09c78ca77,6d63d0e3d38c1e59,boylesports,1.83,2026-09-29T13:13:46.945822+00:00,2026-09-29T13:13:48.871244+00:00,2326.2,-0.02015028999999985,REJECT,tennis_predictions/price_snapshots.csv
55271a1977a66f60,6d63d0e3d38c1e59,casumo,1.87,2026-09-29T13:13:46.945822+00:00,2026-09-29T13:13:48.871244+00:00,2326.2,0.0012671900000001401,REJECT,tennis_predictions/price_snapshots.csv
ca79032428a86a3b,6d63d0e3d38c1e59,coral,1.8,2026-09-29T13:13:46.945822+00:00,2026-09-29T13:13:48.871244+00:00,2326.2,-0.036213399999999896,REJECT,tennis_predictions/price_snapshots.csv
8641b51429351eea,6d63d0e3d38c1e59,grosvenor,1.87,2026-09-29T13:13:46.945822+00:00,2026-09-29T13:13:48.871244+00:00,2326.2,0.0012671900000001401,REJECT,tennis_predictions/price_snapshots.csv
3a0642f615fe608a,6d63d0e3d38c1e59,ladbrokes_uk,1.8,2026-09-29T13:13:46.945822+00:00,2026-09-29T13:13:48.871244+00:00,2326.2,-0.036213399999999896,REJECT,tennis_predictions/price_snapshots.csv
8e55591a68d2ef84,6d63d0e3d38c1e59,leovegas,1.75,2026-09-29T13:13:46.945822+00:00,2026-09-29T13:13:48.871244+00:00,2326.2,-0.06298524999999988,REJECT,tennis_predictions/price_snapshots.csv
4e4c25a48691b798,6d63d0e3d38c1e59,livescorebet,1.87,2026-09-29T13:13:46.945822+00:00,2026-09-29T13:13:48.871244+00:00,2326.2,0.0012671900000001401,REJECT,tennis_predictions/price_snapshots.csv
abc7c2e418f8ff80,6d63d0e3d38c1e59,matchbook,1.89,2026-09-29T13:13:46.945822+00:00,2026-09-29T13:13:48.871244+00:00,2326.2,,REJECT,tennis_predictions/price_snapshots.csv
ccd7916b586a575d,6d63d0e3d38c1e59,paddypower,1.8,2026-09-29T13:13:46.945822+00:00,2026-09-29T13:13:48.871244+00:00,2326.2,-0.036213399999999896,REJECT,tennis_predictions/price_snapshots.csv
661bccbab8b1c8d6,6d63d0e3d38c1e59,skybet,1.8,2026-09-29T13:13:46.945822+00:00,2026-09-29T13:13:48.871244+00:00,2326.2,-0.036213399999999896,REJECT,tennis_predictions/price_snapshots.csv
cbfd466a9a1f8317,6d63d0e3d38c1e59,smarkets,1.78,2026-09-29T13:13:46.945822+00:00,2026-09-29T13:13:48.871244+00:00,2326.2,-0.05527495719999992,REJECT,tennis_predictions/price_snapshots.csv
395651583ae8f530,6d63d0e3d38c1e59,sport888,1.8,2026-09-29T13:13:46.945822+00:00,2026-09-29T13:13:48.871244+00:00,2326.2,-0.036213399999999896,REJECT,tennis_predictions/price_snapshots.csv
34a8a84323dffa20,6d63d0e3d38c1e59,unibet_uk,1.78,2026-09-29T13:13:46.945822+00:00,2026-09-29T13:13:48.871244+00:00,2326.2,-0.04692213999999989,REJECT,tennis_predictions/price_snapshots.csv
ce33bdb94e8b8eee,6d63d0e3d38c1e59,virginbet,1.87,2026-09-29T13:13:46.945822+00:00,2026-09-29T13:13:48.871244+00:00,2326.2,0.0012671900000001401,REJECT,tennis_predictions/price_snapshots.csv
4fea666a9b2a1468,6d63d0e3d38c1e59,williamhill,1.8,2026-09-29T13:13:46.945822+00:00,2026-09-29T13:13:48.871244+00:00,2326.2,-0.036213399999999896,REJECT,tennis_predictions/price_snapshots.csv
0116c6f466b80e52,23fc85e598be4e28,betfair_ex_uk,1.66,2026-09-29T08:31:15.574336+00:00,2026-09-29T13:13:48.871244+00:00,766.2,-0.03323171899999999,WATCH,unified_ledger.live_price
43971bc2ffaac521,23fc85e598be4e28,betfair_ex_uk,1.74,2026-09-29T13:13:46.945822+00:00,2026-09-29T13:13:48.871244+00:00,766.2,0.011927709000000064,WATCH,tennis_predictions/price_snapshots.csv
c8b5a265a79d3a49,23fc85e598be4e28,betano_uk,1.61,2026-09-29T13:13:46.945822+00:00,2026-09-29T13:13:48.871244+00:00,766.2,-0.043333169999999865,WATCH,tennis_predictions/price_snapshots.csv
e627bc171148ced2,23fc85e598be4e28,betfair_sb_uk,1.62,2026-09-29T13:13:46.945822+00:00,2026-09-29T13:13:48.871244+00:00,766.2,-0.03739113999999988,WATCH,tennis_predictions/price_snapshots.csv
534fd82c790c218b,23fc85e598be4e28,betvictor,1.61,2026-09-29T13:13:46.945822+00:00,2026-09-29T13:13:48.871244+00:00,766.2,-0.043333169999999865,WATCH,tennis_predictions/price_snapshots.csv
a60f9c5838dec9ad,23fc85e598be4e28,betway,1.65,2026-09-29T13:13:46.945822+00:00,2026-09-29T13:13:48.871244+00:00,766.2,-0.019565049999999973,WATCH,tennis_predictions/price_snapshots.csv
b80beb2c0e8e3aa7,23fc85e598be4e28,boylesports,1.67,2026-09-29T13:13:46.945822+00:00,2026-09-29T13:13:48.871244+00:00,766.2,-0.007680989999999999,WATCH,tennis_predictions/price_snapshots.csv
6232ff29c261ce98,23fc85e598be4e28,casumo,1.64,2026-09-29T13:13:46.945822+00:00,2026-09-29T13:13:48.871244+00:00,766.2,-0.025507080000000015,WATCH,tennis_predictions/price_snapshots.csv
8fe19294fc39d81f,23fc85e598be4e28,coral,1.65,2026-09-29T13:13:46.945822+00:00,2026-09-29T13:13:48.871244+00:00,766.2,-0.019565049999999973,WATCH,tennis_predictions/price_snapshots.csv
1fe1cd94afd4c8fa,23fc85e598be4e28,grosvenor,1.64,2026-09-29T13:13:46.945822+00:00,2026-09-29T13:13:48.871244+00:00,766.2,-0.025507080000000015,WATCH,tennis_predictions/price_snapshots.csv
4df052c30cd1aecb,23fc85e598be4e28,ladbrokes_uk,1.65,2026-09-29T13:13:46.945822+00:00,2026-09-29T13:13:48.871244+00:00,766.2,-0.019565049999999973,WATCH,tennis_predictions/price_snapshots.csv
c3f8be6566ea13ec,23fc85e598be4e28,leovegas,1.62,2026-09-29T13:13:46.945822+00:00,2026-09-29T13:13:48.871244+00:00,766.2,-0.03739113999999988,WATCH,tennis_predictions/price_snapshots.csv
4afb283ce098de78,23fc85e598be4e28,livescorebet,1.64,2026-09-29T13:13:46.945822+00:00,2026-09-29T13:13:48.871244+00:00,766.2,-0.025507080000000015,WATCH,tennis_predictions/price_snapshots.csv
8dd46bc0a59969e1,23fc85e598be4e28,matchbook,1.7,2026-09-29T13:13:46.945822+00:00,2026-09-29T13:13:48.871244+00:00,766.2,,WATCH,tennis_predictions/price_snapshots.csv
923f8bfae80fd786,23fc85e598be4e28,paddypower,1.57,2026-09-29T13:13:46.945822+00:00,2026-09-29T13:13:48.871244+00:00,766.2,-0.06710128999999992,WATCH,tennis_predictions/price_snapshots.csv
a30c9bfff0e348bf,23fc85e598be4e28,skybet,1.57,2026-09-29T13:13:46.945822+00:00,2026-09-29T13:13:48.871244+00:00,766.2,-0.06710128999999992,WATCH,tennis_predictions/price_snapshots.csv
e8b1d8bc806108e6,23fc85e598be4e28,sport888,1.67,2026-09-29T13:13:46.945822+00:00,2026-09-29T13:13:48.871244+00:00,766.2,-0.007680989999999999,WATCH,tennis_predictions/price_snapshots.csv
d28b7db5ce5c2daf,23fc85e598be4e28,unibet_uk,1.63,2026-09-29T13:13:46.945822+00:00,2026-09-29T13:13:48.871244+00:00,766.2,-0.03144911,WATCH,tennis_predictions/price_snapshots.csv
e248ca7191f63710,23fc85e598be4e28,virginbet,1.64,2026-09-29T13:13:46.945822+00:00,2026-09-29T13:13:48.871244+00:00,766.2,-0.025507080000000015,WATCH,tennis_predictions/price_snapshots.csv
525733b69c664234,23fc85e598be4e28,williamhill,1.67,2026-09-29T13:13:46.945822+00:00,2026-09-29T13:13:48.871244+00:00,766.2,-0.007680989999999999,WATCH,tennis_predictions/price_snapshots.csv
a66409e32794f5cc,99c81ef1cc8db14b,betfair_ex_uk,1.32,2026-09-29T08:31:15.574336+00:00,2026-09-29T13:13:48.871244+00:00,766.2,-0.027882344000000003,PAPER_BET,unified_ledger.live_price
1ea6649a74512d05,99c81ef1cc8db14b,betfair_ex_uk,1.4,2026-09-29T13:13:46.945822+00:00,2026-09-29T13:13:48.871244+00:00,766.2,0.028774819999999868,PAPER_BET,tennis_predictions/price_snapshots.csv
329b7875354d1f58,99c81ef1cc8db14b,betano_uk,1.33,2026-09-29T13:13:46.945822+00:00,2026-09-29T13:13:48.871244+00:00,766.2,-0.008499630000000008,PAPER_BET,tennis_predictions/price_snapshots.csv
c448ba7b52e94d2a,99c81ef1cc8db14b,betfair_sb_uk,1.36,2026-09-29T13:13:46.945822+00:00,2026-09-29T13:13:48.871244+00:00,766.2,0.013865039999999995,PAPER_BET,tennis_predictions/price_snapshots.csv
3875210797373e5c,99c81ef1cc8db14b,betvictor,1.33,2026-09-29T13:13:46.945822+00:00,2026-09-29T13:13:48.871244+00:00,766.2,-0.008499630000000008,PAPER_BET,tennis_predictions/price_snapshots.csv
936651d6efc9350d,99c81ef1cc8db14b,betway,1.38,2026-09-29T13:13:46.945822+00:00,2026-09-29T13:13:48.871244+00:00,766.2,0.028774819999999868,PAPER_BET,tennis_predictions/price_snapshots.csv
6904f39943254309,99c81ef1cc8db14b,boylesports,1.36,2026-09-29T13:13:46.945822+00:00,2026-09-29T13:13:48.871244+00:00,766.2,0.013865039999999995,PAPER_BET,tennis_predictions/price_snapshots.csv
a5c3cc1624e90e20,99c81ef1cc8db14b,casumo,1.36,2026-09-29T13:13:46.945822+00:00,2026-09-29T13:13:48.871244+00:00,766.2,0.013865039999999995,PAPER_BET,tennis_predictions/price_snapshots.csv
660da7c64c23f435,99c81ef1cc8db14b,coral,1.35,2026-09-29T13:13:46.945822+00:00,2026-09-29T13:13:48.871244+00:00,766.2,0.006410150000000003,PAPER_BET,tennis_predictions/price_snapshots.csv
e0ee8737bc736101,99c81ef1cc8db14b,grosvenor,1.36,2026-09-29T13:13:46.945822+00:00,2026-09-29T13:13:48.871244+00:00,766.2,0.013865039999999995,PAPER_BET,tennis_predictions/price_snapshots.csv
f2af9ee282763649,99c81ef1cc8db14b,ladbrokes_uk,1.35,2026-09-29T13:13:46.945822+00:00,2026-09-29T13:13:48.871244+00:00,766.2,0.006410150000000003,PAPER_BET,tennis_predictions/price_snapshots.csv
9f0ca2a4dbf8e8e4,99c81ef1cc8db14b,leovegas,1.33,2026-09-29T13:13:46.945822+00:00,2026-09-29T13:13:48.871244+00:00,766.2,-0.008499630000000008,PAPER_BET,tennis_predictions/price_snapshots.csv
15c6116c35c1707d,99c81ef1cc8db14b,livescorebet,1.36,2026-09-29T13:13:46.945822+00:00,2026-09-29T13:13:48.871244+00:00,766.2,0.013865039999999995,PAPER_BET,tennis_predictions/price_snapshots.csv
128656db776db2d8,99c81ef1cc8db14b,matchbook,1.4,2026-09-29T13:13:46.945822+00:00,2026-09-29T13:13:48.871244+00:00,766.2,,PAPER_BET,tennis_predictions/price_snapshots.csv
ba237acaff378bd7,99c81ef1cc8db14b,paddypower,1.33,2026-09-29T13:13:46.945822+00:00,2026-09-29T13:13:48.871244+00:00,766.2,-0.008499630000000008,PAPER_BET,tennis_predictions/price_snapshots.csv
87915f1ce972409d,99c81ef1cc8db14b,skybet,1.33,2026-09-29T13:13:46.945822+00:00,2026-09-29T13:13:48.871244+00:00,766.2,-0.008499630000000008,PAPER_BET,tennis_predictions/price_snapshots.csv
01bec04a87ff2569,99c81ef1cc8db14b,sport888,1.36,2026-09-29T13:13:46.945822+00:00,2026-09-29T13:13:48.871244+00:00,766.2,0.013865039999999995,PAPER_BET,tennis_predictions/price_snapshots.csv
5710c7d938b79312,99c81ef1cc8db14b,unibet_uk,1.33,2026-09-29T13:13:46.945822+00:00,2026-09-29T13:13:48.871244+00:00,766.2,-0.008499630000000008,PAPER_BET,tennis_predictions/price_snapshots.csv
c48424aa1ec00710,99c81ef1cc8db14b,virginbet,1.36,2026-09-29T13:13:46.945822+00:00,2026-09-29T13:13:48.871244+00:00,766.2,0.013865039999999995,PAPER_BET,tennis_predictions/price_snapshots.csv
6212f018129ec960,99c81ef1cc8db14b,williamhill,1.36,2026-09-29T13:13:46.945822+00:00,2026-09-29T13:13:48.871244+00:00,766.2,0.013865039999999995,PAPER_BET,tennis_predictions/price_snapshots.csv
a07dcece3befc44b,f8a49590b3961582,betfair_ex_uk,1.16,2026-09-29T08:31:15.574336+00:00,2026-09-29T13:13:48.871244+00:00,766.2,-0.022096000000000005,MULTI_RESEARCH_ELIGIBLE,unified_ledger.live_price
af80a863c8bd94dd,f8a49590b3961582,betfair_ex_uk,1.19,2026-09-29T13:13:46.945822+00:00,2026-09-29T13:13:48.871244+00:00,766.2,0.0020969375000000068,MULTI_RESEARCH_ELIGIBLE,tennis_predictions/price_snapshots.csv
75f63497b6af3d9e,f8a49590b3961582,betano_uk,1.17,2026-09-29T13:13:46.945822+00:00,2026-09-29T13:13:48.871244+00:00,766.2,-0.006816249999999996,MULTI_RESEARCH_ELIGIBLE,tennis_predictions/price_snapshots.csv
5488904cd5bf508c,f8a49590b3961582,betvictor,1.17,2026-09-29T13:13:46.945822+00:00,2026-09-29T13:13:48.871244+00:00,766.2,-0.006816249999999996,MULTI_RESEARCH_ELIGIBLE,tennis_predictions/price_snapshots.csv
ccd5ed7bdefa2271,f8a49590b3961582,betway,1.15,2026-09-29T13:13:46.945822+00:00,2026-09-29T13:13:48.871244+00:00,766.2,-0.02379375000000003,MULTI_RESEARCH_ELIGIBLE,tennis_predictions/price_snapshots.csv
e1264be3313b19e5,f8a49590b3961582,boylesports,1.17,2026-09-29T13:13:46.945822+00:00,2026-09-29T13:13:48.871244+00:00,766.2,-0.006816249999999996,MULTI_RESEARCH_ELIGIBLE,tennis_predictions/price_snapshots.csv
f7d94271da81a7d3,f8a49590b3961582,casumo,1.17,2026-09-29T13:13:46.945822+00:00,2026-09-29T13:13:48.871244+00:00,766.2,-0.006816249999999996,MULTI_RESEARCH_ELIGIBLE,tennis_predictions/price_snapshots.csv
5d73fc1891882d1d,f8a49590b3961582,coral,1.18,2026-09-29T13:13:46.945822+00:00,2026-09-29T13:13:48.871244+00:00,766.2,0.0016724999999999934,MULTI_RESEARCH_ELIGIBLE,tennis_predictions/price_snapshots.csv
75302892cacca2b9,f8a49590b3961582,grosvenor,1.17,2026-09-29T13:13:46.945822+00:00,2026-09-29T13:13:48.871244+00:00,766.2,-0.006816249999999996,MULTI_RESEARCH_ELIGIBLE,tennis_predictions/price_snapshots.csv
86495130d317d36f,f8a49590b3961582,ladbrokes_uk,1.18,2026-09-29T13:13:46.945822+00:00,2026-09-29T13:13:48.871244+00:00,766.2,0.0016724999999999934,MULTI_RESEARCH_ELIGIBLE,tennis_predictions/price_snapshots.csv
91802376f81c692e,f8a49590b3961582,leovegas,1.16,2026-09-29T13:13:46.945822+00:00,2026-09-29T13:13:48.871244+00:00,766.2,-0.015305000000000013,MULTI_RESEARCH_ELIGIBLE,tennis_predictions/price_snapshots.csv
666a23d75fdc083e,f8a49590b3961582,livescorebet,1.17,2026-09-29T13:13:46.945822+00:00,2026-09-29T13:13:48.871244+00:00,766.2,-0.006816249999999996,MULTI_RESEARCH_ELIGIBLE,tennis_predictions/price_snapshots.csv
b5be07e4d68592a4,f8a49590b3961582,matchbook,1.19,2026-09-29T13:13:46.945822+00:00,2026-09-29T13:13:48.871244+00:00,766.2,,MULTI_RESEARCH_ELIGIBLE,tennis_predictions/price_snapshots.csv
2cd51c2dc3a14034,f8a49590b3961582,paddypower,1.14,2026-09-29T13:13:46.945822+00:00,2026-09-29T13:13:48.871244+00:00,766.2,-0.03228250000000003,MULTI_RESEARCH_ELIGIBLE,tennis_predictions/price_snapshots.csv
d249be8d1c566181,f8a49590b3961582,skybet,1.14,2026-09-29T13:13:46.945822+00:00,2026-09-29T13:13:48.871244+00:00,766.2,-0.03228250000000003,MULTI_RESEARCH_ELIGIBLE,tennis_predictions/price_snapshots.csv
13504c02dfc1c780,f8a49590b3961582,sport888,1.2,2026-09-29T13:13:46.945822+00:00,2026-09-29T13:13:48.871244+00:00,766.2,0.018650000000000028,MULTI_RESEARCH_ELIGIBLE,tennis_predictions/price_snapshots.csv
1fc9705302c7050f,f8a49590b3961582,unibet_uk,1.16,2026-09-29T13:13:46.945822+00:00,2026-09-29T13:13:48.871244+00:00,766.2,-0.015305000000000013,MULTI_RESEARCH_ELIGIBLE,tennis_predictions/price_snapshots.csv
9a3af2d5a6e71b52,f8a49590b3961582,virginbet,1.17,2026-09-29T13:13:46.945822+00:00,2026-09-29T13:13:48.871244+00:00,766.2,-0.006816249999999996,MULTI_RESEARCH_ELIGIBLE,tennis_predictions/price_snapshots.csv
6dd29dfa990f2b36,f8a49590b3961582,williamhill,1.2,2026-09-29T13:13:46.945822+00:00,2026-09-29T13:13:48.871244+00:00,766.2,0.018650000000000028,MULTI_RESEARCH_ELIGIBLE,tennis_predictions/price_snapshots.csv
8f3c9cb31c6f04a2,f310a5f6bc84e309,betfair_ex_uk,1.77,2026-09-29T08:31:15.574336+00:00,2026-09-29T13:13:48.871244+00:00,766.2,-0.03497098450000008,REJECT,unified_ledger.live_price
c0e8f45260e1f69d,f310a5f6bc84e309,betfair_ex_uk,1.76,2026-09-29T13:13:46.945822+00:00,2026-09-29T13:13:48.871244+00:00,766.2,-0.04026568600000002,REJECT,tennis_predictions/price_snapshots.csv
05f08df65ee27a31,f310a5f6bc84e309,betano_uk,1.67,2026-09-29T13:13:46.945822+00:00,2026-09-29T13:13:48.871244+00:00,766.2,-0.06924721000000011,REJECT,tennis_predictions/price_snapshots.csv
0cd9d0d47519d3cc,f310a5f6bc84e309,betfair_sb_uk,1.73,2026-09-29T13:13:46.945822+00:00,2026-09-29T13:13:48.871244+00:00,766.2,-0.03580699000000004,REJECT,tennis_predictions/price_snapshots.csv
0ee455fbd01906f6,f310a5f6bc84e309,betvictor,1.67,2026-09-29T13:13:46.945822+00:00,2026-09-29T13:13:48.871244+00:00,766.2,-0.06924721000000011,REJECT,tennis_predictions/price_snapshots.csv
e99b82630341bdcf,f310a5f6bc84e309,betway,1.73,2026-09-29T13:13:46.945822+00:00,2026-09-29T13:13:48.871244+00:00,766.2,-0.03580699000000004,REJECT,tennis_predictions/price_snapshots.csv
b8d4a44a680298ab,f310a5f6bc84e309,boylesports,1.73,2026-09-29T13:13:46.945822+00:00,2026-09-29T13:13:48.871244+00:00,766.2,-0.03580699000000004,REJECT,tennis_predictions/price_snapshots.csv
562fd525db559328,f310a5f6bc84e309,casumo,1.68,2026-09-29T13:13:46.945822+00:00,2026-09-29T13:13:48.871244+00:00,766.2,-0.06367384000000009,REJECT,tennis_predictions/price_snapshots.csv
788fc47cb81da1cb,f310a5f6bc84e309,coral,1.65,2026-09-29T13:13:46.945822+00:00,2026-09-29T13:13:48.871244+00:00,766.2,-0.0803939500000001,REJECT,tennis_predictions/price_snapshots.csv
0a98a63585abfafe,f310a5f6bc84e309,grosvenor,1.68,2026-09-29T13:13:46.945822+00:00,2026-09-29T13:13:48.871244+00:00,766.2,-0.06367384000000009,REJECT,tennis_predictions/price_snapshots.csv
14b62604529e0de6,f310a5f6bc84e309,ladbrokes_uk,1.65,2026-09-29T13:13:46.945822+00:00,2026-09-29T13:13:48.871244+00:00,766.2,-0.0803939500000001,REJECT,tennis_predictions/price_snapshots.csv
cc3e6279ead631cf,f310a5f6bc84e309,leovegas,1.67,2026-09-29T13:13:46.945822+00:00,2026-09-29T13:13:48.871244+00:00,766.2,-0.06924721000000011,REJECT,tennis_predictions/price_snapshots.csv
868928499a1a859a,f310a5f6bc84e309,livescorebet,1.68,2026-09-29T13:13:46.945822+00:00,2026-09-29T13:13:48.871244+00:00,766.2,-0.06367384000000009,REJECT,tennis_predictions/price_snapshots.csv
1caeab420d862d66,f310a5f6bc84e309,matchbook,1.76,2026-09-29T13:13:46.945822+00:00,2026-09-29T13:13:48.871244+00:00,766.2,,REJECT,tennis_predictions/price_snapshots.csv
f428a049945e2357,f310a5f6bc84e309,paddypower,1.67,2026-09-29T13:13:46.945822+00:00,2026-09-29T13:13:48.871244+00:00,766.2,-0.06924721000000011,REJECT,tennis_predictions/price_snapshots.csv
ebf71c8ff158192b,f310a5f6bc84e309,skybet,1.67,2026-09-29T13:13:46.945822+00:00,2026-09-29T13:13:48.871244+00:00,766.2,-0.06924721000000011,REJECT,tennis_predictions/price_snapshots.csv
1a8a708ca5904f49,f310a5f6bc84e309,sport888,1.73,2026-09-29T13:13:46.945822+00:00,2026-09-29T13:13:48.871244+00:00,766.2,-0.03580699000000004,REJECT,tennis_predictions/price_snapshots.csv
5e1c9337d338af3f,f310a5f6bc84e309,unibet_uk,1.7,2026-09-29T13:13:46.945822+00:00,2026-09-29T13:13:48.871244+00:00,766.2,-0.05252710000000005,REJECT,tennis_predictions/price_snapshots.csv
aef44d3fb7df27df,f310a5f6bc84e309,virginbet,1.68,2026-09-29T13:13:46.945822+00:00,2026-09-29T13:13:48.871244+00:00,766.2,-0.06367384000000009,REJECT,tennis_predictions/price_snapshots.csv
5cba56d100675f63,f310a5f6bc84e309,williamhill,1.73,2026-09-29T13:13:46.945822+00:00,2026-09-29T13:13:48.871244+00:00,766.2,-0.03580699000000004,REJECT,tennis_predictions/price_snapshots.csv
56c69272d74b04d1,35e1e89f42ef6234,betfair_ex_uk,1.5,2026-09-29T08:31:15.574336+00:00,2026-09-29T13:13:48.871244+00:00,766.2,-0.018853600000000026,REJECT,unified_ledger.live_price
e3f2a3e40298cb9c,35e1e89f42ef6234,betfair_ex_uk,1.45,2026-09-29T13:13:46.945822+00:00,2026-09-29T13:13:48.871244+00:00,766.2,-0.05044984000000008,REJECT,tennis_predictions/price_snapshots.csv
dbbc11ec97a48d50,35e1e89f42ef6234,betano_uk,1.4,2026-09-29T13:13:46.945822+00:00,2026-09-29T13:13:48.871244+00:00,766.2,-0.06874240000000004,REJECT,tennis_predictions/price_snapshots.csv
06a4df552ecd3e6e,35e1e89f42ef6234,betvictor,1.4,2026-09-29T13:13:46.945822+00:00,2026-09-29T13:13:48.871244+00:00,766.2,-0.06874240000000004,REJECT,tennis_predictions/price_snapshots.csv
c7a14a238f394ab6,35e1e89f42ef6234,betway,1.44,2026-09-29T13:13:46.945822+00:00,2026-09-29T13:13:48.871244+00:00,766.2,-0.04213504000000001,REJECT,tennis_predictions/price_snapshots.csv
8f313a9a6a4cc758,35e1e89f42ef6234,boylesports,1.44,2026-09-29T13:13:46.945822+00:00,2026-09-29T13:13:48.871244+00:00,766.2,-0.04213504000000001,REJECT,tennis_predictions/price_snapshots.csv
0a2731fd5fb69ea3,35e1e89f42ef6234,casumo,1.38,2026-09-29T13:13:46.945822+00:00,2026-09-29T13:13:48.871244+00:00,766.2,-0.08204608000000008,REJECT,tennis_predictions/price_snapshots.csv
aad3c23d13f574f1,35e1e89f42ef6234,coral,1.4,2026-09-29T13:13:46.945822+00:00,2026-09-29T13:13:48.871244+00:00,766.2,-0.06874240000000004,REJECT,tennis_predictions/price_snapshots.csv
4b907f7d97b23612,35e1e89f42ef6234,grosvenor,1.38,2026-09-29T13:13:46.945822+00:00,2026-09-29T13:13:48.871244+00:00,766.2,-0.08204608000000008,REJECT,tennis_predictions/price_snapshots.csv
516cf22eda5feb1a,35e1e89f42ef6234,ladbrokes_uk,1.4,2026-09-29T13:13:46.945822+00:00,2026-09-29T13:13:48.871244+00:00,766.2,-0.06874240000000004,REJECT,tennis_predictions/price_snapshots.csv
71037f799538cb87,35e1e89f42ef6234,leovegas,1.4,2026-09-29T13:13:46.945822+00:00,2026-09-29T13:13:48.871244+00:00,766.2,-0.06874240000000004,REJECT,tennis_predictions/price_snapshots.csv
cbb1bd18ddf6d070,35e1e89f42ef6234,livescorebet,1.38,2026-09-29T13:13:46.945822+00:00,2026-09-29T13:13:48.871244+00:00,766.2,-0.08204608000000008,REJECT,tennis_predictions/price_snapshots.csv
709ff6425aa649ed,35e1e89f42ef6234,matchbook,1.45,2026-09-29T13:13:46.945822+00:00,2026-09-29T13:13:48.871244+00:00,766.2,,REJECT,tennis_predictions/price_snapshots.csv
3edbf3331541cae9,35e1e89f42ef6234,paddypower,1.4,2026-09-29T13:13:46.945822+00:00,2026-09-29T13:13:48.871244+00:00,766.2,-0.06874240000000004,REJECT,tennis_predictions/price_snapshots.csv
e6e133f81ade8ea5,35e1e89f42ef6234,skybet,1.4,2026-09-29T13:13:46.945822+00:00,2026-09-29T13:13:48.871244+00:00,766.2,-0.06874240000000004,REJECT,tennis_predictions/price_snapshots.csv
b048767ce02084a3,35e1e89f42ef6234,sport888,1.44,2026-09-29T13:13:46.945822+00:00,2026-09-29T13:13:48.871244+00:00,766.2,-0.04213504000000001,REJECT,tennis_predictions/price_snapshots.csv
740b4e40741db257,35e1e89f42ef6234,unibet_uk,1.4,2026-09-29T13:13:46.945822+00:00,2026-09-29T13:13:48.871244+00:00,766.2,-0.06874240000000004,REJECT,tennis_predictions/price_snapshots.csv
76ba87f483920a23,35e1e89f42ef6234,virginbet,1.38,2026-09-29T13:13:46.945822+00:00,2026-09-29T13:13:48.871244+00:00,766.2,-0.08204608000000008,REJECT,tennis_predictions/price_snapshots.csv
dbaf9cb29d78f0d4,35e1e89f42ef6234,williamhill,1.44,2026-09-29T13:13:46.945822+00:00,2026-09-29T13:13:48.871244+00:00,766.2,-0.04213504000000001,REJECT,tennis_predictions/price_snapshots.csv
b97526052428aa0e,6c2f86d7e16c1125,betfair_ex_uk,1.44,2026-09-29T08:31:15.574336+00:00,2026-09-29T13:13:48.871244+00:00,766.2,-0.025220006000000073,REJECT,unified_ledger.live_price
baef3785c4db19fb,6c2f86d7e16c1125,betfair_ex_uk,1.44,2026-09-29T13:13:46.945822+00:00,2026-09-29T13:13:48.871244+00:00,766.2,-0.025220006000000073,REJECT,tennis_predictions/price_snapshots.csv
72d98031e211b5a3,6c2f86d7e16c1125,betano_uk,1.36,2026-09-29T13:13:46.945822+00:00,2026-09-29T13:13:48.871244+00:00,766.2,-0.06509111999999997,REJECT,tennis_predictions/price_snapshots.csv
e3b0a71ab79b3320,6c2f86d7e16c1125,betfair_sb_uk,1.36,2026-09-29T13:13:46.945822+00:00,2026-09-29T13:13:48.871244+00:00,766.2,-0.06509111999999997,REJECT,tennis_predictions/price_snapshots.csv
b488775f7124f6b5,6c2f86d7e16c1125,betvictor,1.36,2026-09-29T13:13:46.945822+00:00,2026-09-29T13:13:48.871244+00:00,766.2,-0.06509111999999997,REJECT,tennis_predictions/price_snapshots.csv
a031c88fa4720041,6c2f86d7e16c1125,betway,1.4,2026-09-29T13:13:46.945822+00:00,2026-09-29T13:13:48.871244+00:00,766.2,-0.03759380000000012,REJECT,tennis_predictions/price_snapshots.csv
1cf62233b4060129,6c2f86d7e16c1125,boylesports,1.4,2026-09-29T13:13:46.945822+00:00,2026-09-29T13:13:48.871244+00:00,766.2,-0.03759380000000012,REJECT,tennis_predictions/price_snapshots.csv
9916d4acedb2024f,6c2f86d7e16c1125,casumo,1.38,2026-09-29T13:13:46.945822+00:00,2026-09-29T13:13:48.871244+00:00,766.2,-0.051342460000000145,REJECT,tennis_predictions/price_snapshots.csv
1a9e127feeae23db,6c2f86d7e16c1125,coral,1.35,2026-09-29T13:13:46.945822+00:00,2026-09-29T13:13:48.871244+00:00,766.2,-0.07196544999999999,REJECT,tennis_predictions/price_snapshots.csv
f36f0424c3060449,6c2f86d7e16c1125,grosvenor,1.38,2026-09-29T13:13:46.945822+00:00,2026-09-29T13:13:48.871244+00:00,766.2,-0.051342460000000145,REJECT,tennis_predictions/price_snapshots.csv
8aa06f804b2b62d3,6c2f86d7e16c1125,ladbrokes_uk,1.35,2026-09-29T13:13:46.945822+00:00,2026-09-29T13:13:48.871244+00:00,766.2,-0.07196544999999999,REJECT,tennis_predictions/price_snapshots.csv
cf76222d020fa75d,6c2f86d7e16c1125,leovegas,1.36,2026-09-29T13:13:46.945822+00:00,2026-09-29T13:13:48.871244+00:00,766.2,-0.06509111999999997,REJECT,tennis_predictions/price_snapshots.csv
e0fe25f416a7c671,6c2f86d7e16c1125,livescorebet,1.38,2026-09-29T13:13:46.945822+00:00,2026-09-29T13:13:48.871244+00:00,766.2,-0.051342460000000145,REJECT,tennis_predictions/price_snapshots.csv
0f9b2c49797964b1,6c2f86d7e16c1125,matchbook,1.43,2026-09-29T13:13:46.945822+00:00,2026-09-29T13:13:48.871244+00:00,766.2,,REJECT,tennis_predictions/price_snapshots.csv
512c43edc7151f16,6c2f86d7e16c1125,paddypower,1.33,2026-09-29T13:13:46.945822+00:00,2026-09-29T13:13:48.871244+00:00,766.2,-0.08571411000000001,REJECT,tennis_predictions/price_snapshots.csv
81a9d57c328c78ef,6c2f86d7e16c1125,skybet,1.33,2026-09-29T13:13:46.945822+00:00,2026-09-29T13:13:48.871244+00:00,766.2,-0.08571411000000001,REJECT,tennis_predictions/price_snapshots.csv
44289cf2b84349b7,6c2f86d7e16c1125,sport888,1.36,2026-09-29T13:13:46.945822+00:00,2026-09-29T13:13:48.871244+00:00,766.2,-0.06509111999999997,REJECT,tennis_predictions/price_snapshots.csv
b4e6ac788a178f29,6c2f86d7e16c1125,unibet_uk,1.37,2026-09-29T13:13:46.945822+00:00,2026-09-29T13:13:48.871244+00:00,766.2,-0.05821678999999996,REJECT,tennis_predictions/price_snapshots.csv
ec2cd1f095c5414a,6c2f86d7e16c1125,virginbet,1.38,2026-09-29T13:13:46.945822+00:00,2026-09-29T13:13:48.871244+00:00,766.2,-0.051342460000000145,REJECT,tennis_predictions/price_snapshots.csv
cb6bc2c22f55c057,6c2f86d7e16c1125,williamhill,1.36,2026-09-29T13:13:46.945822+00:00,2026-09-29T13:13:48.871244+00:00,766.2,-0.06509111999999997,REJECT,tennis_predictions/price_snapshots.csv
51a7765cee7bbea0,717a216c0bf9dd42,betfair_ex_uk,1.44,2026-09-29T08:31:15.574336+00:00,2026-09-29T13:13:48.871244+00:00,766.2,-0.024172104000000028,REJECT,unified_ledger.live_price
8337f4f03468c089,717a216c0bf9dd42,betfair_ex_uk,1.46,2026-09-29T13:13:46.945822+00:00,2026-09-29T13:13:48.871244+00:00,766.2,-0.011096836000000054,REJECT,tennis_predictions/price_snapshots.csv
fd4aa9d62304c751,717a216c0bf9dd42,betano_uk,1.4,2026-09-29T13:13:46.945822+00:00,2026-09-29T13:13:48.871244+00:00,766.2,-0.03655920000000007,REJECT,tennis_predictions/price_snapshots.csv
a0586efcd916399a,717a216c0bf9dd42,betvictor,1.4,2026-09-29T13:13:46.945822+00:00,2026-09-29T13:13:48.871244+00:00,766.2,-0.03655920000000007,REJECT,tennis_predictions/price_snapshots.csv
5703ad50eb679161,717a216c0bf9dd42,betway,1.45,2026-09-29T13:13:46.945822+00:00,2026-09-29T13:13:48.871244+00:00,766.2,-0.0021506000000000025,REJECT,tennis_predictions/price_snapshots.csv
b017c4546c0c2125,717a216c0bf9dd42,boylesports,1.44,2026-09-29T13:13:46.945822+00:00,2026-09-29T13:13:48.871244+00:00,766.2,-0.009032320000000038,REJECT,tennis_predictions/price_snapshots.csv
c2a8050f25b9e27a,717a216c0bf9dd42,casumo,1.41,2026-09-29T13:13:46.945822+00:00,2026-09-29T13:13:48.871244+00:00,766.2,-0.029677480000000034,REJECT,tennis_predictions/price_snapshots.csv
7e3f69dbff40bf9e,717a216c0bf9dd42,coral,1.44,2026-09-29T13:13:46.945822+00:00,2026-09-29T13:13:48.871244+00:00,766.2,-0.009032320000000038,REJECT,tennis_predictions/price_snapshots.csv
1a9b9003a354f0f1,717a216c0bf9dd42,grosvenor,1.41,2026-09-29T13:13:46.945822+00:00,2026-09-29T13:13:48.871244+00:00,766.2,-0.029677480000000034,REJECT,tennis_predictions/price_snapshots.csv
91910664990a1b8e,717a216c0bf9dd42,ladbrokes_uk,1.44,2026-09-29T13:13:46.945822+00:00,2026-09-29T13:13:48.871244+00:00,766.2,-0.009032320000000038,REJECT,tennis_predictions/price_snapshots.csv
01925e1d23102ba5,717a216c0bf9dd42,leovegas,1.4,2026-09-29T13:13:46.945822+00:00,2026-09-29T13:13:48.871244+00:00,766.2,-0.03655920000000007,REJECT,tennis_predictions/price_snapshots.csv
1b7f6281d99ec5ef,717a216c0bf9dd42,livescorebet,1.41,2026-09-29T13:13:46.945822+00:00,2026-09-29T13:13:48.871244+00:00,766.2,-0.029677480000000034,REJECT,tennis_predictions/price_snapshots.csv
201af827880fb201,717a216c0bf9dd42,matchbook,1.46,2026-09-29T13:13:46.945822+00:00,2026-09-29T13:13:48.871244+00:00,766.2,,REJECT,tennis_predictions/price_snapshots.csv
14e5390bb6fb7f36,717a216c0bf9dd42,paddypower,1.36,2026-09-29T13:13:46.945822+00:00,2026-09-29T13:13:48.871244+00:00,766.2,-0.06408607999999993,REJECT,tennis_predictions/price_snapshots.csv
4e00f177684a230d,717a216c0bf9dd42,skybet,1.36,2026-09-29T13:13:46.945822+00:00,2026-09-29T13:13:48.871244+00:00,766.2,-0.06408607999999993,REJECT,tennis_predictions/price_snapshots.csv
1936f0966cbfbc39,717a216c0bf9dd42,sport888,1.44,2026-09-29T13:13:46.945822+00:00,2026-09-29T13:13:48.871244+00:00,766.2,-0.009032320000000038,REJECT,tennis_predictions/price_snapshots.csv
150466dcf3b2553e,717a216c0bf9dd42,unibet_uk,1.4,2026-09-29T13:13:46.945822+00:00,2026-09-29T13:13:48.871244+00:00,766.2,-0.03655920000000007,REJECT,tennis_predictions/price_snapshots.csv
70c3ff498dec3a67,717a216c0bf9dd42,virginbet,1.41,2026-09-29T13:13:46.945822+00:00,2026-09-29T13:13:48.871244+00:00,766.2,-0.029677480000000034,REJECT,tennis_predictions/price_snapshots.csv
16acf54e947cf2a7,717a216c0bf9dd42,williamhill,1.44,2026-09-29T13:13:46.945822+00:00,2026-09-29T13:13:48.871244+00:00,766.2,-0.009032320000000038,REJECT,tennis_predictions/price_snapshots.csv
3323d6ca24dd5471,63a854763b339d8e,betfair_ex_uk,1.26,2026-09-29T08:31:15.574336+00:00,2026-09-29T13:13:48.871244+00:00,766.2,-0.01909608300000007,WATCH,unified_ledger.live_price
103376bb0183b3be,63a854763b339d8e,betfair_ex_uk,1.3,2026-09-29T13:13:46.945822+00:00,2026-09-29T13:13:48.871244+00:00,766.2,0.010795134999999956,WATCH,tennis_predictions/price_snapshots.csv
a6eaad258f42bdfe,63a854763b339d8e,betano_uk,1.25,2026-09-29T13:13:46.945822+00:00,2026-09-29T13:13:48.871244+00:00,766.2,-0.016736250000000064,WATCH,tennis_predictions/price_snapshots.csv
88527dd2bbd5d9d6,63a854763b339d8e,betvictor,1.25,2026-09-29T13:13:46.945822+00:00,2026-09-29T13:13:48.871244+00:00,766.2,-0.016736250000000064,WATCH,tennis_predictions/price_snapshots.csv
bd607c002d5488df,63a854763b339d8e,betway,1.29,2026-09-29T13:13:46.945822+00:00,2026-09-29T13:13:48.871244+00:00,766.2,0.014728189999999974,WATCH,tennis_predictions/price_snapshots.csv
1eeb40a7477868c0,63a854763b339d8e,boylesports,1.29,2026-09-29T13:13:46.945822+00:00,2026-09-29T13:13:48.871244+00:00,766.2,0.014728189999999974,WATCH,tennis_predictions/price_snapshots.csv
640bd95e37218b52,63a854763b339d8e,casumo,1.25,2026-09-29T13:13:46.945822+00:00,2026-09-29T13:13:48.871244+00:00,766.2,-0.016736250000000064,WATCH,tennis_predictions/price_snapshots.csv
c82d8af83ffc911c,63a854763b339d8e,coral,1.25,2026-09-29T13:13:46.945822+00:00,2026-09-29T13:13:48.871244+00:00,766.2,-0.016736250000000064,WATCH,tennis_predictions/price_snapshots.csv
cb56cf98b94c2992,63a854763b339d8e,grosvenor,1.25,2026-09-29T13:13:46.945822+00:00,2026-09-29T13:13:48.871244+00:00,766.2,-0.016736250000000064,WATCH,tennis_predictions/price_snapshots.csv
569d0ef9ead00a9c,63a854763b339d8e,ladbrokes_uk,1.25,2026-09-29T13:13:46.945822+00:00,2026-09-29T13:13:48.871244+00:00,766.2,-0.016736250000000064,WATCH,tennis_predictions/price_snapshots.csv
02e36dfd102ac469,63a854763b339d8e,leovegas,1.26,2026-09-29T13:13:46.945822+00:00,2026-09-29T13:13:48.871244+00:00,766.2,-0.008870140000000054,WATCH,tennis_predictions/price_snapshots.csv
4aeff1261ea83217,63a854763b339d8e,livescorebet,1.25,2026-09-29T13:13:46.945822+00:00,2026-09-29T13:13:48.871244+00:00,766.2,-0.016736250000000064,WATCH,tennis_predictions/price_snapshots.csv
b528375eaab123b8,63a854763b339d8e,matchbook,1.3,2026-09-29T13:13:46.945822+00:00,2026-09-29T13:13:48.871244+00:00,766.2,,WATCH,tennis_predictions/price_snapshots.csv
294e87373b44eefb,63a854763b339d8e,paddypower,1.25,2026-09-29T13:13:46.945822+00:00,2026-09-29T13:13:48.871244+00:00,766.2,-0.016736250000000064,WATCH,tennis_predictions/price_snapshots.csv
103d215ce3b0a36a,63a854763b339d8e,skybet,1.25,2026-09-29T13:13:46.945822+00:00,2026-09-29T13:13:48.871244+00:00,766.2,-0.016736250000000064,WATCH,tennis_predictions/price_snapshots.csv
e63f0ceeb5435f30,63a854763b339d8e,sport888,1.3,2026-09-29T13:13:46.945822+00:00,2026-09-29T13:13:48.871244+00:00,766.2,0.022594299999999956,WATCH,tennis_predictions/price_snapshots.csv
c1b36694babf4370,63a854763b339d8e,unibet_uk,1.25,2026-09-29T13:13:46.945822+00:00,2026-09-29T13:13:48.871244+00:00,766.2,-0.016736250000000064,WATCH,tennis_predictions/price_snapshots.csv
d8c4f41ad7ae8b6e,63a854763b339d8e,virginbet,1.25,2026-09-29T13:13:46.945822+00:00,2026-09-29T13:13:48.871244+00:00,766.2,-0.016736250000000064,WATCH,tennis_predictions/price_snapshots.csv
5bbcf6e672c196c7,63a854763b339d8e,williamhill,1.3,2026-09-29T13:13:46.945822+00:00,2026-09-29T13:13:48.871244+00:00,766.2,0.022594299999999956,WATCH,tennis_predictions/price_snapshots.csv
566f33450df8360b,151b441460d9820a,betfair_ex_uk,1.21,2026-09-29T08:31:15.574336+00:00,2026-09-29T13:13:48.871244+00:00,766.2,-0.024722535000000073,MULTI_RESEARCH_ELIGIBLE,unified_ledger.live_price
b521dc004fd49d69,151b441460d9820a,betfair_ex_uk,1.23,2026-09-29T13:13:46.945822+00:00,2026-09-29T13:13:48.871244+00:00,766.2,-0.009274205000000063,MULTI_RESEARCH_ELIGIBLE,tennis_predictions/price_snapshots.csv
df358c70b12a6fff,151b441460d9820a,betano_uk,1.2,2026-09-29T13:13:46.945822+00:00,2026-09-29T13:13:48.871244+00:00,766.2,-0.024316000000000088,MULTI_RESEARCH_ELIGIBLE,tennis_predictions/price_snapshots.csv
02f63d072a6ea446,151b441460d9820a,betfair_sb_uk,1.2,2026-09-29T13:13:46.945822+00:00,2026-09-29T13:13:48.871244+00:00,766.2,-0.024316000000000088,MULTI_RESEARCH_ELIGIBLE,tennis_predictions/price_snapshots.csv
0bd57f114b5db970,151b441460d9820a,betvictor,1.2,2026-09-29T13:13:46.945822+00:00,2026-09-29T13:13:48.871244+00:00,766.2,-0.024316000000000088,MULTI_RESEARCH_ELIGIBLE,tennis_predictions/price_snapshots.csv
5c7503b8baa75bfc,151b441460d9820a,betway,1.22,2026-09-29T13:13:46.945822+00:00,2026-09-29T13:13:48.871244+00:00,766.2,-0.008054600000000078,MULTI_RESEARCH_ELIGIBLE,tennis_predictions/price_snapshots.csv
6d809ba63a3fdfcd,151b441460d9820a,boylesports,1.2,2026-09-29T13:13:46.945822+00:00,2026-09-29T13:13:48.871244+00:00,766.2,-0.024316000000000088,MULTI_RESEARCH_ELIGIBLE,tennis_predictions/price_snapshots.csv
44dc9249547e2473,151b441460d9820a,casumo,1.19,2026-09-29T13:13:46.945822+00:00,2026-09-29T13:13:48.871244+00:00,766.2,-0.03244670000000008,MULTI_RESEARCH_ELIGIBLE,tennis_predictions/price_snapshots.csv
a674fe0c27e8c0d3,151b441460d9820a,coral,1.2,2026-09-29T13:13:46.945822+00:00,2026-09-29T13:13:48.871244+00:00,766.2,-0.024316000000000088,MULTI_RESEARCH_ELIGIBLE,tennis_predictions/price_snapshots.csv
0ec524112ffc679f,151b441460d9820a,grosvenor,1.19,2026-09-29T13:13:46.945822+00:00,2026-09-29T13:13:48.871244+00:00,766.2,-0.03244670000000008,MULTI_RESEARCH_ELIGIBLE,tennis_predictions/price_snapshots.csv
fb03222c8e6827e8,151b441460d9820a,ladbrokes_uk,1.2,2026-09-29T13:13:46.945822+00:00,2026-09-29T13:13:48.871244+00:00,766.2,-0.024316000000000088,MULTI_RESEARCH_ELIGIBLE,tennis_predictions/price_snapshots.csv
49e091e119c61d61,151b441460d9820a,leovegas,1.18,2026-09-29T13:13:46.945822+00:00,2026-09-29T13:13:48.871244+00:00,766.2,-0.0405774000000001,MULTI_RESEARCH_ELIGIBLE,tennis_predictions/price_snapshots.csv
1f4408fc8276df4d,151b441460d9820a,livescorebet,1.19,2026-09-29T13:13:46.945822+00:00,2026-09-29T13:13:48.871244+00:00,766.2,-0.03244670000000008,MULTI_RESEARCH_ELIGIBLE,tennis_predictions/price_snapshots.csv
99f749546e833b23,151b441460d9820a,matchbook,1.23,2026-09-29T13:13:46.945822+00:00,2026-09-29T13:13:48.871244+00:00,766.2,,MULTI_RESEARCH_ELIGIBLE,tennis_predictions/price_snapshots.csv
6bab4b2811910482,151b441460d9820a,paddypower,1.17,2026-09-29T13:13:46.945822+00:00,2026-09-29T13:13:48.871244+00:00,766.2,-0.048708100000000115,MULTI_RESEARCH_ELIGIBLE,tennis_predictions/price_snapshots.csv
b6cf8b1118b24837,151b441460d9820a,skybet,1.17,2026-09-29T13:13:46.945822+00:00,2026-09-29T13:13:48.871244+00:00,766.2,-0.048708100000000115,MULTI_RESEARCH_ELIGIBLE,tennis_predictions/price_snapshots.csv
29ba87cabf047638,151b441460d9820a,sport888,1.22,2026-09-29T13:13:46.945822+00:00,2026-09-29T13:13:48.871244+00:00,766.2,-0.008054600000000078,MULTI_RESEARCH_ELIGIBLE,tennis_predictions/price_snapshots.csv
3021f1765e4a78ae,151b441460d9820a,unibet_uk,1.19,2026-09-29T13:13:46.945822+00:00,2026-09-29T13:13:48.871244+00:00,766.2,-0.03244670000000008,MULTI_RESEARCH_ELIGIBLE,tennis_predictions/price_snapshots.csv
e8d34fecf5ed292c,151b441460d9820a,virginbet,1.19,2026-09-29T13:13:46.945822+00:00,2026-09-29T13:13:48.871244+00:00,766.2,-0.03244670000000008,MULTI_RESEARCH_ELIGIBLE,tennis_predictions/price_snapshots.csv
1e569cd658531e86,151b441460d9820a,williamhill,1.22,2026-09-29T13:13:46.945822+00:00,2026-09-29T13:13:48.871244+00:00,766.2,-0.008054600000000078,MULTI_RESEARCH_ELIGIBLE,tennis_predictions/price_snapshots.csv
c2196b39360a47f9,1e9ff1efb29e5b24,betfair_ex_uk,1.6,2026-09-29T08:31:15.574336+00:00,2026-09-29T13:13:48.871244+00:00,766.2,-0.024753680000000056,REJECT,unified_ledger.live_price
3cbef6c400f4842c,1e9ff1efb29e5b24,betfair_ex_uk,1.13,2026-09-29T13:13:46.945822+00:00,2026-09-29T13:13:48.871244+00:00,766.2,-0.30210876400000014,REJECT,tennis_predictions/price_snapshots.csv
65bfe0bb8a5baa64,1e9ff1efb29e5b24,betano_uk,1.53,2026-09-29T13:13:46.945822+00:00,2026-09-29T13:13:48.871244+00:00,766.2,-0.04960072000000004,REJECT,tennis_predictions/price_snapshots.csv
595f1b29e9bfa62a,1e9ff1efb29e5b24,betvictor,1.53,2026-09-29T13:13:46.945822+00:00,2026-09-29T13:13:48.871244+00:00,766.2,-0.04960072000000004,REJECT,tennis_predictions/price_snapshots.csv
1a57894bfb4d8f77,1e9ff1efb29e5b24,betway,1.55,2026-09-29T13:13:46.945822+00:00,2026-09-29T13:13:48.871244+00:00,766.2,-0.03717720000000008,REJECT,tennis_predictions/price_snapshots.csv
b3fd501062022be5,1e9ff1efb29e5b24,boylesports,1.57,2026-09-29T13:13:46.945822+00:00,2026-09-29T13:13:48.871244+00:00,766.2,-0.024753680000000056,REJECT,tennis_predictions/price_snapshots.csv
cd6b769c0ffdd515,1e9ff1efb29e5b24,casumo,1.56,2026-09-29T13:13:46.945822+00:00,2026-09-29T13:13:48.871244+00:00,766.2,-0.030965440000000066,REJECT,tennis_predictions/price_snapshots.csv
a0116712e0c9d993,1e9ff1efb29e5b24,coral,1.55,2026-09-29T13:13:46.945822+00:00,2026-09-29T13:13:48.871244+00:00,766.2,-0.03717720000000008,REJECT,tennis_predictions/price_snapshots.csv
b8c21c120d18d472,1e9ff1efb29e5b24,grosvenor,1.56,2026-09-29T13:13:46.945822+00:00,2026-09-29T13:13:48.871244+00:00,766.2,-0.030965440000000066,REJECT,tennis_predictions/price_snapshots.csv
b68904cd2c4e88f1,1e9ff1efb29e5b24,ladbrokes_uk,1.55,2026-09-29T13:13:46.945822+00:00,2026-09-29T13:13:48.871244+00:00,766.2,-0.03717720000000008,REJECT,tennis_predictions/price_snapshots.csv
bf7bf90b80885fee,1e9ff1efb29e5b24,leovegas,1.53,2026-09-29T13:13:46.945822+00:00,2026-09-29T13:13:48.871244+00:00,766.2,-0.04960072000000004,REJECT,tennis_predictions/price_snapshots.csv
4569512de13fdea4,1e9ff1efb29e5b24,livescorebet,1.56,2026-09-29T13:13:46.945822+00:00,2026-09-29T13:13:48.871244+00:00,766.2,-0.030965440000000066,REJECT,tennis_predictions/price_snapshots.csv
434355550389788f,1e9ff1efb29e5b24,matchbook,1.55,2026-09-29T13:13:46.945822+00:00,2026-09-29T13:13:48.871244+00:00,766.2,,REJECT,tennis_predictions/price_snapshots.csv
15e9d56a53114432,1e9ff1efb29e5b24,paddypower,1.5,2026-09-29T13:13:46.945822+00:00,2026-09-29T13:13:48.871244+00:00,766.2,-0.06823600000000007,REJECT,tennis_predictions/price_snapshots.csv
5280aabe5f187361,1e9ff1efb29e5b24,skybet,1.5,2026-09-29T13:13:46.945822+00:00,2026-09-29T13:13:48.871244+00:00,766.2,-0.06823600000000007,REJECT,tennis_predictions/price_snapshots.csv
97cbfb3c194bbab2,1e9ff1efb29e5b24,sport888,1.53,2026-09-29T13:13:46.945822+00:00,2026-09-29T13:13:48.871244+00:00,766.2,-0.04960072000000004,REJECT,tennis_predictions/price_snapshots.csv
2972e6ccdf8a924a,1e9ff1efb29e5b24,unibet_uk,1.54,2026-09-29T13:13:46.945822+00:00,2026-09-29T13:13:48.871244+00:00,766.2,-0.04338896000000003,REJECT,tennis_predictions/price_snapshots.csv
f3754f08e827d877,1e9ff1efb29e5b24,virginbet,1.56,2026-09-29T13:13:46.945822+00:00,2026-09-29T13:13:48.871244+00:00,766.2,-0.030965440000000066,REJECT,tennis_predictions/price_snapshots.csv
225b1870d9bc7e50,1e9ff1efb29e5b24,williamhill,1.53,2026-09-29T13:13:46.945822+00:00,2026-09-29T13:13:48.871244+00:00,766.2,-0.04960072000000004,REJECT,tennis_predictions/price_snapshots.csv
f4e439f4c171af1a,f8bf45d0820d1816,betfair_ex_uk,1.42,2026-09-29T08:31:15.574336+00:00,2026-09-29T13:13:48.871244+00:00,766.2,-0.02275792900000012,REJECT,unified_ledger.live_price
584681a899902a1c,f8bf45d0820d1816,betfair_ex_uk,1.41,2026-09-29T13:13:46.945822+00:00,2026-09-29T13:13:48.871244+00:00,766.2,-0.029393954500000152,REJECT,tennis_predictions/price_snapshots.csv
a643c578d0d5ef50,f8bf45d0820d1816,betano_uk,1.36,2026-09-29T13:13:46.945822+00:00,2026-09-29T13:13:48.871244+00:00,766.2,-0.05000055999999997,REJECT,tennis_predictions/price_snapshots.csv
1bfc52d4dac89fd3,f8bf45d0820d1816,betfair_sb_uk,1.36,2026-09-29T13:13:46.945822+00:00,2026-09-29T13:13:48.871244+00:00,766.2,-0.05000055999999997,REJECT,tennis_predictions/price_snapshots.csv
e600f73962ba88e6,f8bf45d0820d1816,betvictor,1.36,2026-09-29T13:13:46.945822+00:00,2026-09-29T13:13:48.871244+00:00,766.2,-0.05000055999999997,REJECT,tennis_predictions/price_snapshots.csv
abc55038fe4ad7ca,f8bf45d0820d1816,betway,1.35,2026-09-29T13:13:46.945822+00:00,2026-09-29T13:13:48.871244+00:00,766.2,-0.056985850000000005,REJECT,tennis_predictions/price_snapshots.csv
f5ad5a034c116439,f8bf45d0820d1816,boylesports,1.36,2026-09-29T13:13:46.945822+00:00,2026-09-29T13:13:48.871244+00:00,766.2,-0.05000055999999997,REJECT,tennis_predictions/price_snapshots.csv
c2f83b3a768c26a6,f8bf45d0820d1816,casumo,1.34,2026-09-29T13:13:46.945822+00:00,2026-09-29T13:13:48.871244+00:00,766.2,-0.06397114000000001,REJECT,tennis_predictions/price_snapshots.csv
84120360b9ae156e,f8bf45d0820d1816,coral,1.35,2026-09-29T13:13:46.945822+00:00,2026-09-29T13:13:48.871244+00:00,766.2,-0.056985850000000005,REJECT,tennis_predictions/price_snapshots.csv
4d8cb61bb82336a6,f8bf45d0820d1816,grosvenor,1.34,2026-09-29T13:13:46.945822+00:00,2026-09-29T13:13:48.871244+00:00,766.2,-0.06397114000000001,REJECT,tennis_predictions/price_snapshots.csv
9a86ed82136e4b32,f8bf45d0820d1816,ladbrokes_uk,1.35,2026-09-29T13:13:46.945822+00:00,2026-09-29T13:13:48.871244+00:00,766.2,-0.056985850000000005,REJECT,tennis_predictions/price_snapshots.csv
d1cc8c485fe189f1,f8bf45d0820d1816,leovegas,1.35,2026-09-29T13:13:46.945822+00:00,2026-09-29T13:13:48.871244+00:00,766.2,-0.056985850000000005,REJECT,tennis_predictions/price_snapshots.csv
6145d7af6709afef,f8bf45d0820d1816,livescorebet,1.34,2026-09-29T13:13:46.945822+00:00,2026-09-29T13:13:48.871244+00:00,766.2,-0.06397114000000001,REJECT,tennis_predictions/price_snapshots.csv
2115b4b944a77dde,f8bf45d0820d1816,matchbook,1.4,2026-09-29T13:13:46.945822+00:00,2026-09-29T13:13:48.871244+00:00,766.2,,REJECT,tennis_predictions/price_snapshots.csv
80b9230e883efdc0,f8bf45d0820d1816,paddypower,1.33,2026-09-29T13:13:46.945822+00:00,2026-09-29T13:13:48.871244+00:00,766.2,-0.07095643000000001,REJECT,tennis_predictions/price_snapshots.csv
80a78c30702b5106,f8bf45d0820d1816,skybet,1.33,2026-09-29T13:13:46.945822+00:00,2026-09-29T13:13:48.871244+00:00,766.2,-0.07095643000000001,REJECT,tennis_predictions/price_snapshots.csv
e4cf5641428d5561,f8bf45d0820d1816,sport888,1.36,2026-09-29T13:13:46.945822+00:00,2026-09-29T13:13:48.871244+00:00,766.2,-0.05000055999999997,REJECT,tennis_predictions/price_snapshots.csv
af36f69aef90313b,f8bf45d0820d1816,unibet_uk,1.37,2026-09-29T13:13:46.945822+00:00,2026-09-29T13:13:48.871244+00:00,766.2,-0.043015269999999994,REJECT,tennis_predictions/price_snapshots.csv
3ccd77c444a9fc94,f8bf45d0820d1816,virginbet,1.34,2026-09-29T13:13:46.945822+00:00,2026-09-29T13:13:48.871244+00:00,766.2,-0.06397114000000001,REJECT,tennis_predictions/price_snapshots.csv
0f83b99072f84df7,f8bf45d0820d1816,williamhill,1.36,2026-09-29T13:13:46.945822+00:00,2026-09-29T13:13:48.871244+00:00,766.2,-0.05000055999999997,REJECT,tennis_predictions/price_snapshots.csv
e02404e986c4897e,da4f059a3138fb08,betfair_ex_uk,1.77,2026-09-29T08:31:15.574336+00:00,2026-09-29T13:13:48.871244+00:00,766.2,-0.03805478599999995,WATCH,unified_ledger.live_price
6c7b161d686c8547,da4f059a3138fb08,betfair_ex_uk,1.8,2026-09-29T13:13:46.945822+00:00,2026-09-29T13:13:48.871244+00:00,766.2,-0.02222143999999987,WATCH,tennis_predictions/price_snapshots.csv
9e3bda2a64663da5,da4f059a3138fb08,betano_uk,1.73,2026-09-29T13:13:46.945822+00:00,2026-09-29T13:13:48.871244+00:00,766.2,-0.038888119999999915,WATCH,tennis_predictions/price_snapshots.csv
705b1d9c8df5f415,da4f059a3138fb08,betfair_sb_uk,1.8,2026-09-29T13:13:46.945822+00:00,2026-09-29T13:13:48.871244+00:00,766.2,8.000000001340268e-07,WATCH,tennis_predictions/price_snapshots.csv
a9562b5d3fcbbd40,da4f059a3138fb08,betvictor,1.73,2026-09-29T13:13:46.945822+00:00,2026-09-29T13:13:48.871244+00:00,766.2,-0.038888119999999915,WATCH,tennis_predictions/price_snapshots.csv
40d551b460e37383,da4f059a3138fb08,betway,1.75,2026-09-29T13:13:46.945822+00:00,2026-09-29T13:13:48.871244+00:00,766.2,-0.02777699999999994,WATCH,tennis_predictions/price_snapshots.csv
a181859467ea3a9c,da4f059a3138fb08,boylesports,1.8,2026-09-29T13:13:46.945822+00:00,2026-09-29T13:13:48.871244+00:00,766.2,8.000000001340268e-07,WATCH,tennis_predictions/price_snapshots.csv
b37257f5854c20b5,da4f059a3138fb08,casumo,1.71,2026-09-29T13:13:46.945822+00:00,2026-09-29T13:13:48.871244+00:00,766.2,-0.049999239999999945,WATCH,tennis_predictions/price_snapshots.csv
2d436e723baaa0a6,da4f059a3138fb08,coral,1.73,2026-09-29T13:13:46.945822+00:00,2026-09-29T13:13:48.871244+00:00,766.2,-0.038888119999999915,WATCH,tennis_predictions/price_snapshots.csv
f6bc0ff583c2c6e9,da4f059a3138fb08,grosvenor,1.71,2026-09-29T13:13:46.945822+00:00,2026-09-29T13:13:48.871244+00:00,766.2,-0.049999239999999945,WATCH,tennis_predictions/price_snapshots.csv
874c0c9ba412cbcd,da4f059a3138fb08,ladbrokes_uk,1.73,2026-09-29T13:13:46.945822+00:00,2026-09-29T13:13:48.871244+00:00,766.2,-0.038888119999999915,WATCH,tennis_predictions/price_snapshots.csv
7eeeab3094abb9fa,da4f059a3138fb08,leovegas,1.72,2026-09-29T13:13:46.945822+00:00,2026-09-29T13:13:48.871244+00:00,766.2,-0.04444367999999993,WATCH,tennis_predictions/price_snapshots.csv
c5fc4980dfb45b0b,da4f059a3138fb08,livescorebet,1.71,2026-09-29T13:13:46.945822+00:00,2026-09-29T13:13:48.871244+00:00,766.2,-0.049999239999999945,WATCH,tennis_predictions/price_snapshots.csv
2d3ba1df6db2b080,da4f059a3138fb08,matchbook,1.8,2026-09-29T13:13:46.945822+00:00,2026-09-29T13:13:48.871244+00:00,766.2,,WATCH,tennis_predictions/price_snapshots.csv
cd46e25ea2f4197f,da4f059a3138fb08,paddypower,1.73,2026-09-29T13:13:46.945822+00:00,2026-09-29T13:13:48.871244+00:00,766.2,-0.038888119999999915,WATCH,tennis_predictions/price_snapshots.csv
57fd5b2b1c692559,da4f059a3138fb08,skybet,1.73,2026-09-29T13:13:46.945822+00:00,2026-09-29T13:13:48.871244+00:00,766.2,-0.038888119999999915,WATCH,tennis_predictions/price_snapshots.csv
02667e61630a812c,da4f059a3138fb08,sport888,1.73,2026-09-29T13:13:46.945822+00:00,2026-09-29T13:13:48.871244+00:00,766.2,-0.038888119999999915,WATCH,tennis_predictions/price_snapshots.csv
a6a9ae6a6799de0c,da4f059a3138fb08,unibet_uk,1.76,2026-09-29T13:13:46.945822+00:00,2026-09-29T13:13:48.871244+00:00,766.2,-0.022221439999999926,WATCH,tennis_predictions/price_snapshots.csv
f11bf6a051831234,da4f059a3138fb08,virginbet,1.71,2026-09-29T13:13:46.945822+00:00,2026-09-29T13:13:48.871244+00:00,766.2,-0.049999239999999945,WATCH,tennis_predictions/price_snapshots.csv
a8266856aa7c1a69,da4f059a3138fb08,williamhill,1.73,2026-09-29T13:13:46.945822+00:00,2026-09-29T13:13:48.871244+00:00,766.2,-0.038888119999999915,WATCH,tennis_predictions/price_snapshots.csv
b1956205ddf80f83,141191390bddd2f8,betfair_ex_uk,1.65,2026-09-29T08:31:15.574336+00:00,2026-09-29T13:13:48.871244+00:00,766.2,-0.03887664749999997,REJECT,unified_ledger.live_price
fdf9599402f87491,141191390bddd2f8,betfair_ex_uk,1.69,2026-09-29T13:13:46.945822+00:00,2026-09-29T13:13:48.871244+00:00,766.2,-0.0162969335,REJECT,tennis_predictions/price_snapshots.csv
ecf79c6f49fb1278,141191390bddd2f8,betano_uk,1.57,2026-09-29T13:13:46.945822+00:00,2026-09-29T13:13:48.871244+00:00,766.2,-0.06710128999999992,REJECT,tennis_predictions/price_snapshots.csv
959b22494d95f6f9,141191390bddd2f8,betvictor,1.57,2026-09-29T13:13:46.945822+00:00,2026-09-29T13:13:48.871244+00:00,766.2,-0.06710128999999992,REJECT,tennis_predictions/price_snapshots.csv
cde83d11689b5077,141191390bddd2f8,betway,1.65,2026-09-29T13:13:46.945822+00:00,2026-09-29T13:13:48.871244+00:00,766.2,-0.019565049999999973,REJECT,tennis_predictions/price_snapshots.csv
aa8440a70ae649da,141191390bddd2f8,boylesports,1.57,2026-09-29T13:13:46.945822+00:00,2026-09-29T13:13:48.871244+00:00,766.2,-0.06710128999999992,REJECT,tennis_predictions/price_snapshots.csv
641bb3faa0f5c3fe,141191390bddd2f8,casumo,1.57,2026-09-29T13:13:46.945822+00:00,2026-09-29T13:13:48.871244+00:00,766.2,-0.06710128999999992,REJECT,tennis_predictions/price_snapshots.csv
69fd3f692de2fd0b,141191390bddd2f8,coral,1.57,2026-09-29T13:13:46.945822+00:00,2026-09-29T13:13:48.871244+00:00,766.2,-0.06710128999999992,REJECT,tennis_predictions/price_snapshots.csv
4c03824990986dbe,141191390bddd2f8,grosvenor,1.57,2026-09-29T13:13:46.945822+00:00,2026-09-29T13:13:48.871244+00:00,766.2,-0.06710128999999992,REJECT,tennis_predictions/price_snapshots.csv
11d071d551ae99be,141191390bddd2f8,ladbrokes_uk,1.57,2026-09-29T13:13:46.945822+00:00,2026-09-29T13:13:48.871244+00:00,766.2,-0.06710128999999992,REJECT,tennis_predictions/price_snapshots.csv
31ffc73d7a5fbdeb,141191390bddd2f8,leovegas,1.57,2026-09-29T13:13:46.945822+00:00,2026-09-29T13:13:48.871244+00:00,766.2,-0.06710128999999992,REJECT,tennis_predictions/price_snapshots.csv
a064aa810b850145,141191390bddd2f8,livescorebet,1.58,2026-09-29T13:13:46.945822+00:00,2026-09-29T13:13:48.871244+00:00,766.2,-0.06115925999999988,REJECT,tennis_predictions/price_snapshots.csv
40d7520da5747ccf,141191390bddd2f8,matchbook,1.69,2026-09-29T13:13:46.945822+00:00,2026-09-29T13:13:48.871244+00:00,766.2,,REJECT,tennis_predictions/price_snapshots.csv
1bae65a3d040fca7,141191390bddd2f8,paddypower,1.62,2026-09-29T13:13:46.945822+00:00,2026-09-29T13:13:48.871244+00:00,766.2,-0.03739113999999988,REJECT,tennis_predictions/price_snapshots.csv
87db1e906175947f,141191390bddd2f8,skybet,1.62,2026-09-29T13:13:46.945822+00:00,2026-09-29T13:13:48.871244+00:00,766.2,-0.03739113999999988,REJECT,tennis_predictions/price_snapshots.csv
577aaf9580ecc2d9,141191390bddd2f8,smarkets,1.58,2026-09-29T13:13:46.945822+00:00,2026-09-29T13:13:48.871244+00:00,766.2,-0.0680520147999999,REJECT,tennis_predictions/price_snapshots.csv
9a595653772791f7,141191390bddd2f8,sport888,1.67,2026-09-29T13:13:46.945822+00:00,2026-09-29T13:13:48.871244+00:00,766.2,-0.007680989999999999,REJECT,tennis_predictions/price_snapshots.csv
004b415ec740c115,141191390bddd2f8,unibet_uk,1.58,2026-09-29T13:13:46.945822+00:00,2026-09-29T13:13:48.871244+00:00,766.2,-0.06115925999999988,REJECT,tennis_predictions/price_snapshots.csv
a869f05ffbda59bd,141191390bddd2f8,virginbet,1.58,2026-09-29T13:13:46.945822+00:00,2026-09-29T13:13:48.871244+00:00,766.2,-0.06115925999999988,REJECT,tennis_predictions/price_snapshots.csv
56414fbc69854afc,100e9bc4f4a73a0c,betfair_ex_uk,1.49,2026-09-29T08:31:15.574336+00:00,2026-09-29T13:13:48.871244+00:00,766.2,-0.027917729500000044,REJECT,unified_ledger.live_price
bd2b4f44260da3c9,403e54da6a9cb960,betfair_ex_uk,1.87,2026-09-29T08:31:15.574336+00:00,2026-09-29T13:13:48.871244+00:00,766.2,-0.05750773500000006,REJECT,unified_ledger.live_price
33e9b3e2e2881f28,403e54da6a9cb960,betfair_ex_uk,1.88,2026-09-29T13:13:46.945822+00:00,2026-09-29T13:13:48.871244+00:00,766.2,-0.05260564000000012,REJECT,tennis_predictions/price_snapshots.csv
5282a546bdd424f6,403e54da6a9cb960,betano_uk,1.8,2026-09-29T13:13:46.945822+00:00,2026-09-29T13:13:48.871244+00:00,766.2,-0.07118200000000002,REJECT,tennis_predictions/price_snapshots.csv
3bc04418831acd81,403e54da6a9cb960,betfair_sb_uk,1.9,2026-09-29T13:13:46.945822+00:00,2026-09-29T13:13:48.871244+00:00,766.2,-0.019581000000000126,REJECT,tennis_predictions/price_snapshots.csv
1b6605829d42e7ff,403e54da6a9cb960,betvictor,1.8,2026-09-29T13:13:46.945822+00:00,2026-09-29T13:13:48.871244+00:00,766.2,-0.07118200000000002,REJECT,tennis_predictions/price_snapshots.csv
07540f55aa898f9d,403e54da6a9cb960,betway,1.8,2026-09-29T13:13:46.945822+00:00,2026-09-29T13:13:48.871244+00:00,766.2,-0.07118200000000002,REJECT,tennis_predictions/price_snapshots.csv
de56a27e2b351843,403e54da6a9cb960,boylesports,1.83,2026-09-29T13:13:46.945822+00:00,2026-09-29T13:13:48.871244+00:00,766.2,-0.05570170000000002,REJECT,tennis_predictions/price_snapshots.csv
cc09690a3f74c322,403e54da6a9cb960,casumo,1.91,2026-09-29T13:13:46.945822+00:00,2026-09-29T13:13:48.871244+00:00,766.2,-0.014420900000000125,REJECT,tennis_predictions/price_snapshots.csv
effbedc543c1f38a,403e54da6a9cb960,coral,1.8,2026-09-29T13:13:46.945822+00:00,2026-09-29T13:13:48.871244+00:00,766.2,-0.07118200000000002,REJECT,tennis_predictions/price_snapshots.csv
260d8491063bb19a,403e54da6a9cb960,grosvenor,1.91,2026-09-29T13:13:46.945822+00:00,2026-09-29T13:13:48.871244+00:00,766.2,-0.014420900000000125,REJECT,tennis_predictions/price_snapshots.csv
bbb784cf3749522c,403e54da6a9cb960,ladbrokes_uk,1.8,2026-09-29T13:13:46.945822+00:00,2026-09-29T13:13:48.871244+00:00,766.2,-0.07118200000000002,REJECT,tennis_predictions/price_snapshots.csv
612cbd77f9a2ac28,403e54da6a9cb960,leovegas,1.8,2026-09-29T13:13:46.945822+00:00,2026-09-29T13:13:48.871244+00:00,766.2,-0.07118200000000002,REJECT,tennis_predictions/price_snapshots.csv
7c22775d6c1da4d7,403e54da6a9cb960,livescorebet,1.91,2026-09-29T13:13:46.945822+00:00,2026-09-29T13:13:48.871244+00:00,766.2,-0.014420900000000125,REJECT,tennis_predictions/price_snapshots.csv
8b5232af0dee846d,403e54da6a9cb960,matchbook,1.88,2026-09-29T13:13:46.945822+00:00,2026-09-29T13:13:48.871244+00:00,766.2,,REJECT,tennis_predictions/price_snapshots.csv
1314d83ee580a54d,403e54da6a9cb960,paddypower,1.91,2026-09-29T13:13:46.945822+00:00,2026-09-29T13:13:48.871244+00:00,766.2,-0.014420900000000125,REJECT,tennis_predictions/price_snapshots.csv
cd3c296b7bed79af,403e54da6a9cb960,skybet,1.91,2026-09-29T13:13:46.945822+00:00,2026-09-29T13:13:48.871244+00:00,766.2,-0.014420900000000125,REJECT,tennis_predictions/price_snapshots.csv
3828f2c0cb33b6ca,403e54da6a9cb960,smarkets,1.86,2026-09-29T13:13:46.945822+00:00,2026-09-29T13:13:48.871244+00:00,766.2,-0.04909677200000001,REJECT,tennis_predictions/price_snapshots.csv
78f95f58d1d51a5d,403e54da6a9cb960,sport888,1.8,2026-09-29T13:13:46.945822+00:00,2026-09-29T13:13:48.871244+00:00,766.2,-0.07118200000000002,REJECT,tennis_predictions/price_snapshots.csv
991bd09f5e7d85bf,403e54da6a9cb960,unibet_uk,1.81,2026-09-29T13:13:46.945822+00:00,2026-09-29T13:13:48.871244+00:00,766.2,-0.06602190000000002,REJECT,tennis_predictions/price_snapshots.csv
b56824a6af47b703,403e54da6a9cb960,virginbet,1.91,2026-09-29T13:13:46.945822+00:00,2026-09-29T13:13:48.871244+00:00,766.2,-0.014420900000000125,REJECT,tennis_predictions/price_snapshots.csv
19a5280c02f08538,403e54da6a9cb960,williamhill,1.8,2026-09-29T13:13:46.945822+00:00,2026-09-29T13:13:48.871244+00:00,766.2,-0.07118200000000002,REJECT,tennis_predictions/price_snapshots.csv
836c817be0a9a219,10aed912d24ec9c6,betfair_ex_uk,1.45,2026-09-29T08:31:15.574336+00:00,2026-09-29T13:13:48.871244+00:00,766.2,-0.02215536250000011,REJECT,unified_ledger.live_price
aa051ca319b0eddd,10aed912d24ec9c6,betfair_ex_uk,1.45,2026-09-29T13:13:46.945822+00:00,2026-09-29T13:13:48.871244+00:00,766.2,-0.02215536250000011,REJECT,tennis_predictions/price_snapshots.csv
04a440f6cbbf95a8,10aed912d24ec9c6,betano_uk,1.4,2026-09-29T13:13:46.945822+00:00,2026-09-29T13:13:48.871244+00:00,766.2,-0.04099300000000011,REJECT,tennis_predictions/price_snapshots.csv
e81d4c9657454979,10aed912d24ec9c6,betvictor,1.4,2026-09-29T13:13:46.945822+00:00,2026-09-29T13:13:48.871244+00:00,766.2,-0.04099300000000011,REJECT,tennis_predictions/price_snapshots.csv
816c7c5e25454eec,10aed912d24ec9c6,betway,1.44,2026-09-29T13:13:46.945822+00:00,2026-09-29T13:13:48.871244+00:00,766.2,-0.013592800000000071,REJECT,tennis_predictions/price_snapshots.csv
83f47a63c690e76e,10aed912d24ec9c6,boylesports,1.4,2026-09-29T13:13:46.945822+00:00,2026-09-29T13:13:48.871244+00:00,766.2,-0.04099300000000011,REJECT,tennis_predictions/price_snapshots.csv
f1c71ee10a7ca0d4,10aed912d24ec9c6,casumo,1.43,2026-09-29T13:13:46.945822+00:00,2026-09-29T13:13:48.871244+00:00,766.2,-0.020442850000000068,REJECT,tennis_predictions/price_snapshots.csv
36f5521309530aa8,10aed912d24ec9c6,coral,1.4,2026-09-29T13:13:46.945822+00:00,2026-09-29T13:13:48.871244+00:00,766.2,-0.04099300000000011,REJECT,tennis_predictions/price_snapshots.csv
c3219f0f269af78f,10aed912d24ec9c6,grosvenor,1.43,2026-09-29T13:13:46.945822+00:00,2026-09-29T13:13:48.871244+00:00,766.2,-0.020442850000000068,REJECT,tennis_predictions/price_snapshots.csv
48394f8f968a5b2f,10aed912d24ec9c6,ladbrokes_uk,1.4,2026-09-29T13:13:46.945822+00:00,2026-09-29T13:13:48.871244+00:00,766.2,-0.04099300000000011,REJECT,tennis_predictions/price_snapshots.csv
e5bd653fc70b2dac,10aed912d24ec9c6,leovegas,1.4,2026-09-29T13:13:46.945822+00:00,2026-09-29T13:13:48.871244+00:00,766.2,-0.04099300000000011,REJECT,tennis_predictions/price_snapshots.csv
f2616eca4a83a8e5,10aed912d24ec9c6,livescorebet,1.44,2026-09-29T13:13:46.945822+00:00,2026-09-29T13:13:48.871244+00:00,766.2,-0.013592800000000071,REJECT,tennis_predictions/price_snapshots.csv
434ff5499d3e3edb,10aed912d24ec9c6,matchbook,1.45,2026-09-29T13:13:46.945822+00:00,2026-09-29T13:13:48.871244+00:00,766.2,,REJECT,tennis_predictions/price_snapshots.csv
ea92064ef81bb493,10aed912d24ec9c6,paddypower,1.36,2026-09-29T13:13:46.945822+00:00,2026-09-29T13:13:48.871244+00:00,766.2,-0.06839319999999996,REJECT,tennis_predictions/price_snapshots.csv
f13debcb72848a95,10aed912d24ec9c6,skybet,1.36,2026-09-29T13:13:46.945822+00:00,2026-09-29T13:13:48.871244+00:00,766.2,-0.06839319999999996,REJECT,tennis_predictions/price_snapshots.csv
30574fb17a9fdb4f,10aed912d24ec9c6,smarkets,1.43,2026-09-29T13:13:46.945822+00:00,2026-09-29T13:13:48.871244+00:00,766.2,-0.026333893000000053,REJECT,tennis_predictions/price_snapshots.csv
6bc038b5c10c8267,10aed912d24ec9c6,sport888,1.4,2026-09-29T13:13:46.945822+00:00,2026-09-29T13:13:48.871244+00:00,766.2,-0.04099300000000011,REJECT,tennis_predictions/price_snapshots.csv
668d09fe7f500818,10aed912d24ec9c6,unibet_uk,1.42,2026-09-29T13:13:46.945822+00:00,2026-09-29T13:13:48.871244+00:00,766.2,-0.027292900000000064,REJECT,tennis_predictions/price_snapshots.csv
894a7afe1b8b12a5,10aed912d24ec9c6,virginbet,1.44,2026-09-29T13:13:46.945822+00:00,2026-09-29T13:13:48.871244+00:00,766.2,-0.013592800000000071,REJECT,tennis_predictions/price_snapshots.csv
a59b249fbc246c5f,10aed912d24ec9c6,williamhill,1.4,2026-09-29T13:13:46.945822+00:00,2026-09-29T13:13:48.871244+00:00,766.2,-0.04099300000000011,REJECT,tennis_predictions/price_snapshots.csv
0a53757858275fce,71b5ed80c465bb83,betfair_ex_uk,1.23,2026-09-29T08:31:15.574336+00:00,2026-09-29T13:13:48.871244+00:00,766.2,-0.05661171149999997,PAPER_BET,unified_ledger.live_price
a10004dd060f276a,71b5ed80c465bb83,betfair_ex_uk,1.33,2026-09-29T13:13:46.945822+00:00,2026-09-29T13:13:48.871244+00:00,766.2,0.016939283500000096,PAPER_BET,tennis_predictions/price_snapshots.csv
ed901c58caf574d8,71b5ed80c465bb83,betano_uk,1.29,2026-09-29T13:13:46.945822+00:00,2026-09-29T13:13:48.871244+00:00,766.2,-0.0012549099999999147,PAPER_BET,tennis_predictions/price_snapshots.csv
5f7b5173cac80ca3,71b5ed80c465bb83,betvictor,1.29,2026-09-29T13:13:46.945822+00:00,2026-09-29T13:13:48.871244+00:00,766.2,-0.0012549099999999147,PAPER_BET,tennis_predictions/price_snapshots.csv
e32a6bb37930a0c7,71b5ed80c465bb83,betway,1.3,2026-09-29T13:13:46.945822+00:00,2026-09-29T13:13:48.871244+00:00,766.2,0.006487300000000085,PAPER_BET,tennis_predictions/price_snapshots.csv
a68331cfba40e187,71b5ed80c465bb83,boylesports,1.3,2026-09-29T13:13:46.945822+00:00,2026-09-29T13:13:48.871244+00:00,766.2,0.006487300000000085,PAPER_BET,tennis_predictions/price_snapshots.csv
e1742ef08f914cc0,71b5ed80c465bb83,casumo,1.27,2026-09-29T13:13:46.945822+00:00,2026-09-29T13:13:48.871244+00:00,766.2,-0.016739329999999913,PAPER_BET,tennis_predictions/price_snapshots.csv
c076ebffebafa890,71b5ed80c465bb83,coral,1.28,2026-09-29T13:13:46.945822+00:00,2026-09-29T13:13:48.871244+00:00,766.2,-0.008997119999999914,PAPER_BET,tennis_predictions/price_snapshots.csv
2231e3ccee88a94b,71b5ed80c465bb83,grosvenor,1.27,2026-09-29T13:13:46.945822+00:00,2026-09-29T13:13:48.871244+00:00,766.2,-0.016739329999999913,PAPER_BET,tennis_predictions/price_snapshots.csv
8101d319f81ba2a9,71b5ed80c465bb83,ladbrokes_uk,1.28,2026-09-29T13:13:46.945822+00:00,2026-09-29T13:13:48.871244+00:00,766.2,-0.008997119999999914,PAPER_BET,tennis_predictions/price_snapshots.csv
c3957876b4651134,71b5ed80c465bb83,leovegas,1.28,2026-09-29T13:13:46.945822+00:00,2026-09-29T13:13:48.871244+00:00,766.2,-0.008997119999999914,PAPER_BET,tennis_predictions/price_snapshots.csv
26515ea1592ba386,71b5ed80c465bb83,livescorebet,1.27,2026-09-29T13:13:46.945822+00:00,2026-09-29T13:13:48.871244+00:00,766.2,-0.016739329999999913,PAPER_BET,tennis_predictions/price_snapshots.csv
c99041acab5c898f,71b5ed80c465bb83,matchbook,1.33,2026-09-29T13:13:46.945822+00:00,2026-09-29T13:13:48.871244+00:00,766.2,,PAPER_BET,tennis_predictions/price_snapshots.csv
b044c5f81501692e,71b5ed80c465bb83,paddypower,1.25,2026-09-29T13:13:46.945822+00:00,2026-09-29T13:13:48.871244+00:00,766.2,-0.03222374999999994,PAPER_BET,tennis_predictions/price_snapshots.csv
9a52196f5c19bd66,71b5ed80c465bb83,skybet,1.25,2026-09-29T13:13:46.945822+00:00,2026-09-29T13:13:48.871244+00:00,766.2,-0.03222374999999994,PAPER_BET,tennis_predictions/price_snapshots.csv
de0953c52149d1e4,71b5ed80c465bb83,smarkets,1.3,2026-09-29T13:13:46.945822+00:00,2026-09-29T13:13:48.871244+00:00,766.2,0.0018419740000000795,PAPER_BET,tennis_predictions/price_snapshots.csv
91c759d0b7cca61b,71b5ed80c465bb83,sport888,1.33,2026-09-29T13:13:46.945822+00:00,2026-09-29T13:13:48.871244+00:00,766.2,0.02971393000000011,PAPER_BET,tennis_predictions/price_snapshots.csv
1a3ea3b3bd312204,71b5ed80c465bb83,unibet_uk,1.28,2026-09-29T13:13:46.945822+00:00,2026-09-29T13:13:48.871244+00:00,766.2,-0.008997119999999914,PAPER_BET,tennis_predictions/price_snapshots.csv
e3781cd5a17a02b5,71b5ed80c465bb83,virginbet,1.27,2026-09-29T13:13:46.945822+00:00,2026-09-29T13:13:48.871244+00:00,766.2,-0.016739329999999913,PAPER_BET,tennis_predictions/price_snapshots.csv
6b3c6b1089a05c7a,71b5ed80c465bb83,williamhill,1.33,2026-09-29T13:13:46.945822+00:00,2026-09-29T13:13:48.871244+00:00,766.2,0.02971393000000011,PAPER_BET,tennis_predictions/price_snapshots.csv
7da957d34db308e8,d4a3ef8d546b9b7f,betfair_ex_uk,1.56,2026-09-29T08:31:15.574336+00:00,2026-09-29T13:13:48.871244+00:00,766.2,-0.11198998800000004,WATCH,unified_ledger.live_price
9bc41e1c0142b1a7,d4a3ef8d546b9b7f,betfair_ex_uk,1.72,2026-09-29T13:13:46.945822+00:00,2026-09-29T13:13:48.871244+00:00,766.2,-0.023884556000000112,WATCH,tennis_predictions/price_snapshots.csv
e6059b7813270cf2,d4a3ef8d546b9b7f,betano_uk,1.6,2026-09-29T13:13:46.945822+00:00,2026-09-29T13:13:48.871244+00:00,766.2,-0.07257439999999998,WATCH,tennis_predictions/price_snapshots.csv
bb7897ada166ba68,d4a3ef8d546b9b7f,betvictor,1.6,2026-09-29T13:13:46.945822+00:00,2026-09-29T13:13:48.871244+00:00,766.2,-0.07257439999999998,WATCH,tennis_predictions/price_snapshots.csv
5351eaa8749625df,d4a3ef8d546b9b7f,betway,1.65,2026-09-29T13:13:46.945822+00:00,2026-09-29T13:13:48.871244+00:00,766.2,-0.04359235000000011,WATCH,tennis_predictions/price_snapshots.csv
e41c0c92c21600d3,d4a3ef8d546b9b7f,boylesports,1.67,2026-09-29T13:13:46.945822+00:00,2026-09-29T13:13:48.871244+00:00,766.2,-0.03199953000000011,WATCH,tennis_predictions/price_snapshots.csv
00f878ec8ee53920,d4a3ef8d546b9b7f,casumo,1.6,2026-09-29T13:13:46.945822+00:00,2026-09-29T13:13:48.871244+00:00,766.2,-0.07257439999999998,WATCH,tennis_predictions/price_snapshots.csv
10f095332edf250b,d4a3ef8d546b9b7f,coral,1.65,2026-09-29T13:13:46.945822+00:00,2026-09-29T13:13:48.871244+00:00,766.2,-0.04359235000000011,WATCH,tennis_predictions/price_snapshots.csv
a0e81b5361196bb1,d4a3ef8d546b9b7f,grosvenor,1.6,2026-09-29T13:13:46.945822+00:00,2026-09-29T13:13:48.871244+00:00,766.2,-0.07257439999999998,WATCH,tennis_predictions/price_snapshots.csv
e651b8dba58ac1ed,d4a3ef8d546b9b7f,ladbrokes_uk,1.65,2026-09-29T13:13:46.945822+00:00,2026-09-29T13:13:48.871244+00:00,766.2,-0.04359235000000011,WATCH,tennis_predictions/price_snapshots.csv
2425c7ea25e08fdd,d4a3ef8d546b9b7f,leovegas,1.6,2026-09-29T13:13:46.945822+00:00,2026-09-29T13:13:48.871244+00:00,766.2,-0.07257439999999998,WATCH,tennis_predictions/price_snapshots.csv
c1a03e0d6ffd1823,d4a3ef8d546b9b7f,livescorebet,1.6,2026-09-29T13:13:46.945822+00:00,2026-09-29T13:13:48.871244+00:00,766.2,-0.07257439999999998,WATCH,tennis_predictions/price_snapshots.csv
092d890eda328d26,d4a3ef8d546b9b7f,matchbook,1.69,2026-09-29T13:13:46.945822+00:00,2026-09-29T13:13:48.871244+00:00,766.2,,WATCH,tennis_predictions/price_snapshots.csv
f95e15b8f3b63d6c,d4a3ef8d546b9b7f,paddypower,1.62,2026-09-29T13:13:46.945822+00:00,2026-09-29T13:13:48.871244+00:00,766.2,-0.06098157999999998,WATCH,tennis_predictions/price_snapshots.csv
6fd85f6876503d74,d4a3ef8d546b9b7f,skybet,1.62,2026-09-29T13:13:46.945822+00:00,2026-09-29T13:13:48.871244+00:00,766.2,-0.06098157999999998,WATCH,tennis_predictions/price_snapshots.csv
37729133753b1451,d4a3ef8d546b9b7f,smarkets,1.57,2026-09-29T13:13:46.945822+00:00,2026-09-29T13:13:48.871244+00:00,766.2,-0.09657153740000002,WATCH,tennis_predictions/price_snapshots.csv
a43c8ac096eeaee1,d4a3ef8d546b9b7f,sport888,1.73,2026-09-29T13:13:46.945822+00:00,2026-09-29T13:13:48.871244+00:00,766.2,0.0027789299999999018,WATCH,tennis_predictions/price_snapshots.csv
715eca1d7f4568f5,d4a3ef8d546b9b7f,unibet_uk,1.62,2026-09-29T13:13:46.945822+00:00,2026-09-29T13:13:48.871244+00:00,766.2,-0.06098157999999998,WATCH,tennis_predictions/price_snapshots.csv
dc18f8a143ee47f1,d4a3ef8d546b9b7f,virginbet,1.6,2026-09-29T13:13:46.945822+00:00,2026-09-29T13:13:48.871244+00:00,766.2,-0.07257439999999998,WATCH,tennis_predictions/price_snapshots.csv
c4ceda77851d1da2,eb801319641b91ab,betfair_ex_uk,1.53,2026-09-29T08:31:15.574336+00:00,2026-09-29T13:13:48.871244+00:00,766.2,-0.05354524650000003,REJECT,unified_ledger.live_price
b0ca9c0b5d0cbf1c,eb801319641b91ab,betfair_ex_uk,1.54,2026-09-29T13:13:46.945822+00:00,2026-09-29T13:13:48.871244+00:00,766.2,-0.04756498700000006,REJECT,tennis_predictions/price_snapshots.csv
34f5babf40cdc91b,eb801319641b91ab,betano_uk,1.5,2026-09-29T13:13:46.945822+00:00,2026-09-29T13:13:48.871244+00:00,766.2,-0.055748500000000034,REJECT,tennis_predictions/price_snapshots.csv
d104f1efd87e14d2,eb801319641b91ab,betfair_sb_uk,1.53,2026-09-29T13:13:46.945822+00:00,2026-09-29T13:13:48.871244+00:00,766.2,-0.03686347000000001,REJECT,tennis_predictions/price_snapshots.csv
57fc289d52c2870b,eb801319641b91ab,betvictor,1.5,2026-09-29T13:13:46.945822+00:00,2026-09-29T13:13:48.871244+00:00,766.2,-0.055748500000000034,REJECT,tennis_predictions/price_snapshots.csv
f1fc066a8a2968ce,eb801319641b91ab,betway,1.5,2026-09-29T13:13:46.945822+00:00,2026-09-29T13:13:48.871244+00:00,766.2,-0.055748500000000034,REJECT,tennis_predictions/price_snapshots.csv
f76a99d4ef2016cc,eb801319641b91ab,boylesports,1.53,2026-09-29T13:13:46.945822+00:00,2026-09-29T13:13:48.871244+00:00,766.2,-0.03686347000000001,REJECT,tennis_predictions/price_snapshots.csv
56e01a4d5aaf38e7,eb801319641b91ab,casumo,1.54,2026-09-29T13:13:46.945822+00:00,2026-09-29T13:13:48.871244+00:00,766.2,-0.03056846000000002,REJECT,tennis_predictions/price_snapshots.csv
1ccee10af495fed1,eb801319641b91ab,coral,1.48,2026-09-29T13:13:46.945822+00:00,2026-09-29T13:13:48.871244+00:00,766.2,-0.06833852000000007,REJECT,tennis_predictions/price_snapshots.csv
954458eef5c09fae,eb801319641b91ab,grosvenor,1.54,2026-09-29T13:13:46.945822+00:00,2026-09-29T13:13:48.871244+00:00,766.2,-0.03056846000000002,REJECT,tennis_predictions/price_snapshots.csv
80c9ca21498cac86,eb801319641b91ab,ladbrokes_uk,1.48,2026-09-29T13:13:46.945822+00:00,2026-09-29T13:13:48.871244+00:00,766.2,-0.06833852000000007,REJECT,tennis_predictions/price_snapshots.csv
93fa54d2acb2b0b9,eb801319641b91ab,leovegas,1.5,2026-09-29T13:13:46.945822+00:00,2026-09-29T13:13:48.871244+00:00,766.2,-0.055748500000000034,REJECT,tennis_predictions/price_snapshots.csv
92dcab391311bf17,eb801319641b91ab,livescorebet,1.54,2026-09-29T13:13:46.945822+00:00,2026-09-29T13:13:48.871244+00:00,766.2,-0.03056846000000002,REJECT,tennis_predictions/price_snapshots.csv
84b8e2f0bc170966,eb801319641b91ab,matchbook,1.55,2026-09-29T13:13:46.945822+00:00,2026-09-29T13:13:48.871244+00:00,766.2,,REJECT,tennis_predictions/price_snapshots.csv
7370672d54b9c9ac,eb801319641b91ab,paddypower,1.53,2026-09-29T13:13:46.945822+00:00,2026-09-29T13:13:48.871244+00:00,766.2,-0.03686347000000001,REJECT,tennis_predictions/price_snapshots.csv
a64293498d77cf08,eb801319641b91ab,skybet,1.53,2026-09-29T13:13:46.945822+00:00,2026-09-29T13:13:48.871244+00:00,766.2,-0.03686347000000001,REJECT,tennis_predictions/price_snapshots.csv
926e5d0e1350745e,eb801319641b91ab,smarkets,1.54,2026-09-29T13:13:46.945822+00:00,2026-09-29T13:13:48.871244+00:00,766.2,-0.03736707080000001,REJECT,tennis_predictions/price_snapshots.csv
78c304d0ab4c078f,eb801319641b91ab,sport888,1.53,2026-09-29T13:13:46.945822+00:00,2026-09-29T13:13:48.871244+00:00,766.2,-0.03686347000000001,REJECT,tennis_predictions/price_snapshots.csv
4534dd6cfa751f9c,eb801319641b91ab,unibet_uk,1.52,2026-09-29T13:13:46.945822+00:00,2026-09-29T13:13:48.871244+00:00,766.2,-0.04315848,REJECT,tennis_predictions/price_snapshots.csv
2563406e9564250d,eb801319641b91ab,virginbet,1.54,2026-09-29T13:13:46.945822+00:00,2026-09-29T13:13:48.871244+00:00,766.2,-0.03056846000000002,REJECT,tennis_predictions/price_snapshots.csv
fa87fc427328d05f,eb801319641b91ab,williamhill,1.53,2026-09-29T13:13:46.945822+00:00,2026-09-29T13:13:48.871244+00:00,766.2,-0.03686347000000001,REJECT,tennis_predictions/price_snapshots.csv
4924947fc06901e5,6a7cca8e712a9d05,betfair_ex_uk,1.28,2026-09-29T08:31:15.574336+00:00,2026-09-29T13:13:48.871244+00:00,766.2,-0.06067104399999998,PAPER_BET,unified_ledger.live_price
19a29747c00f9688,6a7cca8e712a9d05,betfair_ex_uk,1.44,2026-09-29T13:13:46.945822+00:00,2026-09-29T13:13:48.871244+00:00,766.2,0.05210778799999999,PAPER_BET,tennis_predictions/price_snapshots.csv
e54492740c59c99c,6a7cca8e712a9d05,betano_uk,1.4,2026-09-29T13:13:46.945822+00:00,2026-09-29T13:13:48.871244+00:00,766.2,0.038752399999999965,PAPER_BET,tennis_predictions/price_snapshots.csv
e827933f96908ce4,6a7cca8e712a9d05,betvictor,1.4,2026-09-29T13:13:46.945822+00:00,2026-09-29T13:13:48.871244+00:00,766.2,0.038752399999999965,PAPER_BET,tennis_predictions/price_snapshots.csv
b6ced681e3c714ba,6a7cca8e712a9d05,betway,1.4,2026-09-29T13:13:46.945822+00:00,2026-09-29T13:13:48.871244+00:00,766.2,0.038752399999999965,PAPER_BET,tennis_predictions/price_snapshots.csv
769a8075bf70bb47,6a7cca8e712a9d05,boylesports,1.4,2026-09-29T13:13:46.945822+00:00,2026-09-29T13:13:48.871244+00:00,766.2,0.038752399999999965,PAPER_BET,tennis_predictions/price_snapshots.csv
10a696a9b4aef44b,6a7cca8e712a9d05,casumo,1.43,2026-09-29T13:13:46.945822+00:00,2026-09-29T13:13:48.871244+00:00,766.2,0.06101137999999995,PAPER_BET,tennis_predictions/price_snapshots.csv
1b40abf0cc908483,6a7cca8e712a9d05,coral,1.4,2026-09-29T13:13:46.945822+00:00,2026-09-29T13:13:48.871244+00:00,766.2,0.038752399999999965,PAPER_BET,tennis_predictions/price_snapshots.csv
9c5983cf29cedaf2,6a7cca8e712a9d05,grosvenor,1.43,2026-09-29T13:13:46.945822+00:00,2026-09-29T13:13:48.871244+00:00,766.2,0.06101137999999995,PAPER_BET,tennis_predictions/price_snapshots.csv
41379b8e6db5928b,6a7cca8e712a9d05,ladbrokes_uk,1.4,2026-09-29T13:13:46.945822+00:00,2026-09-29T13:13:48.871244+00:00,766.2,0.038752399999999965,PAPER_BET,tennis_predictions/price_snapshots.csv
c47ca1a4e288f288,6a7cca8e712a9d05,leovegas,1.38,2026-09-29T13:13:46.945822+00:00,2026-09-29T13:13:48.871244+00:00,766.2,0.02391307999999992,PAPER_BET,tennis_predictions/price_snapshots.csv
87f858867c6274f4,6a7cca8e712a9d05,livescorebet,1.43,2026-09-29T13:13:46.945822+00:00,2026-09-29T13:13:48.871244+00:00,766.2,0.06101137999999995,PAPER_BET,tennis_predictions/price_snapshots.csv
bc26de40ca65e273,6a7cca8e712a9d05,matchbook,1.44,2026-09-29T13:13:46.945822+00:00,2026-09-29T13:13:48.871244+00:00,766.2,,PAPER_BET,tennis_predictions/price_snapshots.csv
bb2a2caeda70b314,6a7cca8e712a9d05,paddypower,1.4,2026-09-29T13:13:46.945822+00:00,2026-09-29T13:13:48.871244+00:00,766.2,0.038752399999999965,PAPER_BET,tennis_predictions/price_snapshots.csv
ac67af0085a67fae,6a7cca8e712a9d05,skybet,1.4,2026-09-29T13:13:46.945822+00:00,2026-09-29T13:13:48.871244+00:00,766.2,0.038752399999999965,PAPER_BET,tennis_predictions/price_snapshots.csv
6801656a73af87eb,6a7cca8e712a9d05,smarkets,1.37,2026-09-29T13:13:46.945822+00:00,2026-09-29T13:13:48.871244+00:00,766.2,0.011002871600000075,PAPER_BET,tennis_predictions/price_snapshots.csv
43836fe8d9a3b9ec,6a7cca8e712a9d05,sport888,1.4,2026-09-29T13:13:46.945822+00:00,2026-09-29T13:13:48.871244+00:00,766.2,0.038752399999999965,PAPER_BET,tennis_predictions/price_snapshots.csv
07939db6d9e17cac,6a7cca8e712a9d05,unibet_uk,1.4,2026-09-29T13:13:46.945822+00:00,2026-09-29T13:13:48.871244+00:00,766.2,0.038752399999999965,PAPER_BET,tennis_predictions/price_snapshots.csv
d7216970950cc67b,6a7cca8e712a9d05,virginbet,1.43,2026-09-29T13:13:46.945822+00:00,2026-09-29T13:13:48.871244+00:00,766.2,0.06101137999999995,PAPER_BET,tennis_predictions/price_snapshots.csv
2f49174b4c0a09db,6a7cca8e712a9d05,williamhill,1.4,2026-09-29T13:13:46.945822+00:00,2026-09-29T13:13:48.871244+00:00,766.2,0.038752399999999965,PAPER_BET,tennis_predictions/price_snapshots.csv
7659480ffef84073,5f3545a03c4597b7,betfair_ex_uk,1.57,2026-09-29T08:31:15.574336+00:00,2026-09-29T13:13:48.871244+00:00,766.2,-0.07546841850000002,WATCH,unified_ledger.live_price
ec508a04583d6bb7,5f3545a03c4597b7,betfair_ex_uk,1.71,2026-09-29T13:13:46.945822+00:00,2026-09-29T13:13:48.871244+00:00,766.2,0.004299794499999954,WATCH,tennis_predictions/price_snapshots.csv
0a35f21b6721b0d3,5f3545a03c4597b7,betano_uk,1.6,2026-09-29T13:13:46.945822+00:00,2026-09-29T13:13:48.871244+00:00,766.2,-0.040382399999999985,WATCH,tennis_predictions/price_snapshots.csv
f94074c4024c7cfc,5f3545a03c4597b7,betfair_sb_uk,1.67,2026-09-29T13:13:46.945822+00:00,2026-09-29T13:13:48.871244+00:00,766.2,0.001600869999999921,WATCH,tennis_predictions/price_snapshots.csv
ba263c53472673ab,5f3545a03c4597b7,betvictor,1.6,2026-09-29T13:13:46.945822+00:00,2026-09-29T13:13:48.871244+00:00,766.2,-0.040382399999999985,WATCH,tennis_predictions/price_snapshots.csv
373e9955a0c3f13c,5f3545a03c4597b7,betway,1.65,2026-09-29T13:13:46.945822+00:00,2026-09-29T13:13:48.871244+00:00,766.2,-0.010394350000000052,WATCH,tennis_predictions/price_snapshots.csv
f998410c5987fd59,5f3545a03c4597b7,boylesports,1.57,2026-09-29T13:13:46.945822+00:00,2026-09-29T13:13:48.871244+00:00,766.2,-0.05837523,WATCH,tennis_predictions/price_snapshots.csv
96da3b67267485aa,5f3545a03c4597b7,casumo,1.56,2026-09-29T13:13:46.945822+00:00,2026-09-29T13:13:48.871244+00:00,766.2,-0.06437283999999999,WATCH,tennis_predictions/price_snapshots.csv
afd6854b63bd0a94,5f3545a03c4597b7,coral,1.57,2026-09-29T13:13:46.945822+00:00,2026-09-29T13:13:48.871244+00:00,766.2,-0.05837523,WATCH,tennis_predictions/price_snapshots.csv
e6ce1bf51daa8dcd,5f3545a03c4597b7,grosvenor,1.56,2026-09-29T13:13:46.945822+00:00,2026-09-29T13:13:48.871244+00:00,766.2,-0.06437283999999999,WATCH,tennis_predictions/price_snapshots.csv
1e1f08857ff803fb,5f3545a03c4597b7,ladbrokes_uk,1.57,2026-09-29T13:13:46.945822+00:00,2026-09-29T13:13:48.871244+00:00,766.2,-0.05837523,WATCH,tennis_predictions/price_snapshots.csv
55dd488e1b830f2f,5f3545a03c4597b7,leovegas,1.57,2026-09-29T13:13:46.945822+00:00,2026-09-29T13:13:48.871244+00:00,766.2,-0.05837523,WATCH,tennis_predictions/price_snapshots.csv
bcda6c7c9c640a9b,5f3545a03c4597b7,livescorebet,1.57,2026-09-29T13:13:46.945822+00:00,2026-09-29T13:13:48.871244+00:00,766.2,-0.05837523,WATCH,tennis_predictions/price_snapshots.csv
fb1b5b4b84b6ade7,5f3545a03c4597b7,matchbook,1.7,2026-09-29T13:13:46.945822+00:00,2026-09-29T13:13:48.871244+00:00,766.2,,WATCH,tennis_predictions/price_snapshots.csv
f38d79077ec3b891,5f3545a03c4597b7,paddypower,1.67,2026-09-29T13:13:46.945822+00:00,2026-09-29T13:13:48.871244+00:00,766.2,0.001600869999999921,WATCH,tennis_predictions/price_snapshots.csv
9f031b77563d02c3,5f3545a03c4597b7,skybet,1.67,2026-09-29T13:13:46.945822+00:00,2026-09-29T13:13:48.871244+00:00,766.2,0.001600869999999921,WATCH,tennis_predictions/price_snapshots.csv
85eaea5e8594f12b,5f3545a03c4597b7,smarkets,1.67,2026-09-29T13:13:46.945822+00:00,2026-09-29T13:13:48.871244+00:00,766.2,-0.0064359274000000966,WATCH,tennis_predictions/price_snapshots.csv
8a2f9975bf09fe29,5f3545a03c4597b7,sport888,1.61,2026-09-29T13:13:46.945822+00:00,2026-09-29T13:13:48.871244+00:00,766.2,-0.03438478999999994,WATCH,tennis_predictions/price_snapshots.csv
b94be9eee18da72c,5f3545a03c4597b7,unibet_uk,1.62,2026-09-29T13:13:46.945822+00:00,2026-09-29T13:13:48.871244+00:00,766.2,-0.028387179999999956,WATCH,tennis_predictions/price_snapshots.csv
8fc95fc104d1c49a,5f3545a03c4597b7,virginbet,1.57,2026-09-29T13:13:46.945822+00:00,2026-09-29T13:13:48.871244+00:00,766.2,-0.05837523,WATCH,tennis_predictions/price_snapshots.csv
28e76fe15f8fc86e,5f3545a03c4597b7,williamhill,1.62,2026-09-29T13:13:46.945822+00:00,2026-09-29T13:13:48.871244+00:00,766.2,-0.028387179999999956,WATCH,tennis_predictions/price_snapshots.csv
154feccedbcb7766,574c53fed42c36b0,betfair_ex_uk,1.79,2026-09-29T08:31:15.574336+00:00,2026-09-29T13:13:48.871244+00:00,766.2,-0.049914374500000025,PAPER_BET,unified_ledger.live_price
df3f75c948ce1389,574c53fed42c36b0,betfair_ex_uk,1.96,2026-09-29T13:13:46.945822+00:00,2026-09-29T13:13:48.871244+00:00,766.2,0.03773991199999993,PAPER_BET,tennis_predictions/price_snapshots.csv
6edf29ee568b15a7,574c53fed42c36b0,betano_uk,1.85,2026-09-29T13:13:46.945822+00:00,2026-09-29T13:13:48.871244+00:00,766.2,0.004089349999999992,PAPER_BET,tennis_predictions/price_snapshots.csv
163523c0d457684f,574c53fed42c36b0,betfair_sb_uk,1.91,2026-09-29T13:13:46.945822+00:00,2026-09-29T13:13:48.871244+00:00,766.2,0.036654409999999915,PAPER_BET,tennis_predictions/price_snapshots.csv
9c747b467ab00374,574c53fed42c36b0,betvictor,1.85,2026-09-29T13:13:46.945822+00:00,2026-09-29T13:13:48.871244+00:00,766.2,0.004089349999999992,PAPER_BET,tennis_predictions/price_snapshots.csv
144731040b5a5ff3,574c53fed42c36b0,betway,1.85,2026-09-29T13:13:46.945822+00:00,2026-09-29T13:13:48.871244+00:00,766.2,0.004089349999999992,PAPER_BET,tennis_predictions/price_snapshots.csv
6e3b763760147d14,574c53fed42c36b0,boylesports,1.91,2026-09-29T13:13:46.945822+00:00,2026-09-29T13:13:48.871244+00:00,766.2,0.036654409999999915,PAPER_BET,tennis_predictions/price_snapshots.csv
388965da594e992f,574c53fed42c36b0,casumo,1.83,2026-09-29T13:13:46.945822+00:00,2026-09-29T13:13:48.871244+00:00,766.2,-0.006765670000000001,PAPER_BET,tennis_predictions/price_snapshots.csv
8abb6c9e39078325,574c53fed42c36b0,coral,1.83,2026-09-29T13:13:46.945822+00:00,2026-09-29T13:13:48.871244+00:00,766.2,-0.006765670000000001,PAPER_BET,tennis_predictions/price_snapshots.csv
901f1378b29d8a93,574c53fed42c36b0,grosvenor,1.83,2026-09-29T13:13:46.945822+00:00,2026-09-29T13:13:48.871244+00:00,766.2,-0.006765670000000001,PAPER_BET,tennis_predictions/price_snapshots.csv
140c410e6941bb11,574c53fed42c36b0,ladbrokes_uk,1.83,2026-09-29T13:13:46.945822+00:00,2026-09-29T13:13:48.871244+00:00,766.2,-0.006765670000000001,PAPER_BET,tennis_predictions/price_snapshots.csv
0cb9e7018a2065d5,574c53fed42c36b0,leovegas,1.85,2026-09-29T13:13:46.945822+00:00,2026-09-29T13:13:48.871244+00:00,766.2,0.004089349999999992,PAPER_BET,tennis_predictions/price_snapshots.csv
5ae88a96bb14ee14,574c53fed42c36b0,livescorebet,1.84,2026-09-29T13:13:46.945822+00:00,2026-09-29T13:13:48.871244+00:00,766.2,-0.0013381599999999771,PAPER_BET,tennis_predictions/price_snapshots.csv
196713de3892e644,574c53fed42c36b0,matchbook,1.95,2026-09-29T13:13:46.945822+00:00,2026-09-29T13:13:48.871244+00:00,766.2,,PAPER_BET,tennis_predictions/price_snapshots.csv
41d96f0e57385b91,574c53fed42c36b0,paddypower,1.91,2026-09-29T13:13:46.945822+00:00,2026-09-29T13:13:48.871244+00:00,766.2,0.036654409999999915,PAPER_BET,tennis_predictions/price_snapshots.csv
5fcb7faa662fa9d2,574c53fed42c36b0,skybet,1.91,2026-09-29T13:13:46.945822+00:00,2026-09-29T13:13:48.871244+00:00,766.2,0.036654409999999915,PAPER_BET,tennis_predictions/price_snapshots.csv
9e30c44929bb7b03,574c53fed42c36b0,smarkets,1.93,2026-09-29T13:13:46.945822+00:00,2026-09-29T13:13:48.871244+00:00,766.2,0.03741426139999998,PAPER_BET,tennis_predictions/price_snapshots.csv
6bbda41bcac3e171,574c53fed42c36b0,sport888,1.91,2026-09-29T13:13:46.945822+00:00,2026-09-29T13:13:48.871244+00:00,766.2,0.036654409999999915,PAPER_BET,tennis_predictions/price_snapshots.csv
41ba543cdf315841,574c53fed42c36b0,unibet_uk,1.88,2026-09-29T13:13:46.945822+00:00,2026-09-29T13:13:48.871244+00:00,766.2,0.020371879999999898,PAPER_BET,tennis_predictions/price_snapshots.csv
1e9caeed6673df10,574c53fed42c36b0,virginbet,1.84,2026-09-29T13:13:46.945822+00:00,2026-09-29T13:13:48.871244+00:00,766.2,-0.0013381599999999771,PAPER_BET,tennis_predictions/price_snapshots.csv
fdce7a911b7511e3,574c53fed42c36b0,williamhill,1.91,2026-09-29T13:13:46.945822+00:00,2026-09-29T13:13:48.871244+00:00,766.2,0.036654409999999915,PAPER_BET,tennis_predictions/price_snapshots.csv
5aea6e2c288b7422,a8c287d7938cdb90,betfair_ex_uk,1.43,2026-09-29T08:31:15.574336+00:00,2026-09-29T13:13:48.871244+00:00,766.2,-0.060999530500000065,REJECT,unified_ledger.live_price
cd5ea015fc6ad811,41f91817ef5278e2,betfair_ex_uk,1.33,2026-09-29T08:31:15.574336+00:00,2026-09-29T13:13:48.871244+00:00,766.2,-0.04413583949999994,REJECT,unified_ledger.live_price
385523d6ce233cf2,41f91817ef5278e2,betfair_ex_uk,1.35,2026-09-29T13:13:46.945822+00:00,2026-09-29T13:13:48.871244+00:00,766.2,-0.030309102499999963,REJECT,tennis_predictions/price_snapshots.csv
886df2902f6fb7a2,41f91817ef5278e2,betano_uk,1.3,2026-09-29T13:13:46.945822+00:00,2026-09-29T13:13:48.871244+00:00,766.2,-0.053960099999999955,REJECT,tennis_predictions/price_snapshots.csv
da0354c392dbf5ce,41f91817ef5278e2,betfair_sb_uk,1.3,2026-09-29T13:13:46.945822+00:00,2026-09-29T13:13:48.871244+00:00,766.2,-0.053960099999999955,REJECT,tennis_predictions/price_snapshots.csv
146e255a47ae5e75,41f91817ef5278e2,betvictor,1.3,2026-09-29T13:13:46.945822+00:00,2026-09-29T13:13:48.871244+00:00,766.2,-0.053960099999999955,REJECT,tennis_predictions/price_snapshots.csv
28daeb57f501f857,41f91817ef5278e2,betway,1.3,2026-09-29T13:13:46.945822+00:00,2026-09-29T13:13:48.871244+00:00,766.2,-0.053960099999999955,REJECT,tennis_predictions/price_snapshots.csv
37ba22e0e3a7902b,41f91817ef5278e2,boylesports,1.33,2026-09-29T13:13:46.945822+00:00,2026-09-29T13:13:48.871244+00:00,766.2,-0.03212840999999994,REJECT,tennis_predictions/price_snapshots.csv
dba161e7346e668c,41f91817ef5278e2,casumo,1.3,2026-09-29T13:13:46.945822+00:00,2026-09-29T13:13:48.871244+00:00,766.2,-0.053960099999999955,REJECT,tennis_predictions/price_snapshots.csv
d412c6d94a2cb054,41f91817ef5278e2,coral,1.3,2026-09-29T13:13:46.945822+00:00,2026-09-29T13:13:48.871244+00:00,766.2,-0.053960099999999955,REJECT,tennis_predictions/price_snapshots.csv
3b604c2a828c9aad,41f91817ef5278e2,grosvenor,1.3,2026-09-29T13:13:46.945822+00:00,2026-09-29T13:13:48.871244+00:00,766.2,-0.053960099999999955,REJECT,tennis_predictions/price_snapshots.csv
9557f3324e629da8,41f91817ef5278e2,ladbrokes_uk,1.3,2026-09-29T13:13:46.945822+00:00,2026-09-29T13:13:48.871244+00:00,766.2,-0.053960099999999955,REJECT,tennis_predictions/price_snapshots.csv
cf2752d19c47bd79,41f91817ef5278e2,leovegas,1.3,2026-09-29T13:13:46.945822+00:00,2026-09-29T13:13:48.871244+00:00,766.2,-0.053960099999999955,REJECT,tennis_predictions/price_snapshots.csv
d35a1d59b6bf6d25,41f91817ef5278e2,livescorebet,1.3,2026-09-29T13:13:46.945822+00:00,2026-09-29T13:13:48.871244+00:00,766.2,-0.053960099999999955,REJECT,tennis_predictions/price_snapshots.csv
cabd4a1a796f2506,41f91817ef5278e2,matchbook,1.35,2026-09-29T13:13:46.945822+00:00,2026-09-29T13:13:48.871244+00:00,766.2,,REJECT,tennis_predictions/price_snapshots.csv
0f5a5d6d07235cdc,41f91817ef5278e2,paddypower,1.29,2026-09-29T13:13:46.945822+00:00,2026-09-29T13:13:48.871244+00:00,766.2,-0.06123732999999995,REJECT,tennis_predictions/price_snapshots.csv
d02de744b7ccb29b,41f91817ef5278e2,skybet,1.3,2026-09-29T13:13:46.945822+00:00,2026-09-29T13:13:48.871244+00:00,766.2,-0.053960099999999955,REJECT,tennis_predictions/price_snapshots.csv
9fb322fc25f4235f,41f91817ef5278e2,smarkets,1.34,2026-09-29T13:13:46.945822+00:00,2026-09-29T13:13:48.871244+00:00,766.2,-0.029799696399999936,REJECT,tennis_predictions/price_snapshots.csv
5ab36831df10da18,41f91817ef5278e2,sport888,1.33,2026-09-29T13:13:46.945822+00:00,2026-09-29T13:13:48.871244+00:00,766.2,-0.03212840999999994,REJECT,tennis_predictions/price_snapshots.csv
f028feae8bc36b74,41f91817ef5278e2,unibet_uk,1.3,2026-09-29T13:13:46.945822+00:00,2026-09-29T13:13:48.871244+00:00,766.2,-0.053960099999999955,REJECT,tennis_predictions/price_snapshots.csv
ddec405fb120918e,41f91817ef5278e2,virginbet,1.3,2026-09-29T13:13:46.945822+00:00,2026-09-29T13:13:48.871244+00:00,766.2,-0.053960099999999955,REJECT,tennis_predictions/price_snapshots.csv
41dfde08b3088fee,41f91817ef5278e2,williamhill,1.33,2026-09-29T13:13:46.945822+00:00,2026-09-29T13:13:48.871244+00:00,766.2,-0.03212840999999994,REJECT,tennis_predictions/price_snapshots.csv
04f42d71a563ace2,902a973a82c9a0ff,betfair_ex_uk,1.5,2026-09-29T08:31:15.574336+00:00,2026-09-29T13:13:48.871244+00:00,766.2,-0.06895934999999992,PAPER_BET,unified_ledger.live_price
642c3a742a6ca16e,902a973a82c9a0ff,betfair_ex_uk,1.62,2026-09-29T13:13:46.945822+00:00,2026-09-29T13:13:48.871244+00:00,766.2,0.0029990460000001717,PAPER_BET,tennis_predictions/price_snapshots.csv
e13872c4bf327e55,902a973a82c9a0ff,betano_uk,1.53,2026-09-29T13:13:46.945822+00:00,2026-09-29T13:13:48.871244+00:00,766.2,-0.03424257999999991,PAPER_BET,tennis_predictions/price_snapshots.csv
d7aa1c107c64f60f,902a973a82c9a0ff,betfair_sb_uk,1.62,2026-09-29T13:13:46.945822+00:00,2026-09-29T13:13:48.871244+00:00,766.2,0.022566680000000172,PAPER_BET,tennis_predictions/price_snapshots.csv
fe3eb437ec8ab88c,902a973a82c9a0ff,betvictor,1.53,2026-09-29T13:13:46.945822+00:00,2026-09-29T13:13:48.871244+00:00,766.2,-0.03424257999999991,PAPER_BET,tennis_predictions/price_snapshots.csv
59629c91705e8269,902a973a82c9a0ff,betway,1.55,2026-09-29T13:13:46.945822+00:00,2026-09-29T13:13:48.871244+00:00,766.2,-0.021618299999999868,PAPER_BET,tennis_predictions/price_snapshots.csv
068158ac9d3b805a,902a973a82c9a0ff,boylesports,1.57,2026-09-29T13:13:46.945822+00:00,2026-09-29T13:13:48.871244+00:00,766.2,-0.00899401999999988,PAPER_BET,tennis_predictions/price_snapshots.csv
96947f4b3804b432,902a973a82c9a0ff,casumo,1.57,2026-09-29T13:13:46.945822+00:00,2026-09-29T13:13:48.871244+00:00,766.2,-0.00899401999999988,PAPER_BET,tennis_predictions/price_snapshots.csv
04c12a1578035122,902a973a82c9a0ff,coral,1.55,2026-09-29T13:13:46.945822+00:00,2026-09-29T13:13:48.871244+00:00,766.2,-0.021618299999999868,PAPER_BET,tennis_predictions/price_snapshots.csv
f187d943690c2a9d,902a973a82c9a0ff,grosvenor,1.57,2026-09-29T13:13:46.945822+00:00,2026-09-29T13:13:48.871244+00:00,766.2,-0.00899401999999988,PAPER_BET,tennis_predictions/price_snapshots.csv
e74d0330bd21c815,902a973a82c9a0ff,ladbrokes_uk,1.55,2026-09-29T13:13:46.945822+00:00,2026-09-29T13:13:48.871244+00:00,766.2,-0.021618299999999868,PAPER_BET,tennis_predictions/price_snapshots.csv
054b2da39b1b3ac3,902a973a82c9a0ff,leovegas,1.53,2026-09-29T13:13:46.945822+00:00,2026-09-29T13:13:48.871244+00:00,766.2,-0.03424257999999991,PAPER_BET,tennis_predictions/price_snapshots.csv
eb1b1f8ba8615910,902a973a82c9a0ff,livescorebet,1.58,2026-09-29T13:13:46.945822+00:00,2026-09-29T13:13:48.871244+00:00,766.2,-0.002681879999999859,PAPER_BET,tennis_predictions/price_snapshots.csv
e0dd93c5a7ab7a14,902a973a82c9a0ff,matchbook,1.62,2026-09-29T13:13:46.945822+00:00,2026-09-29T13:13:48.871244+00:00,766.2,,PAPER_BET,tennis_predictions/price_snapshots.csv
1c2431aa0cc7d5e7,902a973a82c9a0ff,paddypower,1.62,2026-09-29T13:13:46.945822+00:00,2026-09-29T13:13:48.871244+00:00,766.2,0.022566680000000172,PAPER_BET,tennis_predictions/price_snapshots.csv
b33dc8394823f7cc,902a973a82c9a0ff,skybet,1.62,2026-09-29T13:13:46.945822+00:00,2026-09-29T13:13:48.871244+00:00,766.2,0.022566680000000172,PAPER_BET,tennis_predictions/price_snapshots.csv
2db34bf39bea8348,902a973a82c9a0ff,smarkets,1.6,2026-09-29T13:13:46.945822+00:00,2026-09-29T13:13:48.871244+00:00,766.2,0.002367832000000125,PAPER_BET,tennis_predictions/price_snapshots.csv
f5203bb71261387c,902a973a82c9a0ff,sport888,1.57,2026-09-29T13:13:46.945822+00:00,2026-09-29T13:13:48.871244+00:00,766.2,-0.00899401999999988,PAPER_BET,tennis_predictions/price_snapshots.csv
c07e5f348bf93e21,902a973a82c9a0ff,unibet_uk,1.55,2026-09-29T13:13:46.945822+00:00,2026-09-29T13:13:48.871244+00:00,766.2,-0.021618299999999868,PAPER_BET,tennis_predictions/price_snapshots.csv
c832b910d923b1fe,902a973a82c9a0ff,virginbet,1.58,2026-09-29T13:13:46.945822+00:00,2026-09-29T13:13:48.871244+00:00,766.2,-0.002681879999999859,PAPER_BET,tennis_predictions/price_snapshots.csv
342ab03a343d91a8,902a973a82c9a0ff,williamhill,1.57,2026-09-29T13:13:46.945822+00:00,2026-09-29T13:13:48.871244+00:00,766.2,-0.00899401999999988,PAPER_BET,tennis_predictions/price_snapshots.csv
410d5070964a93bf,07a83cb460621eb6,betfair_ex_uk,1.54,2026-09-29T08:31:15.574336+00:00,2026-09-29T13:13:48.871244+00:00,766.2,-0.06864864200000009,REJECT,unified_ledger.live_price
d4d91b4d22136343,07a83cb460621eb6,betfair_ex_uk,1.56,2026-09-29T13:13:46.945822+00:00,2026-09-29T13:13:48.871244+00:00,766.2,-0.056952888000000035,REJECT,tennis_predictions/price_snapshots.csv
4781db9c45f0eaaa,07a83cb460621eb6,betano_uk,1.5,2026-09-29T13:13:46.945822+00:00,2026-09-29T13:13:48.871244+00:00,766.2,-0.07665100000000008,REJECT,tennis_predictions/price_snapshots.csv
5d736a1f7a4ddaa5,07a83cb460621eb6,betvictor,1.5,2026-09-29T13:13:46.945822+00:00,2026-09-29T13:13:48.871244+00:00,766.2,-0.07665100000000008,REJECT,tennis_predictions/price_snapshots.csv
6f311c970d184bd2,07a83cb460621eb6,betway,1.45,2026-09-29T13:13:46.945822+00:00,2026-09-29T13:13:48.871244+00:00,766.2,-0.10742930000000012,REJECT,tennis_predictions/price_snapshots.csv
16e1d5d562d0592d,07a83cb460621eb6,boylesports,1.53,2026-09-29T13:13:46.945822+00:00,2026-09-29T13:13:48.871244+00:00,766.2,-0.05818402000000006,REJECT,tennis_predictions/price_snapshots.csv
b51744e0268a88da,07a83cb460621eb6,casumo,1.45,2026-09-29T13:13:46.945822+00:00,2026-09-29T13:13:48.871244+00:00,766.2,-0.10742930000000012,REJECT,tennis_predictions/price_snapshots.csv
0bb7285f07fdccfc,07a83cb460621eb6,coral,1.48,2026-09-29T13:13:46.945822+00:00,2026-09-29T13:13:48.871244+00:00,766.2,-0.0889623200000001,REJECT,tennis_predictions/price_snapshots.csv
36ccd98a0823732e,07a83cb460621eb6,grosvenor,1.45,2026-09-29T13:13:46.945822+00:00,2026-09-29T13:13:48.871244+00:00,766.2,-0.10742930000000012,REJECT,tennis_predictions/price_snapshots.csv
c0783b8d1463a816,07a83cb460621eb6,ladbrokes_uk,1.48,2026-09-29T13:13:46.945822+00:00,2026-09-29T13:13:48.871244+00:00,766.2,-0.0889623200000001,REJECT,tennis_predictions/price_snapshots.csv
76959e5b2397459b,07a83cb460621eb6,leovegas,1.47,2026-09-29T13:13:46.945822+00:00,2026-09-29T13:13:48.871244+00:00,766.2,-0.0951179800000001,REJECT,tennis_predictions/price_snapshots.csv
d94fb8d6bd0cc4a3,07a83cb460621eb6,livescorebet,1.46,2026-09-29T13:13:46.945822+00:00,2026-09-29T13:13:48.871244+00:00,766.2,-0.10127364000000011,REJECT,tennis_predictions/price_snapshots.csv
578a07a738c29e01,07a83cb460621eb6,matchbook,1.55,2026-09-29T13:13:46.945822+00:00,2026-09-29T13:13:48.871244+00:00,766.2,,REJECT,tennis_predictions/price_snapshots.csv
356f1d54e9636712,07a83cb460621eb6,paddypower,1.5,2026-09-29T13:13:46.945822+00:00,2026-09-29T13:13:48.871244+00:00,766.2,-0.07665100000000008,REJECT,tennis_predictions/price_snapshots.csv
af907c1612d3b091,07a83cb460621eb6,skybet,1.5,2026-09-29T13:13:46.945822+00:00,2026-09-29T13:13:48.871244+00:00,766.2,-0.07665100000000008,REJECT,tennis_predictions/price_snapshots.csv
4f42abb1d2061970,07a83cb460621eb6,smarkets,1.52,2026-09-29T13:13:46.945822+00:00,2026-09-29T13:13:48.871244+00:00,766.2,-0.07074156640000007,REJECT,tennis_predictions/price_snapshots.csv
3920ef3cc8a01277,07a83cb460621eb6,sport888,1.5,2026-09-29T13:13:46.945822+00:00,2026-09-29T13:13:48.871244+00:00,766.2,-0.07665100000000008,REJECT,tennis_predictions/price_snapshots.csv
3eb617cc14ef7c17,07a83cb460621eb6,unibet_uk,1.52,2026-09-29T13:13:46.945822+00:00,2026-09-29T13:13:48.871244+00:00,766.2,-0.06433968000000007,REJECT,tennis_predictions/price_snapshots.csv
281ba1e4fb00216d,07a83cb460621eb6,virginbet,1.46,2026-09-29T13:13:46.945822+00:00,2026-09-29T13:13:48.871244+00:00,766.2,-0.10127364000000011,REJECT,tennis_predictions/price_snapshots.csv
96ceadcbb3dff860,07a83cb460621eb6,williamhill,1.5,2026-09-29T13:13:46.945822+00:00,2026-09-29T13:13:48.871244+00:00,766.2,-0.07665100000000008,REJECT,tennis_predictions/price_snapshots.csv
6e85ff37a4bd5210,796da617a7e68e25,betfair_ex_uk,1.53,2026-09-29T08:31:15.574336+00:00,2026-09-29T13:13:48.871244+00:00,766.2,-0.08158852850000003,REJECT,unified_ledger.live_price
ca3daf5e21028b56,796da617a7e68e25,betfair_ex_uk,1.57,2026-09-29T13:13:46.945822+00:00,2026-09-29T13:13:48.871244+00:00,766.2,-0.058376266499999996,REJECT,tennis_predictions/price_snapshots.csv
3bfe666581894e5f,796da617a7e68e25,betano_uk,1.45,2026-09-29T13:13:46.945822+00:00,2026-09-29T13:13:48.871244+00:00,766.2,-0.11426895000000004,REJECT,tennis_predictions/price_snapshots.csv
1c72fef874293738,796da617a7e68e25,betvictor,1.45,2026-09-29T13:13:46.945822+00:00,2026-09-29T13:13:48.871244+00:00,766.2,-0.11426895000000004,REJECT,tennis_predictions/price_snapshots.csv
db64a7cb3016d43b,796da617a7e68e25,betway,1.5,2026-09-29T13:13:46.945822+00:00,2026-09-29T13:13:48.871244+00:00,766.2,-0.08372650000000004,REJECT,tennis_predictions/price_snapshots.csv
c63371d13d9bce9e,796da617a7e68e25,boylesports,1.5,2026-09-29T13:13:46.945822+00:00,2026-09-29T13:13:48.871244+00:00,766.2,-0.08372650000000004,REJECT,tennis_predictions/price_snapshots.csv
e228c97ed956ce57,796da617a7e68e25,casumo,1.49,2026-09-29T13:13:46.945822+00:00,2026-09-29T13:13:48.871244+00:00,766.2,-0.08983499000000006,REJECT,tennis_predictions/price_snapshots.csv
88dca8065b04fc73,796da617a7e68e25,coral,1.48,2026-09-29T13:13:46.945822+00:00,2026-09-29T13:13:48.871244+00:00,766.2,-0.09594348000000003,REJECT,tennis_predictions/price_snapshots.csv
b286dd1b84fbe2b7,796da617a7e68e25,grosvenor,1.49,2026-09-29T13:13:46.945822+00:00,2026-09-29T13:13:48.871244+00:00,766.2,-0.08983499000000006,REJECT,tennis_predictions/price_snapshots.csv
f5820372375b3656,796da617a7e68e25,ladbrokes_uk,1.48,2026-09-29T13:13:46.945822+00:00,2026-09-29T13:13:48.871244+00:00,766.2,-0.09594348000000003,REJECT,tennis_predictions/price_snapshots.csv
de92e21b68f5face,796da617a7e68e25,leovegas,1.47,2026-09-29T13:13:46.945822+00:00,2026-09-29T13:13:48.871244+00:00,766.2,-0.10205197000000005,REJECT,tennis_predictions/price_snapshots.csv
781fe12f23385a5c,796da617a7e68e25,livescorebet,1.49,2026-09-29T13:13:46.945822+00:00,2026-09-29T13:13:48.871244+00:00,766.2,-0.08983499000000006,REJECT,tennis_predictions/price_snapshots.csv
ecac8a92741247d6,796da617a7e68e25,matchbook,1.57,2026-09-29T13:13:46.945822+00:00,2026-09-29T13:13:48.871244+00:00,766.2,,REJECT,tennis_predictions/price_snapshots.csv
cc9f8cf12923ee2f,796da617a7e68e25,paddypower,1.44,2026-09-29T13:13:46.945822+00:00,2026-09-29T13:13:48.871244+00:00,766.2,-0.12037744000000006,REJECT,tennis_predictions/price_snapshots.csv
dd5104b4eedc135b,796da617a7e68e25,skybet,1.44,2026-09-29T13:13:46.945822+00:00,2026-09-29T13:13:48.871244+00:00,766.2,-0.12037744000000006,REJECT,tennis_predictions/price_snapshots.csv
8c06372af3cf2790,796da617a7e68e25,smarkets,1.48,2026-09-29T13:13:46.945822+00:00,2026-09-29T13:13:48.871244+00:00,766.2,-0.10180763040000002,REJECT,tennis_predictions/price_snapshots.csv
4606d379354c79cd,796da617a7e68e25,sport888,1.53,2026-09-29T13:13:46.945822+00:00,2026-09-29T13:13:48.871244+00:00,766.2,-0.06540103000000003,REJECT,tennis_predictions/price_snapshots.csv
a351e00562691e44,796da617a7e68e25,unibet_uk,1.47,2026-09-29T13:13:46.945822+00:00,2026-09-29T13:13:48.871244+00:00,766.2,-0.10205197000000005,REJECT,tennis_predictions/price_snapshots.csv
367501939e22747a,796da617a7e68e25,virginbet,1.49,2026-09-29T13:13:46.945822+00:00,2026-09-29T13:13:48.871244+00:00,766.2,-0.08983499000000006,REJECT,tennis_predictions/price_snapshots.csv
7cc14289386f43a1,f001ef9dc2132e2a,betfair_ex_uk,1.52,2026-09-29T08:31:15.574336+00:00,2026-09-29T13:13:48.871244+00:00,766.2,-0.021985768000000017,REJECT,unified_ledger.live_price
05cbaf7beee0beda,f001ef9dc2132e2a,betfair_ex_uk,1.51,2026-09-29T13:13:46.945822+00:00,2026-09-29T13:13:48.871244+00:00,766.2,-0.02820473400000001,REJECT,tennis_predictions/price_snapshots.csv
e4f4b3c92eb8874d,f001ef9dc2132e2a,betano_uk,1.44,2026-09-29T13:13:46.945822+00:00,2026-09-29T13:13:48.871244+00:00,766.2,-0.057335680000000055,REJECT,tennis_predictions/price_snapshots.csv
33009ebe3ceb6a31,f001ef9dc2132e2a,betvictor,1.44,2026-09-29T13:13:46.945822+00:00,2026-09-29T13:13:48.871244+00:00,766.2,-0.057335680000000055,REJECT,tennis_predictions/price_snapshots.csv
e58abcc8bb2e618e,f001ef9dc2132e2a,betway,1.44,2026-09-29T13:13:46.945822+00:00,2026-09-29T13:13:48.871244+00:00,766.2,-0.057335680000000055,REJECT,tennis_predictions/price_snapshots.csv
fc32e17d4692af7e,f001ef9dc2132e2a,boylesports,1.44,2026-09-29T13:13:46.945822+00:00,2026-09-29T13:13:48.871244+00:00,766.2,-0.057335680000000055,REJECT,tennis_predictions/price_snapshots.csv
6fc93e642c1be54a,f001ef9dc2132e2a,casumo,1.43,2026-09-29T13:13:46.945822+00:00,2026-09-29T13:13:48.871244+00:00,766.2,-0.06388196000000007,REJECT,tennis_predictions/price_snapshots.csv
f9175b92d8de544b,f001ef9dc2132e2a,coral,1.4,2026-09-29T13:13:46.945822+00:00,2026-09-29T13:13:48.871244+00:00,766.2,-0.08352080000000006,REJECT,tennis_predictions/price_snapshots.csv
4e0997d6e7a43cc8,f001ef9dc2132e2a,grosvenor,1.43,2026-09-29T13:13:46.945822+00:00,2026-09-29T13:13:48.871244+00:00,766.2,-0.06388196000000007,REJECT,tennis_predictions/price_snapshots.csv
b457b1b41b6f01d5,f001ef9dc2132e2a,ladbrokes_uk,1.4,2026-09-29T13:13:46.945822+00:00,2026-09-29T13:13:48.871244+00:00,766.2,-0.08352080000000006,REJECT,tennis_predictions/price_snapshots.csv
0ae5b66c6a5c88e4,f001ef9dc2132e2a,leovegas,1.42,2026-09-29T13:13:46.945822+00:00,2026-09-29T13:13:48.871244+00:00,766.2,-0.07042824000000009,REJECT,tennis_predictions/price_snapshots.csv
9da1c70c35b994ef,f001ef9dc2132e2a,livescorebet,1.44,2026-09-29T13:13:46.945822+00:00,2026-09-29T13:13:48.871244+00:00,766.2,-0.057335680000000055,REJECT,tennis_predictions/price_snapshots.csv
aab6397e9430a2a9,f001ef9dc2132e2a,matchbook,1.51,2026-09-29T13:13:46.945822+00:00,2026-09-29T13:13:48.871244+00:00,766.2,,REJECT,tennis_predictions/price_snapshots.csv
abd59352d49bcf76,f001ef9dc2132e2a,paddypower,1.44,2026-09-29T13:13:46.945822+00:00,2026-09-29T13:13:48.871244+00:00,766.2,-0.057335680000000055,REJECT,tennis_predictions/price_snapshots.csv
1cf3621643275962,f001ef9dc2132e2a,skybet,1.44,2026-09-29T13:13:46.945822+00:00,2026-09-29T13:13:48.871244+00:00,766.2,-0.057335680000000055,REJECT,tennis_predictions/price_snapshots.csv
d7dfa808206fc53b,f001ef9dc2132e2a,smarkets,1.47,2026-09-29T13:13:46.945822+00:00,2026-09-29T13:13:48.871244+00:00,766.2,-0.04385034320000003,REJECT,tennis_predictions/price_snapshots.csv
5495cce8f8fc6c04,f001ef9dc2132e2a,sport888,1.44,2026-09-29T13:13:46.945822+00:00,2026-09-29T13:13:48.871244+00:00,766.2,-0.057335680000000055,REJECT,tennis_predictions/price_snapshots.csv
6461609328cc98f6,f001ef9dc2132e2a,unibet_uk,1.44,2026-09-29T13:13:46.945822+00:00,2026-09-29T13:13:48.871244+00:00,766.2,-0.057335680000000055,REJECT,tennis_predictions/price_snapshots.csv
7c38b6c7f9b983cb,f001ef9dc2132e2a,virginbet,1.44,2026-09-29T13:13:46.945822+00:00,2026-09-29T13:13:48.871244+00:00,766.2,-0.057335680000000055,REJECT,tennis_predictions/price_snapshots.csv
49d7334001cc417c,f001ef9dc2132e2a,williamhill,1.44,2026-09-29T13:13:46.945822+00:00,2026-09-29T13:13:48.871244+00:00,766.2,-0.057335680000000055,REJECT,tennis_predictions/price_snapshots.csv
2c69e4c144f9b21c,1b788f3a97da541a,betfair_ex_uk,1.73,2026-09-29T08:31:15.574336+00:00,2026-09-29T13:13:48.871244+00:00,2326.2,-0.08956085200000002,WATCH,unified_ledger.live_price
30d7cb45b2061e67,1b788f3a97da541a,betfair_ex_uk,1.92,2026-09-29T13:13:46.945822+00:00,2026-09-29T13:13:48.871244+00:00,2326.2,0.007477391999999916,WATCH,tennis_predictions/price_snapshots.csv
7b1f971d0912eec8,1b788f3a97da541a,betano_uk,1.8,2026-09-29T13:13:46.945822+00:00,2026-09-29T13:13:48.871244+00:00,2326.2,-0.032305600000000045,WATCH,tennis_predictions/price_snapshots.csv
2033437a4e2f4460,1b788f3a97da541a,betvictor,1.8,2026-09-29T13:13:46.945822+00:00,2026-09-29T13:13:48.871244+00:00,2326.2,-0.032305600000000045,WATCH,tennis_predictions/price_snapshots.csv
58b65d9829030757,1b788f3a97da541a,betway,1.85,2026-09-29T13:13:46.945822+00:00,2026-09-29T13:13:48.871244+00:00,2326.2,-0.005425200000000019,WATCH,tennis_predictions/price_snapshots.csv
652520d7cf7ef754,1b788f3a97da541a,boylesports,1.91,2026-09-29T13:13:46.945822+00:00,2026-09-29T13:13:48.871244+00:00,2326.2,0.026831279999999902,WATCH,tennis_predictions/price_snapshots.csv
5b55f95448d2faf3,1b788f3a97da541a,casumo,1.85,2026-09-29T13:13:46.945822+00:00,2026-09-29T13:13:48.871244+00:00,2326.2,-0.005425200000000019,WATCH,tennis_predictions/price_snapshots.csv
bd1c692fb1db98e1,1b788f3a97da541a,coral,1.83,2026-09-29T13:13:46.945822+00:00,2026-09-29T13:13:48.871244+00:00,2326.2,-0.01617736000000003,WATCH,tennis_predictions/price_snapshots.csv
81a1538915e07435,1b788f3a97da541a,grosvenor,1.85,2026-09-29T13:13:46.945822+00:00,2026-09-29T13:13:48.871244+00:00,2326.2,-0.005425200000000019,WATCH,tennis_predictions/price_snapshots.csv
2ba33649a6ac0864,1b788f3a97da541a,ladbrokes_uk,1.83,2026-09-29T13:13:46.945822+00:00,2026-09-29T13:13:48.871244+00:00,2326.2,-0.01617736000000003,WATCH,tennis_predictions/price_snapshots.csv
a3ce35df1f767a1f,1b788f3a97da541a,leovegas,1.8,2026-09-29T13:13:46.945822+00:00,2026-09-29T13:13:48.871244+00:00,2326.2,-0.032305600000000045,WATCH,tennis_predictions/price_snapshots.csv
55349064a78bbd5c,1b788f3a97da541a,livescorebet,1.85,2026-09-29T13:13:46.945822+00:00,2026-09-29T13:13:48.871244+00:00,2326.2,-0.005425200000000019,WATCH,tennis_predictions/price_snapshots.csv
bf92e5617af1b42c,1b788f3a97da541a,matchbook,1.92,2026-09-29T13:13:46.945822+00:00,2026-09-29T13:13:48.871244+00:00,2326.2,,WATCH,tennis_predictions/price_snapshots.csv
5e647b056235d941,1b788f3a97da541a,paddypower,1.83,2026-09-29T13:13:46.945822+00:00,2026-09-29T13:13:48.871244+00:00,2326.2,-0.01617736000000003,WATCH,tennis_predictions/price_snapshots.csv
8e90bffaf6e1b686,1b788f3a97da541a,skybet,1.83,2026-09-29T13:13:46.945822+00:00,2026-09-29T13:13:48.871244+00:00,2326.2,-0.01617736000000003,WATCH,tennis_predictions/price_snapshots.csv
b9974782f2f0b3bd,1b788f3a97da541a,smarkets,1.81,2026-09-29T13:13:46.945822+00:00,2026-09-29T13:13:48.871244+00:00,2326.2,-0.035638769600000064,WATCH,tennis_predictions/price_snapshots.csv
6632dfef5c8f06cc,1b788f3a97da541a,sport888,1.85,2026-09-29T13:13:46.945822+00:00,2026-09-29T13:13:48.871244+00:00,2326.2,-0.005425200000000019,WATCH,tennis_predictions/price_snapshots.csv
7dc25cda3ae7e952,1b788f3a97da541a,unibet_uk,1.81,2026-09-29T13:13:46.945822+00:00,2026-09-29T13:13:48.871244+00:00,2326.2,-0.02692952000000004,WATCH,tennis_predictions/price_snapshots.csv
474718b01b348766,1b788f3a97da541a,virginbet,1.85,2026-09-29T13:13:46.945822+00:00,2026-09-29T13:13:48.871244+00:00,2326.2,-0.005425200000000019,WATCH,tennis_predictions/price_snapshots.csv
760324b2b1e7dfd8,1b788f3a97da541a,williamhill,1.85,2026-09-29T13:13:46.945822+00:00,2026-09-29T13:13:48.871244+00:00,2326.2,-0.005425200000000019,WATCH,tennis_predictions/price_snapshots.csv
4b1c7e9b66fde572,8dcbe1695c1952d0,betfair_ex_uk,1.6,2026-09-29T08:31:15.574336+00:00,2026-09-29T13:13:48.871244+00:00,2326.2,-0.05951662000000002,REJECT,unified_ledger.live_price
0af4c5f3416cdc60,8dcbe1695c1952d0,betfair_ex_uk,1.61,2026-09-29T13:13:46.945822+00:00,2026-09-29T13:13:48.871244+00:00,2326.2,-0.053825797000000064,REJECT,tennis_predictions/price_snapshots.csv
4d0ec06abfd85035,8dcbe1695c1952d0,betano_uk,1.53,2026-09-29T13:13:46.945822+00:00,2026-09-29T13:13:48.871244+00:00,2326.2,-0.08347798000000006,REJECT,tennis_predictions/price_snapshots.csv
80245916617b0e54,8dcbe1695c1952d0,betvictor,1.53,2026-09-29T13:13:46.945822+00:00,2026-09-29T13:13:48.871244+00:00,2326.2,-0.08347798000000006,REJECT,tennis_predictions/price_snapshots.csv
be7ae5891bc5f7d2,8dcbe1695c1952d0,betway,1.55,2026-09-29T13:13:46.945822+00:00,2026-09-29T13:13:48.871244+00:00,2326.2,-0.07149730000000004,REJECT,tennis_predictions/price_snapshots.csv
53e0dd25b65b79ae,8dcbe1695c1952d0,boylesports,1.57,2026-09-29T13:13:46.945822+00:00,2026-09-29T13:13:48.871244+00:00,2326.2,-0.05951662000000002,REJECT,tennis_predictions/price_snapshots.csv
e8576ec985cf3631,8dcbe1695c1952d0,casumo,1.57,2026-09-29T13:13:46.945822+00:00,2026-09-29T13:13:48.871244+00:00,2326.2,-0.05951662000000002,REJECT,tennis_predictions/price_snapshots.csv
c04ca89687de4a7b,8dcbe1695c1952d0,coral,1.53,2026-09-29T13:13:46.945822+00:00,2026-09-29T13:13:48.871244+00:00,2326.2,-0.08347798000000006,REJECT,tennis_predictions/price_snapshots.csv
f1230b77aea69aed,8dcbe1695c1952d0,grosvenor,1.57,2026-09-29T13:13:46.945822+00:00,2026-09-29T13:13:48.871244+00:00,2326.2,-0.05951662000000002,REJECT,tennis_predictions/price_snapshots.csv
1d55334cea0b2c56,8dcbe1695c1952d0,ladbrokes_uk,1.53,2026-09-29T13:13:46.945822+00:00,2026-09-29T13:13:48.871244+00:00,2326.2,-0.08347798000000006,REJECT,tennis_predictions/price_snapshots.csv
28e150e9f73215ff,8dcbe1695c1952d0,leovegas,1.5,2026-09-29T13:13:46.945822+00:00,2026-09-29T13:13:48.871244+00:00,2326.2,-0.10144900000000007,REJECT,tennis_predictions/price_snapshots.csv
0d0dd1d258697a4f,8dcbe1695c1952d0,livescorebet,1.58,2026-09-29T13:13:46.945822+00:00,2026-09-29T13:13:48.871244+00:00,2326.2,-0.05352628000000004,REJECT,tennis_predictions/price_snapshots.csv
38af5a1e8d587458,8dcbe1695c1952d0,matchbook,1.61,2026-09-29T13:13:46.945822+00:00,2026-09-29T13:13:48.871244+00:00,2326.2,,REJECT,tennis_predictions/price_snapshots.csv
3c602da8d82341e5,8dcbe1695c1952d0,paddypower,1.57,2026-09-29T13:13:46.945822+00:00,2026-09-29T13:13:48.871244+00:00,2326.2,-0.05951662000000002,REJECT,tennis_predictions/price_snapshots.csv
c817746fcbc94cef,8dcbe1695c1952d0,skybet,1.62,2026-09-29T13:13:46.945822+00:00,2026-09-29T13:13:48.871244+00:00,2326.2,-0.029564919999999995,REJECT,tennis_predictions/price_snapshots.csv
34df68e4f98495f9,8dcbe1695c1952d0,smarkets,1.49,2026-09-29T13:13:46.945822+00:00,2026-09-29T13:13:48.871244+00:00,2326.2,-0.11330987320000008,REJECT,tennis_predictions/price_snapshots.csv
afc11e62f8e6033e,8dcbe1695c1952d0,sport888,1.57,2026-09-29T13:13:46.945822+00:00,2026-09-29T13:13:48.871244+00:00,2326.2,-0.05951662000000002,REJECT,tennis_predictions/price_snapshots.csv
6d1d41fb9f9c3692,8dcbe1695c1952d0,unibet_uk,1.52,2026-09-29T13:13:46.945822+00:00,2026-09-29T13:13:48.871244+00:00,2326.2,-0.08946832000000005,REJECT,tennis_predictions/price_snapshots.csv
b4be500ae3f0553c,8dcbe1695c1952d0,virginbet,1.58,2026-09-29T13:13:46.945822+00:00,2026-09-29T13:13:48.871244+00:00,2326.2,-0.05352628000000004,REJECT,tennis_predictions/price_snapshots.csv
6fbf6a20713c5314,8dcbe1695c1952d0,williamhill,1.57,2026-09-29T13:13:46.945822+00:00,2026-09-29T13:13:48.871244+00:00,2326.2,-0.05951662000000002,REJECT,tennis_predictions/price_snapshots.csv
7bc73151ddf9206d,35f57a164e2e854b,betfair_ex_uk,1.68,2026-09-29T08:31:15.574336+00:00,2026-09-29T13:13:48.871244+00:00,2326.2,-0.11864600799999997,WATCH,unified_ledger.live_price
056c4eaf1ef5a83b,35f57a164e2e854b,betfair_ex_uk,1.94,2026-09-29T13:13:46.945822+00:00,2026-09-29T13:13:48.871244+00:00,2326.2,0.01361063600000001,WATCH,tennis_predictions/price_snapshots.csv
4509a1aa72c11eed,35f57a164e2e854b,betano_uk,1.8,2026-09-29T13:13:46.945822+00:00,2026-09-29T13:13:48.871244+00:00,2326.2,-0.036186399999999896,WATCH,tennis_predictions/price_snapshots.csv
78bbaf946e679449,35f57a164e2e854b,betvictor,1.8,2026-09-29T13:13:46.945822+00:00,2026-09-29T13:13:48.871244+00:00,2326.2,-0.036186399999999896,WATCH,tennis_predictions/price_snapshots.csv
d0c6951f69a3233b,35f57a164e2e854b,betway,1.8,2026-09-29T13:13:46.945822+00:00,2026-09-29T13:13:48.871244+00:00,2326.2,-0.036186399999999896,WATCH,tennis_predictions/price_snapshots.csv
856334d88e173254,35f57a164e2e854b,boylesports,1.83,2026-09-29T13:13:46.945822+00:00,2026-09-29T13:13:48.871244+00:00,2326.2,-0.020122839999999864,WATCH,tennis_predictions/price_snapshots.csv
b267a037181cf351,35f57a164e2e854b,casumo,1.87,2026-09-29T13:13:46.945822+00:00,2026-09-29T13:13:48.871244+00:00,2326.2,0.0012952400000001418,WATCH,tennis_predictions/price_snapshots.csv
d62b076f85337e50,35f57a164e2e854b,coral,1.8,2026-09-29T13:13:46.945822+00:00,2026-09-29T13:13:48.871244+00:00,2326.2,-0.036186399999999896,WATCH,tennis_predictions/price_snapshots.csv
6493f96e01d6531d,35f57a164e2e854b,grosvenor,1.87,2026-09-29T13:13:46.945822+00:00,2026-09-29T13:13:48.871244+00:00,2326.2,0.0012952400000001418,WATCH,tennis_predictions/price_snapshots.csv
3b341e54f7093ae5,35f57a164e2e854b,ladbrokes_uk,1.8,2026-09-29T13:13:46.945822+00:00,2026-09-29T13:13:48.871244+00:00,2326.2,-0.036186399999999896,WATCH,tennis_predictions/price_snapshots.csv
6e8b8a2fa91a1b2c,35f57a164e2e854b,leovegas,1.75,2026-09-29T13:13:46.945822+00:00,2026-09-29T13:13:48.871244+00:00,2326.2,-0.06295899999999993,WATCH,tennis_predictions/price_snapshots.csv
3dc145ed9614415c,35f57a164e2e854b,livescorebet,1.87,2026-09-29T13:13:46.945822+00:00,2026-09-29T13:13:48.871244+00:00,2326.2,0.0012952400000001418,WATCH,tennis_predictions/price_snapshots.csv
f43ffdb1408b7f1c,35f57a164e2e854b,matchbook,1.89,2026-09-29T13:13:46.945822+00:00,2026-09-29T13:13:48.871244+00:00,2326.2,,WATCH,tennis_predictions/price_snapshots.csv
9eae636a9dfd519a,35f57a164e2e854b,paddypower,1.8,2026-09-29T13:13:46.945822+00:00,2026-09-29T13:13:48.871244+00:00,2326.2,-0.036186399999999896,WATCH,tennis_predictions/price_snapshots.csv
78b8b8dded66ff59,35f57a164e2e854b,skybet,1.8,2026-09-29T13:13:46.945822+00:00,2026-09-29T13:13:48.871244+00:00,2326.2,-0.036186399999999896,WATCH,tennis_predictions/price_snapshots.csv
8d08d4a655c6763c,35f57a164e2e854b,smarkets,1.78,2026-09-29T13:13:46.945822+00:00,2026-09-29T13:13:48.871244+00:00,2326.2,-0.055248491199999916,WATCH,tennis_predictions/price_snapshots.csv
6326eb6027b5c20d,35f57a164e2e854b,sport888,1.8,2026-09-29T13:13:46.945822+00:00,2026-09-29T13:13:48.871244+00:00,2326.2,-0.036186399999999896,WATCH,tennis_predictions/price_snapshots.csv
ac3e9725b7493267,35f57a164e2e854b,unibet_uk,1.78,2026-09-29T13:13:46.945822+00:00,2026-09-29T13:13:48.871244+00:00,2326.2,-0.0468954399999999,WATCH,tennis_predictions/price_snapshots.csv
92c1efff67448455,35f57a164e2e854b,virginbet,1.87,2026-09-29T13:13:46.945822+00:00,2026-09-29T13:13:48.871244+00:00,2326.2,0.0012952400000001418,WATCH,tennis_predictions/price_snapshots.csv
3b4b65a28c705bed,35f57a164e2e854b,williamhill,1.8,2026-09-29T13:13:46.945822+00:00,2026-09-29T13:13:48.871244+00:00,2326.2,-0.036186399999999896,WATCH,tennis_predictions/price_snapshots.csv
7814134ce7b218d3,f3e73900ce20f080,betfair_ex_uk,1.66,2026-09-29T13:13:46.945822+00:00,2026-09-29T13:13:48.871244+00:00,826.2,-0.026146133999999988,REJECT,unified_ledger.live_price
95d0f2fe405a42c2,f3e73900ce20f080,betano_uk,1.57,2026-09-29T13:13:46.945822+00:00,2026-09-29T13:13:48.871244+00:00,826.2,-0.060263939999999905,REJECT,tennis_predictions/price_snapshots.csv
0dbf33111540c15e,f3e73900ce20f080,betvictor,1.57,2026-09-29T13:13:46.945822+00:00,2026-09-29T13:13:48.871244+00:00,826.2,-0.060263939999999905,REJECT,tennis_predictions/price_snapshots.csv
b6b3feb786812d2a,f3e73900ce20f080,betway,1.65,2026-09-29T13:13:46.945822+00:00,2026-09-29T13:13:48.871244+00:00,826.2,-0.012379299999999982,REJECT,tennis_predictions/price_snapshots.csv
f76feec8a6426119,f3e73900ce20f080,boylesports,1.62,2026-09-29T13:13:46.945822+00:00,2026-09-29T13:13:48.871244+00:00,826.2,-0.030336039999999898,REJECT,tennis_predictions/price_snapshots.csv
23fbf82076cd349f,f3e73900ce20f080,casumo,1.56,2026-09-29T13:13:46.945822+00:00,2026-09-29T13:13:48.871244+00:00,826.2,-0.0662495199999999,REJECT,tennis_predictions/price_snapshots.csv
b6d872a02ece9b25,f3e73900ce20f080,coral,1.57,2026-09-29T13:13:46.945822+00:00,2026-09-29T13:13:48.871244+00:00,826.2,-0.060263939999999905,REJECT,tennis_predictions/price_snapshots.csv
99a696e5d5b54814,f3e73900ce20f080,grosvenor,1.56,2026-09-29T13:13:46.945822+00:00,2026-09-29T13:13:48.871244+00:00,826.2,-0.0662495199999999,REJECT,tennis_predictions/price_snapshots.csv
61a8844476df9fb0,f3e73900ce20f080,ladbrokes_uk,1.57,2026-09-29T13:13:46.945822+00:00,2026-09-29T13:13:48.871244+00:00,826.2,-0.060263939999999905,REJECT,tennis_predictions/price_snapshots.csv
e56ec7bf3cff93e8,f3e73900ce20f080,leovegas,1.57,2026-09-29T13:13:46.945822+00:00,2026-09-29T13:13:48.871244+00:00,826.2,-0.060263939999999905,REJECT,tennis_predictions/price_snapshots.csv
03c82c3fb1d47327,f3e73900ce20f080,livescorebet,1.57,2026-09-29T13:13:46.945822+00:00,2026-09-29T13:13:48.871244+00:00,826.2,-0.060263939999999905,REJECT,tennis_predictions/price_snapshots.csv
092285ff3b262eae,f3e73900ce20f080,matchbook,1.66,2026-09-29T13:13:46.945822+00:00,2026-09-29T13:13:48.871244+00:00,826.2,,REJECT,tennis_predictions/price_snapshots.csv
7647cca52e380bff,f3e73900ce20f080,paddypower,1.57,2026-09-29T13:13:46.945822+00:00,2026-09-29T13:13:48.871244+00:00,826.2,-0.060263939999999905,REJECT,tennis_predictions/price_snapshots.csv
05afaeb477f8fb2a,f3e73900ce20f080,skybet,1.57,2026-09-29T13:13:46.945822+00:00,2026-09-29T13:13:48.871244+00:00,826.2,-0.060263939999999905,REJECT,tennis_predictions/price_snapshots.csv
221925ea1a26ec45,f3e73900ce20f080,smarkets,1.64,2026-09-29T13:13:46.945822+00:00,2026-09-29T13:13:48.871244+00:00,826.2,-0.026026422400000027,REJECT,tennis_predictions/price_snapshots.csv
32e76f178922842c,f3e73900ce20f080,sport888,1.61,2026-09-29T13:13:46.945822+00:00,2026-09-29T13:13:48.871244+00:00,826.2,-0.03632161999999989,REJECT,tennis_predictions/price_snapshots.csv
b5be8b2c3884929f,f3e73900ce20f080,unibet_uk,1.58,2026-09-29T13:13:46.945822+00:00,2026-09-29T13:13:48.871244+00:00,826.2,-0.054278359999999914,REJECT,tennis_predictions/price_snapshots.csv
f748bdd9834ea3c5,f3e73900ce20f080,virginbet,1.57,2026-09-29T13:13:46.945822+00:00,2026-09-29T13:13:48.871244+00:00,826.2,-0.060263939999999905,REJECT,tennis_predictions/price_snapshots.csv
1fbeace770affacf,f3e73900ce20f080,williamhill,1.62,2026-09-29T13:13:46.945822+00:00,2026-09-29T13:13:48.871244+00:00,826.2,-0.030336039999999898,REJECT,tennis_predictions/price_snapshots.csv
e3a73470da148718,00ba087d487968bb,betfair_ex_uk,1.59,2026-09-29T13:13:46.945822+00:00,2026-09-29T13:13:48.871244+00:00,946.2,-0.028125281499999877,REJECT,unified_ledger.live_price
3ee3501c70f302e1,00ba087d487968bb,betano_uk,1.53,2026-09-29T13:13:46.945822+00:00,2026-09-29T13:13:48.871244+00:00,946.2,-0.04712058999999991,REJECT,tennis_predictions/price_snapshots.csv
a741ac25bf528ff0,00ba087d487968bb,betvictor,1.53,2026-09-29T13:13:46.945822+00:00,2026-09-29T13:13:48.871244+00:00,946.2,-0.04712058999999991,REJECT,tennis_predictions/price_snapshots.csv
22ca6d6fbabce981,00ba087d487968bb,betway,1.55,2026-09-29T13:13:46.945822+00:00,2026-09-29T13:13:48.871244+00:00,946.2,-0.03466464999999991,REJECT,tennis_predictions/price_snapshots.csv
d0a06d13fbbecfcc,00ba087d487968bb,boylesports,1.57,2026-09-29T13:13:46.945822+00:00,2026-09-29T13:13:48.871244+00:00,946.2,-0.02220870999999991,REJECT,tennis_predictions/price_snapshots.csv
10d2ab10437942d6,00ba087d487968bb,casumo,1.53,2026-09-29T13:13:46.945822+00:00,2026-09-29T13:13:48.871244+00:00,946.2,-0.04712058999999991,REJECT,tennis_predictions/price_snapshots.csv
976a1449d1b428c8,00ba087d487968bb,coral,1.55,2026-09-29T13:13:46.945822+00:00,2026-09-29T13:13:48.871244+00:00,946.2,-0.03466464999999991,REJECT,tennis_predictions/price_snapshots.csv
425fa121686a84af,00ba087d487968bb,grosvenor,1.53,2026-09-29T13:13:46.945822+00:00,2026-09-29T13:13:48.871244+00:00,946.2,-0.04712058999999991,REJECT,tennis_predictions/price_snapshots.csv
cb2719e1247ad989,00ba087d487968bb,ladbrokes_uk,1.55,2026-09-29T13:13:46.945822+00:00,2026-09-29T13:13:48.871244+00:00,946.2,-0.03466464999999991,REJECT,tennis_predictions/price_snapshots.csv
b0bac75e507602d8,00ba087d487968bb,leovegas,1.53,2026-09-29T13:13:46.945822+00:00,2026-09-29T13:13:48.871244+00:00,946.2,-0.04712058999999991,REJECT,tennis_predictions/price_snapshots.csv
810ceb25a263be1a,00ba087d487968bb,livescorebet,1.53,2026-09-29T13:13:46.945822+00:00,2026-09-29T13:13:48.871244+00:00,946.2,-0.04712058999999991,REJECT,tennis_predictions/price_snapshots.csv
98780e281e79252b,00ba087d487968bb,matchbook,1.59,2026-09-29T13:13:46.945822+00:00,2026-09-29T13:13:48.871244+00:00,946.2,,REJECT,tennis_predictions/price_snapshots.csv
44aab0579e8c5fc3,00ba087d487968bb,paddypower,1.53,2026-09-29T13:13:46.945822+00:00,2026-09-29T13:13:48.871244+00:00,946.2,-0.04712058999999991,REJECT,tennis_predictions/price_snapshots.csv
7e140e02bad1ef22,00ba087d487968bb,skybet,1.53,2026-09-29T13:13:46.945822+00:00,2026-09-29T13:13:48.871244+00:00,946.2,-0.04712058999999991,REJECT,tennis_predictions/price_snapshots.csv
e7646b753c267b70,00ba087d487968bb,smarkets,1.58,2026-09-29T13:13:46.945822+00:00,2026-09-29T13:13:48.871244+00:00,946.2,-0.023205185199999867,REJECT,tennis_predictions/price_snapshots.csv
5081332e07820e88,00ba087d487968bb,sport888,1.57,2026-09-29T13:13:46.945822+00:00,2026-09-29T13:13:48.871244+00:00,946.2,-0.02220870999999991,REJECT,tennis_predictions/price_snapshots.csv
ddbda61bec92e4a9,00ba087d487968bb,unibet_uk,1.56,2026-09-29T13:13:46.945822+00:00,2026-09-29T13:13:48.871244+00:00,946.2,-0.02843667999999988,REJECT,tennis_predictions/price_snapshots.csv
0afda3189113751f,00ba087d487968bb,virginbet,1.53,2026-09-29T13:13:46.945822+00:00,2026-09-29T13:13:48.871244+00:00,946.2,-0.04712058999999991,REJECT,tennis_predictions/price_snapshots.csv
1923e9f11be62a4b,00ba087d487968bb,williamhill,1.57,2026-09-29T13:13:46.945822+00:00,2026-09-29T13:13:48.871244+00:00,946.2,-0.02220870999999991,REJECT,tennis_predictions/price_snapshots.csv
0b592dc71b8b9742,9f6473ee946f85a9,betfair_ex_uk,1.68,2026-09-29T13:13:46.945822+00:00,2026-09-29T13:13:48.871244+00:00,1021.2,-0.02312204400000012,REJECT,unified_ledger.live_price
4c1289e61214f5d6,9f6473ee946f85a9,betano_uk,1.6,2026-09-29T13:13:46.945822+00:00,2026-09-29T13:13:48.871244+00:00,1021.2,-0.050422400000000034,REJECT,tennis_predictions/price_snapshots.csv
cea5501b50caa3f0,9f6473ee946f85a9,betvictor,1.6,2026-09-29T13:13:46.945822+00:00,2026-09-29T13:13:48.871244+00:00,1021.2,-0.050422400000000034,REJECT,tennis_predictions/price_snapshots.csv
0e5579d279f1ce9d,9f6473ee946f85a9,betway,1.65,2026-09-29T13:13:46.945822+00:00,2026-09-29T13:13:48.871244+00:00,1021.2,-0.020748100000000103,REJECT,tennis_predictions/price_snapshots.csv
18170eac4c679b94,9f6473ee946f85a9,boylesports,1.67,2026-09-29T13:13:46.945822+00:00,2026-09-29T13:13:48.871244+00:00,1021.2,-0.00887838000000013,REJECT,tennis_predictions/price_snapshots.csv
c003f997185a32ca,9f6473ee946f85a9,casumo,1.64,2026-09-29T13:13:46.945822+00:00,2026-09-29T13:13:48.871244+00:00,1021.2,-0.026682960000000144,REJECT,tennis_predictions/price_snapshots.csv
06a461ef486cc0c6,9f6473ee946f85a9,coral,1.65,2026-09-29T13:13:46.945822+00:00,2026-09-29T13:13:48.871244+00:00,1021.2,-0.020748100000000103,REJECT,tennis_predictions/price_snapshots.csv
d7bc0080727041ac,9f6473ee946f85a9,grosvenor,1.64,2026-09-29T13:13:46.945822+00:00,2026-09-29T13:13:48.871244+00:00,1021.2,-0.026682960000000144,REJECT,tennis_predictions/price_snapshots.csv
b6739cdf98719520,9f6473ee946f85a9,ladbrokes_uk,1.65,2026-09-29T13:13:46.945822+00:00,2026-09-29T13:13:48.871244+00:00,1021.2,-0.020748100000000103,REJECT,tennis_predictions/price_snapshots.csv
497c243cc4c8e018,9f6473ee946f85a9,leovegas,1.6,2026-09-29T13:13:46.945822+00:00,2026-09-29T13:13:48.871244+00:00,1021.2,-0.050422400000000034,REJECT,tennis_predictions/price_snapshots.csv
5e7cb646e799d995,9f6473ee946f85a9,livescorebet,1.64,2026-09-29T13:13:46.945822+00:00,2026-09-29T13:13:48.871244+00:00,1021.2,-0.026682960000000144,REJECT,tennis_predictions/price_snapshots.csv
1aa8471fe882e5e9,9f6473ee946f85a9,matchbook,1.68,2026-09-29T13:13:46.945822+00:00,2026-09-29T13:13:48.871244+00:00,1021.2,,REJECT,tennis_predictions/price_snapshots.csv
70834dca28802e43,9f6473ee946f85a9,paddypower,1.57,2026-09-29T13:13:46.945822+00:00,2026-09-29T13:13:48.871244+00:00,1021.2,-0.06822698000000005,REJECT,tennis_predictions/price_snapshots.csv
3e901d1a66923d04,9f6473ee946f85a9,skybet,1.57,2026-09-29T13:13:46.945822+00:00,2026-09-29T13:13:48.871244+00:00,1021.2,-0.06822698000000005,REJECT,tennis_predictions/price_snapshots.csv
b0b74bbc370c18e7,9f6473ee946f85a9,smarkets,1.65,2026-09-29T13:13:46.945822+00:00,2026-09-29T13:13:48.871244+00:00,1021.2,-0.02846341800000013,REJECT,tennis_predictions/price_snapshots.csv
100ee0caa6e422e3,9f6473ee946f85a9,sport888,1.67,2026-09-29T13:13:46.945822+00:00,2026-09-29T13:13:48.871244+00:00,1021.2,-0.00887838000000013,REJECT,tennis_predictions/price_snapshots.csv
3f666b07e7705442,9f6473ee946f85a9,unibet_uk,1.65,2026-09-29T13:13:46.945822+00:00,2026-09-29T13:13:48.871244+00:00,1021.2,-0.020748100000000103,REJECT,tennis_predictions/price_snapshots.csv
5ee5f0e068c443ee,9f6473ee946f85a9,virginbet,1.64,2026-09-29T13:13:46.945822+00:00,2026-09-29T13:13:48.871244+00:00,1021.2,-0.026682960000000144,REJECT,tennis_predictions/price_snapshots.csv
a5f5b6dfa285c3a1,9f6473ee946f85a9,williamhill,1.67,2026-09-29T13:13:46.945822+00:00,2026-09-29T13:13:48.871244+00:00,1021.2,-0.00887838000000013,REJECT,tennis_predictions/price_snapshots.csv
739f5ab62a560c6c,eb71b99b08b99028,betfair_ex_uk,1.34,2026-09-29T13:13:46.945822+00:00,2026-09-29T13:13:48.871244+00:00,1186.2,-0.027395226999999966,REJECT,unified_ledger.live_price
46ebc8d9dd478541,eb71b99b08b99028,betano_uk,1.3,2026-09-29T13:13:46.945822+00:00,2026-09-29T13:13:48.871244+00:00,1186.2,-0.044303699999999974,REJECT,tennis_predictions/price_snapshots.csv
f5d22e0b98d0f701,eb71b99b08b99028,betvictor,1.3,2026-09-29T13:13:46.945822+00:00,2026-09-29T13:13:48.871244+00:00,1186.2,-0.044303699999999974,REJECT,tennis_predictions/price_snapshots.csv
fda3c0a846efadba,eb71b99b08b99028,betway,1.3,2026-09-29T13:13:46.945822+00:00,2026-09-29T13:13:48.871244+00:00,1186.2,-0.044303699999999974,REJECT,tennis_predictions/price_snapshots.csv
d5aa8a00926844d3,eb71b99b08b99028,boylesports,1.33,2026-09-29T13:13:46.945822+00:00,2026-09-29T13:13:48.871244+00:00,1186.2,-0.022249169999999957,REJECT,tennis_predictions/price_snapshots.csv
c02d8bb56d4da573,eb71b99b08b99028,casumo,1.29,2026-09-29T13:13:46.945822+00:00,2026-09-29T13:13:48.871244+00:00,1186.2,-0.05165520999999998,REJECT,tennis_predictions/price_snapshots.csv
210444d9364cd0e4,eb71b99b08b99028,coral,1.33,2026-09-29T13:13:46.945822+00:00,2026-09-29T13:13:48.871244+00:00,1186.2,-0.022249169999999957,REJECT,tennis_predictions/price_snapshots.csv
e0599aabd105a700,eb71b99b08b99028,grosvenor,1.29,2026-09-29T13:13:46.945822+00:00,2026-09-29T13:13:48.871244+00:00,1186.2,-0.05165520999999998,REJECT,tennis_predictions/price_snapshots.csv
d590fcd870118620,eb71b99b08b99028,ladbrokes_uk,1.33,2026-09-29T13:13:46.945822+00:00,2026-09-29T13:13:48.871244+00:00,1186.2,-0.022249169999999957,REJECT,tennis_predictions/price_snapshots.csv
9615275a83982dee,eb71b99b08b99028,leovegas,1.3,2026-09-29T13:13:46.945822+00:00,2026-09-29T13:13:48.871244+00:00,1186.2,-0.044303699999999974,REJECT,tennis_predictions/price_snapshots.csv
6abe78a797abd6d7,eb71b99b08b99028,livescorebet,1.29,2026-09-29T13:13:46.945822+00:00,2026-09-29T13:13:48.871244+00:00,1186.2,-0.05165520999999998,REJECT,tennis_predictions/price_snapshots.csv
baafe0fc22522c5c,eb71b99b08b99028,matchbook,1.34,2026-09-29T13:13:46.945822+00:00,2026-09-29T13:13:48.871244+00:00,1186.2,,REJECT,tennis_predictions/price_snapshots.csv
8eba6ff35e1169d8,eb71b99b08b99028,paddypower,1.29,2026-09-29T13:13:46.945822+00:00,2026-09-29T13:13:48.871244+00:00,1186.2,-0.05165520999999998,REJECT,tennis_predictions/price_snapshots.csv
4e9a64cf9ff63809,eb71b99b08b99028,skybet,1.29,2026-09-29T13:13:46.945822+00:00,2026-09-29T13:13:48.871244+00:00,1186.2,-0.05165520999999998,REJECT,tennis_predictions/price_snapshots.csv
a12db8a8c06f09c5,eb71b99b08b99028,smarkets,1.33,2026-09-29T13:13:46.945822+00:00,2026-09-29T13:13:48.871244+00:00,1186.2,-0.02710116659999995,REJECT,tennis_predictions/price_snapshots.csv
68ee5ab116ba99ee,eb71b99b08b99028,sport888,1.36,2026-09-29T13:13:46.945822+00:00,2026-09-29T13:13:48.871244+00:00,1186.2,-0.00019463999999991266,REJECT,tennis_predictions/price_snapshots.csv
5b35d82150ad2199,eb71b99b08b99028,unibet_uk,1.29,2026-09-29T13:13:46.945822+00:00,2026-09-29T13:13:48.871244+00:00,1186.2,-0.05165520999999998,REJECT,tennis_predictions/price_snapshots.csv
a83b285e4cf36858,eb71b99b08b99028,virginbet,1.29,2026-09-29T13:13:46.945822+00:00,2026-09-29T13:13:48.871244+00:00,1186.2,-0.05165520999999998,REJECT,tennis_predictions/price_snapshots.csv
b73ad84ba9900036,eb71b99b08b99028,williamhill,1.36,2026-09-29T13:13:46.945822+00:00,2026-09-29T13:13:48.871244+00:00,1186.2,-0.00019463999999991266,REJECT,tennis_predictions/price_snapshots.csv
7105ad2797cdd9cb,7621bbe383afe3e5,betfair_ex_uk,1.44,2026-09-29T13:13:46.945822+00:00,2026-09-29T13:13:48.871244+00:00,1306.2,-0.019468598000000004,REJECT,unified_ledger.live_price
1b0d7e78677dcf8b,7621bbe383afe3e5,betano_uk,1.4,2026-09-29T13:13:46.945822+00:00,2026-09-29T13:13:48.871244+00:00,1306.2,-0.03191540000000004,REJECT,tennis_predictions/price_snapshots.csv
8c7a40699c227687,7621bbe383afe3e5,betvictor,1.4,2026-09-29T13:13:46.945822+00:00,2026-09-29T13:13:48.871244+00:00,1306.2,-0.03191540000000004,REJECT,tennis_predictions/price_snapshots.csv
058cf6620f5e9754,7621bbe383afe3e5,betway,1.38,2026-09-29T13:13:46.945822+00:00,2026-09-29T13:13:48.871244+00:00,1306.2,-0.04574518000000005,REJECT,tennis_predictions/price_snapshots.csv
7faf7a9a7425900b,7621bbe383afe3e5,boylesports,1.44,2026-09-29T13:13:46.945822+00:00,2026-09-29T13:13:48.871244+00:00,1306.2,-0.004255840000000011,REJECT,tennis_predictions/price_snapshots.csv
00ec4783c233cbbb,7621bbe383afe3e5,casumo,1.42,2026-09-29T13:13:46.945822+00:00,2026-09-29T13:13:48.871244+00:00,1306.2,-0.018085620000000024,REJECT,tennis_predictions/price_snapshots.csv
24e265eeab9f386d,7621bbe383afe3e5,coral,1.4,2026-09-29T13:13:46.945822+00:00,2026-09-29T13:13:48.871244+00:00,1306.2,-0.03191540000000004,REJECT,tennis_predictions/price_snapshots.csv
63d2fdd60b2eae78,7621bbe383afe3e5,grosvenor,1.42,2026-09-29T13:13:46.945822+00:00,2026-09-29T13:13:48.871244+00:00,1306.2,-0.018085620000000024,REJECT,tennis_predictions/price_snapshots.csv
7721675fc1018c83,7621bbe383afe3e5,ladbrokes_uk,1.4,2026-09-29T13:13:46.945822+00:00,2026-09-29T13:13:48.871244+00:00,1306.2,-0.03191540000000004,REJECT,tennis_predictions/price_snapshots.csv
e75b53914b41952d,7621bbe383afe3e5,leovegas,1.4,2026-09-29T13:13:46.945822+00:00,2026-09-29T13:13:48.871244+00:00,1306.2,-0.03191540000000004,REJECT,tennis_predictions/price_snapshots.csv
75626b58705d1313,7621bbe383afe3e5,livescorebet,1.42,2026-09-29T13:13:46.945822+00:00,2026-09-29T13:13:48.871244+00:00,1306.2,-0.018085620000000024,REJECT,tennis_predictions/price_snapshots.csv
1beb99ef432ed7b1,7621bbe383afe3e5,matchbook,1.44,2026-09-29T13:13:46.945822+00:00,2026-09-29T13:13:48.871244+00:00,1306.2,,REJECT,tennis_predictions/price_snapshots.csv
d70a7dfe3b4ab98c,7621bbe383afe3e5,paddypower,1.36,2026-09-29T13:13:46.945822+00:00,2026-09-29T13:13:48.871244+00:00,1306.2,-0.0595749599999999,REJECT,tennis_predictions/price_snapshots.csv
4f5afe1824fbe906,7621bbe383afe3e5,skybet,1.36,2026-09-29T13:13:46.945822+00:00,2026-09-29T13:13:48.871244+00:00,1306.2,-0.0595749599999999,REJECT,tennis_predictions/price_snapshots.csv
fc3df8939a577668,7621bbe383afe3e5,smarkets,1.42,2026-09-29T13:13:46.945822+00:00,2026-09-29T13:13:48.871244+00:00,1306.2,-0.023894127600000037,REJECT,tennis_predictions/price_snapshots.csv
35836644eb422d5a,7621bbe383afe3e5,sport888,1.44,2026-09-29T13:13:46.945822+00:00,2026-09-29T13:13:48.871244+00:00,1306.2,-0.004255840000000011,REJECT,tennis_predictions/price_snapshots.csv
23199a0c6b6bb3e0,7621bbe383afe3e5,unibet_uk,1.42,2026-09-29T13:13:46.945822+00:00,2026-09-29T13:13:48.871244+00:00,1306.2,-0.018085620000000024,REJECT,tennis_predictions/price_snapshots.csv
b5a8894d6972b799,7621bbe383afe3e5,virginbet,1.42,2026-09-29T13:13:46.945822+00:00,2026-09-29T13:13:48.871244+00:00,1306.2,-0.018085620000000024,REJECT,tennis_predictions/price_snapshots.csv
d533c26e23fa7ee0,7621bbe383afe3e5,williamhill,1.44,2026-09-29T13:13:46.945822+00:00,2026-09-29T13:13:48.871244+00:00,1306.2,-0.004255840000000011,REJECT,tennis_predictions/price_snapshots.csv
ec3443e2277428e0,33f43c3f2ca059e8,betfair_ex_uk,1.42,2026-09-29T13:13:46.945822+00:00,2026-09-29T13:13:48.871244+00:00,2206.2,-0.07825066300000011,WATCH,unified_ledger.live_price
858bdcf04e496f3b,33f43c3f2ca059e8,betano_uk,1.57,2026-09-29T13:13:46.945822+00:00,2026-09-29T13:13:48.871244+00:00,2206.2,0.03441491000000002,WATCH,tennis_predictions/price_snapshots.csv
c55c391795d0c8bc,33f43c3f2ca059e8,betfair_sb_uk,1.62,2026-09-29T13:13:46.945822+00:00,2026-09-29T13:13:48.871244+00:00,2206.2,0.06735806000000005,WATCH,tennis_predictions/price_snapshots.csv
24365a4fa17bc9bf,33f43c3f2ca059e8,betvictor,1.57,2026-09-29T13:13:46.945822+00:00,2026-09-29T13:13:48.871244+00:00,2206.2,0.03441491000000002,WATCH,tennis_predictions/price_snapshots.csv
3fbc7e5e285e3631,33f43c3f2ca059e8,boylesports,1.62,2026-09-29T13:13:46.945822+00:00,2026-09-29T13:13:48.871244+00:00,2206.2,0.06735806000000005,WATCH,tennis_predictions/price_snapshots.csv
de76a1b00c6ccca6,33f43c3f2ca059e8,casumo,1.53,2026-09-29T13:13:46.945822+00:00,2026-09-29T13:13:48.871244+00:00,2206.2,0.008060389999999973,WATCH,tennis_predictions/price_snapshots.csv
59fcd06f5f1d17ae,33f43c3f2ca059e8,grosvenor,1.53,2026-09-29T13:13:46.945822+00:00,2026-09-29T13:13:48.871244+00:00,2206.2,0.008060389999999973,WATCH,tennis_predictions/price_snapshots.csv
c1be25e69fa6ed55,33f43c3f2ca059e8,leovegas,1.57,2026-09-29T13:13:46.945822+00:00,2026-09-29T13:13:48.871244+00:00,2206.2,0.03441491000000002,WATCH,tennis_predictions/price_snapshots.csv
fd689faa82c5d385,33f43c3f2ca059e8,livescorebet,1.53,2026-09-29T13:13:46.945822+00:00,2026-09-29T13:13:48.871244+00:00,2206.2,0.008060389999999973,WATCH,tennis_predictions/price_snapshots.csv
6ad77fde2da0df4d,33f43c3f2ca059e8,paddypower,1.57,2026-09-29T13:13:46.945822+00:00,2026-09-29T13:13:48.871244+00:00,2206.2,0.03441491000000002,WATCH,tennis_predictions/price_snapshots.csv
5e8a87234882e7ff,33f43c3f2ca059e8,skybet,1.57,2026-09-29T13:13:46.945822+00:00,2026-09-29T13:13:48.871244+00:00,2206.2,0.03441491000000002,WATCH,tennis_predictions/price_snapshots.csv
e4d6cad3ab0ac1aa,33f43c3f2ca059e8,smarkets,1.51,2026-09-29T13:13:46.945822+00:00,2026-09-29T13:13:48.871244+00:00,2206.2,-0.01183727260000006,WATCH,tennis_predictions/price_snapshots.csv
361ecfb86cf48dc5,33f43c3f2ca059e8,sport888,1.61,2026-09-29T13:13:46.945822+00:00,2026-09-29T13:13:48.871244+00:00,2206.2,0.06076943000000001,WATCH,tennis_predictions/price_snapshots.csv
97f4bcee5ed1084a,33f43c3f2ca059e8,unibet_uk,1.58,2026-09-29T13:13:46.945822+00:00,2026-09-29T13:13:48.871244+00:00,2206.2,0.041003540000000005,WATCH,tennis_predictions/price_snapshots.csv
623f149db9ec917d,33f43c3f2ca059e8,virginbet,1.53,2026-09-29T13:13:46.945822+00:00,2026-09-29T13:13:48.871244+00:00,2206.2,0.008060389999999973,WATCH,tennis_predictions/price_snapshots.csv
5066fc2677c91775,33f43c3f2ca059e8,williamhill,1.62,2026-09-29T13:13:46.945822+00:00,2026-09-29T13:13:48.871244+00:00,2206.2,0.06735806000000005,WATCH,tennis_predictions/price_snapshots.csv
4ed1e93f3f4a9d79,856e0cced52d1d67,betfair_ex_uk,1.25,2026-09-29T13:13:46.945822+00:00,2026-09-29T13:13:48.871244+00:00,2206.2,-0.013587512500000065,REJECT,unified_ledger.live_price
0fde42fdf04b03ee,856e0cced52d1d67,betano_uk,1.2,2026-09-29T13:13:46.945822+00:00,2026-09-29T13:13:48.871244+00:00,2206.2,-0.043478800000000095,REJECT,tennis_predictions/price_snapshots.csv
a8289c9d166d8daa,856e0cced52d1d67,betfair_sb_uk,1.22,2026-09-29T13:13:46.945822+00:00,2026-09-29T13:13:48.871244+00:00,2206.2,-0.027536780000000094,REJECT,tennis_predictions/price_snapshots.csv
8f6fd8ae2a67b38c,856e0cced52d1d67,betvictor,1.2,2026-09-29T13:13:46.945822+00:00,2026-09-29T13:13:48.871244+00:00,2206.2,-0.043478800000000095,REJECT,tennis_predictions/price_snapshots.csv
044b517d2b7e3092,856e0cced52d1d67,betway,1.22,2026-09-29T13:13:46.945822+00:00,2026-09-29T13:13:48.871244+00:00,2206.2,-0.027536780000000094,REJECT,tennis_predictions/price_snapshots.csv
946f9cae222590b5,856e0cced52d1d67,boylesports,1.2,2026-09-29T13:13:46.945822+00:00,2026-09-29T13:13:48.871244+00:00,2206.2,-0.043478800000000095,REJECT,tennis_predictions/price_snapshots.csv
93eaac5f670402f5,856e0cced52d1d67,casumo,1.18,2026-09-29T13:13:46.945822+00:00,2026-09-29T13:13:48.871244+00:00,2206.2,-0.059420820000000124,REJECT,tennis_predictions/price_snapshots.csv
b80f8ccf9a031084,856e0cced52d1d67,coral,1.22,2026-09-29T13:13:46.945822+00:00,2026-09-29T13:13:48.871244+00:00,2206.2,-0.027536780000000094,REJECT,tennis_predictions/price_snapshots.csv
15e6afeccd5c312f,856e0cced52d1d67,grosvenor,1.18,2026-09-29T13:13:46.945822+00:00,2026-09-29T13:13:48.871244+00:00,2206.2,-0.059420820000000124,REJECT,tennis_predictions/price_snapshots.csv
25d21a034c854f46,856e0cced52d1d67,ladbrokes_uk,1.22,2026-09-29T13:13:46.945822+00:00,2026-09-29T13:13:48.871244+00:00,2206.2,-0.027536780000000094,REJECT,tennis_predictions/price_snapshots.csv
321487faf4818733,856e0cced52d1d67,leovegas,1.2,2026-09-29T13:13:46.945822+00:00,2026-09-29T13:13:48.871244+00:00,2206.2,-0.043478800000000095,REJECT,tennis_predictions/price_snapshots.csv
26212f555a2ba6aa,856e0cced52d1d67,livescorebet,1.18,2026-09-29T13:13:46.945822+00:00,2026-09-29T13:13:48.871244+00:00,2206.2,-0.059420820000000124,REJECT,tennis_predictions/price_snapshots.csv
73a38fefcbeb6b72,856e0cced52d1d67,matchbook,1.25,2026-09-29T13:13:46.945822+00:00,2026-09-29T13:13:48.871244+00:00,2206.2,,REJECT,tennis_predictions/price_snapshots.csv
3458181970e7acb3,856e0cced52d1d67,paddypower,1.2,2026-09-29T13:13:46.945822+00:00,2026-09-29T13:13:48.871244+00:00,2206.2,-0.043478800000000095,REJECT,tennis_predictions/price_snapshots.csv
b487140308b0c698,856e0cced52d1d67,skybet,1.2,2026-09-29T13:13:46.945822+00:00,2026-09-29T13:13:48.871244+00:00,2206.2,-0.043478800000000095,REJECT,tennis_predictions/price_snapshots.csv
eb16a9b69930db03,856e0cced52d1d67,smarkets,1.23,2026-09-29T13:13:46.945822+00:00,2026-09-29T13:13:48.871244+00:00,2206.2,-0.023232434600000074,REJECT,tennis_predictions/price_snapshots.csv
2a50817662e95c6e,856e0cced52d1d67,sport888,1.22,2026-09-29T13:13:46.945822+00:00,2026-09-29T13:13:48.871244+00:00,2206.2,-0.027536780000000094,REJECT,tennis_predictions/price_snapshots.csv
44f5f711478e806a,856e0cced52d1d67,virginbet,1.18,2026-09-29T13:13:46.945822+00:00,2026-09-29T13:13:48.871244+00:00,2206.2,-0.059420820000000124,REJECT,tennis_predictions/price_snapshots.csv
e08d8fd8f64d4516,856e0cced52d1d67,williamhill,1.22,2026-09-29T13:13:46.945822+00:00,2026-09-29T13:13:48.871244+00:00,2206.2,-0.027536780000000094,REJECT,tennis_predictions/price_snapshots.csv
af07d72d6659c2dd,b8d39fc2b30b412e,betfair_ex_uk,1.66,2026-09-29T13:13:46.945822+00:00,2026-09-29T13:13:48.871244+00:00,2206.2,-0.026146133999999988,REJECT,unified_ledger.live_price
cbae7d8fefb60cb3,b8d39fc2b30b412e,betano_uk,1.57,2026-09-29T13:13:46.945822+00:00,2026-09-29T13:13:48.871244+00:00,2206.2,-0.060263939999999905,REJECT,tennis_predictions/price_snapshots.csv
14892efb1d7cca85,b8d39fc2b30b412e,betfair_sb_uk,1.62,2026-09-29T13:13:46.945822+00:00,2026-09-29T13:13:48.871244+00:00,2206.2,-0.030336039999999898,REJECT,tennis_predictions/price_snapshots.csv
3d1425e75ef35c55,b8d39fc2b30b412e,betvictor,1.57,2026-09-29T13:13:46.945822+00:00,2026-09-29T13:13:48.871244+00:00,2206.2,-0.060263939999999905,REJECT,tennis_predictions/price_snapshots.csv
96a76a4bab2b19eb,b8d39fc2b30b412e,betway,1.6,2026-09-29T13:13:46.945822+00:00,2026-09-29T13:13:48.871244+00:00,2206.2,-0.04230719999999988,REJECT,tennis_predictions/price_snapshots.csv
f2471b64f3b2eb46,b8d39fc2b30b412e,boylesports,1.62,2026-09-29T13:13:46.945822+00:00,2026-09-29T13:13:48.871244+00:00,2206.2,-0.030336039999999898,REJECT,tennis_predictions/price_snapshots.csv
5eee9d91a510c10d,b8d39fc2b30b412e,casumo,1.57,2026-09-29T13:13:46.945822+00:00,2026-09-29T13:13:48.871244+00:00,2206.2,-0.060263939999999905,REJECT,tennis_predictions/price_snapshots.csv
5a1da2d87f165ab8,b8d39fc2b30b412e,coral,1.55,2026-09-29T13:13:46.945822+00:00,2026-09-29T13:13:48.871244+00:00,2206.2,-0.07223509999999994,REJECT,tennis_predictions/price_snapshots.csv
d7e94e60e7195c19,b8d39fc2b30b412e,grosvenor,1.57,2026-09-29T13:13:46.945822+00:00,2026-09-29T13:13:48.871244+00:00,2206.2,-0.060263939999999905,REJECT,tennis_predictions/price_snapshots.csv
da84606d7433ac4d,b8d39fc2b30b412e,ladbrokes_uk,1.55,2026-09-29T13:13:46.945822+00:00,2026-09-29T13:13:48.871244+00:00,2206.2,-0.07223509999999994,REJECT,tennis_predictions/price_snapshots.csv
333b5272b224b5a3,b8d39fc2b30b412e,leovegas,1.55,2026-09-29T13:13:46.945822+00:00,2026-09-29T13:13:48.871244+00:00,2206.2,-0.07223509999999994,REJECT,tennis_predictions/price_snapshots.csv
8d1fa83a04647d3b,b8d39fc2b30b412e,livescorebet,1.58,2026-09-29T13:13:46.945822+00:00,2026-09-29T13:13:48.871244+00:00,2206.2,-0.054278359999999914,REJECT,tennis_predictions/price_snapshots.csv
081679e090a49b3a,b8d39fc2b30b412e,matchbook,1.66,2026-09-29T13:13:46.945822+00:00,2026-09-29T13:13:48.871244+00:00,2206.2,,REJECT,tennis_predictions/price_snapshots.csv
ac19c14e92a5c4c6,b8d39fc2b30b412e,paddypower,1.57,2026-09-29T13:13:46.945822+00:00,2026-09-29T13:13:48.871244+00:00,2206.2,-0.060263939999999905,REJECT,tennis_predictions/price_snapshots.csv
e7f9e799199f685d,b8d39fc2b30b412e,skybet,1.57,2026-09-29T13:13:46.945822+00:00,2026-09-29T13:13:48.871244+00:00,2206.2,-0.060263939999999905,REJECT,tennis_predictions/price_snapshots.csv
dbc42a9ac4f1df28,b8d39fc2b30b412e,smarkets,1.64,2026-09-29T13:13:46.945822+00:00,2026-09-29T13:13:48.871244+00:00,2206.2,-0.026026422400000027,REJECT,tennis_predictions/price_snapshots.csv
167e2ef9bd3a9f77,b8d39fc2b30b412e,sport888,1.61,2026-09-29T13:13:46.945822+00:00,2026-09-29T13:13:48.871244+00:00,2206.2,-0.03632161999999989,REJECT,tennis_predictions/price_snapshots.csv
40ee009ca4f88aae,b8d39fc2b30b412e,unibet_uk,1.55,2026-09-29T13:13:46.945822+00:00,2026-09-29T13:13:48.871244+00:00,2206.2,-0.07223509999999994,REJECT,tennis_predictions/price_snapshots.csv
46b7b36d760d64de,b8d39fc2b30b412e,virginbet,1.58,2026-09-29T13:13:46.945822+00:00,2026-09-29T13:13:48.871244+00:00,2206.2,-0.054278359999999914,REJECT,tennis_predictions/price_snapshots.csv
b2e7f2ed24ad0c72,b8d39fc2b30b412e,williamhill,1.62,2026-09-29T13:13:46.945822+00:00,2026-09-29T13:13:48.871244+00:00,2206.2,-0.030336039999999898,REJECT,tennis_predictions/price_snapshots.csv
abf0ac34c693dcb4,d8a56c0c6f39868e,betfair_ex_uk,1.1,2026-09-29T13:13:46.945822+00:00,2026-09-29T13:13:48.871244+00:00,2206.2,-0.01155882999999995,MULTI_RESEARCH_ELIGIBLE,unified_ledger.live_price
ecdeb6e63f0e91b9,d8a56c0c6f39868e,betano_uk,1.07,2026-09-29T13:13:46.945822+00:00,2026-09-29T13:13:48.871244+00:00,2206.2,-0.03412597999999996,MULTI_RESEARCH_ELIGIBLE,tennis_predictions/price_snapshots.csv
c56b7f877ec5b042,d8a56c0c6f39868e,betfair_sb_uk,1.06,2026-09-29T13:13:46.945822+00:00,2026-09-29T13:13:48.871244+00:00,2206.2,-0.04315283999999996,MULTI_RESEARCH_ELIGIBLE,tennis_predictions/price_snapshots.csv
48892af5ecbb4818,d8a56c0c6f39868e,betvictor,1.07,2026-09-29T13:13:46.945822+00:00,2026-09-29T13:13:48.871244+00:00,2206.2,-0.03412597999999996,MULTI_RESEARCH_ELIGIBLE,tennis_predictions/price_snapshots.csv
ae631eeaed040ecb,d8a56c0c6f39868e,betway,1.07,2026-09-29T13:13:46.945822+00:00,2026-09-29T13:13:48.871244+00:00,2206.2,-0.03412597999999996,MULTI_RESEARCH_ELIGIBLE,tennis_predictions/price_snapshots.csv
0c4e8c9a5c52bf1f,d8a56c0c6f39868e,boylesports,1.1,2026-09-29T13:13:46.945822+00:00,2026-09-29T13:13:48.871244+00:00,2206.2,-0.007045399999999938,MULTI_RESEARCH_ELIGIBLE,tennis_predictions/price_snapshots.csv
7ec025b1956be2fc,d8a56c0c6f39868e,casumo,1.05,2026-09-29T13:13:46.945822+00:00,2026-09-29T13:13:48.871244+00:00,2206.2,-0.052179699999999975,MULTI_RESEARCH_ELIGIBLE,tennis_predictions/price_snapshots.csv
f3f0e076630f9b0e,d8a56c0c6f39868e,coral,1.07,2026-09-29T13:13:46.945822+00:00,2026-09-29T13:13:48.871244+00:00,2206.2,-0.03412597999999996,MULTI_RESEARCH_ELIGIBLE,tennis_predictions/price_snapshots.csv
4ce56e6891374615,d8a56c0c6f39868e,grosvenor,1.05,2026-09-29T13:13:46.945822+00:00,2026-09-29T13:13:48.871244+00:00,2206.2,-0.052179699999999975,MULTI_RESEARCH_ELIGIBLE,tennis_predictions/price_snapshots.csv
b14a9671a3102576,d8a56c0c6f39868e,ladbrokes_uk,1.07,2026-09-29T13:13:46.945822+00:00,2026-09-29T13:13:48.871244+00:00,2206.2,-0.03412597999999996,MULTI_RESEARCH_ELIGIBLE,tennis_predictions/price_snapshots.csv
002a14de25c7e7d8,d8a56c0c6f39868e,leovegas,1.05,2026-09-29T13:13:46.945822+00:00,2026-09-29T13:13:48.871244+00:00,2206.2,-0.052179699999999975,MULTI_RESEARCH_ELIGIBLE,tennis_predictions/price_snapshots.csv
99b8bb3bed64032d,d8a56c0c6f39868e,livescorebet,1.05,2026-09-29T13:13:46.945822+00:00,2026-09-29T13:13:48.871244+00:00,2206.2,-0.052179699999999975,MULTI_RESEARCH_ELIGIBLE,tennis_predictions/price_snapshots.csv
0c59befd0e7b56c7,d8a56c0c6f39868e,matchbook,1.1,2026-09-29T13:13:46.945822+00:00,2026-09-29T13:13:48.871244+00:00,2206.2,,MULTI_RESEARCH_ELIGIBLE,tennis_predictions/price_snapshots.csv
1aeec69282a18f5a,d8a56c0c6f39868e,paddypower,1.05,2026-09-29T13:13:46.945822+00:00,2026-09-29T13:13:48.871244+00:00,2206.2,-0.052179699999999975,MULTI_RESEARCH_ELIGIBLE,tennis_predictions/price_snapshots.csv
6c6ac00328a781e6,d8a56c0c6f39868e,skybet,1.05,2026-09-29T13:13:46.945822+00:00,2026-09-29T13:13:48.871244+00:00,2206.2,-0.052179699999999975,MULTI_RESEARCH_ELIGIBLE,tennis_predictions/price_snapshots.csv
5dc8ab8b7acf3c2c,d8a56c0c6f39868e,smarkets,1.09,2026-09-29T13:13:46.945822+00:00,2026-09-29T13:13:48.871244+00:00,2206.2,-0.017697094799999938,MULTI_RESEARCH_ELIGIBLE,tennis_predictions/price_snapshots.csv
f5067a2ef64eadf2,d8a56c0c6f39868e,sport888,1.05,2026-09-29T13:13:46.945822+00:00,2026-09-29T13:13:48.871244+00:00,2206.2,-0.052179699999999975,MULTI_RESEARCH_ELIGIBLE,tennis_predictions/price_snapshots.csv
abd8b26e727cb44f,d8a56c0c6f39868e,unibet_uk,1.06,2026-09-29T13:13:46.945822+00:00,2026-09-29T13:13:48.871244+00:00,2206.2,-0.04315283999999996,MULTI_RESEARCH_ELIGIBLE,tennis_predictions/price_snapshots.csv
398355be2c743836,d8a56c0c6f39868e,virginbet,1.05,2026-09-29T13:13:46.945822+00:00,2026-09-29T13:13:48.871244+00:00,2206.2,-0.052179699999999975,MULTI_RESEARCH_ELIGIBLE,tennis_predictions/price_snapshots.csv
2f0042df34980a38,d8a56c0c6f39868e,williamhill,1.05,2026-09-29T13:13:46.945822+00:00,2026-09-29T13:13:48.871244+00:00,2206.2,-0.052179699999999975,MULTI_RESEARCH_ELIGIBLE,tennis_predictions/price_snapshots.csv
60cc5902d28bb4a7,28f679098416c079,betfair_ex_uk,1.56,2026-09-29T13:13:46.945822+00:00,2026-09-29T13:13:48.871244+00:00,2206.2,-0.02235419999999999,REJECT,unified_ledger.live_price
c71b2e18133b3d8b,28f679098416c079,betano_uk,1.45,2026-09-29T13:13:46.945822+00:00,2026-09-29T13:13:48.871244+00:00,2206.2,-0.07468250000000004,REJECT,tennis_predictions/price_snapshots.csv
46e5e3b9ab421aec,28f679098416c079,betfair_sb_uk,1.53,2026-09-29T13:13:46.945822+00:00,2026-09-29T13:13:48.871244+00:00,2206.2,-0.0236305,REJECT,tennis_predictions/price_snapshots.csv
cd695528bb9df947,28f679098416c079,betvictor,1.45,2026-09-29T13:13:46.945822+00:00,2026-09-29T13:13:48.871244+00:00,2206.2,-0.07468250000000004,REJECT,tennis_predictions/price_snapshots.csv
43b203ba58493702,28f679098416c079,betway,1.5,2026-09-29T13:13:46.945822+00:00,2026-09-29T13:13:48.871244+00:00,2206.2,-0.04277500000000001,REJECT,tennis_predictions/price_snapshots.csv
c97c39254527f452,28f679098416c079,boylesports,1.5,2026-09-29T13:13:46.945822+00:00,2026-09-29T13:13:48.871244+00:00,2206.2,-0.04277500000000001,REJECT,tennis_predictions/price_snapshots.csv
302e3e9565ca48d2,28f679098416c079,casumo,1.47,2026-09-29T13:13:46.945822+00:00,2026-09-29T13:13:48.871244+00:00,2206.2,-0.061919500000000016,REJECT,tennis_predictions/price_snapshots.csv
2112f81352b2dcc8,28f679098416c079,coral,1.48,2026-09-29T13:13:46.945822+00:00,2026-09-29T13:13:48.871244+00:00,2206.2,-0.05553800000000003,REJECT,tennis_predictions/price_snapshots.csv
c766e4707876927c,28f679098416c079,grosvenor,1.47,2026-09-29T13:13:46.945822+00:00,2026-09-29T13:13:48.871244+00:00,2206.2,-0.061919500000000016,REJECT,tennis_predictions/price_snapshots.csv
b90827cdb9e157de,28f679098416c079,ladbrokes_uk,1.48,2026-09-29T13:13:46.945822+00:00,2026-09-29T13:13:48.871244+00:00,2206.2,-0.05553800000000003,REJECT,tennis_predictions/price_snapshots.csv
d4c0f68f5910256f,28f679098416c079,leovegas,1.47,2026-09-29T13:13:46.945822+00:00,2026-09-29T13:13:48.871244+00:00,2206.2,-0.061919500000000016,REJECT,tennis_predictions/price_snapshots.csv
6121e3035dcf2da1,28f679098416c079,livescorebet,1.47,2026-09-29T13:13:46.945822+00:00,2026-09-29T13:13:48.871244+00:00,2206.2,-0.061919500000000016,REJECT,tennis_predictions/price_snapshots.csv
302221ecfd121e8f,28f679098416c079,matchbook,1.56,2026-09-29T13:13:46.945822+00:00,2026-09-29T13:13:48.871244+00:00,2206.2,,REJECT,tennis_predictions/price_snapshots.csv
dd8b15d29deff6f9,28f679098416c079,paddypower,1.5,2026-09-29T13:13:46.945822+00:00,2026-09-29T13:13:48.871244+00:00,2206.2,-0.04277500000000001,REJECT,tennis_predictions/price_snapshots.csv
f58cbb744530fa80,28f679098416c079,skybet,1.5,2026-09-29T13:13:46.945822+00:00,2026-09-29T13:13:48.871244+00:00,2206.2,-0.04277500000000001,REJECT,tennis_predictions/price_snapshots.csv
c201fe3b3086b4b7,28f679098416c079,smarkets,1.53,2026-09-29T13:13:46.945822+00:00,2026-09-29T13:13:48.871244+00:00,2206.2,-0.030394890000000008,REJECT,tennis_predictions/price_snapshots.csv
74860880a96c0aa2,28f679098416c079,sport888,1.5,2026-09-29T13:13:46.945822+00:00,2026-09-29T13:13:48.871244+00:00,2206.2,-0.04277500000000001,REJECT,tennis_predictions/price_snapshots.csv
96f2c19ffdc36868,28f679098416c079,unibet_uk,1.48,2026-09-29T13:13:46.945822+00:00,2026-09-29T13:13:48.871244+00:00,2206.2,-0.05553800000000003,REJECT,tennis_predictions/price_snapshots.csv
499869b2c050962d,28f679098416c079,virginbet,1.47,2026-09-29T13:13:46.945822+00:00,2026-09-29T13:13:48.871244+00:00,2206.2,-0.061919500000000016,REJECT,tennis_predictions/price_snapshots.csv
24cd0b66aa95e03d,28f679098416c079,williamhill,1.5,2026-09-29T13:13:46.945822+00:00,2026-09-29T13:13:48.871244+00:00,2206.2,-0.04277500000000001,REJECT,tennis_predictions/price_snapshots.csv
e904084bf232e790,80698cbad2885edd,betfair_ex_uk,1.76,2026-09-29T13:13:46.945822+00:00,2026-09-29T13:13:48.871244+00:00,2206.2,-0.09312247599999995,REJECT,unified_ledger.live_price
98b7cd458dff1bdb,80698cbad2885edd,betano_uk,1.67,2026-09-29T13:13:46.945822+00:00,2026-09-29T13:13:48.871244+00:00,2206.2,-0.12050785999999997,REJECT,tennis_predictions/price_snapshots.csv
9bf33a95088300a1,80698cbad2885edd,betfair_sb_uk,1.67,2026-09-29T13:13:46.945822+00:00,2026-09-29T13:13:48.871244+00:00,2206.2,-0.12050785999999997,REJECT,tennis_predictions/price_snapshots.csv
9b55bbd1420d7f98,80698cbad2885edd,betvictor,1.67,2026-09-29T13:13:46.945822+00:00,2026-09-29T13:13:48.871244+00:00,2206.2,-0.12050785999999997,REJECT,tennis_predictions/price_snapshots.csv
3bcd86185a224e28,80698cbad2885edd,boylesports,1.67,2026-09-29T13:13:46.945822+00:00,2026-09-29T13:13:48.871244+00:00,2206.2,-0.12050785999999997,REJECT,tennis_predictions/price_snapshots.csv
1c83c4d95c2d310f,80698cbad2885edd,casumo,1.72,2026-09-29T13:13:46.945822+00:00,2026-09-29T13:13:48.871244+00:00,2206.2,-0.09417575999999994,REJECT,tennis_predictions/price_snapshots.csv
c8a42f034707fbb0,80698cbad2885edd,grosvenor,1.72,2026-09-29T13:13:46.945822+00:00,2026-09-29T13:13:48.871244+00:00,2206.2,-0.09417575999999994,REJECT,tennis_predictions/price_snapshots.csv
540317ea74bd3f29,80698cbad2885edd,leovegas,1.62,2026-09-29T13:13:46.945822+00:00,2026-09-29T13:13:48.871244+00:00,2206.2,-0.14683995999999988,REJECT,tennis_predictions/price_snapshots.csv
b25e45983f29def1,80698cbad2885edd,livescorebet,1.72,2026-09-29T13:13:46.945822+00:00,2026-09-29T13:13:48.871244+00:00,2206.2,-0.09417575999999994,REJECT,tennis_predictions/price_snapshots.csv
c0e9151cfc71148d,80698cbad2885edd,paddypower,1.62,2026-09-29T13:13:46.945822+00:00,2026-09-29T13:13:48.871244+00:00,2206.2,-0.14683995999999988,REJECT,tennis_predictions/price_snapshots.csv
be6770c19cfbd937,80698cbad2885edd,skybet,1.62,2026-09-29T13:13:46.945822+00:00,2026-09-29T13:13:48.871244+00:00,2206.2,-0.14683995999999988,REJECT,tennis_predictions/price_snapshots.csv
06a74847b23793a3,80698cbad2885edd,smarkets,1.58,2026-09-29T13:13:46.945822+00:00,2026-09-29T13:13:48.871244+00:00,2206.2,-0.17401468719999985,REJECT,tennis_predictions/price_snapshots.csv
c92e510ad31752e1,80698cbad2885edd,sport888,1.67,2026-09-29T13:13:46.945822+00:00,2026-09-29T13:13:48.871244+00:00,2206.2,-0.12050785999999997,REJECT,tennis_predictions/price_snapshots.csv
d17eedc83c1f0990,80698cbad2885edd,virginbet,1.72,2026-09-29T13:13:46.945822+00:00,2026-09-29T13:13:48.871244+00:00,2206.2,-0.09417575999999994,REJECT,tennis_predictions/price_snapshots.csv
2fd0879f247054ee,80698cbad2885edd,williamhill,1.67,2026-09-29T13:13:46.945822+00:00,2026-09-29T13:13:48.871244+00:00,2206.2,-0.12050785999999997,REJECT,tennis_predictions/price_snapshots.csv
3e19df052c658285,8a189816861d6bc0,betfair_ex_uk,1.06,2026-09-29T13:13:46.945822+00:00,2026-09-29T13:13:48.871244+00:00,2206.2,-0.06608870699999993,MULTI_RESEARCH_ELIGIBLE,unified_ledger.live_price
ec661e3d6fba2dab,8a189816861d6bc0,betano_uk,1.25,2026-09-29T13:13:46.945822+00:00,2026-09-29T13:13:48.871244+00:00,2206.2,0.10443625000000004,MULTI_RESEARCH_ELIGIBLE,tennis_predictions/price_snapshots.csv
4fd2120b57427656,8a189816861d6bc0,betfair_sb_uk,1.29,2026-09-29T13:13:46.945822+00:00,2026-09-29T13:13:48.871244+00:00,2206.2,0.13977821000000007,MULTI_RESEARCH_ELIGIBLE,tennis_predictions/price_snapshots.csv
b38bc8ecb2a74679,8a189816861d6bc0,betvictor,1.25,2026-09-29T13:13:46.945822+00:00,2026-09-29T13:13:48.871244+00:00,2206.2,0.10443625000000004,MULTI_RESEARCH_ELIGIBLE,tennis_predictions/price_snapshots.csv
1305524aea88997c,8a189816861d6bc0,boylesports,1.29,2026-09-29T13:13:46.945822+00:00,2026-09-29T13:13:48.871244+00:00,2206.2,0.13977821000000007,MULTI_RESEARCH_ELIGIBLE,tennis_predictions/price_snapshots.csv
7695ee6596a2fba3,8a189816861d6bc0,casumo,1.27,2026-09-29T13:13:46.945822+00:00,2026-09-29T13:13:48.871244+00:00,2206.2,0.12210723000000004,MULTI_RESEARCH_ELIGIBLE,tennis_predictions/price_snapshots.csv
68d28198fd388998,8a189816861d6bc0,grosvenor,1.27,2026-09-29T13:13:46.945822+00:00,2026-09-29T13:13:48.871244+00:00,2206.2,0.12210723000000004,MULTI_RESEARCH_ELIGIBLE,tennis_predictions/price_snapshots.csv
ece4daf198cc60f2,8a189816861d6bc0,leovegas,1.24,2026-09-29T13:13:46.945822+00:00,2026-09-29T13:13:48.871244+00:00,2206.2,0.09560076000000003,MULTI_RESEARCH_ELIGIBLE,tennis_predictions/price_snapshots.csv
0123056c7eaa3f88,8a189816861d6bc0,livescorebet,1.27,2026-09-29T13:13:46.945822+00:00,2026-09-29T13:13:48.871244+00:00,2206.2,0.12210723000000004,MULTI_RESEARCH_ELIGIBLE,tennis_predictions/price_snapshots.csv
50b27dcef23cccb1,8a189816861d6bc0,paddypower,1.25,2026-09-29T13:13:46.945822+00:00,2026-09-29T13:13:48.871244+00:00,2206.2,0.10443625000000004,MULTI_RESEARCH_ELIGIBLE,tennis_predictions/price_snapshots.csv
db0b922833ce8131,8a189816861d6bc0,skybet,1.25,2026-09-29T13:13:46.945822+00:00,2026-09-29T13:13:48.871244+00:00,2206.2,0.10443625000000004,MULTI_RESEARCH_ELIGIBLE,tennis_predictions/price_snapshots.csv
bea708b12456ba5e,8a189816861d6bc0,smarkets,1.21,2026-09-29T13:13:46.945822+00:00,2026-09-29T13:13:48.871244+00:00,2206.2,0.0653833842,MULTI_RESEARCH_ELIGIBLE,tennis_predictions/price_snapshots.csv
04a224b8e8355014,8a189816861d6bc0,sport888,1.29,2026-09-29T13:13:46.945822+00:00,2026-09-29T13:13:48.871244+00:00,2206.2,0.13977821000000007,MULTI_RESEARCH_ELIGIBLE,tennis_predictions/price_snapshots.csv
afb83c720ac72b0f,8a189816861d6bc0,unibet_uk,1.25,2026-09-29T13:13:46.945822+00:00,2026-09-29T13:13:48.871244+00:00,2206.2,0.10443625000000004,MULTI_RESEARCH_ELIGIBLE,tennis_predictions/price_snapshots.csv
a831350bfdecaec4,8a189816861d6bc0,virginbet,1.27,2026-09-29T13:13:46.945822+00:00,2026-09-29T13:13:48.871244+00:00,2206.2,0.12210723000000004,MULTI_RESEARCH_ELIGIBLE,tennis_predictions/price_snapshots.csv
84dbf31a87936043,8a189816861d6bc0,williamhill,1.29,2026-09-29T13:13:46.945822+00:00,2026-09-29T13:13:48.871244+00:00,2206.2,0.13977821000000007,MULTI_RESEARCH_ELIGIBLE,tennis_predictions/price_snapshots.csv
7abacd45526d2a14,80663958a1927e96,betfair_ex_uk,1.8,2026-09-29T13:13:46.945822+00:00,2026-09-29T13:13:48.871244+00:00,2206.2,-0.030914079999999955,REJECT,unified_ledger.live_price
48ea00b83ef7f2d5,80663958a1927e96,betano_uk,1.73,2026-09-29T13:13:46.945822+00:00,2026-09-29T13:13:48.871244+00:00,2206.2,-0.04743259,REJECT,tennis_predictions/price_snapshots.csv
fdb8c3c89996c5dd,80663958a1927e96,betfair_sb_uk,1.73,2026-09-29T13:13:46.945822+00:00,2026-09-29T13:13:48.871244+00:00,2206.2,-0.04743259,REJECT,tennis_predictions/price_snapshots.csv
46ecc84d34886766,80663958a1927e96,betvictor,1.73,2026-09-29T13:13:46.945822+00:00,2026-09-29T13:13:48.871244+00:00,2206.2,-0.04743259,REJECT,tennis_predictions/price_snapshots.csv
369b427be80e94f7,80663958a1927e96,betway,1.8,2026-09-29T13:13:46.945822+00:00,2026-09-29T13:13:48.871244+00:00,2206.2,-0.008889399999999936,REJECT,tennis_predictions/price_snapshots.csv
06fe02fcb071b3e3,80663958a1927e96,boylesports,1.8,2026-09-29T13:13:46.945822+00:00,2026-09-29T13:13:48.871244+00:00,2206.2,-0.008889399999999936,REJECT,tennis_predictions/price_snapshots.csv
3e022ae46aebb53e,80663958a1927e96,casumo,1.77,2026-09-29T13:13:46.945822+00:00,2026-09-29T13:13:48.871244+00:00,2206.2,-0.025407909999999923,REJECT,tennis_predictions/price_snapshots.csv
a870e6e8c25a02fd,80663958a1927e96,coral,1.75,2026-09-29T13:13:46.945822+00:00,2026-09-29T13:13:48.871244+00:00,2206.2,-0.03642024999999993,REJECT,tennis_predictions/price_snapshots.csv
629d057b0bfaf8de,80663958a1927e96,grosvenor,1.77,2026-09-29T13:13:46.945822+00:00,2026-09-29T13:13:48.871244+00:00,2206.2,-0.025407909999999923,REJECT,tennis_predictions/price_snapshots.csv
eb7b7957ef88a163,80663958a1927e96,ladbrokes_uk,1.75,2026-09-29T13:13:46.945822+00:00,2026-09-29T13:13:48.871244+00:00,2206.2,-0.03642024999999993,REJECT,tennis_predictions/price_snapshots.csv
1d34a912fd2c4972,80663958a1927e96,leovegas,1.75,2026-09-29T13:13:46.945822+00:00,2026-09-29T13:13:48.871244+00:00,2206.2,-0.03642024999999993,REJECT,tennis_predictions/price_snapshots.csv
39e99bd56318c1cf,80663958a1927e96,livescorebet,1.77,2026-09-29T13:13:46.945822+00:00,2026-09-29T13:13:48.871244+00:00,2206.2,-0.025407909999999923,REJECT,tennis_predictions/price_snapshots.csv
73637e13aec4a693,80663958a1927e96,matchbook,1.79,2026-09-29T13:13:46.945822+00:00,2026-09-29T13:13:48.871244+00:00,2206.2,,REJECT,tennis_predictions/price_snapshots.csv
2178d895a0ebd5eb,80663958a1927e96,paddypower,1.67,2026-09-29T13:13:46.945822+00:00,2026-09-29T13:13:48.871244+00:00,2206.2,-0.08046961000000002,REJECT,tennis_predictions/price_snapshots.csv
12d16f99014f297f,80663958a1927e96,skybet,1.67,2026-09-29T13:13:46.945822+00:00,2026-09-29T13:13:48.871244+00:00,2206.2,-0.08046961000000002,REJECT,tennis_predictions/price_snapshots.csv
f7387fa930cd4434,80663958a1927e96,smarkets,1.78,2026-09-29T13:13:46.945822+00:00,2026-09-29T13:13:48.871244+00:00,2206.2,-0.028491365199999952,REJECT,tennis_predictions/price_snapshots.csv
7799317e98a080fb,80663958a1927e96,sport888,1.8,2026-09-29T13:13:46.945822+00:00,2026-09-29T13:13:48.871244+00:00,2206.2,-0.008889399999999936,REJECT,tennis_predictions/price_snapshots.csv
04f9e160dab2045c,80663958a1927e96,unibet_uk,1.76,2026-09-29T13:13:46.945822+00:00,2026-09-29T13:13:48.871244+00:00,2206.2,-0.030914079999999955,REJECT,tennis_predictions/price_snapshots.csv
a4ea7163721b166a,80663958a1927e96,virginbet,1.77,2026-09-29T13:13:46.945822+00:00,2026-09-29T13:13:48.871244+00:00,2206.2,-0.025407909999999923,REJECT,tennis_predictions/price_snapshots.csv
4df59e94dee894a8,80663958a1927e96,williamhill,1.8,2026-09-29T13:13:46.945822+00:00,2026-09-29T13:13:48.871244+00:00,2206.2,-0.008889399999999936,REJECT,tennis_predictions/price_snapshots.csv
f3d7fbe59d433205,37b84c5fa9c33cd0,betfair_ex_uk,1.65,2026-09-29T13:13:46.945822+00:00,2026-09-29T13:13:48.871244+00:00,2206.2,-0.02368832249999997,REJECT,unified_ledger.live_price
aebcc2b437720894,37b84c5fa9c33cd0,betano_uk,1.57,2026-09-29T13:13:46.945822+00:00,2026-09-29T13:13:48.871244+00:00,2206.2,-0.05235898999999988,REJECT,tennis_predictions/price_snapshots.csv
66e820ab1134f657,37b84c5fa9c33cd0,betvictor,1.57,2026-09-29T13:13:46.945822+00:00,2026-09-29T13:13:48.871244+00:00,2206.2,-0.05235898999999988,REJECT,tennis_predictions/price_snapshots.csv
02db350177b7c972,37b84c5fa9c33cd0,betway,1.6,2026-09-29T13:13:46.945822+00:00,2026-09-29T13:13:48.871244+00:00,2206.2,-0.03425119999999987,REJECT,tennis_predictions/price_snapshots.csv
d3617b08f6479592,37b84c5fa9c33cd0,boylesports,1.62,2026-09-29T13:13:46.945822+00:00,2026-09-29T13:13:48.871244+00:00,2206.2,-0.02217933999999988,REJECT,tennis_predictions/price_snapshots.csv
f7b5fae60d807526,37b84c5fa9c33cd0,casumo,1.63,2026-09-29T13:13:46.945822+00:00,2026-09-29T13:13:48.871244+00:00,2206.2,-0.01614340999999997,REJECT,tennis_predictions/price_snapshots.csv
5ba15e6b5799da51,37b84c5fa9c33cd0,coral,1.6,2026-09-29T13:13:46.945822+00:00,2026-09-29T13:13:48.871244+00:00,2206.2,-0.03425119999999987,REJECT,tennis_predictions/price_snapshots.csv
8081a58753f37c15,37b84c5fa9c33cd0,grosvenor,1.63,2026-09-29T13:13:46.945822+00:00,2026-09-29T13:13:48.871244+00:00,2206.2,-0.01614340999999997,REJECT,tennis_predictions/price_snapshots.csv
423c78125b24f8ac,37b84c5fa9c33cd0,ladbrokes_uk,1.6,2026-09-29T13:13:46.945822+00:00,2026-09-29T13:13:48.871244+00:00,2206.2,-0.03425119999999987,REJECT,tennis_predictions/price_snapshots.csv
b777374dc9d4f3f0,37b84c5fa9c33cd0,leovegas,1.6,2026-09-29T13:13:46.945822+00:00,2026-09-29T13:13:48.871244+00:00,2206.2,-0.03425119999999987,REJECT,tennis_predictions/price_snapshots.csv
25efda13c2f36dd6,37b84c5fa9c33cd0,livescorebet,1.63,2026-09-29T13:13:46.945822+00:00,2026-09-29T13:13:48.871244+00:00,2206.2,-0.01614340999999997,REJECT,tennis_predictions/price_snapshots.csv
67d3150bccbcb260,37b84c5fa9c33cd0,matchbook,1.64,2026-09-29T13:13:46.945822+00:00,2026-09-29T13:13:48.871244+00:00,2206.2,,REJECT,tennis_predictions/price_snapshots.csv
bf209a4906da0680,37b84c5fa9c33cd0,paddypower,1.57,2026-09-29T13:13:46.945822+00:00,2026-09-29T13:13:48.871244+00:00,2206.2,-0.05235898999999988,REJECT,tennis_predictions/price_snapshots.csv
56070e699a86c028,37b84c5fa9c33cd0,skybet,1.57,2026-09-29T13:13:46.945822+00:00,2026-09-29T13:13:48.871244+00:00,2206.2,-0.05235898999999988,REJECT,tennis_predictions/price_snapshots.csv
151ad85c228c6949,37b84c5fa9c33cd0,smarkets,1.64,2026-09-29T13:13:46.945822+00:00,2026-09-29T13:13:48.871244+00:00,2206.2,-0.017833470399999996,REJECT,tennis_predictions/price_snapshots.csv
449b19de80f01e53,37b84c5fa9c33cd0,sport888,1.61,2026-09-29T13:13:46.945822+00:00,2026-09-29T13:13:48.871244+00:00,2206.2,-0.028215269999999848,REJECT,tennis_predictions/price_snapshots.csv
6e4f053c0136d286,37b84c5fa9c33cd0,unibet_uk,1.6,2026-09-29T13:13:46.945822+00:00,2026-09-29T13:13:48.871244+00:00,2206.2,-0.03425119999999987,REJECT,tennis_predictions/price_snapshots.csv
33ad5fa7083a655a,37b84c5fa9c33cd0,virginbet,1.63,2026-09-29T13:13:46.945822+00:00,2026-09-29T13:13:48.871244+00:00,2206.2,-0.01614340999999997,REJECT,tennis_predictions/price_snapshots.csv
b5df901a44fbd8c8,37b84c5fa9c33cd0,williamhill,1.62,2026-09-29T13:13:46.945822+00:00,2026-09-29T13:13:48.871244+00:00,2206.2,-0.02217933999999988,REJECT,tennis_predictions/price_snapshots.csv
a5e6145492aa609a,e2090217da4cba41,betfair_ex_uk,1.85,2026-09-29T13:13:46.945822+00:00,2026-09-29T13:13:48.871244+00:00,2206.2,-0.03330200499999991,REJECT,unified_ledger.live_price
69d7df3d73d011d8,e2090217da4cba41,betano_uk,1.75,2026-09-29T13:13:46.945822+00:00,2026-09-29T13:13:48.871244+00:00,2206.2,-0.06405449999999996,REJECT,tennis_predictions/price_snapshots.csv
47afa927be226075,e2090217da4cba41,betvictor,1.75,2026-09-29T13:13:46.945822+00:00,2026-09-29T13:13:48.871244+00:00,2206.2,-0.06405449999999996,REJECT,tennis_predictions/price_snapshots.csv
3c2e0b7b3f176696,e2090217da4cba41,betway,1.8,2026-09-29T13:13:46.945822+00:00,2026-09-29T13:13:48.871244+00:00,2206.2,-0.037313199999999935,REJECT,tennis_predictions/price_snapshots.csv
dbc1e507dfd87507,e2090217da4cba41,boylesports,1.83,2026-09-29T13:13:46.945822+00:00,2026-09-29T13:13:48.871244+00:00,2206.2,-0.0212684199999999,REJECT,tennis_predictions/price_snapshots.csv
62006a5460a07223,e2090217da4cba41,casumo,1.82,2026-09-29T13:13:46.945822+00:00,2026-09-29T13:13:48.871244+00:00,2206.2,-0.026616679999999948,REJECT,tennis_predictions/price_snapshots.csv
a245dcfcbc842cbb,e2090217da4cba41,coral,1.8,2026-09-29T13:13:46.945822+00:00,2026-09-29T13:13:48.871244+00:00,2206.2,-0.037313199999999935,REJECT,tennis_predictions/price_snapshots.csv
ad583185c5ca140f,e2090217da4cba41,grosvenor,1.82,2026-09-29T13:13:46.945822+00:00,2026-09-29T13:13:48.871244+00:00,2206.2,-0.026616679999999948,REJECT,tennis_predictions/price_snapshots.csv
4185b8dccae3a9ab,e2090217da4cba41,ladbrokes_uk,1.8,2026-09-29T13:13:46.945822+00:00,2026-09-29T13:13:48.871244+00:00,2206.2,-0.037313199999999935,REJECT,tennis_predictions/price_snapshots.csv
dfe597cdafa6028b,e2090217da4cba41,leovegas,1.75,2026-09-29T13:13:46.945822+00:00,2026-09-29T13:13:48.871244+00:00,2206.2,-0.06405449999999996,REJECT,tennis_predictions/price_snapshots.csv
78cb5bf53d98129a,e2090217da4cba41,livescorebet,1.82,2026-09-29T13:13:46.945822+00:00,2026-09-29T13:13:48.871244+00:00,2206.2,-0.026616679999999948,REJECT,tennis_predictions/price_snapshots.csv
f3f5f02579bef2bc,e2090217da4cba41,matchbook,1.85,2026-09-29T13:13:46.945822+00:00,2026-09-29T13:13:48.871244+00:00,2206.2,,REJECT,tennis_predictions/price_snapshots.csv
22fb47ef2e1c440d,e2090217da4cba41,paddypower,1.73,2026-09-29T13:13:46.945822+00:00,2026-09-29T13:13:48.871244+00:00,2206.2,-0.07475101999999995,REJECT,tennis_predictions/price_snapshots.csv
c506fa646615ff45,e2090217da4cba41,skybet,1.73,2026-09-29T13:13:46.945822+00:00,2026-09-29T13:13:48.871244+00:00,2206.2,-0.07475101999999995,REJECT,tennis_predictions/price_snapshots.csv
fb7d5962c534d892,e2090217da4cba41,smarkets,1.83,2026-09-29T13:13:46.945822+00:00,2026-09-29T13:13:48.871244+00:00,2206.2,-0.030146531599999915,REJECT,tennis_predictions/price_snapshots.csv
60b47c5ea100541b,e2090217da4cba41,sport888,1.8,2026-09-29T13:13:46.945822+00:00,2026-09-29T13:13:48.871244+00:00,2206.2,-0.037313199999999935,REJECT,tennis_predictions/price_snapshots.csv
ae35a2ede620f945,e2090217da4cba41,unibet_uk,1.78,2026-09-29T13:13:46.945822+00:00,2026-09-29T13:13:48.871244+00:00,2206.2,-0.04800971999999992,REJECT,tennis_predictions/price_snapshots.csv
3d8f36ded452f114,e2090217da4cba41,virginbet,1.82,2026-09-29T13:13:46.945822+00:00,2026-09-29T13:13:48.871244+00:00,2206.2,-0.026616679999999948,REJECT,tennis_predictions/price_snapshots.csv
e862c3e36f759285,e2090217da4cba41,williamhill,1.8,2026-09-29T13:13:46.945822+00:00,2026-09-29T13:13:48.871244+00:00,2206.2,-0.037313199999999935,REJECT,tennis_predictions/price_snapshots.csv
6e21798097a24924,06acc45663befb45,betfair_ex_uk,1.69,2026-09-29T13:13:46.945822+00:00,2026-09-29T13:13:48.871244+00:00,2206.2,-0.03043655900000003,REJECT,unified_ledger.live_price
223df2af5bcb4f5d,06acc45663befb45,betano_uk,1.61,2026-09-29T13:13:46.945822+00:00,2026-09-29T13:13:48.871244+00:00,2206.2,-0.05708417999999993,REJECT,tennis_predictions/price_snapshots.csv
3a7639899c85e4a3,06acc45663befb45,betfair_sb_uk,1.62,2026-09-29T13:13:46.945822+00:00,2026-09-29T13:13:48.871244+00:00,2206.2,-0.051227559999999894,REJECT,tennis_predictions/price_snapshots.csv
ac279a92c9a7f81c,06acc45663befb45,betvictor,1.61,2026-09-29T13:13:46.945822+00:00,2026-09-29T13:13:48.871244+00:00,2206.2,-0.05708417999999993,REJECT,tennis_predictions/price_snapshots.csv
dbe057100aff422a,06acc45663befb45,betway,1.65,2026-09-29T13:13:46.945822+00:00,2026-09-29T13:13:48.871244+00:00,2206.2,-0.03365770000000001,REJECT,tennis_predictions/price_snapshots.csv
c436bb320e0413f9,06acc45663befb45,boylesports,1.67,2026-09-29T13:13:46.945822+00:00,2026-09-29T13:13:48.871244+00:00,2206.2,-0.02194446,REJECT,tennis_predictions/price_snapshots.csv
883d26e8d7983cf4,06acc45663befb45,casumo,1.68,2026-09-29T13:13:46.945822+00:00,2026-09-29T13:13:48.871244+00:00,2206.2,-0.01608784000000002,REJECT,tennis_predictions/price_snapshots.csv
09009f4c47f3bb09,06acc45663befb45,coral,1.65,2026-09-29T13:13:46.945822+00:00,2026-09-29T13:13:48.871244+00:00,2206.2,-0.03365770000000001,REJECT,tennis_predictions/price_snapshots.csv
c49ad743c3689cd2,06acc45663befb45,grosvenor,1.68,2026-09-29T13:13:46.945822+00:00,2026-09-29T13:13:48.871244+00:00,2206.2,-0.01608784000000002,REJECT,tennis_predictions/price_snapshots.csv
32351cbc84d77b41,06acc45663befb45,ladbrokes_uk,1.65,2026-09-29T13:13:46.945822+00:00,2026-09-29T13:13:48.871244+00:00,2206.2,-0.03365770000000001,REJECT,tennis_predictions/price_snapshots.csv
acacc2d6ac1f563b,06acc45663befb45,leovegas,1.62,2026-09-29T13:13:46.945822+00:00,2026-09-29T13:13:48.871244+00:00,2206.2,-0.051227559999999894,REJECT,tennis_predictions/price_snapshots.csv
ff87cd65e0a06e37,06acc45663befb45,livescorebet,1.68,2026-09-29T13:13:46.945822+00:00,2026-09-29T13:13:48.871244+00:00,2206.2,-0.01608784000000002,REJECT,tennis_predictions/price_snapshots.csv
355ec5388d81ef18,06acc45663befb45,matchbook,1.69,2026-09-29T13:13:46.945822+00:00,2026-09-29T13:13:48.871244+00:00,2206.2,,REJECT,tennis_predictions/price_snapshots.csv
62c4fcfa1f2f09e9,06acc45663befb45,paddypower,1.57,2026-09-29T13:13:46.945822+00:00,2026-09-29T13:13:48.871244+00:00,2206.2,-0.08051065999999996,REJECT,tennis_predictions/price_snapshots.csv
2946ac91fdbef721,06acc45663befb45,skybet,1.57,2026-09-29T13:13:46.945822+00:00,2026-09-29T13:13:48.871244+00:00,2206.2,-0.08051065999999996,REJECT,tennis_predictions/price_snapshots.csv
2623c9da7d59fbbc,06acc45663befb45,smarkets,1.67,2026-09-29T13:13:46.945822+00:00,2026-09-29T13:13:48.871244+00:00,2206.2,-0.02979233079999999,REJECT,tennis_predictions/price_snapshots.csv
fa8986917ff3f03c,06acc45663befb45,sport888,1.67,2026-09-29T13:13:46.945822+00:00,2026-09-29T13:13:48.871244+00:00,2206.2,-0.02194446,REJECT,tennis_predictions/price_snapshots.csv
153c098eff796830,06acc45663befb45,unibet_uk,1.65,2026-09-29T13:13:46.945822+00:00,2026-09-29T13:13:48.871244+00:00,2206.2,-0.03365770000000001,REJECT,tennis_predictions/price_snapshots.csv
7ffe56fa649dc290,06acc45663befb45,virginbet,1.68,2026-09-29T13:13:46.945822+00:00,2026-09-29T13:13:48.871244+00:00,2206.2,-0.01608784000000002,REJECT,tennis_predictions/price_snapshots.csv
3b91e6f46bc2220b,06acc45663befb45,williamhill,1.67,2026-09-29T13:13:46.945822+00:00,2026-09-29T13:13:48.871244+00:00,2206.2,-0.02194446,REJECT,tennis_predictions/price_snapshots.csv
d66773fd52dba4be,48c1b236b8e26dc0,betfair_ex_uk,1.37,2026-09-29T13:13:46.945822+00:00,2026-09-29T13:13:48.871244+00:00,841.2,-0.02878101549999995,REJECT,unified_ledger.live_price
1c3479214e9c85a3,48c1b236b8e26dc0,betano_uk,1.33,2026-09-29T13:13:46.945822+00:00,2026-09-29T13:13:48.871244+00:00,841.2,-0.04423140999999994,REJECT,tennis_predictions/price_snapshots.csv
eb0114aab3750d0d,48c1b236b8e26dc0,betfair_sb_uk,1.33,2026-09-29T13:13:46.945822+00:00,2026-09-29T13:13:48.871244+00:00,841.2,-0.04423140999999994,REJECT,tennis_predictions/price_snapshots.csv
7ada4cb017f5b94a,48c1b236b8e26dc0,betvictor,1.33,2026-09-29T13:13:46.945822+00:00,2026-09-29T13:13:48.871244+00:00,841.2,-0.04423140999999994,REJECT,tennis_predictions/price_snapshots.csv
fd96d75a81b66f38,48c1b236b8e26dc0,betway,1.35,2026-09-29T13:13:46.945822+00:00,2026-09-29T13:13:48.871244+00:00,841.2,-0.02985894999999994,REJECT,tennis_predictions/price_snapshots.csv
1df166ec5c307be9,48c1b236b8e26dc0,boylesports,1.33,2026-09-29T13:13:46.945822+00:00,2026-09-29T13:13:48.871244+00:00,841.2,-0.04423140999999994,REJECT,tennis_predictions/price_snapshots.csv
9306137ac4997bf3,48c1b236b8e26dc0,casumo,1.35,2026-09-29T13:13:46.945822+00:00,2026-09-29T13:13:48.871244+00:00,841.2,-0.02985894999999994,REJECT,tennis_predictions/price_snapshots.csv
f679aa95b13aa239,48c1b236b8e26dc0,coral,1.35,2026-09-29T13:13:46.945822+00:00,2026-09-29T13:13:48.871244+00:00,841.2,-0.02985894999999994,REJECT,tennis_predictions/price_snapshots.csv
88f93a4697ea4e59,48c1b236b8e26dc0,grosvenor,1.35,2026-09-29T13:13:46.945822+00:00,2026-09-29T13:13:48.871244+00:00,841.2,-0.02985894999999994,REJECT,tennis_predictions/price_snapshots.csv
759a1d802aae47c3,48c1b236b8e26dc0,ladbrokes_uk,1.35,2026-09-29T13:13:46.945822+00:00,2026-09-29T13:13:48.871244+00:00,841.2,-0.02985894999999994,REJECT,tennis_predictions/price_snapshots.csv
faffcb49d29d701d,48c1b236b8e26dc0,leovegas,1.3,2026-09-29T13:13:46.945822+00:00,2026-09-29T13:13:48.871244+00:00,841.2,-0.06579009999999996,REJECT,tennis_predictions/price_snapshots.csv
7e6521ee5522e360,48c1b236b8e26dc0,livescorebet,1.35,2026-09-29T13:13:46.945822+00:00,2026-09-29T13:13:48.871244+00:00,841.2,-0.02985894999999994,REJECT,tennis_predictions/price_snapshots.csv
e6fdc83ed93dc20d,48c1b236b8e26dc0,matchbook,1.38,2026-09-29T13:13:46.945822+00:00,2026-09-29T13:13:48.871244+00:00,841.2,,REJECT,tennis_predictions/price_snapshots.csv
a0b57870a0419b74,48c1b236b8e26dc0,paddypower,1.3,2026-09-29T13:13:46.945822+00:00,2026-09-29T13:13:48.871244+00:00,841.2,-0.06579009999999996,REJECT,tennis_predictions/price_snapshots.csv
1ffd7b722779bbbe,48c1b236b8e26dc0,skybet,1.3,2026-09-29T13:13:46.945822+00:00,2026-09-29T13:13:48.871244+00:00,841.2,-0.06579009999999996,REJECT,tennis_predictions/price_snapshots.csv
2d0d3e98e4c76446,48c1b236b8e26dc0,sport888,1.36,2026-09-29T13:13:46.945822+00:00,2026-09-29T13:13:48.871244+00:00,841.2,-0.022672719999999924,REJECT,tennis_predictions/price_snapshots.csv
6f3515159f45e18c,48c1b236b8e26dc0,unibet_uk,1.33,2026-09-29T13:13:46.945822+00:00,2026-09-29T13:13:48.871244+00:00,841.2,-0.04423140999999994,REJECT,tennis_predictions/price_snapshots.csv
d65a5f335f6491ee,48c1b236b8e26dc0,virginbet,1.35,2026-09-29T13:13:46.945822+00:00,2026-09-29T13:13:48.871244+00:00,841.2,-0.02985894999999994,REJECT,tennis_predictions/price_snapshots.csv
6881cea3b743b4c6,48c1b236b8e26dc0,williamhill,1.36,2026-09-29T13:13:46.945822+00:00,2026-09-29T13:13:48.871244+00:00,841.2,-0.022672719999999924,REJECT,tennis_predictions/price_snapshots.csv
e9ea172856b90f9e,3bcb1cf1488d50fe,betfair_ex_uk,1.19,2026-09-29T13:13:46.945822+00:00,2026-09-29T13:13:48.871244+00:00,1066.2,-0.014892818500000071,MULTI_RESEARCH_ELIGIBLE,unified_ledger.live_price
b6a4916f38912993,3bcb1cf1488d50fe,betano_uk,1.17,2026-09-29T13:13:46.945822+00:00,2026-09-29T13:13:48.871244+00:00,1066.2,-0.023654890000000095,MULTI_RESEARCH_ELIGIBLE,tennis_predictions/price_snapshots.csv
e705c19134f6bc66,3bcb1cf1488d50fe,betfair_sb_uk,1.2,2026-09-29T13:13:46.945822+00:00,2026-09-29T13:13:48.871244+00:00,1066.2,0.0013795999999999253,MULTI_RESEARCH_ELIGIBLE,tennis_predictions/price_snapshots.csv
b072528122ecacb4,3bcb1cf1488d50fe,betvictor,1.17,2026-09-29T13:13:46.945822+00:00,2026-09-29T13:13:48.871244+00:00,1066.2,-0.023654890000000095,MULTI_RESEARCH_ELIGIBLE,tennis_predictions/price_snapshots.csv
004862cc41866252,3bcb1cf1488d50fe,betway,1.15,2026-09-29T13:13:46.945822+00:00,2026-09-29T13:13:48.871244+00:00,1066.2,-0.04034455000000009,MULTI_RESEARCH_ELIGIBLE,tennis_predictions/price_snapshots.csv
8fb08ffa5a6805f5,3bcb1cf1488d50fe,boylesports,1.14,2026-09-29T13:13:46.945822+00:00,2026-09-29T13:13:48.871244+00:00,1066.2,-0.048689380000000115,MULTI_RESEARCH_ELIGIBLE,tennis_predictions/price_snapshots.csv
7b9bf70b4e0c3450,3bcb1cf1488d50fe,casumo,1.18,2026-09-29T13:13:46.945822+00:00,2026-09-29T13:13:48.871244+00:00,1066.2,-0.01531006000000007,MULTI_RESEARCH_ELIGIBLE,tennis_predictions/price_snapshots.csv
4afc4edfd9bd9d10,3bcb1cf1488d50fe,coral,1.15,2026-09-29T13:13:46.945822+00:00,2026-09-29T13:13:48.871244+00:00,1066.2,-0.04034455000000009,MULTI_RESEARCH_ELIGIBLE,tennis_predictions/price_snapshots.csv
5e1c738cbfe1dbc9,3bcb1cf1488d50fe,grosvenor,1.18,2026-09-29T13:13:46.945822+00:00,2026-09-29T13:13:48.871244+00:00,1066.2,-0.01531006000000007,MULTI_RESEARCH_ELIGIBLE,tennis_predictions/price_snapshots.csv
7e51348052828ee9,3bcb1cf1488d50fe,ladbrokes_uk,1.15,2026-09-29T13:13:46.945822+00:00,2026-09-29T13:13:48.871244+00:00,1066.2,-0.04034455000000009,MULTI_RESEARCH_ELIGIBLE,tennis_predictions/price_snapshots.csv
539b4f9c1788fddc,3bcb1cf1488d50fe,leovegas,1.14,2026-09-29T13:13:46.945822+00:00,2026-09-29T13:13:48.871244+00:00,1066.2,-0.048689380000000115,MULTI_RESEARCH_ELIGIBLE,tennis_predictions/price_snapshots.csv
7eba5088399e5fc7,3bcb1cf1488d50fe,livescorebet,1.18,2026-09-29T13:13:46.945822+00:00,2026-09-29T13:13:48.871244+00:00,1066.2,-0.01531006000000007,MULTI_RESEARCH_ELIGIBLE,tennis_predictions/price_snapshots.csv
dd3aab9039cde5a6,3bcb1cf1488d50fe,matchbook,1.18,2026-09-29T13:13:46.945822+00:00,2026-09-29T13:13:48.871244+00:00,1066.2,,MULTI_RESEARCH_ELIGIBLE,tennis_predictions/price_snapshots.csv
4a85031cb2bc2f2c,3bcb1cf1488d50fe,paddypower,1.17,2026-09-29T13:13:46.945822+00:00,2026-09-29T13:13:48.871244+00:00,1066.2,-0.023654890000000095,MULTI_RESEARCH_ELIGIBLE,tennis_predictions/price_snapshots.csv
7ee5d5fa0ef2b6e3,3bcb1cf1488d50fe,skybet,1.17,2026-09-29T13:13:46.945822+00:00,2026-09-29T13:13:48.871244+00:00,1066.2,-0.023654890000000095,MULTI_RESEARCH_ELIGIBLE,tennis_predictions/price_snapshots.csv
8f9a9c21b860dc8a,3bcb1cf1488d50fe,sport888,1.17,2026-09-29T13:13:46.945822+00:00,2026-09-29T13:13:48.871244+00:00,1066.2,-0.023654890000000095,MULTI_RESEARCH_ELIGIBLE,tennis_predictions/price_snapshots.csv
d631df1109442845,3bcb1cf1488d50fe,unibet_uk,1.14,2026-09-29T13:13:46.945822+00:00,2026-09-29T13:13:48.871244+00:00,1066.2,-0.048689380000000115,MULTI_RESEARCH_ELIGIBLE,tennis_predictions/price_snapshots.csv
6b509e62037189ab,3bcb1cf1488d50fe,virginbet,1.18,2026-09-29T13:13:46.945822+00:00,2026-09-29T13:13:48.871244+00:00,1066.2,-0.01531006000000007,MULTI_RESEARCH_ELIGIBLE,tennis_predictions/price_snapshots.csv
92111bed9e5add83,3bcb1cf1488d50fe,williamhill,1.17,2026-09-29T13:13:46.945822+00:00,2026-09-29T13:13:48.871244+00:00,1066.2,-0.023654890000000095,MULTI_RESEARCH_ELIGIBLE,tennis_predictions/price_snapshots.csv
fe7517f0a8f74abf,fd60922ea91cacde,betfair_ex_uk,1.06,2026-09-29T13:13:46.945822+00:00,2026-09-29T13:13:48.871244+00:00,2206.2,-0.05251682699999997,MULTI_RESEARCH_ELIGIBLE,unified_ledger.live_price
e8bb5ff32c6b4132,fd60922ea91cacde,betano_uk,1.14,2026-09-29T13:13:46.945822+00:00,2026-09-29T13:13:48.871244+00:00,2206.2,0.02188345999999991,MULTI_RESEARCH_ELIGIBLE,tennis_predictions/price_snapshots.csv
7163380d817a3921,fd60922ea91cacde,betfair_sb_uk,1.14,2026-09-29T13:13:46.945822+00:00,2026-09-29T13:13:48.871244+00:00,2206.2,0.02188345999999991,MULTI_RESEARCH_ELIGIBLE,tennis_predictions/price_snapshots.csv
9dfae0a8012ed893,fd60922ea91cacde,betvictor,1.14,2026-09-29T13:13:46.945822+00:00,2026-09-29T13:13:48.871244+00:00,2206.2,0.02188345999999991,MULTI_RESEARCH_ELIGIBLE,tennis_predictions/price_snapshots.csv
1cf47a445bd56ecd,fd60922ea91cacde,boylesports,1.14,2026-09-29T13:13:46.945822+00:00,2026-09-29T13:13:48.871244+00:00,2206.2,0.02188345999999991,MULTI_RESEARCH_ELIGIBLE,tennis_predictions/price_snapshots.csv
79c7afa26aa18cc0,fd60922ea91cacde,casumo,1.12,2026-09-29T13:13:46.945822+00:00,2026-09-29T13:13:48.871244+00:00,2206.2,0.003955680000000086,MULTI_RESEARCH_ELIGIBLE,tennis_predictions/price_snapshots.csv
83d65cf8be3c295f,fd60922ea91cacde,grosvenor,1.12,2026-09-29T13:13:46.945822+00:00,2026-09-29T13:13:48.871244+00:00,2206.2,0.003955680000000086,MULTI_RESEARCH_ELIGIBLE,tennis_predictions/price_snapshots.csv
cb70f745e95091e6,fd60922ea91cacde,leovegas,1.14,2026-09-29T13:13:46.945822+00:00,2026-09-29T13:13:48.871244+00:00,2206.2,0.02188345999999991,MULTI_RESEARCH_ELIGIBLE,tennis_predictions/price_snapshots.csv
fa811463fa816a41,fd60922ea91cacde,livescorebet,1.12,2026-09-29T13:13:46.945822+00:00,2026-09-29T13:13:48.871244+00:00,2206.2,0.003955680000000086,MULTI_RESEARCH_ELIGIBLE,tennis_predictions/price_snapshots.csv
6fac1702236c69a5,fd60922ea91cacde,paddypower,1.12,2026-09-29T13:13:46.945822+00:00,2026-09-29T13:13:48.871244+00:00,2206.2,0.003955680000000086,MULTI_RESEARCH_ELIGIBLE,tennis_predictions/price_snapshots.csv
4168f53154bab650,fd60922ea91cacde,skybet,1.13,2026-09-29T13:13:46.945822+00:00,2026-09-29T13:13:48.871244+00:00,2206.2,0.012919569999999894,MULTI_RESEARCH_ELIGIBLE,tennis_predictions/price_snapshots.csv
7d1e14e921955273,fd60922ea91cacde,sport888,1.17,2026-09-29T13:13:46.945822+00:00,2026-09-29T13:13:48.871244+00:00,2206.2,0.04877512999999992,MULTI_RESEARCH_ELIGIBLE,tennis_predictions/price_snapshots.csv
9cfb6486ee1bc844,fd60922ea91cacde,unibet_uk,1.14,2026-09-29T13:13:46.945822+00:00,2026-09-29T13:13:48.871244+00:00,2206.2,0.02188345999999991,MULTI_RESEARCH_ELIGIBLE,tennis_predictions/price_snapshots.csv
d06ce22e1c64a60f,fd60922ea91cacde,virginbet,1.12,2026-09-29T13:13:46.945822+00:00,2026-09-29T13:13:48.871244+00:00,2206.2,0.003955680000000086,MULTI_RESEARCH_ELIGIBLE,tennis_predictions/price_snapshots.csv
e02f5668f87046ab,fd60922ea91cacde,williamhill,1.17,2026-09-29T13:13:46.945822+00:00,2026-09-29T13:13:48.871244+00:00,2206.2,0.04877512999999992,MULTI_RESEARCH_ELIGIBLE,tennis_predictions/price_snapshots.csv
9b631be90fe85850,94f539619ad59e51,betfair_ex_uk,1.25,2026-09-29T13:13:46.945822+00:00,2026-09-29T13:13:48.871244+00:00,2206.2,-0.06092931250000003,REJECT,unified_ledger.live_price
2fbb9429c5a3209e,94f539619ad59e51,betano_uk,1.18,2026-09-29T13:13:46.945822+00:00,2026-09-29T13:13:48.871244+00:00,2206.2,-0.10456290000000007,REJECT,tennis_predictions/price_snapshots.csv
7f5c533b888a4a11,94f539619ad59e51,betvictor,1.18,2026-09-29T13:13:46.945822+00:00,2026-09-29T13:13:48.871244+00:00,2206.2,-0.10456290000000007,REJECT,tennis_predictions/price_snapshots.csv
fa580311c32472a4,94f539619ad59e51,boylesports,1.17,2026-09-29T13:13:46.945822+00:00,2026-09-29T13:13:48.871244+00:00,2206.2,-0.11215135000000007,REJECT,tennis_predictions/price_snapshots.csv
d50228fc2ad4ae17,94f539619ad59e51,casumo,1.2,2026-09-29T13:13:46.945822+00:00,2026-09-29T13:13:48.871244+00:00,2206.2,-0.08938600000000005,REJECT,tennis_predictions/price_snapshots.csv
87045323ee9ee9ec,94f539619ad59e51,grosvenor,1.2,2026-09-29T13:13:46.945822+00:00,2026-09-29T13:13:48.871244+00:00,2206.2,-0.08938600000000005,REJECT,tennis_predictions/price_snapshots.csv
cfe0859b4e57d78e,94f539619ad59e51,leovegas,1.16,2026-09-29T13:13:46.945822+00:00,2026-09-29T13:13:48.871244+00:00,2206.2,-0.11973980000000008,REJECT,tennis_predictions/price_snapshots.csv
b1d05ce849874d06,94f539619ad59e51,livescorebet,1.2,2026-09-29T13:13:46.945822+00:00,2026-09-29T13:13:48.871244+00:00,2206.2,-0.08938600000000005,REJECT,tennis_predictions/price_snapshots.csv
ea9ce5edf22650c9,94f539619ad59e51,paddypower,1.17,2026-09-29T13:13:46.945822+00:00,2026-09-29T13:13:48.871244+00:00,2206.2,-0.11215135000000007,REJECT,tennis_predictions/price_snapshots.csv
95a70f2408c9aaec,94f539619ad59e51,skybet,1.14,2026-09-29T13:13:46.945822+00:00,2026-09-29T13:13:48.871244+00:00,2206.2,-0.13491670000000008,REJECT,tennis_predictions/price_snapshots.csv
2e0f9516e2d33e1a,94f539619ad59e51,sport888,1.2,2026-09-29T13:13:46.945822+00:00,2026-09-29T13:13:48.871244+00:00,2206.2,-0.08938600000000005,REJECT,tennis_predictions/price_snapshots.csv
0f614f538bd1a2d4,94f539619ad59e51,unibet_uk,1.17,2026-09-29T13:13:46.945822+00:00,2026-09-29T13:13:48.871244+00:00,2206.2,-0.11215135000000007,REJECT,tennis_predictions/price_snapshots.csv
48cd3948efe6e03e,94f539619ad59e51,virginbet,1.2,2026-09-29T13:13:46.945822+00:00,2026-09-29T13:13:48.871244+00:00,2206.2,-0.08938600000000005,REJECT,tennis_predictions/price_snapshots.csv
dd2750bcb1570552,94f539619ad59e51,williamhill,1.2,2026-09-29T13:13:46.945822+00:00,2026-09-29T13:13:48.871244+00:00,2206.2,-0.08938600000000005,REJECT,tennis_predictions/price_snapshots.csv
4d274e024ca48bf7,68eb90f1c93d9100,betfair_ex_uk,1.59,2026-09-29T13:13:46.945822+00:00,2026-09-29T13:13:48.871244+00:00,916.2,-0.08626170899999996,REJECT,unified_ledger.live_price
f31b0c1629b472ca,68eb90f1c93d9100,betano_uk,1.6,2026-09-29T13:13:46.945822+00:00,2026-09-29T13:13:48.871244+00:00,916.2,-0.06313279999999993,REJECT,tennis_predictions/price_snapshots.csv
04db00aa97881b3a,68eb90f1c93d9100,betfair_sb_uk,1.62,2026-09-29T13:13:46.945822+00:00,2026-09-29T13:13:48.871244+00:00,916.2,-0.05142195999999993,REJECT,tennis_predictions/price_snapshots.csv
63a444e087eea6cf,68eb90f1c93d9100,betvictor,1.6,2026-09-29T13:13:46.945822+00:00,2026-09-29T13:13:48.871244+00:00,916.2,-0.06313279999999993,REJECT,tennis_predictions/price_snapshots.csv
8529cf789cc6480b,68eb90f1c93d9100,betway,1.6,2026-09-29T13:13:46.945822+00:00,2026-09-29T13:13:48.871244+00:00,916.2,-0.06313279999999993,REJECT,tennis_predictions/price_snapshots.csv
5ffbbbcb952ffbfe,68eb90f1c93d9100,boylesports,1.67,2026-09-29T13:13:46.945822+00:00,2026-09-29T13:13:48.871244+00:00,916.2,-0.022144860000000044,REJECT,tennis_predictions/price_snapshots.csv
b71748c404c81145,68eb90f1c93d9100,casumo,1.63,2026-09-29T13:13:46.945822+00:00,2026-09-29T13:13:48.871244+00:00,916.2,-0.045566540000000044,REJECT,tennis_predictions/price_snapshots.csv
36abf05fd05b2ac8,68eb90f1c93d9100,grosvenor,1.63,2026-09-29T13:13:46.945822+00:00,2026-09-29T13:13:48.871244+00:00,916.2,-0.045566540000000044,REJECT,tennis_predictions/price_snapshots.csv
55ebeb0b08c93d63,68eb90f1c93d9100,leovegas,1.62,2026-09-29T13:13:46.945822+00:00,2026-09-29T13:13:48.871244+00:00,916.2,-0.05142195999999993,REJECT,tennis_predictions/price_snapshots.csv
30351c41cdb9eda0,68eb90f1c93d9100,livescorebet,1.63,2026-09-29T13:13:46.945822+00:00,2026-09-29T13:13:48.871244+00:00,916.2,-0.045566540000000044,REJECT,tennis_predictions/price_snapshots.csv
3315be267786186d,68eb90f1c93d9100,matchbook,1.59,2026-09-29T13:13:46.945822+00:00,2026-09-29T13:13:48.871244+00:00,916.2,,REJECT,tennis_predictions/price_snapshots.csv
8e6c1da8c65b50f2,68eb90f1c93d9100,paddypower,1.62,2026-09-29T13:13:46.945822+00:00,2026-09-29T13:13:48.871244+00:00,916.2,-0.05142195999999993,REJECT,tennis_predictions/price_snapshots.csv
4f940a17a72150c3,68eb90f1c93d9100,skybet,1.62,2026-09-29T13:13:46.945822+00:00,2026-09-29T13:13:48.871244+00:00,916.2,-0.05142195999999993,REJECT,tennis_predictions/price_snapshots.csv
b264656058050734,68eb90f1c93d9100,smarkets,1.58,2026-09-29T13:13:46.945822+00:00,2026-09-29T13:13:48.871244+00:00,916.2,-0.08163592719999996,REJECT,tennis_predictions/price_snapshots.csv
a3661748bde9c8c6,68eb90f1c93d9100,sport888,1.67,2026-09-29T13:13:46.945822+00:00,2026-09-29T13:13:48.871244+00:00,916.2,-0.022144860000000044,REJECT,tennis_predictions/price_snapshots.csv
86589c5e92b38983,68eb90f1c93d9100,unibet_uk,1.64,2026-09-29T13:13:46.945822+00:00,2026-09-29T13:13:48.871244+00:00,916.2,-0.039711120000000044,REJECT,tennis_predictions/price_snapshots.csv
267812674165ac27,68eb90f1c93d9100,virginbet,1.63,2026-09-29T13:13:46.945822+00:00,2026-09-29T13:13:48.871244+00:00,916.2,-0.045566540000000044,REJECT,tennis_predictions/price_snapshots.csv
bf392fbb49eeb696,68eb90f1c93d9100,williamhill,1.67,2026-09-29T13:13:46.945822+00:00,2026-09-29T13:13:48.871244+00:00,916.2,-0.022144860000000044,REJECT,tennis_predictions/price_snapshots.csv
3b2ca91da97533ed,457f772c5b646ff7,betfair_ex_uk,1.03,2026-09-29T13:13:46.945822+00:00,2026-09-29T13:13:48.871244+00:00,916.2,-0.027582048,MULTI_RESEARCH_ELIGIBLE,unified_ledger.live_price
f4f530012fba7f10,457f772c5b646ff7,betano_uk,1.15,2026-09-29T13:13:46.945822+00:00,2026-09-29T13:13:48.871244+00:00,916.2,0.08729279999999989,MULTI_RESEARCH_ELIGIBLE,tennis_predictions/price_snapshots.csv
435a31507d87e2c0,457f772c5b646ff7,betfair_sb_uk,1.17,2026-09-29T13:13:46.945822+00:00,2026-09-29T13:13:48.871244+00:00,916.2,0.10620223999999992,MULTI_RESEARCH_ELIGIBLE,tennis_predictions/price_snapshots.csv
ad9f1a7674cc3fb2,457f772c5b646ff7,betvictor,1.15,2026-09-29T13:13:46.945822+00:00,2026-09-29T13:13:48.871244+00:00,916.2,0.08729279999999989,MULTI_RESEARCH_ELIGIBLE,tennis_predictions/price_snapshots.csv
023874a55c1bb39a,457f772c5b646ff7,betway,1.15,2026-09-29T13:13:46.945822+00:00,2026-09-29T13:13:48.871244+00:00,916.2,0.08729279999999989,MULTI_RESEARCH_ELIGIBLE,tennis_predictions/price_snapshots.csv
1285e586a8d0e20e,457f772c5b646ff7,boylesports,1.14,2026-09-29T13:13:46.945822+00:00,2026-09-29T13:13:48.871244+00:00,916.2,0.07783807999999989,MULTI_RESEARCH_ELIGIBLE,tennis_predictions/price_snapshots.csv
0c0633186aa897ee,457f772c5b646ff7,casumo,1.16,2026-09-29T13:13:46.945822+00:00,2026-09-29T13:13:48.871244+00:00,916.2,0.09674751999999989,MULTI_RESEARCH_ELIGIBLE,tennis_predictions/price_snapshots.csv
d8a158672fe41f34,457f772c5b646ff7,grosvenor,1.16,2026-09-29T13:13:46.945822+00:00,2026-09-29T13:13:48.871244+00:00,916.2,0.09674751999999989,MULTI_RESEARCH_ELIGIBLE,tennis_predictions/price_snapshots.csv
dc62761ee30fcb97,457f772c5b646ff7,leovegas,1.14,2026-09-29T13:13:46.945822+00:00,2026-09-29T13:13:48.871244+00:00,916.2,0.07783807999999989,MULTI_RESEARCH_ELIGIBLE,tennis_predictions/price_snapshots.csv
763ca9b2d75156be,457f772c5b646ff7,livescorebet,1.16,2026-09-29T13:13:46.945822+00:00,2026-09-29T13:13:48.871244+00:00,916.2,0.09674751999999989,MULTI_RESEARCH_ELIGIBLE,tennis_predictions/price_snapshots.csv
1be9948a8ff63459,457f772c5b646ff7,matchbook,1.04,2026-09-29T13:13:46.945822+00:00,2026-09-29T13:13:48.871244+00:00,916.2,,MULTI_RESEARCH_ELIGIBLE,tennis_predictions/price_snapshots.csv
055691fdf276f218,457f772c5b646ff7,paddypower,1.14,2026-09-29T13:13:46.945822+00:00,2026-09-29T13:13:48.871244+00:00,916.2,0.07783807999999989,MULTI_RESEARCH_ELIGIBLE,tennis_predictions/price_snapshots.csv
99145b62204c5a7d,457f772c5b646ff7,skybet,1.14,2026-09-29T13:13:46.945822+00:00,2026-09-29T13:13:48.871244+00:00,916.2,0.07783807999999989,MULTI_RESEARCH_ELIGIBLE,tennis_predictions/price_snapshots.csv
f5751f97d841af6f,457f772c5b646ff7,smarkets,1.13,2026-09-29T13:13:46.945822+00:00,2026-09-29T13:13:48.871244+00:00,916.2,0.06592513279999988,MULTI_RESEARCH_ELIGIBLE,tennis_predictions/price_snapshots.csv
8bb70997045e5d05,457f772c5b646ff7,sport888,1.17,2026-09-29T13:13:46.945822+00:00,2026-09-29T13:13:48.871244+00:00,916.2,0.10620223999999992,MULTI_RESEARCH_ELIGIBLE,tennis_predictions/price_snapshots.csv
fa3374bf7db56fbe,457f772c5b646ff7,unibet_uk,1.15,2026-09-29T13:13:46.945822+00:00,2026-09-29T13:13:48.871244+00:00,916.2,0.08729279999999989,MULTI_RESEARCH_ELIGIBLE,tennis_predictions/price_snapshots.csv
2f0bd33149241d0e,457f772c5b646ff7,virginbet,1.16,2026-09-29T13:13:46.945822+00:00,2026-09-29T13:13:48.871244+00:00,916.2,0.09674751999999989,MULTI_RESEARCH_ELIGIBLE,tennis_predictions/price_snapshots.csv
10849af673b29094,457f772c5b646ff7,williamhill,1.17,2026-09-29T13:13:46.945822+00:00,2026-09-29T13:13:48.871244+00:00,916.2,0.10620223999999992,MULTI_RESEARCH_ELIGIBLE,tennis_predictions/price_snapshots.csv
7cd82df10be47efb,9fd7c8b5045b59e7,betfair_ex_uk,1.26,2026-09-29T13:13:46.945822+00:00,2026-09-29T13:13:48.871244+00:00,916.2,-0.11172573700000002,PAPER_BET,unified_ledger.live_price
5af5903ad35913c6,9fd7c8b5045b59e7,betano_uk,1.45,2026-09-29T13:13:46.945822+00:00,2026-09-29T13:13:48.871244+00:00,916.2,0.03287704999999996,PAPER_BET,tennis_predictions/price_snapshots.csv
91e72faac0a913b1,9fd7c8b5045b59e7,betfair_sb_uk,1.5,2026-09-29T13:13:46.945822+00:00,2026-09-29T13:13:48.871244+00:00,916.2,0.06849349999999998,PAPER_BET,tennis_predictions/price_snapshots.csv
dc100055b02be8dd,9fd7c8b5045b59e7,betvictor,1.45,2026-09-29T13:13:46.945822+00:00,2026-09-29T13:13:48.871244+00:00,916.2,0.03287704999999996,PAPER_BET,tennis_predictions/price_snapshots.csv
10935882e08f5985,9fd7c8b5045b59e7,boylesports,1.5,2026-09-29T13:13:46.945822+00:00,2026-09-29T13:13:48.871244+00:00,916.2,0.06849349999999998,PAPER_BET,tennis_predictions/price_snapshots.csv
b1f5386675a7e84f,9fd7c8b5045b59e7,casumo,1.51,2026-09-29T13:13:46.945822+00:00,2026-09-29T13:13:48.871244+00:00,916.2,0.07561678999999999,PAPER_BET,tennis_predictions/price_snapshots.csv
fdaed6481aa9c4db,9fd7c8b5045b59e7,grosvenor,1.51,2026-09-29T13:13:46.945822+00:00,2026-09-29T13:13:48.871244+00:00,916.2,0.07561678999999999,PAPER_BET,tennis_predictions/price_snapshots.csv
609104bad639e86c,9fd7c8b5045b59e7,leovegas,1.45,2026-09-29T13:13:46.945822+00:00,2026-09-29T13:13:48.871244+00:00,916.2,0.03287704999999996,PAPER_BET,tennis_predictions/price_snapshots.csv
6ccde239ecca55d0,9fd7c8b5045b59e7,livescorebet,1.52,2026-09-29T13:13:46.945822+00:00,2026-09-29T13:13:48.871244+00:00,916.2,0.08274008,PAPER_BET,tennis_predictions/price_snapshots.csv
43ccd2840c42072c,9fd7c8b5045b59e7,paddypower,1.44,2026-09-29T13:13:46.945822+00:00,2026-09-29T13:13:48.871244+00:00,916.2,0.02575375999999996,PAPER_BET,tennis_predictions/price_snapshots.csv
55b484a4514fe33b,9fd7c8b5045b59e7,skybet,1.5,2026-09-29T13:13:46.945822+00:00,2026-09-29T13:13:48.871244+00:00,916.2,0.06849349999999998,PAPER_BET,tennis_predictions/price_snapshots.csv
7048a06c21ed5b40,9fd7c8b5045b59e7,smarkets,1.44,2026-09-29T13:13:46.945822+00:00,2026-09-29T13:13:48.871244+00:00,916.2,0.019485264799999957,PAPER_BET,tennis_predictions/price_snapshots.csv
cd24ba9677e155d6,9fd7c8b5045b59e7,unibet_uk,1.48,2026-09-29T13:13:46.945822+00:00,2026-09-29T13:13:48.871244+00:00,916.2,0.054246919999999976,PAPER_BET,tennis_predictions/price_snapshots.csv
965f5b73a68c5f50,9fd7c8b5045b59e7,virginbet,1.52,2026-09-29T13:13:46.945822+00:00,2026-09-29T13:13:48.871244+00:00,916.2,0.08274008,PAPER_BET,tennis_predictions/price_snapshots.csv
ee03e45368191ffd,cb04639bd402e869,betfair_ex_uk,1.7,2026-09-29T13:13:46.945822+00:00,2026-09-29T13:13:48.871244+00:00,1006.2,-0.0949759300000001,REJECT,unified_ledger.live_price
5a7ce41357947bb0,cb04639bd402e869,betano_uk,1.7,2026-09-29T13:13:46.945822+00:00,2026-09-29T13:13:48.871244+00:00,1006.2,-0.07595140000000006,REJECT,tennis_predictions/price_snapshots.csv
22aaabb7a42fbce6,cb04639bd402e869,betvictor,1.7,2026-09-29T13:13:46.945822+00:00,2026-09-29T13:13:48.871244+00:00,1006.2,-0.07595140000000006,REJECT,tennis_predictions/price_snapshots.csv
83268114119d501b,cb04639bd402e869,betway,1.65,2026-09-29T13:13:46.945822+00:00,2026-09-29T13:13:48.871244+00:00,1006.2,-0.10312930000000009,REJECT,tennis_predictions/price_snapshots.csv
92fc533da8712f6d,cb04639bd402e869,boylesports,1.73,2026-09-29T13:13:46.945822+00:00,2026-09-29T13:13:48.871244+00:00,1006.2,-0.059644660000000016,REJECT,tennis_predictions/price_snapshots.csv
b842198743176dd8,cb04639bd402e869,leovegas,1.7,2026-09-29T13:13:46.945822+00:00,2026-09-29T13:13:48.871244+00:00,1006.2,-0.07595140000000006,REJECT,tennis_predictions/price_snapshots.csv
a88f9dfeb6fd2c3b,cb04639bd402e869,matchbook,1.69,2026-09-29T13:13:46.945822+00:00,2026-09-29T13:13:48.871244+00:00,1006.2,,REJECT,tennis_predictions/price_snapshots.csv
d82a235bc39b77db,cb04639bd402e869,paddypower,1.73,2026-09-29T13:13:46.945822+00:00,2026-09-29T13:13:48.871244+00:00,1006.2,-0.059644660000000016,REJECT,tennis_predictions/price_snapshots.csv
223b2b59836c28f4,cb04639bd402e869,skybet,1.73,2026-09-29T13:13:46.945822+00:00,2026-09-29T13:13:48.871244+00:00,1006.2,-0.059644660000000016,REJECT,tennis_predictions/price_snapshots.csv
5bc52251892dff89,cb04639bd402e869,smarkets,1.66,2026-09-29T13:13:46.945822+00:00,2026-09-29T13:13:48.871244+00:00,1006.2,-0.10486868560000012,REJECT,tennis_predictions/price_snapshots.csv
9142be870d9749ae,cb04639bd402e869,sport888,1.73,2026-09-29T13:13:46.945822+00:00,2026-09-29T13:13:48.871244+00:00,1006.2,-0.059644660000000016,REJECT,tennis_predictions/price_snapshots.csv
2819e958144bc439,cb04639bd402e869,unibet_uk,1.72,2026-09-29T13:13:46.945822+00:00,2026-09-29T13:13:48.871244+00:00,1006.2,-0.06508024000000007,REJECT,tennis_predictions/price_snapshots.csv
65becec05a45f630,cb04639bd402e869,williamhill,1.73,2026-09-29T13:13:46.945822+00:00,2026-09-29T13:13:48.871244+00:00,1006.2,-0.059644660000000016,REJECT,tennis_predictions/price_snapshots.csv
eaba46007f9e930b,a2d67f6fd7b93a33,betfair_ex_uk,1.28,2026-09-29T13:13:46.945822+00:00,2026-09-29T13:13:48.871244+00:00,1006.2,-0.10162994199999992,PAPER_BET,unified_ledger.live_price
9d631005ceec06ee,a2d67f6fd7b93a33,betano_uk,1.44,2026-09-29T13:13:46.945822+00:00,2026-09-29T13:13:48.871244+00:00,1006.2,0.021842720000000038,PAPER_BET,tennis_predictions/price_snapshots.csv
0c3529986f8c4fa6,a2d67f6fd7b93a33,betvictor,1.44,2026-09-29T13:13:46.945822+00:00,2026-09-29T13:13:48.871244+00:00,1006.2,0.021842720000000038,PAPER_BET,tennis_predictions/price_snapshots.csv
85d89a483561ff0d,a2d67f6fd7b93a33,betway,1.45,2026-09-29T13:13:46.945822+00:00,2026-09-29T13:13:48.871244+00:00,1006.2,0.028938850000000016,PAPER_BET,tennis_predictions/price_snapshots.csv
ac3fb2dcc62bfc97,a2d67f6fd7b93a33,boylesports,1.44,2026-09-29T13:13:46.945822+00:00,2026-09-29T13:13:48.871244+00:00,1006.2,0.021842720000000038,PAPER_BET,tennis_predictions/price_snapshots.csv
18b8530871538593,a2d67f6fd7b93a33,casumo,1.42,2026-09-29T13:13:46.945822+00:00,2026-09-29T13:13:48.871244+00:00,1006.2,0.007650460000000026,PAPER_BET,tennis_predictions/price_snapshots.csv
3990b7439ee2f3ed,a2d67f6fd7b93a33,grosvenor,1.42,2026-09-29T13:13:46.945822+00:00,2026-09-29T13:13:48.871244+00:00,1006.2,0.007650460000000026,PAPER_BET,tennis_predictions/price_snapshots.csv
39735fbae084051e,a2d67f6fd7b93a33,leovegas,1.42,2026-09-29T13:13:46.945822+00:00,2026-09-29T13:13:48.871244+00:00,1006.2,0.007650460000000026,PAPER_BET,tennis_predictions/price_snapshots.csv
e16dab12dccfdbf0,a2d67f6fd7b93a33,livescorebet,1.42,2026-09-29T13:13:46.945822+00:00,2026-09-29T13:13:48.871244+00:00,1006.2,0.007650460000000026,PAPER_BET,tennis_predictions/price_snapshots.csv
e59be275637ab5d4,a2d67f6fd7b93a33,matchbook,1.27,2026-09-29T13:13:46.945822+00:00,2026-09-29T13:13:48.871244+00:00,1006.2,,PAPER_BET,tennis_predictions/price_snapshots.csv
d80a581832780966,a2d67f6fd7b93a33,paddypower,1.4,2026-09-29T13:13:46.945822+00:00,2026-09-29T13:13:48.871244+00:00,1006.2,-0.0065417999999999865,PAPER_BET,tennis_predictions/price_snapshots.csv
b725a7fe20e4b556,a2d67f6fd7b93a33,skybet,1.44,2026-09-29T13:13:46.945822+00:00,2026-09-29T13:13:48.871244+00:00,1006.2,0.021842720000000038,PAPER_BET,tennis_predictions/price_snapshots.csv
e88d8fb7079ff19d,a2d67f6fd7b93a33,smarkets,1.4,2026-09-29T13:13:46.945822+00:00,2026-09-29T13:13:48.871244+00:00,1006.2,-0.01221870399999997,PAPER_BET,tennis_predictions/price_snapshots.csv
d448f085b49ffc09,a2d67f6fd7b93a33,sport888,1.44,2026-09-29T13:13:46.945822+00:00,2026-09-29T13:13:48.871244+00:00,1006.2,0.021842720000000038,PAPER_BET,tennis_predictions/price_snapshots.csv
87503bd424ed81a5,a2d67f6fd7b93a33,unibet_uk,1.44,2026-09-29T13:13:46.945822+00:00,2026-09-29T13:13:48.871244+00:00,1006.2,0.021842720000000038,PAPER_BET,tennis_predictions/price_snapshots.csv
8ed52ad333db971a,a2d67f6fd7b93a33,virginbet,1.42,2026-09-29T13:13:46.945822+00:00,2026-09-29T13:13:48.871244+00:00,1006.2,0.007650460000000026,PAPER_BET,tennis_predictions/price_snapshots.csv
abc348d580c1fb12,a2d67f6fd7b93a33,williamhill,1.44,2026-09-29T13:13:46.945822+00:00,2026-09-29T13:13:48.871244+00:00,1006.2,0.021842720000000038,PAPER_BET,tennis_predictions/price_snapshots.csv
8d837b9d96f6b370,80bd507dd6f7b1bb,betfair_ex_uk,1.25,2026-09-29T13:13:46.945822+00:00,2026-09-29T13:13:48.871244+00:00,1066.2,-0.08938686250000002,PAPER_BET,unified_ledger.live_price
b6ecf88fe32a14d5,80bd507dd6f7b1bb,betano_uk,1.45,2026-09-29T13:13:46.945822+00:00,2026-09-29T13:13:48.871244+00:00,1066.2,0.06698104999999993,PAPER_BET,tennis_predictions/price_snapshots.csv
3baa269ea8582999,80bd507dd6f7b1bb,betvictor,1.45,2026-09-29T13:13:46.945822+00:00,2026-09-29T13:13:48.871244+00:00,1066.2,0.06698104999999993,PAPER_BET,tennis_predictions/price_snapshots.csv
6f84ed4cea5b6edc,80bd507dd6f7b1bb,betway,1.45,2026-09-29T13:13:46.945822+00:00,2026-09-29T13:13:48.871244+00:00,1066.2,0.06698104999999993,PAPER_BET,tennis_predictions/price_snapshots.csv
ffd1621951a427af,80bd507dd6f7b1bb,boylesports,1.5,2026-09-29T13:13:46.945822+00:00,2026-09-29T13:13:48.871244+00:00,1066.2,0.10377349999999996,PAPER_BET,tennis_predictions/price_snapshots.csv
f1d05ed3a43510a2,80bd507dd6f7b1bb,casumo,1.48,2026-09-29T13:13:46.945822+00:00,2026-09-29T13:13:48.871244+00:00,1066.2,0.08905651999999997,PAPER_BET,tennis_predictions/price_snapshots.csv
0b5a78191cb27ced,80bd507dd6f7b1bb,grosvenor,1.48,2026-09-29T13:13:46.945822+00:00,2026-09-29T13:13:48.871244+00:00,1066.2,0.08905651999999997,PAPER_BET,tennis_predictions/price_snapshots.csv
bb3e47cb532a12c6,80bd507dd6f7b1bb,leovegas,1.47,2026-09-29T13:13:46.945822+00:00,2026-09-29T13:13:48.871244+00:00,1066.2,0.08169802999999992,PAPER_BET,tennis_predictions/price_snapshots.csv
0eee0de0a31d2c10,80bd507dd6f7b1bb,livescorebet,1.48,2026-09-29T13:13:46.945822+00:00,2026-09-29T13:13:48.871244+00:00,1066.2,0.08905651999999997,PAPER_BET,tennis_predictions/price_snapshots.csv
960ce0235e8e0f7e,80bd507dd6f7b1bb,matchbook,1.25,2026-09-29T13:13:46.945822+00:00,2026-09-29T13:13:48.871244+00:00,1066.2,,PAPER_BET,tennis_predictions/price_snapshots.csv
c3ae9ec827f1ea0e,80bd507dd6f7b1bb,paddypower,1.44,2026-09-29T13:13:46.945822+00:00,2026-09-29T13:13:48.871244+00:00,1066.2,0.059622559999999936,PAPER_BET,tennis_predictions/price_snapshots.csv
bdda1fd209246796,80bd507dd6f7b1bb,skybet,1.44,2026-09-29T13:13:46.945822+00:00,2026-09-29T13:13:48.871244+00:00,1066.2,0.059622559999999936,PAPER_BET,tennis_predictions/price_snapshots.csv
9ae6fc19e6944429,80bd507dd6f7b1bb,smarkets,1.45,2026-09-29T13:13:46.945822+00:00,2026-09-29T13:13:48.871244+00:00,1066.2,0.060358408999999946,PAPER_BET,tennis_predictions/price_snapshots.csv
32fb4c7f20ea7158,80bd507dd6f7b1bb,sport888,1.5,2026-09-29T13:13:46.945822+00:00,2026-09-29T13:13:48.871244+00:00,1066.2,0.10377349999999996,PAPER_BET,tennis_predictions/price_snapshots.csv
b43d946a8ec6f2fc,80bd507dd6f7b1bb,unibet_uk,1.5,2026-09-29T13:13:46.945822+00:00,2026-09-29T13:13:48.871244+00:00,1066.2,0.10377349999999996,PAPER_BET,tennis_predictions/price_snapshots.csv
e67b0ee2a29e9622,80bd507dd6f7b1bb,virginbet,1.48,2026-09-29T13:13:46.945822+00:00,2026-09-29T13:13:48.871244+00:00,1066.2,0.08905651999999997,PAPER_BET,tennis_predictions/price_snapshots.csv
f03df5462d7f8755,80bd507dd6f7b1bb,williamhill,1.5,2026-09-29T13:13:46.945822+00:00,2026-09-29T13:13:48.871244+00:00,1066.2,0.10377349999999996,PAPER_BET,tennis_predictions/price_snapshots.csv
00b2d00656147ff2,b6bc3f9f403cdc79,betfair_ex_uk,1.3,2026-09-29T13:13:46.945822+00:00,2026-09-29T13:13:48.871244+00:00,1306.2,-0.07940286999999996,PAPER_BET,unified_ledger.live_price
82dcf5f60d065dbd,b6bc3f9f403cdc79,betano_uk,1.45,2026-09-29T13:13:46.945822+00:00,2026-09-29T13:13:48.871244+00:00,1306.2,0.038806099999999955,PAPER_BET,tennis_predictions/price_snapshots.csv
703697c3d52dd823,b6bc3f9f403cdc79,betvictor,1.45,2026-09-29T13:13:46.945822+00:00,2026-09-29T13:13:48.871244+00:00,1306.2,0.038806099999999955,PAPER_BET,tennis_predictions/price_snapshots.csv
491f1250f9eb1498,b6bc3f9f403cdc79,betway,1.45,2026-09-29T13:13:46.945822+00:00,2026-09-29T13:13:48.871244+00:00,1306.2,0.038806099999999955,PAPER_BET,tennis_predictions/price_snapshots.csv
3e0f9f746d2284b6,b6bc3f9f403cdc79,boylesports,1.5,2026-09-29T13:13:46.945822+00:00,2026-09-29T13:13:48.871244+00:00,1306.2,0.074627,PAPER_BET,tennis_predictions/price_snapshots.csv
852d5dba2412502b,b6bc3f9f403cdc79,casumo,1.5,2026-09-29T13:13:46.945822+00:00,2026-09-29T13:13:48.871244+00:00,1306.2,0.074627,PAPER_BET,tennis_predictions/price_snapshots.csv
b8feb23d5d5ee726,b6bc3f9f403cdc79,grosvenor,1.5,2026-09-29T13:13:46.945822+00:00,2026-09-29T13:13:48.871244+00:00,1306.2,0.074627,PAPER_BET,tennis_predictions/price_snapshots.csv
9d18b77896196d34,b6bc3f9f403cdc79,leovegas,1.47,2026-09-29T13:13:46.945822+00:00,2026-09-29T13:13:48.871244+00:00,1306.2,0.053134459999999994,PAPER_BET,tennis_predictions/price_snapshots.csv
96372442b5c655c4,b6bc3f9f403cdc79,livescorebet,1.5,2026-09-29T13:13:46.945822+00:00,2026-09-29T13:13:48.871244+00:00,1306.2,0.074627,PAPER_BET,tennis_predictions/price_snapshots.csv
a206647ec60ae4ad,b6bc3f9f403cdc79,matchbook,1.27,2026-09-29T13:13:46.945822+00:00,2026-09-29T13:13:48.871244+00:00,1306.2,,PAPER_BET,tennis_predictions/price_snapshots.csv
200b8cbe5a9f4685,b6bc3f9f403cdc79,paddypower,1.44,2026-09-29T13:13:46.945822+00:00,2026-09-29T13:13:48.871244+00:00,1306.2,0.031641919999999935,PAPER_BET,tennis_predictions/price_snapshots.csv
1f92db41226804c0,b6bc3f9f403cdc79,skybet,1.44,2026-09-29T13:13:46.945822+00:00,2026-09-29T13:13:48.871244+00:00,1306.2,0.031641919999999935,PAPER_BET,tennis_predictions/price_snapshots.csv
984e2809caf44ba2,b6bc3f9f403cdc79,smarkets,1.44,2026-09-29T13:13:46.945822+00:00,2026-09-29T13:13:48.871244+00:00,1306.2,0.025337441599999955,PAPER_BET,tennis_predictions/price_snapshots.csv
dc3543a2cd31fe78,b6bc3f9f403cdc79,unibet_uk,1.47,2026-09-29T13:13:46.945822+00:00,2026-09-29T13:13:48.871244+00:00,1306.2,0.053134459999999994,PAPER_BET,tennis_predictions/price_snapshots.csv
6f7efe2f992d54c3,b6bc3f9f403cdc79,virginbet,1.5,2026-09-29T13:13:46.945822+00:00,2026-09-29T13:13:48.871244+00:00,1306.2,0.074627,PAPER_BET,tennis_predictions/price_snapshots.csv
d37f089b5a11e4f9,66100799f85347c3,betfair_ex_uk,1.08,2026-09-29T13:13:46.945822+00:00,2026-09-29T13:13:48.871244+00:00,2326.2,-0.002696487999999969,MULTI_RESEARCH_ELIGIBLE,unified_ledger.live_price
5bd231fcad8dbd00,66100799f85347c3,betano_uk,1.06,2026-09-29T13:13:46.945822+00:00,2026-09-29T13:13:48.871244+00:00,2326.2,-0.01752627999999999,MULTI_RESEARCH_ELIGIBLE,tennis_predictions/price_snapshots.csv
a016dcef771525e8,66100799f85347c3,betvictor,1.06,2026-09-29T13:13:46.945822+00:00,2026-09-29T13:13:48.871244+00:00,2326.2,-0.01752627999999999,MULTI_RESEARCH_ELIGIBLE,tennis_predictions/price_snapshots.csv
267e66cb5e71aaef,66100799f85347c3,betway,1.05,2026-09-29T13:13:46.945822+00:00,2026-09-29T13:13:48.871244+00:00,2326.2,-0.026794899999999996,MULTI_RESEARCH_ELIGIBLE,tennis_predictions/price_snapshots.csv
cc1dd95db2003dd6,66100799f85347c3,boylesports,1.06,2026-09-29T13:13:46.945822+00:00,2026-09-29T13:13:48.871244+00:00,2326.2,-0.01752627999999999,MULTI_RESEARCH_ELIGIBLE,tennis_predictions/price_snapshots.csv
a8da43ff3b7964eb,66100799f85347c3,casumo,1.05,2026-09-29T13:13:46.945822+00:00,2026-09-29T13:13:48.871244+00:00,2326.2,-0.026794899999999996,MULTI_RESEARCH_ELIGIBLE,tennis_predictions/price_snapshots.csv
058b03703707689e,66100799f85347c3,coral,1.06,2026-09-29T13:13:46.945822+00:00,2026-09-29T13:13:48.871244+00:00,2326.2,-0.01752627999999999,MULTI_RESEARCH_ELIGIBLE,tennis_predictions/price_snapshots.csv
5351ee45eb5f0bf2,66100799f85347c3,grosvenor,1.05,2026-09-29T13:13:46.945822+00:00,2026-09-29T13:13:48.871244+00:00,2326.2,-0.026794899999999996,MULTI_RESEARCH_ELIGIBLE,tennis_predictions/price_snapshots.csv
87928ca9d861ca8c,66100799f85347c3,ladbrokes_uk,1.06,2026-09-29T13:13:46.945822+00:00,2026-09-29T13:13:48.871244+00:00,2326.2,-0.01752627999999999,MULTI_RESEARCH_ELIGIBLE,tennis_predictions/price_snapshots.csv
e499ce712400de37,66100799f85347c3,leovegas,1.04,2026-09-29T13:13:46.945822+00:00,2026-09-29T13:13:48.871244+00:00,2326.2,-0.03606352,MULTI_RESEARCH_ELIGIBLE,tennis_predictions/price_snapshots.csv
ac4b465cd9c698bd,66100799f85347c3,livescorebet,1.05,2026-09-29T13:13:46.945822+00:00,2026-09-29T13:13:48.871244+00:00,2326.2,-0.026794899999999996,MULTI_RESEARCH_ELIGIBLE,tennis_predictions/price_snapshots.csv
89d7f1c16016ee22,66100799f85347c3,matchbook,1.08,2026-09-29T13:13:46.945822+00:00,2026-09-29T13:13:48.871244+00:00,2326.2,,MULTI_RESEARCH_ELIGIBLE,tennis_predictions/price_snapshots.csv
01c3aafe29033bec,66100799f85347c3,paddypower,1.07,2026-09-29T13:13:46.945822+00:00,2026-09-29T13:13:48.871244+00:00,2326.2,-0.008257659999999986,MULTI_RESEARCH_ELIGIBLE,tennis_predictions/price_snapshots.csv
f10d263d0d6cdecf,66100799f85347c3,skybet,1.07,2026-09-29T13:13:46.945822+00:00,2026-09-29T13:13:48.871244+00:00,2326.2,-0.008257659999999986,MULTI_RESEARCH_ELIGIBLE,tennis_predictions/price_snapshots.csv
c1a0d985ed9b6d22,66100799f85347c3,smarkets,1.04,2026-09-29T13:13:46.945822+00:00,2026-09-29T13:13:48.871244+00:00,2326.2,-0.0368050096,MULTI_RESEARCH_ELIGIBLE,tennis_predictions/price_snapshots.csv
786331f93950e541,66100799f85347c3,sport888,1.06,2026-09-29T13:13:46.945822+00:00,2026-09-29T13:13:48.871244+00:00,2326.2,-0.01752627999999999,MULTI_RESEARCH_ELIGIBLE,tennis_predictions/price_snapshots.csv
0e348acc5eae5827,66100799f85347c3,unibet_uk,1.05,2026-09-29T13:13:46.945822+00:00,2026-09-29T13:13:48.871244+00:00,2326.2,-0.026794899999999996,MULTI_RESEARCH_ELIGIBLE,tennis_predictions/price_snapshots.csv
c1096d94faad9605,66100799f85347c3,virginbet,1.05,2026-09-29T13:13:46.945822+00:00,2026-09-29T13:13:48.871244+00:00,2326.2,-0.026794899999999996,MULTI_RESEARCH_ELIGIBLE,tennis_predictions/price_snapshots.csv
9ece3aca36902ff5,761f82d05ef5c802,betfair_ex_uk,1.2,2026-09-29T13:13:46.945822+00:00,2026-09-29T13:13:48.871244+00:00,2326.2,-0.09716960999999996,REJECT,unified_ledger.live_price
0b9167cc02851bab,761f82d05ef5c802,betano_uk,1.25,2026-09-29T13:13:46.945822+00:00,2026-09-29T13:13:48.871244+00:00,2326.2,-0.05164874999999994,REJECT,tennis_predictions/price_snapshots.csv
943c4c20cded1d54,761f82d05ef5c802,betvictor,1.25,2026-09-29T13:13:46.945822+00:00,2026-09-29T13:13:48.871244+00:00,2326.2,-0.05164874999999994,REJECT,tennis_predictions/price_snapshots.csv
3e74c4b9dae0d06f,761f82d05ef5c802,boylesports,1.25,2026-09-29T13:13:46.945822+00:00,2026-09-29T13:13:48.871244+00:00,2326.2,-0.05164874999999994,REJECT,tennis_predictions/price_snapshots.csv
7ab2969b1ad4c0f1,761f82d05ef5c802,leovegas,1.22,2026-09-29T13:13:46.945822+00:00,2026-09-29T13:13:48.871244+00:00,2326.2,-0.07440917999999996,REJECT,tennis_predictions/price_snapshots.csv
8cd4a63490eb610a,761f82d05ef5c802,paddypower,1.22,2026-09-29T13:13:46.945822+00:00,2026-09-29T13:13:48.871244+00:00,2326.2,-0.07440917999999996,REJECT,tennis_predictions/price_snapshots.csv
6a1536e83fcf1e30,761f82d05ef5c802,skybet,1.22,2026-09-29T13:13:46.945822+00:00,2026-09-29T13:13:48.871244+00:00,2326.2,-0.07440917999999996,REJECT,tennis_predictions/price_snapshots.csv
88f73b92313d0cc1,761f82d05ef5c802,smarkets,1.2,2026-09-29T13:13:46.945822+00:00,2026-09-29T13:13:48.871244+00:00,2326.2,-0.09261752399999995,REJECT,tennis_predictions/price_snapshots.csv
ad3f58eef633576c,761f82d05ef5c802,unibet_uk,1.23,2026-09-29T13:13:46.945822+00:00,2026-09-29T13:13:48.871244+00:00,2326.2,-0.06682236999999996,REJECT,tennis_predictions/price_snapshots.csv
fac58798a5a62a70,2447a0ef0a99ab69,betfair_ex_uk,1.46,2026-09-29T13:13:46.945822+00:00,2026-09-29T13:13:48.871244+00:00,2326.2,-0.02522973100000009,REJECT,unified_ledger.live_price
9120e3e5ca3f9041,2447a0ef0a99ab69,betano_uk,1.4,2026-09-29T13:13:46.945822+00:00,2026-09-29T13:13:48.871244+00:00,2326.2,-0.0503282000000001,REJECT,tennis_predictions/price_snapshots.csv
7c4b7ebd62bed9e7,2447a0ef0a99ab69,betvictor,1.4,2026-09-29T13:13:46.945822+00:00,2026-09-29T13:13:48.871244+00:00,2326.2,-0.0503282000000001,REJECT,tennis_predictions/price_snapshots.csv
b716a1a335385275,2447a0ef0a99ab69,betway,1.44,2026-09-29T13:13:46.945822+00:00,2026-09-29T13:13:48.871244+00:00,2326.2,-0.023194720000000058,REJECT,tennis_predictions/price_snapshots.csv
602b6c95974fdb1a,2447a0ef0a99ab69,boylesports,1.44,2026-09-29T13:13:46.945822+00:00,2026-09-29T13:13:48.871244+00:00,2326.2,-0.023194720000000058,REJECT,tennis_predictions/price_snapshots.csv
0c261cf0610cf600,2447a0ef0a99ab69,casumo,1.41,2026-09-29T13:13:46.945822+00:00,2026-09-29T13:13:48.871244+00:00,2326.2,-0.04354483000000009,REJECT,tennis_predictions/price_snapshots.csv
66f419ad9b6a3c04,2447a0ef0a99ab69,coral,1.4,2026-09-29T13:13:46.945822+00:00,2026-09-29T13:13:48.871244+00:00,2326.2,-0.0503282000000001,REJECT,tennis_predictions/price_snapshots.csv
02bd06e470e5b0f6,2447a0ef0a99ab69,grosvenor,1.41,2026-09-29T13:13:46.945822+00:00,2026-09-29T13:13:48.871244+00:00,2326.2,-0.04354483000000009,REJECT,tennis_predictions/price_snapshots.csv
7d7243ca8caa2b4a,2447a0ef0a99ab69,ladbrokes_uk,1.4,2026-09-29T13:13:46.945822+00:00,2026-09-29T13:13:48.871244+00:00,2326.2,-0.0503282000000001,REJECT,tennis_predictions/price_snapshots.csv
b3f1f3f0d6daf7c5,2447a0ef0a99ab69,leovegas,1.4,2026-09-29T13:13:46.945822+00:00,2026-09-29T13:13:48.871244+00:00,2326.2,-0.0503282000000001,REJECT,tennis_predictions/price_snapshots.csv
d78a2a0d954edd8a,2447a0ef0a99ab69,livescorebet,1.41,2026-09-29T13:13:46.945822+00:00,2026-09-29T13:13:48.871244+00:00,2326.2,-0.04354483000000009,REJECT,tennis_predictions/price_snapshots.csv
4c60b69c93bd5817,2447a0ef0a99ab69,matchbook,1.46,2026-09-29T13:13:46.945822+00:00,2026-09-29T13:13:48.871244+00:00,2326.2,,REJECT,tennis_predictions/price_snapshots.csv
2ab73159d926ba44,2447a0ef0a99ab69,paddypower,1.4,2026-09-29T13:13:46.945822+00:00,2026-09-29T13:13:48.871244+00:00,2326.2,-0.0503282000000001,REJECT,tennis_predictions/price_snapshots.csv
ad6881574c4a8fe4,2447a0ef0a99ab69,skybet,1.4,2026-09-29T13:13:46.945822+00:00,2026-09-29T13:13:48.871244+00:00,2326.2,-0.0503282000000001,REJECT,tennis_predictions/price_snapshots.csv
d99c0432f41b7df2,2447a0ef0a99ab69,smarkets,1.41,2026-09-29T13:13:46.945822+00:00,2026-09-29T13:13:48.871244+00:00,2326.2,-0.04910719340000008,REJECT,tennis_predictions/price_snapshots.csv
c396000ad2d86afa,2447a0ef0a99ab69,sport888,1.44,2026-09-29T13:13:46.945822+00:00,2026-09-29T13:13:48.871244+00:00,2326.2,-0.023194720000000058,REJECT,tennis_predictions/price_snapshots.csv
06dd7b87a39f866e,2447a0ef0a99ab69,unibet_uk,1.4,2026-09-29T13:13:46.945822+00:00,2026-09-29T13:13:48.871244+00:00,2326.2,-0.0503282000000001,REJECT,tennis_predictions/price_snapshots.csv
2799bbf8e80c5e2f,2447a0ef0a99ab69,virginbet,1.41,2026-09-29T13:13:46.945822+00:00,2026-09-29T13:13:48.871244+00:00,2326.2,-0.04354483000000009,REJECT,tennis_predictions/price_snapshots.csv
ec0a02ca132263ad,2447a0ef0a99ab69,williamhill,1.44,2026-09-29T13:13:46.945822+00:00,2026-09-29T13:13:48.871244+00:00,2326.2,-0.023194720000000058,REJECT,tennis_predictions/price_snapshots.csv
f99bb7d65ca28a2d,e7d7d4e47432b0ec,betfair_ex_uk,1.2,2026-09-29T13:13:46.945822+00:00,2026-09-29T13:13:48.871244+00:00,2326.2,-0.10463686,WATCH,unified_ledger.live_price
d0df3f9d86cdba3a,e7d7d4e47432b0ec,betano_uk,1.3,2026-09-29T13:13:46.945822+00:00,2026-09-29T13:13:48.871244+00:00,2326.2,-0.021872199999999953,WATCH,tennis_predictions/price_snapshots.csv
e8b04f65791a00e7,e7d7d4e47432b0ec,betvictor,1.3,2026-09-29T13:13:46.945822+00:00,2026-09-29T13:13:48.871244+00:00,2326.2,-0.021872199999999953,WATCH,tennis_predictions/price_snapshots.csv
f49b37f19c7cd5ba,e7d7d4e47432b0ec,boylesports,1.33,2026-09-29T13:13:46.945822+00:00,2026-09-29T13:13:48.871244+00:00,2326.2,0.0006999800000000722,WATCH,tennis_predictions/price_snapshots.csv
6dbd7e6f0e414891,e7d7d4e47432b0ec,leovegas,1.3,2026-09-29T13:13:46.945822+00:00,2026-09-29T13:13:48.871244+00:00,2326.2,-0.021872199999999953,WATCH,tennis_predictions/price_snapshots.csv
1e75a2e143bf0def,e7d7d4e47432b0ec,paddypower,1.3,2026-09-29T13:13:46.945822+00:00,2026-09-29T13:13:48.871244+00:00,2326.2,-0.021872199999999953,WATCH,tennis_predictions/price_snapshots.csv
6e3c83e2a2895e9e,e7d7d4e47432b0ec,skybet,1.3,2026-09-29T13:13:46.945822+00:00,2026-09-29T13:13:48.871244+00:00,2326.2,-0.021872199999999953,WATCH,tennis_predictions/price_snapshots.csv
cfde2d435aac6e59,e7d7d4e47432b0ec,smarkets,1.27,2026-09-29T13:13:46.945822+00:00,2026-09-29T13:13:48.871244+00:00,2326.2,-0.04850737239999994,WATCH,tennis_predictions/price_snapshots.csv
fd71dbd08c52c05f,e7d7d4e47432b0ec,unibet_uk,1.3,2026-09-29T13:13:46.945822+00:00,2026-09-29T13:13:48.871244+00:00,2326.2,-0.021872199999999953,WATCH,tennis_predictions/price_snapshots.csv
d4c3c92c2b6773c8,b47b3bbfa4cd2c00,betfair_ex_uk,1.46,2026-09-29T13:13:46.945822+00:00,2026-09-29T13:13:48.871244+00:00,2326.2,-0.12949414000000004,WATCH,unified_ledger.live_price
fdc742d2c45301ac,b47b3bbfa4cd2c00,betano_uk,1.7,2026-09-29T13:13:46.945822+00:00,2026-09-29T13:13:48.871244+00:00,2326.2,0.029825999999999964,WATCH,tennis_predictions/price_snapshots.csv
440fc7ea93a4221a,b47b3bbfa4cd2c00,betvictor,1.7,2026-09-29T13:13:46.945822+00:00,2026-09-29T13:13:48.871244+00:00,2326.2,0.029825999999999964,WATCH,tennis_predictions/price_snapshots.csv
6e138c722f4162e1,b47b3bbfa4cd2c00,boylesports,1.73,2026-09-29T13:13:46.945822+00:00,2026-09-29T13:13:48.871244+00:00,2326.2,0.04799939999999997,WATCH,tennis_predictions/price_snapshots.csv
9413b809b2b16379,b47b3bbfa4cd2c00,leovegas,1.7,2026-09-29T13:13:46.945822+00:00,2026-09-29T13:13:48.871244+00:00,2326.2,0.029825999999999964,WATCH,tennis_predictions/price_snapshots.csv
31e1967a9c0e6404,b47b3bbfa4cd2c00,paddypower,1.73,2026-09-29T13:13:46.945822+00:00,2026-09-29T13:13:48.871244+00:00,2326.2,0.04799939999999997,WATCH,tennis_predictions/price_snapshots.csv
9d576622dbf51361,b47b3bbfa4cd2c00,skybet,1.73,2026-09-29T13:13:46.945822+00:00,2026-09-29T13:13:48.871244+00:00,2326.2,0.04799939999999997,WATCH,tennis_predictions/price_snapshots.csv
60df387b37b2aae9,b47b3bbfa4cd2c00,smarkets,1.64,2026-09-29T13:13:46.945822+00:00,2026-09-29T13:13:48.871244+00:00,2326.2,-0.014274784000000096,WATCH,tennis_predictions/price_snapshots.csv
97e2132a6ff1f189,b47b3bbfa4cd2c00,unibet_uk,1.72,2026-09-29T13:13:46.945822+00:00,2026-09-29T13:13:48.871244+00:00,2326.2,0.04194159999999997,WATCH,tennis_predictions/price_snapshots.csv
016d818379fffec3,f3d8bd9c8bb01803,betfair_ex_uk,1.06,2026-09-29T13:13:46.945822+00:00,2026-09-29T13:13:48.871244+00:00,2326.2,-0.04177664999999999,MULTI_RESEARCH_ELIGIBLE,unified_ledger.live_price
8a3c0ec81dd70c08,f3d8bd9c8bb01803,betano_uk,1.1,2026-09-29T13:13:46.945822+00:00,2026-09-29T13:13:48.871244+00:00,2326.2,-0.0027949999999999503,MULTI_RESEARCH_ELIGIBLE,tennis_predictions/price_snapshots.csv
7c926e0b78089e4b,f3d8bd9c8bb01803,betvictor,1.1,2026-09-29T13:13:46.945822+00:00,2026-09-29T13:13:48.871244+00:00,2326.2,-0.0027949999999999503,MULTI_RESEARCH_ELIGIBLE,tennis_predictions/price_snapshots.csv
f2f4311b286f9de7,f3d8bd9c8bb01803,boylesports,1.08,2026-09-29T13:13:46.945822+00:00,2026-09-29T13:13:48.871244+00:00,2326.2,-0.020925999999999972,MULTI_RESEARCH_ELIGIBLE,tennis_predictions/price_snapshots.csv
f324a4eded7d617f,f3d8bd9c8bb01803,leovegas,1.08,2026-09-29T13:13:46.945822+00:00,2026-09-29T13:13:48.871244+00:00,2326.2,-0.020925999999999972,MULTI_RESEARCH_ELIGIBLE,tennis_predictions/price_snapshots.csv
cbb3ff2d225de052,f3d8bd9c8bb01803,paddypower,1.08,2026-09-29T13:13:46.945822+00:00,2026-09-29T13:13:48.871244+00:00,2326.2,-0.020925999999999972,MULTI_RESEARCH_ELIGIBLE,tennis_predictions/price_snapshots.csv
d1bea8fedb7d5fa2,f3d8bd9c8bb01803,skybet,1.08,2026-09-29T13:13:46.945822+00:00,2026-09-29T13:13:48.871244+00:00,2326.2,-0.020925999999999972,MULTI_RESEARCH_ELIGIBLE,tennis_predictions/price_snapshots.csv
93242521098ad8ad,f3d8bd9c8bb01803,smarkets,1.06,2026-09-29T13:13:46.945822+00:00,2026-09-29T13:13:48.871244+00:00,2326.2,-0.04014485999999999,MULTI_RESEARCH_ELIGIBLE,tennis_predictions/price_snapshots.csv
6597ae6dc5ce662e,f3d8bd9c8bb01803,sport888,1.1,2026-09-29T13:13:46.945822+00:00,2026-09-29T13:13:48.871244+00:00,2326.2,-0.0027949999999999503,MULTI_RESEARCH_ELIGIBLE,tennis_predictions/price_snapshots.csv
81d5a4bdff2fdc42,f3d8bd9c8bb01803,unibet_uk,1.08,2026-09-29T13:13:46.945822+00:00,2026-09-29T13:13:48.871244+00:00,2326.2,-0.020925999999999972,MULTI_RESEARCH_ELIGIBLE,tennis_predictions/price_snapshots.csv
faf14ef084728d5c,e88636b0c87f3133,betfair_ex_uk,1.25,2026-09-29T20:11:50.324947+00:00,2026-09-29T20:11:51.841749+00:00,348.1,-0.015624437499999977,REJECT,tennis_predictions/price_snapshots.csv
9a8ab8744039016e,e88636b0c87f3133,betano_uk,1.18,2026-09-29T20:11:50.324947+00:00,2026-09-29T20:11:51.841749+00:00,348.1,-0.06136310000000003,REJECT,tennis_predictions/price_snapshots.csv
de7f5c6334d9ca01,e88636b0c87f3133,betvictor,1.18,2026-09-29T20:11:50.324947+00:00,2026-09-29T20:11:51.841749+00:00,348.1,-0.06136310000000003,REJECT,tennis_predictions/price_snapshots.csv
3f46391eeb92161d,e88636b0c87f3133,betway,1.22,2026-09-29T20:11:50.324947+00:00,2026-09-29T20:11:51.841749+00:00,348.1,-0.029544899999999985,REJECT,tennis_predictions/price_snapshots.csv
e79042528b892718,e88636b0c87f3133,boylesports,1.2,2026-09-29T20:11:50.324947+00:00,2026-09-29T20:11:51.841749+00:00,348.1,-0.045453999999999994,REJECT,tennis_predictions/price_snapshots.csv
98e91e73f0351187,e88636b0c87f3133,casumo,1.18,2026-09-29T20:11:50.324947+00:00,2026-09-29T20:11:51.841749+00:00,348.1,-0.06136310000000003,REJECT,tennis_predictions/price_snapshots.csv
7c19e34bd7537ac6,e88636b0c87f3133,coral,1.22,2026-09-29T20:11:50.324947+00:00,2026-09-29T20:11:51.841749+00:00,348.1,-0.029544899999999985,REJECT,tennis_predictions/price_snapshots.csv
d4330916ebbd44c0,e88636b0c87f3133,grosvenor,1.18,2026-09-29T20:11:50.324947+00:00,2026-09-29T20:11:51.841749+00:00,348.1,-0.06136310000000003,REJECT,tennis_predictions/price_snapshots.csv
57fbc108ebfc35b6,e88636b0c87f3133,ladbrokes_uk,1.22,2026-09-29T20:11:50.324947+00:00,2026-09-29T20:11:51.841749+00:00,348.1,-0.029544899999999985,REJECT,tennis_predictions/price_snapshots.csv
76049242f8bbd7f3,e88636b0c87f3133,leovegas,1.2,2026-09-29T20:11:50.324947+00:00,2026-09-29T20:11:51.841749+00:00,348.1,-0.045453999999999994,REJECT,tennis_predictions/price_snapshots.csv
f37a16334cfdbb25,e88636b0c87f3133,livescorebet,1.18,2026-09-29T20:11:50.324947+00:00,2026-09-29T20:11:51.841749+00:00,348.1,-0.06136310000000003,REJECT,tennis_predictions/price_snapshots.csv
70a804e9f5ec67a0,e88636b0c87f3133,matchbook,1.23,2026-09-29T20:11:50.324947+00:00,2026-09-29T20:11:51.841749+00:00,348.1,,REJECT,tennis_predictions/price_snapshots.csv
36385f03b10aec36,e88636b0c87f3133,paddypower,1.2,2026-09-29T20:11:50.324947+00:00,2026-09-29T20:11:51.841749+00:00,348.1,-0.045453999999999994,REJECT,tennis_predictions/price_snapshots.csv
bf53f9da069a1446,e88636b0c87f3133,skybet,1.2,2026-09-29T20:11:50.324947+00:00,2026-09-29T20:11:51.841749+00:00,348.1,-0.045453999999999994,REJECT,tennis_predictions/price_snapshots.csv
ca619180fc60b744,e88636b0c87f3133,smarkets,1.23,2026-09-29T20:11:50.324947+00:00,2026-09-29T20:11:51.841749+00:00,348.1,-0.025249442999999983,REJECT,tennis_predictions/price_snapshots.csv
4c930afececd6405,e88636b0c87f3133,sport888,1.22,2026-09-29T20:11:50.324947+00:00,2026-09-29T20:11:51.841749+00:00,348.1,-0.029544899999999985,REJECT,tennis_predictions/price_snapshots.csv
b477adc77747ffeb,e88636b0c87f3133,virginbet,1.18,2026-09-29T20:11:50.324947+00:00,2026-09-29T20:11:51.841749+00:00,348.1,-0.06136310000000003,REJECT,tennis_predictions/price_snapshots.csv
06496e0a56af1c78,e88636b0c87f3133,williamhill,1.22,2026-09-29T20:11:50.324947+00:00,2026-09-29T20:11:51.841749+00:00,348.1,-0.029544899999999985,REJECT,tennis_predictions/price_snapshots.csv
5583e1e83f734794,f76245b6aa7205c0,betfair_ex_uk,1.6,2026-09-29T20:11:50.324947+00:00,2026-09-29T20:11:51.841749+00:00,348.1,-0.037861609999999934,REJECT,tennis_predictions/price_snapshots.csv
83a02eae8dd7fb8f,f76245b6aa7205c0,betano_uk,1.45,2026-09-29T20:11:50.324947+00:00,2026-09-29T20:11:51.841749+00:00,348.1,-0.11140085,REJECT,tennis_predictions/price_snapshots.csv
954d54c0619983a0,f76245b6aa7205c0,betfair_sb_uk,1.62,2026-09-29T20:11:50.324947+00:00,2026-09-29T20:11:51.841749+00:00,348.1,-0.007220259999999923,REJECT,tennis_predictions/price_snapshots.csv
cde54946dc9a67c5,f76245b6aa7205c0,betvictor,1.45,2026-09-29T20:11:50.324947+00:00,2026-09-29T20:11:51.841749+00:00,348.1,-0.11140085,REJECT,tennis_predictions/price_snapshots.csv
ea9fa5f5ff5a2645,f76245b6aa7205c0,betway,1.55,2026-09-29T20:11:50.324947+00:00,2026-09-29T20:11:51.841749+00:00,348.1,-0.05011814999999997,REJECT,tennis_predictions/price_snapshots.csv
1db6adeccbe616bc,f76245b6aa7205c0,boylesports,1.62,2026-09-29T20:11:50.324947+00:00,2026-09-29T20:11:51.841749+00:00,348.1,-0.007220259999999923,REJECT,tennis_predictions/price_snapshots.csv
88f7eb1f3639aa18,f76245b6aa7205c0,casumo,1.57,2026-09-29T20:11:50.324947+00:00,2026-09-29T20:11:51.841749+00:00,348.1,-0.037861609999999934,REJECT,tennis_predictions/price_snapshots.csv
458e8226a592720a,f76245b6aa7205c0,coral,1.55,2026-09-29T20:11:50.324947+00:00,2026-09-29T20:11:51.841749+00:00,348.1,-0.05011814999999997,REJECT,tennis_predictions/price_snapshots.csv
1a5dbaa158a2d70a,f76245b6aa7205c0,grosvenor,1.57,2026-09-29T20:11:50.324947+00:00,2026-09-29T20:11:51.841749+00:00,348.1,-0.037861609999999934,REJECT,tennis_predictions/price_snapshots.csv
80d5392d49e2428b,f76245b6aa7205c0,ladbrokes_uk,1.55,2026-09-29T20:11:50.324947+00:00,2026-09-29T20:11:51.841749+00:00,348.1,-0.05011814999999997,REJECT,tennis_predictions/price_snapshots.csv
83143a9db2883575,f76245b6aa7205c0,leovegas,1.55,2026-09-29T20:11:50.324947+00:00,2026-09-29T20:11:51.841749+00:00,348.1,-0.05011814999999997,REJECT,tennis_predictions/price_snapshots.csv
5caf614f507fcb60,f76245b6aa7205c0,livescorebet,1.58,2026-09-29T20:11:50.324947+00:00,2026-09-29T20:11:51.841749+00:00,348.1,-0.03173333999999994,REJECT,tennis_predictions/price_snapshots.csv
e7b1a4a1641162fe,f76245b6aa7205c0,matchbook,1.6,2026-09-29T20:11:50.324947+00:00,2026-09-29T20:11:51.841749+00:00,348.1,,REJECT,tennis_predictions/price_snapshots.csv
6a425d1ebecd2f37,f76245b6aa7205c0,paddypower,1.57,2026-09-29T20:11:50.324947+00:00,2026-09-29T20:11:51.841749+00:00,348.1,-0.037861609999999934,REJECT,tennis_predictions/price_snapshots.csv
ddf91ac73b8a4da3,f76245b6aa7205c0,skybet,1.57,2026-09-29T20:11:50.324947+00:00,2026-09-29T20:11:51.841749+00:00,348.1,-0.037861609999999934,REJECT,tennis_predictions/price_snapshots.csv
7010cb113ba03679,f76245b6aa7205c0,smarkets,1.59,2026-09-29T20:11:50.324947+00:00,2026-09-29T20:11:51.841749+00:00,348.1,-0.03283642859999997,REJECT,tennis_predictions/price_snapshots.csv
3fe1e8d0967b5c7d,f76245b6aa7205c0,sport888,1.61,2026-09-29T20:11:50.324947+00:00,2026-09-29T20:11:51.841749+00:00,348.1,-0.013348529999999914,REJECT,tennis_predictions/price_snapshots.csv
4ac16e20312fde87,f76245b6aa7205c0,unibet_uk,1.55,2026-09-29T20:11:50.324947+00:00,2026-09-29T20:11:51.841749+00:00,348.1,-0.05011814999999997,REJECT,tennis_predictions/price_snapshots.csv
ccaaa192ebfdb6ec,f76245b6aa7205c0,virginbet,1.58,2026-09-29T20:11:50.324947+00:00,2026-09-29T20:11:51.841749+00:00,348.1,-0.03173333999999994,REJECT,tennis_predictions/price_snapshots.csv
2508fbccad525811,f76245b6aa7205c0,williamhill,1.62,2026-09-29T20:11:50.324947+00:00,2026-09-29T20:11:51.841749+00:00,348.1,-0.007220259999999923,REJECT,tennis_predictions/price_snapshots.csv
1369a558198bff87,990dd803693d7233,betfair_ex_uk,1.12,2026-09-29T20:11:50.324947+00:00,2026-09-29T20:11:51.841749+00:00,348.1,-0.011505467999999963,REJECT,tennis_predictions/price_snapshots.csv
59fc27ee782d4a9e,990dd803693d7233,betano_uk,1.08,2026-09-29T20:11:50.324947+00:00,2026-09-29T20:11:51.841749+00:00,348.1,-0.04167495999999998,REJECT,tennis_predictions/price_snapshots.csv
60cfb462fa58e6fd,990dd803693d7233,betvictor,1.08,2026-09-29T20:11:50.324947+00:00,2026-09-29T20:11:51.841749+00:00,348.1,-0.04167495999999998,REJECT,tennis_predictions/price_snapshots.csv
fd1bb6afbfdc8d4d,990dd803693d7233,betway,1.1,2026-09-29T20:11:50.324947+00:00,2026-09-29T20:11:51.841749+00:00,348.1,-0.02392819999999997,REJECT,tennis_predictions/price_snapshots.csv
aa13630631cdc22d,990dd803693d7233,boylesports,1.1,2026-09-29T20:11:50.324947+00:00,2026-09-29T20:11:51.841749+00:00,348.1,-0.02392819999999997,REJECT,tennis_predictions/price_snapshots.csv
9764e4c7f114b678,990dd803693d7233,casumo,1.07,2026-09-29T20:11:50.324947+00:00,2026-09-29T20:11:51.841749+00:00,348.1,-0.05054833999999999,REJECT,tennis_predictions/price_snapshots.csv
f5e7994b0d203c07,990dd803693d7233,coral,1.08,2026-09-29T20:11:50.324947+00:00,2026-09-29T20:11:51.841749+00:00,348.1,-0.04167495999999998,REJECT,tennis_predictions/price_snapshots.csv
ed749e060d36eaca,990dd803693d7233,grosvenor,1.07,2026-09-29T20:11:50.324947+00:00,2026-09-29T20:11:51.841749+00:00,348.1,-0.05054833999999999,REJECT,tennis_predictions/price_snapshots.csv
d37107a92e4b03b0,990dd803693d7233,ladbrokes_uk,1.08,2026-09-29T20:11:50.324947+00:00,2026-09-29T20:11:51.841749+00:00,348.1,-0.04167495999999998,REJECT,tennis_predictions/price_snapshots.csv
e652c7bf4f5e0c9a,990dd803693d7233,leovegas,1.06,2026-09-29T20:11:50.324947+00:00,2026-09-29T20:11:51.841749+00:00,348.1,-0.05942172,REJECT,tennis_predictions/price_snapshots.csv
00e766f44199df8d,990dd803693d7233,livescorebet,1.07,2026-09-29T20:11:50.324947+00:00,2026-09-29T20:11:51.841749+00:00,348.1,-0.05054833999999999,REJECT,tennis_predictions/price_snapshots.csv
e663005a354d8f15,990dd803693d7233,matchbook,1.1,2026-09-29T20:11:50.324947+00:00,2026-09-29T20:11:51.841749+00:00,348.1,,REJECT,tennis_predictions/price_snapshots.csv
b060180f93022080,990dd803693d7233,paddypower,1.08,2026-09-29T20:11:50.324947+00:00,2026-09-29T20:11:51.841749+00:00,348.1,-0.04167495999999998,REJECT,tennis_predictions/price_snapshots.csv
4f8f7f10ff916b85,990dd803693d7233,skybet,1.08,2026-09-29T20:11:50.324947+00:00,2026-09-29T20:11:51.841749+00:00,348.1,-0.04167495999999998,REJECT,tennis_predictions/price_snapshots.csv
c045d166d6ed1005,990dd803693d7233,smarkets,1.11,2026-09-29T20:11:50.324947+00:00,2026-09-29T20:11:51.841749+00:00,348.1,-0.017006963599999952,REJECT,tennis_predictions/price_snapshots.csv
3ec7c574fa546293,990dd803693d7233,sport888,1.06,2026-09-29T20:11:50.324947+00:00,2026-09-29T20:11:51.841749+00:00,348.1,-0.05942172,REJECT,tennis_predictions/price_snapshots.csv
10e2664c1880e6de,990dd803693d7233,unibet_uk,1.07,2026-09-29T20:11:50.324947+00:00,2026-09-29T20:11:51.841749+00:00,348.1,-0.05054833999999999,REJECT,tennis_predictions/price_snapshots.csv
91f70ccc523311b9,990dd803693d7233,virginbet,1.07,2026-09-29T20:11:50.324947+00:00,2026-09-29T20:11:51.841749+00:00,348.1,-0.05054833999999999,REJECT,tennis_predictions/price_snapshots.csv
1151d74788674a29,990dd803693d7233,williamhill,1.06,2026-09-29T20:11:50.324947+00:00,2026-09-29T20:11:51.841749+00:00,348.1,-0.05942172,REJECT,tennis_predictions/price_snapshots.csv
c2be2f63eed9f8f9,10c8c71d4a2f1521,betfair_ex_uk,1.57,2026-09-29T20:11:50.324947+00:00,2026-09-29T20:11:51.841749+00:00,348.1,-0.027365910999999965,REJECT,tennis_predictions/price_snapshots.csv
45afa492fcbbe11c,10c8c71d4a2f1521,betano_uk,1.45,2026-09-29T20:11:50.324947+00:00,2026-09-29T20:11:51.841749+00:00,348.1,-0.08509929999999999,REJECT,tennis_predictions/price_snapshots.csv
645bc7b76b2c6ed5,10c8c71d4a2f1521,betfair_sb_uk,1.53,2026-09-29T20:11:50.324947+00:00,2026-09-29T20:11:51.841749+00:00,348.1,-0.03462201999999992,REJECT,tennis_predictions/price_snapshots.csv
572d3809e17d6bc2,10c8c71d4a2f1521,betvictor,1.45,2026-09-29T20:11:50.324947+00:00,2026-09-29T20:11:51.841749+00:00,348.1,-0.08509929999999999,REJECT,tennis_predictions/price_snapshots.csv
0884c8073c90376a,10c8c71d4a2f1521,betway,1.55,2026-09-29T20:11:50.324947+00:00,2026-09-29T20:11:51.841749+00:00,348.1,-0.02200269999999993,REJECT,tennis_predictions/price_snapshots.csv
a222c746ab979d0f,10c8c71d4a2f1521,boylesports,1.53,2026-09-29T20:11:50.324947+00:00,2026-09-29T20:11:51.841749+00:00,348.1,-0.03462201999999992,REJECT,tennis_predictions/price_snapshots.csv
85d7951750ae4706,10c8c71d4a2f1521,casumo,1.53,2026-09-29T20:11:50.324947+00:00,2026-09-29T20:11:51.841749+00:00,348.1,-0.03462201999999992,REJECT,tennis_predictions/price_snapshots.csv
609f544655672832,10c8c71d4a2f1521,coral,1.53,2026-09-29T20:11:50.324947+00:00,2026-09-29T20:11:51.841749+00:00,348.1,-0.03462201999999992,REJECT,tennis_predictions/price_snapshots.csv
82e59143d392b5a5,10c8c71d4a2f1521,grosvenor,1.53,2026-09-29T20:11:50.324947+00:00,2026-09-29T20:11:51.841749+00:00,348.1,-0.03462201999999992,REJECT,tennis_predictions/price_snapshots.csv
133f12a8637ee9c5,10c8c71d4a2f1521,ladbrokes_uk,1.53,2026-09-29T20:11:50.324947+00:00,2026-09-29T20:11:51.841749+00:00,348.1,-0.03462201999999992,REJECT,tennis_predictions/price_snapshots.csv
8e001fc37ffc9132,10c8c71d4a2f1521,leovegas,1.5,2026-09-29T20:11:50.324947+00:00,2026-09-29T20:11:51.841749+00:00,348.1,-0.05355099999999996,REJECT,tennis_predictions/price_snapshots.csv
8ec02b79951f7d61,10c8c71d4a2f1521,livescorebet,1.53,2026-09-29T20:11:50.324947+00:00,2026-09-29T20:11:51.841749+00:00,348.1,-0.03462201999999992,REJECT,tennis_predictions/price_snapshots.csv
3c6c2e73645868f3,10c8c71d4a2f1521,matchbook,1.55,2026-09-29T20:11:50.324947+00:00,2026-09-29T20:11:51.841749+00:00,348.1,,REJECT,tennis_predictions/price_snapshots.csv
d8c65b8d5916cab8,10c8c71d4a2f1521,paddypower,1.5,2026-09-29T20:11:50.324947+00:00,2026-09-29T20:11:51.841749+00:00,348.1,-0.05355099999999996,REJECT,tennis_predictions/price_snapshots.csv
42e64625b5082f3e,10c8c71d4a2f1521,skybet,1.5,2026-09-29T20:11:50.324947+00:00,2026-09-29T20:11:51.841749+00:00,348.1,-0.05355099999999996,REJECT,tennis_predictions/price_snapshots.csv
d589a11b1979338d,10c8c71d4a2f1521,smarkets,1.55,2026-09-29T20:11:50.324947+00:00,2026-09-29T20:11:51.841749+00:00,348.1,-0.028943325999999936,REJECT,tennis_predictions/price_snapshots.csv
35ec94a97cc80c5a,10c8c71d4a2f1521,sport888,1.57,2026-09-29T20:11:50.324947+00:00,2026-09-29T20:11:51.841749+00:00,348.1,-0.009383379999999941,REJECT,tennis_predictions/price_snapshots.csv
55c22c4fa3bfcabc,10c8c71d4a2f1521,unibet_uk,1.5,2026-09-29T20:11:50.324947+00:00,2026-09-29T20:11:51.841749+00:00,348.1,-0.05355099999999996,REJECT,tennis_predictions/price_snapshots.csv
2b238760fd97d24f,10c8c71d4a2f1521,virginbet,1.53,2026-09-29T20:11:50.324947+00:00,2026-09-29T20:11:51.841749+00:00,348.1,-0.03462201999999992,REJECT,tennis_predictions/price_snapshots.csv
ec54c5114d95af04,10c8c71d4a2f1521,williamhill,1.57,2026-09-29T20:11:50.324947+00:00,2026-09-29T20:11:51.841749+00:00,348.1,-0.009383379999999941,REJECT,tennis_predictions/price_snapshots.csv
a59dfb7b5ad46844,94c234627eb38d36,betfair_ex_uk,1.68,2026-09-29T20:11:50.324947+00:00,2026-09-29T20:11:51.841749+00:00,348.1,-0.025918598000000126,REJECT,tennis_predictions/price_snapshots.csv
54df72dc4b32568f,94c234627eb38d36,betano_uk,1.57,2026-09-29T20:11:50.324947+00:00,2026-09-29T20:11:51.841749+00:00,348.1,-0.07089441000000002,REJECT,tennis_predictions/price_snapshots.csv
c3ffb39ebfe04749,94c234627eb38d36,betfair_sb_uk,1.62,2026-09-29T20:11:50.324947+00:00,2026-09-29T20:11:51.841749+00:00,348.1,-0.041305060000000005,REJECT,tennis_predictions/price_snapshots.csv
f8a4ef12232b6f2e,94c234627eb38d36,betvictor,1.57,2026-09-29T20:11:50.324947+00:00,2026-09-29T20:11:51.841749+00:00,348.1,-0.07089441000000002,REJECT,tennis_predictions/price_snapshots.csv
f937f0b3bd697a79,94c234627eb38d36,betway,1.6,2026-09-29T20:11:50.324947+00:00,2026-09-29T20:11:51.841749+00:00,348.1,-0.053140800000000044,REJECT,tennis_predictions/price_snapshots.csv
3da1e4f0551cdba8,94c234627eb38d36,boylesports,1.62,2026-09-29T20:11:50.324947+00:00,2026-09-29T20:11:51.841749+00:00,348.1,-0.041305060000000005,REJECT,tennis_predictions/price_snapshots.csv
e30f7d68e75e1d80,94c234627eb38d36,casumo,1.63,2026-09-29T20:11:50.324947+00:00,2026-09-29T20:11:51.841749+00:00,348.1,-0.035387190000000124,REJECT,tennis_predictions/price_snapshots.csv
879d41bfca90e90c,94c234627eb38d36,coral,1.57,2026-09-29T20:11:50.324947+00:00,2026-09-29T20:11:51.841749+00:00,348.1,-0.07089441000000002,REJECT,tennis_predictions/price_snapshots.csv
bceb82465dd15839,94c234627eb38d36,grosvenor,1.63,2026-09-29T20:11:50.324947+00:00,2026-09-29T20:11:51.841749+00:00,348.1,-0.035387190000000124,REJECT,tennis_predictions/price_snapshots.csv
0b53fdc54dbeda56,94c234627eb38d36,ladbrokes_uk,1.57,2026-09-29T20:11:50.324947+00:00,2026-09-29T20:11:51.841749+00:00,348.1,-0.07089441000000002,REJECT,tennis_predictions/price_snapshots.csv
c7d706dabc5408f9,94c234627eb38d36,leovegas,1.6,2026-09-29T20:11:50.324947+00:00,2026-09-29T20:11:51.841749+00:00,348.1,-0.053140800000000044,REJECT,tennis_predictions/price_snapshots.csv
9fd1e1b28f262fd2,94c234627eb38d36,livescorebet,1.63,2026-09-29T20:11:50.324947+00:00,2026-09-29T20:11:51.841749+00:00,348.1,-0.035387190000000124,REJECT,tennis_predictions/price_snapshots.csv
ee25a1c2c6bb5547,94c234627eb38d36,matchbook,1.68,2026-09-29T20:11:50.324947+00:00,2026-09-29T20:11:51.841749+00:00,348.1,,REJECT,tennis_predictions/price_snapshots.csv
02f9cd41c9e45251,94c234627eb38d36,paddypower,1.57,2026-09-29T20:11:50.324947+00:00,2026-09-29T20:11:51.841749+00:00,348.1,-0.07089441000000002,REJECT,tennis_predictions/price_snapshots.csv
3f8c4a7fb40b5a8f,94c234627eb38d36,skybet,1.57,2026-09-29T20:11:50.324947+00:00,2026-09-29T20:11:51.841749+00:00,348.1,-0.07089441000000002,REJECT,tennis_predictions/price_snapshots.csv
0fa2ca36ef06bfb3,94c234627eb38d36,smarkets,1.65,2026-09-29T20:11:50.324947+00:00,2026-09-29T20:11:51.841749+00:00,348.1,-0.031244681000000163,REJECT,tennis_predictions/price_snapshots.csv
676ff256313e5867,94c234627eb38d36,sport888,1.61,2026-09-29T20:11:50.324947+00:00,2026-09-29T20:11:51.841749+00:00,348.1,-0.047222929999999996,REJECT,tennis_predictions/price_snapshots.csv
d946f5ed2a1acc3a,94c234627eb38d36,unibet_uk,1.6,2026-09-29T20:11:50.324947+00:00,2026-09-29T20:11:51.841749+00:00,348.1,-0.053140800000000044,REJECT,tennis_predictions/price_snapshots.csv
1da52b331e790c6e,94c234627eb38d36,virginbet,1.63,2026-09-29T20:11:50.324947+00:00,2026-09-29T20:11:51.841749+00:00,348.1,-0.035387190000000124,REJECT,tennis_predictions/price_snapshots.csv
754b25b8c7374250,94c234627eb38d36,williamhill,1.62,2026-09-29T20:11:50.324947+00:00,2026-09-29T20:11:51.841749+00:00,348.1,-0.041305060000000005,REJECT,tennis_predictions/price_snapshots.csv
8b0630d5dc4a7e7a,c6d6e023a3268598,betfair_ex_uk,1.71,2026-09-29T20:11:50.324947+00:00,2026-09-29T20:11:51.841749+00:00,348.1,-0.024563561999999983,REJECT,tennis_predictions/price_snapshots.csv
b647d0807766f691,c6d6e023a3268598,betano_uk,1.57,2026-09-29T20:11:50.324947+00:00,2026-09-29T20:11:51.841749+00:00,348.1,-0.08543731999999987,REJECT,tennis_predictions/price_snapshots.csv
316cb8af5c9350d0,c6d6e023a3268598,betfair_sb_uk,1.62,2026-09-29T20:11:50.324947+00:00,2026-09-29T20:11:51.841749+00:00,348.1,-0.05631111999999988,REJECT,tennis_predictions/price_snapshots.csv
2609fa520d4ae9fa,c6d6e023a3268598,betvictor,1.57,2026-09-29T20:11:50.324947+00:00,2026-09-29T20:11:51.841749+00:00,348.1,-0.08543731999999987,REJECT,tennis_predictions/price_snapshots.csv
127e1b03060b8256,c6d6e023a3268598,betway,1.65,2026-09-29T20:11:50.324947+00:00,2026-09-29T20:11:51.841749+00:00,348.1,-0.038835399999999964,REJECT,tennis_predictions/price_snapshots.csv
79b492a080e40f79,c6d6e023a3268598,boylesports,1.62,2026-09-29T20:11:50.324947+00:00,2026-09-29T20:11:51.841749+00:00,348.1,-0.05631111999999988,REJECT,tennis_predictions/price_snapshots.csv
794429a377adfa67,c6d6e023a3268598,casumo,1.61,2026-09-29T20:11:50.324947+00:00,2026-09-29T20:11:51.841749+00:00,348.1,-0.06213635999999989,REJECT,tennis_predictions/price_snapshots.csv
3ef66a67ff1e7d79,c6d6e023a3268598,coral,1.57,2026-09-29T20:11:50.324947+00:00,2026-09-29T20:11:51.841749+00:00,348.1,-0.08543731999999987,REJECT,tennis_predictions/price_snapshots.csv
de86648d2e5b84aa,c6d6e023a3268598,grosvenor,1.61,2026-09-29T20:11:50.324947+00:00,2026-09-29T20:11:51.841749+00:00,348.1,-0.06213635999999989,REJECT,tennis_predictions/price_snapshots.csv
66e1ed45cd31eaf1,c6d6e023a3268598,ladbrokes_uk,1.57,2026-09-29T20:11:50.324947+00:00,2026-09-29T20:11:51.841749+00:00,348.1,-0.08543731999999987,REJECT,tennis_predictions/price_snapshots.csv
596b5ccbefb3a5ea,c6d6e023a3268598,leovegas,1.6,2026-09-29T20:11:50.324947+00:00,2026-09-29T20:11:51.841749+00:00,348.1,-0.0679615999999999,REJECT,tennis_predictions/price_snapshots.csv
f5761ee62c9d2794,c6d6e023a3268598,livescorebet,1.61,2026-09-29T20:11:50.324947+00:00,2026-09-29T20:11:51.841749+00:00,348.1,-0.06213635999999989,REJECT,tennis_predictions/price_snapshots.csv
064501c48b033a09,c6d6e023a3268598,matchbook,1.71,2026-09-29T20:11:50.324947+00:00,2026-09-29T20:11:51.841749+00:00,348.1,,REJECT,tennis_predictions/price_snapshots.csv
a83fb32754903722,c6d6e023a3268598,paddypower,1.57,2026-09-29T20:11:50.324947+00:00,2026-09-29T20:11:51.841749+00:00,348.1,-0.08543731999999987,REJECT,tennis_predictions/price_snapshots.csv
851162652cb6ce5e,c6d6e023a3268598,skybet,1.57,2026-09-29T20:11:50.324947+00:00,2026-09-29T20:11:51.841749+00:00,348.1,-0.08543731999999987,REJECT,tennis_predictions/price_snapshots.csv
efba867ca13e0277,c6d6e023a3268598,smarkets,1.68,2026-09-29T20:11:50.324947+00:00,2026-09-29T20:11:51.841749+00:00,348.1,-0.029282006400000005,REJECT,tennis_predictions/price_snapshots.csv
4a5a4bdb5dba305e,c6d6e023a3268598,sport888,1.61,2026-09-29T20:11:50.324947+00:00,2026-09-29T20:11:51.841749+00:00,348.1,-0.06213635999999989,REJECT,tennis_predictions/price_snapshots.csv
ba4795b557a608f7,c6d6e023a3268598,unibet_uk,1.62,2026-09-29T20:11:50.324947+00:00,2026-09-29T20:11:51.841749+00:00,348.1,-0.05631111999999988,REJECT,tennis_predictions/price_snapshots.csv
8fa927befbc9b52d,c6d6e023a3268598,virginbet,1.61,2026-09-29T20:11:50.324947+00:00,2026-09-29T20:11:51.841749+00:00,348.1,-0.06213635999999989,REJECT,tennis_predictions/price_snapshots.csv
d64eceb2a87041af,c6d6e023a3268598,williamhill,1.62,2026-09-29T20:11:50.324947+00:00,2026-09-29T20:11:51.841749+00:00,348.1,-0.05631111999999988,REJECT,tennis_predictions/price_snapshots.csv
2be251b3426273a8,018c9d3a0228786a,betfair_ex_uk,1.87,2026-09-29T20:11:50.324947+00:00,2026-09-29T20:11:51.841749+00:00,348.1,-0.028891959500000064,REJECT,tennis_predictions/price_snapshots.csv
44d2f880caf19d8f,018c9d3a0228786a,betano_uk,1.73,2026-09-29T20:11:50.324947+00:00,2026-09-29T20:11:51.841749+00:00,348.1,-0.08019879000000008,REJECT,tennis_predictions/price_snapshots.csv
5f87fbb06b0f14e9,018c9d3a0228786a,betvictor,1.73,2026-09-29T20:11:50.324947+00:00,2026-09-29T20:11:51.841749+00:00,348.1,-0.08019879000000008,REJECT,tennis_predictions/price_snapshots.csv
9180202d6ab199ef,018c9d3a0228786a,betway,1.8,2026-09-29T20:11:50.324947+00:00,2026-09-29T20:11:51.841749+00:00,348.1,-0.04298140000000006,REJECT,tennis_predictions/price_snapshots.csv
3dde0f94ef29857b,018c9d3a0228786a,boylesports,1.8,2026-09-29T20:11:50.324947+00:00,2026-09-29T20:11:51.841749+00:00,348.1,-0.04298140000000006,REJECT,tennis_predictions/price_snapshots.csv
70626650af98cec6,018c9d3a0228786a,casumo,1.77,2026-09-29T20:11:50.324947+00:00,2026-09-29T20:11:51.841749+00:00,348.1,-0.05893171000000008,REJECT,tennis_predictions/price_snapshots.csv
b2da08c4be6ead49,018c9d3a0228786a,coral,1.75,2026-09-29T20:11:50.324947+00:00,2026-09-29T20:11:51.841749+00:00,348.1,-0.06956525000000008,REJECT,tennis_predictions/price_snapshots.csv
26058b71284ec9a1,018c9d3a0228786a,grosvenor,1.77,2026-09-29T20:11:50.324947+00:00,2026-09-29T20:11:51.841749+00:00,348.1,-0.05893171000000008,REJECT,tennis_predictions/price_snapshots.csv
9df97dfa0fb336bc,018c9d3a0228786a,ladbrokes_uk,1.75,2026-09-29T20:11:50.324947+00:00,2026-09-29T20:11:51.841749+00:00,348.1,-0.06956525000000008,REJECT,tennis_predictions/price_snapshots.csv
5fa072583475c908,018c9d3a0228786a,leovegas,1.75,2026-09-29T20:11:50.324947+00:00,2026-09-29T20:11:51.841749+00:00,348.1,-0.06956525000000008,REJECT,tennis_predictions/price_snapshots.csv
ec0cdf200967bd34,018c9d3a0228786a,livescorebet,1.77,2026-09-29T20:11:50.324947+00:00,2026-09-29T20:11:51.841749+00:00,348.1,-0.05893171000000008,REJECT,tennis_predictions/price_snapshots.csv
c41edd60404eebe5,018c9d3a0228786a,matchbook,1.81,2026-09-29T20:11:50.324947+00:00,2026-09-29T20:11:51.841749+00:00,348.1,,REJECT,tennis_predictions/price_snapshots.csv
6967e93e3db044b5,018c9d3a0228786a,paddypower,1.67,2026-09-29T20:11:50.324947+00:00,2026-09-29T20:11:51.841749+00:00,348.1,-0.11209941000000012,REJECT,tennis_predictions/price_snapshots.csv
97d250dafe90f251,018c9d3a0228786a,skybet,1.67,2026-09-29T20:11:50.324947+00:00,2026-09-29T20:11:51.841749+00:00,348.1,-0.11209941000000012,REJECT,tennis_predictions/price_snapshots.csv
a56eb9fb2b20f38f,018c9d3a0228786a,smarkets,1.81,2026-09-29T20:11:50.324947+00:00,2026-09-29T20:11:51.841749+00:00,348.1,-0.04627779740000004,REJECT,tennis_predictions/price_snapshots.csv
68dcfbe87595738d,018c9d3a0228786a,sport888,1.8,2026-09-29T20:11:50.324947+00:00,2026-09-29T20:11:51.841749+00:00,348.1,-0.04298140000000006,REJECT,tennis_predictions/price_snapshots.csv
45a439345cb5097a,018c9d3a0228786a,unibet_uk,1.76,2026-09-29T20:11:50.324947+00:00,2026-09-29T20:11:51.841749+00:00,348.1,-0.06424848000000005,REJECT,tennis_predictions/price_snapshots.csv
d6170b82d6a262c7,018c9d3a0228786a,virginbet,1.77,2026-09-29T20:11:50.324947+00:00,2026-09-29T20:11:51.841749+00:00,348.1,-0.05893171000000008,REJECT,tennis_predictions/price_snapshots.csv
bb7e7047dc9df5df,018c9d3a0228786a,williamhill,1.8,2026-09-29T20:11:50.324947+00:00,2026-09-29T20:11:51.841749+00:00,348.1,-0.04298140000000006,REJECT,tennis_predictions/price_snapshots.csv
5cd5495a20262710,7202f2615dfea79c,betfair_ex_uk,1.6,2026-09-29T20:11:50.324947+00:00,2026-09-29T20:11:51.841749+00:00,348.1,-0.02360443999999995,REJECT,tennis_predictions/price_snapshots.csv
7b48f4671e17c2fe,7202f2615dfea79c,betano_uk,1.53,2026-09-29T20:11:50.324947+00:00,2026-09-29T20:11:51.841749+00:00,348.1,-0.048480759999999956,REJECT,tennis_predictions/price_snapshots.csv
508e89c369386f92,7202f2615dfea79c,betvictor,1.53,2026-09-29T20:11:50.324947+00:00,2026-09-29T20:11:51.841749+00:00,348.1,-0.048480759999999956,REJECT,tennis_predictions/price_snapshots.csv
8fbf6d57391db567,7202f2615dfea79c,betway,1.55,2026-09-29T20:11:50.324947+00:00,2026-09-29T20:11:51.841749+00:00,348.1,-0.036042599999999925,REJECT,tennis_predictions/price_snapshots.csv
a386e075cf0c95d1,7202f2615dfea79c,boylesports,1.53,2026-09-29T20:11:50.324947+00:00,2026-09-29T20:11:51.841749+00:00,348.1,-0.048480759999999956,REJECT,tennis_predictions/price_snapshots.csv
729000ee2c6ffeac,7202f2615dfea79c,casumo,1.54,2026-09-29T20:11:50.324947+00:00,2026-09-29T20:11:51.841749+00:00,348.1,-0.04226167999999997,REJECT,tennis_predictions/price_snapshots.csv
dc6fb24287610f8f,7202f2615dfea79c,coral,1.53,2026-09-29T20:11:50.324947+00:00,2026-09-29T20:11:51.841749+00:00,348.1,-0.048480759999999956,REJECT,tennis_predictions/price_snapshots.csv
8629a50ff2876435,7202f2615dfea79c,grosvenor,1.54,2026-09-29T20:11:50.324947+00:00,2026-09-29T20:11:51.841749+00:00,348.1,-0.04226167999999997,REJECT,tennis_predictions/price_snapshots.csv
6374410ba089fcfe,7202f2615dfea79c,ladbrokes_uk,1.53,2026-09-29T20:11:50.324947+00:00,2026-09-29T20:11:51.841749+00:00,348.1,-0.048480759999999956,REJECT,tennis_predictions/price_snapshots.csv
7a041eaa66dd2d1e,7202f2615dfea79c,leovegas,1.5,2026-09-29T20:11:50.324947+00:00,2026-09-29T20:11:51.841749+00:00,348.1,-0.06713799999999998,REJECT,tennis_predictions/price_snapshots.csv
78c6ef7b4394da14,7202f2615dfea79c,livescorebet,1.54,2026-09-29T20:11:50.324947+00:00,2026-09-29T20:11:51.841749+00:00,348.1,-0.04226167999999997,REJECT,tennis_predictions/price_snapshots.csv
23b84e7847e566c4,7202f2615dfea79c,matchbook,1.57,2026-09-29T20:11:50.324947+00:00,2026-09-29T20:11:51.841749+00:00,348.1,,REJECT,tennis_predictions/price_snapshots.csv
8e637da9cf1fcf3a,7202f2615dfea79c,paddypower,1.5,2026-09-29T20:11:50.324947+00:00,2026-09-29T20:11:51.841749+00:00,348.1,-0.06713799999999998,REJECT,tennis_predictions/price_snapshots.csv
96cb27c0deaeb298,7202f2615dfea79c,skybet,1.5,2026-09-29T20:11:50.324947+00:00,2026-09-29T20:11:51.841749+00:00,348.1,-0.06713799999999998,REJECT,tennis_predictions/price_snapshots.csv
819d4f9e0343c9fb,7202f2615dfea79c,smarkets,1.56,2026-09-29T20:11:50.324947+00:00,2026-09-29T20:11:51.841749+00:00,348.1,-0.03678888959999993,REJECT,tennis_predictions/price_snapshots.csv
27284924ffb11559,7202f2615dfea79c,sport888,1.53,2026-09-29T20:11:50.324947+00:00,2026-09-29T20:11:51.841749+00:00,348.1,-0.048480759999999956,REJECT,tennis_predictions/price_snapshots.csv
ae0f1502edd92d96,7202f2615dfea79c,unibet_uk,1.54,2026-09-29T20:11:50.324947+00:00,2026-09-29T20:11:51.841749+00:00,348.1,-0.04226167999999997,REJECT,tennis_predictions/price_snapshots.csv
44db037f7a4b16a3,7202f2615dfea79c,virginbet,1.54,2026-09-29T20:11:50.324947+00:00,2026-09-29T20:11:51.841749+00:00,348.1,-0.04226167999999997,REJECT,tennis_predictions/price_snapshots.csv
2ebaa40da493f525,7202f2615dfea79c,williamhill,1.53,2026-09-29T20:11:50.324947+00:00,2026-09-29T20:11:51.841749+00:00,348.1,-0.048480759999999956,REJECT,tennis_predictions/price_snapshots.csv
aab885c96e1f7694,302daebd1d5c53c1,betfair_ex_uk,1.84,2026-09-29T20:11:50.324947+00:00,2026-09-29T20:11:51.841749+00:00,348.1,-0.028229545999999994,REJECT,tennis_predictions/price_snapshots.csv
2e5493b5b8e0490a,302daebd1d5c53c1,betano_uk,1.75,2026-09-29T20:11:50.324947+00:00,2026-09-29T20:11:51.841749+00:00,348.1,-0.05417225000000003,REJECT,tennis_predictions/price_snapshots.csv
08c35315b25de532,302daebd1d5c53c1,betvictor,1.75,2026-09-29T20:11:50.324947+00:00,2026-09-29T20:11:51.841749+00:00,348.1,-0.05417225000000003,REJECT,tennis_predictions/price_snapshots.csv
f51b5b425b28795d,302daebd1d5c53c1,betway,1.73,2026-09-29T20:11:50.324947+00:00,2026-09-29T20:11:51.841749+00:00,348.1,-0.06498171000000003,REJECT,tennis_predictions/price_snapshots.csv
69e74a426bde15e4,302daebd1d5c53c1,boylesports,1.8,2026-09-29T20:11:50.324947+00:00,2026-09-29T20:11:51.841749+00:00,348.1,-0.027148600000000023,REJECT,tennis_predictions/price_snapshots.csv
174d1856437117df,302daebd1d5c53c1,casumo,1.82,2026-09-29T20:11:50.324947+00:00,2026-09-29T20:11:51.841749+00:00,348.1,-0.016339139999999974,REJECT,tennis_predictions/price_snapshots.csv
e9a652360ffb517c,302daebd1d5c53c1,coral,1.73,2026-09-29T20:11:50.324947+00:00,2026-09-29T20:11:51.841749+00:00,348.1,-0.06498171000000003,REJECT,tennis_predictions/price_snapshots.csv
7a14e4ce3b207da4,302daebd1d5c53c1,grosvenor,1.82,2026-09-29T20:11:50.324947+00:00,2026-09-29T20:11:51.841749+00:00,348.1,-0.016339139999999974,REJECT,tennis_predictions/price_snapshots.csv
e914afe8540c1d17,302daebd1d5c53c1,ladbrokes_uk,1.73,2026-09-29T20:11:50.324947+00:00,2026-09-29T20:11:51.841749+00:00,348.1,-0.06498171000000003,REJECT,tennis_predictions/price_snapshots.csv
f65dbebaf51f8ff8,302daebd1d5c53c1,leovegas,1.72,2026-09-29T20:11:50.324947+00:00,2026-09-29T20:11:51.841749+00:00,348.1,-0.07038644000000005,REJECT,tennis_predictions/price_snapshots.csv
8ba3b727e196b659,302daebd1d5c53c1,livescorebet,1.82,2026-09-29T20:11:50.324947+00:00,2026-09-29T20:11:51.841749+00:00,348.1,-0.016339139999999974,REJECT,tennis_predictions/price_snapshots.csv
1072eb699a86997b,302daebd1d5c53c1,matchbook,1.78,2026-09-29T20:11:50.324947+00:00,2026-09-29T20:11:51.841749+00:00,348.1,,REJECT,tennis_predictions/price_snapshots.csv
3f56d94a3ff45c00,302daebd1d5c53c1,paddypower,1.73,2026-09-29T20:11:50.324947+00:00,2026-09-29T20:11:51.841749+00:00,348.1,-0.06498171000000003,REJECT,tennis_predictions/price_snapshots.csv
e4ad77fd853b3cda,302daebd1d5c53c1,skybet,1.73,2026-09-29T20:11:50.324947+00:00,2026-09-29T20:11:51.841749+00:00,348.1,-0.06498171000000003,REJECT,tennis_predictions/price_snapshots.csv
dd0b00370635afb7,302daebd1d5c53c1,smarkets,1.82,2026-09-29T20:11:50.324947+00:00,2026-09-29T20:11:51.841749+00:00,348.1,-0.025202897199999963,REJECT,tennis_predictions/price_snapshots.csv
a6d48775a42bae6b,302daebd1d5c53c1,sport888,1.73,2026-09-29T20:11:50.324947+00:00,2026-09-29T20:11:51.841749+00:00,348.1,-0.06498171000000003,REJECT,tennis_predictions/price_snapshots.csv
3c4a83f6151c7b89,302daebd1d5c53c1,unibet_uk,1.75,2026-09-29T20:11:50.324947+00:00,2026-09-29T20:11:51.841749+00:00,348.1,-0.05417225000000003,REJECT,tennis_predictions/price_snapshots.csv
66aa2a50211d90de,302daebd1d5c53c1,virginbet,1.82,2026-09-29T20:11:50.324947+00:00,2026-09-29T20:11:51.841749+00:00,348.1,-0.016339139999999974,REJECT,tennis_predictions/price_snapshots.csv
ba7e53d780f90a03,302daebd1d5c53c1,williamhill,1.73,2026-09-29T20:11:50.324947+00:00,2026-09-29T20:11:51.841749+00:00,348.1,-0.06498171000000003,REJECT,tennis_predictions/price_snapshots.csv
e343ca7f37188f6c,248a03f45a0b0384,betfair_ex_uk,1.58,2026-09-29T20:11:50.324947+00:00,2026-09-29T20:11:51.841749+00:00,348.1,-0.02384557899999995,REJECT,tennis_predictions/price_snapshots.csv
1fbde8260a53ff51,248a03f45a0b0384,betano_uk,1.53,2026-09-29T20:11:50.324947+00:00,2026-09-29T20:11:51.841749+00:00,348.1,-0.037062369999999956,REJECT,tennis_predictions/price_snapshots.csv
3d26dcac4a3211de,248a03f45a0b0384,betfair_sb_uk,1.53,2026-09-29T20:11:50.324947+00:00,2026-09-29T20:11:51.841749+00:00,348.1,-0.037062369999999956,REJECT,tennis_predictions/price_snapshots.csv
d505865e9539bf27,248a03f45a0b0384,betvictor,1.53,2026-09-29T20:11:50.324947+00:00,2026-09-29T20:11:51.841749+00:00,348.1,-0.037062369999999956,REJECT,tennis_predictions/price_snapshots.csv
5db5b120da7d2349,248a03f45a0b0384,betway,1.55,2026-09-29T20:11:50.324947+00:00,2026-09-29T20:11:51.841749+00:00,348.1,-0.02447494999999994,REJECT,tennis_predictions/price_snapshots.csv
60c46f9e0aac38f8,248a03f45a0b0384,boylesports,1.57,2026-09-29T20:11:50.324947+00:00,2026-09-29T20:11:51.841749+00:00,348.1,-0.011887529999999924,REJECT,tennis_predictions/price_snapshots.csv
304b23b5db1b7fc8,248a03f45a0b0384,casumo,1.53,2026-09-29T20:11:50.324947+00:00,2026-09-29T20:11:51.841749+00:00,348.1,-0.037062369999999956,REJECT,tennis_predictions/price_snapshots.csv
f1b5590a9c2a6dc5,248a03f45a0b0384,coral,1.53,2026-09-29T20:11:50.324947+00:00,2026-09-29T20:11:51.841749+00:00,348.1,-0.037062369999999956,REJECT,tennis_predictions/price_snapshots.csv
84ebeca724b8212f,248a03f45a0b0384,grosvenor,1.53,2026-09-29T20:11:50.324947+00:00,2026-09-29T20:11:51.841749+00:00,348.1,-0.037062369999999956,REJECT,tennis_predictions/price_snapshots.csv
3f478afdd85c7032,248a03f45a0b0384,ladbrokes_uk,1.53,2026-09-29T20:11:50.324947+00:00,2026-09-29T20:11:51.841749+00:00,348.1,-0.037062369999999956,REJECT,tennis_predictions/price_snapshots.csv
f729594291a0385a,248a03f45a0b0384,leovegas,1.55,2026-09-29T20:11:50.324947+00:00,2026-09-29T20:11:51.841749+00:00,348.1,-0.02447494999999994,REJECT,tennis_predictions/price_snapshots.csv
af77e2ccf7a74d34,248a03f45a0b0384,livescorebet,1.53,2026-09-29T20:11:50.324947+00:00,2026-09-29T20:11:51.841749+00:00,348.1,-0.037062369999999956,REJECT,tennis_predictions/price_snapshots.csv
44c1ddbd8787468e,248a03f45a0b0384,matchbook,1.59,2026-09-29T20:11:50.324947+00:00,2026-09-29T20:11:51.841749+00:00,348.1,,REJECT,tennis_predictions/price_snapshots.csv
d8f6a73f9873cf4d,248a03f45a0b0384,paddypower,1.5,2026-09-29T20:11:50.324947+00:00,2026-09-29T20:11:51.841749+00:00,348.1,-0.05594349999999998,REJECT,tennis_predictions/price_snapshots.csv
4fa85fcb37cd5a64,248a03f45a0b0384,skybet,1.53,2026-09-29T20:11:50.324947+00:00,2026-09-29T20:11:51.841749+00:00,348.1,-0.037062369999999956,REJECT,tennis_predictions/price_snapshots.csv
ce59c1a5e4c60eb9,248a03f45a0b0384,smarkets,1.55,2026-09-29T20:11:50.324947+00:00,2026-09-29T20:11:51.841749+00:00,348.1,-0.03139803099999994,REJECT,tennis_predictions/price_snapshots.csv
38d84cde6980ced4,248a03f45a0b0384,sport888,1.53,2026-09-29T20:11:50.324947+00:00,2026-09-29T20:11:51.841749+00:00,348.1,-0.037062369999999956,REJECT,tennis_predictions/price_snapshots.csv
68976ac1356d550a,248a03f45a0b0384,unibet_uk,1.56,2026-09-29T20:11:50.324947+00:00,2026-09-29T20:11:51.841749+00:00,348.1,-0.018181239999999932,REJECT,tennis_predictions/price_snapshots.csv
d53bb2253df05bd8,248a03f45a0b0384,virginbet,1.53,2026-09-29T20:11:50.324947+00:00,2026-09-29T20:11:51.841749+00:00,348.1,-0.037062369999999956,REJECT,tennis_predictions/price_snapshots.csv
18f07008e2d388f8,248a03f45a0b0384,williamhill,1.53,2026-09-29T20:11:50.324947+00:00,2026-09-29T20:11:51.841749+00:00,348.1,-0.037062369999999956,REJECT,tennis_predictions/price_snapshots.csv
0ce3fb796ef7fdc7,118df79f6804e299,betfair_ex_uk,1.69,2026-09-29T20:11:50.324947+00:00,2026-09-29T20:11:51.841749+00:00,348.1,-0.024294654000000082,REJECT,tennis_predictions/price_snapshots.csv
ea58adddbc5c97ee,118df79f6804e299,betano_uk,1.61,2026-09-29T20:11:50.324947+00:00,2026-09-29T20:11:51.841749+00:00,348.1,-0.05111107999999992,REJECT,tennis_predictions/price_snapshots.csv
119fb676b9322683,118df79f6804e299,betvictor,1.61,2026-09-29T20:11:50.324947+00:00,2026-09-29T20:11:51.841749+00:00,348.1,-0.05111107999999992,REJECT,tennis_predictions/price_snapshots.csv
ae907414b332d619,118df79f6804e299,betway,1.65,2026-09-29T20:11:50.324947+00:00,2026-09-29T20:11:51.841749+00:00,348.1,-0.027536200000000066,REJECT,tennis_predictions/price_snapshots.csv
3c08009f393983e9,118df79f6804e299,boylesports,1.67,2026-09-29T20:11:50.324947+00:00,2026-09-29T20:11:51.841749+00:00,348.1,-0.01574876000000003,REJECT,tennis_predictions/price_snapshots.csv
f0addb24b419d4f1,118df79f6804e299,casumo,1.68,2026-09-29T20:11:50.324947+00:00,2026-09-29T20:11:51.841749+00:00,348.1,-0.009855040000000037,REJECT,tennis_predictions/price_snapshots.csv
7734a30947e435b4,118df79f6804e299,coral,1.65,2026-09-29T20:11:50.324947+00:00,2026-09-29T20:11:51.841749+00:00,348.1,-0.027536200000000066,REJECT,tennis_predictions/price_snapshots.csv
1a8f5ca3bca861e7,118df79f6804e299,grosvenor,1.68,2026-09-29T20:11:50.324947+00:00,2026-09-29T20:11:51.841749+00:00,348.1,-0.009855040000000037,REJECT,tennis_predictions/price_snapshots.csv
4acb28d3a802c7b3,118df79f6804e299,ladbrokes_uk,1.65,2026-09-29T20:11:50.324947+00:00,2026-09-29T20:11:51.841749+00:00,348.1,-0.027536200000000066,REJECT,tennis_predictions/price_snapshots.csv
c00adf7448496796,118df79f6804e299,leovegas,1.62,2026-09-29T20:11:50.324947+00:00,2026-09-29T20:11:51.841749+00:00,348.1,-0.04521735999999993,REJECT,tennis_predictions/price_snapshots.csv
962eca4e2e567dbb,118df79f6804e299,livescorebet,1.68,2026-09-29T20:11:50.324947+00:00,2026-09-29T20:11:51.841749+00:00,348.1,-0.009855040000000037,REJECT,tennis_predictions/price_snapshots.csv
fc16f9af81f61e78,118df79f6804e299,matchbook,1.64,2026-09-29T20:11:50.324947+00:00,2026-09-29T20:11:51.841749+00:00,348.1,,REJECT,tennis_predictions/price_snapshots.csv
db32f8a3b05723ab,118df79f6804e299,paddypower,1.57,2026-09-29T20:11:50.324947+00:00,2026-09-29T20:11:51.841749+00:00,348.1,-0.07468595999999994,REJECT,tennis_predictions/price_snapshots.csv
85bb12dee3448a46,118df79f6804e299,skybet,1.57,2026-09-29T20:11:50.324947+00:00,2026-09-29T20:11:51.841749+00:00,348.1,-0.07468595999999994,REJECT,tennis_predictions/price_snapshots.csv
3c2986e73ac43319,118df79f6804e299,smarkets,1.64,2026-09-29T20:11:50.324947+00:00,2026-09-29T20:11:51.841749+00:00,348.1,-0.04097388160000004,REJECT,tennis_predictions/price_snapshots.csv
04ce76aa0eb10d3e,118df79f6804e299,sport888,1.67,2026-09-29T20:11:50.324947+00:00,2026-09-29T20:11:51.841749+00:00,348.1,-0.01574876000000003,REJECT,tennis_predictions/price_snapshots.csv
2c93d509d8dd9cdf,118df79f6804e299,unibet_uk,1.65,2026-09-29T20:11:50.324947+00:00,2026-09-29T20:11:51.841749+00:00,348.1,-0.027536200000000066,REJECT,tennis_predictions/price_snapshots.csv
f5025c875d429dce,118df79f6804e299,virginbet,1.68,2026-09-29T20:11:50.324947+00:00,2026-09-29T20:11:51.841749+00:00,348.1,-0.009855040000000037,REJECT,tennis_predictions/price_snapshots.csv
b625e941bf8ed033,118df79f6804e299,williamhill,1.67,2026-09-29T20:11:50.324947+00:00,2026-09-29T20:11:51.841749+00:00,348.1,-0.01574876000000003,REJECT,tennis_predictions/price_snapshots.csv
3615fb24c0e35038,8e73e6f3a36ed0da,betfair_ex_uk,1.42,2026-09-29T20:11:50.324947+00:00,2026-09-29T20:11:51.841749+00:00,348.1,-0.021729664000000093,REJECT,tennis_predictions/price_snapshots.csv
7260b8ab2de13769,8e73e6f3a36ed0da,betano_uk,1.4,2026-09-29T20:11:50.324947+00:00,2026-09-29T20:11:51.841749+00:00,348.1,-0.02103040000000006,REJECT,tennis_predictions/price_snapshots.csv
dc198de1b2c53521,8e73e6f3a36ed0da,betfair_sb_uk,1.4,2026-09-29T20:11:50.324947+00:00,2026-09-29T20:11:51.841749+00:00,348.1,-0.02103040000000006,REJECT,tennis_predictions/price_snapshots.csv
cee2839a3f6c3984,8e73e6f3a36ed0da,betvictor,1.4,2026-09-29T20:11:50.324947+00:00,2026-09-29T20:11:51.841749+00:00,348.1,-0.02103040000000006,REJECT,tennis_predictions/price_snapshots.csv
6fc551ece177bbc0,8e73e6f3a36ed0da,betway,1.38,2026-09-29T20:11:50.324947+00:00,2026-09-29T20:11:51.841749+00:00,348.1,-0.035015680000000104,REJECT,tennis_predictions/price_snapshots.csv
1634f9a3c3adc268,8e73e6f3a36ed0da,boylesports,1.44,2026-09-29T20:11:50.324947+00:00,2026-09-29T20:11:51.841749+00:00,348.1,0.006940159999999973,REJECT,tennis_predictions/price_snapshots.csv
08cb1b28fa589f67,8e73e6f3a36ed0da,casumo,1.42,2026-09-29T20:11:50.324947+00:00,2026-09-29T20:11:51.841749+00:00,348.1,-0.007045120000000071,REJECT,tennis_predictions/price_snapshots.csv
3a8a5e450c2da574,8e73e6f3a36ed0da,coral,1.4,2026-09-29T20:11:50.324947+00:00,2026-09-29T20:11:51.841749+00:00,348.1,-0.02103040000000006,REJECT,tennis_predictions/price_snapshots.csv
a977c4fee06b04a6,8e73e6f3a36ed0da,grosvenor,1.42,2026-09-29T20:11:50.324947+00:00,2026-09-29T20:11:51.841749+00:00,348.1,-0.007045120000000071,REJECT,tennis_predictions/price_snapshots.csv
4b5b8b7101746f0a,8e73e6f3a36ed0da,ladbrokes_uk,1.4,2026-09-29T20:11:50.324947+00:00,2026-09-29T20:11:51.841749+00:00,348.1,-0.02103040000000006,REJECT,tennis_predictions/price_snapshots.csv
76751c70eecc6d51,8e73e6f3a36ed0da,leovegas,1.4,2026-09-29T20:11:50.324947+00:00,2026-09-29T20:11:51.841749+00:00,348.1,-0.02103040000000006,REJECT,tennis_predictions/price_snapshots.csv
67f7af065fbcb34d,8e73e6f3a36ed0da,livescorebet,1.42,2026-09-29T20:11:50.324947+00:00,2026-09-29T20:11:51.841749+00:00,348.1,-0.007045120000000071,REJECT,tennis_predictions/price_snapshots.csv
855f16899633bfdd,8e73e6f3a36ed0da,matchbook,1.42,2026-09-29T20:11:50.324947+00:00,2026-09-29T20:11:51.841749+00:00,348.1,,REJECT,tennis_predictions/price_snapshots.csv
2b71790ddce68a23,8e73e6f3a36ed0da,paddypower,1.36,2026-09-29T20:11:50.324947+00:00,2026-09-29T20:11:51.841749+00:00,348.1,-0.04900095999999993,REJECT,tennis_predictions/price_snapshots.csv
4bf8edb506349c2a,8e73e6f3a36ed0da,skybet,1.36,2026-09-29T20:11:50.324947+00:00,2026-09-29T20:11:51.841749+00:00,348.1,-0.04900095999999993,REJECT,tennis_predictions/price_snapshots.csv
7a0b6469e1edf89d,8e73e6f3a36ed0da,smarkets,1.41,2026-09-29T20:11:50.324947+00:00,2026-09-29T20:11:51.841749+00:00,348.1,-0.019771724800000057,REJECT,tennis_predictions/price_snapshots.csv
d77a58a30ac82ba6,8e73e6f3a36ed0da,sport888,1.44,2026-09-29T20:11:50.324947+00:00,2026-09-29T20:11:51.841749+00:00,348.1,0.006940159999999973,REJECT,tennis_predictions/price_snapshots.csv
7c2df6a878081f36,8e73e6f3a36ed0da,unibet_uk,1.4,2026-09-29T20:11:50.324947+00:00,2026-09-29T20:11:51.841749+00:00,348.1,-0.02103040000000006,REJECT,tennis_predictions/price_snapshots.csv
1fc38f235414badd,8e73e6f3a36ed0da,virginbet,1.42,2026-09-29T20:11:50.324947+00:00,2026-09-29T20:11:51.841749+00:00,348.1,-0.007045120000000071,REJECT,tennis_predictions/price_snapshots.csv
648f9f85a08d9243,8e73e6f3a36ed0da,williamhill,1.44,2026-09-29T20:11:50.324947+00:00,2026-09-29T20:11:51.841749+00:00,348.1,0.006940159999999973,REJECT,tennis_predictions/price_snapshots.csv
d14b8f678d53bd9a,970873b36d358f2b,betfair_ex_uk,1.93,2026-09-29T20:11:50.324947+00:00,2026-09-29T20:11:51.841749+00:00,348.1,-0.03241591400000016,REJECT,tennis_predictions/price_snapshots.csv
189de9d1d6daf555,970873b36d358f2b,betano_uk,1.8,2026-09-29T20:11:50.324947+00:00,2026-09-29T20:11:51.841749+00:00,348.1,-0.07531120000000008,REJECT,tennis_predictions/price_snapshots.csv
d815459bb72d7deb,970873b36d358f2b,betfair_sb_uk,1.9,2026-09-29T20:11:50.324947+00:00,2026-09-29T20:11:51.841749+00:00,348.1,-0.023939600000000116,REJECT,tennis_predictions/price_snapshots.csv
4340ec85db82ee8a,970873b36d358f2b,betvictor,1.8,2026-09-29T20:11:50.324947+00:00,2026-09-29T20:11:51.841749+00:00,348.1,-0.07531120000000008,REJECT,tennis_predictions/price_snapshots.csv
dacc5c7293dff539,970873b36d358f2b,betway,1.85,2026-09-29T20:11:50.324947+00:00,2026-09-29T20:11:51.841749+00:00,348.1,-0.04962540000000004,REJECT,tennis_predictions/price_snapshots.csv
47f2750c1ec9d7cb,970873b36d358f2b,boylesports,1.83,2026-09-29T20:11:50.324947+00:00,2026-09-29T20:11:51.841749+00:00,348.1,-0.059899720000000045,REJECT,tennis_predictions/price_snapshots.csv
f16eb99dd20f6727,970873b36d358f2b,casumo,1.91,2026-09-29T20:11:50.324947+00:00,2026-09-29T20:11:51.841749+00:00,348.1,-0.018802440000000142,REJECT,tennis_predictions/price_snapshots.csv
dc5bfc1b45c1979b,970873b36d358f2b,coral,1.8,2026-09-29T20:11:50.324947+00:00,2026-09-29T20:11:51.841749+00:00,348.1,-0.07531120000000008,REJECT,tennis_predictions/price_snapshots.csv
a6bcd42304fc65df,970873b36d358f2b,grosvenor,1.91,2026-09-29T20:11:50.324947+00:00,2026-09-29T20:11:51.841749+00:00,348.1,-0.018802440000000142,REJECT,tennis_predictions/price_snapshots.csv
e9e5b480c243d6fb,970873b36d358f2b,ladbrokes_uk,1.8,2026-09-29T20:11:50.324947+00:00,2026-09-29T20:11:51.841749+00:00,348.1,-0.07531120000000008,REJECT,tennis_predictions/price_snapshots.csv
7f053072c3fc73d1,970873b36d358f2b,leovegas,1.83,2026-09-29T20:11:50.324947+00:00,2026-09-29T20:11:51.841749+00:00,348.1,-0.059899720000000045,REJECT,tennis_predictions/price_snapshots.csv
41cb270b155b02eb,970873b36d358f2b,livescorebet,1.91,2026-09-29T20:11:50.324947+00:00,2026-09-29T20:11:51.841749+00:00,348.1,-0.018802440000000142,REJECT,tennis_predictions/price_snapshots.csv
fba3539bbcf6e608,970873b36d358f2b,matchbook,1.93,2026-09-29T20:11:50.324947+00:00,2026-09-29T20:11:51.841749+00:00,348.1,,REJECT,tennis_predictions/price_snapshots.csv
ba8b8b08fcc5ad99,970873b36d358f2b,paddypower,1.91,2026-09-29T20:11:50.324947+00:00,2026-09-29T20:11:51.841749+00:00,348.1,-0.018802440000000142,REJECT,tennis_predictions/price_snapshots.csv
2dbeb09a50abd32a,970873b36d358f2b,skybet,1.91,2026-09-29T20:11:50.324947+00:00,2026-09-29T20:11:51.841749+00:00,348.1,-0.018802440000000142,REJECT,tennis_predictions/price_snapshots.csv
59968609c0d790d1,970873b36d358f2b,smarkets,1.9,2026-09-29T20:11:50.324947+00:00,2026-09-29T20:11:51.841749+00:00,348.1,-0.033186488000000125,REJECT,tennis_predictions/price_snapshots.csv
83f0b5799c6932b9,970873b36d358f2b,sport888,1.85,2026-09-29T20:11:50.324947+00:00,2026-09-29T20:11:51.841749+00:00,348.1,-0.04962540000000004,REJECT,tennis_predictions/price_snapshots.csv
283b678cce940a88,970873b36d358f2b,unibet_uk,1.81,2026-09-29T20:11:50.324947+00:00,2026-09-29T20:11:51.841749+00:00,348.1,-0.07017404000000005,REJECT,tennis_predictions/price_snapshots.csv
d18e8250e4d910f0,970873b36d358f2b,virginbet,1.91,2026-09-29T20:11:50.324947+00:00,2026-09-29T20:11:51.841749+00:00,348.1,-0.018802440000000142,REJECT,tennis_predictions/price_snapshots.csv
4de28075584b8687,970873b36d358f2b,williamhill,1.85,2026-09-29T20:11:50.324947+00:00,2026-09-29T20:11:51.841749+00:00,348.1,-0.04962540000000004,REJECT,tennis_predictions/price_snapshots.csv
fa4c77876771ee81,39d82f8735af7f6b,betfair_ex_uk,1.45,2026-09-29T20:11:50.324947+00:00,2026-09-29T20:11:51.841749+00:00,348.1,-0.019742887499999973,REJECT,tennis_predictions/price_snapshots.csv
3b498a1e9f5988b3,39d82f8735af7f6b,betano_uk,1.4,2026-09-29T20:11:50.324947+00:00,2026-09-29T20:11:51.841749+00:00,348.1,-0.03862699999999997,REJECT,tennis_predictions/price_snapshots.csv
61ab9ad0abf2604d,39d82f8735af7f6b,betvictor,1.4,2026-09-29T20:11:50.324947+00:00,2026-09-29T20:11:51.841749+00:00,348.1,-0.03862699999999997,REJECT,tennis_predictions/price_snapshots.csv
d21d3372e158c549,39d82f8735af7f6b,betway,1.44,2026-09-29T20:11:50.324947+00:00,2026-09-29T20:11:51.841749+00:00,348.1,-0.01115919999999998,REJECT,tennis_predictions/price_snapshots.csv
2d05019acf42eb62,39d82f8735af7f6b,boylesports,1.44,2026-09-29T20:11:50.324947+00:00,2026-09-29T20:11:51.841749+00:00,348.1,-0.01115919999999998,REJECT,tennis_predictions/price_snapshots.csv
a6324964a904e3dd,39d82f8735af7f6b,casumo,1.43,2026-09-29T20:11:50.324947+00:00,2026-09-29T20:11:51.841749+00:00,348.1,-0.018026149999999963,REJECT,tennis_predictions/price_snapshots.csv
5631f4ba25a81276,39d82f8735af7f6b,coral,1.4,2026-09-29T20:11:50.324947+00:00,2026-09-29T20:11:51.841749+00:00,348.1,-0.03862699999999997,REJECT,tennis_predictions/price_snapshots.csv
0c2ba41c3950b4da,39d82f8735af7f6b,grosvenor,1.43,2026-09-29T20:11:50.324947+00:00,2026-09-29T20:11:51.841749+00:00,348.1,-0.018026149999999963,REJECT,tennis_predictions/price_snapshots.csv
e800fc7330f2838c,39d82f8735af7f6b,ladbrokes_uk,1.4,2026-09-29T20:11:50.324947+00:00,2026-09-29T20:11:51.841749+00:00,348.1,-0.03862699999999997,REJECT,tennis_predictions/price_snapshots.csv
f3e5e5949baf8c5c,39d82f8735af7f6b,leovegas,1.38,2026-09-29T20:11:50.324947+00:00,2026-09-29T20:11:51.841749+00:00,348.1,-0.05236089999999999,REJECT,tennis_predictions/price_snapshots.csv
6a4e19755db550f3,39d82f8735af7f6b,livescorebet,1.44,2026-09-29T20:11:50.324947+00:00,2026-09-29T20:11:51.841749+00:00,348.1,-0.01115919999999998,REJECT,tennis_predictions/price_snapshots.csv
f6b0119f8f9b6572,39d82f8735af7f6b,matchbook,1.45,2026-09-29T20:11:50.324947+00:00,2026-09-29T20:11:51.841749+00:00,348.1,,REJECT,tennis_predictions/price_snapshots.csv
f2c0947f4f08c2cd,39d82f8735af7f6b,paddypower,1.36,2026-09-29T20:11:50.324947+00:00,2026-09-29T20:11:51.841749+00:00,348.1,-0.06609479999999987,REJECT,tennis_predictions/price_snapshots.csv
3ebecd2b8d756c8d,39d82f8735af7f6b,skybet,1.36,2026-09-29T20:11:50.324947+00:00,2026-09-29T20:11:51.841749+00:00,348.1,-0.06609479999999987,REJECT,tennis_predictions/price_snapshots.csv
73cdb2bd4261a973,39d82f8735af7f6b,smarkets,1.43,2026-09-29T20:11:50.324947+00:00,2026-09-29T20:11:51.841749+00:00,348.1,-0.023931726999999958,REJECT,tennis_predictions/price_snapshots.csv
f0dc57cd94fdcbe1,39d82f8735af7f6b,sport888,1.4,2026-09-29T20:11:50.324947+00:00,2026-09-29T20:11:51.841749+00:00,348.1,-0.03862699999999997,REJECT,tennis_predictions/price_snapshots.csv
c9c9f94016cb5c16,39d82f8735af7f6b,unibet_uk,1.42,2026-09-29T20:11:50.324947+00:00,2026-09-29T20:11:51.841749+00:00,348.1,-0.024893099999999946,REJECT,tennis_predictions/price_snapshots.csv
d2c209c1701a24a7,39d82f8735af7f6b,virginbet,1.44,2026-09-29T20:11:50.324947+00:00,2026-09-29T20:11:51.841749+00:00,348.1,-0.01115919999999998,REJECT,tennis_predictions/price_snapshots.csv
39f8c94d61c35eb2,39d82f8735af7f6b,williamhill,1.4,2026-09-29T20:11:50.324947+00:00,2026-09-29T20:11:51.841749+00:00,348.1,-0.03862699999999997,REJECT,tennis_predictions/price_snapshots.csv
f3057cd8aed16416,836f4c8bfb9203be,betfair_ex_uk,1.51,2026-09-29T20:11:50.324947+00:00,2026-09-29T20:11:51.841749+00:00,348.1,-0.021465104000000068,REJECT,tennis_predictions/price_snapshots.csv
9dfe71615c4fdf49,836f4c8bfb9203be,betano_uk,1.5,2026-09-29T20:11:50.324947+00:00,2026-09-29T20:11:51.841749+00:00,348.1,-0.011248000000000036,REJECT,tennis_predictions/price_snapshots.csv
1f1524f3bd3cc67c,836f4c8bfb9203be,betfair_sb_uk,1.44,2026-09-29T20:11:50.324947+00:00,2026-09-29T20:11:51.841749+00:00,348.1,-0.05079808000000008,REJECT,tennis_predictions/price_snapshots.csv
57d34939aedd49d8,836f4c8bfb9203be,betvictor,1.5,2026-09-29T20:11:50.324947+00:00,2026-09-29T20:11:51.841749+00:00,348.1,-0.011248000000000036,REJECT,tennis_predictions/price_snapshots.csv
6cc5ceacc2916415,836f4c8bfb9203be,betway,1.45,2026-09-29T20:11:50.324947+00:00,2026-09-29T20:11:51.841749+00:00,348.1,-0.04420640000000009,REJECT,tennis_predictions/price_snapshots.csv
49f297508a38db0e,836f4c8bfb9203be,boylesports,1.5,2026-09-29T20:11:50.324947+00:00,2026-09-29T20:11:51.841749+00:00,348.1,-0.011248000000000036,REJECT,tennis_predictions/price_snapshots.csv
b2b0556c85330b4a,836f4c8bfb9203be,casumo,1.45,2026-09-29T20:11:50.324947+00:00,2026-09-29T20:11:51.841749+00:00,348.1,-0.04420640000000009,REJECT,tennis_predictions/price_snapshots.csv
68c7c6d86e96e899,836f4c8bfb9203be,coral,1.48,2026-09-29T20:11:50.324947+00:00,2026-09-29T20:11:51.841749+00:00,348.1,-0.02443136000000007,REJECT,tennis_predictions/price_snapshots.csv
0da9bfa7d0b63eab,836f4c8bfb9203be,grosvenor,1.45,2026-09-29T20:11:50.324947+00:00,2026-09-29T20:11:51.841749+00:00,348.1,-0.04420640000000009,REJECT,tennis_predictions/price_snapshots.csv
aa30fdf97ccd981b,836f4c8bfb9203be,ladbrokes_uk,1.48,2026-09-29T20:11:50.324947+00:00,2026-09-29T20:11:51.841749+00:00,348.1,-0.02443136000000007,REJECT,tennis_predictions/price_snapshots.csv
718050a688b0b64f,836f4c8bfb9203be,leovegas,1.47,2026-09-29T20:11:50.324947+00:00,2026-09-29T20:11:51.841749+00:00,348.1,-0.031023040000000057,REJECT,tennis_predictions/price_snapshots.csv
75e6373d67647270,836f4c8bfb9203be,livescorebet,1.46,2026-09-29T20:11:50.324947+00:00,2026-09-29T20:11:51.841749+00:00,348.1,-0.037614720000000046,REJECT,tennis_predictions/price_snapshots.csv
2bb5ed9ae0fb73a8,836f4c8bfb9203be,matchbook,1.51,2026-09-29T20:11:50.324947+00:00,2026-09-29T20:11:51.841749+00:00,348.1,,REJECT,tennis_predictions/price_snapshots.csv
151f074015271b1c,836f4c8bfb9203be,paddypower,1.44,2026-09-29T20:11:50.324947+00:00,2026-09-29T20:11:51.841749+00:00,348.1,-0.05079808000000008,REJECT,tennis_predictions/price_snapshots.csv
c77cf8f6cad78c14,836f4c8bfb9203be,skybet,1.44,2026-09-29T20:11:50.324947+00:00,2026-09-29T20:11:51.841749+00:00,348.1,-0.05079808000000008,REJECT,tennis_predictions/price_snapshots.csv
b4cc1be41c18373b,836f4c8bfb9203be,smarkets,1.49,2026-09-29T20:11:50.324947+00:00,2026-09-29T20:11:51.841749+00:00,348.1,-0.02429952640000005,REJECT,tennis_predictions/price_snapshots.csv
49c7451767361124,836f4c8bfb9203be,sport888,1.5,2026-09-29T20:11:50.324947+00:00,2026-09-29T20:11:51.841749+00:00,348.1,-0.011248000000000036,REJECT,tennis_predictions/price_snapshots.csv
1804f06509f14821,836f4c8bfb9203be,unibet_uk,1.45,2026-09-29T20:11:50.324947+00:00,2026-09-29T20:11:51.841749+00:00,348.1,-0.04420640000000009,REJECT,tennis_predictions/price_snapshots.csv
153a699714369d41,836f4c8bfb9203be,virginbet,1.46,2026-09-29T20:11:50.324947+00:00,2026-09-29T20:11:51.841749+00:00,348.1,-0.037614720000000046,REJECT,tennis_predictions/price_snapshots.csv
b081245148e08931,836f4c8bfb9203be,williamhill,1.5,2026-09-29T20:11:50.324947+00:00,2026-09-29T20:11:51.841749+00:00,348.1,-0.011248000000000036,REJECT,tennis_predictions/price_snapshots.csv
d6cdfd33435fb53e,47488b5b98a5ef91,betfair_ex_uk,1.75,2026-09-29T20:11:50.324947+00:00,2026-09-29T20:11:51.841749+00:00,348.1,-0.025030937500000072,REJECT,tennis_predictions/price_snapshots.csv
13f962738cfdfdc7,47488b5b98a5ef91,betano_uk,1.6,2026-09-29T20:11:50.324947+00:00,2026-09-29T20:11:51.841749+00:00,348.1,-0.08907999999999999,REJECT,tennis_predictions/price_snapshots.csv
c6ceca0cb57b3561,47488b5b98a5ef91,betfair_sb_uk,1.67,2026-09-29T20:11:50.324947+00:00,2026-09-29T20:11:51.841749+00:00,348.1,-0.04922725000000011,REJECT,tennis_predictions/price_snapshots.csv
ce5df03bde03a7bd,47488b5b98a5ef91,betvictor,1.6,2026-09-29T20:11:50.324947+00:00,2026-09-29T20:11:51.841749+00:00,348.1,-0.08907999999999999,REJECT,tennis_predictions/price_snapshots.csv
2d70fd520c8c5274,47488b5b98a5ef91,betway,1.65,2026-09-29T20:11:50.324947+00:00,2026-09-29T20:11:51.841749+00:00,348.1,-0.06061375000000008,REJECT,tennis_predictions/price_snapshots.csv
540ba1754b36b705,47488b5b98a5ef91,boylesports,1.57,2026-09-29T20:11:50.324947+00:00,2026-09-29T20:11:51.841749+00:00,348.1,-0.10615975,REJECT,tennis_predictions/price_snapshots.csv
40f77cfda1eed67d,47488b5b98a5ef91,casumo,1.62,2026-09-29T20:11:50.324947+00:00,2026-09-29T20:11:51.841749+00:00,348.1,-0.07769349999999997,REJECT,tennis_predictions/price_snapshots.csv
f4bc3e90c25ec76c,47488b5b98a5ef91,coral,1.65,2026-09-29T20:11:50.324947+00:00,2026-09-29T20:11:51.841749+00:00,348.1,-0.06061375000000008,REJECT,tennis_predictions/price_snapshots.csv
2c14681836c14f39,47488b5b98a5ef91,grosvenor,1.62,2026-09-29T20:11:50.324947+00:00,2026-09-29T20:11:51.841749+00:00,348.1,-0.07769349999999997,REJECT,tennis_predictions/price_snapshots.csv
c52eecc1c148d4c9,47488b5b98a5ef91,ladbrokes_uk,1.65,2026-09-29T20:11:50.324947+00:00,2026-09-29T20:11:51.841749+00:00,348.1,-0.06061375000000008,REJECT,tennis_predictions/price_snapshots.csv
34dc2dfba28ceba6,47488b5b98a5ef91,leovegas,1.62,2026-09-29T20:11:50.324947+00:00,2026-09-29T20:11:51.841749+00:00,348.1,-0.07769349999999997,REJECT,tennis_predictions/price_snapshots.csv
2495313613997c95,47488b5b98a5ef91,livescorebet,1.62,2026-09-29T20:11:50.324947+00:00,2026-09-29T20:11:51.841749+00:00,348.1,-0.07769349999999997,REJECT,tennis_predictions/price_snapshots.csv
8df70e86c01222cf,47488b5b98a5ef91,matchbook,1.75,2026-09-29T20:11:50.324947+00:00,2026-09-29T20:11:51.841749+00:00,348.1,,REJECT,tennis_predictions/price_snapshots.csv
d93a42be499eb007,47488b5b98a5ef91,paddypower,1.67,2026-09-29T20:11:50.324947+00:00,2026-09-29T20:11:51.841749+00:00,348.1,-0.04922725000000011,REJECT,tennis_predictions/price_snapshots.csv
c27cce1b72f0e295,47488b5b98a5ef91,skybet,1.67,2026-09-29T20:11:50.324947+00:00,2026-09-29T20:11:51.841749+00:00,348.1,-0.04922725000000011,REJECT,tennis_predictions/price_snapshots.csv
a76a4ff75003ad81,47488b5b98a5ef91,smarkets,1.72,2026-09-29T20:11:50.324947+00:00,2026-09-29T20:11:51.841749+00:00,348.1,-0.028959280000000087,REJECT,tennis_predictions/price_snapshots.csv
5551bbaa6b8125de,47488b5b98a5ef91,sport888,1.67,2026-09-29T20:11:50.324947+00:00,2026-09-29T20:11:51.841749+00:00,348.1,-0.04922725000000011,REJECT,tennis_predictions/price_snapshots.csv
cda1ddbd2f7342f5,47488b5b98a5ef91,unibet_uk,1.62,2026-09-29T20:11:50.324947+00:00,2026-09-29T20:11:51.841749+00:00,348.1,-0.07769349999999997,REJECT,tennis_predictions/price_snapshots.csv
c343119d0893d4dd,47488b5b98a5ef91,virginbet,1.62,2026-09-29T20:11:50.324947+00:00,2026-09-29T20:11:51.841749+00:00,348.1,-0.07769349999999997,REJECT,tennis_predictions/price_snapshots.csv
118e5e982fd534f0,47488b5b98a5ef91,williamhill,1.67,2026-09-29T20:11:50.324947+00:00,2026-09-29T20:11:51.841749+00:00,348.1,-0.04922725000000011,REJECT,tennis_predictions/price_snapshots.csv
ea8fc6487f265f1c,b72e1241b292c0dc,betfair_ex_uk,1.9,2026-09-29T20:11:50.324947+00:00,2026-09-29T20:11:51.841749+00:00,348.1,-0.025143705000000016,REJECT,tennis_predictions/price_snapshots.csv
cdfc7a35075d3ffe,b72e1241b292c0dc,betano_uk,1.8,2026-09-29T20:11:50.324947+00:00,2026-09-29T20:11:51.841749+00:00,348.1,-0.054047799999999924,REJECT,tennis_predictions/price_snapshots.csv
b210c0ac53c72dcd,b72e1241b292c0dc,betfair_sb_uk,1.8,2026-09-29T20:11:50.324947+00:00,2026-09-29T20:11:51.841749+00:00,348.1,-0.054047799999999924,REJECT,tennis_predictions/price_snapshots.csv
96e8d2ab3955ce79,b72e1241b292c0dc,betvictor,1.8,2026-09-29T20:11:50.324947+00:00,2026-09-29T20:11:51.841749+00:00,348.1,-0.054047799999999924,REJECT,tennis_predictions/price_snapshots.csv
b84073af0e7b6043,b72e1241b292c0dc,betway,1.8,2026-09-29T20:11:50.324947+00:00,2026-09-29T20:11:51.841749+00:00,348.1,-0.054047799999999924,REJECT,tennis_predictions/price_snapshots.csv
07daca43f06d8ec6,b72e1241b292c0dc,boylesports,1.91,2026-09-29T20:11:50.324947+00:00,2026-09-29T20:11:51.841749+00:00,348.1,0.0037603900000000023,REJECT,tennis_predictions/price_snapshots.csv
efa8d174c3b1688b,b72e1241b292c0dc,casumo,1.83,2026-09-29T20:11:50.324947+00:00,2026-09-29T20:11:51.841749+00:00,348.1,-0.03828192999999991,REJECT,tennis_predictions/price_snapshots.csv
aaa3ea5a633136ee,b72e1241b292c0dc,coral,1.75,2026-09-29T20:11:50.324947+00:00,2026-09-29T20:11:51.841749+00:00,348.1,-0.08032424999999999,REJECT,tennis_predictions/price_snapshots.csv
92176c18b797f7e7,b72e1241b292c0dc,grosvenor,1.83,2026-09-29T20:11:50.324947+00:00,2026-09-29T20:11:51.841749+00:00,348.1,-0.03828192999999991,REJECT,tennis_predictions/price_snapshots.csv
2e27fcfbcf192238,b72e1241b292c0dc,ladbrokes_uk,1.75,2026-09-29T20:11:50.324947+00:00,2026-09-29T20:11:51.841749+00:00,348.1,-0.08032424999999999,REJECT,tennis_predictions/price_snapshots.csv
274bb4b8fdb458e8,b72e1241b292c0dc,leovegas,1.8,2026-09-29T20:11:50.324947+00:00,2026-09-29T20:11:51.841749+00:00,348.1,-0.054047799999999924,REJECT,tennis_predictions/price_snapshots.csv
f1a316728f00d26d,b72e1241b292c0dc,livescorebet,1.84,2026-09-29T20:11:50.324947+00:00,2026-09-29T20:11:51.841749+00:00,348.1,-0.03302663999999994,REJECT,tennis_predictions/price_snapshots.csv
a2ba9a37021e9045,b72e1241b292c0dc,matchbook,1.9,2026-09-29T20:11:50.324947+00:00,2026-09-29T20:11:51.841749+00:00,348.1,,REJECT,tennis_predictions/price_snapshots.csv
a9bb367f0cb28c0a,b72e1241b292c0dc,paddypower,1.8,2026-09-29T20:11:50.324947+00:00,2026-09-29T20:11:51.841749+00:00,348.1,-0.054047799999999924,REJECT,tennis_predictions/price_snapshots.csv
68383d18ed0dcd8d,b72e1241b292c0dc,skybet,1.8,2026-09-29T20:11:50.324947+00:00,2026-09-29T20:11:51.841749+00:00,348.1,-0.054047799999999924,REJECT,tennis_predictions/price_snapshots.csv
a718eccf2aed2daf,b72e1241b292c0dc,smarkets,1.86,2026-09-29T20:11:50.324947+00:00,2026-09-29T20:11:51.841749+00:00,348.1,-0.03155515879999993,REJECT,tennis_predictions/price_snapshots.csv
9509d9fef833eeb8,b72e1241b292c0dc,sport888,1.8,2026-09-29T20:11:50.324947+00:00,2026-09-29T20:11:51.841749+00:00,348.1,-0.054047799999999924,REJECT,tennis_predictions/price_snapshots.csv
965decd2967b041e,b72e1241b292c0dc,unibet_uk,1.8,2026-09-29T20:11:50.324947+00:00,2026-09-29T20:11:51.841749+00:00,348.1,-0.054047799999999924,REJECT,tennis_predictions/price_snapshots.csv
262baa3b32c76ec5,b72e1241b292c0dc,virginbet,1.84,2026-09-29T20:11:50.324947+00:00,2026-09-29T20:11:51.841749+00:00,348.1,-0.03302663999999994,REJECT,tennis_predictions/price_snapshots.csv
0434d8eaf97d86dc,b72e1241b292c0dc,williamhill,1.8,2026-09-29T20:11:50.324947+00:00,2026-09-29T20:11:51.841749+00:00,348.1,-0.054047799999999924,REJECT,tennis_predictions/price_snapshots.csv
4ef0c8e4b4c668a9,3f19d75250cc58b7,betfair_ex_uk,1.37,2026-09-29T20:11:50.324947+00:00,2026-09-29T20:11:51.841749+00:00,348.1,-0.01648236549999993,REJECT,tennis_predictions/price_snapshots.csv
97d8ecc62d9e6cfa,3f19d75250cc58b7,betano_uk,1.3,2026-09-29T20:11:50.324947+00:00,2026-09-29T20:11:51.841749+00:00,348.1,-0.053960099999999955,REJECT,tennis_predictions/price_snapshots.csv
a06988a497c703ed,3f19d75250cc58b7,betfair_sb_uk,1.3,2026-09-29T20:11:50.324947+00:00,2026-09-29T20:11:51.841749+00:00,348.1,-0.053960099999999955,REJECT,tennis_predictions/price_snapshots.csv
aee9d1dff67d8df4,3f19d75250cc58b7,betvictor,1.3,2026-09-29T20:11:50.324947+00:00,2026-09-29T20:11:51.841749+00:00,348.1,-0.053960099999999955,REJECT,tennis_predictions/price_snapshots.csv
d4ce8755d8f8849c,3f19d75250cc58b7,betway,1.3,2026-09-29T20:11:50.324947+00:00,2026-09-29T20:11:51.841749+00:00,348.1,-0.053960099999999955,REJECT,tennis_predictions/price_snapshots.csv
2577404d9f721030,3f19d75250cc58b7,boylesports,1.3,2026-09-29T20:11:50.324947+00:00,2026-09-29T20:11:51.841749+00:00,348.1,-0.053960099999999955,REJECT,tennis_predictions/price_snapshots.csv
4525df86ff5030b1,3f19d75250cc58b7,casumo,1.3,2026-09-29T20:11:50.324947+00:00,2026-09-29T20:11:51.841749+00:00,348.1,-0.053960099999999955,REJECT,tennis_predictions/price_snapshots.csv
dcaa18acf416070a,3f19d75250cc58b7,coral,1.3,2026-09-29T20:11:50.324947+00:00,2026-09-29T20:11:51.841749+00:00,348.1,-0.053960099999999955,REJECT,tennis_predictions/price_snapshots.csv
040d4259dcc0842c,3f19d75250cc58b7,grosvenor,1.3,2026-09-29T20:11:50.324947+00:00,2026-09-29T20:11:51.841749+00:00,348.1,-0.053960099999999955,REJECT,tennis_predictions/price_snapshots.csv
5a25c4bbf4556df2,3f19d75250cc58b7,ladbrokes_uk,1.3,2026-09-29T20:11:50.324947+00:00,2026-09-29T20:11:51.841749+00:00,348.1,-0.053960099999999955,REJECT,tennis_predictions/price_snapshots.csv
8bb9d42baf7572ca,3f19d75250cc58b7,leovegas,1.3,2026-09-29T20:11:50.324947+00:00,2026-09-29T20:11:51.841749+00:00,348.1,-0.053960099999999955,REJECT,tennis_predictions/price_snapshots.csv
80c702aa4536f1d4,3f19d75250cc58b7,livescorebet,1.3,2026-09-29T20:11:50.324947+00:00,2026-09-29T20:11:51.841749+00:00,348.1,-0.053960099999999955,REJECT,tennis_predictions/price_snapshots.csv
c5da636270aa492a,3f19d75250cc58b7,matchbook,1.37,2026-09-29T20:11:50.324947+00:00,2026-09-29T20:11:51.841749+00:00,348.1,,REJECT,tennis_predictions/price_snapshots.csv
7216d0014cfd7c35,3f19d75250cc58b7,paddypower,1.29,2026-09-29T20:11:50.324947+00:00,2026-09-29T20:11:51.841749+00:00,348.1,-0.06123732999999995,REJECT,tennis_predictions/price_snapshots.csv
c4f8309999b641dd,3f19d75250cc58b7,skybet,1.3,2026-09-29T20:11:50.324947+00:00,2026-09-29T20:11:51.841749+00:00,348.1,-0.053960099999999955,REJECT,tennis_predictions/price_snapshots.csv
aec0ecd98462dd21,3f19d75250cc58b7,smarkets,1.34,2026-09-29T20:11:50.324947+00:00,2026-09-29T20:11:51.841749+00:00,348.1,-0.029799696399999936,REJECT,tennis_predictions/price_snapshots.csv
4ad6d7d51a14d349,3f19d75250cc58b7,sport888,1.33,2026-09-29T20:11:50.324947+00:00,2026-09-29T20:11:51.841749+00:00,348.1,-0.03212840999999994,REJECT,tennis_predictions/price_snapshots.csv
9b9461ac513d210b,3f19d75250cc58b7,unibet_uk,1.3,2026-09-29T20:11:50.324947+00:00,2026-09-29T20:11:51.841749+00:00,348.1,-0.053960099999999955,REJECT,tennis_predictions/price_snapshots.csv
70cf991d6ff771a5,3f19d75250cc58b7,virginbet,1.3,2026-09-29T20:11:50.324947+00:00,2026-09-29T20:11:51.841749+00:00,348.1,-0.053960099999999955,REJECT,tennis_predictions/price_snapshots.csv
a8cb006102099c71,3f19d75250cc58b7,williamhill,1.33,2026-09-29T20:11:50.324947+00:00,2026-09-29T20:11:51.841749+00:00,348.1,-0.03212840999999994,REJECT,tennis_predictions/price_snapshots.csv
87b077a6245fcb1e,fc4fda3e9b6c59e1,betfair_ex_uk,1.55,2026-09-29T20:11:50.324947+00:00,2026-09-29T20:11:51.841749+00:00,348.1,-0.02112537249999996,REJECT,tennis_predictions/price_snapshots.csv
48dfc42718b9373c,fc4fda3e9b6c59e1,betano_uk,1.5,2026-09-29T20:11:50.324947+00:00,2026-09-29T20:11:51.841749+00:00,348.1,-0.03559149999999994,REJECT,tennis_predictions/price_snapshots.csv
487f136258957189,fc4fda3e9b6c59e1,betfair_sb_uk,1.5,2026-09-29T20:11:50.324947+00:00,2026-09-29T20:11:51.841749+00:00,348.1,-0.03559149999999994,REJECT,tennis_predictions/price_snapshots.csv
e1ef91091bb6115f,fc4fda3e9b6c59e1,betvictor,1.5,2026-09-29T20:11:50.324947+00:00,2026-09-29T20:11:51.841749+00:00,348.1,-0.03559149999999994,REJECT,tennis_predictions/price_snapshots.csv
a8330e9098adae73,fc4fda3e9b6c59e1,betway,1.5,2026-09-29T20:11:50.324947+00:00,2026-09-29T20:11:51.841749+00:00,348.1,-0.03559149999999994,REJECT,tennis_predictions/price_snapshots.csv
b740b68d5226abc0,fc4fda3e9b6c59e1,boylesports,1.57,2026-09-29T20:11:50.324947+00:00,2026-09-29T20:11:51.841749+00:00,348.1,0.009414230000000079,REJECT,tennis_predictions/price_snapshots.csv
d1156919c33e5375,fc4fda3e9b6c59e1,casumo,1.53,2026-09-29T20:11:50.324947+00:00,2026-09-29T20:11:51.841749+00:00,348.1,-0.01630332999999995,REJECT,tennis_predictions/price_snapshots.csv
8203d5059db9879e,fc4fda3e9b6c59e1,coral,1.48,2026-09-29T20:11:50.324947+00:00,2026-09-29T20:11:51.841749+00:00,348.1,-0.04845027999999996,REJECT,tennis_predictions/price_snapshots.csv
8799fa88c428e215,fc4fda3e9b6c59e1,grosvenor,1.53,2026-09-29T20:11:50.324947+00:00,2026-09-29T20:11:51.841749+00:00,348.1,-0.01630332999999995,REJECT,tennis_predictions/price_snapshots.csv
47c51bbc4cf7a69f,fc4fda3e9b6c59e1,ladbrokes_uk,1.48,2026-09-29T20:11:50.324947+00:00,2026-09-29T20:11:51.841749+00:00,348.1,-0.04845027999999996,REJECT,tennis_predictions/price_snapshots.csv
83715de5ac2c2b04,fc4fda3e9b6c59e1,leovegas,1.5,2026-09-29T20:11:50.324947+00:00,2026-09-29T20:11:51.841749+00:00,348.1,-0.03559149999999994,REJECT,tennis_predictions/price_snapshots.csv
be964ba9b8f05d4c,fc4fda3e9b6c59e1,livescorebet,1.53,2026-09-29T20:11:50.324947+00:00,2026-09-29T20:11:51.841749+00:00,348.1,-0.01630332999999995,REJECT,tennis_predictions/price_snapshots.csv
c5ed67472fd5b830,fc4fda3e9b6c59e1,matchbook,1.55,2026-09-29T20:11:50.324947+00:00,2026-09-29T20:11:51.841749+00:00,348.1,,REJECT,tennis_predictions/price_snapshots.csv
aef961f32cdc3313,fc4fda3e9b6c59e1,paddypower,1.5,2026-09-29T20:11:50.324947+00:00,2026-09-29T20:11:51.841749+00:00,348.1,-0.03559149999999994,REJECT,tennis_predictions/price_snapshots.csv
ada235e000060268,fc4fda3e9b6c59e1,skybet,1.5,2026-09-29T20:11:50.324947+00:00,2026-09-29T20:11:51.841749+00:00,348.1,-0.03559149999999994,REJECT,tennis_predictions/price_snapshots.csv
f0b3972859973b58,fc4fda3e9b6c59e1,smarkets,1.52,2026-09-29T20:11:50.324947+00:00,2026-09-29T20:11:51.841749+00:00,348.1,-0.029419285599999956,REJECT,tennis_predictions/price_snapshots.csv
81b9a3a149eb7c0b,fc4fda3e9b6c59e1,sport888,1.53,2026-09-29T20:11:50.324947+00:00,2026-09-29T20:11:51.841749+00:00,348.1,-0.01630332999999995,REJECT,tennis_predictions/price_snapshots.csv
b6efbc141f6fdf8e,fc4fda3e9b6c59e1,unibet_uk,1.52,2026-09-29T20:11:50.324947+00:00,2026-09-29T20:11:51.841749+00:00,348.1,-0.02273271999999993,REJECT,tennis_predictions/price_snapshots.csv
eab416f8d70c9891,fc4fda3e9b6c59e1,virginbet,1.53,2026-09-29T20:11:50.324947+00:00,2026-09-29T20:11:51.841749+00:00,348.1,-0.01630332999999995,REJECT,tennis_predictions/price_snapshots.csv
18fc87339f14665d,fc4fda3e9b6c59e1,williamhill,1.53,2026-09-29T20:11:50.324947+00:00,2026-09-29T20:11:51.841749+00:00,348.1,-0.01630332999999995,REJECT,tennis_predictions/price_snapshots.csv
46f2e1467a3462d8,28488ff5abb7554e,betfair_ex_uk,1.55,2026-09-29T20:11:50.324947+00:00,2026-09-29T20:11:51.841749+00:00,348.1,-0.02475805749999993,REJECT,tennis_predictions/price_snapshots.csv
886584501141d748,28488ff5abb7554e,betano_uk,1.45,2026-09-29T20:11:50.324947+00:00,2026-09-29T20:11:51.841749+00:00,348.1,-0.07119814999999996,REJECT,tennis_predictions/price_snapshots.csv
f58036e59b58d0ed,28488ff5abb7554e,betvictor,1.45,2026-09-29T20:11:50.324947+00:00,2026-09-29T20:11:51.841749+00:00,348.1,-0.07119814999999996,REJECT,tennis_predictions/price_snapshots.csv
0e24534ebb50c815,28488ff5abb7554e,betway,1.45,2026-09-29T20:11:50.324947+00:00,2026-09-29T20:11:51.841749+00:00,348.1,-0.07119814999999996,REJECT,tennis_predictions/price_snapshots.csv
c50ef542a3a37628,28488ff5abb7554e,boylesports,1.53,2026-09-29T20:11:50.324947+00:00,2026-09-29T20:11:51.841749+00:00,348.1,-0.019953909999999908,REJECT,tennis_predictions/price_snapshots.csv
db8ef2d06f1150cb,28488ff5abb7554e,casumo,1.45,2026-09-29T20:11:50.324947+00:00,2026-09-29T20:11:51.841749+00:00,348.1,-0.07119814999999996,REJECT,tennis_predictions/price_snapshots.csv
3c7bb1ec92acccc8,28488ff5abb7554e,coral,1.48,2026-09-29T20:11:50.324947+00:00,2026-09-29T20:11:51.841749+00:00,348.1,-0.05198155999999993,REJECT,tennis_predictions/price_snapshots.csv
d2859d159a90cab1,28488ff5abb7554e,grosvenor,1.45,2026-09-29T20:11:50.324947+00:00,2026-09-29T20:11:51.841749+00:00,348.1,-0.07119814999999996,REJECT,tennis_predictions/price_snapshots.csv
45253ed4378a5858,28488ff5abb7554e,ladbrokes_uk,1.48,2026-09-29T20:11:50.324947+00:00,2026-09-29T20:11:51.841749+00:00,348.1,-0.05198155999999993,REJECT,tennis_predictions/price_snapshots.csv
0b2a246666db6db8,28488ff5abb7554e,leovegas,1.5,2026-09-29T20:11:50.324947+00:00,2026-09-29T20:11:51.841749+00:00,348.1,-0.03917049999999994,REJECT,tennis_predictions/price_snapshots.csv
d3d975747ebf76bf,28488ff5abb7554e,livescorebet,1.46,2026-09-29T20:11:50.324947+00:00,2026-09-29T20:11:51.841749+00:00,348.1,-0.06479261999999997,REJECT,tennis_predictions/price_snapshots.csv
c8cb78565b087a4b,28488ff5abb7554e,matchbook,1.55,2026-09-29T20:11:50.324947+00:00,2026-09-29T20:11:51.841749+00:00,348.1,,REJECT,tennis_predictions/price_snapshots.csv
6a25921b05b1b283,28488ff5abb7554e,paddypower,1.5,2026-09-29T20:11:50.324947+00:00,2026-09-29T20:11:51.841749+00:00,348.1,-0.03917049999999994,REJECT,tennis_predictions/price_snapshots.csv
aca3f97d7b024864,28488ff5abb7554e,skybet,1.5,2026-09-29T20:11:50.324947+00:00,2026-09-29T20:11:51.841749+00:00,348.1,-0.03917049999999994,REJECT,tennis_predictions/price_snapshots.csv
12c994c9de966e30,28488ff5abb7554e,smarkets,1.53,2026-09-29T20:11:50.324947+00:00,2026-09-29T20:11:51.841749+00:00,348.1,-0.026743771799999927,REJECT,tennis_predictions/price_snapshots.csv
7acd9a92a60a1a3c,28488ff5abb7554e,sport888,1.5,2026-09-29T20:11:50.324947+00:00,2026-09-29T20:11:51.841749+00:00,348.1,-0.03917049999999994,REJECT,tennis_predictions/price_snapshots.csv
c7e9a46a3cda0110,28488ff5abb7554e,unibet_uk,1.52,2026-09-29T20:11:50.324947+00:00,2026-09-29T20:11:51.841749+00:00,348.1,-0.026359439999999956,REJECT,tennis_predictions/price_snapshots.csv
b43cb87e999707c4,28488ff5abb7554e,virginbet,1.46,2026-09-29T20:11:50.324947+00:00,2026-09-29T20:11:51.841749+00:00,348.1,-0.06479261999999997,REJECT,tennis_predictions/price_snapshots.csv
426e9f376e457a9b,28488ff5abb7554e,williamhill,1.5,2026-09-29T20:11:50.324947+00:00,2026-09-29T20:11:51.841749+00:00,348.1,-0.03917049999999994,REJECT,tennis_predictions/price_snapshots.csv
401e6d3eef13055a,6d67bfc497b0d25c,betfair_ex_uk,1.58,2026-09-29T20:11:50.324947+00:00,2026-09-29T20:11:51.841749+00:00,348.1,-0.0340418529999999,REJECT,tennis_predictions/price_snapshots.csv
b392a8396bd89e22,6d67bfc497b0d25c,betano_uk,1.45,2026-09-29T20:11:50.324947+00:00,2026-09-29T20:11:51.841749+00:00,348.1,-0.09694434999999996,REJECT,tennis_predictions/price_snapshots.csv
28549dfa7fd8a0e3,6d67bfc497b0d25c,betvictor,1.45,2026-09-29T20:11:50.324947+00:00,2026-09-29T20:11:51.841749+00:00,348.1,-0.09694434999999996,REJECT,tennis_predictions/price_snapshots.csv
88af1688e675d2eb,6d67bfc497b0d25c,betway,1.5,2026-09-29T20:11:50.324947+00:00,2026-09-29T20:11:51.841749+00:00,348.1,-0.06580449999999993,REJECT,tennis_predictions/price_snapshots.csv
2f70ccf2c393cd03,6d67bfc497b0d25c,boylesports,1.53,2026-09-29T20:11:50.324947+00:00,2026-09-29T20:11:51.841749+00:00,348.1,-0.04712058999999991,REJECT,tennis_predictions/price_snapshots.csv
36fe2bcc667b1707,6d67bfc497b0d25c,casumo,1.49,2026-09-29T20:11:50.324947+00:00,2026-09-29T20:11:51.841749+00:00,348.1,-0.07203246999999996,REJECT,tennis_predictions/price_snapshots.csv
6683f3bfead681d2,6d67bfc497b0d25c,coral,1.48,2026-09-29T20:11:50.324947+00:00,2026-09-29T20:11:51.841749+00:00,348.1,-0.07826043999999993,REJECT,tennis_predictions/price_snapshots.csv
c3af970a5a33d47c,6d67bfc497b0d25c,grosvenor,1.49,2026-09-29T20:11:50.324947+00:00,2026-09-29T20:11:51.841749+00:00,348.1,-0.07203246999999996,REJECT,tennis_predictions/price_snapshots.csv
fbe4f285275eeac1,6d67bfc497b0d25c,ladbrokes_uk,1.48,2026-09-29T20:11:50.324947+00:00,2026-09-29T20:11:51.841749+00:00,348.1,-0.07826043999999993,REJECT,tennis_predictions/price_snapshots.csv
2b95588e5b72f358,6d67bfc497b0d25c,leovegas,1.47,2026-09-29T20:11:50.324947+00:00,2026-09-29T20:11:51.841749+00:00,348.1,-0.08448840999999996,REJECT,tennis_predictions/price_snapshots.csv
9f04146b5353cec0,6d67bfc497b0d25c,livescorebet,1.49,2026-09-29T20:11:50.324947+00:00,2026-09-29T20:11:51.841749+00:00,348.1,-0.07203246999999996,REJECT,tennis_predictions/price_snapshots.csv
843d033f8e0e270e,6d67bfc497b0d25c,matchbook,1.54,2026-09-29T20:11:50.324947+00:00,2026-09-29T20:11:51.841749+00:00,348.1,,REJECT,tennis_predictions/price_snapshots.csv
391e81dc5bf29ca5,6d67bfc497b0d25c,paddypower,1.57,2026-09-29T20:11:50.324947+00:00,2026-09-29T20:11:51.841749+00:00,348.1,-0.02220870999999991,REJECT,tennis_predictions/price_snapshots.csv
19eddf6c6ea378be,6d67bfc497b0d25c,skybet,1.57,2026-09-29T20:11:50.324947+00:00,2026-09-29T20:11:51.841749+00:00,348.1,-0.02220870999999991,REJECT,tennis_predictions/price_snapshots.csv
4138b2dea71ba117,6d67bfc497b0d25c,smarkets,1.49,2026-09-29T20:11:50.324947+00:00,2026-09-29T20:11:51.841749+00:00,348.1,-0.07813588059999999,REJECT,tennis_predictions/price_snapshots.csv
2e67fa2cb2694e1b,6d67bfc497b0d25c,sport888,1.53,2026-09-29T20:11:50.324947+00:00,2026-09-29T20:11:51.841749+00:00,348.1,-0.04712058999999991,REJECT,tennis_predictions/price_snapshots.csv
b57287b7c5b80f84,6d67bfc497b0d25c,unibet_uk,1.47,2026-09-29T20:11:50.324947+00:00,2026-09-29T20:11:51.841749+00:00,348.1,-0.08448840999999996,REJECT,tennis_predictions/price_snapshots.csv
146c8fd017241bb6,6d67bfc497b0d25c,virginbet,1.49,2026-09-29T20:11:50.324947+00:00,2026-09-29T20:11:51.841749+00:00,348.1,-0.07203246999999996,REJECT,tennis_predictions/price_snapshots.csv
4ff674a16309ceff,9bd51c1d07e66c75,betfair_ex_uk,1.48,2026-09-29T20:11:50.324947+00:00,2026-09-29T20:11:51.841749+00:00,348.1,-0.021850464000000014,REJECT,tennis_predictions/price_snapshots.csv
1350163af9618c4d,9bd51c1d07e66c75,betano_uk,1.44,2026-09-29T20:11:50.324947+00:00,2026-09-29T20:11:51.841749+00:00,348.1,-0.03259936000000002,REJECT,tennis_predictions/price_snapshots.csv
32238a3dac71f1c1,9bd51c1d07e66c75,betvictor,1.44,2026-09-29T20:11:50.324947+00:00,2026-09-29T20:11:51.841749+00:00,348.1,-0.03259936000000002,REJECT,tennis_predictions/price_snapshots.csv
1be828aa42f7a41f,9bd51c1d07e66c75,betway,1.44,2026-09-29T20:11:50.324947+00:00,2026-09-29T20:11:51.841749+00:00,348.1,-0.03259936000000002,REJECT,tennis_predictions/price_snapshots.csv
79223f013a68c8e4,9bd51c1d07e66c75,boylesports,1.44,2026-09-29T20:11:50.324947+00:00,2026-09-29T20:11:51.841749+00:00,348.1,-0.03259936000000002,REJECT,tennis_predictions/price_snapshots.csv
c45e76b8fc81b484,9bd51c1d07e66c75,casumo,1.43,2026-09-29T20:11:50.324947+00:00,2026-09-29T20:11:51.841749+00:00,348.1,-0.03931742000000005,REJECT,tennis_predictions/price_snapshots.csv
039d45bc9b4c9e34,9bd51c1d07e66c75,coral,1.4,2026-09-29T20:11:50.324947+00:00,2026-09-29T20:11:51.841749+00:00,348.1,-0.05947160000000001,REJECT,tennis_predictions/price_snapshots.csv
97839565cda5381f,9bd51c1d07e66c75,grosvenor,1.43,2026-09-29T20:11:50.324947+00:00,2026-09-29T20:11:51.841749+00:00,348.1,-0.03931742000000005,REJECT,tennis_predictions/price_snapshots.csv
adc9661954f943d3,9bd51c1d07e66c75,ladbrokes_uk,1.4,2026-09-29T20:11:50.324947+00:00,2026-09-29T20:11:51.841749+00:00,348.1,-0.05947160000000001,REJECT,tennis_predictions/price_snapshots.csv
2c6545f2c51d8daf,9bd51c1d07e66c75,leovegas,1.42,2026-09-29T20:11:50.324947+00:00,2026-09-29T20:11:51.841749+00:00,348.1,-0.04603548000000002,REJECT,tennis_predictions/price_snapshots.csv
a2bc6a2cd249d764,9bd51c1d07e66c75,livescorebet,1.44,2026-09-29T20:11:50.324947+00:00,2026-09-29T20:11:51.841749+00:00,348.1,-0.03259936000000002,REJECT,tennis_predictions/price_snapshots.csv
3280ed6cf9fd9c65,9bd51c1d07e66c75,matchbook,1.48,2026-09-29T20:11:50.324947+00:00,2026-09-29T20:11:51.841749+00:00,348.1,,REJECT,tennis_predictions/price_snapshots.csv
0abbbdc006ce1301,9bd51c1d07e66c75,paddypower,1.44,2026-09-29T20:11:50.324947+00:00,2026-09-29T20:11:51.841749+00:00,348.1,-0.03259936000000002,REJECT,tennis_predictions/price_snapshots.csv
48462303615fb99d,9bd51c1d07e66c75,skybet,1.44,2026-09-29T20:11:50.324947+00:00,2026-09-29T20:11:51.841749+00:00,348.1,-0.03259936000000002,REJECT,tennis_predictions/price_snapshots.csv
281a21498bc446ab,9bd51c1d07e66c75,smarkets,1.47,2026-09-29T20:11:50.324947+00:00,2026-09-29T20:11:51.841749+00:00,348.1,-0.018760156400000005,REJECT,tennis_predictions/price_snapshots.csv
6da12c19e6ee7bd4,9bd51c1d07e66c75,sport888,1.44,2026-09-29T20:11:50.324947+00:00,2026-09-29T20:11:51.841749+00:00,348.1,-0.03259936000000002,REJECT,tennis_predictions/price_snapshots.csv
a358718060106de3,9bd51c1d07e66c75,unibet_uk,1.44,2026-09-29T20:11:50.324947+00:00,2026-09-29T20:11:51.841749+00:00,348.1,-0.03259936000000002,REJECT,tennis_predictions/price_snapshots.csv
324b31dc403a17bb,9bd51c1d07e66c75,virginbet,1.44,2026-09-29T20:11:50.324947+00:00,2026-09-29T20:11:51.841749+00:00,348.1,-0.03259936000000002,REJECT,tennis_predictions/price_snapshots.csv
210580298793ee1e,9bd51c1d07e66c75,williamhill,1.44,2026-09-29T20:11:50.324947+00:00,2026-09-29T20:11:51.841749+00:00,348.1,-0.03259936000000002,REJECT,tennis_predictions/price_snapshots.csv
72e1cd298a57ee0a,bc953242e8ebd575,betfair_ex_uk,1.69,2026-09-29T20:11:50.324947+00:00,2026-09-29T20:11:51.841749+00:00,1908.1,-0.037311850499999966,REJECT,tennis_predictions/price_snapshots.csv
09898b6816df901f,bc953242e8ebd575,betano_uk,1.53,2026-09-29T20:11:50.324947+00:00,2026-09-29T20:11:51.841749+00:00,1908.1,-0.1102912299999999,REJECT,tennis_predictions/price_snapshots.csv
c860f68504c74591,bc953242e8ebd575,betvictor,1.53,2026-09-29T20:11:50.324947+00:00,2026-09-29T20:11:51.841749+00:00,1908.1,-0.1102912299999999,REJECT,tennis_predictions/price_snapshots.csv
c0c5ca1860008139,bc953242e8ebd575,betway,1.65,2026-09-29T20:11:50.324947+00:00,2026-09-29T20:11:51.841749+00:00,1908.1,-0.04051014999999997,REJECT,tennis_predictions/price_snapshots.csv
71f746eb09ba24a8,bc953242e8ebd575,boylesports,1.57,2026-09-29T20:11:50.324947+00:00,2026-09-29T20:11:51.841749+00:00,1908.1,-0.08703086999999987,REJECT,tennis_predictions/price_snapshots.csv
bb29b9bd01d85835,bc953242e8ebd575,casumo,1.57,2026-09-29T20:11:50.324947+00:00,2026-09-29T20:11:51.841749+00:00,1908.1,-0.08703086999999987,REJECT,tennis_predictions/price_snapshots.csv
ae0e9750355fa971,bc953242e8ebd575,coral,1.6,2026-09-29T20:11:50.324947+00:00,2026-09-29T20:11:51.841749+00:00,1908.1,-0.06958559999999986,REJECT,tennis_predictions/price_snapshots.csv
697c53d79a2c6a77,bc953242e8ebd575,grosvenor,1.57,2026-09-29T20:11:50.324947+00:00,2026-09-29T20:11:51.841749+00:00,1908.1,-0.08703086999999987,REJECT,tennis_predictions/price_snapshots.csv
db9119505e2a34ae,bc953242e8ebd575,ladbrokes_uk,1.6,2026-09-29T20:11:50.324947+00:00,2026-09-29T20:11:51.841749+00:00,1908.1,-0.06958559999999986,REJECT,tennis_predictions/price_snapshots.csv
770ac96b87c19dd5,bc953242e8ebd575,leovegas,1.6,2026-09-29T20:11:50.324947+00:00,2026-09-29T20:11:51.841749+00:00,1908.1,-0.06958559999999986,REJECT,tennis_predictions/price_snapshots.csv
8226b2dc81742676,bc953242e8ebd575,livescorebet,1.58,2026-09-29T20:11:50.324947+00:00,2026-09-29T20:11:51.841749+00:00,1908.1,-0.08121577999999985,REJECT,tennis_predictions/price_snapshots.csv
c3780c15b2790f1d,bc953242e8ebd575,matchbook,1.69,2026-09-29T20:11:50.324947+00:00,2026-09-29T20:11:51.841749+00:00,1908.1,,REJECT,tennis_predictions/price_snapshots.csv
d554c681da793cb4,bc953242e8ebd575,paddypower,1.62,2026-09-29T20:11:50.324947+00:00,2026-09-29T20:11:51.841749+00:00,1908.1,-0.05795541999999987,REJECT,tennis_predictions/price_snapshots.csv
bb888d0f4cedeb68,bc953242e8ebd575,skybet,1.62,2026-09-29T20:11:50.324947+00:00,2026-09-29T20:11:51.841749+00:00,1908.1,-0.05795541999999987,REJECT,tennis_predictions/price_snapshots.csv
d30cf931ef0d44b3,bc953242e8ebd575,smarkets,1.61,2026-09-29T20:11:50.324947+00:00,2026-09-29T20:11:51.841749+00:00,1908.1,-0.07086491979999987,REJECT,tennis_predictions/price_snapshots.csv
4625fef754ed59df,bc953242e8ebd575,sport888,1.67,2026-09-29T20:11:50.324947+00:00,2026-09-29T20:11:51.841749+00:00,1908.1,-0.028879969999999977,REJECT,tennis_predictions/price_snapshots.csv
a17b7fc8bb87330d,bc953242e8ebd575,unibet_uk,1.6,2026-09-29T20:11:50.324947+00:00,2026-09-29T20:11:51.841749+00:00,1908.1,-0.06958559999999986,REJECT,tennis_predictions/price_snapshots.csv
a98e7a629dff65dd,bc953242e8ebd575,virginbet,1.58,2026-09-29T20:11:50.324947+00:00,2026-09-29T20:11:51.841749+00:00,1908.1,-0.08121577999999985,REJECT,tennis_predictions/price_snapshots.csv
ab40d7bb350a4843,4f203c8e6eaf4fdb,betfair_ex_uk,1.96,2026-09-29T20:11:50.324947+00:00,2026-09-29T20:11:51.841749+00:00,1908.1,-0.034440000000000026,REJECT,tennis_predictions/price_snapshots.csv
8a8f7f33c4174c20,4f203c8e6eaf4fdb,betano_uk,1.83,2026-09-29T20:11:50.324947+00:00,2026-09-29T20:11:51.841749+00:00,1908.1,-0.07584999999999997,REJECT,tennis_predictions/price_snapshots.csv
7d5fdd452bd6b763,4f203c8e6eaf4fdb,betvictor,1.83,2026-09-29T20:11:50.324947+00:00,2026-09-29T20:11:51.841749+00:00,1908.1,-0.07584999999999997,REJECT,tennis_predictions/price_snapshots.csv
d0f44f753d8e78a0,4f203c8e6eaf4fdb,betway,1.95,2026-09-29T20:11:50.324947+00:00,2026-09-29T20:11:51.841749+00:00,1908.1,-0.015250000000000041,REJECT,tennis_predictions/price_snapshots.csv
94180c7e96a6101c,4f203c8e6eaf4fdb,boylesports,1.91,2026-09-29T20:11:50.324947+00:00,2026-09-29T20:11:51.841749+00:00,1908.1,-0.03545000000000004,REJECT,tennis_predictions/price_snapshots.csv
23b0e82e30899b22,4f203c8e6eaf4fdb,casumo,1.85,2026-09-29T20:11:50.324947+00:00,2026-09-29T20:11:51.841749+00:00,1908.1,-0.06574999999999992,REJECT,tennis_predictions/price_snapshots.csv
7351a6265584270c,4f203c8e6eaf4fdb,coral,1.83,2026-09-29T20:11:50.324947+00:00,2026-09-29T20:11:51.841749+00:00,1908.1,-0.07584999999999997,REJECT,tennis_predictions/price_snapshots.csv
60951b5bf9b50841,4f203c8e6eaf4fdb,grosvenor,1.85,2026-09-29T20:11:50.324947+00:00,2026-09-29T20:11:51.841749+00:00,1908.1,-0.06574999999999992,REJECT,tennis_predictions/price_snapshots.csv
121d4e9a95f3c7ba,4f203c8e6eaf4fdb,ladbrokes_uk,1.83,2026-09-29T20:11:50.324947+00:00,2026-09-29T20:11:51.841749+00:00,1908.1,-0.07584999999999997,REJECT,tennis_predictions/price_snapshots.csv
7730ea1dc707e48a,4f203c8e6eaf4fdb,leovegas,1.83,2026-09-29T20:11:50.324947+00:00,2026-09-29T20:11:51.841749+00:00,1908.1,-0.07584999999999997,REJECT,tennis_predictions/price_snapshots.csv
e02b8de03a2bb86b,4f203c8e6eaf4fdb,livescorebet,1.85,2026-09-29T20:11:50.324947+00:00,2026-09-29T20:11:51.841749+00:00,1908.1,-0.06574999999999992,REJECT,tennis_predictions/price_snapshots.csv
e62cd0a2ac3def46,4f203c8e6eaf4fdb,matchbook,1.96,2026-09-29T20:11:50.324947+00:00,2026-09-29T20:11:51.841749+00:00,1908.1,,REJECT,tennis_predictions/price_snapshots.csv
863063a682573c7d,4f203c8e6eaf4fdb,paddypower,1.83,2026-09-29T20:11:50.324947+00:00,2026-09-29T20:11:51.841749+00:00,1908.1,-0.07584999999999997,REJECT,tennis_predictions/price_snapshots.csv
b9f9f0fa3c58624c,4f203c8e6eaf4fdb,skybet,1.83,2026-09-29T20:11:50.324947+00:00,2026-09-29T20:11:51.841749+00:00,1908.1,-0.07584999999999997,REJECT,tennis_predictions/price_snapshots.csv
0e542f1d45d7c1c2,4f203c8e6eaf4fdb,smarkets,1.81,2026-09-29T20:11:50.324947+00:00,2026-09-29T20:11:51.841749+00:00,1908.1,-0.09413099999999996,REJECT,tennis_predictions/price_snapshots.csv
a60672ca3c4e5076,4f203c8e6eaf4fdb,sport888,1.91,2026-09-29T20:11:50.324947+00:00,2026-09-29T20:11:51.841749+00:00,1908.1,-0.03545000000000004,REJECT,tennis_predictions/price_snapshots.csv
82c82830968e9c20,4f203c8e6eaf4fdb,unibet_uk,1.81,2026-09-29T20:11:50.324947+00:00,2026-09-29T20:11:51.841749+00:00,1908.1,-0.08594999999999997,REJECT,tennis_predictions/price_snapshots.csv
bd50ed6aacf08836,4f203c8e6eaf4fdb,virginbet,1.85,2026-09-29T20:11:50.324947+00:00,2026-09-29T20:11:51.841749+00:00,1908.1,-0.06574999999999992,REJECT,tennis_predictions/price_snapshots.csv
4763072dcc037197,4f203c8e6eaf4fdb,williamhill,1.91,2026-09-29T20:11:50.324947+00:00,2026-09-29T20:11:51.841749+00:00,1908.1,-0.03545000000000004,REJECT,tennis_predictions/price_snapshots.csv
0d33ad6a993afec0,b0de82088c8ca6f1,betfair_ex_uk,1.33,2026-09-29T20:11:50.324947+00:00,2026-09-29T20:11:51.841749+00:00,1908.1,-0.02425733049999998,REJECT,tennis_predictions/price_snapshots.csv
0d79972891f40266,b0de82088c8ca6f1,betano_uk,1.29,2026-09-29T20:11:50.324947+00:00,2026-09-29T20:11:51.841749+00:00,1908.1,-0.041714469999999976,REJECT,tennis_predictions/price_snapshots.csv
50c999893708a2f9,b0de82088c8ca6f1,betvictor,1.29,2026-09-29T20:11:50.324947+00:00,2026-09-29T20:11:51.841749+00:00,1908.1,-0.041714469999999976,REJECT,tennis_predictions/price_snapshots.csv
b997d162630a8963,b0de82088c8ca6f1,betway,1.3,2026-09-29T20:11:50.324947+00:00,2026-09-29T20:11:51.841749+00:00,1908.1,-0.03428589999999998,REJECT,tennis_predictions/price_snapshots.csv
3a276662e0b2eb64,b0de82088c8ca6f1,boylesports,1.3,2026-09-29T20:11:50.324947+00:00,2026-09-29T20:11:51.841749+00:00,1908.1,-0.03428589999999998,REJECT,tennis_predictions/price_snapshots.csv
47267eef985937b9,b0de82088c8ca6f1,casumo,1.33,2026-09-29T20:11:50.324947+00:00,2026-09-29T20:11:51.841749+00:00,1908.1,-0.012000189999999966,REJECT,tennis_predictions/price_snapshots.csv
f246179d32063f13,b0de82088c8ca6f1,coral,1.28,2026-09-29T20:11:50.324947+00:00,2026-09-29T20:11:51.841749+00:00,1908.1,-0.04914304,REJECT,tennis_predictions/price_snapshots.csv
899e20c654e5cc77,b0de82088c8ca6f1,grosvenor,1.33,2026-09-29T20:11:50.324947+00:00,2026-09-29T20:11:51.841749+00:00,1908.1,-0.012000189999999966,REJECT,tennis_predictions/price_snapshots.csv
f395d558649638a0,b0de82088c8ca6f1,ladbrokes_uk,1.28,2026-09-29T20:11:50.324947+00:00,2026-09-29T20:11:51.841749+00:00,1908.1,-0.04914304,REJECT,tennis_predictions/price_snapshots.csv
98e216266c0c74b9,b0de82088c8ca6f1,leovegas,1.28,2026-09-29T20:11:50.324947+00:00,2026-09-29T20:11:51.841749+00:00,1908.1,-0.04914304,REJECT,tennis_predictions/price_snapshots.csv
2cdd87f677bb8809,b0de82088c8ca6f1,livescorebet,1.33,2026-09-29T20:11:50.324947+00:00,2026-09-29T20:11:51.841749+00:00,1908.1,-0.012000189999999966,REJECT,tennis_predictions/price_snapshots.csv
3794d62290beb428,b0de82088c8ca6f1,matchbook,1.33,2026-09-29T20:11:50.324947+00:00,2026-09-29T20:11:51.841749+00:00,1908.1,,REJECT,tennis_predictions/price_snapshots.csv
1ac3ea8cbec1066f,b0de82088c8ca6f1,paddypower,1.25,2026-09-29T20:11:50.324947+00:00,2026-09-29T20:11:51.841749+00:00,1908.1,-0.07142875000000001,REJECT,tennis_predictions/price_snapshots.csv
9131a5976ceb65ea,b0de82088c8ca6f1,skybet,1.25,2026-09-29T20:11:50.324947+00:00,2026-09-29T20:11:51.841749+00:00,1908.1,-0.07142875000000001,REJECT,tennis_predictions/price_snapshots.csv
cd4f45b20fa0fee9,b0de82088c8ca6f1,smarkets,1.3,2026-09-29T20:11:50.324947+00:00,2026-09-29T20:11:51.841749+00:00,1908.1,-0.03874304199999998,REJECT,tennis_predictions/price_snapshots.csv
5566f5fca7f5d5e5,b0de82088c8ca6f1,sport888,1.3,2026-09-29T20:11:50.324947+00:00,2026-09-29T20:11:51.841749+00:00,1908.1,-0.03428589999999998,REJECT,tennis_predictions/price_snapshots.csv
151e8ba61294e076,b0de82088c8ca6f1,unibet_uk,1.28,2026-09-29T20:11:50.324947+00:00,2026-09-29T20:11:51.841749+00:00,1908.1,-0.04914304,REJECT,tennis_predictions/price_snapshots.csv
ed215e1b7ffef00f,b0de82088c8ca6f1,virginbet,1.33,2026-09-29T20:11:50.324947+00:00,2026-09-29T20:11:51.841749+00:00,1908.1,-0.012000189999999966,REJECT,tennis_predictions/price_snapshots.csv
94baccd5f7ef9638,b0de82088c8ca6f1,williamhill,1.3,2026-09-29T20:11:50.324947+00:00,2026-09-29T20:11:51.841749+00:00,1908.1,-0.03428589999999998,REJECT,tennis_predictions/price_snapshots.csv
e079dd470a16a4eb,a02deac1f4ebb391,betfair_ex_uk,1.64,2026-09-29T20:11:50.324947+00:00,2026-09-29T20:11:51.841749+00:00,1908.1,-0.03058343200000002,REJECT,tennis_predictions/price_snapshots.csv
6697f5ca84b0ee54,a02deac1f4ebb391,betano_uk,1.6,2026-09-29T20:11:50.324947+00:00,2026-09-29T20:11:51.841749+00:00,1908.1,-0.035406399999999894,REJECT,tennis_predictions/price_snapshots.csv
26fc48c75535779b,a02deac1f4ebb391,betvictor,1.6,2026-09-29T20:11:50.324947+00:00,2026-09-29T20:11:51.841749+00:00,1908.1,-0.035406399999999894,REJECT,tennis_predictions/price_snapshots.csv
66d70121854e5c7a,a02deac1f4ebb391,betway,1.6,2026-09-29T20:11:50.324947+00:00,2026-09-29T20:11:51.841749+00:00,1908.1,-0.035406399999999894,REJECT,tennis_predictions/price_snapshots.csv
ab4c7834c1130718,a02deac1f4ebb391,boylesports,1.62,2026-09-29T20:11:50.324947+00:00,2026-09-29T20:11:51.841749+00:00,1908.1,-0.023348979999999853,REJECT,tennis_predictions/price_snapshots.csv
11a2a625db12aa5b,a02deac1f4ebb391,casumo,1.6,2026-09-29T20:11:50.324947+00:00,2026-09-29T20:11:51.841749+00:00,1908.1,-0.035406399999999894,REJECT,tennis_predictions/price_snapshots.csv
57df38b57f42d932,a02deac1f4ebb391,coral,1.6,2026-09-29T20:11:50.324947+00:00,2026-09-29T20:11:51.841749+00:00,1908.1,-0.035406399999999894,REJECT,tennis_predictions/price_snapshots.csv
91c767fa8b87ac08,a02deac1f4ebb391,grosvenor,1.6,2026-09-29T20:11:50.324947+00:00,2026-09-29T20:11:51.841749+00:00,1908.1,-0.035406399999999894,REJECT,tennis_predictions/price_snapshots.csv
a8771cc506b21150,a02deac1f4ebb391,ladbrokes_uk,1.6,2026-09-29T20:11:50.324947+00:00,2026-09-29T20:11:51.841749+00:00,1908.1,-0.035406399999999894,REJECT,tennis_predictions/price_snapshots.csv
5a0fc32a6ae62d46,a02deac1f4ebb391,leovegas,1.57,2026-09-29T20:11:50.324947+00:00,2026-09-29T20:11:51.841749+00:00,1908.1,-0.05349252999999987,REJECT,tennis_predictions/price_snapshots.csv
041e541af8b6de71,a02deac1f4ebb391,livescorebet,1.6,2026-09-29T20:11:50.324947+00:00,2026-09-29T20:11:51.841749+00:00,1908.1,-0.035406399999999894,REJECT,tennis_predictions/price_snapshots.csv
582b0b9b59438d86,a02deac1f4ebb391,matchbook,1.62,2026-09-29T20:11:50.324947+00:00,2026-09-29T20:11:51.841749+00:00,1908.1,,REJECT,tennis_predictions/price_snapshots.csv
429f61e86362bfb5,a02deac1f4ebb391,paddypower,1.62,2026-09-29T20:11:50.324947+00:00,2026-09-29T20:11:51.841749+00:00,1908.1,-0.023348979999999853,REJECT,tennis_predictions/price_snapshots.csv
b68008d63293be87,a02deac1f4ebb391,skybet,1.62,2026-09-29T20:11:50.324947+00:00,2026-09-29T20:11:51.841749+00:00,1908.1,-0.023348979999999853,REJECT,tennis_predictions/price_snapshots.csv
683e70f5d5159cab,a02deac1f4ebb391,smarkets,1.55,2026-09-29T20:11:50.324947+00:00,2026-09-29T20:11:51.841749+00:00,1908.1,-0.07218153099999991,REJECT,tennis_predictions/price_snapshots.csv
316fb98802b3dc05,a02deac1f4ebb391,sport888,1.67,2026-09-29T20:11:50.324947+00:00,2026-09-29T20:11:51.841749+00:00,1908.1,0.006794570000000055,REJECT,tennis_predictions/price_snapshots.csv
16a9fc5dbeb2abd8,a02deac1f4ebb391,unibet_uk,1.6,2026-09-29T20:11:50.324947+00:00,2026-09-29T20:11:51.841749+00:00,1908.1,-0.035406399999999894,REJECT,tennis_predictions/price_snapshots.csv
8b2275f148c494c2,a02deac1f4ebb391,virginbet,1.6,2026-09-29T20:11:50.324947+00:00,2026-09-29T20:11:51.841749+00:00,1908.1,-0.035406399999999894,REJECT,tennis_predictions/price_snapshots.csv
ab03f774acf4e9d6,6c01431d7e35a779,betfair_ex_uk,1.44,2026-09-29T20:11:50.324947+00:00,2026-09-29T20:11:51.841749+00:00,1908.1,-0.027613589999999966,REJECT,tennis_predictions/price_snapshots.csv
a49ad61640b45bb2,6c01431d7e35a779,betano_uk,1.4,2026-09-29T20:11:50.324947+00:00,2026-09-29T20:11:51.841749+00:00,1908.1,-0.039956999999999965,REJECT,tennis_predictions/price_snapshots.csv
bd3fad20d95e009f,6c01431d7e35a779,betvictor,1.4,2026-09-29T20:11:50.324947+00:00,2026-09-29T20:11:51.841749+00:00,1908.1,-0.039956999999999965,REJECT,tennis_predictions/price_snapshots.csv
e8d834886c45226e,6c01431d7e35a779,betway,1.4,2026-09-29T20:11:50.324947+00:00,2026-09-29T20:11:51.841749+00:00,1908.1,-0.039956999999999965,REJECT,tennis_predictions/price_snapshots.csv
2e2f6ff699cba36e,6c01431d7e35a779,boylesports,1.4,2026-09-29T20:11:50.324947+00:00,2026-09-29T20:11:51.841749+00:00,1908.1,-0.039956999999999965,REJECT,tennis_predictions/price_snapshots.csv
4176fedef93bdb8c,6c01431d7e35a779,casumo,1.43,2026-09-29T20:11:50.324947+00:00,2026-09-29T20:11:51.841749+00:00,1908.1,-0.019384649999999948,REJECT,tennis_predictions/price_snapshots.csv
724913ece8422668,6c01431d7e35a779,coral,1.4,2026-09-29T20:11:50.324947+00:00,2026-09-29T20:11:51.841749+00:00,1908.1,-0.039956999999999965,REJECT,tennis_predictions/price_snapshots.csv
48a2692d7f736194,6c01431d7e35a779,grosvenor,1.43,2026-09-29T20:11:50.324947+00:00,2026-09-29T20:11:51.841749+00:00,1908.1,-0.019384649999999948,REJECT,tennis_predictions/price_snapshots.csv
5c48fe7ddfc36222,6c01431d7e35a779,ladbrokes_uk,1.4,2026-09-29T20:11:50.324947+00:00,2026-09-29T20:11:51.841749+00:00,1908.1,-0.039956999999999965,REJECT,tennis_predictions/price_snapshots.csv
34cb94f57a0cc9c8,6c01431d7e35a779,leovegas,1.38,2026-09-29T20:11:50.324947+00:00,2026-09-29T20:11:51.841749+00:00,1908.1,-0.053671899999999995,REJECT,tennis_predictions/price_snapshots.csv
064f5c7f69a1df70,6c01431d7e35a779,livescorebet,1.43,2026-09-29T20:11:50.324947+00:00,2026-09-29T20:11:51.841749+00:00,1908.1,-0.019384649999999948,REJECT,tennis_predictions/price_snapshots.csv
3477f80b831746a8,6c01431d7e35a779,matchbook,1.43,2026-09-29T20:11:50.324947+00:00,2026-09-29T20:11:51.841749+00:00,1908.1,,REJECT,tennis_predictions/price_snapshots.csv
0cdc0cc19c5f1e7f,6c01431d7e35a779,paddypower,1.4,2026-09-29T20:11:50.324947+00:00,2026-09-29T20:11:51.841749+00:00,1908.1,-0.039956999999999965,REJECT,tennis_predictions/price_snapshots.csv
2d644e46199b2b66,6c01431d7e35a779,skybet,1.4,2026-09-29T20:11:50.324947+00:00,2026-09-29T20:11:51.841749+00:00,1908.1,-0.039956999999999965,REJECT,tennis_predictions/price_snapshots.csv
cb160c5b74fb209a,6c01431d7e35a779,smarkets,1.37,2026-09-29T20:11:50.324947+00:00,2026-09-29T20:11:51.841749+00:00,1908.1,-0.06560386299999987,REJECT,tennis_predictions/price_snapshots.csv
353df536a45ef594,6c01431d7e35a779,sport888,1.4,2026-09-29T20:11:50.324947+00:00,2026-09-29T20:11:51.841749+00:00,1908.1,-0.039956999999999965,REJECT,tennis_predictions/price_snapshots.csv
39c1dd6927b7ec2b,6c01431d7e35a779,unibet_uk,1.4,2026-09-29T20:11:50.324947+00:00,2026-09-29T20:11:51.841749+00:00,1908.1,-0.039956999999999965,REJECT,tennis_predictions/price_snapshots.csv
343557ab741ac4f3,6c01431d7e35a779,virginbet,1.43,2026-09-29T20:11:50.324947+00:00,2026-09-29T20:11:51.841749+00:00,1908.1,-0.019384649999999948,REJECT,tennis_predictions/price_snapshots.csv
9338b1bd1d08139d,3239736eda27b679,betfair_ex_uk,1.55,2026-09-29T20:11:50.324947+00:00,2026-09-29T20:11:51.841749+00:00,1908.1,-0.02475805749999993,REJECT,tennis_predictions/price_snapshots.csv
e8d34f9aec4cc90c,3239736eda27b679,betano_uk,1.53,2026-09-29T20:11:50.324947+00:00,2026-09-29T20:11:51.841749+00:00,1908.1,-0.019953909999999908,REJECT,tennis_predictions/price_snapshots.csv
30d244965e16d008,3239736eda27b679,betvictor,1.53,2026-09-29T20:11:50.324947+00:00,2026-09-29T20:11:51.841749+00:00,1908.1,-0.019953909999999908,REJECT,tennis_predictions/price_snapshots.csv
2742454d5b9cd56a,3239736eda27b679,betway,1.45,2026-09-29T20:11:50.324947+00:00,2026-09-29T20:11:51.841749+00:00,1908.1,-0.07119814999999996,REJECT,tennis_predictions/price_snapshots.csv
15eb52c465b2806e,3239736eda27b679,boylesports,1.5,2026-09-29T20:11:50.324947+00:00,2026-09-29T20:11:51.841749+00:00,1908.1,-0.03917049999999994,REJECT,tennis_predictions/price_snapshots.csv
d78dcbac3f105323,3239736eda27b679,casumo,1.5,2026-09-29T20:11:50.324947+00:00,2026-09-29T20:11:51.841749+00:00,1908.1,-0.03917049999999994,REJECT,tennis_predictions/price_snapshots.csv
c9a33021aa5cd75f,3239736eda27b679,coral,1.48,2026-09-29T20:11:50.324947+00:00,2026-09-29T20:11:51.841749+00:00,1908.1,-0.05198155999999993,REJECT,tennis_predictions/price_snapshots.csv
1033b9536e460932,3239736eda27b679,grosvenor,1.5,2026-09-29T20:11:50.324947+00:00,2026-09-29T20:11:51.841749+00:00,1908.1,-0.03917049999999994,REJECT,tennis_predictions/price_snapshots.csv
f0603cc00b291bd6,3239736eda27b679,ladbrokes_uk,1.48,2026-09-29T20:11:50.324947+00:00,2026-09-29T20:11:51.841749+00:00,1908.1,-0.05198155999999993,REJECT,tennis_predictions/price_snapshots.csv
ac5c137b1f1e8252,3239736eda27b679,leovegas,1.45,2026-09-29T20:11:50.324947+00:00,2026-09-29T20:11:51.841749+00:00,1908.1,-0.07119814999999996,REJECT,tennis_predictions/price_snapshots.csv
0c94cc70d23ce94c,3239736eda27b679,livescorebet,1.5,2026-09-29T20:11:50.324947+00:00,2026-09-29T20:11:51.841749+00:00,1908.1,-0.03917049999999994,REJECT,tennis_predictions/price_snapshots.csv
27d527da08fe6bd1,3239736eda27b679,matchbook,1.53,2026-09-29T20:11:50.324947+00:00,2026-09-29T20:11:51.841749+00:00,1908.1,,REJECT,tennis_predictions/price_snapshots.csv
47e9ca98f71647b3,3239736eda27b679,paddypower,1.5,2026-09-29T20:11:50.324947+00:00,2026-09-29T20:11:51.841749+00:00,1908.1,-0.03917049999999994,REJECT,tennis_predictions/price_snapshots.csv
ce70c16dbf966cc0,3239736eda27b679,skybet,1.5,2026-09-29T20:11:50.324947+00:00,2026-09-29T20:11:51.841749+00:00,1908.1,-0.03917049999999994,REJECT,tennis_predictions/price_snapshots.csv
23641cffadc626e2,3239736eda27b679,smarkets,1.49,2026-09-29T20:11:50.324947+00:00,2026-09-29T20:11:51.841749+00:00,1908.1,-0.05185344939999992,REJECT,tennis_predictions/price_snapshots.csv
877fc3ada2fae01f,3239736eda27b679,sport888,1.5,2026-09-29T20:11:50.324947+00:00,2026-09-29T20:11:51.841749+00:00,1908.1,-0.03917049999999994,REJECT,tennis_predictions/price_snapshots.csv
2232a92c3f04ae8d,3239736eda27b679,unibet_uk,1.48,2026-09-29T20:11:50.324947+00:00,2026-09-29T20:11:51.841749+00:00,1908.1,-0.05198155999999993,REJECT,tennis_predictions/price_snapshots.csv
9164efa1da37a629,3239736eda27b679,virginbet,1.5,2026-09-29T20:11:50.324947+00:00,2026-09-29T20:11:51.841749+00:00,1908.1,-0.03917049999999994,REJECT,tennis_predictions/price_snapshots.csv
dbe5bc612e25c12c,6d63d0e3d38c1e59,betfair_ex_uk,1.91,2026-09-29T20:11:50.324947+00:00,2026-09-29T20:11:51.841749+00:00,1908.1,-0.035121250000000104,REJECT,tennis_predictions/price_snapshots.csv
bdf419b472e553ca,6d63d0e3d38c1e59,betano_uk,1.73,2026-09-29T20:11:50.324947+00:00,2026-09-29T20:11:51.841749+00:00,1908.1,-0.10472500000000007,REJECT,tennis_predictions/price_snapshots.csv
eb8bc7758713f127,6d63d0e3d38c1e59,betvictor,1.73,2026-09-29T20:11:50.324947+00:00,2026-09-29T20:11:51.841749+00:00,1908.1,-0.10472500000000007,REJECT,tennis_predictions/price_snapshots.csv
121be91fdc12e635,6d63d0e3d38c1e59,betway,1.85,2026-09-29T20:11:50.324947+00:00,2026-09-29T20:11:51.841749+00:00,1908.1,-0.042625000000000024,REJECT,tennis_predictions/price_snapshots.csv
60c5208df2cd60c0,6d63d0e3d38c1e59,boylesports,1.83,2026-09-29T20:11:50.324947+00:00,2026-09-29T20:11:51.841749+00:00,1908.1,-0.05297500000000005,REJECT,tennis_predictions/price_snapshots.csv
50e52a36301a165c,6d63d0e3d38c1e59,casumo,1.87,2026-09-29T20:11:50.324947+00:00,2026-09-29T20:11:51.841749+00:00,1908.1,-0.032275,REJECT,tennis_predictions/price_snapshots.csv
4c80bf0a3b4872fa,6d63d0e3d38c1e59,coral,1.8,2026-09-29T20:11:50.324947+00:00,2026-09-29T20:11:51.841749+00:00,1908.1,-0.06850000000000006,REJECT,tennis_predictions/price_snapshots.csv
028bd77b89141971,6d63d0e3d38c1e59,grosvenor,1.87,2026-09-29T20:11:50.324947+00:00,2026-09-29T20:11:51.841749+00:00,1908.1,-0.032275,REJECT,tennis_predictions/price_snapshots.csv
84e7ac2db1e3ed3e,6d63d0e3d38c1e59,ladbrokes_uk,1.8,2026-09-29T20:11:50.324947+00:00,2026-09-29T20:11:51.841749+00:00,1908.1,-0.06850000000000006,REJECT,tennis_predictions/price_snapshots.csv
1e8f654dc7660da8,6d63d0e3d38c1e59,leovegas,1.83,2026-09-29T20:11:50.324947+00:00,2026-09-29T20:11:51.841749+00:00,1908.1,-0.05297500000000005,REJECT,tennis_predictions/price_snapshots.csv
83c933289050217f,6d63d0e3d38c1e59,livescorebet,1.87,2026-09-29T20:11:50.324947+00:00,2026-09-29T20:11:51.841749+00:00,1908.1,-0.032275,REJECT,tennis_predictions/price_snapshots.csv
fd39f3d99940406b,6d63d0e3d38c1e59,matchbook,1.87,2026-09-29T20:11:50.324947+00:00,2026-09-29T20:11:51.841749+00:00,1908.1,,REJECT,tennis_predictions/price_snapshots.csv
95cedec52dec68b7,6d63d0e3d38c1e59,paddypower,1.83,2026-09-29T20:11:50.324947+00:00,2026-09-29T20:11:51.841749+00:00,1908.1,-0.05297500000000005,REJECT,tennis_predictions/price_snapshots.csv
a1f0f8bf05e324d0,6d63d0e3d38c1e59,skybet,1.83,2026-09-29T20:11:50.324947+00:00,2026-09-29T20:11:51.841749+00:00,1908.1,-0.05297500000000005,REJECT,tennis_predictions/price_snapshots.csv
db6dba54d367dc7c,6d63d0e3d38c1e59,smarkets,1.75,2026-09-29T20:11:50.324947+00:00,2026-09-29T20:11:51.841749+00:00,1908.1,-0.1021375000000001,REJECT,tennis_predictions/price_snapshots.csv
ed025f20c2528fb1,6d63d0e3d38c1e59,sport888,1.85,2026-09-29T20:11:50.324947+00:00,2026-09-29T20:11:51.841749+00:00,1908.1,-0.042625000000000024,REJECT,tennis_predictions/price_snapshots.csv
734d8c23ec34220a,6d63d0e3d38c1e59,unibet_uk,1.81,2026-09-29T20:11:50.324947+00:00,2026-09-29T20:11:51.841749+00:00,1908.1,-0.06332500000000002,REJECT,tennis_predictions/price_snapshots.csv
c89853c16e82b20d,6d63d0e3d38c1e59,virginbet,1.87,2026-09-29T20:11:50.324947+00:00,2026-09-29T20:11:51.841749+00:00,1908.1,-0.032275,REJECT,tennis_predictions/price_snapshots.csv
89a0a4c12beb9fd5,23fc85e598be4e28,betfair_ex_uk,1.74,2026-09-29T20:11:50.324947+00:00,2026-09-29T20:11:51.841749+00:00,348.1,-0.03043952500000008,REJECT,tennis_predictions/price_snapshots.csv
a9d3ea2c6486d9fd,23fc85e598be4e28,betano_uk,1.61,2026-09-29T20:11:50.324947+00:00,2026-09-29T20:11:51.841749+00:00,348.1,-0.08338675000000001,REJECT,tennis_predictions/price_snapshots.csv
f415d10bf16da507,23fc85e598be4e28,betfair_sb_uk,1.62,2026-09-29T20:11:50.324947+00:00,2026-09-29T20:11:51.841749+00:00,348.1,-0.07769349999999997,REJECT,tennis_predictions/price_snapshots.csv
85a2dbb0a5833662,23fc85e598be4e28,betvictor,1.61,2026-09-29T20:11:50.324947+00:00,2026-09-29T20:11:51.841749+00:00,348.1,-0.08338675000000001,REJECT,tennis_predictions/price_snapshots.csv
1ffa5105a2cf78c0,23fc85e598be4e28,betway,1.65,2026-09-29T20:11:50.324947+00:00,2026-09-29T20:11:51.841749+00:00,348.1,-0.06061375000000008,REJECT,tennis_predictions/price_snapshots.csv
e12adbeaa4e61db5,23fc85e598be4e28,boylesports,1.67,2026-09-29T20:11:50.324947+00:00,2026-09-29T20:11:51.841749+00:00,348.1,-0.04922725000000011,REJECT,tennis_predictions/price_snapshots.csv
238c71bc9333cdb7,23fc85e598be4e28,casumo,1.64,2026-09-29T20:11:50.324947+00:00,2026-09-29T20:11:51.841749+00:00,348.1,-0.06630700000000012,REJECT,tennis_predictions/price_snapshots.csv
37bce6b690dc6cf4,23fc85e598be4e28,coral,1.6,2026-09-29T20:11:50.324947+00:00,2026-09-29T20:11:51.841749+00:00,348.1,-0.08907999999999999,REJECT,tennis_predictions/price_snapshots.csv
1ccda3dd22c0e660,23fc85e598be4e28,grosvenor,1.64,2026-09-29T20:11:50.324947+00:00,2026-09-29T20:11:51.841749+00:00,348.1,-0.06630700000000012,REJECT,tennis_predictions/price_snapshots.csv
3713a22724ee6674,23fc85e598be4e28,ladbrokes_uk,1.6,2026-09-29T20:11:50.324947+00:00,2026-09-29T20:11:51.841749+00:00,348.1,-0.08907999999999999,REJECT,tennis_predictions/price_snapshots.csv
13761fd62b6c3b65,23fc85e598be4e28,leovegas,1.62,2026-09-29T20:11:50.324947+00:00,2026-09-29T20:11:51.841749+00:00,348.1,-0.07769349999999997,REJECT,tennis_predictions/price_snapshots.csv
1fc858b3a9085683,23fc85e598be4e28,livescorebet,1.64,2026-09-29T20:11:50.324947+00:00,2026-09-29T20:11:51.841749+00:00,348.1,-0.06630700000000012,REJECT,tennis_predictions/price_snapshots.csv
3de7068f933c1638,23fc85e598be4e28,matchbook,1.72,2026-09-29T20:11:50.324947+00:00,2026-09-29T20:11:51.841749+00:00,348.1,,REJECT,tennis_predictions/price_snapshots.csv
6655f51f54b5917f,23fc85e598be4e28,paddypower,1.57,2026-09-29T20:11:50.324947+00:00,2026-09-29T20:11:51.841749+00:00,348.1,-0.10615975,REJECT,tennis_predictions/price_snapshots.csv
16fd0eb63b66d79b,23fc85e598be4e28,skybet,1.57,2026-09-29T20:11:50.324947+00:00,2026-09-29T20:11:51.841749+00:00,348.1,-0.10615975,REJECT,tennis_predictions/price_snapshots.csv
ee62592cb66b6edd,23fc85e598be4e28,sport888,1.67,2026-09-29T20:11:50.324947+00:00,2026-09-29T20:11:51.841749+00:00,348.1,-0.04922725000000011,REJECT,tennis_predictions/price_snapshots.csv
ce81b2d8b77de9c5,23fc85e598be4e28,unibet_uk,1.63,2026-09-29T20:11:50.324947+00:00,2026-09-29T20:11:51.841749+00:00,348.1,-0.0720002500000001,REJECT,tennis_predictions/price_snapshots.csv
f99099d59e58d4b9,23fc85e598be4e28,virginbet,1.64,2026-09-29T20:11:50.324947+00:00,2026-09-29T20:11:51.841749+00:00,348.1,-0.06630700000000012,REJECT,tennis_predictions/price_snapshots.csv
13bcaeb1ea99b7c4,23fc85e598be4e28,williamhill,1.67,2026-09-29T20:11:50.324947+00:00,2026-09-29T20:11:51.841749+00:00,348.1,-0.04922725000000011,REJECT,tennis_predictions/price_snapshots.csv
22c2aaa97531ecab,99c81ef1cc8db14b,betfair_ex_uk,1.4,2026-09-29T20:11:50.324947+00:00,2026-09-29T20:11:51.841749+00:00,348.1,-0.019360960000000094,REJECT,tennis_predictions/price_snapshots.csv
9fbd0ee28cd2ed1e,99c81ef1cc8db14b,betano_uk,1.36,2026-09-29T20:11:50.324947+00:00,2026-09-29T20:11:51.841749+00:00,348.1,-0.0335731199999999,REJECT,tennis_predictions/price_snapshots.csv
481d9f8090ac89d1,99c81ef1cc8db14b,betfair_sb_uk,1.36,2026-09-29T20:11:50.324947+00:00,2026-09-29T20:11:51.841749+00:00,348.1,-0.0335731199999999,REJECT,tennis_predictions/price_snapshots.csv
e5e476868ff244aa,99c81ef1cc8db14b,betvictor,1.36,2026-09-29T20:11:50.324947+00:00,2026-09-29T20:11:51.841749+00:00,348.1,-0.0335731199999999,REJECT,tennis_predictions/price_snapshots.csv
a82fb2211125a891,99c81ef1cc8db14b,betway,1.38,2026-09-29T20:11:50.324947+00:00,2026-09-29T20:11:51.841749+00:00,348.1,-0.019360960000000038,REJECT,tennis_predictions/price_snapshots.csv
1896c8dd660d812f,99c81ef1cc8db14b,boylesports,1.4,2026-09-29T20:11:50.324947+00:00,2026-09-29T20:11:51.841749+00:00,348.1,-0.0051488000000000644,REJECT,tennis_predictions/price_snapshots.csv
f67dc57bc06165f3,99c81ef1cc8db14b,casumo,1.36,2026-09-29T20:11:50.324947+00:00,2026-09-29T20:11:51.841749+00:00,348.1,-0.0335731199999999,REJECT,tennis_predictions/price_snapshots.csv
de16d3f4dc36ffc5,99c81ef1cc8db14b,coral,1.35,2026-09-29T20:11:50.324947+00:00,2026-09-29T20:11:51.841749+00:00,348.1,-0.040679199999999915,REJECT,tennis_predictions/price_snapshots.csv
d2323bb5d108b563,99c81ef1cc8db14b,grosvenor,1.36,2026-09-29T20:11:50.324947+00:00,2026-09-29T20:11:51.841749+00:00,348.1,-0.0335731199999999,REJECT,tennis_predictions/price_snapshots.csv
978a171670b5f4a7,99c81ef1cc8db14b,ladbrokes_uk,1.35,2026-09-29T20:11:50.324947+00:00,2026-09-29T20:11:51.841749+00:00,348.1,-0.040679199999999915,REJECT,tennis_predictions/price_snapshots.csv
6b3d5c5ff0800e52,99c81ef1cc8db14b,leovegas,1.38,2026-09-29T20:11:50.324947+00:00,2026-09-29T20:11:51.841749+00:00,348.1,-0.019360960000000038,REJECT,tennis_predictions/price_snapshots.csv
396523d72c4c6b98,99c81ef1cc8db14b,livescorebet,1.36,2026-09-29T20:11:50.324947+00:00,2026-09-29T20:11:51.841749+00:00,348.1,-0.0335731199999999,REJECT,tennis_predictions/price_snapshots.csv
3feb48172b8f823e,99c81ef1cc8db14b,matchbook,1.4,2026-09-29T20:11:50.324947+00:00,2026-09-29T20:11:51.841749+00:00,348.1,,REJECT,tennis_predictions/price_snapshots.csv
5ff900514d27a569,99c81ef1cc8db14b,paddypower,1.33,2026-09-29T20:11:50.324947+00:00,2026-09-29T20:11:51.841749+00:00,348.1,-0.05489135999999992,REJECT,tennis_predictions/price_snapshots.csv
cc7eff85629c62cc,99c81ef1cc8db14b,skybet,1.33,2026-09-29T20:11:50.324947+00:00,2026-09-29T20:11:51.841749+00:00,348.1,-0.05489135999999992,REJECT,tennis_predictions/price_snapshots.csv
2246cd4015617e91,99c81ef1cc8db14b,sport888,1.4,2026-09-29T20:11:50.324947+00:00,2026-09-29T20:11:51.841749+00:00,348.1,-0.0051488000000000644,REJECT,tennis_predictions/price_snapshots.csv
5b2e345aef51a6ff,99c81ef1cc8db14b,unibet_uk,1.37,2026-09-29T20:11:50.324947+00:00,2026-09-29T20:11:51.841749+00:00,348.1,-0.026467039999999886,REJECT,tennis_predictions/price_snapshots.csv
380d90cfabfb2921,99c81ef1cc8db14b,virginbet,1.36,2026-09-29T20:11:50.324947+00:00,2026-09-29T20:11:51.841749+00:00,348.1,-0.0335731199999999,REJECT,tennis_predictions/price_snapshots.csv
b0c05b2a02ddfa91,99c81ef1cc8db14b,williamhill,1.4,2026-09-29T20:11:50.324947+00:00,2026-09-29T20:11:51.841749+00:00,348.1,-0.0051488000000000644,REJECT,tennis_predictions/price_snapshots.csv
ba23e597eb591ccd,f8a49590b3961582,betfair_ex_uk,1.19,2026-09-29T20:11:50.324947+00:00,2026-09-29T20:11:51.841749+00:00,348.1,-0.023267285499999985,MULTI_RESEARCH_ELIGIBLE,tennis_predictions/price_snapshots.csv
2fb21dd8ece09ba5,f8a49590b3961582,betano_uk,1.17,2026-09-29T20:11:50.324947+00:00,2026-09-29T20:11:51.841749+00:00,348.1,-0.031954870000000024,MULTI_RESEARCH_ELIGIBLE,tennis_predictions/price_snapshots.csv
f49f6e8dbe1b7be7,f8a49590b3961582,betvictor,1.17,2026-09-29T20:11:50.324947+00:00,2026-09-29T20:11:51.841749+00:00,348.1,-0.031954870000000024,MULTI_RESEARCH_ELIGIBLE,tennis_predictions/price_snapshots.csv
8ecc850a3fe8e7f0,f8a49590b3961582,betway,1.15,2026-09-29T20:11:50.324947+00:00,2026-09-29T20:11:51.841749+00:00,348.1,-0.04850265000000002,MULTI_RESEARCH_ELIGIBLE,tennis_predictions/price_snapshots.csv
9df0718119f75764,f8a49590b3961582,boylesports,1.17,2026-09-29T20:11:50.324947+00:00,2026-09-29T20:11:51.841749+00:00,348.1,-0.031954870000000024,MULTI_RESEARCH_ELIGIBLE,tennis_predictions/price_snapshots.csv
f029752f415e390d,f8a49590b3961582,casumo,1.17,2026-09-29T20:11:50.324947+00:00,2026-09-29T20:11:51.841749+00:00,348.1,-0.031954870000000024,MULTI_RESEARCH_ELIGIBLE,tennis_predictions/price_snapshots.csv
6bf85f4128faed64,f8a49590b3961582,coral,1.18,2026-09-29T20:11:50.324947+00:00,2026-09-29T20:11:51.841749+00:00,348.1,-0.02368097999999999,MULTI_RESEARCH_ELIGIBLE,tennis_predictions/price_snapshots.csv
c4f713dc20cba01d,f8a49590b3961582,grosvenor,1.17,2026-09-29T20:11:50.324947+00:00,2026-09-29T20:11:51.841749+00:00,348.1,-0.031954870000000024,MULTI_RESEARCH_ELIGIBLE,tennis_predictions/price_snapshots.csv
42fed5dfe776c330,f8a49590b3961582,ladbrokes_uk,1.18,2026-09-29T20:11:50.324947+00:00,2026-09-29T20:11:51.841749+00:00,348.1,-0.02368097999999999,MULTI_RESEARCH_ELIGIBLE,tennis_predictions/price_snapshots.csv
db9e156359663173,f8a49590b3961582,leovegas,1.16,2026-09-29T20:11:50.324947+00:00,2026-09-29T20:11:51.841749+00:00,348.1,-0.04022876000000003,MULTI_RESEARCH_ELIGIBLE,tennis_predictions/price_snapshots.csv
b986910c56fe9b14,f8a49590b3961582,livescorebet,1.17,2026-09-29T20:11:50.324947+00:00,2026-09-29T20:11:51.841749+00:00,348.1,-0.031954870000000024,MULTI_RESEARCH_ELIGIBLE,tennis_predictions/price_snapshots.csv
8110bb72124f2b2a,f8a49590b3961582,matchbook,1.18,2026-09-29T20:11:50.324947+00:00,2026-09-29T20:11:51.841749+00:00,348.1,,MULTI_RESEARCH_ELIGIBLE,tennis_predictions/price_snapshots.csv
b54fc4673cc83196,f8a49590b3961582,paddypower,1.14,2026-09-29T20:11:50.324947+00:00,2026-09-29T20:11:51.841749+00:00,348.1,-0.05677654000000003,MULTI_RESEARCH_ELIGIBLE,tennis_predictions/price_snapshots.csv
140620797f208ddb,f8a49590b3961582,skybet,1.14,2026-09-29T20:11:50.324947+00:00,2026-09-29T20:11:51.841749+00:00,348.1,-0.05677654000000003,MULTI_RESEARCH_ELIGIBLE,tennis_predictions/price_snapshots.csv
e026c419b9e2a068,f8a49590b3961582,sport888,1.17,2026-09-29T20:11:50.324947+00:00,2026-09-29T20:11:51.841749+00:00,348.1,-0.031954870000000024,MULTI_RESEARCH_ELIGIBLE,tennis_predictions/price_snapshots.csv
5b663393696a4f88,f8a49590b3961582,unibet_uk,1.16,2026-09-29T20:11:50.324947+00:00,2026-09-29T20:11:51.841749+00:00,348.1,-0.04022876000000003,MULTI_RESEARCH_ELIGIBLE,tennis_predictions/price_snapshots.csv
a1610c7f5c3f1416,f8a49590b3961582,virginbet,1.17,2026-09-29T20:11:50.324947+00:00,2026-09-29T20:11:51.841749+00:00,348.1,-0.031954870000000024,MULTI_RESEARCH_ELIGIBLE,tennis_predictions/price_snapshots.csv
83ce7623021e18b4,f8a49590b3961582,williamhill,1.17,2026-09-29T20:11:50.324947+00:00,2026-09-29T20:11:51.841749+00:00,348.1,-0.031954870000000024,MULTI_RESEARCH_ELIGIBLE,tennis_predictions/price_snapshots.csv
fe7b88c961c16df6,f310a5f6bc84e309,betfair_ex_uk,1.74,2026-09-29T20:11:50.324947+00:00,2026-09-29T20:11:51.841749+00:00,348.1,-0.027454166000000113,REJECT,tennis_predictions/price_snapshots.csv
26eedff089638cfb,f310a5f6bc84e309,betano_uk,1.67,2026-09-29T20:11:50.324947+00:00,2026-09-29T20:11:51.841749+00:00,348.1,-0.04629974000000009,REJECT,tennis_predictions/price_snapshots.csv
1885a9db762fa2d0,f310a5f6bc84e309,betfair_sb_uk,1.62,2026-09-29T20:11:50.324947+00:00,2026-09-29T20:11:51.841749+00:00,348.1,-0.07485364,REJECT,tennis_predictions/price_snapshots.csv
58dd5a7da1b48b52,f310a5f6bc84e309,betvictor,1.67,2026-09-29T20:11:50.324947+00:00,2026-09-29T20:11:51.841749+00:00,348.1,-0.04629974000000009,REJECT,tennis_predictions/price_snapshots.csv
4a178843509a332c,f310a5f6bc84e309,betway,1.73,2026-09-29T20:11:50.324947+00:00,2026-09-29T20:11:51.841749+00:00,348.1,-0.012035060000000042,REJECT,tennis_predictions/price_snapshots.csv
7f06e578e5e221fb,f310a5f6bc84e309,boylesports,1.62,2026-09-29T20:11:50.324947+00:00,2026-09-29T20:11:51.841749+00:00,348.1,-0.07485364,REJECT,tennis_predictions/price_snapshots.csv
87a3e01c9e806df6,f310a5f6bc84e309,casumo,1.71,2026-09-29T20:11:50.324947+00:00,2026-09-29T20:11:51.841749+00:00,348.1,-0.02345662000000004,REJECT,tennis_predictions/price_snapshots.csv
02586c8d0dcb0837,f310a5f6bc84e309,coral,1.65,2026-09-29T20:11:50.324947+00:00,2026-09-29T20:11:51.841749+00:00,348.1,-0.057721300000000086,REJECT,tennis_predictions/price_snapshots.csv
26428d596bce40df,f310a5f6bc84e309,grosvenor,1.71,2026-09-29T20:11:50.324947+00:00,2026-09-29T20:11:51.841749+00:00,348.1,-0.02345662000000004,REJECT,tennis_predictions/price_snapshots.csv
8cc9bd4913cee3b3,f310a5f6bc84e309,ladbrokes_uk,1.65,2026-09-29T20:11:50.324947+00:00,2026-09-29T20:11:51.841749+00:00,348.1,-0.057721300000000086,REJECT,tennis_predictions/price_snapshots.csv
f7b31a9a93ef1104,f310a5f6bc84e309,leovegas,1.67,2026-09-29T20:11:50.324947+00:00,2026-09-29T20:11:51.841749+00:00,348.1,-0.04629974000000009,REJECT,tennis_predictions/price_snapshots.csv
a9af29346fbbe94e,f310a5f6bc84e309,livescorebet,1.71,2026-09-29T20:11:50.324947+00:00,2026-09-29T20:11:51.841749+00:00,348.1,-0.02345662000000004,REJECT,tennis_predictions/price_snapshots.csv
546afe50b6522d94,f310a5f6bc84e309,matchbook,1.74,2026-09-29T20:11:50.324947+00:00,2026-09-29T20:11:51.841749+00:00,348.1,,REJECT,tennis_predictions/price_snapshots.csv
52088cd7f3ec50e6,f310a5f6bc84e309,paddypower,1.57,2026-09-29T20:11:50.324947+00:00,2026-09-29T20:11:51.841749+00:00,348.1,-0.10340754000000002,REJECT,tennis_predictions/price_snapshots.csv
82df6b544d01e7ce,f310a5f6bc84e309,skybet,1.57,2026-09-29T20:11:50.324947+00:00,2026-09-29T20:11:51.841749+00:00,348.1,-0.10340754000000002,REJECT,tennis_predictions/price_snapshots.csv
2abc9bb7d6f5aef5,f310a5f6bc84e309,sport888,1.73,2026-09-29T20:11:50.324947+00:00,2026-09-29T20:11:51.841749+00:00,348.1,-0.012035060000000042,REJECT,tennis_predictions/price_snapshots.csv
b1f43ae6274f1c56,f310a5f6bc84e309,unibet_uk,1.68,2026-09-29T20:11:50.324947+00:00,2026-09-29T20:11:51.841749+00:00,348.1,-0.04058896000000006,REJECT,tennis_predictions/price_snapshots.csv
3d3d25ec221f559e,f310a5f6bc84e309,virginbet,1.71,2026-09-29T20:11:50.324947+00:00,2026-09-29T20:11:51.841749+00:00,348.1,-0.02345662000000004,REJECT,tennis_predictions/price_snapshots.csv
504b994b079c4804,f310a5f6bc84e309,williamhill,1.73,2026-09-29T20:11:50.324947+00:00,2026-09-29T20:11:51.841749+00:00,348.1,-0.012035060000000042,REJECT,tennis_predictions/price_snapshots.csv
ec67e4b555aef785,35e1e89f42ef6234,betfair_ex_uk,1.47,2026-09-29T20:11:50.324947+00:00,2026-09-29T20:11:51.841749+00:00,348.1,-0.02608746150000002,REJECT,tennis_predictions/price_snapshots.csv
1c2ace6b3f54b246,35e1e89f42ef6234,betano_uk,1.4,2026-09-29T20:11:50.324947+00:00,2026-09-29T20:11:51.841749+00:00,348.1,-0.05739540000000004,REJECT,tennis_predictions/price_snapshots.csv
f9b891e1496f2fbf,35e1e89f42ef6234,betvictor,1.4,2026-09-29T20:11:50.324947+00:00,2026-09-29T20:11:51.841749+00:00,348.1,-0.05739540000000004,REJECT,tennis_predictions/price_snapshots.csv
dccf5a34c107692d,35e1e89f42ef6234,betway,1.44,2026-09-29T20:11:50.324947+00:00,2026-09-29T20:11:51.841749+00:00,348.1,-0.03046384000000002,REJECT,tennis_predictions/price_snapshots.csv
38d8e3d95dd6eecf,35e1e89f42ef6234,boylesports,1.44,2026-09-29T20:11:50.324947+00:00,2026-09-29T20:11:51.841749+00:00,348.1,-0.03046384000000002,REJECT,tennis_predictions/price_snapshots.csv
c2764a82df2c1db6,35e1e89f42ef6234,casumo,1.38,2026-09-29T20:11:50.324947+00:00,2026-09-29T20:11:51.841749+00:00,348.1,-0.07086118000000002,REJECT,tennis_predictions/price_snapshots.csv
7054f145c190a52a,35e1e89f42ef6234,coral,1.4,2026-09-29T20:11:50.324947+00:00,2026-09-29T20:11:51.841749+00:00,348.1,-0.05739540000000004,REJECT,tennis_predictions/price_snapshots.csv
2cd1bc5d7abd2d6c,35e1e89f42ef6234,grosvenor,1.38,2026-09-29T20:11:50.324947+00:00,2026-09-29T20:11:51.841749+00:00,348.1,-0.07086118000000002,REJECT,tennis_predictions/price_snapshots.csv
5b083a7b205fffb3,35e1e89f42ef6234,ladbrokes_uk,1.4,2026-09-29T20:11:50.324947+00:00,2026-09-29T20:11:51.841749+00:00,348.1,-0.05739540000000004,REJECT,tennis_predictions/price_snapshots.csv
872580f4f88cdece,35e1e89f42ef6234,leovegas,1.4,2026-09-29T20:11:50.324947+00:00,2026-09-29T20:11:51.841749+00:00,348.1,-0.05739540000000004,REJECT,tennis_predictions/price_snapshots.csv
322520df915edb20,35e1e89f42ef6234,livescorebet,1.38,2026-09-29T20:11:50.324947+00:00,2026-09-29T20:11:51.841749+00:00,348.1,-0.07086118000000002,REJECT,tennis_predictions/price_snapshots.csv
2c4a77ca9d0af3c0,35e1e89f42ef6234,matchbook,1.45,2026-09-29T20:11:50.324947+00:00,2026-09-29T20:11:51.841749+00:00,348.1,,REJECT,tennis_predictions/price_snapshots.csv
1d9a9ad9f1568d67,35e1e89f42ef6234,paddypower,1.4,2026-09-29T20:11:50.324947+00:00,2026-09-29T20:11:51.841749+00:00,348.1,-0.05739540000000004,REJECT,tennis_predictions/price_snapshots.csv
32614f8979c0646a,35e1e89f42ef6234,skybet,1.4,2026-09-29T20:11:50.324947+00:00,2026-09-29T20:11:51.841749+00:00,348.1,-0.05739540000000004,REJECT,tennis_predictions/price_snapshots.csv
29ce484c8cca9901,35e1e89f42ef6234,sport888,1.44,2026-09-29T20:11:50.324947+00:00,2026-09-29T20:11:51.841749+00:00,348.1,-0.03046384000000002,REJECT,tennis_predictions/price_snapshots.csv
a14098ddf9a86b59,35e1e89f42ef6234,unibet_uk,1.4,2026-09-29T20:11:50.324947+00:00,2026-09-29T20:11:51.841749+00:00,348.1,-0.05739540000000004,REJECT,tennis_predictions/price_snapshots.csv
e18c9bac37e4ac9b,35e1e89f42ef6234,virginbet,1.38,2026-09-29T20:11:50.324947+00:00,2026-09-29T20:11:51.841749+00:00,348.1,-0.07086118000000002,REJECT,tennis_predictions/price_snapshots.csv
e4669dda90481de1,35e1e89f42ef6234,williamhill,1.44,2026-09-29T20:11:50.324947+00:00,2026-09-29T20:11:51.841749+00:00,348.1,-0.03046384000000002,REJECT,tennis_predictions/price_snapshots.csv
b12f773cefadf754,6c2f86d7e16c1125,betfair_ex_uk,1.44,2026-09-29T20:11:50.324947+00:00,2026-09-29T20:11:51.841749+00:00,348.1,-0.024172104000000028,REJECT,tennis_predictions/price_snapshots.csv
70741d5a5457f5b7,6c2f86d7e16c1125,betano_uk,1.36,2026-09-29T20:11:50.324947+00:00,2026-09-29T20:11:51.841749+00:00,348.1,-0.06408607999999993,REJECT,tennis_predictions/price_snapshots.csv
a9f163af3d08a438,6c2f86d7e16c1125,betvictor,1.36,2026-09-29T20:11:50.324947+00:00,2026-09-29T20:11:51.841749+00:00,348.1,-0.06408607999999993,REJECT,tennis_predictions/price_snapshots.csv
7bd2f532542128e7,6c2f86d7e16c1125,betway,1.38,2026-09-29T20:11:50.324947+00:00,2026-09-29T20:11:51.841749+00:00,348.1,-0.050322640000000085,REJECT,tennis_predictions/price_snapshots.csv
7db2a1e0538d28c4,6c2f86d7e16c1125,boylesports,1.4,2026-09-29T20:11:50.324947+00:00,2026-09-29T20:11:51.841749+00:00,348.1,-0.03655920000000007,REJECT,tennis_predictions/price_snapshots.csv
c9bd789baeac91b6,6c2f86d7e16c1125,casumo,1.38,2026-09-29T20:11:50.324947+00:00,2026-09-29T20:11:51.841749+00:00,348.1,-0.050322640000000085,REJECT,tennis_predictions/price_snapshots.csv
1024b29e4f4e6672,6c2f86d7e16c1125,coral,1.35,2026-09-29T20:11:50.324947+00:00,2026-09-29T20:11:51.841749+00:00,348.1,-0.07096779999999994,REJECT,tennis_predictions/price_snapshots.csv
8ec4c0af76232d78,6c2f86d7e16c1125,grosvenor,1.38,2026-09-29T20:11:50.324947+00:00,2026-09-29T20:11:51.841749+00:00,348.1,-0.050322640000000085,REJECT,tennis_predictions/price_snapshots.csv
5bc56ebc6264081e,6c2f86d7e16c1125,ladbrokes_uk,1.35,2026-09-29T20:11:50.324947+00:00,2026-09-29T20:11:51.841749+00:00,348.1,-0.07096779999999994,REJECT,tennis_predictions/price_snapshots.csv
c80d1693fc78d225,6c2f86d7e16c1125,leovegas,1.35,2026-09-29T20:11:50.324947+00:00,2026-09-29T20:11:51.841749+00:00,348.1,-0.07096779999999994,REJECT,tennis_predictions/price_snapshots.csv
46f92276675a1b75,6c2f86d7e16c1125,livescorebet,1.38,2026-09-29T20:11:50.324947+00:00,2026-09-29T20:11:51.841749+00:00,348.1,-0.050322640000000085,REJECT,tennis_predictions/price_snapshots.csv
928deb25ae35c183,6c2f86d7e16c1125,matchbook,1.4,2026-09-29T20:11:50.324947+00:00,2026-09-29T20:11:51.841749+00:00,348.1,,REJECT,tennis_predictions/price_snapshots.csv
b6df58d0d00db381,6c2f86d7e16c1125,paddypower,1.33,2026-09-29T20:11:50.324947+00:00,2026-09-29T20:11:51.841749+00:00,348.1,-0.08473123999999993,REJECT,tennis_predictions/price_snapshots.csv
fe2906059cc07142,6c2f86d7e16c1125,skybet,1.33,2026-09-29T20:11:50.324947+00:00,2026-09-29T20:11:51.841749+00:00,348.1,-0.08473123999999993,REJECT,tennis_predictions/price_snapshots.csv
1cb06a43bebb5bb1,6c2f86d7e16c1125,sport888,1.36,2026-09-29T20:11:50.324947+00:00,2026-09-29T20:11:51.841749+00:00,348.1,-0.06408607999999993,REJECT,tennis_predictions/price_snapshots.csv
af92044b07ac6106,6c2f86d7e16c1125,unibet_uk,1.37,2026-09-29T20:11:50.324947+00:00,2026-09-29T20:11:51.841749+00:00,348.1,-0.0572043599999999,REJECT,tennis_predictions/price_snapshots.csv
49f08b79da6a8ca4,6c2f86d7e16c1125,virginbet,1.38,2026-09-29T20:11:50.324947+00:00,2026-09-29T20:11:51.841749+00:00,348.1,-0.050322640000000085,REJECT,tennis_predictions/price_snapshots.csv
cf578609421ee448,6c2f86d7e16c1125,williamhill,1.36,2026-09-29T20:11:50.324947+00:00,2026-09-29T20:11:51.841749+00:00,348.1,-0.06408607999999993,REJECT,tennis_predictions/price_snapshots.csv
e2f993467b578801,717a216c0bf9dd42,betfair_ex_uk,1.46,2026-09-29T20:11:50.324947+00:00,2026-09-29T20:11:51.841749+00:00,348.1,-0.019165591000000093,REJECT,tennis_predictions/price_snapshots.csv
16cc166bfde47fd0,717a216c0bf9dd42,betano_uk,1.4,2026-09-29T20:11:50.324947+00:00,2026-09-29T20:11:51.841749+00:00,348.1,-0.044420200000000076,REJECT,tennis_predictions/price_snapshots.csv
cb61d837587ab9cc,717a216c0bf9dd42,betvictor,1.4,2026-09-29T20:11:50.324947+00:00,2026-09-29T20:11:51.841749+00:00,348.1,-0.044420200000000076,REJECT,tennis_predictions/price_snapshots.csv
c4e359809dc9fd7a,717a216c0bf9dd42,betway,1.44,2026-09-29T20:11:50.324947+00:00,2026-09-29T20:11:51.841749+00:00,348.1,-0.017117920000000064,REJECT,tennis_predictions/price_snapshots.csv
6b3a89bb5e0de99a,717a216c0bf9dd42,boylesports,1.44,2026-09-29T20:11:50.324947+00:00,2026-09-29T20:11:51.841749+00:00,348.1,-0.017117920000000064,REJECT,tennis_predictions/price_snapshots.csv
0b728c3e32de13b3,717a216c0bf9dd42,casumo,1.41,2026-09-29T20:11:50.324947+00:00,2026-09-29T20:11:51.841749+00:00,348.1,-0.03759463000000007,REJECT,tennis_predictions/price_snapshots.csv
82199b5588cab120,717a216c0bf9dd42,coral,1.44,2026-09-29T20:11:50.324947+00:00,2026-09-29T20:11:51.841749+00:00,348.1,-0.017117920000000064,REJECT,tennis_predictions/price_snapshots.csv
5d8a7d518a5099e8,717a216c0bf9dd42,grosvenor,1.41,2026-09-29T20:11:50.324947+00:00,2026-09-29T20:11:51.841749+00:00,348.1,-0.03759463000000007,REJECT,tennis_predictions/price_snapshots.csv
0ea8873916d9b2d9,717a216c0bf9dd42,ladbrokes_uk,1.44,2026-09-29T20:11:50.324947+00:00,2026-09-29T20:11:51.841749+00:00,348.1,-0.017117920000000064,REJECT,tennis_predictions/price_snapshots.csv
16d0ca6cebac4d52,717a216c0bf9dd42,leovegas,1.4,2026-09-29T20:11:50.324947+00:00,2026-09-29T20:11:51.841749+00:00,348.1,-0.044420200000000076,REJECT,tennis_predictions/price_snapshots.csv
44539a25c7f29a33,717a216c0bf9dd42,livescorebet,1.41,2026-09-29T20:11:50.324947+00:00,2026-09-29T20:11:51.841749+00:00,348.1,-0.03759463000000007,REJECT,tennis_predictions/price_snapshots.csv
a737a0b1e53d264e,717a216c0bf9dd42,matchbook,1.45,2026-09-29T20:11:50.324947+00:00,2026-09-29T20:11:51.841749+00:00,348.1,,REJECT,tennis_predictions/price_snapshots.csv
b608d16ca02c3505,717a216c0bf9dd42,paddypower,1.36,2026-09-29T20:11:50.324947+00:00,2026-09-29T20:11:51.841749+00:00,348.1,-0.07172247999999998,REJECT,tennis_predictions/price_snapshots.csv
e629f24e1bbb3cfc,717a216c0bf9dd42,skybet,1.36,2026-09-29T20:11:50.324947+00:00,2026-09-29T20:11:51.841749+00:00,348.1,-0.07172247999999998,REJECT,tennis_predictions/price_snapshots.csv
8d81eb25684b14c4,717a216c0bf9dd42,sport888,1.44,2026-09-29T20:11:50.324947+00:00,2026-09-29T20:11:51.841749+00:00,348.1,-0.017117920000000064,REJECT,tennis_predictions/price_snapshots.csv
048675cb4d6126e7,717a216c0bf9dd42,unibet_uk,1.4,2026-09-29T20:11:50.324947+00:00,2026-09-29T20:11:51.841749+00:00,348.1,-0.044420200000000076,REJECT,tennis_predictions/price_snapshots.csv
ffd4e2f0b663cfae,717a216c0bf9dd42,virginbet,1.41,2026-09-29T20:11:50.324947+00:00,2026-09-29T20:11:51.841749+00:00,348.1,-0.03759463000000007,REJECT,tennis_predictions/price_snapshots.csv
9e0996cf362a6de5,717a216c0bf9dd42,williamhill,1.44,2026-09-29T20:11:50.324947+00:00,2026-09-29T20:11:51.841749+00:00,348.1,-0.017117920000000064,REJECT,tennis_predictions/price_snapshots.csv
aa09fc0d9e54d77f,63a854763b339d8e,betfair_ex_uk,1.31,2026-09-29T20:11:50.324947+00:00,2026-09-29T20:11:51.841749+00:00,348.1,-0.021668679999999996,REJECT,tennis_predictions/price_snapshots.csv
2060cacd7774f967,63a854763b339d8e,betano_uk,1.29,2026-09-29T20:11:50.324947+00:00,2026-09-29T20:11:51.841749+00:00,348.1,-0.025069599999999997,REJECT,tennis_predictions/price_snapshots.csv
4dd5d88dfa3d0af0,63a854763b339d8e,betvictor,1.29,2026-09-29T20:11:50.324947+00:00,2026-09-29T20:11:51.841749+00:00,348.1,-0.025069599999999997,REJECT,tennis_predictions/price_snapshots.csv
969ce88f4f88c53c,63a854763b339d8e,betway,1.29,2026-09-29T20:11:50.324947+00:00,2026-09-29T20:11:51.841749+00:00,348.1,-0.025069599999999997,REJECT,tennis_predictions/price_snapshots.csv
2b63337db5f292ce,63a854763b339d8e,boylesports,1.29,2026-09-29T20:11:50.324947+00:00,2026-09-29T20:11:51.841749+00:00,348.1,-0.025069599999999997,REJECT,tennis_predictions/price_snapshots.csv
9a2996446dc1ef5f,63a854763b339d8e,casumo,1.25,2026-09-29T20:11:50.324947+00:00,2026-09-29T20:11:51.841749+00:00,348.1,-0.055300000000000016,REJECT,tennis_predictions/price_snapshots.csv
d98bbdc3bd0d28bf,63a854763b339d8e,coral,1.28,2026-09-29T20:11:50.324947+00:00,2026-09-29T20:11:51.841749+00:00,348.1,-0.032627199999999995,REJECT,tennis_predictions/price_snapshots.csv
2f9282520096aac1,63a854763b339d8e,grosvenor,1.25,2026-09-29T20:11:50.324947+00:00,2026-09-29T20:11:51.841749+00:00,348.1,-0.055300000000000016,REJECT,tennis_predictions/price_snapshots.csv
d39dec7b757ea791,63a854763b339d8e,ladbrokes_uk,1.28,2026-09-29T20:11:50.324947+00:00,2026-09-29T20:11:51.841749+00:00,348.1,-0.032627199999999995,REJECT,tennis_predictions/price_snapshots.csv
805745f7322c5134,63a854763b339d8e,leovegas,1.26,2026-09-29T20:11:50.324947+00:00,2026-09-29T20:11:51.841749+00:00,348.1,-0.04774240000000002,REJECT,tennis_predictions/price_snapshots.csv
941c1647e9433e3f,63a854763b339d8e,livescorebet,1.25,2026-09-29T20:11:50.324947+00:00,2026-09-29T20:11:51.841749+00:00,348.1,-0.055300000000000016,REJECT,tennis_predictions/price_snapshots.csv
083723a0b75c8ce1,63a854763b339d8e,matchbook,1.29,2026-09-29T20:11:50.324947+00:00,2026-09-29T20:11:51.841749+00:00,348.1,,REJECT,tennis_predictions/price_snapshots.csv
5cd270d91976c972,63a854763b339d8e,paddypower,1.25,2026-09-29T20:11:50.324947+00:00,2026-09-29T20:11:51.841749+00:00,348.1,-0.055300000000000016,REJECT,tennis_predictions/price_snapshots.csv
271d9bf7ecf691c1,63a854763b339d8e,skybet,1.25,2026-09-29T20:11:50.324947+00:00,2026-09-29T20:11:51.841749+00:00,348.1,-0.055300000000000016,REJECT,tennis_predictions/price_snapshots.csv
9f4cbab07570aab3,63a854763b339d8e,sport888,1.3,2026-09-29T20:11:50.324947+00:00,2026-09-29T20:11:51.841749+00:00,348.1,-0.017511999999999972,REJECT,tennis_predictions/price_snapshots.csv
9a89d4a893548767,63a854763b339d8e,unibet_uk,1.27,2026-09-29T20:11:50.324947+00:00,2026-09-29T20:11:51.841749+00:00,348.1,-0.04018479999999999,REJECT,tennis_predictions/price_snapshots.csv
cc0af5f242abc6a8,63a854763b339d8e,virginbet,1.25,2026-09-29T20:11:50.324947+00:00,2026-09-29T20:11:51.841749+00:00,348.1,-0.055300000000000016,REJECT,tennis_predictions/price_snapshots.csv
c84c62609ddf8212,63a854763b339d8e,williamhill,1.3,2026-09-29T20:11:50.324947+00:00,2026-09-29T20:11:51.841749+00:00,348.1,-0.017511999999999972,REJECT,tennis_predictions/price_snapshots.csv
86ce500a428cbb91,151b441460d9820a,betfair_ex_uk,1.22,2026-09-29T20:11:50.324947+00:00,2026-09-29T20:11:51.841749+00:00,348.1,-0.023789323000000057,MULTI_RESEARCH_ELIGIBLE,tennis_predictions/price_snapshots.csv
3920912135200969,151b441460d9820a,betano_uk,1.22,2026-09-29T20:11:50.324947+00:00,2026-09-29T20:11:51.841749+00:00,348.1,-0.014907340000000047,MULTI_RESEARCH_ELIGIBLE,tennis_predictions/price_snapshots.csv
145f2439f516c0eb,151b441460d9820a,betvictor,1.22,2026-09-29T20:11:50.324947+00:00,2026-09-29T20:11:51.841749+00:00,348.1,-0.014907340000000047,MULTI_RESEARCH_ELIGIBLE,tennis_predictions/price_snapshots.csv
be2b62736867b7f2,151b441460d9820a,betway,1.22,2026-09-29T20:11:50.324947+00:00,2026-09-29T20:11:51.841749+00:00,348.1,-0.014907340000000047,MULTI_RESEARCH_ELIGIBLE,tennis_predictions/price_snapshots.csv
3c3bee2a068e8eb9,151b441460d9820a,boylesports,1.22,2026-09-29T20:11:50.324947+00:00,2026-09-29T20:11:51.841749+00:00,348.1,-0.014907340000000047,MULTI_RESEARCH_ELIGIBLE,tennis_predictions/price_snapshots.csv
2bae94edf8f2178d,151b441460d9820a,casumo,1.24,2026-09-29T20:11:50.324947+00:00,2026-09-29T20:11:51.841749+00:00,348.1,0.001241719999999974,MULTI_RESEARCH_ELIGIBLE,tennis_predictions/price_snapshots.csv
3bb74d8185da7047,151b441460d9820a,coral,1.22,2026-09-29T20:11:50.324947+00:00,2026-09-29T20:11:51.841749+00:00,348.1,-0.014907340000000047,MULTI_RESEARCH_ELIGIBLE,tennis_predictions/price_snapshots.csv
51b9ed1a7e644e27,151b441460d9820a,grosvenor,1.24,2026-09-29T20:11:50.324947+00:00,2026-09-29T20:11:51.841749+00:00,348.1,0.001241719999999974,MULTI_RESEARCH_ELIGIBLE,tennis_predictions/price_snapshots.csv
e289fdba79058444,151b441460d9820a,ladbrokes_uk,1.22,2026-09-29T20:11:50.324947+00:00,2026-09-29T20:11:51.841749+00:00,348.1,-0.014907340000000047,MULTI_RESEARCH_ELIGIBLE,tennis_predictions/price_snapshots.csv
87c2a56469c12a76,151b441460d9820a,leovegas,1.2,2026-09-29T20:11:50.324947+00:00,2026-09-29T20:11:51.841749+00:00,348.1,-0.031056400000000067,MULTI_RESEARCH_ELIGIBLE,tennis_predictions/price_snapshots.csv
c7598285da3378d8,151b441460d9820a,livescorebet,1.24,2026-09-29T20:11:50.324947+00:00,2026-09-29T20:11:51.841749+00:00,348.1,0.001241719999999974,MULTI_RESEARCH_ELIGIBLE,tennis_predictions/price_snapshots.csv
e78d223968966eb3,151b441460d9820a,matchbook,1.22,2026-09-29T20:11:50.324947+00:00,2026-09-29T20:11:51.841749+00:00,348.1,,MULTI_RESEARCH_ELIGIBLE,tennis_predictions/price_snapshots.csv
1925cdd9a03a8037,151b441460d9820a,paddypower,1.17,2026-09-29T20:11:50.324947+00:00,2026-09-29T20:11:51.841749+00:00,348.1,-0.055279990000000084,MULTI_RESEARCH_ELIGIBLE,tennis_predictions/price_snapshots.csv
ac61b6c9a8c10f46,151b441460d9820a,skybet,1.17,2026-09-29T20:11:50.324947+00:00,2026-09-29T20:11:51.841749+00:00,348.1,-0.055279990000000084,MULTI_RESEARCH_ELIGIBLE,tennis_predictions/price_snapshots.csv
7df02ebc5a29327c,151b441460d9820a,sport888,1.22,2026-09-29T20:11:50.324947+00:00,2026-09-29T20:11:51.841749+00:00,348.1,-0.014907340000000047,MULTI_RESEARCH_ELIGIBLE,tennis_predictions/price_snapshots.csv
44619675e5568e52,151b441460d9820a,unibet_uk,1.21,2026-09-29T20:11:50.324947+00:00,2026-09-29T20:11:51.841749+00:00,348.1,-0.02298187000000007,MULTI_RESEARCH_ELIGIBLE,tennis_predictions/price_snapshots.csv
933f12c1c1ac5447,151b441460d9820a,virginbet,1.24,2026-09-29T20:11:50.324947+00:00,2026-09-29T20:11:51.841749+00:00,348.1,0.001241719999999974,MULTI_RESEARCH_ELIGIBLE,tennis_predictions/price_snapshots.csv
39046a2edfa6252e,151b441460d9820a,williamhill,1.22,2026-09-29T20:11:50.324947+00:00,2026-09-29T20:11:51.841749+00:00,348.1,-0.014907340000000047,MULTI_RESEARCH_ELIGIBLE,tennis_predictions/price_snapshots.csv
e964aa6ecd57211f,1e9ff1efb29e5b24,betfair_ex_uk,1.59,2026-09-29T20:11:50.324947+00:00,2026-09-29T20:11:51.841749+00:00,348.1,-0.028125281499999877,REJECT,tennis_predictions/price_snapshots.csv
f20445f84e73f711,1e9ff1efb29e5b24,betano_uk,1.53,2026-09-29T20:11:50.324947+00:00,2026-09-29T20:11:51.841749+00:00,348.1,-0.04712058999999991,REJECT,tennis_predictions/price_snapshots.csv
e13a63489a0a8cac,1e9ff1efb29e5b24,betvictor,1.53,2026-09-29T20:11:50.324947+00:00,2026-09-29T20:11:51.841749+00:00,348.1,-0.04712058999999991,REJECT,tennis_predictions/price_snapshots.csv
fe699a1a2b2e800c,1e9ff1efb29e5b24,betway,1.55,2026-09-29T20:11:50.324947+00:00,2026-09-29T20:11:51.841749+00:00,348.1,-0.03466464999999991,REJECT,tennis_predictions/price_snapshots.csv
05464026ae42ae04,1e9ff1efb29e5b24,boylesports,1.57,2026-09-29T20:11:50.324947+00:00,2026-09-29T20:11:51.841749+00:00,348.1,-0.02220870999999991,REJECT,tennis_predictions/price_snapshots.csv
fcfbd6c6a2cc7613,1e9ff1efb29e5b24,casumo,1.56,2026-09-29T20:11:50.324947+00:00,2026-09-29T20:11:51.841749+00:00,348.1,-0.02843667999999988,REJECT,tennis_predictions/price_snapshots.csv
94a7befb90cb03f5,1e9ff1efb29e5b24,coral,1.53,2026-09-29T20:11:50.324947+00:00,2026-09-29T20:11:51.841749+00:00,348.1,-0.04712058999999991,REJECT,tennis_predictions/price_snapshots.csv
3cb8f3626289831d,1e9ff1efb29e5b24,grosvenor,1.56,2026-09-29T20:11:50.324947+00:00,2026-09-29T20:11:51.841749+00:00,348.1,-0.02843667999999988,REJECT,tennis_predictions/price_snapshots.csv
87524f1e41b81d8a,1e9ff1efb29e5b24,ladbrokes_uk,1.53,2026-09-29T20:11:50.324947+00:00,2026-09-29T20:11:51.841749+00:00,348.1,-0.04712058999999991,REJECT,tennis_predictions/price_snapshots.csv
f7865a09d7d8a4cb,1e9ff1efb29e5b24,leovegas,1.53,2026-09-29T20:11:50.324947+00:00,2026-09-29T20:11:51.841749+00:00,348.1,-0.04712058999999991,REJECT,tennis_predictions/price_snapshots.csv
bd6e65a8ed4c0364,1e9ff1efb29e5b24,livescorebet,1.56,2026-09-29T20:11:50.324947+00:00,2026-09-29T20:11:51.841749+00:00,348.1,-0.02843667999999988,REJECT,tennis_predictions/price_snapshots.csv
efa3a5e6ae6b8bb3,1e9ff1efb29e5b24,matchbook,1.56,2026-09-29T20:11:50.324947+00:00,2026-09-29T20:11:51.841749+00:00,348.1,,REJECT,tennis_predictions/price_snapshots.csv
288944bb368a14e4,1e9ff1efb29e5b24,paddypower,1.5,2026-09-29T20:11:50.324947+00:00,2026-09-29T20:11:51.841749+00:00,348.1,-0.06580449999999993,REJECT,tennis_predictions/price_snapshots.csv
80d901305611f7de,1e9ff1efb29e5b24,skybet,1.5,2026-09-29T20:11:50.324947+00:00,2026-09-29T20:11:51.841749+00:00,348.1,-0.06580449999999993,REJECT,tennis_predictions/price_snapshots.csv
bfd5339be2c2a73c,1e9ff1efb29e5b24,sport888,1.53,2026-09-29T20:11:50.324947+00:00,2026-09-29T20:11:51.841749+00:00,348.1,-0.04712058999999991,REJECT,tennis_predictions/price_snapshots.csv
1b45ae8fe6686b32,1e9ff1efb29e5b24,unibet_uk,1.54,2026-09-29T20:11:50.324947+00:00,2026-09-29T20:11:51.841749+00:00,348.1,-0.040892619999999935,REJECT,tennis_predictions/price_snapshots.csv
d788f7bd2382cb24,1e9ff1efb29e5b24,virginbet,1.56,2026-09-29T20:11:50.324947+00:00,2026-09-29T20:11:51.841749+00:00,348.1,-0.02843667999999988,REJECT,tennis_predictions/price_snapshots.csv
773113b29266c037,1e9ff1efb29e5b24,williamhill,1.53,2026-09-29T20:11:50.324947+00:00,2026-09-29T20:11:51.841749+00:00,348.1,-0.04712058999999991,REJECT,tennis_predictions/price_snapshots.csv
99c0bf35684a204b,f8bf45d0820d1816,betfair_ex_uk,1.41,2026-09-29T20:11:50.324947+00:00,2026-09-29T20:11:51.841749+00:00,348.1,-0.021989309000000068,REJECT,tennis_predictions/price_snapshots.csv
4b317ad8543431ca,f8bf45d0820d1816,betano_uk,1.36,2026-09-29T20:11:50.324947+00:00,2026-09-29T20:11:51.841749+00:00,348.1,-0.04275311999999998,REJECT,tennis_predictions/price_snapshots.csv
cb16b9c477c2c7aa,f8bf45d0820d1816,betfair_sb_uk,1.4,2026-09-29T20:11:50.324947+00:00,2026-09-29T20:11:51.841749+00:00,348.1,-0.014598800000000078,REJECT,tennis_predictions/price_snapshots.csv
f412dca2ebd9a1c3,f8bf45d0820d1816,betvictor,1.36,2026-09-29T20:11:50.324947+00:00,2026-09-29T20:11:51.841749+00:00,348.1,-0.04275311999999998,REJECT,tennis_predictions/price_snapshots.csv
c78674fd8e7f9e2f,f8bf45d0820d1816,betway,1.38,2026-09-29T20:11:50.324947+00:00,2026-09-29T20:11:51.841749+00:00,348.1,-0.02867596000000011,REJECT,tennis_predictions/price_snapshots.csv
1575ccd4e3c68589,f8bf45d0820d1816,boylesports,1.4,2026-09-29T20:11:50.324947+00:00,2026-09-29T20:11:51.841749+00:00,348.1,-0.014598800000000078,REJECT,tennis_predictions/price_snapshots.csv
75d8d75fb55aa292,f8bf45d0820d1816,casumo,1.36,2026-09-29T20:11:50.324947+00:00,2026-09-29T20:11:51.841749+00:00,348.1,-0.04275311999999998,REJECT,tennis_predictions/price_snapshots.csv
799074921cc2008a,f8bf45d0820d1816,coral,1.35,2026-09-29T20:11:50.324947+00:00,2026-09-29T20:11:51.841749+00:00,348.1,-0.04979169999999997,REJECT,tennis_predictions/price_snapshots.csv
e304905c7a598b5e,f8bf45d0820d1816,grosvenor,1.36,2026-09-29T20:11:50.324947+00:00,2026-09-29T20:11:51.841749+00:00,348.1,-0.04275311999999998,REJECT,tennis_predictions/price_snapshots.csv
f2f83b74c9be40ac,f8bf45d0820d1816,ladbrokes_uk,1.35,2026-09-29T20:11:50.324947+00:00,2026-09-29T20:11:51.841749+00:00,348.1,-0.04979169999999997,REJECT,tennis_predictions/price_snapshots.csv
035c7860073347f7,f8bf45d0820d1816,leovegas,1.36,2026-09-29T20:11:50.324947+00:00,2026-09-29T20:11:51.841749+00:00,348.1,-0.04275311999999998,REJECT,tennis_predictions/price_snapshots.csv
55691b7dca6aa8bf,f8bf45d0820d1816,livescorebet,1.37,2026-09-29T20:11:50.324947+00:00,2026-09-29T20:11:51.841749+00:00,348.1,-0.03571453999999996,REJECT,tennis_predictions/price_snapshots.csv
0f34c6db446803fc,f8bf45d0820d1816,matchbook,1.41,2026-09-29T20:11:50.324947+00:00,2026-09-29T20:11:51.841749+00:00,348.1,,REJECT,tennis_predictions/price_snapshots.csv
00ff80a94f99023b,f8bf45d0820d1816,paddypower,1.36,2026-09-29T20:11:50.324947+00:00,2026-09-29T20:11:51.841749+00:00,348.1,-0.04275311999999998,REJECT,tennis_predictions/price_snapshots.csv
2d7f10bba5fa4267,f8bf45d0820d1816,skybet,1.36,2026-09-29T20:11:50.324947+00:00,2026-09-29T20:11:51.841749+00:00,348.1,-0.04275311999999998,REJECT,tennis_predictions/price_snapshots.csv
fdfdf7d9cf513c38,f8bf45d0820d1816,sport888,1.36,2026-09-29T20:11:50.324947+00:00,2026-09-29T20:11:51.841749+00:00,348.1,-0.04275311999999998,REJECT,tennis_predictions/price_snapshots.csv
90ccb9809ea83a51,f8bf45d0820d1816,unibet_uk,1.37,2026-09-29T20:11:50.324947+00:00,2026-09-29T20:11:51.841749+00:00,348.1,-0.03571453999999996,REJECT,tennis_predictions/price_snapshots.csv
19309872a143479f,f8bf45d0820d1816,virginbet,1.37,2026-09-29T20:11:50.324947+00:00,2026-09-29T20:11:51.841749+00:00,348.1,-0.03571453999999996,REJECT,tennis_predictions/price_snapshots.csv
aa90059559ab218f,f8bf45d0820d1816,williamhill,1.36,2026-09-29T20:11:50.324947+00:00,2026-09-29T20:11:51.841749+00:00,348.1,-0.04275311999999998,REJECT,tennis_predictions/price_snapshots.csv
b63a81b8f4f05bcb,da4f059a3138fb08,betfair_ex_uk,1.78,2026-09-29T20:11:50.324947+00:00,2026-09-29T20:11:51.841749+00:00,348.1,-0.028478475000000003,REJECT,tennis_predictions/price_snapshots.csv
2324489901bf0ee2,da4f059a3138fb08,betano_uk,1.7,2026-09-29T20:11:50.324947+00:00,2026-09-29T20:11:51.841749+00:00,348.1,-0.051357500000000056,REJECT,tennis_predictions/price_snapshots.csv
84db9a5a3489890c,da4f059a3138fb08,betfair_sb_uk,1.67,2026-09-29T20:11:50.324947+00:00,2026-09-29T20:11:51.841749+00:00,348.1,-0.06809825000000003,REJECT,tennis_predictions/price_snapshots.csv
844b9c5fa4d3b690,da4f059a3138fb08,betvictor,1.7,2026-09-29T20:11:50.324947+00:00,2026-09-29T20:11:51.841749+00:00,348.1,-0.051357500000000056,REJECT,tennis_predictions/price_snapshots.csv
3cbe2358f38dccd0,da4f059a3138fb08,betway,1.73,2026-09-29T20:11:50.324947+00:00,2026-09-29T20:11:51.841749+00:00,348.1,-0.03461675000000003,REJECT,tennis_predictions/price_snapshots.csv
5b322ad378634b44,da4f059a3138fb08,boylesports,1.73,2026-09-29T20:11:50.324947+00:00,2026-09-29T20:11:51.841749+00:00,348.1,-0.03461675000000003,REJECT,tennis_predictions/price_snapshots.csv
0d34d2fc0f6369e7,da4f059a3138fb08,casumo,1.71,2026-09-29T20:11:50.324947+00:00,2026-09-29T20:11:51.841749+00:00,348.1,-0.04577725000000005,REJECT,tennis_predictions/price_snapshots.csv
aa454b0d8c483e66,da4f059a3138fb08,coral,1.73,2026-09-29T20:11:50.324947+00:00,2026-09-29T20:11:51.841749+00:00,348.1,-0.03461675000000003,REJECT,tennis_predictions/price_snapshots.csv
3e2a8ca13397ee4d,da4f059a3138fb08,grosvenor,1.71,2026-09-29T20:11:50.324947+00:00,2026-09-29T20:11:51.841749+00:00,348.1,-0.04577725000000005,REJECT,tennis_predictions/price_snapshots.csv
564d9a1a0f75c73a,da4f059a3138fb08,ladbrokes_uk,1.73,2026-09-29T20:11:50.324947+00:00,2026-09-29T20:11:51.841749+00:00,348.1,-0.03461675000000003,REJECT,tennis_predictions/price_snapshots.csv
a65f89bbe89cd21c,da4f059a3138fb08,leovegas,1.72,2026-09-29T20:11:50.324947+00:00,2026-09-29T20:11:51.841749+00:00,348.1,-0.04019700000000004,REJECT,tennis_predictions/price_snapshots.csv
b61d580ac3c3895f,da4f059a3138fb08,livescorebet,1.71,2026-09-29T20:11:50.324947+00:00,2026-09-29T20:11:51.841749+00:00,348.1,-0.04577725000000005,REJECT,tennis_predictions/price_snapshots.csv
18d2292d49c1fbce,da4f059a3138fb08,matchbook,1.78,2026-09-29T20:11:50.324947+00:00,2026-09-29T20:11:51.841749+00:00,348.1,,REJECT,tennis_predictions/price_snapshots.csv
ff551e2ae7ac1a1f,da4f059a3138fb08,paddypower,1.62,2026-09-29T20:11:50.324947+00:00,2026-09-29T20:11:51.841749+00:00,348.1,-0.09599949999999996,REJECT,tennis_predictions/price_snapshots.csv
19ab39150060b782,da4f059a3138fb08,skybet,1.62,2026-09-29T20:11:50.324947+00:00,2026-09-29T20:11:51.841749+00:00,348.1,-0.09599949999999996,REJECT,tennis_predictions/price_snapshots.csv
d4d607f11742b886,da4f059a3138fb08,sport888,1.73,2026-09-29T20:11:50.324947+00:00,2026-09-29T20:11:51.841749+00:00,348.1,-0.03461675000000003,REJECT,tennis_predictions/price_snapshots.csv
fb16dd8f18a672e4,da4f059a3138fb08,unibet_uk,1.75,2026-09-29T20:11:50.324947+00:00,2026-09-29T20:11:51.841749+00:00,348.1,-0.023456250000000012,REJECT,tennis_predictions/price_snapshots.csv
c117324b49e6de69,da4f059a3138fb08,virginbet,1.71,2026-09-29T20:11:50.324947+00:00,2026-09-29T20:11:51.841749+00:00,348.1,-0.04577725000000005,REJECT,tennis_predictions/price_snapshots.csv
f978b1d746acc268,da4f059a3138fb08,williamhill,1.73,2026-09-29T20:11:50.324947+00:00,2026-09-29T20:11:51.841749+00:00,348.1,-0.03461675000000003,REJECT,tennis_predictions/price_snapshots.csv
6bc1bc6e1806cbfd,141191390bddd2f8,betfair_ex_uk,1.69,2026-09-29T20:11:50.324947+00:00,2026-09-29T20:11:51.841749+00:00,348.1,-0.037311850499999966,REJECT,tennis_predictions/price_snapshots.csv
48ec4c26bd02832a,141191390bddd2f8,betano_uk,1.53,2026-09-29T20:11:50.324947+00:00,2026-09-29T20:11:51.841749+00:00,348.1,-0.1102912299999999,REJECT,tennis_predictions/price_snapshots.csv
060563a4f03ca092,141191390bddd2f8,betvictor,1.53,2026-09-29T20:11:50.324947+00:00,2026-09-29T20:11:51.841749+00:00,348.1,-0.1102912299999999,REJECT,tennis_predictions/price_snapshots.csv
538da15d77d2859a,141191390bddd2f8,betway,1.65,2026-09-29T20:11:50.324947+00:00,2026-09-29T20:11:51.841749+00:00,348.1,-0.04051014999999997,REJECT,tennis_predictions/price_snapshots.csv
666996d50bdb69cc,141191390bddd2f8,boylesports,1.57,2026-09-29T20:11:50.324947+00:00,2026-09-29T20:11:51.841749+00:00,348.1,-0.08703086999999987,REJECT,tennis_predictions/price_snapshots.csv
eb4f914d4f26f50b,141191390bddd2f8,casumo,1.57,2026-09-29T20:11:50.324947+00:00,2026-09-29T20:11:51.841749+00:00,348.1,-0.08703086999999987,REJECT,tennis_predictions/price_snapshots.csv
1121b668b5cbf34a,141191390bddd2f8,coral,1.6,2026-09-29T20:11:50.324947+00:00,2026-09-29T20:11:51.841749+00:00,348.1,-0.06958559999999986,REJECT,tennis_predictions/price_snapshots.csv
e036deb6f711981c,141191390bddd2f8,grosvenor,1.57,2026-09-29T20:11:50.324947+00:00,2026-09-29T20:11:51.841749+00:00,348.1,-0.08703086999999987,REJECT,tennis_predictions/price_snapshots.csv
183794285b9b5e06,141191390bddd2f8,ladbrokes_uk,1.6,2026-09-29T20:11:50.324947+00:00,2026-09-29T20:11:51.841749+00:00,348.1,-0.06958559999999986,REJECT,tennis_predictions/price_snapshots.csv
e80013d02f174e3a,141191390bddd2f8,leovegas,1.6,2026-09-29T20:11:50.324947+00:00,2026-09-29T20:11:51.841749+00:00,348.1,-0.06958559999999986,REJECT,tennis_predictions/price_snapshots.csv
8a6a10db6245d8fd,141191390bddd2f8,livescorebet,1.58,2026-09-29T20:11:50.324947+00:00,2026-09-29T20:11:51.841749+00:00,348.1,-0.08121577999999985,REJECT,tennis_predictions/price_snapshots.csv
c1952bc41bec461c,141191390bddd2f8,matchbook,1.69,2026-09-29T20:11:50.324947+00:00,2026-09-29T20:11:51.841749+00:00,348.1,,REJECT,tennis_predictions/price_snapshots.csv
f0842f9f52650d9a,141191390bddd2f8,paddypower,1.62,2026-09-29T20:11:50.324947+00:00,2026-09-29T20:11:51.841749+00:00,348.1,-0.05795541999999987,REJECT,tennis_predictions/price_snapshots.csv
7d19bb2b0690d4e1,141191390bddd2f8,skybet,1.62,2026-09-29T20:11:50.324947+00:00,2026-09-29T20:11:51.841749+00:00,348.1,-0.05795541999999987,REJECT,tennis_predictions/price_snapshots.csv
97a019011c3db6f7,141191390bddd2f8,smarkets,1.61,2026-09-29T20:11:50.324947+00:00,2026-09-29T20:11:51.841749+00:00,348.1,-0.07086491979999987,REJECT,tennis_predictions/price_snapshots.csv
d2cac344ce8da7de,141191390bddd2f8,sport888,1.67,2026-09-29T20:11:50.324947+00:00,2026-09-29T20:11:51.841749+00:00,348.1,-0.028879969999999977,REJECT,tennis_predictions/price_snapshots.csv
3b9206afe3baba89,141191390bddd2f8,unibet_uk,1.6,2026-09-29T20:11:50.324947+00:00,2026-09-29T20:11:51.841749+00:00,348.1,-0.06958559999999986,REJECT,tennis_predictions/price_snapshots.csv
720fda4e7fea59c2,141191390bddd2f8,virginbet,1.58,2026-09-29T20:11:50.324947+00:00,2026-09-29T20:11:51.841749+00:00,348.1,-0.08121577999999985,REJECT,tennis_predictions/price_snapshots.csv
07e3692d35825566,403e54da6a9cb960,betfair_ex_uk,1.93,2026-09-29T20:11:50.324947+00:00,2026-09-29T20:11:51.841749+00:00,348.1,-0.03241591400000016,REJECT,tennis_predictions/price_snapshots.csv
9a8a733eb8d2e4f3,403e54da6a9cb960,betano_uk,1.8,2026-09-29T20:11:50.324947+00:00,2026-09-29T20:11:51.841749+00:00,348.1,-0.07531120000000008,REJECT,tennis_predictions/price_snapshots.csv
fc818ccc9cdc9549,403e54da6a9cb960,betfair_sb_uk,1.9,2026-09-29T20:11:50.324947+00:00,2026-09-29T20:11:51.841749+00:00,348.1,-0.023939600000000116,REJECT,tennis_predictions/price_snapshots.csv
f8cd3faf101f7132,403e54da6a9cb960,betvictor,1.8,2026-09-29T20:11:50.324947+00:00,2026-09-29T20:11:51.841749+00:00,348.1,-0.07531120000000008,REJECT,tennis_predictions/price_snapshots.csv
9cde178cef80c972,403e54da6a9cb960,betway,1.85,2026-09-29T20:11:50.324947+00:00,2026-09-29T20:11:51.841749+00:00,348.1,-0.04962540000000004,REJECT,tennis_predictions/price_snapshots.csv
ef8a5202addf7655,403e54da6a9cb960,boylesports,1.83,2026-09-29T20:11:50.324947+00:00,2026-09-29T20:11:51.841749+00:00,348.1,-0.059899720000000045,REJECT,tennis_predictions/price_snapshots.csv
c55d77f103b3e3ff,403e54da6a9cb960,casumo,1.91,2026-09-29T20:11:50.324947+00:00,2026-09-29T20:11:51.841749+00:00,348.1,-0.018802440000000142,REJECT,tennis_predictions/price_snapshots.csv
75cac1f9d3e41d5f,403e54da6a9cb960,coral,1.8,2026-09-29T20:11:50.324947+00:00,2026-09-29T20:11:51.841749+00:00,348.1,-0.07531120000000008,REJECT,tennis_predictions/price_snapshots.csv
53bd267701f2fd46,403e54da6a9cb960,grosvenor,1.91,2026-09-29T20:11:50.324947+00:00,2026-09-29T20:11:51.841749+00:00,348.1,-0.018802440000000142,REJECT,tennis_predictions/price_snapshots.csv
06e5d23901ee7a06,403e54da6a9cb960,ladbrokes_uk,1.8,2026-09-29T20:11:50.324947+00:00,2026-09-29T20:11:51.841749+00:00,348.1,-0.07531120000000008,REJECT,tennis_predictions/price_snapshots.csv
5bb22da4229f82ce,403e54da6a9cb960,leovegas,1.83,2026-09-29T20:11:50.324947+00:00,2026-09-29T20:11:51.841749+00:00,348.1,-0.059899720000000045,REJECT,tennis_predictions/price_snapshots.csv
b495540a986ebbba,403e54da6a9cb960,livescorebet,1.91,2026-09-29T20:11:50.324947+00:00,2026-09-29T20:11:51.841749+00:00,348.1,-0.018802440000000142,REJECT,tennis_predictions/price_snapshots.csv
674ef9e6c0416dfd,403e54da6a9cb960,matchbook,1.93,2026-09-29T20:11:50.324947+00:00,2026-09-29T20:11:51.841749+00:00,348.1,,REJECT,tennis_predictions/price_snapshots.csv
f2633721bdf1eeec,403e54da6a9cb960,paddypower,1.91,2026-09-29T20:11:50.324947+00:00,2026-09-29T20:11:51.841749+00:00,348.1,-0.018802440000000142,REJECT,tennis_predictions/price_snapshots.csv
52d1144ce3abcbd2,403e54da6a9cb960,skybet,1.91,2026-09-29T20:11:50.324947+00:00,2026-09-29T20:11:51.841749+00:00,348.1,-0.018802440000000142,REJECT,tennis_predictions/price_snapshots.csv
a6de82c1d7dbdef7,403e54da6a9cb960,smarkets,1.9,2026-09-29T20:11:50.324947+00:00,2026-09-29T20:11:51.841749+00:00,348.1,-0.033186488000000125,REJECT,tennis_predictions/price_snapshots.csv
78871bab75cc8e87,403e54da6a9cb960,sport888,1.85,2026-09-29T20:11:50.324947+00:00,2026-09-29T20:11:51.841749+00:00,348.1,-0.04962540000000004,REJECT,tennis_predictions/price_snapshots.csv
2bdd7f434b8962fa,403e54da6a9cb960,unibet_uk,1.81,2026-09-29T20:11:50.324947+00:00,2026-09-29T20:11:51.841749+00:00,348.1,-0.07017404000000005,REJECT,tennis_predictions/price_snapshots.csv
f591766104936b26,403e54da6a9cb960,virginbet,1.91,2026-09-29T20:11:50.324947+00:00,2026-09-29T20:11:51.841749+00:00,348.1,-0.018802440000000142,REJECT,tennis_predictions/price_snapshots.csv
3b84c722da59463d,403e54da6a9cb960,williamhill,1.85,2026-09-29T20:11:50.324947+00:00,2026-09-29T20:11:51.841749+00:00,348.1,-0.04962540000000004,REJECT,tennis_predictions/price_snapshots.csv
27d00863ece33d5e,10aed912d24ec9c6,betfair_ex_uk,1.45,2026-09-29T20:11:50.324947+00:00,2026-09-29T20:11:51.841749+00:00,348.1,-0.019742887499999973,REJECT,tennis_predictions/price_snapshots.csv
35cbfa6dbdadfbf7,10aed912d24ec9c6,betano_uk,1.4,2026-09-29T20:11:50.324947+00:00,2026-09-29T20:11:51.841749+00:00,348.1,-0.03862699999999997,REJECT,tennis_predictions/price_snapshots.csv
99e19bbd1afe6e18,10aed912d24ec9c6,betvictor,1.4,2026-09-29T20:11:50.324947+00:00,2026-09-29T20:11:51.841749+00:00,348.1,-0.03862699999999997,REJECT,tennis_predictions/price_snapshots.csv
da7f862f39f0bb32,10aed912d24ec9c6,betway,1.44,2026-09-29T20:11:50.324947+00:00,2026-09-29T20:11:51.841749+00:00,348.1,-0.01115919999999998,REJECT,tennis_predictions/price_snapshots.csv
dd2aef74a1b7944e,10aed912d24ec9c6,boylesports,1.44,2026-09-29T20:11:50.324947+00:00,2026-09-29T20:11:51.841749+00:00,348.1,-0.01115919999999998,REJECT,tennis_predictions/price_snapshots.csv
68a629aedc766792,10aed912d24ec9c6,casumo,1.43,2026-09-29T20:11:50.324947+00:00,2026-09-29T20:11:51.841749+00:00,348.1,-0.018026149999999963,REJECT,tennis_predictions/price_snapshots.csv
b539b3d41be68843,10aed912d24ec9c6,coral,1.4,2026-09-29T20:11:50.324947+00:00,2026-09-29T20:11:51.841749+00:00,348.1,-0.03862699999999997,REJECT,tennis_predictions/price_snapshots.csv
aa86db8c65938aa2,10aed912d24ec9c6,grosvenor,1.43,2026-09-29T20:11:50.324947+00:00,2026-09-29T20:11:51.841749+00:00,348.1,-0.018026149999999963,REJECT,tennis_predictions/price_snapshots.csv
e64b200a2b36da3b,10aed912d24ec9c6,ladbrokes_uk,1.4,2026-09-29T20:11:50.324947+00:00,2026-09-29T20:11:51.841749+00:00,348.1,-0.03862699999999997,REJECT,tennis_predictions/price_snapshots.csv
abbc632bd80196d8,10aed912d24ec9c6,leovegas,1.38,2026-09-29T20:11:50.324947+00:00,2026-09-29T20:11:51.841749+00:00,348.1,-0.05236089999999999,REJECT,tennis_predictions/price_snapshots.csv
076594418084e91b,10aed912d24ec9c6,livescorebet,1.44,2026-09-29T20:11:50.324947+00:00,2026-09-29T20:11:51.841749+00:00,348.1,-0.01115919999999998,REJECT,tennis_predictions/price_snapshots.csv
f4959c36d01bfc1a,10aed912d24ec9c6,matchbook,1.45,2026-09-29T20:11:50.324947+00:00,2026-09-29T20:11:51.841749+00:00,348.1,,REJECT,tennis_predictions/price_snapshots.csv
c9c0198adb3d6cdb,10aed912d24ec9c6,paddypower,1.36,2026-09-29T20:11:50.324947+00:00,2026-09-29T20:11:51.841749+00:00,348.1,-0.06609479999999987,REJECT,tennis_predictions/price_snapshots.csv
830295e4f14a1115,10aed912d24ec9c6,skybet,1.36,2026-09-29T20:11:50.324947+00:00,2026-09-29T20:11:51.841749+00:00,348.1,-0.06609479999999987,REJECT,tennis_predictions/price_snapshots.csv
6a4c2d3c581dc90a,10aed912d24ec9c6,smarkets,1.43,2026-09-29T20:11:50.324947+00:00,2026-09-29T20:11:51.841749+00:00,348.1,-0.023931726999999958,REJECT,tennis_predictions/price_snapshots.csv
8cbce7df304bc491,10aed912d24ec9c6,sport888,1.4,2026-09-29T20:11:50.324947+00:00,2026-09-29T20:11:51.841749+00:00,348.1,-0.03862699999999997,REJECT,tennis_predictions/price_snapshots.csv
b0c5e8355d68ace2,10aed912d24ec9c6,unibet_uk,1.42,2026-09-29T20:11:50.324947+00:00,2026-09-29T20:11:51.841749+00:00,348.1,-0.024893099999999946,REJECT,tennis_predictions/price_snapshots.csv
f508ef011f087628,10aed912d24ec9c6,virginbet,1.44,2026-09-29T20:11:50.324947+00:00,2026-09-29T20:11:51.841749+00:00,348.1,-0.01115919999999998,REJECT,tennis_predictions/price_snapshots.csv
d3a2b8ab9f5c9c92,10aed912d24ec9c6,williamhill,1.4,2026-09-29T20:11:50.324947+00:00,2026-09-29T20:11:51.841749+00:00,348.1,-0.03862699999999997,REJECT,tennis_predictions/price_snapshots.csv
bb98ce2ea0a6e178,71b5ed80c465bb83,betfair_ex_uk,1.33,2026-09-29T20:11:50.324947+00:00,2026-09-29T20:11:51.841749+00:00,348.1,-0.02425733049999998,REJECT,tennis_predictions/price_snapshots.csv
c6e9a0e85ac8c875,71b5ed80c465bb83,betano_uk,1.29,2026-09-29T20:11:50.324947+00:00,2026-09-29T20:11:51.841749+00:00,348.1,-0.041714469999999976,REJECT,tennis_predictions/price_snapshots.csv
1c6275f71b8173f0,71b5ed80c465bb83,betvictor,1.29,2026-09-29T20:11:50.324947+00:00,2026-09-29T20:11:51.841749+00:00,348.1,-0.041714469999999976,REJECT,tennis_predictions/price_snapshots.csv
4e90fba6f4d471d8,71b5ed80c465bb83,betway,1.3,2026-09-29T20:11:50.324947+00:00,2026-09-29T20:11:51.841749+00:00,348.1,-0.03428589999999998,REJECT,tennis_predictions/price_snapshots.csv
0b195363531b0657,71b5ed80c465bb83,boylesports,1.3,2026-09-29T20:11:50.324947+00:00,2026-09-29T20:11:51.841749+00:00,348.1,-0.03428589999999998,REJECT,tennis_predictions/price_snapshots.csv
e64aef648fe7a09d,71b5ed80c465bb83,casumo,1.33,2026-09-29T20:11:50.324947+00:00,2026-09-29T20:11:51.841749+00:00,348.1,-0.012000189999999966,REJECT,tennis_predictions/price_snapshots.csv
ee5e8b08da63a402,71b5ed80c465bb83,coral,1.28,2026-09-29T20:11:50.324947+00:00,2026-09-29T20:11:51.841749+00:00,348.1,-0.04914304,REJECT,tennis_predictions/price_snapshots.csv
cff41adb2ef6284e,71b5ed80c465bb83,grosvenor,1.33,2026-09-29T20:11:50.324947+00:00,2026-09-29T20:11:51.841749+00:00,348.1,-0.012000189999999966,REJECT,tennis_predictions/price_snapshots.csv
7a9518b1916d9234,71b5ed80c465bb83,ladbrokes_uk,1.28,2026-09-29T20:11:50.324947+00:00,2026-09-29T20:11:51.841749+00:00,348.1,-0.04914304,REJECT,tennis_predictions/price_snapshots.csv
85d41f4896919600,71b5ed80c465bb83,leovegas,1.28,2026-09-29T20:11:50.324947+00:00,2026-09-29T20:11:51.841749+00:00,348.1,-0.04914304,REJECT,tennis_predictions/price_snapshots.csv
7119ac47237343b9,71b5ed80c465bb83,livescorebet,1.33,2026-09-29T20:11:50.324947+00:00,2026-09-29T20:11:51.841749+00:00,348.1,-0.012000189999999966,REJECT,tennis_predictions/price_snapshots.csv
d76eb08c434feda5,71b5ed80c465bb83,matchbook,1.33,2026-09-29T20:11:50.324947+00:00,2026-09-29T20:11:51.841749+00:00,348.1,,REJECT,tennis_predictions/price_snapshots.csv
333faf0a2e33186a,71b5ed80c465bb83,paddypower,1.25,2026-09-29T20:11:50.324947+00:00,2026-09-29T20:11:51.841749+00:00,348.1,-0.07142875000000001,REJECT,tennis_predictions/price_snapshots.csv
eb8a5d2335fd9d00,71b5ed80c465bb83,skybet,1.25,2026-09-29T20:11:50.324947+00:00,2026-09-29T20:11:51.841749+00:00,348.1,-0.07142875000000001,REJECT,tennis_predictions/price_snapshots.csv
cf3c27718855cfa9,71b5ed80c465bb83,smarkets,1.3,2026-09-29T20:11:50.324947+00:00,2026-09-29T20:11:51.841749+00:00,348.1,-0.03874304199999998,REJECT,tennis_predictions/price_snapshots.csv
b422ce971ec5117b,71b5ed80c465bb83,sport888,1.3,2026-09-29T20:11:50.324947+00:00,2026-09-29T20:11:51.841749+00:00,348.1,-0.03428589999999998,REJECT,tennis_predictions/price_snapshots.csv
20ae576e959978d5,71b5ed80c465bb83,unibet_uk,1.28,2026-09-29T20:11:50.324947+00:00,2026-09-29T20:11:51.841749+00:00,348.1,-0.04914304,REJECT,tennis_predictions/price_snapshots.csv
2e85140302f71310,71b5ed80c465bb83,virginbet,1.33,2026-09-29T20:11:50.324947+00:00,2026-09-29T20:11:51.841749+00:00,348.1,-0.012000189999999966,REJECT,tennis_predictions/price_snapshots.csv
1a4663e64ca8368a,71b5ed80c465bb83,williamhill,1.3,2026-09-29T20:11:50.324947+00:00,2026-09-29T20:11:51.841749+00:00,348.1,-0.03428589999999998,REJECT,tennis_predictions/price_snapshots.csv
5f535fc08ab276b7,d4a3ef8d546b9b7f,betfair_ex_uk,1.64,2026-09-29T20:11:50.324947+00:00,2026-09-29T20:11:51.841749+00:00,348.1,-0.03058343200000002,WATCH,tennis_predictions/price_snapshots.csv
92f88a14d6bbd2bb,d4a3ef8d546b9b7f,betano_uk,1.6,2026-09-29T20:11:50.324947+00:00,2026-09-29T20:11:51.841749+00:00,348.1,-0.035406399999999894,WATCH,tennis_predictions/price_snapshots.csv
a959a87c9ae32f50,d4a3ef8d546b9b7f,betvictor,1.6,2026-09-29T20:11:50.324947+00:00,2026-09-29T20:11:51.841749+00:00,348.1,-0.035406399999999894,WATCH,tennis_predictions/price_snapshots.csv
bc2e8ad6753c5575,d4a3ef8d546b9b7f,betway,1.6,2026-09-29T20:11:50.324947+00:00,2026-09-29T20:11:51.841749+00:00,348.1,-0.035406399999999894,WATCH,tennis_predictions/price_snapshots.csv
ffaa5a281982bbeb,d4a3ef8d546b9b7f,boylesports,1.62,2026-09-29T20:11:50.324947+00:00,2026-09-29T20:11:51.841749+00:00,348.1,-0.023348979999999853,WATCH,tennis_predictions/price_snapshots.csv
39521a17f4258d3a,d4a3ef8d546b9b7f,casumo,1.6,2026-09-29T20:11:50.324947+00:00,2026-09-29T20:11:51.841749+00:00,348.1,-0.035406399999999894,WATCH,tennis_predictions/price_snapshots.csv
2b6305f922af25c4,d4a3ef8d546b9b7f,coral,1.6,2026-09-29T20:11:50.324947+00:00,2026-09-29T20:11:51.841749+00:00,348.1,-0.035406399999999894,WATCH,tennis_predictions/price_snapshots.csv
09f105f3b8d4775b,d4a3ef8d546b9b7f,grosvenor,1.6,2026-09-29T20:11:50.324947+00:00,2026-09-29T20:11:51.841749+00:00,348.1,-0.035406399999999894,WATCH,tennis_predictions/price_snapshots.csv
ba12f3de79f216d0,d4a3ef8d546b9b7f,ladbrokes_uk,1.6,2026-09-29T20:11:50.324947+00:00,2026-09-29T20:11:51.841749+00:00,348.1,-0.035406399999999894,WATCH,tennis_predictions/price_snapshots.csv
916b7b64ac15e048,d4a3ef8d546b9b7f,leovegas,1.57,2026-09-29T20:11:50.324947+00:00,2026-09-29T20:11:51.841749+00:00,348.1,-0.05349252999999987,WATCH,tennis_predictions/price_snapshots.csv
29e9b87b28508fa4,d4a3ef8d546b9b7f,livescorebet,1.6,2026-09-29T20:11:50.324947+00:00,2026-09-29T20:11:51.841749+00:00,348.1,-0.035406399999999894,WATCH,tennis_predictions/price_snapshots.csv
12bd2a920bd5adcf,d4a3ef8d546b9b7f,matchbook,1.62,2026-09-29T20:11:50.324947+00:00,2026-09-29T20:11:51.841749+00:00,348.1,,WATCH,tennis_predictions/price_snapshots.csv
9494d0407b2bfdc3,d4a3ef8d546b9b7f,paddypower,1.62,2026-09-29T20:11:50.324947+00:00,2026-09-29T20:11:51.841749+00:00,348.1,-0.023348979999999853,WATCH,tennis_predictions/price_snapshots.csv
e5c35f9bcebffcc5,d4a3ef8d546b9b7f,skybet,1.62,2026-09-29T20:11:50.324947+00:00,2026-09-29T20:11:51.841749+00:00,348.1,-0.023348979999999853,WATCH,tennis_predictions/price_snapshots.csv
b02032622e0dfc68,d4a3ef8d546b9b7f,smarkets,1.55,2026-09-29T20:11:50.324947+00:00,2026-09-29T20:11:51.841749+00:00,348.1,-0.07218153099999991,WATCH,tennis_predictions/price_snapshots.csv
bc6d7df9f6abcc85,d4a3ef8d546b9b7f,sport888,1.67,2026-09-29T20:11:50.324947+00:00,2026-09-29T20:11:51.841749+00:00,348.1,0.006794570000000055,WATCH,tennis_predictions/price_snapshots.csv
6524e6d91822772e,d4a3ef8d546b9b7f,unibet_uk,1.6,2026-09-29T20:11:50.324947+00:00,2026-09-29T20:11:51.841749+00:00,348.1,-0.035406399999999894,WATCH,tennis_predictions/price_snapshots.csv
2cf120563a3c82e7,d4a3ef8d546b9b7f,virginbet,1.6,2026-09-29T20:11:50.324947+00:00,2026-09-29T20:11:51.841749+00:00,348.1,-0.035406399999999894,WATCH,tennis_predictions/price_snapshots.csv
ca0b553abc166b49,eb801319641b91ab,betfair_ex_uk,1.51,2026-09-29T20:11:50.324947+00:00,2026-09-29T20:11:51.841749+00:00,348.1,-0.021465104000000068,REJECT,tennis_predictions/price_snapshots.csv
fd75f4729c393c8a,eb801319641b91ab,betano_uk,1.5,2026-09-29T20:11:50.324947+00:00,2026-09-29T20:11:51.841749+00:00,348.1,-0.011248000000000036,REJECT,tennis_predictions/price_snapshots.csv
eed8d2bef9a12880,eb801319641b91ab,betfair_sb_uk,1.44,2026-09-29T20:11:50.324947+00:00,2026-09-29T20:11:51.841749+00:00,348.1,-0.05079808000000008,REJECT,tennis_predictions/price_snapshots.csv
a681fcf5eb0dbea5,eb801319641b91ab,betvictor,1.5,2026-09-29T20:11:50.324947+00:00,2026-09-29T20:11:51.841749+00:00,348.1,-0.011248000000000036,REJECT,tennis_predictions/price_snapshots.csv
87f7a6270a7e5fb4,eb801319641b91ab,betway,1.45,2026-09-29T20:11:50.324947+00:00,2026-09-29T20:11:51.841749+00:00,348.1,-0.04420640000000009,REJECT,tennis_predictions/price_snapshots.csv
0eab8f28c2f62521,eb801319641b91ab,boylesports,1.5,2026-09-29T20:11:50.324947+00:00,2026-09-29T20:11:51.841749+00:00,348.1,-0.011248000000000036,REJECT,tennis_predictions/price_snapshots.csv
7892ea6cfe7f20d5,eb801319641b91ab,casumo,1.45,2026-09-29T20:11:50.324947+00:00,2026-09-29T20:11:51.841749+00:00,348.1,-0.04420640000000009,REJECT,tennis_predictions/price_snapshots.csv
6c60807540218ea3,eb801319641b91ab,coral,1.48,2026-09-29T20:11:50.324947+00:00,2026-09-29T20:11:51.841749+00:00,348.1,-0.02443136000000007,REJECT,tennis_predictions/price_snapshots.csv
75724171de984b2e,eb801319641b91ab,grosvenor,1.45,2026-09-29T20:11:50.324947+00:00,2026-09-29T20:11:51.841749+00:00,348.1,-0.04420640000000009,REJECT,tennis_predictions/price_snapshots.csv
d618f19e8f051502,eb801319641b91ab,ladbrokes_uk,1.48,2026-09-29T20:11:50.324947+00:00,2026-09-29T20:11:51.841749+00:00,348.1,-0.02443136000000007,REJECT,tennis_predictions/price_snapshots.csv
97dc54adb40c0ca7,eb801319641b91ab,leovegas,1.47,2026-09-29T20:11:50.324947+00:00,2026-09-29T20:11:51.841749+00:00,348.1,-0.031023040000000057,REJECT,tennis_predictions/price_snapshots.csv
a256f4fe46bb0633,eb801319641b91ab,livescorebet,1.46,2026-09-29T20:11:50.324947+00:00,2026-09-29T20:11:51.841749+00:00,348.1,-0.037614720000000046,REJECT,tennis_predictions/price_snapshots.csv
ae36f8aba62fc058,eb801319641b91ab,matchbook,1.51,2026-09-29T20:11:50.324947+00:00,2026-09-29T20:11:51.841749+00:00,348.1,,REJECT,tennis_predictions/price_snapshots.csv
528951cbf193b838,eb801319641b91ab,paddypower,1.44,2026-09-29T20:11:50.324947+00:00,2026-09-29T20:11:51.841749+00:00,348.1,-0.05079808000000008,REJECT,tennis_predictions/price_snapshots.csv
aefff50e6914173c,eb801319641b91ab,skybet,1.44,2026-09-29T20:11:50.324947+00:00,2026-09-29T20:11:51.841749+00:00,348.1,-0.05079808000000008,REJECT,tennis_predictions/price_snapshots.csv
a12649cb2e550170,eb801319641b91ab,smarkets,1.49,2026-09-29T20:11:50.324947+00:00,2026-09-29T20:11:51.841749+00:00,348.1,-0.02429952640000005,REJECT,tennis_predictions/price_snapshots.csv
8a953248d453fa39,eb801319641b91ab,sport888,1.5,2026-09-29T20:11:50.324947+00:00,2026-09-29T20:11:51.841749+00:00,348.1,-0.011248000000000036,REJECT,tennis_predictions/price_snapshots.csv
71ff9d0546b41449,eb801319641b91ab,unibet_uk,1.45,2026-09-29T20:11:50.324947+00:00,2026-09-29T20:11:51.841749+00:00,348.1,-0.04420640000000009,REJECT,tennis_predictions/price_snapshots.csv
e1821dbfd4efd5fb,eb801319641b91ab,virginbet,1.46,2026-09-29T20:11:50.324947+00:00,2026-09-29T20:11:51.841749+00:00,348.1,-0.037614720000000046,REJECT,tennis_predictions/price_snapshots.csv
14a35c7091b7ce73,eb801319641b91ab,williamhill,1.5,2026-09-29T20:11:50.324947+00:00,2026-09-29T20:11:51.841749+00:00,348.1,-0.011248000000000036,REJECT,tennis_predictions/price_snapshots.csv
cc316ef13b687fd6,6a7cca8e712a9d05,betfair_ex_uk,1.44,2026-09-29T20:11:50.324947+00:00,2026-09-29T20:11:51.841749+00:00,348.1,-0.027613589999999966,REJECT,tennis_predictions/price_snapshots.csv
683f60b6469f307a,6a7cca8e712a9d05,betano_uk,1.4,2026-09-29T20:11:50.324947+00:00,2026-09-29T20:11:51.841749+00:00,348.1,-0.039956999999999965,REJECT,tennis_predictions/price_snapshots.csv
ea82b51da7714051,6a7cca8e712a9d05,betvictor,1.4,2026-09-29T20:11:50.324947+00:00,2026-09-29T20:11:51.841749+00:00,348.1,-0.039956999999999965,REJECT,tennis_predictions/price_snapshots.csv
ba935d57389810b0,6a7cca8e712a9d05,betway,1.4,2026-09-29T20:11:50.324947+00:00,2026-09-29T20:11:51.841749+00:00,348.1,-0.039956999999999965,REJECT,tennis_predictions/price_snapshots.csv
3a604f733badf9ba,6a7cca8e712a9d05,boylesports,1.4,2026-09-29T20:11:50.324947+00:00,2026-09-29T20:11:51.841749+00:00,348.1,-0.039956999999999965,REJECT,tennis_predictions/price_snapshots.csv
5795ef808b5be1f2,6a7cca8e712a9d05,casumo,1.43,2026-09-29T20:11:50.324947+00:00,2026-09-29T20:11:51.841749+00:00,348.1,-0.019384649999999948,REJECT,tennis_predictions/price_snapshots.csv
558234790d59616b,6a7cca8e712a9d05,coral,1.4,2026-09-29T20:11:50.324947+00:00,2026-09-29T20:11:51.841749+00:00,348.1,-0.039956999999999965,REJECT,tennis_predictions/price_snapshots.csv
6d743761cc3156c7,6a7cca8e712a9d05,grosvenor,1.43,2026-09-29T20:11:50.324947+00:00,2026-09-29T20:11:51.841749+00:00,348.1,-0.019384649999999948,REJECT,tennis_predictions/price_snapshots.csv
a8676cf2d1b17a78,6a7cca8e712a9d05,ladbrokes_uk,1.4,2026-09-29T20:11:50.324947+00:00,2026-09-29T20:11:51.841749+00:00,348.1,-0.039956999999999965,REJECT,tennis_predictions/price_snapshots.csv
e3d5a9244ec0cfd0,6a7cca8e712a9d05,leovegas,1.38,2026-09-29T20:11:50.324947+00:00,2026-09-29T20:11:51.841749+00:00,348.1,-0.053671899999999995,REJECT,tennis_predictions/price_snapshots.csv
48b77b82a197e708,6a7cca8e712a9d05,livescorebet,1.43,2026-09-29T20:11:50.324947+00:00,2026-09-29T20:11:51.841749+00:00,348.1,-0.019384649999999948,REJECT,tennis_predictions/price_snapshots.csv
f48c8cf04b58afbd,6a7cca8e712a9d05,matchbook,1.43,2026-09-29T20:11:50.324947+00:00,2026-09-29T20:11:51.841749+00:00,348.1,,REJECT,tennis_predictions/price_snapshots.csv
6eb9406c0807b8cc,6a7cca8e712a9d05,paddypower,1.4,2026-09-29T20:11:50.324947+00:00,2026-09-29T20:11:51.841749+00:00,348.1,-0.039956999999999965,REJECT,tennis_predictions/price_snapshots.csv
031b5e97bdb5c789,6a7cca8e712a9d05,skybet,1.4,2026-09-29T20:11:50.324947+00:00,2026-09-29T20:11:51.841749+00:00,348.1,-0.039956999999999965,REJECT,tennis_predictions/price_snapshots.csv
7f4ca7ad995cc42e,6a7cca8e712a9d05,smarkets,1.37,2026-09-29T20:11:50.324947+00:00,2026-09-29T20:11:51.841749+00:00,348.1,-0.06560386299999987,REJECT,tennis_predictions/price_snapshots.csv
cec9b0d99ea8530f,6a7cca8e712a9d05,sport888,1.4,2026-09-29T20:11:50.324947+00:00,2026-09-29T20:11:51.841749+00:00,348.1,-0.039956999999999965,REJECT,tennis_predictions/price_snapshots.csv
fb91e35ff6a85919,6a7cca8e712a9d05,unibet_uk,1.4,2026-09-29T20:11:50.324947+00:00,2026-09-29T20:11:51.841749+00:00,348.1,-0.039956999999999965,REJECT,tennis_predictions/price_snapshots.csv
2ecafa79a4c1eeb3,6a7cca8e712a9d05,virginbet,1.43,2026-09-29T20:11:50.324947+00:00,2026-09-29T20:11:51.841749+00:00,348.1,-0.019384649999999948,REJECT,tennis_predictions/price_snapshots.csv
478b54182409803a,5f3545a03c4597b7,betfair_ex_uk,1.75,2026-09-29T20:11:50.324947+00:00,2026-09-29T20:11:51.841749+00:00,348.1,-0.025030937500000072,REJECT,tennis_predictions/price_snapshots.csv
4f57b7a669d7555c,5f3545a03c4597b7,betano_uk,1.6,2026-09-29T20:11:50.324947+00:00,2026-09-29T20:11:51.841749+00:00,348.1,-0.08907999999999999,REJECT,tennis_predictions/price_snapshots.csv
72be74dbcb404d37,5f3545a03c4597b7,betfair_sb_uk,1.67,2026-09-29T20:11:50.324947+00:00,2026-09-29T20:11:51.841749+00:00,348.1,-0.04922725000000011,REJECT,tennis_predictions/price_snapshots.csv
d71d9e8701044145,5f3545a03c4597b7,betvictor,1.6,2026-09-29T20:11:50.324947+00:00,2026-09-29T20:11:51.841749+00:00,348.1,-0.08907999999999999,REJECT,tennis_predictions/price_snapshots.csv
14b90dd8c52e1b24,5f3545a03c4597b7,betway,1.65,2026-09-29T20:11:50.324947+00:00,2026-09-29T20:11:51.841749+00:00,348.1,-0.06061375000000008,REJECT,tennis_predictions/price_snapshots.csv
62ae0ca73ae6c86c,5f3545a03c4597b7,boylesports,1.57,2026-09-29T20:11:50.324947+00:00,2026-09-29T20:11:51.841749+00:00,348.1,-0.10615975,REJECT,tennis_predictions/price_snapshots.csv
3d34f7d4528795a1,5f3545a03c4597b7,casumo,1.62,2026-09-29T20:11:50.324947+00:00,2026-09-29T20:11:51.841749+00:00,348.1,-0.07769349999999997,REJECT,tennis_predictions/price_snapshots.csv
970e6bd6705c23ba,5f3545a03c4597b7,coral,1.65,2026-09-29T20:11:50.324947+00:00,2026-09-29T20:11:51.841749+00:00,348.1,-0.06061375000000008,REJECT,tennis_predictions/price_snapshots.csv
6b62f6a4f353dd3e,5f3545a03c4597b7,grosvenor,1.62,2026-09-29T20:11:50.324947+00:00,2026-09-29T20:11:51.841749+00:00,348.1,-0.07769349999999997,REJECT,tennis_predictions/price_snapshots.csv
052a22b5ca035de2,5f3545a03c4597b7,ladbrokes_uk,1.65,2026-09-29T20:11:50.324947+00:00,2026-09-29T20:11:51.841749+00:00,348.1,-0.06061375000000008,REJECT,tennis_predictions/price_snapshots.csv
b7e98dee8b8cf3f6,5f3545a03c4597b7,leovegas,1.62,2026-09-29T20:11:50.324947+00:00,2026-09-29T20:11:51.841749+00:00,348.1,-0.07769349999999997,REJECT,tennis_predictions/price_snapshots.csv
b35a11f2fae7f587,5f3545a03c4597b7,livescorebet,1.62,2026-09-29T20:11:50.324947+00:00,2026-09-29T20:11:51.841749+00:00,348.1,-0.07769349999999997,REJECT,tennis_predictions/price_snapshots.csv
ea2f688dcfa630ed,5f3545a03c4597b7,matchbook,1.75,2026-09-29T20:11:50.324947+00:00,2026-09-29T20:11:51.841749+00:00,348.1,,REJECT,tennis_predictions/price_snapshots.csv
dd3270cd982d4c01,5f3545a03c4597b7,paddypower,1.67,2026-09-29T20:11:50.324947+00:00,2026-09-29T20:11:51.841749+00:00,348.1,-0.04922725000000011,REJECT,tennis_predictions/price_snapshots.csv
643fb13e70296d29,5f3545a03c4597b7,skybet,1.67,2026-09-29T20:11:50.324947+00:00,2026-09-29T20:11:51.841749+00:00,348.1,-0.04922725000000011,REJECT,tennis_predictions/price_snapshots.csv
068da478973709f1,5f3545a03c4597b7,smarkets,1.72,2026-09-29T20:11:50.324947+00:00,2026-09-29T20:11:51.841749+00:00,348.1,-0.028959280000000087,REJECT,tennis_predictions/price_snapshots.csv
da7f2e010842aefb,5f3545a03c4597b7,sport888,1.67,2026-09-29T20:11:50.324947+00:00,2026-09-29T20:11:51.841749+00:00,348.1,-0.04922725000000011,REJECT,tennis_predictions/price_snapshots.csv
a9946534975ce703,5f3545a03c4597b7,unibet_uk,1.62,2026-09-29T20:11:50.324947+00:00,2026-09-29T20:11:51.841749+00:00,348.1,-0.07769349999999997,REJECT,tennis_predictions/price_snapshots.csv
4e93022745402876,5f3545a03c4597b7,virginbet,1.62,2026-09-29T20:11:50.324947+00:00,2026-09-29T20:11:51.841749+00:00,348.1,-0.07769349999999997,REJECT,tennis_predictions/price_snapshots.csv
e324e526dc11ae72,5f3545a03c4597b7,williamhill,1.67,2026-09-29T20:11:50.324947+00:00,2026-09-29T20:11:51.841749+00:00,348.1,-0.04922725000000011,REJECT,tennis_predictions/price_snapshots.csv
1fc90218bb981d65,574c53fed42c36b0,betfair_ex_uk,1.9,2026-09-29T20:11:50.324947+00:00,2026-09-29T20:11:51.841749+00:00,348.1,-0.025143705000000016,WATCH,tennis_predictions/price_snapshots.csv
5c33b8a1b2b2671c,574c53fed42c36b0,betano_uk,1.8,2026-09-29T20:11:50.324947+00:00,2026-09-29T20:11:51.841749+00:00,348.1,-0.054047799999999924,WATCH,tennis_predictions/price_snapshots.csv
b468ee6b0fda9cad,574c53fed42c36b0,betfair_sb_uk,1.8,2026-09-29T20:11:50.324947+00:00,2026-09-29T20:11:51.841749+00:00,348.1,-0.054047799999999924,WATCH,tennis_predictions/price_snapshots.csv
d67c36230203ae00,574c53fed42c36b0,betvictor,1.8,2026-09-29T20:11:50.324947+00:00,2026-09-29T20:11:51.841749+00:00,348.1,-0.054047799999999924,WATCH,tennis_predictions/price_snapshots.csv
72151376550932c6,574c53fed42c36b0,betway,1.8,2026-09-29T20:11:50.324947+00:00,2026-09-29T20:11:51.841749+00:00,348.1,-0.054047799999999924,WATCH,tennis_predictions/price_snapshots.csv
07f859696772ff15,574c53fed42c36b0,boylesports,1.91,2026-09-29T20:11:50.324947+00:00,2026-09-29T20:11:51.841749+00:00,348.1,0.0037603900000000023,WATCH,tennis_predictions/price_snapshots.csv
8692ab29ab85a485,574c53fed42c36b0,casumo,1.83,2026-09-29T20:11:50.324947+00:00,2026-09-29T20:11:51.841749+00:00,348.1,-0.03828192999999991,WATCH,tennis_predictions/price_snapshots.csv
b34f3471056f28ef,574c53fed42c36b0,coral,1.75,2026-09-29T20:11:50.324947+00:00,2026-09-29T20:11:51.841749+00:00,348.1,-0.08032424999999999,WATCH,tennis_predictions/price_snapshots.csv
d871f9931dfa3822,574c53fed42c36b0,grosvenor,1.83,2026-09-29T20:11:50.324947+00:00,2026-09-29T20:11:51.841749+00:00,348.1,-0.03828192999999991,WATCH,tennis_predictions/price_snapshots.csv
14c8ab9a9a24e66d,574c53fed42c36b0,ladbrokes_uk,1.75,2026-09-29T20:11:50.324947+00:00,2026-09-29T20:11:51.841749+00:00,348.1,-0.08032424999999999,WATCH,tennis_predictions/price_snapshots.csv
66ce548d4287e7ee,574c53fed42c36b0,leovegas,1.8,2026-09-29T20:11:50.324947+00:00,2026-09-29T20:11:51.841749+00:00,348.1,-0.054047799999999924,WATCH,tennis_predictions/price_snapshots.csv
2faf6a52b08156be,574c53fed42c36b0,livescorebet,1.84,2026-09-29T20:11:50.324947+00:00,2026-09-29T20:11:51.841749+00:00,348.1,-0.03302663999999994,WATCH,tennis_predictions/price_snapshots.csv
b4157a935e6a2065,574c53fed42c36b0,matchbook,1.9,2026-09-29T20:11:50.324947+00:00,2026-09-29T20:11:51.841749+00:00,348.1,,WATCH,tennis_predictions/price_snapshots.csv
00a9a3a63f1a2a67,574c53fed42c36b0,paddypower,1.8,2026-09-29T20:11:50.324947+00:00,2026-09-29T20:11:51.841749+00:00,348.1,-0.054047799999999924,WATCH,tennis_predictions/price_snapshots.csv
ac30dee6dc9f7600,574c53fed42c36b0,skybet,1.8,2026-09-29T20:11:50.324947+00:00,2026-09-29T20:11:51.841749+00:00,348.1,-0.054047799999999924,WATCH,tennis_predictions/price_snapshots.csv
c3b599122204f600,574c53fed42c36b0,smarkets,1.86,2026-09-29T20:11:50.324947+00:00,2026-09-29T20:11:51.841749+00:00,348.1,-0.03155515879999993,WATCH,tennis_predictions/price_snapshots.csv
bb6d8ae9e7063f5f,574c53fed42c36b0,sport888,1.8,2026-09-29T20:11:50.324947+00:00,2026-09-29T20:11:51.841749+00:00,348.1,-0.054047799999999924,WATCH,tennis_predictions/price_snapshots.csv
c68dceb599990055,574c53fed42c36b0,unibet_uk,1.8,2026-09-29T20:11:50.324947+00:00,2026-09-29T20:11:51.841749+00:00,348.1,-0.054047799999999924,WATCH,tennis_predictions/price_snapshots.csv
697a9e95e3a002f8,574c53fed42c36b0,virginbet,1.84,2026-09-29T20:11:50.324947+00:00,2026-09-29T20:11:51.841749+00:00,348.1,-0.03302663999999994,WATCH,tennis_predictions/price_snapshots.csv
3035035c36323982,574c53fed42c36b0,williamhill,1.8,2026-09-29T20:11:50.324947+00:00,2026-09-29T20:11:51.841749+00:00,348.1,-0.054047799999999924,WATCH,tennis_predictions/price_snapshots.csv
94a7118115902d07,41f91817ef5278e2,betfair_ex_uk,1.37,2026-09-29T20:11:50.324947+00:00,2026-09-29T20:11:51.841749+00:00,348.1,-0.01648236549999993,REJECT,tennis_predictions/price_snapshots.csv
28e4649b6a988f45,41f91817ef5278e2,betano_uk,1.3,2026-09-29T20:11:50.324947+00:00,2026-09-29T20:11:51.841749+00:00,348.1,-0.053960099999999955,REJECT,tennis_predictions/price_snapshots.csv
66ed43f70b2fccda,41f91817ef5278e2,betfair_sb_uk,1.3,2026-09-29T20:11:50.324947+00:00,2026-09-29T20:11:51.841749+00:00,348.1,-0.053960099999999955,REJECT,tennis_predictions/price_snapshots.csv
65cbb167780ec339,41f91817ef5278e2,betvictor,1.3,2026-09-29T20:11:50.324947+00:00,2026-09-29T20:11:51.841749+00:00,348.1,-0.053960099999999955,REJECT,tennis_predictions/price_snapshots.csv
2c71e6bbbe608d05,41f91817ef5278e2,betway,1.3,2026-09-29T20:11:50.324947+00:00,2026-09-29T20:11:51.841749+00:00,348.1,-0.053960099999999955,REJECT,tennis_predictions/price_snapshots.csv
b8364f079f53b29d,41f91817ef5278e2,boylesports,1.3,2026-09-29T20:11:50.324947+00:00,2026-09-29T20:11:51.841749+00:00,348.1,-0.053960099999999955,REJECT,tennis_predictions/price_snapshots.csv
17a4151719e42fcf,41f91817ef5278e2,casumo,1.3,2026-09-29T20:11:50.324947+00:00,2026-09-29T20:11:51.841749+00:00,348.1,-0.053960099999999955,REJECT,tennis_predictions/price_snapshots.csv
0aa282d4433ebb41,41f91817ef5278e2,coral,1.3,2026-09-29T20:11:50.324947+00:00,2026-09-29T20:11:51.841749+00:00,348.1,-0.053960099999999955,REJECT,tennis_predictions/price_snapshots.csv
b25b35067ecd0345,41f91817ef5278e2,grosvenor,1.3,2026-09-29T20:11:50.324947+00:00,2026-09-29T20:11:51.841749+00:00,348.1,-0.053960099999999955,REJECT,tennis_predictions/price_snapshots.csv
950abbe1b4d135bd,41f91817ef5278e2,ladbrokes_uk,1.3,2026-09-29T20:11:50.324947+00:00,2026-09-29T20:11:51.841749+00:00,348.1,-0.053960099999999955,REJECT,tennis_predictions/price_snapshots.csv
4c866ca710a04985,41f91817ef5278e2,leovegas,1.3,2026-09-29T20:11:50.324947+00:00,2026-09-29T20:11:51.841749+00:00,348.1,-0.053960099999999955,REJECT,tennis_predictions/price_snapshots.csv
48be5e433309cb66,41f91817ef5278e2,livescorebet,1.3,2026-09-29T20:11:50.324947+00:00,2026-09-29T20:11:51.841749+00:00,348.1,-0.053960099999999955,REJECT,tennis_predictions/price_snapshots.csv
583438372ad43354,41f91817ef5278e2,matchbook,1.37,2026-09-29T20:11:50.324947+00:00,2026-09-29T20:11:51.841749+00:00,348.1,,REJECT,tennis_predictions/price_snapshots.csv
ca187de0493c1c9a,41f91817ef5278e2,paddypower,1.29,2026-09-29T20:11:50.324947+00:00,2026-09-29T20:11:51.841749+00:00,348.1,-0.06123732999999995,REJECT,tennis_predictions/price_snapshots.csv
2b54b28ae4ae687c,41f91817ef5278e2,skybet,1.3,2026-09-29T20:11:50.324947+00:00,2026-09-29T20:11:51.841749+00:00,348.1,-0.053960099999999955,REJECT,tennis_predictions/price_snapshots.csv
3c03e18d5f3a2b54,41f91817ef5278e2,smarkets,1.34,2026-09-29T20:11:50.324947+00:00,2026-09-29T20:11:51.841749+00:00,348.1,-0.029799696399999936,REJECT,tennis_predictions/price_snapshots.csv
1d249002a6aead10,41f91817ef5278e2,sport888,1.33,2026-09-29T20:11:50.324947+00:00,2026-09-29T20:11:51.841749+00:00,348.1,-0.03212840999999994,REJECT,tennis_predictions/price_snapshots.csv
675dbfa047c7aeff,41f91817ef5278e2,unibet_uk,1.3,2026-09-29T20:11:50.324947+00:00,2026-09-29T20:11:51.841749+00:00,348.1,-0.053960099999999955,REJECT,tennis_predictions/price_snapshots.csv
7e90fff49dadfcb0,41f91817ef5278e2,virginbet,1.3,2026-09-29T20:11:50.324947+00:00,2026-09-29T20:11:51.841749+00:00,348.1,-0.053960099999999955,REJECT,tennis_predictions/price_snapshots.csv
7039d355a96b9594,41f91817ef5278e2,williamhill,1.33,2026-09-29T20:11:50.324947+00:00,2026-09-29T20:11:51.841749+00:00,348.1,-0.03212840999999994,REJECT,tennis_predictions/price_snapshots.csv
3955ffc350d7947a,902a973a82c9a0ff,betfair_ex_uk,1.55,2026-09-29T20:11:50.324947+00:00,2026-09-29T20:11:51.841749+00:00,348.1,-0.02112537249999996,WATCH,tennis_predictions/price_snapshots.csv
0654702e7a6cec34,902a973a82c9a0ff,betano_uk,1.5,2026-09-29T20:11:50.324947+00:00,2026-09-29T20:11:51.841749+00:00,348.1,-0.03559149999999994,WATCH,tennis_predictions/price_snapshots.csv
5bc32b543e78e330,902a973a82c9a0ff,betfair_sb_uk,1.5,2026-09-29T20:11:50.324947+00:00,2026-09-29T20:11:51.841749+00:00,348.1,-0.03559149999999994,WATCH,tennis_predictions/price_snapshots.csv
700e460a40d17dd9,902a973a82c9a0ff,betvictor,1.5,2026-09-29T20:11:50.324947+00:00,2026-09-29T20:11:51.841749+00:00,348.1,-0.03559149999999994,WATCH,tennis_predictions/price_snapshots.csv
bf71bdcdddfec238,902a973a82c9a0ff,betway,1.5,2026-09-29T20:11:50.324947+00:00,2026-09-29T20:11:51.841749+00:00,348.1,-0.03559149999999994,WATCH,tennis_predictions/price_snapshots.csv
2dcd8408b6d48d03,902a973a82c9a0ff,boylesports,1.57,2026-09-29T20:11:50.324947+00:00,2026-09-29T20:11:51.841749+00:00,348.1,0.009414230000000079,WATCH,tennis_predictions/price_snapshots.csv
11961f1a9610e631,902a973a82c9a0ff,casumo,1.53,2026-09-29T20:11:50.324947+00:00,2026-09-29T20:11:51.841749+00:00,348.1,-0.01630332999999995,WATCH,tennis_predictions/price_snapshots.csv
fb2d75b29a8f253f,902a973a82c9a0ff,coral,1.48,2026-09-29T20:11:50.324947+00:00,2026-09-29T20:11:51.841749+00:00,348.1,-0.04845027999999996,WATCH,tennis_predictions/price_snapshots.csv
ce4c6d8f8eee5ce5,902a973a82c9a0ff,grosvenor,1.53,2026-09-29T20:11:50.324947+00:00,2026-09-29T20:11:51.841749+00:00,348.1,-0.01630332999999995,WATCH,tennis_predictions/price_snapshots.csv
5d4d4aa6fd46285a,902a973a82c9a0ff,ladbrokes_uk,1.48,2026-09-29T20:11:50.324947+00:00,2026-09-29T20:11:51.841749+00:00,348.1,-0.04845027999999996,WATCH,tennis_predictions/price_snapshots.csv
8012305322ba04a3,902a973a82c9a0ff,leovegas,1.5,2026-09-29T20:11:50.324947+00:00,2026-09-29T20:11:51.841749+00:00,348.1,-0.03559149999999994,WATCH,tennis_predictions/price_snapshots.csv
841ac42437ef1602,902a973a82c9a0ff,livescorebet,1.53,2026-09-29T20:11:50.324947+00:00,2026-09-29T20:11:51.841749+00:00,348.1,-0.01630332999999995,WATCH,tennis_predictions/price_snapshots.csv
7465c25296a75ef7,902a973a82c9a0ff,matchbook,1.55,2026-09-29T20:11:50.324947+00:00,2026-09-29T20:11:51.841749+00:00,348.1,,WATCH,tennis_predictions/price_snapshots.csv
384baf697fd28ed4,902a973a82c9a0ff,paddypower,1.5,2026-09-29T20:11:50.324947+00:00,2026-09-29T20:11:51.841749+00:00,348.1,-0.03559149999999994,WATCH,tennis_predictions/price_snapshots.csv
128fc9741c24b905,902a973a82c9a0ff,skybet,1.5,2026-09-29T20:11:50.324947+00:00,2026-09-29T20:11:51.841749+00:00,348.1,-0.03559149999999994,WATCH,tennis_predictions/price_snapshots.csv
5e6d329bc2b4fe73,902a973a82c9a0ff,smarkets,1.52,2026-09-29T20:11:50.324947+00:00,2026-09-29T20:11:51.841749+00:00,348.1,-0.029419285599999956,WATCH,tennis_predictions/price_snapshots.csv
7713e11934e1a105,902a973a82c9a0ff,sport888,1.53,2026-09-29T20:11:50.324947+00:00,2026-09-29T20:11:51.841749+00:00,348.1,-0.01630332999999995,WATCH,tennis_predictions/price_snapshots.csv
c3c510c95193a656,902a973a82c9a0ff,unibet_uk,1.52,2026-09-29T20:11:50.324947+00:00,2026-09-29T20:11:51.841749+00:00,348.1,-0.02273271999999993,WATCH,tennis_predictions/price_snapshots.csv
cbbd9b91d2e020ab,902a973a82c9a0ff,virginbet,1.53,2026-09-29T20:11:50.324947+00:00,2026-09-29T20:11:51.841749+00:00,348.1,-0.01630332999999995,WATCH,tennis_predictions/price_snapshots.csv
101af6caf31e4115,902a973a82c9a0ff,williamhill,1.53,2026-09-29T20:11:50.324947+00:00,2026-09-29T20:11:51.841749+00:00,348.1,-0.01630332999999995,WATCH,tennis_predictions/price_snapshots.csv
69efe8f33432d896,07a83cb460621eb6,betfair_ex_uk,1.55,2026-09-29T20:11:50.324947+00:00,2026-09-29T20:11:51.841749+00:00,348.1,-0.02475805749999993,REJECT,tennis_predictions/price_snapshots.csv
b4df64558ec84154,07a83cb460621eb6,betano_uk,1.45,2026-09-29T20:11:50.324947+00:00,2026-09-29T20:11:51.841749+00:00,348.1,-0.07119814999999996,REJECT,tennis_predictions/price_snapshots.csv
ec73646f34eb946c,07a83cb460621eb6,betvictor,1.45,2026-09-29T20:11:50.324947+00:00,2026-09-29T20:11:51.841749+00:00,348.1,-0.07119814999999996,REJECT,tennis_predictions/price_snapshots.csv
8e16251272aebd57,07a83cb460621eb6,betway,1.45,2026-09-29T20:11:50.324947+00:00,2026-09-29T20:11:51.841749+00:00,348.1,-0.07119814999999996,REJECT,tennis_predictions/price_snapshots.csv
4f94e1367c98dc1c,07a83cb460621eb6,boylesports,1.53,2026-09-29T20:11:50.324947+00:00,2026-09-29T20:11:51.841749+00:00,348.1,-0.019953909999999908,REJECT,tennis_predictions/price_snapshots.csv
52c0d900a62dfcd3,07a83cb460621eb6,casumo,1.45,2026-09-29T20:11:50.324947+00:00,2026-09-29T20:11:51.841749+00:00,348.1,-0.07119814999999996,REJECT,tennis_predictions/price_snapshots.csv
c9c4d11875f4da52,07a83cb460621eb6,coral,1.48,2026-09-29T20:11:50.324947+00:00,2026-09-29T20:11:51.841749+00:00,348.1,-0.05198155999999993,REJECT,tennis_predictions/price_snapshots.csv
329dafc9094101f1,07a83cb460621eb6,grosvenor,1.45,2026-09-29T20:11:50.324947+00:00,2026-09-29T20:11:51.841749+00:00,348.1,-0.07119814999999996,REJECT,tennis_predictions/price_snapshots.csv
8fb0b32cb5c35e4c,07a83cb460621eb6,ladbrokes_uk,1.48,2026-09-29T20:11:50.324947+00:00,2026-09-29T20:11:51.841749+00:00,348.1,-0.05198155999999993,REJECT,tennis_predictions/price_snapshots.csv
22a9ba7e56f9b03f,07a83cb460621eb6,leovegas,1.5,2026-09-29T20:11:50.324947+00:00,2026-09-29T20:11:51.841749+00:00,348.1,-0.03917049999999994,REJECT,tennis_predictions/price_snapshots.csv
91dac1824fb1d9ac,07a83cb460621eb6,livescorebet,1.46,2026-09-29T20:11:50.324947+00:00,2026-09-29T20:11:51.841749+00:00,348.1,-0.06479261999999997,REJECT,tennis_predictions/price_snapshots.csv
3d72eef1d7263c7a,07a83cb460621eb6,matchbook,1.55,2026-09-29T20:11:50.324947+00:00,2026-09-29T20:11:51.841749+00:00,348.1,,REJECT,tennis_predictions/price_snapshots.csv
3aeee7ba2bdc12b4,07a83cb460621eb6,paddypower,1.5,2026-09-29T20:11:50.324947+00:00,2026-09-29T20:11:51.841749+00:00,348.1,-0.03917049999999994,REJECT,tennis_predictions/price_snapshots.csv
1f41cbb8c298bdfb,07a83cb460621eb6,skybet,1.5,2026-09-29T20:11:50.324947+00:00,2026-09-29T20:11:51.841749+00:00,348.1,-0.03917049999999994,REJECT,tennis_predictions/price_snapshots.csv
1c0609558fb11b85,07a83cb460621eb6,smarkets,1.53,2026-09-29T20:11:50.324947+00:00,2026-09-29T20:11:51.841749+00:00,348.1,-0.026743771799999927,REJECT,tennis_predictions/price_snapshots.csv
62ce58e94e368c41,07a83cb460621eb6,sport888,1.5,2026-09-29T20:11:50.324947+00:00,2026-09-29T20:11:51.841749+00:00,348.1,-0.03917049999999994,REJECT,tennis_predictions/price_snapshots.csv
e9d4f0977ee8fe68,07a83cb460621eb6,unibet_uk,1.52,2026-09-29T20:11:50.324947+00:00,2026-09-29T20:11:51.841749+00:00,348.1,-0.026359439999999956,REJECT,tennis_predictions/price_snapshots.csv
805835aba844d9c7,07a83cb460621eb6,virginbet,1.46,2026-09-29T20:11:50.324947+00:00,2026-09-29T20:11:51.841749+00:00,348.1,-0.06479261999999997,REJECT,tennis_predictions/price_snapshots.csv
062f0278687ea5a1,07a83cb460621eb6,williamhill,1.5,2026-09-29T20:11:50.324947+00:00,2026-09-29T20:11:51.841749+00:00,348.1,-0.03917049999999994,REJECT,tennis_predictions/price_snapshots.csv
9591af215a3a287b,796da617a7e68e25,betfair_ex_uk,1.58,2026-09-29T20:11:50.324947+00:00,2026-09-29T20:11:51.841749+00:00,348.1,-0.0340418529999999,REJECT,tennis_predictions/price_snapshots.csv
3fb68520e02539f9,796da617a7e68e25,betano_uk,1.45,2026-09-29T20:11:50.324947+00:00,2026-09-29T20:11:51.841749+00:00,348.1,-0.09694434999999996,REJECT,tennis_predictions/price_snapshots.csv
cb81b6d72dd21470,796da617a7e68e25,betvictor,1.45,2026-09-29T20:11:50.324947+00:00,2026-09-29T20:11:51.841749+00:00,348.1,-0.09694434999999996,REJECT,tennis_predictions/price_snapshots.csv
b9946fd9422f86cb,796da617a7e68e25,betway,1.5,2026-09-29T20:11:50.324947+00:00,2026-09-29T20:11:51.841749+00:00,348.1,-0.06580449999999993,REJECT,tennis_predictions/price_snapshots.csv
6c7feb42fd662d46,796da617a7e68e25,boylesports,1.53,2026-09-29T20:11:50.324947+00:00,2026-09-29T20:11:51.841749+00:00,348.1,-0.04712058999999991,REJECT,tennis_predictions/price_snapshots.csv
69ac89b74672fb0f,796da617a7e68e25,casumo,1.49,2026-09-29T20:11:50.324947+00:00,2026-09-29T20:11:51.841749+00:00,348.1,-0.07203246999999996,REJECT,tennis_predictions/price_snapshots.csv
d88103a90ec44462,796da617a7e68e25,coral,1.48,2026-09-29T20:11:50.324947+00:00,2026-09-29T20:11:51.841749+00:00,348.1,-0.07826043999999993,REJECT,tennis_predictions/price_snapshots.csv
cee3a51aa5e35347,796da617a7e68e25,grosvenor,1.49,2026-09-29T20:11:50.324947+00:00,2026-09-29T20:11:51.841749+00:00,348.1,-0.07203246999999996,REJECT,tennis_predictions/price_snapshots.csv
dfa43cf29d5169b8,796da617a7e68e25,ladbrokes_uk,1.48,2026-09-29T20:11:50.324947+00:00,2026-09-29T20:11:51.841749+00:00,348.1,-0.07826043999999993,REJECT,tennis_predictions/price_snapshots.csv
49a55c70ce40795a,796da617a7e68e25,leovegas,1.47,2026-09-29T20:11:50.324947+00:00,2026-09-29T20:11:51.841749+00:00,348.1,-0.08448840999999996,REJECT,tennis_predictions/price_snapshots.csv
505e3377ee4e4f89,796da617a7e68e25,livescorebet,1.49,2026-09-29T20:11:50.324947+00:00,2026-09-29T20:11:51.841749+00:00,348.1,-0.07203246999999996,REJECT,tennis_predictions/price_snapshots.csv
203bc8b3368f8f58,796da617a7e68e25,matchbook,1.54,2026-09-29T20:11:50.324947+00:00,2026-09-29T20:11:51.841749+00:00,348.1,,REJECT,tennis_predictions/price_snapshots.csv
da53e7ac5f1fc1ec,796da617a7e68e25,paddypower,1.57,2026-09-29T20:11:50.324947+00:00,2026-09-29T20:11:51.841749+00:00,348.1,-0.02220870999999991,REJECT,tennis_predictions/price_snapshots.csv
925a9e49869c099f,796da617a7e68e25,skybet,1.57,2026-09-29T20:11:50.324947+00:00,2026-09-29T20:11:51.841749+00:00,348.1,-0.02220870999999991,REJECT,tennis_predictions/price_snapshots.csv
fecae85c47cb362f,796da617a7e68e25,smarkets,1.49,2026-09-29T20:11:50.324947+00:00,2026-09-29T20:11:51.841749+00:00,348.1,-0.07813588059999999,REJECT,tennis_predictions/price_snapshots.csv
d45bc02d471ef242,796da617a7e68e25,sport888,1.53,2026-09-29T20:11:50.324947+00:00,2026-09-29T20:11:51.841749+00:00,348.1,-0.04712058999999991,REJECT,tennis_predictions/price_snapshots.csv
9f32c61258c94631,796da617a7e68e25,unibet_uk,1.47,2026-09-29T20:11:50.324947+00:00,2026-09-29T20:11:51.841749+00:00,348.1,-0.08448840999999996,REJECT,tennis_predictions/price_snapshots.csv
c9c853bc8e198d52,796da617a7e68e25,virginbet,1.49,2026-09-29T20:11:50.324947+00:00,2026-09-29T20:11:51.841749+00:00,348.1,-0.07203246999999996,REJECT,tennis_predictions/price_snapshots.csv
afdeff8213504b7e,f001ef9dc2132e2a,betfair_ex_uk,1.48,2026-09-29T20:11:50.324947+00:00,2026-09-29T20:11:51.841749+00:00,348.1,-0.021850464000000014,REJECT,tennis_predictions/price_snapshots.csv
920a7ee7cf87c04e,f001ef9dc2132e2a,betano_uk,1.44,2026-09-29T20:11:50.324947+00:00,2026-09-29T20:11:51.841749+00:00,348.1,-0.03259936000000002,REJECT,tennis_predictions/price_snapshots.csv
b69699f49c39b706,f001ef9dc2132e2a,betvictor,1.44,2026-09-29T20:11:50.324947+00:00,2026-09-29T20:11:51.841749+00:00,348.1,-0.03259936000000002,REJECT,tennis_predictions/price_snapshots.csv
36959371876a9a02,f001ef9dc2132e2a,betway,1.44,2026-09-29T20:11:50.324947+00:00,2026-09-29T20:11:51.841749+00:00,348.1,-0.03259936000000002,REJECT,tennis_predictions/price_snapshots.csv
0584bd9f7f929c8a,f001ef9dc2132e2a,boylesports,1.44,2026-09-29T20:11:50.324947+00:00,2026-09-29T20:11:51.841749+00:00,348.1,-0.03259936000000002,REJECT,tennis_predictions/price_snapshots.csv
0da21e7cd08cec16,f001ef9dc2132e2a,casumo,1.43,2026-09-29T20:11:50.324947+00:00,2026-09-29T20:11:51.841749+00:00,348.1,-0.03931742000000005,REJECT,tennis_predictions/price_snapshots.csv
55bed2b64fef5986,f001ef9dc2132e2a,coral,1.4,2026-09-29T20:11:50.324947+00:00,2026-09-29T20:11:51.841749+00:00,348.1,-0.05947160000000001,REJECT,tennis_predictions/price_snapshots.csv
3dc3607f5320472a,f001ef9dc2132e2a,grosvenor,1.43,2026-09-29T20:11:50.324947+00:00,2026-09-29T20:11:51.841749+00:00,348.1,-0.03931742000000005,REJECT,tennis_predictions/price_snapshots.csv
84657dda6205af3d,f001ef9dc2132e2a,ladbrokes_uk,1.4,2026-09-29T20:11:50.324947+00:00,2026-09-29T20:11:51.841749+00:00,348.1,-0.05947160000000001,REJECT,tennis_predictions/price_snapshots.csv
a6af3ac21f9780f3,f001ef9dc2132e2a,leovegas,1.42,2026-09-29T20:11:50.324947+00:00,2026-09-29T20:11:51.841749+00:00,348.1,-0.04603548000000002,REJECT,tennis_predictions/price_snapshots.csv
61ad5851628c69a4,f001ef9dc2132e2a,livescorebet,1.44,2026-09-29T20:11:50.324947+00:00,2026-09-29T20:11:51.841749+00:00,348.1,-0.03259936000000002,REJECT,tennis_predictions/price_snapshots.csv
333db1d2c1d4adbd,f001ef9dc2132e2a,matchbook,1.48,2026-09-29T20:11:50.324947+00:00,2026-09-29T20:11:51.841749+00:00,348.1,,REJECT,tennis_predictions/price_snapshots.csv
98a577663added64,f001ef9dc2132e2a,paddypower,1.44,2026-09-29T20:11:50.324947+00:00,2026-09-29T20:11:51.841749+00:00,348.1,-0.03259936000000002,REJECT,tennis_predictions/price_snapshots.csv
8da0d31d286be57a,f001ef9dc2132e2a,skybet,1.44,2026-09-29T20:11:50.324947+00:00,2026-09-29T20:11:51.841749+00:00,348.1,-0.03259936000000002,REJECT,tennis_predictions/price_snapshots.csv
7cba5f4fb6223fb3,f001ef9dc2132e2a,smarkets,1.47,2026-09-29T20:11:50.324947+00:00,2026-09-29T20:11:51.841749+00:00,348.1,-0.018760156400000005,REJECT,tennis_predictions/price_snapshots.csv
0014445464e02b66,f001ef9dc2132e2a,sport888,1.44,2026-09-29T20:11:50.324947+00:00,2026-09-29T20:11:51.841749+00:00,348.1,-0.03259936000000002,REJECT,tennis_predictions/price_snapshots.csv
6af7aae01d36ff01,f001ef9dc2132e2a,unibet_uk,1.44,2026-09-29T20:11:50.324947+00:00,2026-09-29T20:11:51.841749+00:00,348.1,-0.03259936000000002,REJECT,tennis_predictions/price_snapshots.csv
080f7b0fadd21725,f001ef9dc2132e2a,virginbet,1.44,2026-09-29T20:11:50.324947+00:00,2026-09-29T20:11:51.841749+00:00,348.1,-0.03259936000000002,REJECT,tennis_predictions/price_snapshots.csv
0a3698024363abdf,f001ef9dc2132e2a,williamhill,1.44,2026-09-29T20:11:50.324947+00:00,2026-09-29T20:11:51.841749+00:00,348.1,-0.03259936000000002,REJECT,tennis_predictions/price_snapshots.csv
eb7aa7eabc833ca5,1b788f3a97da541a,betfair_ex_uk,1.96,2026-09-29T20:11:50.324947+00:00,2026-09-29T20:11:51.841749+00:00,1908.1,-0.034440000000000026,REJECT,tennis_predictions/price_snapshots.csv
bc8ba9833caad121,1b788f3a97da541a,betano_uk,1.83,2026-09-29T20:11:50.324947+00:00,2026-09-29T20:11:51.841749+00:00,1908.1,-0.07584999999999997,REJECT,tennis_predictions/price_snapshots.csv
5446cb010577fb1f,1b788f3a97da541a,betvictor,1.83,2026-09-29T20:11:50.324947+00:00,2026-09-29T20:11:51.841749+00:00,1908.1,-0.07584999999999997,REJECT,tennis_predictions/price_snapshots.csv
75ea551317fac862,1b788f3a97da541a,betway,1.95,2026-09-29T20:11:50.324947+00:00,2026-09-29T20:11:51.841749+00:00,1908.1,-0.015250000000000041,REJECT,tennis_predictions/price_snapshots.csv
b128e0cfc78756e4,1b788f3a97da541a,boylesports,1.91,2026-09-29T20:11:50.324947+00:00,2026-09-29T20:11:51.841749+00:00,1908.1,-0.03545000000000004,REJECT,tennis_predictions/price_snapshots.csv
e058791bc6e0addf,1b788f3a97da541a,casumo,1.85,2026-09-29T20:11:50.324947+00:00,2026-09-29T20:11:51.841749+00:00,1908.1,-0.06574999999999992,REJECT,tennis_predictions/price_snapshots.csv
f5c3e43f98426578,1b788f3a97da541a,coral,1.83,2026-09-29T20:11:50.324947+00:00,2026-09-29T20:11:51.841749+00:00,1908.1,-0.07584999999999997,REJECT,tennis_predictions/price_snapshots.csv
99ad1c44a1934b6c,1b788f3a97da541a,grosvenor,1.85,2026-09-29T20:11:50.324947+00:00,2026-09-29T20:11:51.841749+00:00,1908.1,-0.06574999999999992,REJECT,tennis_predictions/price_snapshots.csv
a11979da4185f6d2,1b788f3a97da541a,ladbrokes_uk,1.83,2026-09-29T20:11:50.324947+00:00,2026-09-29T20:11:51.841749+00:00,1908.1,-0.07584999999999997,REJECT,tennis_predictions/price_snapshots.csv
5f0d6dfb844eb655,1b788f3a97da541a,leovegas,1.83,2026-09-29T20:11:50.324947+00:00,2026-09-29T20:11:51.841749+00:00,1908.1,-0.07584999999999997,REJECT,tennis_predictions/price_snapshots.csv
da97a2653966d18a,1b788f3a97da541a,livescorebet,1.85,2026-09-29T20:11:50.324947+00:00,2026-09-29T20:11:51.841749+00:00,1908.1,-0.06574999999999992,REJECT,tennis_predictions/price_snapshots.csv
56dd1094ce5c5f85,1b788f3a97da541a,matchbook,1.96,2026-09-29T20:11:50.324947+00:00,2026-09-29T20:11:51.841749+00:00,1908.1,,REJECT,tennis_predictions/price_snapshots.csv
5d3d8d7e09eb9870,1b788f3a97da541a,paddypower,1.83,2026-09-29T20:11:50.324947+00:00,2026-09-29T20:11:51.841749+00:00,1908.1,-0.07584999999999997,REJECT,tennis_predictions/price_snapshots.csv
b8ec9cc1e7786617,1b788f3a97da541a,skybet,1.83,2026-09-29T20:11:50.324947+00:00,2026-09-29T20:11:51.841749+00:00,1908.1,-0.07584999999999997,REJECT,tennis_predictions/price_snapshots.csv
b89c599baf27b849,1b788f3a97da541a,smarkets,1.81,2026-09-29T20:11:50.324947+00:00,2026-09-29T20:11:51.841749+00:00,1908.1,-0.09413099999999996,REJECT,tennis_predictions/price_snapshots.csv
68a6f5a3bda1a02e,1b788f3a97da541a,sport888,1.91,2026-09-29T20:11:50.324947+00:00,2026-09-29T20:11:51.841749+00:00,1908.1,-0.03545000000000004,REJECT,tennis_predictions/price_snapshots.csv
ff23a296e1730dd7,1b788f3a97da541a,unibet_uk,1.81,2026-09-29T20:11:50.324947+00:00,2026-09-29T20:11:51.841749+00:00,1908.1,-0.08594999999999997,REJECT,tennis_predictions/price_snapshots.csv
e50d47b62f55fad0,1b788f3a97da541a,virginbet,1.85,2026-09-29T20:11:50.324947+00:00,2026-09-29T20:11:51.841749+00:00,1908.1,-0.06574999999999992,REJECT,tennis_predictions/price_snapshots.csv
8c2b79cd1d29c974,1b788f3a97da541a,williamhill,1.91,2026-09-29T20:11:50.324947+00:00,2026-09-29T20:11:51.841749+00:00,1908.1,-0.03545000000000004,REJECT,tennis_predictions/price_snapshots.csv
0d07a1e76dc2496f,8dcbe1695c1952d0,betfair_ex_uk,1.55,2026-09-29T20:11:50.324947+00:00,2026-09-29T20:11:51.841749+00:00,1908.1,-0.02475805749999993,REJECT,tennis_predictions/price_snapshots.csv
b335a991dba68aa9,8dcbe1695c1952d0,betano_uk,1.53,2026-09-29T20:11:50.324947+00:00,2026-09-29T20:11:51.841749+00:00,1908.1,-0.019953909999999908,REJECT,tennis_predictions/price_snapshots.csv
fcf4dd0f60257744,8dcbe1695c1952d0,betvictor,1.53,2026-09-29T20:11:50.324947+00:00,2026-09-29T20:11:51.841749+00:00,1908.1,-0.019953909999999908,REJECT,tennis_predictions/price_snapshots.csv
743e506f3017721f,8dcbe1695c1952d0,betway,1.45,2026-09-29T20:11:50.324947+00:00,2026-09-29T20:11:51.841749+00:00,1908.1,-0.07119814999999996,REJECT,tennis_predictions/price_snapshots.csv
16f60108915a5524,8dcbe1695c1952d0,boylesports,1.5,2026-09-29T20:11:50.324947+00:00,2026-09-29T20:11:51.841749+00:00,1908.1,-0.03917049999999994,REJECT,tennis_predictions/price_snapshots.csv
01001d71f9acd731,8dcbe1695c1952d0,casumo,1.5,2026-09-29T20:11:50.324947+00:00,2026-09-29T20:11:51.841749+00:00,1908.1,-0.03917049999999994,REJECT,tennis_predictions/price_snapshots.csv
bfc37f693a61a971,8dcbe1695c1952d0,coral,1.48,2026-09-29T20:11:50.324947+00:00,2026-09-29T20:11:51.841749+00:00,1908.1,-0.05198155999999993,REJECT,tennis_predictions/price_snapshots.csv
78f6c852e0d685cf,8dcbe1695c1952d0,grosvenor,1.5,2026-09-29T20:11:50.324947+00:00,2026-09-29T20:11:51.841749+00:00,1908.1,-0.03917049999999994,REJECT,tennis_predictions/price_snapshots.csv
747c35c3cf90c62b,8dcbe1695c1952d0,ladbrokes_uk,1.48,2026-09-29T20:11:50.324947+00:00,2026-09-29T20:11:51.841749+00:00,1908.1,-0.05198155999999993,REJECT,tennis_predictions/price_snapshots.csv
4b5fe93df7bc18ba,8dcbe1695c1952d0,leovegas,1.45,2026-09-29T20:11:50.324947+00:00,2026-09-29T20:11:51.841749+00:00,1908.1,-0.07119814999999996,REJECT,tennis_predictions/price_snapshots.csv
a043d2199106ca66,8dcbe1695c1952d0,livescorebet,1.5,2026-09-29T20:11:50.324947+00:00,2026-09-29T20:11:51.841749+00:00,1908.1,-0.03917049999999994,REJECT,tennis_predictions/price_snapshots.csv
1a61852814fda662,8dcbe1695c1952d0,matchbook,1.53,2026-09-29T20:11:50.324947+00:00,2026-09-29T20:11:51.841749+00:00,1908.1,,REJECT,tennis_predictions/price_snapshots.csv
7377fdc43b747b40,8dcbe1695c1952d0,paddypower,1.5,2026-09-29T20:11:50.324947+00:00,2026-09-29T20:11:51.841749+00:00,1908.1,-0.03917049999999994,REJECT,tennis_predictions/price_snapshots.csv
b8608fb92556fb27,8dcbe1695c1952d0,skybet,1.5,2026-09-29T20:11:50.324947+00:00,2026-09-29T20:11:51.841749+00:00,1908.1,-0.03917049999999994,REJECT,tennis_predictions/price_snapshots.csv
3eab9e1bb856a55d,8dcbe1695c1952d0,smarkets,1.49,2026-09-29T20:11:50.324947+00:00,2026-09-29T20:11:51.841749+00:00,1908.1,-0.05185344939999992,REJECT,tennis_predictions/price_snapshots.csv
1f43d9bd4014a320,8dcbe1695c1952d0,sport888,1.5,2026-09-29T20:11:50.324947+00:00,2026-09-29T20:11:51.841749+00:00,1908.1,-0.03917049999999994,REJECT,tennis_predictions/price_snapshots.csv
e4e3e70067375be9,8dcbe1695c1952d0,unibet_uk,1.48,2026-09-29T20:11:50.324947+00:00,2026-09-29T20:11:51.841749+00:00,1908.1,-0.05198155999999993,REJECT,tennis_predictions/price_snapshots.csv
69cfad56c59f9cd0,8dcbe1695c1952d0,virginbet,1.5,2026-09-29T20:11:50.324947+00:00,2026-09-29T20:11:51.841749+00:00,1908.1,-0.03917049999999994,REJECT,tennis_predictions/price_snapshots.csv
66e2043fabc9e74d,35f57a164e2e854b,betfair_ex_uk,1.91,2026-09-29T20:11:50.324947+00:00,2026-09-29T20:11:51.841749+00:00,1908.1,-0.035121250000000104,REJECT,tennis_predictions/price_snapshots.csv
00734ff461d5bead,35f57a164e2e854b,betano_uk,1.73,2026-09-29T20:11:50.324947+00:00,2026-09-29T20:11:51.841749+00:00,1908.1,-0.10472500000000007,REJECT,tennis_predictions/price_snapshots.csv
291263658e61202a,35f57a164e2e854b,betvictor,1.73,2026-09-29T20:11:50.324947+00:00,2026-09-29T20:11:51.841749+00:00,1908.1,-0.10472500000000007,REJECT,tennis_predictions/price_snapshots.csv
17cc2d6689de1afd,35f57a164e2e854b,betway,1.85,2026-09-29T20:11:50.324947+00:00,2026-09-29T20:11:51.841749+00:00,1908.1,-0.042625000000000024,REJECT,tennis_predictions/price_snapshots.csv
2afb979b376d5bef,35f57a164e2e854b,boylesports,1.83,2026-09-29T20:11:50.324947+00:00,2026-09-29T20:11:51.841749+00:00,1908.1,-0.05297500000000005,REJECT,tennis_predictions/price_snapshots.csv
e25818a569db9d15,35f57a164e2e854b,casumo,1.87,2026-09-29T20:11:50.324947+00:00,2026-09-29T20:11:51.841749+00:00,1908.1,-0.032275,REJECT,tennis_predictions/price_snapshots.csv
ddff0d50d8930380,35f57a164e2e854b,coral,1.8,2026-09-29T20:11:50.324947+00:00,2026-09-29T20:11:51.841749+00:00,1908.1,-0.06850000000000006,REJECT,tennis_predictions/price_snapshots.csv
31b49b23809c45c9,35f57a164e2e854b,grosvenor,1.87,2026-09-29T20:11:50.324947+00:00,2026-09-29T20:11:51.841749+00:00,1908.1,-0.032275,REJECT,tennis_predictions/price_snapshots.csv
1f282b314290e782,35f57a164e2e854b,ladbrokes_uk,1.8,2026-09-29T20:11:50.324947+00:00,2026-09-29T20:11:51.841749+00:00,1908.1,-0.06850000000000006,REJECT,tennis_predictions/price_snapshots.csv
efab8cf2baa87776,35f57a164e2e854b,leovegas,1.83,2026-09-29T20:11:50.324947+00:00,2026-09-29T20:11:51.841749+00:00,1908.1,-0.05297500000000005,REJECT,tennis_predictions/price_snapshots.csv
3b7b401760dd4fdf,35f57a164e2e854b,livescorebet,1.87,2026-09-29T20:11:50.324947+00:00,2026-09-29T20:11:51.841749+00:00,1908.1,-0.032275,REJECT,tennis_predictions/price_snapshots.csv
55347ac21804a2a4,35f57a164e2e854b,matchbook,1.87,2026-09-29T20:11:50.324947+00:00,2026-09-29T20:11:51.841749+00:00,1908.1,,REJECT,tennis_predictions/price_snapshots.csv
1ae66336a54f974b,35f57a164e2e854b,paddypower,1.83,2026-09-29T20:11:50.324947+00:00,2026-09-29T20:11:51.841749+00:00,1908.1,-0.05297500000000005,REJECT,tennis_predictions/price_snapshots.csv
c0692aa45d48ef1a,35f57a164e2e854b,skybet,1.83,2026-09-29T20:11:50.324947+00:00,2026-09-29T20:11:51.841749+00:00,1908.1,-0.05297500000000005,REJECT,tennis_predictions/price_snapshots.csv
7f2ed7d42700b93d,35f57a164e2e854b,smarkets,1.75,2026-09-29T20:11:50.324947+00:00,2026-09-29T20:11:51.841749+00:00,1908.1,-0.1021375000000001,REJECT,tennis_predictions/price_snapshots.csv
9bd9f4fcf81a0d60,35f57a164e2e854b,sport888,1.85,2026-09-29T20:11:50.324947+00:00,2026-09-29T20:11:51.841749+00:00,1908.1,-0.042625000000000024,REJECT,tennis_predictions/price_snapshots.csv
b17e8b2c030dffb8,35f57a164e2e854b,unibet_uk,1.81,2026-09-29T20:11:50.324947+00:00,2026-09-29T20:11:51.841749+00:00,1908.1,-0.06332500000000002,REJECT,tennis_predictions/price_snapshots.csv
731f1e2595373318,35f57a164e2e854b,virginbet,1.87,2026-09-29T20:11:50.324947+00:00,2026-09-29T20:11:51.841749+00:00,1908.1,-0.032275,REJECT,tennis_predictions/price_snapshots.csv
aa0add2f66da1a0a,f3e73900ce20f080,betfair_ex_uk,1.71,2026-09-29T20:11:50.324947+00:00,2026-09-29T20:11:51.841749+00:00,408.1,-0.024563561999999983,REJECT,tennis_predictions/price_snapshots.csv
2527deed7560b12c,f3e73900ce20f080,betano_uk,1.57,2026-09-29T20:11:50.324947+00:00,2026-09-29T20:11:51.841749+00:00,408.1,-0.08543731999999987,REJECT,tennis_predictions/price_snapshots.csv
fec93ddccc8c6ad2,f3e73900ce20f080,betfair_sb_uk,1.62,2026-09-29T20:11:50.324947+00:00,2026-09-29T20:11:51.841749+00:00,408.1,-0.05631111999999988,REJECT,tennis_predictions/price_snapshots.csv
1d6a39c92e9c71de,f3e73900ce20f080,betvictor,1.57,2026-09-29T20:11:50.324947+00:00,2026-09-29T20:11:51.841749+00:00,408.1,-0.08543731999999987,REJECT,tennis_predictions/price_snapshots.csv
fa1f743e292e21f1,f3e73900ce20f080,betway,1.65,2026-09-29T20:11:50.324947+00:00,2026-09-29T20:11:51.841749+00:00,408.1,-0.038835399999999964,REJECT,tennis_predictions/price_snapshots.csv
56d4ce62161155ac,f3e73900ce20f080,boylesports,1.62,2026-09-29T20:11:50.324947+00:00,2026-09-29T20:11:51.841749+00:00,408.1,-0.05631111999999988,REJECT,tennis_predictions/price_snapshots.csv
cd05b1c3c3805dcc,f3e73900ce20f080,casumo,1.61,2026-09-29T20:11:50.324947+00:00,2026-09-29T20:11:51.841749+00:00,408.1,-0.06213635999999989,REJECT,tennis_predictions/price_snapshots.csv
91232f0423a9cb4d,f3e73900ce20f080,coral,1.57,2026-09-29T20:11:50.324947+00:00,2026-09-29T20:11:51.841749+00:00,408.1,-0.08543731999999987,REJECT,tennis_predictions/price_snapshots.csv
b691bcffd344921a,f3e73900ce20f080,grosvenor,1.61,2026-09-29T20:11:50.324947+00:00,2026-09-29T20:11:51.841749+00:00,408.1,-0.06213635999999989,REJECT,tennis_predictions/price_snapshots.csv
6aec3c4d6ddf6f37,f3e73900ce20f080,ladbrokes_uk,1.57,2026-09-29T20:11:50.324947+00:00,2026-09-29T20:11:51.841749+00:00,408.1,-0.08543731999999987,REJECT,tennis_predictions/price_snapshots.csv
04cf8025ff0e0346,f3e73900ce20f080,leovegas,1.6,2026-09-29T20:11:50.324947+00:00,2026-09-29T20:11:51.841749+00:00,408.1,-0.0679615999999999,REJECT,tennis_predictions/price_snapshots.csv
2907c647e7916443,f3e73900ce20f080,livescorebet,1.61,2026-09-29T20:11:50.324947+00:00,2026-09-29T20:11:51.841749+00:00,408.1,-0.06213635999999989,REJECT,tennis_predictions/price_snapshots.csv
e948a4db8d213097,f3e73900ce20f080,matchbook,1.71,2026-09-29T20:11:50.324947+00:00,2026-09-29T20:11:51.841749+00:00,408.1,,REJECT,tennis_predictions/price_snapshots.csv
45c2ba79ea450e14,f3e73900ce20f080,paddypower,1.57,2026-09-29T20:11:50.324947+00:00,2026-09-29T20:11:51.841749+00:00,408.1,-0.08543731999999987,REJECT,tennis_predictions/price_snapshots.csv
86dbb23a014c42da,f3e73900ce20f080,skybet,1.57,2026-09-29T20:11:50.324947+00:00,2026-09-29T20:11:51.841749+00:00,408.1,-0.08543731999999987,REJECT,tennis_predictions/price_snapshots.csv
31e6bd50b468209a,f3e73900ce20f080,smarkets,1.68,2026-09-29T20:11:50.324947+00:00,2026-09-29T20:11:51.841749+00:00,408.1,-0.029282006400000005,REJECT,tennis_predictions/price_snapshots.csv
20b025d78207ac64,f3e73900ce20f080,sport888,1.61,2026-09-29T20:11:50.324947+00:00,2026-09-29T20:11:51.841749+00:00,408.1,-0.06213635999999989,REJECT,tennis_predictions/price_snapshots.csv
444e4823e8ed9cf1,f3e73900ce20f080,unibet_uk,1.62,2026-09-29T20:11:50.324947+00:00,2026-09-29T20:11:51.841749+00:00,408.1,-0.05631111999999988,REJECT,tennis_predictions/price_snapshots.csv
feee240d6ddda51d,f3e73900ce20f080,virginbet,1.61,2026-09-29T20:11:50.324947+00:00,2026-09-29T20:11:51.841749+00:00,408.1,-0.06213635999999989,REJECT,tennis_predictions/price_snapshots.csv
03e56d3356b84ef4,f3e73900ce20f080,williamhill,1.62,2026-09-29T20:11:50.324947+00:00,2026-09-29T20:11:51.841749+00:00,408.1,-0.05631111999999988,REJECT,tennis_predictions/price_snapshots.csv
acb24565b22694a2,00ba087d487968bb,betfair_ex_uk,1.58,2026-09-29T20:11:50.324947+00:00,2026-09-29T20:11:51.841749+00:00,528.1,-0.02384557899999995,REJECT,tennis_predictions/price_snapshots.csv
e5fac830b6c92e7c,00ba087d487968bb,betano_uk,1.53,2026-09-29T20:11:50.324947+00:00,2026-09-29T20:11:51.841749+00:00,528.1,-0.037062369999999956,REJECT,tennis_predictions/price_snapshots.csv
e726c3af7ee05d9d,00ba087d487968bb,betfair_sb_uk,1.53,2026-09-29T20:11:50.324947+00:00,2026-09-29T20:11:51.841749+00:00,528.1,-0.037062369999999956,REJECT,tennis_predictions/price_snapshots.csv
90a8af3634079c66,00ba087d487968bb,betvictor,1.53,2026-09-29T20:11:50.324947+00:00,2026-09-29T20:11:51.841749+00:00,528.1,-0.037062369999999956,REJECT,tennis_predictions/price_snapshots.csv
a5a93cfdc97a00ae,00ba087d487968bb,betway,1.55,2026-09-29T20:11:50.324947+00:00,2026-09-29T20:11:51.841749+00:00,528.1,-0.02447494999999994,REJECT,tennis_predictions/price_snapshots.csv
bfad3f8c4cd2d0ca,00ba087d487968bb,boylesports,1.57,2026-09-29T20:11:50.324947+00:00,2026-09-29T20:11:51.841749+00:00,528.1,-0.011887529999999924,REJECT,tennis_predictions/price_snapshots.csv
556631c748ae2863,00ba087d487968bb,casumo,1.53,2026-09-29T20:11:50.324947+00:00,2026-09-29T20:11:51.841749+00:00,528.1,-0.037062369999999956,REJECT,tennis_predictions/price_snapshots.csv
0a6cb141233cf98d,00ba087d487968bb,coral,1.53,2026-09-29T20:11:50.324947+00:00,2026-09-29T20:11:51.841749+00:00,528.1,-0.037062369999999956,REJECT,tennis_predictions/price_snapshots.csv
4ec6033a1b07ea60,00ba087d487968bb,grosvenor,1.53,2026-09-29T20:11:50.324947+00:00,2026-09-29T20:11:51.841749+00:00,528.1,-0.037062369999999956,REJECT,tennis_predictions/price_snapshots.csv
43e73be610a44e13,00ba087d487968bb,ladbrokes_uk,1.53,2026-09-29T20:11:50.324947+00:00,2026-09-29T20:11:51.841749+00:00,528.1,-0.037062369999999956,REJECT,tennis_predictions/price_snapshots.csv
d05e2aaf6b0e43e9,00ba087d487968bb,leovegas,1.55,2026-09-29T20:11:50.324947+00:00,2026-09-29T20:11:51.841749+00:00,528.1,-0.02447494999999994,REJECT,tennis_predictions/price_snapshots.csv
e98c3ad670157489,00ba087d487968bb,livescorebet,1.53,2026-09-29T20:11:50.324947+00:00,2026-09-29T20:11:51.841749+00:00,528.1,-0.037062369999999956,REJECT,tennis_predictions/price_snapshots.csv
00932a1e9d6b1840,00ba087d487968bb,matchbook,1.59,2026-09-29T20:11:50.324947+00:00,2026-09-29T20:11:51.841749+00:00,528.1,,REJECT,tennis_predictions/price_snapshots.csv
0b7d4393416cb992,00ba087d487968bb,paddypower,1.5,2026-09-29T20:11:50.324947+00:00,2026-09-29T20:11:51.841749+00:00,528.1,-0.05594349999999998,REJECT,tennis_predictions/price_snapshots.csv
c8a7b980718e7b62,00ba087d487968bb,skybet,1.53,2026-09-29T20:11:50.324947+00:00,2026-09-29T20:11:51.841749+00:00,528.1,-0.037062369999999956,REJECT,tennis_predictions/price_snapshots.csv
5f1dd62dc7a2cb45,00ba087d487968bb,smarkets,1.55,2026-09-29T20:11:50.324947+00:00,2026-09-29T20:11:51.841749+00:00,528.1,-0.03139803099999994,REJECT,tennis_predictions/price_snapshots.csv
62b36d3d73202f7e,00ba087d487968bb,sport888,1.53,2026-09-29T20:11:50.324947+00:00,2026-09-29T20:11:51.841749+00:00,528.1,-0.037062369999999956,REJECT,tennis_predictions/price_snapshots.csv
99102ca2d04cf361,00ba087d487968bb,unibet_uk,1.56,2026-09-29T20:11:50.324947+00:00,2026-09-29T20:11:51.841749+00:00,528.1,-0.018181239999999932,REJECT,tennis_predictions/price_snapshots.csv
3144ff1592fdb30f,00ba087d487968bb,virginbet,1.53,2026-09-29T20:11:50.324947+00:00,2026-09-29T20:11:51.841749+00:00,528.1,-0.037062369999999956,REJECT,tennis_predictions/price_snapshots.csv
08d3dd5e5794b3ad,00ba087d487968bb,williamhill,1.53,2026-09-29T20:11:50.324947+00:00,2026-09-29T20:11:51.841749+00:00,528.1,-0.037062369999999956,REJECT,tennis_predictions/price_snapshots.csv
c1832ffa1826f2ab,9f6473ee946f85a9,betfair_ex_uk,1.68,2026-09-29T20:11:50.324947+00:00,2026-09-29T20:11:51.841749+00:00,603.1,-0.025918598000000126,REJECT,tennis_predictions/price_snapshots.csv
03e70306ccd20096,9f6473ee946f85a9,betano_uk,1.57,2026-09-29T20:11:50.324947+00:00,2026-09-29T20:11:51.841749+00:00,603.1,-0.07089441000000002,REJECT,tennis_predictions/price_snapshots.csv
ae44a21097d9024a,9f6473ee946f85a9,betfair_sb_uk,1.62,2026-09-29T20:11:50.324947+00:00,2026-09-29T20:11:51.841749+00:00,603.1,-0.041305060000000005,REJECT,tennis_predictions/price_snapshots.csv
eebe169f9f553c32,9f6473ee946f85a9,betvictor,1.57,2026-09-29T20:11:50.324947+00:00,2026-09-29T20:11:51.841749+00:00,603.1,-0.07089441000000002,REJECT,tennis_predictions/price_snapshots.csv
d6285a7792f2cf46,9f6473ee946f85a9,betway,1.6,2026-09-29T20:11:50.324947+00:00,2026-09-29T20:11:51.841749+00:00,603.1,-0.053140800000000044,REJECT,tennis_predictions/price_snapshots.csv
ae38dd92ec6a67cf,9f6473ee946f85a9,boylesports,1.62,2026-09-29T20:11:50.324947+00:00,2026-09-29T20:11:51.841749+00:00,603.1,-0.041305060000000005,REJECT,tennis_predictions/price_snapshots.csv
2e7025a07ef8b63a,9f6473ee946f85a9,casumo,1.63,2026-09-29T20:11:50.324947+00:00,2026-09-29T20:11:51.841749+00:00,603.1,-0.035387190000000124,REJECT,tennis_predictions/price_snapshots.csv
e430391f5b91721e,9f6473ee946f85a9,coral,1.57,2026-09-29T20:11:50.324947+00:00,2026-09-29T20:11:51.841749+00:00,603.1,-0.07089441000000002,REJECT,tennis_predictions/price_snapshots.csv
1da53dcc732d7cf7,9f6473ee946f85a9,grosvenor,1.63,2026-09-29T20:11:50.324947+00:00,2026-09-29T20:11:51.841749+00:00,603.1,-0.035387190000000124,REJECT,tennis_predictions/price_snapshots.csv
9f4dfafed52b11bb,9f6473ee946f85a9,ladbrokes_uk,1.57,2026-09-29T20:11:50.324947+00:00,2026-09-29T20:11:51.841749+00:00,603.1,-0.07089441000000002,REJECT,tennis_predictions/price_snapshots.csv
6bd8a088b98906bc,9f6473ee946f85a9,leovegas,1.6,2026-09-29T20:11:50.324947+00:00,2026-09-29T20:11:51.841749+00:00,603.1,-0.053140800000000044,REJECT,tennis_predictions/price_snapshots.csv
f3653224ec55d0f6,9f6473ee946f85a9,livescorebet,1.63,2026-09-29T20:11:50.324947+00:00,2026-09-29T20:11:51.841749+00:00,603.1,-0.035387190000000124,REJECT,tennis_predictions/price_snapshots.csv
a3ac660aedd3be87,9f6473ee946f85a9,matchbook,1.68,2026-09-29T20:11:50.324947+00:00,2026-09-29T20:11:51.841749+00:00,603.1,,REJECT,tennis_predictions/price_snapshots.csv
ac0ee5b8931c8585,9f6473ee946f85a9,paddypower,1.57,2026-09-29T20:11:50.324947+00:00,2026-09-29T20:11:51.841749+00:00,603.1,-0.07089441000000002,REJECT,tennis_predictions/price_snapshots.csv
61e19ced82d32189,9f6473ee946f85a9,skybet,1.57,2026-09-29T20:11:50.324947+00:00,2026-09-29T20:11:51.841749+00:00,603.1,-0.07089441000000002,REJECT,tennis_predictions/price_snapshots.csv
34ed474f41413182,9f6473ee946f85a9,smarkets,1.65,2026-09-29T20:11:50.324947+00:00,2026-09-29T20:11:51.841749+00:00,603.1,-0.031244681000000163,REJECT,tennis_predictions/price_snapshots.csv
8228073c7832058e,9f6473ee946f85a9,sport888,1.61,2026-09-29T20:11:50.324947+00:00,2026-09-29T20:11:51.841749+00:00,603.1,-0.047222929999999996,REJECT,tennis_predictions/price_snapshots.csv
178b9d3cd6b3df71,9f6473ee946f85a9,unibet_uk,1.6,2026-09-29T20:11:50.324947+00:00,2026-09-29T20:11:51.841749+00:00,603.1,-0.053140800000000044,REJECT,tennis_predictions/price_snapshots.csv
a58eb60289105d1c,9f6473ee946f85a9,virginbet,1.63,2026-09-29T20:11:50.324947+00:00,2026-09-29T20:11:51.841749+00:00,603.1,-0.035387190000000124,REJECT,tennis_predictions/price_snapshots.csv
7252543bb9f9db8f,9f6473ee946f85a9,williamhill,1.62,2026-09-29T20:11:50.324947+00:00,2026-09-29T20:11:51.841749+00:00,603.1,-0.041305060000000005,REJECT,tennis_predictions/price_snapshots.csv
f4b774f3599ec21a,eb71b99b08b99028,betfair_ex_uk,1.31,2026-09-29T20:11:50.324947+00:00,2026-09-29T20:11:51.841749+00:00,768.1,-0.017883561999999936,WATCH,tennis_predictions/price_snapshots.csv
bbdd2b5129496f95,eb71b99b08b99028,betano_uk,1.29,2026-09-29T20:11:50.324947+00:00,2026-09-29T20:11:51.841749+00:00,768.1,-0.02129763999999995,WATCH,tennis_predictions/price_snapshots.csv
18925f2fb863cebe,eb71b99b08b99028,betfair_sb_uk,1.29,2026-09-29T20:11:50.324947+00:00,2026-09-29T20:11:51.841749+00:00,768.1,-0.02129763999999995,WATCH,tennis_predictions/price_snapshots.csv
54b4d1a8901be5a1,eb71b99b08b99028,betvictor,1.29,2026-09-29T20:11:50.324947+00:00,2026-09-29T20:11:51.841749+00:00,768.1,-0.02129763999999995,WATCH,tennis_predictions/price_snapshots.csv
9bec85cb3d734acc,eb71b99b08b99028,betway,1.29,2026-09-29T20:11:50.324947+00:00,2026-09-29T20:11:51.841749+00:00,768.1,-0.02129763999999995,WATCH,tennis_predictions/price_snapshots.csv
643741dce03d143f,eb71b99b08b99028,boylesports,1.3,2026-09-29T20:11:50.324947+00:00,2026-09-29T20:11:51.841749+00:00,768.1,-0.01371079999999994,WATCH,tennis_predictions/price_snapshots.csv
650b22840f6276db,eb71b99b08b99028,casumo,1.33,2026-09-29T20:11:50.324947+00:00,2026-09-29T20:11:51.841749+00:00,768.1,0.009049720000000094,WATCH,tennis_predictions/price_snapshots.csv
b5edf316eeacee66,eb71b99b08b99028,coral,1.28,2026-09-29T20:11:50.324947+00:00,2026-09-29T20:11:51.841749+00:00,768.1,-0.028884479999999935,WATCH,tennis_predictions/price_snapshots.csv
da10875e74ac439d,eb71b99b08b99028,grosvenor,1.33,2026-09-29T20:11:50.324947+00:00,2026-09-29T20:11:51.841749+00:00,768.1,0.009049720000000094,WATCH,tennis_predictions/price_snapshots.csv
8aab78c894b99c25,eb71b99b08b99028,ladbrokes_uk,1.28,2026-09-29T20:11:50.324947+00:00,2026-09-29T20:11:51.841749+00:00,768.1,-0.028884479999999935,WATCH,tennis_predictions/price_snapshots.csv
30ceeb4c09d3141d,eb71b99b08b99028,leovegas,1.26,2026-09-29T20:11:50.324947+00:00,2026-09-29T20:11:51.841749+00:00,768.1,-0.04405815999999996,WATCH,tennis_predictions/price_snapshots.csv
ea16c6cd9127b50e,eb71b99b08b99028,livescorebet,1.33,2026-09-29T20:11:50.324947+00:00,2026-09-29T20:11:51.841749+00:00,768.1,0.009049720000000094,WATCH,tennis_predictions/price_snapshots.csv
6e7dc8a7a183970c,eb71b99b08b99028,matchbook,1.31,2026-09-29T20:11:50.324947+00:00,2026-09-29T20:11:51.841749+00:00,768.1,,WATCH,tennis_predictions/price_snapshots.csv
27278143a9941306,eb71b99b08b99028,paddypower,1.25,2026-09-29T20:11:50.324947+00:00,2026-09-29T20:11:51.841749+00:00,768.1,-0.05164499999999997,WATCH,tennis_predictions/price_snapshots.csv
a953363566df54a4,eb71b99b08b99028,skybet,1.25,2026-09-29T20:11:50.324947+00:00,2026-09-29T20:11:51.841749+00:00,768.1,-0.05164499999999997,WATCH,tennis_predictions/price_snapshots.csv
70ac29f19268a6a9,eb71b99b08b99028,smarkets,1.29,2026-09-29T20:11:50.324947+00:00,2026-09-29T20:11:51.841749+00:00,768.1,-0.025698007199999956,WATCH,tennis_predictions/price_snapshots.csv
3567cca9bd3fe4bb,eb71b99b08b99028,sport888,1.29,2026-09-29T20:11:50.324947+00:00,2026-09-29T20:11:51.841749+00:00,768.1,-0.02129763999999995,WATCH,tennis_predictions/price_snapshots.csv
14d27596476dabe7,eb71b99b08b99028,unibet_uk,1.28,2026-09-29T20:11:50.324947+00:00,2026-09-29T20:11:51.841749+00:00,768.1,-0.028884479999999935,WATCH,tennis_predictions/price_snapshots.csv
f0e60dee9f6d8248,eb71b99b08b99028,virginbet,1.33,2026-09-29T20:11:50.324947+00:00,2026-09-29T20:11:51.841749+00:00,768.1,0.009049720000000094,WATCH,tennis_predictions/price_snapshots.csv
6c1a3eccd2b57d5d,eb71b99b08b99028,williamhill,1.29,2026-09-29T20:11:50.324947+00:00,2026-09-29T20:11:51.841749+00:00,768.1,-0.02129763999999995,WATCH,tennis_predictions/price_snapshots.csv
89a3742ceb7ddca9,7621bbe383afe3e5,betfair_ex_uk,1.42,2026-09-29T20:11:50.324947+00:00,2026-09-29T20:11:51.841749+00:00,888.1,-0.021729664000000093,WATCH,tennis_predictions/price_snapshots.csv
d92389bd16923b96,7621bbe383afe3e5,betano_uk,1.4,2026-09-29T20:11:50.324947+00:00,2026-09-29T20:11:51.841749+00:00,888.1,-0.02103040000000006,WATCH,tennis_predictions/price_snapshots.csv
b0909309d93f1ed4,7621bbe383afe3e5,betfair_sb_uk,1.4,2026-09-29T20:11:50.324947+00:00,2026-09-29T20:11:51.841749+00:00,888.1,-0.02103040000000006,WATCH,tennis_predictions/price_snapshots.csv
bc4893034a88df26,7621bbe383afe3e5,betvictor,1.4,2026-09-29T20:11:50.324947+00:00,2026-09-29T20:11:51.841749+00:00,888.1,-0.02103040000000006,WATCH,tennis_predictions/price_snapshots.csv
b82ee95fea577018,7621bbe383afe3e5,betway,1.38,2026-09-29T20:11:50.324947+00:00,2026-09-29T20:11:51.841749+00:00,888.1,-0.035015680000000104,WATCH,tennis_predictions/price_snapshots.csv
ccc1ddd6e3f63dab,7621bbe383afe3e5,boylesports,1.44,2026-09-29T20:11:50.324947+00:00,2026-09-29T20:11:51.841749+00:00,888.1,0.006940159999999973,WATCH,tennis_predictions/price_snapshots.csv
501cf00aeeb2baa6,7621bbe383afe3e5,casumo,1.42,2026-09-29T20:11:50.324947+00:00,2026-09-29T20:11:51.841749+00:00,888.1,-0.007045120000000071,WATCH,tennis_predictions/price_snapshots.csv
4d63eaa35d9de360,7621bbe383afe3e5,coral,1.4,2026-09-29T20:11:50.324947+00:00,2026-09-29T20:11:51.841749+00:00,888.1,-0.02103040000000006,WATCH,tennis_predictions/price_snapshots.csv
368e43b6b354ca7d,7621bbe383afe3e5,grosvenor,1.42,2026-09-29T20:11:50.324947+00:00,2026-09-29T20:11:51.841749+00:00,888.1,-0.007045120000000071,WATCH,tennis_predictions/price_snapshots.csv
9b9c1cc41a0b33ad,7621bbe383afe3e5,ladbrokes_uk,1.4,2026-09-29T20:11:50.324947+00:00,2026-09-29T20:11:51.841749+00:00,888.1,-0.02103040000000006,WATCH,tennis_predictions/price_snapshots.csv
9e58adcf6e218932,7621bbe383afe3e5,leovegas,1.4,2026-09-29T20:11:50.324947+00:00,2026-09-29T20:11:51.841749+00:00,888.1,-0.02103040000000006,WATCH,tennis_predictions/price_snapshots.csv
3b59dac8fd55365d,7621bbe383afe3e5,livescorebet,1.42,2026-09-29T20:11:50.324947+00:00,2026-09-29T20:11:51.841749+00:00,888.1,-0.007045120000000071,WATCH,tennis_predictions/price_snapshots.csv
be66bd95a1d4b0d8,7621bbe383afe3e5,matchbook,1.42,2026-09-29T20:11:50.324947+00:00,2026-09-29T20:11:51.841749+00:00,888.1,,WATCH,tennis_predictions/price_snapshots.csv
169a550058d73c7b,7621bbe383afe3e5,paddypower,1.36,2026-09-29T20:11:50.324947+00:00,2026-09-29T20:11:51.841749+00:00,888.1,-0.04900095999999993,WATCH,tennis_predictions/price_snapshots.csv
4ab6c0ea5d2155b3,7621bbe383afe3e5,skybet,1.36,2026-09-29T20:11:50.324947+00:00,2026-09-29T20:11:51.841749+00:00,888.1,-0.04900095999999993,WATCH,tennis_predictions/price_snapshots.csv
02800df3c0669792,7621bbe383afe3e5,smarkets,1.41,2026-09-29T20:11:50.324947+00:00,2026-09-29T20:11:51.841749+00:00,888.1,-0.019771724800000057,WATCH,tennis_predictions/price_snapshots.csv
822717499dadb3fd,7621bbe383afe3e5,sport888,1.44,2026-09-29T20:11:50.324947+00:00,2026-09-29T20:11:51.841749+00:00,888.1,0.006940159999999973,WATCH,tennis_predictions/price_snapshots.csv
48df8a5a4e1d682b,7621bbe383afe3e5,unibet_uk,1.4,2026-09-29T20:11:50.324947+00:00,2026-09-29T20:11:51.841749+00:00,888.1,-0.02103040000000006,WATCH,tennis_predictions/price_snapshots.csv
cb44e7f16094cbd8,7621bbe383afe3e5,virginbet,1.42,2026-09-29T20:11:50.324947+00:00,2026-09-29T20:11:51.841749+00:00,888.1,-0.007045120000000071,WATCH,tennis_predictions/price_snapshots.csv
fa55647012651ff0,7621bbe383afe3e5,williamhill,1.44,2026-09-29T20:11:50.324947+00:00,2026-09-29T20:11:51.841749+00:00,888.1,0.006940159999999973,WATCH,tennis_predictions/price_snapshots.csv
b1aca73abe0bc436,33f43c3f2ca059e8,betfair_ex_uk,1.57,2026-09-29T20:11:50.324947+00:00,2026-09-29T20:11:51.841749+00:00,1788.1,-0.902013011,REJECT,tennis_predictions/price_snapshots.csv
d08cfceeaf2a01e5,33f43c3f2ca059e8,betano_uk,1.57,2026-09-29T20:11:50.324947+00:00,2026-09-29T20:11:51.841749+00:00,1788.1,-0.9002013799999999,REJECT,tennis_predictions/price_snapshots.csv
1b175222c7278b16,33f43c3f2ca059e8,betvictor,1.57,2026-09-29T20:11:50.324947+00:00,2026-09-29T20:11:51.841749+00:00,1788.1,-0.9002013799999999,REJECT,tennis_predictions/price_snapshots.csv
65c497747ef4b0b0,33f43c3f2ca059e8,betway,1.6,2026-09-29T20:11:50.324947+00:00,2026-09-29T20:11:51.841749+00:00,1788.1,-0.8982943999999999,REJECT,tennis_predictions/price_snapshots.csv
b88339fe08c809bd,33f43c3f2ca059e8,boylesports,1.62,2026-09-29T20:11:50.324947+00:00,2026-09-29T20:11:51.841749+00:00,1788.1,-0.89702308,REJECT,tennis_predictions/price_snapshots.csv
920af3f3b9cf986d,33f43c3f2ca059e8,casumo,1.53,2026-09-29T20:11:50.324947+00:00,2026-09-29T20:11:51.841749+00:00,1788.1,-0.90274402,REJECT,tennis_predictions/price_snapshots.csv
e7c682d1d43efe06,33f43c3f2ca059e8,coral,1.6,2026-09-29T20:11:50.324947+00:00,2026-09-29T20:11:51.841749+00:00,1788.1,-0.8982943999999999,REJECT,tennis_predictions/price_snapshots.csv
8e51230e240e1df3,33f43c3f2ca059e8,grosvenor,1.53,2026-09-29T20:11:50.324947+00:00,2026-09-29T20:11:51.841749+00:00,1788.1,-0.90274402,REJECT,tennis_predictions/price_snapshots.csv
3a7380faeb6de7c4,33f43c3f2ca059e8,ladbrokes_uk,1.6,2026-09-29T20:11:50.324947+00:00,2026-09-29T20:11:51.841749+00:00,1788.1,-0.8982943999999999,REJECT,tennis_predictions/price_snapshots.csv
9012c957af6d4cfc,33f43c3f2ca059e8,leovegas,1.57,2026-09-29T20:11:50.324947+00:00,2026-09-29T20:11:51.841749+00:00,1788.1,-0.9002013799999999,REJECT,tennis_predictions/price_snapshots.csv
2e194af5a4c29b83,33f43c3f2ca059e8,livescorebet,1.53,2026-09-29T20:11:50.324947+00:00,2026-09-29T20:11:51.841749+00:00,1788.1,-0.90274402,REJECT,tennis_predictions/price_snapshots.csv
48e49427d4037f91,33f43c3f2ca059e8,matchbook,1.54,2026-09-29T20:11:50.324947+00:00,2026-09-29T20:11:51.841749+00:00,1788.1,,REJECT,tennis_predictions/price_snapshots.csv
8bdc7b8a0aac579f,33f43c3f2ca059e8,paddypower,1.57,2026-09-29T20:11:50.324947+00:00,2026-09-29T20:11:51.841749+00:00,1788.1,-0.9002013799999999,REJECT,tennis_predictions/price_snapshots.csv
70cd49e0fc98ba48,33f43c3f2ca059e8,skybet,1.57,2026-09-29T20:11:50.324947+00:00,2026-09-29T20:11:51.841749+00:00,1788.1,-0.9002013799999999,REJECT,tennis_predictions/price_snapshots.csv
ede80bb957246806,33f43c3f2ca059e8,smarkets,1.51,2026-09-29T20:11:50.324947+00:00,2026-09-29T20:11:51.841749+00:00,1788.1,-0.9046637131999999,REJECT,tennis_predictions/price_snapshots.csv
69b57db622b14e77,33f43c3f2ca059e8,sport888,1.61,2026-09-29T20:11:50.324947+00:00,2026-09-29T20:11:51.841749+00:00,1788.1,-0.89765874,REJECT,tennis_predictions/price_snapshots.csv
16a1a6cc1be93069,33f43c3f2ca059e8,unibet_uk,1.58,2026-09-29T20:11:50.324947+00:00,2026-09-29T20:11:51.841749+00:00,1788.1,-0.89956572,REJECT,tennis_predictions/price_snapshots.csv
e1a67251f0ded565,33f43c3f2ca059e8,virginbet,1.53,2026-09-29T20:11:50.324947+00:00,2026-09-29T20:11:51.841749+00:00,1788.1,-0.90274402,REJECT,tennis_predictions/price_snapshots.csv
4ec4560176a1fa03,33f43c3f2ca059e8,williamhill,1.62,2026-09-29T20:11:50.324947+00:00,2026-09-29T20:11:51.841749+00:00,1788.1,-0.89702308,REJECT,tennis_predictions/price_snapshots.csv
d5c11509a6fed04d,856e0cced52d1d67,betfair_ex_uk,1.25,2026-09-29T20:11:50.324947+00:00,2026-09-29T20:11:51.841749+00:00,1788.1,-0.015624437499999977,REJECT,tennis_predictions/price_snapshots.csv
d3eafcf4e26e3ec9,856e0cced52d1d67,betano_uk,1.18,2026-09-29T20:11:50.324947+00:00,2026-09-29T20:11:51.841749+00:00,1788.1,-0.06136310000000003,REJECT,tennis_predictions/price_snapshots.csv
2e62723ce591e9cf,856e0cced52d1d67,betvictor,1.18,2026-09-29T20:11:50.324947+00:00,2026-09-29T20:11:51.841749+00:00,1788.1,-0.06136310000000003,REJECT,tennis_predictions/price_snapshots.csv
27e70da854b9454f,856e0cced52d1d67,betway,1.22,2026-09-29T20:11:50.324947+00:00,2026-09-29T20:11:51.841749+00:00,1788.1,-0.029544899999999985,REJECT,tennis_predictions/price_snapshots.csv
63104dd6374ea24c,856e0cced52d1d67,boylesports,1.2,2026-09-29T20:11:50.324947+00:00,2026-09-29T20:11:51.841749+00:00,1788.1,-0.045453999999999994,REJECT,tennis_predictions/price_snapshots.csv
a51ca9c09d350322,856e0cced52d1d67,casumo,1.18,2026-09-29T20:11:50.324947+00:00,2026-09-29T20:11:51.841749+00:00,1788.1,-0.06136310000000003,REJECT,tennis_predictions/price_snapshots.csv
3cd2f4c1e3401411,856e0cced52d1d67,coral,1.22,2026-09-29T20:11:50.324947+00:00,2026-09-29T20:11:51.841749+00:00,1788.1,-0.029544899999999985,REJECT,tennis_predictions/price_snapshots.csv
51bb64a0b0ff8eb6,856e0cced52d1d67,grosvenor,1.18,2026-09-29T20:11:50.324947+00:00,2026-09-29T20:11:51.841749+00:00,1788.1,-0.06136310000000003,REJECT,tennis_predictions/price_snapshots.csv
1b00d28b7bfe46f2,856e0cced52d1d67,ladbrokes_uk,1.22,2026-09-29T20:11:50.324947+00:00,2026-09-29T20:11:51.841749+00:00,1788.1,-0.029544899999999985,REJECT,tennis_predictions/price_snapshots.csv
900383042b5e8129,856e0cced52d1d67,leovegas,1.2,2026-09-29T20:11:50.324947+00:00,2026-09-29T20:11:51.841749+00:00,1788.1,-0.045453999999999994,REJECT,tennis_predictions/price_snapshots.csv
22b4da572fba1a10,856e0cced52d1d67,livescorebet,1.18,2026-09-29T20:11:50.324947+00:00,2026-09-29T20:11:51.841749+00:00,1788.1,-0.06136310000000003,REJECT,tennis_predictions/price_snapshots.csv
df497081af422db6,856e0cced52d1d67,matchbook,1.23,2026-09-29T20:11:50.324947+00:00,2026-09-29T20:11:51.841749+00:00,1788.1,,REJECT,tennis_predictions/price_snapshots.csv
f749b1847fa71da1,856e0cced52d1d67,paddypower,1.2,2026-09-29T20:11:50.324947+00:00,2026-09-29T20:11:51.841749+00:00,1788.1,-0.045453999999999994,REJECT,tennis_predictions/price_snapshots.csv
8e02c783e7c055d0,856e0cced52d1d67,skybet,1.2,2026-09-29T20:11:50.324947+00:00,2026-09-29T20:11:51.841749+00:00,1788.1,-0.045453999999999994,REJECT,tennis_predictions/price_snapshots.csv
863366439b9cf9b9,856e0cced52d1d67,smarkets,1.23,2026-09-29T20:11:50.324947+00:00,2026-09-29T20:11:51.841749+00:00,1788.1,-0.025249442999999983,REJECT,tennis_predictions/price_snapshots.csv
1f8bb1f2acb62374,856e0cced52d1d67,sport888,1.22,2026-09-29T20:11:50.324947+00:00,2026-09-29T20:11:51.841749+00:00,1788.1,-0.029544899999999985,REJECT,tennis_predictions/price_snapshots.csv
4c18be6483d82f03,856e0cced52d1d67,virginbet,1.18,2026-09-29T20:11:50.324947+00:00,2026-09-29T20:11:51.841749+00:00,1788.1,-0.06136310000000003,REJECT,tennis_predictions/price_snapshots.csv
df096dd2734e5e14,856e0cced52d1d67,williamhill,1.22,2026-09-29T20:11:50.324947+00:00,2026-09-29T20:11:51.841749+00:00,1788.1,-0.029544899999999985,REJECT,tennis_predictions/price_snapshots.csv
01f956e0f8b3d52d,b8d39fc2b30b412e,betfair_ex_uk,1.6,2026-09-29T20:11:50.324947+00:00,2026-09-29T20:11:51.841749+00:00,1788.1,-0.037861609999999934,REJECT,tennis_predictions/price_snapshots.csv
4a56df8994d95951,b8d39fc2b30b412e,betano_uk,1.45,2026-09-29T20:11:50.324947+00:00,2026-09-29T20:11:51.841749+00:00,1788.1,-0.11140085,REJECT,tennis_predictions/price_snapshots.csv
8ac5266159d29d67,b8d39fc2b30b412e,betfair_sb_uk,1.62,2026-09-29T20:11:50.324947+00:00,2026-09-29T20:11:51.841749+00:00,1788.1,-0.007220259999999923,REJECT,tennis_predictions/price_snapshots.csv
1b911bdc0cc07ac4,b8d39fc2b30b412e,betvictor,1.45,2026-09-29T20:11:50.324947+00:00,2026-09-29T20:11:51.841749+00:00,1788.1,-0.11140085,REJECT,tennis_predictions/price_snapshots.csv
052fe3a258eef18f,b8d39fc2b30b412e,betway,1.55,2026-09-29T20:11:50.324947+00:00,2026-09-29T20:11:51.841749+00:00,1788.1,-0.05011814999999997,REJECT,tennis_predictions/price_snapshots.csv
40d70fe5efc52339,b8d39fc2b30b412e,boylesports,1.62,2026-09-29T20:11:50.324947+00:00,2026-09-29T20:11:51.841749+00:00,1788.1,-0.007220259999999923,REJECT,tennis_predictions/price_snapshots.csv
6367db0381fee0ce,b8d39fc2b30b412e,casumo,1.57,2026-09-29T20:11:50.324947+00:00,2026-09-29T20:11:51.841749+00:00,1788.1,-0.037861609999999934,REJECT,tennis_predictions/price_snapshots.csv
dc18316565c96caf,b8d39fc2b30b412e,coral,1.55,2026-09-29T20:11:50.324947+00:00,2026-09-29T20:11:51.841749+00:00,1788.1,-0.05011814999999997,REJECT,tennis_predictions/price_snapshots.csv
7e4668e4814eb587,b8d39fc2b30b412e,grosvenor,1.57,2026-09-29T20:11:50.324947+00:00,2026-09-29T20:11:51.841749+00:00,1788.1,-0.037861609999999934,REJECT,tennis_predictions/price_snapshots.csv
0ef8687f7a14093b,b8d39fc2b30b412e,ladbrokes_uk,1.55,2026-09-29T20:11:50.324947+00:00,2026-09-29T20:11:51.841749+00:00,1788.1,-0.05011814999999997,REJECT,tennis_predictions/price_snapshots.csv
24b3597a9d44c315,b8d39fc2b30b412e,leovegas,1.55,2026-09-29T20:11:50.324947+00:00,2026-09-29T20:11:51.841749+00:00,1788.1,-0.05011814999999997,REJECT,tennis_predictions/price_snapshots.csv
3e43573bf8a7fd16,b8d39fc2b30b412e,livescorebet,1.58,2026-09-29T20:11:50.324947+00:00,2026-09-29T20:11:51.841749+00:00,1788.1,-0.03173333999999994,REJECT,tennis_predictions/price_snapshots.csv
d07416676e43a0f2,b8d39fc2b30b412e,matchbook,1.6,2026-09-29T20:11:50.324947+00:00,2026-09-29T20:11:51.841749+00:00,1788.1,,REJECT,tennis_predictions/price_snapshots.csv
eb459f3b01e9e3ca,b8d39fc2b30b412e,paddypower,1.57,2026-09-29T20:11:50.324947+00:00,2026-09-29T20:11:51.841749+00:00,1788.1,-0.037861609999999934,REJECT,tennis_predictions/price_snapshots.csv
0678ed78383d361e,b8d39fc2b30b412e,skybet,1.57,2026-09-29T20:11:50.324947+00:00,2026-09-29T20:11:51.841749+00:00,1788.1,-0.037861609999999934,REJECT,tennis_predictions/price_snapshots.csv
fcd8859bb0c63df9,b8d39fc2b30b412e,smarkets,1.59,2026-09-29T20:11:50.324947+00:00,2026-09-29T20:11:51.841749+00:00,1788.1,-0.03283642859999997,REJECT,tennis_predictions/price_snapshots.csv
23953fa290facd15,b8d39fc2b30b412e,sport888,1.61,2026-09-29T20:11:50.324947+00:00,2026-09-29T20:11:51.841749+00:00,1788.1,-0.013348529999999914,REJECT,tennis_predictions/price_snapshots.csv
40c5fb671f6b319a,b8d39fc2b30b412e,unibet_uk,1.55,2026-09-29T20:11:50.324947+00:00,2026-09-29T20:11:51.841749+00:00,1788.1,-0.05011814999999997,REJECT,tennis_predictions/price_snapshots.csv
701163281d1a2a44,b8d39fc2b30b412e,virginbet,1.58,2026-09-29T20:11:50.324947+00:00,2026-09-29T20:11:51.841749+00:00,1788.1,-0.03173333999999994,REJECT,tennis_predictions/price_snapshots.csv
f44543957963e817,b8d39fc2b30b412e,williamhill,1.62,2026-09-29T20:11:50.324947+00:00,2026-09-29T20:11:51.841749+00:00,1788.1,-0.007220259999999923,REJECT,tennis_predictions/price_snapshots.csv
90070f62c25452cb,d8a56c0c6f39868e,betfair_ex_uk,1.12,2026-09-29T20:11:50.324947+00:00,2026-09-29T20:11:51.841749+00:00,1788.1,-0.011505467999999963,MULTI_RESEARCH_ELIGIBLE,tennis_predictions/price_snapshots.csv
6bb9ec616a79962a,d8a56c0c6f39868e,betano_uk,1.08,2026-09-29T20:11:50.324947+00:00,2026-09-29T20:11:51.841749+00:00,1788.1,-0.04167495999999998,MULTI_RESEARCH_ELIGIBLE,tennis_predictions/price_snapshots.csv
4c691b08fb3a741a,d8a56c0c6f39868e,betvictor,1.08,2026-09-29T20:11:50.324947+00:00,2026-09-29T20:11:51.841749+00:00,1788.1,-0.04167495999999998,MULTI_RESEARCH_ELIGIBLE,tennis_predictions/price_snapshots.csv
67bccc6baa4c6673,d8a56c0c6f39868e,betway,1.1,2026-09-29T20:11:50.324947+00:00,2026-09-29T20:11:51.841749+00:00,1788.1,-0.02392819999999997,MULTI_RESEARCH_ELIGIBLE,tennis_predictions/price_snapshots.csv
6df05e19c7ba1247,d8a56c0c6f39868e,boylesports,1.1,2026-09-29T20:11:50.324947+00:00,2026-09-29T20:11:51.841749+00:00,1788.1,-0.02392819999999997,MULTI_RESEARCH_ELIGIBLE,tennis_predictions/price_snapshots.csv
9e97c849f2093c54,d8a56c0c6f39868e,casumo,1.07,2026-09-29T20:11:50.324947+00:00,2026-09-29T20:11:51.841749+00:00,1788.1,-0.05054833999999999,MULTI_RESEARCH_ELIGIBLE,tennis_predictions/price_snapshots.csv
08e29011b8f2e1bc,d8a56c0c6f39868e,coral,1.08,2026-09-29T20:11:50.324947+00:00,2026-09-29T20:11:51.841749+00:00,1788.1,-0.04167495999999998,MULTI_RESEARCH_ELIGIBLE,tennis_predictions/price_snapshots.csv
4419364fec8afefc,d8a56c0c6f39868e,grosvenor,1.07,2026-09-29T20:11:50.324947+00:00,2026-09-29T20:11:51.841749+00:00,1788.1,-0.05054833999999999,MULTI_RESEARCH_ELIGIBLE,tennis_predictions/price_snapshots.csv
622baf8d7ae0e681,d8a56c0c6f39868e,ladbrokes_uk,1.08,2026-09-29T20:11:50.324947+00:00,2026-09-29T20:11:51.841749+00:00,1788.1,-0.04167495999999998,MULTI_RESEARCH_ELIGIBLE,tennis_predictions/price_snapshots.csv
5ea8cc0b19205a30,d8a56c0c6f39868e,leovegas,1.06,2026-09-29T20:11:50.324947+00:00,2026-09-29T20:11:51.841749+00:00,1788.1,-0.05942172,MULTI_RESEARCH_ELIGIBLE,tennis_predictions/price_snapshots.csv
c315ff8a045c895a,d8a56c0c6f39868e,livescorebet,1.07,2026-09-29T20:11:50.324947+00:00,2026-09-29T20:11:51.841749+00:00,1788.1,-0.05054833999999999,MULTI_RESEARCH_ELIGIBLE,tennis_predictions/price_snapshots.csv
80703543f9118303,d8a56c0c6f39868e,matchbook,1.1,2026-09-29T20:11:50.324947+00:00,2026-09-29T20:11:51.841749+00:00,1788.1,,MULTI_RESEARCH_ELIGIBLE,tennis_predictions/price_snapshots.csv
de0e89c03ae27b4f,d8a56c0c6f39868e,paddypower,1.08,2026-09-29T20:11:50.324947+00:00,2026-09-29T20:11:51.841749+00:00,1788.1,-0.04167495999999998,MULTI_RESEARCH_ELIGIBLE,tennis_predictions/price_snapshots.csv
fe5f074da4a0bec8,d8a56c0c6f39868e,skybet,1.08,2026-09-29T20:11:50.324947+00:00,2026-09-29T20:11:51.841749+00:00,1788.1,-0.04167495999999998,MULTI_RESEARCH_ELIGIBLE,tennis_predictions/price_snapshots.csv
aba8ddfdce927fa3,d8a56c0c6f39868e,smarkets,1.11,2026-09-29T20:11:50.324947+00:00,2026-09-29T20:11:51.841749+00:00,1788.1,-0.017006963599999952,MULTI_RESEARCH_ELIGIBLE,tennis_predictions/price_snapshots.csv
0fe12c506d900b7c,d8a56c0c6f39868e,sport888,1.06,2026-09-29T20:11:50.324947+00:00,2026-09-29T20:11:51.841749+00:00,1788.1,-0.05942172,MULTI_RESEARCH_ELIGIBLE,tennis_predictions/price_snapshots.csv
18980be5e8f20b49,d8a56c0c6f39868e,unibet_uk,1.07,2026-09-29T20:11:50.324947+00:00,2026-09-29T20:11:51.841749+00:00,1788.1,-0.05054833999999999,MULTI_RESEARCH_ELIGIBLE,tennis_predictions/price_snapshots.csv
8ab117929fcf39b9,d8a56c0c6f39868e,virginbet,1.07,2026-09-29T20:11:50.324947+00:00,2026-09-29T20:11:51.841749+00:00,1788.1,-0.05054833999999999,MULTI_RESEARCH_ELIGIBLE,tennis_predictions/price_snapshots.csv
2c0bfcc6cdc921dd,d8a56c0c6f39868e,williamhill,1.06,2026-09-29T20:11:50.324947+00:00,2026-09-29T20:11:51.841749+00:00,1788.1,-0.05942172,MULTI_RESEARCH_ELIGIBLE,tennis_predictions/price_snapshots.csv
0a0129b769f4a3d1,28f679098416c079,betfair_ex_uk,1.57,2026-09-29T20:11:50.324947+00:00,2026-09-29T20:11:51.841749+00:00,1788.1,-0.027365910999999965,REJECT,tennis_predictions/price_snapshots.csv
00cff0c31b667836,28f679098416c079,betano_uk,1.45,2026-09-29T20:11:50.324947+00:00,2026-09-29T20:11:51.841749+00:00,1788.1,-0.08509929999999999,REJECT,tennis_predictions/price_snapshots.csv
11d646974baceb3d,28f679098416c079,betfair_sb_uk,1.53,2026-09-29T20:11:50.324947+00:00,2026-09-29T20:11:51.841749+00:00,1788.1,-0.03462201999999992,REJECT,tennis_predictions/price_snapshots.csv
9eb85bb98aa5958b,28f679098416c079,betvictor,1.45,2026-09-29T20:11:50.324947+00:00,2026-09-29T20:11:51.841749+00:00,1788.1,-0.08509929999999999,REJECT,tennis_predictions/price_snapshots.csv
e1edb867085c0dd0,28f679098416c079,betway,1.55,2026-09-29T20:11:50.324947+00:00,2026-09-29T20:11:51.841749+00:00,1788.1,-0.02200269999999993,REJECT,tennis_predictions/price_snapshots.csv
14d105151684ba22,28f679098416c079,boylesports,1.53,2026-09-29T20:11:50.324947+00:00,2026-09-29T20:11:51.841749+00:00,1788.1,-0.03462201999999992,REJECT,tennis_predictions/price_snapshots.csv
f61e7c563912d8e6,28f679098416c079,casumo,1.53,2026-09-29T20:11:50.324947+00:00,2026-09-29T20:11:51.841749+00:00,1788.1,-0.03462201999999992,REJECT,tennis_predictions/price_snapshots.csv
60bd07f78b949265,28f679098416c079,coral,1.53,2026-09-29T20:11:50.324947+00:00,2026-09-29T20:11:51.841749+00:00,1788.1,-0.03462201999999992,REJECT,tennis_predictions/price_snapshots.csv
7dafe5a804cdf5fb,28f679098416c079,grosvenor,1.53,2026-09-29T20:11:50.324947+00:00,2026-09-29T20:11:51.841749+00:00,1788.1,-0.03462201999999992,REJECT,tennis_predictions/price_snapshots.csv
2073776f7e2f592a,28f679098416c079,ladbrokes_uk,1.53,2026-09-29T20:11:50.324947+00:00,2026-09-29T20:11:51.841749+00:00,1788.1,-0.03462201999999992,REJECT,tennis_predictions/price_snapshots.csv
a1f89ae8cc4a5192,28f679098416c079,leovegas,1.5,2026-09-29T20:11:50.324947+00:00,2026-09-29T20:11:51.841749+00:00,1788.1,-0.05355099999999996,REJECT,tennis_predictions/price_snapshots.csv
134d7cc30885542c,28f679098416c079,livescorebet,1.53,2026-09-29T20:11:50.324947+00:00,2026-09-29T20:11:51.841749+00:00,1788.1,-0.03462201999999992,REJECT,tennis_predictions/price_snapshots.csv
cbdfbe245b75c81b,28f679098416c079,matchbook,1.55,2026-09-29T20:11:50.324947+00:00,2026-09-29T20:11:51.841749+00:00,1788.1,,REJECT,tennis_predictions/price_snapshots.csv
b21e2d7d7d537b49,28f679098416c079,paddypower,1.5,2026-09-29T20:11:50.324947+00:00,2026-09-29T20:11:51.841749+00:00,1788.1,-0.05355099999999996,REJECT,tennis_predictions/price_snapshots.csv
31a5e4d84c7e2f8b,28f679098416c079,skybet,1.5,2026-09-29T20:11:50.324947+00:00,2026-09-29T20:11:51.841749+00:00,1788.1,-0.05355099999999996,REJECT,tennis_predictions/price_snapshots.csv
f93eabf754ac27ba,28f679098416c079,smarkets,1.55,2026-09-29T20:11:50.324947+00:00,2026-09-29T20:11:51.841749+00:00,1788.1,-0.028943325999999936,REJECT,tennis_predictions/price_snapshots.csv
75edc306a3928cb5,28f679098416c079,sport888,1.57,2026-09-29T20:11:50.324947+00:00,2026-09-29T20:11:51.841749+00:00,1788.1,-0.009383379999999941,REJECT,tennis_predictions/price_snapshots.csv
32b11dfa68eeb38d,28f679098416c079,unibet_uk,1.5,2026-09-29T20:11:50.324947+00:00,2026-09-29T20:11:51.841749+00:00,1788.1,-0.05355099999999996,REJECT,tennis_predictions/price_snapshots.csv
3b74d585c6fd9bc0,28f679098416c079,virginbet,1.53,2026-09-29T20:11:50.324947+00:00,2026-09-29T20:11:51.841749+00:00,1788.1,-0.03462201999999992,REJECT,tennis_predictions/price_snapshots.csv
cd89e079f506def9,28f679098416c079,williamhill,1.57,2026-09-29T20:11:50.324947+00:00,2026-09-29T20:11:51.841749+00:00,1788.1,-0.009383379999999941,REJECT,tennis_predictions/price_snapshots.csv
09f43c5b19acb431,80698cbad2885edd,betfair_ex_uk,1.63,2026-09-29T20:11:50.324947+00:00,2026-09-29T20:11:51.841749+00:00,1788.1,-0.05402848050000014,REJECT,tennis_predictions/price_snapshots.csv
384e172874128e34,80698cbad2885edd,betano_uk,1.61,2026-09-29T20:11:50.324947+00:00,2026-09-29T20:11:51.841749+00:00,1788.1,-0.047222929999999996,REJECT,tennis_predictions/price_snapshots.csv
e4ad0d328313d5ec,80698cbad2885edd,betvictor,1.61,2026-09-29T20:11:50.324947+00:00,2026-09-29T20:11:51.841749+00:00,1788.1,-0.047222929999999996,REJECT,tennis_predictions/price_snapshots.csv
1ac403b3b6c46e29,80698cbad2885edd,betway,1.65,2026-09-29T20:11:50.324947+00:00,2026-09-29T20:11:51.841749+00:00,1788.1,-0.02355145000000014,REJECT,tennis_predictions/price_snapshots.csv
d6083be4e15d16cf,80698cbad2885edd,boylesports,1.67,2026-09-29T20:11:50.324947+00:00,2026-09-29T20:11:51.841749+00:00,1788.1,-0.011715710000000101,REJECT,tennis_predictions/price_snapshots.csv
bc1228fd418fde6c,80698cbad2885edd,casumo,1.61,2026-09-29T20:11:50.324947+00:00,2026-09-29T20:11:51.841749+00:00,1788.1,-0.047222929999999996,REJECT,tennis_predictions/price_snapshots.csv
68787ea0dd07c09b,80698cbad2885edd,coral,1.6,2026-09-29T20:11:50.324947+00:00,2026-09-29T20:11:51.841749+00:00,1788.1,-0.053140800000000044,REJECT,tennis_predictions/price_snapshots.csv
1745ba00052cf12e,80698cbad2885edd,grosvenor,1.61,2026-09-29T20:11:50.324947+00:00,2026-09-29T20:11:51.841749+00:00,1788.1,-0.047222929999999996,REJECT,tennis_predictions/price_snapshots.csv
71dbb7b7a74d50cd,80698cbad2885edd,ladbrokes_uk,1.6,2026-09-29T20:11:50.324947+00:00,2026-09-29T20:11:51.841749+00:00,1788.1,-0.053140800000000044,REJECT,tennis_predictions/price_snapshots.csv
b76fb1fcd266d895,80698cbad2885edd,leovegas,1.57,2026-09-29T20:11:50.324947+00:00,2026-09-29T20:11:51.841749+00:00,1788.1,-0.07089441000000002,REJECT,tennis_predictions/price_snapshots.csv
decd59e984e8d5d5,80698cbad2885edd,livescorebet,1.61,2026-09-29T20:11:50.324947+00:00,2026-09-29T20:11:51.841749+00:00,1788.1,-0.047222929999999996,REJECT,tennis_predictions/price_snapshots.csv
220b150b809eca87,80698cbad2885edd,matchbook,1.54,2026-09-29T20:11:50.324947+00:00,2026-09-29T20:11:51.841749+00:00,1788.1,,REJECT,tennis_predictions/price_snapshots.csv
993204a2fb202846,80698cbad2885edd,paddypower,1.57,2026-09-29T20:11:50.324947+00:00,2026-09-29T20:11:51.841749+00:00,1788.1,-0.07089441000000002,REJECT,tennis_predictions/price_snapshots.csv
503a24d6ce8069c5,80698cbad2885edd,skybet,1.57,2026-09-29T20:11:50.324947+00:00,2026-09-29T20:11:51.841749+00:00,1788.1,-0.07089441000000002,REJECT,tennis_predictions/price_snapshots.csv
799a47b87fc19a1f,80698cbad2885edd,smarkets,1.62,2026-09-29T20:11:50.324947+00:00,2026-09-29T20:11:51.841749+00:00,1788.1,-0.0486432188,REJECT,tennis_predictions/price_snapshots.csv
c4484d6a199f1904,80698cbad2885edd,sport888,1.61,2026-09-29T20:11:50.324947+00:00,2026-09-29T20:11:51.841749+00:00,1788.1,-0.047222929999999996,REJECT,tennis_predictions/price_snapshots.csv
9ba52c094cd5e8d4,80698cbad2885edd,virginbet,1.61,2026-09-29T20:11:50.324947+00:00,2026-09-29T20:11:51.841749+00:00,1788.1,-0.047222929999999996,REJECT,tennis_predictions/price_snapshots.csv
f312c83e9adf59f3,80698cbad2885edd,williamhill,1.62,2026-09-29T20:11:50.324947+00:00,2026-09-29T20:11:51.841749+00:00,1788.1,-0.041305060000000005,REJECT,tennis_predictions/price_snapshots.csv
8e95b6fde8879ebb,8a189816861d6bc0,betfair_ex_uk,1.21,2026-09-29T20:11:50.324947+00:00,2026-09-29T20:11:51.841749+00:00,1788.1,-0.06157957150000001,REJECT,tennis_predictions/price_snapshots.csv
e310d6b91dfcd90c,8a189816861d6bc0,betano_uk,1.29,2026-09-29T20:11:50.324947+00:00,2026-09-29T20:11:51.841749+00:00,1788.1,0.009222470000000038,REJECT,tennis_predictions/price_snapshots.csv
f94f9225ca7323e7,8a189816861d6bc0,betfair_sb_uk,1.22,2026-09-29T20:11:50.324947+00:00,2026-09-29T20:11:51.841749+00:00,1788.1,-0.04554154000000002,REJECT,tennis_predictions/price_snapshots.csv
94720fba7a8ee644,8a189816861d6bc0,betvictor,1.29,2026-09-29T20:11:50.324947+00:00,2026-09-29T20:11:51.841749+00:00,1788.1,0.009222470000000038,REJECT,tennis_predictions/price_snapshots.csv
866e0aa64715c657,8a189816861d6bc0,betway,1.22,2026-09-29T20:11:50.324947+00:00,2026-09-29T20:11:51.841749+00:00,1788.1,-0.04554154000000002,REJECT,tennis_predictions/price_snapshots.csv
ff4a0b73a30c6340,8a189816861d6bc0,boylesports,1.22,2026-09-29T20:11:50.324947+00:00,2026-09-29T20:11:51.841749+00:00,1788.1,-0.04554154000000002,REJECT,tennis_predictions/price_snapshots.csv
33d4209a954fad48,8a189816861d6bc0,casumo,1.23,2026-09-29T20:11:50.324947+00:00,2026-09-29T20:11:51.841749+00:00,1788.1,-0.03771811,REJECT,tennis_predictions/price_snapshots.csv
f5849b8708ce1ab7,8a189816861d6bc0,coral,1.22,2026-09-29T20:11:50.324947+00:00,2026-09-29T20:11:51.841749+00:00,1788.1,-0.04554154000000002,REJECT,tennis_predictions/price_snapshots.csv
32f7c44962e98583,8a189816861d6bc0,grosvenor,1.23,2026-09-29T20:11:50.324947+00:00,2026-09-29T20:11:51.841749+00:00,1788.1,-0.03771811,REJECT,tennis_predictions/price_snapshots.csv
db28959695ae5a24,8a189816861d6bc0,ladbrokes_uk,1.22,2026-09-29T20:11:50.324947+00:00,2026-09-29T20:11:51.841749+00:00,1788.1,-0.04554154000000002,REJECT,tennis_predictions/price_snapshots.csv
59a9686ffa871a62,8a189816861d6bc0,leovegas,1.2,2026-09-29T20:11:50.324947+00:00,2026-09-29T20:11:51.841749+00:00,1788.1,-0.06118840000000003,REJECT,tennis_predictions/price_snapshots.csv
db8c413b6e769952,8a189816861d6bc0,livescorebet,1.23,2026-09-29T20:11:50.324947+00:00,2026-09-29T20:11:51.841749+00:00,1788.1,-0.03771811,REJECT,tennis_predictions/price_snapshots.csv
dd429eb91fb864f0,8a189816861d6bc0,matchbook,1.19,2026-09-29T20:11:50.324947+00:00,2026-09-29T20:11:51.841749+00:00,1788.1,,REJECT,tennis_predictions/price_snapshots.csv
46b32b045fcb52b5,8a189816861d6bc0,paddypower,1.2,2026-09-29T20:11:50.324947+00:00,2026-09-29T20:11:51.841749+00:00,1788.1,-0.06118840000000003,REJECT,tennis_predictions/price_snapshots.csv
be315ce6f374fb90,8a189816861d6bc0,skybet,1.2,2026-09-29T20:11:50.324947+00:00,2026-09-29T20:11:51.841749+00:00,1788.1,-0.06118840000000003,REJECT,tennis_predictions/price_snapshots.csv
1660362b751daf69,8a189816861d6bc0,smarkets,1.22,2026-09-29T20:11:50.324947+00:00,2026-09-29T20:11:51.841749+00:00,1788.1,-0.04898384920000001,REJECT,tennis_predictions/price_snapshots.csv
cb401eeeeb1a912e,8a189816861d6bc0,sport888,1.22,2026-09-29T20:11:50.324947+00:00,2026-09-29T20:11:51.841749+00:00,1788.1,-0.04554154000000002,REJECT,tennis_predictions/price_snapshots.csv
fd2f099d2a387949,8a189816861d6bc0,unibet_uk,1.21,2026-09-29T20:11:50.324947+00:00,2026-09-29T20:11:51.841749+00:00,1788.1,-0.05336497000000001,REJECT,tennis_predictions/price_snapshots.csv
b3c30c5c7acf962e,8a189816861d6bc0,virginbet,1.23,2026-09-29T20:11:50.324947+00:00,2026-09-29T20:11:51.841749+00:00,1788.1,-0.03771811,REJECT,tennis_predictions/price_snapshots.csv
a8dcf12b470308dc,8a189816861d6bc0,williamhill,1.22,2026-09-29T20:11:50.324947+00:00,2026-09-29T20:11:51.841749+00:00,1788.1,-0.04554154000000002,REJECT,tennis_predictions/price_snapshots.csv
c33300357db90a1e,80663958a1927e96,betfair_ex_uk,1.87,2026-09-29T20:11:50.324947+00:00,2026-09-29T20:11:51.841749+00:00,1788.1,-0.028891959500000064,REJECT,tennis_predictions/price_snapshots.csv
c2fc45ff428f3ea3,80663958a1927e96,betano_uk,1.73,2026-09-29T20:11:50.324947+00:00,2026-09-29T20:11:51.841749+00:00,1788.1,-0.08019879000000008,REJECT,tennis_predictions/price_snapshots.csv
ccd5b3e37cef98e0,80663958a1927e96,betvictor,1.73,2026-09-29T20:11:50.324947+00:00,2026-09-29T20:11:51.841749+00:00,1788.1,-0.08019879000000008,REJECT,tennis_predictions/price_snapshots.csv
ac34d53054dd4242,80663958a1927e96,betway,1.8,2026-09-29T20:11:50.324947+00:00,2026-09-29T20:11:51.841749+00:00,1788.1,-0.04298140000000006,REJECT,tennis_predictions/price_snapshots.csv
804798df3c32dc54,80663958a1927e96,boylesports,1.8,2026-09-29T20:11:50.324947+00:00,2026-09-29T20:11:51.841749+00:00,1788.1,-0.04298140000000006,REJECT,tennis_predictions/price_snapshots.csv
364b53992f10f300,80663958a1927e96,casumo,1.77,2026-09-29T20:11:50.324947+00:00,2026-09-29T20:11:51.841749+00:00,1788.1,-0.05893171000000008,REJECT,tennis_predictions/price_snapshots.csv
79f86e3d31d105dd,80663958a1927e96,coral,1.75,2026-09-29T20:11:50.324947+00:00,2026-09-29T20:11:51.841749+00:00,1788.1,-0.06956525000000008,REJECT,tennis_predictions/price_snapshots.csv
4be180a815337034,80663958a1927e96,grosvenor,1.77,2026-09-29T20:11:50.324947+00:00,2026-09-29T20:11:51.841749+00:00,1788.1,-0.05893171000000008,REJECT,tennis_predictions/price_snapshots.csv
1067ec52489bdd9e,80663958a1927e96,ladbrokes_uk,1.75,2026-09-29T20:11:50.324947+00:00,2026-09-29T20:11:51.841749+00:00,1788.1,-0.06956525000000008,REJECT,tennis_predictions/price_snapshots.csv
88ba1001f0f231de,80663958a1927e96,leovegas,1.75,2026-09-29T20:11:50.324947+00:00,2026-09-29T20:11:51.841749+00:00,1788.1,-0.06956525000000008,REJECT,tennis_predictions/price_snapshots.csv
7a8e3ce0b86959d3,80663958a1927e96,livescorebet,1.77,2026-09-29T20:11:50.324947+00:00,2026-09-29T20:11:51.841749+00:00,1788.1,-0.05893171000000008,REJECT,tennis_predictions/price_snapshots.csv
5941b4cddd32cf81,80663958a1927e96,matchbook,1.81,2026-09-29T20:11:50.324947+00:00,2026-09-29T20:11:51.841749+00:00,1788.1,,REJECT,tennis_predictions/price_snapshots.csv
0f288ba5d64ce30e,80663958a1927e96,paddypower,1.67,2026-09-29T20:11:50.324947+00:00,2026-09-29T20:11:51.841749+00:00,1788.1,-0.11209941000000012,REJECT,tennis_predictions/price_snapshots.csv
df99bcbe7d699a83,80663958a1927e96,skybet,1.67,2026-09-29T20:11:50.324947+00:00,2026-09-29T20:11:51.841749+00:00,1788.1,-0.11209941000000012,REJECT,tennis_predictions/price_snapshots.csv
f39615aa79980648,80663958a1927e96,smarkets,1.81,2026-09-29T20:11:50.324947+00:00,2026-09-29T20:11:51.841749+00:00,1788.1,-0.04627779740000004,REJECT,tennis_predictions/price_snapshots.csv
5f272ad8e915a9ce,80663958a1927e96,sport888,1.8,2026-09-29T20:11:50.324947+00:00,2026-09-29T20:11:51.841749+00:00,1788.1,-0.04298140000000006,REJECT,tennis_predictions/price_snapshots.csv
0de61670f24157a4,80663958a1927e96,unibet_uk,1.76,2026-09-29T20:11:50.324947+00:00,2026-09-29T20:11:51.841749+00:00,1788.1,-0.06424848000000005,REJECT,tennis_predictions/price_snapshots.csv
49bbf8e86452d894,80663958a1927e96,virginbet,1.77,2026-09-29T20:11:50.324947+00:00,2026-09-29T20:11:51.841749+00:00,1788.1,-0.05893171000000008,REJECT,tennis_predictions/price_snapshots.csv
cdc45eeddae66eaa,80663958a1927e96,williamhill,1.8,2026-09-29T20:11:50.324947+00:00,2026-09-29T20:11:51.841749+00:00,1788.1,-0.04298140000000006,REJECT,tennis_predictions/price_snapshots.csv
72159e050851c8cc,37b84c5fa9c33cd0,betfair_ex_uk,1.6,2026-09-29T20:11:50.324947+00:00,2026-09-29T20:11:51.841749+00:00,1788.1,-0.02360443999999995,REJECT,tennis_predictions/price_snapshots.csv
51dd04f79d04a6db,37b84c5fa9c33cd0,betano_uk,1.53,2026-09-29T20:11:50.324947+00:00,2026-09-29T20:11:51.841749+00:00,1788.1,-0.048480759999999956,REJECT,tennis_predictions/price_snapshots.csv
951a021d3096232d,37b84c5fa9c33cd0,betvictor,1.53,2026-09-29T20:11:50.324947+00:00,2026-09-29T20:11:51.841749+00:00,1788.1,-0.048480759999999956,REJECT,tennis_predictions/price_snapshots.csv
7c9f0a890c541064,37b84c5fa9c33cd0,betway,1.55,2026-09-29T20:11:50.324947+00:00,2026-09-29T20:11:51.841749+00:00,1788.1,-0.036042599999999925,REJECT,tennis_predictions/price_snapshots.csv
014a32ca47a6658b,37b84c5fa9c33cd0,boylesports,1.53,2026-09-29T20:11:50.324947+00:00,2026-09-29T20:11:51.841749+00:00,1788.1,-0.048480759999999956,REJECT,tennis_predictions/price_snapshots.csv
61e8a4c3567d0e06,37b84c5fa9c33cd0,casumo,1.54,2026-09-29T20:11:50.324947+00:00,2026-09-29T20:11:51.841749+00:00,1788.1,-0.04226167999999997,REJECT,tennis_predictions/price_snapshots.csv
fe5816b2295cd681,37b84c5fa9c33cd0,coral,1.53,2026-09-29T20:11:50.324947+00:00,2026-09-29T20:11:51.841749+00:00,1788.1,-0.048480759999999956,REJECT,tennis_predictions/price_snapshots.csv
da599f208ec366bd,37b84c5fa9c33cd0,grosvenor,1.54,2026-09-29T20:11:50.324947+00:00,2026-09-29T20:11:51.841749+00:00,1788.1,-0.04226167999999997,REJECT,tennis_predictions/price_snapshots.csv
993e14c3936ade62,37b84c5fa9c33cd0,ladbrokes_uk,1.53,2026-09-29T20:11:50.324947+00:00,2026-09-29T20:11:51.841749+00:00,1788.1,-0.048480759999999956,REJECT,tennis_predictions/price_snapshots.csv
e5e281f05be6b9d4,37b84c5fa9c33cd0,leovegas,1.5,2026-09-29T20:11:50.324947+00:00,2026-09-29T20:11:51.841749+00:00,1788.1,-0.06713799999999998,REJECT,tennis_predictions/price_snapshots.csv
9a0d0a021f99af2c,37b84c5fa9c33cd0,livescorebet,1.54,2026-09-29T20:11:50.324947+00:00,2026-09-29T20:11:51.841749+00:00,1788.1,-0.04226167999999997,REJECT,tennis_predictions/price_snapshots.csv
bb5f9a446b123787,37b84c5fa9c33cd0,matchbook,1.57,2026-09-29T20:11:50.324947+00:00,2026-09-29T20:11:51.841749+00:00,1788.1,,REJECT,tennis_predictions/price_snapshots.csv
edcb1b8b70969460,37b84c5fa9c33cd0,paddypower,1.5,2026-09-29T20:11:50.324947+00:00,2026-09-29T20:11:51.841749+00:00,1788.1,-0.06713799999999998,REJECT,tennis_predictions/price_snapshots.csv
65b592d192ac2baf,37b84c5fa9c33cd0,skybet,1.5,2026-09-29T20:11:50.324947+00:00,2026-09-29T20:11:51.841749+00:00,1788.1,-0.06713799999999998,REJECT,tennis_predictions/price_snapshots.csv
bc4f02f79968e1b6,37b84c5fa9c33cd0,smarkets,1.56,2026-09-29T20:11:50.324947+00:00,2026-09-29T20:11:51.841749+00:00,1788.1,-0.03678888959999993,REJECT,tennis_predictions/price_snapshots.csv
6ae1ae822388daa1,37b84c5fa9c33cd0,sport888,1.53,2026-09-29T20:11:50.324947+00:00,2026-09-29T20:11:51.841749+00:00,1788.1,-0.048480759999999956,REJECT,tennis_predictions/price_snapshots.csv
9639bf65edc17fa0,37b84c5fa9c33cd0,unibet_uk,1.54,2026-09-29T20:11:50.324947+00:00,2026-09-29T20:11:51.841749+00:00,1788.1,-0.04226167999999997,REJECT,tennis_predictions/price_snapshots.csv
c67e02dc8b73c500,37b84c5fa9c33cd0,virginbet,1.54,2026-09-29T20:11:50.324947+00:00,2026-09-29T20:11:51.841749+00:00,1788.1,-0.04226167999999997,REJECT,tennis_predictions/price_snapshots.csv
9f2f663daa7f71da,37b84c5fa9c33cd0,williamhill,1.53,2026-09-29T20:11:50.324947+00:00,2026-09-29T20:11:51.841749+00:00,1788.1,-0.048480759999999956,REJECT,tennis_predictions/price_snapshots.csv
3c59501295963870,e2090217da4cba41,betfair_ex_uk,1.84,2026-09-29T20:11:50.324947+00:00,2026-09-29T20:11:51.841749+00:00,1788.1,-0.028229545999999994,REJECT,tennis_predictions/price_snapshots.csv
d25e60eccbbdffd9,e2090217da4cba41,betano_uk,1.75,2026-09-29T20:11:50.324947+00:00,2026-09-29T20:11:51.841749+00:00,1788.1,-0.05417225000000003,REJECT,tennis_predictions/price_snapshots.csv
83603fd39663e5b9,e2090217da4cba41,betvictor,1.75,2026-09-29T20:11:50.324947+00:00,2026-09-29T20:11:51.841749+00:00,1788.1,-0.05417225000000003,REJECT,tennis_predictions/price_snapshots.csv
3a51147955c67f21,e2090217da4cba41,betway,1.73,2026-09-29T20:11:50.324947+00:00,2026-09-29T20:11:51.841749+00:00,1788.1,-0.06498171000000003,REJECT,tennis_predictions/price_snapshots.csv
4a0fbbb62a55bfdc,e2090217da4cba41,boylesports,1.8,2026-09-29T20:11:50.324947+00:00,2026-09-29T20:11:51.841749+00:00,1788.1,-0.027148600000000023,REJECT,tennis_predictions/price_snapshots.csv
b013f0789b86166f,e2090217da4cba41,casumo,1.82,2026-09-29T20:11:50.324947+00:00,2026-09-29T20:11:51.841749+00:00,1788.1,-0.016339139999999974,REJECT,tennis_predictions/price_snapshots.csv
5fedee281b93f1a8,e2090217da4cba41,coral,1.73,2026-09-29T20:11:50.324947+00:00,2026-09-29T20:11:51.841749+00:00,1788.1,-0.06498171000000003,REJECT,tennis_predictions/price_snapshots.csv
5c33f17a266d06e8,e2090217da4cba41,grosvenor,1.82,2026-09-29T20:11:50.324947+00:00,2026-09-29T20:11:51.841749+00:00,1788.1,-0.016339139999999974,REJECT,tennis_predictions/price_snapshots.csv
772fbb581ade4309,e2090217da4cba41,ladbrokes_uk,1.73,2026-09-29T20:11:50.324947+00:00,2026-09-29T20:11:51.841749+00:00,1788.1,-0.06498171000000003,REJECT,tennis_predictions/price_snapshots.csv
afa1a510e9c9abc3,e2090217da4cba41,leovegas,1.72,2026-09-29T20:11:50.324947+00:00,2026-09-29T20:11:51.841749+00:00,1788.1,-0.07038644000000005,REJECT,tennis_predictions/price_snapshots.csv
5942275fbc819018,e2090217da4cba41,livescorebet,1.82,2026-09-29T20:11:50.324947+00:00,2026-09-29T20:11:51.841749+00:00,1788.1,-0.016339139999999974,REJECT,tennis_predictions/price_snapshots.csv
79f1ec0b39c8fb26,e2090217da4cba41,matchbook,1.78,2026-09-29T20:11:50.324947+00:00,2026-09-29T20:11:51.841749+00:00,1788.1,,REJECT,tennis_predictions/price_snapshots.csv
ef88830fc1229c75,e2090217da4cba41,paddypower,1.73,2026-09-29T20:11:50.324947+00:00,2026-09-29T20:11:51.841749+00:00,1788.1,-0.06498171000000003,REJECT,tennis_predictions/price_snapshots.csv
d8bb64d759a439c4,e2090217da4cba41,skybet,1.73,2026-09-29T20:11:50.324947+00:00,2026-09-29T20:11:51.841749+00:00,1788.1,-0.06498171000000003,REJECT,tennis_predictions/price_snapshots.csv
0bee00a16313bee9,e2090217da4cba41,smarkets,1.82,2026-09-29T20:11:50.324947+00:00,2026-09-29T20:11:51.841749+00:00,1788.1,-0.025202897199999963,REJECT,tennis_predictions/price_snapshots.csv
fd31888d58eba64b,e2090217da4cba41,sport888,1.73,2026-09-29T20:11:50.324947+00:00,2026-09-29T20:11:51.841749+00:00,1788.1,-0.06498171000000003,REJECT,tennis_predictions/price_snapshots.csv
d4afbc2dbc641c58,e2090217da4cba41,unibet_uk,1.75,2026-09-29T20:11:50.324947+00:00,2026-09-29T20:11:51.841749+00:00,1788.1,-0.05417225000000003,REJECT,tennis_predictions/price_snapshots.csv
7dcbd8d883d3a3b4,e2090217da4cba41,virginbet,1.82,2026-09-29T20:11:50.324947+00:00,2026-09-29T20:11:51.841749+00:00,1788.1,-0.016339139999999974,REJECT,tennis_predictions/price_snapshots.csv
2ad8ba9682494dac,e2090217da4cba41,williamhill,1.73,2026-09-29T20:11:50.324947+00:00,2026-09-29T20:11:51.841749+00:00,1788.1,-0.06498171000000003,REJECT,tennis_predictions/price_snapshots.csv
54e7654193588858,06acc45663befb45,betfair_ex_uk,1.69,2026-09-29T20:11:50.324947+00:00,2026-09-29T20:11:51.841749+00:00,1788.1,-0.024294654000000082,REJECT,tennis_predictions/price_snapshots.csv
3cd5cfcbf6e97c77,06acc45663befb45,betano_uk,1.61,2026-09-29T20:11:50.324947+00:00,2026-09-29T20:11:51.841749+00:00,1788.1,-0.05111107999999992,REJECT,tennis_predictions/price_snapshots.csv
bd872285ff2525ba,06acc45663befb45,betvictor,1.61,2026-09-29T20:11:50.324947+00:00,2026-09-29T20:11:51.841749+00:00,1788.1,-0.05111107999999992,REJECT,tennis_predictions/price_snapshots.csv
0f3f00f109b3c817,06acc45663befb45,betway,1.65,2026-09-29T20:11:50.324947+00:00,2026-09-29T20:11:51.841749+00:00,1788.1,-0.027536200000000066,REJECT,tennis_predictions/price_snapshots.csv
ea3a06a9f3ccd573,06acc45663befb45,boylesports,1.67,2026-09-29T20:11:50.324947+00:00,2026-09-29T20:11:51.841749+00:00,1788.1,-0.01574876000000003,REJECT,tennis_predictions/price_snapshots.csv
d74511baa3fc5a1e,06acc45663befb45,casumo,1.68,2026-09-29T20:11:50.324947+00:00,2026-09-29T20:11:51.841749+00:00,1788.1,-0.009855040000000037,REJECT,tennis_predictions/price_snapshots.csv
c5d449c9c7d360f2,06acc45663befb45,coral,1.65,2026-09-29T20:11:50.324947+00:00,2026-09-29T20:11:51.841749+00:00,1788.1,-0.027536200000000066,REJECT,tennis_predictions/price_snapshots.csv
dcdbbf23c79b3476,06acc45663befb45,grosvenor,1.68,2026-09-29T20:11:50.324947+00:00,2026-09-29T20:11:51.841749+00:00,1788.1,-0.009855040000000037,REJECT,tennis_predictions/price_snapshots.csv
bdeee94362e63117,06acc45663befb45,ladbrokes_uk,1.65,2026-09-29T20:11:50.324947+00:00,2026-09-29T20:11:51.841749+00:00,1788.1,-0.027536200000000066,REJECT,tennis_predictions/price_snapshots.csv
e23dd5a5b262c034,06acc45663befb45,leovegas,1.62,2026-09-29T20:11:50.324947+00:00,2026-09-29T20:11:51.841749+00:00,1788.1,-0.04521735999999993,REJECT,tennis_predictions/price_snapshots.csv
f94ff800f5c0e912,06acc45663befb45,livescorebet,1.68,2026-09-29T20:11:50.324947+00:00,2026-09-29T20:11:51.841749+00:00,1788.1,-0.009855040000000037,REJECT,tennis_predictions/price_snapshots.csv
f4da5ec612da757e,06acc45663befb45,matchbook,1.64,2026-09-29T20:11:50.324947+00:00,2026-09-29T20:11:51.841749+00:00,1788.1,,REJECT,tennis_predictions/price_snapshots.csv
5d4ee8b39db38b9c,06acc45663befb45,paddypower,1.57,2026-09-29T20:11:50.324947+00:00,2026-09-29T20:11:51.841749+00:00,1788.1,-0.07468595999999994,REJECT,tennis_predictions/price_snapshots.csv
c99d14c519875bdb,06acc45663befb45,skybet,1.57,2026-09-29T20:11:50.324947+00:00,2026-09-29T20:11:51.841749+00:00,1788.1,-0.07468595999999994,REJECT,tennis_predictions/price_snapshots.csv
4355e067f08f65c2,06acc45663befb45,smarkets,1.64,2026-09-29T20:11:50.324947+00:00,2026-09-29T20:11:51.841749+00:00,1788.1,-0.04097388160000004,REJECT,tennis_predictions/price_snapshots.csv
e909495fd243f76f,06acc45663befb45,sport888,1.67,2026-09-29T20:11:50.324947+00:00,2026-09-29T20:11:51.841749+00:00,1788.1,-0.01574876000000003,REJECT,tennis_predictions/price_snapshots.csv
c9514f40706ffc7c,06acc45663befb45,unibet_uk,1.65,2026-09-29T20:11:50.324947+00:00,2026-09-29T20:11:51.841749+00:00,1788.1,-0.027536200000000066,REJECT,tennis_predictions/price_snapshots.csv
4c7b2c1f372e5c7b,06acc45663befb45,virginbet,1.68,2026-09-29T20:11:50.324947+00:00,2026-09-29T20:11:51.841749+00:00,1788.1,-0.009855040000000037,REJECT,tennis_predictions/price_snapshots.csv
6b4d1da5a8c32de4,06acc45663befb45,williamhill,1.67,2026-09-29T20:11:50.324947+00:00,2026-09-29T20:11:51.841749+00:00,1788.1,-0.01574876000000003,REJECT,tennis_predictions/price_snapshots.csv
dea05d1468df3da0,48c1b236b8e26dc0,betfair_ex_uk,1.37,2026-09-29T20:11:50.324947+00:00,2026-09-29T20:11:51.841749+00:00,423.1,-0.023011461999999983,REJECT,tennis_predictions/price_snapshots.csv
de27be2c5f667ac1,48c1b236b8e26dc0,betano_uk,1.33,2026-09-29T20:11:50.324947+00:00,2026-09-29T20:11:51.841749+00:00,423.1,-0.03855363999999997,REJECT,tennis_predictions/price_snapshots.csv
fd0baaf47557bbf1,48c1b236b8e26dc0,betfair_sb_uk,1.33,2026-09-29T20:11:50.324947+00:00,2026-09-29T20:11:51.841749+00:00,423.1,-0.03855363999999997,REJECT,tennis_predictions/price_snapshots.csv
995570174ea4e5d6,48c1b236b8e26dc0,betvictor,1.33,2026-09-29T20:11:50.324947+00:00,2026-09-29T20:11:51.841749+00:00,423.1,-0.03855363999999997,REJECT,tennis_predictions/price_snapshots.csv
bcff9106f7aafc49,48c1b236b8e26dc0,betway,1.3,2026-09-29T20:11:50.324947+00:00,2026-09-29T20:11:51.841749+00:00,423.1,-0.0602404,REJECT,tennis_predictions/price_snapshots.csv
261d9a9119939c91,48c1b236b8e26dc0,boylesports,1.33,2026-09-29T20:11:50.324947+00:00,2026-09-29T20:11:51.841749+00:00,423.1,-0.03855363999999997,REJECT,tennis_predictions/price_snapshots.csv
51adf809585fd346,48c1b236b8e26dc0,casumo,1.33,2026-09-29T20:11:50.324947+00:00,2026-09-29T20:11:51.841749+00:00,423.1,-0.03855363999999997,REJECT,tennis_predictions/price_snapshots.csv
547cfe69ee157964,48c1b236b8e26dc0,coral,1.33,2026-09-29T20:11:50.324947+00:00,2026-09-29T20:11:51.841749+00:00,423.1,-0.03855363999999997,REJECT,tennis_predictions/price_snapshots.csv
c7c56b56bc8a1e0b,48c1b236b8e26dc0,grosvenor,1.33,2026-09-29T20:11:50.324947+00:00,2026-09-29T20:11:51.841749+00:00,423.1,-0.03855363999999997,REJECT,tennis_predictions/price_snapshots.csv
15d467ef119c64a3,48c1b236b8e26dc0,ladbrokes_uk,1.33,2026-09-29T20:11:50.324947+00:00,2026-09-29T20:11:51.841749+00:00,423.1,-0.03855363999999997,REJECT,tennis_predictions/price_snapshots.csv
3eca1d757e19a08e,48c1b236b8e26dc0,leovegas,1.33,2026-09-29T20:11:50.324947+00:00,2026-09-29T20:11:51.841749+00:00,423.1,-0.03855363999999997,REJECT,tennis_predictions/price_snapshots.csv
2b5869439ec85e5e,48c1b236b8e26dc0,livescorebet,1.33,2026-09-29T20:11:50.324947+00:00,2026-09-29T20:11:51.841749+00:00,423.1,-0.03855363999999997,REJECT,tennis_predictions/price_snapshots.csv
8b600c387c70bed0,48c1b236b8e26dc0,matchbook,1.37,2026-09-29T20:11:50.324947+00:00,2026-09-29T20:11:51.841749+00:00,423.1,,REJECT,tennis_predictions/price_snapshots.csv
120bee9d8e74c7d3,48c1b236b8e26dc0,paddypower,1.3,2026-09-29T20:11:50.324947+00:00,2026-09-29T20:11:51.841749+00:00,423.1,-0.0602404,REJECT,tennis_predictions/price_snapshots.csv
a6a5b1683ac53ef9,48c1b236b8e26dc0,skybet,1.3,2026-09-29T20:11:50.324947+00:00,2026-09-29T20:11:51.841749+00:00,423.1,-0.0602404,REJECT,tennis_predictions/price_snapshots.csv
2e776466ce3c80fe,48c1b236b8e26dc0,sport888,1.33,2026-09-29T20:11:50.324947+00:00,2026-09-29T20:11:51.841749+00:00,423.1,-0.03855363999999997,REJECT,tennis_predictions/price_snapshots.csv
2f505d7883c2f3ba,48c1b236b8e26dc0,unibet_uk,1.34,2026-09-29T20:11:50.324947+00:00,2026-09-29T20:11:51.841749+00:00,423.1,-0.03132471999999997,REJECT,tennis_predictions/price_snapshots.csv
1513d9ace194f339,48c1b236b8e26dc0,virginbet,1.33,2026-09-29T20:11:50.324947+00:00,2026-09-29T20:11:51.841749+00:00,423.1,-0.03855363999999997,REJECT,tennis_predictions/price_snapshots.csv
b3b00db6f1243c32,48c1b236b8e26dc0,williamhill,1.33,2026-09-29T20:11:50.324947+00:00,2026-09-29T20:11:51.841749+00:00,423.1,-0.03855363999999997,REJECT,tennis_predictions/price_snapshots.csv
272965df737a86b5,3bcb1cf1488d50fe,betfair_ex_uk,1.16,2026-09-29T20:11:50.324947+00:00,2026-09-29T20:11:51.841749+00:00,648.1,-0.017729920000000066,MULTI_RESEARCH_ELIGIBLE,tennis_predictions/price_snapshots.csv
72cbe9cca09574a0,3bcb1cf1488d50fe,betano_uk,1.14,2026-09-29T20:11:50.324947+00:00,2026-09-29T20:11:51.841749+00:00,648.1,-0.02796190000000008,MULTI_RESEARCH_ELIGIBLE,tennis_predictions/price_snapshots.csv
e9642e30cccc0346,3bcb1cf1488d50fe,betfair_sb_uk,1.17,2026-09-29T20:11:50.324947+00:00,2026-09-29T20:11:51.841749+00:00,648.1,-0.0023819500000000493,MULTI_RESEARCH_ELIGIBLE,tennis_predictions/price_snapshots.csv
fb39dfd097ea4aaa,3bcb1cf1488d50fe,betvictor,1.14,2026-09-29T20:11:50.324947+00:00,2026-09-29T20:11:51.841749+00:00,648.1,-0.02796190000000008,MULTI_RESEARCH_ELIGIBLE,tennis_predictions/price_snapshots.csv
b51bfa761871fb35,3bcb1cf1488d50fe,betway,1.12,2026-09-29T20:11:50.324947+00:00,2026-09-29T20:11:51.841749+00:00,648.1,-0.04501519999999991,MULTI_RESEARCH_ELIGIBLE,tennis_predictions/price_snapshots.csv
8e206fc6b893900f,3bcb1cf1488d50fe,boylesports,1.14,2026-09-29T20:11:50.324947+00:00,2026-09-29T20:11:51.841749+00:00,648.1,-0.02796190000000008,MULTI_RESEARCH_ELIGIBLE,tennis_predictions/price_snapshots.csv
1b8889b43751ce8b,3bcb1cf1488d50fe,casumo,1.16,2026-09-29T20:11:50.324947+00:00,2026-09-29T20:11:51.841749+00:00,648.1,-0.010908600000000074,MULTI_RESEARCH_ELIGIBLE,tennis_predictions/price_snapshots.csv
ec4e03f099d2bf01,3bcb1cf1488d50fe,coral,1.14,2026-09-29T20:11:50.324947+00:00,2026-09-29T20:11:51.841749+00:00,648.1,-0.02796190000000008,MULTI_RESEARCH_ELIGIBLE,tennis_predictions/price_snapshots.csv
65bb2df2fa487ea1,3bcb1cf1488d50fe,grosvenor,1.16,2026-09-29T20:11:50.324947+00:00,2026-09-29T20:11:51.841749+00:00,648.1,-0.010908600000000074,MULTI_RESEARCH_ELIGIBLE,tennis_predictions/price_snapshots.csv
4048a1a232c6ac60,3bcb1cf1488d50fe,ladbrokes_uk,1.14,2026-09-29T20:11:50.324947+00:00,2026-09-29T20:11:51.841749+00:00,648.1,-0.02796190000000008,MULTI_RESEARCH_ELIGIBLE,tennis_predictions/price_snapshots.csv
d5599e07f1a7395d,3bcb1cf1488d50fe,leovegas,1.14,2026-09-29T20:11:50.324947+00:00,2026-09-29T20:11:51.841749+00:00,648.1,-0.02796190000000008,MULTI_RESEARCH_ELIGIBLE,tennis_predictions/price_snapshots.csv
5b9b3ae16a7e1300,3bcb1cf1488d50fe,livescorebet,1.16,2026-09-29T20:11:50.324947+00:00,2026-09-29T20:11:51.841749+00:00,648.1,-0.010908600000000074,MULTI_RESEARCH_ELIGIBLE,tennis_predictions/price_snapshots.csv
56170e163aab3716,3bcb1cf1488d50fe,matchbook,1.17,2026-09-29T20:11:50.324947+00:00,2026-09-29T20:11:51.841749+00:00,648.1,,MULTI_RESEARCH_ELIGIBLE,tennis_predictions/price_snapshots.csv
bb32b22a98747a3d,3bcb1cf1488d50fe,paddypower,1.14,2026-09-29T20:11:50.324947+00:00,2026-09-29T20:11:51.841749+00:00,648.1,-0.02796190000000008,MULTI_RESEARCH_ELIGIBLE,tennis_predictions/price_snapshots.csv
5f0e2b9b9b91d3d6,3bcb1cf1488d50fe,skybet,1.14,2026-09-29T20:11:50.324947+00:00,2026-09-29T20:11:51.841749+00:00,648.1,-0.02796190000000008,MULTI_RESEARCH_ELIGIBLE,tennis_predictions/price_snapshots.csv
179d2081babdda49,3bcb1cf1488d50fe,sport888,1.14,2026-09-29T20:11:50.324947+00:00,2026-09-29T20:11:51.841749+00:00,648.1,-0.02796190000000008,MULTI_RESEARCH_ELIGIBLE,tennis_predictions/price_snapshots.csv
2a3b78dcbf71b1ae,3bcb1cf1488d50fe,unibet_uk,1.14,2026-09-29T20:11:50.324947+00:00,2026-09-29T20:11:51.841749+00:00,648.1,-0.02796190000000008,MULTI_RESEARCH_ELIGIBLE,tennis_predictions/price_snapshots.csv
b878ffdde2558033,3bcb1cf1488d50fe,virginbet,1.16,2026-09-29T20:11:50.324947+00:00,2026-09-29T20:11:51.841749+00:00,648.1,-0.010908600000000074,MULTI_RESEARCH_ELIGIBLE,tennis_predictions/price_snapshots.csv
ae0157b6902f949f,3bcb1cf1488d50fe,williamhill,1.14,2026-09-29T20:11:50.324947+00:00,2026-09-29T20:11:51.841749+00:00,648.1,-0.02796190000000008,MULTI_RESEARCH_ELIGIBLE,tennis_predictions/price_snapshots.csv
daf7dd2b00ad8044,fd60922ea91cacde,betfair_ex_uk,1.13,2026-09-29T20:11:50.324947+00:00,2026-09-29T20:11:51.841749+00:00,1788.1,-0.06312346150000003,REJECT,tennis_predictions/price_snapshots.csv
fae7fdc9d437b4dd,fd60922ea91cacde,betano_uk,1.14,2026-09-29T20:11:50.324947+00:00,2026-09-29T20:11:51.841749+00:00,1788.1,-0.04936426000000002,REJECT,tennis_predictions/price_snapshots.csv
a4dcb43eace6ab19,fd60922ea91cacde,betvictor,1.14,2026-09-29T20:11:50.324947+00:00,2026-09-29T20:11:51.841749+00:00,1788.1,-0.04936426000000002,REJECT,tennis_predictions/price_snapshots.csv
f91ab7d3bb26169d,fd60922ea91cacde,betway,1.12,2026-09-29T20:11:50.324947+00:00,2026-09-29T20:11:51.841749+00:00,1788.1,-0.06604207999999985,REJECT,tennis_predictions/price_snapshots.csv
3fb71b5304979b67,fd60922ea91cacde,boylesports,1.14,2026-09-29T20:11:50.324947+00:00,2026-09-29T20:11:51.841749+00:00,1788.1,-0.04936426000000002,REJECT,tennis_predictions/price_snapshots.csv
88f132001ba16eb5,fd60922ea91cacde,casumo,1.12,2026-09-29T20:11:50.324947+00:00,2026-09-29T20:11:51.841749+00:00,1788.1,-0.06604207999999985,REJECT,tennis_predictions/price_snapshots.csv
8a2f61db17d1df9d,fd60922ea91cacde,grosvenor,1.12,2026-09-29T20:11:50.324947+00:00,2026-09-29T20:11:51.841749+00:00,1788.1,-0.06604207999999985,REJECT,tennis_predictions/price_snapshots.csv
5f600e3ee3d23bb9,fd60922ea91cacde,leovegas,1.14,2026-09-29T20:11:50.324947+00:00,2026-09-29T20:11:51.841749+00:00,1788.1,-0.04936426000000002,REJECT,tennis_predictions/price_snapshots.csv
9f194145607ad227,fd60922ea91cacde,livescorebet,1.12,2026-09-29T20:11:50.324947+00:00,2026-09-29T20:11:51.841749+00:00,1788.1,-0.06604207999999985,REJECT,tennis_predictions/price_snapshots.csv
4f038f36578d9452,fd60922ea91cacde,paddypower,1.12,2026-09-29T20:11:50.324947+00:00,2026-09-29T20:11:51.841749+00:00,1788.1,-0.06604207999999985,REJECT,tennis_predictions/price_snapshots.csv
262a2437cfe63f22,fd60922ea91cacde,skybet,1.13,2026-09-29T20:11:50.324947+00:00,2026-09-29T20:11:51.841749+00:00,1788.1,-0.05770317000000004,REJECT,tennis_predictions/price_snapshots.csv
a404e72f056eea10,fd60922ea91cacde,sport888,1.17,2026-09-29T20:11:50.324947+00:00,2026-09-29T20:11:51.841749+00:00,1788.1,-0.024347530000000006,REJECT,tennis_predictions/price_snapshots.csv
22873faa19a6841e,fd60922ea91cacde,unibet_uk,1.14,2026-09-29T20:11:50.324947+00:00,2026-09-29T20:11:51.841749+00:00,1788.1,-0.04936426000000002,REJECT,tennis_predictions/price_snapshots.csv
c798ccad79d8c326,fd60922ea91cacde,virginbet,1.12,2026-09-29T20:11:50.324947+00:00,2026-09-29T20:11:51.841749+00:00,1788.1,-0.06604207999999985,REJECT,tennis_predictions/price_snapshots.csv
b6fac7f6b9345773,fd60922ea91cacde,williamhill,1.17,2026-09-29T20:11:50.324947+00:00,2026-09-29T20:11:51.841749+00:00,1788.1,-0.024347530000000006,REJECT,tennis_predictions/price_snapshots.csv
a9a35dc7f593d126,94f539619ad59e51,betfair_ex_uk,1.26,2026-09-29T20:11:50.324947+00:00,2026-09-29T20:11:51.841749+00:00,1788.1,-0.06620026100000004,REJECT,tennis_predictions/price_snapshots.csv
41cc50218b92e7d6,94f539619ad59e51,betano_uk,1.2,2026-09-29T20:11:50.324947+00:00,2026-09-29T20:11:51.841749+00:00,1788.1,-0.10139560000000006,REJECT,tennis_predictions/price_snapshots.csv
145eb5ffecd7bc03,94f539619ad59e51,betvictor,1.2,2026-09-29T20:11:50.324947+00:00,2026-09-29T20:11:51.841749+00:00,1788.1,-0.10139560000000006,REJECT,tennis_predictions/price_snapshots.csv
b4b1f108ae0490b1,94f539619ad59e51,betway,1.2,2026-09-29T20:11:50.324947+00:00,2026-09-29T20:11:51.841749+00:00,1788.1,-0.10139560000000006,REJECT,tennis_predictions/price_snapshots.csv
f9b16fc968cc17a0,94f539619ad59e51,boylesports,1.17,2026-09-29T20:11:50.324947+00:00,2026-09-29T20:11:51.841749+00:00,1788.1,-0.1238607100000001,REJECT,tennis_predictions/price_snapshots.csv
85ee6ccf21363043,94f539619ad59e51,casumo,1.22,2026-09-29T20:11:50.324947+00:00,2026-09-29T20:11:51.841749+00:00,1788.1,-0.08641886000000004,REJECT,tennis_predictions/price_snapshots.csv
016e9cd8f44ce2ab,94f539619ad59e51,grosvenor,1.22,2026-09-29T20:11:50.324947+00:00,2026-09-29T20:11:51.841749+00:00,1788.1,-0.08641886000000004,REJECT,tennis_predictions/price_snapshots.csv
1ef02fa95f024034,94f539619ad59e51,leovegas,1.18,2026-09-29T20:11:50.324947+00:00,2026-09-29T20:11:51.841749+00:00,1788.1,-0.11637234000000007,REJECT,tennis_predictions/price_snapshots.csv
2d5e9af26cd34400,94f539619ad59e51,livescorebet,1.22,2026-09-29T20:11:50.324947+00:00,2026-09-29T20:11:51.841749+00:00,1788.1,-0.08641886000000004,REJECT,tennis_predictions/price_snapshots.csv
e156368201316e12,94f539619ad59e51,paddypower,1.17,2026-09-29T20:11:50.324947+00:00,2026-09-29T20:11:51.841749+00:00,1788.1,-0.1238607100000001,REJECT,tennis_predictions/price_snapshots.csv
7abc859a2e3356d5,94f539619ad59e51,skybet,1.17,2026-09-29T20:11:50.324947+00:00,2026-09-29T20:11:51.841749+00:00,1788.1,-0.1238607100000001,REJECT,tennis_predictions/price_snapshots.csv
3f5e6f95f0b41e3e,94f539619ad59e51,sport888,1.22,2026-09-29T20:11:50.324947+00:00,2026-09-29T20:11:51.841749+00:00,1788.1,-0.08641886000000004,REJECT,tennis_predictions/price_snapshots.csv
7a3d82be9eec2c9e,94f539619ad59e51,unibet_uk,1.19,2026-09-29T20:11:50.324947+00:00,2026-09-29T20:11:51.841749+00:00,1788.1,-0.10888397000000008,REJECT,tennis_predictions/price_snapshots.csv
c7c35f949f252478,94f539619ad59e51,virginbet,1.22,2026-09-29T20:11:50.324947+00:00,2026-09-29T20:11:51.841749+00:00,1788.1,-0.08641886000000004,REJECT,tennis_predictions/price_snapshots.csv
cd3fca4b2e7ac0b4,94f539619ad59e51,williamhill,1.22,2026-09-29T20:11:50.324947+00:00,2026-09-29T20:11:51.841749+00:00,1788.1,-0.08641886000000004,REJECT,tennis_predictions/price_snapshots.csv
9ba1139aa65144e0,68eb90f1c93d9100,betfair_ex_uk,1.87,2026-09-29T20:11:50.324947+00:00,2026-09-29T20:11:51.841749+00:00,498.1,-0.02768464300000001,REJECT,tennis_predictions/price_snapshots.csv
9ba8217dfa9294b1,68eb90f1c93d9100,betano_uk,1.75,2026-09-29T20:11:50.324947+00:00,2026-09-29T20:11:51.841749+00:00,498.1,-0.06840850000000004,REJECT,tennis_predictions/price_snapshots.csv
d56cf9f5299d08c4,68eb90f1c93d9100,betfair_sb_uk,1.73,2026-09-29T20:11:50.324947+00:00,2026-09-29T20:11:51.841749+00:00,498.1,-0.07905526000000007,REJECT,tennis_predictions/price_snapshots.csv
2969b974419f82b8,68eb90f1c93d9100,betvictor,1.75,2026-09-29T20:11:50.324947+00:00,2026-09-29T20:11:51.841749+00:00,498.1,-0.06840850000000004,REJECT,tennis_predictions/price_snapshots.csv
ef1995aa60d9edd3,68eb90f1c93d9100,betway,1.8,2026-09-29T20:11:50.324947+00:00,2026-09-29T20:11:51.841749+00:00,498.1,-0.04179160000000004,REJECT,tennis_predictions/price_snapshots.csv
b472e3b8e0d10115,68eb90f1c93d9100,boylesports,1.8,2026-09-29T20:11:50.324947+00:00,2026-09-29T20:11:51.841749+00:00,498.1,-0.04179160000000004,REJECT,tennis_predictions/price_snapshots.csv
fddc1bf6aaca4373,68eb90f1c93d9100,casumo,1.72,2026-09-29T20:11:50.324947+00:00,2026-09-29T20:11:51.841749+00:00,498.1,-0.08437864000000006,REJECT,tennis_predictions/price_snapshots.csv
7864ed26fa526ad0,68eb90f1c93d9100,coral,1.75,2026-09-29T20:11:50.324947+00:00,2026-09-29T20:11:51.841749+00:00,498.1,-0.06840850000000004,REJECT,tennis_predictions/price_snapshots.csv
0eb1dfcb73553050,68eb90f1c93d9100,grosvenor,1.72,2026-09-29T20:11:50.324947+00:00,2026-09-29T20:11:51.841749+00:00,498.1,-0.08437864000000006,REJECT,tennis_predictions/price_snapshots.csv
f3438a7d5ac8cc9e,68eb90f1c93d9100,ladbrokes_uk,1.75,2026-09-29T20:11:50.324947+00:00,2026-09-29T20:11:51.841749+00:00,498.1,-0.06840850000000004,REJECT,tennis_predictions/price_snapshots.csv
7e7432bd63bae8d1,68eb90f1c93d9100,leovegas,1.8,2026-09-29T20:11:50.324947+00:00,2026-09-29T20:11:51.841749+00:00,498.1,-0.04179160000000004,REJECT,tennis_predictions/price_snapshots.csv
d0535ec985165101,68eb90f1c93d9100,livescorebet,1.72,2026-09-29T20:11:50.324947+00:00,2026-09-29T20:11:51.841749+00:00,498.1,-0.08437864000000006,REJECT,tennis_predictions/price_snapshots.csv
b9b3758e46b8940e,68eb90f1c93d9100,matchbook,1.87,2026-09-29T20:11:50.324947+00:00,2026-09-29T20:11:51.841749+00:00,498.1,,REJECT,tennis_predictions/price_snapshots.csv
409733e3e11eb109,68eb90f1c93d9100,paddypower,1.73,2026-09-29T20:11:50.324947+00:00,2026-09-29T20:11:51.841749+00:00,498.1,-0.07905526000000007,REJECT,tennis_predictions/price_snapshots.csv
1a0ede1e03848c63,68eb90f1c93d9100,skybet,1.73,2026-09-29T20:11:50.324947+00:00,2026-09-29T20:11:51.841749+00:00,498.1,-0.07905526000000007,REJECT,tennis_predictions/price_snapshots.csv
58f5c452b65038df,68eb90f1c93d9100,smarkets,1.84,2026-09-29T20:11:50.324947+00:00,2026-09-29T20:11:51.841749+00:00,498.1,-0.029441358400000006,REJECT,tennis_predictions/price_snapshots.csv
1c545b4745917920,68eb90f1c93d9100,sport888,1.8,2026-09-29T20:11:50.324947+00:00,2026-09-29T20:11:51.841749+00:00,498.1,-0.04179160000000004,REJECT,tennis_predictions/price_snapshots.csv
5d1dd6fc3c3d9531,68eb90f1c93d9100,unibet_uk,1.78,2026-09-29T20:11:50.324947+00:00,2026-09-29T20:11:51.841749+00:00,498.1,-0.05243836000000002,REJECT,tennis_predictions/price_snapshots.csv
b28765fa8c93a331,68eb90f1c93d9100,virginbet,1.72,2026-09-29T20:11:50.324947+00:00,2026-09-29T20:11:51.841749+00:00,498.1,-0.08437864000000006,REJECT,tennis_predictions/price_snapshots.csv
69e5ef3ae0c8f25b,68eb90f1c93d9100,williamhill,1.8,2026-09-29T20:11:50.324947+00:00,2026-09-29T20:11:51.841749+00:00,498.1,-0.04179160000000004,REJECT,tennis_predictions/price_snapshots.csv
d138c810dc83c80d,457f772c5b646ff7,betfair_ex_uk,1.16,2026-09-29T20:11:50.324947+00:00,2026-09-29T20:11:51.841749+00:00,498.1,-0.010979200000000078,MULTI_RESEARCH_ELIGIBLE,tennis_predictions/price_snapshots.csv
85bc389d934d3c38,457f772c5b646ff7,betano_uk,1.15,2026-09-29T20:11:50.324947+00:00,2026-09-29T20:11:51.841749+00:00,498.1,-0.012696250000000103,MULTI_RESEARCH_ELIGIBLE,tennis_predictions/price_snapshots.csv
5f953dc75a833559,457f772c5b646ff7,betfair_sb_uk,1.14,2026-09-29T20:11:50.324947+00:00,2026-09-29T20:11:51.841749+00:00,498.1,-0.021281500000000106,MULTI_RESEARCH_ELIGIBLE,tennis_predictions/price_snapshots.csv
8ed58e509fc99a83,457f772c5b646ff7,betvictor,1.15,2026-09-29T20:11:50.324947+00:00,2026-09-29T20:11:51.841749+00:00,498.1,-0.012696250000000103,MULTI_RESEARCH_ELIGIBLE,tennis_predictions/price_snapshots.csv
09cd8c9f8250f328,457f772c5b646ff7,betway,1.12,2026-09-29T20:11:50.324947+00:00,2026-09-29T20:11:51.841749+00:00,498.1,-0.03845199999999993,MULTI_RESEARCH_ELIGIBLE,tennis_predictions/price_snapshots.csv
a04161385e363d52,457f772c5b646ff7,boylesports,1.12,2026-09-29T20:11:50.324947+00:00,2026-09-29T20:11:51.841749+00:00,498.1,-0.03845199999999993,MULTI_RESEARCH_ELIGIBLE,tennis_predictions/price_snapshots.csv
3cd02525687d5b8e,457f772c5b646ff7,casumo,1.16,2026-09-29T20:11:50.324947+00:00,2026-09-29T20:11:51.841749+00:00,498.1,-0.004111000000000087,MULTI_RESEARCH_ELIGIBLE,tennis_predictions/price_snapshots.csv
2ec4dc192c7784c3,457f772c5b646ff7,coral,1.12,2026-09-29T20:11:50.324947+00:00,2026-09-29T20:11:51.841749+00:00,498.1,-0.03845199999999993,MULTI_RESEARCH_ELIGIBLE,tennis_predictions/price_snapshots.csv
442d8e415d0af159,457f772c5b646ff7,grosvenor,1.16,2026-09-29T20:11:50.324947+00:00,2026-09-29T20:11:51.841749+00:00,498.1,-0.004111000000000087,MULTI_RESEARCH_ELIGIBLE,tennis_predictions/price_snapshots.csv
9ab16569a46ca896,457f772c5b646ff7,ladbrokes_uk,1.12,2026-09-29T20:11:50.324947+00:00,2026-09-29T20:11:51.841749+00:00,498.1,-0.03845199999999993,MULTI_RESEARCH_ELIGIBLE,tennis_predictions/price_snapshots.csv
7ac54960811ff3ef,457f772c5b646ff7,leovegas,1.14,2026-09-29T20:11:50.324947+00:00,2026-09-29T20:11:51.841749+00:00,498.1,-0.021281500000000106,MULTI_RESEARCH_ELIGIBLE,tennis_predictions/price_snapshots.csv
0390f849dce3d358,457f772c5b646ff7,livescorebet,1.16,2026-09-29T20:11:50.324947+00:00,2026-09-29T20:11:51.841749+00:00,498.1,-0.004111000000000087,MULTI_RESEARCH_ELIGIBLE,tennis_predictions/price_snapshots.csv
88746d5e5b202b2c,457f772c5b646ff7,matchbook,1.16,2026-09-29T20:11:50.324947+00:00,2026-09-29T20:11:51.841749+00:00,498.1,,MULTI_RESEARCH_ELIGIBLE,tennis_predictions/price_snapshots.csv
1c53fbce371419bf,457f772c5b646ff7,paddypower,1.12,2026-09-29T20:11:50.324947+00:00,2026-09-29T20:11:51.841749+00:00,498.1,-0.03845199999999993,MULTI_RESEARCH_ELIGIBLE,tennis_predictions/price_snapshots.csv
714908e9099318e7,457f772c5b646ff7,skybet,1.13,2026-09-29T20:11:50.324947+00:00,2026-09-29T20:11:51.841749+00:00,498.1,-0.02986675000000011,MULTI_RESEARCH_ELIGIBLE,tennis_predictions/price_snapshots.csv
a55af080042c0655,457f772c5b646ff7,smarkets,1.14,2026-09-29T20:11:50.324947+00:00,2026-09-29T20:11:51.841749+00:00,498.1,-0.02368537000000011,MULTI_RESEARCH_ELIGIBLE,tennis_predictions/price_snapshots.csv
bb3ff8c48b045e92,457f772c5b646ff7,sport888,1.14,2026-09-29T20:11:50.324947+00:00,2026-09-29T20:11:51.841749+00:00,498.1,-0.021281500000000106,MULTI_RESEARCH_ELIGIBLE,tennis_predictions/price_snapshots.csv
0b7ea2b2ddaa001c,457f772c5b646ff7,unibet_uk,1.14,2026-09-29T20:11:50.324947+00:00,2026-09-29T20:11:51.841749+00:00,498.1,-0.021281500000000106,MULTI_RESEARCH_ELIGIBLE,tennis_predictions/price_snapshots.csv
b070b5cc61cb3de4,457f772c5b646ff7,virginbet,1.16,2026-09-29T20:11:50.324947+00:00,2026-09-29T20:11:51.841749+00:00,498.1,-0.004111000000000087,MULTI_RESEARCH_ELIGIBLE,tennis_predictions/price_snapshots.csv
1ffb47b1f7be7c43,457f772c5b646ff7,williamhill,1.14,2026-09-29T20:11:50.324947+00:00,2026-09-29T20:11:51.841749+00:00,498.1,-0.021281500000000106,MULTI_RESEARCH_ELIGIBLE,tennis_predictions/price_snapshots.csv
384bc8f400edda2f,9fd7c8b5045b59e7,betfair_ex_uk,1.56,2026-09-29T20:11:50.324947+00:00,2026-09-29T20:11:51.841749+00:00,498.1,-0.025896183999999933,REJECT,tennis_predictions/price_snapshots.csv
5635d6e2d168ac8c,9fd7c8b5045b59e7,betano_uk,1.45,2026-09-29T20:11:50.324947+00:00,2026-09-29T20:11:51.841749+00:00,498.1,-0.07803490000000002,REJECT,tennis_predictions/price_snapshots.csv
b764c350668c37c8,9fd7c8b5045b59e7,betfair_sb_uk,1.53,2026-09-29T20:11:50.324947+00:00,2026-09-29T20:11:51.841749+00:00,498.1,-0.027167859999999988,REJECT,tennis_predictions/price_snapshots.csv
de842d0561f9a402,9fd7c8b5045b59e7,betvictor,1.45,2026-09-29T20:11:50.324947+00:00,2026-09-29T20:11:51.841749+00:00,498.1,-0.07803490000000002,REJECT,tennis_predictions/price_snapshots.csv
eb5558e4d3401800,9fd7c8b5045b59e7,betway,1.45,2026-09-29T20:11:50.324947+00:00,2026-09-29T20:11:51.841749+00:00,498.1,-0.07803490000000002,REJECT,tennis_predictions/price_snapshots.csv
8d4da31eef3e6149,9fd7c8b5045b59e7,boylesports,1.5,2026-09-29T20:11:50.324947+00:00,2026-09-29T20:11:51.841749+00:00,498.1,-0.04624299999999998,REJECT,tennis_predictions/price_snapshots.csv
a1468017d68ddead,9fd7c8b5045b59e7,casumo,1.51,2026-09-29T20:11:50.324947+00:00,2026-09-29T20:11:51.841749+00:00,498.1,-0.03988461999999998,REJECT,tennis_predictions/price_snapshots.csv
9446c2cb0214eeea,9fd7c8b5045b59e7,coral,1.48,2026-09-29T20:11:50.324947+00:00,2026-09-29T20:11:51.841749+00:00,498.1,-0.05895975999999997,REJECT,tennis_predictions/price_snapshots.csv
6235b408caee3b96,9fd7c8b5045b59e7,grosvenor,1.51,2026-09-29T20:11:50.324947+00:00,2026-09-29T20:11:51.841749+00:00,498.1,-0.03988461999999998,REJECT,tennis_predictions/price_snapshots.csv
9c61b197ec9d633e,9fd7c8b5045b59e7,ladbrokes_uk,1.48,2026-09-29T20:11:50.324947+00:00,2026-09-29T20:11:51.841749+00:00,498.1,-0.05895975999999997,REJECT,tennis_predictions/price_snapshots.csv
a0279aebab96411f,9fd7c8b5045b59e7,leovegas,1.47,2026-09-29T20:11:50.324947+00:00,2026-09-29T20:11:51.841749+00:00,498.1,-0.06531813999999997,REJECT,tennis_predictions/price_snapshots.csv
62e25940061d9b7a,9fd7c8b5045b59e7,livescorebet,1.52,2026-09-29T20:11:50.324947+00:00,2026-09-29T20:11:51.841749+00:00,498.1,-0.033526239999999985,REJECT,tennis_predictions/price_snapshots.csv
5fe4998d47d2942d,9fd7c8b5045b59e7,matchbook,1.56,2026-09-29T20:11:50.324947+00:00,2026-09-29T20:11:51.841749+00:00,498.1,,REJECT,tennis_predictions/price_snapshots.csv
f50f61add44debee,9fd7c8b5045b59e7,paddypower,1.5,2026-09-29T20:11:50.324947+00:00,2026-09-29T20:11:51.841749+00:00,498.1,-0.04624299999999998,REJECT,tennis_predictions/price_snapshots.csv
d494f36c559cf319,9fd7c8b5045b59e7,skybet,1.53,2026-09-29T20:11:50.324947+00:00,2026-09-29T20:11:51.841749+00:00,498.1,-0.027167859999999988,REJECT,tennis_predictions/price_snapshots.csv
4abbcdba4b9dd8b1,9fd7c8b5045b59e7,smarkets,1.53,2026-09-29T20:11:50.324947+00:00,2026-09-29T20:11:51.841749+00:00,498.1,-0.033907742799999974,REJECT,tennis_predictions/price_snapshots.csv
78f2da1aa294100f,9fd7c8b5045b59e7,sport888,1.5,2026-09-29T20:11:50.324947+00:00,2026-09-29T20:11:51.841749+00:00,498.1,-0.04624299999999998,REJECT,tennis_predictions/price_snapshots.csv
d891ca8f2b4212a7,9fd7c8b5045b59e7,unibet_uk,1.48,2026-09-29T20:11:50.324947+00:00,2026-09-29T20:11:51.841749+00:00,498.1,-0.05895975999999997,REJECT,tennis_predictions/price_snapshots.csv
9e474dd4c202b04a,9fd7c8b5045b59e7,virginbet,1.52,2026-09-29T20:11:50.324947+00:00,2026-09-29T20:11:51.841749+00:00,498.1,-0.033526239999999985,REJECT,tennis_predictions/price_snapshots.csv
7010664a75f56a4e,9fd7c8b5045b59e7,williamhill,1.5,2026-09-29T20:11:50.324947+00:00,2026-09-29T20:11:51.841749+00:00,498.1,-0.04624299999999998,REJECT,tennis_predictions/price_snapshots.csv
f47449d808a5a2a3,cb04639bd402e869,betfair_ex_uk,1.66,2026-09-29T20:11:50.324947+00:00,2026-09-29T20:11:51.841749+00:00,588.1,-0.026146133999999988,PAPER_BET,tennis_predictions/price_snapshots.csv
d3a908a644254447,cb04639bd402e869,betano_uk,1.67,2026-09-29T20:11:50.324947+00:00,2026-09-29T20:11:51.841749+00:00,588.1,-0.0004081400000000013,PAPER_BET,tennis_predictions/price_snapshots.csv
419122a6dc9caa25,cb04639bd402e869,betvictor,1.67,2026-09-29T20:11:50.324947+00:00,2026-09-29T20:11:51.841749+00:00,588.1,-0.0004081400000000013,PAPER_BET,tennis_predictions/price_snapshots.csv
55686a5ebca8655e,cb04639bd402e869,betway,1.73,2026-09-29T20:11:50.324947+00:00,2026-09-29T20:11:51.841749+00:00,588.1,0.03550534000000005,PAPER_BET,tennis_predictions/price_snapshots.csv
14a465d63e88204f,cb04639bd402e869,boylesports,1.67,2026-09-29T20:11:50.324947+00:00,2026-09-29T20:11:51.841749+00:00,588.1,-0.0004081400000000013,PAPER_BET,tennis_predictions/price_snapshots.csv
1688ab768399c69c,cb04639bd402e869,casumo,1.66,2026-09-29T20:11:50.324947+00:00,2026-09-29T20:11:51.841749+00:00,588.1,-0.006393719999999992,PAPER_BET,tennis_predictions/price_snapshots.csv
9c87b4563c718c91,cb04639bd402e869,coral,1.65,2026-09-29T20:11:50.324947+00:00,2026-09-29T20:11:51.841749+00:00,588.1,-0.012379299999999982,PAPER_BET,tennis_predictions/price_snapshots.csv
a6a933a7ff85de3c,cb04639bd402e869,grosvenor,1.66,2026-09-29T20:11:50.324947+00:00,2026-09-29T20:11:51.841749+00:00,588.1,-0.006393719999999992,PAPER_BET,tennis_predictions/price_snapshots.csv
1e9ad4cfcdda2c22,cb04639bd402e869,ladbrokes_uk,1.65,2026-09-29T20:11:50.324947+00:00,2026-09-29T20:11:51.841749+00:00,588.1,-0.012379299999999982,PAPER_BET,tennis_predictions/price_snapshots.csv
7869a85b33d42401,cb04639bd402e869,leovegas,1.65,2026-09-29T20:11:50.324947+00:00,2026-09-29T20:11:51.841749+00:00,588.1,-0.012379299999999982,PAPER_BET,tennis_predictions/price_snapshots.csv
a28ebc0ed3cbcb17,cb04639bd402e869,livescorebet,1.66,2026-09-29T20:11:50.324947+00:00,2026-09-29T20:11:51.841749+00:00,588.1,-0.006393719999999992,PAPER_BET,tennis_predictions/price_snapshots.csv
ce4f9918832dd23b,cb04639bd402e869,matchbook,1.67,2026-09-29T20:11:50.324947+00:00,2026-09-29T20:11:51.841749+00:00,588.1,,PAPER_BET,tennis_predictions/price_snapshots.csv
7b279797df10e0c3,cb04639bd402e869,paddypower,1.62,2026-09-29T20:11:50.324947+00:00,2026-09-29T20:11:51.841749+00:00,588.1,-0.030336039999999898,PAPER_BET,tennis_predictions/price_snapshots.csv
f9f1c42d49b8eb89,cb04639bd402e869,skybet,1.62,2026-09-29T20:11:50.324947+00:00,2026-09-29T20:11:51.841749+00:00,588.1,-0.030336039999999898,PAPER_BET,tennis_predictions/price_snapshots.csv
a6788d0607c10dd7,cb04639bd402e869,smarkets,1.64,2026-09-29T20:11:50.324947+00:00,2026-09-29T20:11:51.841749+00:00,588.1,-0.026026422400000027,PAPER_BET,tennis_predictions/price_snapshots.csv
2691944cef38fe36,cb04639bd402e869,sport888,1.67,2026-09-29T20:11:50.324947+00:00,2026-09-29T20:11:51.841749+00:00,588.1,-0.0004081400000000013,PAPER_BET,tennis_predictions/price_snapshots.csv
7a5cd8df4eb68bf6,cb04639bd402e869,unibet_uk,1.65,2026-09-29T20:11:50.324947+00:00,2026-09-29T20:11:51.841749+00:00,588.1,-0.012379299999999982,PAPER_BET,tennis_predictions/price_snapshots.csv
600dd59ff3f1ddad,cb04639bd402e869,virginbet,1.66,2026-09-29T20:11:50.324947+00:00,2026-09-29T20:11:51.841749+00:00,588.1,-0.006393719999999992,PAPER_BET,tennis_predictions/price_snapshots.csv
8b21d1249b4055c2,cb04639bd402e869,williamhill,1.67,2026-09-29T20:11:50.324947+00:00,2026-09-29T20:11:51.841749+00:00,588.1,-0.0004081400000000013,PAPER_BET,tennis_predictions/price_snapshots.csv
e22bec9ff2877e95,a2d67f6fd7b93a33,betfair_ex_uk,1.49,2026-09-29T20:11:50.324947+00:00,2026-09-29T20:11:51.841749+00:00,588.1,-0.022457276500000012,REJECT,tennis_predictions/price_snapshots.csv
58876be4d57d0e96,a2d67f6fd7b93a33,betano_uk,1.44,2026-09-29T20:11:50.324947+00:00,2026-09-29T20:11:51.841749+00:00,588.1,-0.039466720000000066,REJECT,tennis_predictions/price_snapshots.csv
3990622365ed97a2,a2d67f6fd7b93a33,betvictor,1.44,2026-09-29T20:11:50.324947+00:00,2026-09-29T20:11:51.841749+00:00,588.1,-0.039466720000000066,REJECT,tennis_predictions/price_snapshots.csv
7d38bba23db513c7,a2d67f6fd7b93a33,betway,1.45,2026-09-29T20:11:50.324947+00:00,2026-09-29T20:11:51.841749+00:00,588.1,-0.03279635000000003,REJECT,tennis_predictions/price_snapshots.csv
f364ea589d9039f2,a2d67f6fd7b93a33,boylesports,1.44,2026-09-29T20:11:50.324947+00:00,2026-09-29T20:11:51.841749+00:00,588.1,-0.039466720000000066,REJECT,tennis_predictions/price_snapshots.csv
358bcb19adde7cf7,a2d67f6fd7b93a33,casumo,1.43,2026-09-29T20:11:50.324947+00:00,2026-09-29T20:11:51.841749+00:00,588.1,-0.04613709000000005,REJECT,tennis_predictions/price_snapshots.csv
39fa25ce592d4c31,a2d67f6fd7b93a33,coral,1.44,2026-09-29T20:11:50.324947+00:00,2026-09-29T20:11:51.841749+00:00,588.1,-0.039466720000000066,REJECT,tennis_predictions/price_snapshots.csv
552f96df7857adc5,a2d67f6fd7b93a33,grosvenor,1.43,2026-09-29T20:11:50.324947+00:00,2026-09-29T20:11:51.841749+00:00,588.1,-0.04613709000000005,REJECT,tennis_predictions/price_snapshots.csv
ea3471508c349ad8,a2d67f6fd7b93a33,ladbrokes_uk,1.44,2026-09-29T20:11:50.324947+00:00,2026-09-29T20:11:51.841749+00:00,588.1,-0.039466720000000066,REJECT,tennis_predictions/price_snapshots.csv
5c3b4a48e21deb5b,a2d67f6fd7b93a33,leovegas,1.45,2026-09-29T20:11:50.324947+00:00,2026-09-29T20:11:51.841749+00:00,588.1,-0.03279635000000003,REJECT,tennis_predictions/price_snapshots.csv
2a098aac2a98de66,a2d67f6fd7b93a33,livescorebet,1.43,2026-09-29T20:11:50.324947+00:00,2026-09-29T20:11:51.841749+00:00,588.1,-0.04613709000000005,REJECT,tennis_predictions/price_snapshots.csv
b9085ff5441e5d2d,a2d67f6fd7b93a33,matchbook,1.49,2026-09-29T20:11:50.324947+00:00,2026-09-29T20:11:51.841749+00:00,588.1,,REJECT,tennis_predictions/price_snapshots.csv
fd2e71d6138e4f71,a2d67f6fd7b93a33,paddypower,1.44,2026-09-29T20:11:50.324947+00:00,2026-09-29T20:11:51.841749+00:00,588.1,-0.039466720000000066,REJECT,tennis_predictions/price_snapshots.csv
5865ce24d453eeeb,a2d67f6fd7b93a33,skybet,1.44,2026-09-29T20:11:50.324947+00:00,2026-09-29T20:11:51.841749+00:00,588.1,-0.039466720000000066,REJECT,tennis_predictions/price_snapshots.csv
6bae6478b05996c2,a2d67f6fd7b93a33,smarkets,1.48,2026-09-29T20:11:50.324947+00:00,2026-09-29T20:11:51.841749+00:00,588.1,-0.019188795200000053,REJECT,tennis_predictions/price_snapshots.csv
d7dcc249ea1dc994,a2d67f6fd7b93a33,sport888,1.44,2026-09-29T20:11:50.324947+00:00,2026-09-29T20:11:51.841749+00:00,588.1,-0.039466720000000066,REJECT,tennis_predictions/price_snapshots.csv
420bcbd15faa9d1d,a2d67f6fd7b93a33,unibet_uk,1.45,2026-09-29T20:11:50.324947+00:00,2026-09-29T20:11:51.841749+00:00,588.1,-0.03279635000000003,REJECT,tennis_predictions/price_snapshots.csv
8276a9aa979c5660,a2d67f6fd7b93a33,virginbet,1.43,2026-09-29T20:11:50.324947+00:00,2026-09-29T20:11:51.841749+00:00,588.1,-0.04613709000000005,REJECT,tennis_predictions/price_snapshots.csv
37c4206141efdb10,a2d67f6fd7b93a33,williamhill,1.44,2026-09-29T20:11:50.324947+00:00,2026-09-29T20:11:51.841749+00:00,588.1,-0.039466720000000066,REJECT,tennis_predictions/price_snapshots.csv
b4690cfd4690fa42,80bd507dd6f7b1bb,betfair_ex_uk,1.45,2026-09-29T20:11:50.324947+00:00,2026-09-29T20:11:51.841749+00:00,648.1,-0.018689392500000124,REJECT,tennis_predictions/price_snapshots.csv
b9579c65cf2615da,80bd507dd6f7b1bb,betano_uk,1.4,2026-09-29T20:11:50.324947+00:00,2026-09-29T20:11:51.841749+00:00,648.1,-0.03759380000000012,REJECT,tennis_predictions/price_snapshots.csv
99115288d98c0e0d,80bd507dd6f7b1bb,betvictor,1.4,2026-09-29T20:11:50.324947+00:00,2026-09-29T20:11:51.841749+00:00,648.1,-0.03759380000000012,REJECT,tennis_predictions/price_snapshots.csv
97196f65f3b51bef,80bd507dd6f7b1bb,betway,1.38,2026-09-29T20:11:50.324947+00:00,2026-09-29T20:11:51.841749+00:00,648.1,-0.051342460000000145,REJECT,tennis_predictions/price_snapshots.csv
44303474ffa09495,80bd507dd6f7b1bb,boylesports,1.4,2026-09-29T20:11:50.324947+00:00,2026-09-29T20:11:51.841749+00:00,648.1,-0.03759380000000012,REJECT,tennis_predictions/price_snapshots.csv
d1425b0af0bc5256,80bd507dd6f7b1bb,casumo,1.42,2026-09-29T20:11:50.324947+00:00,2026-09-29T20:11:51.841749+00:00,648.1,-0.023845140000000098,REJECT,tennis_predictions/price_snapshots.csv
30760f73b025f91b,80bd507dd6f7b1bb,coral,1.4,2026-09-29T20:11:50.324947+00:00,2026-09-29T20:11:51.841749+00:00,648.1,-0.03759380000000012,REJECT,tennis_predictions/price_snapshots.csv
119bbb4d930f450b,80bd507dd6f7b1bb,grosvenor,1.42,2026-09-29T20:11:50.324947+00:00,2026-09-29T20:11:51.841749+00:00,648.1,-0.023845140000000098,REJECT,tennis_predictions/price_snapshots.csv
ba89639a5e7e450e,80bd507dd6f7b1bb,ladbrokes_uk,1.4,2026-09-29T20:11:50.324947+00:00,2026-09-29T20:11:51.841749+00:00,648.1,-0.03759380000000012,REJECT,tennis_predictions/price_snapshots.csv
04f8b549eec0f801,80bd507dd6f7b1bb,leovegas,1.4,2026-09-29T20:11:50.324947+00:00,2026-09-29T20:11:51.841749+00:00,648.1,-0.03759380000000012,REJECT,tennis_predictions/price_snapshots.csv
e58b4cd822be5d98,80bd507dd6f7b1bb,livescorebet,1.42,2026-09-29T20:11:50.324947+00:00,2026-09-29T20:11:51.841749+00:00,648.1,-0.023845140000000098,REJECT,tennis_predictions/price_snapshots.csv
880afed62b72e96d,80bd507dd6f7b1bb,matchbook,1.44,2026-09-29T20:11:50.324947+00:00,2026-09-29T20:11:51.841749+00:00,648.1,,REJECT,tennis_predictions/price_snapshots.csv
d59ea70162927eda,80bd507dd6f7b1bb,paddypower,1.36,2026-09-29T20:11:50.324947+00:00,2026-09-29T20:11:51.841749+00:00,648.1,-0.06509111999999997,REJECT,tennis_predictions/price_snapshots.csv
e12662648dc466b4,80bd507dd6f7b1bb,skybet,1.36,2026-09-29T20:11:50.324947+00:00,2026-09-29T20:11:51.841749+00:00,648.1,-0.06509111999999997,REJECT,tennis_predictions/price_snapshots.csv
c997c3e9a1f8c664,80bd507dd6f7b1bb,smarkets,1.42,2026-09-29T20:11:50.324947+00:00,2026-09-29T20:11:51.841749+00:00,648.1,-0.02961957720000008,REJECT,tennis_predictions/price_snapshots.csv
83e79e97d0e6f440,80bd507dd6f7b1bb,sport888,1.4,2026-09-29T20:11:50.324947+00:00,2026-09-29T20:11:51.841749+00:00,648.1,-0.03759380000000012,REJECT,tennis_predictions/price_snapshots.csv
535788d890862ee3,80bd507dd6f7b1bb,unibet_uk,1.4,2026-09-29T20:11:50.324947+00:00,2026-09-29T20:11:51.841749+00:00,648.1,-0.03759380000000012,REJECT,tennis_predictions/price_snapshots.csv
b1cd9fc494259969,80bd507dd6f7b1bb,virginbet,1.42,2026-09-29T20:11:50.324947+00:00,2026-09-29T20:11:51.841749+00:00,648.1,-0.023845140000000098,REJECT,tennis_predictions/price_snapshots.csv
62cf4bb3a8858abf,80bd507dd6f7b1bb,williamhill,1.4,2026-09-29T20:11:50.324947+00:00,2026-09-29T20:11:51.841749+00:00,648.1,-0.03759380000000012,REJECT,tennis_predictions/price_snapshots.csv
d37dc1af398ef854,b6bc3f9f403cdc79,betfair_ex_uk,1.45,2026-09-29T20:11:50.324947+00:00,2026-09-29T20:11:51.841749+00:00,888.1,-0.023208857500000124,REJECT,tennis_predictions/price_snapshots.csv
2dd5abf268c98dd7,b6bc3f9f403cdc79,betano_uk,1.4,2026-09-29T20:11:50.324947+00:00,2026-09-29T20:11:51.841749+00:00,888.1,-0.042026200000000125,REJECT,tennis_predictions/price_snapshots.csv
713a13a61bc915df,b6bc3f9f403cdc79,betvictor,1.4,2026-09-29T20:11:50.324947+00:00,2026-09-29T20:11:51.841749+00:00,888.1,-0.042026200000000125,REJECT,tennis_predictions/price_snapshots.csv
09940a06d45941ac,b6bc3f9f403cdc79,betway,1.38,2026-09-29T20:11:50.324947+00:00,2026-09-29T20:11:51.841749+00:00,888.1,-0.055711540000000115,REJECT,tennis_predictions/price_snapshots.csv
e4805f4ce89aaebb,b6bc3f9f403cdc79,boylesports,1.4,2026-09-29T20:11:50.324947+00:00,2026-09-29T20:11:51.841749+00:00,888.1,-0.042026200000000125,REJECT,tennis_predictions/price_snapshots.csv
23c8cf8e8488ba2c,b6bc3f9f403cdc79,casumo,1.42,2026-09-29T20:11:50.324947+00:00,2026-09-29T20:11:51.841749+00:00,888.1,-0.028340860000000134,REJECT,tennis_predictions/price_snapshots.csv
680e0af39aea7e33,b6bc3f9f403cdc79,coral,1.4,2026-09-29T20:11:50.324947+00:00,2026-09-29T20:11:51.841749+00:00,888.1,-0.042026200000000125,REJECT,tennis_predictions/price_snapshots.csv
fefe9615c11cb3fc,b6bc3f9f403cdc79,grosvenor,1.42,2026-09-29T20:11:50.324947+00:00,2026-09-29T20:11:51.841749+00:00,888.1,-0.028340860000000134,REJECT,tennis_predictions/price_snapshots.csv
fd917fae14bbad4e,b6bc3f9f403cdc79,ladbrokes_uk,1.4,2026-09-29T20:11:50.324947+00:00,2026-09-29T20:11:51.841749+00:00,888.1,-0.042026200000000125,REJECT,tennis_predictions/price_snapshots.csv
ebfa41a88df91346,b6bc3f9f403cdc79,leovegas,1.38,2026-09-29T20:11:50.324947+00:00,2026-09-29T20:11:51.841749+00:00,888.1,-0.055711540000000115,REJECT,tennis_predictions/price_snapshots.csv
fe31fadfb1d1bb51,b6bc3f9f403cdc79,livescorebet,1.42,2026-09-29T20:11:50.324947+00:00,2026-09-29T20:11:51.841749+00:00,888.1,-0.028340860000000134,REJECT,tennis_predictions/price_snapshots.csv
f417bd91c5a063e5,b6bc3f9f403cdc79,matchbook,1.45,2026-09-29T20:11:50.324947+00:00,2026-09-29T20:11:51.841749+00:00,888.1,,REJECT,tennis_predictions/price_snapshots.csv
ace31a48dcb99004,b6bc3f9f403cdc79,paddypower,1.36,2026-09-29T20:11:50.324947+00:00,2026-09-29T20:11:51.841749+00:00,888.1,-0.06939688,REJECT,tennis_predictions/price_snapshots.csv
544d0edac3a868ee,b6bc3f9f403cdc79,skybet,1.36,2026-09-29T20:11:50.324947+00:00,2026-09-29T20:11:51.841749+00:00,888.1,-0.06939688,REJECT,tennis_predictions/price_snapshots.csv
e3c3f21048ffb6be,b6bc3f9f403cdc79,smarkets,1.43,2026-09-29T20:11:50.324947+00:00,2026-09-29T20:11:51.841749+00:00,888.1,-0.027382886200000067,REJECT,tennis_predictions/price_snapshots.csv
658d6d865f71f439,b6bc3f9f403cdc79,unibet_uk,1.4,2026-09-29T20:11:50.324947+00:00,2026-09-29T20:11:51.841749+00:00,888.1,-0.042026200000000125,REJECT,tennis_predictions/price_snapshots.csv
673418261768f26e,b6bc3f9f403cdc79,virginbet,1.42,2026-09-29T20:11:50.324947+00:00,2026-09-29T20:11:51.841749+00:00,888.1,-0.028340860000000134,REJECT,tennis_predictions/price_snapshots.csv
5fe231c374985e1a,66100799f85347c3,betfair_ex_uk,1.06,2026-09-29T20:11:50.324947+00:00,2026-09-29T20:11:51.841749+00:00,1908.1,-0.017145378999999912,MULTI_RESEARCH_ELIGIBLE,tennis_predictions/price_snapshots.csv
0d9f9d4ed2403f18,66100799f85347c3,betano_uk,1.08,2026-09-29T20:11:50.324947+00:00,2026-09-29T20:11:51.841749+00:00,1908.1,0.004241240000000104,MULTI_RESEARCH_ELIGIBLE,tennis_predictions/price_snapshots.csv
a9677fcfea738e4f,66100799f85347c3,betvictor,1.08,2026-09-29T20:11:50.324947+00:00,2026-09-29T20:11:51.841749+00:00,1908.1,0.004241240000000104,MULTI_RESEARCH_ELIGIBLE,tennis_predictions/price_snapshots.csv
8f84e80119cccce8,66100799f85347c3,betway,1.05,2026-09-29T20:11:50.324947+00:00,2026-09-29T20:11:51.841749+00:00,1908.1,-0.023654349999999914,MULTI_RESEARCH_ELIGIBLE,tennis_predictions/price_snapshots.csv
63db119c5a55afc9,66100799f85347c3,boylesports,1.06,2026-09-29T20:11:50.324947+00:00,2026-09-29T20:11:51.841749+00:00,1908.1,-0.014355819999999908,MULTI_RESEARCH_ELIGIBLE,tennis_predictions/price_snapshots.csv
4a11ccf6a4fd29c7,66100799f85347c3,casumo,1.05,2026-09-29T20:11:50.324947+00:00,2026-09-29T20:11:51.841749+00:00,1908.1,-0.023654349999999914,MULTI_RESEARCH_ELIGIBLE,tennis_predictions/price_snapshots.csv
c14a33857201ce3f,66100799f85347c3,coral,1.06,2026-09-29T20:11:50.324947+00:00,2026-09-29T20:11:51.841749+00:00,1908.1,-0.014355819999999908,MULTI_RESEARCH_ELIGIBLE,tennis_predictions/price_snapshots.csv
4bff81a62d9c29dc,66100799f85347c3,grosvenor,1.05,2026-09-29T20:11:50.324947+00:00,2026-09-29T20:11:51.841749+00:00,1908.1,-0.023654349999999914,MULTI_RESEARCH_ELIGIBLE,tennis_predictions/price_snapshots.csv
a95b42c9e790aa31,66100799f85347c3,ladbrokes_uk,1.06,2026-09-29T20:11:50.324947+00:00,2026-09-29T20:11:51.841749+00:00,1908.1,-0.014355819999999908,MULTI_RESEARCH_ELIGIBLE,tennis_predictions/price_snapshots.csv
255f9e68c2e4375d,66100799f85347c3,leovegas,1.04,2026-09-29T20:11:50.324947+00:00,2026-09-29T20:11:51.841749+00:00,1908.1,-0.03295287999999993,MULTI_RESEARCH_ELIGIBLE,tennis_predictions/price_snapshots.csv
248672d64ffd4ca1,66100799f85347c3,livescorebet,1.05,2026-09-29T20:11:50.324947+00:00,2026-09-29T20:11:51.841749+00:00,1908.1,-0.023654349999999914,MULTI_RESEARCH_ELIGIBLE,tennis_predictions/price_snapshots.csv
0219eb454f6f46de,66100799f85347c3,matchbook,1.05,2026-09-29T20:11:50.324947+00:00,2026-09-29T20:11:51.841749+00:00,1908.1,,MULTI_RESEARCH_ELIGIBLE,tennis_predictions/price_snapshots.csv
99119cbaf3d08aa3,66100799f85347c3,paddypower,1.07,2026-09-29T20:11:50.324947+00:00,2026-09-29T20:11:51.841749+00:00,1908.1,-0.005057289999999895,MULTI_RESEARCH_ELIGIBLE,tennis_predictions/price_snapshots.csv
830bbb729e0bcc8e,66100799f85347c3,skybet,1.07,2026-09-29T20:11:50.324947+00:00,2026-09-29T20:11:51.841749+00:00,1908.1,-0.005057289999999895,MULTI_RESEARCH_ELIGIBLE,tennis_predictions/price_snapshots.csv
f58c31987327787a,66100799f85347c3,smarkets,1.04,2026-09-29T20:11:50.324947+00:00,2026-09-29T20:11:51.841749+00:00,1908.1,-0.03369676239999993,MULTI_RESEARCH_ELIGIBLE,tennis_predictions/price_snapshots.csv
8cae8ce1e21f31fe,66100799f85347c3,sport888,1.06,2026-09-29T20:11:50.324947+00:00,2026-09-29T20:11:51.841749+00:00,1908.1,-0.014355819999999908,MULTI_RESEARCH_ELIGIBLE,tennis_predictions/price_snapshots.csv
7a0c010522ea2791,66100799f85347c3,unibet_uk,1.05,2026-09-29T20:11:50.324947+00:00,2026-09-29T20:11:51.841749+00:00,1908.1,-0.023654349999999914,MULTI_RESEARCH_ELIGIBLE,tennis_predictions/price_snapshots.csv
1cebe9352fdb9fe7,66100799f85347c3,virginbet,1.05,2026-09-29T20:11:50.324947+00:00,2026-09-29T20:11:51.841749+00:00,1908.1,-0.023654349999999914,MULTI_RESEARCH_ELIGIBLE,tennis_predictions/price_snapshots.csv
fa833958108e7cab,761f82d05ef5c802,betfair_ex_uk,1.32,2026-09-29T20:11:50.324947+00:00,2026-09-29T20:11:51.841749+00:00,1908.1,-0.0807869279999999,REJECT,tennis_predictions/price_snapshots.csv
794248a0efca899a,761f82d05ef5c802,betano_uk,1.25,2026-09-29T20:11:50.324947+00:00,2026-09-29T20:11:51.841749+00:00,1908.1,-0.11885249999999994,REJECT,tennis_predictions/price_snapshots.csv
48770090a130667b,761f82d05ef5c802,betvictor,1.25,2026-09-29T20:11:50.324947+00:00,2026-09-29T20:11:51.841749+00:00,1908.1,-0.11885249999999994,REJECT,tennis_predictions/price_snapshots.csv
c4b72c3cd452e42b,761f82d05ef5c802,betway,1.25,2026-09-29T20:11:50.324947+00:00,2026-09-29T20:11:51.841749+00:00,1908.1,-0.11885249999999994,REJECT,tennis_predictions/price_snapshots.csv
c2d4bff6cccf1e9c,761f82d05ef5c802,boylesports,1.25,2026-09-29T20:11:50.324947+00:00,2026-09-29T20:11:51.841749+00:00,1908.1,-0.11885249999999994,REJECT,tennis_predictions/price_snapshots.csv
de4e0d972c482ed2,761f82d05ef5c802,leovegas,1.24,2026-09-29T20:11:50.324947+00:00,2026-09-29T20:11:51.841749+00:00,1908.1,-0.12590167999999996,REJECT,tennis_predictions/price_snapshots.csv
6d72514c7a2428e2,761f82d05ef5c802,matchbook,1.27,2026-09-29T20:11:50.324947+00:00,2026-09-29T20:11:51.841749+00:00,1908.1,,REJECT,tennis_predictions/price_snapshots.csv
c1c3afb925e70fdf,761f82d05ef5c802,paddypower,1.22,2026-09-29T20:11:50.324947+00:00,2026-09-29T20:11:51.841749+00:00,1908.1,-0.14000003999999996,REJECT,tennis_predictions/price_snapshots.csv
c9dadf3d706cdca4,761f82d05ef5c802,skybet,1.22,2026-09-29T20:11:50.324947+00:00,2026-09-29T20:11:51.841749+00:00,1908.1,-0.14000003999999996,REJECT,tennis_predictions/price_snapshots.csv
66bd29089775b0f5,761f82d05ef5c802,smarkets,1.2,2026-09-29T20:11:50.324947+00:00,2026-09-29T20:11:51.841749+00:00,1908.1,-0.15691807199999996,REJECT,tennis_predictions/price_snapshots.csv
d0041326b574dd45,761f82d05ef5c802,sport888,1.29,2026-09-29T20:11:50.324947+00:00,2026-09-29T20:11:51.841749+00:00,1908.1,-0.09065577999999991,REJECT,tennis_predictions/price_snapshots.csv
7c4eb845fa3dfb20,761f82d05ef5c802,unibet_uk,1.24,2026-09-29T20:11:50.324947+00:00,2026-09-29T20:11:51.841749+00:00,1908.1,-0.12590167999999996,REJECT,tennis_predictions/price_snapshots.csv
5478ee8e74120c2b,2447a0ef0a99ab69,betfair_ex_uk,1.47,2026-09-29T20:11:50.324947+00:00,2026-09-29T20:11:51.841749+00:00,1908.1,-0.022420584000000077,REJECT,tennis_predictions/price_snapshots.csv
fab5bf0c6fe6863c,2447a0ef0a99ab69,betano_uk,1.4,2026-09-29T20:11:50.324947+00:00,2026-09-29T20:11:51.841749+00:00,1908.1,-0.05384640000000007,REJECT,tennis_predictions/price_snapshots.csv
9f5d28cd743486d2,2447a0ef0a99ab69,betvictor,1.4,2026-09-29T20:11:50.324947+00:00,2026-09-29T20:11:51.841749+00:00,1908.1,-0.05384640000000007,REJECT,tennis_predictions/price_snapshots.csv
dc390d215ef38d2a,2447a0ef0a99ab69,betway,1.45,2026-09-29T20:11:50.324947+00:00,2026-09-29T20:11:51.841749+00:00,1908.1,-0.02005520000000005,REJECT,tennis_predictions/price_snapshots.csv
b86ccea0653045c7,2447a0ef0a99ab69,boylesports,1.44,2026-09-29T20:11:50.324947+00:00,2026-09-29T20:11:51.841749+00:00,1908.1,-0.026813440000000077,REJECT,tennis_predictions/price_snapshots.csv
be9f13ef2455e517,2447a0ef0a99ab69,casumo,1.41,2026-09-29T20:11:50.324947+00:00,2026-09-29T20:11:51.841749+00:00,1908.1,-0.0470881600000001,REJECT,tennis_predictions/price_snapshots.csv
74f1373bc9423406,2447a0ef0a99ab69,coral,1.4,2026-09-29T20:11:50.324947+00:00,2026-09-29T20:11:51.841749+00:00,1908.1,-0.05384640000000007,REJECT,tennis_predictions/price_snapshots.csv
efb0edefce9c4ea5,2447a0ef0a99ab69,grosvenor,1.41,2026-09-29T20:11:50.324947+00:00,2026-09-29T20:11:51.841749+00:00,1908.1,-0.0470881600000001,REJECT,tennis_predictions/price_snapshots.csv
81fef2170648c1a4,2447a0ef0a99ab69,ladbrokes_uk,1.4,2026-09-29T20:11:50.324947+00:00,2026-09-29T20:11:51.841749+00:00,1908.1,-0.05384640000000007,REJECT,tennis_predictions/price_snapshots.csv
d985645820b44121,2447a0ef0a99ab69,leovegas,1.4,2026-09-29T20:11:50.324947+00:00,2026-09-29T20:11:51.841749+00:00,1908.1,-0.05384640000000007,REJECT,tennis_predictions/price_snapshots.csv
a0842f7a840ebf55,2447a0ef0a99ab69,livescorebet,1.41,2026-09-29T20:11:50.324947+00:00,2026-09-29T20:11:51.841749+00:00,1908.1,-0.0470881600000001,REJECT,tennis_predictions/price_snapshots.csv
53f332a3d2953919,2447a0ef0a99ab69,matchbook,1.46,2026-09-29T20:11:50.324947+00:00,2026-09-29T20:11:51.841749+00:00,1908.1,,REJECT,tennis_predictions/price_snapshots.csv
94c5cfd10672b5db,2447a0ef0a99ab69,paddypower,1.4,2026-09-29T20:11:50.324947+00:00,2026-09-29T20:11:51.841749+00:00,1908.1,-0.05384640000000007,REJECT,tennis_predictions/price_snapshots.csv
dcb5bfd347a869e8,2447a0ef0a99ab69,skybet,1.4,2026-09-29T20:11:50.324947+00:00,2026-09-29T20:11:51.841749+00:00,1908.1,-0.05384640000000007,REJECT,tennis_predictions/price_snapshots.csv
f5fc419f6260fdf6,2447a0ef0a99ab69,smarkets,1.39,2026-09-29T20:11:50.324947+00:00,2026-09-29T20:11:51.841749+00:00,1908.1,-0.06587606720000011,REJECT,tennis_predictions/price_snapshots.csv
96e2c8cc1b226a76,2447a0ef0a99ab69,sport888,1.44,2026-09-29T20:11:50.324947+00:00,2026-09-29T20:11:51.841749+00:00,1908.1,-0.026813440000000077,REJECT,tennis_predictions/price_snapshots.csv
e43dbac51499ceec,2447a0ef0a99ab69,unibet_uk,1.4,2026-09-29T20:11:50.324947+00:00,2026-09-29T20:11:51.841749+00:00,1908.1,-0.05384640000000007,REJECT,tennis_predictions/price_snapshots.csv
0d857cc2a111caf6,2447a0ef0a99ab69,virginbet,1.41,2026-09-29T20:11:50.324947+00:00,2026-09-29T20:11:51.841749+00:00,1908.1,-0.0470881600000001,REJECT,tennis_predictions/price_snapshots.csv
c5bad5973f40fb16,2447a0ef0a99ab69,williamhill,1.44,2026-09-29T20:11:50.324947+00:00,2026-09-29T20:11:51.841749+00:00,1908.1,-0.026813440000000077,REJECT,tennis_predictions/price_snapshots.csv
7f119d0b72f876e8,e7d7d4e47432b0ec,betfair_ex_uk,1.32,2026-09-29T20:11:50.324947+00:00,2026-09-29T20:11:51.841749+00:00,1908.1,-0.06913699199999992,REJECT,tennis_predictions/price_snapshots.csv
2048c2da5da2ace5,e7d7d4e47432b0ec,betano_uk,1.33,2026-09-29T20:11:50.324947+00:00,2026-09-29T20:11:51.841749+00:00,1908.1,-0.0505768399999999,REJECT,tennis_predictions/price_snapshots.csv
2f0da05ceeba001d,e7d7d4e47432b0ec,betvictor,1.33,2026-09-29T20:11:50.324947+00:00,2026-09-29T20:11:51.841749+00:00,1908.1,-0.0505768399999999,REJECT,tennis_predictions/price_snapshots.csv
91f1660a57d9faf0,e7d7d4e47432b0ec,betway,1.3,2026-09-29T20:11:50.324947+00:00,2026-09-29T20:11:51.841749+00:00,1908.1,-0.0719923999999999,REJECT,tennis_predictions/price_snapshots.csv
264fac6d6c9b38af,e7d7d4e47432b0ec,boylesports,1.33,2026-09-29T20:11:50.324947+00:00,2026-09-29T20:11:51.841749+00:00,1908.1,-0.0505768399999999,REJECT,tennis_predictions/price_snapshots.csv
2de487e0747bd12d,e7d7d4e47432b0ec,leovegas,1.3,2026-09-29T20:11:50.324947+00:00,2026-09-29T20:11:51.841749+00:00,1908.1,-0.0719923999999999,REJECT,tennis_predictions/price_snapshots.csv
41532a736e325fc3,e7d7d4e47432b0ec,matchbook,1.27,2026-09-29T20:11:50.324947+00:00,2026-09-29T20:11:51.841749+00:00,1908.1,,REJECT,tennis_predictions/price_snapshots.csv
f0849c21bc513e33,e7d7d4e47432b0ec,paddypower,1.3,2026-09-29T20:11:50.324947+00:00,2026-09-29T20:11:51.841749+00:00,1908.1,-0.0719923999999999,REJECT,tennis_predictions/price_snapshots.csv
795677f94c2a9371,e7d7d4e47432b0ec,skybet,1.3,2026-09-29T20:11:50.324947+00:00,2026-09-29T20:11:51.841749+00:00,1908.1,-0.0719923999999999,REJECT,tennis_predictions/price_snapshots.csv
ca75d011fa7ecd91,e7d7d4e47432b0ec,smarkets,1.27,2026-09-29T20:11:50.324947+00:00,2026-09-29T20:11:51.841749+00:00,1908.1,-0.09726276079999993,REJECT,tennis_predictions/price_snapshots.csv
c53fab08111f50b9,e7d7d4e47432b0ec,sport888,1.33,2026-09-29T20:11:50.324947+00:00,2026-09-29T20:11:51.841749+00:00,1908.1,-0.0505768399999999,REJECT,tennis_predictions/price_snapshots.csv
804c044ea513b8c7,e7d7d4e47432b0ec,unibet_uk,1.3,2026-09-29T20:11:50.324947+00:00,2026-09-29T20:11:51.841749+00:00,1908.1,-0.0719923999999999,REJECT,tennis_predictions/price_snapshots.csv
db0965940021ab8e,b47b3bbfa4cd2c00,betfair_ex_uk,1.59,2026-09-29T20:11:50.324947+00:00,2026-09-29T20:11:51.841749+00:00,1908.1,-0.10828504550000001,REJECT,tennis_predictions/price_snapshots.csv
7c36f8ac9ae23275,b47b3bbfa4cd2c00,betano_uk,1.7,2026-09-29T20:11:50.324947+00:00,2026-09-29T20:11:51.841749+00:00,1908.1,-0.02857070000000006,REJECT,tennis_predictions/price_snapshots.csv
0cfb16edb62a4e87,b47b3bbfa4cd2c00,betvictor,1.7,2026-09-29T20:11:50.324947+00:00,2026-09-29T20:11:51.841749+00:00,1908.1,-0.02857070000000006,REJECT,tennis_predictions/price_snapshots.csv
948129ca39891560,b47b3bbfa4cd2c00,betway,1.75,2026-09-29T20:11:50.324947+00:00,2026-09-29T20:11:51.841749+00:00,1908.1,7.499999999383e-07,REJECT,tennis_predictions/price_snapshots.csv
1cdfff9d416d35f5,b47b3bbfa4cd2c00,boylesports,1.8,2026-09-29T20:11:50.324947+00:00,2026-09-29T20:11:51.841749+00:00,1908.1,0.028572199999999937,REJECT,tennis_predictions/price_snapshots.csv
2337968dc033ecc9,b47b3bbfa4cd2c00,casumo,1.8,2026-09-29T20:11:50.324947+00:00,2026-09-29T20:11:51.841749+00:00,1908.1,0.028572199999999937,REJECT,tennis_predictions/price_snapshots.csv
01efc5b445018f8f,b47b3bbfa4cd2c00,grosvenor,1.8,2026-09-29T20:11:50.324947+00:00,2026-09-29T20:11:51.841749+00:00,1908.1,0.028572199999999937,REJECT,tennis_predictions/price_snapshots.csv
efe4edd300785a34,b47b3bbfa4cd2c00,leovegas,1.7,2026-09-29T20:11:50.324947+00:00,2026-09-29T20:11:51.841749+00:00,1908.1,-0.02857070000000006,REJECT,tennis_predictions/price_snapshots.csv
ddc357d10d55ce1d,b47b3bbfa4cd2c00,livescorebet,1.8,2026-09-29T20:11:50.324947+00:00,2026-09-29T20:11:51.841749+00:00,1908.1,0.028572199999999937,REJECT,tennis_predictions/price_snapshots.csv
abedd5d873a63092,b47b3bbfa4cd2c00,matchbook,1.76,2026-09-29T20:11:50.324947+00:00,2026-09-29T20:11:51.841749+00:00,1908.1,,REJECT,tennis_predictions/price_snapshots.csv
8d29f85d47bc716a,b47b3bbfa4cd2c00,paddypower,1.8,2026-09-29T20:11:50.324947+00:00,2026-09-29T20:11:51.841749+00:00,1908.1,0.028572199999999937,REJECT,tennis_predictions/price_snapshots.csv
e18b18b35935a4fa,b47b3bbfa4cd2c00,skybet,1.73,2026-09-29T20:11:50.324947+00:00,2026-09-29T20:11:51.841749+00:00,1908.1,-0.011427830000000083,REJECT,tennis_predictions/price_snapshots.csv
73e13da5514e16d1,b47b3bbfa4cd2c00,smarkets,1.64,2026-09-29T20:11:50.324947+00:00,2026-09-29T20:11:51.841749+00:00,1908.1,-0.07017073120000011,REJECT,tennis_predictions/price_snapshots.csv
02624b3b2b0cf44d,b47b3bbfa4cd2c00,sport888,1.73,2026-09-29T20:11:50.324947+00:00,2026-09-29T20:11:51.841749+00:00,1908.1,-0.011427830000000083,REJECT,tennis_predictions/price_snapshots.csv
1f194799ba8d1efd,b47b3bbfa4cd2c00,unibet_uk,1.72,2026-09-29T20:11:50.324947+00:00,2026-09-29T20:11:51.841749+00:00,1908.1,-0.017142120000000094,REJECT,tennis_predictions/price_snapshots.csv
9bd9b79428595b5d,b47b3bbfa4cd2c00,virginbet,1.8,2026-09-29T20:11:50.324947+00:00,2026-09-29T20:11:51.841749+00:00,1908.1,0.028572199999999937,REJECT,tennis_predictions/price_snapshots.csv
1612626153dd9324,b47b3bbfa4cd2c00,williamhill,1.73,2026-09-29T20:11:50.324947+00:00,2026-09-29T20:11:51.841749+00:00,1908.1,-0.011427830000000083,REJECT,tennis_predictions/price_snapshots.csv
ecb8efe5fce411ef,f3d8bd9c8bb01803,betfair_ex_uk,1.06,2026-09-29T20:11:50.324947+00:00,2026-09-29T20:11:51.841749+00:00,1908.1,-0.03539131299999991,REJECT,tennis_predictions/price_snapshots.csv
1fdebe35a20f4161,f3d8bd9c8bb01803,betano_uk,1.1,2026-09-29T20:11:50.324947+00:00,2026-09-29T20:11:51.841749+00:00,1908.1,0.00385010000000012,REJECT,tennis_predictions/price_snapshots.csv
0f8cfc87db226ac4,f3d8bd9c8bb01803,betvictor,1.1,2026-09-29T20:11:50.324947+00:00,2026-09-29T20:11:51.841749+00:00,1908.1,0.00385010000000012,REJECT,tennis_predictions/price_snapshots.csv
a2e73cc506231c03,f3d8bd9c8bb01803,betway,1.1,2026-09-29T20:11:50.324947+00:00,2026-09-29T20:11:51.841749+00:00,1908.1,0.00385010000000012,REJECT,tennis_predictions/price_snapshots.csv
574bdb6fb9172517,f3d8bd9c8bb01803,boylesports,1.08,2026-09-29T20:11:50.324947+00:00,2026-09-29T20:11:51.841749+00:00,1908.1,-0.014401719999999896,REJECT,tennis_predictions/price_snapshots.csv
40a5817940694258,f3d8bd9c8bb01803,leovegas,1.07,2026-09-29T20:11:50.324947+00:00,2026-09-29T20:11:51.841749+00:00,1908.1,-0.023527629999999897,REJECT,tennis_predictions/price_snapshots.csv
c58a75523262e09c,f3d8bd9c8bb01803,paddypower,1.08,2026-09-29T20:11:50.324947+00:00,2026-09-29T20:11:51.841749+00:00,1908.1,-0.014401719999999896,REJECT,tennis_predictions/price_snapshots.csv
8f4490b659a2b4e8,f3d8bd9c8bb01803,skybet,1.08,2026-09-29T20:11:50.324947+00:00,2026-09-29T20:11:51.841749+00:00,1908.1,-0.014401719999999896,REJECT,tennis_predictions/price_snapshots.csv
6892eb19f09bb7d6,f3d8bd9c8bb01803,smarkets,1.06,2026-09-29T20:11:50.324947+00:00,2026-09-29T20:11:51.841749+00:00,1908.1,-0.033748649199999904,REJECT,tennis_predictions/price_snapshots.csv
7e587824b1451a7b,f3d8bd9c8bb01803,sport888,1.08,2026-09-29T20:11:50.324947+00:00,2026-09-29T20:11:51.841749+00:00,1908.1,-0.014401719999999896,REJECT,tennis_predictions/price_snapshots.csv
27886710b7e6c57f,f3d8bd9c8bb01803,unibet_uk,1.08,2026-09-29T20:11:50.324947+00:00,2026-09-29T20:11:51.841749+00:00,1908.1,-0.014401719999999896,REJECT,tennis_predictions/price_snapshots.csv
b4991a812d0e28a0,c2b11109982ea171,betfair_ex_uk,1.03,2026-09-29T20:11:50.324947+00:00,2026-09-29T20:11:51.841749+00:00,1908.1,-0.005497067499999921,MULTI_RESEARCH_ELIGIBLE,unified_ledger.live_price
3005f336088d218e,c2b11109982ea171,betano_uk,1.05,2026-09-29T20:11:50.324947+00:00,2026-09-29T20:11:51.841749+00:00,1908.1,0.015292250000000097,MULTI_RESEARCH_ELIGIBLE,tennis_predictions/price_snapshots.csv
2e866966766981fa,c2b11109982ea171,betvictor,1.05,2026-09-29T20:11:50.324947+00:00,2026-09-29T20:11:51.841749+00:00,1908.1,0.015292250000000097,MULTI_RESEARCH_ELIGIBLE,tennis_predictions/price_snapshots.csv
d1b88908ce1b77c1,c2b11109982ea171,boylesports,1.05,2026-09-29T20:11:50.324947+00:00,2026-09-29T20:11:51.841749+00:00,1908.1,0.015292250000000097,MULTI_RESEARCH_ELIGIBLE,tennis_predictions/price_snapshots.csv
c5f301960c193c83,c2b11109982ea171,leovegas,1.04,2026-09-29T20:11:50.324947+00:00,2026-09-29T20:11:51.841749+00:00,1908.1,0.005622800000000094,MULTI_RESEARCH_ELIGIBLE,tennis_predictions/price_snapshots.csv
108f442c89205836,c2b11109982ea171,paddypower,1.06,2026-09-29T20:11:50.324947+00:00,2026-09-29T20:11:51.841749+00:00,1908.1,0.024961700000000107,MULTI_RESEARCH_ELIGIBLE,tennis_predictions/price_snapshots.csv
a63dd309ac4fc835,c2b11109982ea171,skybet,1.05,2026-09-29T20:11:50.324947+00:00,2026-09-29T20:11:51.841749+00:00,1908.1,0.015292250000000097,MULTI_RESEARCH_ELIGIBLE,tennis_predictions/price_snapshots.csv
8b015ff3df2e754b,c2b11109982ea171,smarkets,1.03,2026-09-29T20:11:50.324947+00:00,2026-09-29T20:11:51.841749+00:00,1908.1,-0.0046268169999999186,MULTI_RESEARCH_ELIGIBLE,tennis_predictions/price_snapshots.csv
11a9ddf0823974b5,c2b11109982ea171,sport888,1.05,2026-09-29T20:11:50.324947+00:00,2026-09-29T20:11:51.841749+00:00,1908.1,0.015292250000000097,MULTI_RESEARCH_ELIGIBLE,tennis_predictions/price_snapshots.csv
83b485c2df5bbf0a,c2b11109982ea171,unibet_uk,1.04,2026-09-29T20:11:50.324947+00:00,2026-09-29T20:11:51.841749+00:00,1908.1,0.005622800000000094,MULTI_RESEARCH_ELIGIBLE,tennis_predictions/price_snapshots.csv
6031c276f06cfebe,c2b11109982ea171,williamhill,1.05,2026-09-29T20:11:50.324947+00:00,2026-09-29T20:11:51.841749+00:00,1908.1,0.015292250000000097,MULTI_RESEARCH_ELIGIBLE,tennis_predictions/price_snapshots.csv
2c67631812de18bf,21bcb59acd9670f6,betfair_ex_uk,1.02,2026-09-29T20:11:50.324947+00:00,2026-09-29T20:11:51.841749+00:00,1908.1,0.0012286400000000065,MULTI_RESEARCH_ELIGIBLE,unified_ledger.live_price
e88b4e748c6963aa,21bcb59acd9670f6,betano_uk,1.04,2026-09-29T20:11:50.324947+00:00,2026-09-29T20:11:51.841749+00:00,1908.1,0.021862400000000025,MULTI_RESEARCH_ELIGIBLE,tennis_predictions/price_snapshots.csv
2ee1956e62d52cda,21bcb59acd9670f6,betvictor,1.04,2026-09-29T20:11:50.324947+00:00,2026-09-29T20:11:51.841749+00:00,1908.1,0.021862400000000025,MULTI_RESEARCH_ELIGIBLE,tennis_predictions/price_snapshots.csv
61417906d24c36c4,21bcb59acd9670f6,boylesports,1.05,2026-09-29T20:11:50.324947+00:00,2026-09-29T20:11:51.841749+00:00,1908.1,0.03168800000000003,MULTI_RESEARCH_ELIGIBLE,tennis_predictions/price_snapshots.csv
1dec7469cd001284,21bcb59acd9670f6,leovegas,1.02,2026-09-29T20:11:50.324947+00:00,2026-09-29T20:11:51.841749+00:00,1908.1,0.002211200000000007,MULTI_RESEARCH_ELIGIBLE,tennis_predictions/price_snapshots.csv
a1bcd77c33e235d0,21bcb59acd9670f6,paddypower,1.05,2026-09-29T20:11:50.324947+00:00,2026-09-29T20:11:51.841749+00:00,1908.1,0.03168800000000003,MULTI_RESEARCH_ELIGIBLE,tennis_predictions/price_snapshots.csv
7e43676d54aeb628,21bcb59acd9670f6,skybet,1.05,2026-09-29T20:11:50.324947+00:00,2026-09-29T20:11:51.841749+00:00,1908.1,0.03168800000000003,MULTI_RESEARCH_ELIGIBLE,tennis_predictions/price_snapshots.csv
26794de4c4c027c9,21bcb59acd9670f6,smarkets,1.02,2026-09-29T20:11:50.324947+00:00,2026-09-29T20:11:51.841749+00:00,1908.1,0.0018181760000000047,MULTI_RESEARCH_ELIGIBLE,tennis_predictions/price_snapshots.csv
e0c3e3f740867a11,21bcb59acd9670f6,sport888,1.05,2026-09-29T20:11:50.324947+00:00,2026-09-29T20:11:51.841749+00:00,1908.1,0.03168800000000003,MULTI_RESEARCH_ELIGIBLE,tennis_predictions/price_snapshots.csv
3888d033a00d360d,21bcb59acd9670f6,unibet_uk,1.03,2026-09-29T20:11:50.324947+00:00,2026-09-29T20:11:51.841749+00:00,1908.1,0.012036800000000014,MULTI_RESEARCH_ELIGIBLE,tennis_predictions/price_snapshots.csv
